uuid;name;address;pc;secret_load_pc;transmitter;n_instr;n_dependent_loads;contains_spec_stop;bbls;transmission_expr;transmission_size;transmission_branches;transmission_constraints;transmission_requirements_regs;transmission_requirements_indirect_regs;transmission_requirements_direct_regs;transmission_requirements_mem;transmission_requirements_const_mem;transmission_range_min;transmission_range_max;transmission_range_window;transmission_range_stride;transmission_range_and_mask;transmission_range_or_mask;transmission_range_exact;transmission_range_w_branches_min;transmission_range_w_branches_max;transmission_range_w_branches_window;transmission_range_w_branches_stride;transmission_range_w_branches_and_mask;transmission_range_w_branches_or_mask;transmission_range_w_branches_exact;transmission_control;transmission_n_dependent_loads;base_expr;base_size;base_branches;base_constraints;base_requirements_regs;base_requirements_indirect_regs;base_requirements_direct_regs;base_requirements_mem;base_requirements_const_mem;base_range_min;base_range_max;base_range_window;base_range_stride;base_range_and_mask;base_range_or_mask;base_range_exact;base_range_w_branches_min;base_range_w_branches_max;base_range_w_branches_window;base_range_w_branches_stride;base_range_w_branches_and_mask;base_range_w_branches_or_mask;base_range_w_branches_exact;base_control;base_n_dependent_loads;independent_base_expr;independent_base_size;independent_base_branches;independent_base_constraints;independent_base_requirements_regs;independent_base_requirements_indirect_regs;independent_base_requirements_direct_regs;independent_base_requirements_mem;independent_base_requirements_const_mem;independent_base_range_min;independent_base_range_max;independent_base_range_window;independent_base_range_stride;independent_base_range_and_mask;independent_base_range_or_mask;independent_base_range_exact;independent_base_range_w_branches_min;independent_base_range_w_branches_max;independent_base_range_w_branches_window;independent_base_range_w_branches_stride;independent_base_range_w_branches_and_mask;independent_base_range_w_branches_or_mask;independent_base_range_w_branches_exact;independent_base_control;independent_base_n_dependent_loads;transmitted_secret_expr;transmitted_secret_size;transmitted_secret_branches;transmitted_secret_constraints;transmitted_secret_requirements_regs;transmitted_secret_requirements_indirect_regs;transmitted_secret_requirements_direct_regs;transmitted_secret_requirements_mem;transmitted_secret_requirements_const_mem;transmitted_secret_range_min;transmitted_secret_range_max;transmitted_secret_range_window;transmitted_secret_range_stride;transmitted_secret_range_and_mask;transmitted_secret_range_or_mask;transmitted_secret_range_exact;transmitted_secret_range_w_branches_min;transmitted_secret_range_w_branches_max;transmitted_secret_range_w_branches_window;transmitted_secret_range_w_branches_stride;transmitted_secret_range_w_branches_and_mask;transmitted_secret_range_w_branches_or_mask;transmitted_secret_range_w_branches_exact;transmitted_secret_control;transmitted_secret_n_dependent_loads;secret_address_expr;secret_address_size;secret_address_branches;secret_address_constraints;secret_address_requirements_regs;secret_address_requirements_indirect_regs;secret_address_requirements_direct_regs;secret_address_requirements_mem;secret_address_requirements_const_mem;secret_address_range_min;secret_address_range_max;secret_address_range_window;secret_address_range_stride;secret_address_range_and_mask;secret_address_range_or_mask;secret_address_range_exact;secret_address_range_w_branches_min;secret_address_range_w_branches_max;secret_address_range_w_branches_window;secret_address_range_w_branches_stride;secret_address_range_w_branches_and_mask;secret_address_range_w_branches_or_mask;secret_address_range_w_branches_exact;secret_address_control;secret_address_n_dependent_loads;secret_val_expr;secret_val_size;secret_val_branches;secret_val_constraints;secret_val_requirements_regs;secret_val_requirements_indirect_regs;secret_val_requirements_direct_regs;secret_val_requirements_mem;secret_val_requirements_const_mem;secret_val_range_min;secret_val_range_max;secret_val_range_window;secret_val_range_stride;secret_val_range_and_mask;secret_val_range_or_mask;secret_val_range_exact;secret_val_range_w_branches_min;secret_val_range_w_branches_max;secret_val_range_w_branches_window;secret_val_range_w_branches_stride;secret_val_range_w_branches_and_mask;secret_val_range_w_branches_or_mask;secret_val_range_w_branches_exact;secret_val_control;secret_val_n_dependent_loads;branches;branch_requirements;constraints;constraint_requirements;all_requirements;all_requirements_w_branches;inferable_bits_spread_high;inferable_bits_spread_low;inferable_bits_spread_total;inferable_bits_n_inferable_bits;aliases;deps;direct_dependent_base_expr;indirect_dependent_base_expr;base_control_type;base_control_w_constraints;base_control_w_branches_and_constraints;n_branches;branch_control_type;cmove_control_type;pc_as_int;is_secret_inferable;has_valid_base;has_valid_secret_address;is_cmove_independent_from_secret;has_no_speculation_stop;is_secret_below_cache_granularity;can_perform_sliding;is_secret_entropy_high;can_perform_known_prefix;is_max_secret_too_high;can_adjust_base;base_has_indirect_secret_dependency;leak_secret_near_valid_base;base_has_direct_secret_dependency;can_ignore_direct_dependency;is_branch_dependent_from_secret;perform_training;is_branch_dependent_from_uncontrolled;perform_out_of_place_training;exploitable;required_solutions;fail_reasons;is_secret_inferable_w_branches;has_valid_base_w_branches;has_valid_secret_address_w_branches;is_cmove_independent_from_secret_w_branches;has_no_speculation_stop_w_branches;is_secret_below_cache_granularity_w_branches;can_perform_sliding_w_branches;is_secret_entropy_high_w_branches;can_perform_known_prefix_w_branches;is_max_secret_too_high_w_branches;can_adjust_base_w_branches;base_has_indirect_secret_dependency_w_branches;leak_secret_near_valid_base_w_branches;base_has_direct_secret_dependency_w_branches;can_ignore_direct_dependency_w_branches;is_branch_dependent_from_secret_w_branches;perform_training_w_branches;is_branch_dependent_from_uncontrolled_w_branches;perform_out_of_place_training_w_branches;exploitable_w_branches;required_solutions_w_branches;fail_reasons_w_branches
5b76e29c-4e7d-46c0-a665-4f3f53a304d3;MD2Init@@LIBMD_0.0;0x1b80;0x1b94;0x0;TransmitterType.STORE;6;0;False;['0x1b80'];<BV64 x0>;64;[];[];['<BV64 x0>'];[];['<BV64 x0>'];[];[];0;18446744073709551615;18446744073709551615;1;;;True;0;18446744073709551615;18446744073709551615;1;;;True;ControlType.CONTROLLED;0;;0;[];[];[];[];[];[];[];0.0;0.0;0.0;0.0;;;False;0.0;0.0;0.0;0.0;;;False;ControlType.UNKNOWN;0;;0;[];[];[];[];[];[];[];0;0;0;;;;False;0.0;0.0;0.0;0.0;;;False;ControlType.UNKNOWN;0;<BV64 x0>;64;[];[];['<BV64 x0>'];[];['<BV64 x0>'];[];[];0.0;1.8446744073709552e+19;18446744073709551615;1;;;True;0.0;1.8446744073709552e+19;18446744073709551615;1;;;True;ControlType.CONTROLLED;0;<BV64 x0>;64;[];[];['<BV64 x0>'];[];['<BV64 x0>'];[];[];0.0;1.8446744073709552e+19;1.8446744073709552e+19;1.0;;;True;0.0;1.8446744073709552e+19;1.8446744073709552e+19;1.0;;;True;ControlType.CONTROLLED;0;<BV64 x0>;64;[];[];[];[];[];[];[];0;0;0;;;;False;0;0;0;;;;False;ControlType.UNKNOWN;0;[];{'regs': [], 'indirect_regs': [], 'direct_regs': [], 'mem': [], 'const_mem': []};[];{'regs': [], 'indirect_regs': [], 'direct_regs': [], 'mem': [], 'const_mem': []};{'regs': ['<BV64 x0>'], 'indirect_regs': [], 'direct_regs': ['<BV64 x0>'], 'mem': [], 'const_mem': []};{'regs': ['<BV64 x0>'], 'indirect_regs': [], 'direct_regs': ['<BV64 x0>'], 'mem': [], 'const_mem': []};63.0;0.0;64.0;64.0;[];;;;BaseControlType.NO_BASE;BaseControlType.NO_BASE;BaseControlType.NO_BASE;0;BranchControlType.BRANCH_INDEPENDENT_FROM_SECRET;BranchControlType.BRANCH_INDEPENDENT_FROM_SECRET;7060;True;False;True;True;True;False;False;True;True;False;False;False;True;False;True;False;True;False;True;False;[];['has_valid_base'];True;False;True;True;True;False;False;True;True;False;False;False;True;False;True;False;True;False;True;False;[];['has_valid_base']
3bdd0e49-ca67-4533-bba4-eb1421f9ffd0;MD2Transform@@LIBMD_0.0;0x1bc0;0x1bd8;0x0;TransmitterType.LOAD;7;0;False;['0x1bc0'];<BV64 0x13 + x0>;64;[];[];['<BV64 x0>'];[];['<BV64 x0>'];[];[];0;18446744073709551615;18446744073709551615;1;;;True;0;18446744073709551615;18446744073709551615;1;;;True;ControlType.CONTROLLED;0;<BV64 0x13>;64;[];[];[];[];[];[];[];19.0;19.0;0.0;1.0;;;True;19.0;19.0;0.0;1.0;;;True;ControlType.NO_CONTROL;0;<BV64 0x13>;64;[];[];[];[];[];[];[];19;19;0;1.0;;;True;19.0;19.0;0.0;1.0;;;True;ControlType.NO_CONTROL;0;<BV64 x0>;64;[];[];['<BV64 x0>'];[];['<BV64 x0>'];[];[];0.0;1.8446744073709552e+19;18446744073709551615;1;;;True;0.0;1.8446744073709552e+19;18446744073709551615;1;;;True;ControlType.CONTROLLED;0;<BV64 x0>;64;[];[];['<BV64 x0>'];[];['<BV64 x0>'];[];[];0.0;1.8446744073709552e+19;1.8446744073709552e+19;1.0;;;True;0.0;1.8446744073709552e+19;1.8446744073709552e+19;1.0;;;True;ControlType.CONTROLLED;0;<BV64 x0>;64;[];[];[];[];[];[];[];0;0;0;;;;False;0;0;0;;;;False;ControlType.UNKNOWN;0;[];{'regs': [], 'indirect_regs': [], 'direct_regs': [], 'mem': [], 'const_mem': []};[];{'regs': [], 'indirect_regs': [], 'direct_regs': [], 'mem': [], 'const_mem': []};{'regs': ['<BV64 x0>'], 'indirect_regs': [], 'direct_regs': ['<BV64 x0>'], 'mem': [], 'const_mem': []};{'regs': ['<BV64 x0>'], 'indirect_regs': [], 'direct_regs': ['<BV64 x0>'], 'mem': [], 'const_mem': []};63.0;0.0;64.0;64.0;[];;;;BaseControlType.CONSTANT_BASE;BaseControlType.CONSTANT_BASE;BaseControlType.CONSTANT_BASE;0;BranchControlType.BRANCH_INDEPENDENT_FROM_SECRET;BranchControlType.BRANCH_INDEPENDENT_FROM_SECRET;7128;True;False;True;True;True;False;False;True;True;False;False;False;True;False;True;False;True;False;True;False;[];['has_valid_base'];True;False;True;True;True;False;False;True;True;False;False;False;True;False;True;False;True;False;True;False;[];['has_valid_base']
5fe381fa-e3e8-4209-8ee8-afa8433475df;SHA512_256Transform@@LIBMD_0.1;0x6544;0x6588;0x0;TransmitterType.LOAD;18;0;False;['0x6544'];<BV64 x0>;64;[];[];['<BV64 x0>'];[];['<BV64 x0>'];[];[];0;18446744073709551615;18446744073709551615;1;;;True;0;18446744073709551615;18446744073709551615;1;;;True;ControlType.CONTROLLED;0;;0;[];[];[];[];[];[];[];0.0;0.0;0.0;0.0;;;False;0.0;0.0;0.0;0.0;;;False;ControlType.UNKNOWN;0;;0;[];[];[];[];[];[];[];0;0;0;;;;False;0.0;0.0;0.0;0.0;;;False;ControlType.UNKNOWN;0;<BV64 x0>;64;[];[];['<BV64 x0>'];[];['<BV64 x0>'];[];[];0.0;1.8446744073709552e+19;18446744073709551615;1;;;True;0.0;1.8446744073709552e+19;18446744073709551615;1;;;True;ControlType.CONTROLLED;0;<BV64 x0>;64;[];[];['<BV64 x0>'];[];['<BV64 x0>'];[];[];0.0;1.8446744073709552e+19;1.8446744073709552e+19;1.0;;;True;0.0;1.8446744073709552e+19;1.8446744073709552e+19;1.0;;;True;ControlType.CONTROLLED;0;<BV64 x0>;64;[];[];[];[];[];[];[];0;0;0;;;;False;0;0;0;;;;False;ControlType.UNKNOWN;0;[];{'regs': [], 'indirect_regs': [], 'direct_regs': [], 'mem': [], 'const_mem': []};[];{'regs': [], 'indirect_regs': [], 'direct_regs': [], 'mem': [], 'const_mem': []};{'regs': ['<BV64 x0>'], 'indirect_regs': [], 'direct_regs': ['<BV64 x0>'], 'mem': [], 'const_mem': []};{'regs': ['<BV64 x0>'], 'indirect_regs': [], 'direct_regs': ['<BV64 x0>'], 'mem': [], 'const_mem': []};63.0;0.0;64.0;64.0;[];;;;BaseControlType.NO_BASE;BaseControlType.NO_BASE;BaseControlType.NO_BASE;0;BranchControlType.BRANCH_INDEPENDENT_FROM_SECRET;BranchControlType.BRANCH_INDEPENDENT_FROM_SECRET;25992;True;False;True;True;True;False;False;True;True;False;False;False;True;False;True;False;True;False;True;False;[];['has_valid_base'];True;False;True;True;True;False;False;True;True;False;False;False;True;False;True;False;True;False;True;False;[];['has_valid_base']
87930895-77d3-4539-b563-1f3eff30153f;MD5Pad@@LIBMD_0.0;0x3208;0x322c;0x0;TransmitterType.LOAD;10;0;False;['0x3208'];<BV64 0x10 + x0>;64;[];[];['<BV64 x0>'];[];['<BV64 x0>'];[];[];0;18446744073709551615;18446744073709551615;1;;;True;0;18446744073709551615;18446744073709551615;1;;;True;ControlType.CONTROLLED;0;<BV64 0x10>;64;[];[];[];[];[];[];[];16.0;16.0;0.0;1.0;;;True;16.0;16.0;0.0;1.0;;;True;ControlType.NO_CONTROL;0;<BV64 0x10>;64;[];[];[];[];[];[];[];16;16;0;1.0;;;True;16.0;16.0;0.0;1.0;;;True;ControlType.NO_CONTROL;0;<BV64 x0>;64;[];[];['<BV64 x0>'];[];['<BV64 x0>'];[];[];0.0;1.8446744073709552e+19;18446744073709551615;1;;;True;0.0;1.8446744073709552e+19;18446744073709551615;1;;;True;ControlType.CONTROLLED;0;<BV64 x0>;64;[];[];['<BV64 x0>'];[];['<BV64 x0>'];[];[];0.0;1.8446744073709552e+19;1.8446744073709552e+19;1.0;;;True;0.0;1.8446744073709552e+19;1.8446744073709552e+19;1.0;;;True;ControlType.CONTROLLED;0;<BV64 x0>;64;[];[];[];[];[];[];[];0;0;0;;;;False;0;0;0;;;;False;ControlType.UNKNOWN;0;[];{'regs': [], 'indirect_regs': [], 'direct_regs': [], 'mem': [], 'const_mem': []};[];{'regs': [], 'indirect_regs': [], 'direct_regs': [], 'mem': [], 'const_mem': []};{'regs': ['<BV64 x0>'], 'indirect_regs': [], 'direct_regs': ['<BV64 x0>'], 'mem': [], 'const_mem': []};{'regs': ['<BV64 x0>'], 'indirect_regs': [], 'direct_regs': ['<BV64 x0>'], 'mem': [], 'const_mem': []};63.0;0.0;64.0;64.0;[];;;;BaseControlType.CONSTANT_BASE;BaseControlType.CONSTANT_BASE;BaseControlType.CONSTANT_BASE;0;BranchControlType.BRANCH_INDEPENDENT_FROM_SECRET;BranchControlType.BRANCH_INDEPENDENT_FROM_SECRET;12844;True;False;True;True;True;False;False;True;True;False;False;False;True;False;True;False;True;False;True;False;[];['has_valid_base'];True;False;True;True;True;False;False;True;True;False;False;False;True;False;True;False;True;False;True;False;[];['has_valid_base']
0fbf8283-3271-45f0-b1fe-f879e48b1a6f;SHA384Init@@LIBMD_0.0;0x6b60;0x6b88;0x0;TransmitterType.STORE;12;0;False;['0x6b60'];<BV64 0x50 + x0>;64;[];[];['<BV64 x0>'];[];['<BV64 x0>'];[];[];0;18446744073709551615;18446744073709551615;1;;;True;0;18446744073709551615;18446744073709551615;1;;;True;ControlType.CONTROLLED;0;<BV64 0x50>;64;[];[];[];[];[];[];[];80.0;80.0;0.0;1.0;;;True;80.0;80.0;0.0;1.0;;;True;ControlType.NO_CONTROL;0;<BV64 0x50>;64;[];[];[];[];[];[];[];80;80;0;1.0;;;True;80.0;80.0;0.0;1.0;;;True;ControlType.NO_CONTROL;0;<BV64 x0>;64;[];[];['<BV64 x0>'];[];['<BV64 x0>'];[];[];0.0;1.8446744073709552e+19;18446744073709551615;1;;;True;0.0;1.8446744073709552e+19;18446744073709551615;1;;;True;ControlType.CONTROLLED;0;<BV64 x0>;64;[];[];['<BV64 x0>'];[];['<BV64 x0>'];[];[];0.0;1.8446744073709552e+19;1.8446744073709552e+19;1.0;;;True;0.0;1.8446744073709552e+19;1.8446744073709552e+19;1.0;;;True;ControlType.CONTROLLED;0;<BV64 x0>;64;[];[];[];[];[];[];[];0;0;0;;;;False;0;0;0;;;;False;ControlType.UNKNOWN;0;[];{'regs': [], 'indirect_regs': [], 'direct_regs': [], 'mem': [], 'const_mem': []};[];{'regs': [], 'indirect_regs': [], 'direct_regs': [], 'mem': [], 'const_mem': []};{'regs': ['<BV64 x0>'], 'indirect_regs': [], 'direct_regs': ['<BV64 x0>'], 'mem': [], 'const_mem': []};{'regs': ['<BV64 x0>'], 'indirect_regs': [], 'direct_regs': ['<BV64 x0>'], 'mem': [], 'const_mem': []};63.0;0.0;64.0;64.0;[];;;;BaseControlType.CONSTANT_BASE;BaseControlType.CONSTANT_BASE;BaseControlType.CONSTANT_BASE;0;BranchControlType.BRANCH_INDEPENDENT_FROM_SECRET;BranchControlType.BRANCH_INDEPENDENT_FROM_SECRET;27528;True;False;True;True;True;False;False;True;True;False;False;False;True;False;True;False;True;False;True;False;[];['has_valid_base'];True;False;True;True;True;False;False;True;True;False;False;False;True;False;True;False;True;False;True;False;[];['has_valid_base']
4194adef-f372-4f10-88c7-cc6e53051b78;SHA224Init@@LIBMD_0.1;0x5e68;0x5e8c;0x0;TransmitterType.STORE;11;0;False;['0x5e68'];<BV64 0x50 + x0>;64;[];[];['<BV64 x0>'];[];['<BV64 x0>'];[];[];0;18446744073709551615;18446744073709551615;1;;;True;0;18446744073709551615;18446744073709551615;1;;;True;ControlType.CONTROLLED;0;<BV64 0x50>;64;[];[];[];[];[];[];[];80.0;80.0;0.0;1.0;;;True;80.0;80.0;0.0;1.0;;;True;ControlType.NO_CONTROL;0;<BV64 0x50>;64;[];[];[];[];[];[];[];80;80;0;1.0;;;True;80.0;80.0;0.0;1.0;;;True;ControlType.NO_CONTROL;0;<BV64 x0>;64;[];[];['<BV64 x0>'];[];['<BV64 x0>'];[];[];0.0;1.8446744073709552e+19;18446744073709551615;1;;;True;0.0;1.8446744073709552e+19;18446744073709551615;1;;;True;ControlType.CONTROLLED;0;<BV64 x0>;64;[];[];['<BV64 x0>'];[];['<BV64 x0>'];[];[];0.0;1.8446744073709552e+19;1.8446744073709552e+19;1.0;;;True;0.0;1.8446744073709552e+19;1.8446744073709552e+19;1.0;;;True;ControlType.CONTROLLED;0;<BV64 x0>;64;[];[];[];[];[];[];[];0;0;0;;;;False;0;0;0;;;;False;ControlType.UNKNOWN;0;[];{'regs': [], 'indirect_regs': [], 'direct_regs': [], 'mem': [], 'const_mem': []};[];{'regs': [], 'indirect_regs': [], 'direct_regs': [], 'mem': [], 'const_mem': []};{'regs': ['<BV64 x0>'], 'indirect_regs': [], 'direct_regs': ['<BV64 x0>'], 'mem': [], 'const_mem': []};{'regs': ['<BV64 x0>'], 'indirect_regs': [], 'direct_regs': ['<BV64 x0>'], 'mem': [], 'const_mem': []};63.0;0.0;64.0;64.0;[];;;;BaseControlType.CONSTANT_BASE;BaseControlType.CONSTANT_BASE;BaseControlType.CONSTANT_BASE;0;BranchControlType.BRANCH_INDEPENDENT_FROM_SECRET;BranchControlType.BRANCH_INDEPENDENT_FROM_SECRET;24204;True;False;True;True;True;False;False;True;True;False;False;False;True;False;True;False;True;False;True;False;[];['has_valid_base'];True;False;True;True;True;False;False;True;True;False;False;False;True;False;True;False;True;False;True;False;[];['has_valid_base']
15a6ef95-b19a-43ee-8383-c4e7136521ec;SHA256Pad@@LIBMD_0.0;0x6260;0x6274;0x0;TransmitterType.LOAD;6;0;False;['0x6260'];<BV64 0x40 + x0>;64;[];[];['<BV64 x0>'];[];['<BV64 x0>'];[];[];0;18446744073709551615;18446744073709551615;1;;;True;0;18446744073709551615;18446744073709551615;1;;;True;ControlType.CONTROLLED;0;<BV64 0x40>;64;[];[];[];[];[];[];[];64.0;64.0;0.0;1.0;;;True;64.0;64.0;0.0;1.0;;;True;ControlType.NO_CONTROL;0;<BV64 0x40>;64;[];[];[];[];[];[];[];64;64;0;1.0;;;True;64.0;64.0;0.0;1.0;;;True;ControlType.NO_CONTROL;0;<BV64 x0>;64;[];[];['<BV64 x0>'];[];['<BV64 x0>'];[];[];0.0;1.8446744073709552e+19;18446744073709551615;1;;;True;0.0;1.8446744073709552e+19;18446744073709551615;1;;;True;ControlType.CONTROLLED;0;<BV64 x0>;64;[];[];['<BV64 x0>'];[];['<BV64 x0>'];[];[];0.0;1.8446744073709552e+19;1.8446744073709552e+19;1.0;;;True;0.0;1.8446744073709552e+19;1.8446744073709552e+19;1.0;;;True;ControlType.CONTROLLED;0;<BV64 x0>;64;[];[];[];[];[];[];[];0;0;0;;;;False;0;0;0;;;;False;ControlType.UNKNOWN;0;[];{'regs': [], 'indirect_regs': [], 'direct_regs': [], 'mem': [], 'const_mem': []};[];{'regs': [], 'indirect_regs': [], 'direct_regs': [], 'mem': [], 'const_mem': []};{'regs': ['<BV64 x0>'], 'indirect_regs': [], 'direct_regs': ['<BV64 x0>'], 'mem': [], 'const_mem': []};{'regs': ['<BV64 x0>'], 'indirect_regs': [], 'direct_regs': ['<BV64 x0>'], 'mem': [], 'const_mem': []};63.0;0.0;64.0;64.0;[];;;;BaseControlType.CONSTANT_BASE;BaseControlType.CONSTANT_BASE;BaseControlType.CONSTANT_BASE;0;BranchControlType.BRANCH_INDEPENDENT_FROM_SECRET;BranchControlType.BRANCH_INDEPENDENT_FROM_SECRET;25204;True;False;True;True;True;False;False;True;True;False;False;False;True;False;True;False;True;False;True;False;[];['has_valid_base'];True;False;True;True;True;False;False;True;True;False;False;False;True;False;True;False;True;False;True;False;[];['has_valid_base']
3b701dfc-465f-4c4a-9ab6-2bc77e16913e;SHA512Transform@@LIBMD_0.0;0x6544;0x6588;0x0;TransmitterType.LOAD;18;0;False;['0x6544'];<BV64 x0>;64;[];[];['<BV64 x0>'];[];['<BV64 x0>'];[];[];0;18446744073709551615;18446744073709551615;1;;;True;0;18446744073709551615;18446744073709551615;1;;;True;ControlType.CONTROLLED;0;;0;[];[];[];[];[];[];[];0.0;0.0;0.0;0.0;;;False;0.0;0.0;0.0;0.0;;;False;ControlType.UNKNOWN;0;;0;[];[];[];[];[];[];[];0;0;0;;;;False;0.0;0.0;0.0;0.0;;;False;ControlType.UNKNOWN;0;<BV64 x0>;64;[];[];['<BV64 x0>'];[];['<BV64 x0>'];[];[];0.0;1.8446744073709552e+19;18446744073709551615;1;;;True;0.0;1.8446744073709552e+19;18446744073709551615;1;;;True;ControlType.CONTROLLED;0;<BV64 x0>;64;[];[];['<BV64 x0>'];[];['<BV64 x0>'];[];[];0.0;1.8446744073709552e+19;1.8446744073709552e+19;1.0;;;True;0.0;1.8446744073709552e+19;1.8446744073709552e+19;1.0;;;True;ControlType.CONTROLLED;0;<BV64 x0>;64;[];[];[];[];[];[];[];0;0;0;;;;False;0;0;0;;;;False;ControlType.UNKNOWN;0;[];{'regs': [], 'indirect_regs': [], 'direct_regs': [], 'mem': [], 'const_mem': []};[];{'regs': [], 'indirect_regs': [], 'direct_regs': [], 'mem': [], 'const_mem': []};{'regs': ['<BV64 x0>'], 'indirect_regs': [], 'direct_regs': ['<BV64 x0>'], 'mem': [], 'const_mem': []};{'regs': ['<BV64 x0>'], 'indirect_regs': [], 'direct_regs': ['<BV64 x0>'], 'mem': [], 'const_mem': []};63.0;0.0;64.0;64.0;[];;;;BaseControlType.NO_BASE;BaseControlType.NO_BASE;BaseControlType.NO_BASE;0;BranchControlType.BRANCH_INDEPENDENT_FROM_SECRET;BranchControlType.BRANCH_INDEPENDENT_FROM_SECRET;25992;True;False;True;True;True;False;False;True;True;False;False;False;True;False;True;False;True;False;True;False;[];['has_valid_base'];True;False;True;True;True;False;False;True;True;False;False;False;True;False;True;False;True;False;True;False;[];['has_valid_base']
5bb537ea-0054-44fa-9c5b-7d0e93a6cdec;MD5Init@@LIBMD_0.0;0x2660;0x267c;0x0;TransmitterType.STORE;9;0;False;['0x2660'];<BV64 0x10 + x0>;64;[];[];['<BV64 x0>'];[];['<BV64 x0>'];[];[];0;18446744073709551615;18446744073709551615;1;;;True;0;18446744073709551615;18446744073709551615;1;;;True;ControlType.CONTROLLED;0;<BV64 0x10>;64;[];[];[];[];[];[];[];16.0;16.0;0.0;1.0;;;True;16.0;16.0;0.0;1.0;;;True;ControlType.NO_CONTROL;0;<BV64 0x10>;64;[];[];[];[];[];[];[];16;16;0;1.0;;;True;16.0;16.0;0.0;1.0;;;True;ControlType.NO_CONTROL;0;<BV64 x0>;64;[];[];['<BV64 x0>'];[];['<BV64 x0>'];[];[];0.0;1.8446744073709552e+19;18446744073709551615;1;;;True;0.0;1.8446744073709552e+19;18446744073709551615;1;;;True;ControlType.CONTROLLED;0;<BV64 x0>;64;[];[];['<BV64 x0>'];[];['<BV64 x0>'];[];[];0.0;1.8446744073709552e+19;1.8446744073709552e+19;1.0;;;True;0.0;1.8446744073709552e+19;1.8446744073709552e+19;1.0;;;True;ControlType.CONTROLLED;0;<BV64 x0>;64;[];[];[];[];[];[];[];0;0;0;;;;False;0;0;0;;;;False;ControlType.UNKNOWN;0;[];{'regs': [], 'indirect_regs': [], 'direct_regs': [], 'mem': [], 'const_mem': []};[];{'regs': [], 'indirect_regs': [], 'direct_regs': [], 'mem': [], 'const_mem': []};{'regs': ['<BV64 x0>'], 'indirect_regs': [], 'direct_regs': ['<BV64 x0>'], 'mem': [], 'const_mem': []};{'regs': ['<BV64 x0>'], 'indirect_regs': [], 'direct_regs': ['<BV64 x0>'], 'mem': [], 'const_mem': []};63.0;0.0;64.0;64.0;[];;;;BaseControlType.CONSTANT_BASE;BaseControlType.CONSTANT_BASE;BaseControlType.CONSTANT_BASE;0;BranchControlType.BRANCH_INDEPENDENT_FROM_SECRET;BranchControlType.BRANCH_INDEPENDENT_FROM_SECRET;9852;True;False;True;True;True;False;False;True;True;False;False;False;True;False;True;False;True;False;True;False;[];['has_valid_base'];True;False;True;True;True;False;False;True;True;False;False;False;True;False;True;False;True;False;True;False;[];['has_valid_base']
07046eb8-f7d3-4101-94a0-61eaae56a19f;MD4Update@@LIBMD_0.0;0x2420;0x2448;0x0;TransmitterType.LOAD;11;0;False;['0x2420'];<BV64 0x10 + x0>;64;[];[];['<BV64 x0>'];[];['<BV64 x0>'];[];[];0;18446744073709551615;18446744073709551615;1;;;True;0;18446744073709551615;18446744073709551615;1;;;True;ControlType.CONTROLLED;0;<BV64 0x10>;64;[];[];[];[];[];[];[];16.0;16.0;0.0;1.0;;;True;16.0;16.0;0.0;1.0;;;True;ControlType.NO_CONTROL;0;<BV64 0x10>;64;[];[];[];[];[];[];[];16;16;0;1.0;;;True;16.0;16.0;0.0;1.0;;;True;ControlType.NO_CONTROL;0;<BV64 x0>;64;[];[];['<BV64 x0>'];[];['<BV64 x0>'];[];[];0.0;1.8446744073709552e+19;18446744073709551615;1;;;True;0.0;1.8446744073709552e+19;18446744073709551615;1;;;True;ControlType.CONTROLLED;0;<BV64 x0>;64;[];[];['<BV64 x0>'];[];['<BV64 x0>'];[];[];0.0;1.8446744073709552e+19;1.8446744073709552e+19;1.0;;;True;0.0;1.8446744073709552e+19;1.8446744073709552e+19;1.0;;;True;ControlType.CONTROLLED;0;<BV64 x0>;64;[];[];[];[];[];[];[];0;0;0;;;;False;0;0;0;;;;False;ControlType.UNKNOWN;0;[];{'regs': [], 'indirect_regs': [], 'direct_regs': [], 'mem': [], 'const_mem': []};[];{'regs': [], 'indirect_regs': [], 'direct_regs': [], 'mem': [], 'const_mem': []};{'regs': ['<BV64 x0>'], 'indirect_regs': [], 'direct_regs': ['<BV64 x0>'], 'mem': [], 'const_mem': []};{'regs': ['<BV64 x0>'], 'indirect_regs': [], 'direct_regs': ['<BV64 x0>'], 'mem': [], 'const_mem': []};63.0;0.0;64.0;64.0;[];;;;BaseControlType.CONSTANT_BASE;BaseControlType.CONSTANT_BASE;BaseControlType.CONSTANT_BASE;0;BranchControlType.BRANCH_INDEPENDENT_FROM_SECRET;BranchControlType.BRANCH_INDEPENDENT_FROM_SECRET;9288;True;False;True;True;True;False;False;True;True;False;False;False;True;False;True;False;True;False;True;False;[];['has_valid_base'];True;False;True;True;True;False;False;True;True;False;False;False;True;False;True;False;True;False;True;False;[];['has_valid_base']
2a8d073b-9925-4bc6-b40b-a5171df57008;SHA224Pad@@LIBMD_0.1;0x6260;0x6274;0x0;TransmitterType.LOAD;6;0;False;['0x6260'];<BV64 0x40 + x0>;64;[];[];['<BV64 x0>'];[];['<BV64 x0>'];[];[];0;18446744073709551615;18446744073709551615;1;;;True;0;18446744073709551615;18446744073709551615;1;;;True;ControlType.CONTROLLED;0;<BV64 0x40>;64;[];[];[];[];[];[];[];64.0;64.0;0.0;1.0;;;True;64.0;64.0;0.0;1.0;;;True;ControlType.NO_CONTROL;0;<BV64 0x40>;64;[];[];[];[];[];[];[];64;64;0;1.0;;;True;64.0;64.0;0.0;1.0;;;True;ControlType.NO_CONTROL;0;<BV64 x0>;64;[];[];['<BV64 x0>'];[];['<BV64 x0>'];[];[];0.0;1.8446744073709552e+19;18446744073709551615;1;;;True;0.0;1.8446744073709552e+19;18446744073709551615;1;;;True;ControlType.CONTROLLED;0;<BV64 x0>;64;[];[];['<BV64 x0>'];[];['<BV64 x0>'];[];[];0.0;1.8446744073709552e+19;1.8446744073709552e+19;1.0;;;True;0.0;1.8446744073709552e+19;1.8446744073709552e+19;1.0;;;True;ControlType.CONTROLLED;0;<BV64 x0>;64;[];[];[];[];[];[];[];0;0;0;;;;False;0;0;0;;;;False;ControlType.UNKNOWN;0;[];{'regs': [], 'indirect_regs': [], 'direct_regs': [], 'mem': [], 'const_mem': []};[];{'regs': [], 'indirect_regs': [], 'direct_regs': [], 'mem': [], 'const_mem': []};{'regs': ['<BV64 x0>'], 'indirect_regs': [], 'direct_regs': ['<BV64 x0>'], 'mem': [], 'const_mem': []};{'regs': ['<BV64 x0>'], 'indirect_regs': [], 'direct_regs': ['<BV64 x0>'], 'mem': [], 'const_mem': []};63.0;0.0;64.0;64.0;[];;;;BaseControlType.CONSTANT_BASE;BaseControlType.CONSTANT_BASE;BaseControlType.CONSTANT_BASE;0;BranchControlType.BRANCH_INDEPENDENT_FROM_SECRET;BranchControlType.BRANCH_INDEPENDENT_FROM_SECRET;25204;True;False;True;True;True;False;False;True;True;False;False;False;True;False;True;False;True;False;True;False;[];['has_valid_base'];True;False;True;True;True;False;False;True;True;False;False;False;True;False;True;False;True;False;True;False;[];['has_valid_base']
120551d8-b091-41e2-bdc4-9e152c70ab95;SHA512Pad@@LIBMD_0.0;0x6920;0x6934;0x0;TransmitterType.LOAD;6;0;False;['0x6920'];<BV64 0x40 + x0>;64;[];[];['<BV64 x0>'];[];['<BV64 x0>'];[];[];0;18446744073709551615;18446744073709551615;1;;;True;0;18446744073709551615;18446744073709551615;1;;;True;ControlType.CONTROLLED;0;<BV64 0x40>;64;[];[];[];[];[];[];[];64.0;64.0;0.0;1.0;;;True;64.0;64.0;0.0;1.0;;;True;ControlType.NO_CONTROL;0;<BV64 0x40>;64;[];[];[];[];[];[];[];64;64;0;1.0;;;True;64.0;64.0;0.0;1.0;;;True;ControlType.NO_CONTROL;0;<BV64 x0>;64;[];[];['<BV64 x0>'];[];['<BV64 x0>'];[];[];0.0;1.8446744073709552e+19;18446744073709551615;1;;;True;0.0;1.8446744073709552e+19;18446744073709551615;1;;;True;ControlType.CONTROLLED;0;<BV64 x0>;64;[];[];['<BV64 x0>'];[];['<BV64 x0>'];[];[];0.0;1.8446744073709552e+19;1.8446744073709552e+19;1.0;;;True;0.0;1.8446744073709552e+19;1.8446744073709552e+19;1.0;;;True;ControlType.CONTROLLED;0;<BV64 x0>;64;[];[];[];[];[];[];[];0;0;0;;;;False;0;0;0;;;;False;ControlType.UNKNOWN;0;[];{'regs': [], 'indirect_regs': [], 'direct_regs': [], 'mem': [], 'const_mem': []};[];{'regs': [], 'indirect_regs': [], 'direct_regs': [], 'mem': [], 'const_mem': []};{'regs': ['<BV64 x0>'], 'indirect_regs': [], 'direct_regs': ['<BV64 x0>'], 'mem': [], 'const_mem': []};{'regs': ['<BV64 x0>'], 'indirect_regs': [], 'direct_regs': ['<BV64 x0>'], 'mem': [], 'const_mem': []};63.0;0.0;64.0;64.0;[];;;;BaseControlType.CONSTANT_BASE;BaseControlType.CONSTANT_BASE;BaseControlType.CONSTANT_BASE;0;BranchControlType.BRANCH_INDEPENDENT_FROM_SECRET;BranchControlType.BRANCH_INDEPENDENT_FROM_SECRET;26932;True;False;True;True;True;False;False;True;True;False;False;False;True;False;True;False;True;False;True;False;[];['has_valid_base'];True;False;True;True;True;False;False;True;True;False;False;False;True;False;True;False;True;False;True;False;[];['has_valid_base']
f0c64d99-a0b7-4fc6-bfd5-d20aa5c2b660;SHA512_256Pad@@LIBMD_0.1;0x6920;0x6934;0x0;TransmitterType.LOAD;6;0;False;['0x6920'];<BV64 0x40 + x0>;64;[];[];['<BV64 x0>'];[];['<BV64 x0>'];[];[];0;18446744073709551615;18446744073709551615;1;;;True;0;18446744073709551615;18446744073709551615;1;;;True;ControlType.CONTROLLED;0;<BV64 0x40>;64;[];[];[];[];[];[];[];64.0;64.0;0.0;1.0;;;True;64.0;64.0;0.0;1.0;;;True;ControlType.NO_CONTROL;0;<BV64 0x40>;64;[];[];[];[];[];[];[];64;64;0;1.0;;;True;64.0;64.0;0.0;1.0;;;True;ControlType.NO_CONTROL;0;<BV64 x0>;64;[];[];['<BV64 x0>'];[];['<BV64 x0>'];[];[];0.0;1.8446744073709552e+19;18446744073709551615;1;;;True;0.0;1.8446744073709552e+19;18446744073709551615;1;;;True;ControlType.CONTROLLED;0;<BV64 x0>;64;[];[];['<BV64 x0>'];[];['<BV64 x0>'];[];[];0.0;1.8446744073709552e+19;1.8446744073709552e+19;1.0;;;True;0.0;1.8446744073709552e+19;1.8446744073709552e+19;1.0;;;True;ControlType.CONTROLLED;0;<BV64 x0>;64;[];[];[];[];[];[];[];0;0;0;;;;False;0;0;0;;;;False;ControlType.UNKNOWN;0;[];{'regs': [], 'indirect_regs': [], 'direct_regs': [], 'mem': [], 'const_mem': []};[];{'regs': [], 'indirect_regs': [], 'direct_regs': [], 'mem': [], 'const_mem': []};{'regs': ['<BV64 x0>'], 'indirect_regs': [], 'direct_regs': ['<BV64 x0>'], 'mem': [], 'const_mem': []};{'regs': ['<BV64 x0>'], 'indirect_regs': [], 'direct_regs': ['<BV64 x0>'], 'mem': [], 'const_mem': []};63.0;0.0;64.0;64.0;[];;;;BaseControlType.CONSTANT_BASE;BaseControlType.CONSTANT_BASE;BaseControlType.CONSTANT_BASE;0;BranchControlType.BRANCH_INDEPENDENT_FROM_SECRET;BranchControlType.BRANCH_INDEPENDENT_FROM_SECRET;26932;True;False;True;True;True;False;False;True;True;False;False;False;True;False;True;False;True;False;True;False;[];['has_valid_base'];True;False;True;True;True;False;False;True;True;False;False;False;True;False;True;False;True;False;True;False;[];['has_valid_base']
192ef245-dc1c-4a0d-bdfd-2016ef3f0f75;RMD160Update@@LIBMD_0.0;0x49cc;0x49f4;0x0;TransmitterType.LOAD;11;0;False;['0x49cc'];<BV64 0x18 + x0>;64;[];[];['<BV64 x0>'];[];['<BV64 x0>'];[];[];0;18446744073709551615;18446744073709551615;1;;;True;0;18446744073709551615;18446744073709551615;1;;;True;ControlType.CONTROLLED;0;<BV64 0x18>;64;[];[];[];[];[];[];[];24.0;24.0;0.0;1.0;;;True;24.0;24.0;0.0;1.0;;;True;ControlType.NO_CONTROL;0;<BV64 0x18>;64;[];[];[];[];[];[];[];24;24;0;1.0;;;True;24.0;24.0;0.0;1.0;;;True;ControlType.NO_CONTROL;0;<BV64 x0>;64;[];[];['<BV64 x0>'];[];['<BV64 x0>'];[];[];0.0;1.8446744073709552e+19;18446744073709551615;1;;;True;0.0;1.8446744073709552e+19;18446744073709551615;1;;;True;ControlType.CONTROLLED;0;<BV64 x0>;64;[];[];['<BV64 x0>'];[];['<BV64 x0>'];[];[];0.0;1.8446744073709552e+19;1.8446744073709552e+19;1.0;;;True;0.0;1.8446744073709552e+19;1.8446744073709552e+19;1.0;;;True;ControlType.CONTROLLED;0;<BV64 x0>;64;[];[];[];[];[];[];[];0;0;0;;;;False;0;0;0;;;;False;ControlType.UNKNOWN;0;[];{'regs': [], 'indirect_regs': [], 'direct_regs': [], 'mem': [], 'const_mem': []};[];{'regs': [], 'indirect_regs': [], 'direct_regs': [], 'mem': [], 'const_mem': []};{'regs': ['<BV64 x0>'], 'indirect_regs': [], 'direct_regs': ['<BV64 x0>'], 'mem': [], 'const_mem': []};{'regs': ['<BV64 x0>'], 'indirect_regs': [], 'direct_regs': ['<BV64 x0>'], 'mem': [], 'const_mem': []};63.0;0.0;64.0;64.0;[];;;;BaseControlType.CONSTANT_BASE;BaseControlType.CONSTANT_BASE;BaseControlType.CONSTANT_BASE;0;BranchControlType.BRANCH_INDEPENDENT_FROM_SECRET;BranchControlType.BRANCH_INDEPENDENT_FROM_SECRET;18932;True;False;True;True;True;False;False;True;True;False;False;False;True;False;True;False;True;False;True;False;[];['has_valid_base'];True;False;True;True;True;False;False;True;True;False;False;False;True;False;True;False;True;False;True;False;[];['has_valid_base']
941f87e6-7f54-4d48-804f-fda84b3e4c24;SHA1Pad@@LIBMD_0.0;0x5d00;0x5d38;0x0;TransmitterType.LOAD;15;0;False;['0x5d00'];<BV64 0x18 + x0>;64;[];[];['<BV64 x0>'];[];['<BV64 x0>'];[];[];0;18446744073709551615;18446744073709551615;1;;;True;0;18446744073709551615;18446744073709551615;1;;;True;ControlType.CONTROLLED;0;<BV64 0x18>;64;[];[];[];[];[];[];[];24.0;24.0;0.0;1.0;;;True;24.0;24.0;0.0;1.0;;;True;ControlType.NO_CONTROL;0;<BV64 0x18>;64;[];[];[];[];[];[];[];24;24;0;1.0;;;True;24.0;24.0;0.0;1.0;;;True;ControlType.NO_CONTROL;0;<BV64 x0>;64;[];[];['<BV64 x0>'];[];['<BV64 x0>'];[];[];0.0;1.8446744073709552e+19;18446744073709551615;1;;;True;0.0;1.8446744073709552e+19;18446744073709551615;1;;;True;ControlType.CONTROLLED;0;<BV64 x0>;64;[];[];['<BV64 x0>'];[];['<BV64 x0>'];[];[];0.0;1.8446744073709552e+19;1.8446744073709552e+19;1.0;;;True;0.0;1.8446744073709552e+19;1.8446744073709552e+19;1.0;;;True;ControlType.CONTROLLED;0;<BV64 x0>;64;[];[];[];[];[];[];[];0;0;0;;;;False;0;0;0;;;;False;ControlType.UNKNOWN;0;[];{'regs': [], 'indirect_regs': [], 'direct_regs': [], 'mem': [], 'const_mem': []};[];{'regs': [], 'indirect_regs': [], 'direct_regs': [], 'mem': [], 'const_mem': []};{'regs': ['<BV64 x0>'], 'indirect_regs': [], 'direct_regs': ['<BV64 x0>'], 'mem': [], 'const_mem': []};{'regs': ['<BV64 x0>'], 'indirect_regs': [], 'direct_regs': ['<BV64 x0>'], 'mem': [], 'const_mem': []};63.0;0.0;64.0;64.0;[];;;;BaseControlType.CONSTANT_BASE;BaseControlType.CONSTANT_BASE;BaseControlType.CONSTANT_BASE;0;BranchControlType.BRANCH_INDEPENDENT_FROM_SECRET;BranchControlType.BRANCH_INDEPENDENT_FROM_SECRET;23864;True;False;True;True;True;False;False;True;True;False;False;False;True;False;True;False;True;False;True;False;[];['has_valid_base'];True;False;True;True;True;False;False;True;True;False;False;False;True;False;True;False;True;False;True;False;[];['has_valid_base']
3d5e8fe1-6bca-404d-a1d2-98979c5b2a93;RMD160Init@@LIBMD_0.0;0x3340;0x3364;0x0;TransmitterType.STORE;11;0;False;['0x3340'];<BV64 0x10 + x0>;64;[];[];['<BV64 x0>'];[];['<BV64 x0>'];[];[];0;18446744073709551615;18446744073709551615;1;;;True;0;18446744073709551615;18446744073709551615;1;;;True;ControlType.CONTROLLED;0;<BV64 0x10>;64;[];[];[];[];[];[];[];16.0;16.0;0.0;1.0;;;True;16.0;16.0;0.0;1.0;;;True;ControlType.NO_CONTROL;0;<BV64 0x10>;64;[];[];[];[];[];[];[];16;16;0;1.0;;;True;16.0;16.0;0.0;1.0;;;True;ControlType.NO_CONTROL;0;<BV64 x0>;64;[];[];['<BV64 x0>'];[];['<BV64 x0>'];[];[];0.0;1.8446744073709552e+19;18446744073709551615;1;;;True;0.0;1.8446744073709552e+19;18446744073709551615;1;;;True;ControlType.CONTROLLED;0;<BV64 x0>;64;[];[];['<BV64 x0>'];[];['<BV64 x0>'];[];[];0.0;1.8446744073709552e+19;1.8446744073709552e+19;1.0;;;True;0.0;1.8446744073709552e+19;1.8446744073709552e+19;1.0;;;True;ControlType.CONTROLLED;0;<BV64 x0>;64;[];[];[];[];[];[];[];0;0;0;;;;False;0;0;0;;;;False;ControlType.UNKNOWN;0;[];{'regs': [], 'indirect_regs': [], 'direct_regs': [], 'mem': [], 'const_mem': []};[];{'regs': [], 'indirect_regs': [], 'direct_regs': [], 'mem': [], 'const_mem': []};{'regs': ['<BV64 x0>'], 'indirect_regs': [], 'direct_regs': ['<BV64 x0>'], 'mem': [], 'const_mem': []};{'regs': ['<BV64 x0>'], 'indirect_regs': [], 'direct_regs': ['<BV64 x0>'], 'mem': [], 'const_mem': []};63.0;0.0;64.0;64.0;[];;;;BaseControlType.CONSTANT_BASE;BaseControlType.CONSTANT_BASE;BaseControlType.CONSTANT_BASE;0;BranchControlType.BRANCH_INDEPENDENT_FROM_SECRET;BranchControlType.BRANCH_INDEPENDENT_FROM_SECRET;13156;True;False;True;True;True;False;False;True;True;False;False;False;True;False;True;False;True;False;True;False;[];['has_valid_base'];True;False;True;True;True;False;False;True;True;False;False;False;True;False;True;False;True;False;True;False;[];['has_valid_base']
0e937534-1a90-49e7-aa45-bd79af55d9dd;MD2Init@@LIBMD_0.0;0x1b80;0x1b98;0x0;TransmitterType.STORE;7;0;False;['0x1b80'];<BV64 0x4 + x0>;64;[];[];['<BV64 x0>'];[];['<BV64 x0>'];[];[];0;18446744073709551615;18446744073709551615;1;;;True;0;18446744073709551615;18446744073709551615;1;;;True;ControlType.CONTROLLED;0;<BV64 0x4>;64;[];[];[];[];[];[];[];4.0;4.0;0.0;1.0;;;True;4.0;4.0;0.0;1.0;;;True;ControlType.NO_CONTROL;0;<BV64 0x4>;64;[];[];[];[];[];[];[];4;4;0;1.0;;;True;4.0;4.0;0.0;1.0;;;True;ControlType.NO_CONTROL;0;<BV64 x0>;64;[];[];['<BV64 x0>'];[];['<BV64 x0>'];[];[];0.0;1.8446744073709552e+19;18446744073709551615;1;;;True;0.0;1.8446744073709552e+19;18446744073709551615;1;;;True;ControlType.CONTROLLED;0;<BV64 x0>;64;[];[];['<BV64 x0>'];[];['<BV64 x0>'];[];[];0.0;1.8446744073709552e+19;1.8446744073709552e+19;1.0;;;True;0.0;1.8446744073709552e+19;1.8446744073709552e+19;1.0;;;True;ControlType.CONTROLLED;0;<BV64 x0>;64;[];[];[];[];[];[];[];0;0;0;;;;False;0;0;0;;;;False;ControlType.UNKNOWN;0;[];{'regs': [], 'indirect_regs': [], 'direct_regs': [], 'mem': [], 'const_mem': []};[];{'regs': [], 'indirect_regs': [], 'direct_regs': [], 'mem': [], 'const_mem': []};{'regs': ['<BV64 x0>'], 'indirect_regs': [], 'direct_regs': ['<BV64 x0>'], 'mem': [], 'const_mem': []};{'regs': ['<BV64 x0>'], 'indirect_regs': [], 'direct_regs': ['<BV64 x0>'], 'mem': [], 'const_mem': []};63.0;0.0;64.0;64.0;[];;;;BaseControlType.CONSTANT_BASE;BaseControlType.CONSTANT_BASE;BaseControlType.CONSTANT_BASE;0;BranchControlType.BRANCH_INDEPENDENT_FROM_SECRET;BranchControlType.BRANCH_INDEPENDENT_FROM_SECRET;7064;True;False;True;True;True;False;False;True;True;False;False;False;True;False;True;False;True;False;True;False;[];['has_valid_base'];True;False;True;True;True;False;False;True;True;False;False;False;True;False;True;False;True;False;True;False;[];['has_valid_base']
2b2fe71d-2ef0-4ec8-bc96-4518411f562b;MD2Update@@LIBMD_0.0;0x1c8c;0x1cd0;0x0;TransmitterType.LOAD;15;0;False;['0x1c8c', '0x1c94', '0x1cd0'];<BV64 x0>;64;[];[];['<BV64 x0>'];[];['<BV64 x0>'];[];[];0;18446744073709551615;18446744073709551615;1;;;True;0;18446744073709551615;18446744073709551615;1;;;True;ControlType.CONTROLLED;0;;0;[];[];[];[];[];[];[];0.0;0.0;0.0;0.0;;;False;0.0;0.0;0.0;0.0;;;False;ControlType.UNKNOWN;0;;0;[];[];[];[];[];[];[];0;0;0;;;;False;0.0;0.0;0.0;0.0;;;False;ControlType.UNKNOWN;0;<BV64 x0>;64;[];[];['<BV64 x0>'];[];['<BV64 x0>'];[];[];0.0;1.8446744073709552e+19;18446744073709551615;1;;;True;0.0;1.8446744073709552e+19;18446744073709551615;1;;;True;ControlType.CONTROLLED;0;<BV64 x0>;64;[];[];['<BV64 x0>'];[];['<BV64 x0>'];[];[];0.0;1.8446744073709552e+19;1.8446744073709552e+19;1.0;;;True;0.0;1.8446744073709552e+19;1.8446744073709552e+19;1.0;;;True;ControlType.CONTROLLED;0;<BV64 x0>;64;[];[];[];[];[];[];[];0;0;0;;;;False;0;0;0;;;;False;ControlType.UNKNOWN;0;[('0x1c90', <Bool x2[31:0] != 0x0>, 'Taken'), ('0x1cc0', <Bool True>, 'Taken')];{'regs': ['<BV64 x2>'], 'indirect_regs': [], 'direct_regs': ['<BV64 x2>'], 'mem': [], 'const_mem': []};[];{'regs': [], 'indirect_regs': [], 'direct_regs': [], 'mem': [], 'const_mem': []};{'regs': ['<BV64 x0>'], 'indirect_regs': [], 'direct_regs': ['<BV64 x0>'], 'mem': [], 'const_mem': []};{'regs': ['<BV64 x0>', '<BV64 x2>'], 'indirect_regs': [], 'direct_regs': ['<BV64 x0>', '<BV64 x2>'], 'mem': [], 'const_mem': []};63.0;0.0;64.0;64.0;[];;;;BaseControlType.NO_BASE;BaseControlType.NO_BASE;BaseControlType.NO_BASE;2;BranchControlType.BRANCH_INDEPENDENT_FROM_SECRET;BranchControlType.BRANCH_INDEPENDENT_FROM_SECRET;7376;True;False;True;True;True;False;False;True;True;False;False;False;True;False;True;False;True;False;True;False;[];['has_valid_base'];True;False;True;True;True;False;False;True;True;False;False;False;True;False;True;False;True;False;True;False;[];['has_valid_base']
741be6ac-a469-4685-8214-1cb73ddf440c;SHA512_256Transform@@LIBMD_0.1;0x6544;0x6588;0x0;TransmitterType.LOAD;18;0;False;['0x6544'];<BV64 0x8 + x0>;64;[];[];['<BV64 x0>'];[];['<BV64 x0>'];[];[];0;18446744073709551615;18446744073709551615;1;;;True;0;18446744073709551615;18446744073709551615;1;;;True;ControlType.CONTROLLED;0;<BV64 0x8>;64;[];[];[];[];[];[];[];8.0;8.0;0.0;1.0;;;True;8.0;8.0;0.0;1.0;;;True;ControlType.NO_CONTROL;0;<BV64 0x8>;64;[];[];[];[];[];[];[];8;8;0;1.0;;;True;8.0;8.0;0.0;1.0;;;True;ControlType.NO_CONTROL;0;<BV64 x0>;64;[];[];['<BV64 x0>'];[];['<BV64 x0>'];[];[];0.0;1.8446744073709552e+19;18446744073709551615;1;;;True;0.0;1.8446744073709552e+19;18446744073709551615;1;;;True;ControlType.CONTROLLED;0;<BV64 x0>;64;[];[];['<BV64 x0>'];[];['<BV64 x0>'];[];[];0.0;1.8446744073709552e+19;1.8446744073709552e+19;1.0;;;True;0.0;1.8446744073709552e+19;1.8446744073709552e+19;1.0;;;True;ControlType.CONTROLLED;0;<BV64 x0>;64;[];[];[];[];[];[];[];0;0;0;;;;False;0;0;0;;;;False;ControlType.UNKNOWN;0;[];{'regs': [], 'indirect_regs': [], 'direct_regs': [], 'mem': [], 'const_mem': []};[];{'regs': [], 'indirect_regs': [], 'direct_regs': [], 'mem': [], 'const_mem': []};{'regs': ['<BV64 x0>'], 'indirect_regs': [], 'direct_regs': ['<BV64 x0>'], 'mem': [], 'const_mem': []};{'regs': ['<BV64 x0>'], 'indirect_regs': [], 'direct_regs': ['<BV64 x0>'], 'mem': [], 'const_mem': []};63.0;0.0;64.0;64.0;[];;;;BaseControlType.CONSTANT_BASE;BaseControlType.CONSTANT_BASE;BaseControlType.CONSTANT_BASE;0;BranchControlType.BRANCH_INDEPENDENT_FROM_SECRET;BranchControlType.BRANCH_INDEPENDENT_FROM_SECRET;25992;True;False;True;True;True;False;False;True;True;False;False;False;True;False;True;False;True;False;True;False;[];['has_valid_base'];True;False;True;True;True;False;False;True;True;False;False;False;True;False;True;False;True;False;True;False;[];['has_valid_base']
e228c3e0-c3a4-4487-a620-87433a5e13d9;MD4Update@@LIBMD_0.0;0x2420;0x2458;0x0;TransmitterType.STORE;15;0;False;['0x2420'];<BV64 0x10 + x0>;64;[];[];['<BV64 x0>'];[];['<BV64 x0>'];[];[];0;18446744073709551615;18446744073709551615;1;;;True;0;18446744073709551615;18446744073709551615;1;;;True;ControlType.CONTROLLED;0;<BV64 0x10>;64;[];[];[];[];[];[];[];16.0;16.0;0.0;1.0;;;True;16.0;16.0;0.0;1.0;;;True;ControlType.NO_CONTROL;0;<BV64 0x10>;64;[];[];[];[];[];[];[];16;16;0;1.0;;;True;16.0;16.0;0.0;1.0;;;True;ControlType.NO_CONTROL;0;<BV64 x0>;64;[];[];['<BV64 x0>'];[];['<BV64 x0>'];[];[];0.0;1.8446744073709552e+19;18446744073709551615;1;;;True;0.0;1.8446744073709552e+19;18446744073709551615;1;;;True;ControlType.CONTROLLED;0;<BV64 x0>;64;[];[];['<BV64 x0>'];[];['<BV64 x0>'];[];[];0.0;1.8446744073709552e+19;1.8446744073709552e+19;1.0;;;True;0.0;1.8446744073709552e+19;1.8446744073709552e+19;1.0;;;True;ControlType.CONTROLLED;0;<BV64 x0>;64;[];[];[];[];[];[];[];0;0;0;;;;False;0;0;0;;;;False;ControlType.UNKNOWN;0;[];{'regs': [], 'indirect_regs': [], 'direct_regs': [], 'mem': [], 'const_mem': []};[];{'regs': [], 'indirect_regs': [], 'direct_regs': [], 'mem': [], 'const_mem': []};{'regs': ['<BV64 x0>'], 'indirect_regs': [], 'direct_regs': ['<BV64 x0>'], 'mem': [], 'const_mem': []};{'regs': ['<BV64 x0>'], 'indirect_regs': [], 'direct_regs': ['<BV64 x0>'], 'mem': [], 'const_mem': []};63.0;0.0;64.0;64.0;[];;;;BaseControlType.CONSTANT_BASE;BaseControlType.CONSTANT_BASE;BaseControlType.CONSTANT_BASE;0;BranchControlType.BRANCH_INDEPENDENT_FROM_SECRET;BranchControlType.BRANCH_INDEPENDENT_FROM_SECRET;9304;True;False;True;True;True;False;False;True;True;False;False;False;True;False;True;False;True;False;True;False;[];['has_valid_base'];True;False;True;True;True;False;False;True;True;False;False;False;True;False;True;False;True;False;True;False;[];['has_valid_base']
aeca70df-895f-48fb-9838-a787e0515021;MD2Transform@@LIBMD_0.0;0x1bc0;0x1be4;0x0;TransmitterType.LOAD;10;0;False;['0x1bc0'];<BV64 0x24 + x0>;64;[];[];['<BV64 x0>'];[];['<BV64 x0>'];[];[];0;18446744073709551615;18446744073709551615;1;;;True;0;18446744073709551615;18446744073709551615;1;;;True;ControlType.CONTROLLED;0;<BV64 0x24>;64;[];[];[];[];[];[];[];36.0;36.0;0.0;1.0;;;True;36.0;36.0;0.0;1.0;;;True;ControlType.NO_CONTROL;0;<BV64 0x24>;64;[];[];[];[];[];[];[];36;36;0;1.0;;;True;36.0;36.0;0.0;1.0;;;True;ControlType.NO_CONTROL;0;<BV64 x0>;64;[];[];['<BV64 x0>'];[];['<BV64 x0>'];[];[];0.0;1.8446744073709552e+19;18446744073709551615;1;;;True;0.0;1.8446744073709552e+19;18446744073709551615;1;;;True;ControlType.CONTROLLED;0;<BV64 x0>;64;[];[];['<BV64 x0>'];[];['<BV64 x0>'];[];[];0.0;1.8446744073709552e+19;1.8446744073709552e+19;1.0;;;True;0.0;1.8446744073709552e+19;1.8446744073709552e+19;1.0;;;True;ControlType.CONTROLLED;0;<BV64 x0>;64;[];[];[];[];[];[];[];0;0;0;;;;False;0;0;0;;;;False;ControlType.UNKNOWN;0;[];{'regs': [], 'indirect_regs': [], 'direct_regs': [], 'mem': [], 'const_mem': []};[];{'regs': [], 'indirect_regs': [], 'direct_regs': [], 'mem': [], 'const_mem': []};{'regs': ['<BV64 x0>'], 'indirect_regs': [], 'direct_regs': ['<BV64 x0>'], 'mem': [], 'const_mem': []};{'regs': ['<BV64 x0>'], 'indirect_regs': [], 'direct_regs': ['<BV64 x0>'], 'mem': [], 'const_mem': []};63.0;0.0;64.0;64.0;[];;;;BaseControlType.CONSTANT_BASE;BaseControlType.CONSTANT_BASE;BaseControlType.CONSTANT_BASE;0;BranchControlType.BRANCH_INDEPENDENT_FROM_SECRET;BranchControlType.BRANCH_INDEPENDENT_FROM_SECRET;7140;True;False;True;True;True;False;False;True;True;False;False;False;True;False;True;False;True;False;True;False;[];['has_valid_base'];True;False;True;True;True;False;False;True;True;False;False;False;True;False;True;False;True;False;True;False;[];['has_valid_base']
78cbbc73-223c-49ff-b50c-fe6c127faa84;SHA384Init@@LIBMD_0.0;0x6b60;0x6b8c;0x0;TransmitterType.STORE;13;0;False;['0x6b60'];<BV64 x0>;64;[];[];['<BV64 x0>'];[];['<BV64 x0>'];[];[];0;18446744073709551615;18446744073709551615;1;;;True;0;18446744073709551615;18446744073709551615;1;;;True;ControlType.CONTROLLED;0;;0;[];[];[];[];[];[];[];0.0;0.0;0.0;0.0;;;False;0.0;0.0;0.0;0.0;;;False;ControlType.UNKNOWN;0;;0;[];[];[];[];[];[];[];0;0;0;;;;False;0.0;0.0;0.0;0.0;;;False;ControlType.UNKNOWN;0;<BV64 x0>;64;[];[];['<BV64 x0>'];[];['<BV64 x0>'];[];[];0.0;1.8446744073709552e+19;18446744073709551615;1;;;True;0.0;1.8446744073709552e+19;18446744073709551615;1;;;True;ControlType.CONTROLLED;0;<BV64 x0>;64;[];[];['<BV64 x0>'];[];['<BV64 x0>'];[];[];0.0;1.8446744073709552e+19;1.8446744073709552e+19;1.0;;;True;0.0;1.8446744073709552e+19;1.8446744073709552e+19;1.0;;;True;ControlType.CONTROLLED;0;<BV64 x0>;64;[];[];[];[];[];[];[];0;0;0;;;;False;0;0;0;;;;False;ControlType.UNKNOWN;0;[];{'regs': [], 'indirect_regs': [], 'direct_regs': [], 'mem': [], 'const_mem': []};[];{'regs': [], 'indirect_regs': [], 'direct_regs': [], 'mem': [], 'const_mem': []};{'regs': ['<BV64 x0>'], 'indirect_regs': [], 'direct_regs': ['<BV64 x0>'], 'mem': [], 'const_mem': []};{'regs': ['<BV64 x0>'], 'indirect_regs': [], 'direct_regs': ['<BV64 x0>'], 'mem': [], 'const_mem': []};63.0;0.0;64.0;64.0;[];;;;BaseControlType.NO_BASE;BaseControlType.NO_BASE;BaseControlType.NO_BASE;0;BranchControlType.BRANCH_INDEPENDENT_FROM_SECRET;BranchControlType.BRANCH_INDEPENDENT_FROM_SECRET;27532;True;False;True;True;True;False;False;True;True;False;False;False;True;False;True;False;True;False;True;False;[];['has_valid_base'];True;False;True;True;True;False;False;True;True;False;False;False;True;False;True;False;True;False;True;False;[];['has_valid_base']
2a9d9d16-3ef3-4866-b892-694541b6a9c7;SHA224Init@@LIBMD_0.1;0x5e68;0x5e90;0x0;TransmitterType.STORE;12;0;False;['0x5e68'];<BV64 x0>;64;[];[];['<BV64 x0>'];[];['<BV64 x0>'];[];[];0;18446744073709551615;18446744073709551615;1;;;True;0;18446744073709551615;18446744073709551615;1;;;True;ControlType.CONTROLLED;0;;0;[];[];[];[];[];[];[];0.0;0.0;0.0;0.0;;;False;0.0;0.0;0.0;0.0;;;False;ControlType.UNKNOWN;0;;0;[];[];[];[];[];[];[];0;0;0;;;;False;0.0;0.0;0.0;0.0;;;False;ControlType.UNKNOWN;0;<BV64 x0>;64;[];[];['<BV64 x0>'];[];['<BV64 x0>'];[];[];0.0;1.8446744073709552e+19;18446744073709551615;1;;;True;0.0;1.8446744073709552e+19;18446744073709551615;1;;;True;ControlType.CONTROLLED;0;<BV64 x0>;64;[];[];['<BV64 x0>'];[];['<BV64 x0>'];[];[];0.0;1.8446744073709552e+19;1.8446744073709552e+19;1.0;;;True;0.0;1.8446744073709552e+19;1.8446744073709552e+19;1.0;;;True;ControlType.CONTROLLED;0;<BV64 x0>;64;[];[];[];[];[];[];[];0;0;0;;;;False;0;0;0;;;;False;ControlType.UNKNOWN;0;[];{'regs': [], 'indirect_regs': [], 'direct_regs': [], 'mem': [], 'const_mem': []};[];{'regs': [], 'indirect_regs': [], 'direct_regs': [], 'mem': [], 'const_mem': []};{'regs': ['<BV64 x0>'], 'indirect_regs': [], 'direct_regs': ['<BV64 x0>'], 'mem': [], 'const_mem': []};{'regs': ['<BV64 x0>'], 'indirect_regs': [], 'direct_regs': ['<BV64 x0>'], 'mem': [], 'const_mem': []};63.0;0.0;64.0;64.0;[];;;;BaseControlType.NO_BASE;BaseControlType.NO_BASE;BaseControlType.NO_BASE;0;BranchControlType.BRANCH_INDEPENDENT_FROM_SECRET;BranchControlType.BRANCH_INDEPENDENT_FROM_SECRET;24208;True;False;True;True;True;False;False;True;True;False;False;False;True;False;True;False;True;False;True;False;[];['has_valid_base'];True;False;True;True;True;False;False;True;True;False;False;False;True;False;True;False;True;False;True;False;[];['has_valid_base']
96f2c2aa-283d-4128-8937-65ff03b5b238;RMD160Transform@@LIBMD_0.0;0x3380;0x33f4;0x0;TransmitterType.LOAD;30;0;False;['0x3380'];<BV64 0x8 + x0>;64;[];[];['<BV64 x0>'];[];['<BV64 x0>'];[];[];0;18446744073709551615;18446744073709551615;1;;;True;0;18446744073709551615;18446744073709551615;1;;;True;ControlType.CONTROLLED;0;<BV64 0x8>;64;[];[];[];[];[];[];[];8.0;8.0;0.0;1.0;;;True;8.0;8.0;0.0;1.0;;;True;ControlType.NO_CONTROL;0;<BV64 0x8>;64;[];[];[];[];[];[];[];8;8;0;1.0;;;True;8.0;8.0;0.0;1.0;;;True;ControlType.NO_CONTROL;0;<BV64 x0>;64;[];[];['<BV64 x0>'];[];['<BV64 x0>'];[];[];0.0;1.8446744073709552e+19;18446744073709551615;1;;;True;0.0;1.8446744073709552e+19;18446744073709551615;1;;;True;ControlType.CONTROLLED;0;<BV64 x0>;64;[];[];['<BV64 x0>'];[];['<BV64 x0>'];[];[];0.0;1.8446744073709552e+19;1.8446744073709552e+19;1.0;;;True;0.0;1.8446744073709552e+19;1.8446744073709552e+19;1.0;;;True;ControlType.CONTROLLED;0;<BV64 x0>;64;[];[];[];[];[];[];[];0;0;0;;;;False;0;0;0;;;;False;ControlType.UNKNOWN;0;[];{'regs': [], 'indirect_regs': [], 'direct_regs': [], 'mem': [], 'const_mem': []};[];{'regs': [], 'indirect_regs': [], 'direct_regs': [], 'mem': [], 'const_mem': []};{'regs': ['<BV64 x0>'], 'indirect_regs': [], 'direct_regs': ['<BV64 x0>'], 'mem': [], 'const_mem': []};{'regs': ['<BV64 x0>'], 'indirect_regs': [], 'direct_regs': ['<BV64 x0>'], 'mem': [], 'const_mem': []};63.0;0.0;64.0;64.0;[];;;;BaseControlType.CONSTANT_BASE;BaseControlType.CONSTANT_BASE;BaseControlType.CONSTANT_BASE;0;BranchControlType.BRANCH_INDEPENDENT_FROM_SECRET;BranchControlType.BRANCH_INDEPENDENT_FROM_SECRET;13300;True;False;True;True;True;False;False;True;True;False;False;False;True;False;True;False;True;False;True;False;[];['has_valid_base'];True;False;True;True;True;False;False;True;True;False;False;False;True;False;True;False;True;False;True;False;[];['has_valid_base']
5f2ec13a-12fc-48e5-aa1b-bc26e0d6f215;MD5Init@@LIBMD_0.0;0x2660;0x2680;0x0;TransmitterType.STORE;10;0;False;['0x2660'];<BV64 x0>;64;[];[];['<BV64 x0>'];[];['<BV64 x0>'];[];[];0;18446744073709551615;18446744073709551615;1;;;True;0;18446744073709551615;18446744073709551615;1;;;True;ControlType.CONTROLLED;0;;0;[];[];[];[];[];[];[];0.0;0.0;0.0;0.0;;;False;0.0;0.0;0.0;0.0;;;False;ControlType.UNKNOWN;0;;0;[];[];[];[];[];[];[];0;0;0;;;;False;0.0;0.0;0.0;0.0;;;False;ControlType.UNKNOWN;0;<BV64 x0>;64;[];[];['<BV64 x0>'];[];['<BV64 x0>'];[];[];0.0;1.8446744073709552e+19;18446744073709551615;1;;;True;0.0;1.8446744073709552e+19;18446744073709551615;1;;;True;ControlType.CONTROLLED;0;<BV64 x0>;64;[];[];['<BV64 x0>'];[];['<BV64 x0>'];[];[];0.0;1.8446744073709552e+19;1.8446744073709552e+19;1.0;;;True;0.0;1.8446744073709552e+19;1.8446744073709552e+19;1.0;;;True;ControlType.CONTROLLED;0;<BV64 x0>;64;[];[];[];[];[];[];[];0;0;0;;;;False;0;0;0;;;;False;ControlType.UNKNOWN;0;[];{'regs': [], 'indirect_regs': [], 'direct_regs': [], 'mem': [], 'const_mem': []};[];{'regs': [], 'indirect_regs': [], 'direct_regs': [], 'mem': [], 'const_mem': []};{'regs': ['<BV64 x0>'], 'indirect_regs': [], 'direct_regs': ['<BV64 x0>'], 'mem': [], 'const_mem': []};{'regs': ['<BV64 x0>'], 'indirect_regs': [], 'direct_regs': ['<BV64 x0>'], 'mem': [], 'const_mem': []};63.0;0.0;64.0;64.0;[];;;;BaseControlType.NO_BASE;BaseControlType.NO_BASE;BaseControlType.NO_BASE;0;BranchControlType.BRANCH_INDEPENDENT_FROM_SECRET;BranchControlType.BRANCH_INDEPENDENT_FROM_SECRET;9856;True;False;True;True;True;False;False;True;True;False;False;False;True;False;True;False;True;False;True;False;[];['has_valid_base'];True;False;True;True;True;False;False;True;True;False;False;False;True;False;True;False;True;False;True;False;[];['has_valid_base']
578010b6-012e-484c-b928-d10f7115e836;SHA512_256Update@@LIBMD_0.1;0x67c0;0x67e8;0x0;TransmitterType.LOAD;11;0;False;['0x67c0', '0x67c8'];<BV64 0x40 + x0>;64;[];[];['<BV64 x0>'];[];['<BV64 x0>'];[];[];0;18446744073709551615;18446744073709551615;1;;;True;0;18446744073709551615;18446744073709551615;1;;;True;ControlType.CONTROLLED;0;<BV64 0x40>;64;[];[];[];[];[];[];[];64.0;64.0;0.0;1.0;;;True;64.0;64.0;0.0;1.0;;;True;ControlType.NO_CONTROL;0;<BV64 0x40>;64;[];[];[];[];[];[];[];64;64;0;1.0;;;True;64.0;64.0;0.0;1.0;;;True;ControlType.NO_CONTROL;0;<BV64 x0>;64;[];[];['<BV64 x0>'];[];['<BV64 x0>'];[];[];0.0;1.8446744073709552e+19;18446744073709551615;1;;;True;0.0;1.8446744073709552e+19;18446744073709551615;1;;;True;ControlType.CONTROLLED;0;<BV64 x0>;64;[];[];['<BV64 x0>'];[];['<BV64 x0>'];[];[];0.0;1.8446744073709552e+19;1.8446744073709552e+19;1.0;;;True;0.0;1.8446744073709552e+19;1.8446744073709552e+19;1.0;;;True;ControlType.CONTROLLED;0;<BV64 x0>;64;[];[];[];[];[];[];[];0;0;0;;;;False;0;0;0;;;;False;ControlType.UNKNOWN;0;[('0x67c4', <Bool x2 != 0x0>, 'Taken')];{'regs': ['<BV64 x2>'], 'indirect_regs': [], 'direct_regs': ['<BV64 x2>'], 'mem': [], 'const_mem': []};[];{'regs': [], 'indirect_regs': [], 'direct_regs': [], 'mem': [], 'const_mem': []};{'regs': ['<BV64 x0>'], 'indirect_regs': [], 'direct_regs': ['<BV64 x0>'], 'mem': [], 'const_mem': []};{'regs': ['<BV64 x0>', '<BV64 x2>'], 'indirect_regs': [], 'direct_regs': ['<BV64 x0>', '<BV64 x2>'], 'mem': [], 'const_mem': []};63.0;0.0;64.0;64.0;[];;;;BaseControlType.CONSTANT_BASE;BaseControlType.CONSTANT_BASE;BaseControlType.CONSTANT_BASE;1;BranchControlType.BRANCH_INDEPENDENT_FROM_SECRET;BranchControlType.BRANCH_INDEPENDENT_FROM_SECRET;26600;True;False;True;True;True;False;False;True;True;False;False;False;True;False;True;False;True;False;True;False;[];['has_valid_base'];True;False;True;True;True;False;False;True;True;False;False;False;True;False;True;False;True;False;True;False;[];['has_valid_base']
82e0f43e-e1e4-43c3-be5b-22b55f15458f;SHA512Transform@@LIBMD_0.0;0x6544;0x6588;0x0;TransmitterType.LOAD;18;0;False;['0x6544'];<BV64 0x8 + x0>;64;[];[];['<BV64 x0>'];[];['<BV64 x0>'];[];[];0;18446744073709551615;18446744073709551615;1;;;True;0;18446744073709551615;18446744073709551615;1;;;True;ControlType.CONTROLLED;0;<BV64 0x8>;64;[];[];[];[];[];[];[];8.0;8.0;0.0;1.0;;;True;8.0;8.0;0.0;1.0;;;True;ControlType.NO_CONTROL;0;<BV64 0x8>;64;[];[];[];[];[];[];[];8;8;0;1.0;;;True;8.0;8.0;0.0;1.0;;;True;ControlType.NO_CONTROL;0;<BV64 x0>;64;[];[];['<BV64 x0>'];[];['<BV64 x0>'];[];[];0.0;1.8446744073709552e+19;18446744073709551615;1;;;True;0.0;1.8446744073709552e+19;18446744073709551615;1;;;True;ControlType.CONTROLLED;0;<BV64 x0>;64;[];[];['<BV64 x0>'];[];['<BV64 x0>'];[];[];0.0;1.8446744073709552e+19;1.8446744073709552e+19;1.0;;;True;0.0;1.8446744073709552e+19;1.8446744073709552e+19;1.0;;;True;ControlType.CONTROLLED;0;<BV64 x0>;64;[];[];[];[];[];[];[];0;0;0;;;;False;0;0;0;;;;False;ControlType.UNKNOWN;0;[];{'regs': [], 'indirect_regs': [], 'direct_regs': [], 'mem': [], 'const_mem': []};[];{'regs': [], 'indirect_regs': [], 'direct_regs': [], 'mem': [], 'const_mem': []};{'regs': ['<BV64 x0>'], 'indirect_regs': [], 'direct_regs': ['<BV64 x0>'], 'mem': [], 'const_mem': []};{'regs': ['<BV64 x0>'], 'indirect_regs': [], 'direct_regs': ['<BV64 x0>'], 'mem': [], 'const_mem': []};63.0;0.0;64.0;64.0;[];;;;BaseControlType.CONSTANT_BASE;BaseControlType.CONSTANT_BASE;BaseControlType.CONSTANT_BASE;0;BranchControlType.BRANCH_INDEPENDENT_FROM_SECRET;BranchControlType.BRANCH_INDEPENDENT_FROM_SECRET;25992;True;False;True;True;True;False;False;True;True;False;False;False;True;False;True;False;True;False;True;False;[];['has_valid_base'];True;False;True;True;True;False;False;True;True;False;False;False;True;False;True;False;True;False;True;False;[];['has_valid_base']
c631a463-e3c2-455a-b5a5-f4b50ae988e2;RMD160Update@@LIBMD_0.0;0x49cc;0x4a04;0x0;TransmitterType.STORE;15;0;False;['0x49cc'];<BV64 0x18 + x0>;64;[];[];['<BV64 x0>'];[];['<BV64 x0>'];[];[];0;18446744073709551615;18446744073709551615;1;;;True;0;18446744073709551615;18446744073709551615;1;;;True;ControlType.CONTROLLED;0;<BV64 0x18>;64;[];[];[];[];[];[];[];24.0;24.0;0.0;1.0;;;True;24.0;24.0;0.0;1.0;;;True;ControlType.NO_CONTROL;0;<BV64 0x18>;64;[];[];[];[];[];[];[];24;24;0;1.0;;;True;24.0;24.0;0.0;1.0;;;True;ControlType.NO_CONTROL;0;<BV64 x0>;64;[];[];['<BV64 x0>'];[];['<BV64 x0>'];[];[];0.0;1.8446744073709552e+19;18446744073709551615;1;;;True;0.0;1.8446744073709552e+19;18446744073709551615;1;;;True;ControlType.CONTROLLED;0;<BV64 x0>;64;[];[];['<BV64 x0>'];[];['<BV64 x0>'];[];[];0.0;1.8446744073709552e+19;1.8446744073709552e+19;1.0;;;True;0.0;1.8446744073709552e+19;1.8446744073709552e+19;1.0;;;True;ControlType.CONTROLLED;0;<BV64 x0>;64;[];[];[];[];[];[];[];0;0;0;;;;False;0;0;0;;;;False;ControlType.UNKNOWN;0;[];{'regs': [], 'indirect_regs': [], 'direct_regs': [], 'mem': [], 'const_mem': []};[];{'regs': [], 'indirect_regs': [], 'direct_regs': [], 'mem': [], 'const_mem': []};{'regs': ['<BV64 x0>'], 'indirect_regs': [], 'direct_regs': ['<BV64 x0>'], 'mem': [], 'const_mem': []};{'regs': ['<BV64 x0>'], 'indirect_regs': [], 'direct_regs': ['<BV64 x0>'], 'mem': [], 'const_mem': []};63.0;0.0;64.0;64.0;[];;;;BaseControlType.CONSTANT_BASE;BaseControlType.CONSTANT_BASE;BaseControlType.CONSTANT_BASE;0;BranchControlType.BRANCH_INDEPENDENT_FROM_SECRET;BranchControlType.BRANCH_INDEPENDENT_FROM_SECRET;18948;True;False;True;True;True;False;False;True;True;False;False;False;True;False;True;False;True;False;True;False;[];['has_valid_base'];True;False;True;True;True;False;False;True;True;False;False;False;True;False;True;False;True;False;True;False;[];['has_valid_base']
c3eb18e5-3b10-4c26-ae17-9c7c4b919831;SHA512End@@LIBMD_0.0;0x8704;0x6934;0x0;TransmitterType.LOAD;30;0;False;['0x8704', '0x8738', '0x6aa0', '0x6920'];<BV64 0x40 + x0>;64;[];[];['<BV64 x0>'];[];['<BV64 x0>'];[];[];0;18446744073709551615;18446744073709551615;1;;;True;0;18446744073709551615;18446744073709551615;1;;;True;ControlType.CONTROLLED;0;<BV64 0x40>;64;[];[];[];[];[];[];[];64.0;64.0;0.0;1.0;;;True;64.0;64.0;0.0;1.0;;;True;ControlType.NO_CONTROL;0;<BV64 0x40>;64;[];[];[];[];[];[];[];64;64;0;1.0;;;True;64.0;64.0;0.0;1.0;;;True;ControlType.NO_CONTROL;0;<BV64 x0>;64;[];[];['<BV64 x0>'];[];['<BV64 x0>'];[];[];0.0;1.8446744073709552e+19;18446744073709551615;1;;;True;0.0;1.8446744073709552e+19;18446744073709551615;1;;;True;ControlType.CONTROLLED;0;<BV64 x0>;64;[];[];['<BV64 x0>'];[];['<BV64 x0>'];[];[];0.0;1.8446744073709552e+19;1.8446744073709552e+19;1.0;;;True;0.0;1.8446744073709552e+19;1.8446744073709552e+19;1.0;;;True;ControlType.CONTROLLED;0;<BV64 x0>;64;[];[];[];[];[];[];[];0;0;0;;;;False;0;0;0;;;;False;ControlType.UNKNOWN;0;[('0x6abc', <Bool True>, 'Taken'), ('0x8734', <Bool x1 != 0x0>, 'Taken'), ('0x8740', <Bool True>, 'Taken')];{'regs': ['<BV64 x1>'], 'indirect_regs': [], 'direct_regs': ['<BV64 x1>'], 'mem': [], 'const_mem': []};[];{'regs': [], 'indirect_regs': [], 'direct_regs': [], 'mem': [], 'const_mem': []};{'regs': ['<BV64 x0>'], 'indirect_regs': [], 'direct_regs': ['<BV64 x0>'], 'mem': [], 'const_mem': []};{'regs': ['<BV64 x0>', '<BV64 x1>'], 'indirect_regs': [], 'direct_regs': ['<BV64 x0>', '<BV64 x1>'], 'mem': [], 'const_mem': []};63.0;0.0;64.0;64.0;[];;;;BaseControlType.CONSTANT_BASE;BaseControlType.CONSTANT_BASE;BaseControlType.CONSTANT_BASE;3;BranchControlType.BRANCH_INDEPENDENT_FROM_SECRET;BranchControlType.BRANCH_INDEPENDENT_FROM_SECRET;26932;True;False;True;True;True;False;False;True;True;False;False;False;True;False;True;False;True;False;True;False;[];['has_valid_base'];True;False;True;True;True;False;False;True;True;False;False;False;True;False;True;False;True;False;True;False;[];['has_valid_base']
d02b291c-9946-4e7e-8cc3-705d59dbf04c;SHA256Update@@LIBMD_0.0;0x610c;0x6134;0x0;TransmitterType.LOAD;11;0;False;['0x610c', '0x6114'];<BV64 0x40 + x0>;64;[];[];['<BV64 x0>'];[];['<BV64 x0>'];[];[];0;18446744073709551615;18446744073709551615;1;;;True;0;18446744073709551615;18446744073709551615;1;;;True;ControlType.CONTROLLED;0;<BV64 0x40>;64;[];[];[];[];[];[];[];64.0;64.0;0.0;1.0;;;True;64.0;64.0;0.0;1.0;;;True;ControlType.NO_CONTROL;0;<BV64 0x40>;64;[];[];[];[];[];[];[];64;64;0;1.0;;;True;64.0;64.0;0.0;1.0;;;True;ControlType.NO_CONTROL;0;<BV64 x0>;64;[];[];['<BV64 x0>'];[];['<BV64 x0>'];[];[];0.0;1.8446744073709552e+19;18446744073709551615;1;;;True;0.0;1.8446744073709552e+19;18446744073709551615;1;;;True;ControlType.CONTROLLED;0;<BV64 x0>;64;[];[];['<BV64 x0>'];[];['<BV64 x0>'];[];[];0.0;1.8446744073709552e+19;1.8446744073709552e+19;1.0;;;True;0.0;1.8446744073709552e+19;1.8446744073709552e+19;1.0;;;True;ControlType.CONTROLLED;0;<BV64 x0>;64;[];[];[];[];[];[];[];0;0;0;;;;False;0;0;0;;;;False;ControlType.UNKNOWN;0;[('0x6110', <Bool x2 != 0x0>, 'Taken')];{'regs': ['<BV64 x2>'], 'indirect_regs': [], 'direct_regs': ['<BV64 x2>'], 'mem': [], 'const_mem': []};[];{'regs': [], 'indirect_regs': [], 'direct_regs': [], 'mem': [], 'const_mem': []};{'regs': ['<BV64 x0>'], 'indirect_regs': [], 'direct_regs': ['<BV64 x0>'], 'mem': [], 'const_mem': []};{'regs': ['<BV64 x0>', '<BV64 x2>'], 'indirect_regs': [], 'direct_regs': ['<BV64 x0>', '<BV64 x2>'], 'mem': [], 'const_mem': []};63.0;0.0;64.0;64.0;[];;;;BaseControlType.CONSTANT_BASE;BaseControlType.CONSTANT_BASE;BaseControlType.CONSTANT_BASE;1;BranchControlType.BRANCH_INDEPENDENT_FROM_SECRET;BranchControlType.BRANCH_INDEPENDENT_FROM_SECRET;24884;True;False;True;True;True;False;False;True;True;False;False;False;True;False;True;False;True;False;True;False;[];['has_valid_base'];True;False;True;True;True;False;False;True;True;False;False;False;True;False;True;False;True;False;True;False;[];['has_valid_base']
92c8d0ff-d9fc-4b61-bffe-7b69cf485a2d;SHA224End@@LIBMD_0.1;0x7da4;0x6274;0x0;TransmitterType.LOAD;30;0;False;['0x7da4', '0x7dd8', '0x6380', '0x6260'];<BV64 0x40 + x0>;64;[];[];['<BV64 x0>'];[];['<BV64 x0>'];[];[];0;18446744073709551615;18446744073709551615;1;;;True;0;18446744073709551615;18446744073709551615;1;;;True;ControlType.CONTROLLED;0;<BV64 0x40>;64;[];[];[];[];[];[];[];64.0;64.0;0.0;1.0;;;True;64.0;64.0;0.0;1.0;;;True;ControlType.NO_CONTROL;0;<BV64 0x40>;64;[];[];[];[];[];[];[];64;64;0;1.0;;;True;64.0;64.0;0.0;1.0;;;True;ControlType.NO_CONTROL;0;<BV64 x0>;64;[];[];['<BV64 x0>'];[];['<BV64 x0>'];[];[];0.0;1.8446744073709552e+19;18446744073709551615;1;;;True;0.0;1.8446744073709552e+19;18446744073709551615;1;;;True;ControlType.CONTROLLED;0;<BV64 x0>;64;[];[];['<BV64 x0>'];[];['<BV64 x0>'];[];[];0.0;1.8446744073709552e+19;1.8446744073709552e+19;1.0;;;True;0.0;1.8446744073709552e+19;1.8446744073709552e+19;1.0;;;True;ControlType.CONTROLLED;0;<BV64 x0>;64;[];[];[];[];[];[];[];0;0;0;;;;False;0;0;0;;;;False;ControlType.UNKNOWN;0;[('0x639c', <Bool True>, 'Taken'), ('0x7dd4', <Bool x1 != 0x0>, 'Taken'), ('0x7de0', <Bool True>, 'Taken')];{'regs': ['<BV64 x1>'], 'indirect_regs': [], 'direct_regs': ['<BV64 x1>'], 'mem': [], 'const_mem': []};[];{'regs': [], 'indirect_regs': [], 'direct_regs': [], 'mem': [], 'const_mem': []};{'regs': ['<BV64 x0>'], 'indirect_regs': [], 'direct_regs': ['<BV64 x0>'], 'mem': [], 'const_mem': []};{'regs': ['<BV64 x0>', '<BV64 x1>'], 'indirect_regs': [], 'direct_regs': ['<BV64 x0>', '<BV64 x1>'], 'mem': [], 'const_mem': []};63.0;0.0;64.0;64.0;[];;;;BaseControlType.CONSTANT_BASE;BaseControlType.CONSTANT_BASE;BaseControlType.CONSTANT_BASE;3;BranchControlType.BRANCH_INDEPENDENT_FROM_SECRET;BranchControlType.BRANCH_INDEPENDENT_FROM_SECRET;25204;True;False;True;True;True;False;False;True;True;False;False;False;True;False;True;False;True;False;True;False;[];['has_valid_base'];True;False;True;True;True;False;False;True;True;False;False;False;True;False;True;False;True;False;True;False;[];['has_valid_base']
62e10c3d-9345-4fad-b680-3026e07cdd7f;SHA512_256End@@LIBMD_0.1;0x8a24;0x6934;0x0;TransmitterType.LOAD;30;0;False;['0x8a24', '0x8a58', '0x6ce0', '0x6920'];<BV64 0x40 + x0>;64;[];[];['<BV64 x0>'];[];['<BV64 x0>'];[];[];0;18446744073709551615;18446744073709551615;1;;;True;0;18446744073709551615;18446744073709551615;1;;;True;ControlType.CONTROLLED;0;<BV64 0x40>;64;[];[];[];[];[];[];[];64.0;64.0;0.0;1.0;;;True;64.0;64.0;0.0;1.0;;;True;ControlType.NO_CONTROL;0;<BV64 0x40>;64;[];[];[];[];[];[];[];64;64;0;1.0;;;True;64.0;64.0;0.0;1.0;;;True;ControlType.NO_CONTROL;0;<BV64 x0>;64;[];[];['<BV64 x0>'];[];['<BV64 x0>'];[];[];0.0;1.8446744073709552e+19;18446744073709551615;1;;;True;0.0;1.8446744073709552e+19;18446744073709551615;1;;;True;ControlType.CONTROLLED;0;<BV64 x0>;64;[];[];['<BV64 x0>'];[];['<BV64 x0>'];[];[];0.0;1.8446744073709552e+19;1.8446744073709552e+19;1.0;;;True;0.0;1.8446744073709552e+19;1.8446744073709552e+19;1.0;;;True;ControlType.CONTROLLED;0;<BV64 x0>;64;[];[];[];[];[];[];[];0;0;0;;;;False;0;0;0;;;;False;ControlType.UNKNOWN;0;[('0x6cfc', <Bool True>, 'Taken'), ('0x8a54', <Bool x1 != 0x0>, 'Taken'), ('0x8a60', <Bool True>, 'Taken')];{'regs': ['<BV64 x1>'], 'indirect_regs': [], 'direct_regs': ['<BV64 x1>'], 'mem': [], 'const_mem': []};[];{'regs': [], 'indirect_regs': [], 'direct_regs': [], 'mem': [], 'const_mem': []};{'regs': ['<BV64 x0>'], 'indirect_regs': [], 'direct_regs': ['<BV64 x0>'], 'mem': [], 'const_mem': []};{'regs': ['<BV64 x0>', '<BV64 x1>'], 'indirect_regs': [], 'direct_regs': ['<BV64 x0>', '<BV64 x1>'], 'mem': [], 'const_mem': []};63.0;0.0;64.0;64.0;[];;;;BaseControlType.CONSTANT_BASE;BaseControlType.CONSTANT_BASE;BaseControlType.CONSTANT_BASE;3;BranchControlType.BRANCH_INDEPENDENT_FROM_SECRET;BranchControlType.BRANCH_INDEPENDENT_FROM_SECRET;26932;True;False;True;True;True;False;False;True;True;False;False;False;True;False;True;False;True;False;True;False;[];['has_valid_base'];True;False;True;True;True;False;False;True;True;False;False;False;True;False;True;False;True;False;True;False;[];['has_valid_base']
93278476-6f2d-4f69-9cfc-1b5100c3e2a8;RMD160Init@@LIBMD_0.0;0x3340;0x3368;0x0;TransmitterType.STORE;12;0;False;['0x3340'];<BV64 x0>;64;[];[];['<BV64 x0>'];[];['<BV64 x0>'];[];[];0;18446744073709551615;18446744073709551615;1;;;True;0;18446744073709551615;18446744073709551615;1;;;True;ControlType.CONTROLLED;0;;0;[];[];[];[];[];[];[];0.0;0.0;0.0;0.0;;;False;0.0;0.0;0.0;0.0;;;False;ControlType.UNKNOWN;0;;0;[];[];[];[];[];[];[];0;0;0;;;;False;0.0;0.0;0.0;0.0;;;False;ControlType.UNKNOWN;0;<BV64 x0>;64;[];[];['<BV64 x0>'];[];['<BV64 x0>'];[];[];0.0;1.8446744073709552e+19;18446744073709551615;1;;;True;0.0;1.8446744073709552e+19;18446744073709551615;1;;;True;ControlType.CONTROLLED;0;<BV64 x0>;64;[];[];['<BV64 x0>'];[];['<BV64 x0>'];[];[];0.0;1.8446744073709552e+19;1.8446744073709552e+19;1.0;;;True;0.0;1.8446744073709552e+19;1.8446744073709552e+19;1.0;;;True;ControlType.CONTROLLED;0;<BV64 x0>;64;[];[];[];[];[];[];[];0;0;0;;;;False;0;0;0;;;;False;ControlType.UNKNOWN;0;[];{'regs': [], 'indirect_regs': [], 'direct_regs': [], 'mem': [], 'const_mem': []};[];{'regs': [], 'indirect_regs': [], 'direct_regs': [], 'mem': [], 'const_mem': []};{'regs': ['<BV64 x0>'], 'indirect_regs': [], 'direct_regs': ['<BV64 x0>'], 'mem': [], 'const_mem': []};{'regs': ['<BV64 x0>'], 'indirect_regs': [], 'direct_regs': ['<BV64 x0>'], 'mem': [], 'const_mem': []};63.0;0.0;64.0;64.0;[];;;;BaseControlType.NO_BASE;BaseControlType.NO_BASE;BaseControlType.NO_BASE;0;BranchControlType.BRANCH_INDEPENDENT_FROM_SECRET;BranchControlType.BRANCH_INDEPENDENT_FROM_SECRET;13160;True;False;True;True;True;False;False;True;True;False;False;False;True;False;True;False;True;False;True;False;[];['has_valid_base'];True;False;True;True;True;False;False;True;True;False;False;False;True;False;True;False;True;False;True;False;[];['has_valid_base']
3a025849-eb13-49f2-b702-1dac5ac8caaa;SHA384End@@LIBMD_0.0;0x83e4;0x6934;0x0;TransmitterType.LOAD;30;0;False;['0x83e4', '0x8418', '0x6bc0', '0x6920'];<BV64 0x40 + x0>;64;[];[];['<BV64 x0>'];[];['<BV64 x0>'];[];[];0;18446744073709551615;18446744073709551615;1;;;True;0;18446744073709551615;18446744073709551615;1;;;True;ControlType.CONTROLLED;0;<BV64 0x40>;64;[];[];[];[];[];[];[];64.0;64.0;0.0;1.0;;;True;64.0;64.0;0.0;1.0;;;True;ControlType.NO_CONTROL;0;<BV64 0x40>;64;[];[];[];[];[];[];[];64;64;0;1.0;;;True;64.0;64.0;0.0;1.0;;;True;ControlType.NO_CONTROL;0;<BV64 x0>;64;[];[];['<BV64 x0>'];[];['<BV64 x0>'];[];[];0.0;1.8446744073709552e+19;18446744073709551615;1;;;True;0.0;1.8446744073709552e+19;18446744073709551615;1;;;True;ControlType.CONTROLLED;0;<BV64 x0>;64;[];[];['<BV64 x0>'];[];['<BV64 x0>'];[];[];0.0;1.8446744073709552e+19;1.8446744073709552e+19;1.0;;;True;0.0;1.8446744073709552e+19;1.8446744073709552e+19;1.0;;;True;ControlType.CONTROLLED;0;<BV64 x0>;64;[];[];[];[];[];[];[];0;0;0;;;;False;0;0;0;;;;False;ControlType.UNKNOWN;0;[('0x6bdc', <Bool True>, 'Taken'), ('0x8414', <Bool x1 != 0x0>, 'Taken'), ('0x8420', <Bool True>, 'Taken')];{'regs': ['<BV64 x1>'], 'indirect_regs': [], 'direct_regs': ['<BV64 x1>'], 'mem': [], 'const_mem': []};[];{'regs': [], 'indirect_regs': [], 'direct_regs': [], 'mem': [], 'const_mem': []};{'regs': ['<BV64 x0>'], 'indirect_regs': [], 'direct_regs': ['<BV64 x0>'], 'mem': [], 'const_mem': []};{'regs': ['<BV64 x0>', '<BV64 x1>'], 'indirect_regs': [], 'direct_regs': ['<BV64 x0>', '<BV64 x1>'], 'mem': [], 'const_mem': []};63.0;0.0;64.0;64.0;[];;;;BaseControlType.CONSTANT_BASE;BaseControlType.CONSTANT_BASE;BaseControlType.CONSTANT_BASE;3;BranchControlType.BRANCH_INDEPENDENT_FROM_SECRET;BranchControlType.BRANCH_INDEPENDENT_FROM_SECRET;26932;True;False;True;True;True;False;False;True;True;False;False;False;True;False;True;False;True;False;True;False;[];['has_valid_base'];True;False;True;True;True;False;False;True;True;False;False;False;True;False;True;False;True;False;True;False;[];['has_valid_base']
19dbbecf-3b2c-4533-963a-8b7db40cea0e;SHA1End@@LIBMD_0.0;0x7a84;0x5d38;0x0;TransmitterType.LOAD;39;0;False;['0x7a84', '0x7ab8', '0x5e00', '0x5d00'];<BV64 0x18 + x0>;64;[];[];['<BV64 x0>'];[];['<BV64 x0>'];[];[];0;18446744073709551615;18446744073709551615;1;;;True;0;18446744073709551615;18446744073709551615;1;;;True;ControlType.CONTROLLED;0;<BV64 0x18>;64;[];[];[];[];[];[];[];24.0;24.0;0.0;1.0;;;True;24.0;24.0;0.0;1.0;;;True;ControlType.NO_CONTROL;0;<BV64 0x18>;64;[];[];[];[];[];[];[];24;24;0;1.0;;;True;24.0;24.0;0.0;1.0;;;True;ControlType.NO_CONTROL;0;<BV64 x0>;64;[];[];['<BV64 x0>'];[];['<BV64 x0>'];[];[];0.0;1.8446744073709552e+19;18446744073709551615;1;;;True;0.0;1.8446744073709552e+19;18446744073709551615;1;;;True;ControlType.CONTROLLED;0;<BV64 x0>;64;[];[];['<BV64 x0>'];[];['<BV64 x0>'];[];[];0.0;1.8446744073709552e+19;1.8446744073709552e+19;1.0;;;True;0.0;1.8446744073709552e+19;1.8446744073709552e+19;1.0;;;True;ControlType.CONTROLLED;0;<BV64 x0>;64;[];[];[];[];[];[];[];0;0;0;;;;False;0;0;0;;;;False;ControlType.UNKNOWN;0;[('0x5e1c', <Bool True>, 'Taken'), ('0x7ab4', <Bool x1 != 0x0>, 'Taken'), ('0x7ac0', <Bool True>, 'Taken')];{'regs': ['<BV64 x1>'], 'indirect_regs': [], 'direct_regs': ['<BV64 x1>'], 'mem': [], 'const_mem': []};[];{'regs': [], 'indirect_regs': [], 'direct_regs': [], 'mem': [], 'const_mem': []};{'regs': ['<BV64 x0>'], 'indirect_regs': [], 'direct_regs': ['<BV64 x0>'], 'mem': [], 'const_mem': []};{'regs': ['<BV64 x0>', '<BV64 x1>'], 'indirect_regs': [], 'direct_regs': ['<BV64 x0>', '<BV64 x1>'], 'mem': [], 'const_mem': []};63.0;0.0;64.0;64.0;[];;;;BaseControlType.CONSTANT_BASE;BaseControlType.CONSTANT_BASE;BaseControlType.CONSTANT_BASE;3;BranchControlType.BRANCH_INDEPENDENT_FROM_SECRET;BranchControlType.BRANCH_INDEPENDENT_FROM_SECRET;23864;True;False;True;True;True;False;False;True;True;False;False;False;True;False;True;False;True;False;True;False;[];['has_valid_base'];True;False;True;True;True;False;False;True;True;False;False;False;True;False;True;False;True;False;True;False;[];['has_valid_base']
b1a9d550-847f-40a9-88c2-80db8a9fa074;MD2Init@@LIBMD_0.0;0x1b80;0x1b98;0x0;TransmitterType.STORE;7;0;False;['0x1b80'];<BV64 0xc + x0>;64;[];[];['<BV64 x0>'];[];['<BV64 x0>'];[];[];0;18446744073709551615;18446744073709551615;1;;;True;0;18446744073709551615;18446744073709551615;1;;;True;ControlType.CONTROLLED;0;<BV64 0xc>;64;[];[];[];[];[];[];[];12.0;12.0;0.0;1.0;;;True;12.0;12.0;0.0;1.0;;;True;ControlType.NO_CONTROL;0;<BV64 0xc>;64;[];[];[];[];[];[];[];12;12;0;1.0;;;True;12.0;12.0;0.0;1.0;;;True;ControlType.NO_CONTROL;0;<BV64 x0>;64;[];[];['<BV64 x0>'];[];['<BV64 x0>'];[];[];0.0;1.8446744073709552e+19;18446744073709551615;1;;;True;0.0;1.8446744073709552e+19;18446744073709551615;1;;;True;ControlType.CONTROLLED;0;<BV64 x0>;64;[];[];['<BV64 x0>'];[];['<BV64 x0>'];[];[];0.0;1.8446744073709552e+19;1.8446744073709552e+19;1.0;;;True;0.0;1.8446744073709552e+19;1.8446744073709552e+19;1.0;;;True;ControlType.CONTROLLED;0;<BV64 x0>;64;[];[];[];[];[];[];[];0;0;0;;;;False;0;0;0;;;;False;ControlType.UNKNOWN;0;[];{'regs': [], 'indirect_regs': [], 'direct_regs': [], 'mem': [], 'const_mem': []};[];{'regs': [], 'indirect_regs': [], 'direct_regs': [], 'mem': [], 'const_mem': []};{'regs': ['<BV64 x0>'], 'indirect_regs': [], 'direct_regs': ['<BV64 x0>'], 'mem': [], 'const_mem': []};{'regs': ['<BV64 x0>'], 'indirect_regs': [], 'direct_regs': ['<BV64 x0>'], 'mem': [], 'const_mem': []};63.0;0.0;64.0;64.0;[];;;;BaseControlType.CONSTANT_BASE;BaseControlType.CONSTANT_BASE;BaseControlType.CONSTANT_BASE;0;BranchControlType.BRANCH_INDEPENDENT_FROM_SECRET;BranchControlType.BRANCH_INDEPENDENT_FROM_SECRET;7064;True;False;True;True;True;False;False;True;True;False;False;False;True;False;True;False;True;False;True;False;[];['has_valid_base'];True;False;True;True;True;False;False;True;True;False;False;False;True;False;True;False;True;False;True;False;[];['has_valid_base']
d49be5f8-78de-425b-b553-7398503220b2;MD2End@@LIBMD_0.0;0x6da4;0x1d64;0x0;TransmitterType.LOAD;26;0;False;['0x6da4', '0x6dd8', '0x1d40'];<BV64 x0>;64;[];[];['<BV64 x0>'];[];['<BV64 x0>'];[];[];0;18446744073709551615;18446744073709551615;1;;;True;0;18446744073709551615;18446744073709551615;1;;;True;ControlType.CONTROLLED;0;;0;[];[];[];[];[];[];[];0.0;0.0;0.0;0.0;;;False;0.0;0.0;0.0;0.0;;;False;ControlType.UNKNOWN;0;;0;[];[];[];[];[];[];[];0;0;0;;;;False;0.0;0.0;0.0;0.0;;;False;ControlType.UNKNOWN;0;<BV64 x0>;64;[];[];['<BV64 x0>'];[];['<BV64 x0>'];[];[];0.0;1.8446744073709552e+19;18446744073709551615;1;;;True;0.0;1.8446744073709552e+19;18446744073709551615;1;;;True;ControlType.CONTROLLED;0;<BV64 x0>;64;[];[];['<BV64 x0>'];[];['<BV64 x0>'];[];[];0.0;1.8446744073709552e+19;1.8446744073709552e+19;1.0;;;True;0.0;1.8446744073709552e+19;1.8446744073709552e+19;1.0;;;True;ControlType.CONTROLLED;0;<BV64 x0>;64;[];[];[];[];[];[];[];0;0;0;;;;False;0;0;0;;;;False;ControlType.UNKNOWN;0;[('0x6dd4', <Bool x1 != 0x0>, 'Taken'), ('0x6de0', <Bool True>, 'Taken')];{'regs': ['<BV64 x1>'], 'indirect_regs': [], 'direct_regs': ['<BV64 x1>'], 'mem': [], 'const_mem': []};[];{'regs': [], 'indirect_regs': [], 'direct_regs': [], 'mem': [], 'const_mem': []};{'regs': ['<BV64 x0>'], 'indirect_regs': [], 'direct_regs': ['<BV64 x0>'], 'mem': [], 'const_mem': []};{'regs': ['<BV64 x0>', '<BV64 x1>'], 'indirect_regs': [], 'direct_regs': ['<BV64 x0>', '<BV64 x1>'], 'mem': [], 'const_mem': []};63.0;0.0;64.0;64.0;[];;;;BaseControlType.NO_BASE;BaseControlType.NO_BASE;BaseControlType.NO_BASE;2;BranchControlType.BRANCH_INDEPENDENT_FROM_SECRET;BranchControlType.BRANCH_INDEPENDENT_FROM_SECRET;7524;True;False;True;True;True;False;False;True;True;False;False;False;True;False;True;False;True;False;True;False;[];['has_valid_base'];True;False;True;True;True;False;False;True;True;False;False;False;True;False;True;False;True;False;True;False;[];['has_valid_base']
75206a5c-2f92-4480-811c-47a7f3857080;MD4End@@LIBMD_0.0;0x70e0;0x254c;0x0;TransmitterType.LOAD;34;0;False;['0x70e0', '0x7114', '0x25cc', '0x2528'];<BV64 0x10 + x0>;64;[];[];['<BV64 x0>'];[];['<BV64 x0>'];[];[];0;18446744073709551615;18446744073709551615;1;;;True;0;18446744073709551615;18446744073709551615;1;;;True;ControlType.CONTROLLED;0;<BV64 0x10>;64;[];[];[];[];[];[];[];16.0;16.0;0.0;1.0;;;True;16.0;16.0;0.0;1.0;;;True;ControlType.NO_CONTROL;0;<BV64 0x10>;64;[];[];[];[];[];[];[];16;16;0;1.0;;;True;16.0;16.0;0.0;1.0;;;True;ControlType.NO_CONTROL;0;<BV64 x0>;64;[];[];['<BV64 x0>'];[];['<BV64 x0>'];[];[];0.0;1.8446744073709552e+19;18446744073709551615;1;;;True;0.0;1.8446744073709552e+19;18446744073709551615;1;;;True;ControlType.CONTROLLED;0;<BV64 x0>;64;[];[];['<BV64 x0>'];[];['<BV64 x0>'];[];[];0.0;1.8446744073709552e+19;1.8446744073709552e+19;1.0;;;True;0.0;1.8446744073709552e+19;1.8446744073709552e+19;1.0;;;True;ControlType.CONTROLLED;0;<BV64 x0>;64;[];[];[];[];[];[];[];0;0;0;;;;False;0;0;0;;;;False;ControlType.UNKNOWN;0;[('0x25e8', <Bool True>, 'Taken'), ('0x7110', <Bool x1 != 0x0>, 'Taken'), ('0x711c', <Bool True>, 'Taken')];{'regs': ['<BV64 x1>'], 'indirect_regs': [], 'direct_regs': ['<BV64 x1>'], 'mem': [], 'const_mem': []};[];{'regs': [], 'indirect_regs': [], 'direct_regs': [], 'mem': [], 'const_mem': []};{'regs': ['<BV64 x0>'], 'indirect_regs': [], 'direct_regs': ['<BV64 x0>'], 'mem': [], 'const_mem': []};{'regs': ['<BV64 x0>', '<BV64 x1>'], 'indirect_regs': [], 'direct_regs': ['<BV64 x0>', '<BV64 x1>'], 'mem': [], 'const_mem': []};63.0;0.0;64.0;64.0;[];;;;BaseControlType.CONSTANT_BASE;BaseControlType.CONSTANT_BASE;BaseControlType.CONSTANT_BASE;3;BranchControlType.BRANCH_INDEPENDENT_FROM_SECRET;BranchControlType.BRANCH_INDEPENDENT_FROM_SECRET;9548;True;False;True;True;True;False;False;True;True;False;False;False;True;False;True;False;True;False;True;False;[];['has_valid_base'];True;False;True;True;True;False;False;True;True;False;False;False;True;False;True;False;True;False;True;False;[];['has_valid_base']
a341885e-537a-43f1-be2d-3c3c42b74277;SHA384Init@@LIBMD_0.0;0x6b60;0x6b8c;0x0;TransmitterType.STORE;13;0;False;['0x6b60'];<BV64 0x10 + x0>;64;[];[];['<BV64 x0>'];[];['<BV64 x0>'];[];[];0;18446744073709551615;18446744073709551615;1;;;True;0;18446744073709551615;18446744073709551615;1;;;True;ControlType.CONTROLLED;0;<BV64 0x10>;64;[];[];[];[];[];[];[];16.0;16.0;0.0;1.0;;;True;16.0;16.0;0.0;1.0;;;True;ControlType.NO_CONTROL;0;<BV64 0x10>;64;[];[];[];[];[];[];[];16;16;0;1.0;;;True;16.0;16.0;0.0;1.0;;;True;ControlType.NO_CONTROL;0;<BV64 x0>;64;[];[];['<BV64 x0>'];[];['<BV64 x0>'];[];[];0.0;1.8446744073709552e+19;18446744073709551615;1;;;True;0.0;1.8446744073709552e+19;18446744073709551615;1;;;True;ControlType.CONTROLLED;0;<BV64 x0>;64;[];[];['<BV64 x0>'];[];['<BV64 x0>'];[];[];0.0;1.8446744073709552e+19;1.8446744073709552e+19;1.0;;;True;0.0;1.8446744073709552e+19;1.8446744073709552e+19;1.0;;;True;ControlType.CONTROLLED;0;<BV64 x0>;64;[];[];[];[];[];[];[];0;0;0;;;;False;0;0;0;;;;False;ControlType.UNKNOWN;0;[];{'regs': [], 'indirect_regs': [], 'direct_regs': [], 'mem': [], 'const_mem': []};[];{'regs': [], 'indirect_regs': [], 'direct_regs': [], 'mem': [], 'const_mem': []};{'regs': ['<BV64 x0>'], 'indirect_regs': [], 'direct_regs': ['<BV64 x0>'], 'mem': [], 'const_mem': []};{'regs': ['<BV64 x0>'], 'indirect_regs': [], 'direct_regs': ['<BV64 x0>'], 'mem': [], 'const_mem': []};63.0;0.0;64.0;64.0;[];;;;BaseControlType.CONSTANT_BASE;BaseControlType.CONSTANT_BASE;BaseControlType.CONSTANT_BASE;0;BranchControlType.BRANCH_INDEPENDENT_FROM_SECRET;BranchControlType.BRANCH_INDEPENDENT_FROM_SECRET;27532;True;False;True;True;True;False;False;True;True;False;False;False;True;False;True;False;True;False;True;False;[];['has_valid_base'];True;False;True;True;True;False;False;True;True;False;False;False;True;False;True;False;True;False;True;False;[];['has_valid_base']
7df2ed98-381c-4a56-9c39-77bb7b82aedf;SHA512_256Transform@@LIBMD_0.1;0x6544;0x658c;0x0;TransmitterType.LOAD;19;0;False;['0x6544'];<BV64 0x10 + x0>;64;[];[];['<BV64 x0>'];[];['<BV64 x0>'];[];[];0;18446744073709551615;18446744073709551615;1;;;True;0;18446744073709551615;18446744073709551615;1;;;True;ControlType.CONTROLLED;0;<BV64 0x10>;64;[];[];[];[];[];[];[];16.0;16.0;0.0;1.0;;;True;16.0;16.0;0.0;1.0;;;True;ControlType.NO_CONTROL;0;<BV64 0x10>;64;[];[];[];[];[];[];[];16;16;0;1.0;;;True;16.0;16.0;0.0;1.0;;;True;ControlType.NO_CONTROL;0;<BV64 x0>;64;[];[];['<BV64 x0>'];[];['<BV64 x0>'];[];[];0.0;1.8446744073709552e+19;18446744073709551615;1;;;True;0.0;1.8446744073709552e+19;18446744073709551615;1;;;True;ControlType.CONTROLLED;0;<BV64 x0>;64;[];[];['<BV64 x0>'];[];['<BV64 x0>'];[];[];0.0;1.8446744073709552e+19;1.8446744073709552e+19;1.0;;;True;0.0;1.8446744073709552e+19;1.8446744073709552e+19;1.0;;;True;ControlType.CONTROLLED;0;<BV64 x0>;64;[];[];[];[];[];[];[];0;0;0;;;;False;0;0;0;;;;False;ControlType.UNKNOWN;0;[];{'regs': [], 'indirect_regs': [], 'direct_regs': [], 'mem': [], 'const_mem': []};[];{'regs': [], 'indirect_regs': [], 'direct_regs': [], 'mem': [], 'const_mem': []};{'regs': ['<BV64 x0>'], 'indirect_regs': [], 'direct_regs': ['<BV64 x0>'], 'mem': [], 'const_mem': []};{'regs': ['<BV64 x0>'], 'indirect_regs': [], 'direct_regs': ['<BV64 x0>'], 'mem': [], 'const_mem': []};63.0;0.0;64.0;64.0;[];;;;BaseControlType.CONSTANT_BASE;BaseControlType.CONSTANT_BASE;BaseControlType.CONSTANT_BASE;0;BranchControlType.BRANCH_INDEPENDENT_FROM_SECRET;BranchControlType.BRANCH_INDEPENDENT_FROM_SECRET;25996;True;False;True;True;True;False;False;True;True;False;False;False;True;False;True;False;True;False;True;False;[];['has_valid_base'];True;False;True;True;True;False;False;True;True;False;False;False;True;False;True;False;True;False;True;False;[];['has_valid_base']
1ca64557-0e46-45c4-a60a-b79b70aed157;RMD160End@@LIBMD_0.0;0x7760;0x4af4;0x0;TransmitterType.LOAD;34;0;False;['0x7760', '0x7794', '0x4b80', '0x4ad0'];<BV64 0x18 + x0>;64;[];[];['<BV64 x0>'];[];['<BV64 x0>'];[];[];0;18446744073709551615;18446744073709551615;1;;;True;0;18446744073709551615;18446744073709551615;1;;;True;ControlType.CONTROLLED;0;<BV64 0x18>;64;[];[];[];[];[];[];[];24.0;24.0;0.0;1.0;;;True;24.0;24.0;0.0;1.0;;;True;ControlType.NO_CONTROL;0;<BV64 0x18>;64;[];[];[];[];[];[];[];24;24;0;1.0;;;True;24.0;24.0;0.0;1.0;;;True;ControlType.NO_CONTROL;0;<BV64 x0>;64;[];[];['<BV64 x0>'];[];['<BV64 x0>'];[];[];0.0;1.8446744073709552e+19;18446744073709551615;1;;;True;0.0;1.8446744073709552e+19;18446744073709551615;1;;;True;ControlType.CONTROLLED;0;<BV64 x0>;64;[];[];['<BV64 x0>'];[];['<BV64 x0>'];[];[];0.0;1.8446744073709552e+19;1.8446744073709552e+19;1.0;;;True;0.0;1.8446744073709552e+19;1.8446744073709552e+19;1.0;;;True;ControlType.CONTROLLED;0;<BV64 x0>;64;[];[];[];[];[];[];[];0;0;0;;;;False;0;0;0;;;;False;ControlType.UNKNOWN;0;[('0x4b9c', <Bool True>, 'Taken'), ('0x7790', <Bool x1 != 0x0>, 'Taken'), ('0x779c', <Bool True>, 'Taken')];{'regs': ['<BV64 x1>'], 'indirect_regs': [], 'direct_regs': ['<BV64 x1>'], 'mem': [], 'const_mem': []};[];{'regs': [], 'indirect_regs': [], 'direct_regs': [], 'mem': [], 'const_mem': []};{'regs': ['<BV64 x0>'], 'indirect_regs': [], 'direct_regs': ['<BV64 x0>'], 'mem': [], 'const_mem': []};{'regs': ['<BV64 x0>', '<BV64 x1>'], 'indirect_regs': [], 'direct_regs': ['<BV64 x0>', '<BV64 x1>'], 'mem': [], 'const_mem': []};63.0;0.0;64.0;64.0;[];;;;BaseControlType.CONSTANT_BASE;BaseControlType.CONSTANT_BASE;BaseControlType.CONSTANT_BASE;3;BranchControlType.BRANCH_INDEPENDENT_FROM_SECRET;BranchControlType.BRANCH_INDEPENDENT_FROM_SECRET;19188;True;False;True;True;True;False;False;True;True;False;False;False;True;False;True;False;True;False;True;False;[];['has_valid_base'];True;False;True;True;True;False;False;True;True;False;False;False;True;False;True;False;True;False;True;False;[];['has_valid_base']
708a20c4-74ea-4228-94d9-b61739d704ef;MD2Transform@@LIBMD_0.0;0x1bc0;0x1be8;0x0;TransmitterType.LOAD;11;0;False;['0x1bc0'];<BV64 0x4 + x0>;64;[];[];['<BV64 x0>'];[];['<BV64 x0>'];[];[];0;18446744073709551615;18446744073709551615;1;;;True;0;18446744073709551615;18446744073709551615;1;;;True;ControlType.CONTROLLED;0;<BV64 0x4>;64;[];[];[];[];[];[];[];4.0;4.0;0.0;1.0;;;True;4.0;4.0;0.0;1.0;;;True;ControlType.NO_CONTROL;0;<BV64 0x4>;64;[];[];[];[];[];[];[];4;4;0;1.0;;;True;4.0;4.0;0.0;1.0;;;True;ControlType.NO_CONTROL;0;<BV64 x0>;64;[];[];['<BV64 x0>'];[];['<BV64 x0>'];[];[];0.0;1.8446744073709552e+19;18446744073709551615;1;;;True;0.0;1.8446744073709552e+19;18446744073709551615;1;;;True;ControlType.CONTROLLED;0;<BV64 x0>;64;[];[];['<BV64 x0>'];[];['<BV64 x0>'];[];[];0.0;1.8446744073709552e+19;1.8446744073709552e+19;1.0;;;True;0.0;1.8446744073709552e+19;1.8446744073709552e+19;1.0;;;True;ControlType.CONTROLLED;0;<BV64 x0>;64;[];[];[];[];[];[];[];0;0;0;;;;False;0;0;0;;;;False;ControlType.UNKNOWN;0;[];{'regs': [], 'indirect_regs': [], 'direct_regs': [], 'mem': [], 'const_mem': []};[];{'regs': [], 'indirect_regs': [], 'direct_regs': [], 'mem': [], 'const_mem': []};{'regs': ['<BV64 x0>'], 'indirect_regs': [], 'direct_regs': ['<BV64 x0>'], 'mem': [], 'const_mem': []};{'regs': ['<BV64 x0>'], 'indirect_regs': [], 'direct_regs': ['<BV64 x0>'], 'mem': [], 'const_mem': []};63.0;0.0;64.0;64.0;[];;;;BaseControlType.CONSTANT_BASE;BaseControlType.CONSTANT_BASE;BaseControlType.CONSTANT_BASE;0;BranchControlType.BRANCH_INDEPENDENT_FROM_SECRET;BranchControlType.BRANCH_INDEPENDENT_FROM_SECRET;7144;True;False;True;True;True;False;False;True;True;False;False;False;True;False;True;False;True;False;True;False;[];['has_valid_base'];True;False;True;True;True;False;False;True;True;False;False;False;True;False;True;False;True;False;True;False;[];['has_valid_base']
97208a7c-df13-431e-8877-e5e752bd8b3f;RMD160Transform@@LIBMD_0.0;0x3380;0x33f4;0x0;TransmitterType.LOAD;30;0;False;['0x3380'];<BV64 0xc + x0>;64;[];[];['<BV64 x0>'];[];['<BV64 x0>'];[];[];0;18446744073709551615;18446744073709551615;1;;;True;0;18446744073709551615;18446744073709551615;1;;;True;ControlType.CONTROLLED;0;<BV64 0xc>;64;[];[];[];[];[];[];[];12.0;12.0;0.0;1.0;;;True;12.0;12.0;0.0;1.0;;;True;ControlType.NO_CONTROL;0;<BV64 0xc>;64;[];[];[];[];[];[];[];12;12;0;1.0;;;True;12.0;12.0;0.0;1.0;;;True;ControlType.NO_CONTROL;0;<BV64 x0>;64;[];[];['<BV64 x0>'];[];['<BV64 x0>'];[];[];0.0;1.8446744073709552e+19;18446744073709551615;1;;;True;0.0;1.8446744073709552e+19;18446744073709551615;1;;;True;ControlType.CONTROLLED;0;<BV64 x0>;64;[];[];['<BV64 x0>'];[];['<BV64 x0>'];[];[];0.0;1.8446744073709552e+19;1.8446744073709552e+19;1.0;;;True;0.0;1.8446744073709552e+19;1.8446744073709552e+19;1.0;;;True;ControlType.CONTROLLED;0;<BV64 x0>;64;[];[];[];[];[];[];[];0;0;0;;;;False;0;0;0;;;;False;ControlType.UNKNOWN;0;[];{'regs': [], 'indirect_regs': [], 'direct_regs': [], 'mem': [], 'const_mem': []};[];{'regs': [], 'indirect_regs': [], 'direct_regs': [], 'mem': [], 'const_mem': []};{'regs': ['<BV64 x0>'], 'indirect_regs': [], 'direct_regs': ['<BV64 x0>'], 'mem': [], 'const_mem': []};{'regs': ['<BV64 x0>'], 'indirect_regs': [], 'direct_regs': ['<BV64 x0>'], 'mem': [], 'const_mem': []};63.0;0.0;64.0;64.0;[];;;;BaseControlType.CONSTANT_BASE;BaseControlType.CONSTANT_BASE;BaseControlType.CONSTANT_BASE;0;BranchControlType.BRANCH_INDEPENDENT_FROM_SECRET;BranchControlType.BRANCH_INDEPENDENT_FROM_SECRET;13300;True;False;True;True;True;False;False;True;True;False;False;False;True;False;True;False;True;False;True;False;[];['has_valid_base'];True;False;True;True;True;False;False;True;True;False;False;False;True;False;True;False;True;False;True;False;[];['has_valid_base']
17b81650-da3d-4711-80a1-8f62a4358c9a;SHA224Init@@LIBMD_0.1;0x5e68;0x5e90;0x0;TransmitterType.STORE;12;0;False;['0x5e68'];<BV64 0x10 + x0>;64;[];[];['<BV64 x0>'];[];['<BV64 x0>'];[];[];0;18446744073709551615;18446744073709551615;1;;;True;0;18446744073709551615;18446744073709551615;1;;;True;ControlType.CONTROLLED;0;<BV64 0x10>;64;[];[];[];[];[];[];[];16.0;16.0;0.0;1.0;;;True;16.0;16.0;0.0;1.0;;;True;ControlType.NO_CONTROL;0;<BV64 0x10>;64;[];[];[];[];[];[];[];16;16;0;1.0;;;True;16.0;16.0;0.0;1.0;;;True;ControlType.NO_CONTROL;0;<BV64 x0>;64;[];[];['<BV64 x0>'];[];['<BV64 x0>'];[];[];0.0;1.8446744073709552e+19;18446744073709551615;1;;;True;0.0;1.8446744073709552e+19;18446744073709551615;1;;;True;ControlType.CONTROLLED;0;<BV64 x0>;64;[];[];['<BV64 x0>'];[];['<BV64 x0>'];[];[];0.0;1.8446744073709552e+19;1.8446744073709552e+19;1.0;;;True;0.0;1.8446744073709552e+19;1.8446744073709552e+19;1.0;;;True;ControlType.CONTROLLED;0;<BV64 x0>;64;[];[];[];[];[];[];[];0;0;0;;;;False;0;0;0;;;;False;ControlType.UNKNOWN;0;[];{'regs': [], 'indirect_regs': [], 'direct_regs': [], 'mem': [], 'const_mem': []};[];{'regs': [], 'indirect_regs': [], 'direct_regs': [], 'mem': [], 'const_mem': []};{'regs': ['<BV64 x0>'], 'indirect_regs': [], 'direct_regs': ['<BV64 x0>'], 'mem': [], 'const_mem': []};{'regs': ['<BV64 x0>'], 'indirect_regs': [], 'direct_regs': ['<BV64 x0>'], 'mem': [], 'const_mem': []};63.0;0.0;64.0;64.0;[];;;;BaseControlType.CONSTANT_BASE;BaseControlType.CONSTANT_BASE;BaseControlType.CONSTANT_BASE;0;BranchControlType.BRANCH_INDEPENDENT_FROM_SECRET;BranchControlType.BRANCH_INDEPENDENT_FROM_SECRET;24208;True;False;True;True;True;False;False;True;True;False;False;False;True;False;True;False;True;False;True;False;[];['has_valid_base'];True;False;True;True;True;False;False;True;True;False;False;False;True;False;True;False;True;False;True;False;[];['has_valid_base']
c5b6b45d-2781-4099-b81e-6670b2b43c87;SHA512Transform@@LIBMD_0.0;0x6544;0x658c;0x0;TransmitterType.LOAD;19;0;False;['0x6544'];<BV64 0x10 + x0>;64;[];[];['<BV64 x0>'];[];['<BV64 x0>'];[];[];0;18446744073709551615;18446744073709551615;1;;;True;0;18446744073709551615;18446744073709551615;1;;;True;ControlType.CONTROLLED;0;<BV64 0x10>;64;[];[];[];[];[];[];[];16.0;16.0;0.0;1.0;;;True;16.0;16.0;0.0;1.0;;;True;ControlType.NO_CONTROL;0;<BV64 0x10>;64;[];[];[];[];[];[];[];16;16;0;1.0;;;True;16.0;16.0;0.0;1.0;;;True;ControlType.NO_CONTROL;0;<BV64 x0>;64;[];[];['<BV64 x0>'];[];['<BV64 x0>'];[];[];0.0;1.8446744073709552e+19;18446744073709551615;1;;;True;0.0;1.8446744073709552e+19;18446744073709551615;1;;;True;ControlType.CONTROLLED;0;<BV64 x0>;64;[];[];['<BV64 x0>'];[];['<BV64 x0>'];[];[];0.0;1.8446744073709552e+19;1.8446744073709552e+19;1.0;;;True;0.0;1.8446744073709552e+19;1.8446744073709552e+19;1.0;;;True;ControlType.CONTROLLED;0;<BV64 x0>;64;[];[];[];[];[];[];[];0;0;0;;;;False;0;0;0;;;;False;ControlType.UNKNOWN;0;[];{'regs': [], 'indirect_regs': [], 'direct_regs': [], 'mem': [], 'const_mem': []};[];{'regs': [], 'indirect_regs': [], 'direct_regs': [], 'mem': [], 'const_mem': []};{'regs': ['<BV64 x0>'], 'indirect_regs': [], 'direct_regs': ['<BV64 x0>'], 'mem': [], 'const_mem': []};{'regs': ['<BV64 x0>'], 'indirect_regs': [], 'direct_regs': ['<BV64 x0>'], 'mem': [], 'const_mem': []};63.0;0.0;64.0;64.0;[];;;;BaseControlType.CONSTANT_BASE;BaseControlType.CONSTANT_BASE;BaseControlType.CONSTANT_BASE;0;BranchControlType.BRANCH_INDEPENDENT_FROM_SECRET;BranchControlType.BRANCH_INDEPENDENT_FROM_SECRET;25996;True;False;True;True;True;False;False;True;True;False;False;False;True;False;True;False;True;False;True;False;[];['has_valid_base'];True;False;True;True;True;False;False;True;True;False;False;False;True;False;True;False;True;False;True;False;[];['has_valid_base']
691142ab-48d3-47eb-924b-097cc2878e5a;MD5Pad@@LIBMD_0.0;0x3208;0x3130;0x0;TransmitterType.LOAD;36;0;False;['0x3208', '0x3108'];<BV64 0x10 + x0>;64;[];[];['<BV64 x0>'];[];['<BV64 x0>'];[];[];0;18446744073709551615;18446744073709551615;1;;;True;0;18446744073709551615;18446744073709551615;1;;;True;ControlType.CONTROLLED;0;<BV64 0x10>;64;[];[];[];[];[];[];[];16.0;16.0;0.0;1.0;;;True;16.0;16.0;0.0;1.0;;;True;ControlType.NO_CONTROL;0;<BV64 0x10>;64;[];[];[];[];[];[];[];16;16;0;1.0;;;True;16.0;16.0;0.0;1.0;;;True;ControlType.NO_CONTROL;0;<BV64 x0>;64;[];[];['<BV64 x0>'];[];['<BV64 x0>'];[];[];0.0;1.8446744073709552e+19;18446744073709551615;1;;;True;0.0;1.8446744073709552e+19;18446744073709551615;1;;;True;ControlType.CONTROLLED;0;<BV64 x0>;64;[];[];['<BV64 x0>'];[];['<BV64 x0>'];[];[];0.0;1.8446744073709552e+19;1.8446744073709552e+19;1.0;;;True;0.0;1.8446744073709552e+19;1.8446744073709552e+19;1.0;;;True;ControlType.CONTROLLED;0;<BV64 x0>;64;[];[];[];[];[];[];[];0;0;0;;;;False;0;0;0;;;;False;ControlType.UNKNOWN;0;[('0x3268', <Bool True>, 'Taken')];{'regs': [], 'indirect_regs': [], 'direct_regs': [], 'mem': [], 'const_mem': []};[];{'regs': [], 'indirect_regs': [], 'direct_regs': [], 'mem': [], 'const_mem': []};{'regs': ['<BV64 x0>'], 'indirect_regs': [], 'direct_regs': ['<BV64 x0>'], 'mem': [], 'const_mem': []};{'regs': ['<BV64 x0>'], 'indirect_regs': [], 'direct_regs': ['<BV64 x0>'], 'mem': [], 'const_mem': []};63.0;0.0;64.0;64.0;[];;;;BaseControlType.CONSTANT_BASE;BaseControlType.CONSTANT_BASE;BaseControlType.CONSTANT_BASE;1;BranchControlType.BRANCH_INDEPENDENT_FROM_SECRET;BranchControlType.BRANCH_INDEPENDENT_FROM_SECRET;12592;True;False;True;True;True;False;False;True;True;False;False;False;True;False;True;False;True;False;True;False;[];['has_valid_base'];True;False;True;True;True;False;False;True;True;False;False;False;True;False;True;False;True;False;True;False;[];['has_valid_base']
9fa59c08-93ea-4709-848d-5b463e039513;RMD160Init@@LIBMD_0.0;0x3340;0x336c;0x0;TransmitterType.STORE;13;0;False;['0x3340'];<BV64 0x18 + x0>;64;[];[];['<BV64 x0>'];[];['<BV64 x0>'];[];[];0;18446744073709551615;18446744073709551615;1;;;True;0;18446744073709551615;18446744073709551615;1;;;True;ControlType.CONTROLLED;0;<BV64 0x18>;64;[];[];[];[];[];[];[];24.0;24.0;0.0;1.0;;;True;24.0;24.0;0.0;1.0;;;True;ControlType.NO_CONTROL;0;<BV64 0x18>;64;[];[];[];[];[];[];[];24;24;0;1.0;;;True;24.0;24.0;0.0;1.0;;;True;ControlType.NO_CONTROL;0;<BV64 x0>;64;[];[];['<BV64 x0>'];[];['<BV64 x0>'];[];[];0.0;1.8446744073709552e+19;18446744073709551615;1;;;True;0.0;1.8446744073709552e+19;18446744073709551615;1;;;True;ControlType.CONTROLLED;0;<BV64 x0>;64;[];[];['<BV64 x0>'];[];['<BV64 x0>'];[];[];0.0;1.8446744073709552e+19;1.8446744073709552e+19;1.0;;;True;0.0;1.8446744073709552e+19;1.8446744073709552e+19;1.0;;;True;ControlType.CONTROLLED;0;<BV64 x0>;64;[];[];[];[];[];[];[];0;0;0;;;;False;0;0;0;;;;False;ControlType.UNKNOWN;0;[];{'regs': [], 'indirect_regs': [], 'direct_regs': [], 'mem': [], 'const_mem': []};[];{'regs': [], 'indirect_regs': [], 'direct_regs': [], 'mem': [], 'const_mem': []};{'regs': ['<BV64 x0>'], 'indirect_regs': [], 'direct_regs': ['<BV64 x0>'], 'mem': [], 'const_mem': []};{'regs': ['<BV64 x0>'], 'indirect_regs': [], 'direct_regs': ['<BV64 x0>'], 'mem': [], 'const_mem': []};63.0;0.0;64.0;64.0;[];;;;BaseControlType.CONSTANT_BASE;BaseControlType.CONSTANT_BASE;BaseControlType.CONSTANT_BASE;0;BranchControlType.BRANCH_INDEPENDENT_FROM_SECRET;BranchControlType.BRANCH_INDEPENDENT_FROM_SECRET;13164;True;False;True;True;True;False;False;True;True;False;False;False;True;False;True;False;True;False;True;False;[];['has_valid_base'];True;False;True;True;True;False;False;True;True;False;False;False;True;False;True;False;True;False;True;False;[];['has_valid_base']
ca474694-2e99-4525-9568-5280a75eb4d9;MD2Init@@LIBMD_0.0;0x1b80;0x1b9c;0x0;TransmitterType.STORE;8;0;False;['0x1b80'];<BV64 0x14 + x0>;64;[];[];['<BV64 x0>'];[];['<BV64 x0>'];[];[];0;18446744073709551615;18446744073709551615;1;;;True;0;18446744073709551615;18446744073709551615;1;;;True;ControlType.CONTROLLED;0;<BV64 0x14>;64;[];[];[];[];[];[];[];20.0;20.0;0.0;1.0;;;True;20.0;20.0;0.0;1.0;;;True;ControlType.NO_CONTROL;0;<BV64 0x14>;64;[];[];[];[];[];[];[];20;20;0;1.0;;;True;20.0;20.0;0.0;1.0;;;True;ControlType.NO_CONTROL;0;<BV64 x0>;64;[];[];['<BV64 x0>'];[];['<BV64 x0>'];[];[];0.0;1.8446744073709552e+19;18446744073709551615;1;;;True;0.0;1.8446744073709552e+19;18446744073709551615;1;;;True;ControlType.CONTROLLED;0;<BV64 x0>;64;[];[];['<BV64 x0>'];[];['<BV64 x0>'];[];[];0.0;1.8446744073709552e+19;1.8446744073709552e+19;1.0;;;True;0.0;1.8446744073709552e+19;1.8446744073709552e+19;1.0;;;True;ControlType.CONTROLLED;0;<BV64 x0>;64;[];[];[];[];[];[];[];0;0;0;;;;False;0;0;0;;;;False;ControlType.UNKNOWN;0;[];{'regs': [], 'indirect_regs': [], 'direct_regs': [], 'mem': [], 'const_mem': []};[];{'regs': [], 'indirect_regs': [], 'direct_regs': [], 'mem': [], 'const_mem': []};{'regs': ['<BV64 x0>'], 'indirect_regs': [], 'direct_regs': ['<BV64 x0>'], 'mem': [], 'const_mem': []};{'regs': ['<BV64 x0>'], 'indirect_regs': [], 'direct_regs': ['<BV64 x0>'], 'mem': [], 'const_mem': []};63.0;0.0;64.0;64.0;[];;;;BaseControlType.CONSTANT_BASE;BaseControlType.CONSTANT_BASE;BaseControlType.CONSTANT_BASE;0;BranchControlType.BRANCH_INDEPENDENT_FROM_SECRET;BranchControlType.BRANCH_INDEPENDENT_FROM_SECRET;7068;True;False;True;True;True;False;False;True;True;False;False;False;True;False;True;False;True;False;True;False;[];['has_valid_base'];True;False;True;True;True;False;False;True;True;False;False;False;True;False;True;False;True;False;True;False;[];['has_valid_base']
29fd39ad-40ea-4cb8-8ece-1b44812bff82;SHA512_256Transform@@LIBMD_0.1;0x6544;0x658c;0x0;TransmitterType.LOAD;19;0;False;['0x6544'];<BV64 0x18 + x0>;64;[];[];['<BV64 x0>'];[];['<BV64 x0>'];[];[];0;18446744073709551615;18446744073709551615;1;;;True;0;18446744073709551615;18446744073709551615;1;;;True;ControlType.CONTROLLED;0;<BV64 0x18>;64;[];[];[];[];[];[];[];24.0;24.0;0.0;1.0;;;True;24.0;24.0;0.0;1.0;;;True;ControlType.NO_CONTROL;0;<BV64 0x18>;64;[];[];[];[];[];[];[];24;24;0;1.0;;;True;24.0;24.0;0.0;1.0;;;True;ControlType.NO_CONTROL;0;<BV64 x0>;64;[];[];['<BV64 x0>'];[];['<BV64 x0>'];[];[];0.0;1.8446744073709552e+19;18446744073709551615;1;;;True;0.0;1.8446744073709552e+19;18446744073709551615;1;;;True;ControlType.CONTROLLED;0;<BV64 x0>;64;[];[];['<BV64 x0>'];[];['<BV64 x0>'];[];[];0.0;1.8446744073709552e+19;1.8446744073709552e+19;1.0;;;True;0.0;1.8446744073709552e+19;1.8446744073709552e+19;1.0;;;True;ControlType.CONTROLLED;0;<BV64 x0>;64;[];[];[];[];[];[];[];0;0;0;;;;False;0;0;0;;;;False;ControlType.UNKNOWN;0;[];{'regs': [], 'indirect_regs': [], 'direct_regs': [], 'mem': [], 'const_mem': []};[];{'regs': [], 'indirect_regs': [], 'direct_regs': [], 'mem': [], 'const_mem': []};{'regs': ['<BV64 x0>'], 'indirect_regs': [], 'direct_regs': ['<BV64 x0>'], 'mem': [], 'const_mem': []};{'regs': ['<BV64 x0>'], 'indirect_regs': [], 'direct_regs': ['<BV64 x0>'], 'mem': [], 'const_mem': []};63.0;0.0;64.0;64.0;[];;;;BaseControlType.CONSTANT_BASE;BaseControlType.CONSTANT_BASE;BaseControlType.CONSTANT_BASE;0;BranchControlType.BRANCH_INDEPENDENT_FROM_SECRET;BranchControlType.BRANCH_INDEPENDENT_FROM_SECRET;25996;True;False;True;True;True;False;False;True;True;False;False;False;True;False;True;False;True;False;True;False;[];['has_valid_base'];True;False;True;True;True;False;False;True;True;False;False;False;True;False;True;False;True;False;True;False;[];['has_valid_base']
fd9c5938-1901-4f61-9f16-665c70fd6f70;SHA384Init@@LIBMD_0.0;0x6b60;0x6b94;0x0;TransmitterType.STORE;15;0;False;['0x6b60'];<BV64 0x20 + x0>;64;[];[];['<BV64 x0>'];[];['<BV64 x0>'];[];[];0;18446744073709551615;18446744073709551615;1;;;True;0;18446744073709551615;18446744073709551615;1;;;True;ControlType.CONTROLLED;0;<BV64 0x20>;64;[];[];[];[];[];[];[];32.0;32.0;0.0;1.0;;;True;32.0;32.0;0.0;1.0;;;True;ControlType.NO_CONTROL;0;<BV64 0x20>;64;[];[];[];[];[];[];[];32;32;0;1.0;;;True;32.0;32.0;0.0;1.0;;;True;ControlType.NO_CONTROL;0;<BV64 x0>;64;[];[];['<BV64 x0>'];[];['<BV64 x0>'];[];[];0.0;1.8446744073709552e+19;18446744073709551615;1;;;True;0.0;1.8446744073709552e+19;18446744073709551615;1;;;True;ControlType.CONTROLLED;0;<BV64 x0>;64;[];[];['<BV64 x0>'];[];['<BV64 x0>'];[];[];0.0;1.8446744073709552e+19;1.8446744073709552e+19;1.0;;;True;0.0;1.8446744073709552e+19;1.8446744073709552e+19;1.0;;;True;ControlType.CONTROLLED;0;<BV64 x0>;64;[];[];[];[];[];[];[];0;0;0;;;;False;0;0;0;;;;False;ControlType.UNKNOWN;0;[];{'regs': [], 'indirect_regs': [], 'direct_regs': [], 'mem': [], 'const_mem': []};[];{'regs': [], 'indirect_regs': [], 'direct_regs': [], 'mem': [], 'const_mem': []};{'regs': ['<BV64 x0>'], 'indirect_regs': [], 'direct_regs': ['<BV64 x0>'], 'mem': [], 'const_mem': []};{'regs': ['<BV64 x0>'], 'indirect_regs': [], 'direct_regs': ['<BV64 x0>'], 'mem': [], 'const_mem': []};63.0;0.0;64.0;64.0;[];;;;BaseControlType.CONSTANT_BASE;BaseControlType.CONSTANT_BASE;BaseControlType.CONSTANT_BASE;0;BranchControlType.BRANCH_INDEPENDENT_FROM_SECRET;BranchControlType.BRANCH_INDEPENDENT_FROM_SECRET;27540;True;False;True;True;True;False;False;True;True;False;False;False;True;False;True;False;True;False;True;False;[];['has_valid_base'];True;False;True;True;True;False;False;True;True;False;False;False;True;False;True;False;True;False;True;False;[];['has_valid_base']
861dd7b8-f69d-4ce3-ad1e-b82d8e6c990d;MD2Transform@@LIBMD_0.0;0x1bc0;0x1bf0;0x0;TransmitterType.LOAD;13;0;False;['0x1bc0'];<BV64 0x14 + x0>;64;[];[];['<BV64 x0>'];[];['<BV64 x0>'];[];[];0;18446744073709551615;18446744073709551615;1;;;True;0;18446744073709551615;18446744073709551615;1;;;True;ControlType.CONTROLLED;0;<BV64 0x14>;64;[];[];[];[];[];[];[];20.0;20.0;0.0;1.0;;;True;20.0;20.0;0.0;1.0;;;True;ControlType.NO_CONTROL;0;<BV64 0x14>;64;[];[];[];[];[];[];[];20;20;0;1.0;;;True;20.0;20.0;0.0;1.0;;;True;ControlType.NO_CONTROL;0;<BV64 x0>;64;[];[];['<BV64 x0>'];[];['<BV64 x0>'];[];[];0.0;1.8446744073709552e+19;18446744073709551615;1;;;True;0.0;1.8446744073709552e+19;18446744073709551615;1;;;True;ControlType.CONTROLLED;0;<BV64 x0>;64;[];[];['<BV64 x0>'];[];['<BV64 x0>'];[];[];0.0;1.8446744073709552e+19;1.8446744073709552e+19;1.0;;;True;0.0;1.8446744073709552e+19;1.8446744073709552e+19;1.0;;;True;ControlType.CONTROLLED;0;<BV64 x0>;64;[];[];[];[];[];[];[];0;0;0;;;;False;0;0;0;;;;False;ControlType.UNKNOWN;0;[];{'regs': [], 'indirect_regs': [], 'direct_regs': [], 'mem': [], 'const_mem': []};[];{'regs': [], 'indirect_regs': [], 'direct_regs': [], 'mem': [], 'const_mem': []};{'regs': ['<BV64 x0>'], 'indirect_regs': [], 'direct_regs': ['<BV64 x0>'], 'mem': [], 'const_mem': []};{'regs': ['<BV64 x0>'], 'indirect_regs': [], 'direct_regs': ['<BV64 x0>'], 'mem': [], 'const_mem': []};63.0;0.0;64.0;64.0;[];;;;BaseControlType.CONSTANT_BASE;BaseControlType.CONSTANT_BASE;BaseControlType.CONSTANT_BASE;0;BranchControlType.BRANCH_INDEPENDENT_FROM_SECRET;BranchControlType.BRANCH_INDEPENDENT_FROM_SECRET;7152;True;False;True;True;True;False;False;True;True;False;False;False;True;False;True;False;True;False;True;False;[];['has_valid_base'];True;False;True;True;True;False;False;True;True;False;False;False;True;False;True;False;True;False;True;False;[];['has_valid_base']
8263e0a1-c410-4a59-9224-ad5d2d57c307;SHA512_256Final@@LIBMD_0.1;0x6ce0;0x6950;0x6934;TransmitterType.STORE;21;1;False;['0x6ce0', '0x6920', '0x6940'];<BV64 0x50 + x1 + (0#57 .. LOAD_64[<BV64 x1 + 0x40>]_28[9:3])>;64;[('0x693c', <Bool ((LOAD_64[<BV64 x1 + 0x40>]_28[31:0] << 0x1d[7:0] | LShR(LOAD_64[<BV64 x1 + 0x40>]_28[31:0], 0x3)[7:0]) & 127) != 0>, 'Taken')];[];['<BV64 x1>'];[];['<BV64 x1>'];['<BV64 x1 + 0x40>'];[];0;18446744073709551615;18446744073709551615;1;;;True;0;18446744073709551615;18446744073709551615;1;;;False;ControlType.CONTROLLED;1;<BV64 0x50 + x1>;64;[];[];['<BV64 x1>'];[];['<BV64 x1>'];[];[];0.0;1.8446744073709552e+19;1.8446744073709552e+19;1.0;;;True;0.0;1.8446744073709552e+19;1.8446744073709552e+19;1.0;;;True;ControlType.CONTROLLED;0;<BV64 0x50>;64;[];[];[];[];[];[];[];80;80;0;1.0;;;True;80.0;80.0;0.0;1.0;;;True;ControlType.NO_CONTROL;0;<BV64 0#57 .. LOAD_64[<BV64 x1 + 0x40>]_28[9:3]>;64;[('0x693c', <Bool ((LOAD_64[<BV64 x1 + 0x40>]_28[31:0] << 0x1d[7:0] | LShR(LOAD_64[<BV64 x1 + 0x40>]_28[31:0], 0x3)[7:0]) & 127) != 0>, 'Taken')];[];['<BV64 x1>'];"[""<BV64 x1>: ['0x40']""]";[];['<BV64 x1 + 0x40>'];[];0.0;127.0;127;1;;;True;1.0;127.0;126;1;;;True;ControlType.CONTROLLED;1;<BV64 x1 + 0x40>;64;[];[];['<BV64 x1>'];[];['<BV64 x1>'];[];[];0.0;1.8446744073709552e+19;1.8446744073709552e+19;1.0;;;True;0.0;1.8446744073709552e+19;1.8446744073709552e+19;1.0;;;True;ControlType.CONTROLLED;0;<BV64 LOAD_64[<BV64 x1 + 0x40>]_28>;64;[];[];[];[];[];[];[];0;0;0;;;;False;0;0;0;;;;False;ControlType.UNKNOWN;1;[('0x693c', <Bool ((LOAD_64[<BV64 x1 + 0x40>]_28[31:0] << 0x1d[7:0] | LShR(LOAD_64[<BV64 x1 + 0x40>]_28[31:0], 0x3)[7:0]) & 127) != 0>, 'Taken'), ('0x6cfc', <Bool True>, 'Taken')];"{'regs': ['<BV64 x1>'], 'indirect_regs': [""<BV64 x1>: ['0x40']""], 'direct_regs': [], 'mem': ['<BV64 x1 + 0x40>'], 'const_mem': []}";[];{'regs': [], 'indirect_regs': [], 'direct_regs': [], 'mem': [], 'const_mem': []};{'regs': ['<BV64 x1>'], 'indirect_regs': [], 'direct_regs': ['<BV64 x1>'], 'mem': ['<BV64 x1 + 0x40>'], 'const_mem': []};{'regs': ['<BV64 x1>'], 'indirect_regs': [], 'direct_regs': ['<BV64 x1>'], 'mem': ['<BV64 x1 + 0x40>'], 'const_mem': []};6.0;0.0;7.0;7.0;[];;<BV64 x1>;;BaseControlType.BASE_DEPENDS_ON_SECRET_ADDR;BaseControlType.BASE_DEPENDS_ON_SECRET_ADDR;BaseControlType.BASE_DEPENDS_ON_SECRET_ADDR;2;BranchControlType.BRANCH_DEPENDS_ON_SECRET_VALUE;BranchControlType.BRANCH_INDEPENDENT_FROM_SECRET;26960;True;True;True;True;True;True;False;False;True;False;True;False;True;True;False;True;True;False;True;False;[];['secret_below_cache_granularity', 'base_has_direct_secret_dependency'];True;True;True;True;True;True;False;False;True;False;True;False;True;True;False;True;True;False;True;False;[];['secret_below_cache_granularity', 'base_has_direct_secret_dependency']
7fff51f5-7639-4876-ba18-ed71bf19ff7c;SHA224Init@@LIBMD_0.1;0x5e68;0x5e94;0x0;TransmitterType.STORE;13;0;False;['0x5e68'];<BV64 0x60 + x0>;64;[];[];['<BV64 x0>'];[];['<BV64 x0>'];[];[];0;18446744073709551615;18446744073709551615;1;;;True;0;18446744073709551615;18446744073709551615;1;;;True;ControlType.CONTROLLED;0;<BV64 0x60>;64;[];[];[];[];[];[];[];96.0;96.0;0.0;1.0;;;True;96.0;96.0;0.0;1.0;;;True;ControlType.NO_CONTROL;0;<BV64 0x60>;64;[];[];[];[];[];[];[];96;96;0;1.0;;;True;96.0;96.0;0.0;1.0;;;True;ControlType.NO_CONTROL;0;<BV64 x0>;64;[];[];['<BV64 x0>'];[];['<BV64 x0>'];[];[];0.0;1.8446744073709552e+19;18446744073709551615;1;;;True;0.0;1.8446744073709552e+19;18446744073709551615;1;;;True;ControlType.CONTROLLED;0;<BV64 x0>;64;[];[];['<BV64 x0>'];[];['<BV64 x0>'];[];[];0.0;1.8446744073709552e+19;1.8446744073709552e+19;1.0;;;True;0.0;1.8446744073709552e+19;1.8446744073709552e+19;1.0;;;True;ControlType.CONTROLLED;0;<BV64 x0>;64;[];[];[];[];[];[];[];0;0;0;;;;False;0;0;0;;;;False;ControlType.UNKNOWN;0;[];{'regs': [], 'indirect_regs': [], 'direct_regs': [], 'mem': [], 'const_mem': []};[];{'regs': [], 'indirect_regs': [], 'direct_regs': [], 'mem': [], 'const_mem': []};{'regs': ['<BV64 x0>'], 'indirect_regs': [], 'direct_regs': ['<BV64 x0>'], 'mem': [], 'const_mem': []};{'regs': ['<BV64 x0>'], 'indirect_regs': [], 'direct_regs': ['<BV64 x0>'], 'mem': [], 'const_mem': []};63.0;0.0;64.0;64.0;[];;;;BaseControlType.CONSTANT_BASE;BaseControlType.CONSTANT_BASE;BaseControlType.CONSTANT_BASE;0;BranchControlType.BRANCH_INDEPENDENT_FROM_SECRET;BranchControlType.BRANCH_INDEPENDENT_FROM_SECRET;24212;True;False;True;True;True;False;False;True;True;False;False;False;True;False;True;False;True;False;True;False;[];['has_valid_base'];True;False;True;True;True;False;False;True;True;False;False;False;True;False;True;False;True;False;True;False;[];['has_valid_base']
e3de32a8-f6c9-4354-9768-dab5b0c06d7f;RMD160Transform@@LIBMD_0.0;0x3380;0x3404;0x0;TransmitterType.LOAD;34;0;False;['0x3380'];<BV64 x0>;64;[];[];['<BV64 x0>'];[];['<BV64 x0>'];[];[];0;18446744073709551615;18446744073709551615;1;;;True;0;18446744073709551615;18446744073709551615;1;;;True;ControlType.CONTROLLED;0;;0;[];[];[];[];[];[];[];0.0;0.0;0.0;0.0;;;False;0.0;0.0;0.0;0.0;;;False;ControlType.UNKNOWN;0;;0;[];[];[];[];[];[];[];0;0;0;;;;False;0.0;0.0;0.0;0.0;;;False;ControlType.UNKNOWN;0;<BV64 x0>;64;[];[];['<BV64 x0>'];[];['<BV64 x0>'];[];[];0.0;1.8446744073709552e+19;18446744073709551615;1;;;True;0.0;1.8446744073709552e+19;18446744073709551615;1;;;True;ControlType.CONTROLLED;0;<BV64 x0>;64;[];[];['<BV64 x0>'];[];['<BV64 x0>'];[];[];0.0;1.8446744073709552e+19;1.8446744073709552e+19;1.0;;;True;0.0;1.8446744073709552e+19;1.8446744073709552e+19;1.0;;;True;ControlType.CONTROLLED;0;<BV64 x0>;64;[];[];[];[];[];[];[];0;0;0;;;;False;0;0;0;;;;False;ControlType.UNKNOWN;0;[];{'regs': [], 'indirect_regs': [], 'direct_regs': [], 'mem': [], 'const_mem': []};[];{'regs': [], 'indirect_regs': [], 'direct_regs': [], 'mem': [], 'const_mem': []};{'regs': ['<BV64 x0>'], 'indirect_regs': [], 'direct_regs': ['<BV64 x0>'], 'mem': [], 'const_mem': []};{'regs': ['<BV64 x0>'], 'indirect_regs': [], 'direct_regs': ['<BV64 x0>'], 'mem': [], 'const_mem': []};63.0;0.0;64.0;64.0;[];;;;BaseControlType.NO_BASE;BaseControlType.NO_BASE;BaseControlType.NO_BASE;0;BranchControlType.BRANCH_INDEPENDENT_FROM_SECRET;BranchControlType.BRANCH_INDEPENDENT_FROM_SECRET;13316;True;False;True;True;True;False;False;True;True;False;False;False;True;False;True;False;True;False;True;False;[];['has_valid_base'];True;False;True;True;True;False;False;True;True;False;False;False;True;False;True;False;True;False;True;False;[];['has_valid_base']
f3ca52a7-8d09-4387-8fe9-7c38ba5278d8;SHA512Final@@LIBMD_0.0;0x6aa0;0x6950;0x6934;TransmitterType.STORE;21;1;False;['0x6aa0', '0x6920', '0x6940'];<BV64 0x50 + x1 + (0#57 .. LOAD_64[<BV64 x1 + 0x40>]_28[9:3])>;64;[('0x693c', <Bool ((LOAD_64[<BV64 x1 + 0x40>]_28[31:0] << 0x1d[7:0] | LShR(LOAD_64[<BV64 x1 + 0x40>]_28[31:0], 0x3)[7:0]) & 127) != 0>, 'Taken')];[];['<BV64 x1>'];[];['<BV64 x1>'];['<BV64 x1 + 0x40>'];[];0;18446744073709551615;18446744073709551615;1;;;True;0;18446744073709551615;18446744073709551615;1;;;False;ControlType.CONTROLLED;1;<BV64 0x50 + x1>;64;[];[];['<BV64 x1>'];[];['<BV64 x1>'];[];[];0.0;1.8446744073709552e+19;1.8446744073709552e+19;1.0;;;True;0.0;1.8446744073709552e+19;1.8446744073709552e+19;1.0;;;True;ControlType.CONTROLLED;0;<BV64 0x50>;64;[];[];[];[];[];[];[];80;80;0;1.0;;;True;80.0;80.0;0.0;1.0;;;True;ControlType.NO_CONTROL;0;<BV64 0#57 .. LOAD_64[<BV64 x1 + 0x40>]_28[9:3]>;64;[('0x693c', <Bool ((LOAD_64[<BV64 x1 + 0x40>]_28[31:0] << 0x1d[7:0] | LShR(LOAD_64[<BV64 x1 + 0x40>]_28[31:0], 0x3)[7:0]) & 127) != 0>, 'Taken')];[];['<BV64 x1>'];"[""<BV64 x1>: ['0x40']""]";[];['<BV64 x1 + 0x40>'];[];0.0;127.0;127;1;;;True;1.0;127.0;126;1;;;True;ControlType.CONTROLLED;1;<BV64 x1 + 0x40>;64;[];[];['<BV64 x1>'];[];['<BV64 x1>'];[];[];0.0;1.8446744073709552e+19;1.8446744073709552e+19;1.0;;;True;0.0;1.8446744073709552e+19;1.8446744073709552e+19;1.0;;;True;ControlType.CONTROLLED;0;<BV64 LOAD_64[<BV64 x1 + 0x40>]_28>;64;[];[];[];[];[];[];[];0;0;0;;;;False;0;0;0;;;;False;ControlType.UNKNOWN;1;[('0x693c', <Bool ((LOAD_64[<BV64 x1 + 0x40>]_28[31:0] << 0x1d[7:0] | LShR(LOAD_64[<BV64 x1 + 0x40>]_28[31:0], 0x3)[7:0]) & 127) != 0>, 'Taken'), ('0x6abc', <Bool True>, 'Taken')];"{'regs': ['<BV64 x1>'], 'indirect_regs': [""<BV64 x1>: ['0x40']""], 'direct_regs': [], 'mem': ['<BV64 x1 + 0x40>'], 'const_mem': []}";[];{'regs': [], 'indirect_regs': [], 'direct_regs': [], 'mem': [], 'const_mem': []};{'regs': ['<BV64 x1>'], 'indirect_regs': [], 'direct_regs': ['<BV64 x1>'], 'mem': ['<BV64 x1 + 0x40>'], 'const_mem': []};{'regs': ['<BV64 x1>'], 'indirect_regs': [], 'direct_regs': ['<BV64 x1>'], 'mem': ['<BV64 x1 + 0x40>'], 'const_mem': []};6.0;0.0;7.0;7.0;[];;<BV64 x1>;;BaseControlType.BASE_DEPENDS_ON_SECRET_ADDR;BaseControlType.BASE_DEPENDS_ON_SECRET_ADDR;BaseControlType.BASE_DEPENDS_ON_SECRET_ADDR;2;BranchControlType.BRANCH_DEPENDS_ON_SECRET_VALUE;BranchControlType.BRANCH_INDEPENDENT_FROM_SECRET;26960;True;True;True;True;True;True;False;False;True;False;True;False;True;True;False;True;True;False;True;False;[];['secret_below_cache_granularity', 'base_has_direct_secret_dependency'];True;True;True;True;True;True;False;False;True;False;True;False;True;True;False;True;True;False;True;False;[];['secret_below_cache_granularity', 'base_has_direct_secret_dependency']
a5b860ff-9866-4913-bdb4-b052ed2558ca;SHA512Transform@@LIBMD_0.0;0x6544;0x658c;0x0;TransmitterType.LOAD;19;0;False;['0x6544'];<BV64 0x18 + x0>;64;[];[];['<BV64 x0>'];[];['<BV64 x0>'];[];[];0;18446744073709551615;18446744073709551615;1;;;True;0;18446744073709551615;18446744073709551615;1;;;True;ControlType.CONTROLLED;0;<BV64 0x18>;64;[];[];[];[];[];[];[];24.0;24.0;0.0;1.0;;;True;24.0;24.0;0.0;1.0;;;True;ControlType.NO_CONTROL;0;<BV64 0x18>;64;[];[];[];[];[];[];[];24;24;0;1.0;;;True;24.0;24.0;0.0;1.0;;;True;ControlType.NO_CONTROL;0;<BV64 x0>;64;[];[];['<BV64 x0>'];[];['<BV64 x0>'];[];[];0.0;1.8446744073709552e+19;18446744073709551615;1;;;True;0.0;1.8446744073709552e+19;18446744073709551615;1;;;True;ControlType.CONTROLLED;0;<BV64 x0>;64;[];[];['<BV64 x0>'];[];['<BV64 x0>'];[];[];0.0;1.8446744073709552e+19;1.8446744073709552e+19;1.0;;;True;0.0;1.8446744073709552e+19;1.8446744073709552e+19;1.0;;;True;ControlType.CONTROLLED;0;<BV64 x0>;64;[];[];[];[];[];[];[];0;0;0;;;;False;0;0;0;;;;False;ControlType.UNKNOWN;0;[];{'regs': [], 'indirect_regs': [], 'direct_regs': [], 'mem': [], 'const_mem': []};[];{'regs': [], 'indirect_regs': [], 'direct_regs': [], 'mem': [], 'const_mem': []};{'regs': ['<BV64 x0>'], 'indirect_regs': [], 'direct_regs': ['<BV64 x0>'], 'mem': [], 'const_mem': []};{'regs': ['<BV64 x0>'], 'indirect_regs': [], 'direct_regs': ['<BV64 x0>'], 'mem': [], 'const_mem': []};63.0;0.0;64.0;64.0;[];;;;BaseControlType.CONSTANT_BASE;BaseControlType.CONSTANT_BASE;BaseControlType.CONSTANT_BASE;0;BranchControlType.BRANCH_INDEPENDENT_FROM_SECRET;BranchControlType.BRANCH_INDEPENDENT_FROM_SECRET;25996;True;False;True;True;True;False;False;True;True;False;False;False;True;False;True;False;True;False;True;False;[];['has_valid_base'];True;False;True;True;True;False;False;True;True;False;False;False;True;False;True;False;True;False;True;False;[];['has_valid_base']
287e20a0-c6c7-4753-a8e1-981cd829e669;MD4Update@@LIBMD_0.0;0x2420;0x1e2c;0x0;TransmitterType.LOAD;48;0;False;['0x2420', '0x2464', '0x2468', '0x2470', '0x1de0'];<BV64 0x8 + x0>;64;[];[];['<BV64 x0>'];[];['<BV64 x0>'];[];[];0;18446744073709551615;18446744073709551615;1;;;True;0;18446744073709551615;18446744073709551615;1;;;True;ControlType.CONTROLLED;0;<BV64 0x8>;64;[];[];[];[];[];[];[];8.0;8.0;0.0;1.0;;;True;8.0;8.0;0.0;1.0;;;True;ControlType.NO_CONTROL;0;<BV64 0x8>;64;[];[];[];[];[];[];[];8;8;0;1.0;;;True;8.0;8.0;0.0;1.0;;;True;ControlType.NO_CONTROL;0;<BV64 x0>;64;[];[];['<BV64 x0>'];[];['<BV64 x0>'];[];[];0.0;1.8446744073709552e+19;18446744073709551615;1;;;True;0.0;1.8446744073709552e+19;18446744073709551615;1;;;True;ControlType.CONTROLLED;0;<BV64 x0>;64;[];[];['<BV64 x0>'];[];['<BV64 x0>'];[];[];0.0;1.8446744073709552e+19;1.8446744073709552e+19;1.0;;;True;0.0;1.8446744073709552e+19;1.8446744073709552e+19;1.0;;;True;ControlType.CONTROLLED;0;<BV64 x0>;64;[];[];[];[];[];[];[];0;0;0;;;;False;0;0;0;;;;False;ControlType.UNKNOWN;0;[('0x2460', <Bool x2 >= 0x40 - ((LOAD_64[<BV64 x0 + 0x10>]_28 << 0x3d | LShR(LOAD_64[<BV64 x0 + 0x10>]_28, 0x3)) & 0x3f)>, 'Taken'), ('0x2464', <Bool LOAD_64[<BV64 x0 + 0x10>]_28[8:3] == 0>, 'Taken'), ('0x246c', <Bool x2 > 0x3f>, 'Taken'), ('0x248c', <Bool True>, 'Taken')];"{'regs': ['<BV64 x0>', '<BV64 x2>'], 'indirect_regs': [""<BV64 x0>: ['0x10', '0x10']""], 'direct_regs': ['<BV64 x2>'], 'mem': ['<BV64 x0 + 0x10>'], 'const_mem': []}";[];{'regs': [], 'indirect_regs': [], 'direct_regs': [], 'mem': [], 'const_mem': []};{'regs': ['<BV64 x0>'], 'indirect_regs': [], 'direct_regs': ['<BV64 x0>'], 'mem': [], 'const_mem': []};{'regs': ['<BV64 x0>', '<BV64 x2>'], 'indirect_regs': [], 'direct_regs': ['<BV64 x0>', '<BV64 x2>'], 'mem': ['<BV64 x0 + 0x10>'], 'const_mem': []};63.0;0.0;64.0;64.0;[];;;;BaseControlType.CONSTANT_BASE;BaseControlType.CONSTANT_BASE;BaseControlType.CONSTANT_BASE;4;BranchControlType.BRANCH_DEPENDS_ON_SECRET_VALUE;BranchControlType.BRANCH_INDEPENDENT_FROM_SECRET;7724;True;False;True;True;True;False;False;True;True;False;False;False;True;False;True;True;True;False;True;False;[];['has_valid_base'];True;False;True;True;True;False;False;True;True;False;False;False;True;False;True;True;True;False;True;False;[];['has_valid_base']
5f14fe3c-fa84-4f6a-bb7e-59f40a7e1f8b;SHA384Init@@LIBMD_0.0;0x6b60;0x6b94;0x0;TransmitterType.STORE;15;0;False;['0x6b60'];<BV64 0x30 + x0>;64;[];[];['<BV64 x0>'];[];['<BV64 x0>'];[];[];0;18446744073709551615;18446744073709551615;1;;;True;0;18446744073709551615;18446744073709551615;1;;;True;ControlType.CONTROLLED;0;<BV64 0x30>;64;[];[];[];[];[];[];[];48.0;48.0;0.0;1.0;;;True;48.0;48.0;0.0;1.0;;;True;ControlType.NO_CONTROL;0;<BV64 0x30>;64;[];[];[];[];[];[];[];48;48;0;1.0;;;True;48.0;48.0;0.0;1.0;;;True;ControlType.NO_CONTROL;0;<BV64 x0>;64;[];[];['<BV64 x0>'];[];['<BV64 x0>'];[];[];0.0;1.8446744073709552e+19;18446744073709551615;1;;;True;0.0;1.8446744073709552e+19;18446744073709551615;1;;;True;ControlType.CONTROLLED;0;<BV64 x0>;64;[];[];['<BV64 x0>'];[];['<BV64 x0>'];[];[];0.0;1.8446744073709552e+19;1.8446744073709552e+19;1.0;;;True;0.0;1.8446744073709552e+19;1.8446744073709552e+19;1.0;;;True;ControlType.CONTROLLED;0;<BV64 x0>;64;[];[];[];[];[];[];[];0;0;0;;;;False;0;0;0;;;;False;ControlType.UNKNOWN;0;[];{'regs': [], 'indirect_regs': [], 'direct_regs': [], 'mem': [], 'const_mem': []};[];{'regs': [], 'indirect_regs': [], 'direct_regs': [], 'mem': [], 'const_mem': []};{'regs': ['<BV64 x0>'], 'indirect_regs': [], 'direct_regs': ['<BV64 x0>'], 'mem': [], 'const_mem': []};{'regs': ['<BV64 x0>'], 'indirect_regs': [], 'direct_regs': ['<BV64 x0>'], 'mem': [], 'const_mem': []};63.0;0.0;64.0;64.0;[];;;;BaseControlType.CONSTANT_BASE;BaseControlType.CONSTANT_BASE;BaseControlType.CONSTANT_BASE;0;BranchControlType.BRANCH_INDEPENDENT_FROM_SECRET;BranchControlType.BRANCH_INDEPENDENT_FROM_SECRET;27540;True;False;True;True;True;False;False;True;True;False;False;False;True;False;True;False;True;False;True;False;[];['has_valid_base'];True;False;True;True;True;False;False;True;True;False;False;False;True;False;True;False;True;False;True;False;[];['has_valid_base']
4e46741d-9463-4016-9c60-664f02bd2ef7;SHA512_256Update@@LIBMD_0.1;0x67c0;0x6588;0x0;TransmitterType.LOAD;39;0;False;['0x67c0', '0x67c8', '0x67f8', '0x6800', '0x6544'];<BV64 x0>;64;[];[];['<BV64 x0>'];[];['<BV64 x0>'];[];[];0;18446744073709551615;18446744073709551615;1;;;True;0;18446744073709551615;18446744073709551615;1;;;True;ControlType.CONTROLLED;0;;0;[];[];[];[];[];[];[];0.0;0.0;0.0;0.0;;;False;0.0;0.0;0.0;0.0;;;False;ControlType.UNKNOWN;0;;0;[];[];[];[];[];[];[];0;0;0;;;;False;0.0;0.0;0.0;0.0;;;False;ControlType.UNKNOWN;0;<BV64 x0>;64;[];[];['<BV64 x0>'];[];['<BV64 x0>'];[];[];0.0;1.8446744073709552e+19;18446744073709551615;1;;;True;0.0;1.8446744073709552e+19;18446744073709551615;1;;;True;ControlType.CONTROLLED;0;<BV64 x0>;64;[];[];['<BV64 x0>'];[];['<BV64 x0>'];[];[];0.0;1.8446744073709552e+19;1.8446744073709552e+19;1.0;;;True;0.0;1.8446744073709552e+19;1.8446744073709552e+19;1.0;;;True;ControlType.CONTROLLED;0;<BV64 x0>;64;[];[];[];[];[];[];[];0;0;0;;;;False;0;0;0;;;;False;ControlType.UNKNOWN;0;[('0x67c4', <Bool x2 != 0x0>, 'Taken'), ('0x67f4', <Bool ((LOAD_64[<BV64 x0 + 0x40>]_26 << 0x3d[7:0] | LShR(LOAD_64[<BV64 x0 + 0x40>]_26, 0x3)[7:0]) & 127) == 0>, 'Taken'), ('0x67fc', <Bool x2 > 0x7f>, 'Taken'), ('0x6810', <Bool True>, 'Taken')];"{'regs': ['<BV64 x0>', '<BV64 x2>'], 'indirect_regs': [""<BV64 x0>: ['0x40']""], 'direct_regs': ['<BV64 x2>'], 'mem': ['<BV64 x0 + 0x40>'], 'const_mem': []}";[];{'regs': [], 'indirect_regs': [], 'direct_regs': [], 'mem': [], 'const_mem': []};{'regs': ['<BV64 x0>'], 'indirect_regs': [], 'direct_regs': ['<BV64 x0>'], 'mem': [], 'const_mem': []};{'regs': ['<BV64 x0>', '<BV64 x2>'], 'indirect_regs': [], 'direct_regs': ['<BV64 x0>', '<BV64 x2>'], 'mem': ['<BV64 x0 + 0x40>'], 'const_mem': []};63.0;0.0;64.0;64.0;[];;;;BaseControlType.NO_BASE;BaseControlType.NO_BASE;BaseControlType.NO_BASE;4;BranchControlType.BRANCH_DEPENDS_ON_SECRET_VALUE;BranchControlType.BRANCH_INDEPENDENT_FROM_SECRET;25992;True;False;True;True;True;False;False;True;True;False;False;False;True;False;True;True;True;False;True;False;[];['has_valid_base'];True;False;True;True;True;False;False;True;True;False;False;False;True;False;True;True;True;False;True;False;[];['has_valid_base']
6f6462bf-2f68-4bcc-b270-eb9ae2059ae7;SHA256Update@@LIBMD_0.0;0x610c;0x5ee4;0x0;TransmitterType.LOAD;34;0;False;['0x610c', '0x6114', '0x6144', '0x614c', '0x5ec0'];<BV64 x0>;64;[];[];['<BV64 x0>'];[];['<BV64 x0>'];[];[];0;18446744073709551615;18446744073709551615;1;;;True;0;18446744073709551615;18446744073709551615;1;;;True;ControlType.CONTROLLED;0;;0;[];[];[];[];[];[];[];0.0;0.0;0.0;0.0;;;False;0.0;0.0;0.0;0.0;;;False;ControlType.UNKNOWN;0;;0;[];[];[];[];[];[];[];0;0;0;;;;False;0.0;0.0;0.0;0.0;;;False;ControlType.UNKNOWN;0;<BV64 x0>;64;[];[];['<BV64 x0>'];[];['<BV64 x0>'];[];[];0.0;1.8446744073709552e+19;18446744073709551615;1;;;True;0.0;1.8446744073709552e+19;18446744073709551615;1;;;True;ControlType.CONTROLLED;0;<BV64 x0>;64;[];[];['<BV64 x0>'];[];['<BV64 x0>'];[];[];0.0;1.8446744073709552e+19;1.8446744073709552e+19;1.0;;;True;0.0;1.8446744073709552e+19;1.8446744073709552e+19;1.0;;;True;ControlType.CONTROLLED;0;<BV64 x0>;64;[];[];[];[];[];[];[];0;0;0;;;;False;0;0;0;;;;False;ControlType.UNKNOWN;0;[('0x6110', <Bool x2 != 0x0>, 'Taken'), ('0x6140', <Bool ((LOAD_64[<BV64 x0 + 0x40>]_26 << 0x3d[7:0] | LShR(LOAD_64[<BV64 x0 + 0x40>]_26, 0x3)[7:0]) & 63) == 0>, 'Taken'), ('0x6148', <Bool x2 > 0x3f>, 'Taken'), ('0x6168', <Bool True>, 'Taken')];"{'regs': ['<BV64 x0>', '<BV64 x2>'], 'indirect_regs': [""<BV64 x0>: ['0x40']""], 'direct_regs': ['<BV64 x2>'], 'mem': ['<BV64 x0 + 0x40>'], 'const_mem': []}";[];{'regs': [], 'indirect_regs': [], 'direct_regs': [], 'mem': [], 'const_mem': []};{'regs': ['<BV64 x0>'], 'indirect_regs': [], 'direct_regs': ['<BV64 x0>'], 'mem': [], 'const_mem': []};{'regs': ['<BV64 x0>', '<BV64 x2>'], 'indirect_regs': [], 'direct_regs': ['<BV64 x0>', '<BV64 x2>'], 'mem': ['<BV64 x0 + 0x40>'], 'const_mem': []};63.0;0.0;64.0;64.0;[];;;;BaseControlType.NO_BASE;BaseControlType.NO_BASE;BaseControlType.NO_BASE;4;BranchControlType.BRANCH_DEPENDS_ON_SECRET_VALUE;BranchControlType.BRANCH_INDEPENDENT_FROM_SECRET;24292;True;False;True;True;True;False;False;True;True;False;False;False;True;False;True;True;True;False;True;False;[];['has_valid_base'];True;False;True;True;True;False;False;True;True;False;False;False;True;False;True;True;True;False;True;False;[];['has_valid_base']
b0110e16-c6f4-4c93-a75f-9bcb34cb7100;SHA512_256Transform@@LIBMD_0.1;0x6544;0x6590;0x0;TransmitterType.LOAD;20;0;False;['0x6544'];<BV64 0x20 + x0>;64;[];[];['<BV64 x0>'];[];['<BV64 x0>'];[];[];0;18446744073709551615;18446744073709551615;1;;;True;0;18446744073709551615;18446744073709551615;1;;;True;ControlType.CONTROLLED;0;<BV64 0x20>;64;[];[];[];[];[];[];[];32.0;32.0;0.0;1.0;;;True;32.0;32.0;0.0;1.0;;;True;ControlType.NO_CONTROL;0;<BV64 0x20>;64;[];[];[];[];[];[];[];32;32;0;1.0;;;True;32.0;32.0;0.0;1.0;;;True;ControlType.NO_CONTROL;0;<BV64 x0>;64;[];[];['<BV64 x0>'];[];['<BV64 x0>'];[];[];0.0;1.8446744073709552e+19;18446744073709551615;1;;;True;0.0;1.8446744073709552e+19;18446744073709551615;1;;;True;ControlType.CONTROLLED;0;<BV64 x0>;64;[];[];['<BV64 x0>'];[];['<BV64 x0>'];[];[];0.0;1.8446744073709552e+19;1.8446744073709552e+19;1.0;;;True;0.0;1.8446744073709552e+19;1.8446744073709552e+19;1.0;;;True;ControlType.CONTROLLED;0;<BV64 x0>;64;[];[];[];[];[];[];[];0;0;0;;;;False;0;0;0;;;;False;ControlType.UNKNOWN;0;[];{'regs': [], 'indirect_regs': [], 'direct_regs': [], 'mem': [], 'const_mem': []};[];{'regs': [], 'indirect_regs': [], 'direct_regs': [], 'mem': [], 'const_mem': []};{'regs': ['<BV64 x0>'], 'indirect_regs': [], 'direct_regs': ['<BV64 x0>'], 'mem': [], 'const_mem': []};{'regs': ['<BV64 x0>'], 'indirect_regs': [], 'direct_regs': ['<BV64 x0>'], 'mem': [], 'const_mem': []};63.0;0.0;64.0;64.0;[];;;;BaseControlType.CONSTANT_BASE;BaseControlType.CONSTANT_BASE;BaseControlType.CONSTANT_BASE;0;BranchControlType.BRANCH_INDEPENDENT_FROM_SECRET;BranchControlType.BRANCH_INDEPENDENT_FROM_SECRET;26000;True;False;True;True;True;False;False;True;True;False;False;False;True;False;True;False;True;False;True;False;[];['has_valid_base'];True;False;True;True;True;False;False;True;True;False;False;False;True;False;True;False;True;False;True;False;[];['has_valid_base']
9b43e65d-9ea7-4fb8-88c7-3a429c03ac13;MD2Init@@LIBMD_0.0;0x1b80;0x1b9c;0x0;TransmitterType.STORE;8;0;False;['0x1b80'];<BV64 0x1c + x0>;64;[];[];['<BV64 x0>'];[];['<BV64 x0>'];[];[];0;18446744073709551615;18446744073709551615;1;;;True;0;18446744073709551615;18446744073709551615;1;;;True;ControlType.CONTROLLED;0;<BV64 0x1c>;64;[];[];[];[];[];[];[];28.0;28.0;0.0;1.0;;;True;28.0;28.0;0.0;1.0;;;True;ControlType.NO_CONTROL;0;<BV64 0x1c>;64;[];[];[];[];[];[];[];28;28;0;1.0;;;True;28.0;28.0;0.0;1.0;;;True;ControlType.NO_CONTROL;0;<BV64 x0>;64;[];[];['<BV64 x0>'];[];['<BV64 x0>'];[];[];0.0;1.8446744073709552e+19;18446744073709551615;1;;;True;0.0;1.8446744073709552e+19;18446744073709551615;1;;;True;ControlType.CONTROLLED;0;<BV64 x0>;64;[];[];['<BV64 x0>'];[];['<BV64 x0>'];[];[];0.0;1.8446744073709552e+19;1.8446744073709552e+19;1.0;;;True;0.0;1.8446744073709552e+19;1.8446744073709552e+19;1.0;;;True;ControlType.CONTROLLED;0;<BV64 x0>;64;[];[];[];[];[];[];[];0;0;0;;;;False;0;0;0;;;;False;ControlType.UNKNOWN;0;[];{'regs': [], 'indirect_regs': [], 'direct_regs': [], 'mem': [], 'const_mem': []};[];{'regs': [], 'indirect_regs': [], 'direct_regs': [], 'mem': [], 'const_mem': []};{'regs': ['<BV64 x0>'], 'indirect_regs': [], 'direct_regs': ['<BV64 x0>'], 'mem': [], 'const_mem': []};{'regs': ['<BV64 x0>'], 'indirect_regs': [], 'direct_regs': ['<BV64 x0>'], 'mem': [], 'const_mem': []};63.0;0.0;64.0;64.0;[];;;;BaseControlType.CONSTANT_BASE;BaseControlType.CONSTANT_BASE;BaseControlType.CONSTANT_BASE;0;BranchControlType.BRANCH_INDEPENDENT_FROM_SECRET;BranchControlType.BRANCH_INDEPENDENT_FROM_SECRET;7068;True;False;True;True;True;False;False;True;True;False;False;False;True;False;True;False;True;False;True;False;[];['has_valid_base'];True;False;True;True;True;False;False;True;True;False;False;False;True;False;True;False;True;False;True;False;[];['has_valid_base']
ee154fd0-a1b1-416a-b660-abaab4b9cc6d;MD2Transform@@LIBMD_0.0;0x1bc0;0x1bf8;0x0;TransmitterType.STORE;15;0;False;['0x1bc0'];<BV64 0x34 + x0>;64;[];[];['<BV64 x0>'];[];['<BV64 x0>'];[];[];0;18446744073709551615;18446744073709551615;1;;;True;0;18446744073709551615;18446744073709551615;1;;;True;ControlType.CONTROLLED;0;<BV64 0x34>;64;[];[];[];[];[];[];[];52.0;52.0;0.0;1.0;;;True;52.0;52.0;0.0;1.0;;;True;ControlType.NO_CONTROL;0;<BV64 0x34>;64;[];[];[];[];[];[];[];52;52;0;1.0;;;True;52.0;52.0;0.0;1.0;;;True;ControlType.NO_CONTROL;0;<BV64 x0>;64;[];[];['<BV64 x0>'];[];['<BV64 x0>'];[];[];0.0;1.8446744073709552e+19;18446744073709551615;1;;;True;0.0;1.8446744073709552e+19;18446744073709551615;1;;;True;ControlType.CONTROLLED;0;<BV64 x0>;64;[];[];['<BV64 x0>'];[];['<BV64 x0>'];[];[];0.0;1.8446744073709552e+19;1.8446744073709552e+19;1.0;;;True;0.0;1.8446744073709552e+19;1.8446744073709552e+19;1.0;;;True;ControlType.CONTROLLED;0;<BV64 x0>;64;[];[];[];[];[];[];[];0;0;0;;;;False;0;0;0;;;;False;ControlType.UNKNOWN;0;[];{'regs': [], 'indirect_regs': [], 'direct_regs': [], 'mem': [], 'const_mem': []};[];{'regs': [], 'indirect_regs': [], 'direct_regs': [], 'mem': [], 'const_mem': []};{'regs': ['<BV64 x0>'], 'indirect_regs': [], 'direct_regs': ['<BV64 x0>'], 'mem': [], 'const_mem': []};{'regs': ['<BV64 x0>'], 'indirect_regs': [], 'direct_regs': ['<BV64 x0>'], 'mem': [], 'const_mem': []};63.0;0.0;64.0;64.0;[];;;;BaseControlType.CONSTANT_BASE;BaseControlType.CONSTANT_BASE;BaseControlType.CONSTANT_BASE;0;BranchControlType.BRANCH_INDEPENDENT_FROM_SECRET;BranchControlType.BRANCH_INDEPENDENT_FROM_SECRET;7160;True;False;True;True;True;False;False;True;True;False;False;False;True;False;True;False;True;False;True;False;[];['has_valid_base'];True;False;True;True;True;False;False;True;True;False;False;False;True;False;True;False;True;False;True;False;[];['has_valid_base']
b0f8679c-b011-4115-a85c-0ccefcaac79a;MD5Pad@@LIBMD_0.0;0x3208;0x3140;0x0;TransmitterType.STORE;40;0;False;['0x3208', '0x3108'];<BV64 0x10 + x0>;64;[];[];['<BV64 x0>'];[];['<BV64 x0>'];[];[];0;18446744073709551615;18446744073709551615;1;;;True;0;18446744073709551615;18446744073709551615;1;;;True;ControlType.CONTROLLED;0;<BV64 0x10>;64;[];[];[];[];[];[];[];16.0;16.0;0.0;1.0;;;True;16.0;16.0;0.0;1.0;;;True;ControlType.NO_CONTROL;0;<BV64 0x10>;64;[];[];[];[];[];[];[];16;16;0;1.0;;;True;16.0;16.0;0.0;1.0;;;True;ControlType.NO_CONTROL;0;<BV64 x0>;64;[];[];['<BV64 x0>'];[];['<BV64 x0>'];[];[];0.0;1.8446744073709552e+19;18446744073709551615;1;;;True;0.0;1.8446744073709552e+19;18446744073709551615;1;;;True;ControlType.CONTROLLED;0;<BV64 x0>;64;[];[];['<BV64 x0>'];[];['<BV64 x0>'];[];[];0.0;1.8446744073709552e+19;1.8446744073709552e+19;1.0;;;True;0.0;1.8446744073709552e+19;1.8446744073709552e+19;1.0;;;True;ControlType.CONTROLLED;0;<BV64 x0>;64;[];[];[];[];[];[];[];0;0;0;;;;False;0;0;0;;;;False;ControlType.UNKNOWN;0;[('0x3268', <Bool True>, 'Taken')];{'regs': [], 'indirect_regs': [], 'direct_regs': [], 'mem': [], 'const_mem': []};[];{'regs': [], 'indirect_regs': [], 'direct_regs': [], 'mem': [], 'const_mem': []};{'regs': ['<BV64 x0>'], 'indirect_regs': [], 'direct_regs': ['<BV64 x0>'], 'mem': [], 'const_mem': []};{'regs': ['<BV64 x0>'], 'indirect_regs': [], 'direct_regs': ['<BV64 x0>'], 'mem': [], 'const_mem': []};63.0;0.0;64.0;64.0;[];;;;BaseControlType.CONSTANT_BASE;BaseControlType.CONSTANT_BASE;BaseControlType.CONSTANT_BASE;1;BranchControlType.BRANCH_INDEPENDENT_FROM_SECRET;BranchControlType.BRANCH_INDEPENDENT_FROM_SECRET;12608;True;False;True;True;True;False;False;True;True;False;False;False;True;False;True;False;True;False;True;False;[];['has_valid_base'];True;False;True;True;True;False;False;True;True;False;False;False;True;False;True;False;True;False;True;False;[];['has_valid_base']
81df4fb5-54d9-49bd-80ac-03b1ba3e9b46;SHA512Transform@@LIBMD_0.0;0x6544;0x6590;0x0;TransmitterType.LOAD;20;0;False;['0x6544'];<BV64 0x20 + x0>;64;[];[];['<BV64 x0>'];[];['<BV64 x0>'];[];[];0;18446744073709551615;18446744073709551615;1;;;True;0;18446744073709551615;18446744073709551615;1;;;True;ControlType.CONTROLLED;0;<BV64 0x20>;64;[];[];[];[];[];[];[];32.0;32.0;0.0;1.0;;;True;32.0;32.0;0.0;1.0;;;True;ControlType.NO_CONTROL;0;<BV64 0x20>;64;[];[];[];[];[];[];[];32;32;0;1.0;;;True;32.0;32.0;0.0;1.0;;;True;ControlType.NO_CONTROL;0;<BV64 x0>;64;[];[];['<BV64 x0>'];[];['<BV64 x0>'];[];[];0.0;1.8446744073709552e+19;18446744073709551615;1;;;True;0.0;1.8446744073709552e+19;18446744073709551615;1;;;True;ControlType.CONTROLLED;0;<BV64 x0>;64;[];[];['<BV64 x0>'];[];['<BV64 x0>'];[];[];0.0;1.8446744073709552e+19;1.8446744073709552e+19;1.0;;;True;0.0;1.8446744073709552e+19;1.8446744073709552e+19;1.0;;;True;ControlType.CONTROLLED;0;<BV64 x0>;64;[];[];[];[];[];[];[];0;0;0;;;;False;0;0;0;;;;False;ControlType.UNKNOWN;0;[];{'regs': [], 'indirect_regs': [], 'direct_regs': [], 'mem': [], 'const_mem': []};[];{'regs': [], 'indirect_regs': [], 'direct_regs': [], 'mem': [], 'const_mem': []};{'regs': ['<BV64 x0>'], 'indirect_regs': [], 'direct_regs': ['<BV64 x0>'], 'mem': [], 'const_mem': []};{'regs': ['<BV64 x0>'], 'indirect_regs': [], 'direct_regs': ['<BV64 x0>'], 'mem': [], 'const_mem': []};63.0;0.0;64.0;64.0;[];;;;BaseControlType.CONSTANT_BASE;BaseControlType.CONSTANT_BASE;BaseControlType.CONSTANT_BASE;0;BranchControlType.BRANCH_INDEPENDENT_FROM_SECRET;BranchControlType.BRANCH_INDEPENDENT_FROM_SECRET;26000;True;False;True;True;True;False;False;True;True;False;False;False;True;False;True;False;True;False;True;False;[];['has_valid_base'];True;False;True;True;True;False;False;True;True;False;False;False;True;False;True;False;True;False;True;False;[];['has_valid_base']
2c90e6d7-cb1f-4a0b-8867-73cf10495017;SHA224Init@@LIBMD_0.1;0x5e68;0x5e94;0x0;TransmitterType.STORE;13;0;False;['0x5e68'];<BV64 0x70 + x0>;64;[];[];['<BV64 x0>'];[];['<BV64 x0>'];[];[];0;18446744073709551615;18446744073709551615;1;;;True;0;18446744073709551615;18446744073709551615;1;;;True;ControlType.CONTROLLED;0;<BV64 0x70>;64;[];[];[];[];[];[];[];112.0;112.0;0.0;1.0;;;True;112.0;112.0;0.0;1.0;;;True;ControlType.NO_CONTROL;0;<BV64 0x70>;64;[];[];[];[];[];[];[];112;112;0;1.0;;;True;112.0;112.0;0.0;1.0;;;True;ControlType.NO_CONTROL;0;<BV64 x0>;64;[];[];['<BV64 x0>'];[];['<BV64 x0>'];[];[];0.0;1.8446744073709552e+19;18446744073709551615;1;;;True;0.0;1.8446744073709552e+19;18446744073709551615;1;;;True;ControlType.CONTROLLED;0;<BV64 x0>;64;[];[];['<BV64 x0>'];[];['<BV64 x0>'];[];[];0.0;1.8446744073709552e+19;1.8446744073709552e+19;1.0;;;True;0.0;1.8446744073709552e+19;1.8446744073709552e+19;1.0;;;True;ControlType.CONTROLLED;0;<BV64 x0>;64;[];[];[];[];[];[];[];0;0;0;;;;False;0;0;0;;;;False;ControlType.UNKNOWN;0;[];{'regs': [], 'indirect_regs': [], 'direct_regs': [], 'mem': [], 'const_mem': []};[];{'regs': [], 'indirect_regs': [], 'direct_regs': [], 'mem': [], 'const_mem': []};{'regs': ['<BV64 x0>'], 'indirect_regs': [], 'direct_regs': ['<BV64 x0>'], 'mem': [], 'const_mem': []};{'regs': ['<BV64 x0>'], 'indirect_regs': [], 'direct_regs': ['<BV64 x0>'], 'mem': [], 'const_mem': []};63.0;0.0;64.0;64.0;[];;;;BaseControlType.CONSTANT_BASE;BaseControlType.CONSTANT_BASE;BaseControlType.CONSTANT_BASE;0;BranchControlType.BRANCH_INDEPENDENT_FROM_SECRET;BranchControlType.BRANCH_INDEPENDENT_FROM_SECRET;24212;True;False;True;True;True;False;False;True;True;False;False;False;True;False;True;False;True;False;True;False;[];['has_valid_base'];True;False;True;True;True;False;False;True;True;False;False;False;True;False;True;False;True;False;True;False;[];['has_valid_base']
de852fea-9858-4a95-b0ee-366174bdc349;SHA384Init@@LIBMD_0.0;0x6b60;0x6b98;0x0;TransmitterType.STORE;16;0;False;['0x6b60'];<BV64 0x60 + x0>;64;[];[];['<BV64 x0>'];[];['<BV64 x0>'];[];[];0;18446744073709551615;18446744073709551615;1;;;True;0;18446744073709551615;18446744073709551615;1;;;True;ControlType.CONTROLLED;0;<BV64 0x60>;64;[];[];[];[];[];[];[];96.0;96.0;0.0;1.0;;;True;96.0;96.0;0.0;1.0;;;True;ControlType.NO_CONTROL;0;<BV64 0x60>;64;[];[];[];[];[];[];[];96;96;0;1.0;;;True;96.0;96.0;0.0;1.0;;;True;ControlType.NO_CONTROL;0;<BV64 x0>;64;[];[];['<BV64 x0>'];[];['<BV64 x0>'];[];[];0.0;1.8446744073709552e+19;18446744073709551615;1;;;True;0.0;1.8446744073709552e+19;18446744073709551615;1;;;True;ControlType.CONTROLLED;0;<BV64 x0>;64;[];[];['<BV64 x0>'];[];['<BV64 x0>'];[];[];0.0;1.8446744073709552e+19;1.8446744073709552e+19;1.0;;;True;0.0;1.8446744073709552e+19;1.8446744073709552e+19;1.0;;;True;ControlType.CONTROLLED;0;<BV64 x0>;64;[];[];[];[];[];[];[];0;0;0;;;;False;0;0;0;;;;False;ControlType.UNKNOWN;0;[];{'regs': [], 'indirect_regs': [], 'direct_regs': [], 'mem': [], 'const_mem': []};[];{'regs': [], 'indirect_regs': [], 'direct_regs': [], 'mem': [], 'const_mem': []};{'regs': ['<BV64 x0>'], 'indirect_regs': [], 'direct_regs': ['<BV64 x0>'], 'mem': [], 'const_mem': []};{'regs': ['<BV64 x0>'], 'indirect_regs': [], 'direct_regs': ['<BV64 x0>'], 'mem': [], 'const_mem': []};63.0;0.0;64.0;64.0;[];;;;BaseControlType.CONSTANT_BASE;BaseControlType.CONSTANT_BASE;BaseControlType.CONSTANT_BASE;0;BranchControlType.BRANCH_INDEPENDENT_FROM_SECRET;BranchControlType.BRANCH_INDEPENDENT_FROM_SECRET;27544;True;False;True;True;True;False;False;True;True;False;False;False;True;False;True;False;True;False;True;False;[];['has_valid_base'];True;False;True;True;True;False;False;True;True;False;False;False;True;False;True;False;True;False;True;False;[];['has_valid_base']
b1c23bf5-ba3d-4327-860a-32a286d8c483;MD4End@@LIBMD_0.0;0x70e0;0x2448;0x0;TransmitterType.LOAD;59;0;False;['0x70e0', '0x7114', '0x25cc', '0x2528', '0x2420'];<BV64 0x10 + x0>;64;[];[];['<BV64 x0>'];[];['<BV64 x0>'];[];[];0;18446744073709551615;18446744073709551615;1;;;True;0;18446744073709551615;18446744073709551615;1;;;True;ControlType.CONTROLLED;0;<BV64 0x10>;64;[];[];[];[];[];[];[];16.0;16.0;0.0;1.0;;;True;16.0;16.0;0.0;1.0;;;True;ControlType.NO_CONTROL;0;<BV64 0x10>;64;[];[];[];[];[];[];[];16;16;0;1.0;;;True;16.0;16.0;0.0;1.0;;;True;ControlType.NO_CONTROL;0;<BV64 x0>;64;[];[];['<BV64 x0>'];[];['<BV64 x0>'];[];[];0.0;1.8446744073709552e+19;18446744073709551615;1;;;True;0.0;1.8446744073709552e+19;18446744073709551615;1;;;True;ControlType.CONTROLLED;0;<BV64 x0>;64;[];[];['<BV64 x0>'];[];['<BV64 x0>'];[];[];0.0;1.8446744073709552e+19;1.8446744073709552e+19;1.0;;;True;0.0;1.8446744073709552e+19;1.8446744073709552e+19;1.0;;;True;ControlType.CONTROLLED;0;<BV64 x0>;64;[];[];[];[];[];[];[];0;0;0;;;;False;0;0;0;;;;False;ControlType.UNKNOWN;0;[('0x2584', <Bool True>, 'Taken'), ('0x25e8', <Bool True>, 'Taken'), ('0x7110', <Bool x1 != 0x0>, 'Taken'), ('0x711c', <Bool True>, 'Taken')];{'regs': ['<BV64 x1>'], 'indirect_regs': [], 'direct_regs': ['<BV64 x1>'], 'mem': [], 'const_mem': []};[];{'regs': [], 'indirect_regs': [], 'direct_regs': [], 'mem': [], 'const_mem': []};{'regs': ['<BV64 x0>'], 'indirect_regs': [], 'direct_regs': ['<BV64 x0>'], 'mem': [], 'const_mem': []};{'regs': ['<BV64 x0>', '<BV64 x1>'], 'indirect_regs': [], 'direct_regs': ['<BV64 x0>', '<BV64 x1>'], 'mem': [], 'const_mem': []};63.0;0.0;64.0;64.0;[];;;;BaseControlType.CONSTANT_BASE;BaseControlType.CONSTANT_BASE;BaseControlType.CONSTANT_BASE;4;BranchControlType.BRANCH_INDEPENDENT_FROM_SECRET;BranchControlType.BRANCH_INDEPENDENT_FROM_SECRET;9288;True;False;True;True;True;False;False;True;True;False;False;False;True;False;True;False;True;False;True;False;[];['has_valid_base'];True;False;True;True;True;False;False;True;True;False;False;False;True;False;True;False;True;False;True;False;[];['has_valid_base']
b508a910-531d-43bd-9fa3-5e9e9f7f76c1;SHA512Pad@@LIBMD_0.0;0x6920;0x6950;0x0;TransmitterType.STORE;13;1;False;['0x6920', '0x6940'];<BV64 0x50 + x0 + (0#57 .. LOAD_64[<BV64 x0 + 0x40>]_24[9:3])>;64;[('0x693c', <Bool ((LOAD_64[<BV64 x0 + 0x40>]_24[31:0] << 0x1d[7:0] | LShR(LOAD_64[<BV64 x0 + 0x40>]_24[31:0], 0x3)[7:0]) & 127) != 0>, 'Taken')];[];['<BV64 x0>'];[];['<BV64 x0>'];['<BV64 x0 + 0x40>'];[];0;18446744073709551615;18446744073709551615;1;;;True;0;18446744073709551615;18446744073709551615;1;;;False;ControlType.CONTROLLED;1;<BV64 0x50>;64;[];[];[];[];[];[];[];80.0;80.0;0.0;1.0;;;True;80.0;80.0;0.0;1.0;;;True;ControlType.NO_CONTROL;0;<BV64 0x50>;64;[];[];[];[];[];[];[];80;80;0;1.0;;;True;80.0;80.0;0.0;1.0;;;True;ControlType.NO_CONTROL;0;<BV64 x0 + (0#57 .. LOAD_64[<BV64 x0 + 0x40>]_24[9:3])>;64;[('0x693c', <Bool ((LOAD_64[<BV64 x0 + 0x40>]_24[31:0] << 0x1d[7:0] | LShR(LOAD_64[<BV64 x0 + 0x40>]_24[31:0], 0x3)[7:0]) & 127) != 0>, 'Taken')];[];['<BV64 x0>'];[];['<BV64 x0>'];['<BV64 x0 + 0x40>'];[];0.0;1.8446744073709552e+19;18446744073709551615;1;;;True;0.0;1.8446744073709552e+19;18446744073709551615;1;;;False;ControlType.CONTROLLED;1;<BV64 x0>;64;[];[];['<BV64 x0>'];[];['<BV64 x0>'];[];[];0.0;1.8446744073709552e+19;1.8446744073709552e+19;1.0;;;True;0.0;1.8446744073709552e+19;1.8446744073709552e+19;1.0;;;True;ControlType.CONTROLLED;0;<BV64 x0>;64;[];[];[];[];[];[];[];0;0;0;;;;False;0;0;0;;;;False;ControlType.UNKNOWN;0;[('0x693c', <Bool ((LOAD_64[<BV64 x0 + 0x40>]_24[31:0] << 0x1d[7:0] | LShR(LOAD_64[<BV64 x0 + 0x40>]_24[31:0], 0x3)[7:0]) & 127) != 0>, 'Taken')];"{'regs': ['<BV64 x0>'], 'indirect_regs': [""<BV64 x0>: ['0x40']""], 'direct_regs': [], 'mem': ['<BV64 x0 + 0x40>'], 'const_mem': []}";[];{'regs': [], 'indirect_regs': [], 'direct_regs': [], 'mem': [], 'const_mem': []};{'regs': ['<BV64 x0>'], 'indirect_regs': [], 'direct_regs': ['<BV64 x0>'], 'mem': ['<BV64 x0 + 0x40>'], 'const_mem': []};{'regs': ['<BV64 x0>'], 'indirect_regs': [], 'direct_regs': ['<BV64 x0>'], 'mem': ['<BV64 x0 + 0x40>'], 'const_mem': []};63.0;0.0;64.0;64.0;[];;;;BaseControlType.CONSTANT_BASE;BaseControlType.CONSTANT_BASE;BaseControlType.CONSTANT_BASE;1;BranchControlType.BRANCH_DEPENDS_ON_SECRET_VALUE;BranchControlType.BRANCH_INDEPENDENT_FROM_SECRET;26960;True;False;True;True;True;False;False;True;True;False;False;False;True;False;True;True;True;False;True;False;[];['has_valid_base'];True;False;True;True;True;False;False;True;True;False;False;False;True;False;True;True;True;False;True;False;[];['has_valid_base']
b7ea62c0-1b38-4a71-9099-fa507a55fab8;RMD160End@@LIBMD_0.0;0x7760;0x49f4;0x0;TransmitterType.LOAD;60;0;False;['0x7760', '0x7794', '0x4b80', '0x4ad0', '0x49cc'];<BV64 0x18 + x0>;64;[];[];['<BV64 x0>'];[];['<BV64 x0>'];[];[];0;18446744073709551615;18446744073709551615;1;;;True;0;18446744073709551615;18446744073709551615;1;;;True;ControlType.CONTROLLED;0;<BV64 0x18>;64;[];[];[];[];[];[];[];24.0;24.0;0.0;1.0;;;True;24.0;24.0;0.0;1.0;;;True;ControlType.NO_CONTROL;0;<BV64 0x18>;64;[];[];[];[];[];[];[];24;24;0;1.0;;;True;24.0;24.0;0.0;1.0;;;True;ControlType.NO_CONTROL;0;<BV64 x0>;64;[];[];['<BV64 x0>'];[];['<BV64 x0>'];[];[];0.0;1.8446744073709552e+19;18446744073709551615;1;;;True;0.0;1.8446744073709552e+19;18446744073709551615;1;;;True;ControlType.CONTROLLED;0;<BV64 x0>;64;[];[];['<BV64 x0>'];[];['<BV64 x0>'];[];[];0.0;1.8446744073709552e+19;1.8446744073709552e+19;1.0;;;True;0.0;1.8446744073709552e+19;1.8446744073709552e+19;1.0;;;True;ControlType.CONTROLLED;0;<BV64 x0>;64;[];[];[];[];[];[];[];0;0;0;;;;False;0;0;0;;;;False;ControlType.UNKNOWN;0;[('0x4b30', <Bool True>, 'Taken'), ('0x4b9c', <Bool True>, 'Taken'), ('0x7790', <Bool x1 != 0x0>, 'Taken'), ('0x779c', <Bool True>, 'Taken')];{'regs': ['<BV64 x1>'], 'indirect_regs': [], 'direct_regs': ['<BV64 x1>'], 'mem': [], 'const_mem': []};[];{'regs': [], 'indirect_regs': [], 'direct_regs': [], 'mem': [], 'const_mem': []};{'regs': ['<BV64 x0>'], 'indirect_regs': [], 'direct_regs': ['<BV64 x0>'], 'mem': [], 'const_mem': []};{'regs': ['<BV64 x0>', '<BV64 x1>'], 'indirect_regs': [], 'direct_regs': ['<BV64 x0>', '<BV64 x1>'], 'mem': [], 'const_mem': []};63.0;0.0;64.0;64.0;[];;;;BaseControlType.CONSTANT_BASE;BaseControlType.CONSTANT_BASE;BaseControlType.CONSTANT_BASE;4;BranchControlType.BRANCH_INDEPENDENT_FROM_SECRET;BranchControlType.BRANCH_INDEPENDENT_FROM_SECRET;18932;True;False;True;True;True;False;False;True;True;False;False;False;True;False;True;False;True;False;True;False;[];['has_valid_base'];True;False;True;True;True;False;False;True;True;False;False;False;True;False;True;False;True;False;True;False;[];['has_valid_base']
54ee1e44-c332-41c4-b361-bfada3849f9c;SHA256Pad@@LIBMD_0.0;0x6260;0x6290;0x0;TransmitterType.STORE;13;1;False;['0x6260', '0x6280'];<BV64 0x50 + x0 + (0#58 .. LOAD_64[<BV64 x0 + 0x40>]_24[8:3])>;64;[('0x627c', <Bool ((LOAD_64[<BV64 x0 + 0x40>]_24[31:0] << 0x1d[7:0] | LShR(LOAD_64[<BV64 x0 + 0x40>]_24[31:0], 0x3)[7:0]) & 63) != 0>, 'Taken')];[];['<BV64 x0>'];[];['<BV64 x0>'];['<BV64 x0 + 0x40>'];[];0;18446744073709551615;18446744073709551615;1;;;True;0;18446744073709551615;18446744073709551615;1;;;False;ControlType.CONTROLLED;1;<BV64 0x50>;64;[];[];[];[];[];[];[];80.0;80.0;0.0;1.0;;;True;80.0;80.0;0.0;1.0;;;True;ControlType.NO_CONTROL;0;<BV64 0x50>;64;[];[];[];[];[];[];[];80;80;0;1.0;;;True;80.0;80.0;0.0;1.0;;;True;ControlType.NO_CONTROL;0;<BV64 x0 + (0#58 .. LOAD_64[<BV64 x0 + 0x40>]_24[8:3])>;64;[('0x627c', <Bool ((LOAD_64[<BV64 x0 + 0x40>]_24[31:0] << 0x1d[7:0] | LShR(LOAD_64[<BV64 x0 + 0x40>]_24[31:0], 0x3)[7:0]) & 63) != 0>, 'Taken')];[];['<BV64 x0>'];[];['<BV64 x0>'];['<BV64 x0 + 0x40>'];[];0.0;1.8446744073709552e+19;18446744073709551615;1;;;True;0.0;1.8446744073709552e+19;18446744073709551615;1;;;False;ControlType.CONTROLLED;1;<BV64 x0>;64;[];[];['<BV64 x0>'];[];['<BV64 x0>'];[];[];0.0;1.8446744073709552e+19;1.8446744073709552e+19;1.0;;;True;0.0;1.8446744073709552e+19;1.8446744073709552e+19;1.0;;;True;ControlType.CONTROLLED;0;<BV64 x0>;64;[];[];[];[];[];[];[];0;0;0;;;;False;0;0;0;;;;False;ControlType.UNKNOWN;0;[('0x627c', <Bool ((LOAD_64[<BV64 x0 + 0x40>]_24[31:0] << 0x1d[7:0] | LShR(LOAD_64[<BV64 x0 + 0x40>]_24[31:0], 0x3)[7:0]) & 63) != 0>, 'Taken')];"{'regs': ['<BV64 x0>'], 'indirect_regs': [""<BV64 x0>: ['0x40']""], 'direct_regs': [], 'mem': ['<BV64 x0 + 0x40>'], 'const_mem': []}";[];{'regs': [], 'indirect_regs': [], 'direct_regs': [], 'mem': [], 'const_mem': []};{'regs': ['<BV64 x0>'], 'indirect_regs': [], 'direct_regs': ['<BV64 x0>'], 'mem': ['<BV64 x0 + 0x40>'], 'const_mem': []};{'regs': ['<BV64 x0>'], 'indirect_regs': [], 'direct_regs': ['<BV64 x0>'], 'mem': ['<BV64 x0 + 0x40>'], 'const_mem': []};63.0;0.0;64.0;64.0;[];;;;BaseControlType.CONSTANT_BASE;BaseControlType.CONSTANT_BASE;BaseControlType.CONSTANT_BASE;1;BranchControlType.BRANCH_DEPENDS_ON_SECRET_VALUE;BranchControlType.BRANCH_INDEPENDENT_FROM_SECRET;25232;True;False;True;True;True;False;False;True;True;False;False;False;True;False;True;True;True;False;True;False;[];['has_valid_base'];True;False;True;True;True;False;False;True;True;False;False;False;True;False;True;True;True;False;True;False;[];['has_valid_base']
34dc844c-757a-4a40-9cc8-3ab414ceca99;MD2End@@LIBMD_0.0;0x6da4;0x1d74;0x1d64;TransmitterType.LOAD;30;1;False;['0x6da4', '0x6dd8', '0x1d40'];<BV64 0x1fcb0 + (0#29 .. 0x100 + ((0#3 .. 0xffffffff * LOAD_32[<BV64 x0>]_31) << 0x3))>;64;[];[];['<BV64 x0>'];"[""<BV64 x0>: ['0x0']""]";[];['<BV64 x0>'];[];130224;34359868584;34359738360;8;;;False;130224;34359868584;34359738360;8;;;False;ControlType.CONTROLLED;1;<BV64 0x1fdb0>;64;[];[];[];[];[];[];[];130480.0;130480.0;0.0;1.0;;;True;130480.0;130480.0;0.0;1.0;;;True;ControlType.NO_CONTROL;0;<BV64 0x1fdb0>;64;[];[];[];[];[];[];[];130480;130480;0;1.0;;;True;130480.0;130480.0;0.0;1.0;;;True;ControlType.NO_CONTROL;0;<BV64 0#29 .. (0#3 .. 0xffffffff * LOAD_32[<BV64 x0>]_31) << 0x3>;64;[];[];['<BV64 x0>'];"[""<BV64 x0>: ['0x0']""]";[];['<BV64 x0>'];[];0.0;34359738360.0;34359738360;8;;;False;0.0;34359738360.0;34359738360;8;;;False;ControlType.CONTROLLED;1;<BV64 x0>;64;[];[];['<BV64 x0>'];[];['<BV64 x0>'];[];[];0.0;1.8446744073709552e+19;1.8446744073709552e+19;1.0;;;True;0.0;1.8446744073709552e+19;1.8446744073709552e+19;1.0;;;True;ControlType.CONTROLLED;0;<BV32 LOAD_32[<BV64 x0>]_31>;32;[];[];[];[];[];[];[];0;0;0;;;;False;0;0;0;;;;False;ControlType.UNKNOWN;1;[('0x6dd4', <Bool x1 != 0x0>, 'Taken'), ('0x6de0', <Bool True>, 'Taken')];{'regs': ['<BV64 x1>'], 'indirect_regs': [], 'direct_regs': ['<BV64 x1>'], 'mem': [], 'const_mem': []};[];{'regs': [], 'indirect_regs': [], 'direct_regs': [], 'mem': [], 'const_mem': []};{'regs': ['<BV64 x0>'], 'indirect_regs': [], 'direct_regs': ['<BV64 x0>'], 'mem': ['<BV64 x0>'], 'const_mem': []};{'regs': ['<BV64 x0>', '<BV64 x1>'], 'indirect_regs': [], 'direct_regs': ['<BV64 x0>', '<BV64 x1>'], 'mem': ['<BV64 x0>'], 'const_mem': []};34.0;3.0;32.0;32.0;[];;;;BaseControlType.CONSTANT_BASE;BaseControlType.CONSTANT_BASE;BaseControlType.CONSTANT_BASE;2;BranchControlType.BRANCH_INDEPENDENT_FROM_SECRET;BranchControlType.BRANCH_INDEPENDENT_FROM_SECRET;7540;True;False;True;True;True;False;False;True;True;False;False;False;True;False;True;False;True;False;True;False;[];['has_valid_base'];True;False;True;True;True;False;False;True;True;False;False;False;True;False;True;False;True;False;True;False;[];['has_valid_base']
ae660b77-dd69-49c7-a80b-8f001d5802ff;RMD160Transform@@LIBMD_0.0;0x3380;0x3404;0x0;TransmitterType.LOAD;34;0;False;['0x3380'];<BV64 0x4 + x0>;64;[];[];['<BV64 x0>'];[];['<BV64 x0>'];[];[];0;18446744073709551615;18446744073709551615;1;;;True;0;18446744073709551615;18446744073709551615;1;;;True;ControlType.CONTROLLED;0;<BV64 0x4>;64;[];[];[];[];[];[];[];4.0;4.0;0.0;1.0;;;True;4.0;4.0;0.0;1.0;;;True;ControlType.NO_CONTROL;0;<BV64 0x4>;64;[];[];[];[];[];[];[];4;4;0;1.0;;;True;4.0;4.0;0.0;1.0;;;True;ControlType.NO_CONTROL;0;<BV64 x0>;64;[];[];['<BV64 x0>'];[];['<BV64 x0>'];[];[];0.0;1.8446744073709552e+19;18446744073709551615;1;;;True;0.0;1.8446744073709552e+19;18446744073709551615;1;;;True;ControlType.CONTROLLED;0;<BV64 x0>;64;[];[];['<BV64 x0>'];[];['<BV64 x0>'];[];[];0.0;1.8446744073709552e+19;1.8446744073709552e+19;1.0;;;True;0.0;1.8446744073709552e+19;1.8446744073709552e+19;1.0;;;True;ControlType.CONTROLLED;0;<BV64 x0>;64;[];[];[];[];[];[];[];0;0;0;;;;False;0;0;0;;;;False;ControlType.UNKNOWN;0;[];{'regs': [], 'indirect_regs': [], 'direct_regs': [], 'mem': [], 'const_mem': []};[];{'regs': [], 'indirect_regs': [], 'direct_regs': [], 'mem': [], 'const_mem': []};{'regs': ['<BV64 x0>'], 'indirect_regs': [], 'direct_regs': ['<BV64 x0>'], 'mem': [], 'const_mem': []};{'regs': ['<BV64 x0>'], 'indirect_regs': [], 'direct_regs': ['<BV64 x0>'], 'mem': [], 'const_mem': []};63.0;0.0;64.0;64.0;[];;;;BaseControlType.CONSTANT_BASE;BaseControlType.CONSTANT_BASE;BaseControlType.CONSTANT_BASE;0;BranchControlType.BRANCH_INDEPENDENT_FROM_SECRET;BranchControlType.BRANCH_INDEPENDENT_FROM_SECRET;13316;True;False;True;True;True;False;False;True;True;False;False;False;True;False;True;False;True;False;True;False;[];['has_valid_base'];True;False;True;True;True;False;False;True;True;False;False;False;True;False;True;False;True;False;True;False;[];['has_valid_base']
eff3391b-9c13-4afd-b22d-139c180ab26d;SHA512_256Transform@@LIBMD_0.1;0x6544;0x6590;0x0;TransmitterType.LOAD;20;0;False;['0x6544'];<BV64 0x28 + x0>;64;[];[];['<BV64 x0>'];[];['<BV64 x0>'];[];[];0;18446744073709551615;18446744073709551615;1;;;True;0;18446744073709551615;18446744073709551615;1;;;True;ControlType.CONTROLLED;0;<BV64 0x28>;64;[];[];[];[];[];[];[];40.0;40.0;0.0;1.0;;;True;40.0;40.0;0.0;1.0;;;True;ControlType.NO_CONTROL;0;<BV64 0x28>;64;[];[];[];[];[];[];[];40;40;0;1.0;;;True;40.0;40.0;0.0;1.0;;;True;ControlType.NO_CONTROL;0;<BV64 x0>;64;[];[];['<BV64 x0>'];[];['<BV64 x0>'];[];[];0.0;1.8446744073709552e+19;18446744073709551615;1;;;True;0.0;1.8446744073709552e+19;18446744073709551615;1;;;True;ControlType.CONTROLLED;0;<BV64 x0>;64;[];[];['<BV64 x0>'];[];['<BV64 x0>'];[];[];0.0;1.8446744073709552e+19;1.8446744073709552e+19;1.0;;;True;0.0;1.8446744073709552e+19;1.8446744073709552e+19;1.0;;;True;ControlType.CONTROLLED;0;<BV64 x0>;64;[];[];[];[];[];[];[];0;0;0;;;;False;0;0;0;;;;False;ControlType.UNKNOWN;0;[];{'regs': [], 'indirect_regs': [], 'direct_regs': [], 'mem': [], 'const_mem': []};[];{'regs': [], 'indirect_regs': [], 'direct_regs': [], 'mem': [], 'const_mem': []};{'regs': ['<BV64 x0>'], 'indirect_regs': [], 'direct_regs': ['<BV64 x0>'], 'mem': [], 'const_mem': []};{'regs': ['<BV64 x0>'], 'indirect_regs': [], 'direct_regs': ['<BV64 x0>'], 'mem': [], 'const_mem': []};63.0;0.0;64.0;64.0;[];;;;BaseControlType.CONSTANT_BASE;BaseControlType.CONSTANT_BASE;BaseControlType.CONSTANT_BASE;0;BranchControlType.BRANCH_INDEPENDENT_FROM_SECRET;BranchControlType.BRANCH_INDEPENDENT_FROM_SECRET;26000;True;False;True;True;True;False;False;True;True;False;False;False;True;False;True;False;True;False;True;False;[];['has_valid_base'];True;False;True;True;True;False;False;True;True;False;False;False;True;False;True;False;True;False;True;False;[];['has_valid_base']
306ac035-6805-4183-aaab-48f1095f26f2;SHA512_256Pad@@LIBMD_0.1;0x6920;0x6950;0x0;TransmitterType.STORE;13;1;False;['0x6920', '0x6940'];<BV64 0x50 + x0 + (0#57 .. LOAD_64[<BV64 x0 + 0x40>]_24[9:3])>;64;[('0x693c', <Bool ((LOAD_64[<BV64 x0 + 0x40>]_24[31:0] << 0x1d[7:0] | LShR(LOAD_64[<BV64 x0 + 0x40>]_24[31:0], 0x3)[7:0]) & 127) != 0>, 'Taken')];[];['<BV64 x0>'];[];['<BV64 x0>'];['<BV64 x0 + 0x40>'];[];0;18446744073709551615;18446744073709551615;1;;;True;0;18446744073709551615;18446744073709551615;1;;;False;ControlType.CONTROLLED;1;<BV64 0x50>;64;[];[];[];[];[];[];[];80.0;80.0;0.0;1.0;;;True;80.0;80.0;0.0;1.0;;;True;ControlType.NO_CONTROL;0;<BV64 0x50>;64;[];[];[];[];[];[];[];80;80;0;1.0;;;True;80.0;80.0;0.0;1.0;;;True;ControlType.NO_CONTROL;0;<BV64 x0 + (0#57 .. LOAD_64[<BV64 x0 + 0x40>]_24[9:3])>;64;[('0x693c', <Bool ((LOAD_64[<BV64 x0 + 0x40>]_24[31:0] << 0x1d[7:0] | LShR(LOAD_64[<BV64 x0 + 0x40>]_24[31:0], 0x3)[7:0]) & 127) != 0>, 'Taken')];[];['<BV64 x0>'];[];['<BV64 x0>'];['<BV64 x0 + 0x40>'];[];0.0;1.8446744073709552e+19;18446744073709551615;1;;;True;0.0;1.8446744073709552e+19;18446744073709551615;1;;;False;ControlType.CONTROLLED;1;<BV64 x0>;64;[];[];['<BV64 x0>'];[];['<BV64 x0>'];[];[];0.0;1.8446744073709552e+19;1.8446744073709552e+19;1.0;;;True;0.0;1.8446744073709552e+19;1.8446744073709552e+19;1.0;;;True;ControlType.CONTROLLED;0;<BV64 x0>;64;[];[];[];[];[];[];[];0;0;0;;;;False;0;0;0;;;;False;ControlType.UNKNOWN;0;[('0x693c', <Bool ((LOAD_64[<BV64 x0 + 0x40>]_24[31:0] << 0x1d[7:0] | LShR(LOAD_64[<BV64 x0 + 0x40>]_24[31:0], 0x3)[7:0]) & 127) != 0>, 'Taken')];"{'regs': ['<BV64 x0>'], 'indirect_regs': [""<BV64 x0>: ['0x40']""], 'direct_regs': [], 'mem': ['<BV64 x0 + 0x40>'], 'const_mem': []}";[];{'regs': [], 'indirect_regs': [], 'direct_regs': [], 'mem': [], 'const_mem': []};{'regs': ['<BV64 x0>'], 'indirect_regs': [], 'direct_regs': ['<BV64 x0>'], 'mem': ['<BV64 x0 + 0x40>'], 'const_mem': []};{'regs': ['<BV64 x0>'], 'indirect_regs': [], 'direct_regs': ['<BV64 x0>'], 'mem': ['<BV64 x0 + 0x40>'], 'const_mem': []};63.0;0.0;64.0;64.0;[];;;;BaseControlType.CONSTANT_BASE;BaseControlType.CONSTANT_BASE;BaseControlType.CONSTANT_BASE;1;BranchControlType.BRANCH_DEPENDS_ON_SECRET_VALUE;BranchControlType.BRANCH_INDEPENDENT_FROM_SECRET;26960;True;False;True;True;True;False;False;True;True;False;False;False;True;False;True;True;True;False;True;False;[];['has_valid_base'];True;False;True;True;True;False;False;True;True;False;False;False;True;False;True;True;True;False;True;False;[];['has_valid_base']
7a8934d6-7e8d-4d9d-88a8-12f65532b91f;SHA224Pad@@LIBMD_0.1;0x6260;0x6290;0x0;TransmitterType.STORE;13;1;False;['0x6260', '0x6280'];<BV64 0x50 + x0 + (0#58 .. LOAD_64[<BV64 x0 + 0x40>]_24[8:3])>;64;[('0x627c', <Bool ((LOAD_64[<BV64 x0 + 0x40>]_24[31:0] << 0x1d[7:0] | LShR(LOAD_64[<BV64 x0 + 0x40>]_24[31:0], 0x3)[7:0]) & 63) != 0>, 'Taken')];[];['<BV64 x0>'];[];['<BV64 x0>'];['<BV64 x0 + 0x40>'];[];0;18446744073709551615;18446744073709551615;1;;;True;0;18446744073709551615;18446744073709551615;1;;;False;ControlType.CONTROLLED;1;<BV64 0x50>;64;[];[];[];[];[];[];[];80.0;80.0;0.0;1.0;;;True;80.0;80.0;0.0;1.0;;;True;ControlType.NO_CONTROL;0;<BV64 0x50>;64;[];[];[];[];[];[];[];80;80;0;1.0;;;True;80.0;80.0;0.0;1.0;;;True;ControlType.NO_CONTROL;0;<BV64 x0 + (0#58 .. LOAD_64[<BV64 x0 + 0x40>]_24[8:3])>;64;[('0x627c', <Bool ((LOAD_64[<BV64 x0 + 0x40>]_24[31:0] << 0x1d[7:0] | LShR(LOAD_64[<BV64 x0 + 0x40>]_24[31:0], 0x3)[7:0]) & 63) != 0>, 'Taken')];[];['<BV64 x0>'];[];['<BV64 x0>'];['<BV64 x0 + 0x40>'];[];0.0;1.8446744073709552e+19;18446744073709551615;1;;;True;0.0;1.8446744073709552e+19;18446744073709551615;1;;;False;ControlType.CONTROLLED;1;<BV64 x0>;64;[];[];['<BV64 x0>'];[];['<BV64 x0>'];[];[];0.0;1.8446744073709552e+19;1.8446744073709552e+19;1.0;;;True;0.0;1.8446744073709552e+19;1.8446744073709552e+19;1.0;;;True;ControlType.CONTROLLED;0;<BV64 x0>;64;[];[];[];[];[];[];[];0;0;0;;;;False;0;0;0;;;;False;ControlType.UNKNOWN;0;[('0x627c', <Bool ((LOAD_64[<BV64 x0 + 0x40>]_24[31:0] << 0x1d[7:0] | LShR(LOAD_64[<BV64 x0 + 0x40>]_24[31:0], 0x3)[7:0]) & 63) != 0>, 'Taken')];"{'regs': ['<BV64 x0>'], 'indirect_regs': [""<BV64 x0>: ['0x40']""], 'direct_regs': [], 'mem': ['<BV64 x0 + 0x40>'], 'const_mem': []}";[];{'regs': [], 'indirect_regs': [], 'direct_regs': [], 'mem': [], 'const_mem': []};{'regs': ['<BV64 x0>'], 'indirect_regs': [], 'direct_regs': ['<BV64 x0>'], 'mem': ['<BV64 x0 + 0x40>'], 'const_mem': []};{'regs': ['<BV64 x0>'], 'indirect_regs': [], 'direct_regs': ['<BV64 x0>'], 'mem': ['<BV64 x0 + 0x40>'], 'const_mem': []};63.0;0.0;64.0;64.0;[];;;;BaseControlType.CONSTANT_BASE;BaseControlType.CONSTANT_BASE;BaseControlType.CONSTANT_BASE;1;BranchControlType.BRANCH_DEPENDS_ON_SECRET_VALUE;BranchControlType.BRANCH_INDEPENDENT_FROM_SECRET;25232;True;False;True;True;True;False;False;True;True;False;False;False;True;False;True;True;True;False;True;False;[];['has_valid_base'];True;False;True;True;True;False;False;True;True;False;False;False;True;False;True;True;True;False;True;False;[];['has_valid_base']
164716e5-d07c-46d2-a0e2-dea7b4a0c51c;SHA512Transform@@LIBMD_0.0;0x6544;0x6590;0x0;TransmitterType.LOAD;20;0;False;['0x6544'];<BV64 0x28 + x0>;64;[];[];['<BV64 x0>'];[];['<BV64 x0>'];[];[];0;18446744073709551615;18446744073709551615;1;;;True;0;18446744073709551615;18446744073709551615;1;;;True;ControlType.CONTROLLED;0;<BV64 0x28>;64;[];[];[];[];[];[];[];40.0;40.0;0.0;1.0;;;True;40.0;40.0;0.0;1.0;;;True;ControlType.NO_CONTROL;0;<BV64 0x28>;64;[];[];[];[];[];[];[];40;40;0;1.0;;;True;40.0;40.0;0.0;1.0;;;True;ControlType.NO_CONTROL;0;<BV64 x0>;64;[];[];['<BV64 x0>'];[];['<BV64 x0>'];[];[];0.0;1.8446744073709552e+19;18446744073709551615;1;;;True;0.0;1.8446744073709552e+19;18446744073709551615;1;;;True;ControlType.CONTROLLED;0;<BV64 x0>;64;[];[];['<BV64 x0>'];[];['<BV64 x0>'];[];[];0.0;1.8446744073709552e+19;1.8446744073709552e+19;1.0;;;True;0.0;1.8446744073709552e+19;1.8446744073709552e+19;1.0;;;True;ControlType.CONTROLLED;0;<BV64 x0>;64;[];[];[];[];[];[];[];0;0;0;;;;False;0;0;0;;;;False;ControlType.UNKNOWN;0;[];{'regs': [], 'indirect_regs': [], 'direct_regs': [], 'mem': [], 'const_mem': []};[];{'regs': [], 'indirect_regs': [], 'direct_regs': [], 'mem': [], 'const_mem': []};{'regs': ['<BV64 x0>'], 'indirect_regs': [], 'direct_regs': ['<BV64 x0>'], 'mem': [], 'const_mem': []};{'regs': ['<BV64 x0>'], 'indirect_regs': [], 'direct_regs': ['<BV64 x0>'], 'mem': [], 'const_mem': []};63.0;0.0;64.0;64.0;[];;;;BaseControlType.CONSTANT_BASE;BaseControlType.CONSTANT_BASE;BaseControlType.CONSTANT_BASE;0;BranchControlType.BRANCH_INDEPENDENT_FROM_SECRET;BranchControlType.BRANCH_INDEPENDENT_FROM_SECRET;26000;True;False;True;True;True;False;False;True;True;False;False;False;True;False;True;False;True;False;True;False;[];['has_valid_base'];True;False;True;True;True;False;False;True;True;False;False;False;True;False;True;False;True;False;True;False;[];['has_valid_base']
6578c223-5259-4358-87da-11bca6ea507b;MD2Init@@LIBMD_0.0;0x1b80;0x1ba0;0x0;TransmitterType.STORE;9;0;False;['0x1b80'];<BV64 0x24 + x0>;64;[];[];['<BV64 x0>'];[];['<BV64 x0>'];[];[];0;18446744073709551615;18446744073709551615;1;;;True;0;18446744073709551615;18446744073709551615;1;;;True;ControlType.CONTROLLED;0;<BV64 0x24>;64;[];[];[];[];[];[];[];36.0;36.0;0.0;1.0;;;True;36.0;36.0;0.0;1.0;;;True;ControlType.NO_CONTROL;0;<BV64 0x24>;64;[];[];[];[];[];[];[];36;36;0;1.0;;;True;36.0;36.0;0.0;1.0;;;True;ControlType.NO_CONTROL;0;<BV64 x0>;64;[];[];['<BV64 x0>'];[];['<BV64 x0>'];[];[];0.0;1.8446744073709552e+19;18446744073709551615;1;;;True;0.0;1.8446744073709552e+19;18446744073709551615;1;;;True;ControlType.CONTROLLED;0;<BV64 x0>;64;[];[];['<BV64 x0>'];[];['<BV64 x0>'];[];[];0.0;1.8446744073709552e+19;1.8446744073709552e+19;1.0;;;True;0.0;1.8446744073709552e+19;1.8446744073709552e+19;1.0;;;True;ControlType.CONTROLLED;0;<BV64 x0>;64;[];[];[];[];[];[];[];0;0;0;;;;False;0;0;0;;;;False;ControlType.UNKNOWN;0;[];{'regs': [], 'indirect_regs': [], 'direct_regs': [], 'mem': [], 'const_mem': []};[];{'regs': [], 'indirect_regs': [], 'direct_regs': [], 'mem': [], 'const_mem': []};{'regs': ['<BV64 x0>'], 'indirect_regs': [], 'direct_regs': ['<BV64 x0>'], 'mem': [], 'const_mem': []};{'regs': ['<BV64 x0>'], 'indirect_regs': [], 'direct_regs': ['<BV64 x0>'], 'mem': [], 'const_mem': []};63.0;0.0;64.0;64.0;[];;;;BaseControlType.CONSTANT_BASE;BaseControlType.CONSTANT_BASE;BaseControlType.CONSTANT_BASE;0;BranchControlType.BRANCH_INDEPENDENT_FROM_SECRET;BranchControlType.BRANCH_INDEPENDENT_FROM_SECRET;7072;True;False;True;True;True;False;False;True;True;False;False;False;True;False;True;False;True;False;True;False;[];['has_valid_base'];True;False;True;True;True;False;False;True;True;False;False;False;True;False;True;False;True;False;True;False;[];['has_valid_base']
3528444d-973e-43ca-a58c-754000619592;RMD160Update@@LIBMD_0.0;0x49cc;0x33d8;0x49f4;TransmitterType.LOAD;48;1;False;['0x49cc', '0x4a10', '0x4a14', '0x4a1c', '0x3380'];<BV64 x1 + (0#58 .. LOAD_64[<BV64 x0 + 0x18>]_28[8:3])>;64;[('0x4a0c', <Bool x2 >= 0x40 - ((LOAD_64[<BV64 x0 + 0x18>]_28 << 0x3d | LShR(LOAD_64[<BV64 x0 + 0x18>]_28, 0x3)) & 0x3f)>, 'Taken'), ('0x4a10', <Bool LOAD_64[<BV64 x0 + 0x18>]_28[8:3] == 0>, 'Taken')];[];['<BV64 x0>', '<BV64 x1>'];"[""<BV64 x0>: ['0x18']""]";['<BV64 x1>'];['<BV64 x0 + 0x18>'];[];0;18446744073709551615;18446744073709551615;1;;;True;0;18446744073709551615;18446744073709551615;1;;;False;ControlType.CONTROLLED;1;<BV64 x1>;64;[];[];['<BV64 x1>'];[];['<BV64 x1>'];[];[];0.0;1.8446744073709552e+19;1.8446744073709552e+19;1.0;;;True;0.0;1.8446744073709552e+19;1.8446744073709552e+19;1.0;;;True;ControlType.CONTROLLED;0;<BV64 x1>;64;[];[];['<BV64 x1>'];[];['<BV64 x1>'];[];[];0;18446744073709551615;18446744073709551615;1.0;;;True;0.0;1.8446744073709552e+19;1.8446744073709552e+19;1.0;;;True;ControlType.CONTROLLED;0;<BV64 0#58 .. LOAD_64[<BV64 x0 + 0x18>]_28[8:3]>;64;[('0x4a0c', <Bool x2 >= 0x40 - ((LOAD_64[<BV64 x0 + 0x18>]_28 << 0x3d | LShR(LOAD_64[<BV64 x0 + 0x18>]_28, 0x3)) & 0x3f)>, 'Taken'), ('0x4a10', <Bool LOAD_64[<BV64 x0 + 0x18>]_28[8:3] == 0>, 'Taken')];[];['<BV64 x0>'];"[""<BV64 x0>: ['0x18']""]";[];['<BV64 x0 + 0x18>'];[];0.0;63.0;63;1;;;True;0.0;0.0;0;1;;;True;ControlType.CONTROLLED;1;<BV64 x0 + 0x18>;64;[];[];['<BV64 x0>'];[];['<BV64 x0>'];[];[];0.0;1.8446744073709552e+19;1.8446744073709552e+19;1.0;;;True;0.0;1.8446744073709552e+19;1.8446744073709552e+19;1.0;;;True;ControlType.CONTROLLED;0;<BV64 LOAD_64[<BV64 x0 + 0x18>]_28>;64;[];[];[];[];[];[];[];0;0;0;;;;False;0;0;0;;;;False;ControlType.UNKNOWN;1;[('0x4a0c', <Bool x2 >= 0x40 - ((LOAD_64[<BV64 x0 + 0x18>]_28 << 0x3d | LShR(LOAD_64[<BV64 x0 + 0x18>]_28, 0x3)) & 0x3f)>, 'Taken'), ('0x4a10', <Bool LOAD_64[<BV64 x0 + 0x18>]_28[8:3] == 0>, 'Taken'), ('0x4a18', <Bool x2 > 0x3f>, 'Taken'), ('0x4a2c', <Bool True>, 'Taken')];"{'regs': ['<BV64 x0>', '<BV64 x2>'], 'indirect_regs': [""<BV64 x0>: ['0x18', '0x18']""], 'direct_regs': ['<BV64 x2>'], 'mem': ['<BV64 x0 + 0x18>'], 'const_mem': []}";[];{'regs': [], 'indirect_regs': [], 'direct_regs': [], 'mem': [], 'const_mem': []};{'regs': ['<BV64 x0>', '<BV64 x1>'], 'indirect_regs': [], 'direct_regs': ['<BV64 x0>', '<BV64 x1>'], 'mem': ['<BV64 x0 + 0x18>'], 'const_mem': []};{'regs': ['<BV64 x0>', '<BV64 x1>', '<BV64 x2>'], 'indirect_regs': [], 'direct_regs': ['<BV64 x0>', '<BV64 x1>', '<BV64 x2>'], 'mem': ['<BV64 x0 + 0x18>'], 'const_mem': []};5.0;0.0;6.0;6.0;[];;;;BaseControlType.BASE_INDEPENDENT_FROM_SECRET;BaseControlType.BASE_INDEPENDENT_FROM_SECRET;BaseControlType.BASE_INDEPENDENT_FROM_SECRET;4;BranchControlType.BRANCH_DEPENDS_ON_SECRET_VALUE;BranchControlType.BRANCH_INDEPENDENT_FROM_SECRET;13272;True;True;True;True;True;True;True;False;True;False;True;False;True;False;True;True;True;False;True;True;['can_perform_sliding', 'perform_training'];[];True;True;True;True;True;True;True;False;True;False;True;False;True;False;True;True;True;False;True;True;['can_perform_sliding', 'perform_training'];[]
e0091afd-eaeb-4b53-b55e-c3a4f2896239;SHA384Init@@LIBMD_0.0;0x6b60;0x6b98;0x0;TransmitterType.STORE;16;0;False;['0x6b60'];<BV64 0x70 + x0>;64;[];[];['<BV64 x0>'];[];['<BV64 x0>'];[];[];0;18446744073709551615;18446744073709551615;1;;;True;0;18446744073709551615;18446744073709551615;1;;;True;ControlType.CONTROLLED;0;<BV64 0x70>;64;[];[];[];[];[];[];[];112.0;112.0;0.0;1.0;;;True;112.0;112.0;0.0;1.0;;;True;ControlType.NO_CONTROL;0;<BV64 0x70>;64;[];[];[];[];[];[];[];112;112;0;1.0;;;True;112.0;112.0;0.0;1.0;;;True;ControlType.NO_CONTROL;0;<BV64 x0>;64;[];[];['<BV64 x0>'];[];['<BV64 x0>'];[];[];0.0;1.8446744073709552e+19;18446744073709551615;1;;;True;0.0;1.8446744073709552e+19;18446744073709551615;1;;;True;ControlType.CONTROLLED;0;<BV64 x0>;64;[];[];['<BV64 x0>'];[];['<BV64 x0>'];[];[];0.0;1.8446744073709552e+19;1.8446744073709552e+19;1.0;;;True;0.0;1.8446744073709552e+19;1.8446744073709552e+19;1.0;;;True;ControlType.CONTROLLED;0;<BV64 x0>;64;[];[];[];[];[];[];[];0;0;0;;;;False;0;0;0;;;;False;ControlType.UNKNOWN;0;[];{'regs': [], 'indirect_regs': [], 'direct_regs': [], 'mem': [], 'const_mem': []};[];{'regs': [], 'indirect_regs': [], 'direct_regs': [], 'mem': [], 'const_mem': []};{'regs': ['<BV64 x0>'], 'indirect_regs': [], 'direct_regs': ['<BV64 x0>'], 'mem': [], 'const_mem': []};{'regs': ['<BV64 x0>'], 'indirect_regs': [], 'direct_regs': ['<BV64 x0>'], 'mem': [], 'const_mem': []};63.0;0.0;64.0;64.0;[];;;;BaseControlType.CONSTANT_BASE;BaseControlType.CONSTANT_BASE;BaseControlType.CONSTANT_BASE;0;BranchControlType.BRANCH_INDEPENDENT_FROM_SECRET;BranchControlType.BRANCH_INDEPENDENT_FROM_SECRET;27544;True;False;True;True;True;False;False;True;True;False;False;False;True;False;True;False;True;False;True;False;[];['has_valid_base'];True;False;True;True;True;False;False;True;True;False;False;False;True;False;True;False;True;False;True;False;[];['has_valid_base']
a214d851-cf95-437c-a90c-e475d068c803;MD2Transform@@LIBMD_0.0;0x1bc0;0x1bfc;0x1be4;TransmitterType.LOAD;16;1;False;['0x1bc0'];<BV64 0x8e50 + (0#56 .. LOAD_8[<BV64 x0 + 0x24>]_23 ^ LOAD_8[<BV64 x0 + 0x13>]_22)>;64;[];[];['<BV64 x0>'];"[""<BV64 x0>: ['0x13', '0x24']""]";[];['<BV64 x0 + 0x13>', '<BV64 x0 + 0x24>'];[];36432;36687;255;1;36863.0;36352.0;False;36432;36687;255;1;36863.0;36352.0;False;ControlType.CONTROLLED;1;<BV64 0x8e50>;64;[];[];[];[];[];[];[];36432.0;36432.0;0.0;1.0;;;True;36432.0;36432.0;0.0;1.0;;;True;ControlType.NO_CONTROL;0;<BV64 0x8e50>;64;[];[];[];[];[];[];[];36432;36432;0;1.0;;;True;36432.0;36432.0;0.0;1.0;;;True;ControlType.NO_CONTROL;0;<BV64 0#56 .. LOAD_8[<BV64 x0 + 0x24>]_23 ^ LOAD_8[<BV64 x0 + 0x13>]_22>;64;[];[];['<BV64 x0>'];"[""<BV64 x0>: ['0x13', '0x24']""]";[];['<BV64 x0 + 0x13>', '<BV64 x0 + 0x24>'];[];0.0;255.0;255;1;;;False;0.0;255.0;255;1;;;False;ControlType.CONTROLLED;1;<BV64 x0 + 0x24>;64;[];[];['<BV64 x0>'];[];['<BV64 x0>'];[];[];0.0;1.8446744073709552e+19;1.8446744073709552e+19;1.0;;;True;0.0;1.8446744073709552e+19;1.8446744073709552e+19;1.0;;;True;ControlType.CONTROLLED;0;<BV8 LOAD_8[<BV64 x0 + 0x24>]_23>;8;[];[];[];[];[];[];[];0;0;0;;;;False;0;0;0;;;;False;ControlType.UNKNOWN;1;[];{'regs': [], 'indirect_regs': [], 'direct_regs': [], 'mem': [], 'const_mem': []};[];{'regs': [], 'indirect_regs': [], 'direct_regs': [], 'mem': [], 'const_mem': []};{'regs': ['<BV64 x0>'], 'indirect_regs': [], 'direct_regs': ['<BV64 x0>'], 'mem': ['<BV64 x0 + 0x13>', '<BV64 x0 + 0x24>'], 'const_mem': []};{'regs': ['<BV64 x0>'], 'indirect_regs': [], 'direct_regs': ['<BV64 x0>'], 'mem': ['<BV64 x0 + 0x13>', '<BV64 x0 + 0x24>'], 'const_mem': []};0.0;0.0;0.0;0.0;[];;;;BaseControlType.CONSTANT_BASE;BaseControlType.CONSTANT_BASE;BaseControlType.CONSTANT_BASE;0;BranchControlType.BRANCH_INDEPENDENT_FROM_SECRET;BranchControlType.BRANCH_INDEPENDENT_FROM_SECRET;7164;False;False;True;True;True;True;False;False;True;False;False;False;True;False;False;False;True;False;True;False;[];['is_secret_inferable', 'has_valid_base', 'secret_below_cache_granularity'];False;False;True;True;True;True;False;False;True;False;False;False;True;False;False;False;True;False;True;False;[];['is_secret_inferable', 'has_valid_base', 'secret_below_cache_granularity']
7031694b-41c9-4522-959f-9e4151c3162e;SHA512_256Update@@LIBMD_0.1;0x67c0;0x6588;0x0;TransmitterType.LOAD;39;0;False;['0x67c0', '0x67c8', '0x67f8', '0x6800', '0x6544'];<BV64 0x8 + x0>;64;[];[];['<BV64 x0>'];[];['<BV64 x0>'];[];[];0;18446744073709551615;18446744073709551615;1;;;True;0;18446744073709551615;18446744073709551615;1;;;True;ControlType.CONTROLLED;0;<BV64 0x8>;64;[];[];[];[];[];[];[];8.0;8.0;0.0;1.0;;;True;8.0;8.0;0.0;1.0;;;True;ControlType.NO_CONTROL;0;<BV64 0x8>;64;[];[];[];[];[];[];[];8;8;0;1.0;;;True;8.0;8.0;0.0;1.0;;;True;ControlType.NO_CONTROL;0;<BV64 x0>;64;[];[];['<BV64 x0>'];[];['<BV64 x0>'];[];[];0.0;1.8446744073709552e+19;18446744073709551615;1;;;True;0.0;1.8446744073709552e+19;18446744073709551615;1;;;True;ControlType.CONTROLLED;0;<BV64 x0>;64;[];[];['<BV64 x0>'];[];['<BV64 x0>'];[];[];0.0;1.8446744073709552e+19;1.8446744073709552e+19;1.0;;;True;0.0;1.8446744073709552e+19;1.8446744073709552e+19;1.0;;;True;ControlType.CONTROLLED;0;<BV64 x0>;64;[];[];[];[];[];[];[];0;0;0;;;;False;0;0;0;;;;False;ControlType.UNKNOWN;0;[('0x67c4', <Bool x2 != 0x0>, 'Taken'), ('0x67f4', <Bool ((LOAD_64[<BV64 x0 + 0x40>]_26 << 0x3d[7:0] | LShR(LOAD_64[<BV64 x0 + 0x40>]_26, 0x3)[7:0]) & 127) == 0>, 'Taken'), ('0x67fc', <Bool x2 > 0x7f>, 'Taken'), ('0x6810', <Bool True>, 'Taken')];"{'regs': ['<BV64 x0>', '<BV64 x2>'], 'indirect_regs': [""<BV64 x0>: ['0x40']""], 'direct_regs': ['<BV64 x2>'], 'mem': ['<BV64 x0 + 0x40>'], 'const_mem': []}";[];{'regs': [], 'indirect_regs': [], 'direct_regs': [], 'mem': [], 'const_mem': []};{'regs': ['<BV64 x0>'], 'indirect_regs': [], 'direct_regs': ['<BV64 x0>'], 'mem': [], 'const_mem': []};{'regs': ['<BV64 x0>', '<BV64 x2>'], 'indirect_regs': [], 'direct_regs': ['<BV64 x0>', '<BV64 x2>'], 'mem': ['<BV64 x0 + 0x40>'], 'const_mem': []};63.0;0.0;64.0;64.0;[];;;;BaseControlType.CONSTANT_BASE;BaseControlType.CONSTANT_BASE;BaseControlType.CONSTANT_BASE;4;BranchControlType.BRANCH_DEPENDS_ON_SECRET_VALUE;BranchControlType.BRANCH_INDEPENDENT_FROM_SECRET;25992;True;False;True;True;True;False;False;True;True;False;False;False;True;False;True;True;True;False;True;False;[];['has_valid_base'];True;False;True;True;True;False;False;True;True;False;False;False;True;False;True;True;True;False;True;False;[];['has_valid_base']
c28e69f6-a4db-475f-962b-48d059a167c5;SHA224Init@@LIBMD_0.1;0x5e68;0x5e98;0x0;TransmitterType.STORE;14;0;False;['0x5e68'];<BV64 0x80 + x0>;64;[];[];['<BV64 x0>'];[];['<BV64 x0>'];[];[];0;18446744073709551615;18446744073709551615;1;;;True;0;18446744073709551615;18446744073709551615;1;;;True;ControlType.CONTROLLED;0;<BV64 0x80>;64;[];[];[];[];[];[];[];128.0;128.0;0.0;1.0;;;True;128.0;128.0;0.0;1.0;;;True;ControlType.NO_CONTROL;0;<BV64 0x80>;64;[];[];[];[];[];[];[];128;128;0;1.0;;;True;128.0;128.0;0.0;1.0;;;True;ControlType.NO_CONTROL;0;<BV64 x0>;64;[];[];['<BV64 x0>'];[];['<BV64 x0>'];[];[];0.0;1.8446744073709552e+19;18446744073709551615;1;;;True;0.0;1.8446744073709552e+19;18446744073709551615;1;;;True;ControlType.CONTROLLED;0;<BV64 x0>;64;[];[];['<BV64 x0>'];[];['<BV64 x0>'];[];[];0.0;1.8446744073709552e+19;1.8446744073709552e+19;1.0;;;True;0.0;1.8446744073709552e+19;1.8446744073709552e+19;1.0;;;True;ControlType.CONTROLLED;0;<BV64 x0>;64;[];[];[];[];[];[];[];0;0;0;;;;False;0;0;0;;;;False;ControlType.UNKNOWN;0;[];{'regs': [], 'indirect_regs': [], 'direct_regs': [], 'mem': [], 'const_mem': []};[];{'regs': [], 'indirect_regs': [], 'direct_regs': [], 'mem': [], 'const_mem': []};{'regs': ['<BV64 x0>'], 'indirect_regs': [], 'direct_regs': ['<BV64 x0>'], 'mem': [], 'const_mem': []};{'regs': ['<BV64 x0>'], 'indirect_regs': [], 'direct_regs': ['<BV64 x0>'], 'mem': [], 'const_mem': []};63.0;0.0;64.0;64.0;[];;;;BaseControlType.CONSTANT_BASE;BaseControlType.CONSTANT_BASE;BaseControlType.CONSTANT_BASE;0;BranchControlType.BRANCH_INDEPENDENT_FROM_SECRET;BranchControlType.BRANCH_INDEPENDENT_FROM_SECRET;24216;True;False;True;True;True;False;False;True;True;False;False;False;True;False;True;False;True;False;True;False;[];['has_valid_base'];True;False;True;True;True;False;False;True;True;False;False;False;True;False;True;False;True;False;True;False;[];['has_valid_base']
c4d36880-ee90-4714-bd8b-2482c1b4ffdc;MD4Update@@LIBMD_0.0;0x2420;0x1e2c;0x0;TransmitterType.LOAD;48;0;False;['0x2420', '0x2464', '0x2468', '0x2470', '0x1de0'];<BV64 0xc + x0>;64;[];[];['<BV64 x0>'];[];['<BV64 x0>'];[];[];0;18446744073709551615;18446744073709551615;1;;;True;0;18446744073709551615;18446744073709551615;1;;;True;ControlType.CONTROLLED;0;<BV64 0xc>;64;[];[];[];[];[];[];[];12.0;12.0;0.0;1.0;;;True;12.0;12.0;0.0;1.0;;;True;ControlType.NO_CONTROL;0;<BV64 0xc>;64;[];[];[];[];[];[];[];12;12;0;1.0;;;True;12.0;12.0;0.0;1.0;;;True;ControlType.NO_CONTROL;0;<BV64 x0>;64;[];[];['<BV64 x0>'];[];['<BV64 x0>'];[];[];0.0;1.8446744073709552e+19;18446744073709551615;1;;;True;0.0;1.8446744073709552e+19;18446744073709551615;1;;;True;ControlType.CONTROLLED;0;<BV64 x0>;64;[];[];['<BV64 x0>'];[];['<BV64 x0>'];[];[];0.0;1.8446744073709552e+19;1.8446744073709552e+19;1.0;;;True;0.0;1.8446744073709552e+19;1.8446744073709552e+19;1.0;;;True;ControlType.CONTROLLED;0;<BV64 x0>;64;[];[];[];[];[];[];[];0;0;0;;;;False;0;0;0;;;;False;ControlType.UNKNOWN;0;[('0x2460', <Bool x2 >= 0x40 - ((LOAD_64[<BV64 x0 + 0x10>]_28 << 0x3d | LShR(LOAD_64[<BV64 x0 + 0x10>]_28, 0x3)) & 0x3f)>, 'Taken'), ('0x2464', <Bool LOAD_64[<BV64 x0 + 0x10>]_28[8:3] == 0>, 'Taken'), ('0x246c', <Bool x2 > 0x3f>, 'Taken'), ('0x248c', <Bool True>, 'Taken')];"{'regs': ['<BV64 x0>', '<BV64 x2>'], 'indirect_regs': [""<BV64 x0>: ['0x10', '0x10']""], 'direct_regs': ['<BV64 x2>'], 'mem': ['<BV64 x0 + 0x10>'], 'const_mem': []}";[];{'regs': [], 'indirect_regs': [], 'direct_regs': [], 'mem': [], 'const_mem': []};{'regs': ['<BV64 x0>'], 'indirect_regs': [], 'direct_regs': ['<BV64 x0>'], 'mem': [], 'const_mem': []};{'regs': ['<BV64 x0>', '<BV64 x2>'], 'indirect_regs': [], 'direct_regs': ['<BV64 x0>', '<BV64 x2>'], 'mem': ['<BV64 x0 + 0x10>'], 'const_mem': []};63.0;0.0;64.0;64.0;[];;;;BaseControlType.CONSTANT_BASE;BaseControlType.CONSTANT_BASE;BaseControlType.CONSTANT_BASE;4;BranchControlType.BRANCH_DEPENDS_ON_SECRET_VALUE;BranchControlType.BRANCH_INDEPENDENT_FROM_SECRET;7724;True;False;True;True;True;False;False;True;True;False;False;False;True;False;True;True;True;False;True;False;[];['has_valid_base'];True;False;True;True;True;False;False;True;True;False;False;False;True;False;True;True;True;False;True;False;[];['has_valid_base']
c3a45e3e-4208-4b63-bb75-5f6290461f46;SHA224End@@LIBMD_0.1;0x7da4;0x6290;0x0;TransmitterType.STORE;37;1;False;['0x7da4', '0x7dd8', '0x6380', '0x6260', '0x6280'];<BV64 0x50 + x0 + (0#58 .. LOAD_64[<BV64 x0 + 0x40>]_35[8:3])>;64;[('0x627c', <Bool ((LOAD_64[<BV64 x0 + 0x40>]_35[31:0] << 0x1d[7:0] | LShR(LOAD_64[<BV64 x0 + 0x40>]_35[31:0], 0x3)[7:0]) & 63) != 0>, 'Taken')];[];['<BV64 x0>'];[];['<BV64 x0>'];['<BV64 x0 + 0x40>'];[];0;18446744073709551615;18446744073709551615;1;;;True;0;18446744073709551615;18446744073709551615;1;;;False;ControlType.CONTROLLED;1;<BV64 0x50>;64;[];[];[];[];[];[];[];80.0;80.0;0.0;1.0;;;True;80.0;80.0;0.0;1.0;;;True;ControlType.NO_CONTROL;0;<BV64 0x50>;64;[];[];[];[];[];[];[];80;80;0;1.0;;;True;80.0;80.0;0.0;1.0;;;True;ControlType.NO_CONTROL;0;<BV64 x0 + (0#58 .. LOAD_64[<BV64 x0 + 0x40>]_35[8:3])>;64;[('0x627c', <Bool ((LOAD_64[<BV64 x0 + 0x40>]_35[31:0] << 0x1d[7:0] | LShR(LOAD_64[<BV64 x0 + 0x40>]_35[31:0], 0x3)[7:0]) & 63) != 0>, 'Taken')];[];['<BV64 x0>'];[];['<BV64 x0>'];['<BV64 x0 + 0x40>'];[];0.0;1.8446744073709552e+19;18446744073709551615;1;;;True;0.0;1.8446744073709552e+19;18446744073709551615;1;;;False;ControlType.CONTROLLED;1;<BV64 x0>;64;[];[];['<BV64 x0>'];[];['<BV64 x0>'];[];[];0.0;1.8446744073709552e+19;1.8446744073709552e+19;1.0;;;True;0.0;1.8446744073709552e+19;1.8446744073709552e+19;1.0;;;True;ControlType.CONTROLLED;0;<BV64 x0>;64;[];[];[];[];[];[];[];0;0;0;;;;False;0;0;0;;;;False;ControlType.UNKNOWN;0;[('0x627c', <Bool ((LOAD_64[<BV64 x0 + 0x40>]_35[31:0] << 0x1d[7:0] | LShR(LOAD_64[<BV64 x0 + 0x40>]_35[31:0], 0x3)[7:0]) & 63) != 0>, 'Taken'), ('0x639c', <Bool True>, 'Taken'), ('0x7dd4', <Bool x1 != 0x0>, 'Taken'), ('0x7de0', <Bool True>, 'Taken')];"{'regs': ['<BV64 x0>', '<BV64 x1>'], 'indirect_regs': [""<BV64 x0>: ['0x40']""], 'direct_regs': ['<BV64 x1>'], 'mem': ['<BV64 x0 + 0x40>'], 'const_mem': []}";[];{'regs': [], 'indirect_regs': [], 'direct_regs': [], 'mem': [], 'const_mem': []};{'regs': ['<BV64 x0>'], 'indirect_regs': [], 'direct_regs': ['<BV64 x0>'], 'mem': ['<BV64 x0 + 0x40>'], 'const_mem': []};{'regs': ['<BV64 x0>', '<BV64 x1>'], 'indirect_regs': [], 'direct_regs': ['<BV64 x0>', '<BV64 x1>'], 'mem': ['<BV64 x0 + 0x40>'], 'const_mem': []};63.0;0.0;64.0;64.0;[];;;;BaseControlType.CONSTANT_BASE;BaseControlType.CONSTANT_BASE;BaseControlType.CONSTANT_BASE;4;BranchControlType.BRANCH_DEPENDS_ON_SECRET_VALUE;BranchControlType.BRANCH_INDEPENDENT_FROM_SECRET;25232;True;False;True;True;True;False;False;True;True;False;False;False;True;False;True;True;True;False;True;False;[];['has_valid_base'];True;False;True;True;True;False;False;True;True;False;False;False;True;False;True;True;True;False;True;False;[];['has_valid_base']
f682e063-1304-4c59-b3fe-0b89b6cb50e5;SHA512_256Transform@@LIBMD_0.1;0x6544;0x6594;0x0;TransmitterType.LOAD;21;0;False;['0x6544'];<BV64 0x30 + x0>;64;[];[];['<BV64 x0>'];[];['<BV64 x0>'];[];[];0;18446744073709551615;18446744073709551615;1;;;True;0;18446744073709551615;18446744073709551615;1;;;True;ControlType.CONTROLLED;0;<BV64 0x30>;64;[];[];[];[];[];[];[];48.0;48.0;0.0;1.0;;;True;48.0;48.0;0.0;1.0;;;True;ControlType.NO_CONTROL;0;<BV64 0x30>;64;[];[];[];[];[];[];[];48;48;0;1.0;;;True;48.0;48.0;0.0;1.0;;;True;ControlType.NO_CONTROL;0;<BV64 x0>;64;[];[];['<BV64 x0>'];[];['<BV64 x0>'];[];[];0.0;1.8446744073709552e+19;18446744073709551615;1;;;True;0.0;1.8446744073709552e+19;18446744073709551615;1;;;True;ControlType.CONTROLLED;0;<BV64 x0>;64;[];[];['<BV64 x0>'];[];['<BV64 x0>'];[];[];0.0;1.8446744073709552e+19;1.8446744073709552e+19;1.0;;;True;0.0;1.8446744073709552e+19;1.8446744073709552e+19;1.0;;;True;ControlType.CONTROLLED;0;<BV64 x0>;64;[];[];[];[];[];[];[];0;0;0;;;;False;0;0;0;;;;False;ControlType.UNKNOWN;0;[];{'regs': [], 'indirect_regs': [], 'direct_regs': [], 'mem': [], 'const_mem': []};[];{'regs': [], 'indirect_regs': [], 'direct_regs': [], 'mem': [], 'const_mem': []};{'regs': ['<BV64 x0>'], 'indirect_regs': [], 'direct_regs': ['<BV64 x0>'], 'mem': [], 'const_mem': []};{'regs': ['<BV64 x0>'], 'indirect_regs': [], 'direct_regs': ['<BV64 x0>'], 'mem': [], 'const_mem': []};63.0;0.0;64.0;64.0;[];;;;BaseControlType.CONSTANT_BASE;BaseControlType.CONSTANT_BASE;BaseControlType.CONSTANT_BASE;0;BranchControlType.BRANCH_INDEPENDENT_FROM_SECRET;BranchControlType.BRANCH_INDEPENDENT_FROM_SECRET;26004;True;False;True;True;True;False;False;True;True;False;False;False;True;False;True;False;True;False;True;False;[];['has_valid_base'];True;False;True;True;True;False;False;True;True;False;False;False;True;False;True;False;True;False;True;False;[];['has_valid_base']
f7a59e9c-866e-4e66-a4c1-83dbfeb78ce6;SHA512End@@LIBMD_0.0;0x8704;0x6950;0x0;TransmitterType.STORE;37;1;False;['0x8704', '0x8738', '0x6aa0', '0x6920', '0x6940'];<BV64 0x50 + x0 + (0#57 .. LOAD_64[<BV64 x0 + 0x40>]_35[9:3])>;64;[('0x693c', <Bool ((LOAD_64[<BV64 x0 + 0x40>]_35[31:0] << 0x1d[7:0] | LShR(LOAD_64[<BV64 x0 + 0x40>]_35[31:0], 0x3)[7:0]) & 127) != 0>, 'Taken')];[];['<BV64 x0>'];[];['<BV64 x0>'];['<BV64 x0 + 0x40>'];[];0;18446744073709551615;18446744073709551615;1;;;True;0;18446744073709551615;18446744073709551615;1;;;False;ControlType.CONTROLLED;1;<BV64 0x50>;64;[];[];[];[];[];[];[];80.0;80.0;0.0;1.0;;;True;80.0;80.0;0.0;1.0;;;True;ControlType.NO_CONTROL;0;<BV64 0x50>;64;[];[];[];[];[];[];[];80;80;0;1.0;;;True;80.0;80.0;0.0;1.0;;;True;ControlType.NO_CONTROL;0;<BV64 x0 + (0#57 .. LOAD_64[<BV64 x0 + 0x40>]_35[9:3])>;64;[('0x693c', <Bool ((LOAD_64[<BV64 x0 + 0x40>]_35[31:0] << 0x1d[7:0] | LShR(LOAD_64[<BV64 x0 + 0x40>]_35[31:0], 0x3)[7:0]) & 127) != 0>, 'Taken')];[];['<BV64 x0>'];[];['<BV64 x0>'];['<BV64 x0 + 0x40>'];[];0.0;1.8446744073709552e+19;18446744073709551615;1;;;True;0.0;1.8446744073709552e+19;18446744073709551615;1;;;False;ControlType.CONTROLLED;1;<BV64 x0>;64;[];[];['<BV64 x0>'];[];['<BV64 x0>'];[];[];0.0;1.8446744073709552e+19;1.8446744073709552e+19;1.0;;;True;0.0;1.8446744073709552e+19;1.8446744073709552e+19;1.0;;;True;ControlType.CONTROLLED;0;<BV64 x0>;64;[];[];[];[];[];[];[];0;0;0;;;;False;0;0;0;;;;False;ControlType.UNKNOWN;0;[('0x693c', <Bool ((LOAD_64[<BV64 x0 + 0x40>]_35[31:0] << 0x1d[7:0] | LShR(LOAD_64[<BV64 x0 + 0x40>]_35[31:0], 0x3)[7:0]) & 127) != 0>, 'Taken'), ('0x6abc', <Bool True>, 'Taken'), ('0x8734', <Bool x1 != 0x0>, 'Taken'), ('0x8740', <Bool True>, 'Taken')];"{'regs': ['<BV64 x0>', '<BV64 x1>'], 'indirect_regs': [""<BV64 x0>: ['0x40']""], 'direct_regs': ['<BV64 x1>'], 'mem': ['<BV64 x0 + 0x40>'], 'const_mem': []}";[];{'regs': [], 'indirect_regs': [], 'direct_regs': [], 'mem': [], 'const_mem': []};{'regs': ['<BV64 x0>'], 'indirect_regs': [], 'direct_regs': ['<BV64 x0>'], 'mem': ['<BV64 x0 + 0x40>'], 'const_mem': []};{'regs': ['<BV64 x0>', '<BV64 x1>'], 'indirect_regs': [], 'direct_regs': ['<BV64 x0>', '<BV64 x1>'], 'mem': ['<BV64 x0 + 0x40>'], 'const_mem': []};63.0;0.0;64.0;64.0;[];;;;BaseControlType.CONSTANT_BASE;BaseControlType.CONSTANT_BASE;BaseControlType.CONSTANT_BASE;4;BranchControlType.BRANCH_DEPENDS_ON_SECRET_VALUE;BranchControlType.BRANCH_INDEPENDENT_FROM_SECRET;26960;True;False;True;True;True;False;False;True;True;False;False;False;True;False;True;True;True;False;True;False;[];['has_valid_base'];True;False;True;True;True;False;False;True;True;False;False;False;True;False;True;True;True;False;True;False;[];['has_valid_base']
018a0e7c-e0d3-4227-8a64-0c30e2603bd9;SHA512Transform@@LIBMD_0.0;0x6544;0x6594;0x0;TransmitterType.LOAD;21;0;False;['0x6544'];<BV64 0x30 + x0>;64;[];[];['<BV64 x0>'];[];['<BV64 x0>'];[];[];0;18446744073709551615;18446744073709551615;1;;;True;0;18446744073709551615;18446744073709551615;1;;;True;ControlType.CONTROLLED;0;<BV64 0x30>;64;[];[];[];[];[];[];[];48.0;48.0;0.0;1.0;;;True;48.0;48.0;0.0;1.0;;;True;ControlType.NO_CONTROL;0;<BV64 0x30>;64;[];[];[];[];[];[];[];48;48;0;1.0;;;True;48.0;48.0;0.0;1.0;;;True;ControlType.NO_CONTROL;0;<BV64 x0>;64;[];[];['<BV64 x0>'];[];['<BV64 x0>'];[];[];0.0;1.8446744073709552e+19;18446744073709551615;1;;;True;0.0;1.8446744073709552e+19;18446744073709551615;1;;;True;ControlType.CONTROLLED;0;<BV64 x0>;64;[];[];['<BV64 x0>'];[];['<BV64 x0>'];[];[];0.0;1.8446744073709552e+19;1.8446744073709552e+19;1.0;;;True;0.0;1.8446744073709552e+19;1.8446744073709552e+19;1.0;;;True;ControlType.CONTROLLED;0;<BV64 x0>;64;[];[];[];[];[];[];[];0;0;0;;;;False;0;0;0;;;;False;ControlType.UNKNOWN;0;[];{'regs': [], 'indirect_regs': [], 'direct_regs': [], 'mem': [], 'const_mem': []};[];{'regs': [], 'indirect_regs': [], 'direct_regs': [], 'mem': [], 'const_mem': []};{'regs': ['<BV64 x0>'], 'indirect_regs': [], 'direct_regs': ['<BV64 x0>'], 'mem': [], 'const_mem': []};{'regs': ['<BV64 x0>'], 'indirect_regs': [], 'direct_regs': ['<BV64 x0>'], 'mem': [], 'const_mem': []};63.0;0.0;64.0;64.0;[];;;;BaseControlType.CONSTANT_BASE;BaseControlType.CONSTANT_BASE;BaseControlType.CONSTANT_BASE;0;BranchControlType.BRANCH_INDEPENDENT_FROM_SECRET;BranchControlType.BRANCH_INDEPENDENT_FROM_SECRET;26004;True;False;True;True;True;False;False;True;True;False;False;False;True;False;True;False;True;False;True;False;[];['has_valid_base'];True;False;True;True;True;False;False;True;True;False;False;False;True;False;True;False;True;False;True;False;[];['has_valid_base']
223cbf37-7402-422a-8463-da7b9d05e932;SHA384Init@@LIBMD_0.0;0x6b60;0x6b9c;0x0;TransmitterType.STORE;17;0;False;['0x6b60'];<BV64 0x80 + x0>;64;[];[];['<BV64 x0>'];[];['<BV64 x0>'];[];[];0;18446744073709551615;18446744073709551615;1;;;True;0;18446744073709551615;18446744073709551615;1;;;True;ControlType.CONTROLLED;0;<BV64 0x80>;64;[];[];[];[];[];[];[];128.0;128.0;0.0;1.0;;;True;128.0;128.0;0.0;1.0;;;True;ControlType.NO_CONTROL;0;<BV64 0x80>;64;[];[];[];[];[];[];[];128;128;0;1.0;;;True;128.0;128.0;0.0;1.0;;;True;ControlType.NO_CONTROL;0;<BV64 x0>;64;[];[];['<BV64 x0>'];[];['<BV64 x0>'];[];[];0.0;1.8446744073709552e+19;18446744073709551615;1;;;True;0.0;1.8446744073709552e+19;18446744073709551615;1;;;True;ControlType.CONTROLLED;0;<BV64 x0>;64;[];[];['<BV64 x0>'];[];['<BV64 x0>'];[];[];0.0;1.8446744073709552e+19;1.8446744073709552e+19;1.0;;;True;0.0;1.8446744073709552e+19;1.8446744073709552e+19;1.0;;;True;ControlType.CONTROLLED;0;<BV64 x0>;64;[];[];[];[];[];[];[];0;0;0;;;;False;0;0;0;;;;False;ControlType.UNKNOWN;0;[];{'regs': [], 'indirect_regs': [], 'direct_regs': [], 'mem': [], 'const_mem': []};[];{'regs': [], 'indirect_regs': [], 'direct_regs': [], 'mem': [], 'const_mem': []};{'regs': ['<BV64 x0>'], 'indirect_regs': [], 'direct_regs': ['<BV64 x0>'], 'mem': [], 'const_mem': []};{'regs': ['<BV64 x0>'], 'indirect_regs': [], 'direct_regs': ['<BV64 x0>'], 'mem': [], 'const_mem': []};63.0;0.0;64.0;64.0;[];;;;BaseControlType.CONSTANT_BASE;BaseControlType.CONSTANT_BASE;BaseControlType.CONSTANT_BASE;0;BranchControlType.BRANCH_INDEPENDENT_FROM_SECRET;BranchControlType.BRANCH_INDEPENDENT_FROM_SECRET;27548;True;False;True;True;True;False;False;True;True;False;False;False;True;False;True;False;True;False;True;False;[];['has_valid_base'];True;False;True;True;True;False;False;True;True;False;False;False;True;False;True;False;True;False;True;False;[];['has_valid_base']
8b42813f-0c56-4ec9-82ad-c212d8498921;MD2Init@@LIBMD_0.0;0x1b80;0x1ba0;0x0;TransmitterType.STORE;9;0;False;['0x1b80'];<BV64 0x2c + x0>;64;[];[];['<BV64 x0>'];[];['<BV64 x0>'];[];[];0;18446744073709551615;18446744073709551615;1;;;True;0;18446744073709551615;18446744073709551615;1;;;True;ControlType.CONTROLLED;0;<BV64 0x2c>;64;[];[];[];[];[];[];[];44.0;44.0;0.0;1.0;;;True;44.0;44.0;0.0;1.0;;;True;ControlType.NO_CONTROL;0;<BV64 0x2c>;64;[];[];[];[];[];[];[];44;44;0;1.0;;;True;44.0;44.0;0.0;1.0;;;True;ControlType.NO_CONTROL;0;<BV64 x0>;64;[];[];['<BV64 x0>'];[];['<BV64 x0>'];[];[];0.0;1.8446744073709552e+19;18446744073709551615;1;;;True;0.0;1.8446744073709552e+19;18446744073709551615;1;;;True;ControlType.CONTROLLED;0;<BV64 x0>;64;[];[];['<BV64 x0>'];[];['<BV64 x0>'];[];[];0.0;1.8446744073709552e+19;1.8446744073709552e+19;1.0;;;True;0.0;1.8446744073709552e+19;1.8446744073709552e+19;1.0;;;True;ControlType.CONTROLLED;0;<BV64 x0>;64;[];[];[];[];[];[];[];0;0;0;;;;False;0;0;0;;;;False;ControlType.UNKNOWN;0;[];{'regs': [], 'indirect_regs': [], 'direct_regs': [], 'mem': [], 'const_mem': []};[];{'regs': [], 'indirect_regs': [], 'direct_regs': [], 'mem': [], 'const_mem': []};{'regs': ['<BV64 x0>'], 'indirect_regs': [], 'direct_regs': ['<BV64 x0>'], 'mem': [], 'const_mem': []};{'regs': ['<BV64 x0>'], 'indirect_regs': [], 'direct_regs': ['<BV64 x0>'], 'mem': [], 'const_mem': []};63.0;0.0;64.0;64.0;[];;;;BaseControlType.CONSTANT_BASE;BaseControlType.CONSTANT_BASE;BaseControlType.CONSTANT_BASE;0;BranchControlType.BRANCH_INDEPENDENT_FROM_SECRET;BranchControlType.BRANCH_INDEPENDENT_FROM_SECRET;7072;True;False;True;True;True;False;False;True;True;False;False;False;True;False;True;False;True;False;True;False;[];['has_valid_base'];True;False;True;True;True;False;False;True;True;False;False;False;True;False;True;False;True;False;True;False;[];['has_valid_base']
2fb3bc29-c4ad-422e-a0e9-757e8923b9fc;SHA384End@@LIBMD_0.0;0x83e4;0x6950;0x0;TransmitterType.STORE;37;1;False;['0x83e4', '0x8418', '0x6bc0', '0x6920', '0x6940'];<BV64 0x50 + x0 + (0#57 .. LOAD_64[<BV64 x0 + 0x40>]_35[9:3])>;64;[('0x693c', <Bool ((LOAD_64[<BV64 x0 + 0x40>]_35[31:0] << 0x1d[7:0] | LShR(LOAD_64[<BV64 x0 + 0x40>]_35[31:0], 0x3)[7:0]) & 127) != 0>, 'Taken')];[];['<BV64 x0>'];[];['<BV64 x0>'];['<BV64 x0 + 0x40>'];[];0;18446744073709551615;18446744073709551615;1;;;True;0;18446744073709551615;18446744073709551615;1;;;False;ControlType.CONTROLLED;1;<BV64 0x50>;64;[];[];[];[];[];[];[];80.0;80.0;0.0;1.0;;;True;80.0;80.0;0.0;1.0;;;True;ControlType.NO_CONTROL;0;<BV64 0x50>;64;[];[];[];[];[];[];[];80;80;0;1.0;;;True;80.0;80.0;0.0;1.0;;;True;ControlType.NO_CONTROL;0;<BV64 x0 + (0#57 .. LOAD_64[<BV64 x0 + 0x40>]_35[9:3])>;64;[('0x693c', <Bool ((LOAD_64[<BV64 x0 + 0x40>]_35[31:0] << 0x1d[7:0] | LShR(LOAD_64[<BV64 x0 + 0x40>]_35[31:0], 0x3)[7:0]) & 127) != 0>, 'Taken')];[];['<BV64 x0>'];[];['<BV64 x0>'];['<BV64 x0 + 0x40>'];[];0.0;1.8446744073709552e+19;18446744073709551615;1;;;True;0.0;1.8446744073709552e+19;18446744073709551615;1;;;False;ControlType.CONTROLLED;1;<BV64 x0>;64;[];[];['<BV64 x0>'];[];['<BV64 x0>'];[];[];0.0;1.8446744073709552e+19;1.8446744073709552e+19;1.0;;;True;0.0;1.8446744073709552e+19;1.8446744073709552e+19;1.0;;;True;ControlType.CONTROLLED;0;<BV64 x0>;64;[];[];[];[];[];[];[];0;0;0;;;;False;0;0;0;;;;False;ControlType.UNKNOWN;0;[('0x693c', <Bool ((LOAD_64[<BV64 x0 + 0x40>]_35[31:0] << 0x1d[7:0] | LShR(LOAD_64[<BV64 x0 + 0x40>]_35[31:0], 0x3)[7:0]) & 127) != 0>, 'Taken'), ('0x6bdc', <Bool True>, 'Taken'), ('0x8414', <Bool x1 != 0x0>, 'Taken'), ('0x8420', <Bool True>, 'Taken')];"{'regs': ['<BV64 x0>', '<BV64 x1>'], 'indirect_regs': [""<BV64 x0>: ['0x40']""], 'direct_regs': ['<BV64 x1>'], 'mem': ['<BV64 x0 + 0x40>'], 'const_mem': []}";[];{'regs': [], 'indirect_regs': [], 'direct_regs': [], 'mem': [], 'const_mem': []};{'regs': ['<BV64 x0>'], 'indirect_regs': [], 'direct_regs': ['<BV64 x0>'], 'mem': ['<BV64 x0 + 0x40>'], 'const_mem': []};{'regs': ['<BV64 x0>', '<BV64 x1>'], 'indirect_regs': [], 'direct_regs': ['<BV64 x0>', '<BV64 x1>'], 'mem': ['<BV64 x0 + 0x40>'], 'const_mem': []};63.0;0.0;64.0;64.0;[];;;;BaseControlType.CONSTANT_BASE;BaseControlType.CONSTANT_BASE;BaseControlType.CONSTANT_BASE;4;BranchControlType.BRANCH_DEPENDS_ON_SECRET_VALUE;BranchControlType.BRANCH_INDEPENDENT_FROM_SECRET;26960;True;False;True;True;True;False;False;True;True;False;False;False;True;False;True;True;True;False;True;False;[];['has_valid_base'];True;False;True;True;True;False;False;True;True;False;False;False;True;False;True;True;True;False;True;False;[];['has_valid_base']
e3e04456-1126-4502-9ae7-64b5c94bde66;SHA512_256End@@LIBMD_0.1;0x8a24;0x6950;0x0;TransmitterType.STORE;37;1;False;['0x8a24', '0x8a58', '0x6ce0', '0x6920', '0x6940'];<BV64 0x50 + x0 + (0#57 .. LOAD_64[<BV64 x0 + 0x40>]_35[9:3])>;64;[('0x693c', <Bool ((LOAD_64[<BV64 x0 + 0x40>]_35[31:0] << 0x1d[7:0] | LShR(LOAD_64[<BV64 x0 + 0x40>]_35[31:0], 0x3)[7:0]) & 127) != 0>, 'Taken')];[];['<BV64 x0>'];[];['<BV64 x0>'];['<BV64 x0 + 0x40>'];[];0;18446744073709551615;18446744073709551615;1;;;True;0;18446744073709551615;18446744073709551615;1;;;False;ControlType.CONTROLLED;1;<BV64 0x50>;64;[];[];[];[];[];[];[];80.0;80.0;0.0;1.0;;;True;80.0;80.0;0.0;1.0;;;True;ControlType.NO_CONTROL;0;<BV64 0x50>;64;[];[];[];[];[];[];[];80;80;0;1.0;;;True;80.0;80.0;0.0;1.0;;;True;ControlType.NO_CONTROL;0;<BV64 x0 + (0#57 .. LOAD_64[<BV64 x0 + 0x40>]_35[9:3])>;64;[('0x693c', <Bool ((LOAD_64[<BV64 x0 + 0x40>]_35[31:0] << 0x1d[7:0] | LShR(LOAD_64[<BV64 x0 + 0x40>]_35[31:0], 0x3)[7:0]) & 127) != 0>, 'Taken')];[];['<BV64 x0>'];[];['<BV64 x0>'];['<BV64 x0 + 0x40>'];[];0.0;1.8446744073709552e+19;18446744073709551615;1;;;True;0.0;1.8446744073709552e+19;18446744073709551615;1;;;False;ControlType.CONTROLLED;1;<BV64 x0>;64;[];[];['<BV64 x0>'];[];['<BV64 x0>'];[];[];0.0;1.8446744073709552e+19;1.8446744073709552e+19;1.0;;;True;0.0;1.8446744073709552e+19;1.8446744073709552e+19;1.0;;;True;ControlType.CONTROLLED;0;<BV64 x0>;64;[];[];[];[];[];[];[];0;0;0;;;;False;0;0;0;;;;False;ControlType.UNKNOWN;0;[('0x693c', <Bool ((LOAD_64[<BV64 x0 + 0x40>]_35[31:0] << 0x1d[7:0] | LShR(LOAD_64[<BV64 x0 + 0x40>]_35[31:0], 0x3)[7:0]) & 127) != 0>, 'Taken'), ('0x6cfc', <Bool True>, 'Taken'), ('0x8a54', <Bool x1 != 0x0>, 'Taken'), ('0x8a60', <Bool True>, 'Taken')];"{'regs': ['<BV64 x0>', '<BV64 x1>'], 'indirect_regs': [""<BV64 x0>: ['0x40']""], 'direct_regs': ['<BV64 x1>'], 'mem': ['<BV64 x0 + 0x40>'], 'const_mem': []}";[];{'regs': [], 'indirect_regs': [], 'direct_regs': [], 'mem': [], 'const_mem': []};{'regs': ['<BV64 x0>'], 'indirect_regs': [], 'direct_regs': ['<BV64 x0>'], 'mem': ['<BV64 x0 + 0x40>'], 'const_mem': []};{'regs': ['<BV64 x0>', '<BV64 x1>'], 'indirect_regs': [], 'direct_regs': ['<BV64 x0>', '<BV64 x1>'], 'mem': ['<BV64 x0 + 0x40>'], 'const_mem': []};63.0;0.0;64.0;64.0;[];;;;BaseControlType.CONSTANT_BASE;BaseControlType.CONSTANT_BASE;BaseControlType.CONSTANT_BASE;4;BranchControlType.BRANCH_DEPENDS_ON_SECRET_VALUE;BranchControlType.BRANCH_INDEPENDENT_FROM_SECRET;26960;True;False;True;True;True;False;False;True;True;False;False;False;True;False;True;True;True;False;True;False;[];['has_valid_base'];True;False;True;True;True;False;False;True;True;False;False;False;True;False;True;True;True;False;True;False;[];['has_valid_base']
606dc28e-972d-4b59-919f-6a966507576e;RMD160Transform@@LIBMD_0.0;0x3380;0x3444;0x0;TransmitterType.LOAD;50;0;False;['0x3380'];<BV64 0x10 + x0>;64;[];[];['<BV64 x0>'];[];['<BV64 x0>'];[];[];0;18446744073709551615;18446744073709551615;1;;;True;0;18446744073709551615;18446744073709551615;1;;;True;ControlType.CONTROLLED;0;<BV64 0x10>;64;[];[];[];[];[];[];[];16.0;16.0;0.0;1.0;;;True;16.0;16.0;0.0;1.0;;;True;ControlType.NO_CONTROL;0;<BV64 0x10>;64;[];[];[];[];[];[];[];16;16;0;1.0;;;True;16.0;16.0;0.0;1.0;;;True;ControlType.NO_CONTROL;0;<BV64 x0>;64;[];[];['<BV64 x0>'];[];['<BV64 x0>'];[];[];0.0;1.8446744073709552e+19;18446744073709551615;1;;;True;0.0;1.8446744073709552e+19;18446744073709551615;1;;;True;ControlType.CONTROLLED;0;<BV64 x0>;64;[];[];['<BV64 x0>'];[];['<BV64 x0>'];[];[];0.0;1.8446744073709552e+19;1.8446744073709552e+19;1.0;;;True;0.0;1.8446744073709552e+19;1.8446744073709552e+19;1.0;;;True;ControlType.CONTROLLED;0;<BV64 x0>;64;[];[];[];[];[];[];[];0;0;0;;;;False;0;0;0;;;;False;ControlType.UNKNOWN;0;[];{'regs': [], 'indirect_regs': [], 'direct_regs': [], 'mem': [], 'const_mem': []};[];{'regs': [], 'indirect_regs': [], 'direct_regs': [], 'mem': [], 'const_mem': []};{'regs': ['<BV64 x0>'], 'indirect_regs': [], 'direct_regs': ['<BV64 x0>'], 'mem': [], 'const_mem': []};{'regs': ['<BV64 x0>'], 'indirect_regs': [], 'direct_regs': ['<BV64 x0>'], 'mem': [], 'const_mem': []};63.0;0.0;64.0;64.0;[];;;;BaseControlType.CONSTANT_BASE;BaseControlType.CONSTANT_BASE;BaseControlType.CONSTANT_BASE;0;BranchControlType.BRANCH_INDEPENDENT_FROM_SECRET;BranchControlType.BRANCH_INDEPENDENT_FROM_SECRET;13380;True;False;True;True;True;False;False;True;True;False;False;False;True;False;True;False;True;False;True;False;[];['has_valid_base'];True;False;True;True;True;False;False;True;True;False;False;False;True;False;True;False;True;False;True;False;[];['has_valid_base']
4856cd0b-42de-4759-a946-e44d0df92b23;SHA256Update@@LIBMD_0.0;0x610c;0x5ee4;0x0;TransmitterType.LOAD;34;0;False;['0x610c', '0x6114', '0x6144', '0x614c', '0x5ec0'];<BV64 0x10 + x0>;64;[];[];['<BV64 x0>'];[];['<BV64 x0>'];[];[];0;18446744073709551615;18446744073709551615;1;;;True;0;18446744073709551615;18446744073709551615;1;;;True;ControlType.CONTROLLED;0;<BV64 0x10>;64;[];[];[];[];[];[];[];16.0;16.0;0.0;1.0;;;True;16.0;16.0;0.0;1.0;;;True;ControlType.NO_CONTROL;0;<BV64 0x10>;64;[];[];[];[];[];[];[];16;16;0;1.0;;;True;16.0;16.0;0.0;1.0;;;True;ControlType.NO_CONTROL;0;<BV64 x0>;64;[];[];['<BV64 x0>'];[];['<BV64 x0>'];[];[];0.0;1.8446744073709552e+19;18446744073709551615;1;;;True;0.0;1.8446744073709552e+19;18446744073709551615;1;;;True;ControlType.CONTROLLED;0;<BV64 x0>;64;[];[];['<BV64 x0>'];[];['<BV64 x0>'];[];[];0.0;1.8446744073709552e+19;1.8446744073709552e+19;1.0;;;True;0.0;1.8446744073709552e+19;1.8446744073709552e+19;1.0;;;True;ControlType.CONTROLLED;0;<BV64 x0>;64;[];[];[];[];[];[];[];0;0;0;;;;False;0;0;0;;;;False;ControlType.UNKNOWN;0;[('0x6110', <Bool x2 != 0x0>, 'Taken'), ('0x6140', <Bool ((LOAD_64[<BV64 x0 + 0x40>]_26 << 0x3d[7:0] | LShR(LOAD_64[<BV64 x0 + 0x40>]_26, 0x3)[7:0]) & 63) == 0>, 'Taken'), ('0x6148', <Bool x2 > 0x3f>, 'Taken'), ('0x6168', <Bool True>, 'Taken')];"{'regs': ['<BV64 x0>', '<BV64 x2>'], 'indirect_regs': [""<BV64 x0>: ['0x40']""], 'direct_regs': ['<BV64 x2>'], 'mem': ['<BV64 x0 + 0x40>'], 'const_mem': []}";[];{'regs': [], 'indirect_regs': [], 'direct_regs': [], 'mem': [], 'const_mem': []};{'regs': ['<BV64 x0>'], 'indirect_regs': [], 'direct_regs': ['<BV64 x0>'], 'mem': [], 'const_mem': []};{'regs': ['<BV64 x0>', '<BV64 x2>'], 'indirect_regs': [], 'direct_regs': ['<BV64 x0>', '<BV64 x2>'], 'mem': ['<BV64 x0 + 0x40>'], 'const_mem': []};63.0;0.0;64.0;64.0;[];;;;BaseControlType.CONSTANT_BASE;BaseControlType.CONSTANT_BASE;BaseControlType.CONSTANT_BASE;4;BranchControlType.BRANCH_DEPENDS_ON_SECRET_VALUE;BranchControlType.BRANCH_INDEPENDENT_FROM_SECRET;24292;True;False;True;True;True;False;False;True;True;False;False;False;True;False;True;True;True;False;True;False;[];['has_valid_base'];True;False;True;True;True;False;False;True;True;False;False;False;True;False;True;True;True;False;True;False;[];['has_valid_base']
b8700627-7dcb-451e-96d1-8ecf055efc0c;SHA224Init@@LIBMD_0.1;0x5e68;0x5e98;0x0;TransmitterType.STORE;14;0;False;['0x5e68'];<BV64 0x90 + x0>;64;[];[];['<BV64 x0>'];[];['<BV64 x0>'];[];[];0;18446744073709551615;18446744073709551615;1;;;True;0;18446744073709551615;18446744073709551615;1;;;True;ControlType.CONTROLLED;0;<BV64 0x90>;64;[];[];[];[];[];[];[];144.0;144.0;0.0;1.0;;;True;144.0;144.0;0.0;1.0;;;True;ControlType.NO_CONTROL;0;<BV64 0x90>;64;[];[];[];[];[];[];[];144;144;0;1.0;;;True;144.0;144.0;0.0;1.0;;;True;ControlType.NO_CONTROL;0;<BV64 x0>;64;[];[];['<BV64 x0>'];[];['<BV64 x0>'];[];[];0.0;1.8446744073709552e+19;18446744073709551615;1;;;True;0.0;1.8446744073709552e+19;18446744073709551615;1;;;True;ControlType.CONTROLLED;0;<BV64 x0>;64;[];[];['<BV64 x0>'];[];['<BV64 x0>'];[];[];0.0;1.8446744073709552e+19;1.8446744073709552e+19;1.0;;;True;0.0;1.8446744073709552e+19;1.8446744073709552e+19;1.0;;;True;ControlType.CONTROLLED;0;<BV64 x0>;64;[];[];[];[];[];[];[];0;0;0;;;;False;0;0;0;;;;False;ControlType.UNKNOWN;0;[];{'regs': [], 'indirect_regs': [], 'direct_regs': [], 'mem': [], 'const_mem': []};[];{'regs': [], 'indirect_regs': [], 'direct_regs': [], 'mem': [], 'const_mem': []};{'regs': ['<BV64 x0>'], 'indirect_regs': [], 'direct_regs': ['<BV64 x0>'], 'mem': [], 'const_mem': []};{'regs': ['<BV64 x0>'], 'indirect_regs': [], 'direct_regs': ['<BV64 x0>'], 'mem': [], 'const_mem': []};63.0;0.0;64.0;64.0;[];;;;BaseControlType.CONSTANT_BASE;BaseControlType.CONSTANT_BASE;BaseControlType.CONSTANT_BASE;0;BranchControlType.BRANCH_INDEPENDENT_FROM_SECRET;BranchControlType.BRANCH_INDEPENDENT_FROM_SECRET;24216;True;False;True;True;True;False;False;True;True;False;False;False;True;False;True;False;True;False;True;False;[];['has_valid_base'];True;False;True;True;True;False;False;True;True;False;False;False;True;False;True;False;True;False;True;False;[];['has_valid_base']
4bd6d546-3888-4464-8ac0-3d3631d049de;MD2Transform@@LIBMD_0.0;0x1bc0;0x1bfc;0x1bd8;TransmitterType.LOAD;16;1;False;['0x1bc0'];<BV64 0x8e50 + (0#56 .. LOAD_8[<BV64 x0 + 0x24>]_23 ^ LOAD_8[<BV64 x0 + 0x13>]_22)>;64;[];[];['<BV64 x0>'];"[""<BV64 x0>: ['0x13', '0x24']""]";[];['<BV64 x0 + 0x13>', '<BV64 x0 + 0x24>'];[];36432;36687;255;1;36863.0;36352.0;False;36432;36687;255;1;36863.0;36352.0;False;ControlType.CONTROLLED;1;<BV64 0x8e50>;64;[];[];[];[];[];[];[];36432.0;36432.0;0.0;1.0;;;True;36432.0;36432.0;0.0;1.0;;;True;ControlType.NO_CONTROL;0;<BV64 0x8e50>;64;[];[];[];[];[];[];[];36432;36432;0;1.0;;;True;36432.0;36432.0;0.0;1.0;;;True;ControlType.NO_CONTROL;0;<BV64 0#56 .. LOAD_8[<BV64 x0 + 0x24>]_23 ^ LOAD_8[<BV64 x0 + 0x13>]_22>;64;[];[];['<BV64 x0>'];"[""<BV64 x0>: ['0x13', '0x24']""]";[];['<BV64 x0 + 0x13>', '<BV64 x0 + 0x24>'];[];0.0;255.0;255;1;;;False;0.0;255.0;255;1;;;False;ControlType.CONTROLLED;1;<BV64 x0 + 0x13>;64;[];[];['<BV64 x0>'];[];['<BV64 x0>'];[];[];0.0;1.8446744073709552e+19;1.8446744073709552e+19;1.0;;;True;0.0;1.8446744073709552e+19;1.8446744073709552e+19;1.0;;;True;ControlType.CONTROLLED;0;<BV8 LOAD_8[<BV64 x0 + 0x13>]_22>;8;[];[];[];[];[];[];[];0;0;0;;;;False;0;0;0;;;;False;ControlType.UNKNOWN;1;[];{'regs': [], 'indirect_regs': [], 'direct_regs': [], 'mem': [], 'const_mem': []};[];{'regs': [], 'indirect_regs': [], 'direct_regs': [], 'mem': [], 'const_mem': []};{'regs': ['<BV64 x0>'], 'indirect_regs': [], 'direct_regs': ['<BV64 x0>'], 'mem': ['<BV64 x0 + 0x13>', '<BV64 x0 + 0x24>'], 'const_mem': []};{'regs': ['<BV64 x0>'], 'indirect_regs': [], 'direct_regs': ['<BV64 x0>'], 'mem': ['<BV64 x0 + 0x13>', '<BV64 x0 + 0x24>'], 'const_mem': []};0.0;0.0;0.0;0.0;[];;;;BaseControlType.CONSTANT_BASE;BaseControlType.CONSTANT_BASE;BaseControlType.CONSTANT_BASE;0;BranchControlType.BRANCH_INDEPENDENT_FROM_SECRET;BranchControlType.BRANCH_INDEPENDENT_FROM_SECRET;7164;False;False;True;True;True;True;False;False;True;False;False;False;True;False;False;False;True;False;True;False;[];['is_secret_inferable', 'has_valid_base', 'secret_below_cache_granularity'];False;False;True;True;True;True;False;False;True;False;False;False;True;False;False;False;True;False;True;False;[];['is_secret_inferable', 'has_valid_base', 'secret_below_cache_granularity']
44566448-99fc-4a6c-bb12-d0128be44127;MD4End@@LIBMD_0.0;0x70e0;0x2458;0x0;TransmitterType.STORE;63;0;False;['0x70e0', '0x7114', '0x25cc', '0x2528', '0x2420'];<BV64 0x10 + x0>;64;[];[];['<BV64 x0>'];[];['<BV64 x0>'];[];[];0;18446744073709551615;18446744073709551615;1;;;True;0;18446744073709551615;18446744073709551615;1;;;True;ControlType.CONTROLLED;0;<BV64 0x10>;64;[];[];[];[];[];[];[];16.0;16.0;0.0;1.0;;;True;16.0;16.0;0.0;1.0;;;True;ControlType.NO_CONTROL;0;<BV64 0x10>;64;[];[];[];[];[];[];[];16;16;0;1.0;;;True;16.0;16.0;0.0;1.0;;;True;ControlType.NO_CONTROL;0;<BV64 x0>;64;[];[];['<BV64 x0>'];[];['<BV64 x0>'];[];[];0.0;1.8446744073709552e+19;18446744073709551615;1;;;True;0.0;1.8446744073709552e+19;18446744073709551615;1;;;True;ControlType.CONTROLLED;0;<BV64 x0>;64;[];[];['<BV64 x0>'];[];['<BV64 x0>'];[];[];0.0;1.8446744073709552e+19;1.8446744073709552e+19;1.0;;;True;0.0;1.8446744073709552e+19;1.8446744073709552e+19;1.0;;;True;ControlType.CONTROLLED;0;<BV64 x0>;64;[];[];[];[];[];[];[];0;0;0;;;;False;0;0;0;;;;False;ControlType.UNKNOWN;0;[('0x2584', <Bool True>, 'Taken'), ('0x25e8', <Bool True>, 'Taken'), ('0x7110', <Bool x1 != 0x0>, 'Taken'), ('0x711c', <Bool True>, 'Taken')];{'regs': ['<BV64 x1>'], 'indirect_regs': [], 'direct_regs': ['<BV64 x1>'], 'mem': [], 'const_mem': []};[];{'regs': [], 'indirect_regs': [], 'direct_regs': [], 'mem': [], 'const_mem': []};{'regs': ['<BV64 x0>'], 'indirect_regs': [], 'direct_regs': ['<BV64 x0>'], 'mem': [], 'const_mem': []};{'regs': ['<BV64 x0>', '<BV64 x1>'], 'indirect_regs': [], 'direct_regs': ['<BV64 x0>', '<BV64 x1>'], 'mem': [], 'const_mem': []};63.0;0.0;64.0;64.0;[];;;;BaseControlType.CONSTANT_BASE;BaseControlType.CONSTANT_BASE;BaseControlType.CONSTANT_BASE;4;BranchControlType.BRANCH_INDEPENDENT_FROM_SECRET;BranchControlType.BRANCH_INDEPENDENT_FROM_SECRET;9304;True;False;True;True;True;False;False;True;True;False;False;False;True;False;True;False;True;False;True;False;[];['has_valid_base'];True;False;True;True;True;False;False;True;True;False;False;False;True;False;True;False;True;False;True;False;[];['has_valid_base']
fd89b6e2-5257-4fb2-b451-a2cfabc47c8f;RMD160End@@LIBMD_0.0;0x7760;0x4a04;0x0;TransmitterType.STORE;64;0;False;['0x7760', '0x7794', '0x4b80', '0x4ad0', '0x49cc'];<BV64 0x18 + x0>;64;[];[];['<BV64 x0>'];[];['<BV64 x0>'];[];[];0;18446744073709551615;18446744073709551615;1;;;True;0;18446744073709551615;18446744073709551615;1;;;True;ControlType.CONTROLLED;0;<BV64 0x18>;64;[];[];[];[];[];[];[];24.0;24.0;0.0;1.0;;;True;24.0;24.0;0.0;1.0;;;True;ControlType.NO_CONTROL;0;<BV64 0x18>;64;[];[];[];[];[];[];[];24;24;0;1.0;;;True;24.0;24.0;0.0;1.0;;;True;ControlType.NO_CONTROL;0;<BV64 x0>;64;[];[];['<BV64 x0>'];[];['<BV64 x0>'];[];[];0.0;1.8446744073709552e+19;18446744073709551615;1;;;True;0.0;1.8446744073709552e+19;18446744073709551615;1;;;True;ControlType.CONTROLLED;0;<BV64 x0>;64;[];[];['<BV64 x0>'];[];['<BV64 x0>'];[];[];0.0;1.8446744073709552e+19;1.8446744073709552e+19;1.0;;;True;0.0;1.8446744073709552e+19;1.8446744073709552e+19;1.0;;;True;ControlType.CONTROLLED;0;<BV64 x0>;64;[];[];[];[];[];[];[];0;0;0;;;;False;0;0;0;;;;False;ControlType.UNKNOWN;0;[('0x4b30', <Bool True>, 'Taken'), ('0x4b9c', <Bool True>, 'Taken'), ('0x7790', <Bool x1 != 0x0>, 'Taken'), ('0x779c', <Bool True>, 'Taken')];{'regs': ['<BV64 x1>'], 'indirect_regs': [], 'direct_regs': ['<BV64 x1>'], 'mem': [], 'const_mem': []};[];{'regs': [], 'indirect_regs': [], 'direct_regs': [], 'mem': [], 'const_mem': []};{'regs': ['<BV64 x0>'], 'indirect_regs': [], 'direct_regs': ['<BV64 x0>'], 'mem': [], 'const_mem': []};{'regs': ['<BV64 x0>', '<BV64 x1>'], 'indirect_regs': [], 'direct_regs': ['<BV64 x0>', '<BV64 x1>'], 'mem': [], 'const_mem': []};63.0;0.0;64.0;64.0;[];;;;BaseControlType.CONSTANT_BASE;BaseControlType.CONSTANT_BASE;BaseControlType.CONSTANT_BASE;4;BranchControlType.BRANCH_INDEPENDENT_FROM_SECRET;BranchControlType.BRANCH_INDEPENDENT_FROM_SECRET;18948;True;False;True;True;True;False;False;True;True;False;False;False;True;False;True;False;True;False;True;False;[];['has_valid_base'];True;False;True;True;True;False;False;True;True;False;False;False;True;False;True;False;True;False;True;False;[];['has_valid_base']
beaef0eb-26bb-4a42-bf27-b9e6e6867238;SHA512_256Transform@@LIBMD_0.1;0x6544;0x6594;0x0;TransmitterType.LOAD;21;0;False;['0x6544'];<BV64 0x38 + x0>;64;[];[];['<BV64 x0>'];[];['<BV64 x0>'];[];[];0;18446744073709551615;18446744073709551615;1;;;True;0;18446744073709551615;18446744073709551615;1;;;True;ControlType.CONTROLLED;0;<BV64 0x38>;64;[];[];[];[];[];[];[];56.0;56.0;0.0;1.0;;;True;56.0;56.0;0.0;1.0;;;True;ControlType.NO_CONTROL;0;<BV64 0x38>;64;[];[];[];[];[];[];[];56;56;0;1.0;;;True;56.0;56.0;0.0;1.0;;;True;ControlType.NO_CONTROL;0;<BV64 x0>;64;[];[];['<BV64 x0>'];[];['<BV64 x0>'];[];[];0.0;1.8446744073709552e+19;18446744073709551615;1;;;True;0.0;1.8446744073709552e+19;18446744073709551615;1;;;True;ControlType.CONTROLLED;0;<BV64 x0>;64;[];[];['<BV64 x0>'];[];['<BV64 x0>'];[];[];0.0;1.8446744073709552e+19;1.8446744073709552e+19;1.0;;;True;0.0;1.8446744073709552e+19;1.8446744073709552e+19;1.0;;;True;ControlType.CONTROLLED;0;<BV64 x0>;64;[];[];[];[];[];[];[];0;0;0;;;;False;0;0;0;;;;False;ControlType.UNKNOWN;0;[];{'regs': [], 'indirect_regs': [], 'direct_regs': [], 'mem': [], 'const_mem': []};[];{'regs': [], 'indirect_regs': [], 'direct_regs': [], 'mem': [], 'const_mem': []};{'regs': ['<BV64 x0>'], 'indirect_regs': [], 'direct_regs': ['<BV64 x0>'], 'mem': [], 'const_mem': []};{'regs': ['<BV64 x0>'], 'indirect_regs': [], 'direct_regs': ['<BV64 x0>'], 'mem': [], 'const_mem': []};63.0;0.0;64.0;64.0;[];;;;BaseControlType.CONSTANT_BASE;BaseControlType.CONSTANT_BASE;BaseControlType.CONSTANT_BASE;0;BranchControlType.BRANCH_INDEPENDENT_FROM_SECRET;BranchControlType.BRANCH_INDEPENDENT_FROM_SECRET;26004;True;False;True;True;True;False;False;True;True;False;False;False;True;False;True;False;True;False;True;False;[];['has_valid_base'];True;False;True;True;True;False;False;True;True;False;False;False;True;False;True;False;True;False;True;False;[];['has_valid_base']
6d3bd06a-3602-4181-9f30-c4e5119fbe04;SHA512Transform@@LIBMD_0.0;0x6544;0x6594;0x0;TransmitterType.LOAD;21;0;False;['0x6544'];<BV64 0x38 + x0>;64;[];[];['<BV64 x0>'];[];['<BV64 x0>'];[];[];0;18446744073709551615;18446744073709551615;1;;;True;0;18446744073709551615;18446744073709551615;1;;;True;ControlType.CONTROLLED;0;<BV64 0x38>;64;[];[];[];[];[];[];[];56.0;56.0;0.0;1.0;;;True;56.0;56.0;0.0;1.0;;;True;ControlType.NO_CONTROL;0;<BV64 0x38>;64;[];[];[];[];[];[];[];56;56;0;1.0;;;True;56.0;56.0;0.0;1.0;;;True;ControlType.NO_CONTROL;0;<BV64 x0>;64;[];[];['<BV64 x0>'];[];['<BV64 x0>'];[];[];0.0;1.8446744073709552e+19;18446744073709551615;1;;;True;0.0;1.8446744073709552e+19;18446744073709551615;1;;;True;ControlType.CONTROLLED;0;<BV64 x0>;64;[];[];['<BV64 x0>'];[];['<BV64 x0>'];[];[];0.0;1.8446744073709552e+19;1.8446744073709552e+19;1.0;;;True;0.0;1.8446744073709552e+19;1.8446744073709552e+19;1.0;;;True;ControlType.CONTROLLED;0;<BV64 x0>;64;[];[];[];[];[];[];[];0;0;0;;;;False;0;0;0;;;;False;ControlType.UNKNOWN;0;[];{'regs': [], 'indirect_regs': [], 'direct_regs': [], 'mem': [], 'const_mem': []};[];{'regs': [], 'indirect_regs': [], 'direct_regs': [], 'mem': [], 'const_mem': []};{'regs': ['<BV64 x0>'], 'indirect_regs': [], 'direct_regs': ['<BV64 x0>'], 'mem': [], 'const_mem': []};{'regs': ['<BV64 x0>'], 'indirect_regs': [], 'direct_regs': ['<BV64 x0>'], 'mem': [], 'const_mem': []};63.0;0.0;64.0;64.0;[];;;;BaseControlType.CONSTANT_BASE;BaseControlType.CONSTANT_BASE;BaseControlType.CONSTANT_BASE;0;BranchControlType.BRANCH_INDEPENDENT_FROM_SECRET;BranchControlType.BRANCH_INDEPENDENT_FROM_SECRET;26004;True;False;True;True;True;False;False;True;True;False;False;False;True;False;True;False;True;False;True;False;[];['has_valid_base'];True;False;True;True;True;False;False;True;True;False;False;False;True;False;True;False;True;False;True;False;[];['has_valid_base']
464d49dd-af34-4291-b1c0-17368917e743;SHA384Init@@LIBMD_0.0;0x6b60;0x6b9c;0x0;TransmitterType.STORE;17;0;False;['0x6b60'];<BV64 0x90 + x0>;64;[];[];['<BV64 x0>'];[];['<BV64 x0>'];[];[];0;18446744073709551615;18446744073709551615;1;;;True;0;18446744073709551615;18446744073709551615;1;;;True;ControlType.CONTROLLED;0;<BV64 0x90>;64;[];[];[];[];[];[];[];144.0;144.0;0.0;1.0;;;True;144.0;144.0;0.0;1.0;;;True;ControlType.NO_CONTROL;0;<BV64 0x90>;64;[];[];[];[];[];[];[];144;144;0;1.0;;;True;144.0;144.0;0.0;1.0;;;True;ControlType.NO_CONTROL;0;<BV64 x0>;64;[];[];['<BV64 x0>'];[];['<BV64 x0>'];[];[];0.0;1.8446744073709552e+19;18446744073709551615;1;;;True;0.0;1.8446744073709552e+19;18446744073709551615;1;;;True;ControlType.CONTROLLED;0;<BV64 x0>;64;[];[];['<BV64 x0>'];[];['<BV64 x0>'];[];[];0.0;1.8446744073709552e+19;1.8446744073709552e+19;1.0;;;True;0.0;1.8446744073709552e+19;1.8446744073709552e+19;1.0;;;True;ControlType.CONTROLLED;0;<BV64 x0>;64;[];[];[];[];[];[];[];0;0;0;;;;False;0;0;0;;;;False;ControlType.UNKNOWN;0;[];{'regs': [], 'indirect_regs': [], 'direct_regs': [], 'mem': [], 'const_mem': []};[];{'regs': [], 'indirect_regs': [], 'direct_regs': [], 'mem': [], 'const_mem': []};{'regs': ['<BV64 x0>'], 'indirect_regs': [], 'direct_regs': ['<BV64 x0>'], 'mem': [], 'const_mem': []};{'regs': ['<BV64 x0>'], 'indirect_regs': [], 'direct_regs': ['<BV64 x0>'], 'mem': [], 'const_mem': []};63.0;0.0;64.0;64.0;[];;;;BaseControlType.CONSTANT_BASE;BaseControlType.CONSTANT_BASE;BaseControlType.CONSTANT_BASE;0;BranchControlType.BRANCH_INDEPENDENT_FROM_SECRET;BranchControlType.BRANCH_INDEPENDENT_FROM_SECRET;27548;True;False;True;True;True;False;False;True;True;False;False;False;True;False;True;False;True;False;True;False;[];['has_valid_base'];True;False;True;True;True;False;False;True;True;False;False;False;True;False;True;False;True;False;True;False;[];['has_valid_base']
18036521-858a-411a-bebc-4a511a075133;SHA256Pad@@LIBMD_0.0;0x6260;0x5ee4;0x0;TransmitterType.LOAD;31;0;False;['0x6260', '0x6280', '0x629c', '0x62bc', '0x5ec0'];<BV64 x0>;64;[];[];['<BV64 x0>'];[];['<BV64 x0>'];[];[];0;18446744073709551615;18446744073709551615;1;;;True;0;18446744073709551615;18446744073709551615;1;;;True;ControlType.CONTROLLED;0;;0;[];[];[];[];[];[];[];0.0;0.0;0.0;0.0;;;False;0.0;0.0;0.0;0.0;;;False;ControlType.UNKNOWN;0;;0;[];[];[];[];[];[];[];0;0;0;;;;False;0.0;0.0;0.0;0.0;;;False;ControlType.UNKNOWN;0;<BV64 x0>;64;[];[];['<BV64 x0>'];[];['<BV64 x0>'];[];[];0.0;1.8446744073709552e+19;18446744073709551615;1;;;True;0.0;1.8446744073709552e+19;18446744073709551615;1;;;True;ControlType.CONTROLLED;0;<BV64 x0>;64;[];[];['<BV64 x0>'];[];['<BV64 x0>'];[];[];0.0;1.8446744073709552e+19;1.8446744073709552e+19;1.0;;;True;0.0;1.8446744073709552e+19;1.8446744073709552e+19;1.0;;;True;ControlType.CONTROLLED;0;<BV64 x0>;64;[];[];[];[];[];[];[];0;0;0;;;;False;0;0;0;;;;False;ControlType.UNKNOWN;0;[('0x627c', <Bool ((LOAD_64[<BV64 x0 + 0x40>]_24[31:0] << 0x1d[7:0] | LShR(LOAD_64[<BV64 x0 + 0x40>]_24[31:0], 0x3)[7:0]) & 63) != 0>, 'Taken'), ('0x6298', <Bool (0x0 .. LOAD_64[<BV64 x0 + 0x40>]_24[8:3]) + 0x1 > 0x38>, 'Taken'), ('0x62a0', <Bool 0x1 + (0x0 .. LOAD_64[<BV64 x0 + 0x40>]_24[8:3]) == 0x40>, 'Taken'), ('0x62c8', <Bool True>, 'Taken')];"{'regs': ['<BV64 x0>'], 'indirect_regs': [""<BV64 x0>: ['0x40', '0x40', '0x40']""], 'direct_regs': [], 'mem': ['<BV64 x0 + 0x40>'], 'const_mem': []}";[];{'regs': [], 'indirect_regs': [], 'direct_regs': [], 'mem': [], 'const_mem': []};{'regs': ['<BV64 x0>'], 'indirect_regs': [], 'direct_regs': ['<BV64 x0>'], 'mem': [], 'const_mem': []};{'regs': ['<BV64 x0>'], 'indirect_regs': [], 'direct_regs': ['<BV64 x0>'], 'mem': ['<BV64 x0 + 0x40>'], 'const_mem': []};63.0;0.0;64.0;64.0;[];;;;BaseControlType.NO_BASE;BaseControlType.NO_BASE;BaseControlType.NO_BASE;4;BranchControlType.BRANCH_DEPENDS_ON_SECRET_VALUE;BranchControlType.BRANCH_INDEPENDENT_FROM_SECRET;24292;True;False;True;True;True;False;False;True;True;False;False;False;True;False;True;True;True;False;True;False;[];['has_valid_base'];True;False;True;True;True;False;False;True;True;False;False;False;True;False;True;True;True;False;True;False;[];['has_valid_base']
0adaa309-fd0f-4be8-a88c-3e5761353939;SHA512Pad@@LIBMD_0.0;0x6920;0x6588;0x0;TransmitterType.LOAD;39;0;False;['0x6920', '0x6940', '0x695c', '0x697c', '0x6544'];<BV64 x0>;64;[];[];['<BV64 x0>'];[];['<BV64 x0>'];[];[];0;18446744073709551615;18446744073709551615;1;;;True;0;18446744073709551615;18446744073709551615;1;;;True;ControlType.CONTROLLED;0;;0;[];[];[];[];[];[];[];0.0;0.0;0.0;0.0;;;False;0.0;0.0;0.0;0.0;;;False;ControlType.UNKNOWN;0;;0;[];[];[];[];[];[];[];0;0;0;;;;False;0.0;0.0;0.0;0.0;;;False;ControlType.UNKNOWN;0;<BV64 x0>;64;[];[];['<BV64 x0>'];[];['<BV64 x0>'];[];[];0.0;1.8446744073709552e+19;18446744073709551615;1;;;True;0.0;1.8446744073709552e+19;18446744073709551615;1;;;True;ControlType.CONTROLLED;0;<BV64 x0>;64;[];[];['<BV64 x0>'];[];['<BV64 x0>'];[];[];0.0;1.8446744073709552e+19;1.8446744073709552e+19;1.0;;;True;0.0;1.8446744073709552e+19;1.8446744073709552e+19;1.0;;;True;ControlType.CONTROLLED;0;<BV64 x0>;64;[];[];[];[];[];[];[];0;0;0;;;;False;0;0;0;;;;False;ControlType.UNKNOWN;0;[('0x693c', <Bool ((LOAD_64[<BV64 x0 + 0x40>]_24[31:0] << 0x1d[7:0] | LShR(LOAD_64[<BV64 x0 + 0x40>]_24[31:0], 0x3)[7:0]) & 127) != 0>, 'Taken'), ('0x6958', <Bool (0x0 .. LOAD_64[<BV64 x0 + 0x40>]_24[9:3]) + 0x1 > 0x70>, 'Taken'), ('0x6960', <Bool 0x1 + (0x0 .. LOAD_64[<BV64 x0 + 0x40>]_24[9:3]) == 0x80>, 'Taken'), ('0x6988', <Bool True>, 'Taken')];"{'regs': ['<BV64 x0>'], 'indirect_regs': [""<BV64 x0>: ['0x40', '0x40', '0x40']""], 'direct_regs': [], 'mem': ['<BV64 x0 + 0x40>'], 'const_mem': []}";[];{'regs': [], 'indirect_regs': [], 'direct_regs': [], 'mem': [], 'const_mem': []};{'regs': ['<BV64 x0>'], 'indirect_regs': [], 'direct_regs': ['<BV64 x0>'], 'mem': [], 'const_mem': []};{'regs': ['<BV64 x0>'], 'indirect_regs': [], 'direct_regs': ['<BV64 x0>'], 'mem': ['<BV64 x0 + 0x40>'], 'const_mem': []};63.0;0.0;64.0;64.0;[];;;;BaseControlType.NO_BASE;BaseControlType.NO_BASE;BaseControlType.NO_BASE;4;BranchControlType.BRANCH_DEPENDS_ON_SECRET_VALUE;BranchControlType.BRANCH_INDEPENDENT_FROM_SECRET;25992;True;False;True;True;True;False;False;True;True;False;False;False;True;False;True;True;True;False;True;False;[];['has_valid_base'];True;False;True;True;True;False;False;True;True;False;False;False;True;False;True;True;True;False;True;False;[];['has_valid_base']
fe056630-0b89-4e47-8d31-6df234a85f31;SHA512_256Pad@@LIBMD_0.1;0x6920;0x6588;0x0;TransmitterType.LOAD;39;0;False;['0x6920', '0x6940', '0x695c', '0x697c', '0x6544'];<BV64 x0>;64;[];[];['<BV64 x0>'];[];['<BV64 x0>'];[];[];0;18446744073709551615;18446744073709551615;1;;;True;0;18446744073709551615;18446744073709551615;1;;;True;ControlType.CONTROLLED;0;;0;[];[];[];[];[];[];[];0.0;0.0;0.0;0.0;;;False;0.0;0.0;0.0;0.0;;;False;ControlType.UNKNOWN;0;;0;[];[];[];[];[];[];[];0;0;0;;;;False;0.0;0.0;0.0;0.0;;;False;ControlType.UNKNOWN;0;<BV64 x0>;64;[];[];['<BV64 x0>'];[];['<BV64 x0>'];[];[];0.0;1.8446744073709552e+19;18446744073709551615;1;;;True;0.0;1.8446744073709552e+19;18446744073709551615;1;;;True;ControlType.CONTROLLED;0;<BV64 x0>;64;[];[];['<BV64 x0>'];[];['<BV64 x0>'];[];[];0.0;1.8446744073709552e+19;1.8446744073709552e+19;1.0;;;True;0.0;1.8446744073709552e+19;1.8446744073709552e+19;1.0;;;True;ControlType.CONTROLLED;0;<BV64 x0>;64;[];[];[];[];[];[];[];0;0;0;;;;False;0;0;0;;;;False;ControlType.UNKNOWN;0;[('0x693c', <Bool ((LOAD_64[<BV64 x0 + 0x40>]_24[31:0] << 0x1d[7:0] | LShR(LOAD_64[<BV64 x0 + 0x40>]_24[31:0], 0x3)[7:0]) & 127) != 0>, 'Taken'), ('0x6958', <Bool (0x0 .. LOAD_64[<BV64 x0 + 0x40>]_24[9:3]) + 0x1 > 0x70>, 'Taken'), ('0x6960', <Bool 0x1 + (0x0 .. LOAD_64[<BV64 x0 + 0x40>]_24[9:3]) == 0x80>, 'Taken'), ('0x6988', <Bool True>, 'Taken')];"{'regs': ['<BV64 x0>'], 'indirect_regs': [""<BV64 x0>: ['0x40', '0x40', '0x40']""], 'direct_regs': [], 'mem': ['<BV64 x0 + 0x40>'], 'const_mem': []}";[];{'regs': [], 'indirect_regs': [], 'direct_regs': [], 'mem': [], 'const_mem': []};{'regs': ['<BV64 x0>'], 'indirect_regs': [], 'direct_regs': ['<BV64 x0>'], 'mem': [], 'const_mem': []};{'regs': ['<BV64 x0>'], 'indirect_regs': [], 'direct_regs': ['<BV64 x0>'], 'mem': ['<BV64 x0 + 0x40>'], 'const_mem': []};63.0;0.0;64.0;64.0;[];;;;BaseControlType.NO_BASE;BaseControlType.NO_BASE;BaseControlType.NO_BASE;4;BranchControlType.BRANCH_DEPENDS_ON_SECRET_VALUE;BranchControlType.BRANCH_INDEPENDENT_FROM_SECRET;25992;True;False;True;True;True;False;False;True;True;False;False;False;True;False;True;True;True;False;True;False;[];['has_valid_base'];True;False;True;True;True;False;False;True;True;False;False;False;True;False;True;True;True;False;True;False;[];['has_valid_base']
15942826-84e8-4f75-a97e-cc2b3ff4dc9e;MD2Init@@LIBMD_0.0;0x1b80;0x1ba4;0x0;TransmitterType.STORE;10;0;False;['0x1b80'];<BV64 0x34 + x0>;64;[];[];['<BV64 x0>'];[];['<BV64 x0>'];[];[];0;18446744073709551615;18446744073709551615;1;;;True;0;18446744073709551615;18446744073709551615;1;;;True;ControlType.CONTROLLED;0;<BV64 0x34>;64;[];[];[];[];[];[];[];52.0;52.0;0.0;1.0;;;True;52.0;52.0;0.0;1.0;;;True;ControlType.NO_CONTROL;0;<BV64 0x34>;64;[];[];[];[];[];[];[];52;52;0;1.0;;;True;52.0;52.0;0.0;1.0;;;True;ControlType.NO_CONTROL;0;<BV64 x0>;64;[];[];['<BV64 x0>'];[];['<BV64 x0>'];[];[];0.0;1.8446744073709552e+19;18446744073709551615;1;;;True;0.0;1.8446744073709552e+19;18446744073709551615;1;;;True;ControlType.CONTROLLED;0;<BV64 x0>;64;[];[];['<BV64 x0>'];[];['<BV64 x0>'];[];[];0.0;1.8446744073709552e+19;1.8446744073709552e+19;1.0;;;True;0.0;1.8446744073709552e+19;1.8446744073709552e+19;1.0;;;True;ControlType.CONTROLLED;0;<BV64 x0>;64;[];[];[];[];[];[];[];0;0;0;;;;False;0;0;0;;;;False;ControlType.UNKNOWN;0;[];{'regs': [], 'indirect_regs': [], 'direct_regs': [], 'mem': [], 'const_mem': []};[];{'regs': [], 'indirect_regs': [], 'direct_regs': [], 'mem': [], 'const_mem': []};{'regs': ['<BV64 x0>'], 'indirect_regs': [], 'direct_regs': ['<BV64 x0>'], 'mem': [], 'const_mem': []};{'regs': ['<BV64 x0>'], 'indirect_regs': [], 'direct_regs': ['<BV64 x0>'], 'mem': [], 'const_mem': []};63.0;0.0;64.0;64.0;[];;;;BaseControlType.CONSTANT_BASE;BaseControlType.CONSTANT_BASE;BaseControlType.CONSTANT_BASE;0;BranchControlType.BRANCH_INDEPENDENT_FROM_SECRET;BranchControlType.BRANCH_INDEPENDENT_FROM_SECRET;7076;True;False;True;True;True;False;False;True;True;False;False;False;True;False;True;False;True;False;True;False;[];['has_valid_base'];True;False;True;True;True;False;False;True;True;False;False;False;True;False;True;False;True;False;True;False;[];['has_valid_base']
51f8eddb-7dc1-40b0-9853-b405d4afda1c;SHA224Init@@LIBMD_0.1;0x5e68;0x5e9c;0x0;TransmitterType.STORE;15;0;False;['0x5e68'];<BV64 0xa0 + x0>;64;[];[];['<BV64 x0>'];[];['<BV64 x0>'];[];[];0;18446744073709551615;18446744073709551615;1;;;True;0;18446744073709551615;18446744073709551615;1;;;True;ControlType.CONTROLLED;0;<BV64 0xa0>;64;[];[];[];[];[];[];[];160.0;160.0;0.0;1.0;;;True;160.0;160.0;0.0;1.0;;;True;ControlType.NO_CONTROL;0;<BV64 0xa0>;64;[];[];[];[];[];[];[];160;160;0;1.0;;;True;160.0;160.0;0.0;1.0;;;True;ControlType.NO_CONTROL;0;<BV64 x0>;64;[];[];['<BV64 x0>'];[];['<BV64 x0>'];[];[];0.0;1.8446744073709552e+19;18446744073709551615;1;;;True;0.0;1.8446744073709552e+19;18446744073709551615;1;;;True;ControlType.CONTROLLED;0;<BV64 x0>;64;[];[];['<BV64 x0>'];[];['<BV64 x0>'];[];[];0.0;1.8446744073709552e+19;1.8446744073709552e+19;1.0;;;True;0.0;1.8446744073709552e+19;1.8446744073709552e+19;1.0;;;True;ControlType.CONTROLLED;0;<BV64 x0>;64;[];[];[];[];[];[];[];0;0;0;;;;False;0;0;0;;;;False;ControlType.UNKNOWN;0;[];{'regs': [], 'indirect_regs': [], 'direct_regs': [], 'mem': [], 'const_mem': []};[];{'regs': [], 'indirect_regs': [], 'direct_regs': [], 'mem': [], 'const_mem': []};{'regs': ['<BV64 x0>'], 'indirect_regs': [], 'direct_regs': ['<BV64 x0>'], 'mem': [], 'const_mem': []};{'regs': ['<BV64 x0>'], 'indirect_regs': [], 'direct_regs': ['<BV64 x0>'], 'mem': [], 'const_mem': []};63.0;0.0;64.0;64.0;[];;;;BaseControlType.CONSTANT_BASE;BaseControlType.CONSTANT_BASE;BaseControlType.CONSTANT_BASE;0;BranchControlType.BRANCH_INDEPENDENT_FROM_SECRET;BranchControlType.BRANCH_INDEPENDENT_FROM_SECRET;24220;True;False;True;True;True;False;False;True;True;False;False;False;True;False;True;False;True;False;True;False;[];['has_valid_base'];True;False;True;True;True;False;False;True;True;False;False;False;True;False;True;False;True;False;True;False;[];['has_valid_base']
67cd9466-5e45-4c24-bfce-a728d6d9272b;SHA224Pad@@LIBMD_0.1;0x6260;0x5ee4;0x0;TransmitterType.LOAD;31;0;False;['0x6260', '0x6280', '0x629c', '0x62bc', '0x5ec0'];<BV64 x0>;64;[];[];['<BV64 x0>'];[];['<BV64 x0>'];[];[];0;18446744073709551615;18446744073709551615;1;;;True;0;18446744073709551615;18446744073709551615;1;;;True;ControlType.CONTROLLED;0;;0;[];[];[];[];[];[];[];0.0;0.0;0.0;0.0;;;False;0.0;0.0;0.0;0.0;;;False;ControlType.UNKNOWN;0;;0;[];[];[];[];[];[];[];0;0;0;;;;False;0.0;0.0;0.0;0.0;;;False;ControlType.UNKNOWN;0;<BV64 x0>;64;[];[];['<BV64 x0>'];[];['<BV64 x0>'];[];[];0.0;1.8446744073709552e+19;18446744073709551615;1;;;True;0.0;1.8446744073709552e+19;18446744073709551615;1;;;True;ControlType.CONTROLLED;0;<BV64 x0>;64;[];[];['<BV64 x0>'];[];['<BV64 x0>'];[];[];0.0;1.8446744073709552e+19;1.8446744073709552e+19;1.0;;;True;0.0;1.8446744073709552e+19;1.8446744073709552e+19;1.0;;;True;ControlType.CONTROLLED;0;<BV64 x0>;64;[];[];[];[];[];[];[];0;0;0;;;;False;0;0;0;;;;False;ControlType.UNKNOWN;0;[('0x627c', <Bool ((LOAD_64[<BV64 x0 + 0x40>]_24[31:0] << 0x1d[7:0] | LShR(LOAD_64[<BV64 x0 + 0x40>]_24[31:0], 0x3)[7:0]) & 63) != 0>, 'Taken'), ('0x6298', <Bool (0x0 .. LOAD_64[<BV64 x0 + 0x40>]_24[8:3]) + 0x1 > 0x38>, 'Taken'), ('0x62a0', <Bool 0x1 + (0x0 .. LOAD_64[<BV64 x0 + 0x40>]_24[8:3]) == 0x40>, 'Taken'), ('0x62c8', <Bool True>, 'Taken')];"{'regs': ['<BV64 x0>'], 'indirect_regs': [""<BV64 x0>: ['0x40', '0x40', '0x40']""], 'direct_regs': [], 'mem': ['<BV64 x0 + 0x40>'], 'const_mem': []}";[];{'regs': [], 'indirect_regs': [], 'direct_regs': [], 'mem': [], 'const_mem': []};{'regs': ['<BV64 x0>'], 'indirect_regs': [], 'direct_regs': ['<BV64 x0>'], 'mem': [], 'const_mem': []};{'regs': ['<BV64 x0>'], 'indirect_regs': [], 'direct_regs': ['<BV64 x0>'], 'mem': ['<BV64 x0 + 0x40>'], 'const_mem': []};63.0;0.0;64.0;64.0;[];;;;BaseControlType.NO_BASE;BaseControlType.NO_BASE;BaseControlType.NO_BASE;4;BranchControlType.BRANCH_DEPENDS_ON_SECRET_VALUE;BranchControlType.BRANCH_INDEPENDENT_FROM_SECRET;24292;True;False;True;True;True;False;False;True;True;False;False;False;True;False;True;True;True;False;True;False;[];['has_valid_base'];True;False;True;True;True;False;False;True;True;False;False;False;True;False;True;True;True;False;True;False;[];['has_valid_base']
f4c12913-b88f-49d8-9843-f0f92485ccf5;MD2Transform@@LIBMD_0.0;0x1bc0;0x1c08;0x0;TransmitterType.STORE;19;0;False;['0x1bc0'];<BV64 0x4 + x0>;64;[];[];['<BV64 x0>'];[];['<BV64 x0>'];[];[];0;18446744073709551615;18446744073709551615;1;;;True;0;18446744073709551615;18446744073709551615;1;;;True;ControlType.CONTROLLED;0;<BV64 0x4>;64;[];[];[];[];[];[];[];4.0;4.0;0.0;1.0;;;True;4.0;4.0;0.0;1.0;;;True;ControlType.NO_CONTROL;0;<BV64 0x4>;64;[];[];[];[];[];[];[];4;4;0;1.0;;;True;4.0;4.0;0.0;1.0;;;True;ControlType.NO_CONTROL;0;<BV64 x0>;64;[];[];['<BV64 x0>'];[];['<BV64 x0>'];[];[];0.0;1.8446744073709552e+19;18446744073709551615;1;;;True;0.0;1.8446744073709552e+19;18446744073709551615;1;;;True;ControlType.CONTROLLED;0;<BV64 x0>;64;[];[];['<BV64 x0>'];[];['<BV64 x0>'];[];[];0.0;1.8446744073709552e+19;1.8446744073709552e+19;1.0;;;True;0.0;1.8446744073709552e+19;1.8446744073709552e+19;1.0;;;True;ControlType.CONTROLLED;0;<BV64 x0>;64;[];[];[];[];[];[];[];0;0;0;;;;False;0;0;0;;;;False;ControlType.UNKNOWN;0;[];{'regs': [], 'indirect_regs': [], 'direct_regs': [], 'mem': [], 'const_mem': []};[];{'regs': [], 'indirect_regs': [], 'direct_regs': [], 'mem': [], 'const_mem': []};{'regs': ['<BV64 x0>'], 'indirect_regs': [], 'direct_regs': ['<BV64 x0>'], 'mem': [], 'const_mem': []};{'regs': ['<BV64 x0>'], 'indirect_regs': [], 'direct_regs': ['<BV64 x0>'], 'mem': [], 'const_mem': []};63.0;0.0;64.0;64.0;[];;;;BaseControlType.CONSTANT_BASE;BaseControlType.CONSTANT_BASE;BaseControlType.CONSTANT_BASE;0;BranchControlType.BRANCH_INDEPENDENT_FROM_SECRET;BranchControlType.BRANCH_INDEPENDENT_FROM_SECRET;7176;True;False;True;True;True;False;False;True;True;False;False;False;True;False;True;False;True;False;True;False;[];['has_valid_base'];True;False;True;True;True;False;False;True;True;False;False;False;True;False;True;False;True;False;True;False;[];['has_valid_base']
3aae66e1-1e52-4b4b-a818-9c9c6efaf166;MD4Update@@LIBMD_0.0;0x2420;0x1e38;0x0;TransmitterType.LOAD;51;0;False;['0x2420', '0x2464', '0x2468', '0x2470', '0x1de0'];<BV64 x0>;64;[];[];['<BV64 x0>'];[];['<BV64 x0>'];[];[];0;18446744073709551615;18446744073709551615;1;;;True;0;18446744073709551615;18446744073709551615;1;;;True;ControlType.CONTROLLED;0;;0;[];[];[];[];[];[];[];0.0;0.0;0.0;0.0;;;False;0.0;0.0;0.0;0.0;;;False;ControlType.UNKNOWN;0;;0;[];[];[];[];[];[];[];0;0;0;;;;False;0.0;0.0;0.0;0.0;;;False;ControlType.UNKNOWN;0;<BV64 x0>;64;[];[];['<BV64 x0>'];[];['<BV64 x0>'];[];[];0.0;1.8446744073709552e+19;18446744073709551615;1;;;True;0.0;1.8446744073709552e+19;18446744073709551615;1;;;True;ControlType.CONTROLLED;0;<BV64 x0>;64;[];[];['<BV64 x0>'];[];['<BV64 x0>'];[];[];0.0;1.8446744073709552e+19;1.8446744073709552e+19;1.0;;;True;0.0;1.8446744073709552e+19;1.8446744073709552e+19;1.0;;;True;ControlType.CONTROLLED;0;<BV64 x0>;64;[];[];[];[];[];[];[];0;0;0;;;;False;0;0;0;;;;False;ControlType.UNKNOWN;0;[('0x2460', <Bool x2 >= 0x40 - ((LOAD_64[<BV64 x0 + 0x10>]_28 << 0x3d | LShR(LOAD_64[<BV64 x0 + 0x10>]_28, 0x3)) & 0x3f)>, 'Taken'), ('0x2464', <Bool LOAD_64[<BV64 x0 + 0x10>]_28[8:3] == 0>, 'Taken'), ('0x246c', <Bool x2 > 0x3f>, 'Taken'), ('0x248c', <Bool True>, 'Taken')];"{'regs': ['<BV64 x0>', '<BV64 x2>'], 'indirect_regs': [""<BV64 x0>: ['0x10', '0x10']""], 'direct_regs': ['<BV64 x2>'], 'mem': ['<BV64 x0 + 0x10>'], 'const_mem': []}";[];{'regs': [], 'indirect_regs': [], 'direct_regs': [], 'mem': [], 'const_mem': []};{'regs': ['<BV64 x0>'], 'indirect_regs': [], 'direct_regs': ['<BV64 x0>'], 'mem': [], 'const_mem': []};{'regs': ['<BV64 x0>', '<BV64 x2>'], 'indirect_regs': [], 'direct_regs': ['<BV64 x0>', '<BV64 x2>'], 'mem': ['<BV64 x0 + 0x10>'], 'const_mem': []};63.0;0.0;64.0;64.0;[];;;;BaseControlType.NO_BASE;BaseControlType.NO_BASE;BaseControlType.NO_BASE;4;BranchControlType.BRANCH_DEPENDS_ON_SECRET_VALUE;BranchControlType.BRANCH_INDEPENDENT_FROM_SECRET;7736;True;False;True;True;True;False;False;True;True;False;False;False;True;False;True;True;True;False;True;False;[];['has_valid_base'];True;False;True;True;True;False;False;True;True;False;False;False;True;False;True;True;True;False;True;False;[];['has_valid_base']
4acdfc77-3662-4c0c-83ac-fefa25d0dd1d;SHA512_256Update@@LIBMD_0.1;0x67c0;0x658c;0x0;TransmitterType.LOAD;40;0;False;['0x67c0', '0x67c8', '0x67f8', '0x6800', '0x6544'];<BV64 0x10 + x0>;64;[];[];['<BV64 x0>'];[];['<BV64 x0>'];[];[];0;18446744073709551615;18446744073709551615;1;;;True;0;18446744073709551615;18446744073709551615;1;;;True;ControlType.CONTROLLED;0;<BV64 0x10>;64;[];[];[];[];[];[];[];16.0;16.0;0.0;1.0;;;True;16.0;16.0;0.0;1.0;;;True;ControlType.NO_CONTROL;0;<BV64 0x10>;64;[];[];[];[];[];[];[];16;16;0;1.0;;;True;16.0;16.0;0.0;1.0;;;True;ControlType.NO_CONTROL;0;<BV64 x0>;64;[];[];['<BV64 x0>'];[];['<BV64 x0>'];[];[];0.0;1.8446744073709552e+19;18446744073709551615;1;;;True;0.0;1.8446744073709552e+19;18446744073709551615;1;;;True;ControlType.CONTROLLED;0;<BV64 x0>;64;[];[];['<BV64 x0>'];[];['<BV64 x0>'];[];[];0.0;1.8446744073709552e+19;1.8446744073709552e+19;1.0;;;True;0.0;1.8446744073709552e+19;1.8446744073709552e+19;1.0;;;True;ControlType.CONTROLLED;0;<BV64 x0>;64;[];[];[];[];[];[];[];0;0;0;;;;False;0;0;0;;;;False;ControlType.UNKNOWN;0;[('0x67c4', <Bool x2 != 0x0>, 'Taken'), ('0x67f4', <Bool ((LOAD_64[<BV64 x0 + 0x40>]_26 << 0x3d[7:0] | LShR(LOAD_64[<BV64 x0 + 0x40>]_26, 0x3)[7:0]) & 127) == 0>, 'Taken'), ('0x67fc', <Bool x2 > 0x7f>, 'Taken'), ('0x6810', <Bool True>, 'Taken')];"{'regs': ['<BV64 x0>', '<BV64 x2>'], 'indirect_regs': [""<BV64 x0>: ['0x40']""], 'direct_regs': ['<BV64 x2>'], 'mem': ['<BV64 x0 + 0x40>'], 'const_mem': []}";[];{'regs': [], 'indirect_regs': [], 'direct_regs': [], 'mem': [], 'const_mem': []};{'regs': ['<BV64 x0>'], 'indirect_regs': [], 'direct_regs': ['<BV64 x0>'], 'mem': [], 'const_mem': []};{'regs': ['<BV64 x0>', '<BV64 x2>'], 'indirect_regs': [], 'direct_regs': ['<BV64 x0>', '<BV64 x2>'], 'mem': ['<BV64 x0 + 0x40>'], 'const_mem': []};63.0;0.0;64.0;64.0;[];;;;BaseControlType.CONSTANT_BASE;BaseControlType.CONSTANT_BASE;BaseControlType.CONSTANT_BASE;4;BranchControlType.BRANCH_DEPENDS_ON_SECRET_VALUE;BranchControlType.BRANCH_INDEPENDENT_FROM_SECRET;25996;True;False;True;True;True;False;False;True;True;False;False;False;True;False;True;True;True;False;True;False;[];['has_valid_base'];True;False;True;True;True;False;False;True;True;False;False;False;True;False;True;True;True;False;True;False;[];['has_valid_base']
f57cd7bf-79b8-4f02-bbd2-36f2a29aa803;SHA384Init@@LIBMD_0.0;0x6b60;0x6ba0;0x0;TransmitterType.STORE;18;0;False;['0x6b60'];<BV64 0xa0 + x0>;64;[];[];['<BV64 x0>'];[];['<BV64 x0>'];[];[];0;18446744073709551615;18446744073709551615;1;;;True;0;18446744073709551615;18446744073709551615;1;;;True;ControlType.CONTROLLED;0;<BV64 0xa0>;64;[];[];[];[];[];[];[];160.0;160.0;0.0;1.0;;;True;160.0;160.0;0.0;1.0;;;True;ControlType.NO_CONTROL;0;<BV64 0xa0>;64;[];[];[];[];[];[];[];160;160;0;1.0;;;True;160.0;160.0;0.0;1.0;;;True;ControlType.NO_CONTROL;0;<BV64 x0>;64;[];[];['<BV64 x0>'];[];['<BV64 x0>'];[];[];0.0;1.8446744073709552e+19;18446744073709551615;1;;;True;0.0;1.8446744073709552e+19;18446744073709551615;1;;;True;ControlType.CONTROLLED;0;<BV64 x0>;64;[];[];['<BV64 x0>'];[];['<BV64 x0>'];[];[];0.0;1.8446744073709552e+19;1.8446744073709552e+19;1.0;;;True;0.0;1.8446744073709552e+19;1.8446744073709552e+19;1.0;;;True;ControlType.CONTROLLED;0;<BV64 x0>;64;[];[];[];[];[];[];[];0;0;0;;;;False;0;0;0;;;;False;ControlType.UNKNOWN;0;[];{'regs': [], 'indirect_regs': [], 'direct_regs': [], 'mem': [], 'const_mem': []};[];{'regs': [], 'indirect_regs': [], 'direct_regs': [], 'mem': [], 'const_mem': []};{'regs': ['<BV64 x0>'], 'indirect_regs': [], 'direct_regs': ['<BV64 x0>'], 'mem': [], 'const_mem': []};{'regs': ['<BV64 x0>'], 'indirect_regs': [], 'direct_regs': ['<BV64 x0>'], 'mem': [], 'const_mem': []};63.0;0.0;64.0;64.0;[];;;;BaseControlType.CONSTANT_BASE;BaseControlType.CONSTANT_BASE;BaseControlType.CONSTANT_BASE;0;BranchControlType.BRANCH_INDEPENDENT_FROM_SECRET;BranchControlType.BRANCH_INDEPENDENT_FROM_SECRET;27552;True;False;True;True;True;False;False;True;True;False;False;False;True;False;True;False;True;False;True;False;[];['has_valid_base'];True;False;True;True;True;False;False;True;True;False;False;False;True;False;True;False;True;False;True;False;[];['has_valid_base']
b84f6c3b-08a7-4d9c-9481-b8eba0975d6e;SHA224End@@LIBMD_0.1;0x7da4;0x6354;0x0;TransmitterType.STORE;38;0;False;['0x7da4', '0x7dd8', '0x6380', '0x6260', '0x6340'];<BV64 0x51 + x0>;64;[];[];['<BV64 x0>'];[];['<BV64 x0>'];[];[];0;18446744073709551615;18446744073709551615;1;;;True;0;18446744073709551615;18446744073709551615;1;;;True;ControlType.CONTROLLED;0;<BV64 0x51>;64;[];[];[];[];[];[];[];81.0;81.0;0.0;1.0;;;True;81.0;81.0;0.0;1.0;;;True;ControlType.NO_CONTROL;0;<BV64 0x51>;64;[];[];[];[];[];[];[];81;81;0;1.0;;;True;81.0;81.0;0.0;1.0;;;True;ControlType.NO_CONTROL;0;<BV64 x0>;64;[];[];['<BV64 x0>'];[];['<BV64 x0>'];[];[];0.0;1.8446744073709552e+19;18446744073709551615;1;;;True;0.0;1.8446744073709552e+19;18446744073709551615;1;;;True;ControlType.CONTROLLED;0;<BV64 x0>;64;[];[];['<BV64 x0>'];[];['<BV64 x0>'];[];[];0.0;1.8446744073709552e+19;1.8446744073709552e+19;1.0;;;True;0.0;1.8446744073709552e+19;1.8446744073709552e+19;1.0;;;True;ControlType.CONTROLLED;0;<BV64 x0>;64;[];[];[];[];[];[];[];0;0;0;;;;False;0;0;0;;;;False;ControlType.UNKNOWN;0;[('0x627c', <Bool ((LOAD_64[<BV64 x0 + 0x40>]_35[31:0] << 0x1d[7:0] | LShR(LOAD_64[<BV64 x0 + 0x40>]_35[31:0], 0x3)[7:0]) & 63) == 0>, 'Taken'), ('0x639c', <Bool True>, 'Taken'), ('0x7dd4', <Bool x1 != 0x0>, 'Taken'), ('0x7de0', <Bool True>, 'Taken')];"{'regs': ['<BV64 x0>', '<BV64 x1>'], 'indirect_regs': [""<BV64 x0>: ['0x40']""], 'direct_regs': ['<BV64 x1>'], 'mem': ['<BV64 x0 + 0x40>'], 'const_mem': []}";[];{'regs': [], 'indirect_regs': [], 'direct_regs': [], 'mem': [], 'const_mem': []};{'regs': ['<BV64 x0>'], 'indirect_regs': [], 'direct_regs': ['<BV64 x0>'], 'mem': [], 'const_mem': []};{'regs': ['<BV64 x0>', '<BV64 x1>'], 'indirect_regs': [], 'direct_regs': ['<BV64 x0>', '<BV64 x1>'], 'mem': ['<BV64 x0 + 0x40>'], 'const_mem': []};63.0;0.0;64.0;64.0;[];;;;BaseControlType.CONSTANT_BASE;BaseControlType.CONSTANT_BASE;BaseControlType.CONSTANT_BASE;4;BranchControlType.BRANCH_DEPENDS_ON_SECRET_VALUE;BranchControlType.BRANCH_INDEPENDENT_FROM_SECRET;25428;True;False;True;True;True;False;False;True;True;False;False;False;True;False;True;True;True;False;True;False;[];['has_valid_base'];True;False;True;True;True;False;False;True;True;False;False;False;True;False;True;True;True;False;True;False;[];['has_valid_base']
5e5b5f42-8125-40fc-b6b6-224ed94f553c;SHA512End@@LIBMD_0.0;0x8704;0x6a78;0x0;TransmitterType.STORE;37;0;False;['0x8704', '0x8738', '0x6aa0', '0x6920', '0x6a68'];<BV64 0x51 + x0>;64;[];[];['<BV64 x0>'];[];['<BV64 x0>'];[];[];0;18446744073709551615;18446744073709551615;1;;;True;0;18446744073709551615;18446744073709551615;1;;;True;ControlType.CONTROLLED;0;<BV64 0x51>;64;[];[];[];[];[];[];[];81.0;81.0;0.0;1.0;;;True;81.0;81.0;0.0;1.0;;;True;ControlType.NO_CONTROL;0;<BV64 0x51>;64;[];[];[];[];[];[];[];81;81;0;1.0;;;True;81.0;81.0;0.0;1.0;;;True;ControlType.NO_CONTROL;0;<BV64 x0>;64;[];[];['<BV64 x0>'];[];['<BV64 x0>'];[];[];0.0;1.8446744073709552e+19;18446744073709551615;1;;;True;0.0;1.8446744073709552e+19;18446744073709551615;1;;;True;ControlType.CONTROLLED;0;<BV64 x0>;64;[];[];['<BV64 x0>'];[];['<BV64 x0>'];[];[];0.0;1.8446744073709552e+19;1.8446744073709552e+19;1.0;;;True;0.0;1.8446744073709552e+19;1.8446744073709552e+19;1.0;;;True;ControlType.CONTROLLED;0;<BV64 x0>;64;[];[];[];[];[];[];[];0;0;0;;;;False;0;0;0;;;;False;ControlType.UNKNOWN;0;[('0x693c', <Bool ((LOAD_64[<BV64 x0 + 0x40>]_35[31:0] << 0x1d[7:0] | LShR(LOAD_64[<BV64 x0 + 0x40>]_35[31:0], 0x3)[7:0]) & 127) == 0>, 'Taken'), ('0x6abc', <Bool True>, 'Taken'), ('0x8734', <Bool x1 != 0x0>, 'Taken'), ('0x8740', <Bool True>, 'Taken')];"{'regs': ['<BV64 x0>', '<BV64 x1>'], 'indirect_regs': [""<BV64 x0>: ['0x40']""], 'direct_regs': ['<BV64 x1>'], 'mem': ['<BV64 x0 + 0x40>'], 'const_mem': []}";[];{'regs': [], 'indirect_regs': [], 'direct_regs': [], 'mem': [], 'const_mem': []};{'regs': ['<BV64 x0>'], 'indirect_regs': [], 'direct_regs': ['<BV64 x0>'], 'mem': [], 'const_mem': []};{'regs': ['<BV64 x0>', '<BV64 x1>'], 'indirect_regs': [], 'direct_regs': ['<BV64 x0>', '<BV64 x1>'], 'mem': ['<BV64 x0 + 0x40>'], 'const_mem': []};63.0;0.0;64.0;64.0;[];;;;BaseControlType.CONSTANT_BASE;BaseControlType.CONSTANT_BASE;BaseControlType.CONSTANT_BASE;4;BranchControlType.BRANCH_DEPENDS_ON_SECRET_VALUE;BranchControlType.BRANCH_INDEPENDENT_FROM_SECRET;27256;True;False;True;True;True;False;False;True;True;False;False;False;True;False;True;True;True;False;True;False;[];['has_valid_base'];True;False;True;True;True;False;False;True;True;False;False;False;True;False;True;True;True;False;True;False;[];['has_valid_base']
5610f504-f7f3-4537-b5f0-aabb6ecc972e;MD2Init@@LIBMD_0.0;0x1b80;0x1ba4;0x0;TransmitterType.STORE;10;0;False;['0x1b80'];<BV64 0x3c + x0>;64;[];[];['<BV64 x0>'];[];['<BV64 x0>'];[];[];0;18446744073709551615;18446744073709551615;1;;;True;0;18446744073709551615;18446744073709551615;1;;;True;ControlType.CONTROLLED;0;<BV64 0x3c>;64;[];[];[];[];[];[];[];60.0;60.0;0.0;1.0;;;True;60.0;60.0;0.0;1.0;;;True;ControlType.NO_CONTROL;0;<BV64 0x3c>;64;[];[];[];[];[];[];[];60;60;0;1.0;;;True;60.0;60.0;0.0;1.0;;;True;ControlType.NO_CONTROL;0;<BV64 x0>;64;[];[];['<BV64 x0>'];[];['<BV64 x0>'];[];[];0.0;1.8446744073709552e+19;18446744073709551615;1;;;True;0.0;1.8446744073709552e+19;18446744073709551615;1;;;True;ControlType.CONTROLLED;0;<BV64 x0>;64;[];[];['<BV64 x0>'];[];['<BV64 x0>'];[];[];0.0;1.8446744073709552e+19;1.8446744073709552e+19;1.0;;;True;0.0;1.8446744073709552e+19;1.8446744073709552e+19;1.0;;;True;ControlType.CONTROLLED;0;<BV64 x0>;64;[];[];[];[];[];[];[];0;0;0;;;;False;0;0;0;;;;False;ControlType.UNKNOWN;0;[];{'regs': [], 'indirect_regs': [], 'direct_regs': [], 'mem': [], 'const_mem': []};[];{'regs': [], 'indirect_regs': [], 'direct_regs': [], 'mem': [], 'const_mem': []};{'regs': ['<BV64 x0>'], 'indirect_regs': [], 'direct_regs': ['<BV64 x0>'], 'mem': [], 'const_mem': []};{'regs': ['<BV64 x0>'], 'indirect_regs': [], 'direct_regs': ['<BV64 x0>'], 'mem': [], 'const_mem': []};63.0;0.0;64.0;64.0;[];;;;BaseControlType.CONSTANT_BASE;BaseControlType.CONSTANT_BASE;BaseControlType.CONSTANT_BASE;0;BranchControlType.BRANCH_INDEPENDENT_FROM_SECRET;BranchControlType.BRANCH_INDEPENDENT_FROM_SECRET;7076;True;False;True;True;True;False;False;True;True;False;False;False;True;False;True;False;True;False;True;False;[];['has_valid_base'];True;False;True;True;True;False;False;True;True;False;False;False;True;False;True;False;True;False;True;False;[];['has_valid_base']
c53d8f57-3f4a-4882-88c8-0361de2faead;SHA224Init@@LIBMD_0.1;0x5e68;0x5e9c;0x0;TransmitterType.STORE;15;0;False;['0x5e68'];<BV64 0xb0 + x0>;64;[];[];['<BV64 x0>'];[];['<BV64 x0>'];[];[];0;18446744073709551615;18446744073709551615;1;;;True;0;18446744073709551615;18446744073709551615;1;;;True;ControlType.CONTROLLED;0;<BV64 0xb0>;64;[];[];[];[];[];[];[];176.0;176.0;0.0;1.0;;;True;176.0;176.0;0.0;1.0;;;True;ControlType.NO_CONTROL;0;<BV64 0xb0>;64;[];[];[];[];[];[];[];176;176;0;1.0;;;True;176.0;176.0;0.0;1.0;;;True;ControlType.NO_CONTROL;0;<BV64 x0>;64;[];[];['<BV64 x0>'];[];['<BV64 x0>'];[];[];0.0;1.8446744073709552e+19;18446744073709551615;1;;;True;0.0;1.8446744073709552e+19;18446744073709551615;1;;;True;ControlType.CONTROLLED;0;<BV64 x0>;64;[];[];['<BV64 x0>'];[];['<BV64 x0>'];[];[];0.0;1.8446744073709552e+19;1.8446744073709552e+19;1.0;;;True;0.0;1.8446744073709552e+19;1.8446744073709552e+19;1.0;;;True;ControlType.CONTROLLED;0;<BV64 x0>;64;[];[];[];[];[];[];[];0;0;0;;;;False;0;0;0;;;;False;ControlType.UNKNOWN;0;[];{'regs': [], 'indirect_regs': [], 'direct_regs': [], 'mem': [], 'const_mem': []};[];{'regs': [], 'indirect_regs': [], 'direct_regs': [], 'mem': [], 'const_mem': []};{'regs': ['<BV64 x0>'], 'indirect_regs': [], 'direct_regs': ['<BV64 x0>'], 'mem': [], 'const_mem': []};{'regs': ['<BV64 x0>'], 'indirect_regs': [], 'direct_regs': ['<BV64 x0>'], 'mem': [], 'const_mem': []};63.0;0.0;64.0;64.0;[];;;;BaseControlType.CONSTANT_BASE;BaseControlType.CONSTANT_BASE;BaseControlType.CONSTANT_BASE;0;BranchControlType.BRANCH_INDEPENDENT_FROM_SECRET;BranchControlType.BRANCH_INDEPENDENT_FROM_SECRET;24220;True;False;True;True;True;False;False;True;True;False;False;False;True;False;True;False;True;False;True;False;[];['has_valid_base'];True;False;True;True;True;False;False;True;True;False;False;False;True;False;True;False;True;False;True;False;[];['has_valid_base']
0d0d0b8b-cda1-4aea-bda8-9e727592fca3;SHA384End@@LIBMD_0.0;0x83e4;0x6a78;0x0;TransmitterType.STORE;37;0;False;['0x83e4', '0x8418', '0x6bc0', '0x6920', '0x6a68'];<BV64 0x51 + x0>;64;[];[];['<BV64 x0>'];[];['<BV64 x0>'];[];[];0;18446744073709551615;18446744073709551615;1;;;True;0;18446744073709551615;18446744073709551615;1;;;True;ControlType.CONTROLLED;0;<BV64 0x51>;64;[];[];[];[];[];[];[];81.0;81.0;0.0;1.0;;;True;81.0;81.0;0.0;1.0;;;True;ControlType.NO_CONTROL;0;<BV64 0x51>;64;[];[];[];[];[];[];[];81;81;0;1.0;;;True;81.0;81.0;0.0;1.0;;;True;ControlType.NO_CONTROL;0;<BV64 x0>;64;[];[];['<BV64 x0>'];[];['<BV64 x0>'];[];[];0.0;1.8446744073709552e+19;18446744073709551615;1;;;True;0.0;1.8446744073709552e+19;18446744073709551615;1;;;True;ControlType.CONTROLLED;0;<BV64 x0>;64;[];[];['<BV64 x0>'];[];['<BV64 x0>'];[];[];0.0;1.8446744073709552e+19;1.8446744073709552e+19;1.0;;;True;0.0;1.8446744073709552e+19;1.8446744073709552e+19;1.0;;;True;ControlType.CONTROLLED;0;<BV64 x0>;64;[];[];[];[];[];[];[];0;0;0;;;;False;0;0;0;;;;False;ControlType.UNKNOWN;0;[('0x693c', <Bool ((LOAD_64[<BV64 x0 + 0x40>]_35[31:0] << 0x1d[7:0] | LShR(LOAD_64[<BV64 x0 + 0x40>]_35[31:0], 0x3)[7:0]) & 127) == 0>, 'Taken'), ('0x6bdc', <Bool True>, 'Taken'), ('0x8414', <Bool x1 != 0x0>, 'Taken'), ('0x8420', <Bool True>, 'Taken')];"{'regs': ['<BV64 x0>', '<BV64 x1>'], 'indirect_regs': [""<BV64 x0>: ['0x40']""], 'direct_regs': ['<BV64 x1>'], 'mem': ['<BV64 x0 + 0x40>'], 'const_mem': []}";[];{'regs': [], 'indirect_regs': [], 'direct_regs': [], 'mem': [], 'const_mem': []};{'regs': ['<BV64 x0>'], 'indirect_regs': [], 'direct_regs': ['<BV64 x0>'], 'mem': [], 'const_mem': []};{'regs': ['<BV64 x0>', '<BV64 x1>'], 'indirect_regs': [], 'direct_regs': ['<BV64 x0>', '<BV64 x1>'], 'mem': ['<BV64 x0 + 0x40>'], 'const_mem': []};63.0;0.0;64.0;64.0;[];;;;BaseControlType.CONSTANT_BASE;BaseControlType.CONSTANT_BASE;BaseControlType.CONSTANT_BASE;4;BranchControlType.BRANCH_DEPENDS_ON_SECRET_VALUE;BranchControlType.BRANCH_INDEPENDENT_FROM_SECRET;27256;True;False;True;True;True;False;False;True;True;False;False;False;True;False;True;True;True;False;True;False;[];['has_valid_base'];True;False;True;True;True;False;False;True;True;False;False;False;True;False;True;True;True;False;True;False;[];['has_valid_base']
ec667438-a435-4957-bc50-5a2522f89c90;SHA256Update@@LIBMD_0.0;0x610c;0x5eec;0x0;TransmitterType.LOAD;36;0;False;['0x610c', '0x6114', '0x6144', '0x614c', '0x5ec0'];<BV64 x0>;64;[];[];['<BV64 x0>'];[];['<BV64 x0>'];[];[];0;18446744073709551615;18446744073709551615;1;;;True;0;18446744073709551615;18446744073709551615;1;;;True;ControlType.CONTROLLED;0;;0;[];[];[];[];[];[];[];0.0;0.0;0.0;0.0;;;False;0.0;0.0;0.0;0.0;;;False;ControlType.UNKNOWN;0;;0;[];[];[];[];[];[];[];0;0;0;;;;False;0.0;0.0;0.0;0.0;;;False;ControlType.UNKNOWN;0;<BV64 x0>;64;[];[];['<BV64 x0>'];[];['<BV64 x0>'];[];[];0.0;1.8446744073709552e+19;18446744073709551615;1;;;True;0.0;1.8446744073709552e+19;18446744073709551615;1;;;True;ControlType.CONTROLLED;0;<BV64 x0>;64;[];[];['<BV64 x0>'];[];['<BV64 x0>'];[];[];0.0;1.8446744073709552e+19;1.8446744073709552e+19;1.0;;;True;0.0;1.8446744073709552e+19;1.8446744073709552e+19;1.0;;;True;ControlType.CONTROLLED;0;<BV64 x0>;64;[];[];[];[];[];[];[];0;0;0;;;;False;0;0;0;;;;False;ControlType.UNKNOWN;0;[('0x6110', <Bool x2 != 0x0>, 'Taken'), ('0x6140', <Bool ((LOAD_64[<BV64 x0 + 0x40>]_26 << 0x3d[7:0] | LShR(LOAD_64[<BV64 x0 + 0x40>]_26, 0x3)[7:0]) & 63) == 0>, 'Taken'), ('0x6148', <Bool x2 > 0x3f>, 'Taken'), ('0x6168', <Bool True>, 'Taken')];"{'regs': ['<BV64 x0>', '<BV64 x2>'], 'indirect_regs': [""<BV64 x0>: ['0x40']""], 'direct_regs': ['<BV64 x2>'], 'mem': ['<BV64 x0 + 0x40>'], 'const_mem': []}";[];{'regs': [], 'indirect_regs': [], 'direct_regs': [], 'mem': [], 'const_mem': []};{'regs': ['<BV64 x0>'], 'indirect_regs': [], 'direct_regs': ['<BV64 x0>'], 'mem': [], 'const_mem': []};{'regs': ['<BV64 x0>', '<BV64 x2>'], 'indirect_regs': [], 'direct_regs': ['<BV64 x0>', '<BV64 x2>'], 'mem': ['<BV64 x0 + 0x40>'], 'const_mem': []};63.0;0.0;64.0;64.0;['<Bool LOAD_128[<BV64 x0>]_31[31:0] == LOAD_32[<BV64 x0>]_33>'];;;;BaseControlType.NO_BASE;BaseControlType.NO_BASE;BaseControlType.NO_BASE;4;BranchControlType.BRANCH_DEPENDS_ON_SECRET_VALUE;BranchControlType.BRANCH_INDEPENDENT_FROM_SECRET;24300;True;False;True;True;True;False;False;True;True;False;False;False;True;False;True;True;True;False;True;False;[];['has_valid_base'];True;False;True;True;True;False;False;True;True;False;False;False;True;False;True;True;True;False;True;False;[];['has_valid_base']
6555ec9e-7238-4a63-9d18-b1cf9a82aefe;SHA512_256End@@LIBMD_0.1;0x8a24;0x6a78;0x0;TransmitterType.STORE;37;0;False;['0x8a24', '0x8a58', '0x6ce0', '0x6920', '0x6a68'];<BV64 0x51 + x0>;64;[];[];['<BV64 x0>'];[];['<BV64 x0>'];[];[];0;18446744073709551615;18446744073709551615;1;;;True;0;18446744073709551615;18446744073709551615;1;;;True;ControlType.CONTROLLED;0;<BV64 0x51>;64;[];[];[];[];[];[];[];81.0;81.0;0.0;1.0;;;True;81.0;81.0;0.0;1.0;;;True;ControlType.NO_CONTROL;0;<BV64 0x51>;64;[];[];[];[];[];[];[];81;81;0;1.0;;;True;81.0;81.0;0.0;1.0;;;True;ControlType.NO_CONTROL;0;<BV64 x0>;64;[];[];['<BV64 x0>'];[];['<BV64 x0>'];[];[];0.0;1.8446744073709552e+19;18446744073709551615;1;;;True;0.0;1.8446744073709552e+19;18446744073709551615;1;;;True;ControlType.CONTROLLED;0;<BV64 x0>;64;[];[];['<BV64 x0>'];[];['<BV64 x0>'];[];[];0.0;1.8446744073709552e+19;1.8446744073709552e+19;1.0;;;True;0.0;1.8446744073709552e+19;1.8446744073709552e+19;1.0;;;True;ControlType.CONTROLLED;0;<BV64 x0>;64;[];[];[];[];[];[];[];0;0;0;;;;False;0;0;0;;;;False;ControlType.UNKNOWN;0;[('0x693c', <Bool ((LOAD_64[<BV64 x0 + 0x40>]_35[31:0] << 0x1d[7:0] | LShR(LOAD_64[<BV64 x0 + 0x40>]_35[31:0], 0x3)[7:0]) & 127) == 0>, 'Taken'), ('0x6cfc', <Bool True>, 'Taken'), ('0x8a54', <Bool x1 != 0x0>, 'Taken'), ('0x8a60', <Bool True>, 'Taken')];"{'regs': ['<BV64 x0>', '<BV64 x1>'], 'indirect_regs': [""<BV64 x0>: ['0x40']""], 'direct_regs': ['<BV64 x1>'], 'mem': ['<BV64 x0 + 0x40>'], 'const_mem': []}";[];{'regs': [], 'indirect_regs': [], 'direct_regs': [], 'mem': [], 'const_mem': []};{'regs': ['<BV64 x0>'], 'indirect_regs': [], 'direct_regs': ['<BV64 x0>'], 'mem': [], 'const_mem': []};{'regs': ['<BV64 x0>', '<BV64 x1>'], 'indirect_regs': [], 'direct_regs': ['<BV64 x0>', '<BV64 x1>'], 'mem': ['<BV64 x0 + 0x40>'], 'const_mem': []};63.0;0.0;64.0;64.0;[];;;;BaseControlType.CONSTANT_BASE;BaseControlType.CONSTANT_BASE;BaseControlType.CONSTANT_BASE;4;BranchControlType.BRANCH_DEPENDS_ON_SECRET_VALUE;BranchControlType.BRANCH_INDEPENDENT_FROM_SECRET;27256;True;False;True;True;True;False;False;True;True;False;False;False;True;False;True;True;True;False;True;False;[];['has_valid_base'];True;False;True;True;True;False;False;True;True;False;False;False;True;False;True;True;True;False;True;False;[];['has_valid_base']
c7c65dfa-c142-48df-b8cf-35819a829668;RMD160Update@@LIBMD_0.0;0x49cc;0x33d8;0x49f4;TransmitterType.LOAD;48;1;False;['0x49cc', '0x4a10', '0x4a14', '0x4a1c', '0x3380'];<BV64 0x10 + x1 + (0#58 .. LOAD_64[<BV64 x0 + 0x18>]_28[8:3])>;64;[('0x4a0c', <Bool x2 >= 0x40 - ((LOAD_64[<BV64 x0 + 0x18>]_28 << 0x3d | LShR(LOAD_64[<BV64 x0 + 0x18>]_28, 0x3)) & 0x3f)>, 'Taken'), ('0x4a10', <Bool LOAD_64[<BV64 x0 + 0x18>]_28[8:3] == 0>, 'Taken')];[];['<BV64 x0>', '<BV64 x1>'];"[""<BV64 x0>: ['0x18']""]";['<BV64 x1>'];['<BV64 x0 + 0x18>'];[];0;18446744073709551615;18446744073709551615;1;;;True;0;18446744073709551615;18446744073709551615;1;;;False;ControlType.CONTROLLED;1;<BV64 0x10 + x1>;64;[];[];['<BV64 x1>'];[];['<BV64 x1>'];[];[];0.0;1.8446744073709552e+19;1.8446744073709552e+19;1.0;;;True;0.0;1.8446744073709552e+19;1.8446744073709552e+19;1.0;;;True;ControlType.CONTROLLED;0;<BV64 0x10 + x1>;64;[];[];['<BV64 x1>'];[];['<BV64 x1>'];[];[];0;18446744073709551615;18446744073709551615;1.0;;;True;0.0;1.8446744073709552e+19;1.8446744073709552e+19;1.0;;;True;ControlType.CONTROLLED;0;<BV64 0#58 .. LOAD_64[<BV64 x0 + 0x18>]_28[8:3]>;64;[('0x4a0c', <Bool x2 >= 0x40 - ((LOAD_64[<BV64 x0 + 0x18>]_28 << 0x3d | LShR(LOAD_64[<BV64 x0 + 0x18>]_28, 0x3)) & 0x3f)>, 'Taken'), ('0x4a10', <Bool LOAD_64[<BV64 x0 + 0x18>]_28[8:3] == 0>, 'Taken')];[];['<BV64 x0>'];"[""<BV64 x0>: ['0x18']""]";[];['<BV64 x0 + 0x18>'];[];0.0;63.0;63;1;;;True;0.0;0.0;0;1;;;True;ControlType.CONTROLLED;1;<BV64 x0 + 0x18>;64;[];[];['<BV64 x0>'];[];['<BV64 x0>'];[];[];0.0;1.8446744073709552e+19;1.8446744073709552e+19;1.0;;;True;0.0;1.8446744073709552e+19;1.8446744073709552e+19;1.0;;;True;ControlType.CONTROLLED;0;<BV64 LOAD_64[<BV64 x0 + 0x18>]_28>;64;[];[];[];[];[];[];[];0;0;0;;;;False;0;0;0;;;;False;ControlType.UNKNOWN;1;[('0x4a0c', <Bool x2 >= 0x40 - ((LOAD_64[<BV64 x0 + 0x18>]_28 << 0x3d | LShR(LOAD_64[<BV64 x0 + 0x18>]_28, 0x3)) & 0x3f)>, 'Taken'), ('0x4a10', <Bool LOAD_64[<BV64 x0 + 0x18>]_28[8:3] == 0>, 'Taken'), ('0x4a18', <Bool x2 > 0x3f>, 'Taken'), ('0x4a2c', <Bool True>, 'Taken')];"{'regs': ['<BV64 x0>', '<BV64 x2>'], 'indirect_regs': [""<BV64 x0>: ['0x18', '0x18']""], 'direct_regs': ['<BV64 x2>'], 'mem': ['<BV64 x0 + 0x18>'], 'const_mem': []}";[];{'regs': [], 'indirect_regs': [], 'direct_regs': [], 'mem': [], 'const_mem': []};{'regs': ['<BV64 x0>', '<BV64 x1>'], 'indirect_regs': [], 'direct_regs': ['<BV64 x0>', '<BV64 x1>'], 'mem': ['<BV64 x0 + 0x18>'], 'const_mem': []};{'regs': ['<BV64 x0>', '<BV64 x1>', '<BV64 x2>'], 'indirect_regs': [], 'direct_regs': ['<BV64 x0>', '<BV64 x1>', '<BV64 x2>'], 'mem': ['<BV64 x0 + 0x18>'], 'const_mem': []};5.0;0.0;6.0;6.0;[];;;;BaseControlType.BASE_INDEPENDENT_FROM_SECRET;BaseControlType.BASE_INDEPENDENT_FROM_SECRET;BaseControlType.BASE_INDEPENDENT_FROM_SECRET;4;BranchControlType.BRANCH_DEPENDS_ON_SECRET_VALUE;BranchControlType.BRANCH_INDEPENDENT_FROM_SECRET;13272;True;True;True;True;True;True;True;False;True;False;True;False;True;False;True;True;True;False;True;True;['can_perform_sliding', 'perform_training'];[];True;True;True;True;True;True;True;False;True;False;True;False;True;False;True;True;True;False;True;True;['can_perform_sliding', 'perform_training'];[]
2d4919e5-ace3-4061-a044-d7a3ee146def;SHA512_256Pad@@LIBMD_0.1;0x6920;0x6588;0x0;TransmitterType.LOAD;39;0;False;['0x6920', '0x6940', '0x695c', '0x697c', '0x6544'];<BV64 0x8 + x0>;64;[];[];['<BV64 x0>'];[];['<BV64 x0>'];[];[];0;18446744073709551615;18446744073709551615;1;;;True;0;18446744073709551615;18446744073709551615;1;;;True;ControlType.CONTROLLED;0;<BV64 0x8>;64;[];[];[];[];[];[];[];8.0;8.0;0.0;1.0;;;True;8.0;8.0;0.0;1.0;;;True;ControlType.NO_CONTROL;0;<BV64 0x8>;64;[];[];[];[];[];[];[];8;8;0;1.0;;;True;8.0;8.0;0.0;1.0;;;True;ControlType.NO_CONTROL;0;<BV64 x0>;64;[];[];['<BV64 x0>'];[];['<BV64 x0>'];[];[];0.0;1.8446744073709552e+19;18446744073709551615;1;;;True;0.0;1.8446744073709552e+19;18446744073709551615;1;;;True;ControlType.CONTROLLED;0;<BV64 x0>;64;[];[];['<BV64 x0>'];[];['<BV64 x0>'];[];[];0.0;1.8446744073709552e+19;1.8446744073709552e+19;1.0;;;True;0.0;1.8446744073709552e+19;1.8446744073709552e+19;1.0;;;True;ControlType.CONTROLLED;0;<BV64 x0>;64;[];[];[];[];[];[];[];0;0;0;;;;False;0;0;0;;;;False;ControlType.UNKNOWN;0;[('0x693c', <Bool ((LOAD_64[<BV64 x0 + 0x40>]_24[31:0] << 0x1d[7:0] | LShR(LOAD_64[<BV64 x0 + 0x40>]_24[31:0], 0x3)[7:0]) & 127) != 0>, 'Taken'), ('0x6958', <Bool (0x0 .. LOAD_64[<BV64 x0 + 0x40>]_24[9:3]) + 0x1 > 0x70>, 'Taken'), ('0x6960', <Bool 0x1 + (0x0 .. LOAD_64[<BV64 x0 + 0x40>]_24[9:3]) == 0x80>, 'Taken'), ('0x6988', <Bool True>, 'Taken')];"{'regs': ['<BV64 x0>'], 'indirect_regs': [""<BV64 x0>: ['0x40', '0x40', '0x40']""], 'direct_regs': [], 'mem': ['<BV64 x0 + 0x40>'], 'const_mem': []}";[];{'regs': [], 'indirect_regs': [], 'direct_regs': [], 'mem': [], 'const_mem': []};{'regs': ['<BV64 x0>'], 'indirect_regs': [], 'direct_regs': ['<BV64 x0>'], 'mem': [], 'const_mem': []};{'regs': ['<BV64 x0>'], 'indirect_regs': [], 'direct_regs': ['<BV64 x0>'], 'mem': ['<BV64 x0 + 0x40>'], 'const_mem': []};63.0;0.0;64.0;64.0;[];;;;BaseControlType.CONSTANT_BASE;BaseControlType.CONSTANT_BASE;BaseControlType.CONSTANT_BASE;4;BranchControlType.BRANCH_DEPENDS_ON_SECRET_VALUE;BranchControlType.BRANCH_INDEPENDENT_FROM_SECRET;25992;True;False;True;True;True;False;False;True;True;False;False;False;True;False;True;True;True;False;True;False;[];['has_valid_base'];True;False;True;True;True;False;False;True;True;False;False;False;True;False;True;True;True;False;True;False;[];['has_valid_base']
7db8cf8c-4d2e-4edd-b958-c42e6405ec44;MD2Transform@@LIBMD_0.0;0x1bc0;0x1be4;0x0;TransmitterType.LOAD;22;0;False;['0x1bc0', '0x1be4'];<BV64 0x25 + x0>;64;[('0x1c10', <Bool x0 + 0x14 != x0 + 0x5>, 'Taken')];[];['<BV64 x0>'];[];['<BV64 x0>'];[];[];0;18446744073709551615;18446744073709551615;1;;;True;0;18446744073709551615;18446744073709551615;1;;;True;ControlType.CONTROLLED;0;<BV64 0x25>;64;[];[];[];[];[];[];[];37.0;37.0;0.0;1.0;;;True;37.0;37.0;0.0;1.0;;;True;ControlType.NO_CONTROL;0;<BV64 0x25>;64;[];[];[];[];[];[];[];37;37;0;1.0;;;True;37.0;37.0;0.0;1.0;;;True;ControlType.NO_CONTROL;0;<BV64 x0>;64;[('0x1c10', <Bool x0 + 0x14 != x0 + 0x5>, 'Taken')];[];['<BV64 x0>'];[];['<BV64 x0>'];[];[];0.0;1.8446744073709552e+19;18446744073709551615;1;;;True;0.0;1.8446744073709552e+19;18446744073709551615;1;;;True;ControlType.CONTROLLED;0;<BV64 x0>;64;[('0x1c10', <Bool x0 + 0x14 != x0 + 0x5>, 'Taken')];[];['<BV64 x0>'];[];['<BV64 x0>'];[];[];0.0;1.8446744073709552e+19;1.8446744073709552e+19;1.0;;;True;0.0;1.8446744073709552e+19;1.8446744073709552e+19;1.0;;;True;ControlType.CONTROLLED;0;<BV64 x0>;64;[];[];[];[];[];[];[];0;0;0;;;;False;0;0;0;;;;False;ControlType.UNKNOWN;0;[('0x1c10', <Bool x0 + 0x14 != x0 + 0x5>, 'Taken')];{'regs': ['<BV64 x0>'], 'indirect_regs': [], 'direct_regs': ['<BV64 x0>'], 'mem': [], 'const_mem': []};[];{'regs': [], 'indirect_regs': [], 'direct_regs': [], 'mem': [], 'const_mem': []};{'regs': ['<BV64 x0>'], 'indirect_regs': [], 'direct_regs': ['<BV64 x0>'], 'mem': [], 'const_mem': []};{'regs': ['<BV64 x0>'], 'indirect_regs': [], 'direct_regs': ['<BV64 x0>'], 'mem': [], 'const_mem': []};63.0;0.0;64.0;64.0;[];;;;BaseControlType.CONSTANT_BASE;BaseControlType.CONSTANT_BASE;BaseControlType.CONSTANT_BASE;1;BranchControlType.BRANCH_DEPENDS_ON_SECRET_VALUE;BranchControlType.BRANCH_INDEPENDENT_FROM_SECRET;7140;True;False;True;True;True;False;False;True;True;False;False;False;True;False;True;True;True;False;True;False;[];['has_valid_base'];True;False;True;True;True;False;False;True;True;False;False;False;True;False;True;True;True;False;True;False;[];['has_valid_base']
22604509-aa95-4bfd-9f51-1de3e0c129bf;SHA384Init@@LIBMD_0.0;0x6b60;0x6ba0;0x0;TransmitterType.STORE;18;0;False;['0x6b60'];<BV64 0xb0 + x0>;64;[];[];['<BV64 x0>'];[];['<BV64 x0>'];[];[];0;18446744073709551615;18446744073709551615;1;;;True;0;18446744073709551615;18446744073709551615;1;;;True;ControlType.CONTROLLED;0;<BV64 0xb0>;64;[];[];[];[];[];[];[];176.0;176.0;0.0;1.0;;;True;176.0;176.0;0.0;1.0;;;True;ControlType.NO_CONTROL;0;<BV64 0xb0>;64;[];[];[];[];[];[];[];176;176;0;1.0;;;True;176.0;176.0;0.0;1.0;;;True;ControlType.NO_CONTROL;0;<BV64 x0>;64;[];[];['<BV64 x0>'];[];['<BV64 x0>'];[];[];0.0;1.8446744073709552e+19;18446744073709551615;1;;;True;0.0;1.8446744073709552e+19;18446744073709551615;1;;;True;ControlType.CONTROLLED;0;<BV64 x0>;64;[];[];['<BV64 x0>'];[];['<BV64 x0>'];[];[];0.0;1.8446744073709552e+19;1.8446744073709552e+19;1.0;;;True;0.0;1.8446744073709552e+19;1.8446744073709552e+19;1.0;;;True;ControlType.CONTROLLED;0;<BV64 x0>;64;[];[];[];[];[];[];[];0;0;0;;;;False;0;0;0;;;;False;ControlType.UNKNOWN;0;[];{'regs': [], 'indirect_regs': [], 'direct_regs': [], 'mem': [], 'const_mem': []};[];{'regs': [], 'indirect_regs': [], 'direct_regs': [], 'mem': [], 'const_mem': []};{'regs': ['<BV64 x0>'], 'indirect_regs': [], 'direct_regs': ['<BV64 x0>'], 'mem': [], 'const_mem': []};{'regs': ['<BV64 x0>'], 'indirect_regs': [], 'direct_regs': ['<BV64 x0>'], 'mem': [], 'const_mem': []};63.0;0.0;64.0;64.0;[];;;;BaseControlType.CONSTANT_BASE;BaseControlType.CONSTANT_BASE;BaseControlType.CONSTANT_BASE;0;BranchControlType.BRANCH_INDEPENDENT_FROM_SECRET;BranchControlType.BRANCH_INDEPENDENT_FROM_SECRET;27552;True;False;True;True;True;False;False;True;True;False;False;False;True;False;True;False;True;False;True;False;[];['has_valid_base'];True;False;True;True;True;False;False;True;True;False;False;False;True;False;True;False;True;False;True;False;[];['has_valid_base']
f655b537-845e-4c0a-8543-e87844d87ea5;SHA256Pad@@LIBMD_0.0;0x6260;0x5ee4;0x0;TransmitterType.LOAD;31;0;False;['0x6260', '0x6280', '0x629c', '0x62bc', '0x5ec0'];<BV64 0x10 + x0>;64;[];[];['<BV64 x0>'];[];['<BV64 x0>'];[];[];0;18446744073709551615;18446744073709551615;1;;;True;0;18446744073709551615;18446744073709551615;1;;;True;ControlType.CONTROLLED;0;<BV64 0x10>;64;[];[];[];[];[];[];[];16.0;16.0;0.0;1.0;;;True;16.0;16.0;0.0;1.0;;;True;ControlType.NO_CONTROL;0;<BV64 0x10>;64;[];[];[];[];[];[];[];16;16;0;1.0;;;True;16.0;16.0;0.0;1.0;;;True;ControlType.NO_CONTROL;0;<BV64 x0>;64;[];[];['<BV64 x0>'];[];['<BV64 x0>'];[];[];0.0;1.8446744073709552e+19;18446744073709551615;1;;;True;0.0;1.8446744073709552e+19;18446744073709551615;1;;;True;ControlType.CONTROLLED;0;<BV64 x0>;64;[];[];['<BV64 x0>'];[];['<BV64 x0>'];[];[];0.0;1.8446744073709552e+19;1.8446744073709552e+19;1.0;;;True;0.0;1.8446744073709552e+19;1.8446744073709552e+19;1.0;;;True;ControlType.CONTROLLED;0;<BV64 x0>;64;[];[];[];[];[];[];[];0;0;0;;;;False;0;0;0;;;;False;ControlType.UNKNOWN;0;[('0x627c', <Bool ((LOAD_64[<BV64 x0 + 0x40>]_24[31:0] << 0x1d[7:0] | LShR(LOAD_64[<BV64 x0 + 0x40>]_24[31:0], 0x3)[7:0]) & 63) != 0>, 'Taken'), ('0x6298', <Bool (0x0 .. LOAD_64[<BV64 x0 + 0x40>]_24[8:3]) + 0x1 > 0x38>, 'Taken'), ('0x62a0', <Bool 0x1 + (0x0 .. LOAD_64[<BV64 x0 + 0x40>]_24[8:3]) == 0x40>, 'Taken'), ('0x62c8', <Bool True>, 'Taken')];"{'regs': ['<BV64 x0>'], 'indirect_regs': [""<BV64 x0>: ['0x40', '0x40', '0x40']""], 'direct_regs': [], 'mem': ['<BV64 x0 + 0x40>'], 'const_mem': []}";[];{'regs': [], 'indirect_regs': [], 'direct_regs': [], 'mem': [], 'const_mem': []};{'regs': ['<BV64 x0>'], 'indirect_regs': [], 'direct_regs': ['<BV64 x0>'], 'mem': [], 'const_mem': []};{'regs': ['<BV64 x0>'], 'indirect_regs': [], 'direct_regs': ['<BV64 x0>'], 'mem': ['<BV64 x0 + 0x40>'], 'const_mem': []};63.0;0.0;64.0;64.0;[];;;;BaseControlType.CONSTANT_BASE;BaseControlType.CONSTANT_BASE;BaseControlType.CONSTANT_BASE;4;BranchControlType.BRANCH_DEPENDS_ON_SECRET_VALUE;BranchControlType.BRANCH_INDEPENDENT_FROM_SECRET;24292;True;False;True;True;True;False;False;True;True;False;False;False;True;False;True;True;True;False;True;False;[];['has_valid_base'];True;False;True;True;True;False;False;True;True;False;False;False;True;False;True;True;True;False;True;False;[];['has_valid_base']
8c9b87a1-7130-4f2a-b2aa-5f50695a5946;MD4Update@@LIBMD_0.0;0x2420;0x1e38;0x0;TransmitterType.LOAD;51;0;False;['0x2420', '0x2464', '0x2468', '0x2470', '0x1de0'];<BV64 0x4 + x0>;64;[];[];['<BV64 x0>'];[];['<BV64 x0>'];[];[];0;18446744073709551615;18446744073709551615;1;;;True;0;18446744073709551615;18446744073709551615;1;;;True;ControlType.CONTROLLED;0;<BV64 0x4>;64;[];[];[];[];[];[];[];4.0;4.0;0.0;1.0;;;True;4.0;4.0;0.0;1.0;;;True;ControlType.NO_CONTROL;0;<BV64 0x4>;64;[];[];[];[];[];[];[];4;4;0;1.0;;;True;4.0;4.0;0.0;1.0;;;True;ControlType.NO_CONTROL;0;<BV64 x0>;64;[];[];['<BV64 x0>'];[];['<BV64 x0>'];[];[];0.0;1.8446744073709552e+19;18446744073709551615;1;;;True;0.0;1.8446744073709552e+19;18446744073709551615;1;;;True;ControlType.CONTROLLED;0;<BV64 x0>;64;[];[];['<BV64 x0>'];[];['<BV64 x0>'];[];[];0.0;1.8446744073709552e+19;1.8446744073709552e+19;1.0;;;True;0.0;1.8446744073709552e+19;1.8446744073709552e+19;1.0;;;True;ControlType.CONTROLLED;0;<BV64 x0>;64;[];[];[];[];[];[];[];0;0;0;;;;False;0;0;0;;;;False;ControlType.UNKNOWN;0;[('0x2460', <Bool x2 >= 0x40 - ((LOAD_64[<BV64 x0 + 0x10>]_28 << 0x3d | LShR(LOAD_64[<BV64 x0 + 0x10>]_28, 0x3)) & 0x3f)>, 'Taken'), ('0x2464', <Bool LOAD_64[<BV64 x0 + 0x10>]_28[8:3] == 0>, 'Taken'), ('0x246c', <Bool x2 > 0x3f>, 'Taken'), ('0x248c', <Bool True>, 'Taken')];"{'regs': ['<BV64 x0>', '<BV64 x2>'], 'indirect_regs': [""<BV64 x0>: ['0x10', '0x10']""], 'direct_regs': ['<BV64 x2>'], 'mem': ['<BV64 x0 + 0x10>'], 'const_mem': []}";[];{'regs': [], 'indirect_regs': [], 'direct_regs': [], 'mem': [], 'const_mem': []};{'regs': ['<BV64 x0>'], 'indirect_regs': [], 'direct_regs': ['<BV64 x0>'], 'mem': [], 'const_mem': []};{'regs': ['<BV64 x0>', '<BV64 x2>'], 'indirect_regs': [], 'direct_regs': ['<BV64 x0>', '<BV64 x2>'], 'mem': ['<BV64 x0 + 0x10>'], 'const_mem': []};63.0;0.0;64.0;64.0;[];;;;BaseControlType.CONSTANT_BASE;BaseControlType.CONSTANT_BASE;BaseControlType.CONSTANT_BASE;4;BranchControlType.BRANCH_DEPENDS_ON_SECRET_VALUE;BranchControlType.BRANCH_INDEPENDENT_FROM_SECRET;7736;True;False;True;True;True;False;False;True;True;False;False;False;True;False;True;True;True;False;True;False;[];['has_valid_base'];True;False;True;True;True;False;False;True;True;False;False;False;True;False;True;True;True;False;True;False;[];['has_valid_base']
5c0d897a-ffdb-403d-bf2c-273e6deb79af;SHA224Pad@@LIBMD_0.1;0x6260;0x5ee4;0x0;TransmitterType.LOAD;31;0;False;['0x6260', '0x6280', '0x629c', '0x62bc', '0x5ec0'];<BV64 0x10 + x0>;64;[];[];['<BV64 x0>'];[];['<BV64 x0>'];[];[];0;18446744073709551615;18446744073709551615;1;;;True;0;18446744073709551615;18446744073709551615;1;;;True;ControlType.CONTROLLED;0;<BV64 0x10>;64;[];[];[];[];[];[];[];16.0;16.0;0.0;1.0;;;True;16.0;16.0;0.0;1.0;;;True;ControlType.NO_CONTROL;0;<BV64 0x10>;64;[];[];[];[];[];[];[];16;16;0;1.0;;;True;16.0;16.0;0.0;1.0;;;True;ControlType.NO_CONTROL;0;<BV64 x0>;64;[];[];['<BV64 x0>'];[];['<BV64 x0>'];[];[];0.0;1.8446744073709552e+19;18446744073709551615;1;;;True;0.0;1.8446744073709552e+19;18446744073709551615;1;;;True;ControlType.CONTROLLED;0;<BV64 x0>;64;[];[];['<BV64 x0>'];[];['<BV64 x0>'];[];[];0.0;1.8446744073709552e+19;1.8446744073709552e+19;1.0;;;True;0.0;1.8446744073709552e+19;1.8446744073709552e+19;1.0;;;True;ControlType.CONTROLLED;0;<BV64 x0>;64;[];[];[];[];[];[];[];0;0;0;;;;False;0;0;0;;;;False;ControlType.UNKNOWN;0;[('0x627c', <Bool ((LOAD_64[<BV64 x0 + 0x40>]_24[31:0] << 0x1d[7:0] | LShR(LOAD_64[<BV64 x0 + 0x40>]_24[31:0], 0x3)[7:0]) & 63) != 0>, 'Taken'), ('0x6298', <Bool (0x0 .. LOAD_64[<BV64 x0 + 0x40>]_24[8:3]) + 0x1 > 0x38>, 'Taken'), ('0x62a0', <Bool 0x1 + (0x0 .. LOAD_64[<BV64 x0 + 0x40>]_24[8:3]) == 0x40>, 'Taken'), ('0x62c8', <Bool True>, 'Taken')];"{'regs': ['<BV64 x0>'], 'indirect_regs': [""<BV64 x0>: ['0x40', '0x40', '0x40']""], 'direct_regs': [], 'mem': ['<BV64 x0 + 0x40>'], 'const_mem': []}";[];{'regs': [], 'indirect_regs': [], 'direct_regs': [], 'mem': [], 'const_mem': []};{'regs': ['<BV64 x0>'], 'indirect_regs': [], 'direct_regs': ['<BV64 x0>'], 'mem': [], 'const_mem': []};{'regs': ['<BV64 x0>'], 'indirect_regs': [], 'direct_regs': ['<BV64 x0>'], 'mem': ['<BV64 x0 + 0x40>'], 'const_mem': []};63.0;0.0;64.0;64.0;[];;;;BaseControlType.CONSTANT_BASE;BaseControlType.CONSTANT_BASE;BaseControlType.CONSTANT_BASE;4;BranchControlType.BRANCH_DEPENDS_ON_SECRET_VALUE;BranchControlType.BRANCH_INDEPENDENT_FROM_SECRET;24292;True;False;True;True;True;False;False;True;True;False;False;False;True;False;True;True;True;False;True;False;[];['has_valid_base'];True;False;True;True;True;False;False;True;True;False;False;False;True;False;True;True;True;False;True;False;[];['has_valid_base']
76d0cdc7-19ec-4cb2-a627-1edc6c537aa2;SHA512Pad@@LIBMD_0.0;0x6920;0x6588;0x0;TransmitterType.LOAD;39;0;False;['0x6920', '0x6940', '0x695c', '0x697c', '0x6544'];<BV64 0x8 + x0>;64;[];[];['<BV64 x0>'];[];['<BV64 x0>'];[];[];0;18446744073709551615;18446744073709551615;1;;;True;0;18446744073709551615;18446744073709551615;1;;;True;ControlType.CONTROLLED;0;<BV64 0x8>;64;[];[];[];[];[];[];[];8.0;8.0;0.0;1.0;;;True;8.0;8.0;0.0;1.0;;;True;ControlType.NO_CONTROL;0;<BV64 0x8>;64;[];[];[];[];[];[];[];8;8;0;1.0;;;True;8.0;8.0;0.0;1.0;;;True;ControlType.NO_CONTROL;0;<BV64 x0>;64;[];[];['<BV64 x0>'];[];['<BV64 x0>'];[];[];0.0;1.8446744073709552e+19;18446744073709551615;1;;;True;0.0;1.8446744073709552e+19;18446744073709551615;1;;;True;ControlType.CONTROLLED;0;<BV64 x0>;64;[];[];['<BV64 x0>'];[];['<BV64 x0>'];[];[];0.0;1.8446744073709552e+19;1.8446744073709552e+19;1.0;;;True;0.0;1.8446744073709552e+19;1.8446744073709552e+19;1.0;;;True;ControlType.CONTROLLED;0;<BV64 x0>;64;[];[];[];[];[];[];[];0;0;0;;;;False;0;0;0;;;;False;ControlType.UNKNOWN;0;[('0x693c', <Bool ((LOAD_64[<BV64 x0 + 0x40>]_24[31:0] << 0x1d[7:0] | LShR(LOAD_64[<BV64 x0 + 0x40>]_24[31:0], 0x3)[7:0]) & 127) != 0>, 'Taken'), ('0x6958', <Bool (0x0 .. LOAD_64[<BV64 x0 + 0x40>]_24[9:3]) + 0x1 > 0x70>, 'Taken'), ('0x6960', <Bool 0x1 + (0x0 .. LOAD_64[<BV64 x0 + 0x40>]_24[9:3]) == 0x80>, 'Taken'), ('0x6988', <Bool True>, 'Taken')];"{'regs': ['<BV64 x0>'], 'indirect_regs': [""<BV64 x0>: ['0x40', '0x40', '0x40']""], 'direct_regs': [], 'mem': ['<BV64 x0 + 0x40>'], 'const_mem': []}";[];{'regs': [], 'indirect_regs': [], 'direct_regs': [], 'mem': [], 'const_mem': []};{'regs': ['<BV64 x0>'], 'indirect_regs': [], 'direct_regs': ['<BV64 x0>'], 'mem': [], 'const_mem': []};{'regs': ['<BV64 x0>'], 'indirect_regs': [], 'direct_regs': ['<BV64 x0>'], 'mem': ['<BV64 x0 + 0x40>'], 'const_mem': []};63.0;0.0;64.0;64.0;[];;;;BaseControlType.CONSTANT_BASE;BaseControlType.CONSTANT_BASE;BaseControlType.CONSTANT_BASE;4;BranchControlType.BRANCH_DEPENDS_ON_SECRET_VALUE;BranchControlType.BRANCH_INDEPENDENT_FROM_SECRET;25992;True;False;True;True;True;False;False;True;True;False;False;False;True;False;True;True;True;False;True;False;[];['has_valid_base'];True;False;True;True;True;False;False;True;True;False;False;False;True;False;True;True;True;False;True;False;[];['has_valid_base']
9e36956f-ebdd-452d-9ba3-706266054088;SHA512_256Update@@LIBMD_0.1;0x67c0;0x658c;0x0;TransmitterType.LOAD;40;0;False;['0x67c0', '0x67c8', '0x67f8', '0x6800', '0x6544'];<BV64 0x18 + x0>;64;[];[];['<BV64 x0>'];[];['<BV64 x0>'];[];[];0;18446744073709551615;18446744073709551615;1;;;True;0;18446744073709551615;18446744073709551615;1;;;True;ControlType.CONTROLLED;0;<BV64 0x18>;64;[];[];[];[];[];[];[];24.0;24.0;0.0;1.0;;;True;24.0;24.0;0.0;1.0;;;True;ControlType.NO_CONTROL;0;<BV64 0x18>;64;[];[];[];[];[];[];[];24;24;0;1.0;;;True;24.0;24.0;0.0;1.0;;;True;ControlType.NO_CONTROL;0;<BV64 x0>;64;[];[];['<BV64 x0>'];[];['<BV64 x0>'];[];[];0.0;1.8446744073709552e+19;18446744073709551615;1;;;True;0.0;1.8446744073709552e+19;18446744073709551615;1;;;True;ControlType.CONTROLLED;0;<BV64 x0>;64;[];[];['<BV64 x0>'];[];['<BV64 x0>'];[];[];0.0;1.8446744073709552e+19;1.8446744073709552e+19;1.0;;;True;0.0;1.8446744073709552e+19;1.8446744073709552e+19;1.0;;;True;ControlType.CONTROLLED;0;<BV64 x0>;64;[];[];[];[];[];[];[];0;0;0;;;;False;0;0;0;;;;False;ControlType.UNKNOWN;0;[('0x67c4', <Bool x2 != 0x0>, 'Taken'), ('0x67f4', <Bool ((LOAD_64[<BV64 x0 + 0x40>]_26 << 0x3d[7:0] | LShR(LOAD_64[<BV64 x0 + 0x40>]_26, 0x3)[7:0]) & 127) == 0>, 'Taken'), ('0x67fc', <Bool x2 > 0x7f>, 'Taken'), ('0x6810', <Bool True>, 'Taken')];"{'regs': ['<BV64 x0>', '<BV64 x2>'], 'indirect_regs': [""<BV64 x0>: ['0x40']""], 'direct_regs': ['<BV64 x2>'], 'mem': ['<BV64 x0 + 0x40>'], 'const_mem': []}";[];{'regs': [], 'indirect_regs': [], 'direct_regs': [], 'mem': [], 'const_mem': []};{'regs': ['<BV64 x0>'], 'indirect_regs': [], 'direct_regs': ['<BV64 x0>'], 'mem': [], 'const_mem': []};{'regs': ['<BV64 x0>', '<BV64 x2>'], 'indirect_regs': [], 'direct_regs': ['<BV64 x0>', '<BV64 x2>'], 'mem': ['<BV64 x0 + 0x40>'], 'const_mem': []};63.0;0.0;64.0;64.0;[];;;;BaseControlType.CONSTANT_BASE;BaseControlType.CONSTANT_BASE;BaseControlType.CONSTANT_BASE;4;BranchControlType.BRANCH_DEPENDS_ON_SECRET_VALUE;BranchControlType.BRANCH_INDEPENDENT_FROM_SECRET;25996;True;False;True;True;True;False;False;True;True;False;False;False;True;False;True;True;True;False;True;False;[];['has_valid_base'];True;False;True;True;True;False;False;True;True;False;False;False;True;False;True;True;True;False;True;False;[];['has_valid_base']
894f2401-8fae-4f8e-83e6-da39e36ef1d1;SHA224Init@@LIBMD_0.1;0x5e68;0x5ea8;0x0;TransmitterType.STORE;19;0;False;['0x5e68'];<BV64 0x40 + x0>;64;[];[];['<BV64 x0>'];[];['<BV64 x0>'];[];[];0;18446744073709551615;18446744073709551615;1;;;True;0;18446744073709551615;18446744073709551615;1;;;True;ControlType.CONTROLLED;0;<BV64 0x40>;64;[];[];[];[];[];[];[];64.0;64.0;0.0;1.0;;;True;64.0;64.0;0.0;1.0;;;True;ControlType.NO_CONTROL;0;<BV64 0x40>;64;[];[];[];[];[];[];[];64;64;0;1.0;;;True;64.0;64.0;0.0;1.0;;;True;ControlType.NO_CONTROL;0;<BV64 x0>;64;[];[];['<BV64 x0>'];[];['<BV64 x0>'];[];[];0.0;1.8446744073709552e+19;18446744073709551615;1;;;True;0.0;1.8446744073709552e+19;18446744073709551615;1;;;True;ControlType.CONTROLLED;0;<BV64 x0>;64;[];[];['<BV64 x0>'];[];['<BV64 x0>'];[];[];0.0;1.8446744073709552e+19;1.8446744073709552e+19;1.0;;;True;0.0;1.8446744073709552e+19;1.8446744073709552e+19;1.0;;;True;ControlType.CONTROLLED;0;<BV64 x0>;64;[];[];[];[];[];[];[];0;0;0;;;;False;0;0;0;;;;False;ControlType.UNKNOWN;0;[];{'regs': [], 'indirect_regs': [], 'direct_regs': [], 'mem': [], 'const_mem': []};[];{'regs': [], 'indirect_regs': [], 'direct_regs': [], 'mem': [], 'const_mem': []};{'regs': ['<BV64 x0>'], 'indirect_regs': [], 'direct_regs': ['<BV64 x0>'], 'mem': [], 'const_mem': []};{'regs': ['<BV64 x0>'], 'indirect_regs': [], 'direct_regs': ['<BV64 x0>'], 'mem': [], 'const_mem': []};63.0;0.0;64.0;64.0;[];;;;BaseControlType.CONSTANT_BASE;BaseControlType.CONSTANT_BASE;BaseControlType.CONSTANT_BASE;0;BranchControlType.BRANCH_INDEPENDENT_FROM_SECRET;BranchControlType.BRANCH_INDEPENDENT_FROM_SECRET;24232;True;False;True;True;True;False;False;True;True;False;False;False;True;False;True;False;True;False;True;False;[];['has_valid_base'];True;False;True;True;True;False;False;True;True;False;False;False;True;False;True;False;True;False;True;False;[];['has_valid_base']
9fde753c-f1e9-44b9-87dd-46e6e28e69c5;SHA384Init@@LIBMD_0.0;0x6b60;0x6bac;0x0;TransmitterType.STORE;22;0;False;['0x6b60'];<BV64 0x40 + x0>;64;[];[];['<BV64 x0>'];[];['<BV64 x0>'];[];[];0;18446744073709551615;18446744073709551615;1;;;True;0;18446744073709551615;18446744073709551615;1;;;True;ControlType.CONTROLLED;0;<BV64 0x40>;64;[];[];[];[];[];[];[];64.0;64.0;0.0;1.0;;;True;64.0;64.0;0.0;1.0;;;True;ControlType.NO_CONTROL;0;<BV64 0x40>;64;[];[];[];[];[];[];[];64;64;0;1.0;;;True;64.0;64.0;0.0;1.0;;;True;ControlType.NO_CONTROL;0;<BV64 x0>;64;[];[];['<BV64 x0>'];[];['<BV64 x0>'];[];[];0.0;1.8446744073709552e+19;18446744073709551615;1;;;True;0.0;1.8446744073709552e+19;18446744073709551615;1;;;True;ControlType.CONTROLLED;0;<BV64 x0>;64;[];[];['<BV64 x0>'];[];['<BV64 x0>'];[];[];0.0;1.8446744073709552e+19;1.8446744073709552e+19;1.0;;;True;0.0;1.8446744073709552e+19;1.8446744073709552e+19;1.0;;;True;ControlType.CONTROLLED;0;<BV64 x0>;64;[];[];[];[];[];[];[];0;0;0;;;;False;0;0;0;;;;False;ControlType.UNKNOWN;0;[];{'regs': [], 'indirect_regs': [], 'direct_regs': [], 'mem': [], 'const_mem': []};[];{'regs': [], 'indirect_regs': [], 'direct_regs': [], 'mem': [], 'const_mem': []};{'regs': ['<BV64 x0>'], 'indirect_regs': [], 'direct_regs': ['<BV64 x0>'], 'mem': [], 'const_mem': []};{'regs': ['<BV64 x0>'], 'indirect_regs': [], 'direct_regs': ['<BV64 x0>'], 'mem': [], 'const_mem': []};63.0;0.0;64.0;64.0;[];;;;BaseControlType.CONSTANT_BASE;BaseControlType.CONSTANT_BASE;BaseControlType.CONSTANT_BASE;0;BranchControlType.BRANCH_INDEPENDENT_FROM_SECRET;BranchControlType.BRANCH_INDEPENDENT_FROM_SECRET;27564;True;False;True;True;True;False;False;True;True;False;False;False;True;False;True;False;True;False;True;False;[];['has_valid_base'];True;False;True;True;True;False;False;True;True;False;False;False;True;False;True;False;True;False;True;False;[];['has_valid_base']
068ffc47-3456-4298-942f-f695aa8e3249;SHA512End@@LIBMD_0.0;0x8704;0x6a7c;0x0;TransmitterType.STORE;38;0;False;['0x8704', '0x8738', '0x6aa0', '0x6920', '0x6a68'];<BV64 0xa1 + x0>;64;[];[];['<BV64 x0>'];[];['<BV64 x0>'];[];[];0;18446744073709551615;18446744073709551615;1;;;True;0;18446744073709551615;18446744073709551615;1;;;True;ControlType.CONTROLLED;0;<BV64 0xa1>;64;[];[];[];[];[];[];[];161.0;161.0;0.0;1.0;;;True;161.0;161.0;0.0;1.0;;;True;ControlType.NO_CONTROL;0;<BV64 0xa1>;64;[];[];[];[];[];[];[];161;161;0;1.0;;;True;161.0;161.0;0.0;1.0;;;True;ControlType.NO_CONTROL;0;<BV64 x0>;64;[];[];['<BV64 x0>'];[];['<BV64 x0>'];[];[];0.0;1.8446744073709552e+19;18446744073709551615;1;;;True;0.0;1.8446744073709552e+19;18446744073709551615;1;;;True;ControlType.CONTROLLED;0;<BV64 x0>;64;[];[];['<BV64 x0>'];[];['<BV64 x0>'];[];[];0.0;1.8446744073709552e+19;1.8446744073709552e+19;1.0;;;True;0.0;1.8446744073709552e+19;1.8446744073709552e+19;1.0;;;True;ControlType.CONTROLLED;0;<BV64 x0>;64;[];[];[];[];[];[];[];0;0;0;;;;False;0;0;0;;;;False;ControlType.UNKNOWN;0;[('0x693c', <Bool ((LOAD_64[<BV64 x0 + 0x40>]_35[31:0] << 0x1d[7:0] | LShR(LOAD_64[<BV64 x0 + 0x40>]_35[31:0], 0x3)[7:0]) & 127) == 0>, 'Taken'), ('0x6abc', <Bool True>, 'Taken'), ('0x8734', <Bool x1 != 0x0>, 'Taken'), ('0x8740', <Bool True>, 'Taken')];"{'regs': ['<BV64 x0>', '<BV64 x1>'], 'indirect_regs': [""<BV64 x0>: ['0x40']""], 'direct_regs': ['<BV64 x1>'], 'mem': ['<BV64 x0 + 0x40>'], 'const_mem': []}";[];{'regs': [], 'indirect_regs': [], 'direct_regs': [], 'mem': [], 'const_mem': []};{'regs': ['<BV64 x0>'], 'indirect_regs': [], 'direct_regs': ['<BV64 x0>'], 'mem': [], 'const_mem': []};{'regs': ['<BV64 x0>', '<BV64 x1>'], 'indirect_regs': [], 'direct_regs': ['<BV64 x0>', '<BV64 x1>'], 'mem': ['<BV64 x0 + 0x40>'], 'const_mem': []};63.0;0.0;64.0;64.0;[];;;;BaseControlType.CONSTANT_BASE;BaseControlType.CONSTANT_BASE;BaseControlType.CONSTANT_BASE;4;BranchControlType.BRANCH_DEPENDS_ON_SECRET_VALUE;BranchControlType.BRANCH_INDEPENDENT_FROM_SECRET;27260;True;False;True;True;True;False;False;True;True;False;False;False;True;False;True;True;True;False;True;False;[];['has_valid_base'];True;False;True;True;True;False;False;True;True;False;False;False;True;False;True;True;True;False;True;False;[];['has_valid_base']
a09309b6-b079-4f0b-a121-c4ce0de63c09;SHA384End@@LIBMD_0.0;0x83e4;0x6a7c;0x0;TransmitterType.STORE;38;0;False;['0x83e4', '0x8418', '0x6bc0', '0x6920', '0x6a68'];<BV64 0xa1 + x0>;64;[];[];['<BV64 x0>'];[];['<BV64 x0>'];[];[];0;18446744073709551615;18446744073709551615;1;;;True;0;18446744073709551615;18446744073709551615;1;;;True;ControlType.CONTROLLED;0;<BV64 0xa1>;64;[];[];[];[];[];[];[];161.0;161.0;0.0;1.0;;;True;161.0;161.0;0.0;1.0;;;True;ControlType.NO_CONTROL;0;<BV64 0xa1>;64;[];[];[];[];[];[];[];161;161;0;1.0;;;True;161.0;161.0;0.0;1.0;;;True;ControlType.NO_CONTROL;0;<BV64 x0>;64;[];[];['<BV64 x0>'];[];['<BV64 x0>'];[];[];0.0;1.8446744073709552e+19;18446744073709551615;1;;;True;0.0;1.8446744073709552e+19;18446744073709551615;1;;;True;ControlType.CONTROLLED;0;<BV64 x0>;64;[];[];['<BV64 x0>'];[];['<BV64 x0>'];[];[];0.0;1.8446744073709552e+19;1.8446744073709552e+19;1.0;;;True;0.0;1.8446744073709552e+19;1.8446744073709552e+19;1.0;;;True;ControlType.CONTROLLED;0;<BV64 x0>;64;[];[];[];[];[];[];[];0;0;0;;;;False;0;0;0;;;;False;ControlType.UNKNOWN;0;[('0x693c', <Bool ((LOAD_64[<BV64 x0 + 0x40>]_35[31:0] << 0x1d[7:0] | LShR(LOAD_64[<BV64 x0 + 0x40>]_35[31:0], 0x3)[7:0]) & 127) == 0>, 'Taken'), ('0x6bdc', <Bool True>, 'Taken'), ('0x8414', <Bool x1 != 0x0>, 'Taken'), ('0x8420', <Bool True>, 'Taken')];"{'regs': ['<BV64 x0>', '<BV64 x1>'], 'indirect_regs': [""<BV64 x0>: ['0x40']""], 'direct_regs': ['<BV64 x1>'], 'mem': ['<BV64 x0 + 0x40>'], 'const_mem': []}";[];{'regs': [], 'indirect_regs': [], 'direct_regs': [], 'mem': [], 'const_mem': []};{'regs': ['<BV64 x0>'], 'indirect_regs': [], 'direct_regs': ['<BV64 x0>'], 'mem': [], 'const_mem': []};{'regs': ['<BV64 x0>', '<BV64 x1>'], 'indirect_regs': [], 'direct_regs': ['<BV64 x0>', '<BV64 x1>'], 'mem': ['<BV64 x0 + 0x40>'], 'const_mem': []};63.0;0.0;64.0;64.0;[];;;;BaseControlType.CONSTANT_BASE;BaseControlType.CONSTANT_BASE;BaseControlType.CONSTANT_BASE;4;BranchControlType.BRANCH_DEPENDS_ON_SECRET_VALUE;BranchControlType.BRANCH_INDEPENDENT_FROM_SECRET;27260;True;False;True;True;True;False;False;True;True;False;False;False;True;False;True;True;True;False;True;False;[];['has_valid_base'];True;False;True;True;True;False;False;True;True;False;False;False;True;False;True;True;True;False;True;False;[];['has_valid_base']
fc60a3f3-564f-4d17-8d17-a4db4c6fc4af;SHA224End@@LIBMD_0.1;0x7da4;0x6358;0x0;TransmitterType.STORE;39;0;False;['0x7da4', '0x7dd8', '0x6380', '0x6260', '0x6340'];<BV64 0x61 + x0>;64;[];[];['<BV64 x0>'];[];['<BV64 x0>'];[];[];0;18446744073709551615;18446744073709551615;1;;;True;0;18446744073709551615;18446744073709551615;1;;;True;ControlType.CONTROLLED;0;<BV64 0x61>;64;[];[];[];[];[];[];[];97.0;97.0;0.0;1.0;;;True;97.0;97.0;0.0;1.0;;;True;ControlType.NO_CONTROL;0;<BV64 0x61>;64;[];[];[];[];[];[];[];97;97;0;1.0;;;True;97.0;97.0;0.0;1.0;;;True;ControlType.NO_CONTROL;0;<BV64 x0>;64;[];[];['<BV64 x0>'];[];['<BV64 x0>'];[];[];0.0;1.8446744073709552e+19;18446744073709551615;1;;;True;0.0;1.8446744073709552e+19;18446744073709551615;1;;;True;ControlType.CONTROLLED;0;<BV64 x0>;64;[];[];['<BV64 x0>'];[];['<BV64 x0>'];[];[];0.0;1.8446744073709552e+19;1.8446744073709552e+19;1.0;;;True;0.0;1.8446744073709552e+19;1.8446744073709552e+19;1.0;;;True;ControlType.CONTROLLED;0;<BV64 x0>;64;[];[];[];[];[];[];[];0;0;0;;;;False;0;0;0;;;;False;ControlType.UNKNOWN;0;[('0x627c', <Bool ((LOAD_64[<BV64 x0 + 0x40>]_35[31:0] << 0x1d[7:0] | LShR(LOAD_64[<BV64 x0 + 0x40>]_35[31:0], 0x3)[7:0]) & 63) == 0>, 'Taken'), ('0x639c', <Bool True>, 'Taken'), ('0x7dd4', <Bool x1 != 0x0>, 'Taken'), ('0x7de0', <Bool True>, 'Taken')];"{'regs': ['<BV64 x0>', '<BV64 x1>'], 'indirect_regs': [""<BV64 x0>: ['0x40']""], 'direct_regs': ['<BV64 x1>'], 'mem': ['<BV64 x0 + 0x40>'], 'const_mem': []}";[];{'regs': [], 'indirect_regs': [], 'direct_regs': [], 'mem': [], 'const_mem': []};{'regs': ['<BV64 x0>'], 'indirect_regs': [], 'direct_regs': ['<BV64 x0>'], 'mem': [], 'const_mem': []};{'regs': ['<BV64 x0>', '<BV64 x1>'], 'indirect_regs': [], 'direct_regs': ['<BV64 x0>', '<BV64 x1>'], 'mem': ['<BV64 x0 + 0x40>'], 'const_mem': []};63.0;0.0;64.0;64.0;[];;;;BaseControlType.CONSTANT_BASE;BaseControlType.CONSTANT_BASE;BaseControlType.CONSTANT_BASE;4;BranchControlType.BRANCH_DEPENDS_ON_SECRET_VALUE;BranchControlType.BRANCH_INDEPENDENT_FROM_SECRET;25432;True;False;True;True;True;False;False;True;True;False;False;False;True;False;True;True;True;False;True;False;[];['has_valid_base'];True;False;True;True;True;False;False;True;True;False;False;False;True;False;True;True;True;False;True;False;[];['has_valid_base']
f87aa86a-36db-4ae7-91c1-0378516c8c25;SHA512_256Pad@@LIBMD_0.1;0x6920;0x658c;0x0;TransmitterType.LOAD;40;0;False;['0x6920', '0x6940', '0x695c', '0x697c', '0x6544'];<BV64 0x10 + x0>;64;[];[];['<BV64 x0>'];[];['<BV64 x0>'];[];[];0;18446744073709551615;18446744073709551615;1;;;True;0;18446744073709551615;18446744073709551615;1;;;True;ControlType.CONTROLLED;0;<BV64 0x10>;64;[];[];[];[];[];[];[];16.0;16.0;0.0;1.0;;;True;16.0;16.0;0.0;1.0;;;True;ControlType.NO_CONTROL;0;<BV64 0x10>;64;[];[];[];[];[];[];[];16;16;0;1.0;;;True;16.0;16.0;0.0;1.0;;;True;ControlType.NO_CONTROL;0;<BV64 x0>;64;[];[];['<BV64 x0>'];[];['<BV64 x0>'];[];[];0.0;1.8446744073709552e+19;18446744073709551615;1;;;True;0.0;1.8446744073709552e+19;18446744073709551615;1;;;True;ControlType.CONTROLLED;0;<BV64 x0>;64;[];[];['<BV64 x0>'];[];['<BV64 x0>'];[];[];0.0;1.8446744073709552e+19;1.8446744073709552e+19;1.0;;;True;0.0;1.8446744073709552e+19;1.8446744073709552e+19;1.0;;;True;ControlType.CONTROLLED;0;<BV64 x0>;64;[];[];[];[];[];[];[];0;0;0;;;;False;0;0;0;;;;False;ControlType.UNKNOWN;0;[('0x693c', <Bool ((LOAD_64[<BV64 x0 + 0x40>]_24[31:0] << 0x1d[7:0] | LShR(LOAD_64[<BV64 x0 + 0x40>]_24[31:0], 0x3)[7:0]) & 127) != 0>, 'Taken'), ('0x6958', <Bool (0x0 .. LOAD_64[<BV64 x0 + 0x40>]_24[9:3]) + 0x1 > 0x70>, 'Taken'), ('0x6960', <Bool 0x1 + (0x0 .. LOAD_64[<BV64 x0 + 0x40>]_24[9:3]) == 0x80>, 'Taken'), ('0x6988', <Bool True>, 'Taken')];"{'regs': ['<BV64 x0>'], 'indirect_regs': [""<BV64 x0>: ['0x40', '0x40', '0x40']""], 'direct_regs': [], 'mem': ['<BV64 x0 + 0x40>'], 'const_mem': []}";[];{'regs': [], 'indirect_regs': [], 'direct_regs': [], 'mem': [], 'const_mem': []};{'regs': ['<BV64 x0>'], 'indirect_regs': [], 'direct_regs': ['<BV64 x0>'], 'mem': [], 'const_mem': []};{'regs': ['<BV64 x0>'], 'indirect_regs': [], 'direct_regs': ['<BV64 x0>'], 'mem': ['<BV64 x0 + 0x40>'], 'const_mem': []};63.0;0.0;64.0;64.0;[];;;;BaseControlType.CONSTANT_BASE;BaseControlType.CONSTANT_BASE;BaseControlType.CONSTANT_BASE;4;BranchControlType.BRANCH_DEPENDS_ON_SECRET_VALUE;BranchControlType.BRANCH_INDEPENDENT_FROM_SECRET;25996;True;False;True;True;True;False;False;True;True;False;False;False;True;False;True;True;True;False;True;False;[];['has_valid_base'];True;False;True;True;True;False;False;True;True;False;False;False;True;False;True;True;True;False;True;False;[];['has_valid_base']
2220fd3b-2247-4669-a60c-1931c31b805a;SHA384Init@@LIBMD_0.0;0x6b60;0x6bac;0x0;TransmitterType.STORE;22;0;False;['0x6b60'];<BV64 0x48 + x0>;64;[];[];['<BV64 x0>'];[];['<BV64 x0>'];[];[];0;18446744073709551615;18446744073709551615;1;;;True;0;18446744073709551615;18446744073709551615;1;;;True;ControlType.CONTROLLED;0;<BV64 0x48>;64;[];[];[];[];[];[];[];72.0;72.0;0.0;1.0;;;True;72.0;72.0;0.0;1.0;;;True;ControlType.NO_CONTROL;0;<BV64 0x48>;64;[];[];[];[];[];[];[];72;72;0;1.0;;;True;72.0;72.0;0.0;1.0;;;True;ControlType.NO_CONTROL;0;<BV64 x0>;64;[];[];['<BV64 x0>'];[];['<BV64 x0>'];[];[];0.0;1.8446744073709552e+19;18446744073709551615;1;;;True;0.0;1.8446744073709552e+19;18446744073709551615;1;;;True;ControlType.CONTROLLED;0;<BV64 x0>;64;[];[];['<BV64 x0>'];[];['<BV64 x0>'];[];[];0.0;1.8446744073709552e+19;1.8446744073709552e+19;1.0;;;True;0.0;1.8446744073709552e+19;1.8446744073709552e+19;1.0;;;True;ControlType.CONTROLLED;0;<BV64 x0>;64;[];[];[];[];[];[];[];0;0;0;;;;False;0;0;0;;;;False;ControlType.UNKNOWN;0;[];{'regs': [], 'indirect_regs': [], 'direct_regs': [], 'mem': [], 'const_mem': []};[];{'regs': [], 'indirect_regs': [], 'direct_regs': [], 'mem': [], 'const_mem': []};{'regs': ['<BV64 x0>'], 'indirect_regs': [], 'direct_regs': ['<BV64 x0>'], 'mem': [], 'const_mem': []};{'regs': ['<BV64 x0>'], 'indirect_regs': [], 'direct_regs': ['<BV64 x0>'], 'mem': [], 'const_mem': []};63.0;0.0;64.0;64.0;[];;;;BaseControlType.CONSTANT_BASE;BaseControlType.CONSTANT_BASE;BaseControlType.CONSTANT_BASE;0;BranchControlType.BRANCH_INDEPENDENT_FROM_SECRET;BranchControlType.BRANCH_INDEPENDENT_FROM_SECRET;27564;True;False;True;True;True;False;False;True;True;False;False;False;True;False;True;False;True;False;True;False;[];['has_valid_base'];True;False;True;True;True;False;False;True;True;False;False;False;True;False;True;False;True;False;True;False;[];['has_valid_base']
eb51f78b-95fd-4b53-82ef-84454a7f0f02;SHA256Pad@@LIBMD_0.0;0x6260;0x5eec;0x0;TransmitterType.LOAD;33;0;False;['0x6260', '0x6280', '0x629c', '0x62bc', '0x5ec0'];<BV64 x0>;64;[];[];['<BV64 x0>'];[];['<BV64 x0>'];[];[];0;18446744073709551615;18446744073709551615;1;;;True;0;18446744073709551615;18446744073709551615;1;;;True;ControlType.CONTROLLED;0;;0;[];[];[];[];[];[];[];0.0;0.0;0.0;0.0;;;False;0.0;0.0;0.0;0.0;;;False;ControlType.UNKNOWN;0;;0;[];[];[];[];[];[];[];0;0;0;;;;False;0.0;0.0;0.0;0.0;;;False;ControlType.UNKNOWN;0;<BV64 x0>;64;[];[];['<BV64 x0>'];[];['<BV64 x0>'];[];[];0.0;1.8446744073709552e+19;18446744073709551615;1;;;True;0.0;1.8446744073709552e+19;18446744073709551615;1;;;True;ControlType.CONTROLLED;0;<BV64 x0>;64;[];[];['<BV64 x0>'];[];['<BV64 x0>'];[];[];0.0;1.8446744073709552e+19;1.8446744073709552e+19;1.0;;;True;0.0;1.8446744073709552e+19;1.8446744073709552e+19;1.0;;;True;ControlType.CONTROLLED;0;<BV64 x0>;64;[];[];[];[];[];[];[];0;0;0;;;;False;0;0;0;;;;False;ControlType.UNKNOWN;0;[('0x627c', <Bool ((LOAD_64[<BV64 x0 + 0x40>]_24[31:0] << 0x1d[7:0] | LShR(LOAD_64[<BV64 x0 + 0x40>]_24[31:0], 0x3)[7:0]) & 63) != 0>, 'Taken'), ('0x6298', <Bool (0x0 .. LOAD_64[<BV64 x0 + 0x40>]_24[8:3]) + 0x1 > 0x38>, 'Taken'), ('0x62a0', <Bool 0x1 + (0x0 .. LOAD_64[<BV64 x0 + 0x40>]_24[8:3]) == 0x40>, 'Taken'), ('0x62c8', <Bool True>, 'Taken')];"{'regs': ['<BV64 x0>'], 'indirect_regs': [""<BV64 x0>: ['0x40', '0x40', '0x40']""], 'direct_regs': [], 'mem': ['<BV64 x0 + 0x40>'], 'const_mem': []}";[];{'regs': [], 'indirect_regs': [], 'direct_regs': [], 'mem': [], 'const_mem': []};{'regs': ['<BV64 x0>'], 'indirect_regs': [], 'direct_regs': ['<BV64 x0>'], 'mem': [], 'const_mem': []};{'regs': ['<BV64 x0>'], 'indirect_regs': [], 'direct_regs': ['<BV64 x0>'], 'mem': ['<BV64 x0 + 0x40>'], 'const_mem': []};63.0;0.0;64.0;64.0;['<Bool LOAD_128[<BV64 x0>]_30[31:0] == LOAD_32[<BV64 x0>]_32>'];;;;BaseControlType.NO_BASE;BaseControlType.NO_BASE;BaseControlType.NO_BASE;4;BranchControlType.BRANCH_DEPENDS_ON_SECRET_VALUE;BranchControlType.BRANCH_INDEPENDENT_FROM_SECRET;24300;True;False;True;True;True;False;False;True;True;False;False;False;True;False;True;True;True;False;True;False;[];['has_valid_base'];True;False;True;True;True;False;False;True;True;False;False;False;True;False;True;True;True;False;True;False;[];['has_valid_base']
58165a92-c95c-4d15-9e73-c168964b49fb;SHA224Pad@@LIBMD_0.1;0x6260;0x5eec;0x0;TransmitterType.LOAD;33;0;False;['0x6260', '0x6280', '0x629c', '0x62bc', '0x5ec0'];<BV64 x0>;64;[];[];['<BV64 x0>'];[];['<BV64 x0>'];[];[];0;18446744073709551615;18446744073709551615;1;;;True;0;18446744073709551615;18446744073709551615;1;;;True;ControlType.CONTROLLED;0;;0;[];[];[];[];[];[];[];0.0;0.0;0.0;0.0;;;False;0.0;0.0;0.0;0.0;;;False;ControlType.UNKNOWN;0;;0;[];[];[];[];[];[];[];0;0;0;;;;False;0.0;0.0;0.0;0.0;;;False;ControlType.UNKNOWN;0;<BV64 x0>;64;[];[];['<BV64 x0>'];[];['<BV64 x0>'];[];[];0.0;1.8446744073709552e+19;18446744073709551615;1;;;True;0.0;1.8446744073709552e+19;18446744073709551615;1;;;True;ControlType.CONTROLLED;0;<BV64 x0>;64;[];[];['<BV64 x0>'];[];['<BV64 x0>'];[];[];0.0;1.8446744073709552e+19;1.8446744073709552e+19;1.0;;;True;0.0;1.8446744073709552e+19;1.8446744073709552e+19;1.0;;;True;ControlType.CONTROLLED;0;<BV64 x0>;64;[];[];[];[];[];[];[];0;0;0;;;;False;0;0;0;;;;False;ControlType.UNKNOWN;0;[('0x627c', <Bool ((LOAD_64[<BV64 x0 + 0x40>]_24[31:0] << 0x1d[7:0] | LShR(LOAD_64[<BV64 x0 + 0x40>]_24[31:0], 0x3)[7:0]) & 63) != 0>, 'Taken'), ('0x6298', <Bool (0x0 .. LOAD_64[<BV64 x0 + 0x40>]_24[8:3]) + 0x1 > 0x38>, 'Taken'), ('0x62a0', <Bool 0x1 + (0x0 .. LOAD_64[<BV64 x0 + 0x40>]_24[8:3]) == 0x40>, 'Taken'), ('0x62c8', <Bool True>, 'Taken')];"{'regs': ['<BV64 x0>'], 'indirect_regs': [""<BV64 x0>: ['0x40', '0x40', '0x40']""], 'direct_regs': [], 'mem': ['<BV64 x0 + 0x40>'], 'const_mem': []}";[];{'regs': [], 'indirect_regs': [], 'direct_regs': [], 'mem': [], 'const_mem': []};{'regs': ['<BV64 x0>'], 'indirect_regs': [], 'direct_regs': ['<BV64 x0>'], 'mem': [], 'const_mem': []};{'regs': ['<BV64 x0>'], 'indirect_regs': [], 'direct_regs': ['<BV64 x0>'], 'mem': ['<BV64 x0 + 0x40>'], 'const_mem': []};63.0;0.0;64.0;64.0;['<Bool LOAD_128[<BV64 x0>]_30[31:0] == LOAD_32[<BV64 x0>]_32>'];;;;BaseControlType.NO_BASE;BaseControlType.NO_BASE;BaseControlType.NO_BASE;4;BranchControlType.BRANCH_DEPENDS_ON_SECRET_VALUE;BranchControlType.BRANCH_INDEPENDENT_FROM_SECRET;24300;True;False;True;True;True;False;False;True;True;False;False;False;True;False;True;True;True;False;True;False;[];['has_valid_base'];True;False;True;True;True;False;False;True;True;False;False;False;True;False;True;True;True;False;True;False;[];['has_valid_base']
ccc436ce-71ca-4947-8682-0e8b59ec7d89;RMD160Update@@LIBMD_0.0;0x49cc;0x33f4;0x0;TransmitterType.LOAD;55;0;False;['0x49cc', '0x4a10', '0x4a14', '0x4a1c', '0x3380'];<BV64 0x8 + x0>;64;[];[];['<BV64 x0>'];[];['<BV64 x0>'];[];[];0;18446744073709551615;18446744073709551615;1;;;True;0;18446744073709551615;18446744073709551615;1;;;True;ControlType.CONTROLLED;0;<BV64 0x8>;64;[];[];[];[];[];[];[];8.0;8.0;0.0;1.0;;;True;8.0;8.0;0.0;1.0;;;True;ControlType.NO_CONTROL;0;<BV64 0x8>;64;[];[];[];[];[];[];[];8;8;0;1.0;;;True;8.0;8.0;0.0;1.0;;;True;ControlType.NO_CONTROL;0;<BV64 x0>;64;[];[];['<BV64 x0>'];[];['<BV64 x0>'];[];[];0.0;1.8446744073709552e+19;18446744073709551615;1;;;True;0.0;1.8446744073709552e+19;18446744073709551615;1;;;True;ControlType.CONTROLLED;0;<BV64 x0>;64;[];[];['<BV64 x0>'];[];['<BV64 x0>'];[];[];0.0;1.8446744073709552e+19;1.8446744073709552e+19;1.0;;;True;0.0;1.8446744073709552e+19;1.8446744073709552e+19;1.0;;;True;ControlType.CONTROLLED;0;<BV64 x0>;64;[];[];[];[];[];[];[];0;0;0;;;;False;0;0;0;;;;False;ControlType.UNKNOWN;0;[('0x4a0c', <Bool x2 >= 0x40 - ((LOAD_64[<BV64 x0 + 0x18>]_28 << 0x3d | LShR(LOAD_64[<BV64 x0 + 0x18>]_28, 0x3)) & 0x3f)>, 'Taken'), ('0x4a10', <Bool LOAD_64[<BV64 x0 + 0x18>]_28[8:3] == 0>, 'Taken'), ('0x4a18', <Bool x2 > 0x3f>, 'Taken'), ('0x4a2c', <Bool True>, 'Taken')];"{'regs': ['<BV64 x0>', '<BV64 x2>'], 'indirect_regs': [""<BV64 x0>: ['0x18', '0x18']""], 'direct_regs': ['<BV64 x2>'], 'mem': ['<BV64 x0 + 0x18>'], 'const_mem': []}";[];{'regs': [], 'indirect_regs': [], 'direct_regs': [], 'mem': [], 'const_mem': []};{'regs': ['<BV64 x0>'], 'indirect_regs': [], 'direct_regs': ['<BV64 x0>'], 'mem': [], 'const_mem': []};{'regs': ['<BV64 x0>', '<BV64 x2>'], 'indirect_regs': [], 'direct_regs': ['<BV64 x0>', '<BV64 x2>'], 'mem': ['<BV64 x0 + 0x18>'], 'const_mem': []};63.0;0.0;64.0;64.0;[];;;;BaseControlType.CONSTANT_BASE;BaseControlType.CONSTANT_BASE;BaseControlType.CONSTANT_BASE;4;BranchControlType.BRANCH_DEPENDS_ON_SECRET_VALUE;BranchControlType.BRANCH_INDEPENDENT_FROM_SECRET;13300;True;False;True;True;True;False;False;True;True;False;False;False;True;False;True;True;True;False;True;False;[];['has_valid_base'];True;False;True;True;True;False;False;True;True;False;False;False;True;False;True;True;True;False;True;False;[];['has_valid_base']
f00934c8-e8bd-47f4-a3f9-9909299d46f3;SHA512_256End@@LIBMD_0.1;0x8a24;0x6a7c;0x0;TransmitterType.STORE;38;0;False;['0x8a24', '0x8a58', '0x6ce0', '0x6920', '0x6a68'];<BV64 0xa1 + x0>;64;[];[];['<BV64 x0>'];[];['<BV64 x0>'];[];[];0;18446744073709551615;18446744073709551615;1;;;True;0;18446744073709551615;18446744073709551615;1;;;True;ControlType.CONTROLLED;0;<BV64 0xa1>;64;[];[];[];[];[];[];[];161.0;161.0;0.0;1.0;;;True;161.0;161.0;0.0;1.0;;;True;ControlType.NO_CONTROL;0;<BV64 0xa1>;64;[];[];[];[];[];[];[];161;161;0;1.0;;;True;161.0;161.0;0.0;1.0;;;True;ControlType.NO_CONTROL;0;<BV64 x0>;64;[];[];['<BV64 x0>'];[];['<BV64 x0>'];[];[];0.0;1.8446744073709552e+19;18446744073709551615;1;;;True;0.0;1.8446744073709552e+19;18446744073709551615;1;;;True;ControlType.CONTROLLED;0;<BV64 x0>;64;[];[];['<BV64 x0>'];[];['<BV64 x0>'];[];[];0.0;1.8446744073709552e+19;1.8446744073709552e+19;1.0;;;True;0.0;1.8446744073709552e+19;1.8446744073709552e+19;1.0;;;True;ControlType.CONTROLLED;0;<BV64 x0>;64;[];[];[];[];[];[];[];0;0;0;;;;False;0;0;0;;;;False;ControlType.UNKNOWN;0;[('0x693c', <Bool ((LOAD_64[<BV64 x0 + 0x40>]_35[31:0] << 0x1d[7:0] | LShR(LOAD_64[<BV64 x0 + 0x40>]_35[31:0], 0x3)[7:0]) & 127) == 0>, 'Taken'), ('0x6cfc', <Bool True>, 'Taken'), ('0x8a54', <Bool x1 != 0x0>, 'Taken'), ('0x8a60', <Bool True>, 'Taken')];"{'regs': ['<BV64 x0>', '<BV64 x1>'], 'indirect_regs': [""<BV64 x0>: ['0x40']""], 'direct_regs': ['<BV64 x1>'], 'mem': ['<BV64 x0 + 0x40>'], 'const_mem': []}";[];{'regs': [], 'indirect_regs': [], 'direct_regs': [], 'mem': [], 'const_mem': []};{'regs': ['<BV64 x0>'], 'indirect_regs': [], 'direct_regs': ['<BV64 x0>'], 'mem': [], 'const_mem': []};{'regs': ['<BV64 x0>', '<BV64 x1>'], 'indirect_regs': [], 'direct_regs': ['<BV64 x0>', '<BV64 x1>'], 'mem': ['<BV64 x0 + 0x40>'], 'const_mem': []};63.0;0.0;64.0;64.0;[];;;;BaseControlType.CONSTANT_BASE;BaseControlType.CONSTANT_BASE;BaseControlType.CONSTANT_BASE;4;BranchControlType.BRANCH_DEPENDS_ON_SECRET_VALUE;BranchControlType.BRANCH_INDEPENDENT_FROM_SECRET;27260;True;False;True;True;True;False;False;True;True;False;False;False;True;False;True;True;True;False;True;False;[];['has_valid_base'];True;False;True;True;True;False;False;True;True;False;False;False;True;False;True;True;True;False;True;False;[];['has_valid_base']
befb2a88-a914-485d-b054-73f344d7cd83;SHA224Init@@LIBMD_0.1;0x5e68;0x5eac;0x0;TransmitterType.STORE;20;0;False;['0x5e68'];<BV64 0xc0 + x0>;64;[];[];['<BV64 x0>'];[];['<BV64 x0>'];[];[];0;18446744073709551615;18446744073709551615;1;;;True;0;18446744073709551615;18446744073709551615;1;;;True;ControlType.CONTROLLED;0;<BV64 0xc0>;64;[];[];[];[];[];[];[];192.0;192.0;0.0;1.0;;;True;192.0;192.0;0.0;1.0;;;True;ControlType.NO_CONTROL;0;<BV64 0xc0>;64;[];[];[];[];[];[];[];192;192;0;1.0;;;True;192.0;192.0;0.0;1.0;;;True;ControlType.NO_CONTROL;0;<BV64 x0>;64;[];[];['<BV64 x0>'];[];['<BV64 x0>'];[];[];0.0;1.8446744073709552e+19;18446744073709551615;1;;;True;0.0;1.8446744073709552e+19;18446744073709551615;1;;;True;ControlType.CONTROLLED;0;<BV64 x0>;64;[];[];['<BV64 x0>'];[];['<BV64 x0>'];[];[];0.0;1.8446744073709552e+19;1.8446744073709552e+19;1.0;;;True;0.0;1.8446744073709552e+19;1.8446744073709552e+19;1.0;;;True;ControlType.CONTROLLED;0;<BV64 x0>;64;[];[];[];[];[];[];[];0;0;0;;;;False;0;0;0;;;;False;ControlType.UNKNOWN;0;[];{'regs': [], 'indirect_regs': [], 'direct_regs': [], 'mem': [], 'const_mem': []};[];{'regs': [], 'indirect_regs': [], 'direct_regs': [], 'mem': [], 'const_mem': []};{'regs': ['<BV64 x0>'], 'indirect_regs': [], 'direct_regs': ['<BV64 x0>'], 'mem': [], 'const_mem': []};{'regs': ['<BV64 x0>'], 'indirect_regs': [], 'direct_regs': ['<BV64 x0>'], 'mem': [], 'const_mem': []};63.0;0.0;64.0;64.0;[];;;;BaseControlType.CONSTANT_BASE;BaseControlType.CONSTANT_BASE;BaseControlType.CONSTANT_BASE;0;BranchControlType.BRANCH_INDEPENDENT_FROM_SECRET;BranchControlType.BRANCH_INDEPENDENT_FROM_SECRET;24236;True;False;True;True;True;False;False;True;True;False;False;False;True;False;True;False;True;False;True;False;[];['has_valid_base'];True;False;True;True;True;False;False;True;True;False;False;False;True;False;True;False;True;False;True;False;[];['has_valid_base']
449c5356-2b66-4933-b44c-2fe50d43bbaf;SHA256Update@@LIBMD_0.0;0x610c;0x5eec;0x0;TransmitterType.LOAD;36;0;False;['0x610c', '0x6114', '0x6144', '0x614c', '0x5ec0'];<BV64 0x4 + x0>;64;[];[];['<BV64 x0>'];[];['<BV64 x0>'];[];[];0;18446744073709551615;18446744073709551615;1;;;True;0;18446744073709551615;18446744073709551615;1;;;True;ControlType.CONTROLLED;0;<BV64 0x4>;64;[];[];[];[];[];[];[];4.0;4.0;0.0;1.0;;;True;4.0;4.0;0.0;1.0;;;True;ControlType.NO_CONTROL;0;<BV64 0x4>;64;[];[];[];[];[];[];[];4;4;0;1.0;;;True;4.0;4.0;0.0;1.0;;;True;ControlType.NO_CONTROL;0;<BV64 x0>;64;[];[];['<BV64 x0>'];[];['<BV64 x0>'];[];[];0.0;1.8446744073709552e+19;18446744073709551615;1;;;True;0.0;1.8446744073709552e+19;18446744073709551615;1;;;True;ControlType.CONTROLLED;0;<BV64 x0>;64;[];[];['<BV64 x0>'];[];['<BV64 x0>'];[];[];0.0;1.8446744073709552e+19;1.8446744073709552e+19;1.0;;;True;0.0;1.8446744073709552e+19;1.8446744073709552e+19;1.0;;;True;ControlType.CONTROLLED;0;<BV64 x0>;64;[];[];[];[];[];[];[];0;0;0;;;;False;0;0;0;;;;False;ControlType.UNKNOWN;0;[('0x6110', <Bool x2 != 0x0>, 'Taken'), ('0x6140', <Bool ((LOAD_64[<BV64 x0 + 0x40>]_26 << 0x3d[7:0] | LShR(LOAD_64[<BV64 x0 + 0x40>]_26, 0x3)[7:0]) & 63) == 0>, 'Taken'), ('0x6148', <Bool x2 > 0x3f>, 'Taken'), ('0x6168', <Bool True>, 'Taken')];"{'regs': ['<BV64 x0>', '<BV64 x2>'], 'indirect_regs': [""<BV64 x0>: ['0x40']""], 'direct_regs': ['<BV64 x2>'], 'mem': ['<BV64 x0 + 0x40>'], 'const_mem': []}";[];{'regs': [], 'indirect_regs': [], 'direct_regs': [], 'mem': [], 'const_mem': []};{'regs': ['<BV64 x0>'], 'indirect_regs': [], 'direct_regs': ['<BV64 x0>'], 'mem': [], 'const_mem': []};{'regs': ['<BV64 x0>', '<BV64 x2>'], 'indirect_regs': [], 'direct_regs': ['<BV64 x0>', '<BV64 x2>'], 'mem': ['<BV64 x0 + 0x40>'], 'const_mem': []};63.0;0.0;64.0;64.0;['<Bool LOAD_128[<BV64 x0>]_31[31:0] == LOAD_32[<BV64 x0>]_33>', '<Bool LOAD_128[<BV64 x0>]_31[63:32] == LOAD_32[<BV64 x0 + 0x4>]_34>'];;;;BaseControlType.CONSTANT_BASE;BaseControlType.CONSTANT_BASE;BaseControlType.CONSTANT_BASE;4;BranchControlType.BRANCH_DEPENDS_ON_SECRET_VALUE;BranchControlType.BRANCH_INDEPENDENT_FROM_SECRET;24300;True;False;True;True;True;False;False;True;True;False;False;False;True;False;True;True;True;False;True;False;[];['has_valid_base'];True;False;True;True;True;False;False;True;True;False;False;False;True;False;True;True;True;False;True;False;[];['has_valid_base']
ad486701-d491-4765-b62c-2900473e18a2;SHA384Init@@LIBMD_0.0;0x6b60;0x6bb0;0x0;TransmitterType.STORE;23;0;False;['0x6b60'];<BV64 0xc0 + x0>;64;[];[];['<BV64 x0>'];[];['<BV64 x0>'];[];[];0;18446744073709551615;18446744073709551615;1;;;True;0;18446744073709551615;18446744073709551615;1;;;True;ControlType.CONTROLLED;0;<BV64 0xc0>;64;[];[];[];[];[];[];[];192.0;192.0;0.0;1.0;;;True;192.0;192.0;0.0;1.0;;;True;ControlType.NO_CONTROL;0;<BV64 0xc0>;64;[];[];[];[];[];[];[];192;192;0;1.0;;;True;192.0;192.0;0.0;1.0;;;True;ControlType.NO_CONTROL;0;<BV64 x0>;64;[];[];['<BV64 x0>'];[];['<BV64 x0>'];[];[];0.0;1.8446744073709552e+19;18446744073709551615;1;;;True;0.0;1.8446744073709552e+19;18446744073709551615;1;;;True;ControlType.CONTROLLED;0;<BV64 x0>;64;[];[];['<BV64 x0>'];[];['<BV64 x0>'];[];[];0.0;1.8446744073709552e+19;1.8446744073709552e+19;1.0;;;True;0.0;1.8446744073709552e+19;1.8446744073709552e+19;1.0;;;True;ControlType.CONTROLLED;0;<BV64 x0>;64;[];[];[];[];[];[];[];0;0;0;;;;False;0;0;0;;;;False;ControlType.UNKNOWN;0;[];{'regs': [], 'indirect_regs': [], 'direct_regs': [], 'mem': [], 'const_mem': []};[];{'regs': [], 'indirect_regs': [], 'direct_regs': [], 'mem': [], 'const_mem': []};{'regs': ['<BV64 x0>'], 'indirect_regs': [], 'direct_regs': ['<BV64 x0>'], 'mem': [], 'const_mem': []};{'regs': ['<BV64 x0>'], 'indirect_regs': [], 'direct_regs': ['<BV64 x0>'], 'mem': [], 'const_mem': []};63.0;0.0;64.0;64.0;[];;;;BaseControlType.CONSTANT_BASE;BaseControlType.CONSTANT_BASE;BaseControlType.CONSTANT_BASE;0;BranchControlType.BRANCH_INDEPENDENT_FROM_SECRET;BranchControlType.BRANCH_INDEPENDENT_FROM_SECRET;27568;True;False;True;True;True;False;False;True;True;False;False;False;True;False;True;False;True;False;True;False;[];['has_valid_base'];True;False;True;True;True;False;False;True;True;False;False;False;True;False;True;False;True;False;True;False;[];['has_valid_base']
8e36eb25-b199-4b5b-9c4c-d62fb172875c;SHA512Pad@@LIBMD_0.0;0x6920;0x658c;0x0;TransmitterType.LOAD;40;0;False;['0x6920', '0x6940', '0x695c', '0x697c', '0x6544'];<BV64 0x10 + x0>;64;[];[];['<BV64 x0>'];[];['<BV64 x0>'];[];[];0;18446744073709551615;18446744073709551615;1;;;True;0;18446744073709551615;18446744073709551615;1;;;True;ControlType.CONTROLLED;0;<BV64 0x10>;64;[];[];[];[];[];[];[];16.0;16.0;0.0;1.0;;;True;16.0;16.0;0.0;1.0;;;True;ControlType.NO_CONTROL;0;<BV64 0x10>;64;[];[];[];[];[];[];[];16;16;0;1.0;;;True;16.0;16.0;0.0;1.0;;;True;ControlType.NO_CONTROL;0;<BV64 x0>;64;[];[];['<BV64 x0>'];[];['<BV64 x0>'];[];[];0.0;1.8446744073709552e+19;18446744073709551615;1;;;True;0.0;1.8446744073709552e+19;18446744073709551615;1;;;True;ControlType.CONTROLLED;0;<BV64 x0>;64;[];[];['<BV64 x0>'];[];['<BV64 x0>'];[];[];0.0;1.8446744073709552e+19;1.8446744073709552e+19;1.0;;;True;0.0;1.8446744073709552e+19;1.8446744073709552e+19;1.0;;;True;ControlType.CONTROLLED;0;<BV64 x0>;64;[];[];[];[];[];[];[];0;0;0;;;;False;0;0;0;;;;False;ControlType.UNKNOWN;0;[('0x693c', <Bool ((LOAD_64[<BV64 x0 + 0x40>]_24[31:0] << 0x1d[7:0] | LShR(LOAD_64[<BV64 x0 + 0x40>]_24[31:0], 0x3)[7:0]) & 127) != 0>, 'Taken'), ('0x6958', <Bool (0x0 .. LOAD_64[<BV64 x0 + 0x40>]_24[9:3]) + 0x1 > 0x70>, 'Taken'), ('0x6960', <Bool 0x1 + (0x0 .. LOAD_64[<BV64 x0 + 0x40>]_24[9:3]) == 0x80>, 'Taken'), ('0x6988', <Bool True>, 'Taken')];"{'regs': ['<BV64 x0>'], 'indirect_regs': [""<BV64 x0>: ['0x40', '0x40', '0x40']""], 'direct_regs': [], 'mem': ['<BV64 x0 + 0x40>'], 'const_mem': []}";[];{'regs': [], 'indirect_regs': [], 'direct_regs': [], 'mem': [], 'const_mem': []};{'regs': ['<BV64 x0>'], 'indirect_regs': [], 'direct_regs': ['<BV64 x0>'], 'mem': [], 'const_mem': []};{'regs': ['<BV64 x0>'], 'indirect_regs': [], 'direct_regs': ['<BV64 x0>'], 'mem': ['<BV64 x0 + 0x40>'], 'const_mem': []};63.0;0.0;64.0;64.0;[];;;;BaseControlType.CONSTANT_BASE;BaseControlType.CONSTANT_BASE;BaseControlType.CONSTANT_BASE;4;BranchControlType.BRANCH_DEPENDS_ON_SECRET_VALUE;BranchControlType.BRANCH_INDEPENDENT_FROM_SECRET;25996;True;False;True;True;True;False;False;True;True;False;False;False;True;False;True;True;True;False;True;False;[];['has_valid_base'];True;False;True;True;True;False;False;True;True;False;False;False;True;False;True;True;True;False;True;False;[];['has_valid_base']
1e066673-1800-49fd-86ed-b032dc4751ff;SHA512End@@LIBMD_0.0;0x8704;0x6a80;0x0;TransmitterType.STORE;39;0;False;['0x8704', '0x8738', '0x6aa0', '0x6920', '0x6a68'];<BV64 0x61 + x0>;64;[];[];['<BV64 x0>'];[];['<BV64 x0>'];[];[];0;18446744073709551615;18446744073709551615;1;;;True;0;18446744073709551615;18446744073709551615;1;;;True;ControlType.CONTROLLED;0;<BV64 0x61>;64;[];[];[];[];[];[];[];97.0;97.0;0.0;1.0;;;True;97.0;97.0;0.0;1.0;;;True;ControlType.NO_CONTROL;0;<BV64 0x61>;64;[];[];[];[];[];[];[];97;97;0;1.0;;;True;97.0;97.0;0.0;1.0;;;True;ControlType.NO_CONTROL;0;<BV64 x0>;64;[];[];['<BV64 x0>'];[];['<BV64 x0>'];[];[];0.0;1.8446744073709552e+19;18446744073709551615;1;;;True;0.0;1.8446744073709552e+19;18446744073709551615;1;;;True;ControlType.CONTROLLED;0;<BV64 x0>;64;[];[];['<BV64 x0>'];[];['<BV64 x0>'];[];[];0.0;1.8446744073709552e+19;1.8446744073709552e+19;1.0;;;True;0.0;1.8446744073709552e+19;1.8446744073709552e+19;1.0;;;True;ControlType.CONTROLLED;0;<BV64 x0>;64;[];[];[];[];[];[];[];0;0;0;;;;False;0;0;0;;;;False;ControlType.UNKNOWN;0;[('0x693c', <Bool ((LOAD_64[<BV64 x0 + 0x40>]_35[31:0] << 0x1d[7:0] | LShR(LOAD_64[<BV64 x0 + 0x40>]_35[31:0], 0x3)[7:0]) & 127) == 0>, 'Taken'), ('0x6abc', <Bool True>, 'Taken'), ('0x8734', <Bool x1 != 0x0>, 'Taken'), ('0x8740', <Bool True>, 'Taken')];"{'regs': ['<BV64 x0>', '<BV64 x1>'], 'indirect_regs': [""<BV64 x0>: ['0x40']""], 'direct_regs': ['<BV64 x1>'], 'mem': ['<BV64 x0 + 0x40>'], 'const_mem': []}";[];{'regs': [], 'indirect_regs': [], 'direct_regs': [], 'mem': [], 'const_mem': []};{'regs': ['<BV64 x0>'], 'indirect_regs': [], 'direct_regs': ['<BV64 x0>'], 'mem': [], 'const_mem': []};{'regs': ['<BV64 x0>', '<BV64 x1>'], 'indirect_regs': [], 'direct_regs': ['<BV64 x0>', '<BV64 x1>'], 'mem': ['<BV64 x0 + 0x40>'], 'const_mem': []};63.0;0.0;64.0;64.0;[];;;;BaseControlType.CONSTANT_BASE;BaseControlType.CONSTANT_BASE;BaseControlType.CONSTANT_BASE;4;BranchControlType.BRANCH_DEPENDS_ON_SECRET_VALUE;BranchControlType.BRANCH_INDEPENDENT_FROM_SECRET;27264;True;False;True;True;True;False;False;True;True;False;False;False;True;False;True;True;True;False;True;False;[];['has_valid_base'];True;False;True;True;True;False;False;True;True;False;False;False;True;False;True;True;True;False;True;False;[];['has_valid_base']
b5c2d362-204d-410b-80e0-755f9ff920e4;MD2Transform@@LIBMD_0.0;0x1bc0;0x1be8;0x0;TransmitterType.LOAD;23;0;False;['0x1bc0', '0x1be4'];<BV64 0x5 + x0>;64;[('0x1c10', <Bool x0 + 0x14 != x0 + 0x5>, 'Taken')];[];['<BV64 x0>'];[];['<BV64 x0>'];[];[];0;18446744073709551615;18446744073709551615;1;;;True;0;18446744073709551615;18446744073709551615;1;;;True;ControlType.CONTROLLED;0;<BV64 0x5>;64;[];[];[];[];[];[];[];5.0;5.0;0.0;1.0;;;True;5.0;5.0;0.0;1.0;;;True;ControlType.NO_CONTROL;0;<BV64 0x5>;64;[];[];[];[];[];[];[];5;5;0;1.0;;;True;5.0;5.0;0.0;1.0;;;True;ControlType.NO_CONTROL;0;<BV64 x0>;64;[('0x1c10', <Bool x0 + 0x14 != x0 + 0x5>, 'Taken')];[];['<BV64 x0>'];[];['<BV64 x0>'];[];[];0.0;1.8446744073709552e+19;18446744073709551615;1;;;True;0.0;1.8446744073709552e+19;18446744073709551615;1;;;True;ControlType.CONTROLLED;0;<BV64 x0>;64;[('0x1c10', <Bool x0 + 0x14 != x0 + 0x5>, 'Taken')];[];['<BV64 x0>'];[];['<BV64 x0>'];[];[];0.0;1.8446744073709552e+19;1.8446744073709552e+19;1.0;;;True;0.0;1.8446744073709552e+19;1.8446744073709552e+19;1.0;;;True;ControlType.CONTROLLED;0;<BV64 x0>;64;[];[];[];[];[];[];[];0;0;0;;;;False;0;0;0;;;;False;ControlType.UNKNOWN;0;[('0x1c10', <Bool x0 + 0x14 != x0 + 0x5>, 'Taken')];{'regs': ['<BV64 x0>'], 'indirect_regs': [], 'direct_regs': ['<BV64 x0>'], 'mem': [], 'const_mem': []};[];{'regs': [], 'indirect_regs': [], 'direct_regs': [], 'mem': [], 'const_mem': []};{'regs': ['<BV64 x0>'], 'indirect_regs': [], 'direct_regs': ['<BV64 x0>'], 'mem': [], 'const_mem': []};{'regs': ['<BV64 x0>'], 'indirect_regs': [], 'direct_regs': ['<BV64 x0>'], 'mem': [], 'const_mem': []};63.0;0.0;64.0;64.0;[];;;;BaseControlType.CONSTANT_BASE;BaseControlType.CONSTANT_BASE;BaseControlType.CONSTANT_BASE;1;BranchControlType.BRANCH_DEPENDS_ON_SECRET_VALUE;BranchControlType.BRANCH_INDEPENDENT_FROM_SECRET;7144;True;False;True;True;True;False;False;True;True;False;False;False;True;False;True;True;True;False;True;False;[];['has_valid_base'];True;False;True;True;True;False;False;True;True;False;False;False;True;False;True;True;True;False;True;False;[];['has_valid_base']
b62b3679-0025-47c8-b113-f4a0394f780e;SHA384End@@LIBMD_0.0;0x83e4;0x6a80;0x0;TransmitterType.STORE;39;0;False;['0x83e4', '0x8418', '0x6bc0', '0x6920', '0x6a68'];<BV64 0x61 + x0>;64;[];[];['<BV64 x0>'];[];['<BV64 x0>'];[];[];0;18446744073709551615;18446744073709551615;1;;;True;0;18446744073709551615;18446744073709551615;1;;;True;ControlType.CONTROLLED;0;<BV64 0x61>;64;[];[];[];[];[];[];[];97.0;97.0;0.0;1.0;;;True;97.0;97.0;0.0;1.0;;;True;ControlType.NO_CONTROL;0;<BV64 0x61>;64;[];[];[];[];[];[];[];97;97;0;1.0;;;True;97.0;97.0;0.0;1.0;;;True;ControlType.NO_CONTROL;0;<BV64 x0>;64;[];[];['<BV64 x0>'];[];['<BV64 x0>'];[];[];0.0;1.8446744073709552e+19;18446744073709551615;1;;;True;0.0;1.8446744073709552e+19;18446744073709551615;1;;;True;ControlType.CONTROLLED;0;<BV64 x0>;64;[];[];['<BV64 x0>'];[];['<BV64 x0>'];[];[];0.0;1.8446744073709552e+19;1.8446744073709552e+19;1.0;;;True;0.0;1.8446744073709552e+19;1.8446744073709552e+19;1.0;;;True;ControlType.CONTROLLED;0;<BV64 x0>;64;[];[];[];[];[];[];[];0;0;0;;;;False;0;0;0;;;;False;ControlType.UNKNOWN;0;[('0x693c', <Bool ((LOAD_64[<BV64 x0 + 0x40>]_35[31:0] << 0x1d[7:0] | LShR(LOAD_64[<BV64 x0 + 0x40>]_35[31:0], 0x3)[7:0]) & 127) == 0>, 'Taken'), ('0x6bdc', <Bool True>, 'Taken'), ('0x8414', <Bool x1 != 0x0>, 'Taken'), ('0x8420', <Bool True>, 'Taken')];"{'regs': ['<BV64 x0>', '<BV64 x1>'], 'indirect_regs': [""<BV64 x0>: ['0x40']""], 'direct_regs': ['<BV64 x1>'], 'mem': ['<BV64 x0 + 0x40>'], 'const_mem': []}";[];{'regs': [], 'indirect_regs': [], 'direct_regs': [], 'mem': [], 'const_mem': []};{'regs': ['<BV64 x0>'], 'indirect_regs': [], 'direct_regs': ['<BV64 x0>'], 'mem': [], 'const_mem': []};{'regs': ['<BV64 x0>', '<BV64 x1>'], 'indirect_regs': [], 'direct_regs': ['<BV64 x0>', '<BV64 x1>'], 'mem': ['<BV64 x0 + 0x40>'], 'const_mem': []};63.0;0.0;64.0;64.0;[];;;;BaseControlType.CONSTANT_BASE;BaseControlType.CONSTANT_BASE;BaseControlType.CONSTANT_BASE;4;BranchControlType.BRANCH_DEPENDS_ON_SECRET_VALUE;BranchControlType.BRANCH_INDEPENDENT_FROM_SECRET;27264;True;False;True;True;True;False;False;True;True;False;False;False;True;False;True;True;True;False;True;False;[];['has_valid_base'];True;False;True;True;True;False;False;True;True;False;False;False;True;False;True;True;True;False;True;False;[];['has_valid_base']
27e2814c-f7ff-450c-aa26-53835612b7bb;SHA512_256Pad@@LIBMD_0.1;0x6920;0x658c;0x0;TransmitterType.LOAD;40;0;False;['0x6920', '0x6940', '0x695c', '0x697c', '0x6544'];<BV64 0x18 + x0>;64;[];[];['<BV64 x0>'];[];['<BV64 x0>'];[];[];0;18446744073709551615;18446744073709551615;1;;;True;0;18446744073709551615;18446744073709551615;1;;;True;ControlType.CONTROLLED;0;<BV64 0x18>;64;[];[];[];[];[];[];[];24.0;24.0;0.0;1.0;;;True;24.0;24.0;0.0;1.0;;;True;ControlType.NO_CONTROL;0;<BV64 0x18>;64;[];[];[];[];[];[];[];24;24;0;1.0;;;True;24.0;24.0;0.0;1.0;;;True;ControlType.NO_CONTROL;0;<BV64 x0>;64;[];[];['<BV64 x0>'];[];['<BV64 x0>'];[];[];0.0;1.8446744073709552e+19;18446744073709551615;1;;;True;0.0;1.8446744073709552e+19;18446744073709551615;1;;;True;ControlType.CONTROLLED;0;<BV64 x0>;64;[];[];['<BV64 x0>'];[];['<BV64 x0>'];[];[];0.0;1.8446744073709552e+19;1.8446744073709552e+19;1.0;;;True;0.0;1.8446744073709552e+19;1.8446744073709552e+19;1.0;;;True;ControlType.CONTROLLED;0;<BV64 x0>;64;[];[];[];[];[];[];[];0;0;0;;;;False;0;0;0;;;;False;ControlType.UNKNOWN;0;[('0x693c', <Bool ((LOAD_64[<BV64 x0 + 0x40>]_24[31:0] << 0x1d[7:0] | LShR(LOAD_64[<BV64 x0 + 0x40>]_24[31:0], 0x3)[7:0]) & 127) != 0>, 'Taken'), ('0x6958', <Bool (0x0 .. LOAD_64[<BV64 x0 + 0x40>]_24[9:3]) + 0x1 > 0x70>, 'Taken'), ('0x6960', <Bool 0x1 + (0x0 .. LOAD_64[<BV64 x0 + 0x40>]_24[9:3]) == 0x80>, 'Taken'), ('0x6988', <Bool True>, 'Taken')];"{'regs': ['<BV64 x0>'], 'indirect_regs': [""<BV64 x0>: ['0x40', '0x40', '0x40']""], 'direct_regs': [], 'mem': ['<BV64 x0 + 0x40>'], 'const_mem': []}";[];{'regs': [], 'indirect_regs': [], 'direct_regs': [], 'mem': [], 'const_mem': []};{'regs': ['<BV64 x0>'], 'indirect_regs': [], 'direct_regs': ['<BV64 x0>'], 'mem': [], 'const_mem': []};{'regs': ['<BV64 x0>'], 'indirect_regs': [], 'direct_regs': ['<BV64 x0>'], 'mem': ['<BV64 x0 + 0x40>'], 'const_mem': []};63.0;0.0;64.0;64.0;[];;;;BaseControlType.CONSTANT_BASE;BaseControlType.CONSTANT_BASE;BaseControlType.CONSTANT_BASE;4;BranchControlType.BRANCH_DEPENDS_ON_SECRET_VALUE;BranchControlType.BRANCH_INDEPENDENT_FROM_SECRET;25996;True;False;True;True;True;False;False;True;True;False;False;False;True;False;True;True;True;False;True;False;[];['has_valid_base'];True;False;True;True;True;False;False;True;True;False;False;False;True;False;True;True;True;False;True;False;[];['has_valid_base']
207ea8fd-cb87-4bc8-a890-b0af0b0d0e3b;SHA256Pad@@LIBMD_0.0;0x6260;0x5eec;0x0;TransmitterType.LOAD;33;0;False;['0x6260', '0x6280', '0x629c', '0x62bc', '0x5ec0'];<BV64 0x4 + x0>;64;[];[];['<BV64 x0>'];[];['<BV64 x0>'];[];[];0;18446744073709551615;18446744073709551615;1;;;True;0;18446744073709551615;18446744073709551615;1;;;True;ControlType.CONTROLLED;0;<BV64 0x4>;64;[];[];[];[];[];[];[];4.0;4.0;0.0;1.0;;;True;4.0;4.0;0.0;1.0;;;True;ControlType.NO_CONTROL;0;<BV64 0x4>;64;[];[];[];[];[];[];[];4;4;0;1.0;;;True;4.0;4.0;0.0;1.0;;;True;ControlType.NO_CONTROL;0;<BV64 x0>;64;[];[];['<BV64 x0>'];[];['<BV64 x0>'];[];[];0.0;1.8446744073709552e+19;18446744073709551615;1;;;True;0.0;1.8446744073709552e+19;18446744073709551615;1;;;True;ControlType.CONTROLLED;0;<BV64 x0>;64;[];[];['<BV64 x0>'];[];['<BV64 x0>'];[];[];0.0;1.8446744073709552e+19;1.8446744073709552e+19;1.0;;;True;0.0;1.8446744073709552e+19;1.8446744073709552e+19;1.0;;;True;ControlType.CONTROLLED;0;<BV64 x0>;64;[];[];[];[];[];[];[];0;0;0;;;;False;0;0;0;;;;False;ControlType.UNKNOWN;0;[('0x627c', <Bool ((LOAD_64[<BV64 x0 + 0x40>]_24[31:0] << 0x1d[7:0] | LShR(LOAD_64[<BV64 x0 + 0x40>]_24[31:0], 0x3)[7:0]) & 63) != 0>, 'Taken'), ('0x6298', <Bool (0x0 .. LOAD_64[<BV64 x0 + 0x40>]_24[8:3]) + 0x1 > 0x38>, 'Taken'), ('0x62a0', <Bool 0x1 + (0x0 .. LOAD_64[<BV64 x0 + 0x40>]_24[8:3]) == 0x40>, 'Taken'), ('0x62c8', <Bool True>, 'Taken')];"{'regs': ['<BV64 x0>'], 'indirect_regs': [""<BV64 x0>: ['0x40', '0x40', '0x40']""], 'direct_regs': [], 'mem': ['<BV64 x0 + 0x40>'], 'const_mem': []}";[];{'regs': [], 'indirect_regs': [], 'direct_regs': [], 'mem': [], 'const_mem': []};{'regs': ['<BV64 x0>'], 'indirect_regs': [], 'direct_regs': ['<BV64 x0>'], 'mem': [], 'const_mem': []};{'regs': ['<BV64 x0>'], 'indirect_regs': [], 'direct_regs': ['<BV64 x0>'], 'mem': ['<BV64 x0 + 0x40>'], 'const_mem': []};63.0;0.0;64.0;64.0;['<Bool LOAD_128[<BV64 x0>]_30[31:0] == LOAD_32[<BV64 x0>]_32>', '<Bool LOAD_128[<BV64 x0>]_30[63:32] == LOAD_32[<BV64 x0 + 0x4>]_33>'];;;;BaseControlType.CONSTANT_BASE;BaseControlType.CONSTANT_BASE;BaseControlType.CONSTANT_BASE;4;BranchControlType.BRANCH_DEPENDS_ON_SECRET_VALUE;BranchControlType.BRANCH_INDEPENDENT_FROM_SECRET;24300;True;False;True;True;True;False;False;True;True;False;False;False;True;False;True;True;True;False;True;False;[];['has_valid_base'];True;False;True;True;True;False;False;True;True;False;False;False;True;False;True;True;True;False;True;False;[];['has_valid_base']
98ea4823-d98f-4e0b-aa56-d357c924a1f9;SHA512_256Update@@LIBMD_0.1;0x67c0;0x6590;0x0;TransmitterType.LOAD;41;0;False;['0x67c0', '0x67c8', '0x67f8', '0x6800', '0x6544'];<BV64 0x20 + x0>;64;[];[];['<BV64 x0>'];[];['<BV64 x0>'];[];[];0;18446744073709551615;18446744073709551615;1;;;True;0;18446744073709551615;18446744073709551615;1;;;True;ControlType.CONTROLLED;0;<BV64 0x20>;64;[];[];[];[];[];[];[];32.0;32.0;0.0;1.0;;;True;32.0;32.0;0.0;1.0;;;True;ControlType.NO_CONTROL;0;<BV64 0x20>;64;[];[];[];[];[];[];[];32;32;0;1.0;;;True;32.0;32.0;0.0;1.0;;;True;ControlType.NO_CONTROL;0;<BV64 x0>;64;[];[];['<BV64 x0>'];[];['<BV64 x0>'];[];[];0.0;1.8446744073709552e+19;18446744073709551615;1;;;True;0.0;1.8446744073709552e+19;18446744073709551615;1;;;True;ControlType.CONTROLLED;0;<BV64 x0>;64;[];[];['<BV64 x0>'];[];['<BV64 x0>'];[];[];0.0;1.8446744073709552e+19;1.8446744073709552e+19;1.0;;;True;0.0;1.8446744073709552e+19;1.8446744073709552e+19;1.0;;;True;ControlType.CONTROLLED;0;<BV64 x0>;64;[];[];[];[];[];[];[];0;0;0;;;;False;0;0;0;;;;False;ControlType.UNKNOWN;0;[('0x67c4', <Bool x2 != 0x0>, 'Taken'), ('0x67f4', <Bool ((LOAD_64[<BV64 x0 + 0x40>]_26 << 0x3d[7:0] | LShR(LOAD_64[<BV64 x0 + 0x40>]_26, 0x3)[7:0]) & 127) == 0>, 'Taken'), ('0x67fc', <Bool x2 > 0x7f>, 'Taken'), ('0x6810', <Bool True>, 'Taken')];"{'regs': ['<BV64 x0>', '<BV64 x2>'], 'indirect_regs': [""<BV64 x0>: ['0x40']""], 'direct_regs': ['<BV64 x2>'], 'mem': ['<BV64 x0 + 0x40>'], 'const_mem': []}";[];{'regs': [], 'indirect_regs': [], 'direct_regs': [], 'mem': [], 'const_mem': []};{'regs': ['<BV64 x0>'], 'indirect_regs': [], 'direct_regs': ['<BV64 x0>'], 'mem': [], 'const_mem': []};{'regs': ['<BV64 x0>', '<BV64 x2>'], 'indirect_regs': [], 'direct_regs': ['<BV64 x0>', '<BV64 x2>'], 'mem': ['<BV64 x0 + 0x40>'], 'const_mem': []};63.0;0.0;64.0;64.0;[];;;;BaseControlType.CONSTANT_BASE;BaseControlType.CONSTANT_BASE;BaseControlType.CONSTANT_BASE;4;BranchControlType.BRANCH_DEPENDS_ON_SECRET_VALUE;BranchControlType.BRANCH_INDEPENDENT_FROM_SECRET;26000;True;False;True;True;True;False;False;True;True;False;False;False;True;False;True;True;True;False;True;False;[];['has_valid_base'];True;False;True;True;True;False;False;True;True;False;False;False;True;False;True;True;True;False;True;False;[];['has_valid_base']
f29ba066-4518-409a-982d-acd6c263e17d;SHA512_256End@@LIBMD_0.1;0x8a24;0x6a80;0x0;TransmitterType.STORE;39;0;False;['0x8a24', '0x8a58', '0x6ce0', '0x6920', '0x6a68'];<BV64 0x61 + x0>;64;[];[];['<BV64 x0>'];[];['<BV64 x0>'];[];[];0;18446744073709551615;18446744073709551615;1;;;True;0;18446744073709551615;18446744073709551615;1;;;True;ControlType.CONTROLLED;0;<BV64 0x61>;64;[];[];[];[];[];[];[];97.0;97.0;0.0;1.0;;;True;97.0;97.0;0.0;1.0;;;True;ControlType.NO_CONTROL;0;<BV64 0x61>;64;[];[];[];[];[];[];[];97;97;0;1.0;;;True;97.0;97.0;0.0;1.0;;;True;ControlType.NO_CONTROL;0;<BV64 x0>;64;[];[];['<BV64 x0>'];[];['<BV64 x0>'];[];[];0.0;1.8446744073709552e+19;18446744073709551615;1;;;True;0.0;1.8446744073709552e+19;18446744073709551615;1;;;True;ControlType.CONTROLLED;0;<BV64 x0>;64;[];[];['<BV64 x0>'];[];['<BV64 x0>'];[];[];0.0;1.8446744073709552e+19;1.8446744073709552e+19;1.0;;;True;0.0;1.8446744073709552e+19;1.8446744073709552e+19;1.0;;;True;ControlType.CONTROLLED;0;<BV64 x0>;64;[];[];[];[];[];[];[];0;0;0;;;;False;0;0;0;;;;False;ControlType.UNKNOWN;0;[('0x693c', <Bool ((LOAD_64[<BV64 x0 + 0x40>]_35[31:0] << 0x1d[7:0] | LShR(LOAD_64[<BV64 x0 + 0x40>]_35[31:0], 0x3)[7:0]) & 127) == 0>, 'Taken'), ('0x6cfc', <Bool True>, 'Taken'), ('0x8a54', <Bool x1 != 0x0>, 'Taken'), ('0x8a60', <Bool True>, 'Taken')];"{'regs': ['<BV64 x0>', '<BV64 x1>'], 'indirect_regs': [""<BV64 x0>: ['0x40']""], 'direct_regs': ['<BV64 x1>'], 'mem': ['<BV64 x0 + 0x40>'], 'const_mem': []}";[];{'regs': [], 'indirect_regs': [], 'direct_regs': [], 'mem': [], 'const_mem': []};{'regs': ['<BV64 x0>'], 'indirect_regs': [], 'direct_regs': ['<BV64 x0>'], 'mem': [], 'const_mem': []};{'regs': ['<BV64 x0>', '<BV64 x1>'], 'indirect_regs': [], 'direct_regs': ['<BV64 x0>', '<BV64 x1>'], 'mem': ['<BV64 x0 + 0x40>'], 'const_mem': []};63.0;0.0;64.0;64.0;[];;;;BaseControlType.CONSTANT_BASE;BaseControlType.CONSTANT_BASE;BaseControlType.CONSTANT_BASE;4;BranchControlType.BRANCH_DEPENDS_ON_SECRET_VALUE;BranchControlType.BRANCH_INDEPENDENT_FROM_SECRET;27264;True;False;True;True;True;False;False;True;True;False;False;False;True;False;True;True;True;False;True;False;[];['has_valid_base'];True;False;True;True;True;False;False;True;True;False;False;False;True;False;True;True;True;False;True;False;[];['has_valid_base']
c257e552-d7b7-4671-9d24-f61cb39b0d8f;SHA224Pad@@LIBMD_0.1;0x6260;0x5eec;0x0;TransmitterType.LOAD;33;0;False;['0x6260', '0x6280', '0x629c', '0x62bc', '0x5ec0'];<BV64 0x4 + x0>;64;[];[];['<BV64 x0>'];[];['<BV64 x0>'];[];[];0;18446744073709551615;18446744073709551615;1;;;True;0;18446744073709551615;18446744073709551615;1;;;True;ControlType.CONTROLLED;0;<BV64 0x4>;64;[];[];[];[];[];[];[];4.0;4.0;0.0;1.0;;;True;4.0;4.0;0.0;1.0;;;True;ControlType.NO_CONTROL;0;<BV64 0x4>;64;[];[];[];[];[];[];[];4;4;0;1.0;;;True;4.0;4.0;0.0;1.0;;;True;ControlType.NO_CONTROL;0;<BV64 x0>;64;[];[];['<BV64 x0>'];[];['<BV64 x0>'];[];[];0.0;1.8446744073709552e+19;18446744073709551615;1;;;True;0.0;1.8446744073709552e+19;18446744073709551615;1;;;True;ControlType.CONTROLLED;0;<BV64 x0>;64;[];[];['<BV64 x0>'];[];['<BV64 x0>'];[];[];0.0;1.8446744073709552e+19;1.8446744073709552e+19;1.0;;;True;0.0;1.8446744073709552e+19;1.8446744073709552e+19;1.0;;;True;ControlType.CONTROLLED;0;<BV64 x0>;64;[];[];[];[];[];[];[];0;0;0;;;;False;0;0;0;;;;False;ControlType.UNKNOWN;0;[('0x627c', <Bool ((LOAD_64[<BV64 x0 + 0x40>]_24[31:0] << 0x1d[7:0] | LShR(LOAD_64[<BV64 x0 + 0x40>]_24[31:0], 0x3)[7:0]) & 63) != 0>, 'Taken'), ('0x6298', <Bool (0x0 .. LOAD_64[<BV64 x0 + 0x40>]_24[8:3]) + 0x1 > 0x38>, 'Taken'), ('0x62a0', <Bool 0x1 + (0x0 .. LOAD_64[<BV64 x0 + 0x40>]_24[8:3]) == 0x40>, 'Taken'), ('0x62c8', <Bool True>, 'Taken')];"{'regs': ['<BV64 x0>'], 'indirect_regs': [""<BV64 x0>: ['0x40', '0x40', '0x40']""], 'direct_regs': [], 'mem': ['<BV64 x0 + 0x40>'], 'const_mem': []}";[];{'regs': [], 'indirect_regs': [], 'direct_regs': [], 'mem': [], 'const_mem': []};{'regs': ['<BV64 x0>'], 'indirect_regs': [], 'direct_regs': ['<BV64 x0>'], 'mem': [], 'const_mem': []};{'regs': ['<BV64 x0>'], 'indirect_regs': [], 'direct_regs': ['<BV64 x0>'], 'mem': ['<BV64 x0 + 0x40>'], 'const_mem': []};63.0;0.0;64.0;64.0;['<Bool LOAD_128[<BV64 x0>]_30[31:0] == LOAD_32[<BV64 x0>]_32>', '<Bool LOAD_128[<BV64 x0>]_30[63:32] == LOAD_32[<BV64 x0 + 0x4>]_33>'];;;;BaseControlType.CONSTANT_BASE;BaseControlType.CONSTANT_BASE;BaseControlType.CONSTANT_BASE;4;BranchControlType.BRANCH_DEPENDS_ON_SECRET_VALUE;BranchControlType.BRANCH_INDEPENDENT_FROM_SECRET;24300;True;False;True;True;True;False;False;True;True;False;False;False;True;False;True;True;True;False;True;False;[];['has_valid_base'];True;False;True;True;True;False;False;True;True;False;False;False;True;False;True;True;True;False;True;False;[];['has_valid_base']
81ee3696-b1ea-45cf-be98-51fea2b5b2cc;RMD160Update@@LIBMD_0.0;0x49cc;0x33f4;0x0;TransmitterType.LOAD;55;0;False;['0x49cc', '0x4a10', '0x4a14', '0x4a1c', '0x3380'];<BV64 0xc + x0>;64;[];[];['<BV64 x0>'];[];['<BV64 x0>'];[];[];0;18446744073709551615;18446744073709551615;1;;;True;0;18446744073709551615;18446744073709551615;1;;;True;ControlType.CONTROLLED;0;<BV64 0xc>;64;[];[];[];[];[];[];[];12.0;12.0;0.0;1.0;;;True;12.0;12.0;0.0;1.0;;;True;ControlType.NO_CONTROL;0;<BV64 0xc>;64;[];[];[];[];[];[];[];12;12;0;1.0;;;True;12.0;12.0;0.0;1.0;;;True;ControlType.NO_CONTROL;0;<BV64 x0>;64;[];[];['<BV64 x0>'];[];['<BV64 x0>'];[];[];0.0;1.8446744073709552e+19;18446744073709551615;1;;;True;0.0;1.8446744073709552e+19;18446744073709551615;1;;;True;ControlType.CONTROLLED;0;<BV64 x0>;64;[];[];['<BV64 x0>'];[];['<BV64 x0>'];[];[];0.0;1.8446744073709552e+19;1.8446744073709552e+19;1.0;;;True;0.0;1.8446744073709552e+19;1.8446744073709552e+19;1.0;;;True;ControlType.CONTROLLED;0;<BV64 x0>;64;[];[];[];[];[];[];[];0;0;0;;;;False;0;0;0;;;;False;ControlType.UNKNOWN;0;[('0x4a0c', <Bool x2 >= 0x40 - ((LOAD_64[<BV64 x0 + 0x18>]_28 << 0x3d | LShR(LOAD_64[<BV64 x0 + 0x18>]_28, 0x3)) & 0x3f)>, 'Taken'), ('0x4a10', <Bool LOAD_64[<BV64 x0 + 0x18>]_28[8:3] == 0>, 'Taken'), ('0x4a18', <Bool x2 > 0x3f>, 'Taken'), ('0x4a2c', <Bool True>, 'Taken')];"{'regs': ['<BV64 x0>', '<BV64 x2>'], 'indirect_regs': [""<BV64 x0>: ['0x18', '0x18']""], 'direct_regs': ['<BV64 x2>'], 'mem': ['<BV64 x0 + 0x18>'], 'const_mem': []}";[];{'regs': [], 'indirect_regs': [], 'direct_regs': [], 'mem': [], 'const_mem': []};{'regs': ['<BV64 x0>'], 'indirect_regs': [], 'direct_regs': ['<BV64 x0>'], 'mem': [], 'const_mem': []};{'regs': ['<BV64 x0>', '<BV64 x2>'], 'indirect_regs': [], 'direct_regs': ['<BV64 x0>', '<BV64 x2>'], 'mem': ['<BV64 x0 + 0x18>'], 'const_mem': []};63.0;0.0;64.0;64.0;[];;;;BaseControlType.CONSTANT_BASE;BaseControlType.CONSTANT_BASE;BaseControlType.CONSTANT_BASE;4;BranchControlType.BRANCH_DEPENDS_ON_SECRET_VALUE;BranchControlType.BRANCH_INDEPENDENT_FROM_SECRET;13300;True;False;True;True;True;False;False;True;True;False;False;False;True;False;True;True;True;False;True;False;[];['has_valid_base'];True;False;True;True;True;False;False;True;True;False;False;False;True;False;True;True;True;False;True;False;[];['has_valid_base']
8a3f1858-e8d7-444c-a7ea-f402336ca774;SHA256Update@@LIBMD_0.0;0x610c;0x5f00;0x0;TransmitterType.LOAD;41;0;False;['0x610c', '0x6114', '0x6144', '0x614c', '0x5ec0'];<BV64 0x8 + x0>;64;[];[];['<BV64 x0>'];[];['<BV64 x0>'];[];[];0;18446744073709551615;18446744073709551615;1;;;True;0;18446744073709551615;18446744073709551615;1;;;True;ControlType.CONTROLLED;0;<BV64 0x8>;64;[];[];[];[];[];[];[];8.0;8.0;0.0;1.0;;;True;8.0;8.0;0.0;1.0;;;True;ControlType.NO_CONTROL;0;<BV64 0x8>;64;[];[];[];[];[];[];[];8;8;0;1.0;;;True;8.0;8.0;0.0;1.0;;;True;ControlType.NO_CONTROL;0;<BV64 x0>;64;[];[];['<BV64 x0>'];[];['<BV64 x0>'];[];[];0.0;1.8446744073709552e+19;18446744073709551615;1;;;True;0.0;1.8446744073709552e+19;18446744073709551615;1;;;True;ControlType.CONTROLLED;0;<BV64 x0>;64;[];[];['<BV64 x0>'];[];['<BV64 x0>'];[];[];0.0;1.8446744073709552e+19;1.8446744073709552e+19;1.0;;;True;0.0;1.8446744073709552e+19;1.8446744073709552e+19;1.0;;;True;ControlType.CONTROLLED;0;<BV64 x0>;64;[];[];[];[];[];[];[];0;0;0;;;;False;0;0;0;;;;False;ControlType.UNKNOWN;0;[('0x6110', <Bool x2 != 0x0>, 'Taken'), ('0x6140', <Bool ((LOAD_64[<BV64 x0 + 0x40>]_26 << 0x3d[7:0] | LShR(LOAD_64[<BV64 x0 + 0x40>]_26, 0x3)[7:0]) & 63) == 0>, 'Taken'), ('0x6148', <Bool x2 > 0x3f>, 'Taken'), ('0x6168', <Bool True>, 'Taken')];"{'regs': ['<BV64 x0>', '<BV64 x2>'], 'indirect_regs': [""<BV64 x0>: ['0x40']""], 'direct_regs': ['<BV64 x2>'], 'mem': ['<BV64 x0 + 0x40>'], 'const_mem': []}";[];{'regs': [], 'indirect_regs': [], 'direct_regs': [], 'mem': [], 'const_mem': []};{'regs': ['<BV64 x0>'], 'indirect_regs': [], 'direct_regs': ['<BV64 x0>'], 'mem': [], 'const_mem': []};{'regs': ['<BV64 x0>', '<BV64 x2>'], 'indirect_regs': [], 'direct_regs': ['<BV64 x0>', '<BV64 x2>'], 'mem': ['<BV64 x0 + 0x40>'], 'const_mem': []};63.0;0.0;64.0;64.0;['<Bool LOAD_128[<BV64 x0>]_31[31:0] == LOAD_32[<BV64 x0>]_33>', '<Bool LOAD_128[<BV64 x0>]_31[63:32] == LOAD_32[<BV64 x0 + 0x4>]_34>'];;;;BaseControlType.CONSTANT_BASE;BaseControlType.CONSTANT_BASE;BaseControlType.CONSTANT_BASE;4;BranchControlType.BRANCH_DEPENDS_ON_SECRET_VALUE;BranchControlType.BRANCH_INDEPENDENT_FROM_SECRET;24320;True;False;True;True;True;False;False;True;True;False;False;False;True;False;True;True;True;False;True;False;[];['has_valid_base'];True;False;True;True;True;False;False;True;True;False;False;False;True;False;True;True;True;False;True;False;[];['has_valid_base']
15539246-badf-407f-9dfa-ff8787094543;SHA224End@@LIBMD_0.1;0x7da4;0x6358;0x0;TransmitterType.STORE;39;0;False;['0x7da4', '0x7dd8', '0x6380', '0x6260', '0x6340'];<BV64 0x71 + x0>;64;[];[];['<BV64 x0>'];[];['<BV64 x0>'];[];[];0;18446744073709551615;18446744073709551615;1;;;True;0;18446744073709551615;18446744073709551615;1;;;True;ControlType.CONTROLLED;0;<BV64 0x71>;64;[];[];[];[];[];[];[];113.0;113.0;0.0;1.0;;;True;113.0;113.0;0.0;1.0;;;True;ControlType.NO_CONTROL;0;<BV64 0x71>;64;[];[];[];[];[];[];[];113;113;0;1.0;;;True;113.0;113.0;0.0;1.0;;;True;ControlType.NO_CONTROL;0;<BV64 x0>;64;[];[];['<BV64 x0>'];[];['<BV64 x0>'];[];[];0.0;1.8446744073709552e+19;18446744073709551615;1;;;True;0.0;1.8446744073709552e+19;18446744073709551615;1;;;True;ControlType.CONTROLLED;0;<BV64 x0>;64;[];[];['<BV64 x0>'];[];['<BV64 x0>'];[];[];0.0;1.8446744073709552e+19;1.8446744073709552e+19;1.0;;;True;0.0;1.8446744073709552e+19;1.8446744073709552e+19;1.0;;;True;ControlType.CONTROLLED;0;<BV64 x0>;64;[];[];[];[];[];[];[];0;0;0;;;;False;0;0;0;;;;False;ControlType.UNKNOWN;0;[('0x627c', <Bool ((LOAD_64[<BV64 x0 + 0x40>]_35[31:0] << 0x1d[7:0] | LShR(LOAD_64[<BV64 x0 + 0x40>]_35[31:0], 0x3)[7:0]) & 63) == 0>, 'Taken'), ('0x639c', <Bool True>, 'Taken'), ('0x7dd4', <Bool x1 != 0x0>, 'Taken'), ('0x7de0', <Bool True>, 'Taken')];"{'regs': ['<BV64 x0>', '<BV64 x1>'], 'indirect_regs': [""<BV64 x0>: ['0x40']""], 'direct_regs': ['<BV64 x1>'], 'mem': ['<BV64 x0 + 0x40>'], 'const_mem': []}";[];{'regs': [], 'indirect_regs': [], 'direct_regs': [], 'mem': [], 'const_mem': []};{'regs': ['<BV64 x0>'], 'indirect_regs': [], 'direct_regs': ['<BV64 x0>'], 'mem': [], 'const_mem': []};{'regs': ['<BV64 x0>', '<BV64 x1>'], 'indirect_regs': [], 'direct_regs': ['<BV64 x0>', '<BV64 x1>'], 'mem': ['<BV64 x0 + 0x40>'], 'const_mem': []};63.0;0.0;64.0;64.0;[];;;;BaseControlType.CONSTANT_BASE;BaseControlType.CONSTANT_BASE;BaseControlType.CONSTANT_BASE;4;BranchControlType.BRANCH_DEPENDS_ON_SECRET_VALUE;BranchControlType.BRANCH_INDEPENDENT_FROM_SECRET;25432;True;False;True;True;True;False;False;True;True;False;False;False;True;False;True;True;True;False;True;False;[];['has_valid_base'];True;False;True;True;True;False;False;True;True;False;False;False;True;False;True;True;True;False;True;False;[];['has_valid_base']
01e83971-03bf-4f04-8ec2-600ff9b22478;SHA512End@@LIBMD_0.0;0x8704;0x6a80;0x0;TransmitterType.STORE;39;0;False;['0x8704', '0x8738', '0x6aa0', '0x6920', '0x6a68'];<BV64 0x71 + x0>;64;[];[];['<BV64 x0>'];[];['<BV64 x0>'];[];[];0;18446744073709551615;18446744073709551615;1;;;True;0;18446744073709551615;18446744073709551615;1;;;True;ControlType.CONTROLLED;0;<BV64 0x71>;64;[];[];[];[];[];[];[];113.0;113.0;0.0;1.0;;;True;113.0;113.0;0.0;1.0;;;True;ControlType.NO_CONTROL;0;<BV64 0x71>;64;[];[];[];[];[];[];[];113;113;0;1.0;;;True;113.0;113.0;0.0;1.0;;;True;ControlType.NO_CONTROL;0;<BV64 x0>;64;[];[];['<BV64 x0>'];[];['<BV64 x0>'];[];[];0.0;1.8446744073709552e+19;18446744073709551615;1;;;True;0.0;1.8446744073709552e+19;18446744073709551615;1;;;True;ControlType.CONTROLLED;0;<BV64 x0>;64;[];[];['<BV64 x0>'];[];['<BV64 x0>'];[];[];0.0;1.8446744073709552e+19;1.8446744073709552e+19;1.0;;;True;0.0;1.8446744073709552e+19;1.8446744073709552e+19;1.0;;;True;ControlType.CONTROLLED;0;<BV64 x0>;64;[];[];[];[];[];[];[];0;0;0;;;;False;0;0;0;;;;False;ControlType.UNKNOWN;0;[('0x693c', <Bool ((LOAD_64[<BV64 x0 + 0x40>]_35[31:0] << 0x1d[7:0] | LShR(LOAD_64[<BV64 x0 + 0x40>]_35[31:0], 0x3)[7:0]) & 127) == 0>, 'Taken'), ('0x6abc', <Bool True>, 'Taken'), ('0x8734', <Bool x1 != 0x0>, 'Taken'), ('0x8740', <Bool True>, 'Taken')];"{'regs': ['<BV64 x0>', '<BV64 x1>'], 'indirect_regs': [""<BV64 x0>: ['0x40']""], 'direct_regs': ['<BV64 x1>'], 'mem': ['<BV64 x0 + 0x40>'], 'const_mem': []}";[];{'regs': [], 'indirect_regs': [], 'direct_regs': [], 'mem': [], 'const_mem': []};{'regs': ['<BV64 x0>'], 'indirect_regs': [], 'direct_regs': ['<BV64 x0>'], 'mem': [], 'const_mem': []};{'regs': ['<BV64 x0>', '<BV64 x1>'], 'indirect_regs': [], 'direct_regs': ['<BV64 x0>', '<BV64 x1>'], 'mem': ['<BV64 x0 + 0x40>'], 'const_mem': []};63.0;0.0;64.0;64.0;[];;;;BaseControlType.CONSTANT_BASE;BaseControlType.CONSTANT_BASE;BaseControlType.CONSTANT_BASE;4;BranchControlType.BRANCH_DEPENDS_ON_SECRET_VALUE;BranchControlType.BRANCH_INDEPENDENT_FROM_SECRET;27264;True;False;True;True;True;False;False;True;True;False;False;False;True;False;True;True;True;False;True;False;[];['has_valid_base'];True;False;True;True;True;False;False;True;True;False;False;False;True;False;True;True;True;False;True;False;[];['has_valid_base']
f16e696e-d363-483b-b61e-fbc75827786e;SHA512Pad@@LIBMD_0.0;0x6920;0x658c;0x0;TransmitterType.LOAD;40;0;False;['0x6920', '0x6940', '0x695c', '0x697c', '0x6544'];<BV64 0x18 + x0>;64;[];[];['<BV64 x0>'];[];['<BV64 x0>'];[];[];0;18446744073709551615;18446744073709551615;1;;;True;0;18446744073709551615;18446744073709551615;1;;;True;ControlType.CONTROLLED;0;<BV64 0x18>;64;[];[];[];[];[];[];[];24.0;24.0;0.0;1.0;;;True;24.0;24.0;0.0;1.0;;;True;ControlType.NO_CONTROL;0;<BV64 0x18>;64;[];[];[];[];[];[];[];24;24;0;1.0;;;True;24.0;24.0;0.0;1.0;;;True;ControlType.NO_CONTROL;0;<BV64 x0>;64;[];[];['<BV64 x0>'];[];['<BV64 x0>'];[];[];0.0;1.8446744073709552e+19;18446744073709551615;1;;;True;0.0;1.8446744073709552e+19;18446744073709551615;1;;;True;ControlType.CONTROLLED;0;<BV64 x0>;64;[];[];['<BV64 x0>'];[];['<BV64 x0>'];[];[];0.0;1.8446744073709552e+19;1.8446744073709552e+19;1.0;;;True;0.0;1.8446744073709552e+19;1.8446744073709552e+19;1.0;;;True;ControlType.CONTROLLED;0;<BV64 x0>;64;[];[];[];[];[];[];[];0;0;0;;;;False;0;0;0;;;;False;ControlType.UNKNOWN;0;[('0x693c', <Bool ((LOAD_64[<BV64 x0 + 0x40>]_24[31:0] << 0x1d[7:0] | LShR(LOAD_64[<BV64 x0 + 0x40>]_24[31:0], 0x3)[7:0]) & 127) != 0>, 'Taken'), ('0x6958', <Bool (0x0 .. LOAD_64[<BV64 x0 + 0x40>]_24[9:3]) + 0x1 > 0x70>, 'Taken'), ('0x6960', <Bool 0x1 + (0x0 .. LOAD_64[<BV64 x0 + 0x40>]_24[9:3]) == 0x80>, 'Taken'), ('0x6988', <Bool True>, 'Taken')];"{'regs': ['<BV64 x0>'], 'indirect_regs': [""<BV64 x0>: ['0x40', '0x40', '0x40']""], 'direct_regs': [], 'mem': ['<BV64 x0 + 0x40>'], 'const_mem': []}";[];{'regs': [], 'indirect_regs': [], 'direct_regs': [], 'mem': [], 'const_mem': []};{'regs': ['<BV64 x0>'], 'indirect_regs': [], 'direct_regs': ['<BV64 x0>'], 'mem': [], 'const_mem': []};{'regs': ['<BV64 x0>'], 'indirect_regs': [], 'direct_regs': ['<BV64 x0>'], 'mem': ['<BV64 x0 + 0x40>'], 'const_mem': []};63.0;0.0;64.0;64.0;[];;;;BaseControlType.CONSTANT_BASE;BaseControlType.CONSTANT_BASE;BaseControlType.CONSTANT_BASE;4;BranchControlType.BRANCH_DEPENDS_ON_SECRET_VALUE;BranchControlType.BRANCH_INDEPENDENT_FROM_SECRET;25996;True;False;True;True;True;False;False;True;True;False;False;False;True;False;True;True;True;False;True;False;[];['has_valid_base'];True;False;True;True;True;False;False;True;True;False;False;False;True;False;True;True;True;False;True;False;[];['has_valid_base']
892a40a2-b4c1-4890-be62-ca532aa1ba8d;SHA384End@@LIBMD_0.0;0x83e4;0x6a80;0x0;TransmitterType.STORE;39;0;False;['0x83e4', '0x8418', '0x6bc0', '0x6920', '0x6a68'];<BV64 0x71 + x0>;64;[];[];['<BV64 x0>'];[];['<BV64 x0>'];[];[];0;18446744073709551615;18446744073709551615;1;;;True;0;18446744073709551615;18446744073709551615;1;;;True;ControlType.CONTROLLED;0;<BV64 0x71>;64;[];[];[];[];[];[];[];113.0;113.0;0.0;1.0;;;True;113.0;113.0;0.0;1.0;;;True;ControlType.NO_CONTROL;0;<BV64 0x71>;64;[];[];[];[];[];[];[];113;113;0;1.0;;;True;113.0;113.0;0.0;1.0;;;True;ControlType.NO_CONTROL;0;<BV64 x0>;64;[];[];['<BV64 x0>'];[];['<BV64 x0>'];[];[];0.0;1.8446744073709552e+19;18446744073709551615;1;;;True;0.0;1.8446744073709552e+19;18446744073709551615;1;;;True;ControlType.CONTROLLED;0;<BV64 x0>;64;[];[];['<BV64 x0>'];[];['<BV64 x0>'];[];[];0.0;1.8446744073709552e+19;1.8446744073709552e+19;1.0;;;True;0.0;1.8446744073709552e+19;1.8446744073709552e+19;1.0;;;True;ControlType.CONTROLLED;0;<BV64 x0>;64;[];[];[];[];[];[];[];0;0;0;;;;False;0;0;0;;;;False;ControlType.UNKNOWN;0;[('0x693c', <Bool ((LOAD_64[<BV64 x0 + 0x40>]_35[31:0] << 0x1d[7:0] | LShR(LOAD_64[<BV64 x0 + 0x40>]_35[31:0], 0x3)[7:0]) & 127) == 0>, 'Taken'), ('0x6bdc', <Bool True>, 'Taken'), ('0x8414', <Bool x1 != 0x0>, 'Taken'), ('0x8420', <Bool True>, 'Taken')];"{'regs': ['<BV64 x0>', '<BV64 x1>'], 'indirect_regs': [""<BV64 x0>: ['0x40']""], 'direct_regs': ['<BV64 x1>'], 'mem': ['<BV64 x0 + 0x40>'], 'const_mem': []}";[];{'regs': [], 'indirect_regs': [], 'direct_regs': [], 'mem': [], 'const_mem': []};{'regs': ['<BV64 x0>'], 'indirect_regs': [], 'direct_regs': ['<BV64 x0>'], 'mem': [], 'const_mem': []};{'regs': ['<BV64 x0>', '<BV64 x1>'], 'indirect_regs': [], 'direct_regs': ['<BV64 x0>', '<BV64 x1>'], 'mem': ['<BV64 x0 + 0x40>'], 'const_mem': []};63.0;0.0;64.0;64.0;[];;;;BaseControlType.CONSTANT_BASE;BaseControlType.CONSTANT_BASE;BaseControlType.CONSTANT_BASE;4;BranchControlType.BRANCH_DEPENDS_ON_SECRET_VALUE;BranchControlType.BRANCH_INDEPENDENT_FROM_SECRET;27264;True;False;True;True;True;False;False;True;True;False;False;False;True;False;True;True;True;False;True;False;[];['has_valid_base'];True;False;True;True;True;False;False;True;True;False;False;False;True;False;True;True;True;False;True;False;[];['has_valid_base']
e2dc3eb1-ab5e-4434-9452-8cc0162d6f06;SHA512_256Pad@@LIBMD_0.1;0x6920;0x6590;0x0;TransmitterType.LOAD;41;0;False;['0x6920', '0x6940', '0x695c', '0x697c', '0x6544'];<BV64 0x20 + x0>;64;[];[];['<BV64 x0>'];[];['<BV64 x0>'];[];[];0;18446744073709551615;18446744073709551615;1;;;True;0;18446744073709551615;18446744073709551615;1;;;True;ControlType.CONTROLLED;0;<BV64 0x20>;64;[];[];[];[];[];[];[];32.0;32.0;0.0;1.0;;;True;32.0;32.0;0.0;1.0;;;True;ControlType.NO_CONTROL;0;<BV64 0x20>;64;[];[];[];[];[];[];[];32;32;0;1.0;;;True;32.0;32.0;0.0;1.0;;;True;ControlType.NO_CONTROL;0;<BV64 x0>;64;[];[];['<BV64 x0>'];[];['<BV64 x0>'];[];[];0.0;1.8446744073709552e+19;18446744073709551615;1;;;True;0.0;1.8446744073709552e+19;18446744073709551615;1;;;True;ControlType.CONTROLLED;0;<BV64 x0>;64;[];[];['<BV64 x0>'];[];['<BV64 x0>'];[];[];0.0;1.8446744073709552e+19;1.8446744073709552e+19;1.0;;;True;0.0;1.8446744073709552e+19;1.8446744073709552e+19;1.0;;;True;ControlType.CONTROLLED;0;<BV64 x0>;64;[];[];[];[];[];[];[];0;0;0;;;;False;0;0;0;;;;False;ControlType.UNKNOWN;0;[('0x693c', <Bool ((LOAD_64[<BV64 x0 + 0x40>]_24[31:0] << 0x1d[7:0] | LShR(LOAD_64[<BV64 x0 + 0x40>]_24[31:0], 0x3)[7:0]) & 127) != 0>, 'Taken'), ('0x6958', <Bool (0x0 .. LOAD_64[<BV64 x0 + 0x40>]_24[9:3]) + 0x1 > 0x70>, 'Taken'), ('0x6960', <Bool 0x1 + (0x0 .. LOAD_64[<BV64 x0 + 0x40>]_24[9:3]) == 0x80>, 'Taken'), ('0x6988', <Bool True>, 'Taken')];"{'regs': ['<BV64 x0>'], 'indirect_regs': [""<BV64 x0>: ['0x40', '0x40', '0x40']""], 'direct_regs': [], 'mem': ['<BV64 x0 + 0x40>'], 'const_mem': []}";[];{'regs': [], 'indirect_regs': [], 'direct_regs': [], 'mem': [], 'const_mem': []};{'regs': ['<BV64 x0>'], 'indirect_regs': [], 'direct_regs': ['<BV64 x0>'], 'mem': [], 'const_mem': []};{'regs': ['<BV64 x0>'], 'indirect_regs': [], 'direct_regs': ['<BV64 x0>'], 'mem': ['<BV64 x0 + 0x40>'], 'const_mem': []};63.0;0.0;64.0;64.0;[];;;;BaseControlType.CONSTANT_BASE;BaseControlType.CONSTANT_BASE;BaseControlType.CONSTANT_BASE;4;BranchControlType.BRANCH_DEPENDS_ON_SECRET_VALUE;BranchControlType.BRANCH_INDEPENDENT_FROM_SECRET;26000;True;False;True;True;True;False;False;True;True;False;False;False;True;False;True;True;True;False;True;False;[];['has_valid_base'];True;False;True;True;True;False;False;True;True;False;False;False;True;False;True;True;True;False;True;False;[];['has_valid_base']
edbec152-666f-4cf8-b8b7-581aab87d91a;SHA512_256End@@LIBMD_0.1;0x8a24;0x6a80;0x0;TransmitterType.STORE;39;0;False;['0x8a24', '0x8a58', '0x6ce0', '0x6920', '0x6a68'];<BV64 0x71 + x0>;64;[];[];['<BV64 x0>'];[];['<BV64 x0>'];[];[];0;18446744073709551615;18446744073709551615;1;;;True;0;18446744073709551615;18446744073709551615;1;;;True;ControlType.CONTROLLED;0;<BV64 0x71>;64;[];[];[];[];[];[];[];113.0;113.0;0.0;1.0;;;True;113.0;113.0;0.0;1.0;;;True;ControlType.NO_CONTROL;0;<BV64 0x71>;64;[];[];[];[];[];[];[];113;113;0;1.0;;;True;113.0;113.0;0.0;1.0;;;True;ControlType.NO_CONTROL;0;<BV64 x0>;64;[];[];['<BV64 x0>'];[];['<BV64 x0>'];[];[];0.0;1.8446744073709552e+19;18446744073709551615;1;;;True;0.0;1.8446744073709552e+19;18446744073709551615;1;;;True;ControlType.CONTROLLED;0;<BV64 x0>;64;[];[];['<BV64 x0>'];[];['<BV64 x0>'];[];[];0.0;1.8446744073709552e+19;1.8446744073709552e+19;1.0;;;True;0.0;1.8446744073709552e+19;1.8446744073709552e+19;1.0;;;True;ControlType.CONTROLLED;0;<BV64 x0>;64;[];[];[];[];[];[];[];0;0;0;;;;False;0;0;0;;;;False;ControlType.UNKNOWN;0;[('0x693c', <Bool ((LOAD_64[<BV64 x0 + 0x40>]_35[31:0] << 0x1d[7:0] | LShR(LOAD_64[<BV64 x0 + 0x40>]_35[31:0], 0x3)[7:0]) & 127) == 0>, 'Taken'), ('0x6cfc', <Bool True>, 'Taken'), ('0x8a54', <Bool x1 != 0x0>, 'Taken'), ('0x8a60', <Bool True>, 'Taken')];"{'regs': ['<BV64 x0>', '<BV64 x1>'], 'indirect_regs': [""<BV64 x0>: ['0x40']""], 'direct_regs': ['<BV64 x1>'], 'mem': ['<BV64 x0 + 0x40>'], 'const_mem': []}";[];{'regs': [], 'indirect_regs': [], 'direct_regs': [], 'mem': [], 'const_mem': []};{'regs': ['<BV64 x0>'], 'indirect_regs': [], 'direct_regs': ['<BV64 x0>'], 'mem': [], 'const_mem': []};{'regs': ['<BV64 x0>', '<BV64 x1>'], 'indirect_regs': [], 'direct_regs': ['<BV64 x0>', '<BV64 x1>'], 'mem': ['<BV64 x0 + 0x40>'], 'const_mem': []};63.0;0.0;64.0;64.0;[];;;;BaseControlType.CONSTANT_BASE;BaseControlType.CONSTANT_BASE;BaseControlType.CONSTANT_BASE;4;BranchControlType.BRANCH_DEPENDS_ON_SECRET_VALUE;BranchControlType.BRANCH_INDEPENDENT_FROM_SECRET;27264;True;False;True;True;True;False;False;True;True;False;False;False;True;False;True;True;True;False;True;False;[];['has_valid_base'];True;False;True;True;True;False;False;True;True;False;False;False;True;False;True;True;True;False;True;False;[];['has_valid_base']
ecc522e4-fc2f-453d-a3f9-52abf599eba9;SHA256Pad@@LIBMD_0.0;0x6260;0x5f00;0x0;TransmitterType.LOAD;38;0;False;['0x6260', '0x6280', '0x629c', '0x62bc', '0x5ec0'];<BV64 0x8 + x0>;64;[];[];['<BV64 x0>'];[];['<BV64 x0>'];[];[];0;18446744073709551615;18446744073709551615;1;;;True;0;18446744073709551615;18446744073709551615;1;;;True;ControlType.CONTROLLED;0;<BV64 0x8>;64;[];[];[];[];[];[];[];8.0;8.0;0.0;1.0;;;True;8.0;8.0;0.0;1.0;;;True;ControlType.NO_CONTROL;0;<BV64 0x8>;64;[];[];[];[];[];[];[];8;8;0;1.0;;;True;8.0;8.0;0.0;1.0;;;True;ControlType.NO_CONTROL;0;<BV64 x0>;64;[];[];['<BV64 x0>'];[];['<BV64 x0>'];[];[];0.0;1.8446744073709552e+19;18446744073709551615;1;;;True;0.0;1.8446744073709552e+19;18446744073709551615;1;;;True;ControlType.CONTROLLED;0;<BV64 x0>;64;[];[];['<BV64 x0>'];[];['<BV64 x0>'];[];[];0.0;1.8446744073709552e+19;1.8446744073709552e+19;1.0;;;True;0.0;1.8446744073709552e+19;1.8446744073709552e+19;1.0;;;True;ControlType.CONTROLLED;0;<BV64 x0>;64;[];[];[];[];[];[];[];0;0;0;;;;False;0;0;0;;;;False;ControlType.UNKNOWN;0;[('0x627c', <Bool ((LOAD_64[<BV64 x0 + 0x40>]_24[31:0] << 0x1d[7:0] | LShR(LOAD_64[<BV64 x0 + 0x40>]_24[31:0], 0x3)[7:0]) & 63) != 0>, 'Taken'), ('0x6298', <Bool (0x0 .. LOAD_64[<BV64 x0 + 0x40>]_24[8:3]) + 0x1 > 0x38>, 'Taken'), ('0x62a0', <Bool 0x1 + (0x0 .. LOAD_64[<BV64 x0 + 0x40>]_24[8:3]) == 0x40>, 'Taken'), ('0x62c8', <Bool True>, 'Taken')];"{'regs': ['<BV64 x0>'], 'indirect_regs': [""<BV64 x0>: ['0x40', '0x40', '0x40']""], 'direct_regs': [], 'mem': ['<BV64 x0 + 0x40>'], 'const_mem': []}";[];{'regs': [], 'indirect_regs': [], 'direct_regs': [], 'mem': [], 'const_mem': []};{'regs': ['<BV64 x0>'], 'indirect_regs': [], 'direct_regs': ['<BV64 x0>'], 'mem': [], 'const_mem': []};{'regs': ['<BV64 x0>'], 'indirect_regs': [], 'direct_regs': ['<BV64 x0>'], 'mem': ['<BV64 x0 + 0x40>'], 'const_mem': []};63.0;0.0;64.0;64.0;['<Bool LOAD_128[<BV64 x0>]_30[31:0] == LOAD_32[<BV64 x0>]_32>', '<Bool LOAD_128[<BV64 x0>]_30[63:32] == LOAD_32[<BV64 x0 + 0x4>]_33>'];;;;BaseControlType.CONSTANT_BASE;BaseControlType.CONSTANT_BASE;BaseControlType.CONSTANT_BASE;4;BranchControlType.BRANCH_DEPENDS_ON_SECRET_VALUE;BranchControlType.BRANCH_INDEPENDENT_FROM_SECRET;24320;True;False;True;True;True;False;False;True;True;False;False;False;True;False;True;True;True;False;True;False;[];['has_valid_base'];True;False;True;True;True;False;False;True;True;False;False;False;True;False;True;True;True;False;True;False;[];['has_valid_base']
864c0e88-1dc6-4171-87d8-6854c5e9d524;SHA512_256Update@@LIBMD_0.1;0x67c0;0x6590;0x0;TransmitterType.LOAD;41;0;False;['0x67c0', '0x67c8', '0x67f8', '0x6800', '0x6544'];<BV64 0x28 + x0>;64;[];[];['<BV64 x0>'];[];['<BV64 x0>'];[];[];0;18446744073709551615;18446744073709551615;1;;;True;0;18446744073709551615;18446744073709551615;1;;;True;ControlType.CONTROLLED;0;<BV64 0x28>;64;[];[];[];[];[];[];[];40.0;40.0;0.0;1.0;;;True;40.0;40.0;0.0;1.0;;;True;ControlType.NO_CONTROL;0;<BV64 0x28>;64;[];[];[];[];[];[];[];40;40;0;1.0;;;True;40.0;40.0;0.0;1.0;;;True;ControlType.NO_CONTROL;0;<BV64 x0>;64;[];[];['<BV64 x0>'];[];['<BV64 x0>'];[];[];0.0;1.8446744073709552e+19;18446744073709551615;1;;;True;0.0;1.8446744073709552e+19;18446744073709551615;1;;;True;ControlType.CONTROLLED;0;<BV64 x0>;64;[];[];['<BV64 x0>'];[];['<BV64 x0>'];[];[];0.0;1.8446744073709552e+19;1.8446744073709552e+19;1.0;;;True;0.0;1.8446744073709552e+19;1.8446744073709552e+19;1.0;;;True;ControlType.CONTROLLED;0;<BV64 x0>;64;[];[];[];[];[];[];[];0;0;0;;;;False;0;0;0;;;;False;ControlType.UNKNOWN;0;[('0x67c4', <Bool x2 != 0x0>, 'Taken'), ('0x67f4', <Bool ((LOAD_64[<BV64 x0 + 0x40>]_26 << 0x3d[7:0] | LShR(LOAD_64[<BV64 x0 + 0x40>]_26, 0x3)[7:0]) & 127) == 0>, 'Taken'), ('0x67fc', <Bool x2 > 0x7f>, 'Taken'), ('0x6810', <Bool True>, 'Taken')];"{'regs': ['<BV64 x0>', '<BV64 x2>'], 'indirect_regs': [""<BV64 x0>: ['0x40']""], 'direct_regs': ['<BV64 x2>'], 'mem': ['<BV64 x0 + 0x40>'], 'const_mem': []}";[];{'regs': [], 'indirect_regs': [], 'direct_regs': [], 'mem': [], 'const_mem': []};{'regs': ['<BV64 x0>'], 'indirect_regs': [], 'direct_regs': ['<BV64 x0>'], 'mem': [], 'const_mem': []};{'regs': ['<BV64 x0>', '<BV64 x2>'], 'indirect_regs': [], 'direct_regs': ['<BV64 x0>', '<BV64 x2>'], 'mem': ['<BV64 x0 + 0x40>'], 'const_mem': []};63.0;0.0;64.0;64.0;[];;;;BaseControlType.CONSTANT_BASE;BaseControlType.CONSTANT_BASE;BaseControlType.CONSTANT_BASE;4;BranchControlType.BRANCH_DEPENDS_ON_SECRET_VALUE;BranchControlType.BRANCH_INDEPENDENT_FROM_SECRET;26000;True;False;True;True;True;False;False;True;True;False;False;False;True;False;True;True;True;False;True;False;[];['has_valid_base'];True;False;True;True;True;False;False;True;True;False;False;False;True;False;True;True;True;False;True;False;[];['has_valid_base']
fc829350-cc86-4203-8d50-4ffaf8de1b0d;MD2Transform@@LIBMD_0.0;0x1bc0;0x1bf0;0x0;TransmitterType.LOAD;25;0;False;['0x1bc0', '0x1be4'];<BV64 0x15 + x0>;64;[('0x1c10', <Bool x0 + 0x14 != x0 + 0x5>, 'Taken')];[];['<BV64 x0>'];[];['<BV64 x0>'];[];[];0;18446744073709551615;18446744073709551615;1;;;True;0;18446744073709551615;18446744073709551615;1;;;True;ControlType.CONTROLLED;0;<BV64 0x15>;64;[];[];[];[];[];[];[];21.0;21.0;0.0;1.0;;;True;21.0;21.0;0.0;1.0;;;True;ControlType.NO_CONTROL;0;<BV64 0x15>;64;[];[];[];[];[];[];[];21;21;0;1.0;;;True;21.0;21.0;0.0;1.0;;;True;ControlType.NO_CONTROL;0;<BV64 x0>;64;[('0x1c10', <Bool x0 + 0x14 != x0 + 0x5>, 'Taken')];[];['<BV64 x0>'];[];['<BV64 x0>'];[];[];0.0;1.8446744073709552e+19;18446744073709551615;1;;;True;0.0;1.8446744073709552e+19;18446744073709551615;1;;;True;ControlType.CONTROLLED;0;<BV64 x0>;64;[('0x1c10', <Bool x0 + 0x14 != x0 + 0x5>, 'Taken')];[];['<BV64 x0>'];[];['<BV64 x0>'];[];[];0.0;1.8446744073709552e+19;1.8446744073709552e+19;1.0;;;True;0.0;1.8446744073709552e+19;1.8446744073709552e+19;1.0;;;True;ControlType.CONTROLLED;0;<BV64 x0>;64;[];[];[];[];[];[];[];0;0;0;;;;False;0;0;0;;;;False;ControlType.UNKNOWN;0;[('0x1c10', <Bool x0 + 0x14 != x0 + 0x5>, 'Taken')];{'regs': ['<BV64 x0>'], 'indirect_regs': [], 'direct_regs': ['<BV64 x0>'], 'mem': [], 'const_mem': []};[];{'regs': [], 'indirect_regs': [], 'direct_regs': [], 'mem': [], 'const_mem': []};{'regs': ['<BV64 x0>'], 'indirect_regs': [], 'direct_regs': ['<BV64 x0>'], 'mem': [], 'const_mem': []};{'regs': ['<BV64 x0>'], 'indirect_regs': [], 'direct_regs': ['<BV64 x0>'], 'mem': [], 'const_mem': []};63.0;0.0;64.0;64.0;[];;;;BaseControlType.CONSTANT_BASE;BaseControlType.CONSTANT_BASE;BaseControlType.CONSTANT_BASE;1;BranchControlType.BRANCH_DEPENDS_ON_SECRET_VALUE;BranchControlType.BRANCH_INDEPENDENT_FROM_SECRET;7152;True;False;True;True;True;False;False;True;True;False;False;False;True;False;True;True;True;False;True;False;[];['has_valid_base'];True;False;True;True;True;False;False;True;True;False;False;False;True;False;True;True;True;False;True;False;[];['has_valid_base']
0e9ad7a9-75c4-4238-8746-c51924e7a965;SHA224Pad@@LIBMD_0.1;0x6260;0x5f00;0x0;TransmitterType.LOAD;38;0;False;['0x6260', '0x6280', '0x629c', '0x62bc', '0x5ec0'];<BV64 0x8 + x0>;64;[];[];['<BV64 x0>'];[];['<BV64 x0>'];[];[];0;18446744073709551615;18446744073709551615;1;;;True;0;18446744073709551615;18446744073709551615;1;;;True;ControlType.CONTROLLED;0;<BV64 0x8>;64;[];[];[];[];[];[];[];8.0;8.0;0.0;1.0;;;True;8.0;8.0;0.0;1.0;;;True;ControlType.NO_CONTROL;0;<BV64 0x8>;64;[];[];[];[];[];[];[];8;8;0;1.0;;;True;8.0;8.0;0.0;1.0;;;True;ControlType.NO_CONTROL;0;<BV64 x0>;64;[];[];['<BV64 x0>'];[];['<BV64 x0>'];[];[];0.0;1.8446744073709552e+19;18446744073709551615;1;;;True;0.0;1.8446744073709552e+19;18446744073709551615;1;;;True;ControlType.CONTROLLED;0;<BV64 x0>;64;[];[];['<BV64 x0>'];[];['<BV64 x0>'];[];[];0.0;1.8446744073709552e+19;1.8446744073709552e+19;1.0;;;True;0.0;1.8446744073709552e+19;1.8446744073709552e+19;1.0;;;True;ControlType.CONTROLLED;0;<BV64 x0>;64;[];[];[];[];[];[];[];0;0;0;;;;False;0;0;0;;;;False;ControlType.UNKNOWN;0;[('0x627c', <Bool ((LOAD_64[<BV64 x0 + 0x40>]_24[31:0] << 0x1d[7:0] | LShR(LOAD_64[<BV64 x0 + 0x40>]_24[31:0], 0x3)[7:0]) & 63) != 0>, 'Taken'), ('0x6298', <Bool (0x0 .. LOAD_64[<BV64 x0 + 0x40>]_24[8:3]) + 0x1 > 0x38>, 'Taken'), ('0x62a0', <Bool 0x1 + (0x0 .. LOAD_64[<BV64 x0 + 0x40>]_24[8:3]) == 0x40>, 'Taken'), ('0x62c8', <Bool True>, 'Taken')];"{'regs': ['<BV64 x0>'], 'indirect_regs': [""<BV64 x0>: ['0x40', '0x40', '0x40']""], 'direct_regs': [], 'mem': ['<BV64 x0 + 0x40>'], 'const_mem': []}";[];{'regs': [], 'indirect_regs': [], 'direct_regs': [], 'mem': [], 'const_mem': []};{'regs': ['<BV64 x0>'], 'indirect_regs': [], 'direct_regs': ['<BV64 x0>'], 'mem': [], 'const_mem': []};{'regs': ['<BV64 x0>'], 'indirect_regs': [], 'direct_regs': ['<BV64 x0>'], 'mem': ['<BV64 x0 + 0x40>'], 'const_mem': []};63.0;0.0;64.0;64.0;['<Bool LOAD_128[<BV64 x0>]_30[31:0] == LOAD_32[<BV64 x0>]_32>', '<Bool LOAD_128[<BV64 x0>]_30[63:32] == LOAD_32[<BV64 x0 + 0x4>]_33>'];;;;BaseControlType.CONSTANT_BASE;BaseControlType.CONSTANT_BASE;BaseControlType.CONSTANT_BASE;4;BranchControlType.BRANCH_DEPENDS_ON_SECRET_VALUE;BranchControlType.BRANCH_INDEPENDENT_FROM_SECRET;24320;True;False;True;True;True;False;False;True;True;False;False;False;True;False;True;True;True;False;True;False;[];['has_valid_base'];True;False;True;True;True;False;False;True;True;False;False;False;True;False;True;True;True;False;True;False;[];['has_valid_base']
40c3ea9f-a4f1-4afd-ba9a-39963d320edd;SHA512End@@LIBMD_0.0;0x8704;0x6a84;0x0;TransmitterType.STORE;40;0;False;['0x8704', '0x8738', '0x6aa0', '0x6920', '0x6a68'];<BV64 0x81 + x0>;64;[];[];['<BV64 x0>'];[];['<BV64 x0>'];[];[];0;18446744073709551615;18446744073709551615;1;;;True;0;18446744073709551615;18446744073709551615;1;;;True;ControlType.CONTROLLED;0;<BV64 0x81>;64;[];[];[];[];[];[];[];129.0;129.0;0.0;1.0;;;True;129.0;129.0;0.0;1.0;;;True;ControlType.NO_CONTROL;0;<BV64 0x81>;64;[];[];[];[];[];[];[];129;129;0;1.0;;;True;129.0;129.0;0.0;1.0;;;True;ControlType.NO_CONTROL;0;<BV64 x0>;64;[];[];['<BV64 x0>'];[];['<BV64 x0>'];[];[];0.0;1.8446744073709552e+19;18446744073709551615;1;;;True;0.0;1.8446744073709552e+19;18446744073709551615;1;;;True;ControlType.CONTROLLED;0;<BV64 x0>;64;[];[];['<BV64 x0>'];[];['<BV64 x0>'];[];[];0.0;1.8446744073709552e+19;1.8446744073709552e+19;1.0;;;True;0.0;1.8446744073709552e+19;1.8446744073709552e+19;1.0;;;True;ControlType.CONTROLLED;0;<BV64 x0>;64;[];[];[];[];[];[];[];0;0;0;;;;False;0;0;0;;;;False;ControlType.UNKNOWN;0;[('0x693c', <Bool ((LOAD_64[<BV64 x0 + 0x40>]_35[31:0] << 0x1d[7:0] | LShR(LOAD_64[<BV64 x0 + 0x40>]_35[31:0], 0x3)[7:0]) & 127) == 0>, 'Taken'), ('0x6abc', <Bool True>, 'Taken'), ('0x8734', <Bool x1 != 0x0>, 'Taken'), ('0x8740', <Bool True>, 'Taken')];"{'regs': ['<BV64 x0>', '<BV64 x1>'], 'indirect_regs': [""<BV64 x0>: ['0x40']""], 'direct_regs': ['<BV64 x1>'], 'mem': ['<BV64 x0 + 0x40>'], 'const_mem': []}";[];{'regs': [], 'indirect_regs': [], 'direct_regs': [], 'mem': [], 'const_mem': []};{'regs': ['<BV64 x0>'], 'indirect_regs': [], 'direct_regs': ['<BV64 x0>'], 'mem': [], 'const_mem': []};{'regs': ['<BV64 x0>', '<BV64 x1>'], 'indirect_regs': [], 'direct_regs': ['<BV64 x0>', '<BV64 x1>'], 'mem': ['<BV64 x0 + 0x40>'], 'const_mem': []};63.0;0.0;64.0;64.0;[];;;;BaseControlType.CONSTANT_BASE;BaseControlType.CONSTANT_BASE;BaseControlType.CONSTANT_BASE;4;BranchControlType.BRANCH_DEPENDS_ON_SECRET_VALUE;BranchControlType.BRANCH_INDEPENDENT_FROM_SECRET;27268;True;False;True;True;True;False;False;True;True;False;False;False;True;False;True;True;True;False;True;False;[];['has_valid_base'];True;False;True;True;True;False;False;True;True;False;False;False;True;False;True;True;True;False;True;False;[];['has_valid_base']
a12d98a4-9636-471c-98d3-90a3968b02a3;RMD160Update@@LIBMD_0.0;0x49cc;0x3404;0x0;TransmitterType.LOAD;59;0;False;['0x49cc', '0x4a10', '0x4a14', '0x4a1c', '0x3380'];<BV64 x0>;64;[];[];['<BV64 x0>'];[];['<BV64 x0>'];[];[];0;18446744073709551615;18446744073709551615;1;;;True;0;18446744073709551615;18446744073709551615;1;;;True;ControlType.CONTROLLED;0;;0;[];[];[];[];[];[];[];0.0;0.0;0.0;0.0;;;False;0.0;0.0;0.0;0.0;;;False;ControlType.UNKNOWN;0;;0;[];[];[];[];[];[];[];0;0;0;;;;False;0.0;0.0;0.0;0.0;;;False;ControlType.UNKNOWN;0;<BV64 x0>;64;[];[];['<BV64 x0>'];[];['<BV64 x0>'];[];[];0.0;1.8446744073709552e+19;18446744073709551615;1;;;True;0.0;1.8446744073709552e+19;18446744073709551615;1;;;True;ControlType.CONTROLLED;0;<BV64 x0>;64;[];[];['<BV64 x0>'];[];['<BV64 x0>'];[];[];0.0;1.8446744073709552e+19;1.8446744073709552e+19;1.0;;;True;0.0;1.8446744073709552e+19;1.8446744073709552e+19;1.0;;;True;ControlType.CONTROLLED;0;<BV64 x0>;64;[];[];[];[];[];[];[];0;0;0;;;;False;0;0;0;;;;False;ControlType.UNKNOWN;0;[('0x4a0c', <Bool x2 >= 0x40 - ((LOAD_64[<BV64 x0 + 0x18>]_28 << 0x3d | LShR(LOAD_64[<BV64 x0 + 0x18>]_28, 0x3)) & 0x3f)>, 'Taken'), ('0x4a10', <Bool LOAD_64[<BV64 x0 + 0x18>]_28[8:3] == 0>, 'Taken'), ('0x4a18', <Bool x2 > 0x3f>, 'Taken'), ('0x4a2c', <Bool True>, 'Taken')];"{'regs': ['<BV64 x0>', '<BV64 x2>'], 'indirect_regs': [""<BV64 x0>: ['0x18', '0x18']""], 'direct_regs': ['<BV64 x2>'], 'mem': ['<BV64 x0 + 0x18>'], 'const_mem': []}";[];{'regs': [], 'indirect_regs': [], 'direct_regs': [], 'mem': [], 'const_mem': []};{'regs': ['<BV64 x0>'], 'indirect_regs': [], 'direct_regs': ['<BV64 x0>'], 'mem': [], 'const_mem': []};{'regs': ['<BV64 x0>', '<BV64 x2>'], 'indirect_regs': [], 'direct_regs': ['<BV64 x0>', '<BV64 x2>'], 'mem': ['<BV64 x0 + 0x18>'], 'const_mem': []};63.0;0.0;64.0;64.0;[];;;;BaseControlType.NO_BASE;BaseControlType.NO_BASE;BaseControlType.NO_BASE;4;BranchControlType.BRANCH_DEPENDS_ON_SECRET_VALUE;BranchControlType.BRANCH_INDEPENDENT_FROM_SECRET;13316;True;False;True;True;True;False;False;True;True;False;False;False;True;False;True;True;True;False;True;False;[];['has_valid_base'];True;False;True;True;True;False;False;True;True;False;False;False;True;False;True;True;True;False;True;False;[];['has_valid_base']
d259035a-92f6-42e8-bdd8-2e3d909c3c6c;SHA256Update@@LIBMD_0.0;0x610c;0x5f08;0x0;TransmitterType.LOAD;43;0;False;['0x610c', '0x6114', '0x6144', '0x614c', '0x5ec0'];<BV64 0x18 + x0>;64;[];[];['<BV64 x0>'];[];['<BV64 x0>'];[];[];0;18446744073709551615;18446744073709551615;1;;;True;0;18446744073709551615;18446744073709551615;1;;;True;ControlType.CONTROLLED;0;<BV64 0x18>;64;[];[];[];[];[];[];[];24.0;24.0;0.0;1.0;;;True;24.0;24.0;0.0;1.0;;;True;ControlType.NO_CONTROL;0;<BV64 0x18>;64;[];[];[];[];[];[];[];24;24;0;1.0;;;True;24.0;24.0;0.0;1.0;;;True;ControlType.NO_CONTROL;0;<BV64 x0>;64;[];[];['<BV64 x0>'];[];['<BV64 x0>'];[];[];0.0;1.8446744073709552e+19;18446744073709551615;1;;;True;0.0;1.8446744073709552e+19;18446744073709551615;1;;;True;ControlType.CONTROLLED;0;<BV64 x0>;64;[];[];['<BV64 x0>'];[];['<BV64 x0>'];[];[];0.0;1.8446744073709552e+19;1.8446744073709552e+19;1.0;;;True;0.0;1.8446744073709552e+19;1.8446744073709552e+19;1.0;;;True;ControlType.CONTROLLED;0;<BV64 x0>;64;[];[];[];[];[];[];[];0;0;0;;;;False;0;0;0;;;;False;ControlType.UNKNOWN;0;[('0x6110', <Bool x2 != 0x0>, 'Taken'), ('0x6140', <Bool ((LOAD_64[<BV64 x0 + 0x40>]_26 << 0x3d[7:0] | LShR(LOAD_64[<BV64 x0 + 0x40>]_26, 0x3)[7:0]) & 63) == 0>, 'Taken'), ('0x6148', <Bool x2 > 0x3f>, 'Taken'), ('0x6168', <Bool True>, 'Taken')];"{'regs': ['<BV64 x0>', '<BV64 x2>'], 'indirect_regs': [""<BV64 x0>: ['0x40']""], 'direct_regs': ['<BV64 x2>'], 'mem': ['<BV64 x0 + 0x40>'], 'const_mem': []}";[];{'regs': [], 'indirect_regs': [], 'direct_regs': [], 'mem': [], 'const_mem': []};{'regs': ['<BV64 x0>'], 'indirect_regs': [], 'direct_regs': ['<BV64 x0>'], 'mem': [], 'const_mem': []};{'regs': ['<BV64 x0>', '<BV64 x2>'], 'indirect_regs': [], 'direct_regs': ['<BV64 x0>', '<BV64 x2>'], 'mem': ['<BV64 x0 + 0x40>'], 'const_mem': []};63.0;0.0;64.0;64.0;['<Bool LOAD_128[<BV64 x0>]_31[31:0] == LOAD_32[<BV64 x0>]_33>', '<Bool LOAD_128[<BV64 x0>]_31[63:32] == LOAD_32[<BV64 x0 + 0x4>]_34>'];;;;BaseControlType.CONSTANT_BASE;BaseControlType.CONSTANT_BASE;BaseControlType.CONSTANT_BASE;4;BranchControlType.BRANCH_DEPENDS_ON_SECRET_VALUE;BranchControlType.BRANCH_INDEPENDENT_FROM_SECRET;24328;True;False;True;True;True;False;False;True;True;False;False;False;True;False;True;True;True;False;True;False;[];['has_valid_base'];True;False;True;True;True;False;False;True;True;False;False;False;True;False;True;True;True;False;True;False;[];['has_valid_base']
0226a551-34c5-4089-b696-c501d731001e;SHA512Pad@@LIBMD_0.0;0x6920;0x6590;0x0;TransmitterType.LOAD;41;0;False;['0x6920', '0x6940', '0x695c', '0x697c', '0x6544'];<BV64 0x20 + x0>;64;[];[];['<BV64 x0>'];[];['<BV64 x0>'];[];[];0;18446744073709551615;18446744073709551615;1;;;True;0;18446744073709551615;18446744073709551615;1;;;True;ControlType.CONTROLLED;0;<BV64 0x20>;64;[];[];[];[];[];[];[];32.0;32.0;0.0;1.0;;;True;32.0;32.0;0.0;1.0;;;True;ControlType.NO_CONTROL;0;<BV64 0x20>;64;[];[];[];[];[];[];[];32;32;0;1.0;;;True;32.0;32.0;0.0;1.0;;;True;ControlType.NO_CONTROL;0;<BV64 x0>;64;[];[];['<BV64 x0>'];[];['<BV64 x0>'];[];[];0.0;1.8446744073709552e+19;18446744073709551615;1;;;True;0.0;1.8446744073709552e+19;18446744073709551615;1;;;True;ControlType.CONTROLLED;0;<BV64 x0>;64;[];[];['<BV64 x0>'];[];['<BV64 x0>'];[];[];0.0;1.8446744073709552e+19;1.8446744073709552e+19;1.0;;;True;0.0;1.8446744073709552e+19;1.8446744073709552e+19;1.0;;;True;ControlType.CONTROLLED;0;<BV64 x0>;64;[];[];[];[];[];[];[];0;0;0;;;;False;0;0;0;;;;False;ControlType.UNKNOWN;0;[('0x693c', <Bool ((LOAD_64[<BV64 x0 + 0x40>]_24[31:0] << 0x1d[7:0] | LShR(LOAD_64[<BV64 x0 + 0x40>]_24[31:0], 0x3)[7:0]) & 127) != 0>, 'Taken'), ('0x6958', <Bool (0x0 .. LOAD_64[<BV64 x0 + 0x40>]_24[9:3]) + 0x1 > 0x70>, 'Taken'), ('0x6960', <Bool 0x1 + (0x0 .. LOAD_64[<BV64 x0 + 0x40>]_24[9:3]) == 0x80>, 'Taken'), ('0x6988', <Bool True>, 'Taken')];"{'regs': ['<BV64 x0>'], 'indirect_regs': [""<BV64 x0>: ['0x40', '0x40', '0x40']""], 'direct_regs': [], 'mem': ['<BV64 x0 + 0x40>'], 'const_mem': []}";[];{'regs': [], 'indirect_regs': [], 'direct_regs': [], 'mem': [], 'const_mem': []};{'regs': ['<BV64 x0>'], 'indirect_regs': [], 'direct_regs': ['<BV64 x0>'], 'mem': [], 'const_mem': []};{'regs': ['<BV64 x0>'], 'indirect_regs': [], 'direct_regs': ['<BV64 x0>'], 'mem': ['<BV64 x0 + 0x40>'], 'const_mem': []};63.0;0.0;64.0;64.0;[];;;;BaseControlType.CONSTANT_BASE;BaseControlType.CONSTANT_BASE;BaseControlType.CONSTANT_BASE;4;BranchControlType.BRANCH_DEPENDS_ON_SECRET_VALUE;BranchControlType.BRANCH_INDEPENDENT_FROM_SECRET;26000;True;False;True;True;True;False;False;True;True;False;False;False;True;False;True;True;True;False;True;False;[];['has_valid_base'];True;False;True;True;True;False;False;True;True;False;False;False;True;False;True;True;True;False;True;False;[];['has_valid_base']
6322e6f5-a3df-4a84-b37e-62bbd60b79f3;SHA384End@@LIBMD_0.0;0x83e4;0x6a84;0x0;TransmitterType.STORE;40;0;False;['0x83e4', '0x8418', '0x6bc0', '0x6920', '0x6a68'];<BV64 0x81 + x0>;64;[];[];['<BV64 x0>'];[];['<BV64 x0>'];[];[];0;18446744073709551615;18446744073709551615;1;;;True;0;18446744073709551615;18446744073709551615;1;;;True;ControlType.CONTROLLED;0;<BV64 0x81>;64;[];[];[];[];[];[];[];129.0;129.0;0.0;1.0;;;True;129.0;129.0;0.0;1.0;;;True;ControlType.NO_CONTROL;0;<BV64 0x81>;64;[];[];[];[];[];[];[];129;129;0;1.0;;;True;129.0;129.0;0.0;1.0;;;True;ControlType.NO_CONTROL;0;<BV64 x0>;64;[];[];['<BV64 x0>'];[];['<BV64 x0>'];[];[];0.0;1.8446744073709552e+19;18446744073709551615;1;;;True;0.0;1.8446744073709552e+19;18446744073709551615;1;;;True;ControlType.CONTROLLED;0;<BV64 x0>;64;[];[];['<BV64 x0>'];[];['<BV64 x0>'];[];[];0.0;1.8446744073709552e+19;1.8446744073709552e+19;1.0;;;True;0.0;1.8446744073709552e+19;1.8446744073709552e+19;1.0;;;True;ControlType.CONTROLLED;0;<BV64 x0>;64;[];[];[];[];[];[];[];0;0;0;;;;False;0;0;0;;;;False;ControlType.UNKNOWN;0;[('0x693c', <Bool ((LOAD_64[<BV64 x0 + 0x40>]_35[31:0] << 0x1d[7:0] | LShR(LOAD_64[<BV64 x0 + 0x40>]_35[31:0], 0x3)[7:0]) & 127) == 0>, 'Taken'), ('0x6bdc', <Bool True>, 'Taken'), ('0x8414', <Bool x1 != 0x0>, 'Taken'), ('0x8420', <Bool True>, 'Taken')];"{'regs': ['<BV64 x0>', '<BV64 x1>'], 'indirect_regs': [""<BV64 x0>: ['0x40']""], 'direct_regs': ['<BV64 x1>'], 'mem': ['<BV64 x0 + 0x40>'], 'const_mem': []}";[];{'regs': [], 'indirect_regs': [], 'direct_regs': [], 'mem': [], 'const_mem': []};{'regs': ['<BV64 x0>'], 'indirect_regs': [], 'direct_regs': ['<BV64 x0>'], 'mem': [], 'const_mem': []};{'regs': ['<BV64 x0>', '<BV64 x1>'], 'indirect_regs': [], 'direct_regs': ['<BV64 x0>', '<BV64 x1>'], 'mem': ['<BV64 x0 + 0x40>'], 'const_mem': []};63.0;0.0;64.0;64.0;[];;;;BaseControlType.CONSTANT_BASE;BaseControlType.CONSTANT_BASE;BaseControlType.CONSTANT_BASE;4;BranchControlType.BRANCH_DEPENDS_ON_SECRET_VALUE;BranchControlType.BRANCH_INDEPENDENT_FROM_SECRET;27268;True;False;True;True;True;False;False;True;True;False;False;False;True;False;True;True;True;False;True;False;[];['has_valid_base'];True;False;True;True;True;False;False;True;True;False;False;False;True;False;True;True;True;False;True;False;[];['has_valid_base']
8e14df31-eaaa-4579-a0ef-5bbdf1084313;SHA512_256End@@LIBMD_0.1;0x8a24;0x6a84;0x0;TransmitterType.STORE;40;0;False;['0x8a24', '0x8a58', '0x6ce0', '0x6920', '0x6a68'];<BV64 0x81 + x0>;64;[];[];['<BV64 x0>'];[];['<BV64 x0>'];[];[];0;18446744073709551615;18446744073709551615;1;;;True;0;18446744073709551615;18446744073709551615;1;;;True;ControlType.CONTROLLED;0;<BV64 0x81>;64;[];[];[];[];[];[];[];129.0;129.0;0.0;1.0;;;True;129.0;129.0;0.0;1.0;;;True;ControlType.NO_CONTROL;0;<BV64 0x81>;64;[];[];[];[];[];[];[];129;129;0;1.0;;;True;129.0;129.0;0.0;1.0;;;True;ControlType.NO_CONTROL;0;<BV64 x0>;64;[];[];['<BV64 x0>'];[];['<BV64 x0>'];[];[];0.0;1.8446744073709552e+19;18446744073709551615;1;;;True;0.0;1.8446744073709552e+19;18446744073709551615;1;;;True;ControlType.CONTROLLED;0;<BV64 x0>;64;[];[];['<BV64 x0>'];[];['<BV64 x0>'];[];[];0.0;1.8446744073709552e+19;1.8446744073709552e+19;1.0;;;True;0.0;1.8446744073709552e+19;1.8446744073709552e+19;1.0;;;True;ControlType.CONTROLLED;0;<BV64 x0>;64;[];[];[];[];[];[];[];0;0;0;;;;False;0;0;0;;;;False;ControlType.UNKNOWN;0;[('0x693c', <Bool ((LOAD_64[<BV64 x0 + 0x40>]_35[31:0] << 0x1d[7:0] | LShR(LOAD_64[<BV64 x0 + 0x40>]_35[31:0], 0x3)[7:0]) & 127) == 0>, 'Taken'), ('0x6cfc', <Bool True>, 'Taken'), ('0x8a54', <Bool x1 != 0x0>, 'Taken'), ('0x8a60', <Bool True>, 'Taken')];"{'regs': ['<BV64 x0>', '<BV64 x1>'], 'indirect_regs': [""<BV64 x0>: ['0x40']""], 'direct_regs': ['<BV64 x1>'], 'mem': ['<BV64 x0 + 0x40>'], 'const_mem': []}";[];{'regs': [], 'indirect_regs': [], 'direct_regs': [], 'mem': [], 'const_mem': []};{'regs': ['<BV64 x0>'], 'indirect_regs': [], 'direct_regs': ['<BV64 x0>'], 'mem': [], 'const_mem': []};{'regs': ['<BV64 x0>', '<BV64 x1>'], 'indirect_regs': [], 'direct_regs': ['<BV64 x0>', '<BV64 x1>'], 'mem': ['<BV64 x0 + 0x40>'], 'const_mem': []};63.0;0.0;64.0;64.0;[];;;;BaseControlType.CONSTANT_BASE;BaseControlType.CONSTANT_BASE;BaseControlType.CONSTANT_BASE;4;BranchControlType.BRANCH_DEPENDS_ON_SECRET_VALUE;BranchControlType.BRANCH_INDEPENDENT_FROM_SECRET;27268;True;False;True;True;True;False;False;True;True;False;False;False;True;False;True;True;True;False;True;False;[];['has_valid_base'];True;False;True;True;True;False;False;True;True;False;False;False;True;False;True;True;True;False;True;False;[];['has_valid_base']
b4ee12ab-dd06-4a2a-8bdf-1b44df56328c;SHA512_256Pad@@LIBMD_0.1;0x6920;0x6590;0x0;TransmitterType.LOAD;41;0;False;['0x6920', '0x6940', '0x695c', '0x697c', '0x6544'];<BV64 0x28 + x0>;64;[];[];['<BV64 x0>'];[];['<BV64 x0>'];[];[];0;18446744073709551615;18446744073709551615;1;;;True;0;18446744073709551615;18446744073709551615;1;;;True;ControlType.CONTROLLED;0;<BV64 0x28>;64;[];[];[];[];[];[];[];40.0;40.0;0.0;1.0;;;True;40.0;40.0;0.0;1.0;;;True;ControlType.NO_CONTROL;0;<BV64 0x28>;64;[];[];[];[];[];[];[];40;40;0;1.0;;;True;40.0;40.0;0.0;1.0;;;True;ControlType.NO_CONTROL;0;<BV64 x0>;64;[];[];['<BV64 x0>'];[];['<BV64 x0>'];[];[];0.0;1.8446744073709552e+19;18446744073709551615;1;;;True;0.0;1.8446744073709552e+19;18446744073709551615;1;;;True;ControlType.CONTROLLED;0;<BV64 x0>;64;[];[];['<BV64 x0>'];[];['<BV64 x0>'];[];[];0.0;1.8446744073709552e+19;1.8446744073709552e+19;1.0;;;True;0.0;1.8446744073709552e+19;1.8446744073709552e+19;1.0;;;True;ControlType.CONTROLLED;0;<BV64 x0>;64;[];[];[];[];[];[];[];0;0;0;;;;False;0;0;0;;;;False;ControlType.UNKNOWN;0;[('0x693c', <Bool ((LOAD_64[<BV64 x0 + 0x40>]_24[31:0] << 0x1d[7:0] | LShR(LOAD_64[<BV64 x0 + 0x40>]_24[31:0], 0x3)[7:0]) & 127) != 0>, 'Taken'), ('0x6958', <Bool (0x0 .. LOAD_64[<BV64 x0 + 0x40>]_24[9:3]) + 0x1 > 0x70>, 'Taken'), ('0x6960', <Bool 0x1 + (0x0 .. LOAD_64[<BV64 x0 + 0x40>]_24[9:3]) == 0x80>, 'Taken'), ('0x6988', <Bool True>, 'Taken')];"{'regs': ['<BV64 x0>'], 'indirect_regs': [""<BV64 x0>: ['0x40', '0x40', '0x40']""], 'direct_regs': [], 'mem': ['<BV64 x0 + 0x40>'], 'const_mem': []}";[];{'regs': [], 'indirect_regs': [], 'direct_regs': [], 'mem': [], 'const_mem': []};{'regs': ['<BV64 x0>'], 'indirect_regs': [], 'direct_regs': ['<BV64 x0>'], 'mem': [], 'const_mem': []};{'regs': ['<BV64 x0>'], 'indirect_regs': [], 'direct_regs': ['<BV64 x0>'], 'mem': ['<BV64 x0 + 0x40>'], 'const_mem': []};63.0;0.0;64.0;64.0;[];;;;BaseControlType.CONSTANT_BASE;BaseControlType.CONSTANT_BASE;BaseControlType.CONSTANT_BASE;4;BranchControlType.BRANCH_DEPENDS_ON_SECRET_VALUE;BranchControlType.BRANCH_INDEPENDENT_FROM_SECRET;26000;True;False;True;True;True;False;False;True;True;False;False;False;True;False;True;True;True;False;True;False;[];['has_valid_base'];True;False;True;True;True;False;False;True;True;False;False;False;True;False;True;True;True;False;True;False;[];['has_valid_base']
f505502c-8db0-4ec6-8aec-29e701ff13f2;SHA224End@@LIBMD_0.1;0x7da4;0x6360;0x0;TransmitterType.STORE;41;0;False;['0x7da4', '0x7dd8', '0x6380', '0x6260', '0x6340'];<BV64 0x80 + x0>;64;[];[];['<BV64 x0>'];[];['<BV64 x0>'];[];[];0;18446744073709551615;18446744073709551615;1;;;True;0;18446744073709551615;18446744073709551615;1;;;True;ControlType.CONTROLLED;0;<BV64 0x80>;64;[];[];[];[];[];[];[];128.0;128.0;0.0;1.0;;;True;128.0;128.0;0.0;1.0;;;True;ControlType.NO_CONTROL;0;<BV64 0x80>;64;[];[];[];[];[];[];[];128;128;0;1.0;;;True;128.0;128.0;0.0;1.0;;;True;ControlType.NO_CONTROL;0;<BV64 x0>;64;[];[];['<BV64 x0>'];[];['<BV64 x0>'];[];[];0.0;1.8446744073709552e+19;18446744073709551615;1;;;True;0.0;1.8446744073709552e+19;18446744073709551615;1;;;True;ControlType.CONTROLLED;0;<BV64 x0>;64;[];[];['<BV64 x0>'];[];['<BV64 x0>'];[];[];0.0;1.8446744073709552e+19;1.8446744073709552e+19;1.0;;;True;0.0;1.8446744073709552e+19;1.8446744073709552e+19;1.0;;;True;ControlType.CONTROLLED;0;<BV64 x0>;64;[];[];[];[];[];[];[];0;0;0;;;;False;0;0;0;;;;False;ControlType.UNKNOWN;0;[('0x627c', <Bool ((LOAD_64[<BV64 x0 + 0x40>]_35[31:0] << 0x1d[7:0] | LShR(LOAD_64[<BV64 x0 + 0x40>]_35[31:0], 0x3)[7:0]) & 63) == 0>, 'Taken'), ('0x639c', <Bool True>, 'Taken'), ('0x7dd4', <Bool x1 != 0x0>, 'Taken'), ('0x7de0', <Bool True>, 'Taken')];"{'regs': ['<BV64 x0>', '<BV64 x1>'], 'indirect_regs': [""<BV64 x0>: ['0x40']""], 'direct_regs': ['<BV64 x1>'], 'mem': ['<BV64 x0 + 0x40>'], 'const_mem': []}";[];{'regs': [], 'indirect_regs': [], 'direct_regs': [], 'mem': [], 'const_mem': []};{'regs': ['<BV64 x0>'], 'indirect_regs': [], 'direct_regs': ['<BV64 x0>'], 'mem': [], 'const_mem': []};{'regs': ['<BV64 x0>', '<BV64 x1>'], 'indirect_regs': [], 'direct_regs': ['<BV64 x0>', '<BV64 x1>'], 'mem': ['<BV64 x0 + 0x40>'], 'const_mem': []};63.0;0.0;64.0;64.0;[];;;;BaseControlType.CONSTANT_BASE;BaseControlType.CONSTANT_BASE;BaseControlType.CONSTANT_BASE;4;BranchControlType.BRANCH_DEPENDS_ON_SECRET_VALUE;BranchControlType.BRANCH_INDEPENDENT_FROM_SECRET;25440;True;False;True;True;True;False;False;True;True;False;False;False;True;False;True;True;True;False;True;False;[];['has_valid_base'];True;False;True;True;True;False;False;True;True;False;False;False;True;False;True;True;True;False;True;False;[];['has_valid_base']
38e39505-5f84-4092-9167-a3c75e445b20;SHA256Pad@@LIBMD_0.0;0x6260;0x5f08;0x0;TransmitterType.LOAD;40;0;False;['0x6260', '0x6280', '0x629c', '0x62bc', '0x5ec0'];<BV64 0x18 + x0>;64;[];[];['<BV64 x0>'];[];['<BV64 x0>'];[];[];0;18446744073709551615;18446744073709551615;1;;;True;0;18446744073709551615;18446744073709551615;1;;;True;ControlType.CONTROLLED;0;<BV64 0x18>;64;[];[];[];[];[];[];[];24.0;24.0;0.0;1.0;;;True;24.0;24.0;0.0;1.0;;;True;ControlType.NO_CONTROL;0;<BV64 0x18>;64;[];[];[];[];[];[];[];24;24;0;1.0;;;True;24.0;24.0;0.0;1.0;;;True;ControlType.NO_CONTROL;0;<BV64 x0>;64;[];[];['<BV64 x0>'];[];['<BV64 x0>'];[];[];0.0;1.8446744073709552e+19;18446744073709551615;1;;;True;0.0;1.8446744073709552e+19;18446744073709551615;1;;;True;ControlType.CONTROLLED;0;<BV64 x0>;64;[];[];['<BV64 x0>'];[];['<BV64 x0>'];[];[];0.0;1.8446744073709552e+19;1.8446744073709552e+19;1.0;;;True;0.0;1.8446744073709552e+19;1.8446744073709552e+19;1.0;;;True;ControlType.CONTROLLED;0;<BV64 x0>;64;[];[];[];[];[];[];[];0;0;0;;;;False;0;0;0;;;;False;ControlType.UNKNOWN;0;[('0x627c', <Bool ((LOAD_64[<BV64 x0 + 0x40>]_24[31:0] << 0x1d[7:0] | LShR(LOAD_64[<BV64 x0 + 0x40>]_24[31:0], 0x3)[7:0]) & 63) != 0>, 'Taken'), ('0x6298', <Bool (0x0 .. LOAD_64[<BV64 x0 + 0x40>]_24[8:3]) + 0x1 > 0x38>, 'Taken'), ('0x62a0', <Bool 0x1 + (0x0 .. LOAD_64[<BV64 x0 + 0x40>]_24[8:3]) == 0x40>, 'Taken'), ('0x62c8', <Bool True>, 'Taken')];"{'regs': ['<BV64 x0>'], 'indirect_regs': [""<BV64 x0>: ['0x40', '0x40', '0x40']""], 'direct_regs': [], 'mem': ['<BV64 x0 + 0x40>'], 'const_mem': []}";[];{'regs': [], 'indirect_regs': [], 'direct_regs': [], 'mem': [], 'const_mem': []};{'regs': ['<BV64 x0>'], 'indirect_regs': [], 'direct_regs': ['<BV64 x0>'], 'mem': [], 'const_mem': []};{'regs': ['<BV64 x0>'], 'indirect_regs': [], 'direct_regs': ['<BV64 x0>'], 'mem': ['<BV64 x0 + 0x40>'], 'const_mem': []};63.0;0.0;64.0;64.0;['<Bool LOAD_128[<BV64 x0>]_30[31:0] == LOAD_32[<BV64 x0>]_32>', '<Bool LOAD_128[<BV64 x0>]_30[63:32] == LOAD_32[<BV64 x0 + 0x4>]_33>'];;;;BaseControlType.CONSTANT_BASE;BaseControlType.CONSTANT_BASE;BaseControlType.CONSTANT_BASE;4;BranchControlType.BRANCH_DEPENDS_ON_SECRET_VALUE;BranchControlType.BRANCH_INDEPENDENT_FROM_SECRET;24328;True;False;True;True;True;False;False;True;True;False;False;False;True;False;True;True;True;False;True;False;[];['has_valid_base'];True;False;True;True;True;False;False;True;True;False;False;False;True;False;True;True;True;False;True;False;[];['has_valid_base']
50d21923-7dab-473c-bf15-010de8d72ffe;SHA512_256Update@@LIBMD_0.1;0x67c0;0x6594;0x0;TransmitterType.LOAD;42;0;False;['0x67c0', '0x67c8', '0x67f8', '0x6800', '0x6544'];<BV64 0x30 + x0>;64;[];[];['<BV64 x0>'];[];['<BV64 x0>'];[];[];0;18446744073709551615;18446744073709551615;1;;;True;0;18446744073709551615;18446744073709551615;1;;;True;ControlType.CONTROLLED;0;<BV64 0x30>;64;[];[];[];[];[];[];[];48.0;48.0;0.0;1.0;;;True;48.0;48.0;0.0;1.0;;;True;ControlType.NO_CONTROL;0;<BV64 0x30>;64;[];[];[];[];[];[];[];48;48;0;1.0;;;True;48.0;48.0;0.0;1.0;;;True;ControlType.NO_CONTROL;0;<BV64 x0>;64;[];[];['<BV64 x0>'];[];['<BV64 x0>'];[];[];0.0;1.8446744073709552e+19;18446744073709551615;1;;;True;0.0;1.8446744073709552e+19;18446744073709551615;1;;;True;ControlType.CONTROLLED;0;<BV64 x0>;64;[];[];['<BV64 x0>'];[];['<BV64 x0>'];[];[];0.0;1.8446744073709552e+19;1.8446744073709552e+19;1.0;;;True;0.0;1.8446744073709552e+19;1.8446744073709552e+19;1.0;;;True;ControlType.CONTROLLED;0;<BV64 x0>;64;[];[];[];[];[];[];[];0;0;0;;;;False;0;0;0;;;;False;ControlType.UNKNOWN;0;[('0x67c4', <Bool x2 != 0x0>, 'Taken'), ('0x67f4', <Bool ((LOAD_64[<BV64 x0 + 0x40>]_26 << 0x3d[7:0] | LShR(LOAD_64[<BV64 x0 + 0x40>]_26, 0x3)[7:0]) & 127) == 0>, 'Taken'), ('0x67fc', <Bool x2 > 0x7f>, 'Taken'), ('0x6810', <Bool True>, 'Taken')];"{'regs': ['<BV64 x0>', '<BV64 x2>'], 'indirect_regs': [""<BV64 x0>: ['0x40']""], 'direct_regs': ['<BV64 x2>'], 'mem': ['<BV64 x0 + 0x40>'], 'const_mem': []}";[];{'regs': [], 'indirect_regs': [], 'direct_regs': [], 'mem': [], 'const_mem': []};{'regs': ['<BV64 x0>'], 'indirect_regs': [], 'direct_regs': ['<BV64 x0>'], 'mem': [], 'const_mem': []};{'regs': ['<BV64 x0>', '<BV64 x2>'], 'indirect_regs': [], 'direct_regs': ['<BV64 x0>', '<BV64 x2>'], 'mem': ['<BV64 x0 + 0x40>'], 'const_mem': []};63.0;0.0;64.0;64.0;[];;;;BaseControlType.CONSTANT_BASE;BaseControlType.CONSTANT_BASE;BaseControlType.CONSTANT_BASE;4;BranchControlType.BRANCH_DEPENDS_ON_SECRET_VALUE;BranchControlType.BRANCH_INDEPENDENT_FROM_SECRET;26004;True;False;True;True;True;False;False;True;True;False;False;False;True;False;True;True;True;False;True;False;[];['has_valid_base'];True;False;True;True;True;False;False;True;True;False;False;False;True;False;True;True;True;False;True;False;[];['has_valid_base']
1a15b25b-da7f-4c8d-a84e-753bddcc561c;MD2Transform@@LIBMD_0.0;0x1bc0;0x1bf8;0x0;TransmitterType.STORE;27;0;False;['0x1bc0', '0x1be4'];<BV64 0x35 + x0>;64;[('0x1c10', <Bool x0 + 0x14 != x0 + 0x5>, 'Taken')];[];['<BV64 x0>'];[];['<BV64 x0>'];[];[];0;18446744073709551615;18446744073709551615;1;;;True;0;18446744073709551615;18446744073709551615;1;;;True;ControlType.CONTROLLED;0;<BV64 0x35>;64;[];[];[];[];[];[];[];53.0;53.0;0.0;1.0;;;True;53.0;53.0;0.0;1.0;;;True;ControlType.NO_CONTROL;0;<BV64 0x35>;64;[];[];[];[];[];[];[];53;53;0;1.0;;;True;53.0;53.0;0.0;1.0;;;True;ControlType.NO_CONTROL;0;<BV64 x0>;64;[('0x1c10', <Bool x0 + 0x14 != x0 + 0x5>, 'Taken')];[];['<BV64 x0>'];[];['<BV64 x0>'];[];[];0.0;1.8446744073709552e+19;18446744073709551615;1;;;True;0.0;1.8446744073709552e+19;18446744073709551615;1;;;True;ControlType.CONTROLLED;0;<BV64 x0>;64;[('0x1c10', <Bool x0 + 0x14 != x0 + 0x5>, 'Taken')];[];['<BV64 x0>'];[];['<BV64 x0>'];[];[];0.0;1.8446744073709552e+19;1.8446744073709552e+19;1.0;;;True;0.0;1.8446744073709552e+19;1.8446744073709552e+19;1.0;;;True;ControlType.CONTROLLED;0;<BV64 x0>;64;[];[];[];[];[];[];[];0;0;0;;;;False;0;0;0;;;;False;ControlType.UNKNOWN;0;[('0x1c10', <Bool x0 + 0x14 != x0 + 0x5>, 'Taken')];{'regs': ['<BV64 x0>'], 'indirect_regs': [], 'direct_regs': ['<BV64 x0>'], 'mem': [], 'const_mem': []};[];{'regs': [], 'indirect_regs': [], 'direct_regs': [], 'mem': [], 'const_mem': []};{'regs': ['<BV64 x0>'], 'indirect_regs': [], 'direct_regs': ['<BV64 x0>'], 'mem': [], 'const_mem': []};{'regs': ['<BV64 x0>'], 'indirect_regs': [], 'direct_regs': ['<BV64 x0>'], 'mem': [], 'const_mem': []};63.0;0.0;64.0;64.0;[];;;;BaseControlType.CONSTANT_BASE;BaseControlType.CONSTANT_BASE;BaseControlType.CONSTANT_BASE;1;BranchControlType.BRANCH_DEPENDS_ON_SECRET_VALUE;BranchControlType.BRANCH_INDEPENDENT_FROM_SECRET;7160;True;False;True;True;True;False;False;True;True;False;False;False;True;False;True;True;True;False;True;False;[];['has_valid_base'];True;False;True;True;True;False;False;True;True;False;False;False;True;False;True;True;True;False;True;False;[];['has_valid_base']
24d67352-7441-4700-969d-b9eaaaa4b00a;SHA224Pad@@LIBMD_0.1;0x6260;0x5f08;0x0;TransmitterType.LOAD;40;0;False;['0x6260', '0x6280', '0x629c', '0x62bc', '0x5ec0'];<BV64 0x18 + x0>;64;[];[];['<BV64 x0>'];[];['<BV64 x0>'];[];[];0;18446744073709551615;18446744073709551615;1;;;True;0;18446744073709551615;18446744073709551615;1;;;True;ControlType.CONTROLLED;0;<BV64 0x18>;64;[];[];[];[];[];[];[];24.0;24.0;0.0;1.0;;;True;24.0;24.0;0.0;1.0;;;True;ControlType.NO_CONTROL;0;<BV64 0x18>;64;[];[];[];[];[];[];[];24;24;0;1.0;;;True;24.0;24.0;0.0;1.0;;;True;ControlType.NO_CONTROL;0;<BV64 x0>;64;[];[];['<BV64 x0>'];[];['<BV64 x0>'];[];[];0.0;1.8446744073709552e+19;18446744073709551615;1;;;True;0.0;1.8446744073709552e+19;18446744073709551615;1;;;True;ControlType.CONTROLLED;0;<BV64 x0>;64;[];[];['<BV64 x0>'];[];['<BV64 x0>'];[];[];0.0;1.8446744073709552e+19;1.8446744073709552e+19;1.0;;;True;0.0;1.8446744073709552e+19;1.8446744073709552e+19;1.0;;;True;ControlType.CONTROLLED;0;<BV64 x0>;64;[];[];[];[];[];[];[];0;0;0;;;;False;0;0;0;;;;False;ControlType.UNKNOWN;0;[('0x627c', <Bool ((LOAD_64[<BV64 x0 + 0x40>]_24[31:0] << 0x1d[7:0] | LShR(LOAD_64[<BV64 x0 + 0x40>]_24[31:0], 0x3)[7:0]) & 63) != 0>, 'Taken'), ('0x6298', <Bool (0x0 .. LOAD_64[<BV64 x0 + 0x40>]_24[8:3]) + 0x1 > 0x38>, 'Taken'), ('0x62a0', <Bool 0x1 + (0x0 .. LOAD_64[<BV64 x0 + 0x40>]_24[8:3]) == 0x40>, 'Taken'), ('0x62c8', <Bool True>, 'Taken')];"{'regs': ['<BV64 x0>'], 'indirect_regs': [""<BV64 x0>: ['0x40', '0x40', '0x40']""], 'direct_regs': [], 'mem': ['<BV64 x0 + 0x40>'], 'const_mem': []}";[];{'regs': [], 'indirect_regs': [], 'direct_regs': [], 'mem': [], 'const_mem': []};{'regs': ['<BV64 x0>'], 'indirect_regs': [], 'direct_regs': ['<BV64 x0>'], 'mem': [], 'const_mem': []};{'regs': ['<BV64 x0>'], 'indirect_regs': [], 'direct_regs': ['<BV64 x0>'], 'mem': ['<BV64 x0 + 0x40>'], 'const_mem': []};63.0;0.0;64.0;64.0;['<Bool LOAD_128[<BV64 x0>]_30[31:0] == LOAD_32[<BV64 x0>]_32>', '<Bool LOAD_128[<BV64 x0>]_30[63:32] == LOAD_32[<BV64 x0 + 0x4>]_33>'];;;;BaseControlType.CONSTANT_BASE;BaseControlType.CONSTANT_BASE;BaseControlType.CONSTANT_BASE;4;BranchControlType.BRANCH_DEPENDS_ON_SECRET_VALUE;BranchControlType.BRANCH_INDEPENDENT_FROM_SECRET;24328;True;False;True;True;True;False;False;True;True;False;False;False;True;False;True;True;True;False;True;False;[];['has_valid_base'];True;False;True;True;True;False;False;True;True;False;False;False;True;False;True;True;True;False;True;False;[];['has_valid_base']
89582cb0-1478-4351-a3b6-0d795ceeea1f;SHA512End@@LIBMD_0.0;0x8704;0x6a84;0x0;TransmitterType.STORE;40;0;False;['0x8704', '0x8738', '0x6aa0', '0x6920', '0x6a68'];<BV64 0x91 + x0>;64;[];[];['<BV64 x0>'];[];['<BV64 x0>'];[];[];0;18446744073709551615;18446744073709551615;1;;;True;0;18446744073709551615;18446744073709551615;1;;;True;ControlType.CONTROLLED;0;<BV64 0x91>;64;[];[];[];[];[];[];[];145.0;145.0;0.0;1.0;;;True;145.0;145.0;0.0;1.0;;;True;ControlType.NO_CONTROL;0;<BV64 0x91>;64;[];[];[];[];[];[];[];145;145;0;1.0;;;True;145.0;145.0;0.0;1.0;;;True;ControlType.NO_CONTROL;0;<BV64 x0>;64;[];[];['<BV64 x0>'];[];['<BV64 x0>'];[];[];0.0;1.8446744073709552e+19;18446744073709551615;1;;;True;0.0;1.8446744073709552e+19;18446744073709551615;1;;;True;ControlType.CONTROLLED;0;<BV64 x0>;64;[];[];['<BV64 x0>'];[];['<BV64 x0>'];[];[];0.0;1.8446744073709552e+19;1.8446744073709552e+19;1.0;;;True;0.0;1.8446744073709552e+19;1.8446744073709552e+19;1.0;;;True;ControlType.CONTROLLED;0;<BV64 x0>;64;[];[];[];[];[];[];[];0;0;0;;;;False;0;0;0;;;;False;ControlType.UNKNOWN;0;[('0x693c', <Bool ((LOAD_64[<BV64 x0 + 0x40>]_35[31:0] << 0x1d[7:0] | LShR(LOAD_64[<BV64 x0 + 0x40>]_35[31:0], 0x3)[7:0]) & 127) == 0>, 'Taken'), ('0x6abc', <Bool True>, 'Taken'), ('0x8734', <Bool x1 != 0x0>, 'Taken'), ('0x8740', <Bool True>, 'Taken')];"{'regs': ['<BV64 x0>', '<BV64 x1>'], 'indirect_regs': [""<BV64 x0>: ['0x40']""], 'direct_regs': ['<BV64 x1>'], 'mem': ['<BV64 x0 + 0x40>'], 'const_mem': []}";[];{'regs': [], 'indirect_regs': [], 'direct_regs': [], 'mem': [], 'const_mem': []};{'regs': ['<BV64 x0>'], 'indirect_regs': [], 'direct_regs': ['<BV64 x0>'], 'mem': [], 'const_mem': []};{'regs': ['<BV64 x0>', '<BV64 x1>'], 'indirect_regs': [], 'direct_regs': ['<BV64 x0>', '<BV64 x1>'], 'mem': ['<BV64 x0 + 0x40>'], 'const_mem': []};63.0;0.0;64.0;64.0;[];;;;BaseControlType.CONSTANT_BASE;BaseControlType.CONSTANT_BASE;BaseControlType.CONSTANT_BASE;4;BranchControlType.BRANCH_DEPENDS_ON_SECRET_VALUE;BranchControlType.BRANCH_INDEPENDENT_FROM_SECRET;27268;True;False;True;True;True;False;False;True;True;False;False;False;True;False;True;True;True;False;True;False;[];['has_valid_base'];True;False;True;True;True;False;False;True;True;False;False;False;True;False;True;True;True;False;True;False;[];['has_valid_base']
91b4dbd4-6b81-4e66-92c7-6da7c29c2581;SHA512Pad@@LIBMD_0.0;0x6920;0x6590;0x0;TransmitterType.LOAD;41;0;False;['0x6920', '0x6940', '0x695c', '0x697c', '0x6544'];<BV64 0x28 + x0>;64;[];[];['<BV64 x0>'];[];['<BV64 x0>'];[];[];0;18446744073709551615;18446744073709551615;1;;;True;0;18446744073709551615;18446744073709551615;1;;;True;ControlType.CONTROLLED;0;<BV64 0x28>;64;[];[];[];[];[];[];[];40.0;40.0;0.0;1.0;;;True;40.0;40.0;0.0;1.0;;;True;ControlType.NO_CONTROL;0;<BV64 0x28>;64;[];[];[];[];[];[];[];40;40;0;1.0;;;True;40.0;40.0;0.0;1.0;;;True;ControlType.NO_CONTROL;0;<BV64 x0>;64;[];[];['<BV64 x0>'];[];['<BV64 x0>'];[];[];0.0;1.8446744073709552e+19;18446744073709551615;1;;;True;0.0;1.8446744073709552e+19;18446744073709551615;1;;;True;ControlType.CONTROLLED;0;<BV64 x0>;64;[];[];['<BV64 x0>'];[];['<BV64 x0>'];[];[];0.0;1.8446744073709552e+19;1.8446744073709552e+19;1.0;;;True;0.0;1.8446744073709552e+19;1.8446744073709552e+19;1.0;;;True;ControlType.CONTROLLED;0;<BV64 x0>;64;[];[];[];[];[];[];[];0;0;0;;;;False;0;0;0;;;;False;ControlType.UNKNOWN;0;[('0x693c', <Bool ((LOAD_64[<BV64 x0 + 0x40>]_24[31:0] << 0x1d[7:0] | LShR(LOAD_64[<BV64 x0 + 0x40>]_24[31:0], 0x3)[7:0]) & 127) != 0>, 'Taken'), ('0x6958', <Bool (0x0 .. LOAD_64[<BV64 x0 + 0x40>]_24[9:3]) + 0x1 > 0x70>, 'Taken'), ('0x6960', <Bool 0x1 + (0x0 .. LOAD_64[<BV64 x0 + 0x40>]_24[9:3]) == 0x80>, 'Taken'), ('0x6988', <Bool True>, 'Taken')];"{'regs': ['<BV64 x0>'], 'indirect_regs': [""<BV64 x0>: ['0x40', '0x40', '0x40']""], 'direct_regs': [], 'mem': ['<BV64 x0 + 0x40>'], 'const_mem': []}";[];{'regs': [], 'indirect_regs': [], 'direct_regs': [], 'mem': [], 'const_mem': []};{'regs': ['<BV64 x0>'], 'indirect_regs': [], 'direct_regs': ['<BV64 x0>'], 'mem': [], 'const_mem': []};{'regs': ['<BV64 x0>'], 'indirect_regs': [], 'direct_regs': ['<BV64 x0>'], 'mem': ['<BV64 x0 + 0x40>'], 'const_mem': []};63.0;0.0;64.0;64.0;[];;;;BaseControlType.CONSTANT_BASE;BaseControlType.CONSTANT_BASE;BaseControlType.CONSTANT_BASE;4;BranchControlType.BRANCH_DEPENDS_ON_SECRET_VALUE;BranchControlType.BRANCH_INDEPENDENT_FROM_SECRET;26000;True;False;True;True;True;False;False;True;True;False;False;False;True;False;True;True;True;False;True;False;[];['has_valid_base'];True;False;True;True;True;False;False;True;True;False;False;False;True;False;True;True;True;False;True;False;[];['has_valid_base']
6a8233ab-d3d5-45d1-befd-e65fec0b2602;SHA384End@@LIBMD_0.0;0x83e4;0x6a84;0x0;TransmitterType.STORE;40;0;False;['0x83e4', '0x8418', '0x6bc0', '0x6920', '0x6a68'];<BV64 0x91 + x0>;64;[];[];['<BV64 x0>'];[];['<BV64 x0>'];[];[];0;18446744073709551615;18446744073709551615;1;;;True;0;18446744073709551615;18446744073709551615;1;;;True;ControlType.CONTROLLED;0;<BV64 0x91>;64;[];[];[];[];[];[];[];145.0;145.0;0.0;1.0;;;True;145.0;145.0;0.0;1.0;;;True;ControlType.NO_CONTROL;0;<BV64 0x91>;64;[];[];[];[];[];[];[];145;145;0;1.0;;;True;145.0;145.0;0.0;1.0;;;True;ControlType.NO_CONTROL;0;<BV64 x0>;64;[];[];['<BV64 x0>'];[];['<BV64 x0>'];[];[];0.0;1.8446744073709552e+19;18446744073709551615;1;;;True;0.0;1.8446744073709552e+19;18446744073709551615;1;;;True;ControlType.CONTROLLED;0;<BV64 x0>;64;[];[];['<BV64 x0>'];[];['<BV64 x0>'];[];[];0.0;1.8446744073709552e+19;1.8446744073709552e+19;1.0;;;True;0.0;1.8446744073709552e+19;1.8446744073709552e+19;1.0;;;True;ControlType.CONTROLLED;0;<BV64 x0>;64;[];[];[];[];[];[];[];0;0;0;;;;False;0;0;0;;;;False;ControlType.UNKNOWN;0;[('0x693c', <Bool ((LOAD_64[<BV64 x0 + 0x40>]_35[31:0] << 0x1d[7:0] | LShR(LOAD_64[<BV64 x0 + 0x40>]_35[31:0], 0x3)[7:0]) & 127) == 0>, 'Taken'), ('0x6bdc', <Bool True>, 'Taken'), ('0x8414', <Bool x1 != 0x0>, 'Taken'), ('0x8420', <Bool True>, 'Taken')];"{'regs': ['<BV64 x0>', '<BV64 x1>'], 'indirect_regs': [""<BV64 x0>: ['0x40']""], 'direct_regs': ['<BV64 x1>'], 'mem': ['<BV64 x0 + 0x40>'], 'const_mem': []}";[];{'regs': [], 'indirect_regs': [], 'direct_regs': [], 'mem': [], 'const_mem': []};{'regs': ['<BV64 x0>'], 'indirect_regs': [], 'direct_regs': ['<BV64 x0>'], 'mem': [], 'const_mem': []};{'regs': ['<BV64 x0>', '<BV64 x1>'], 'indirect_regs': [], 'direct_regs': ['<BV64 x0>', '<BV64 x1>'], 'mem': ['<BV64 x0 + 0x40>'], 'const_mem': []};63.0;0.0;64.0;64.0;[];;;;BaseControlType.CONSTANT_BASE;BaseControlType.CONSTANT_BASE;BaseControlType.CONSTANT_BASE;4;BranchControlType.BRANCH_DEPENDS_ON_SECRET_VALUE;BranchControlType.BRANCH_INDEPENDENT_FROM_SECRET;27268;True;False;True;True;True;False;False;True;True;False;False;False;True;False;True;True;True;False;True;False;[];['has_valid_base'];True;False;True;True;True;False;False;True;True;False;False;False;True;False;True;True;True;False;True;False;[];['has_valid_base']
02debc45-c308-4892-b89b-be1c33c611f9;SHA256Update@@LIBMD_0.0;0x610c;0x5f0c;0x0;TransmitterType.LOAD;44;0;False;['0x610c', '0x6114', '0x6144', '0x614c', '0x5ec0'];<BV64 0x10 + x0>;64;[];[];['<BV64 x0>'];[];['<BV64 x0>'];[];[];0;18446744073709551615;18446744073709551615;1;;;True;0;18446744073709551615;18446744073709551615;1;;;True;ControlType.CONTROLLED;0;<BV64 0x10>;64;[];[];[];[];[];[];[];16.0;16.0;0.0;1.0;;;True;16.0;16.0;0.0;1.0;;;True;ControlType.NO_CONTROL;0;<BV64 0x10>;64;[];[];[];[];[];[];[];16;16;0;1.0;;;True;16.0;16.0;0.0;1.0;;;True;ControlType.NO_CONTROL;0;<BV64 x0>;64;[];[];['<BV64 x0>'];[];['<BV64 x0>'];[];[];0.0;1.8446744073709552e+19;18446744073709551615;1;;;True;0.0;1.8446744073709552e+19;18446744073709551615;1;;;True;ControlType.CONTROLLED;0;<BV64 x0>;64;[];[];['<BV64 x0>'];[];['<BV64 x0>'];[];[];0.0;1.8446744073709552e+19;1.8446744073709552e+19;1.0;;;True;0.0;1.8446744073709552e+19;1.8446744073709552e+19;1.0;;;True;ControlType.CONTROLLED;0;<BV64 x0>;64;[];[];[];[];[];[];[];0;0;0;;;;False;0;0;0;;;;False;ControlType.UNKNOWN;0;[('0x6110', <Bool x2 != 0x0>, 'Taken'), ('0x6140', <Bool ((LOAD_64[<BV64 x0 + 0x40>]_26 << 0x3d[7:0] | LShR(LOAD_64[<BV64 x0 + 0x40>]_26, 0x3)[7:0]) & 63) == 0>, 'Taken'), ('0x6148', <Bool x2 > 0x3f>, 'Taken'), ('0x6168', <Bool True>, 'Taken')];"{'regs': ['<BV64 x0>', '<BV64 x2>'], 'indirect_regs': [""<BV64 x0>: ['0x40']""], 'direct_regs': ['<BV64 x2>'], 'mem': ['<BV64 x0 + 0x40>'], 'const_mem': []}";[];{'regs': [], 'indirect_regs': [], 'direct_regs': [], 'mem': [], 'const_mem': []};{'regs': ['<BV64 x0>'], 'indirect_regs': [], 'direct_regs': ['<BV64 x0>'], 'mem': [], 'const_mem': []};{'regs': ['<BV64 x0>', '<BV64 x2>'], 'indirect_regs': [], 'direct_regs': ['<BV64 x0>', '<BV64 x2>'], 'mem': ['<BV64 x0 + 0x40>'], 'const_mem': []};63.0;0.0;64.0;64.0;['<Bool LOAD_128[<BV64 x0>]_31[31:0] == LOAD_32[<BV64 x0>]_33>', '<Bool LOAD_128[<BV64 x0>]_31[63:32] == LOAD_32[<BV64 x0 + 0x4>]_34>', '<Bool LOAD_128[<BV64 x0 + 0x10>]_32[31:0] == LOAD_32[<BV64 x0 + 0x10>]_39>'];;;;BaseControlType.CONSTANT_BASE;BaseControlType.CONSTANT_BASE;BaseControlType.CONSTANT_BASE;4;BranchControlType.BRANCH_DEPENDS_ON_SECRET_VALUE;BranchControlType.BRANCH_INDEPENDENT_FROM_SECRET;24332;True;False;True;True;True;False;False;True;True;False;False;False;True;False;True;True;True;False;True;False;[];['has_valid_base'];True;False;True;True;True;False;False;True;True;False;False;False;True;False;True;True;True;False;True;False;[];['has_valid_base']
9d57f8c7-8ab7-489b-8bed-16aff0940c66;RMD160Update@@LIBMD_0.0;0x49cc;0x3404;0x0;TransmitterType.LOAD;59;0;False;['0x49cc', '0x4a10', '0x4a14', '0x4a1c', '0x3380'];<BV64 0x4 + x0>;64;[];[];['<BV64 x0>'];[];['<BV64 x0>'];[];[];0;18446744073709551615;18446744073709551615;1;;;True;0;18446744073709551615;18446744073709551615;1;;;True;ControlType.CONTROLLED;0;<BV64 0x4>;64;[];[];[];[];[];[];[];4.0;4.0;0.0;1.0;;;True;4.0;4.0;0.0;1.0;;;True;ControlType.NO_CONTROL;0;<BV64 0x4>;64;[];[];[];[];[];[];[];4;4;0;1.0;;;True;4.0;4.0;0.0;1.0;;;True;ControlType.NO_CONTROL;0;<BV64 x0>;64;[];[];['<BV64 x0>'];[];['<BV64 x0>'];[];[];0.0;1.8446744073709552e+19;18446744073709551615;1;;;True;0.0;1.8446744073709552e+19;18446744073709551615;1;;;True;ControlType.CONTROLLED;0;<BV64 x0>;64;[];[];['<BV64 x0>'];[];['<BV64 x0>'];[];[];0.0;1.8446744073709552e+19;1.8446744073709552e+19;1.0;;;True;0.0;1.8446744073709552e+19;1.8446744073709552e+19;1.0;;;True;ControlType.CONTROLLED;0;<BV64 x0>;64;[];[];[];[];[];[];[];0;0;0;;;;False;0;0;0;;;;False;ControlType.UNKNOWN;0;[('0x4a0c', <Bool x2 >= 0x40 - ((LOAD_64[<BV64 x0 + 0x18>]_28 << 0x3d | LShR(LOAD_64[<BV64 x0 + 0x18>]_28, 0x3)) & 0x3f)>, 'Taken'), ('0x4a10', <Bool LOAD_64[<BV64 x0 + 0x18>]_28[8:3] == 0>, 'Taken'), ('0x4a18', <Bool x2 > 0x3f>, 'Taken'), ('0x4a2c', <Bool True>, 'Taken')];"{'regs': ['<BV64 x0>', '<BV64 x2>'], 'indirect_regs': [""<BV64 x0>: ['0x18', '0x18']""], 'direct_regs': ['<BV64 x2>'], 'mem': ['<BV64 x0 + 0x18>'], 'const_mem': []}";[];{'regs': [], 'indirect_regs': [], 'direct_regs': [], 'mem': [], 'const_mem': []};{'regs': ['<BV64 x0>'], 'indirect_regs': [], 'direct_regs': ['<BV64 x0>'], 'mem': [], 'const_mem': []};{'regs': ['<BV64 x0>', '<BV64 x2>'], 'indirect_regs': [], 'direct_regs': ['<BV64 x0>', '<BV64 x2>'], 'mem': ['<BV64 x0 + 0x18>'], 'const_mem': []};63.0;0.0;64.0;64.0;[];;;;BaseControlType.CONSTANT_BASE;BaseControlType.CONSTANT_BASE;BaseControlType.CONSTANT_BASE;4;BranchControlType.BRANCH_DEPENDS_ON_SECRET_VALUE;BranchControlType.BRANCH_INDEPENDENT_FROM_SECRET;13316;True;False;True;True;True;False;False;True;True;False;False;False;True;False;True;True;True;False;True;False;[];['has_valid_base'];True;False;True;True;True;False;False;True;True;False;False;False;True;False;True;True;True;False;True;False;[];['has_valid_base']
1f1716f3-dc6d-4228-ae70-65701c0b18ed;SHA512_256End@@LIBMD_0.1;0x8a24;0x6a84;0x0;TransmitterType.STORE;40;0;False;['0x8a24', '0x8a58', '0x6ce0', '0x6920', '0x6a68'];<BV64 0x91 + x0>;64;[];[];['<BV64 x0>'];[];['<BV64 x0>'];[];[];0;18446744073709551615;18446744073709551615;1;;;True;0;18446744073709551615;18446744073709551615;1;;;True;ControlType.CONTROLLED;0;<BV64 0x91>;64;[];[];[];[];[];[];[];145.0;145.0;0.0;1.0;;;True;145.0;145.0;0.0;1.0;;;True;ControlType.NO_CONTROL;0;<BV64 0x91>;64;[];[];[];[];[];[];[];145;145;0;1.0;;;True;145.0;145.0;0.0;1.0;;;True;ControlType.NO_CONTROL;0;<BV64 x0>;64;[];[];['<BV64 x0>'];[];['<BV64 x0>'];[];[];0.0;1.8446744073709552e+19;18446744073709551615;1;;;True;0.0;1.8446744073709552e+19;18446744073709551615;1;;;True;ControlType.CONTROLLED;0;<BV64 x0>;64;[];[];['<BV64 x0>'];[];['<BV64 x0>'];[];[];0.0;1.8446744073709552e+19;1.8446744073709552e+19;1.0;;;True;0.0;1.8446744073709552e+19;1.8446744073709552e+19;1.0;;;True;ControlType.CONTROLLED;0;<BV64 x0>;64;[];[];[];[];[];[];[];0;0;0;;;;False;0;0;0;;;;False;ControlType.UNKNOWN;0;[('0x693c', <Bool ((LOAD_64[<BV64 x0 + 0x40>]_35[31:0] << 0x1d[7:0] | LShR(LOAD_64[<BV64 x0 + 0x40>]_35[31:0], 0x3)[7:0]) & 127) == 0>, 'Taken'), ('0x6cfc', <Bool True>, 'Taken'), ('0x8a54', <Bool x1 != 0x0>, 'Taken'), ('0x8a60', <Bool True>, 'Taken')];"{'regs': ['<BV64 x0>', '<BV64 x1>'], 'indirect_regs': [""<BV64 x0>: ['0x40']""], 'direct_regs': ['<BV64 x1>'], 'mem': ['<BV64 x0 + 0x40>'], 'const_mem': []}";[];{'regs': [], 'indirect_regs': [], 'direct_regs': [], 'mem': [], 'const_mem': []};{'regs': ['<BV64 x0>'], 'indirect_regs': [], 'direct_regs': ['<BV64 x0>'], 'mem': [], 'const_mem': []};{'regs': ['<BV64 x0>', '<BV64 x1>'], 'indirect_regs': [], 'direct_regs': ['<BV64 x0>', '<BV64 x1>'], 'mem': ['<BV64 x0 + 0x40>'], 'const_mem': []};63.0;0.0;64.0;64.0;[];;;;BaseControlType.CONSTANT_BASE;BaseControlType.CONSTANT_BASE;BaseControlType.CONSTANT_BASE;4;BranchControlType.BRANCH_DEPENDS_ON_SECRET_VALUE;BranchControlType.BRANCH_INDEPENDENT_FROM_SECRET;27268;True;False;True;True;True;False;False;True;True;False;False;False;True;False;True;True;True;False;True;False;[];['has_valid_base'];True;False;True;True;True;False;False;True;True;False;False;False;True;False;True;True;True;False;True;False;[];['has_valid_base']
7b842d65-a521-4928-8163-8279fc536e67;SHA512_256Pad@@LIBMD_0.1;0x6920;0x6594;0x0;TransmitterType.LOAD;42;0;False;['0x6920', '0x6940', '0x695c', '0x697c', '0x6544'];<BV64 0x30 + x0>;64;[];[];['<BV64 x0>'];[];['<BV64 x0>'];[];[];0;18446744073709551615;18446744073709551615;1;;;True;0;18446744073709551615;18446744073709551615;1;;;True;ControlType.CONTROLLED;0;<BV64 0x30>;64;[];[];[];[];[];[];[];48.0;48.0;0.0;1.0;;;True;48.0;48.0;0.0;1.0;;;True;ControlType.NO_CONTROL;0;<BV64 0x30>;64;[];[];[];[];[];[];[];48;48;0;1.0;;;True;48.0;48.0;0.0;1.0;;;True;ControlType.NO_CONTROL;0;<BV64 x0>;64;[];[];['<BV64 x0>'];[];['<BV64 x0>'];[];[];0.0;1.8446744073709552e+19;18446744073709551615;1;;;True;0.0;1.8446744073709552e+19;18446744073709551615;1;;;True;ControlType.CONTROLLED;0;<BV64 x0>;64;[];[];['<BV64 x0>'];[];['<BV64 x0>'];[];[];0.0;1.8446744073709552e+19;1.8446744073709552e+19;1.0;;;True;0.0;1.8446744073709552e+19;1.8446744073709552e+19;1.0;;;True;ControlType.CONTROLLED;0;<BV64 x0>;64;[];[];[];[];[];[];[];0;0;0;;;;False;0;0;0;;;;False;ControlType.UNKNOWN;0;[('0x693c', <Bool ((LOAD_64[<BV64 x0 + 0x40>]_24[31:0] << 0x1d[7:0] | LShR(LOAD_64[<BV64 x0 + 0x40>]_24[31:0], 0x3)[7:0]) & 127) != 0>, 'Taken'), ('0x6958', <Bool (0x0 .. LOAD_64[<BV64 x0 + 0x40>]_24[9:3]) + 0x1 > 0x70>, 'Taken'), ('0x6960', <Bool 0x1 + (0x0 .. LOAD_64[<BV64 x0 + 0x40>]_24[9:3]) == 0x80>, 'Taken'), ('0x6988', <Bool True>, 'Taken')];"{'regs': ['<BV64 x0>'], 'indirect_regs': [""<BV64 x0>: ['0x40', '0x40', '0x40']""], 'direct_regs': [], 'mem': ['<BV64 x0 + 0x40>'], 'const_mem': []}";[];{'regs': [], 'indirect_regs': [], 'direct_regs': [], 'mem': [], 'const_mem': []};{'regs': ['<BV64 x0>'], 'indirect_regs': [], 'direct_regs': ['<BV64 x0>'], 'mem': [], 'const_mem': []};{'regs': ['<BV64 x0>'], 'indirect_regs': [], 'direct_regs': ['<BV64 x0>'], 'mem': ['<BV64 x0 + 0x40>'], 'const_mem': []};63.0;0.0;64.0;64.0;[];;;;BaseControlType.CONSTANT_BASE;BaseControlType.CONSTANT_BASE;BaseControlType.CONSTANT_BASE;4;BranchControlType.BRANCH_DEPENDS_ON_SECRET_VALUE;BranchControlType.BRANCH_INDEPENDENT_FROM_SECRET;26004;True;False;True;True;True;False;False;True;True;False;False;False;True;False;True;True;True;False;True;False;[];['has_valid_base'];True;False;True;True;True;False;False;True;True;False;False;False;True;False;True;True;True;False;True;False;[];['has_valid_base']
44369145-15e9-498d-8081-e9d002e4e63c;SHA224End@@LIBMD_0.1;0x7da4;0x6364;0x0;TransmitterType.STORE;42;0;False;['0x7da4', '0x7dd8', '0x6380', '0x6260', '0x6340'];<BV64 0x50 + x0>;64;[];[];['<BV64 x0>'];[];['<BV64 x0>'];[];[];0;18446744073709551615;18446744073709551615;1;;;True;0;18446744073709551615;18446744073709551615;1;;;True;ControlType.CONTROLLED;0;<BV64 0x50>;64;[];[];[];[];[];[];[];80.0;80.0;0.0;1.0;;;True;80.0;80.0;0.0;1.0;;;True;ControlType.NO_CONTROL;0;<BV64 0x50>;64;[];[];[];[];[];[];[];80;80;0;1.0;;;True;80.0;80.0;0.0;1.0;;;True;ControlType.NO_CONTROL;0;<BV64 x0>;64;[];[];['<BV64 x0>'];[];['<BV64 x0>'];[];[];0.0;1.8446744073709552e+19;18446744073709551615;1;;;True;0.0;1.8446744073709552e+19;18446744073709551615;1;;;True;ControlType.CONTROLLED;0;<BV64 x0>;64;[];[];['<BV64 x0>'];[];['<BV64 x0>'];[];[];0.0;1.8446744073709552e+19;1.8446744073709552e+19;1.0;;;True;0.0;1.8446744073709552e+19;1.8446744073709552e+19;1.0;;;True;ControlType.CONTROLLED;0;<BV64 x0>;64;[];[];[];[];[];[];[];0;0;0;;;;False;0;0;0;;;;False;ControlType.UNKNOWN;0;[('0x627c', <Bool ((LOAD_64[<BV64 x0 + 0x40>]_35[31:0] << 0x1d[7:0] | LShR(LOAD_64[<BV64 x0 + 0x40>]_35[31:0], 0x3)[7:0]) & 63) == 0>, 'Taken'), ('0x639c', <Bool True>, 'Taken'), ('0x7dd4', <Bool x1 != 0x0>, 'Taken'), ('0x7de0', <Bool True>, 'Taken')];"{'regs': ['<BV64 x0>', '<BV64 x1>'], 'indirect_regs': [""<BV64 x0>: ['0x40']""], 'direct_regs': ['<BV64 x1>'], 'mem': ['<BV64 x0 + 0x40>'], 'const_mem': []}";[];{'regs': [], 'indirect_regs': [], 'direct_regs': [], 'mem': [], 'const_mem': []};{'regs': ['<BV64 x0>'], 'indirect_regs': [], 'direct_regs': ['<BV64 x0>'], 'mem': [], 'const_mem': []};{'regs': ['<BV64 x0>', '<BV64 x1>'], 'indirect_regs': [], 'direct_regs': ['<BV64 x0>', '<BV64 x1>'], 'mem': ['<BV64 x0 + 0x40>'], 'const_mem': []};63.0;0.0;64.0;64.0;[];;;;BaseControlType.CONSTANT_BASE;BaseControlType.CONSTANT_BASE;BaseControlType.CONSTANT_BASE;4;BranchControlType.BRANCH_DEPENDS_ON_SECRET_VALUE;BranchControlType.BRANCH_INDEPENDENT_FROM_SECRET;25444;True;False;True;True;True;False;False;True;True;False;False;False;True;False;True;True;True;False;True;False;[];['has_valid_base'];True;False;True;True;True;False;False;True;True;False;False;False;True;False;True;True;True;False;True;False;[];['has_valid_base']
b1820c11-0a1d-487d-aca4-cae643778019;SHA256Pad@@LIBMD_0.0;0x6260;0x5f0c;0x0;TransmitterType.LOAD;41;0;False;['0x6260', '0x6280', '0x629c', '0x62bc', '0x5ec0'];<BV64 0x10 + x0>;64;[];[];['<BV64 x0>'];[];['<BV64 x0>'];[];[];0;18446744073709551615;18446744073709551615;1;;;True;0;18446744073709551615;18446744073709551615;1;;;True;ControlType.CONTROLLED;0;<BV64 0x10>;64;[];[];[];[];[];[];[];16.0;16.0;0.0;1.0;;;True;16.0;16.0;0.0;1.0;;;True;ControlType.NO_CONTROL;0;<BV64 0x10>;64;[];[];[];[];[];[];[];16;16;0;1.0;;;True;16.0;16.0;0.0;1.0;;;True;ControlType.NO_CONTROL;0;<BV64 x0>;64;[];[];['<BV64 x0>'];[];['<BV64 x0>'];[];[];0.0;1.8446744073709552e+19;18446744073709551615;1;;;True;0.0;1.8446744073709552e+19;18446744073709551615;1;;;True;ControlType.CONTROLLED;0;<BV64 x0>;64;[];[];['<BV64 x0>'];[];['<BV64 x0>'];[];[];0.0;1.8446744073709552e+19;1.8446744073709552e+19;1.0;;;True;0.0;1.8446744073709552e+19;1.8446744073709552e+19;1.0;;;True;ControlType.CONTROLLED;0;<BV64 x0>;64;[];[];[];[];[];[];[];0;0;0;;;;False;0;0;0;;;;False;ControlType.UNKNOWN;0;[('0x627c', <Bool ((LOAD_64[<BV64 x0 + 0x40>]_24[31:0] << 0x1d[7:0] | LShR(LOAD_64[<BV64 x0 + 0x40>]_24[31:0], 0x3)[7:0]) & 63) != 0>, 'Taken'), ('0x6298', <Bool (0x0 .. LOAD_64[<BV64 x0 + 0x40>]_24[8:3]) + 0x1 > 0x38>, 'Taken'), ('0x62a0', <Bool 0x1 + (0x0 .. LOAD_64[<BV64 x0 + 0x40>]_24[8:3]) == 0x40>, 'Taken'), ('0x62c8', <Bool True>, 'Taken')];"{'regs': ['<BV64 x0>'], 'indirect_regs': [""<BV64 x0>: ['0x40', '0x40', '0x40']""], 'direct_regs': [], 'mem': ['<BV64 x0 + 0x40>'], 'const_mem': []}";[];{'regs': [], 'indirect_regs': [], 'direct_regs': [], 'mem': [], 'const_mem': []};{'regs': ['<BV64 x0>'], 'indirect_regs': [], 'direct_regs': ['<BV64 x0>'], 'mem': [], 'const_mem': []};{'regs': ['<BV64 x0>'], 'indirect_regs': [], 'direct_regs': ['<BV64 x0>'], 'mem': ['<BV64 x0 + 0x40>'], 'const_mem': []};63.0;0.0;64.0;64.0;['<Bool LOAD_128[<BV64 x0>]_30[31:0] == LOAD_32[<BV64 x0>]_32>', '<Bool LOAD_128[<BV64 x0>]_30[63:32] == LOAD_32[<BV64 x0 + 0x4>]_33>', '<Bool LOAD_128[<BV64 x0 + 0x10>]_31[31:0] == LOAD_32[<BV64 x0 + 0x10>]_38>'];;;;BaseControlType.CONSTANT_BASE;BaseControlType.CONSTANT_BASE;BaseControlType.CONSTANT_BASE;4;BranchControlType.BRANCH_DEPENDS_ON_SECRET_VALUE;BranchControlType.BRANCH_INDEPENDENT_FROM_SECRET;24332;True;False;True;True;True;False;False;True;True;False;False;False;True;False;True;True;True;False;True;False;[];['has_valid_base'];True;False;True;True;True;False;False;True;True;False;False;False;True;False;True;True;True;False;True;False;[];['has_valid_base']
66019a54-a1db-4397-9ac2-bdb9bda99f43;MD2Transform@@LIBMD_0.0;0x1bc0;0x1bfc;0x1be8;TransmitterType.LOAD;28;2;False;['0x1bc0', '0x1be4'];<BV64 0x8e50 + (0#56 .. LOAD_8[<BV64 x0 + 0x25>]_29 ^ LOAD_8[<BV64 0x8e50 + (0#32 .. (0x0 .. LOAD_8[<BV64 x0 + 0x24>]_23) ^ (0x0 .. LOAD_8[<BV64 x0 + 0x13>]_22))>]_27 ^ LOAD_8[<BV64 x0 + 0x4>]_24)>;64;[];[];['<BV64 x0>'];"[""<BV64 x0>: ['0x13', '0x24', '0x25', '0x4']""]";[];['<BV64 0x8e50 + (0#32 .. (0x0 .. LOAD_8[<BV64 x0 + 0x24>]_23) ^ (0x0 .. LOAD_8[<BV64 x0 + 0x13>]_22))>', '<BV64 x0 + 0x13>', '<BV64 x0 + 0x24>', '<BV64 x0 + 0x25>', '<BV64 x0 + 0x4>'];[];36432;36687;255;1;36863.0;36352.0;False;36432;36687;255;1;36863.0;36352.0;False;ControlType.CONTROLLED;2;<BV64 0x8e50>;64;[];[];[];[];[];[];[];36432.0;36432.0;0.0;1.0;;;True;36432.0;36432.0;0.0;1.0;;;True;ControlType.NO_CONTROL;0;<BV64 0x8e50>;64;[];[];[];[];[];[];[];36432;36432;0;1.0;;;True;36432.0;36432.0;0.0;1.0;;;True;ControlType.NO_CONTROL;0;<BV64 0#56 .. LOAD_8[<BV64 x0 + 0x25>]_29 ^ LOAD_8[<BV64 0x8e50 + (0#32 .. (0x0 .. LOAD_8[<BV64 x0 + 0x24>]_23) ^ (0x0 .. LOAD_8[<BV64 x0 + 0x13>]_22))>]_27 ^ LOAD_8[<BV64 x0 + 0x4>]_24>;64;[];[];['<BV64 x0>'];"[""<BV64 x0>: ['0x13', '0x24', '0x25', '0x4']""]";[];['<BV64 0x8e50 + (0#32 .. (0x0 .. LOAD_8[<BV64 x0 + 0x24>]_23) ^ (0x0 .. LOAD_8[<BV64 x0 + 0x13>]_22))>', '<BV64 x0 + 0x13>', '<BV64 x0 + 0x24>', '<BV64 x0 + 0x25>', '<BV64 x0 + 0x4>'];[];0.0;255.0;255;1;;;False;0.0;255.0;255;1;;;False;ControlType.CONTROLLED;2;<BV64 x0 + 0x4>;64;[('0x1c10', <Bool x0 + 0x14 != x0 + 0x5>, 'Taken')];[];['<BV64 x0>'];[];['<BV64 x0>'];[];[];0.0;1.8446744073709552e+19;1.8446744073709552e+19;1.0;;;True;0.0;1.8446744073709552e+19;1.8446744073709552e+19;1.0;;;True;ControlType.CONTROLLED;0;<BV8 LOAD_8[<BV64 x0 + 0x4>]_24>;8;[];[];[];[];[];[];[];0;0;0;;;;False;0;0;0;;;;False;ControlType.UNKNOWN;1;[('0x1c10', <Bool x0 + 0x14 != x0 + 0x5>, 'Taken')];{'regs': ['<BV64 x0>'], 'indirect_regs': [], 'direct_regs': ['<BV64 x0>'], 'mem': [], 'const_mem': []};[];{'regs': [], 'indirect_regs': [], 'direct_regs': [], 'mem': [], 'const_mem': []};{'regs': ['<BV64 x0>'], 'indirect_regs': [], 'direct_regs': ['<BV64 x0>'], 'mem': ['<BV64 0x8e50 + (0#32 .. (0x0 .. LOAD_8[<BV64 x0 + 0x24>]_23) ^ (0x0 .. LOAD_8[<BV64 x0 + 0x13>]_22))>', '<BV64 x0 + 0x13>', '<BV64 x0 + 0x24>', '<BV64 x0 + 0x25>', '<BV64 x0 + 0x4>'], 'const_mem': []};{'regs': ['<BV64 x0>'], 'indirect_regs': [], 'direct_regs': ['<BV64 x0>'], 'mem': ['<BV64 0x8e50 + (0#32 .. (0x0 .. LOAD_8[<BV64 x0 + 0x24>]_23) ^ (0x0 .. LOAD_8[<BV64 x0 + 0x13>]_22))>', '<BV64 x0 + 0x13>', '<BV64 x0 + 0x24>', '<BV64 x0 + 0x25>', '<BV64 x0 + 0x4>'], 'const_mem': []};0.0;0.0;0.0;0.0;[];;;;BaseControlType.CONSTANT_BASE;BaseControlType.CONSTANT_BASE;BaseControlType.CONSTANT_BASE;1;BranchControlType.BRANCH_DEPENDS_ON_SECRET_ADDRESS;BranchControlType.BRANCH_INDEPENDENT_FROM_SECRET;7164;False;False;True;True;True;True;False;False;True;False;False;False;True;False;False;True;True;False;True;False;[];['is_secret_inferable', 'has_valid_base', 'secret_below_cache_granularity'];False;False;True;True;True;True;False;False;True;False;False;False;True;False;False;True;True;False;True;False;[];['is_secret_inferable', 'has_valid_base', 'secret_below_cache_granularity']
33c1c6ff-f382-4adf-8d8a-593621fce0ef;SHA512_256Update@@LIBMD_0.1;0x67c0;0x6594;0x0;TransmitterType.LOAD;42;0;False;['0x67c0', '0x67c8', '0x67f8', '0x6800', '0x6544'];<BV64 0x38 + x0>;64;[];[];['<BV64 x0>'];[];['<BV64 x0>'];[];[];0;18446744073709551615;18446744073709551615;1;;;True;0;18446744073709551615;18446744073709551615;1;;;True;ControlType.CONTROLLED;0;<BV64 0x38>;64;[];[];[];[];[];[];[];56.0;56.0;0.0;1.0;;;True;56.0;56.0;0.0;1.0;;;True;ControlType.NO_CONTROL;0;<BV64 0x38>;64;[];[];[];[];[];[];[];56;56;0;1.0;;;True;56.0;56.0;0.0;1.0;;;True;ControlType.NO_CONTROL;0;<BV64 x0>;64;[];[];['<BV64 x0>'];[];['<BV64 x0>'];[];[];0.0;1.8446744073709552e+19;18446744073709551615;1;;;True;0.0;1.8446744073709552e+19;18446744073709551615;1;;;True;ControlType.CONTROLLED;0;<BV64 x0>;64;[];[];['<BV64 x0>'];[];['<BV64 x0>'];[];[];0.0;1.8446744073709552e+19;1.8446744073709552e+19;1.0;;;True;0.0;1.8446744073709552e+19;1.8446744073709552e+19;1.0;;;True;ControlType.CONTROLLED;0;<BV64 x0>;64;[];[];[];[];[];[];[];0;0;0;;;;False;0;0;0;;;;False;ControlType.UNKNOWN;0;[('0x67c4', <Bool x2 != 0x0>, 'Taken'), ('0x67f4', <Bool ((LOAD_64[<BV64 x0 + 0x40>]_26 << 0x3d[7:0] | LShR(LOAD_64[<BV64 x0 + 0x40>]_26, 0x3)[7:0]) & 127) == 0>, 'Taken'), ('0x67fc', <Bool x2 > 0x7f>, 'Taken'), ('0x6810', <Bool True>, 'Taken')];"{'regs': ['<BV64 x0>', '<BV64 x2>'], 'indirect_regs': [""<BV64 x0>: ['0x40']""], 'direct_regs': ['<BV64 x2>'], 'mem': ['<BV64 x0 + 0x40>'], 'const_mem': []}";[];{'regs': [], 'indirect_regs': [], 'direct_regs': [], 'mem': [], 'const_mem': []};{'regs': ['<BV64 x0>'], 'indirect_regs': [], 'direct_regs': ['<BV64 x0>'], 'mem': [], 'const_mem': []};{'regs': ['<BV64 x0>', '<BV64 x2>'], 'indirect_regs': [], 'direct_regs': ['<BV64 x0>', '<BV64 x2>'], 'mem': ['<BV64 x0 + 0x40>'], 'const_mem': []};63.0;0.0;64.0;64.0;[];;;;BaseControlType.CONSTANT_BASE;BaseControlType.CONSTANT_BASE;BaseControlType.CONSTANT_BASE;4;BranchControlType.BRANCH_DEPENDS_ON_SECRET_VALUE;BranchControlType.BRANCH_INDEPENDENT_FROM_SECRET;26004;True;False;True;True;True;False;False;True;True;False;False;False;True;False;True;True;True;False;True;False;[];['has_valid_base'];True;False;True;True;True;False;False;True;True;False;False;False;True;False;True;True;True;False;True;False;[];['has_valid_base']
f8886cce-6a57-4bbd-a727-b09bb82ee865;SHA512End@@LIBMD_0.0;0x8704;0x6a88;0x0;TransmitterType.STORE;41;0;False;['0x8704', '0x8738', '0x6aa0', '0x6920', '0x6a68'];<BV64 0xb0 + x0>;64;[];[];['<BV64 x0>'];[];['<BV64 x0>'];[];[];0;18446744073709551615;18446744073709551615;1;;;True;0;18446744073709551615;18446744073709551615;1;;;True;ControlType.CONTROLLED;0;<BV64 0xb0>;64;[];[];[];[];[];[];[];176.0;176.0;0.0;1.0;;;True;176.0;176.0;0.0;1.0;;;True;ControlType.NO_CONTROL;0;<BV64 0xb0>;64;[];[];[];[];[];[];[];176;176;0;1.0;;;True;176.0;176.0;0.0;1.0;;;True;ControlType.NO_CONTROL;0;<BV64 x0>;64;[];[];['<BV64 x0>'];[];['<BV64 x0>'];[];[];0.0;1.8446744073709552e+19;18446744073709551615;1;;;True;0.0;1.8446744073709552e+19;18446744073709551615;1;;;True;ControlType.CONTROLLED;0;<BV64 x0>;64;[];[];['<BV64 x0>'];[];['<BV64 x0>'];[];[];0.0;1.8446744073709552e+19;1.8446744073709552e+19;1.0;;;True;0.0;1.8446744073709552e+19;1.8446744073709552e+19;1.0;;;True;ControlType.CONTROLLED;0;<BV64 x0>;64;[];[];[];[];[];[];[];0;0;0;;;;False;0;0;0;;;;False;ControlType.UNKNOWN;0;[('0x693c', <Bool ((LOAD_64[<BV64 x0 + 0x40>]_35[31:0] << 0x1d[7:0] | LShR(LOAD_64[<BV64 x0 + 0x40>]_35[31:0], 0x3)[7:0]) & 127) == 0>, 'Taken'), ('0x6abc', <Bool True>, 'Taken'), ('0x8734', <Bool x1 != 0x0>, 'Taken'), ('0x8740', <Bool True>, 'Taken')];"{'regs': ['<BV64 x0>', '<BV64 x1>'], 'indirect_regs': [""<BV64 x0>: ['0x40']""], 'direct_regs': ['<BV64 x1>'], 'mem': ['<BV64 x0 + 0x40>'], 'const_mem': []}";[];{'regs': [], 'indirect_regs': [], 'direct_regs': [], 'mem': [], 'const_mem': []};{'regs': ['<BV64 x0>'], 'indirect_regs': [], 'direct_regs': ['<BV64 x0>'], 'mem': [], 'const_mem': []};{'regs': ['<BV64 x0>', '<BV64 x1>'], 'indirect_regs': [], 'direct_regs': ['<BV64 x0>', '<BV64 x1>'], 'mem': ['<BV64 x0 + 0x40>'], 'const_mem': []};63.0;0.0;64.0;64.0;[];;;;BaseControlType.CONSTANT_BASE;BaseControlType.CONSTANT_BASE;BaseControlType.CONSTANT_BASE;4;BranchControlType.BRANCH_DEPENDS_ON_SECRET_VALUE;BranchControlType.BRANCH_INDEPENDENT_FROM_SECRET;27272;True;False;True;True;True;False;False;True;True;False;False;False;True;False;True;True;True;False;True;False;[];['has_valid_base'];True;False;True;True;True;False;False;True;True;False;False;False;True;False;True;True;True;False;True;False;[];['has_valid_base']
7d080d8c-3d58-4ea5-b11e-ad9069bf219a;SHA224Pad@@LIBMD_0.1;0x6260;0x5f0c;0x0;TransmitterType.LOAD;41;0;False;['0x6260', '0x6280', '0x629c', '0x62bc', '0x5ec0'];<BV64 0x10 + x0>;64;[];[];['<BV64 x0>'];[];['<BV64 x0>'];[];[];0;18446744073709551615;18446744073709551615;1;;;True;0;18446744073709551615;18446744073709551615;1;;;True;ControlType.CONTROLLED;0;<BV64 0x10>;64;[];[];[];[];[];[];[];16.0;16.0;0.0;1.0;;;True;16.0;16.0;0.0;1.0;;;True;ControlType.NO_CONTROL;0;<BV64 0x10>;64;[];[];[];[];[];[];[];16;16;0;1.0;;;True;16.0;16.0;0.0;1.0;;;True;ControlType.NO_CONTROL;0;<BV64 x0>;64;[];[];['<BV64 x0>'];[];['<BV64 x0>'];[];[];0.0;1.8446744073709552e+19;18446744073709551615;1;;;True;0.0;1.8446744073709552e+19;18446744073709551615;1;;;True;ControlType.CONTROLLED;0;<BV64 x0>;64;[];[];['<BV64 x0>'];[];['<BV64 x0>'];[];[];0.0;1.8446744073709552e+19;1.8446744073709552e+19;1.0;;;True;0.0;1.8446744073709552e+19;1.8446744073709552e+19;1.0;;;True;ControlType.CONTROLLED;0;<BV64 x0>;64;[];[];[];[];[];[];[];0;0;0;;;;False;0;0;0;;;;False;ControlType.UNKNOWN;0;[('0x627c', <Bool ((LOAD_64[<BV64 x0 + 0x40>]_24[31:0] << 0x1d[7:0] | LShR(LOAD_64[<BV64 x0 + 0x40>]_24[31:0], 0x3)[7:0]) & 63) != 0>, 'Taken'), ('0x6298', <Bool (0x0 .. LOAD_64[<BV64 x0 + 0x40>]_24[8:3]) + 0x1 > 0x38>, 'Taken'), ('0x62a0', <Bool 0x1 + (0x0 .. LOAD_64[<BV64 x0 + 0x40>]_24[8:3]) == 0x40>, 'Taken'), ('0x62c8', <Bool True>, 'Taken')];"{'regs': ['<BV64 x0>'], 'indirect_regs': [""<BV64 x0>: ['0x40', '0x40', '0x40']""], 'direct_regs': [], 'mem': ['<BV64 x0 + 0x40>'], 'const_mem': []}";[];{'regs': [], 'indirect_regs': [], 'direct_regs': [], 'mem': [], 'const_mem': []};{'regs': ['<BV64 x0>'], 'indirect_regs': [], 'direct_regs': ['<BV64 x0>'], 'mem': [], 'const_mem': []};{'regs': ['<BV64 x0>'], 'indirect_regs': [], 'direct_regs': ['<BV64 x0>'], 'mem': ['<BV64 x0 + 0x40>'], 'const_mem': []};63.0;0.0;64.0;64.0;['<Bool LOAD_128[<BV64 x0>]_30[31:0] == LOAD_32[<BV64 x0>]_32>', '<Bool LOAD_128[<BV64 x0>]_30[63:32] == LOAD_32[<BV64 x0 + 0x4>]_33>', '<Bool LOAD_128[<BV64 x0 + 0x10>]_31[31:0] == LOAD_32[<BV64 x0 + 0x10>]_38>'];;;;BaseControlType.CONSTANT_BASE;BaseControlType.CONSTANT_BASE;BaseControlType.CONSTANT_BASE;4;BranchControlType.BRANCH_DEPENDS_ON_SECRET_VALUE;BranchControlType.BRANCH_INDEPENDENT_FROM_SECRET;24332;True;False;True;True;True;False;False;True;True;False;False;False;True;False;True;True;True;False;True;False;[];['has_valid_base'];True;False;True;True;True;False;False;True;True;False;False;False;True;False;True;True;True;False;True;False;[];['has_valid_base']
74c1cafb-e26a-4b0c-93fd-50f8fd88fac2;SHA384End@@LIBMD_0.0;0x83e4;0x6a88;0x0;TransmitterType.STORE;41;0;False;['0x83e4', '0x8418', '0x6bc0', '0x6920', '0x6a68'];<BV64 0xb0 + x0>;64;[];[];['<BV64 x0>'];[];['<BV64 x0>'];[];[];0;18446744073709551615;18446744073709551615;1;;;True;0;18446744073709551615;18446744073709551615;1;;;True;ControlType.CONTROLLED;0;<BV64 0xb0>;64;[];[];[];[];[];[];[];176.0;176.0;0.0;1.0;;;True;176.0;176.0;0.0;1.0;;;True;ControlType.NO_CONTROL;0;<BV64 0xb0>;64;[];[];[];[];[];[];[];176;176;0;1.0;;;True;176.0;176.0;0.0;1.0;;;True;ControlType.NO_CONTROL;0;<BV64 x0>;64;[];[];['<BV64 x0>'];[];['<BV64 x0>'];[];[];0.0;1.8446744073709552e+19;18446744073709551615;1;;;True;0.0;1.8446744073709552e+19;18446744073709551615;1;;;True;ControlType.CONTROLLED;0;<BV64 x0>;64;[];[];['<BV64 x0>'];[];['<BV64 x0>'];[];[];0.0;1.8446744073709552e+19;1.8446744073709552e+19;1.0;;;True;0.0;1.8446744073709552e+19;1.8446744073709552e+19;1.0;;;True;ControlType.CONTROLLED;0;<BV64 x0>;64;[];[];[];[];[];[];[];0;0;0;;;;False;0;0;0;;;;False;ControlType.UNKNOWN;0;[('0x693c', <Bool ((LOAD_64[<BV64 x0 + 0x40>]_35[31:0] << 0x1d[7:0] | LShR(LOAD_64[<BV64 x0 + 0x40>]_35[31:0], 0x3)[7:0]) & 127) == 0>, 'Taken'), ('0x6bdc', <Bool True>, 'Taken'), ('0x8414', <Bool x1 != 0x0>, 'Taken'), ('0x8420', <Bool True>, 'Taken')];"{'regs': ['<BV64 x0>', '<BV64 x1>'], 'indirect_regs': [""<BV64 x0>: ['0x40']""], 'direct_regs': ['<BV64 x1>'], 'mem': ['<BV64 x0 + 0x40>'], 'const_mem': []}";[];{'regs': [], 'indirect_regs': [], 'direct_regs': [], 'mem': [], 'const_mem': []};{'regs': ['<BV64 x0>'], 'indirect_regs': [], 'direct_regs': ['<BV64 x0>'], 'mem': [], 'const_mem': []};{'regs': ['<BV64 x0>', '<BV64 x1>'], 'indirect_regs': [], 'direct_regs': ['<BV64 x0>', '<BV64 x1>'], 'mem': ['<BV64 x0 + 0x40>'], 'const_mem': []};63.0;0.0;64.0;64.0;[];;;;BaseControlType.CONSTANT_BASE;BaseControlType.CONSTANT_BASE;BaseControlType.CONSTANT_BASE;4;BranchControlType.BRANCH_DEPENDS_ON_SECRET_VALUE;BranchControlType.BRANCH_INDEPENDENT_FROM_SECRET;27272;True;False;True;True;True;False;False;True;True;False;False;False;True;False;True;True;True;False;True;False;[];['has_valid_base'];True;False;True;True;True;False;False;True;True;False;False;False;True;False;True;True;True;False;True;False;[];['has_valid_base']
7ea4a56a-e26d-4999-8d82-f89182de8986;SHA512Pad@@LIBMD_0.0;0x6920;0x6594;0x0;TransmitterType.LOAD;42;0;False;['0x6920', '0x6940', '0x695c', '0x697c', '0x6544'];<BV64 0x30 + x0>;64;[];[];['<BV64 x0>'];[];['<BV64 x0>'];[];[];0;18446744073709551615;18446744073709551615;1;;;True;0;18446744073709551615;18446744073709551615;1;;;True;ControlType.CONTROLLED;0;<BV64 0x30>;64;[];[];[];[];[];[];[];48.0;48.0;0.0;1.0;;;True;48.0;48.0;0.0;1.0;;;True;ControlType.NO_CONTROL;0;<BV64 0x30>;64;[];[];[];[];[];[];[];48;48;0;1.0;;;True;48.0;48.0;0.0;1.0;;;True;ControlType.NO_CONTROL;0;<BV64 x0>;64;[];[];['<BV64 x0>'];[];['<BV64 x0>'];[];[];0.0;1.8446744073709552e+19;18446744073709551615;1;;;True;0.0;1.8446744073709552e+19;18446744073709551615;1;;;True;ControlType.CONTROLLED;0;<BV64 x0>;64;[];[];['<BV64 x0>'];[];['<BV64 x0>'];[];[];0.0;1.8446744073709552e+19;1.8446744073709552e+19;1.0;;;True;0.0;1.8446744073709552e+19;1.8446744073709552e+19;1.0;;;True;ControlType.CONTROLLED;0;<BV64 x0>;64;[];[];[];[];[];[];[];0;0;0;;;;False;0;0;0;;;;False;ControlType.UNKNOWN;0;[('0x693c', <Bool ((LOAD_64[<BV64 x0 + 0x40>]_24[31:0] << 0x1d[7:0] | LShR(LOAD_64[<BV64 x0 + 0x40>]_24[31:0], 0x3)[7:0]) & 127) != 0>, 'Taken'), ('0x6958', <Bool (0x0 .. LOAD_64[<BV64 x0 + 0x40>]_24[9:3]) + 0x1 > 0x70>, 'Taken'), ('0x6960', <Bool 0x1 + (0x0 .. LOAD_64[<BV64 x0 + 0x40>]_24[9:3]) == 0x80>, 'Taken'), ('0x6988', <Bool True>, 'Taken')];"{'regs': ['<BV64 x0>'], 'indirect_regs': [""<BV64 x0>: ['0x40', '0x40', '0x40']""], 'direct_regs': [], 'mem': ['<BV64 x0 + 0x40>'], 'const_mem': []}";[];{'regs': [], 'indirect_regs': [], 'direct_regs': [], 'mem': [], 'const_mem': []};{'regs': ['<BV64 x0>'], 'indirect_regs': [], 'direct_regs': ['<BV64 x0>'], 'mem': [], 'const_mem': []};{'regs': ['<BV64 x0>'], 'indirect_regs': [], 'direct_regs': ['<BV64 x0>'], 'mem': ['<BV64 x0 + 0x40>'], 'const_mem': []};63.0;0.0;64.0;64.0;[];;;;BaseControlType.CONSTANT_BASE;BaseControlType.CONSTANT_BASE;BaseControlType.CONSTANT_BASE;4;BranchControlType.BRANCH_DEPENDS_ON_SECRET_VALUE;BranchControlType.BRANCH_INDEPENDENT_FROM_SECRET;26004;True;False;True;True;True;False;False;True;True;False;False;False;True;False;True;True;True;False;True;False;[];['has_valid_base'];True;False;True;True;True;False;False;True;True;False;False;False;True;False;True;True;True;False;True;False;[];['has_valid_base']
8ed30db2-adbf-443c-8bc6-fe9c1ec733d8;SHA256Update@@LIBMD_0.0;0x610c;0x5f0c;0x0;TransmitterType.LOAD;44;0;False;['0x610c', '0x6114', '0x6144', '0x614c', '0x5ec0'];<BV64 0x14 + x0>;64;[];[];['<BV64 x0>'];[];['<BV64 x0>'];[];[];0;18446744073709551615;18446744073709551615;1;;;True;0;18446744073709551615;18446744073709551615;1;;;True;ControlType.CONTROLLED;0;<BV64 0x14>;64;[];[];[];[];[];[];[];20.0;20.0;0.0;1.0;;;True;20.0;20.0;0.0;1.0;;;True;ControlType.NO_CONTROL;0;<BV64 0x14>;64;[];[];[];[];[];[];[];20;20;0;1.0;;;True;20.0;20.0;0.0;1.0;;;True;ControlType.NO_CONTROL;0;<BV64 x0>;64;[];[];['<BV64 x0>'];[];['<BV64 x0>'];[];[];0.0;1.8446744073709552e+19;18446744073709551615;1;;;True;0.0;1.8446744073709552e+19;18446744073709551615;1;;;True;ControlType.CONTROLLED;0;<BV64 x0>;64;[];[];['<BV64 x0>'];[];['<BV64 x0>'];[];[];0.0;1.8446744073709552e+19;1.8446744073709552e+19;1.0;;;True;0.0;1.8446744073709552e+19;1.8446744073709552e+19;1.0;;;True;ControlType.CONTROLLED;0;<BV64 x0>;64;[];[];[];[];[];[];[];0;0;0;;;;False;0;0;0;;;;False;ControlType.UNKNOWN;0;[('0x6110', <Bool x2 != 0x0>, 'Taken'), ('0x6140', <Bool ((LOAD_64[<BV64 x0 + 0x40>]_26 << 0x3d[7:0] | LShR(LOAD_64[<BV64 x0 + 0x40>]_26, 0x3)[7:0]) & 63) == 0>, 'Taken'), ('0x6148', <Bool x2 > 0x3f>, 'Taken'), ('0x6168', <Bool True>, 'Taken')];"{'regs': ['<BV64 x0>', '<BV64 x2>'], 'indirect_regs': [""<BV64 x0>: ['0x40']""], 'direct_regs': ['<BV64 x2>'], 'mem': ['<BV64 x0 + 0x40>'], 'const_mem': []}";[];{'regs': [], 'indirect_regs': [], 'direct_regs': [], 'mem': [], 'const_mem': []};{'regs': ['<BV64 x0>'], 'indirect_regs': [], 'direct_regs': ['<BV64 x0>'], 'mem': [], 'const_mem': []};{'regs': ['<BV64 x0>', '<BV64 x2>'], 'indirect_regs': [], 'direct_regs': ['<BV64 x0>', '<BV64 x2>'], 'mem': ['<BV64 x0 + 0x40>'], 'const_mem': []};63.0;0.0;64.0;64.0;['<Bool LOAD_128[<BV64 x0>]_31[31:0] == LOAD_32[<BV64 x0>]_33>', '<Bool LOAD_128[<BV64 x0>]_31[63:32] == LOAD_32[<BV64 x0 + 0x4>]_34>', '<Bool LOAD_128[<BV64 x0 + 0x10>]_32[31:0] == LOAD_32[<BV64 x0 + 0x10>]_39>', '<Bool LOAD_128[<BV64 x0 + 0x10>]_32[63:32] == LOAD_32[<BV64 x0 + 0x14>]_40>'];;;;BaseControlType.CONSTANT_BASE;BaseControlType.CONSTANT_BASE;BaseControlType.CONSTANT_BASE;4;BranchControlType.BRANCH_DEPENDS_ON_SECRET_VALUE;BranchControlType.BRANCH_INDEPENDENT_FROM_SECRET;24332;True;False;True;True;True;False;False;True;True;False;False;False;True;False;True;True;True;False;True;False;[];['has_valid_base'];True;False;True;True;True;False;False;True;True;False;False;False;True;False;True;True;True;False;True;False;[];['has_valid_base']
3a5160e9-a081-4f9b-a48f-a9a3d73dc2ba;SHA512_256End@@LIBMD_0.1;0x8a24;0x6a88;0x0;TransmitterType.STORE;41;0;False;['0x8a24', '0x8a58', '0x6ce0', '0x6920', '0x6a68'];<BV64 0xb0 + x0>;64;[];[];['<BV64 x0>'];[];['<BV64 x0>'];[];[];0;18446744073709551615;18446744073709551615;1;;;True;0;18446744073709551615;18446744073709551615;1;;;True;ControlType.CONTROLLED;0;<BV64 0xb0>;64;[];[];[];[];[];[];[];176.0;176.0;0.0;1.0;;;True;176.0;176.0;0.0;1.0;;;True;ControlType.NO_CONTROL;0;<BV64 0xb0>;64;[];[];[];[];[];[];[];176;176;0;1.0;;;True;176.0;176.0;0.0;1.0;;;True;ControlType.NO_CONTROL;0;<BV64 x0>;64;[];[];['<BV64 x0>'];[];['<BV64 x0>'];[];[];0.0;1.8446744073709552e+19;18446744073709551615;1;;;True;0.0;1.8446744073709552e+19;18446744073709551615;1;;;True;ControlType.CONTROLLED;0;<BV64 x0>;64;[];[];['<BV64 x0>'];[];['<BV64 x0>'];[];[];0.0;1.8446744073709552e+19;1.8446744073709552e+19;1.0;;;True;0.0;1.8446744073709552e+19;1.8446744073709552e+19;1.0;;;True;ControlType.CONTROLLED;0;<BV64 x0>;64;[];[];[];[];[];[];[];0;0;0;;;;False;0;0;0;;;;False;ControlType.UNKNOWN;0;[('0x693c', <Bool ((LOAD_64[<BV64 x0 + 0x40>]_35[31:0] << 0x1d[7:0] | LShR(LOAD_64[<BV64 x0 + 0x40>]_35[31:0], 0x3)[7:0]) & 127) == 0>, 'Taken'), ('0x6cfc', <Bool True>, 'Taken'), ('0x8a54', <Bool x1 != 0x0>, 'Taken'), ('0x8a60', <Bool True>, 'Taken')];"{'regs': ['<BV64 x0>', '<BV64 x1>'], 'indirect_regs': [""<BV64 x0>: ['0x40']""], 'direct_regs': ['<BV64 x1>'], 'mem': ['<BV64 x0 + 0x40>'], 'const_mem': []}";[];{'regs': [], 'indirect_regs': [], 'direct_regs': [], 'mem': [], 'const_mem': []};{'regs': ['<BV64 x0>'], 'indirect_regs': [], 'direct_regs': ['<BV64 x0>'], 'mem': [], 'const_mem': []};{'regs': ['<BV64 x0>', '<BV64 x1>'], 'indirect_regs': [], 'direct_regs': ['<BV64 x0>', '<BV64 x1>'], 'mem': ['<BV64 x0 + 0x40>'], 'const_mem': []};63.0;0.0;64.0;64.0;[];;;;BaseControlType.CONSTANT_BASE;BaseControlType.CONSTANT_BASE;BaseControlType.CONSTANT_BASE;4;BranchControlType.BRANCH_DEPENDS_ON_SECRET_VALUE;BranchControlType.BRANCH_INDEPENDENT_FROM_SECRET;27272;True;False;True;True;True;False;False;True;True;False;False;False;True;False;True;True;True;False;True;False;[];['has_valid_base'];True;False;True;True;True;False;False;True;True;False;False;False;True;False;True;True;True;False;True;False;[];['has_valid_base']
66ad0071-b392-432d-a2a2-6bdedca6c497;RMD160Update@@LIBMD_0.0;0x49cc;0x3444;0x0;TransmitterType.LOAD;75;0;False;['0x49cc', '0x4a10', '0x4a14', '0x4a1c', '0x3380'];<BV64 0x10 + x0>;64;[];[];['<BV64 x0>'];[];['<BV64 x0>'];[];[];0;18446744073709551615;18446744073709551615;1;;;True;0;18446744073709551615;18446744073709551615;1;;;True;ControlType.CONTROLLED;0;<BV64 0x10>;64;[];[];[];[];[];[];[];16.0;16.0;0.0;1.0;;;True;16.0;16.0;0.0;1.0;;;True;ControlType.NO_CONTROL;0;<BV64 0x10>;64;[];[];[];[];[];[];[];16;16;0;1.0;;;True;16.0;16.0;0.0;1.0;;;True;ControlType.NO_CONTROL;0;<BV64 x0>;64;[];[];['<BV64 x0>'];[];['<BV64 x0>'];[];[];0.0;1.8446744073709552e+19;18446744073709551615;1;;;True;0.0;1.8446744073709552e+19;18446744073709551615;1;;;True;ControlType.CONTROLLED;0;<BV64 x0>;64;[];[];['<BV64 x0>'];[];['<BV64 x0>'];[];[];0.0;1.8446744073709552e+19;1.8446744073709552e+19;1.0;;;True;0.0;1.8446744073709552e+19;1.8446744073709552e+19;1.0;;;True;ControlType.CONTROLLED;0;<BV64 x0>;64;[];[];[];[];[];[];[];0;0;0;;;;False;0;0;0;;;;False;ControlType.UNKNOWN;0;[('0x4a0c', <Bool x2 >= 0x40 - ((LOAD_64[<BV64 x0 + 0x18>]_28 << 0x3d | LShR(LOAD_64[<BV64 x0 + 0x18>]_28, 0x3)) & 0x3f)>, 'Taken'), ('0x4a10', <Bool LOAD_64[<BV64 x0 + 0x18>]_28[8:3] == 0>, 'Taken'), ('0x4a18', <Bool x2 > 0x3f>, 'Taken'), ('0x4a2c', <Bool True>, 'Taken')];"{'regs': ['<BV64 x0>', '<BV64 x2>'], 'indirect_regs': [""<BV64 x0>: ['0x18', '0x18']""], 'direct_regs': ['<BV64 x2>'], 'mem': ['<BV64 x0 + 0x18>'], 'const_mem': []}";[];{'regs': [], 'indirect_regs': [], 'direct_regs': [], 'mem': [], 'const_mem': []};{'regs': ['<BV64 x0>'], 'indirect_regs': [], 'direct_regs': ['<BV64 x0>'], 'mem': [], 'const_mem': []};{'regs': ['<BV64 x0>', '<BV64 x2>'], 'indirect_regs': [], 'direct_regs': ['<BV64 x0>', '<BV64 x2>'], 'mem': ['<BV64 x0 + 0x18>'], 'const_mem': []};63.0;0.0;64.0;64.0;[];;;;BaseControlType.CONSTANT_BASE;BaseControlType.CONSTANT_BASE;BaseControlType.CONSTANT_BASE;4;BranchControlType.BRANCH_DEPENDS_ON_SECRET_VALUE;BranchControlType.BRANCH_INDEPENDENT_FROM_SECRET;13380;True;False;True;True;True;False;False;True;True;False;False;False;True;False;True;True;True;False;True;False;[];['has_valid_base'];True;False;True;True;True;False;False;True;True;False;False;False;True;False;True;True;True;False;True;False;[];['has_valid_base']
bd4f1f95-a38f-4582-92fd-3a61c7bd4a3d;SHA224End@@LIBMD_0.1;0x7da4;0x6368;0x0;TransmitterType.STORE;43;0;False;['0x7da4', '0x7dd8', '0x6380', '0x6260', '0x6340'];<BV64 0x88 + x0>;64;[];[];['<BV64 x0>'];[];['<BV64 x0>'];[];[];0;18446744073709551615;18446744073709551615;1;;;True;0;18446744073709551615;18446744073709551615;1;;;True;ControlType.CONTROLLED;0;<BV64 0x88>;64;[];[];[];[];[];[];[];136.0;136.0;0.0;1.0;;;True;136.0;136.0;0.0;1.0;;;True;ControlType.NO_CONTROL;0;<BV64 0x88>;64;[];[];[];[];[];[];[];136;136;0;1.0;;;True;136.0;136.0;0.0;1.0;;;True;ControlType.NO_CONTROL;0;<BV64 x0>;64;[];[];['<BV64 x0>'];[];['<BV64 x0>'];[];[];0.0;1.8446744073709552e+19;18446744073709551615;1;;;True;0.0;1.8446744073709552e+19;18446744073709551615;1;;;True;ControlType.CONTROLLED;0;<BV64 x0>;64;[];[];['<BV64 x0>'];[];['<BV64 x0>'];[];[];0.0;1.8446744073709552e+19;1.8446744073709552e+19;1.0;;;True;0.0;1.8446744073709552e+19;1.8446744073709552e+19;1.0;;;True;ControlType.CONTROLLED;0;<BV64 x0>;64;[];[];[];[];[];[];[];0;0;0;;;;False;0;0;0;;;;False;ControlType.UNKNOWN;0;[('0x627c', <Bool ((LOAD_64[<BV64 x0 + 0x40>]_35[31:0] << 0x1d[7:0] | LShR(LOAD_64[<BV64 x0 + 0x40>]_35[31:0], 0x3)[7:0]) & 63) == 0>, 'Taken'), ('0x639c', <Bool True>, 'Taken'), ('0x7dd4', <Bool x1 != 0x0>, 'Taken'), ('0x7de0', <Bool True>, 'Taken')];"{'regs': ['<BV64 x0>', '<BV64 x1>'], 'indirect_regs': [""<BV64 x0>: ['0x40']""], 'direct_regs': ['<BV64 x1>'], 'mem': ['<BV64 x0 + 0x40>'], 'const_mem': []}";[];{'regs': [], 'indirect_regs': [], 'direct_regs': [], 'mem': [], 'const_mem': []};{'regs': ['<BV64 x0>'], 'indirect_regs': [], 'direct_regs': ['<BV64 x0>'], 'mem': [], 'const_mem': []};{'regs': ['<BV64 x0>', '<BV64 x1>'], 'indirect_regs': [], 'direct_regs': ['<BV64 x0>', '<BV64 x1>'], 'mem': ['<BV64 x0 + 0x40>'], 'const_mem': []};63.0;0.0;64.0;64.0;[];;;;BaseControlType.CONSTANT_BASE;BaseControlType.CONSTANT_BASE;BaseControlType.CONSTANT_BASE;4;BranchControlType.BRANCH_DEPENDS_ON_SECRET_VALUE;BranchControlType.BRANCH_INDEPENDENT_FROM_SECRET;25448;True;False;True;True;True;False;False;True;True;False;False;False;True;False;True;True;True;False;True;False;[];['has_valid_base'];True;False;True;True;True;False;False;True;True;False;False;False;True;False;True;True;True;False;True;False;[];['has_valid_base']
45a320ec-ee64-47b9-b2d6-f09cafa90cfa;SHA512_256Pad@@LIBMD_0.1;0x6920;0x6594;0x0;TransmitterType.LOAD;42;0;False;['0x6920', '0x6940', '0x695c', '0x697c', '0x6544'];<BV64 0x38 + x0>;64;[];[];['<BV64 x0>'];[];['<BV64 x0>'];[];[];0;18446744073709551615;18446744073709551615;1;;;True;0;18446744073709551615;18446744073709551615;1;;;True;ControlType.CONTROLLED;0;<BV64 0x38>;64;[];[];[];[];[];[];[];56.0;56.0;0.0;1.0;;;True;56.0;56.0;0.0;1.0;;;True;ControlType.NO_CONTROL;0;<BV64 0x38>;64;[];[];[];[];[];[];[];56;56;0;1.0;;;True;56.0;56.0;0.0;1.0;;;True;ControlType.NO_CONTROL;0;<BV64 x0>;64;[];[];['<BV64 x0>'];[];['<BV64 x0>'];[];[];0.0;1.8446744073709552e+19;18446744073709551615;1;;;True;0.0;1.8446744073709552e+19;18446744073709551615;1;;;True;ControlType.CONTROLLED;0;<BV64 x0>;64;[];[];['<BV64 x0>'];[];['<BV64 x0>'];[];[];0.0;1.8446744073709552e+19;1.8446744073709552e+19;1.0;;;True;0.0;1.8446744073709552e+19;1.8446744073709552e+19;1.0;;;True;ControlType.CONTROLLED;0;<BV64 x0>;64;[];[];[];[];[];[];[];0;0;0;;;;False;0;0;0;;;;False;ControlType.UNKNOWN;0;[('0x693c', <Bool ((LOAD_64[<BV64 x0 + 0x40>]_24[31:0] << 0x1d[7:0] | LShR(LOAD_64[<BV64 x0 + 0x40>]_24[31:0], 0x3)[7:0]) & 127) != 0>, 'Taken'), ('0x6958', <Bool (0x0 .. LOAD_64[<BV64 x0 + 0x40>]_24[9:3]) + 0x1 > 0x70>, 'Taken'), ('0x6960', <Bool 0x1 + (0x0 .. LOAD_64[<BV64 x0 + 0x40>]_24[9:3]) == 0x80>, 'Taken'), ('0x6988', <Bool True>, 'Taken')];"{'regs': ['<BV64 x0>'], 'indirect_regs': [""<BV64 x0>: ['0x40', '0x40', '0x40']""], 'direct_regs': [], 'mem': ['<BV64 x0 + 0x40>'], 'const_mem': []}";[];{'regs': [], 'indirect_regs': [], 'direct_regs': [], 'mem': [], 'const_mem': []};{'regs': ['<BV64 x0>'], 'indirect_regs': [], 'direct_regs': ['<BV64 x0>'], 'mem': [], 'const_mem': []};{'regs': ['<BV64 x0>'], 'indirect_regs': [], 'direct_regs': ['<BV64 x0>'], 'mem': ['<BV64 x0 + 0x40>'], 'const_mem': []};63.0;0.0;64.0;64.0;[];;;;BaseControlType.CONSTANT_BASE;BaseControlType.CONSTANT_BASE;BaseControlType.CONSTANT_BASE;4;BranchControlType.BRANCH_DEPENDS_ON_SECRET_VALUE;BranchControlType.BRANCH_INDEPENDENT_FROM_SECRET;26004;True;False;True;True;True;False;False;True;True;False;False;False;True;False;True;True;True;False;True;False;[];['has_valid_base'];True;False;True;True;True;False;False;True;True;False;False;False;True;False;True;True;True;False;True;False;[];['has_valid_base']
531a89f3-abf4-4e80-b6ce-ca21d6f90c7e;MD2Transform@@LIBMD_0.0;0x1bc0;0x1bfc;0x1bfc;TransmitterType.LOAD;28;2;False;['0x1bc0', '0x1be4'];<BV64 0x8e50 + (0#56 .. LOAD_8[<BV64 x0 + 0x25>]_29 ^ LOAD_8[<BV64 0x8e50 + (0#32 .. (0x0 .. LOAD_8[<BV64 x0 + 0x24>]_23) ^ (0x0 .. LOAD_8[<BV64 x0 + 0x13>]_22))>]_27 ^ LOAD_8[<BV64 x0 + 0x4>]_24)>;64;[];[];['<BV64 x0>'];"[""<BV64 x0>: ['0x13', '0x24', '0x25', '0x4']""]";[];['<BV64 0x8e50 + (0#32 .. (0x0 .. LOAD_8[<BV64 x0 + 0x24>]_23) ^ (0x0 .. LOAD_8[<BV64 x0 + 0x13>]_22))>', '<BV64 x0 + 0x13>', '<BV64 x0 + 0x24>', '<BV64 x0 + 0x25>', '<BV64 x0 + 0x4>'];[];36432;36687;255;1;36863.0;36352.0;False;36432;36687;255;1;36863.0;36352.0;False;ControlType.CONTROLLED;2;<BV64 0x8e50>;64;[];[];[];[];[];[];[];36432.0;36432.0;0.0;1.0;;;True;36432.0;36432.0;0.0;1.0;;;True;ControlType.NO_CONTROL;0;<BV64 0x8e50>;64;[];[];[];[];[];[];[];36432;36432;0;1.0;;;True;36432.0;36432.0;0.0;1.0;;;True;ControlType.NO_CONTROL;0;<BV64 0#56 .. LOAD_8[<BV64 x0 + 0x25>]_29 ^ LOAD_8[<BV64 0x8e50 + (0#32 .. (0x0 .. LOAD_8[<BV64 x0 + 0x24>]_23) ^ (0x0 .. LOAD_8[<BV64 x0 + 0x13>]_22))>]_27 ^ LOAD_8[<BV64 x0 + 0x4>]_24>;64;[];[];['<BV64 x0>'];"[""<BV64 x0>: ['0x13', '0x24', '0x25', '0x4']""]";[];['<BV64 0x8e50 + (0#32 .. (0x0 .. LOAD_8[<BV64 x0 + 0x24>]_23) ^ (0x0 .. LOAD_8[<BV64 x0 + 0x13>]_22))>', '<BV64 x0 + 0x13>', '<BV64 x0 + 0x24>', '<BV64 x0 + 0x25>', '<BV64 x0 + 0x4>'];[];0.0;255.0;255;1;;;False;0.0;255.0;255;1;;;False;ControlType.CONTROLLED;2;<BV64 0x8e50 + (0#32 .. (0x0 .. LOAD_8[<BV64 x0 + 0x24>]_23) ^ (0x0 .. LOAD_8[<BV64 x0 + 0x13>]_22))>;64;[];[];['<BV64 x0>'];"[""<BV64 x0>: ['0x13', '0x24']""]";[];['<BV64 x0 + 0x13>', '<BV64 x0 + 0x24>'];[];36432.0;36687.0;255.0;1.0;36863.0;36352.0;False;36432.0;36687.0;255.0;1.0;36863.0;36352.0;False;ControlType.CONTROLLED;1;<BV8 LOAD_8[<BV64 0x8e50 + (0#32 .. (0x0 .. LOAD_8[<BV64 x0 + 0x24>]_23) ^ (0x0 .. LOAD_8[<BV64 x0 + 0x13>]_22))>]_27>;8;[];[];[];[];[];[];[];0;0;0;;;;False;0;0;0;;;;False;ControlType.UNKNOWN;2;[('0x1c10', <Bool x0 + 0x14 != x0 + 0x5>, 'Taken')];{'regs': ['<BV64 x0>'], 'indirect_regs': [], 'direct_regs': ['<BV64 x0>'], 'mem': [], 'const_mem': []};[];{'regs': [], 'indirect_regs': [], 'direct_regs': [], 'mem': [], 'const_mem': []};"{'regs': ['<BV64 x0>'], 'indirect_regs': [""<BV64 x0>: ['0x13', '0x13', '0x24', '0x24', '0x25', '0x4']""], 'direct_regs': [], 'mem': ['<BV64 0x8e50 + (0#32 .. (0x0 .. LOAD_8[<BV64 x0 + 0x24>]_23) ^ (0x0 .. LOAD_8[<BV64 x0 + 0x13>]_22))>', '<BV64 x0 + 0x13>', '<BV64 x0 + 0x24>', '<BV64 x0 + 0x25>', '<BV64 x0 + 0x4>'], 'const_mem': []}";{'regs': ['<BV64 x0>'], 'indirect_regs': [], 'direct_regs': ['<BV64 x0>'], 'mem': ['<BV64 0x8e50 + (0#32 .. (0x0 .. LOAD_8[<BV64 x0 + 0x24>]_23) ^ (0x0 .. LOAD_8[<BV64 x0 + 0x13>]_22))>', '<BV64 x0 + 0x13>', '<BV64 x0 + 0x24>', '<BV64 x0 + 0x25>', '<BV64 x0 + 0x4>'], 'const_mem': []};0.0;0.0;0.0;0.0;[];;;;BaseControlType.CONSTANT_BASE;BaseControlType.CONSTANT_BASE;BaseControlType.CONSTANT_BASE;1;BranchControlType.BRANCH_INDEPENDENT_FROM_SECRET;BranchControlType.BRANCH_INDEPENDENT_FROM_SECRET;7164;False;False;False;True;True;True;False;False;True;False;False;False;True;False;False;False;True;False;True;False;[];['is_secret_inferable', 'has_valid_base', 'has_valid_secret_address', 'secret_below_cache_granularity'];False;False;False;True;True;True;False;False;True;False;False;False;True;False;False;False;True;False;True;False;[];['is_secret_inferable', 'has_valid_base', 'has_valid_secret_address', 'secret_below_cache_granularity']
12e52de3-b1f9-4f39-a8a6-bdff869cf348;SHA256Pad@@LIBMD_0.0;0x6260;0x5f0c;0x0;TransmitterType.LOAD;41;0;False;['0x6260', '0x6280', '0x629c', '0x62bc', '0x5ec0'];<BV64 0x14 + x0>;64;[];[];['<BV64 x0>'];[];['<BV64 x0>'];[];[];0;18446744073709551615;18446744073709551615;1;;;True;0;18446744073709551615;18446744073709551615;1;;;True;ControlType.CONTROLLED;0;<BV64 0x14>;64;[];[];[];[];[];[];[];20.0;20.0;0.0;1.0;;;True;20.0;20.0;0.0;1.0;;;True;ControlType.NO_CONTROL;0;<BV64 0x14>;64;[];[];[];[];[];[];[];20;20;0;1.0;;;True;20.0;20.0;0.0;1.0;;;True;ControlType.NO_CONTROL;0;<BV64 x0>;64;[];[];['<BV64 x0>'];[];['<BV64 x0>'];[];[];0.0;1.8446744073709552e+19;18446744073709551615;1;;;True;0.0;1.8446744073709552e+19;18446744073709551615;1;;;True;ControlType.CONTROLLED;0;<BV64 x0>;64;[];[];['<BV64 x0>'];[];['<BV64 x0>'];[];[];0.0;1.8446744073709552e+19;1.8446744073709552e+19;1.0;;;True;0.0;1.8446744073709552e+19;1.8446744073709552e+19;1.0;;;True;ControlType.CONTROLLED;0;<BV64 x0>;64;[];[];[];[];[];[];[];0;0;0;;;;False;0;0;0;;;;False;ControlType.UNKNOWN;0;[('0x627c', <Bool ((LOAD_64[<BV64 x0 + 0x40>]_24[31:0] << 0x1d[7:0] | LShR(LOAD_64[<BV64 x0 + 0x40>]_24[31:0], 0x3)[7:0]) & 63) != 0>, 'Taken'), ('0x6298', <Bool (0x0 .. LOAD_64[<BV64 x0 + 0x40>]_24[8:3]) + 0x1 > 0x38>, 'Taken'), ('0x62a0', <Bool 0x1 + (0x0 .. LOAD_64[<BV64 x0 + 0x40>]_24[8:3]) == 0x40>, 'Taken'), ('0x62c8', <Bool True>, 'Taken')];"{'regs': ['<BV64 x0>'], 'indirect_regs': [""<BV64 x0>: ['0x40', '0x40', '0x40']""], 'direct_regs': [], 'mem': ['<BV64 x0 + 0x40>'], 'const_mem': []}";[];{'regs': [], 'indirect_regs': [], 'direct_regs': [], 'mem': [], 'const_mem': []};{'regs': ['<BV64 x0>'], 'indirect_regs': [], 'direct_regs': ['<BV64 x0>'], 'mem': [], 'const_mem': []};{'regs': ['<BV64 x0>'], 'indirect_regs': [], 'direct_regs': ['<BV64 x0>'], 'mem': ['<BV64 x0 + 0x40>'], 'const_mem': []};63.0;0.0;64.0;64.0;['<Bool LOAD_128[<BV64 x0>]_30[31:0] == LOAD_32[<BV64 x0>]_32>', '<Bool LOAD_128[<BV64 x0>]_30[63:32] == LOAD_32[<BV64 x0 + 0x4>]_33>', '<Bool LOAD_128[<BV64 x0 + 0x10>]_31[31:0] == LOAD_32[<BV64 x0 + 0x10>]_38>', '<Bool LOAD_128[<BV64 x0 + 0x10>]_31[63:32] == LOAD_32[<BV64 x0 + 0x14>]_39>'];;;;BaseControlType.CONSTANT_BASE;BaseControlType.CONSTANT_BASE;BaseControlType.CONSTANT_BASE;4;BranchControlType.BRANCH_DEPENDS_ON_SECRET_VALUE;BranchControlType.BRANCH_INDEPENDENT_FROM_SECRET;24332;True;False;True;True;True;False;False;True;True;False;False;False;True;False;True;True;True;False;True;False;[];['has_valid_base'];True;False;True;True;True;False;False;True;True;False;False;False;True;False;True;True;True;False;True;False;[];['has_valid_base']
1354747d-3e1a-4ebe-9022-9d62925e14d4;SHA512End@@LIBMD_0.0;0x8704;0x6a8c;0x0;TransmitterType.STORE;42;0;False;['0x8704', '0x8738', '0x6aa0', '0x6920', '0x6a68'];<BV64 0x50 + x0>;64;[];[];['<BV64 x0>'];[];['<BV64 x0>'];[];[];0;18446744073709551615;18446744073709551615;1;;;True;0;18446744073709551615;18446744073709551615;1;;;True;ControlType.CONTROLLED;0;<BV64 0x50>;64;[];[];[];[];[];[];[];80.0;80.0;0.0;1.0;;;True;80.0;80.0;0.0;1.0;;;True;ControlType.NO_CONTROL;0;<BV64 0x50>;64;[];[];[];[];[];[];[];80;80;0;1.0;;;True;80.0;80.0;0.0;1.0;;;True;ControlType.NO_CONTROL;0;<BV64 x0>;64;[];[];['<BV64 x0>'];[];['<BV64 x0>'];[];[];0.0;1.8446744073709552e+19;18446744073709551615;1;;;True;0.0;1.8446744073709552e+19;18446744073709551615;1;;;True;ControlType.CONTROLLED;0;<BV64 x0>;64;[];[];['<BV64 x0>'];[];['<BV64 x0>'];[];[];0.0;1.8446744073709552e+19;1.8446744073709552e+19;1.0;;;True;0.0;1.8446744073709552e+19;1.8446744073709552e+19;1.0;;;True;ControlType.CONTROLLED;0;<BV64 x0>;64;[];[];[];[];[];[];[];0;0;0;;;;False;0;0;0;;;;False;ControlType.UNKNOWN;0;[('0x693c', <Bool ((LOAD_64[<BV64 x0 + 0x40>]_35[31:0] << 0x1d[7:0] | LShR(LOAD_64[<BV64 x0 + 0x40>]_35[31:0], 0x3)[7:0]) & 127) == 0>, 'Taken'), ('0x6abc', <Bool True>, 'Taken'), ('0x8734', <Bool x1 != 0x0>, 'Taken'), ('0x8740', <Bool True>, 'Taken')];"{'regs': ['<BV64 x0>', '<BV64 x1>'], 'indirect_regs': [""<BV64 x0>: ['0x40']""], 'direct_regs': ['<BV64 x1>'], 'mem': ['<BV64 x0 + 0x40>'], 'const_mem': []}";[];{'regs': [], 'indirect_regs': [], 'direct_regs': [], 'mem': [], 'const_mem': []};{'regs': ['<BV64 x0>'], 'indirect_regs': [], 'direct_regs': ['<BV64 x0>'], 'mem': [], 'const_mem': []};{'regs': ['<BV64 x0>', '<BV64 x1>'], 'indirect_regs': [], 'direct_regs': ['<BV64 x0>', '<BV64 x1>'], 'mem': ['<BV64 x0 + 0x40>'], 'const_mem': []};63.0;0.0;64.0;64.0;[];;;;BaseControlType.CONSTANT_BASE;BaseControlType.CONSTANT_BASE;BaseControlType.CONSTANT_BASE;4;BranchControlType.BRANCH_DEPENDS_ON_SECRET_VALUE;BranchControlType.BRANCH_INDEPENDENT_FROM_SECRET;27276;True;False;True;True;True;False;False;True;True;False;False;False;True;False;True;True;True;False;True;False;[];['has_valid_base'];True;False;True;True;True;False;False;True;True;False;False;False;True;False;True;True;True;False;True;False;[];['has_valid_base']
57791aff-b0e4-4585-9fd6-6fc3f211ceb5;SHA384End@@LIBMD_0.0;0x83e4;0x6a8c;0x0;TransmitterType.STORE;42;0;False;['0x83e4', '0x8418', '0x6bc0', '0x6920', '0x6a68'];<BV64 0x50 + x0>;64;[];[];['<BV64 x0>'];[];['<BV64 x0>'];[];[];0;18446744073709551615;18446744073709551615;1;;;True;0;18446744073709551615;18446744073709551615;1;;;True;ControlType.CONTROLLED;0;<BV64 0x50>;64;[];[];[];[];[];[];[];80.0;80.0;0.0;1.0;;;True;80.0;80.0;0.0;1.0;;;True;ControlType.NO_CONTROL;0;<BV64 0x50>;64;[];[];[];[];[];[];[];80;80;0;1.0;;;True;80.0;80.0;0.0;1.0;;;True;ControlType.NO_CONTROL;0;<BV64 x0>;64;[];[];['<BV64 x0>'];[];['<BV64 x0>'];[];[];0.0;1.8446744073709552e+19;18446744073709551615;1;;;True;0.0;1.8446744073709552e+19;18446744073709551615;1;;;True;ControlType.CONTROLLED;0;<BV64 x0>;64;[];[];['<BV64 x0>'];[];['<BV64 x0>'];[];[];0.0;1.8446744073709552e+19;1.8446744073709552e+19;1.0;;;True;0.0;1.8446744073709552e+19;1.8446744073709552e+19;1.0;;;True;ControlType.CONTROLLED;0;<BV64 x0>;64;[];[];[];[];[];[];[];0;0;0;;;;False;0;0;0;;;;False;ControlType.UNKNOWN;0;[('0x693c', <Bool ((LOAD_64[<BV64 x0 + 0x40>]_35[31:0] << 0x1d[7:0] | LShR(LOAD_64[<BV64 x0 + 0x40>]_35[31:0], 0x3)[7:0]) & 127) == 0>, 'Taken'), ('0x6bdc', <Bool True>, 'Taken'), ('0x8414', <Bool x1 != 0x0>, 'Taken'), ('0x8420', <Bool True>, 'Taken')];"{'regs': ['<BV64 x0>', '<BV64 x1>'], 'indirect_regs': [""<BV64 x0>: ['0x40']""], 'direct_regs': ['<BV64 x1>'], 'mem': ['<BV64 x0 + 0x40>'], 'const_mem': []}";[];{'regs': [], 'indirect_regs': [], 'direct_regs': [], 'mem': [], 'const_mem': []};{'regs': ['<BV64 x0>'], 'indirect_regs': [], 'direct_regs': ['<BV64 x0>'], 'mem': [], 'const_mem': []};{'regs': ['<BV64 x0>', '<BV64 x1>'], 'indirect_regs': [], 'direct_regs': ['<BV64 x0>', '<BV64 x1>'], 'mem': ['<BV64 x0 + 0x40>'], 'const_mem': []};63.0;0.0;64.0;64.0;[];;;;BaseControlType.CONSTANT_BASE;BaseControlType.CONSTANT_BASE;BaseControlType.CONSTANT_BASE;4;BranchControlType.BRANCH_DEPENDS_ON_SECRET_VALUE;BranchControlType.BRANCH_INDEPENDENT_FROM_SECRET;27276;True;False;True;True;True;False;False;True;True;False;False;False;True;False;True;True;True;False;True;False;[];['has_valid_base'];True;False;True;True;True;False;False;True;True;False;False;False;True;False;True;True;True;False;True;False;[];['has_valid_base']
b6080c52-4805-4d39-9cb0-bc4cc8685d63;SHA224Pad@@LIBMD_0.1;0x6260;0x5f0c;0x0;TransmitterType.LOAD;41;0;False;['0x6260', '0x6280', '0x629c', '0x62bc', '0x5ec0'];<BV64 0x14 + x0>;64;[];[];['<BV64 x0>'];[];['<BV64 x0>'];[];[];0;18446744073709551615;18446744073709551615;1;;;True;0;18446744073709551615;18446744073709551615;1;;;True;ControlType.CONTROLLED;0;<BV64 0x14>;64;[];[];[];[];[];[];[];20.0;20.0;0.0;1.0;;;True;20.0;20.0;0.0;1.0;;;True;ControlType.NO_CONTROL;0;<BV64 0x14>;64;[];[];[];[];[];[];[];20;20;0;1.0;;;True;20.0;20.0;0.0;1.0;;;True;ControlType.NO_CONTROL;0;<BV64 x0>;64;[];[];['<BV64 x0>'];[];['<BV64 x0>'];[];[];0.0;1.8446744073709552e+19;18446744073709551615;1;;;True;0.0;1.8446744073709552e+19;18446744073709551615;1;;;True;ControlType.CONTROLLED;0;<BV64 x0>;64;[];[];['<BV64 x0>'];[];['<BV64 x0>'];[];[];0.0;1.8446744073709552e+19;1.8446744073709552e+19;1.0;;;True;0.0;1.8446744073709552e+19;1.8446744073709552e+19;1.0;;;True;ControlType.CONTROLLED;0;<BV64 x0>;64;[];[];[];[];[];[];[];0;0;0;;;;False;0;0;0;;;;False;ControlType.UNKNOWN;0;[('0x627c', <Bool ((LOAD_64[<BV64 x0 + 0x40>]_24[31:0] << 0x1d[7:0] | LShR(LOAD_64[<BV64 x0 + 0x40>]_24[31:0], 0x3)[7:0]) & 63) != 0>, 'Taken'), ('0x6298', <Bool (0x0 .. LOAD_64[<BV64 x0 + 0x40>]_24[8:3]) + 0x1 > 0x38>, 'Taken'), ('0x62a0', <Bool 0x1 + (0x0 .. LOAD_64[<BV64 x0 + 0x40>]_24[8:3]) == 0x40>, 'Taken'), ('0x62c8', <Bool True>, 'Taken')];"{'regs': ['<BV64 x0>'], 'indirect_regs': [""<BV64 x0>: ['0x40', '0x40', '0x40']""], 'direct_regs': [], 'mem': ['<BV64 x0 + 0x40>'], 'const_mem': []}";[];{'regs': [], 'indirect_regs': [], 'direct_regs': [], 'mem': [], 'const_mem': []};{'regs': ['<BV64 x0>'], 'indirect_regs': [], 'direct_regs': ['<BV64 x0>'], 'mem': [], 'const_mem': []};{'regs': ['<BV64 x0>'], 'indirect_regs': [], 'direct_regs': ['<BV64 x0>'], 'mem': ['<BV64 x0 + 0x40>'], 'const_mem': []};63.0;0.0;64.0;64.0;['<Bool LOAD_128[<BV64 x0>]_30[31:0] == LOAD_32[<BV64 x0>]_32>', '<Bool LOAD_128[<BV64 x0>]_30[63:32] == LOAD_32[<BV64 x0 + 0x4>]_33>', '<Bool LOAD_128[<BV64 x0 + 0x10>]_31[31:0] == LOAD_32[<BV64 x0 + 0x10>]_38>', '<Bool LOAD_128[<BV64 x0 + 0x10>]_31[63:32] == LOAD_32[<BV64 x0 + 0x14>]_39>'];;;;BaseControlType.CONSTANT_BASE;BaseControlType.CONSTANT_BASE;BaseControlType.CONSTANT_BASE;4;BranchControlType.BRANCH_DEPENDS_ON_SECRET_VALUE;BranchControlType.BRANCH_INDEPENDENT_FROM_SECRET;24332;True;False;True;True;True;False;False;True;True;False;False;False;True;False;True;True;True;False;True;False;[];['has_valid_base'];True;False;True;True;True;False;False;True;True;False;False;False;True;False;True;True;True;False;True;False;[];['has_valid_base']
ee0fc887-3057-493d-af22-ede7674e006a;SHA512Pad@@LIBMD_0.0;0x6920;0x6594;0x0;TransmitterType.LOAD;42;0;False;['0x6920', '0x6940', '0x695c', '0x697c', '0x6544'];<BV64 0x38 + x0>;64;[];[];['<BV64 x0>'];[];['<BV64 x0>'];[];[];0;18446744073709551615;18446744073709551615;1;;;True;0;18446744073709551615;18446744073709551615;1;;;True;ControlType.CONTROLLED;0;<BV64 0x38>;64;[];[];[];[];[];[];[];56.0;56.0;0.0;1.0;;;True;56.0;56.0;0.0;1.0;;;True;ControlType.NO_CONTROL;0;<BV64 0x38>;64;[];[];[];[];[];[];[];56;56;0;1.0;;;True;56.0;56.0;0.0;1.0;;;True;ControlType.NO_CONTROL;0;<BV64 x0>;64;[];[];['<BV64 x0>'];[];['<BV64 x0>'];[];[];0.0;1.8446744073709552e+19;18446744073709551615;1;;;True;0.0;1.8446744073709552e+19;18446744073709551615;1;;;True;ControlType.CONTROLLED;0;<BV64 x0>;64;[];[];['<BV64 x0>'];[];['<BV64 x0>'];[];[];0.0;1.8446744073709552e+19;1.8446744073709552e+19;1.0;;;True;0.0;1.8446744073709552e+19;1.8446744073709552e+19;1.0;;;True;ControlType.CONTROLLED;0;<BV64 x0>;64;[];[];[];[];[];[];[];0;0;0;;;;False;0;0;0;;;;False;ControlType.UNKNOWN;0;[('0x693c', <Bool ((LOAD_64[<BV64 x0 + 0x40>]_24[31:0] << 0x1d[7:0] | LShR(LOAD_64[<BV64 x0 + 0x40>]_24[31:0], 0x3)[7:0]) & 127) != 0>, 'Taken'), ('0x6958', <Bool (0x0 .. LOAD_64[<BV64 x0 + 0x40>]_24[9:3]) + 0x1 > 0x70>, 'Taken'), ('0x6960', <Bool 0x1 + (0x0 .. LOAD_64[<BV64 x0 + 0x40>]_24[9:3]) == 0x80>, 'Taken'), ('0x6988', <Bool True>, 'Taken')];"{'regs': ['<BV64 x0>'], 'indirect_regs': [""<BV64 x0>: ['0x40', '0x40', '0x40']""], 'direct_regs': [], 'mem': ['<BV64 x0 + 0x40>'], 'const_mem': []}";[];{'regs': [], 'indirect_regs': [], 'direct_regs': [], 'mem': [], 'const_mem': []};{'regs': ['<BV64 x0>'], 'indirect_regs': [], 'direct_regs': ['<BV64 x0>'], 'mem': [], 'const_mem': []};{'regs': ['<BV64 x0>'], 'indirect_regs': [], 'direct_regs': ['<BV64 x0>'], 'mem': ['<BV64 x0 + 0x40>'], 'const_mem': []};63.0;0.0;64.0;64.0;[];;;;BaseControlType.CONSTANT_BASE;BaseControlType.CONSTANT_BASE;BaseControlType.CONSTANT_BASE;4;BranchControlType.BRANCH_DEPENDS_ON_SECRET_VALUE;BranchControlType.BRANCH_INDEPENDENT_FROM_SECRET;26004;True;False;True;True;True;False;False;True;True;False;False;False;True;False;True;True;True;False;True;False;[];['has_valid_base'];True;False;True;True;True;False;False;True;True;False;False;False;True;False;True;True;True;False;True;False;[];['has_valid_base']
210c79b7-94c6-424b-9dfc-5b9d555ea8c7;SHA512_256End@@LIBMD_0.1;0x8a24;0x6a8c;0x0;TransmitterType.STORE;42;0;False;['0x8a24', '0x8a58', '0x6ce0', '0x6920', '0x6a68'];<BV64 0x50 + x0>;64;[];[];['<BV64 x0>'];[];['<BV64 x0>'];[];[];0;18446744073709551615;18446744073709551615;1;;;True;0;18446744073709551615;18446744073709551615;1;;;True;ControlType.CONTROLLED;0;<BV64 0x50>;64;[];[];[];[];[];[];[];80.0;80.0;0.0;1.0;;;True;80.0;80.0;0.0;1.0;;;True;ControlType.NO_CONTROL;0;<BV64 0x50>;64;[];[];[];[];[];[];[];80;80;0;1.0;;;True;80.0;80.0;0.0;1.0;;;True;ControlType.NO_CONTROL;0;<BV64 x0>;64;[];[];['<BV64 x0>'];[];['<BV64 x0>'];[];[];0.0;1.8446744073709552e+19;18446744073709551615;1;;;True;0.0;1.8446744073709552e+19;18446744073709551615;1;;;True;ControlType.CONTROLLED;0;<BV64 x0>;64;[];[];['<BV64 x0>'];[];['<BV64 x0>'];[];[];0.0;1.8446744073709552e+19;1.8446744073709552e+19;1.0;;;True;0.0;1.8446744073709552e+19;1.8446744073709552e+19;1.0;;;True;ControlType.CONTROLLED;0;<BV64 x0>;64;[];[];[];[];[];[];[];0;0;0;;;;False;0;0;0;;;;False;ControlType.UNKNOWN;0;[('0x693c', <Bool ((LOAD_64[<BV64 x0 + 0x40>]_35[31:0] << 0x1d[7:0] | LShR(LOAD_64[<BV64 x0 + 0x40>]_35[31:0], 0x3)[7:0]) & 127) == 0>, 'Taken'), ('0x6cfc', <Bool True>, 'Taken'), ('0x8a54', <Bool x1 != 0x0>, 'Taken'), ('0x8a60', <Bool True>, 'Taken')];"{'regs': ['<BV64 x0>', '<BV64 x1>'], 'indirect_regs': [""<BV64 x0>: ['0x40']""], 'direct_regs': ['<BV64 x1>'], 'mem': ['<BV64 x0 + 0x40>'], 'const_mem': []}";[];{'regs': [], 'indirect_regs': [], 'direct_regs': [], 'mem': [], 'const_mem': []};{'regs': ['<BV64 x0>'], 'indirect_regs': [], 'direct_regs': ['<BV64 x0>'], 'mem': [], 'const_mem': []};{'regs': ['<BV64 x0>', '<BV64 x1>'], 'indirect_regs': [], 'direct_regs': ['<BV64 x0>', '<BV64 x1>'], 'mem': ['<BV64 x0 + 0x40>'], 'const_mem': []};63.0;0.0;64.0;64.0;[];;;;BaseControlType.CONSTANT_BASE;BaseControlType.CONSTANT_BASE;BaseControlType.CONSTANT_BASE;4;BranchControlType.BRANCH_DEPENDS_ON_SECRET_VALUE;BranchControlType.BRANCH_INDEPENDENT_FROM_SECRET;27276;True;False;True;True;True;False;False;True;True;False;False;False;True;False;True;True;True;False;True;False;[];['has_valid_base'];True;False;True;True;True;False;False;True;True;False;False;False;True;False;True;True;True;False;True;False;[];['has_valid_base']
2168b5ec-73b7-42e6-875c-ecd97fb9b030;MD2Transform@@LIBMD_0.0;0x1bc0;0x1bfc;0x1be4;TransmitterType.LOAD;28;2;False;['0x1bc0', '0x1be4'];<BV64 0x8e50 + (0#56 .. LOAD_8[<BV64 x0 + 0x25>]_29 ^ LOAD_8[<BV64 0x8e50 + (0#32 .. (0x0 .. LOAD_8[<BV64 x0 + 0x24>]_23) ^ (0x0 .. LOAD_8[<BV64 x0 + 0x13>]_22))>]_27 ^ LOAD_8[<BV64 x0 + 0x4>]_24)>;64;[];[];['<BV64 x0>'];"[""<BV64 x0>: ['0x13', '0x24', '0x25', '0x4']""]";[];['<BV64 0x8e50 + (0#32 .. (0x0 .. LOAD_8[<BV64 x0 + 0x24>]_23) ^ (0x0 .. LOAD_8[<BV64 x0 + 0x13>]_22))>', '<BV64 x0 + 0x13>', '<BV64 x0 + 0x24>', '<BV64 x0 + 0x25>', '<BV64 x0 + 0x4>'];[];36432;36687;255;1;36863.0;36352.0;False;36432;36687;255;1;36863.0;36352.0;False;ControlType.CONTROLLED;2;<BV64 0x8e50>;64;[];[];[];[];[];[];[];36432.0;36432.0;0.0;1.0;;;True;36432.0;36432.0;0.0;1.0;;;True;ControlType.NO_CONTROL;0;<BV64 0x8e50>;64;[];[];[];[];[];[];[];36432;36432;0;1.0;;;True;36432.0;36432.0;0.0;1.0;;;True;ControlType.NO_CONTROL;0;<BV64 0#56 .. LOAD_8[<BV64 x0 + 0x25>]_29 ^ LOAD_8[<BV64 0x8e50 + (0#32 .. (0x0 .. LOAD_8[<BV64 x0 + 0x24>]_23) ^ (0x0 .. LOAD_8[<BV64 x0 + 0x13>]_22))>]_27 ^ LOAD_8[<BV64 x0 + 0x4>]_24>;64;[];[];['<BV64 x0>'];"[""<BV64 x0>: ['0x13', '0x24', '0x25', '0x4']""]";[];['<BV64 0x8e50 + (0#32 .. (0x0 .. LOAD_8[<BV64 x0 + 0x24>]_23) ^ (0x0 .. LOAD_8[<BV64 x0 + 0x13>]_22))>', '<BV64 x0 + 0x13>', '<BV64 x0 + 0x24>', '<BV64 x0 + 0x25>', '<BV64 x0 + 0x4>'];[];0.0;255.0;255;1;;;False;0.0;255.0;255;1;;;False;ControlType.CONTROLLED;2;<BV64 x0 + 0x25>;64;[('0x1c10', <Bool x0 + 0x14 != x0 + 0x5>, 'Taken')];[];['<BV64 x0>'];[];['<BV64 x0>'];[];[];0.0;1.8446744073709552e+19;1.8446744073709552e+19;1.0;;;True;0.0;1.8446744073709552e+19;1.8446744073709552e+19;1.0;;;True;ControlType.CONTROLLED;0;<BV8 LOAD_8[<BV64 x0 + 0x25>]_29>;8;[];[];[];[];[];[];[];0;0;0;;;;False;0;0;0;;;;False;ControlType.UNKNOWN;1;[('0x1c10', <Bool x0 + 0x14 != x0 + 0x5>, 'Taken')];{'regs': ['<BV64 x0>'], 'indirect_regs': [], 'direct_regs': ['<BV64 x0>'], 'mem': [], 'const_mem': []};[];{'regs': [], 'indirect_regs': [], 'direct_regs': [], 'mem': [], 'const_mem': []};{'regs': ['<BV64 x0>'], 'indirect_regs': [], 'direct_regs': ['<BV64 x0>'], 'mem': ['<BV64 0x8e50 + (0#32 .. (0x0 .. LOAD_8[<BV64 x0 + 0x24>]_23) ^ (0x0 .. LOAD_8[<BV64 x0 + 0x13>]_22))>', '<BV64 x0 + 0x13>', '<BV64 x0 + 0x24>', '<BV64 x0 + 0x25>', '<BV64 x0 + 0x4>'], 'const_mem': []};{'regs': ['<BV64 x0>'], 'indirect_regs': [], 'direct_regs': ['<BV64 x0>'], 'mem': ['<BV64 0x8e50 + (0#32 .. (0x0 .. LOAD_8[<BV64 x0 + 0x24>]_23) ^ (0x0 .. LOAD_8[<BV64 x0 + 0x13>]_22))>', '<BV64 x0 + 0x13>', '<BV64 x0 + 0x24>', '<BV64 x0 + 0x25>', '<BV64 x0 + 0x4>'], 'const_mem': []};0.0;0.0;0.0;0.0;[];;;;BaseControlType.CONSTANT_BASE;BaseControlType.CONSTANT_BASE;BaseControlType.CONSTANT_BASE;1;BranchControlType.BRANCH_DEPENDS_ON_SECRET_ADDRESS;BranchControlType.BRANCH_INDEPENDENT_FROM_SECRET;7164;False;False;True;True;True;True;False;False;True;False;False;False;True;False;False;True;True;False;True;False;[];['is_secret_inferable', 'has_valid_base', 'secret_below_cache_granularity'];False;False;True;True;True;True;False;False;True;False;False;False;True;False;False;True;True;False;True;False;[];['is_secret_inferable', 'has_valid_base', 'secret_below_cache_granularity']
2df27ab6-1b03-497f-a8c8-af5aef63c2a6;SHA512_256Pad@@LIBMD_0.1;0x6920;0x6a78;0x0;TransmitterType.STORE;13;0;False;['0x6920', '0x6a68'];<BV64 0x51 + x0>;64;[];[];['<BV64 x0>'];[];['<BV64 x0>'];[];[];0;18446744073709551615;18446744073709551615;1;;;True;0;18446744073709551615;18446744073709551615;1;;;True;ControlType.CONTROLLED;0;<BV64 0x51>;64;[];[];[];[];[];[];[];81.0;81.0;0.0;1.0;;;True;81.0;81.0;0.0;1.0;;;True;ControlType.NO_CONTROL;0;<BV64 0x51>;64;[];[];[];[];[];[];[];81;81;0;1.0;;;True;81.0;81.0;0.0;1.0;;;True;ControlType.NO_CONTROL;0;<BV64 x0>;64;[];[];['<BV64 x0>'];[];['<BV64 x0>'];[];[];0.0;1.8446744073709552e+19;18446744073709551615;1;;;True;0.0;1.8446744073709552e+19;18446744073709551615;1;;;True;ControlType.CONTROLLED;0;<BV64 x0>;64;[];[];['<BV64 x0>'];[];['<BV64 x0>'];[];[];0.0;1.8446744073709552e+19;1.8446744073709552e+19;1.0;;;True;0.0;1.8446744073709552e+19;1.8446744073709552e+19;1.0;;;True;ControlType.CONTROLLED;0;<BV64 x0>;64;[];[];[];[];[];[];[];0;0;0;;;;False;0;0;0;;;;False;ControlType.UNKNOWN;0;[('0x693c', <Bool ((LOAD_64[<BV64 x0 + 0x40>]_24[31:0] << 0x1d[7:0] | LShR(LOAD_64[<BV64 x0 + 0x40>]_24[31:0], 0x3)[7:0]) & 127) == 0>, 'Taken')];"{'regs': ['<BV64 x0>'], 'indirect_regs': [""<BV64 x0>: ['0x40']""], 'direct_regs': [], 'mem': ['<BV64 x0 + 0x40>'], 'const_mem': []}";[];{'regs': [], 'indirect_regs': [], 'direct_regs': [], 'mem': [], 'const_mem': []};{'regs': ['<BV64 x0>'], 'indirect_regs': [], 'direct_regs': ['<BV64 x0>'], 'mem': [], 'const_mem': []};{'regs': ['<BV64 x0>'], 'indirect_regs': [], 'direct_regs': ['<BV64 x0>'], 'mem': ['<BV64 x0 + 0x40>'], 'const_mem': []};63.0;0.0;64.0;64.0;[];;;;BaseControlType.CONSTANT_BASE;BaseControlType.CONSTANT_BASE;BaseControlType.CONSTANT_BASE;1;BranchControlType.BRANCH_DEPENDS_ON_SECRET_VALUE;BranchControlType.BRANCH_INDEPENDENT_FROM_SECRET;27256;True;False;True;True;True;False;False;True;True;False;False;False;True;False;True;True;True;False;True;False;[];['has_valid_base'];True;False;True;True;True;False;False;True;True;False;False;False;True;False;True;True;True;False;True;False;[];['has_valid_base']
0bdfb758-eb04-4f1e-8c23-c6b84efde3c6;SHA256Pad@@LIBMD_0.0;0x6260;0x6354;0x0;TransmitterType.STORE;14;0;False;['0x6260', '0x6340'];<BV64 0x51 + x0>;64;[];[];['<BV64 x0>'];[];['<BV64 x0>'];[];[];0;18446744073709551615;18446744073709551615;1;;;True;0;18446744073709551615;18446744073709551615;1;;;True;ControlType.CONTROLLED;0;<BV64 0x51>;64;[];[];[];[];[];[];[];81.0;81.0;0.0;1.0;;;True;81.0;81.0;0.0;1.0;;;True;ControlType.NO_CONTROL;0;<BV64 0x51>;64;[];[];[];[];[];[];[];81;81;0;1.0;;;True;81.0;81.0;0.0;1.0;;;True;ControlType.NO_CONTROL;0;<BV64 x0>;64;[];[];['<BV64 x0>'];[];['<BV64 x0>'];[];[];0.0;1.8446744073709552e+19;18446744073709551615;1;;;True;0.0;1.8446744073709552e+19;18446744073709551615;1;;;True;ControlType.CONTROLLED;0;<BV64 x0>;64;[];[];['<BV64 x0>'];[];['<BV64 x0>'];[];[];0.0;1.8446744073709552e+19;1.8446744073709552e+19;1.0;;;True;0.0;1.8446744073709552e+19;1.8446744073709552e+19;1.0;;;True;ControlType.CONTROLLED;0;<BV64 x0>;64;[];[];[];[];[];[];[];0;0;0;;;;False;0;0;0;;;;False;ControlType.UNKNOWN;0;[('0x627c', <Bool ((LOAD_64[<BV64 x0 + 0x40>]_24[31:0] << 0x1d[7:0] | LShR(LOAD_64[<BV64 x0 + 0x40>]_24[31:0], 0x3)[7:0]) & 63) == 0>, 'Taken')];"{'regs': ['<BV64 x0>'], 'indirect_regs': [""<BV64 x0>: ['0x40']""], 'direct_regs': [], 'mem': ['<BV64 x0 + 0x40>'], 'const_mem': []}";[];{'regs': [], 'indirect_regs': [], 'direct_regs': [], 'mem': [], 'const_mem': []};{'regs': ['<BV64 x0>'], 'indirect_regs': [], 'direct_regs': ['<BV64 x0>'], 'mem': [], 'const_mem': []};{'regs': ['<BV64 x0>'], 'indirect_regs': [], 'direct_regs': ['<BV64 x0>'], 'mem': ['<BV64 x0 + 0x40>'], 'const_mem': []};63.0;0.0;64.0;64.0;[];;;;BaseControlType.CONSTANT_BASE;BaseControlType.CONSTANT_BASE;BaseControlType.CONSTANT_BASE;1;BranchControlType.BRANCH_DEPENDS_ON_SECRET_VALUE;BranchControlType.BRANCH_INDEPENDENT_FROM_SECRET;25428;True;False;True;True;True;False;False;True;True;False;False;False;True;False;True;True;True;False;True;False;[];['has_valid_base'];True;False;True;True;True;False;False;True;True;False;False;False;True;False;True;True;True;False;True;False;[];['has_valid_base']
be4553cd-0bbf-4f0c-92f6-bd5e41b37f8c;SHA224Pad@@LIBMD_0.1;0x6260;0x6354;0x0;TransmitterType.STORE;14;0;False;['0x6260', '0x6340'];<BV64 0x51 + x0>;64;[];[];['<BV64 x0>'];[];['<BV64 x0>'];[];[];0;18446744073709551615;18446744073709551615;1;;;True;0;18446744073709551615;18446744073709551615;1;;;True;ControlType.CONTROLLED;0;<BV64 0x51>;64;[];[];[];[];[];[];[];81.0;81.0;0.0;1.0;;;True;81.0;81.0;0.0;1.0;;;True;ControlType.NO_CONTROL;0;<BV64 0x51>;64;[];[];[];[];[];[];[];81;81;0;1.0;;;True;81.0;81.0;0.0;1.0;;;True;ControlType.NO_CONTROL;0;<BV64 x0>;64;[];[];['<BV64 x0>'];[];['<BV64 x0>'];[];[];0.0;1.8446744073709552e+19;18446744073709551615;1;;;True;0.0;1.8446744073709552e+19;18446744073709551615;1;;;True;ControlType.CONTROLLED;0;<BV64 x0>;64;[];[];['<BV64 x0>'];[];['<BV64 x0>'];[];[];0.0;1.8446744073709552e+19;1.8446744073709552e+19;1.0;;;True;0.0;1.8446744073709552e+19;1.8446744073709552e+19;1.0;;;True;ControlType.CONTROLLED;0;<BV64 x0>;64;[];[];[];[];[];[];[];0;0;0;;;;False;0;0;0;;;;False;ControlType.UNKNOWN;0;[('0x627c', <Bool ((LOAD_64[<BV64 x0 + 0x40>]_24[31:0] << 0x1d[7:0] | LShR(LOAD_64[<BV64 x0 + 0x40>]_24[31:0], 0x3)[7:0]) & 63) == 0>, 'Taken')];"{'regs': ['<BV64 x0>'], 'indirect_regs': [""<BV64 x0>: ['0x40']""], 'direct_regs': [], 'mem': ['<BV64 x0 + 0x40>'], 'const_mem': []}";[];{'regs': [], 'indirect_regs': [], 'direct_regs': [], 'mem': [], 'const_mem': []};{'regs': ['<BV64 x0>'], 'indirect_regs': [], 'direct_regs': ['<BV64 x0>'], 'mem': [], 'const_mem': []};{'regs': ['<BV64 x0>'], 'indirect_regs': [], 'direct_regs': ['<BV64 x0>'], 'mem': ['<BV64 x0 + 0x40>'], 'const_mem': []};63.0;0.0;64.0;64.0;[];;;;BaseControlType.CONSTANT_BASE;BaseControlType.CONSTANT_BASE;BaseControlType.CONSTANT_BASE;1;BranchControlType.BRANCH_DEPENDS_ON_SECRET_VALUE;BranchControlType.BRANCH_INDEPENDENT_FROM_SECRET;25428;True;False;True;True;True;False;False;True;True;False;False;False;True;False;True;True;True;False;True;False;[];['has_valid_base'];True;False;True;True;True;False;False;True;True;False;False;False;True;False;True;True;True;False;True;False;[];['has_valid_base']
a0a3dac6-11c9-49f0-918a-b9250224fe4f;SHA512Pad@@LIBMD_0.0;0x6920;0x6a78;0x0;TransmitterType.STORE;13;0;False;['0x6920', '0x6a68'];<BV64 0x51 + x0>;64;[];[];['<BV64 x0>'];[];['<BV64 x0>'];[];[];0;18446744073709551615;18446744073709551615;1;;;True;0;18446744073709551615;18446744073709551615;1;;;True;ControlType.CONTROLLED;0;<BV64 0x51>;64;[];[];[];[];[];[];[];81.0;81.0;0.0;1.0;;;True;81.0;81.0;0.0;1.0;;;True;ControlType.NO_CONTROL;0;<BV64 0x51>;64;[];[];[];[];[];[];[];81;81;0;1.0;;;True;81.0;81.0;0.0;1.0;;;True;ControlType.NO_CONTROL;0;<BV64 x0>;64;[];[];['<BV64 x0>'];[];['<BV64 x0>'];[];[];0.0;1.8446744073709552e+19;18446744073709551615;1;;;True;0.0;1.8446744073709552e+19;18446744073709551615;1;;;True;ControlType.CONTROLLED;0;<BV64 x0>;64;[];[];['<BV64 x0>'];[];['<BV64 x0>'];[];[];0.0;1.8446744073709552e+19;1.8446744073709552e+19;1.0;;;True;0.0;1.8446744073709552e+19;1.8446744073709552e+19;1.0;;;True;ControlType.CONTROLLED;0;<BV64 x0>;64;[];[];[];[];[];[];[];0;0;0;;;;False;0;0;0;;;;False;ControlType.UNKNOWN;0;[('0x693c', <Bool ((LOAD_64[<BV64 x0 + 0x40>]_24[31:0] << 0x1d[7:0] | LShR(LOAD_64[<BV64 x0 + 0x40>]_24[31:0], 0x3)[7:0]) & 127) == 0>, 'Taken')];"{'regs': ['<BV64 x0>'], 'indirect_regs': [""<BV64 x0>: ['0x40']""], 'direct_regs': [], 'mem': ['<BV64 x0 + 0x40>'], 'const_mem': []}";[];{'regs': [], 'indirect_regs': [], 'direct_regs': [], 'mem': [], 'const_mem': []};{'regs': ['<BV64 x0>'], 'indirect_regs': [], 'direct_regs': ['<BV64 x0>'], 'mem': [], 'const_mem': []};{'regs': ['<BV64 x0>'], 'indirect_regs': [], 'direct_regs': ['<BV64 x0>'], 'mem': ['<BV64 x0 + 0x40>'], 'const_mem': []};63.0;0.0;64.0;64.0;[];;;;BaseControlType.CONSTANT_BASE;BaseControlType.CONSTANT_BASE;BaseControlType.CONSTANT_BASE;1;BranchControlType.BRANCH_DEPENDS_ON_SECRET_VALUE;BranchControlType.BRANCH_INDEPENDENT_FROM_SECRET;27256;True;False;True;True;True;False;False;True;True;False;False;False;True;False;True;True;True;False;True;False;[];['has_valid_base'];True;False;True;True;True;False;False;True;True;False;False;False;True;False;True;True;True;False;True;False;[];['has_valid_base']
01b81812-01e8-47fe-9c4d-4aba4d215faa;RMD160Update@@LIBMD_0.0;0x49cc;0x344c;0x49f4;TransmitterType.LOAD;77;1;False;['0x49cc', '0x4a10', '0x4a14', '0x4a1c', '0x3380'];<BV64 0x20 + x1 + (0#58 .. LOAD_64[<BV64 x0 + 0x18>]_28[8:3])>;64;[('0x4a0c', <Bool x2 >= 0x40 - ((LOAD_64[<BV64 x0 + 0x18>]_28 << 0x3d | LShR(LOAD_64[<BV64 x0 + 0x18>]_28, 0x3)) & 0x3f)>, 'Taken'), ('0x4a10', <Bool LOAD_64[<BV64 x0 + 0x18>]_28[8:3] == 0>, 'Taken')];[];['<BV64 x0>', '<BV64 x1>'];"[""<BV64 x0>: ['0x18']""]";['<BV64 x1>'];['<BV64 x0 + 0x18>'];[];0;18446744073709551615;18446744073709551615;1;;;True;0;18446744073709551615;18446744073709551615;1;;;False;ControlType.CONTROLLED;1;<BV64 0x20 + x1>;64;[];[];['<BV64 x1>'];[];['<BV64 x1>'];[];[];0.0;1.8446744073709552e+19;1.8446744073709552e+19;1.0;;;True;0.0;1.8446744073709552e+19;1.8446744073709552e+19;1.0;;;True;ControlType.CONTROLLED;0;<BV64 0x20 + x1>;64;[];[];['<BV64 x1>'];[];['<BV64 x1>'];[];[];0;18446744073709551615;18446744073709551615;1.0;;;True;0.0;1.8446744073709552e+19;1.8446744073709552e+19;1.0;;;True;ControlType.CONTROLLED;0;<BV64 0#58 .. LOAD_64[<BV64 x0 + 0x18>]_28[8:3]>;64;[('0x4a0c', <Bool x2 >= 0x40 - ((LOAD_64[<BV64 x0 + 0x18>]_28 << 0x3d | LShR(LOAD_64[<BV64 x0 + 0x18>]_28, 0x3)) & 0x3f)>, 'Taken'), ('0x4a10', <Bool LOAD_64[<BV64 x0 + 0x18>]_28[8:3] == 0>, 'Taken')];[];['<BV64 x0>'];"[""<BV64 x0>: ['0x18']""]";[];['<BV64 x0 + 0x18>'];[];0.0;63.0;63;1;;;True;0.0;0.0;0;1;;;True;ControlType.CONTROLLED;1;<BV64 x0 + 0x18>;64;[];[];['<BV64 x0>'];[];['<BV64 x0>'];[];[];0.0;1.8446744073709552e+19;1.8446744073709552e+19;1.0;;;True;0.0;1.8446744073709552e+19;1.8446744073709552e+19;1.0;;;True;ControlType.CONTROLLED;0;<BV64 LOAD_64[<BV64 x0 + 0x18>]_28>;64;[];[];[];[];[];[];[];0;0;0;;;;False;0;0;0;;;;False;ControlType.UNKNOWN;1;[('0x4a0c', <Bool x2 >= 0x40 - ((LOAD_64[<BV64 x0 + 0x18>]_28 << 0x3d | LShR(LOAD_64[<BV64 x0 + 0x18>]_28, 0x3)) & 0x3f)>, 'Taken'), ('0x4a10', <Bool LOAD_64[<BV64 x0 + 0x18>]_28[8:3] == 0>, 'Taken'), ('0x4a18', <Bool x2 > 0x3f>, 'Taken'), ('0x4a2c', <Bool True>, 'Taken')];"{'regs': ['<BV64 x0>', '<BV64 x2>'], 'indirect_regs': [""<BV64 x0>: ['0x18', '0x18']""], 'direct_regs': ['<BV64 x2>'], 'mem': ['<BV64 x0 + 0x18>'], 'const_mem': []}";[];{'regs': [], 'indirect_regs': [], 'direct_regs': [], 'mem': [], 'const_mem': []};{'regs': ['<BV64 x0>', '<BV64 x1>'], 'indirect_regs': [], 'direct_regs': ['<BV64 x0>', '<BV64 x1>'], 'mem': ['<BV64 x0 + 0x18>'], 'const_mem': []};{'regs': ['<BV64 x0>', '<BV64 x1>', '<BV64 x2>'], 'indirect_regs': [], 'direct_regs': ['<BV64 x0>', '<BV64 x1>', '<BV64 x2>'], 'mem': ['<BV64 x0 + 0x18>'], 'const_mem': []};5.0;0.0;6.0;6.0;[];;;;BaseControlType.BASE_INDEPENDENT_FROM_SECRET;BaseControlType.BASE_INDEPENDENT_FROM_SECRET;BaseControlType.BASE_INDEPENDENT_FROM_SECRET;4;BranchControlType.BRANCH_DEPENDS_ON_SECRET_VALUE;BranchControlType.BRANCH_INDEPENDENT_FROM_SECRET;13388;True;True;True;True;True;True;True;False;True;False;True;False;True;False;True;True;True;False;True;True;['can_perform_sliding', 'perform_training'];[];True;True;True;True;True;True;True;False;True;False;True;False;True;False;True;True;True;False;True;True;['can_perform_sliding', 'perform_training'];[]
0cd367af-5fdb-46bf-8518-3f0d93076ca6;MD2Transform@@LIBMD_0.0;0x1bc0;0x1c08;0x0;TransmitterType.STORE;31;0;False;['0x1bc0', '0x1be4'];<BV64 0x5 + x0>;64;[('0x1c10', <Bool x0 + 0x14 != x0 + 0x5>, 'Taken')];[];['<BV64 x0>'];[];['<BV64 x0>'];[];[];0;18446744073709551615;18446744073709551615;1;;;True;0;18446744073709551615;18446744073709551615;1;;;True;ControlType.CONTROLLED;0;<BV64 0x5>;64;[];[];[];[];[];[];[];5.0;5.0;0.0;1.0;;;True;5.0;5.0;0.0;1.0;;;True;ControlType.NO_CONTROL;0;<BV64 0x5>;64;[];[];[];[];[];[];[];5;5;0;1.0;;;True;5.0;5.0;0.0;1.0;;;True;ControlType.NO_CONTROL;0;<BV64 x0>;64;[('0x1c10', <Bool x0 + 0x14 != x0 + 0x5>, 'Taken')];[];['<BV64 x0>'];[];['<BV64 x0>'];[];[];0.0;1.8446744073709552e+19;18446744073709551615;1;;;True;0.0;1.8446744073709552e+19;18446744073709551615;1;;;True;ControlType.CONTROLLED;0;<BV64 x0>;64;[('0x1c10', <Bool x0 + 0x14 != x0 + 0x5>, 'Taken')];[];['<BV64 x0>'];[];['<BV64 x0>'];[];[];0.0;1.8446744073709552e+19;1.8446744073709552e+19;1.0;;;True;0.0;1.8446744073709552e+19;1.8446744073709552e+19;1.0;;;True;ControlType.CONTROLLED;0;<BV64 x0>;64;[];[];[];[];[];[];[];0;0;0;;;;False;0;0;0;;;;False;ControlType.UNKNOWN;0;[('0x1c10', <Bool x0 + 0x14 != x0 + 0x5>, 'Taken')];{'regs': ['<BV64 x0>'], 'indirect_regs': [], 'direct_regs': ['<BV64 x0>'], 'mem': [], 'const_mem': []};[];{'regs': [], 'indirect_regs': [], 'direct_regs': [], 'mem': [], 'const_mem': []};{'regs': ['<BV64 x0>'], 'indirect_regs': [], 'direct_regs': ['<BV64 x0>'], 'mem': [], 'const_mem': []};{'regs': ['<BV64 x0>'], 'indirect_regs': [], 'direct_regs': ['<BV64 x0>'], 'mem': [], 'const_mem': []};63.0;0.0;64.0;64.0;[];;;;BaseControlType.CONSTANT_BASE;BaseControlType.CONSTANT_BASE;BaseControlType.CONSTANT_BASE;1;BranchControlType.BRANCH_DEPENDS_ON_SECRET_VALUE;BranchControlType.BRANCH_INDEPENDENT_FROM_SECRET;7176;True;False;True;True;True;False;False;True;True;False;False;False;True;False;True;True;True;False;True;False;[];['has_valid_base'];True;False;True;True;True;False;False;True;True;False;False;False;True;False;True;True;True;False;True;False;[];['has_valid_base']
69d27d14-7244-4656-81c3-d4925fb88b1d;SHA512_256Pad@@LIBMD_0.1;0x6920;0x6a7c;0x0;TransmitterType.STORE;14;0;False;['0x6920', '0x6a68'];<BV64 0xa1 + x0>;64;[];[];['<BV64 x0>'];[];['<BV64 x0>'];[];[];0;18446744073709551615;18446744073709551615;1;;;True;0;18446744073709551615;18446744073709551615;1;;;True;ControlType.CONTROLLED;0;<BV64 0xa1>;64;[];[];[];[];[];[];[];161.0;161.0;0.0;1.0;;;True;161.0;161.0;0.0;1.0;;;True;ControlType.NO_CONTROL;0;<BV64 0xa1>;64;[];[];[];[];[];[];[];161;161;0;1.0;;;True;161.0;161.0;0.0;1.0;;;True;ControlType.NO_CONTROL;0;<BV64 x0>;64;[];[];['<BV64 x0>'];[];['<BV64 x0>'];[];[];0.0;1.8446744073709552e+19;18446744073709551615;1;;;True;0.0;1.8446744073709552e+19;18446744073709551615;1;;;True;ControlType.CONTROLLED;0;<BV64 x0>;64;[];[];['<BV64 x0>'];[];['<BV64 x0>'];[];[];0.0;1.8446744073709552e+19;1.8446744073709552e+19;1.0;;;True;0.0;1.8446744073709552e+19;1.8446744073709552e+19;1.0;;;True;ControlType.CONTROLLED;0;<BV64 x0>;64;[];[];[];[];[];[];[];0;0;0;;;;False;0;0;0;;;;False;ControlType.UNKNOWN;0;[('0x693c', <Bool ((LOAD_64[<BV64 x0 + 0x40>]_24[31:0] << 0x1d[7:0] | LShR(LOAD_64[<BV64 x0 + 0x40>]_24[31:0], 0x3)[7:0]) & 127) == 0>, 'Taken')];"{'regs': ['<BV64 x0>'], 'indirect_regs': [""<BV64 x0>: ['0x40']""], 'direct_regs': [], 'mem': ['<BV64 x0 + 0x40>'], 'const_mem': []}";[];{'regs': [], 'indirect_regs': [], 'direct_regs': [], 'mem': [], 'const_mem': []};{'regs': ['<BV64 x0>'], 'indirect_regs': [], 'direct_regs': ['<BV64 x0>'], 'mem': [], 'const_mem': []};{'regs': ['<BV64 x0>'], 'indirect_regs': [], 'direct_regs': ['<BV64 x0>'], 'mem': ['<BV64 x0 + 0x40>'], 'const_mem': []};63.0;0.0;64.0;64.0;[];;;;BaseControlType.CONSTANT_BASE;BaseControlType.CONSTANT_BASE;BaseControlType.CONSTANT_BASE;1;BranchControlType.BRANCH_DEPENDS_ON_SECRET_VALUE;BranchControlType.BRANCH_INDEPENDENT_FROM_SECRET;27260;True;False;True;True;True;False;False;True;True;False;False;False;True;False;True;True;True;False;True;False;[];['has_valid_base'];True;False;True;True;True;False;False;True;True;False;False;False;True;False;True;True;True;False;True;False;[];['has_valid_base']
27ead4ea-2c38-47ba-8918-f69221c8940d;SHA256Pad@@LIBMD_0.0;0x6260;0x6358;0x0;TransmitterType.STORE;15;0;False;['0x6260', '0x6340'];<BV64 0x61 + x0>;64;[];[];['<BV64 x0>'];[];['<BV64 x0>'];[];[];0;18446744073709551615;18446744073709551615;1;;;True;0;18446744073709551615;18446744073709551615;1;;;True;ControlType.CONTROLLED;0;<BV64 0x61>;64;[];[];[];[];[];[];[];97.0;97.0;0.0;1.0;;;True;97.0;97.0;0.0;1.0;;;True;ControlType.NO_CONTROL;0;<BV64 0x61>;64;[];[];[];[];[];[];[];97;97;0;1.0;;;True;97.0;97.0;0.0;1.0;;;True;ControlType.NO_CONTROL;0;<BV64 x0>;64;[];[];['<BV64 x0>'];[];['<BV64 x0>'];[];[];0.0;1.8446744073709552e+19;18446744073709551615;1;;;True;0.0;1.8446744073709552e+19;18446744073709551615;1;;;True;ControlType.CONTROLLED;0;<BV64 x0>;64;[];[];['<BV64 x0>'];[];['<BV64 x0>'];[];[];0.0;1.8446744073709552e+19;1.8446744073709552e+19;1.0;;;True;0.0;1.8446744073709552e+19;1.8446744073709552e+19;1.0;;;True;ControlType.CONTROLLED;0;<BV64 x0>;64;[];[];[];[];[];[];[];0;0;0;;;;False;0;0;0;;;;False;ControlType.UNKNOWN;0;[('0x627c', <Bool ((LOAD_64[<BV64 x0 + 0x40>]_24[31:0] << 0x1d[7:0] | LShR(LOAD_64[<BV64 x0 + 0x40>]_24[31:0], 0x3)[7:0]) & 63) == 0>, 'Taken')];"{'regs': ['<BV64 x0>'], 'indirect_regs': [""<BV64 x0>: ['0x40']""], 'direct_regs': [], 'mem': ['<BV64 x0 + 0x40>'], 'const_mem': []}";[];{'regs': [], 'indirect_regs': [], 'direct_regs': [], 'mem': [], 'const_mem': []};{'regs': ['<BV64 x0>'], 'indirect_regs': [], 'direct_regs': ['<BV64 x0>'], 'mem': [], 'const_mem': []};{'regs': ['<BV64 x0>'], 'indirect_regs': [], 'direct_regs': ['<BV64 x0>'], 'mem': ['<BV64 x0 + 0x40>'], 'const_mem': []};63.0;0.0;64.0;64.0;[];;;;BaseControlType.CONSTANT_BASE;BaseControlType.CONSTANT_BASE;BaseControlType.CONSTANT_BASE;1;BranchControlType.BRANCH_DEPENDS_ON_SECRET_VALUE;BranchControlType.BRANCH_INDEPENDENT_FROM_SECRET;25432;True;False;True;True;True;False;False;True;True;False;False;False;True;False;True;True;True;False;True;False;[];['has_valid_base'];True;False;True;True;True;False;False;True;True;False;False;False;True;False;True;True;True;False;True;False;[];['has_valid_base']
f7479eca-f9db-4039-b3f2-a0896df7075e;SHA224Pad@@LIBMD_0.1;0x6260;0x6358;0x0;TransmitterType.STORE;15;0;False;['0x6260', '0x6340'];<BV64 0x61 + x0>;64;[];[];['<BV64 x0>'];[];['<BV64 x0>'];[];[];0;18446744073709551615;18446744073709551615;1;;;True;0;18446744073709551615;18446744073709551615;1;;;True;ControlType.CONTROLLED;0;<BV64 0x61>;64;[];[];[];[];[];[];[];97.0;97.0;0.0;1.0;;;True;97.0;97.0;0.0;1.0;;;True;ControlType.NO_CONTROL;0;<BV64 0x61>;64;[];[];[];[];[];[];[];97;97;0;1.0;;;True;97.0;97.0;0.0;1.0;;;True;ControlType.NO_CONTROL;0;<BV64 x0>;64;[];[];['<BV64 x0>'];[];['<BV64 x0>'];[];[];0.0;1.8446744073709552e+19;18446744073709551615;1;;;True;0.0;1.8446744073709552e+19;18446744073709551615;1;;;True;ControlType.CONTROLLED;0;<BV64 x0>;64;[];[];['<BV64 x0>'];[];['<BV64 x0>'];[];[];0.0;1.8446744073709552e+19;1.8446744073709552e+19;1.0;;;True;0.0;1.8446744073709552e+19;1.8446744073709552e+19;1.0;;;True;ControlType.CONTROLLED;0;<BV64 x0>;64;[];[];[];[];[];[];[];0;0;0;;;;False;0;0;0;;;;False;ControlType.UNKNOWN;0;[('0x627c', <Bool ((LOAD_64[<BV64 x0 + 0x40>]_24[31:0] << 0x1d[7:0] | LShR(LOAD_64[<BV64 x0 + 0x40>]_24[31:0], 0x3)[7:0]) & 63) == 0>, 'Taken')];"{'regs': ['<BV64 x0>'], 'indirect_regs': [""<BV64 x0>: ['0x40']""], 'direct_regs': [], 'mem': ['<BV64 x0 + 0x40>'], 'const_mem': []}";[];{'regs': [], 'indirect_regs': [], 'direct_regs': [], 'mem': [], 'const_mem': []};{'regs': ['<BV64 x0>'], 'indirect_regs': [], 'direct_regs': ['<BV64 x0>'], 'mem': [], 'const_mem': []};{'regs': ['<BV64 x0>'], 'indirect_regs': [], 'direct_regs': ['<BV64 x0>'], 'mem': ['<BV64 x0 + 0x40>'], 'const_mem': []};63.0;0.0;64.0;64.0;[];;;;BaseControlType.CONSTANT_BASE;BaseControlType.CONSTANT_BASE;BaseControlType.CONSTANT_BASE;1;BranchControlType.BRANCH_DEPENDS_ON_SECRET_VALUE;BranchControlType.BRANCH_INDEPENDENT_FROM_SECRET;25432;True;False;True;True;True;False;False;True;True;False;False;False;True;False;True;True;True;False;True;False;[];['has_valid_base'];True;False;True;True;True;False;False;True;True;False;False;False;True;False;True;True;True;False;True;False;[];['has_valid_base']
eae5fbe7-75a0-4560-9457-901c184cfffc;SHA512Pad@@LIBMD_0.0;0x6920;0x6a7c;0x0;TransmitterType.STORE;14;0;False;['0x6920', '0x6a68'];<BV64 0xa1 + x0>;64;[];[];['<BV64 x0>'];[];['<BV64 x0>'];[];[];0;18446744073709551615;18446744073709551615;1;;;True;0;18446744073709551615;18446744073709551615;1;;;True;ControlType.CONTROLLED;0;<BV64 0xa1>;64;[];[];[];[];[];[];[];161.0;161.0;0.0;1.0;;;True;161.0;161.0;0.0;1.0;;;True;ControlType.NO_CONTROL;0;<BV64 0xa1>;64;[];[];[];[];[];[];[];161;161;0;1.0;;;True;161.0;161.0;0.0;1.0;;;True;ControlType.NO_CONTROL;0;<BV64 x0>;64;[];[];['<BV64 x0>'];[];['<BV64 x0>'];[];[];0.0;1.8446744073709552e+19;18446744073709551615;1;;;True;0.0;1.8446744073709552e+19;18446744073709551615;1;;;True;ControlType.CONTROLLED;0;<BV64 x0>;64;[];[];['<BV64 x0>'];[];['<BV64 x0>'];[];[];0.0;1.8446744073709552e+19;1.8446744073709552e+19;1.0;;;True;0.0;1.8446744073709552e+19;1.8446744073709552e+19;1.0;;;True;ControlType.CONTROLLED;0;<BV64 x0>;64;[];[];[];[];[];[];[];0;0;0;;;;False;0;0;0;;;;False;ControlType.UNKNOWN;0;[('0x693c', <Bool ((LOAD_64[<BV64 x0 + 0x40>]_24[31:0] << 0x1d[7:0] | LShR(LOAD_64[<BV64 x0 + 0x40>]_24[31:0], 0x3)[7:0]) & 127) == 0>, 'Taken')];"{'regs': ['<BV64 x0>'], 'indirect_regs': [""<BV64 x0>: ['0x40']""], 'direct_regs': [], 'mem': ['<BV64 x0 + 0x40>'], 'const_mem': []}";[];{'regs': [], 'indirect_regs': [], 'direct_regs': [], 'mem': [], 'const_mem': []};{'regs': ['<BV64 x0>'], 'indirect_regs': [], 'direct_regs': ['<BV64 x0>'], 'mem': [], 'const_mem': []};{'regs': ['<BV64 x0>'], 'indirect_regs': [], 'direct_regs': ['<BV64 x0>'], 'mem': ['<BV64 x0 + 0x40>'], 'const_mem': []};63.0;0.0;64.0;64.0;[];;;;BaseControlType.CONSTANT_BASE;BaseControlType.CONSTANT_BASE;BaseControlType.CONSTANT_BASE;1;BranchControlType.BRANCH_DEPENDS_ON_SECRET_VALUE;BranchControlType.BRANCH_INDEPENDENT_FROM_SECRET;27260;True;False;True;True;True;False;False;True;True;False;False;False;True;False;True;True;True;False;True;False;[];['has_valid_base'];True;False;True;True;True;False;False;True;True;False;False;False;True;False;True;True;True;False;True;False;[];['has_valid_base']
de0af724-66c3-498c-a76a-6a6e4eb90446;SHA512_256Pad@@LIBMD_0.1;0x6920;0x6a80;0x0;TransmitterType.STORE;15;0;False;['0x6920', '0x6a68'];<BV64 0x61 + x0>;64;[];[];['<BV64 x0>'];[];['<BV64 x0>'];[];[];0;18446744073709551615;18446744073709551615;1;;;True;0;18446744073709551615;18446744073709551615;1;;;True;ControlType.CONTROLLED;0;<BV64 0x61>;64;[];[];[];[];[];[];[];97.0;97.0;0.0;1.0;;;True;97.0;97.0;0.0;1.0;;;True;ControlType.NO_CONTROL;0;<BV64 0x61>;64;[];[];[];[];[];[];[];97;97;0;1.0;;;True;97.0;97.0;0.0;1.0;;;True;ControlType.NO_CONTROL;0;<BV64 x0>;64;[];[];['<BV64 x0>'];[];['<BV64 x0>'];[];[];0.0;1.8446744073709552e+19;18446744073709551615;1;;;True;0.0;1.8446744073709552e+19;18446744073709551615;1;;;True;ControlType.CONTROLLED;0;<BV64 x0>;64;[];[];['<BV64 x0>'];[];['<BV64 x0>'];[];[];0.0;1.8446744073709552e+19;1.8446744073709552e+19;1.0;;;True;0.0;1.8446744073709552e+19;1.8446744073709552e+19;1.0;;;True;ControlType.CONTROLLED;0;<BV64 x0>;64;[];[];[];[];[];[];[];0;0;0;;;;False;0;0;0;;;;False;ControlType.UNKNOWN;0;[('0x693c', <Bool ((LOAD_64[<BV64 x0 + 0x40>]_24[31:0] << 0x1d[7:0] | LShR(LOAD_64[<BV64 x0 + 0x40>]_24[31:0], 0x3)[7:0]) & 127) == 0>, 'Taken')];"{'regs': ['<BV64 x0>'], 'indirect_regs': [""<BV64 x0>: ['0x40']""], 'direct_regs': [], 'mem': ['<BV64 x0 + 0x40>'], 'const_mem': []}";[];{'regs': [], 'indirect_regs': [], 'direct_regs': [], 'mem': [], 'const_mem': []};{'regs': ['<BV64 x0>'], 'indirect_regs': [], 'direct_regs': ['<BV64 x0>'], 'mem': [], 'const_mem': []};{'regs': ['<BV64 x0>'], 'indirect_regs': [], 'direct_regs': ['<BV64 x0>'], 'mem': ['<BV64 x0 + 0x40>'], 'const_mem': []};63.0;0.0;64.0;64.0;[];;;;BaseControlType.CONSTANT_BASE;BaseControlType.CONSTANT_BASE;BaseControlType.CONSTANT_BASE;1;BranchControlType.BRANCH_DEPENDS_ON_SECRET_VALUE;BranchControlType.BRANCH_INDEPENDENT_FROM_SECRET;27264;True;False;True;True;True;False;False;True;True;False;False;False;True;False;True;True;True;False;True;False;[];['has_valid_base'];True;False;True;True;True;False;False;True;True;False;False;False;True;False;True;True;True;False;True;False;[];['has_valid_base']
3107c36c-fcc3-4fd5-a4f9-b509ca337045;MD2Transform@@LIBMD_0.0;0x1bc0;0x1be4;0x0;TransmitterType.LOAD;34;0;False;['0x1bc0', '0x1be4', '0x1be4'];<BV64 0x26 + x0>;64;[('0x1c10', <Bool x0 + 0x14 != x0 + 0x5>, 'Taken'), ('0x1c10', <Bool 0x14 + x0 != x0 + 0x6>, 'Taken')];[];['<BV64 x0>'];[];['<BV64 x0>'];[];[];0;18446744073709551615;18446744073709551615;1;;;True;0;18446744073709551615;18446744073709551615;1;;;True;ControlType.CONTROLLED;0;<BV64 0x26>;64;[];[];[];[];[];[];[];38.0;38.0;0.0;1.0;;;True;38.0;38.0;0.0;1.0;;;True;ControlType.NO_CONTROL;0;<BV64 0x26>;64;[];[];[];[];[];[];[];38;38;0;1.0;;;True;38.0;38.0;0.0;1.0;;;True;ControlType.NO_CONTROL;0;<BV64 x0>;64;[('0x1c10', <Bool x0 + 0x14 != x0 + 0x5>, 'Taken'), ('0x1c10', <Bool 0x14 + x0 != x0 + 0x6>, 'Taken')];[];['<BV64 x0>'];[];['<BV64 x0>'];[];[];0.0;1.8446744073709552e+19;18446744073709551615;1;;;True;0.0;1.8446744073709552e+19;18446744073709551615;1;;;True;ControlType.CONTROLLED;0;<BV64 x0>;64;[('0x1c10', <Bool x0 + 0x14 != x0 + 0x5>, 'Taken'), ('0x1c10', <Bool 0x14 + x0 != x0 + 0x6>, 'Taken')];[];['<BV64 x0>'];[];['<BV64 x0>'];[];[];0.0;1.8446744073709552e+19;1.8446744073709552e+19;1.0;;;True;0.0;1.8446744073709552e+19;1.8446744073709552e+19;1.0;;;True;ControlType.CONTROLLED;0;<BV64 x0>;64;[];[];[];[];[];[];[];0;0;0;;;;False;0;0;0;;;;False;ControlType.UNKNOWN;0;[('0x1c10', <Bool x0 + 0x14 != x0 + 0x5>, 'Taken'), ('0x1c10', <Bool 0x14 + x0 != x0 + 0x6>, 'Taken')];{'regs': ['<BV64 x0>'], 'indirect_regs': [], 'direct_regs': ['<BV64 x0>'], 'mem': [], 'const_mem': []};[];{'regs': [], 'indirect_regs': [], 'direct_regs': [], 'mem': [], 'const_mem': []};{'regs': ['<BV64 x0>'], 'indirect_regs': [], 'direct_regs': ['<BV64 x0>'], 'mem': [], 'const_mem': []};{'regs': ['<BV64 x0>'], 'indirect_regs': [], 'direct_regs': ['<BV64 x0>'], 'mem': [], 'const_mem': []};63.0;0.0;64.0;64.0;[];;;;BaseControlType.CONSTANT_BASE;BaseControlType.CONSTANT_BASE;BaseControlType.CONSTANT_BASE;2;BranchControlType.BRANCH_DEPENDS_ON_SECRET_VALUE;BranchControlType.BRANCH_INDEPENDENT_FROM_SECRET;7140;True;False;True;True;True;False;False;True;True;False;False;False;True;False;True;True;True;False;True;False;[];['has_valid_base'];True;False;True;True;True;False;False;True;True;False;False;False;True;False;True;True;True;False;True;False;[];['has_valid_base']
90e4de05-545b-4cb6-b74d-aa7a9f1bd80c;SHA256Pad@@LIBMD_0.0;0x6260;0x6358;0x0;TransmitterType.STORE;15;0;False;['0x6260', '0x6340'];<BV64 0x71 + x0>;64;[];[];['<BV64 x0>'];[];['<BV64 x0>'];[];[];0;18446744073709551615;18446744073709551615;1;;;True;0;18446744073709551615;18446744073709551615;1;;;True;ControlType.CONTROLLED;0;<BV64 0x71>;64;[];[];[];[];[];[];[];113.0;113.0;0.0;1.0;;;True;113.0;113.0;0.0;1.0;;;True;ControlType.NO_CONTROL;0;<BV64 0x71>;64;[];[];[];[];[];[];[];113;113;0;1.0;;;True;113.0;113.0;0.0;1.0;;;True;ControlType.NO_CONTROL;0;<BV64 x0>;64;[];[];['<BV64 x0>'];[];['<BV64 x0>'];[];[];0.0;1.8446744073709552e+19;18446744073709551615;1;;;True;0.0;1.8446744073709552e+19;18446744073709551615;1;;;True;ControlType.CONTROLLED;0;<BV64 x0>;64;[];[];['<BV64 x0>'];[];['<BV64 x0>'];[];[];0.0;1.8446744073709552e+19;1.8446744073709552e+19;1.0;;;True;0.0;1.8446744073709552e+19;1.8446744073709552e+19;1.0;;;True;ControlType.CONTROLLED;0;<BV64 x0>;64;[];[];[];[];[];[];[];0;0;0;;;;False;0;0;0;;;;False;ControlType.UNKNOWN;0;[('0x627c', <Bool ((LOAD_64[<BV64 x0 + 0x40>]_24[31:0] << 0x1d[7:0] | LShR(LOAD_64[<BV64 x0 + 0x40>]_24[31:0], 0x3)[7:0]) & 63) == 0>, 'Taken')];"{'regs': ['<BV64 x0>'], 'indirect_regs': [""<BV64 x0>: ['0x40']""], 'direct_regs': [], 'mem': ['<BV64 x0 + 0x40>'], 'const_mem': []}";[];{'regs': [], 'indirect_regs': [], 'direct_regs': [], 'mem': [], 'const_mem': []};{'regs': ['<BV64 x0>'], 'indirect_regs': [], 'direct_regs': ['<BV64 x0>'], 'mem': [], 'const_mem': []};{'regs': ['<BV64 x0>'], 'indirect_regs': [], 'direct_regs': ['<BV64 x0>'], 'mem': ['<BV64 x0 + 0x40>'], 'const_mem': []};63.0;0.0;64.0;64.0;[];;;;BaseControlType.CONSTANT_BASE;BaseControlType.CONSTANT_BASE;BaseControlType.CONSTANT_BASE;1;BranchControlType.BRANCH_DEPENDS_ON_SECRET_VALUE;BranchControlType.BRANCH_INDEPENDENT_FROM_SECRET;25432;True;False;True;True;True;False;False;True;True;False;False;False;True;False;True;True;True;False;True;False;[];['has_valid_base'];True;False;True;True;True;False;False;True;True;False;False;False;True;False;True;True;True;False;True;False;[];['has_valid_base']
6232bd0e-8b1e-460d-8a4a-17f3a6e68e5a;SHA224Pad@@LIBMD_0.1;0x6260;0x6358;0x0;TransmitterType.STORE;15;0;False;['0x6260', '0x6340'];<BV64 0x71 + x0>;64;[];[];['<BV64 x0>'];[];['<BV64 x0>'];[];[];0;18446744073709551615;18446744073709551615;1;;;True;0;18446744073709551615;18446744073709551615;1;;;True;ControlType.CONTROLLED;0;<BV64 0x71>;64;[];[];[];[];[];[];[];113.0;113.0;0.0;1.0;;;True;113.0;113.0;0.0;1.0;;;True;ControlType.NO_CONTROL;0;<BV64 0x71>;64;[];[];[];[];[];[];[];113;113;0;1.0;;;True;113.0;113.0;0.0;1.0;;;True;ControlType.NO_CONTROL;0;<BV64 x0>;64;[];[];['<BV64 x0>'];[];['<BV64 x0>'];[];[];0.0;1.8446744073709552e+19;18446744073709551615;1;;;True;0.0;1.8446744073709552e+19;18446744073709551615;1;;;True;ControlType.CONTROLLED;0;<BV64 x0>;64;[];[];['<BV64 x0>'];[];['<BV64 x0>'];[];[];0.0;1.8446744073709552e+19;1.8446744073709552e+19;1.0;;;True;0.0;1.8446744073709552e+19;1.8446744073709552e+19;1.0;;;True;ControlType.CONTROLLED;0;<BV64 x0>;64;[];[];[];[];[];[];[];0;0;0;;;;False;0;0;0;;;;False;ControlType.UNKNOWN;0;[('0x627c', <Bool ((LOAD_64[<BV64 x0 + 0x40>]_24[31:0] << 0x1d[7:0] | LShR(LOAD_64[<BV64 x0 + 0x40>]_24[31:0], 0x3)[7:0]) & 63) == 0>, 'Taken')];"{'regs': ['<BV64 x0>'], 'indirect_regs': [""<BV64 x0>: ['0x40']""], 'direct_regs': [], 'mem': ['<BV64 x0 + 0x40>'], 'const_mem': []}";[];{'regs': [], 'indirect_regs': [], 'direct_regs': [], 'mem': [], 'const_mem': []};{'regs': ['<BV64 x0>'], 'indirect_regs': [], 'direct_regs': ['<BV64 x0>'], 'mem': [], 'const_mem': []};{'regs': ['<BV64 x0>'], 'indirect_regs': [], 'direct_regs': ['<BV64 x0>'], 'mem': ['<BV64 x0 + 0x40>'], 'const_mem': []};63.0;0.0;64.0;64.0;[];;;;BaseControlType.CONSTANT_BASE;BaseControlType.CONSTANT_BASE;BaseControlType.CONSTANT_BASE;1;BranchControlType.BRANCH_DEPENDS_ON_SECRET_VALUE;BranchControlType.BRANCH_INDEPENDENT_FROM_SECRET;25432;True;False;True;True;True;False;False;True;True;False;False;False;True;False;True;True;True;False;True;False;[];['has_valid_base'];True;False;True;True;True;False;False;True;True;False;False;False;True;False;True;True;True;False;True;False;[];['has_valid_base']
0079b8a9-6ae4-4f0b-8693-4de5c97f0fc8;SHA512Pad@@LIBMD_0.0;0x6920;0x6a80;0x0;TransmitterType.STORE;15;0;False;['0x6920', '0x6a68'];<BV64 0x61 + x0>;64;[];[];['<BV64 x0>'];[];['<BV64 x0>'];[];[];0;18446744073709551615;18446744073709551615;1;;;True;0;18446744073709551615;18446744073709551615;1;;;True;ControlType.CONTROLLED;0;<BV64 0x61>;64;[];[];[];[];[];[];[];97.0;97.0;0.0;1.0;;;True;97.0;97.0;0.0;1.0;;;True;ControlType.NO_CONTROL;0;<BV64 0x61>;64;[];[];[];[];[];[];[];97;97;0;1.0;;;True;97.0;97.0;0.0;1.0;;;True;ControlType.NO_CONTROL;0;<BV64 x0>;64;[];[];['<BV64 x0>'];[];['<BV64 x0>'];[];[];0.0;1.8446744073709552e+19;18446744073709551615;1;;;True;0.0;1.8446744073709552e+19;18446744073709551615;1;;;True;ControlType.CONTROLLED;0;<BV64 x0>;64;[];[];['<BV64 x0>'];[];['<BV64 x0>'];[];[];0.0;1.8446744073709552e+19;1.8446744073709552e+19;1.0;;;True;0.0;1.8446744073709552e+19;1.8446744073709552e+19;1.0;;;True;ControlType.CONTROLLED;0;<BV64 x0>;64;[];[];[];[];[];[];[];0;0;0;;;;False;0;0;0;;;;False;ControlType.UNKNOWN;0;[('0x693c', <Bool ((LOAD_64[<BV64 x0 + 0x40>]_24[31:0] << 0x1d[7:0] | LShR(LOAD_64[<BV64 x0 + 0x40>]_24[31:0], 0x3)[7:0]) & 127) == 0>, 'Taken')];"{'regs': ['<BV64 x0>'], 'indirect_regs': [""<BV64 x0>: ['0x40']""], 'direct_regs': [], 'mem': ['<BV64 x0 + 0x40>'], 'const_mem': []}";[];{'regs': [], 'indirect_regs': [], 'direct_regs': [], 'mem': [], 'const_mem': []};{'regs': ['<BV64 x0>'], 'indirect_regs': [], 'direct_regs': ['<BV64 x0>'], 'mem': [], 'const_mem': []};{'regs': ['<BV64 x0>'], 'indirect_regs': [], 'direct_regs': ['<BV64 x0>'], 'mem': ['<BV64 x0 + 0x40>'], 'const_mem': []};63.0;0.0;64.0;64.0;[];;;;BaseControlType.CONSTANT_BASE;BaseControlType.CONSTANT_BASE;BaseControlType.CONSTANT_BASE;1;BranchControlType.BRANCH_DEPENDS_ON_SECRET_VALUE;BranchControlType.BRANCH_INDEPENDENT_FROM_SECRET;27264;True;False;True;True;True;False;False;True;True;False;False;False;True;False;True;True;True;False;True;False;[];['has_valid_base'];True;False;True;True;True;False;False;True;True;False;False;False;True;False;True;True;True;False;True;False;[];['has_valid_base']
69ea63a6-829f-4d95-8ff6-6be06bc150a5;SHA512_256Pad@@LIBMD_0.1;0x6920;0x6a80;0x0;TransmitterType.STORE;15;0;False;['0x6920', '0x6a68'];<BV64 0x71 + x0>;64;[];[];['<BV64 x0>'];[];['<BV64 x0>'];[];[];0;18446744073709551615;18446744073709551615;1;;;True;0;18446744073709551615;18446744073709551615;1;;;True;ControlType.CONTROLLED;0;<BV64 0x71>;64;[];[];[];[];[];[];[];113.0;113.0;0.0;1.0;;;True;113.0;113.0;0.0;1.0;;;True;ControlType.NO_CONTROL;0;<BV64 0x71>;64;[];[];[];[];[];[];[];113;113;0;1.0;;;True;113.0;113.0;0.0;1.0;;;True;ControlType.NO_CONTROL;0;<BV64 x0>;64;[];[];['<BV64 x0>'];[];['<BV64 x0>'];[];[];0.0;1.8446744073709552e+19;18446744073709551615;1;;;True;0.0;1.8446744073709552e+19;18446744073709551615;1;;;True;ControlType.CONTROLLED;0;<BV64 x0>;64;[];[];['<BV64 x0>'];[];['<BV64 x0>'];[];[];0.0;1.8446744073709552e+19;1.8446744073709552e+19;1.0;;;True;0.0;1.8446744073709552e+19;1.8446744073709552e+19;1.0;;;True;ControlType.CONTROLLED;0;<BV64 x0>;64;[];[];[];[];[];[];[];0;0;0;;;;False;0;0;0;;;;False;ControlType.UNKNOWN;0;[('0x693c', <Bool ((LOAD_64[<BV64 x0 + 0x40>]_24[31:0] << 0x1d[7:0] | LShR(LOAD_64[<BV64 x0 + 0x40>]_24[31:0], 0x3)[7:0]) & 127) == 0>, 'Taken')];"{'regs': ['<BV64 x0>'], 'indirect_regs': [""<BV64 x0>: ['0x40']""], 'direct_regs': [], 'mem': ['<BV64 x0 + 0x40>'], 'const_mem': []}";[];{'regs': [], 'indirect_regs': [], 'direct_regs': [], 'mem': [], 'const_mem': []};{'regs': ['<BV64 x0>'], 'indirect_regs': [], 'direct_regs': ['<BV64 x0>'], 'mem': [], 'const_mem': []};{'regs': ['<BV64 x0>'], 'indirect_regs': [], 'direct_regs': ['<BV64 x0>'], 'mem': ['<BV64 x0 + 0x40>'], 'const_mem': []};63.0;0.0;64.0;64.0;[];;;;BaseControlType.CONSTANT_BASE;BaseControlType.CONSTANT_BASE;BaseControlType.CONSTANT_BASE;1;BranchControlType.BRANCH_DEPENDS_ON_SECRET_VALUE;BranchControlType.BRANCH_INDEPENDENT_FROM_SECRET;27264;True;False;True;True;True;False;False;True;True;False;False;False;True;False;True;True;True;False;True;False;[];['has_valid_base'];True;False;True;True;True;False;False;True;True;False;False;False;True;False;True;True;True;False;True;False;[];['has_valid_base']
a48e4f90-4a2a-4883-a468-7cadbced384d;MD2Transform@@LIBMD_0.0;0x1bc0;0x1be8;0x0;TransmitterType.LOAD;35;0;False;['0x1bc0', '0x1be4', '0x1be4'];<BV64 0x6 + x0>;64;[('0x1c10', <Bool x0 + 0x14 != x0 + 0x5>, 'Taken'), ('0x1c10', <Bool 0x14 + x0 != x0 + 0x6>, 'Taken')];[];['<BV64 x0>'];[];['<BV64 x0>'];[];[];0;18446744073709551615;18446744073709551615;1;;;True;0;18446744073709551615;18446744073709551615;1;;;True;ControlType.CONTROLLED;0;<BV64 0x6>;64;[];[];[];[];[];[];[];6.0;6.0;0.0;1.0;;;True;6.0;6.0;0.0;1.0;;;True;ControlType.NO_CONTROL;0;<BV64 0x6>;64;[];[];[];[];[];[];[];6;6;0;1.0;;;True;6.0;6.0;0.0;1.0;;;True;ControlType.NO_CONTROL;0;<BV64 x0>;64;[('0x1c10', <Bool x0 + 0x14 != x0 + 0x5>, 'Taken'), ('0x1c10', <Bool 0x14 + x0 != x0 + 0x6>, 'Taken')];[];['<BV64 x0>'];[];['<BV64 x0>'];[];[];0.0;1.8446744073709552e+19;18446744073709551615;1;;;True;0.0;1.8446744073709552e+19;18446744073709551615;1;;;True;ControlType.CONTROLLED;0;<BV64 x0>;64;[('0x1c10', <Bool x0 + 0x14 != x0 + 0x5>, 'Taken'), ('0x1c10', <Bool 0x14 + x0 != x0 + 0x6>, 'Taken')];[];['<BV64 x0>'];[];['<BV64 x0>'];[];[];0.0;1.8446744073709552e+19;1.8446744073709552e+19;1.0;;;True;0.0;1.8446744073709552e+19;1.8446744073709552e+19;1.0;;;True;ControlType.CONTROLLED;0;<BV64 x0>;64;[];[];[];[];[];[];[];0;0;0;;;;False;0;0;0;;;;False;ControlType.UNKNOWN;0;[('0x1c10', <Bool x0 + 0x14 != x0 + 0x5>, 'Taken'), ('0x1c10', <Bool 0x14 + x0 != x0 + 0x6>, 'Taken')];{'regs': ['<BV64 x0>'], 'indirect_regs': [], 'direct_regs': ['<BV64 x0>'], 'mem': [], 'const_mem': []};[];{'regs': [], 'indirect_regs': [], 'direct_regs': [], 'mem': [], 'const_mem': []};{'regs': ['<BV64 x0>'], 'indirect_regs': [], 'direct_regs': ['<BV64 x0>'], 'mem': [], 'const_mem': []};{'regs': ['<BV64 x0>'], 'indirect_regs': [], 'direct_regs': ['<BV64 x0>'], 'mem': [], 'const_mem': []};63.0;0.0;64.0;64.0;[];;;;BaseControlType.CONSTANT_BASE;BaseControlType.CONSTANT_BASE;BaseControlType.CONSTANT_BASE;2;BranchControlType.BRANCH_DEPENDS_ON_SECRET_VALUE;BranchControlType.BRANCH_INDEPENDENT_FROM_SECRET;7144;True;False;True;True;True;False;False;True;True;False;False;False;True;False;True;True;True;False;True;False;[];['has_valid_base'];True;False;True;True;True;False;False;True;True;False;False;False;True;False;True;True;True;False;True;False;[];['has_valid_base']
87fad812-9a25-4e05-b8d0-5a6257bab282;RMD160Update@@LIBMD_0.0;0x49cc;0x344c;0x49f4;TransmitterType.LOAD;77;1;False;['0x49cc', '0x4a10', '0x4a14', '0x4a1c', '0x3380'];<BV64 0x30 + x1 + (0#58 .. LOAD_64[<BV64 x0 + 0x18>]_28[8:3])>;64;[('0x4a0c', <Bool x2 >= 0x40 - ((LOAD_64[<BV64 x0 + 0x18>]_28 << 0x3d | LShR(LOAD_64[<BV64 x0 + 0x18>]_28, 0x3)) & 0x3f)>, 'Taken'), ('0x4a10', <Bool LOAD_64[<BV64 x0 + 0x18>]_28[8:3] == 0>, 'Taken')];[];['<BV64 x0>', '<BV64 x1>'];"[""<BV64 x0>: ['0x18']""]";['<BV64 x1>'];['<BV64 x0 + 0x18>'];[];0;18446744073709551615;18446744073709551615;1;;;True;0;18446744073709551615;18446744073709551615;1;;;False;ControlType.CONTROLLED;1;<BV64 0x30 + x1>;64;[];[];['<BV64 x1>'];[];['<BV64 x1>'];[];[];0.0;1.8446744073709552e+19;1.8446744073709552e+19;1.0;;;True;0.0;1.8446744073709552e+19;1.8446744073709552e+19;1.0;;;True;ControlType.CONTROLLED;0;<BV64 0x30 + x1>;64;[];[];['<BV64 x1>'];[];['<BV64 x1>'];[];[];0;18446744073709551615;18446744073709551615;1.0;;;True;0.0;1.8446744073709552e+19;1.8446744073709552e+19;1.0;;;True;ControlType.CONTROLLED;0;<BV64 0#58 .. LOAD_64[<BV64 x0 + 0x18>]_28[8:3]>;64;[('0x4a0c', <Bool x2 >= 0x40 - ((LOAD_64[<BV64 x0 + 0x18>]_28 << 0x3d | LShR(LOAD_64[<BV64 x0 + 0x18>]_28, 0x3)) & 0x3f)>, 'Taken'), ('0x4a10', <Bool LOAD_64[<BV64 x0 + 0x18>]_28[8:3] == 0>, 'Taken')];[];['<BV64 x0>'];"[""<BV64 x0>: ['0x18']""]";[];['<BV64 x0 + 0x18>'];[];0.0;63.0;63;1;;;True;0.0;0.0;0;1;;;True;ControlType.CONTROLLED;1;<BV64 x0 + 0x18>;64;[];[];['<BV64 x0>'];[];['<BV64 x0>'];[];[];0.0;1.8446744073709552e+19;1.8446744073709552e+19;1.0;;;True;0.0;1.8446744073709552e+19;1.8446744073709552e+19;1.0;;;True;ControlType.CONTROLLED;0;<BV64 LOAD_64[<BV64 x0 + 0x18>]_28>;64;[];[];[];[];[];[];[];0;0;0;;;;False;0;0;0;;;;False;ControlType.UNKNOWN;1;[('0x4a0c', <Bool x2 >= 0x40 - ((LOAD_64[<BV64 x0 + 0x18>]_28 << 0x3d | LShR(LOAD_64[<BV64 x0 + 0x18>]_28, 0x3)) & 0x3f)>, 'Taken'), ('0x4a10', <Bool LOAD_64[<BV64 x0 + 0x18>]_28[8:3] == 0>, 'Taken'), ('0x4a18', <Bool x2 > 0x3f>, 'Taken'), ('0x4a2c', <Bool True>, 'Taken')];"{'regs': ['<BV64 x0>', '<BV64 x2>'], 'indirect_regs': [""<BV64 x0>: ['0x18', '0x18']""], 'direct_regs': ['<BV64 x2>'], 'mem': ['<BV64 x0 + 0x18>'], 'const_mem': []}";[];{'regs': [], 'indirect_regs': [], 'direct_regs': [], 'mem': [], 'const_mem': []};{'regs': ['<BV64 x0>', '<BV64 x1>'], 'indirect_regs': [], 'direct_regs': ['<BV64 x0>', '<BV64 x1>'], 'mem': ['<BV64 x0 + 0x18>'], 'const_mem': []};{'regs': ['<BV64 x0>', '<BV64 x1>', '<BV64 x2>'], 'indirect_regs': [], 'direct_regs': ['<BV64 x0>', '<BV64 x1>', '<BV64 x2>'], 'mem': ['<BV64 x0 + 0x18>'], 'const_mem': []};5.0;0.0;6.0;6.0;[];;;;BaseControlType.BASE_INDEPENDENT_FROM_SECRET;BaseControlType.BASE_INDEPENDENT_FROM_SECRET;BaseControlType.BASE_INDEPENDENT_FROM_SECRET;4;BranchControlType.BRANCH_DEPENDS_ON_SECRET_VALUE;BranchControlType.BRANCH_INDEPENDENT_FROM_SECRET;13388;True;True;True;True;True;True;True;False;True;False;True;False;True;False;True;True;True;False;True;True;['can_perform_sliding', 'perform_training'];[];True;True;True;True;True;True;True;False;True;False;True;False;True;False;True;True;True;False;True;True;['can_perform_sliding', 'perform_training'];[]
234d2977-123a-497b-8ad9-5d3d3d000610;SHA256Pad@@LIBMD_0.0;0x6260;0x6360;0x0;TransmitterType.STORE;17;0;False;['0x6260', '0x6340'];<BV64 0x80 + x0>;64;[];[];['<BV64 x0>'];[];['<BV64 x0>'];[];[];0;18446744073709551615;18446744073709551615;1;;;True;0;18446744073709551615;18446744073709551615;1;;;True;ControlType.CONTROLLED;0;<BV64 0x80>;64;[];[];[];[];[];[];[];128.0;128.0;0.0;1.0;;;True;128.0;128.0;0.0;1.0;;;True;ControlType.NO_CONTROL;0;<BV64 0x80>;64;[];[];[];[];[];[];[];128;128;0;1.0;;;True;128.0;128.0;0.0;1.0;;;True;ControlType.NO_CONTROL;0;<BV64 x0>;64;[];[];['<BV64 x0>'];[];['<BV64 x0>'];[];[];0.0;1.8446744073709552e+19;18446744073709551615;1;;;True;0.0;1.8446744073709552e+19;18446744073709551615;1;;;True;ControlType.CONTROLLED;0;<BV64 x0>;64;[];[];['<BV64 x0>'];[];['<BV64 x0>'];[];[];0.0;1.8446744073709552e+19;1.8446744073709552e+19;1.0;;;True;0.0;1.8446744073709552e+19;1.8446744073709552e+19;1.0;;;True;ControlType.CONTROLLED;0;<BV64 x0>;64;[];[];[];[];[];[];[];0;0;0;;;;False;0;0;0;;;;False;ControlType.UNKNOWN;0;[('0x627c', <Bool ((LOAD_64[<BV64 x0 + 0x40>]_24[31:0] << 0x1d[7:0] | LShR(LOAD_64[<BV64 x0 + 0x40>]_24[31:0], 0x3)[7:0]) & 63) == 0>, 'Taken')];"{'regs': ['<BV64 x0>'], 'indirect_regs': [""<BV64 x0>: ['0x40']""], 'direct_regs': [], 'mem': ['<BV64 x0 + 0x40>'], 'const_mem': []}";[];{'regs': [], 'indirect_regs': [], 'direct_regs': [], 'mem': [], 'const_mem': []};{'regs': ['<BV64 x0>'], 'indirect_regs': [], 'direct_regs': ['<BV64 x0>'], 'mem': [], 'const_mem': []};{'regs': ['<BV64 x0>'], 'indirect_regs': [], 'direct_regs': ['<BV64 x0>'], 'mem': ['<BV64 x0 + 0x40>'], 'const_mem': []};63.0;0.0;64.0;64.0;[];;;;BaseControlType.CONSTANT_BASE;BaseControlType.CONSTANT_BASE;BaseControlType.CONSTANT_BASE;1;BranchControlType.BRANCH_DEPENDS_ON_SECRET_VALUE;BranchControlType.BRANCH_INDEPENDENT_FROM_SECRET;25440;True;False;True;True;True;False;False;True;True;False;False;False;True;False;True;True;True;False;True;False;[];['has_valid_base'];True;False;True;True;True;False;False;True;True;False;False;False;True;False;True;True;True;False;True;False;[];['has_valid_base']
0deea902-ad62-4f79-9c1d-4782bb8e327c;SHA224Pad@@LIBMD_0.1;0x6260;0x6360;0x0;TransmitterType.STORE;17;0;False;['0x6260', '0x6340'];<BV64 0x80 + x0>;64;[];[];['<BV64 x0>'];[];['<BV64 x0>'];[];[];0;18446744073709551615;18446744073709551615;1;;;True;0;18446744073709551615;18446744073709551615;1;;;True;ControlType.CONTROLLED;0;<BV64 0x80>;64;[];[];[];[];[];[];[];128.0;128.0;0.0;1.0;;;True;128.0;128.0;0.0;1.0;;;True;ControlType.NO_CONTROL;0;<BV64 0x80>;64;[];[];[];[];[];[];[];128;128;0;1.0;;;True;128.0;128.0;0.0;1.0;;;True;ControlType.NO_CONTROL;0;<BV64 x0>;64;[];[];['<BV64 x0>'];[];['<BV64 x0>'];[];[];0.0;1.8446744073709552e+19;18446744073709551615;1;;;True;0.0;1.8446744073709552e+19;18446744073709551615;1;;;True;ControlType.CONTROLLED;0;<BV64 x0>;64;[];[];['<BV64 x0>'];[];['<BV64 x0>'];[];[];0.0;1.8446744073709552e+19;1.8446744073709552e+19;1.0;;;True;0.0;1.8446744073709552e+19;1.8446744073709552e+19;1.0;;;True;ControlType.CONTROLLED;0;<BV64 x0>;64;[];[];[];[];[];[];[];0;0;0;;;;False;0;0;0;;;;False;ControlType.UNKNOWN;0;[('0x627c', <Bool ((LOAD_64[<BV64 x0 + 0x40>]_24[31:0] << 0x1d[7:0] | LShR(LOAD_64[<BV64 x0 + 0x40>]_24[31:0], 0x3)[7:0]) & 63) == 0>, 'Taken')];"{'regs': ['<BV64 x0>'], 'indirect_regs': [""<BV64 x0>: ['0x40']""], 'direct_regs': [], 'mem': ['<BV64 x0 + 0x40>'], 'const_mem': []}";[];{'regs': [], 'indirect_regs': [], 'direct_regs': [], 'mem': [], 'const_mem': []};{'regs': ['<BV64 x0>'], 'indirect_regs': [], 'direct_regs': ['<BV64 x0>'], 'mem': [], 'const_mem': []};{'regs': ['<BV64 x0>'], 'indirect_regs': [], 'direct_regs': ['<BV64 x0>'], 'mem': ['<BV64 x0 + 0x40>'], 'const_mem': []};63.0;0.0;64.0;64.0;[];;;;BaseControlType.CONSTANT_BASE;BaseControlType.CONSTANT_BASE;BaseControlType.CONSTANT_BASE;1;BranchControlType.BRANCH_DEPENDS_ON_SECRET_VALUE;BranchControlType.BRANCH_INDEPENDENT_FROM_SECRET;25440;True;False;True;True;True;False;False;True;True;False;False;False;True;False;True;True;True;False;True;False;[];['has_valid_base'];True;False;True;True;True;False;False;True;True;False;False;False;True;False;True;True;True;False;True;False;[];['has_valid_base']
466c5331-0013-43d4-b73b-3db0803d3678;SHA512Pad@@LIBMD_0.0;0x6920;0x6a80;0x0;TransmitterType.STORE;15;0;False;['0x6920', '0x6a68'];<BV64 0x71 + x0>;64;[];[];['<BV64 x0>'];[];['<BV64 x0>'];[];[];0;18446744073709551615;18446744073709551615;1;;;True;0;18446744073709551615;18446744073709551615;1;;;True;ControlType.CONTROLLED;0;<BV64 0x71>;64;[];[];[];[];[];[];[];113.0;113.0;0.0;1.0;;;True;113.0;113.0;0.0;1.0;;;True;ControlType.NO_CONTROL;0;<BV64 0x71>;64;[];[];[];[];[];[];[];113;113;0;1.0;;;True;113.0;113.0;0.0;1.0;;;True;ControlType.NO_CONTROL;0;<BV64 x0>;64;[];[];['<BV64 x0>'];[];['<BV64 x0>'];[];[];0.0;1.8446744073709552e+19;18446744073709551615;1;;;True;0.0;1.8446744073709552e+19;18446744073709551615;1;;;True;ControlType.CONTROLLED;0;<BV64 x0>;64;[];[];['<BV64 x0>'];[];['<BV64 x0>'];[];[];0.0;1.8446744073709552e+19;1.8446744073709552e+19;1.0;;;True;0.0;1.8446744073709552e+19;1.8446744073709552e+19;1.0;;;True;ControlType.CONTROLLED;0;<BV64 x0>;64;[];[];[];[];[];[];[];0;0;0;;;;False;0;0;0;;;;False;ControlType.UNKNOWN;0;[('0x693c', <Bool ((LOAD_64[<BV64 x0 + 0x40>]_24[31:0] << 0x1d[7:0] | LShR(LOAD_64[<BV64 x0 + 0x40>]_24[31:0], 0x3)[7:0]) & 127) == 0>, 'Taken')];"{'regs': ['<BV64 x0>'], 'indirect_regs': [""<BV64 x0>: ['0x40']""], 'direct_regs': [], 'mem': ['<BV64 x0 + 0x40>'], 'const_mem': []}";[];{'regs': [], 'indirect_regs': [], 'direct_regs': [], 'mem': [], 'const_mem': []};{'regs': ['<BV64 x0>'], 'indirect_regs': [], 'direct_regs': ['<BV64 x0>'], 'mem': [], 'const_mem': []};{'regs': ['<BV64 x0>'], 'indirect_regs': [], 'direct_regs': ['<BV64 x0>'], 'mem': ['<BV64 x0 + 0x40>'], 'const_mem': []};63.0;0.0;64.0;64.0;[];;;;BaseControlType.CONSTANT_BASE;BaseControlType.CONSTANT_BASE;BaseControlType.CONSTANT_BASE;1;BranchControlType.BRANCH_DEPENDS_ON_SECRET_VALUE;BranchControlType.BRANCH_INDEPENDENT_FROM_SECRET;27264;True;False;True;True;True;False;False;True;True;False;False;False;True;False;True;True;True;False;True;False;[];['has_valid_base'];True;False;True;True;True;False;False;True;True;False;False;False;True;False;True;True;True;False;True;False;[];['has_valid_base']
54b49764-b589-4d2e-a47b-be9a437648ad;SHA512_256Pad@@LIBMD_0.1;0x6920;0x6a84;0x0;TransmitterType.STORE;16;0;False;['0x6920', '0x6a68'];<BV64 0x81 + x0>;64;[];[];['<BV64 x0>'];[];['<BV64 x0>'];[];[];0;18446744073709551615;18446744073709551615;1;;;True;0;18446744073709551615;18446744073709551615;1;;;True;ControlType.CONTROLLED;0;<BV64 0x81>;64;[];[];[];[];[];[];[];129.0;129.0;0.0;1.0;;;True;129.0;129.0;0.0;1.0;;;True;ControlType.NO_CONTROL;0;<BV64 0x81>;64;[];[];[];[];[];[];[];129;129;0;1.0;;;True;129.0;129.0;0.0;1.0;;;True;ControlType.NO_CONTROL;0;<BV64 x0>;64;[];[];['<BV64 x0>'];[];['<BV64 x0>'];[];[];0.0;1.8446744073709552e+19;18446744073709551615;1;;;True;0.0;1.8446744073709552e+19;18446744073709551615;1;;;True;ControlType.CONTROLLED;0;<BV64 x0>;64;[];[];['<BV64 x0>'];[];['<BV64 x0>'];[];[];0.0;1.8446744073709552e+19;1.8446744073709552e+19;1.0;;;True;0.0;1.8446744073709552e+19;1.8446744073709552e+19;1.0;;;True;ControlType.CONTROLLED;0;<BV64 x0>;64;[];[];[];[];[];[];[];0;0;0;;;;False;0;0;0;;;;False;ControlType.UNKNOWN;0;[('0x693c', <Bool ((LOAD_64[<BV64 x0 + 0x40>]_24[31:0] << 0x1d[7:0] | LShR(LOAD_64[<BV64 x0 + 0x40>]_24[31:0], 0x3)[7:0]) & 127) == 0>, 'Taken')];"{'regs': ['<BV64 x0>'], 'indirect_regs': [""<BV64 x0>: ['0x40']""], 'direct_regs': [], 'mem': ['<BV64 x0 + 0x40>'], 'const_mem': []}";[];{'regs': [], 'indirect_regs': [], 'direct_regs': [], 'mem': [], 'const_mem': []};{'regs': ['<BV64 x0>'], 'indirect_regs': [], 'direct_regs': ['<BV64 x0>'], 'mem': [], 'const_mem': []};{'regs': ['<BV64 x0>'], 'indirect_regs': [], 'direct_regs': ['<BV64 x0>'], 'mem': ['<BV64 x0 + 0x40>'], 'const_mem': []};63.0;0.0;64.0;64.0;[];;;;BaseControlType.CONSTANT_BASE;BaseControlType.CONSTANT_BASE;BaseControlType.CONSTANT_BASE;1;BranchControlType.BRANCH_DEPENDS_ON_SECRET_VALUE;BranchControlType.BRANCH_INDEPENDENT_FROM_SECRET;27268;True;False;True;True;True;False;False;True;True;False;False;False;True;False;True;True;True;False;True;False;[];['has_valid_base'];True;False;True;True;True;False;False;True;True;False;False;False;True;False;True;True;True;False;True;False;[];['has_valid_base']
b5dbcae2-f866-4d9a-873d-92a378d51590;MD2Transform@@LIBMD_0.0;0x1bc0;0x1bf0;0x0;TransmitterType.LOAD;37;0;False;['0x1bc0', '0x1be4', '0x1be4'];<BV64 0x16 + x0>;64;[('0x1c10', <Bool x0 + 0x14 != x0 + 0x5>, 'Taken'), ('0x1c10', <Bool 0x14 + x0 != x0 + 0x6>, 'Taken')];[];['<BV64 x0>'];[];['<BV64 x0>'];[];[];0;18446744073709551615;18446744073709551615;1;;;True;0;18446744073709551615;18446744073709551615;1;;;True;ControlType.CONTROLLED;0;<BV64 0x16>;64;[];[];[];[];[];[];[];22.0;22.0;0.0;1.0;;;True;22.0;22.0;0.0;1.0;;;True;ControlType.NO_CONTROL;0;<BV64 0x16>;64;[];[];[];[];[];[];[];22;22;0;1.0;;;True;22.0;22.0;0.0;1.0;;;True;ControlType.NO_CONTROL;0;<BV64 x0>;64;[('0x1c10', <Bool x0 + 0x14 != x0 + 0x5>, 'Taken'), ('0x1c10', <Bool 0x14 + x0 != x0 + 0x6>, 'Taken')];[];['<BV64 x0>'];[];['<BV64 x0>'];[];[];0.0;1.8446744073709552e+19;18446744073709551615;1;;;True;0.0;1.8446744073709552e+19;18446744073709551615;1;;;True;ControlType.CONTROLLED;0;<BV64 x0>;64;[('0x1c10', <Bool x0 + 0x14 != x0 + 0x5>, 'Taken'), ('0x1c10', <Bool 0x14 + x0 != x0 + 0x6>, 'Taken')];[];['<BV64 x0>'];[];['<BV64 x0>'];[];[];0.0;1.8446744073709552e+19;1.8446744073709552e+19;1.0;;;True;0.0;1.8446744073709552e+19;1.8446744073709552e+19;1.0;;;True;ControlType.CONTROLLED;0;<BV64 x0>;64;[];[];[];[];[];[];[];0;0;0;;;;False;0;0;0;;;;False;ControlType.UNKNOWN;0;[('0x1c10', <Bool x0 + 0x14 != x0 + 0x5>, 'Taken'), ('0x1c10', <Bool 0x14 + x0 != x0 + 0x6>, 'Taken')];{'regs': ['<BV64 x0>'], 'indirect_regs': [], 'direct_regs': ['<BV64 x0>'], 'mem': [], 'const_mem': []};[];{'regs': [], 'indirect_regs': [], 'direct_regs': [], 'mem': [], 'const_mem': []};{'regs': ['<BV64 x0>'], 'indirect_regs': [], 'direct_regs': ['<BV64 x0>'], 'mem': [], 'const_mem': []};{'regs': ['<BV64 x0>'], 'indirect_regs': [], 'direct_regs': ['<BV64 x0>'], 'mem': [], 'const_mem': []};63.0;0.0;64.0;64.0;[];;;;BaseControlType.CONSTANT_BASE;BaseControlType.CONSTANT_BASE;BaseControlType.CONSTANT_BASE;2;BranchControlType.BRANCH_DEPENDS_ON_SECRET_VALUE;BranchControlType.BRANCH_INDEPENDENT_FROM_SECRET;7152;True;False;True;True;True;False;False;True;True;False;False;False;True;False;True;True;True;False;True;False;[];['has_valid_base'];True;False;True;True;True;False;False;True;True;False;False;False;True;False;True;True;True;False;True;False;[];['has_valid_base']
8dc0cd7b-6876-4cc1-931f-59b29f548eb8;SHA256Pad@@LIBMD_0.0;0x6260;0x6364;0x0;TransmitterType.STORE;18;0;False;['0x6260', '0x6340'];<BV64 0x50 + x0>;64;[];[];['<BV64 x0>'];[];['<BV64 x0>'];[];[];0;18446744073709551615;18446744073709551615;1;;;True;0;18446744073709551615;18446744073709551615;1;;;True;ControlType.CONTROLLED;0;<BV64 0x50>;64;[];[];[];[];[];[];[];80.0;80.0;0.0;1.0;;;True;80.0;80.0;0.0;1.0;;;True;ControlType.NO_CONTROL;0;<BV64 0x50>;64;[];[];[];[];[];[];[];80;80;0;1.0;;;True;80.0;80.0;0.0;1.0;;;True;ControlType.NO_CONTROL;0;<BV64 x0>;64;[];[];['<BV64 x0>'];[];['<BV64 x0>'];[];[];0.0;1.8446744073709552e+19;18446744073709551615;1;;;True;0.0;1.8446744073709552e+19;18446744073709551615;1;;;True;ControlType.CONTROLLED;0;<BV64 x0>;64;[];[];['<BV64 x0>'];[];['<BV64 x0>'];[];[];0.0;1.8446744073709552e+19;1.8446744073709552e+19;1.0;;;True;0.0;1.8446744073709552e+19;1.8446744073709552e+19;1.0;;;True;ControlType.CONTROLLED;0;<BV64 x0>;64;[];[];[];[];[];[];[];0;0;0;;;;False;0;0;0;;;;False;ControlType.UNKNOWN;0;[('0x627c', <Bool ((LOAD_64[<BV64 x0 + 0x40>]_24[31:0] << 0x1d[7:0] | LShR(LOAD_64[<BV64 x0 + 0x40>]_24[31:0], 0x3)[7:0]) & 63) == 0>, 'Taken')];"{'regs': ['<BV64 x0>'], 'indirect_regs': [""<BV64 x0>: ['0x40']""], 'direct_regs': [], 'mem': ['<BV64 x0 + 0x40>'], 'const_mem': []}";[];{'regs': [], 'indirect_regs': [], 'direct_regs': [], 'mem': [], 'const_mem': []};{'regs': ['<BV64 x0>'], 'indirect_regs': [], 'direct_regs': ['<BV64 x0>'], 'mem': [], 'const_mem': []};{'regs': ['<BV64 x0>'], 'indirect_regs': [], 'direct_regs': ['<BV64 x0>'], 'mem': ['<BV64 x0 + 0x40>'], 'const_mem': []};63.0;0.0;64.0;64.0;[];;;;BaseControlType.CONSTANT_BASE;BaseControlType.CONSTANT_BASE;BaseControlType.CONSTANT_BASE;1;BranchControlType.BRANCH_DEPENDS_ON_SECRET_VALUE;BranchControlType.BRANCH_INDEPENDENT_FROM_SECRET;25444;True;False;True;True;True;False;False;True;True;False;False;False;True;False;True;True;True;False;True;False;[];['has_valid_base'];True;False;True;True;True;False;False;True;True;False;False;False;True;False;True;True;True;False;True;False;[];['has_valid_base']
47adabcc-ac41-48fe-bbc7-4f69bc6d8d0a;SHA224Pad@@LIBMD_0.1;0x6260;0x6364;0x0;TransmitterType.STORE;18;0;False;['0x6260', '0x6340'];<BV64 0x50 + x0>;64;[];[];['<BV64 x0>'];[];['<BV64 x0>'];[];[];0;18446744073709551615;18446744073709551615;1;;;True;0;18446744073709551615;18446744073709551615;1;;;True;ControlType.CONTROLLED;0;<BV64 0x50>;64;[];[];[];[];[];[];[];80.0;80.0;0.0;1.0;;;True;80.0;80.0;0.0;1.0;;;True;ControlType.NO_CONTROL;0;<BV64 0x50>;64;[];[];[];[];[];[];[];80;80;0;1.0;;;True;80.0;80.0;0.0;1.0;;;True;ControlType.NO_CONTROL;0;<BV64 x0>;64;[];[];['<BV64 x0>'];[];['<BV64 x0>'];[];[];0.0;1.8446744073709552e+19;18446744073709551615;1;;;True;0.0;1.8446744073709552e+19;18446744073709551615;1;;;True;ControlType.CONTROLLED;0;<BV64 x0>;64;[];[];['<BV64 x0>'];[];['<BV64 x0>'];[];[];0.0;1.8446744073709552e+19;1.8446744073709552e+19;1.0;;;True;0.0;1.8446744073709552e+19;1.8446744073709552e+19;1.0;;;True;ControlType.CONTROLLED;0;<BV64 x0>;64;[];[];[];[];[];[];[];0;0;0;;;;False;0;0;0;;;;False;ControlType.UNKNOWN;0;[('0x627c', <Bool ((LOAD_64[<BV64 x0 + 0x40>]_24[31:0] << 0x1d[7:0] | LShR(LOAD_64[<BV64 x0 + 0x40>]_24[31:0], 0x3)[7:0]) & 63) == 0>, 'Taken')];"{'regs': ['<BV64 x0>'], 'indirect_regs': [""<BV64 x0>: ['0x40']""], 'direct_regs': [], 'mem': ['<BV64 x0 + 0x40>'], 'const_mem': []}";[];{'regs': [], 'indirect_regs': [], 'direct_regs': [], 'mem': [], 'const_mem': []};{'regs': ['<BV64 x0>'], 'indirect_regs': [], 'direct_regs': ['<BV64 x0>'], 'mem': [], 'const_mem': []};{'regs': ['<BV64 x0>'], 'indirect_regs': [], 'direct_regs': ['<BV64 x0>'], 'mem': ['<BV64 x0 + 0x40>'], 'const_mem': []};63.0;0.0;64.0;64.0;[];;;;BaseControlType.CONSTANT_BASE;BaseControlType.CONSTANT_BASE;BaseControlType.CONSTANT_BASE;1;BranchControlType.BRANCH_DEPENDS_ON_SECRET_VALUE;BranchControlType.BRANCH_INDEPENDENT_FROM_SECRET;25444;True;False;True;True;True;False;False;True;True;False;False;False;True;False;True;True;True;False;True;False;[];['has_valid_base'];True;False;True;True;True;False;False;True;True;False;False;False;True;False;True;True;True;False;True;False;[];['has_valid_base']
8186b9d7-71fc-4cf9-99b7-3ebb7c78c30c;SHA512Pad@@LIBMD_0.0;0x6920;0x6a84;0x0;TransmitterType.STORE;16;0;False;['0x6920', '0x6a68'];<BV64 0x81 + x0>;64;[];[];['<BV64 x0>'];[];['<BV64 x0>'];[];[];0;18446744073709551615;18446744073709551615;1;;;True;0;18446744073709551615;18446744073709551615;1;;;True;ControlType.CONTROLLED;0;<BV64 0x81>;64;[];[];[];[];[];[];[];129.0;129.0;0.0;1.0;;;True;129.0;129.0;0.0;1.0;;;True;ControlType.NO_CONTROL;0;<BV64 0x81>;64;[];[];[];[];[];[];[];129;129;0;1.0;;;True;129.0;129.0;0.0;1.0;;;True;ControlType.NO_CONTROL;0;<BV64 x0>;64;[];[];['<BV64 x0>'];[];['<BV64 x0>'];[];[];0.0;1.8446744073709552e+19;18446744073709551615;1;;;True;0.0;1.8446744073709552e+19;18446744073709551615;1;;;True;ControlType.CONTROLLED;0;<BV64 x0>;64;[];[];['<BV64 x0>'];[];['<BV64 x0>'];[];[];0.0;1.8446744073709552e+19;1.8446744073709552e+19;1.0;;;True;0.0;1.8446744073709552e+19;1.8446744073709552e+19;1.0;;;True;ControlType.CONTROLLED;0;<BV64 x0>;64;[];[];[];[];[];[];[];0;0;0;;;;False;0;0;0;;;;False;ControlType.UNKNOWN;0;[('0x693c', <Bool ((LOAD_64[<BV64 x0 + 0x40>]_24[31:0] << 0x1d[7:0] | LShR(LOAD_64[<BV64 x0 + 0x40>]_24[31:0], 0x3)[7:0]) & 127) == 0>, 'Taken')];"{'regs': ['<BV64 x0>'], 'indirect_regs': [""<BV64 x0>: ['0x40']""], 'direct_regs': [], 'mem': ['<BV64 x0 + 0x40>'], 'const_mem': []}";[];{'regs': [], 'indirect_regs': [], 'direct_regs': [], 'mem': [], 'const_mem': []};{'regs': ['<BV64 x0>'], 'indirect_regs': [], 'direct_regs': ['<BV64 x0>'], 'mem': [], 'const_mem': []};{'regs': ['<BV64 x0>'], 'indirect_regs': [], 'direct_regs': ['<BV64 x0>'], 'mem': ['<BV64 x0 + 0x40>'], 'const_mem': []};63.0;0.0;64.0;64.0;[];;;;BaseControlType.CONSTANT_BASE;BaseControlType.CONSTANT_BASE;BaseControlType.CONSTANT_BASE;1;BranchControlType.BRANCH_DEPENDS_ON_SECRET_VALUE;BranchControlType.BRANCH_INDEPENDENT_FROM_SECRET;27268;True;False;True;True;True;False;False;True;True;False;False;False;True;False;True;True;True;False;True;False;[];['has_valid_base'];True;False;True;True;True;False;False;True;True;False;False;False;True;False;True;True;True;False;True;False;[];['has_valid_base']
bc9cda2e-eb61-4210-a0b0-534c84bd37e6;SHA512_256Pad@@LIBMD_0.1;0x6920;0x6a84;0x0;TransmitterType.STORE;16;0;False;['0x6920', '0x6a68'];<BV64 0x91 + x0>;64;[];[];['<BV64 x0>'];[];['<BV64 x0>'];[];[];0;18446744073709551615;18446744073709551615;1;;;True;0;18446744073709551615;18446744073709551615;1;;;True;ControlType.CONTROLLED;0;<BV64 0x91>;64;[];[];[];[];[];[];[];145.0;145.0;0.0;1.0;;;True;145.0;145.0;0.0;1.0;;;True;ControlType.NO_CONTROL;0;<BV64 0x91>;64;[];[];[];[];[];[];[];145;145;0;1.0;;;True;145.0;145.0;0.0;1.0;;;True;ControlType.NO_CONTROL;0;<BV64 x0>;64;[];[];['<BV64 x0>'];[];['<BV64 x0>'];[];[];0.0;1.8446744073709552e+19;18446744073709551615;1;;;True;0.0;1.8446744073709552e+19;18446744073709551615;1;;;True;ControlType.CONTROLLED;0;<BV64 x0>;64;[];[];['<BV64 x0>'];[];['<BV64 x0>'];[];[];0.0;1.8446744073709552e+19;1.8446744073709552e+19;1.0;;;True;0.0;1.8446744073709552e+19;1.8446744073709552e+19;1.0;;;True;ControlType.CONTROLLED;0;<BV64 x0>;64;[];[];[];[];[];[];[];0;0;0;;;;False;0;0;0;;;;False;ControlType.UNKNOWN;0;[('0x693c', <Bool ((LOAD_64[<BV64 x0 + 0x40>]_24[31:0] << 0x1d[7:0] | LShR(LOAD_64[<BV64 x0 + 0x40>]_24[31:0], 0x3)[7:0]) & 127) == 0>, 'Taken')];"{'regs': ['<BV64 x0>'], 'indirect_regs': [""<BV64 x0>: ['0x40']""], 'direct_regs': [], 'mem': ['<BV64 x0 + 0x40>'], 'const_mem': []}";[];{'regs': [], 'indirect_regs': [], 'direct_regs': [], 'mem': [], 'const_mem': []};{'regs': ['<BV64 x0>'], 'indirect_regs': [], 'direct_regs': ['<BV64 x0>'], 'mem': [], 'const_mem': []};{'regs': ['<BV64 x0>'], 'indirect_regs': [], 'direct_regs': ['<BV64 x0>'], 'mem': ['<BV64 x0 + 0x40>'], 'const_mem': []};63.0;0.0;64.0;64.0;[];;;;BaseControlType.CONSTANT_BASE;BaseControlType.CONSTANT_BASE;BaseControlType.CONSTANT_BASE;1;BranchControlType.BRANCH_DEPENDS_ON_SECRET_VALUE;BranchControlType.BRANCH_INDEPENDENT_FROM_SECRET;27268;True;False;True;True;True;False;False;True;True;False;False;False;True;False;True;True;True;False;True;False;[];['has_valid_base'];True;False;True;True;True;False;False;True;True;False;False;False;True;False;True;True;True;False;True;False;[];['has_valid_base']
c547b8bc-2674-41e8-a6a5-9879a14533ec;MD2Transform@@LIBMD_0.0;0x1bc0;0x1bf8;0x0;TransmitterType.STORE;39;0;False;['0x1bc0', '0x1be4', '0x1be4'];<BV64 0x36 + x0>;64;[('0x1c10', <Bool x0 + 0x14 != x0 + 0x5>, 'Taken'), ('0x1c10', <Bool 0x14 + x0 != x0 + 0x6>, 'Taken')];[];['<BV64 x0>'];[];['<BV64 x0>'];[];[];0;18446744073709551615;18446744073709551615;1;;;True;0;18446744073709551615;18446744073709551615;1;;;True;ControlType.CONTROLLED;0;<BV64 0x36>;64;[];[];[];[];[];[];[];54.0;54.0;0.0;1.0;;;True;54.0;54.0;0.0;1.0;;;True;ControlType.NO_CONTROL;0;<BV64 0x36>;64;[];[];[];[];[];[];[];54;54;0;1.0;;;True;54.0;54.0;0.0;1.0;;;True;ControlType.NO_CONTROL;0;<BV64 x0>;64;[('0x1c10', <Bool x0 + 0x14 != x0 + 0x5>, 'Taken'), ('0x1c10', <Bool 0x14 + x0 != x0 + 0x6>, 'Taken')];[];['<BV64 x0>'];[];['<BV64 x0>'];[];[];0.0;1.8446744073709552e+19;18446744073709551615;1;;;True;0.0;1.8446744073709552e+19;18446744073709551615;1;;;True;ControlType.CONTROLLED;0;<BV64 x0>;64;[('0x1c10', <Bool x0 + 0x14 != x0 + 0x5>, 'Taken'), ('0x1c10', <Bool 0x14 + x0 != x0 + 0x6>, 'Taken')];[];['<BV64 x0>'];[];['<BV64 x0>'];[];[];0.0;1.8446744073709552e+19;1.8446744073709552e+19;1.0;;;True;0.0;1.8446744073709552e+19;1.8446744073709552e+19;1.0;;;True;ControlType.CONTROLLED;0;<BV64 x0>;64;[];[];[];[];[];[];[];0;0;0;;;;False;0;0;0;;;;False;ControlType.UNKNOWN;0;[('0x1c10', <Bool x0 + 0x14 != x0 + 0x5>, 'Taken'), ('0x1c10', <Bool 0x14 + x0 != x0 + 0x6>, 'Taken')];{'regs': ['<BV64 x0>'], 'indirect_regs': [], 'direct_regs': ['<BV64 x0>'], 'mem': [], 'const_mem': []};[];{'regs': [], 'indirect_regs': [], 'direct_regs': [], 'mem': [], 'const_mem': []};{'regs': ['<BV64 x0>'], 'indirect_regs': [], 'direct_regs': ['<BV64 x0>'], 'mem': [], 'const_mem': []};{'regs': ['<BV64 x0>'], 'indirect_regs': [], 'direct_regs': ['<BV64 x0>'], 'mem': [], 'const_mem': []};63.0;0.0;64.0;64.0;[];;;;BaseControlType.CONSTANT_BASE;BaseControlType.CONSTANT_BASE;BaseControlType.CONSTANT_BASE;2;BranchControlType.BRANCH_DEPENDS_ON_SECRET_VALUE;BranchControlType.BRANCH_INDEPENDENT_FROM_SECRET;7160;True;False;True;True;True;False;False;True;True;False;False;False;True;False;True;True;True;False;True;False;[];['has_valid_base'];True;False;True;True;True;False;False;True;True;False;False;False;True;False;True;True;True;False;True;False;[];['has_valid_base']
fd624163-7f3b-4bdd-bb07-bcb075eff1bb;SHA256Pad@@LIBMD_0.0;0x6260;0x6368;0x0;TransmitterType.STORE;19;0;False;['0x6260', '0x6340'];<BV64 0x88 + x0>;64;[];[];['<BV64 x0>'];[];['<BV64 x0>'];[];[];0;18446744073709551615;18446744073709551615;1;;;True;0;18446744073709551615;18446744073709551615;1;;;True;ControlType.CONTROLLED;0;<BV64 0x88>;64;[];[];[];[];[];[];[];136.0;136.0;0.0;1.0;;;True;136.0;136.0;0.0;1.0;;;True;ControlType.NO_CONTROL;0;<BV64 0x88>;64;[];[];[];[];[];[];[];136;136;0;1.0;;;True;136.0;136.0;0.0;1.0;;;True;ControlType.NO_CONTROL;0;<BV64 x0>;64;[];[];['<BV64 x0>'];[];['<BV64 x0>'];[];[];0.0;1.8446744073709552e+19;18446744073709551615;1;;;True;0.0;1.8446744073709552e+19;18446744073709551615;1;;;True;ControlType.CONTROLLED;0;<BV64 x0>;64;[];[];['<BV64 x0>'];[];['<BV64 x0>'];[];[];0.0;1.8446744073709552e+19;1.8446744073709552e+19;1.0;;;True;0.0;1.8446744073709552e+19;1.8446744073709552e+19;1.0;;;True;ControlType.CONTROLLED;0;<BV64 x0>;64;[];[];[];[];[];[];[];0;0;0;;;;False;0;0;0;;;;False;ControlType.UNKNOWN;0;[('0x627c', <Bool ((LOAD_64[<BV64 x0 + 0x40>]_24[31:0] << 0x1d[7:0] | LShR(LOAD_64[<BV64 x0 + 0x40>]_24[31:0], 0x3)[7:0]) & 63) == 0>, 'Taken')];"{'regs': ['<BV64 x0>'], 'indirect_regs': [""<BV64 x0>: ['0x40']""], 'direct_regs': [], 'mem': ['<BV64 x0 + 0x40>'], 'const_mem': []}";[];{'regs': [], 'indirect_regs': [], 'direct_regs': [], 'mem': [], 'const_mem': []};{'regs': ['<BV64 x0>'], 'indirect_regs': [], 'direct_regs': ['<BV64 x0>'], 'mem': [], 'const_mem': []};{'regs': ['<BV64 x0>'], 'indirect_regs': [], 'direct_regs': ['<BV64 x0>'], 'mem': ['<BV64 x0 + 0x40>'], 'const_mem': []};63.0;0.0;64.0;64.0;[];;;;BaseControlType.CONSTANT_BASE;BaseControlType.CONSTANT_BASE;BaseControlType.CONSTANT_BASE;1;BranchControlType.BRANCH_DEPENDS_ON_SECRET_VALUE;BranchControlType.BRANCH_INDEPENDENT_FROM_SECRET;25448;True;False;True;True;True;False;False;True;True;False;False;False;True;False;True;True;True;False;True;False;[];['has_valid_base'];True;False;True;True;True;False;False;True;True;False;False;False;True;False;True;True;True;False;True;False;[];['has_valid_base']
3ed4e2cb-e5be-4572-8099-7b330d50066a;SHA224Pad@@LIBMD_0.1;0x6260;0x6368;0x0;TransmitterType.STORE;19;0;False;['0x6260', '0x6340'];<BV64 0x88 + x0>;64;[];[];['<BV64 x0>'];[];['<BV64 x0>'];[];[];0;18446744073709551615;18446744073709551615;1;;;True;0;18446744073709551615;18446744073709551615;1;;;True;ControlType.CONTROLLED;0;<BV64 0x88>;64;[];[];[];[];[];[];[];136.0;136.0;0.0;1.0;;;True;136.0;136.0;0.0;1.0;;;True;ControlType.NO_CONTROL;0;<BV64 0x88>;64;[];[];[];[];[];[];[];136;136;0;1.0;;;True;136.0;136.0;0.0;1.0;;;True;ControlType.NO_CONTROL;0;<BV64 x0>;64;[];[];['<BV64 x0>'];[];['<BV64 x0>'];[];[];0.0;1.8446744073709552e+19;18446744073709551615;1;;;True;0.0;1.8446744073709552e+19;18446744073709551615;1;;;True;ControlType.CONTROLLED;0;<BV64 x0>;64;[];[];['<BV64 x0>'];[];['<BV64 x0>'];[];[];0.0;1.8446744073709552e+19;1.8446744073709552e+19;1.0;;;True;0.0;1.8446744073709552e+19;1.8446744073709552e+19;1.0;;;True;ControlType.CONTROLLED;0;<BV64 x0>;64;[];[];[];[];[];[];[];0;0;0;;;;False;0;0;0;;;;False;ControlType.UNKNOWN;0;[('0x627c', <Bool ((LOAD_64[<BV64 x0 + 0x40>]_24[31:0] << 0x1d[7:0] | LShR(LOAD_64[<BV64 x0 + 0x40>]_24[31:0], 0x3)[7:0]) & 63) == 0>, 'Taken')];"{'regs': ['<BV64 x0>'], 'indirect_regs': [""<BV64 x0>: ['0x40']""], 'direct_regs': [], 'mem': ['<BV64 x0 + 0x40>'], 'const_mem': []}";[];{'regs': [], 'indirect_regs': [], 'direct_regs': [], 'mem': [], 'const_mem': []};{'regs': ['<BV64 x0>'], 'indirect_regs': [], 'direct_regs': ['<BV64 x0>'], 'mem': [], 'const_mem': []};{'regs': ['<BV64 x0>'], 'indirect_regs': [], 'direct_regs': ['<BV64 x0>'], 'mem': ['<BV64 x0 + 0x40>'], 'const_mem': []};63.0;0.0;64.0;64.0;[];;;;BaseControlType.CONSTANT_BASE;BaseControlType.CONSTANT_BASE;BaseControlType.CONSTANT_BASE;1;BranchControlType.BRANCH_DEPENDS_ON_SECRET_VALUE;BranchControlType.BRANCH_INDEPENDENT_FROM_SECRET;25448;True;False;True;True;True;False;False;True;True;False;False;False;True;False;True;True;True;False;True;False;[];['has_valid_base'];True;False;True;True;True;False;False;True;True;False;False;False;True;False;True;True;True;False;True;False;[];['has_valid_base']
d2d32c4a-194c-4fba-a91f-5e205edc70c1;SHA512Pad@@LIBMD_0.0;0x6920;0x6a84;0x0;TransmitterType.STORE;16;0;False;['0x6920', '0x6a68'];<BV64 0x91 + x0>;64;[];[];['<BV64 x0>'];[];['<BV64 x0>'];[];[];0;18446744073709551615;18446744073709551615;1;;;True;0;18446744073709551615;18446744073709551615;1;;;True;ControlType.CONTROLLED;0;<BV64 0x91>;64;[];[];[];[];[];[];[];145.0;145.0;0.0;1.0;;;True;145.0;145.0;0.0;1.0;;;True;ControlType.NO_CONTROL;0;<BV64 0x91>;64;[];[];[];[];[];[];[];145;145;0;1.0;;;True;145.0;145.0;0.0;1.0;;;True;ControlType.NO_CONTROL;0;<BV64 x0>;64;[];[];['<BV64 x0>'];[];['<BV64 x0>'];[];[];0.0;1.8446744073709552e+19;18446744073709551615;1;;;True;0.0;1.8446744073709552e+19;18446744073709551615;1;;;True;ControlType.CONTROLLED;0;<BV64 x0>;64;[];[];['<BV64 x0>'];[];['<BV64 x0>'];[];[];0.0;1.8446744073709552e+19;1.8446744073709552e+19;1.0;;;True;0.0;1.8446744073709552e+19;1.8446744073709552e+19;1.0;;;True;ControlType.CONTROLLED;0;<BV64 x0>;64;[];[];[];[];[];[];[];0;0;0;;;;False;0;0;0;;;;False;ControlType.UNKNOWN;0;[('0x693c', <Bool ((LOAD_64[<BV64 x0 + 0x40>]_24[31:0] << 0x1d[7:0] | LShR(LOAD_64[<BV64 x0 + 0x40>]_24[31:0], 0x3)[7:0]) & 127) == 0>, 'Taken')];"{'regs': ['<BV64 x0>'], 'indirect_regs': [""<BV64 x0>: ['0x40']""], 'direct_regs': [], 'mem': ['<BV64 x0 + 0x40>'], 'const_mem': []}";[];{'regs': [], 'indirect_regs': [], 'direct_regs': [], 'mem': [], 'const_mem': []};{'regs': ['<BV64 x0>'], 'indirect_regs': [], 'direct_regs': ['<BV64 x0>'], 'mem': [], 'const_mem': []};{'regs': ['<BV64 x0>'], 'indirect_regs': [], 'direct_regs': ['<BV64 x0>'], 'mem': ['<BV64 x0 + 0x40>'], 'const_mem': []};63.0;0.0;64.0;64.0;[];;;;BaseControlType.CONSTANT_BASE;BaseControlType.CONSTANT_BASE;BaseControlType.CONSTANT_BASE;1;BranchControlType.BRANCH_DEPENDS_ON_SECRET_VALUE;BranchControlType.BRANCH_INDEPENDENT_FROM_SECRET;27268;True;False;True;True;True;False;False;True;True;False;False;False;True;False;True;True;True;False;True;False;[];['has_valid_base'];True;False;True;True;True;False;False;True;True;False;False;False;True;False;True;True;True;False;True;False;[];['has_valid_base']
78aaa077-df8f-4d2d-b8ea-70c14618bf38;SHA512_256Pad@@LIBMD_0.1;0x6920;0x6a88;0x0;TransmitterType.STORE;17;0;False;['0x6920', '0x6a68'];<BV64 0xb0 + x0>;64;[];[];['<BV64 x0>'];[];['<BV64 x0>'];[];[];0;18446744073709551615;18446744073709551615;1;;;True;0;18446744073709551615;18446744073709551615;1;;;True;ControlType.CONTROLLED;0;<BV64 0xb0>;64;[];[];[];[];[];[];[];176.0;176.0;0.0;1.0;;;True;176.0;176.0;0.0;1.0;;;True;ControlType.NO_CONTROL;0;<BV64 0xb0>;64;[];[];[];[];[];[];[];176;176;0;1.0;;;True;176.0;176.0;0.0;1.0;;;True;ControlType.NO_CONTROL;0;<BV64 x0>;64;[];[];['<BV64 x0>'];[];['<BV64 x0>'];[];[];0.0;1.8446744073709552e+19;18446744073709551615;1;;;True;0.0;1.8446744073709552e+19;18446744073709551615;1;;;True;ControlType.CONTROLLED;0;<BV64 x0>;64;[];[];['<BV64 x0>'];[];['<BV64 x0>'];[];[];0.0;1.8446744073709552e+19;1.8446744073709552e+19;1.0;;;True;0.0;1.8446744073709552e+19;1.8446744073709552e+19;1.0;;;True;ControlType.CONTROLLED;0;<BV64 x0>;64;[];[];[];[];[];[];[];0;0;0;;;;False;0;0;0;;;;False;ControlType.UNKNOWN;0;[('0x693c', <Bool ((LOAD_64[<BV64 x0 + 0x40>]_24[31:0] << 0x1d[7:0] | LShR(LOAD_64[<BV64 x0 + 0x40>]_24[31:0], 0x3)[7:0]) & 127) == 0>, 'Taken')];"{'regs': ['<BV64 x0>'], 'indirect_regs': [""<BV64 x0>: ['0x40']""], 'direct_regs': [], 'mem': ['<BV64 x0 + 0x40>'], 'const_mem': []}";[];{'regs': [], 'indirect_regs': [], 'direct_regs': [], 'mem': [], 'const_mem': []};{'regs': ['<BV64 x0>'], 'indirect_regs': [], 'direct_regs': ['<BV64 x0>'], 'mem': [], 'const_mem': []};{'regs': ['<BV64 x0>'], 'indirect_regs': [], 'direct_regs': ['<BV64 x0>'], 'mem': ['<BV64 x0 + 0x40>'], 'const_mem': []};63.0;0.0;64.0;64.0;[];;;;BaseControlType.CONSTANT_BASE;BaseControlType.CONSTANT_BASE;BaseControlType.CONSTANT_BASE;1;BranchControlType.BRANCH_DEPENDS_ON_SECRET_VALUE;BranchControlType.BRANCH_INDEPENDENT_FROM_SECRET;27272;True;False;True;True;True;False;False;True;True;False;False;False;True;False;True;True;True;False;True;False;[];['has_valid_base'];True;False;True;True;True;False;False;True;True;False;False;False;True;False;True;True;True;False;True;False;[];['has_valid_base']
7073a780-1755-4005-92d6-8fb58a8c7712;MD2Transform@@LIBMD_0.0;0x1bc0;0x1bfc;0x1be8;TransmitterType.LOAD;40;3;False;['0x1bc0', '0x1be4', '0x1be4'];<BV64 0x8e50 + (0#56 .. LOAD_8[<BV64 x0 + 0x26>]_35 ^ LOAD_8[<BV64 0x8e50 + (0#32 .. (0x0 .. LOAD_8[<BV64 x0 + 0x25>]_29) ^ (0x0 .. LOAD_8[<BV64 0x8e50 + (0#32 .. (0x0 .. LOAD_8[<BV64 x0 + 0x24>]_23) ^ (0x0 .. LOAD_8[<BV64 x0 + 0x13>]_22))>]_27 ^ LOAD_8[<BV64 x0 + 0x4>]_24))>]_33 ^ LOAD_8[<BV64 0x5 + x0>]_30)>;64;[];[];['<BV64 x0>'];"[""<BV64 x0>: ['0x13', '0x24', '0x25', '0x26', '0x4', '0x5']""]";[];['<BV64 0x5 + x0>', '<BV64 0x8e50 + (0#32 .. (0x0 .. LOAD_8[<BV64 x0 + 0x24>]_23) ^ (0x0 .. LOAD_8[<BV64 x0 + 0x13>]_22))>', '<BV64 0x8e50 + (0#32 .. (0x0 .. LOAD_8[<BV64 x0 + 0x25>]_29) ^ (0x0 .. LOAD_8[<BV64 0x8e50 + (0#32 .. (0x0 .. LOAD_8[<BV64 x0 + 0x24>]_23) ^ (0x0 .. LOAD_8[<BV64 x0 + 0x13>]_22))>]_27 ^ LOAD_8[<BV64 x0 + 0x4>]_24))>', '<BV64 x0 + 0x13>', '<BV64 x0 + 0x24>', '<BV64 x0 + 0x25>', '<BV64 x0 + 0x26>', '<BV64 x0 + 0x4>'];[];36432;36687;255;1;36863.0;36352.0;False;36432;36687;255;1;36863.0;36352.0;False;ControlType.CONTROLLED;3;<BV64 0x8e50>;64;[];[];[];[];[];[];[];36432.0;36432.0;0.0;1.0;;;True;36432.0;36432.0;0.0;1.0;;;True;ControlType.NO_CONTROL;0;<BV64 0x8e50>;64;[];[];[];[];[];[];[];36432;36432;0;1.0;;;True;36432.0;36432.0;0.0;1.0;;;True;ControlType.NO_CONTROL;0;<BV64 0#56 .. LOAD_8[<BV64 x0 + 0x26>]_35 ^ LOAD_8[<BV64 0x8e50 + (0#32 .. (0x0 .. LOAD_8[<BV64 x0 + 0x25>]_29) ^ (0x0 .. LOAD_8[<BV64 0x8e50 + (0#32 .. (0x0 .. LOAD_8[<BV64 x0 + 0x24>]_23) ^ (0x0 .. LOAD_8[<BV64 x0 + 0x13>]_22))>]_27 ^ LOAD_8[<BV64 x0 + 0x4>]_24))>]_33 ^ LOAD_8[<BV64 0x5 + x0>]_30>;64;[];[];['<BV64 x0>'];"[""<BV64 x0>: ['0x13', '0x24', '0x25', '0x26', '0x4', '0x5']""]";[];['<BV64 0x5 + x0>', '<BV64 0x8e50 + (0#32 .. (0x0 .. LOAD_8[<BV64 x0 + 0x24>]_23) ^ (0x0 .. LOAD_8[<BV64 x0 + 0x13>]_22))>', '<BV64 0x8e50 + (0#32 .. (0x0 .. LOAD_8[<BV64 x0 + 0x25>]_29) ^ (0x0 .. LOAD_8[<BV64 0x8e50 + (0#32 .. (0x0 .. LOAD_8[<BV64 x0 + 0x24>]_23) ^ (0x0 .. LOAD_8[<BV64 x0 + 0x13>]_22))>]_27 ^ LOAD_8[<BV64 x0 + 0x4>]_24))>', '<BV64 x0 + 0x13>', '<BV64 x0 + 0x24>', '<BV64 x0 + 0x25>', '<BV64 x0 + 0x26>', '<BV64 x0 + 0x4>'];[];0.0;255.0;255;1;;;False;0.0;255.0;255;1;;;False;ControlType.CONTROLLED;3;<BV64 0x5 + x0>;64;[('0x1c10', <Bool x0 + 0x14 != x0 + 0x5>, 'Taken'), ('0x1c10', <Bool 0x14 + x0 != x0 + 0x6>, 'Taken')];[];['<BV64 x0>'];[];['<BV64 x0>'];[];[];0.0;1.8446744073709552e+19;1.8446744073709552e+19;1.0;;;True;0.0;1.8446744073709552e+19;1.8446744073709552e+19;1.0;;;True;ControlType.CONTROLLED;0;<BV8 LOAD_8[<BV64 0x5 + x0>]_30>;8;[];[];[];[];[];[];[];0;0;0;;;;False;0;0;0;;;;False;ControlType.UNKNOWN;1;[('0x1c10', <Bool x0 + 0x14 != x0 + 0x5>, 'Taken'), ('0x1c10', <Bool 0x14 + x0 != x0 + 0x6>, 'Taken')];{'regs': ['<BV64 x0>'], 'indirect_regs': [], 'direct_regs': ['<BV64 x0>'], 'mem': [], 'const_mem': []};[];{'regs': [], 'indirect_regs': [], 'direct_regs': [], 'mem': [], 'const_mem': []};{'regs': ['<BV64 x0>'], 'indirect_regs': [], 'direct_regs': ['<BV64 x0>'], 'mem': ['<BV64 0x5 + x0>', '<BV64 0x8e50 + (0#32 .. (0x0 .. LOAD_8[<BV64 x0 + 0x24>]_23) ^ (0x0 .. LOAD_8[<BV64 x0 + 0x13>]_22))>', '<BV64 0x8e50 + (0#32 .. (0x0 .. LOAD_8[<BV64 x0 + 0x25>]_29) ^ (0x0 .. LOAD_8[<BV64 0x8e50 + (0#32 .. (0x0 .. LOAD_8[<BV64 x0 + 0x24>]_23) ^ (0x0 .. LOAD_8[<BV64 x0 + 0x13>]_22))>]_27 ^ LOAD_8[<BV64 x0 + 0x4>]_24))>', '<BV64 x0 + 0x13>', '<BV64 x0 + 0x24>', '<BV64 x0 + 0x25>', '<BV64 x0 + 0x26>', '<BV64 x0 + 0x4>'], 'const_mem': []};{'regs': ['<BV64 x0>'], 'indirect_regs': [], 'direct_regs': ['<BV64 x0>'], 'mem': ['<BV64 0x5 + x0>', '<BV64 0x8e50 + (0#32 .. (0x0 .. LOAD_8[<BV64 x0 + 0x24>]_23) ^ (0x0 .. LOAD_8[<BV64 x0 + 0x13>]_22))>', '<BV64 0x8e50 + (0#32 .. (0x0 .. LOAD_8[<BV64 x0 + 0x25>]_29) ^ (0x0 .. LOAD_8[<BV64 0x8e50 + (0#32 .. (0x0 .. LOAD_8[<BV64 x0 + 0x24>]_23) ^ (0x0 .. LOAD_8[<BV64 x0 + 0x13>]_22))>]_27 ^ LOAD_8[<BV64 x0 + 0x4>]_24))>', '<BV64 x0 + 0x13>', '<BV64 x0 + 0x24>', '<BV64 x0 + 0x25>', '<BV64 x0 + 0x26>', '<BV64 x0 + 0x4>'], 'const_mem': []};0.0;0.0;0.0;0.0;[];;;;BaseControlType.CONSTANT_BASE;BaseControlType.CONSTANT_BASE;BaseControlType.CONSTANT_BASE;2;BranchControlType.BRANCH_DEPENDS_ON_SECRET_ADDRESS;BranchControlType.BRANCH_INDEPENDENT_FROM_SECRET;7164;False;False;True;True;True;True;False;False;True;False;False;False;True;False;False;True;True;False;True;False;[];['is_secret_inferable', 'has_valid_base', 'secret_below_cache_granularity'];False;False;True;True;True;True;False;False;True;False;False;False;True;False;False;True;True;False;True;False;[];['is_secret_inferable', 'has_valid_base', 'secret_below_cache_granularity']
b5e8b60a-19ff-443a-bf65-4160a3b0e210;SHA256Pad@@LIBMD_0.0;0x6260;0x5ee4;0x0;TransmitterType.LOAD;35;0;False;['0x6260', '0x6340', '0x5ec0'];<BV64 x0>;64;[];[];['<BV64 x0>'];[];['<BV64 x0>'];[];[];0;18446744073709551615;18446744073709551615;1;;;True;0;18446744073709551615;18446744073709551615;1;;;True;ControlType.CONTROLLED;0;;0;[];[];[];[];[];[];[];0.0;0.0;0.0;0.0;;;False;0.0;0.0;0.0;0.0;;;False;ControlType.UNKNOWN;0;;0;[];[];[];[];[];[];[];0;0;0;;;;False;0.0;0.0;0.0;0.0;;;False;ControlType.UNKNOWN;0;<BV64 x0>;64;[];[];['<BV64 x0>'];[];['<BV64 x0>'];[];[];0.0;1.8446744073709552e+19;18446744073709551615;1;;;True;0.0;1.8446744073709552e+19;18446744073709551615;1;;;True;ControlType.CONTROLLED;0;<BV64 x0>;64;[];[];['<BV64 x0>'];[];['<BV64 x0>'];[];[];0.0;1.8446744073709552e+19;1.8446744073709552e+19;1.0;;;True;0.0;1.8446744073709552e+19;1.8446744073709552e+19;1.0;;;True;ControlType.CONTROLLED;0;<BV64 x0>;64;[];[];[];[];[];[];[];0;0;0;;;;False;0;0;0;;;;False;ControlType.UNKNOWN;0;[('0x627c', <Bool ((LOAD_64[<BV64 x0 + 0x40>]_24[31:0] << 0x1d[7:0] | LShR(LOAD_64[<BV64 x0 + 0x40>]_24[31:0], 0x3)[7:0]) & 63) == 0>, 'Taken'), ('0x637c', <Bool True>, 'Taken')];"{'regs': ['<BV64 x0>'], 'indirect_regs': [""<BV64 x0>: ['0x40']""], 'direct_regs': [], 'mem': ['<BV64 x0 + 0x40>'], 'const_mem': []}";[];{'regs': [], 'indirect_regs': [], 'direct_regs': [], 'mem': [], 'const_mem': []};{'regs': ['<BV64 x0>'], 'indirect_regs': [], 'direct_regs': ['<BV64 x0>'], 'mem': [], 'const_mem': []};{'regs': ['<BV64 x0>'], 'indirect_regs': [], 'direct_regs': ['<BV64 x0>'], 'mem': ['<BV64 x0 + 0x40>'], 'const_mem': []};63.0;0.0;64.0;64.0;[];;;;BaseControlType.NO_BASE;BaseControlType.NO_BASE;BaseControlType.NO_BASE;2;BranchControlType.BRANCH_DEPENDS_ON_SECRET_VALUE;BranchControlType.BRANCH_INDEPENDENT_FROM_SECRET;24292;True;False;True;True;True;False;False;True;True;False;False;False;True;False;True;True;True;False;True;False;[];['has_valid_base'];True;False;True;True;True;False;False;True;True;False;False;False;True;False;True;True;True;False;True;False;[];['has_valid_base']
ac9ca0a0-8691-4391-ac94-dda7dc023817;SHA512Pad@@LIBMD_0.0;0x6920;0x6a88;0x0;TransmitterType.STORE;17;0;False;['0x6920', '0x6a68'];<BV64 0xb0 + x0>;64;[];[];['<BV64 x0>'];[];['<BV64 x0>'];[];[];0;18446744073709551615;18446744073709551615;1;;;True;0;18446744073709551615;18446744073709551615;1;;;True;ControlType.CONTROLLED;0;<BV64 0xb0>;64;[];[];[];[];[];[];[];176.0;176.0;0.0;1.0;;;True;176.0;176.0;0.0;1.0;;;True;ControlType.NO_CONTROL;0;<BV64 0xb0>;64;[];[];[];[];[];[];[];176;176;0;1.0;;;True;176.0;176.0;0.0;1.0;;;True;ControlType.NO_CONTROL;0;<BV64 x0>;64;[];[];['<BV64 x0>'];[];['<BV64 x0>'];[];[];0.0;1.8446744073709552e+19;18446744073709551615;1;;;True;0.0;1.8446744073709552e+19;18446744073709551615;1;;;True;ControlType.CONTROLLED;0;<BV64 x0>;64;[];[];['<BV64 x0>'];[];['<BV64 x0>'];[];[];0.0;1.8446744073709552e+19;1.8446744073709552e+19;1.0;;;True;0.0;1.8446744073709552e+19;1.8446744073709552e+19;1.0;;;True;ControlType.CONTROLLED;0;<BV64 x0>;64;[];[];[];[];[];[];[];0;0;0;;;;False;0;0;0;;;;False;ControlType.UNKNOWN;0;[('0x693c', <Bool ((LOAD_64[<BV64 x0 + 0x40>]_24[31:0] << 0x1d[7:0] | LShR(LOAD_64[<BV64 x0 + 0x40>]_24[31:0], 0x3)[7:0]) & 127) == 0>, 'Taken')];"{'regs': ['<BV64 x0>'], 'indirect_regs': [""<BV64 x0>: ['0x40']""], 'direct_regs': [], 'mem': ['<BV64 x0 + 0x40>'], 'const_mem': []}";[];{'regs': [], 'indirect_regs': [], 'direct_regs': [], 'mem': [], 'const_mem': []};{'regs': ['<BV64 x0>'], 'indirect_regs': [], 'direct_regs': ['<BV64 x0>'], 'mem': [], 'const_mem': []};{'regs': ['<BV64 x0>'], 'indirect_regs': [], 'direct_regs': ['<BV64 x0>'], 'mem': ['<BV64 x0 + 0x40>'], 'const_mem': []};63.0;0.0;64.0;64.0;[];;;;BaseControlType.CONSTANT_BASE;BaseControlType.CONSTANT_BASE;BaseControlType.CONSTANT_BASE;1;BranchControlType.BRANCH_DEPENDS_ON_SECRET_VALUE;BranchControlType.BRANCH_INDEPENDENT_FROM_SECRET;27272;True;False;True;True;True;False;False;True;True;False;False;False;True;False;True;True;True;False;True;False;[];['has_valid_base'];True;False;True;True;True;False;False;True;True;False;False;False;True;False;True;True;True;False;True;False;[];['has_valid_base']
a3c20527-cba7-4285-8cdc-894ef89af7d2;SHA224Pad@@LIBMD_0.1;0x6260;0x5ee4;0x0;TransmitterType.LOAD;35;0;False;['0x6260', '0x6340', '0x5ec0'];<BV64 x0>;64;[];[];['<BV64 x0>'];[];['<BV64 x0>'];[];[];0;18446744073709551615;18446744073709551615;1;;;True;0;18446744073709551615;18446744073709551615;1;;;True;ControlType.CONTROLLED;0;;0;[];[];[];[];[];[];[];0.0;0.0;0.0;0.0;;;False;0.0;0.0;0.0;0.0;;;False;ControlType.UNKNOWN;0;;0;[];[];[];[];[];[];[];0;0;0;;;;False;0.0;0.0;0.0;0.0;;;False;ControlType.UNKNOWN;0;<BV64 x0>;64;[];[];['<BV64 x0>'];[];['<BV64 x0>'];[];[];0.0;1.8446744073709552e+19;18446744073709551615;1;;;True;0.0;1.8446744073709552e+19;18446744073709551615;1;;;True;ControlType.CONTROLLED;0;<BV64 x0>;64;[];[];['<BV64 x0>'];[];['<BV64 x0>'];[];[];0.0;1.8446744073709552e+19;1.8446744073709552e+19;1.0;;;True;0.0;1.8446744073709552e+19;1.8446744073709552e+19;1.0;;;True;ControlType.CONTROLLED;0;<BV64 x0>;64;[];[];[];[];[];[];[];0;0;0;;;;False;0;0;0;;;;False;ControlType.UNKNOWN;0;[('0x627c', <Bool ((LOAD_64[<BV64 x0 + 0x40>]_24[31:0] << 0x1d[7:0] | LShR(LOAD_64[<BV64 x0 + 0x40>]_24[31:0], 0x3)[7:0]) & 63) == 0>, 'Taken'), ('0x637c', <Bool True>, 'Taken')];"{'regs': ['<BV64 x0>'], 'indirect_regs': [""<BV64 x0>: ['0x40']""], 'direct_regs': [], 'mem': ['<BV64 x0 + 0x40>'], 'const_mem': []}";[];{'regs': [], 'indirect_regs': [], 'direct_regs': [], 'mem': [], 'const_mem': []};{'regs': ['<BV64 x0>'], 'indirect_regs': [], 'direct_regs': ['<BV64 x0>'], 'mem': [], 'const_mem': []};{'regs': ['<BV64 x0>'], 'indirect_regs': [], 'direct_regs': ['<BV64 x0>'], 'mem': ['<BV64 x0 + 0x40>'], 'const_mem': []};63.0;0.0;64.0;64.0;[];;;;BaseControlType.NO_BASE;BaseControlType.NO_BASE;BaseControlType.NO_BASE;2;BranchControlType.BRANCH_DEPENDS_ON_SECRET_VALUE;BranchControlType.BRANCH_INDEPENDENT_FROM_SECRET;24292;True;False;True;True;True;False;False;True;True;False;False;False;True;False;True;True;True;False;True;False;[];['has_valid_base'];True;False;True;True;True;False;False;True;True;False;False;False;True;False;True;True;True;False;True;False;[];['has_valid_base']
4f708c25-809b-4f70-b7a5-1757a374cc5f;SHA512_256Pad@@LIBMD_0.1;0x6920;0x6a8c;0x0;TransmitterType.STORE;18;0;False;['0x6920', '0x6a68'];<BV64 0x50 + x0>;64;[];[];['<BV64 x0>'];[];['<BV64 x0>'];[];[];0;18446744073709551615;18446744073709551615;1;;;True;0;18446744073709551615;18446744073709551615;1;;;True;ControlType.CONTROLLED;0;<BV64 0x50>;64;[];[];[];[];[];[];[];80.0;80.0;0.0;1.0;;;True;80.0;80.0;0.0;1.0;;;True;ControlType.NO_CONTROL;0;<BV64 0x50>;64;[];[];[];[];[];[];[];80;80;0;1.0;;;True;80.0;80.0;0.0;1.0;;;True;ControlType.NO_CONTROL;0;<BV64 x0>;64;[];[];['<BV64 x0>'];[];['<BV64 x0>'];[];[];0.0;1.8446744073709552e+19;18446744073709551615;1;;;True;0.0;1.8446744073709552e+19;18446744073709551615;1;;;True;ControlType.CONTROLLED;0;<BV64 x0>;64;[];[];['<BV64 x0>'];[];['<BV64 x0>'];[];[];0.0;1.8446744073709552e+19;1.8446744073709552e+19;1.0;;;True;0.0;1.8446744073709552e+19;1.8446744073709552e+19;1.0;;;True;ControlType.CONTROLLED;0;<BV64 x0>;64;[];[];[];[];[];[];[];0;0;0;;;;False;0;0;0;;;;False;ControlType.UNKNOWN;0;[('0x693c', <Bool ((LOAD_64[<BV64 x0 + 0x40>]_24[31:0] << 0x1d[7:0] | LShR(LOAD_64[<BV64 x0 + 0x40>]_24[31:0], 0x3)[7:0]) & 127) == 0>, 'Taken')];"{'regs': ['<BV64 x0>'], 'indirect_regs': [""<BV64 x0>: ['0x40']""], 'direct_regs': [], 'mem': ['<BV64 x0 + 0x40>'], 'const_mem': []}";[];{'regs': [], 'indirect_regs': [], 'direct_regs': [], 'mem': [], 'const_mem': []};{'regs': ['<BV64 x0>'], 'indirect_regs': [], 'direct_regs': ['<BV64 x0>'], 'mem': [], 'const_mem': []};{'regs': ['<BV64 x0>'], 'indirect_regs': [], 'direct_regs': ['<BV64 x0>'], 'mem': ['<BV64 x0 + 0x40>'], 'const_mem': []};63.0;0.0;64.0;64.0;[];;;;BaseControlType.CONSTANT_BASE;BaseControlType.CONSTANT_BASE;BaseControlType.CONSTANT_BASE;1;BranchControlType.BRANCH_DEPENDS_ON_SECRET_VALUE;BranchControlType.BRANCH_INDEPENDENT_FROM_SECRET;27276;True;False;True;True;True;False;False;True;True;False;False;False;True;False;True;True;True;False;True;False;[];['has_valid_base'];True;False;True;True;True;False;False;True;True;False;False;False;True;False;True;True;True;False;True;False;[];['has_valid_base']
ecff935d-ce1a-45d0-87d6-346226591b02;MD2Transform@@LIBMD_0.0;0x1bc0;0x1bfc;0x1be4;TransmitterType.LOAD;40;3;False;['0x1bc0', '0x1be4', '0x1be4'];<BV64 0x8e50 + (0#56 .. LOAD_8[<BV64 x0 + 0x26>]_35 ^ LOAD_8[<BV64 0x8e50 + (0#32 .. (0x0 .. LOAD_8[<BV64 x0 + 0x25>]_29) ^ (0x0 .. LOAD_8[<BV64 0x8e50 + (0#32 .. (0x0 .. LOAD_8[<BV64 x0 + 0x24>]_23) ^ (0x0 .. LOAD_8[<BV64 x0 + 0x13>]_22))>]_27 ^ LOAD_8[<BV64 x0 + 0x4>]_24))>]_33 ^ LOAD_8[<BV64 0x5 + x0>]_30)>;64;[];[];['<BV64 x0>'];"[""<BV64 x0>: ['0x13', '0x24', '0x25', '0x26', '0x4', '0x5']""]";[];['<BV64 0x5 + x0>', '<BV64 0x8e50 + (0#32 .. (0x0 .. LOAD_8[<BV64 x0 + 0x24>]_23) ^ (0x0 .. LOAD_8[<BV64 x0 + 0x13>]_22))>', '<BV64 0x8e50 + (0#32 .. (0x0 .. LOAD_8[<BV64 x0 + 0x25>]_29) ^ (0x0 .. LOAD_8[<BV64 0x8e50 + (0#32 .. (0x0 .. LOAD_8[<BV64 x0 + 0x24>]_23) ^ (0x0 .. LOAD_8[<BV64 x0 + 0x13>]_22))>]_27 ^ LOAD_8[<BV64 x0 + 0x4>]_24))>', '<BV64 x0 + 0x13>', '<BV64 x0 + 0x24>', '<BV64 x0 + 0x25>', '<BV64 x0 + 0x26>', '<BV64 x0 + 0x4>'];[];36432;36687;255;1;36863.0;36352.0;False;36432;36687;255;1;36863.0;36352.0;False;ControlType.CONTROLLED;3;<BV64 0x8e50>;64;[];[];[];[];[];[];[];36432.0;36432.0;0.0;1.0;;;True;36432.0;36432.0;0.0;1.0;;;True;ControlType.NO_CONTROL;0;<BV64 0x8e50>;64;[];[];[];[];[];[];[];36432;36432;0;1.0;;;True;36432.0;36432.0;0.0;1.0;;;True;ControlType.NO_CONTROL;0;<BV64 0#56 .. LOAD_8[<BV64 x0 + 0x26>]_35 ^ LOAD_8[<BV64 0x8e50 + (0#32 .. (0x0 .. LOAD_8[<BV64 x0 + 0x25>]_29) ^ (0x0 .. LOAD_8[<BV64 0x8e50 + (0#32 .. (0x0 .. LOAD_8[<BV64 x0 + 0x24>]_23) ^ (0x0 .. LOAD_8[<BV64 x0 + 0x13>]_22))>]_27 ^ LOAD_8[<BV64 x0 + 0x4>]_24))>]_33 ^ LOAD_8[<BV64 0x5 + x0>]_30>;64;[];[];['<BV64 x0>'];"[""<BV64 x0>: ['0x13', '0x24', '0x25', '0x26', '0x4', '0x5']""]";[];['<BV64 0x5 + x0>', '<BV64 0x8e50 + (0#32 .. (0x0 .. LOAD_8[<BV64 x0 + 0x24>]_23) ^ (0x0 .. LOAD_8[<BV64 x0 + 0x13>]_22))>', '<BV64 0x8e50 + (0#32 .. (0x0 .. LOAD_8[<BV64 x0 + 0x25>]_29) ^ (0x0 .. LOAD_8[<BV64 0x8e50 + (0#32 .. (0x0 .. LOAD_8[<BV64 x0 + 0x24>]_23) ^ (0x0 .. LOAD_8[<BV64 x0 + 0x13>]_22))>]_27 ^ LOAD_8[<BV64 x0 + 0x4>]_24))>', '<BV64 x0 + 0x13>', '<BV64 x0 + 0x24>', '<BV64 x0 + 0x25>', '<BV64 x0 + 0x26>', '<BV64 x0 + 0x4>'];[];0.0;255.0;255;1;;;False;0.0;255.0;255;1;;;False;ControlType.CONTROLLED;3;<BV64 x0 + 0x26>;64;[('0x1c10', <Bool x0 + 0x14 != x0 + 0x5>, 'Taken'), ('0x1c10', <Bool 0x14 + x0 != x0 + 0x6>, 'Taken')];[];['<BV64 x0>'];[];['<BV64 x0>'];[];[];0.0;1.8446744073709552e+19;1.8446744073709552e+19;1.0;;;True;0.0;1.8446744073709552e+19;1.8446744073709552e+19;1.0;;;True;ControlType.CONTROLLED;0;<BV8 LOAD_8[<BV64 x0 + 0x26>]_35>;8;[];[];[];[];[];[];[];0;0;0;;;;False;0;0;0;;;;False;ControlType.UNKNOWN;1;[('0x1c10', <Bool x0 + 0x14 != x0 + 0x5>, 'Taken'), ('0x1c10', <Bool 0x14 + x0 != x0 + 0x6>, 'Taken')];{'regs': ['<BV64 x0>'], 'indirect_regs': [], 'direct_regs': ['<BV64 x0>'], 'mem': [], 'const_mem': []};[];{'regs': [], 'indirect_regs': [], 'direct_regs': [], 'mem': [], 'const_mem': []};{'regs': ['<BV64 x0>'], 'indirect_regs': [], 'direct_regs': ['<BV64 x0>'], 'mem': ['<BV64 0x5 + x0>', '<BV64 0x8e50 + (0#32 .. (0x0 .. LOAD_8[<BV64 x0 + 0x24>]_23) ^ (0x0 .. LOAD_8[<BV64 x0 + 0x13>]_22))>', '<BV64 0x8e50 + (0#32 .. (0x0 .. LOAD_8[<BV64 x0 + 0x25>]_29) ^ (0x0 .. LOAD_8[<BV64 0x8e50 + (0#32 .. (0x0 .. LOAD_8[<BV64 x0 + 0x24>]_23) ^ (0x0 .. LOAD_8[<BV64 x0 + 0x13>]_22))>]_27 ^ LOAD_8[<BV64 x0 + 0x4>]_24))>', '<BV64 x0 + 0x13>', '<BV64 x0 + 0x24>', '<BV64 x0 + 0x25>', '<BV64 x0 + 0x26>', '<BV64 x0 + 0x4>'], 'const_mem': []};{'regs': ['<BV64 x0>'], 'indirect_regs': [], 'direct_regs': ['<BV64 x0>'], 'mem': ['<BV64 0x5 + x0>', '<BV64 0x8e50 + (0#32 .. (0x0 .. LOAD_8[<BV64 x0 + 0x24>]_23) ^ (0x0 .. LOAD_8[<BV64 x0 + 0x13>]_22))>', '<BV64 0x8e50 + (0#32 .. (0x0 .. LOAD_8[<BV64 x0 + 0x25>]_29) ^ (0x0 .. LOAD_8[<BV64 0x8e50 + (0#32 .. (0x0 .. LOAD_8[<BV64 x0 + 0x24>]_23) ^ (0x0 .. LOAD_8[<BV64 x0 + 0x13>]_22))>]_27 ^ LOAD_8[<BV64 x0 + 0x4>]_24))>', '<BV64 x0 + 0x13>', '<BV64 x0 + 0x24>', '<BV64 x0 + 0x25>', '<BV64 x0 + 0x26>', '<BV64 x0 + 0x4>'], 'const_mem': []};0.0;0.0;0.0;0.0;[];;;;BaseControlType.CONSTANT_BASE;BaseControlType.CONSTANT_BASE;BaseControlType.CONSTANT_BASE;2;BranchControlType.BRANCH_DEPENDS_ON_SECRET_ADDRESS;BranchControlType.BRANCH_INDEPENDENT_FROM_SECRET;7164;False;False;True;True;True;True;False;False;True;False;False;False;True;False;False;True;True;False;True;False;[];['is_secret_inferable', 'has_valid_base', 'secret_below_cache_granularity'];False;False;True;True;True;True;False;False;True;False;False;False;True;False;False;True;True;False;True;False;[];['is_secret_inferable', 'has_valid_base', 'secret_below_cache_granularity']
5aed7ea3-091a-4bc3-95b4-0117016a383c;SHA512Pad@@LIBMD_0.0;0x6920;0x6a8c;0x0;TransmitterType.STORE;18;0;False;['0x6920', '0x6a68'];<BV64 0x50 + x0>;64;[];[];['<BV64 x0>'];[];['<BV64 x0>'];[];[];0;18446744073709551615;18446744073709551615;1;;;True;0;18446744073709551615;18446744073709551615;1;;;True;ControlType.CONTROLLED;0;<BV64 0x50>;64;[];[];[];[];[];[];[];80.0;80.0;0.0;1.0;;;True;80.0;80.0;0.0;1.0;;;True;ControlType.NO_CONTROL;0;<BV64 0x50>;64;[];[];[];[];[];[];[];80;80;0;1.0;;;True;80.0;80.0;0.0;1.0;;;True;ControlType.NO_CONTROL;0;<BV64 x0>;64;[];[];['<BV64 x0>'];[];['<BV64 x0>'];[];[];0.0;1.8446744073709552e+19;18446744073709551615;1;;;True;0.0;1.8446744073709552e+19;18446744073709551615;1;;;True;ControlType.CONTROLLED;0;<BV64 x0>;64;[];[];['<BV64 x0>'];[];['<BV64 x0>'];[];[];0.0;1.8446744073709552e+19;1.8446744073709552e+19;1.0;;;True;0.0;1.8446744073709552e+19;1.8446744073709552e+19;1.0;;;True;ControlType.CONTROLLED;0;<BV64 x0>;64;[];[];[];[];[];[];[];0;0;0;;;;False;0;0;0;;;;False;ControlType.UNKNOWN;0;[('0x693c', <Bool ((LOAD_64[<BV64 x0 + 0x40>]_24[31:0] << 0x1d[7:0] | LShR(LOAD_64[<BV64 x0 + 0x40>]_24[31:0], 0x3)[7:0]) & 127) == 0>, 'Taken')];"{'regs': ['<BV64 x0>'], 'indirect_regs': [""<BV64 x0>: ['0x40']""], 'direct_regs': [], 'mem': ['<BV64 x0 + 0x40>'], 'const_mem': []}";[];{'regs': [], 'indirect_regs': [], 'direct_regs': [], 'mem': [], 'const_mem': []};{'regs': ['<BV64 x0>'], 'indirect_regs': [], 'direct_regs': ['<BV64 x0>'], 'mem': [], 'const_mem': []};{'regs': ['<BV64 x0>'], 'indirect_regs': [], 'direct_regs': ['<BV64 x0>'], 'mem': ['<BV64 x0 + 0x40>'], 'const_mem': []};63.0;0.0;64.0;64.0;[];;;;BaseControlType.CONSTANT_BASE;BaseControlType.CONSTANT_BASE;BaseControlType.CONSTANT_BASE;1;BranchControlType.BRANCH_DEPENDS_ON_SECRET_VALUE;BranchControlType.BRANCH_INDEPENDENT_FROM_SECRET;27276;True;False;True;True;True;False;False;True;True;False;False;False;True;False;True;True;True;False;True;False;[];['has_valid_base'];True;False;True;True;True;False;False;True;True;False;False;False;True;False;True;True;True;False;True;False;[];['has_valid_base']
f7892da1-b010-4ab1-9d04-85430b4025c5;SHA256Pad@@LIBMD_0.0;0x6260;0x5ee4;0x0;TransmitterType.LOAD;35;0;False;['0x6260', '0x6340', '0x5ec0'];<BV64 0x10 + x0>;64;[];[];['<BV64 x0>'];[];['<BV64 x0>'];[];[];0;18446744073709551615;18446744073709551615;1;;;True;0;18446744073709551615;18446744073709551615;1;;;True;ControlType.CONTROLLED;0;<BV64 0x10>;64;[];[];[];[];[];[];[];16.0;16.0;0.0;1.0;;;True;16.0;16.0;0.0;1.0;;;True;ControlType.NO_CONTROL;0;<BV64 0x10>;64;[];[];[];[];[];[];[];16;16;0;1.0;;;True;16.0;16.0;0.0;1.0;;;True;ControlType.NO_CONTROL;0;<BV64 x0>;64;[];[];['<BV64 x0>'];[];['<BV64 x0>'];[];[];0.0;1.8446744073709552e+19;18446744073709551615;1;;;True;0.0;1.8446744073709552e+19;18446744073709551615;1;;;True;ControlType.CONTROLLED;0;<BV64 x0>;64;[];[];['<BV64 x0>'];[];['<BV64 x0>'];[];[];0.0;1.8446744073709552e+19;1.8446744073709552e+19;1.0;;;True;0.0;1.8446744073709552e+19;1.8446744073709552e+19;1.0;;;True;ControlType.CONTROLLED;0;<BV64 x0>;64;[];[];[];[];[];[];[];0;0;0;;;;False;0;0;0;;;;False;ControlType.UNKNOWN;0;[('0x627c', <Bool ((LOAD_64[<BV64 x0 + 0x40>]_24[31:0] << 0x1d[7:0] | LShR(LOAD_64[<BV64 x0 + 0x40>]_24[31:0], 0x3)[7:0]) & 63) == 0>, 'Taken'), ('0x637c', <Bool True>, 'Taken')];"{'regs': ['<BV64 x0>'], 'indirect_regs': [""<BV64 x0>: ['0x40']""], 'direct_regs': [], 'mem': ['<BV64 x0 + 0x40>'], 'const_mem': []}";[];{'regs': [], 'indirect_regs': [], 'direct_regs': [], 'mem': [], 'const_mem': []};{'regs': ['<BV64 x0>'], 'indirect_regs': [], 'direct_regs': ['<BV64 x0>'], 'mem': [], 'const_mem': []};{'regs': ['<BV64 x0>'], 'indirect_regs': [], 'direct_regs': ['<BV64 x0>'], 'mem': ['<BV64 x0 + 0x40>'], 'const_mem': []};63.0;0.0;64.0;64.0;[];;;;BaseControlType.CONSTANT_BASE;BaseControlType.CONSTANT_BASE;BaseControlType.CONSTANT_BASE;2;BranchControlType.BRANCH_DEPENDS_ON_SECRET_VALUE;BranchControlType.BRANCH_INDEPENDENT_FROM_SECRET;24292;True;False;True;True;True;False;False;True;True;False;False;False;True;False;True;True;True;False;True;False;[];['has_valid_base'];True;False;True;True;True;False;False;True;True;False;False;False;True;False;True;True;True;False;True;False;[];['has_valid_base']
27b3a895-a471-4de4-9aa4-81e50de5448e;SHA224Pad@@LIBMD_0.1;0x6260;0x5ee4;0x0;TransmitterType.LOAD;35;0;False;['0x6260', '0x6340', '0x5ec0'];<BV64 0x10 + x0>;64;[];[];['<BV64 x0>'];[];['<BV64 x0>'];[];[];0;18446744073709551615;18446744073709551615;1;;;True;0;18446744073709551615;18446744073709551615;1;;;True;ControlType.CONTROLLED;0;<BV64 0x10>;64;[];[];[];[];[];[];[];16.0;16.0;0.0;1.0;;;True;16.0;16.0;0.0;1.0;;;True;ControlType.NO_CONTROL;0;<BV64 0x10>;64;[];[];[];[];[];[];[];16;16;0;1.0;;;True;16.0;16.0;0.0;1.0;;;True;ControlType.NO_CONTROL;0;<BV64 x0>;64;[];[];['<BV64 x0>'];[];['<BV64 x0>'];[];[];0.0;1.8446744073709552e+19;18446744073709551615;1;;;True;0.0;1.8446744073709552e+19;18446744073709551615;1;;;True;ControlType.CONTROLLED;0;<BV64 x0>;64;[];[];['<BV64 x0>'];[];['<BV64 x0>'];[];[];0.0;1.8446744073709552e+19;1.8446744073709552e+19;1.0;;;True;0.0;1.8446744073709552e+19;1.8446744073709552e+19;1.0;;;True;ControlType.CONTROLLED;0;<BV64 x0>;64;[];[];[];[];[];[];[];0;0;0;;;;False;0;0;0;;;;False;ControlType.UNKNOWN;0;[('0x627c', <Bool ((LOAD_64[<BV64 x0 + 0x40>]_24[31:0] << 0x1d[7:0] | LShR(LOAD_64[<BV64 x0 + 0x40>]_24[31:0], 0x3)[7:0]) & 63) == 0>, 'Taken'), ('0x637c', <Bool True>, 'Taken')];"{'regs': ['<BV64 x0>'], 'indirect_regs': [""<BV64 x0>: ['0x40']""], 'direct_regs': [], 'mem': ['<BV64 x0 + 0x40>'], 'const_mem': []}";[];{'regs': [], 'indirect_regs': [], 'direct_regs': [], 'mem': [], 'const_mem': []};{'regs': ['<BV64 x0>'], 'indirect_regs': [], 'direct_regs': ['<BV64 x0>'], 'mem': [], 'const_mem': []};{'regs': ['<BV64 x0>'], 'indirect_regs': [], 'direct_regs': ['<BV64 x0>'], 'mem': ['<BV64 x0 + 0x40>'], 'const_mem': []};63.0;0.0;64.0;64.0;[];;;;BaseControlType.CONSTANT_BASE;BaseControlType.CONSTANT_BASE;BaseControlType.CONSTANT_BASE;2;BranchControlType.BRANCH_DEPENDS_ON_SECRET_VALUE;BranchControlType.BRANCH_INDEPENDENT_FROM_SECRET;24292;True;False;True;True;True;False;False;True;True;False;False;False;True;False;True;True;True;False;True;False;[];['has_valid_base'];True;False;True;True;True;False;False;True;True;False;False;False;True;False;True;True;True;False;True;False;[];['has_valid_base']
698728a0-b60a-4ef4-a024-a0a0e1d9af7a;SHA512_256Pad@@LIBMD_0.1;0x6920;0x69ac;0x0;TransmitterType.LOAD;21;0;False;['0x6920', '0x6a68', '0x69a8'];<BV64 0x48 + x0>;64;[];[];['<BV64 x0>'];[];['<BV64 x0>'];[];[];0;18446744073709551615;18446744073709551615;1;;;True;0;18446744073709551615;18446744073709551615;1;;;True;ControlType.CONTROLLED;0;<BV64 0x48>;64;[];[];[];[];[];[];[];72.0;72.0;0.0;1.0;;;True;72.0;72.0;0.0;1.0;;;True;ControlType.NO_CONTROL;0;<BV64 0x48>;64;[];[];[];[];[];[];[];72;72;0;1.0;;;True;72.0;72.0;0.0;1.0;;;True;ControlType.NO_CONTROL;0;<BV64 x0>;64;[];[];['<BV64 x0>'];[];['<BV64 x0>'];[];[];0.0;1.8446744073709552e+19;18446744073709551615;1;;;True;0.0;1.8446744073709552e+19;18446744073709551615;1;;;True;ControlType.CONTROLLED;0;<BV64 x0>;64;[];[];['<BV64 x0>'];[];['<BV64 x0>'];[];[];0.0;1.8446744073709552e+19;1.8446744073709552e+19;1.0;;;True;0.0;1.8446744073709552e+19;1.8446744073709552e+19;1.0;;;True;ControlType.CONTROLLED;0;<BV64 x0>;64;[];[];[];[];[];[];[];0;0;0;;;;False;0;0;0;;;;False;ControlType.UNKNOWN;0;[('0x693c', <Bool ((LOAD_64[<BV64 x0 + 0x40>]_24[31:0] << 0x1d[7:0] | LShR(LOAD_64[<BV64 x0 + 0x40>]_24[31:0], 0x3)[7:0]) & 127) == 0>, 'Taken'), ('0x6a90', <Bool True>, 'Taken')];"{'regs': ['<BV64 x0>'], 'indirect_regs': [""<BV64 x0>: ['0x40']""], 'direct_regs': [], 'mem': ['<BV64 x0 + 0x40>'], 'const_mem': []}";[];{'regs': [], 'indirect_regs': [], 'direct_regs': [], 'mem': [], 'const_mem': []};{'regs': ['<BV64 x0>'], 'indirect_regs': [], 'direct_regs': ['<BV64 x0>'], 'mem': [], 'const_mem': []};{'regs': ['<BV64 x0>'], 'indirect_regs': [], 'direct_regs': ['<BV64 x0>'], 'mem': ['<BV64 x0 + 0x40>'], 'const_mem': []};63.0;0.0;64.0;64.0;[];;;;BaseControlType.CONSTANT_BASE;BaseControlType.CONSTANT_BASE;BaseControlType.CONSTANT_BASE;2;BranchControlType.BRANCH_DEPENDS_ON_SECRET_VALUE;BranchControlType.BRANCH_INDEPENDENT_FROM_SECRET;27052;True;False;True;True;True;False;False;True;True;False;False;False;True;False;True;True;True;False;True;False;[];['has_valid_base'];True;False;True;True;True;False;False;True;True;False;False;False;True;False;True;True;True;False;True;False;[];['has_valid_base']
777a994f-b6e0-4ac7-b0ba-60b8832d6f54;MD2Transform@@LIBMD_0.0;0x1bc0;0x1bfc;0x1bfc;TransmitterType.LOAD;40;3;False;['0x1bc0', '0x1be4', '0x1be4'];<BV64 0x8e50 + (0#56 .. LOAD_8[<BV64 x0 + 0x26>]_35 ^ LOAD_8[<BV64 0x8e50 + (0#32 .. (0x0 .. LOAD_8[<BV64 x0 + 0x25>]_29) ^ (0x0 .. LOAD_8[<BV64 0x8e50 + (0#32 .. (0x0 .. LOAD_8[<BV64 x0 + 0x24>]_23) ^ (0x0 .. LOAD_8[<BV64 x0 + 0x13>]_22))>]_27 ^ LOAD_8[<BV64 x0 + 0x4>]_24))>]_33 ^ LOAD_8[<BV64 0x5 + x0>]_30)>;64;[];[];['<BV64 x0>'];"[""<BV64 x0>: ['0x13', '0x24', '0x25', '0x26', '0x4', '0x5']""]";[];['<BV64 0x5 + x0>', '<BV64 0x8e50 + (0#32 .. (0x0 .. LOAD_8[<BV64 x0 + 0x24>]_23) ^ (0x0 .. LOAD_8[<BV64 x0 + 0x13>]_22))>', '<BV64 0x8e50 + (0#32 .. (0x0 .. LOAD_8[<BV64 x0 + 0x25>]_29) ^ (0x0 .. LOAD_8[<BV64 0x8e50 + (0#32 .. (0x0 .. LOAD_8[<BV64 x0 + 0x24>]_23) ^ (0x0 .. LOAD_8[<BV64 x0 + 0x13>]_22))>]_27 ^ LOAD_8[<BV64 x0 + 0x4>]_24))>', '<BV64 x0 + 0x13>', '<BV64 x0 + 0x24>', '<BV64 x0 + 0x25>', '<BV64 x0 + 0x26>', '<BV64 x0 + 0x4>'];[];36432;36687;255;1;36863.0;36352.0;False;36432;36687;255;1;36863.0;36352.0;False;ControlType.CONTROLLED;3;<BV64 0x8e50>;64;[];[];[];[];[];[];[];36432.0;36432.0;0.0;1.0;;;True;36432.0;36432.0;0.0;1.0;;;True;ControlType.NO_CONTROL;0;<BV64 0x8e50>;64;[];[];[];[];[];[];[];36432;36432;0;1.0;;;True;36432.0;36432.0;0.0;1.0;;;True;ControlType.NO_CONTROL;0;<BV64 0#56 .. LOAD_8[<BV64 x0 + 0x26>]_35 ^ LOAD_8[<BV64 0x8e50 + (0#32 .. (0x0 .. LOAD_8[<BV64 x0 + 0x25>]_29) ^ (0x0 .. LOAD_8[<BV64 0x8e50 + (0#32 .. (0x0 .. LOAD_8[<BV64 x0 + 0x24>]_23) ^ (0x0 .. LOAD_8[<BV64 x0 + 0x13>]_22))>]_27 ^ LOAD_8[<BV64 x0 + 0x4>]_24))>]_33 ^ LOAD_8[<BV64 0x5 + x0>]_30>;64;[];[];['<BV64 x0>'];"[""<BV64 x0>: ['0x13', '0x24', '0x25', '0x26', '0x4', '0x5']""]";[];['<BV64 0x5 + x0>', '<BV64 0x8e50 + (0#32 .. (0x0 .. LOAD_8[<BV64 x0 + 0x24>]_23) ^ (0x0 .. LOAD_8[<BV64 x0 + 0x13>]_22))>', '<BV64 0x8e50 + (0#32 .. (0x0 .. LOAD_8[<BV64 x0 + 0x25>]_29) ^ (0x0 .. LOAD_8[<BV64 0x8e50 + (0#32 .. (0x0 .. LOAD_8[<BV64 x0 + 0x24>]_23) ^ (0x0 .. LOAD_8[<BV64 x0 + 0x13>]_22))>]_27 ^ LOAD_8[<BV64 x0 + 0x4>]_24))>', '<BV64 x0 + 0x13>', '<BV64 x0 + 0x24>', '<BV64 x0 + 0x25>', '<BV64 x0 + 0x26>', '<BV64 x0 + 0x4>'];[];0.0;255.0;255;1;;;False;0.0;255.0;255;1;;;False;ControlType.CONTROLLED;3;<BV64 0x8e50 + (0#32 .. (0x0 .. LOAD_8[<BV64 x0 + 0x25>]_29) ^ (0x0 .. LOAD_8[<BV64 0x8e50 + (0#32 .. (0x0 .. LOAD_8[<BV64 x0 + 0x24>]_23) ^ (0x0 .. LOAD_8[<BV64 x0 + 0x13>]_22))>]_27 ^ LOAD_8[<BV64 x0 + 0x4>]_24))>;64;[];[];['<BV64 x0>'];"[""<BV64 x0>: ['0x13', '0x24', '0x25', '0x4']""]";[];['<BV64 0x8e50 + (0#32 .. (0x0 .. LOAD_8[<BV64 x0 + 0x24>]_23) ^ (0x0 .. LOAD_8[<BV64 x0 + 0x13>]_22))>', '<BV64 x0 + 0x13>', '<BV64 x0 + 0x24>', '<BV64 x0 + 0x25>', '<BV64 x0 + 0x4>'];[];36432.0;36687.0;255.0;1.0;36863.0;36352.0;False;36432.0;36687.0;255.0;1.0;36863.0;36352.0;False;ControlType.CONTROLLED;2;<BV8 LOAD_8[<BV64 0x8e50 + (0#32 .. (0x0 .. LOAD_8[<BV64 x0 + 0x25>]_29) ^ (0x0 .. LOAD_8[<BV64 0x8e50 + (0#32 .. (0x0 .. LOAD_8[<BV64 x0 + 0x24>]_23) ^ (0x0 .. LOAD_8[<BV64 x0 + 0x13>]_22))>]_27 ^ LOAD_8[<BV64 x0 + 0x4>]_24))>]_33>;8;[];[];[];[];[];[];[];0;0;0;;;;False;0;0;0;;;;False;ControlType.UNKNOWN;3;[('0x1c10', <Bool x0 + 0x14 != x0 + 0x5>, 'Taken'), ('0x1c10', <Bool 0x14 + x0 != x0 + 0x6>, 'Taken')];{'regs': ['<BV64 x0>'], 'indirect_regs': [], 'direct_regs': ['<BV64 x0>'], 'mem': [], 'const_mem': []};[];{'regs': [], 'indirect_regs': [], 'direct_regs': [], 'mem': [], 'const_mem': []};"{'regs': ['<BV64 x0>'], 'indirect_regs': [""<BV64 x0>: ['0x13', '0x13', '0x24', '0x24', '0x25', '0x25', '0x26', '0x4', '0x4', '0x5']""], 'direct_regs': [], 'mem': ['<BV64 0x5 + x0>', '<BV64 0x8e50 + (0#32 .. (0x0 .. LOAD_8[<BV64 x0 + 0x24>]_23) ^ (0x0 .. LOAD_8[<BV64 x0 + 0x13>]_22))>', '<BV64 0x8e50 + (0#32 .. (0x0 .. LOAD_8[<BV64 x0 + 0x25>]_29) ^ (0x0 .. LOAD_8[<BV64 0x8e50 + (0#32 .. (0x0 .. LOAD_8[<BV64 x0 + 0x24>]_23) ^ (0x0 .. LOAD_8[<BV64 x0 + 0x13>]_22))>]_27 ^ LOAD_8[<BV64 x0 + 0x4>]_24))>', '<BV64 x0 + 0x13>', '<BV64 x0 + 0x24>', '<BV64 x0 + 0x25>', '<BV64 x0 + 0x26>', '<BV64 x0 + 0x4>'], 'const_mem': []}";{'regs': ['<BV64 x0>'], 'indirect_regs': [], 'direct_regs': ['<BV64 x0>'], 'mem': ['<BV64 0x5 + x0>', '<BV64 0x8e50 + (0#32 .. (0x0 .. LOAD_8[<BV64 x0 + 0x24>]_23) ^ (0x0 .. LOAD_8[<BV64 x0 + 0x13>]_22))>', '<BV64 0x8e50 + (0#32 .. (0x0 .. LOAD_8[<BV64 x0 + 0x25>]_29) ^ (0x0 .. LOAD_8[<BV64 0x8e50 + (0#32 .. (0x0 .. LOAD_8[<BV64 x0 + 0x24>]_23) ^ (0x0 .. LOAD_8[<BV64 x0 + 0x13>]_22))>]_27 ^ LOAD_8[<BV64 x0 + 0x4>]_24))>', '<BV64 x0 + 0x13>', '<BV64 x0 + 0x24>', '<BV64 x0 + 0x25>', '<BV64 x0 + 0x26>', '<BV64 x0 + 0x4>'], 'const_mem': []};0.0;0.0;0.0;0.0;[];;;;BaseControlType.CONSTANT_BASE;BaseControlType.CONSTANT_BASE;BaseControlType.CONSTANT_BASE;2;BranchControlType.BRANCH_INDEPENDENT_FROM_SECRET;BranchControlType.BRANCH_INDEPENDENT_FROM_SECRET;7164;False;False;False;True;True;True;False;False;True;False;False;False;True;False;False;False;True;False;True;False;[];['is_secret_inferable', 'has_valid_base', 'has_valid_secret_address', 'secret_below_cache_granularity'];False;False;False;True;True;True;False;False;True;False;False;False;True;False;False;False;True;False;True;False;[];['is_secret_inferable', 'has_valid_base', 'has_valid_secret_address', 'secret_below_cache_granularity']
66b3984f-b20e-4705-8431-2bee60b6442f;SHA512Pad@@LIBMD_0.0;0x6920;0x69ac;0x0;TransmitterType.LOAD;21;0;False;['0x6920', '0x6a68', '0x69a8'];<BV64 0x48 + x0>;64;[];[];['<BV64 x0>'];[];['<BV64 x0>'];[];[];0;18446744073709551615;18446744073709551615;1;;;True;0;18446744073709551615;18446744073709551615;1;;;True;ControlType.CONTROLLED;0;<BV64 0x48>;64;[];[];[];[];[];[];[];72.0;72.0;0.0;1.0;;;True;72.0;72.0;0.0;1.0;;;True;ControlType.NO_CONTROL;0;<BV64 0x48>;64;[];[];[];[];[];[];[];72;72;0;1.0;;;True;72.0;72.0;0.0;1.0;;;True;ControlType.NO_CONTROL;0;<BV64 x0>;64;[];[];['<BV64 x0>'];[];['<BV64 x0>'];[];[];0.0;1.8446744073709552e+19;18446744073709551615;1;;;True;0.0;1.8446744073709552e+19;18446744073709551615;1;;;True;ControlType.CONTROLLED;0;<BV64 x0>;64;[];[];['<BV64 x0>'];[];['<BV64 x0>'];[];[];0.0;1.8446744073709552e+19;1.8446744073709552e+19;1.0;;;True;0.0;1.8446744073709552e+19;1.8446744073709552e+19;1.0;;;True;ControlType.CONTROLLED;0;<BV64 x0>;64;[];[];[];[];[];[];[];0;0;0;;;;False;0;0;0;;;;False;ControlType.UNKNOWN;0;[('0x693c', <Bool ((LOAD_64[<BV64 x0 + 0x40>]_24[31:0] << 0x1d[7:0] | LShR(LOAD_64[<BV64 x0 + 0x40>]_24[31:0], 0x3)[7:0]) & 127) == 0>, 'Taken'), ('0x6a90', <Bool True>, 'Taken')];"{'regs': ['<BV64 x0>'], 'indirect_regs': [""<BV64 x0>: ['0x40']""], 'direct_regs': [], 'mem': ['<BV64 x0 + 0x40>'], 'const_mem': []}";[];{'regs': [], 'indirect_regs': [], 'direct_regs': [], 'mem': [], 'const_mem': []};{'regs': ['<BV64 x0>'], 'indirect_regs': [], 'direct_regs': ['<BV64 x0>'], 'mem': [], 'const_mem': []};{'regs': ['<BV64 x0>'], 'indirect_regs': [], 'direct_regs': ['<BV64 x0>'], 'mem': ['<BV64 x0 + 0x40>'], 'const_mem': []};63.0;0.0;64.0;64.0;[];;;;BaseControlType.CONSTANT_BASE;BaseControlType.CONSTANT_BASE;BaseControlType.CONSTANT_BASE;2;BranchControlType.BRANCH_DEPENDS_ON_SECRET_VALUE;BranchControlType.BRANCH_INDEPENDENT_FROM_SECRET;27052;True;False;True;True;True;False;False;True;True;False;False;False;True;False;True;True;True;False;True;False;[];['has_valid_base'];True;False;True;True;True;False;False;True;True;False;False;False;True;False;True;True;True;False;True;False;[];['has_valid_base']
8b4eb196-7910-4bc9-b2f6-c387e8064f30;SHA224Pad@@LIBMD_0.1;0x6260;0x5eec;0x0;TransmitterType.LOAD;37;0;False;['0x6260', '0x6340', '0x5ec0'];<BV64 x0>;64;[];[];['<BV64 x0>'];[];['<BV64 x0>'];[];[];0;18446744073709551615;18446744073709551615;1;;;True;0;18446744073709551615;18446744073709551615;1;;;True;ControlType.CONTROLLED;0;;0;[];[];[];[];[];[];[];0.0;0.0;0.0;0.0;;;False;0.0;0.0;0.0;0.0;;;False;ControlType.UNKNOWN;0;;0;[];[];[];[];[];[];[];0;0;0;;;;False;0.0;0.0;0.0;0.0;;;False;ControlType.UNKNOWN;0;<BV64 x0>;64;[];[];['<BV64 x0>'];[];['<BV64 x0>'];[];[];0.0;1.8446744073709552e+19;18446744073709551615;1;;;True;0.0;1.8446744073709552e+19;18446744073709551615;1;;;True;ControlType.CONTROLLED;0;<BV64 x0>;64;[];[];['<BV64 x0>'];[];['<BV64 x0>'];[];[];0.0;1.8446744073709552e+19;1.8446744073709552e+19;1.0;;;True;0.0;1.8446744073709552e+19;1.8446744073709552e+19;1.0;;;True;ControlType.CONTROLLED;0;<BV64 x0>;64;[];[];[];[];[];[];[];0;0;0;;;;False;0;0;0;;;;False;ControlType.UNKNOWN;0;[('0x627c', <Bool ((LOAD_64[<BV64 x0 + 0x40>]_24[31:0] << 0x1d[7:0] | LShR(LOAD_64[<BV64 x0 + 0x40>]_24[31:0], 0x3)[7:0]) & 63) == 0>, 'Taken'), ('0x637c', <Bool True>, 'Taken')];"{'regs': ['<BV64 x0>'], 'indirect_regs': [""<BV64 x0>: ['0x40']""], 'direct_regs': [], 'mem': ['<BV64 x0 + 0x40>'], 'const_mem': []}";[];{'regs': [], 'indirect_regs': [], 'direct_regs': [], 'mem': [], 'const_mem': []};{'regs': ['<BV64 x0>'], 'indirect_regs': [], 'direct_regs': ['<BV64 x0>'], 'mem': [], 'const_mem': []};{'regs': ['<BV64 x0>'], 'indirect_regs': [], 'direct_regs': ['<BV64 x0>'], 'mem': ['<BV64 x0 + 0x40>'], 'const_mem': []};63.0;0.0;64.0;64.0;['<Bool LOAD_128[<BV64 x0>]_54[31:0] == LOAD_32[<BV64 x0>]_56>'];;;;BaseControlType.NO_BASE;BaseControlType.NO_BASE;BaseControlType.NO_BASE;2;BranchControlType.BRANCH_DEPENDS_ON_SECRET_VALUE;BranchControlType.BRANCH_INDEPENDENT_FROM_SECRET;24300;True;False;True;True;True;False;False;True;True;False;False;False;True;False;True;True;True;False;True;False;[];['has_valid_base'];True;False;True;True;True;False;False;True;True;False;False;False;True;False;True;True;True;False;True;False;[];['has_valid_base']
6e97e9b3-35ae-4a30-ae2e-bbc16774cc63;SHA256Pad@@LIBMD_0.0;0x6260;0x5eec;0x0;TransmitterType.LOAD;37;0;False;['0x6260', '0x6340', '0x5ec0'];<BV64 x0>;64;[];[];['<BV64 x0>'];[];['<BV64 x0>'];[];[];0;18446744073709551615;18446744073709551615;1;;;True;0;18446744073709551615;18446744073709551615;1;;;True;ControlType.CONTROLLED;0;;0;[];[];[];[];[];[];[];0.0;0.0;0.0;0.0;;;False;0.0;0.0;0.0;0.0;;;False;ControlType.UNKNOWN;0;;0;[];[];[];[];[];[];[];0;0;0;;;;False;0.0;0.0;0.0;0.0;;;False;ControlType.UNKNOWN;0;<BV64 x0>;64;[];[];['<BV64 x0>'];[];['<BV64 x0>'];[];[];0.0;1.8446744073709552e+19;18446744073709551615;1;;;True;0.0;1.8446744073709552e+19;18446744073709551615;1;;;True;ControlType.CONTROLLED;0;<BV64 x0>;64;[];[];['<BV64 x0>'];[];['<BV64 x0>'];[];[];0.0;1.8446744073709552e+19;1.8446744073709552e+19;1.0;;;True;0.0;1.8446744073709552e+19;1.8446744073709552e+19;1.0;;;True;ControlType.CONTROLLED;0;<BV64 x0>;64;[];[];[];[];[];[];[];0;0;0;;;;False;0;0;0;;;;False;ControlType.UNKNOWN;0;[('0x627c', <Bool ((LOAD_64[<BV64 x0 + 0x40>]_24[31:0] << 0x1d[7:0] | LShR(LOAD_64[<BV64 x0 + 0x40>]_24[31:0], 0x3)[7:0]) & 63) == 0>, 'Taken'), ('0x637c', <Bool True>, 'Taken')];"{'regs': ['<BV64 x0>'], 'indirect_regs': [""<BV64 x0>: ['0x40']""], 'direct_regs': [], 'mem': ['<BV64 x0 + 0x40>'], 'const_mem': []}";[];{'regs': [], 'indirect_regs': [], 'direct_regs': [], 'mem': [], 'const_mem': []};{'regs': ['<BV64 x0>'], 'indirect_regs': [], 'direct_regs': ['<BV64 x0>'], 'mem': [], 'const_mem': []};{'regs': ['<BV64 x0>'], 'indirect_regs': [], 'direct_regs': ['<BV64 x0>'], 'mem': ['<BV64 x0 + 0x40>'], 'const_mem': []};63.0;0.0;64.0;64.0;['<Bool LOAD_128[<BV64 x0>]_54[31:0] == LOAD_32[<BV64 x0>]_56>'];;;;BaseControlType.NO_BASE;BaseControlType.NO_BASE;BaseControlType.NO_BASE;2;BranchControlType.BRANCH_DEPENDS_ON_SECRET_VALUE;BranchControlType.BRANCH_INDEPENDENT_FROM_SECRET;24300;True;False;True;True;True;False;False;True;True;False;False;False;True;False;True;True;True;False;True;False;[];['has_valid_base'];True;False;True;True;True;False;False;True;True;False;False;False;True;False;True;True;True;False;True;False;[];['has_valid_base']
5be2e94a-7608-4d89-8e74-d8390681c3ba;MD2Transform@@LIBMD_0.0;0x1bc0;0x1c08;0x0;TransmitterType.STORE;43;0;False;['0x1bc0', '0x1be4', '0x1be4'];<BV64 0x6 + x0>;64;[('0x1c10', <Bool x0 + 0x14 != x0 + 0x5>, 'Taken'), ('0x1c10', <Bool 0x14 + x0 != x0 + 0x6>, 'Taken')];[];['<BV64 x0>'];[];['<BV64 x0>'];[];[];0;18446744073709551615;18446744073709551615;1;;;True;0;18446744073709551615;18446744073709551615;1;;;True;ControlType.CONTROLLED;0;<BV64 0x6>;64;[];[];[];[];[];[];[];6.0;6.0;0.0;1.0;;;True;6.0;6.0;0.0;1.0;;;True;ControlType.NO_CONTROL;0;<BV64 0x6>;64;[];[];[];[];[];[];[];6;6;0;1.0;;;True;6.0;6.0;0.0;1.0;;;True;ControlType.NO_CONTROL;0;<BV64 x0>;64;[('0x1c10', <Bool x0 + 0x14 != x0 + 0x5>, 'Taken'), ('0x1c10', <Bool 0x14 + x0 != x0 + 0x6>, 'Taken')];[];['<BV64 x0>'];[];['<BV64 x0>'];[];[];0.0;1.8446744073709552e+19;18446744073709551615;1;;;True;0.0;1.8446744073709552e+19;18446744073709551615;1;;;True;ControlType.CONTROLLED;0;<BV64 x0>;64;[('0x1c10', <Bool x0 + 0x14 != x0 + 0x5>, 'Taken'), ('0x1c10', <Bool 0x14 + x0 != x0 + 0x6>, 'Taken')];[];['<BV64 x0>'];[];['<BV64 x0>'];[];[];0.0;1.8446744073709552e+19;1.8446744073709552e+19;1.0;;;True;0.0;1.8446744073709552e+19;1.8446744073709552e+19;1.0;;;True;ControlType.CONTROLLED;0;<BV64 x0>;64;[];[];[];[];[];[];[];0;0;0;;;;False;0;0;0;;;;False;ControlType.UNKNOWN;0;[('0x1c10', <Bool x0 + 0x14 != x0 + 0x5>, 'Taken'), ('0x1c10', <Bool 0x14 + x0 != x0 + 0x6>, 'Taken')];{'regs': ['<BV64 x0>'], 'indirect_regs': [], 'direct_regs': ['<BV64 x0>'], 'mem': [], 'const_mem': []};[];{'regs': [], 'indirect_regs': [], 'direct_regs': [], 'mem': [], 'const_mem': []};{'regs': ['<BV64 x0>'], 'indirect_regs': [], 'direct_regs': ['<BV64 x0>'], 'mem': [], 'const_mem': []};{'regs': ['<BV64 x0>'], 'indirect_regs': [], 'direct_regs': ['<BV64 x0>'], 'mem': [], 'const_mem': []};63.0;0.0;64.0;64.0;[];;;;BaseControlType.CONSTANT_BASE;BaseControlType.CONSTANT_BASE;BaseControlType.CONSTANT_BASE;2;BranchControlType.BRANCH_DEPENDS_ON_SECRET_VALUE;BranchControlType.BRANCH_INDEPENDENT_FROM_SECRET;7176;True;False;True;True;True;False;False;True;True;False;False;False;True;False;True;True;True;False;True;False;[];['has_valid_base'];True;False;True;True;True;False;False;True;True;False;False;False;True;False;True;True;True;False;True;False;[];['has_valid_base']
d2f0bd77-dc9b-4f62-a381-8a91ddf85b06;SHA224Pad@@LIBMD_0.1;0x6260;0x5eec;0x0;TransmitterType.LOAD;37;0;False;['0x6260', '0x6340', '0x5ec0'];<BV64 0x4 + x0>;64;[];[];['<BV64 x0>'];[];['<BV64 x0>'];[];[];0;18446744073709551615;18446744073709551615;1;;;True;0;18446744073709551615;18446744073709551615;1;;;True;ControlType.CONTROLLED;0;<BV64 0x4>;64;[];[];[];[];[];[];[];4.0;4.0;0.0;1.0;;;True;4.0;4.0;0.0;1.0;;;True;ControlType.NO_CONTROL;0;<BV64 0x4>;64;[];[];[];[];[];[];[];4;4;0;1.0;;;True;4.0;4.0;0.0;1.0;;;True;ControlType.NO_CONTROL;0;<BV64 x0>;64;[];[];['<BV64 x0>'];[];['<BV64 x0>'];[];[];0.0;1.8446744073709552e+19;18446744073709551615;1;;;True;0.0;1.8446744073709552e+19;18446744073709551615;1;;;True;ControlType.CONTROLLED;0;<BV64 x0>;64;[];[];['<BV64 x0>'];[];['<BV64 x0>'];[];[];0.0;1.8446744073709552e+19;1.8446744073709552e+19;1.0;;;True;0.0;1.8446744073709552e+19;1.8446744073709552e+19;1.0;;;True;ControlType.CONTROLLED;0;<BV64 x0>;64;[];[];[];[];[];[];[];0;0;0;;;;False;0;0;0;;;;False;ControlType.UNKNOWN;0;[('0x627c', <Bool ((LOAD_64[<BV64 x0 + 0x40>]_24[31:0] << 0x1d[7:0] | LShR(LOAD_64[<BV64 x0 + 0x40>]_24[31:0], 0x3)[7:0]) & 63) == 0>, 'Taken'), ('0x637c', <Bool True>, 'Taken')];"{'regs': ['<BV64 x0>'], 'indirect_regs': [""<BV64 x0>: ['0x40']""], 'direct_regs': [], 'mem': ['<BV64 x0 + 0x40>'], 'const_mem': []}";[];{'regs': [], 'indirect_regs': [], 'direct_regs': [], 'mem': [], 'const_mem': []};{'regs': ['<BV64 x0>'], 'indirect_regs': [], 'direct_regs': ['<BV64 x0>'], 'mem': [], 'const_mem': []};{'regs': ['<BV64 x0>'], 'indirect_regs': [], 'direct_regs': ['<BV64 x0>'], 'mem': ['<BV64 x0 + 0x40>'], 'const_mem': []};63.0;0.0;64.0;64.0;['<Bool LOAD_128[<BV64 x0>]_54[31:0] == LOAD_32[<BV64 x0>]_56>', '<Bool LOAD_128[<BV64 x0>]_54[63:32] == LOAD_32[<BV64 x0 + 0x4>]_57>'];;;;BaseControlType.CONSTANT_BASE;BaseControlType.CONSTANT_BASE;BaseControlType.CONSTANT_BASE;2;BranchControlType.BRANCH_DEPENDS_ON_SECRET_VALUE;BranchControlType.BRANCH_INDEPENDENT_FROM_SECRET;24300;True;False;True;True;True;False;False;True;True;False;False;False;True;False;True;True;True;False;True;False;[];['has_valid_base'];True;False;True;True;True;False;False;True;True;False;False;False;True;False;True;True;True;False;True;False;[];['has_valid_base']
49785bdc-ef3d-471e-bf2e-9f68897a0bce;SHA256Pad@@LIBMD_0.0;0x6260;0x5eec;0x0;TransmitterType.LOAD;37;0;False;['0x6260', '0x6340', '0x5ec0'];<BV64 0x4 + x0>;64;[];[];['<BV64 x0>'];[];['<BV64 x0>'];[];[];0;18446744073709551615;18446744073709551615;1;;;True;0;18446744073709551615;18446744073709551615;1;;;True;ControlType.CONTROLLED;0;<BV64 0x4>;64;[];[];[];[];[];[];[];4.0;4.0;0.0;1.0;;;True;4.0;4.0;0.0;1.0;;;True;ControlType.NO_CONTROL;0;<BV64 0x4>;64;[];[];[];[];[];[];[];4;4;0;1.0;;;True;4.0;4.0;0.0;1.0;;;True;ControlType.NO_CONTROL;0;<BV64 x0>;64;[];[];['<BV64 x0>'];[];['<BV64 x0>'];[];[];0.0;1.8446744073709552e+19;18446744073709551615;1;;;True;0.0;1.8446744073709552e+19;18446744073709551615;1;;;True;ControlType.CONTROLLED;0;<BV64 x0>;64;[];[];['<BV64 x0>'];[];['<BV64 x0>'];[];[];0.0;1.8446744073709552e+19;1.8446744073709552e+19;1.0;;;True;0.0;1.8446744073709552e+19;1.8446744073709552e+19;1.0;;;True;ControlType.CONTROLLED;0;<BV64 x0>;64;[];[];[];[];[];[];[];0;0;0;;;;False;0;0;0;;;;False;ControlType.UNKNOWN;0;[('0x627c', <Bool ((LOAD_64[<BV64 x0 + 0x40>]_24[31:0] << 0x1d[7:0] | LShR(LOAD_64[<BV64 x0 + 0x40>]_24[31:0], 0x3)[7:0]) & 63) == 0>, 'Taken'), ('0x637c', <Bool True>, 'Taken')];"{'regs': ['<BV64 x0>'], 'indirect_regs': [""<BV64 x0>: ['0x40']""], 'direct_regs': [], 'mem': ['<BV64 x0 + 0x40>'], 'const_mem': []}";[];{'regs': [], 'indirect_regs': [], 'direct_regs': [], 'mem': [], 'const_mem': []};{'regs': ['<BV64 x0>'], 'indirect_regs': [], 'direct_regs': ['<BV64 x0>'], 'mem': [], 'const_mem': []};{'regs': ['<BV64 x0>'], 'indirect_regs': [], 'direct_regs': ['<BV64 x0>'], 'mem': ['<BV64 x0 + 0x40>'], 'const_mem': []};63.0;0.0;64.0;64.0;['<Bool LOAD_128[<BV64 x0>]_54[31:0] == LOAD_32[<BV64 x0>]_56>', '<Bool LOAD_128[<BV64 x0>]_54[63:32] == LOAD_32[<BV64 x0 + 0x4>]_57>'];;;;BaseControlType.CONSTANT_BASE;BaseControlType.CONSTANT_BASE;BaseControlType.CONSTANT_BASE;2;BranchControlType.BRANCH_DEPENDS_ON_SECRET_VALUE;BranchControlType.BRANCH_INDEPENDENT_FROM_SECRET;24300;True;False;True;True;True;False;False;True;True;False;False;False;True;False;True;True;True;False;True;False;[];['has_valid_base'];True;False;True;True;True;False;False;True;True;False;False;False;True;False;True;True;True;False;True;False;[];['has_valid_base']
2e322336-3e5b-42ad-b6e7-46d6ba9653b3;MD2Transform@@LIBMD_0.0;0x1bc0;0x1be4;0x0;TransmitterType.LOAD;46;0;False;['0x1bc0', '0x1be4', '0x1be4', '0x1be4'];<BV64 0x27 + x0>;64;[('0x1c10', <Bool x0 + 0x14 != x0 + 0x5>, 'Taken'), ('0x1c10', <Bool 0x14 + x0 != x0 + 0x6>, 'Taken'), ('0x1c10', <Bool 0x14 + x0 != x0 + 0x7>, 'Taken')];[];['<BV64 x0>'];[];['<BV64 x0>'];[];[];0;18446744073709551615;18446744073709551615;1;;;True;0;18446744073709551615;18446744073709551615;1;;;True;ControlType.CONTROLLED;0;<BV64 0x27>;64;[];[];[];[];[];[];[];39.0;39.0;0.0;1.0;;;True;39.0;39.0;0.0;1.0;;;True;ControlType.NO_CONTROL;0;<BV64 0x27>;64;[];[];[];[];[];[];[];39;39;0;1.0;;;True;39.0;39.0;0.0;1.0;;;True;ControlType.NO_CONTROL;0;<BV64 x0>;64;[('0x1c10', <Bool x0 + 0x14 != x0 + 0x5>, 'Taken'), ('0x1c10', <Bool 0x14 + x0 != x0 + 0x6>, 'Taken'), ('0x1c10', <Bool 0x14 + x0 != x0 + 0x7>, 'Taken')];[];['<BV64 x0>'];[];['<BV64 x0>'];[];[];0.0;1.8446744073709552e+19;18446744073709551615;1;;;True;0.0;1.8446744073709552e+19;18446744073709551615;1;;;True;ControlType.CONTROLLED;0;<BV64 x0>;64;[('0x1c10', <Bool x0 + 0x14 != x0 + 0x5>, 'Taken'), ('0x1c10', <Bool 0x14 + x0 != x0 + 0x6>, 'Taken'), ('0x1c10', <Bool 0x14 + x0 != x0 + 0x7>, 'Taken')];[];['<BV64 x0>'];[];['<BV64 x0>'];[];[];0.0;1.8446744073709552e+19;1.8446744073709552e+19;1.0;;;True;0.0;1.8446744073709552e+19;1.8446744073709552e+19;1.0;;;True;ControlType.CONTROLLED;0;<BV64 x0>;64;[];[];[];[];[];[];[];0;0;0;;;;False;0;0;0;;;;False;ControlType.UNKNOWN;0;[('0x1c10', <Bool x0 + 0x14 != x0 + 0x5>, 'Taken'), ('0x1c10', <Bool 0x14 + x0 != x0 + 0x6>, 'Taken'), ('0x1c10', <Bool 0x14 + x0 != x0 + 0x7>, 'Taken')];{'regs': ['<BV64 x0>'], 'indirect_regs': [], 'direct_regs': ['<BV64 x0>'], 'mem': [], 'const_mem': []};[];{'regs': [], 'indirect_regs': [], 'direct_regs': [], 'mem': [], 'const_mem': []};{'regs': ['<BV64 x0>'], 'indirect_regs': [], 'direct_regs': ['<BV64 x0>'], 'mem': [], 'const_mem': []};{'regs': ['<BV64 x0>'], 'indirect_regs': [], 'direct_regs': ['<BV64 x0>'], 'mem': [], 'const_mem': []};63.0;0.0;64.0;64.0;[];;;;BaseControlType.CONSTANT_BASE;BaseControlType.CONSTANT_BASE;BaseControlType.CONSTANT_BASE;3;BranchControlType.BRANCH_DEPENDS_ON_SECRET_VALUE;BranchControlType.BRANCH_INDEPENDENT_FROM_SECRET;7140;True;False;True;True;True;False;False;True;True;False;False;False;True;False;True;True;True;False;True;False;[];['has_valid_base'];True;False;True;True;True;False;False;True;True;False;False;False;True;False;True;True;True;False;True;False;[];['has_valid_base']
8b0357b4-e44a-4a66-be91-c20972fe5649;SHA224Pad@@LIBMD_0.1;0x6260;0x5f00;0x0;TransmitterType.LOAD;42;0;False;['0x6260', '0x6340', '0x5ec0'];<BV64 0x8 + x0>;64;[];[];['<BV64 x0>'];[];['<BV64 x0>'];[];[];0;18446744073709551615;18446744073709551615;1;;;True;0;18446744073709551615;18446744073709551615;1;;;True;ControlType.CONTROLLED;0;<BV64 0x8>;64;[];[];[];[];[];[];[];8.0;8.0;0.0;1.0;;;True;8.0;8.0;0.0;1.0;;;True;ControlType.NO_CONTROL;0;<BV64 0x8>;64;[];[];[];[];[];[];[];8;8;0;1.0;;;True;8.0;8.0;0.0;1.0;;;True;ControlType.NO_CONTROL;0;<BV64 x0>;64;[];[];['<BV64 x0>'];[];['<BV64 x0>'];[];[];0.0;1.8446744073709552e+19;18446744073709551615;1;;;True;0.0;1.8446744073709552e+19;18446744073709551615;1;;;True;ControlType.CONTROLLED;0;<BV64 x0>;64;[];[];['<BV64 x0>'];[];['<BV64 x0>'];[];[];0.0;1.8446744073709552e+19;1.8446744073709552e+19;1.0;;;True;0.0;1.8446744073709552e+19;1.8446744073709552e+19;1.0;;;True;ControlType.CONTROLLED;0;<BV64 x0>;64;[];[];[];[];[];[];[];0;0;0;;;;False;0;0;0;;;;False;ControlType.UNKNOWN;0;[('0x627c', <Bool ((LOAD_64[<BV64 x0 + 0x40>]_24[31:0] << 0x1d[7:0] | LShR(LOAD_64[<BV64 x0 + 0x40>]_24[31:0], 0x3)[7:0]) & 63) == 0>, 'Taken'), ('0x637c', <Bool True>, 'Taken')];"{'regs': ['<BV64 x0>'], 'indirect_regs': [""<BV64 x0>: ['0x40']""], 'direct_regs': [], 'mem': ['<BV64 x0 + 0x40>'], 'const_mem': []}";[];{'regs': [], 'indirect_regs': [], 'direct_regs': [], 'mem': [], 'const_mem': []};{'regs': ['<BV64 x0>'], 'indirect_regs': [], 'direct_regs': ['<BV64 x0>'], 'mem': [], 'const_mem': []};{'regs': ['<BV64 x0>'], 'indirect_regs': [], 'direct_regs': ['<BV64 x0>'], 'mem': ['<BV64 x0 + 0x40>'], 'const_mem': []};63.0;0.0;64.0;64.0;['<Bool LOAD_128[<BV64 x0>]_54[31:0] == LOAD_32[<BV64 x0>]_56>', '<Bool LOAD_128[<BV64 x0>]_54[63:32] == LOAD_32[<BV64 x0 + 0x4>]_57>'];;;;BaseControlType.CONSTANT_BASE;BaseControlType.CONSTANT_BASE;BaseControlType.CONSTANT_BASE;2;BranchControlType.BRANCH_DEPENDS_ON_SECRET_VALUE;BranchControlType.BRANCH_INDEPENDENT_FROM_SECRET;24320;True;False;True;True;True;False;False;True;True;False;False;False;True;False;True;True;True;False;True;False;[];['has_valid_base'];True;False;True;True;True;False;False;True;True;False;False;False;True;False;True;True;True;False;True;False;[];['has_valid_base']
5c6e8905-51fd-4b58-b436-2e60277907bf;SHA256Pad@@LIBMD_0.0;0x6260;0x5f00;0x0;TransmitterType.LOAD;42;0;False;['0x6260', '0x6340', '0x5ec0'];<BV64 0x8 + x0>;64;[];[];['<BV64 x0>'];[];['<BV64 x0>'];[];[];0;18446744073709551615;18446744073709551615;1;;;True;0;18446744073709551615;18446744073709551615;1;;;True;ControlType.CONTROLLED;0;<BV64 0x8>;64;[];[];[];[];[];[];[];8.0;8.0;0.0;1.0;;;True;8.0;8.0;0.0;1.0;;;True;ControlType.NO_CONTROL;0;<BV64 0x8>;64;[];[];[];[];[];[];[];8;8;0;1.0;;;True;8.0;8.0;0.0;1.0;;;True;ControlType.NO_CONTROL;0;<BV64 x0>;64;[];[];['<BV64 x0>'];[];['<BV64 x0>'];[];[];0.0;1.8446744073709552e+19;18446744073709551615;1;;;True;0.0;1.8446744073709552e+19;18446744073709551615;1;;;True;ControlType.CONTROLLED;0;<BV64 x0>;64;[];[];['<BV64 x0>'];[];['<BV64 x0>'];[];[];0.0;1.8446744073709552e+19;1.8446744073709552e+19;1.0;;;True;0.0;1.8446744073709552e+19;1.8446744073709552e+19;1.0;;;True;ControlType.CONTROLLED;0;<BV64 x0>;64;[];[];[];[];[];[];[];0;0;0;;;;False;0;0;0;;;;False;ControlType.UNKNOWN;0;[('0x627c', <Bool ((LOAD_64[<BV64 x0 + 0x40>]_24[31:0] << 0x1d[7:0] | LShR(LOAD_64[<BV64 x0 + 0x40>]_24[31:0], 0x3)[7:0]) & 63) == 0>, 'Taken'), ('0x637c', <Bool True>, 'Taken')];"{'regs': ['<BV64 x0>'], 'indirect_regs': [""<BV64 x0>: ['0x40']""], 'direct_regs': [], 'mem': ['<BV64 x0 + 0x40>'], 'const_mem': []}";[];{'regs': [], 'indirect_regs': [], 'direct_regs': [], 'mem': [], 'const_mem': []};{'regs': ['<BV64 x0>'], 'indirect_regs': [], 'direct_regs': ['<BV64 x0>'], 'mem': [], 'const_mem': []};{'regs': ['<BV64 x0>'], 'indirect_regs': [], 'direct_regs': ['<BV64 x0>'], 'mem': ['<BV64 x0 + 0x40>'], 'const_mem': []};63.0;0.0;64.0;64.0;['<Bool LOAD_128[<BV64 x0>]_54[31:0] == LOAD_32[<BV64 x0>]_56>', '<Bool LOAD_128[<BV64 x0>]_54[63:32] == LOAD_32[<BV64 x0 + 0x4>]_57>'];;;;BaseControlType.CONSTANT_BASE;BaseControlType.CONSTANT_BASE;BaseControlType.CONSTANT_BASE;2;BranchControlType.BRANCH_DEPENDS_ON_SECRET_VALUE;BranchControlType.BRANCH_INDEPENDENT_FROM_SECRET;24320;True;False;True;True;True;False;False;True;True;False;False;False;True;False;True;True;True;False;True;False;[];['has_valid_base'];True;False;True;True;True;False;False;True;True;False;False;False;True;False;True;True;True;False;True;False;[];['has_valid_base']
f62902c6-9544-41da-ad52-3fb9ff57d519;MD2Transform@@LIBMD_0.0;0x1bc0;0x1be8;0x0;TransmitterType.LOAD;47;0;False;['0x1bc0', '0x1be4', '0x1be4', '0x1be4'];<BV64 0x7 + x0>;64;[('0x1c10', <Bool x0 + 0x14 != x0 + 0x5>, 'Taken'), ('0x1c10', <Bool 0x14 + x0 != x0 + 0x6>, 'Taken'), ('0x1c10', <Bool 0x14 + x0 != x0 + 0x7>, 'Taken')];[];['<BV64 x0>'];[];['<BV64 x0>'];[];[];0;18446744073709551615;18446744073709551615;1;;;True;0;18446744073709551615;18446744073709551615;1;;;True;ControlType.CONTROLLED;0;<BV64 0x7>;64;[];[];[];[];[];[];[];7.0;7.0;0.0;1.0;;;True;7.0;7.0;0.0;1.0;;;True;ControlType.NO_CONTROL;0;<BV64 0x7>;64;[];[];[];[];[];[];[];7;7;0;1.0;;;True;7.0;7.0;0.0;1.0;;;True;ControlType.NO_CONTROL;0;<BV64 x0>;64;[('0x1c10', <Bool x0 + 0x14 != x0 + 0x5>, 'Taken'), ('0x1c10', <Bool 0x14 + x0 != x0 + 0x6>, 'Taken'), ('0x1c10', <Bool 0x14 + x0 != x0 + 0x7>, 'Taken')];[];['<BV64 x0>'];[];['<BV64 x0>'];[];[];0.0;1.8446744073709552e+19;18446744073709551615;1;;;True;0.0;1.8446744073709552e+19;18446744073709551615;1;;;True;ControlType.CONTROLLED;0;<BV64 x0>;64;[('0x1c10', <Bool x0 + 0x14 != x0 + 0x5>, 'Taken'), ('0x1c10', <Bool 0x14 + x0 != x0 + 0x6>, 'Taken'), ('0x1c10', <Bool 0x14 + x0 != x0 + 0x7>, 'Taken')];[];['<BV64 x0>'];[];['<BV64 x0>'];[];[];0.0;1.8446744073709552e+19;1.8446744073709552e+19;1.0;;;True;0.0;1.8446744073709552e+19;1.8446744073709552e+19;1.0;;;True;ControlType.CONTROLLED;0;<BV64 x0>;64;[];[];[];[];[];[];[];0;0;0;;;;False;0;0;0;;;;False;ControlType.UNKNOWN;0;[('0x1c10', <Bool x0 + 0x14 != x0 + 0x5>, 'Taken'), ('0x1c10', <Bool 0x14 + x0 != x0 + 0x6>, 'Taken'), ('0x1c10', <Bool 0x14 + x0 != x0 + 0x7>, 'Taken')];{'regs': ['<BV64 x0>'], 'indirect_regs': [], 'direct_regs': ['<BV64 x0>'], 'mem': [], 'const_mem': []};[];{'regs': [], 'indirect_regs': [], 'direct_regs': [], 'mem': [], 'const_mem': []};{'regs': ['<BV64 x0>'], 'indirect_regs': [], 'direct_regs': ['<BV64 x0>'], 'mem': [], 'const_mem': []};{'regs': ['<BV64 x0>'], 'indirect_regs': [], 'direct_regs': ['<BV64 x0>'], 'mem': [], 'const_mem': []};63.0;0.0;64.0;64.0;[];;;;BaseControlType.CONSTANT_BASE;BaseControlType.CONSTANT_BASE;BaseControlType.CONSTANT_BASE;3;BranchControlType.BRANCH_DEPENDS_ON_SECRET_VALUE;BranchControlType.BRANCH_INDEPENDENT_FROM_SECRET;7144;True;False;True;True;True;False;False;True;True;False;False;False;True;False;True;True;True;False;True;False;[];['has_valid_base'];True;False;True;True;True;False;False;True;True;False;False;False;True;False;True;True;True;False;True;False;[];['has_valid_base']
3a9deccd-059f-4565-90d1-3e7e2e25f4e0;SHA224Pad@@LIBMD_0.1;0x6260;0x5f08;0x0;TransmitterType.LOAD;44;0;False;['0x6260', '0x6340', '0x5ec0'];<BV64 0x18 + x0>;64;[];[];['<BV64 x0>'];[];['<BV64 x0>'];[];[];0;18446744073709551615;18446744073709551615;1;;;True;0;18446744073709551615;18446744073709551615;1;;;True;ControlType.CONTROLLED;0;<BV64 0x18>;64;[];[];[];[];[];[];[];24.0;24.0;0.0;1.0;;;True;24.0;24.0;0.0;1.0;;;True;ControlType.NO_CONTROL;0;<BV64 0x18>;64;[];[];[];[];[];[];[];24;24;0;1.0;;;True;24.0;24.0;0.0;1.0;;;True;ControlType.NO_CONTROL;0;<BV64 x0>;64;[];[];['<BV64 x0>'];[];['<BV64 x0>'];[];[];0.0;1.8446744073709552e+19;18446744073709551615;1;;;True;0.0;1.8446744073709552e+19;18446744073709551615;1;;;True;ControlType.CONTROLLED;0;<BV64 x0>;64;[];[];['<BV64 x0>'];[];['<BV64 x0>'];[];[];0.0;1.8446744073709552e+19;1.8446744073709552e+19;1.0;;;True;0.0;1.8446744073709552e+19;1.8446744073709552e+19;1.0;;;True;ControlType.CONTROLLED;0;<BV64 x0>;64;[];[];[];[];[];[];[];0;0;0;;;;False;0;0;0;;;;False;ControlType.UNKNOWN;0;[('0x627c', <Bool ((LOAD_64[<BV64 x0 + 0x40>]_24[31:0] << 0x1d[7:0] | LShR(LOAD_64[<BV64 x0 + 0x40>]_24[31:0], 0x3)[7:0]) & 63) == 0>, 'Taken'), ('0x637c', <Bool True>, 'Taken')];"{'regs': ['<BV64 x0>'], 'indirect_regs': [""<BV64 x0>: ['0x40']""], 'direct_regs': [], 'mem': ['<BV64 x0 + 0x40>'], 'const_mem': []}";[];{'regs': [], 'indirect_regs': [], 'direct_regs': [], 'mem': [], 'const_mem': []};{'regs': ['<BV64 x0>'], 'indirect_regs': [], 'direct_regs': ['<BV64 x0>'], 'mem': [], 'const_mem': []};{'regs': ['<BV64 x0>'], 'indirect_regs': [], 'direct_regs': ['<BV64 x0>'], 'mem': ['<BV64 x0 + 0x40>'], 'const_mem': []};63.0;0.0;64.0;64.0;['<Bool LOAD_128[<BV64 x0>]_54[31:0] == LOAD_32[<BV64 x0>]_56>', '<Bool LOAD_128[<BV64 x0>]_54[63:32] == LOAD_32[<BV64 x0 + 0x4>]_57>'];;;;BaseControlType.CONSTANT_BASE;BaseControlType.CONSTANT_BASE;BaseControlType.CONSTANT_BASE;2;BranchControlType.BRANCH_DEPENDS_ON_SECRET_VALUE;BranchControlType.BRANCH_INDEPENDENT_FROM_SECRET;24328;True;False;True;True;True;False;False;True;True;False;False;False;True;False;True;True;True;False;True;False;[];['has_valid_base'];True;False;True;True;True;False;False;True;True;False;False;False;True;False;True;True;True;False;True;False;[];['has_valid_base']
6165c69f-8069-48ee-8c54-0d9788462c72;SHA256Pad@@LIBMD_0.0;0x6260;0x5f08;0x0;TransmitterType.LOAD;44;0;False;['0x6260', '0x6340', '0x5ec0'];<BV64 0x18 + x0>;64;[];[];['<BV64 x0>'];[];['<BV64 x0>'];[];[];0;18446744073709551615;18446744073709551615;1;;;True;0;18446744073709551615;18446744073709551615;1;;;True;ControlType.CONTROLLED;0;<BV64 0x18>;64;[];[];[];[];[];[];[];24.0;24.0;0.0;1.0;;;True;24.0;24.0;0.0;1.0;;;True;ControlType.NO_CONTROL;0;<BV64 0x18>;64;[];[];[];[];[];[];[];24;24;0;1.0;;;True;24.0;24.0;0.0;1.0;;;True;ControlType.NO_CONTROL;0;<BV64 x0>;64;[];[];['<BV64 x0>'];[];['<BV64 x0>'];[];[];0.0;1.8446744073709552e+19;18446744073709551615;1;;;True;0.0;1.8446744073709552e+19;18446744073709551615;1;;;True;ControlType.CONTROLLED;0;<BV64 x0>;64;[];[];['<BV64 x0>'];[];['<BV64 x0>'];[];[];0.0;1.8446744073709552e+19;1.8446744073709552e+19;1.0;;;True;0.0;1.8446744073709552e+19;1.8446744073709552e+19;1.0;;;True;ControlType.CONTROLLED;0;<BV64 x0>;64;[];[];[];[];[];[];[];0;0;0;;;;False;0;0;0;;;;False;ControlType.UNKNOWN;0;[('0x627c', <Bool ((LOAD_64[<BV64 x0 + 0x40>]_24[31:0] << 0x1d[7:0] | LShR(LOAD_64[<BV64 x0 + 0x40>]_24[31:0], 0x3)[7:0]) & 63) == 0>, 'Taken'), ('0x637c', <Bool True>, 'Taken')];"{'regs': ['<BV64 x0>'], 'indirect_regs': [""<BV64 x0>: ['0x40']""], 'direct_regs': [], 'mem': ['<BV64 x0 + 0x40>'], 'const_mem': []}";[];{'regs': [], 'indirect_regs': [], 'direct_regs': [], 'mem': [], 'const_mem': []};{'regs': ['<BV64 x0>'], 'indirect_regs': [], 'direct_regs': ['<BV64 x0>'], 'mem': [], 'const_mem': []};{'regs': ['<BV64 x0>'], 'indirect_regs': [], 'direct_regs': ['<BV64 x0>'], 'mem': ['<BV64 x0 + 0x40>'], 'const_mem': []};63.0;0.0;64.0;64.0;['<Bool LOAD_128[<BV64 x0>]_54[31:0] == LOAD_32[<BV64 x0>]_56>', '<Bool LOAD_128[<BV64 x0>]_54[63:32] == LOAD_32[<BV64 x0 + 0x4>]_57>'];;;;BaseControlType.CONSTANT_BASE;BaseControlType.CONSTANT_BASE;BaseControlType.CONSTANT_BASE;2;BranchControlType.BRANCH_DEPENDS_ON_SECRET_VALUE;BranchControlType.BRANCH_INDEPENDENT_FROM_SECRET;24328;True;False;True;True;True;False;False;True;True;False;False;False;True;False;True;True;True;False;True;False;[];['has_valid_base'];True;False;True;True;True;False;False;True;True;False;False;False;True;False;True;True;True;False;True;False;[];['has_valid_base']
65cc15a1-953b-4fb6-a48c-a37802b2365e;MD2Transform@@LIBMD_0.0;0x1bc0;0x1bf0;0x0;TransmitterType.LOAD;49;0;False;['0x1bc0', '0x1be4', '0x1be4', '0x1be4'];<BV64 0x17 + x0>;64;[('0x1c10', <Bool x0 + 0x14 != x0 + 0x5>, 'Taken'), ('0x1c10', <Bool 0x14 + x0 != x0 + 0x6>, 'Taken'), ('0x1c10', <Bool 0x14 + x0 != x0 + 0x7>, 'Taken')];[];['<BV64 x0>'];[];['<BV64 x0>'];[];[];0;18446744073709551615;18446744073709551615;1;;;True;0;18446744073709551615;18446744073709551615;1;;;True;ControlType.CONTROLLED;0;<BV64 0x17>;64;[];[];[];[];[];[];[];23.0;23.0;0.0;1.0;;;True;23.0;23.0;0.0;1.0;;;True;ControlType.NO_CONTROL;0;<BV64 0x17>;64;[];[];[];[];[];[];[];23;23;0;1.0;;;True;23.0;23.0;0.0;1.0;;;True;ControlType.NO_CONTROL;0;<BV64 x0>;64;[('0x1c10', <Bool x0 + 0x14 != x0 + 0x5>, 'Taken'), ('0x1c10', <Bool 0x14 + x0 != x0 + 0x6>, 'Taken'), ('0x1c10', <Bool 0x14 + x0 != x0 + 0x7>, 'Taken')];[];['<BV64 x0>'];[];['<BV64 x0>'];[];[];0.0;1.8446744073709552e+19;18446744073709551615;1;;;True;0.0;1.8446744073709552e+19;18446744073709551615;1;;;True;ControlType.CONTROLLED;0;<BV64 x0>;64;[('0x1c10', <Bool x0 + 0x14 != x0 + 0x5>, 'Taken'), ('0x1c10', <Bool 0x14 + x0 != x0 + 0x6>, 'Taken'), ('0x1c10', <Bool 0x14 + x0 != x0 + 0x7>, 'Taken')];[];['<BV64 x0>'];[];['<BV64 x0>'];[];[];0.0;1.8446744073709552e+19;1.8446744073709552e+19;1.0;;;True;0.0;1.8446744073709552e+19;1.8446744073709552e+19;1.0;;;True;ControlType.CONTROLLED;0;<BV64 x0>;64;[];[];[];[];[];[];[];0;0;0;;;;False;0;0;0;;;;False;ControlType.UNKNOWN;0;[('0x1c10', <Bool x0 + 0x14 != x0 + 0x5>, 'Taken'), ('0x1c10', <Bool 0x14 + x0 != x0 + 0x6>, 'Taken'), ('0x1c10', <Bool 0x14 + x0 != x0 + 0x7>, 'Taken')];{'regs': ['<BV64 x0>'], 'indirect_regs': [], 'direct_regs': ['<BV64 x0>'], 'mem': [], 'const_mem': []};[];{'regs': [], 'indirect_regs': [], 'direct_regs': [], 'mem': [], 'const_mem': []};{'regs': ['<BV64 x0>'], 'indirect_regs': [], 'direct_regs': ['<BV64 x0>'], 'mem': [], 'const_mem': []};{'regs': ['<BV64 x0>'], 'indirect_regs': [], 'direct_regs': ['<BV64 x0>'], 'mem': [], 'const_mem': []};63.0;0.0;64.0;64.0;[];;;;BaseControlType.CONSTANT_BASE;BaseControlType.CONSTANT_BASE;BaseControlType.CONSTANT_BASE;3;BranchControlType.BRANCH_DEPENDS_ON_SECRET_VALUE;BranchControlType.BRANCH_INDEPENDENT_FROM_SECRET;7152;True;False;True;True;True;False;False;True;True;False;False;False;True;False;True;True;True;False;True;False;[];['has_valid_base'];True;False;True;True;True;False;False;True;True;False;False;False;True;False;True;True;True;False;True;False;[];['has_valid_base']
f629ad7a-4345-4852-8086-38552fba3403;SHA224Pad@@LIBMD_0.1;0x6260;0x5f0c;0x0;TransmitterType.LOAD;45;0;False;['0x6260', '0x6340', '0x5ec0'];<BV64 0x10 + x0>;64;[];[];['<BV64 x0>'];[];['<BV64 x0>'];[];[];0;18446744073709551615;18446744073709551615;1;;;True;0;18446744073709551615;18446744073709551615;1;;;True;ControlType.CONTROLLED;0;<BV64 0x10>;64;[];[];[];[];[];[];[];16.0;16.0;0.0;1.0;;;True;16.0;16.0;0.0;1.0;;;True;ControlType.NO_CONTROL;0;<BV64 0x10>;64;[];[];[];[];[];[];[];16;16;0;1.0;;;True;16.0;16.0;0.0;1.0;;;True;ControlType.NO_CONTROL;0;<BV64 x0>;64;[];[];['<BV64 x0>'];[];['<BV64 x0>'];[];[];0.0;1.8446744073709552e+19;18446744073709551615;1;;;True;0.0;1.8446744073709552e+19;18446744073709551615;1;;;True;ControlType.CONTROLLED;0;<BV64 x0>;64;[];[];['<BV64 x0>'];[];['<BV64 x0>'];[];[];0.0;1.8446744073709552e+19;1.8446744073709552e+19;1.0;;;True;0.0;1.8446744073709552e+19;1.8446744073709552e+19;1.0;;;True;ControlType.CONTROLLED;0;<BV64 x0>;64;[];[];[];[];[];[];[];0;0;0;;;;False;0;0;0;;;;False;ControlType.UNKNOWN;0;[('0x627c', <Bool ((LOAD_64[<BV64 x0 + 0x40>]_24[31:0] << 0x1d[7:0] | LShR(LOAD_64[<BV64 x0 + 0x40>]_24[31:0], 0x3)[7:0]) & 63) == 0>, 'Taken'), ('0x637c', <Bool True>, 'Taken')];"{'regs': ['<BV64 x0>'], 'indirect_regs': [""<BV64 x0>: ['0x40']""], 'direct_regs': [], 'mem': ['<BV64 x0 + 0x40>'], 'const_mem': []}";[];{'regs': [], 'indirect_regs': [], 'direct_regs': [], 'mem': [], 'const_mem': []};{'regs': ['<BV64 x0>'], 'indirect_regs': [], 'direct_regs': ['<BV64 x0>'], 'mem': [], 'const_mem': []};{'regs': ['<BV64 x0>'], 'indirect_regs': [], 'direct_regs': ['<BV64 x0>'], 'mem': ['<BV64 x0 + 0x40>'], 'const_mem': []};63.0;0.0;64.0;64.0;['<Bool LOAD_128[<BV64 x0>]_54[31:0] == LOAD_32[<BV64 x0>]_56>', '<Bool LOAD_128[<BV64 x0>]_54[63:32] == LOAD_32[<BV64 x0 + 0x4>]_57>', '<Bool LOAD_128[<BV64 x0 + 0x10>]_55[31:0] == LOAD_32[<BV64 x0 + 0x10>]_62>'];;;;BaseControlType.CONSTANT_BASE;BaseControlType.CONSTANT_BASE;BaseControlType.CONSTANT_BASE;2;BranchControlType.BRANCH_DEPENDS_ON_SECRET_VALUE;BranchControlType.BRANCH_INDEPENDENT_FROM_SECRET;24332;True;False;True;True;True;False;False;True;True;False;False;False;True;False;True;True;True;False;True;False;[];['has_valid_base'];True;False;True;True;True;False;False;True;True;False;False;False;True;False;True;True;True;False;True;False;[];['has_valid_base']
1b58cd9e-1779-4946-ba49-5e11577ef7c3;MD2Transform@@LIBMD_0.0;0x1bc0;0x1bf8;0x0;TransmitterType.STORE;51;0;False;['0x1bc0', '0x1be4', '0x1be4', '0x1be4'];<BV64 0x37 + x0>;64;[('0x1c10', <Bool x0 + 0x14 != x0 + 0x5>, 'Taken'), ('0x1c10', <Bool 0x14 + x0 != x0 + 0x6>, 'Taken'), ('0x1c10', <Bool 0x14 + x0 != x0 + 0x7>, 'Taken')];[];['<BV64 x0>'];[];['<BV64 x0>'];[];[];0;18446744073709551615;18446744073709551615;1;;;True;0;18446744073709551615;18446744073709551615;1;;;True;ControlType.CONTROLLED;0;<BV64 0x37>;64;[];[];[];[];[];[];[];55.0;55.0;0.0;1.0;;;True;55.0;55.0;0.0;1.0;;;True;ControlType.NO_CONTROL;0;<BV64 0x37>;64;[];[];[];[];[];[];[];55;55;0;1.0;;;True;55.0;55.0;0.0;1.0;;;True;ControlType.NO_CONTROL;0;<BV64 x0>;64;[('0x1c10', <Bool x0 + 0x14 != x0 + 0x5>, 'Taken'), ('0x1c10', <Bool 0x14 + x0 != x0 + 0x6>, 'Taken'), ('0x1c10', <Bool 0x14 + x0 != x0 + 0x7>, 'Taken')];[];['<BV64 x0>'];[];['<BV64 x0>'];[];[];0.0;1.8446744073709552e+19;18446744073709551615;1;;;True;0.0;1.8446744073709552e+19;18446744073709551615;1;;;True;ControlType.CONTROLLED;0;<BV64 x0>;64;[('0x1c10', <Bool x0 + 0x14 != x0 + 0x5>, 'Taken'), ('0x1c10', <Bool 0x14 + x0 != x0 + 0x6>, 'Taken'), ('0x1c10', <Bool 0x14 + x0 != x0 + 0x7>, 'Taken')];[];['<BV64 x0>'];[];['<BV64 x0>'];[];[];0.0;1.8446744073709552e+19;1.8446744073709552e+19;1.0;;;True;0.0;1.8446744073709552e+19;1.8446744073709552e+19;1.0;;;True;ControlType.CONTROLLED;0;<BV64 x0>;64;[];[];[];[];[];[];[];0;0;0;;;;False;0;0;0;;;;False;ControlType.UNKNOWN;0;[('0x1c10', <Bool x0 + 0x14 != x0 + 0x5>, 'Taken'), ('0x1c10', <Bool 0x14 + x0 != x0 + 0x6>, 'Taken'), ('0x1c10', <Bool 0x14 + x0 != x0 + 0x7>, 'Taken')];{'regs': ['<BV64 x0>'], 'indirect_regs': [], 'direct_regs': ['<BV64 x0>'], 'mem': [], 'const_mem': []};[];{'regs': [], 'indirect_regs': [], 'direct_regs': [], 'mem': [], 'const_mem': []};{'regs': ['<BV64 x0>'], 'indirect_regs': [], 'direct_regs': ['<BV64 x0>'], 'mem': [], 'const_mem': []};{'regs': ['<BV64 x0>'], 'indirect_regs': [], 'direct_regs': ['<BV64 x0>'], 'mem': [], 'const_mem': []};63.0;0.0;64.0;64.0;[];;;;BaseControlType.CONSTANT_BASE;BaseControlType.CONSTANT_BASE;BaseControlType.CONSTANT_BASE;3;BranchControlType.BRANCH_DEPENDS_ON_SECRET_VALUE;BranchControlType.BRANCH_INDEPENDENT_FROM_SECRET;7160;True;False;True;True;True;False;False;True;True;False;False;False;True;False;True;True;True;False;True;False;[];['has_valid_base'];True;False;True;True;True;False;False;True;True;False;False;False;True;False;True;True;True;False;True;False;[];['has_valid_base']
51566481-9a8f-4e65-8e13-093a77713b81;SHA256Pad@@LIBMD_0.0;0x6260;0x5f0c;0x0;TransmitterType.LOAD;45;0;False;['0x6260', '0x6340', '0x5ec0'];<BV64 0x10 + x0>;64;[];[];['<BV64 x0>'];[];['<BV64 x0>'];[];[];0;18446744073709551615;18446744073709551615;1;;;True;0;18446744073709551615;18446744073709551615;1;;;True;ControlType.CONTROLLED;0;<BV64 0x10>;64;[];[];[];[];[];[];[];16.0;16.0;0.0;1.0;;;True;16.0;16.0;0.0;1.0;;;True;ControlType.NO_CONTROL;0;<BV64 0x10>;64;[];[];[];[];[];[];[];16;16;0;1.0;;;True;16.0;16.0;0.0;1.0;;;True;ControlType.NO_CONTROL;0;<BV64 x0>;64;[];[];['<BV64 x0>'];[];['<BV64 x0>'];[];[];0.0;1.8446744073709552e+19;18446744073709551615;1;;;True;0.0;1.8446744073709552e+19;18446744073709551615;1;;;True;ControlType.CONTROLLED;0;<BV64 x0>;64;[];[];['<BV64 x0>'];[];['<BV64 x0>'];[];[];0.0;1.8446744073709552e+19;1.8446744073709552e+19;1.0;;;True;0.0;1.8446744073709552e+19;1.8446744073709552e+19;1.0;;;True;ControlType.CONTROLLED;0;<BV64 x0>;64;[];[];[];[];[];[];[];0;0;0;;;;False;0;0;0;;;;False;ControlType.UNKNOWN;0;[('0x627c', <Bool ((LOAD_64[<BV64 x0 + 0x40>]_24[31:0] << 0x1d[7:0] | LShR(LOAD_64[<BV64 x0 + 0x40>]_24[31:0], 0x3)[7:0]) & 63) == 0>, 'Taken'), ('0x637c', <Bool True>, 'Taken')];"{'regs': ['<BV64 x0>'], 'indirect_regs': [""<BV64 x0>: ['0x40']""], 'direct_regs': [], 'mem': ['<BV64 x0 + 0x40>'], 'const_mem': []}";[];{'regs': [], 'indirect_regs': [], 'direct_regs': [], 'mem': [], 'const_mem': []};{'regs': ['<BV64 x0>'], 'indirect_regs': [], 'direct_regs': ['<BV64 x0>'], 'mem': [], 'const_mem': []};{'regs': ['<BV64 x0>'], 'indirect_regs': [], 'direct_regs': ['<BV64 x0>'], 'mem': ['<BV64 x0 + 0x40>'], 'const_mem': []};63.0;0.0;64.0;64.0;['<Bool LOAD_128[<BV64 x0>]_54[31:0] == LOAD_32[<BV64 x0>]_56>', '<Bool LOAD_128[<BV64 x0>]_54[63:32] == LOAD_32[<BV64 x0 + 0x4>]_57>', '<Bool LOAD_128[<BV64 x0 + 0x10>]_55[31:0] == LOAD_32[<BV64 x0 + 0x10>]_62>'];;;;BaseControlType.CONSTANT_BASE;BaseControlType.CONSTANT_BASE;BaseControlType.CONSTANT_BASE;2;BranchControlType.BRANCH_DEPENDS_ON_SECRET_VALUE;BranchControlType.BRANCH_INDEPENDENT_FROM_SECRET;24332;True;False;True;True;True;False;False;True;True;False;False;False;True;False;True;True;True;False;True;False;[];['has_valid_base'];True;False;True;True;True;False;False;True;True;False;False;False;True;False;True;True;True;False;True;False;[];['has_valid_base']
a8223237-a9d2-40dd-9d65-b46bc12beb03;MD2Transform@@LIBMD_0.0;0x1bc0;0x1bfc;0x1bfc;TransmitterType.LOAD;52;4;False;['0x1bc0', '0x1be4', '0x1be4', '0x1be4'];<BV64 0x8e50 + (0#56 .. LOAD_8[<BV64 x0 + 0x27>]_41 ^ LOAD_8[<BV64 0x8e50 + (0#32 .. (0x0 .. LOAD_8[<BV64 x0 + 0x26>]_35) ^ (0x0 .. LOAD_8[<BV64 0x8e50 + (0#32 .. (0x0 .. LOAD_8[<BV64 x0 + 0x25>]_29) ^ (0x0 .. LOAD_8[<BV64 0x8e50 + (0#32 .. (0x0 .. LOAD_8[<BV64 x0 + 0x24>]_23) ^ (0x0 .. LOAD_8[<BV64 x0 + 0x13>]_22))>]_27 ^ LOAD_8[<BV64 x0 + 0x4>]_24))>]_33 ^ LOAD_8[<BV64 0x5 + x0>]_30))>]_39 ^ LOAD_8[<BV64 0x6 + x0>]_36)>;64;[];[];['<BV64 x0>'];"[""<BV64 x0>: ['0x13', '0x24', '0x25', '0x26', '0x27', '0x4', '0x5', '0x6']""]";[];['<BV64 0x5 + x0>', '<BV64 0x6 + x0>', '<BV64 0x8e50 + (0#32 .. (0x0 .. LOAD_8[<BV64 x0 + 0x24>]_23) ^ (0x0 .. LOAD_8[<BV64 x0 + 0x13>]_22))>', '<BV64 0x8e50 + (0#32 .. (0x0 .. LOAD_8[<BV64 x0 + 0x25>]_29) ^ (0x0 .. LOAD_8[<BV64 0x8e50 + (0#32 .. (0x0 .. LOAD_8[<BV64 x0 + 0x24>]_23) ^ (0x0 .. LOAD_8[<BV64 x0 + 0x13>]_22))>]_27 ^ LOAD_8[<BV64 x0 + 0x4>]_24))>', '<BV64 0x8e50 + (0#32 .. (0x0 .. LOAD_8[<BV64 x0 + 0x26>]_35) ^ (0x0 .. LOAD_8[<BV64 0x8e50 + (0#32 .. (0x0 .. LOAD_8[<BV64 x0 + 0x25>]_29) ^ (0x0 .. LOAD_8[<BV64 0x8e50 + (0#32 .. (0x0 .. LOAD_8[<BV64 x0 + 0x24>]_23) ^ (0x0 .. LOAD_8[<BV64 x0 + 0x13>]_22))>]_27 ^ LOAD_8[<BV64 x0 + 0x4>]_24))>]_33 ^ LOAD_8[<BV64 0x5 + x0>]_30))>', '<BV64 x0 + 0x13>', '<BV64 x0 + 0x24>', '<BV64 x0 + 0x25>', '<BV64 x0 + 0x26>', '<BV64 x0 + 0x27>', '<BV64 x0 + 0x4>'];[];36432;36687;255;1;36863.0;36352.0;False;36432;36687;255;1;36863.0;36352.0;False;ControlType.CONTROLLED;4;<BV64 0x8e50>;64;[];[];[];[];[];[];[];36432.0;36432.0;0.0;1.0;;;True;36432.0;36432.0;0.0;1.0;;;True;ControlType.NO_CONTROL;0;<BV64 0x8e50>;64;[];[];[];[];[];[];[];36432;36432;0;1.0;;;True;36432.0;36432.0;0.0;1.0;;;True;ControlType.NO_CONTROL;0;<BV64 0#56 .. LOAD_8[<BV64 x0 + 0x27>]_41 ^ LOAD_8[<BV64 0x8e50 + (0#32 .. (0x0 .. LOAD_8[<BV64 x0 + 0x26>]_35) ^ (0x0 .. LOAD_8[<BV64 0x8e50 + (0#32 .. (0x0 .. LOAD_8[<BV64 x0 + 0x25>]_29) ^ (0x0 .. LOAD_8[<BV64 0x8e50 + (0#32 .. (0x0 .. LOAD_8[<BV64 x0 + 0x24>]_23) ^ (0x0 .. LOAD_8[<BV64 x0 + 0x13>]_22))>]_27 ^ LOAD_8[<BV64 x0 + 0x4>]_24))>]_33 ^ LOAD_8[<BV64 0x5 + x0>]_30))>]_39 ^ LOAD_8[<BV64 0x6 + x0>]_36>;64;[];[];['<BV64 x0>'];"[""<BV64 x0>: ['0x13', '0x24', '0x25', '0x26', '0x27', '0x4', '0x5', '0x6']""]";[];['<BV64 0x5 + x0>', '<BV64 0x6 + x0>', '<BV64 0x8e50 + (0#32 .. (0x0 .. LOAD_8[<BV64 x0 + 0x24>]_23) ^ (0x0 .. LOAD_8[<BV64 x0 + 0x13>]_22))>', '<BV64 0x8e50 + (0#32 .. (0x0 .. LOAD_8[<BV64 x0 + 0x25>]_29) ^ (0x0 .. LOAD_8[<BV64 0x8e50 + (0#32 .. (0x0 .. LOAD_8[<BV64 x0 + 0x24>]_23) ^ (0x0 .. LOAD_8[<BV64 x0 + 0x13>]_22))>]_27 ^ LOAD_8[<BV64 x0 + 0x4>]_24))>', '<BV64 0x8e50 + (0#32 .. (0x0 .. LOAD_8[<BV64 x0 + 0x26>]_35) ^ (0x0 .. LOAD_8[<BV64 0x8e50 + (0#32 .. (0x0 .. LOAD_8[<BV64 x0 + 0x25>]_29) ^ (0x0 .. LOAD_8[<BV64 0x8e50 + (0#32 .. (0x0 .. LOAD_8[<BV64 x0 + 0x24>]_23) ^ (0x0 .. LOAD_8[<BV64 x0 + 0x13>]_22))>]_27 ^ LOAD_8[<BV64 x0 + 0x4>]_24))>]_33 ^ LOAD_8[<BV64 0x5 + x0>]_30))>', '<BV64 x0 + 0x13>', '<BV64 x0 + 0x24>', '<BV64 x0 + 0x25>', '<BV64 x0 + 0x26>', '<BV64 x0 + 0x27>', '<BV64 x0 + 0x4>'];[];0.0;255.0;255;1;;;False;0.0;255.0;255;1;;;False;ControlType.CONTROLLED;4;<BV64 0x8e50 + (0#32 .. (0x0 .. LOAD_8[<BV64 x0 + 0x26>]_35) ^ (0x0 .. LOAD_8[<BV64 0x8e50 + (0#32 .. (0x0 .. LOAD_8[<BV64 x0 + 0x25>]_29) ^ (0x0 .. LOAD_8[<BV64 0x8e50 + (0#32 .. (0x0 .. LOAD_8[<BV64 x0 + 0x24>]_23) ^ (0x0 .. LOAD_8[<BV64 x0 + 0x13>]_22))>]_27 ^ LOAD_8[<BV64 x0 + 0x4>]_24))>]_33 ^ LOAD_8[<BV64 0x5 + x0>]_30))>;64;[];[];['<BV64 x0>'];"[""<BV64 x0>: ['0x13', '0x24', '0x25', '0x26', '0x4', '0x5']""]";[];['<BV64 0x5 + x0>', '<BV64 0x8e50 + (0#32 .. (0x0 .. LOAD_8[<BV64 x0 + 0x24>]_23) ^ (0x0 .. LOAD_8[<BV64 x0 + 0x13>]_22))>', '<BV64 0x8e50 + (0#32 .. (0x0 .. LOAD_8[<BV64 x0 + 0x25>]_29) ^ (0x0 .. LOAD_8[<BV64 0x8e50 + (0#32 .. (0x0 .. LOAD_8[<BV64 x0 + 0x24>]_23) ^ (0x0 .. LOAD_8[<BV64 x0 + 0x13>]_22))>]_27 ^ LOAD_8[<BV64 x0 + 0x4>]_24))>', '<BV64 x0 + 0x13>', '<BV64 x0 + 0x24>', '<BV64 x0 + 0x25>', '<BV64 x0 + 0x26>', '<BV64 x0 + 0x4>'];[];36432.0;36687.0;255.0;1.0;36863.0;36352.0;False;36432.0;36687.0;255.0;1.0;36863.0;36352.0;False;ControlType.CONTROLLED;3;<BV8 LOAD_8[<BV64 0x8e50 + (0#32 .. (0x0 .. LOAD_8[<BV64 x0 + 0x26>]_35) ^ (0x0 .. LOAD_8[<BV64 0x8e50 + (0#32 .. (0x0 .. LOAD_8[<BV64 x0 + 0x25>]_29) ^ (0x0 .. LOAD_8[<BV64 0x8e50 + (0#32 .. (0x0 .. LOAD_8[<BV64 x0 + 0x24>]_23) ^ (0x0 .. LOAD_8[<BV64 x0 + 0x13>]_22))>]_27 ^ LOAD_8[<BV64 x0 + 0x4>]_24))>]_33 ^ LOAD_8[<BV64 0x5 + x0>]_30))>]_39>;8;[];[];[];[];[];[];[];0;0;0;;;;False;0;0;0;;;;False;ControlType.UNKNOWN;4;[('0x1c10', <Bool x0 + 0x14 != x0 + 0x5>, 'Taken'), ('0x1c10', <Bool 0x14 + x0 != x0 + 0x6>, 'Taken'), ('0x1c10', <Bool 0x14 + x0 != x0 + 0x7>, 'Taken')];{'regs': ['<BV64 x0>'], 'indirect_regs': [], 'direct_regs': ['<BV64 x0>'], 'mem': [], 'const_mem': []};[];{'regs': [], 'indirect_regs': [], 'direct_regs': [], 'mem': [], 'const_mem': []};"{'regs': ['<BV64 x0>'], 'indirect_regs': [""<BV64 x0>: ['0x13', '0x13', '0x24', '0x24', '0x25', '0x25', '0x26', '0x26', '0x27', '0x4', '0x4', '0x5', '0x5', '0x6']""], 'direct_regs': [], 'mem': ['<BV64 0x5 + x0>', '<BV64 0x6 + x0>', '<BV64 0x8e50 + (0#32 .. (0x0 .. LOAD_8[<BV64 x0 + 0x24>]_23) ^ (0x0 .. LOAD_8[<BV64 x0 + 0x13>]_22))>', '<BV64 0x8e50 + (0#32 .. (0x0 .. LOAD_8[<BV64 x0 + 0x25>]_29) ^ (0x0 .. LOAD_8[<BV64 0x8e50 + (0#32 .. (0x0 .. LOAD_8[<BV64 x0 + 0x24>]_23) ^ (0x0 .. LOAD_8[<BV64 x0 + 0x13>]_22))>]_27 ^ LOAD_8[<BV64 x0 + 0x4>]_24))>', '<BV64 0x8e50 + (0#32 .. (0x0 .. LOAD_8[<BV64 x0 + 0x26>]_35) ^ (0x0 .. LOAD_8[<BV64 0x8e50 + (0#32 .. (0x0 .. LOAD_8[<BV64 x0 + 0x25>]_29) ^ (0x0 .. LOAD_8[<BV64 0x8e50 + (0#32 .. (0x0 .. LOAD_8[<BV64 x0 + 0x24>]_23) ^ (0x0 .. LOAD_8[<BV64 x0 + 0x13>]_22))>]_27 ^ LOAD_8[<BV64 x0 + 0x4>]_24))>]_33 ^ LOAD_8[<BV64 0x5 + x0>]_30))>', '<BV64 x0 + 0x13>', '<BV64 x0 + 0x24>', '<BV64 x0 + 0x25>', '<BV64 x0 + 0x26>', '<BV64 x0 + 0x27>', '<BV64 x0 + 0x4>'], 'const_mem': []}";{'regs': ['<BV64 x0>'], 'indirect_regs': [], 'direct_regs': ['<BV64 x0>'], 'mem': ['<BV64 0x5 + x0>', '<BV64 0x6 + x0>', '<BV64 0x8e50 + (0#32 .. (0x0 .. LOAD_8[<BV64 x0 + 0x24>]_23) ^ (0x0 .. LOAD_8[<BV64 x0 + 0x13>]_22))>', '<BV64 0x8e50 + (0#32 .. (0x0 .. LOAD_8[<BV64 x0 + 0x25>]_29) ^ (0x0 .. LOAD_8[<BV64 0x8e50 + (0#32 .. (0x0 .. LOAD_8[<BV64 x0 + 0x24>]_23) ^ (0x0 .. LOAD_8[<BV64 x0 + 0x13>]_22))>]_27 ^ LOAD_8[<BV64 x0 + 0x4>]_24))>', '<BV64 0x8e50 + (0#32 .. (0x0 .. LOAD_8[<BV64 x0 + 0x26>]_35) ^ (0x0 .. LOAD_8[<BV64 0x8e50 + (0#32 .. (0x0 .. LOAD_8[<BV64 x0 + 0x25>]_29) ^ (0x0 .. LOAD_8[<BV64 0x8e50 + (0#32 .. (0x0 .. LOAD_8[<BV64 x0 + 0x24>]_23) ^ (0x0 .. LOAD_8[<BV64 x0 + 0x13>]_22))>]_27 ^ LOAD_8[<BV64 x0 + 0x4>]_24))>]_33 ^ LOAD_8[<BV64 0x5 + x0>]_30))>', '<BV64 x0 + 0x13>', '<BV64 x0 + 0x24>', '<BV64 x0 + 0x25>', '<BV64 x0 + 0x26>', '<BV64 x0 + 0x27>', '<BV64 x0 + 0x4>'], 'const_mem': []};0.0;0.0;0.0;0.0;[];;;;BaseControlType.CONSTANT_BASE;BaseControlType.CONSTANT_BASE;BaseControlType.CONSTANT_BASE;3;BranchControlType.BRANCH_INDEPENDENT_FROM_SECRET;BranchControlType.BRANCH_INDEPENDENT_FROM_SECRET;7164;False;False;False;True;True;True;False;False;True;False;False;False;True;False;False;False;True;False;True;False;[];['is_secret_inferable', 'has_valid_base', 'has_valid_secret_address', 'secret_below_cache_granularity'];False;False;False;True;True;True;False;False;True;False;False;False;True;False;False;False;True;False;True;False;[];['is_secret_inferable', 'has_valid_base', 'has_valid_secret_address', 'secret_below_cache_granularity']
d3733e14-2e94-4c24-85aa-93b8b7cd4f8d;SHA224Pad@@LIBMD_0.1;0x6260;0x5f0c;0x0;TransmitterType.LOAD;45;0;False;['0x6260', '0x6340', '0x5ec0'];<BV64 0x14 + x0>;64;[];[];['<BV64 x0>'];[];['<BV64 x0>'];[];[];0;18446744073709551615;18446744073709551615;1;;;True;0;18446744073709551615;18446744073709551615;1;;;True;ControlType.CONTROLLED;0;<BV64 0x14>;64;[];[];[];[];[];[];[];20.0;20.0;0.0;1.0;;;True;20.0;20.0;0.0;1.0;;;True;ControlType.NO_CONTROL;0;<BV64 0x14>;64;[];[];[];[];[];[];[];20;20;0;1.0;;;True;20.0;20.0;0.0;1.0;;;True;ControlType.NO_CONTROL;0;<BV64 x0>;64;[];[];['<BV64 x0>'];[];['<BV64 x0>'];[];[];0.0;1.8446744073709552e+19;18446744073709551615;1;;;True;0.0;1.8446744073709552e+19;18446744073709551615;1;;;True;ControlType.CONTROLLED;0;<BV64 x0>;64;[];[];['<BV64 x0>'];[];['<BV64 x0>'];[];[];0.0;1.8446744073709552e+19;1.8446744073709552e+19;1.0;;;True;0.0;1.8446744073709552e+19;1.8446744073709552e+19;1.0;;;True;ControlType.CONTROLLED;0;<BV64 x0>;64;[];[];[];[];[];[];[];0;0;0;;;;False;0;0;0;;;;False;ControlType.UNKNOWN;0;[('0x627c', <Bool ((LOAD_64[<BV64 x0 + 0x40>]_24[31:0] << 0x1d[7:0] | LShR(LOAD_64[<BV64 x0 + 0x40>]_24[31:0], 0x3)[7:0]) & 63) == 0>, 'Taken'), ('0x637c', <Bool True>, 'Taken')];"{'regs': ['<BV64 x0>'], 'indirect_regs': [""<BV64 x0>: ['0x40']""], 'direct_regs': [], 'mem': ['<BV64 x0 + 0x40>'], 'const_mem': []}";[];{'regs': [], 'indirect_regs': [], 'direct_regs': [], 'mem': [], 'const_mem': []};{'regs': ['<BV64 x0>'], 'indirect_regs': [], 'direct_regs': ['<BV64 x0>'], 'mem': [], 'const_mem': []};{'regs': ['<BV64 x0>'], 'indirect_regs': [], 'direct_regs': ['<BV64 x0>'], 'mem': ['<BV64 x0 + 0x40>'], 'const_mem': []};63.0;0.0;64.0;64.0;['<Bool LOAD_128[<BV64 x0>]_54[31:0] == LOAD_32[<BV64 x0>]_56>', '<Bool LOAD_128[<BV64 x0>]_54[63:32] == LOAD_32[<BV64 x0 + 0x4>]_57>', '<Bool LOAD_128[<BV64 x0 + 0x10>]_55[31:0] == LOAD_32[<BV64 x0 + 0x10>]_62>', '<Bool LOAD_128[<BV64 x0 + 0x10>]_55[63:32] == LOAD_32[<BV64 x0 + 0x14>]_63>'];;;;BaseControlType.CONSTANT_BASE;BaseControlType.CONSTANT_BASE;BaseControlType.CONSTANT_BASE;2;BranchControlType.BRANCH_DEPENDS_ON_SECRET_VALUE;BranchControlType.BRANCH_INDEPENDENT_FROM_SECRET;24332;True;False;True;True;True;False;False;True;True;False;False;False;True;False;True;True;True;False;True;False;[];['has_valid_base'];True;False;True;True;True;False;False;True;True;False;False;False;True;False;True;True;True;False;True;False;[];['has_valid_base']
e37257f6-7278-405f-8ed4-3e0aec3820d6;SHA256Pad@@LIBMD_0.0;0x6260;0x5f0c;0x0;TransmitterType.LOAD;45;0;False;['0x6260', '0x6340', '0x5ec0'];<BV64 0x14 + x0>;64;[];[];['<BV64 x0>'];[];['<BV64 x0>'];[];[];0;18446744073709551615;18446744073709551615;1;;;True;0;18446744073709551615;18446744073709551615;1;;;True;ControlType.CONTROLLED;0;<BV64 0x14>;64;[];[];[];[];[];[];[];20.0;20.0;0.0;1.0;;;True;20.0;20.0;0.0;1.0;;;True;ControlType.NO_CONTROL;0;<BV64 0x14>;64;[];[];[];[];[];[];[];20;20;0;1.0;;;True;20.0;20.0;0.0;1.0;;;True;ControlType.NO_CONTROL;0;<BV64 x0>;64;[];[];['<BV64 x0>'];[];['<BV64 x0>'];[];[];0.0;1.8446744073709552e+19;18446744073709551615;1;;;True;0.0;1.8446744073709552e+19;18446744073709551615;1;;;True;ControlType.CONTROLLED;0;<BV64 x0>;64;[];[];['<BV64 x0>'];[];['<BV64 x0>'];[];[];0.0;1.8446744073709552e+19;1.8446744073709552e+19;1.0;;;True;0.0;1.8446744073709552e+19;1.8446744073709552e+19;1.0;;;True;ControlType.CONTROLLED;0;<BV64 x0>;64;[];[];[];[];[];[];[];0;0;0;;;;False;0;0;0;;;;False;ControlType.UNKNOWN;0;[('0x627c', <Bool ((LOAD_64[<BV64 x0 + 0x40>]_24[31:0] << 0x1d[7:0] | LShR(LOAD_64[<BV64 x0 + 0x40>]_24[31:0], 0x3)[7:0]) & 63) == 0>, 'Taken'), ('0x637c', <Bool True>, 'Taken')];"{'regs': ['<BV64 x0>'], 'indirect_regs': [""<BV64 x0>: ['0x40']""], 'direct_regs': [], 'mem': ['<BV64 x0 + 0x40>'], 'const_mem': []}";[];{'regs': [], 'indirect_regs': [], 'direct_regs': [], 'mem': [], 'const_mem': []};{'regs': ['<BV64 x0>'], 'indirect_regs': [], 'direct_regs': ['<BV64 x0>'], 'mem': [], 'const_mem': []};{'regs': ['<BV64 x0>'], 'indirect_regs': [], 'direct_regs': ['<BV64 x0>'], 'mem': ['<BV64 x0 + 0x40>'], 'const_mem': []};63.0;0.0;64.0;64.0;['<Bool LOAD_128[<BV64 x0>]_54[31:0] == LOAD_32[<BV64 x0>]_56>', '<Bool LOAD_128[<BV64 x0>]_54[63:32] == LOAD_32[<BV64 x0 + 0x4>]_57>', '<Bool LOAD_128[<BV64 x0 + 0x10>]_55[31:0] == LOAD_32[<BV64 x0 + 0x10>]_62>', '<Bool LOAD_128[<BV64 x0 + 0x10>]_55[63:32] == LOAD_32[<BV64 x0 + 0x14>]_63>'];;;;BaseControlType.CONSTANT_BASE;BaseControlType.CONSTANT_BASE;BaseControlType.CONSTANT_BASE;2;BranchControlType.BRANCH_DEPENDS_ON_SECRET_VALUE;BranchControlType.BRANCH_INDEPENDENT_FROM_SECRET;24332;True;False;True;True;True;False;False;True;True;False;False;False;True;False;True;True;True;False;True;False;[];['has_valid_base'];True;False;True;True;True;False;False;True;True;False;False;False;True;False;True;True;True;False;True;False;[];['has_valid_base']
ab1a17dd-b888-4a95-8899-d8f59427a48c;MD2Transform@@LIBMD_0.0;0x1bc0;0x1bfc;0x1be4;TransmitterType.LOAD;52;4;False;['0x1bc0', '0x1be4', '0x1be4', '0x1be4'];<BV64 0x8e50 + (0#56 .. LOAD_8[<BV64 x0 + 0x27>]_41 ^ LOAD_8[<BV64 0x8e50 + (0#32 .. (0x0 .. LOAD_8[<BV64 x0 + 0x26>]_35) ^ (0x0 .. LOAD_8[<BV64 0x8e50 + (0#32 .. (0x0 .. LOAD_8[<BV64 x0 + 0x25>]_29) ^ (0x0 .. LOAD_8[<BV64 0x8e50 + (0#32 .. (0x0 .. LOAD_8[<BV64 x0 + 0x24>]_23) ^ (0x0 .. LOAD_8[<BV64 x0 + 0x13>]_22))>]_27 ^ LOAD_8[<BV64 x0 + 0x4>]_24))>]_33 ^ LOAD_8[<BV64 0x5 + x0>]_30))>]_39 ^ LOAD_8[<BV64 0x6 + x0>]_36)>;64;[];[];['<BV64 x0>'];"[""<BV64 x0>: ['0x13', '0x24', '0x25', '0x26', '0x27', '0x4', '0x5', '0x6']""]";[];['<BV64 0x5 + x0>', '<BV64 0x6 + x0>', '<BV64 0x8e50 + (0#32 .. (0x0 .. LOAD_8[<BV64 x0 + 0x24>]_23) ^ (0x0 .. LOAD_8[<BV64 x0 + 0x13>]_22))>', '<BV64 0x8e50 + (0#32 .. (0x0 .. LOAD_8[<BV64 x0 + 0x25>]_29) ^ (0x0 .. LOAD_8[<BV64 0x8e50 + (0#32 .. (0x0 .. LOAD_8[<BV64 x0 + 0x24>]_23) ^ (0x0 .. LOAD_8[<BV64 x0 + 0x13>]_22))>]_27 ^ LOAD_8[<BV64 x0 + 0x4>]_24))>', '<BV64 0x8e50 + (0#32 .. (0x0 .. LOAD_8[<BV64 x0 + 0x26>]_35) ^ (0x0 .. LOAD_8[<BV64 0x8e50 + (0#32 .. (0x0 .. LOAD_8[<BV64 x0 + 0x25>]_29) ^ (0x0 .. LOAD_8[<BV64 0x8e50 + (0#32 .. (0x0 .. LOAD_8[<BV64 x0 + 0x24>]_23) ^ (0x0 .. LOAD_8[<BV64 x0 + 0x13>]_22))>]_27 ^ LOAD_8[<BV64 x0 + 0x4>]_24))>]_33 ^ LOAD_8[<BV64 0x5 + x0>]_30))>', '<BV64 x0 + 0x13>', '<BV64 x0 + 0x24>', '<BV64 x0 + 0x25>', '<BV64 x0 + 0x26>', '<BV64 x0 + 0x27>', '<BV64 x0 + 0x4>'];[];36432;36687;255;1;36863.0;36352.0;False;36432;36687;255;1;36863.0;36352.0;False;ControlType.CONTROLLED;4;<BV64 0x8e50>;64;[];[];[];[];[];[];[];36432.0;36432.0;0.0;1.0;;;True;36432.0;36432.0;0.0;1.0;;;True;ControlType.NO_CONTROL;0;<BV64 0x8e50>;64;[];[];[];[];[];[];[];36432;36432;0;1.0;;;True;36432.0;36432.0;0.0;1.0;;;True;ControlType.NO_CONTROL;0;<BV64 0#56 .. LOAD_8[<BV64 x0 + 0x27>]_41 ^ LOAD_8[<BV64 0x8e50 + (0#32 .. (0x0 .. LOAD_8[<BV64 x0 + 0x26>]_35) ^ (0x0 .. LOAD_8[<BV64 0x8e50 + (0#32 .. (0x0 .. LOAD_8[<BV64 x0 + 0x25>]_29) ^ (0x0 .. LOAD_8[<BV64 0x8e50 + (0#32 .. (0x0 .. LOAD_8[<BV64 x0 + 0x24>]_23) ^ (0x0 .. LOAD_8[<BV64 x0 + 0x13>]_22))>]_27 ^ LOAD_8[<BV64 x0 + 0x4>]_24))>]_33 ^ LOAD_8[<BV64 0x5 + x0>]_30))>]_39 ^ LOAD_8[<BV64 0x6 + x0>]_36>;64;[];[];['<BV64 x0>'];"[""<BV64 x0>: ['0x13', '0x24', '0x25', '0x26', '0x27', '0x4', '0x5', '0x6']""]";[];['<BV64 0x5 + x0>', '<BV64 0x6 + x0>', '<BV64 0x8e50 + (0#32 .. (0x0 .. LOAD_8[<BV64 x0 + 0x24>]_23) ^ (0x0 .. LOAD_8[<BV64 x0 + 0x13>]_22))>', '<BV64 0x8e50 + (0#32 .. (0x0 .. LOAD_8[<BV64 x0 + 0x25>]_29) ^ (0x0 .. LOAD_8[<BV64 0x8e50 + (0#32 .. (0x0 .. LOAD_8[<BV64 x0 + 0x24>]_23) ^ (0x0 .. LOAD_8[<BV64 x0 + 0x13>]_22))>]_27 ^ LOAD_8[<BV64 x0 + 0x4>]_24))>', '<BV64 0x8e50 + (0#32 .. (0x0 .. LOAD_8[<BV64 x0 + 0x26>]_35) ^ (0x0 .. LOAD_8[<BV64 0x8e50 + (0#32 .. (0x0 .. LOAD_8[<BV64 x0 + 0x25>]_29) ^ (0x0 .. LOAD_8[<BV64 0x8e50 + (0#32 .. (0x0 .. LOAD_8[<BV64 x0 + 0x24>]_23) ^ (0x0 .. LOAD_8[<BV64 x0 + 0x13>]_22))>]_27 ^ LOAD_8[<BV64 x0 + 0x4>]_24))>]_33 ^ LOAD_8[<BV64 0x5 + x0>]_30))>', '<BV64 x0 + 0x13>', '<BV64 x0 + 0x24>', '<BV64 x0 + 0x25>', '<BV64 x0 + 0x26>', '<BV64 x0 + 0x27>', '<BV64 x0 + 0x4>'];[];0.0;255.0;255;1;;;False;0.0;255.0;255;1;;;False;ControlType.CONTROLLED;4;<BV64 x0 + 0x27>;64;[('0x1c10', <Bool x0 + 0x14 != x0 + 0x5>, 'Taken'), ('0x1c10', <Bool 0x14 + x0 != x0 + 0x6>, 'Taken'), ('0x1c10', <Bool 0x14 + x0 != x0 + 0x7>, 'Taken')];[];['<BV64 x0>'];[];['<BV64 x0>'];[];[];0.0;1.8446744073709552e+19;1.8446744073709552e+19;1.0;;;True;0.0;1.8446744073709552e+19;1.8446744073709552e+19;1.0;;;True;ControlType.CONTROLLED;0;<BV8 LOAD_8[<BV64 x0 + 0x27>]_41>;8;[];[];[];[];[];[];[];0;0;0;;;;False;0;0;0;;;;False;ControlType.UNKNOWN;1;[('0x1c10', <Bool x0 + 0x14 != x0 + 0x5>, 'Taken'), ('0x1c10', <Bool 0x14 + x0 != x0 + 0x6>, 'Taken'), ('0x1c10', <Bool 0x14 + x0 != x0 + 0x7>, 'Taken')];{'regs': ['<BV64 x0>'], 'indirect_regs': [], 'direct_regs': ['<BV64 x0>'], 'mem': [], 'const_mem': []};[];{'regs': [], 'indirect_regs': [], 'direct_regs': [], 'mem': [], 'const_mem': []};{'regs': ['<BV64 x0>'], 'indirect_regs': [], 'direct_regs': ['<BV64 x0>'], 'mem': ['<BV64 0x5 + x0>', '<BV64 0x6 + x0>', '<BV64 0x8e50 + (0#32 .. (0x0 .. LOAD_8[<BV64 x0 + 0x24>]_23) ^ (0x0 .. LOAD_8[<BV64 x0 + 0x13>]_22))>', '<BV64 0x8e50 + (0#32 .. (0x0 .. LOAD_8[<BV64 x0 + 0x25>]_29) ^ (0x0 .. LOAD_8[<BV64 0x8e50 + (0#32 .. (0x0 .. LOAD_8[<BV64 x0 + 0x24>]_23) ^ (0x0 .. LOAD_8[<BV64 x0 + 0x13>]_22))>]_27 ^ LOAD_8[<BV64 x0 + 0x4>]_24))>', '<BV64 0x8e50 + (0#32 .. (0x0 .. LOAD_8[<BV64 x0 + 0x26>]_35) ^ (0x0 .. LOAD_8[<BV64 0x8e50 + (0#32 .. (0x0 .. LOAD_8[<BV64 x0 + 0x25>]_29) ^ (0x0 .. LOAD_8[<BV64 0x8e50 + (0#32 .. (0x0 .. LOAD_8[<BV64 x0 + 0x24>]_23) ^ (0x0 .. LOAD_8[<BV64 x0 + 0x13>]_22))>]_27 ^ LOAD_8[<BV64 x0 + 0x4>]_24))>]_33 ^ LOAD_8[<BV64 0x5 + x0>]_30))>', '<BV64 x0 + 0x13>', '<BV64 x0 + 0x24>', '<BV64 x0 + 0x25>', '<BV64 x0 + 0x26>', '<BV64 x0 + 0x27>', '<BV64 x0 + 0x4>'], 'const_mem': []};{'regs': ['<BV64 x0>'], 'indirect_regs': [], 'direct_regs': ['<BV64 x0>'], 'mem': ['<BV64 0x5 + x0>', '<BV64 0x6 + x0>', '<BV64 0x8e50 + (0#32 .. (0x0 .. LOAD_8[<BV64 x0 + 0x24>]_23) ^ (0x0 .. LOAD_8[<BV64 x0 + 0x13>]_22))>', '<BV64 0x8e50 + (0#32 .. (0x0 .. LOAD_8[<BV64 x0 + 0x25>]_29) ^ (0x0 .. LOAD_8[<BV64 0x8e50 + (0#32 .. (0x0 .. LOAD_8[<BV64 x0 + 0x24>]_23) ^ (0x0 .. LOAD_8[<BV64 x0 + 0x13>]_22))>]_27 ^ LOAD_8[<BV64 x0 + 0x4>]_24))>', '<BV64 0x8e50 + (0#32 .. (0x0 .. LOAD_8[<BV64 x0 + 0x26>]_35) ^ (0x0 .. LOAD_8[<BV64 0x8e50 + (0#32 .. (0x0 .. LOAD_8[<BV64 x0 + 0x25>]_29) ^ (0x0 .. LOAD_8[<BV64 0x8e50 + (0#32 .. (0x0 .. LOAD_8[<BV64 x0 + 0x24>]_23) ^ (0x0 .. LOAD_8[<BV64 x0 + 0x13>]_22))>]_27 ^ LOAD_8[<BV64 x0 + 0x4>]_24))>]_33 ^ LOAD_8[<BV64 0x5 + x0>]_30))>', '<BV64 x0 + 0x13>', '<BV64 x0 + 0x24>', '<BV64 x0 + 0x25>', '<BV64 x0 + 0x26>', '<BV64 x0 + 0x27>', '<BV64 x0 + 0x4>'], 'const_mem': []};0.0;0.0;0.0;0.0;[];;;;BaseControlType.CONSTANT_BASE;BaseControlType.CONSTANT_BASE;BaseControlType.CONSTANT_BASE;3;BranchControlType.BRANCH_DEPENDS_ON_SECRET_ADDRESS;BranchControlType.BRANCH_INDEPENDENT_FROM_SECRET;7164;False;False;True;True;True;True;False;False;True;False;False;False;True;False;False;True;True;False;True;False;[];['is_secret_inferable', 'has_valid_base', 'secret_below_cache_granularity'];False;False;True;True;True;True;False;False;True;False;False;False;True;False;False;True;True;False;True;False;[];['is_secret_inferable', 'has_valid_base', 'secret_below_cache_granularity']
5ec599f4-0fe0-4a60-9d83-b1adddee937b;SHA224Pad@@LIBMD_0.1;0x6260;0x5f58;0x0;TransmitterType.LOAD;58;0;False;['0x6260', '0x6340', '0x5ec0', '0x5f38'];<BV64 0x50 + x0>;64;[];[];['<BV64 x0>'];[];['<BV64 x0>'];[];[];0;18446744073709551615;18446744073709551615;1;;;True;0;18446744073709551615;18446744073709551615;1;;;True;ControlType.CONTROLLED;0;<BV64 0x50>;64;[];[];[];[];[];[];[];80.0;80.0;0.0;1.0;;;True;80.0;80.0;0.0;1.0;;;True;ControlType.NO_CONTROL;0;<BV64 0x50>;64;[];[];[];[];[];[];[];80;80;0;1.0;;;True;80.0;80.0;0.0;1.0;;;True;ControlType.NO_CONTROL;0;<BV64 x0>;64;[];[];['<BV64 x0>'];[];['<BV64 x0>'];[];[];0.0;1.8446744073709552e+19;18446744073709551615;1;;;True;0.0;1.8446744073709552e+19;18446744073709551615;1;;;True;ControlType.CONTROLLED;0;<BV64 x0>;64;[];[];['<BV64 x0>'];[];['<BV64 x0>'];[];[];0.0;1.8446744073709552e+19;1.8446744073709552e+19;1.0;;;True;0.0;1.8446744073709552e+19;1.8446744073709552e+19;1.0;;;True;ControlType.CONTROLLED;0;<BV64 x0>;64;[];[];[];[];[];[];[];0;0;0;;;;False;0;0;0;;;;False;ControlType.UNKNOWN;0;[('0x5f1c', <Bool True>, 'Taken'), ('0x627c', <Bool ((LOAD_64[<BV64 x0 + 0x40>]_24[31:0] << 0x1d[7:0] | LShR(LOAD_64[<BV64 x0 + 0x40>]_24[31:0], 0x3)[7:0]) & 63) == 0>, 'Taken'), ('0x637c', <Bool True>, 'Taken')];"{'regs': ['<BV64 x0>'], 'indirect_regs': [""<BV64 x0>: ['0x40']""], 'direct_regs': [], 'mem': ['<BV64 x0 + 0x40>'], 'const_mem': []}";[];{'regs': [], 'indirect_regs': [], 'direct_regs': [], 'mem': [], 'const_mem': []};{'regs': ['<BV64 x0>'], 'indirect_regs': [], 'direct_regs': ['<BV64 x0>'], 'mem': [], 'const_mem': []};{'regs': ['<BV64 x0>'], 'indirect_regs': [], 'direct_regs': ['<BV64 x0>'], 'mem': ['<BV64 x0 + 0x40>'], 'const_mem': []};63.0;0.0;64.0;64.0;['<Bool LOAD_128[<BV64 x0>]_54[31:0] == LOAD_32[<BV64 x0>]_56>', '<Bool LOAD_128[<BV64 x0>]_54[63:32] == LOAD_32[<BV64 x0 + 0x4>]_57>', '<Bool LOAD_128[<BV64 x0 + 0x10>]_55[31:0] == LOAD_32[<BV64 x0 + 0x10>]_62>', '<Bool LOAD_128[<BV64 x0 + 0x10>]_55[63:32] == LOAD_32[<BV64 x0 + 0x14>]_63>'];;;;BaseControlType.CONSTANT_BASE;BaseControlType.CONSTANT_BASE;BaseControlType.CONSTANT_BASE;3;BranchControlType.BRANCH_DEPENDS_ON_SECRET_VALUE;BranchControlType.BRANCH_INDEPENDENT_FROM_SECRET;24408;True;False;True;True;True;False;False;True;True;False;False;False;True;False;True;True;True;False;True;False;[];['has_valid_base'];True;False;True;True;True;False;False;True;True;False;False;False;True;False;True;True;True;False;True;False;[];['has_valid_base']
ffe68832-44f8-4ed4-b29c-67347db021f5;SHA256Pad@@LIBMD_0.0;0x6260;0x5f58;0x0;TransmitterType.LOAD;58;0;False;['0x6260', '0x6340', '0x5ec0', '0x5f38'];<BV64 0x50 + x0>;64;[];[];['<BV64 x0>'];[];['<BV64 x0>'];[];[];0;18446744073709551615;18446744073709551615;1;;;True;0;18446744073709551615;18446744073709551615;1;;;True;ControlType.CONTROLLED;0;<BV64 0x50>;64;[];[];[];[];[];[];[];80.0;80.0;0.0;1.0;;;True;80.0;80.0;0.0;1.0;;;True;ControlType.NO_CONTROL;0;<BV64 0x50>;64;[];[];[];[];[];[];[];80;80;0;1.0;;;True;80.0;80.0;0.0;1.0;;;True;ControlType.NO_CONTROL;0;<BV64 x0>;64;[];[];['<BV64 x0>'];[];['<BV64 x0>'];[];[];0.0;1.8446744073709552e+19;18446744073709551615;1;;;True;0.0;1.8446744073709552e+19;18446744073709551615;1;;;True;ControlType.CONTROLLED;0;<BV64 x0>;64;[];[];['<BV64 x0>'];[];['<BV64 x0>'];[];[];0.0;1.8446744073709552e+19;1.8446744073709552e+19;1.0;;;True;0.0;1.8446744073709552e+19;1.8446744073709552e+19;1.0;;;True;ControlType.CONTROLLED;0;<BV64 x0>;64;[];[];[];[];[];[];[];0;0;0;;;;False;0;0;0;;;;False;ControlType.UNKNOWN;0;[('0x5f1c', <Bool True>, 'Taken'), ('0x627c', <Bool ((LOAD_64[<BV64 x0 + 0x40>]_24[31:0] << 0x1d[7:0] | LShR(LOAD_64[<BV64 x0 + 0x40>]_24[31:0], 0x3)[7:0]) & 63) == 0>, 'Taken'), ('0x637c', <Bool True>, 'Taken')];"{'regs': ['<BV64 x0>'], 'indirect_regs': [""<BV64 x0>: ['0x40']""], 'direct_regs': [], 'mem': ['<BV64 x0 + 0x40>'], 'const_mem': []}";[];{'regs': [], 'indirect_regs': [], 'direct_regs': [], 'mem': [], 'const_mem': []};{'regs': ['<BV64 x0>'], 'indirect_regs': [], 'direct_regs': ['<BV64 x0>'], 'mem': [], 'const_mem': []};{'regs': ['<BV64 x0>'], 'indirect_regs': [], 'direct_regs': ['<BV64 x0>'], 'mem': ['<BV64 x0 + 0x40>'], 'const_mem': []};63.0;0.0;64.0;64.0;['<Bool LOAD_128[<BV64 x0>]_54[31:0] == LOAD_32[<BV64 x0>]_56>', '<Bool LOAD_128[<BV64 x0>]_54[63:32] == LOAD_32[<BV64 x0 + 0x4>]_57>', '<Bool LOAD_128[<BV64 x0 + 0x10>]_55[31:0] == LOAD_32[<BV64 x0 + 0x10>]_62>', '<Bool LOAD_128[<BV64 x0 + 0x10>]_55[63:32] == LOAD_32[<BV64 x0 + 0x14>]_63>'];;;;BaseControlType.CONSTANT_BASE;BaseControlType.CONSTANT_BASE;BaseControlType.CONSTANT_BASE;3;BranchControlType.BRANCH_DEPENDS_ON_SECRET_VALUE;BranchControlType.BRANCH_INDEPENDENT_FROM_SECRET;24408;True;False;True;True;True;False;False;True;True;False;False;False;True;False;True;True;True;False;True;False;[];['has_valid_base'];True;False;True;True;True;False;False;True;True;False;False;False;True;False;True;True;True;False;True;False;[];['has_valid_base']
c869f30f-ee39-4462-a23b-56bbfe4b84d0;MD2Transform@@LIBMD_0.0;0x1bc0;0x1bfc;0x1be8;TransmitterType.LOAD;52;4;False;['0x1bc0', '0x1be4', '0x1be4', '0x1be4'];<BV64 0x8e50 + (0#56 .. LOAD_8[<BV64 x0 + 0x27>]_41 ^ LOAD_8[<BV64 0x8e50 + (0#32 .. (0x0 .. LOAD_8[<BV64 x0 + 0x26>]_35) ^ (0x0 .. LOAD_8[<BV64 0x8e50 + (0#32 .. (0x0 .. LOAD_8[<BV64 x0 + 0x25>]_29) ^ (0x0 .. LOAD_8[<BV64 0x8e50 + (0#32 .. (0x0 .. LOAD_8[<BV64 x0 + 0x24>]_23) ^ (0x0 .. LOAD_8[<BV64 x0 + 0x13>]_22))>]_27 ^ LOAD_8[<BV64 x0 + 0x4>]_24))>]_33 ^ LOAD_8[<BV64 0x5 + x0>]_30))>]_39 ^ LOAD_8[<BV64 0x6 + x0>]_36)>;64;[];[];['<BV64 x0>'];"[""<BV64 x0>: ['0x13', '0x24', '0x25', '0x26', '0x27', '0x4', '0x5', '0x6']""]";[];['<BV64 0x5 + x0>', '<BV64 0x6 + x0>', '<BV64 0x8e50 + (0#32 .. (0x0 .. LOAD_8[<BV64 x0 + 0x24>]_23) ^ (0x0 .. LOAD_8[<BV64 x0 + 0x13>]_22))>', '<BV64 0x8e50 + (0#32 .. (0x0 .. LOAD_8[<BV64 x0 + 0x25>]_29) ^ (0x0 .. LOAD_8[<BV64 0x8e50 + (0#32 .. (0x0 .. LOAD_8[<BV64 x0 + 0x24>]_23) ^ (0x0 .. LOAD_8[<BV64 x0 + 0x13>]_22))>]_27 ^ LOAD_8[<BV64 x0 + 0x4>]_24))>', '<BV64 0x8e50 + (0#32 .. (0x0 .. LOAD_8[<BV64 x0 + 0x26>]_35) ^ (0x0 .. LOAD_8[<BV64 0x8e50 + (0#32 .. (0x0 .. LOAD_8[<BV64 x0 + 0x25>]_29) ^ (0x0 .. LOAD_8[<BV64 0x8e50 + (0#32 .. (0x0 .. LOAD_8[<BV64 x0 + 0x24>]_23) ^ (0x0 .. LOAD_8[<BV64 x0 + 0x13>]_22))>]_27 ^ LOAD_8[<BV64 x0 + 0x4>]_24))>]_33 ^ LOAD_8[<BV64 0x5 + x0>]_30))>', '<BV64 x0 + 0x13>', '<BV64 x0 + 0x24>', '<BV64 x0 + 0x25>', '<BV64 x0 + 0x26>', '<BV64 x0 + 0x27>', '<BV64 x0 + 0x4>'];[];36432;36687;255;1;36863.0;36352.0;False;36432;36687;255;1;36863.0;36352.0;False;ControlType.CONTROLLED;4;<BV64 0x8e50>;64;[];[];[];[];[];[];[];36432.0;36432.0;0.0;1.0;;;True;36432.0;36432.0;0.0;1.0;;;True;ControlType.NO_CONTROL;0;<BV64 0x8e50>;64;[];[];[];[];[];[];[];36432;36432;0;1.0;;;True;36432.0;36432.0;0.0;1.0;;;True;ControlType.NO_CONTROL;0;<BV64 0#56 .. LOAD_8[<BV64 x0 + 0x27>]_41 ^ LOAD_8[<BV64 0x8e50 + (0#32 .. (0x0 .. LOAD_8[<BV64 x0 + 0x26>]_35) ^ (0x0 .. LOAD_8[<BV64 0x8e50 + (0#32 .. (0x0 .. LOAD_8[<BV64 x0 + 0x25>]_29) ^ (0x0 .. LOAD_8[<BV64 0x8e50 + (0#32 .. (0x0 .. LOAD_8[<BV64 x0 + 0x24>]_23) ^ (0x0 .. LOAD_8[<BV64 x0 + 0x13>]_22))>]_27 ^ LOAD_8[<BV64 x0 + 0x4>]_24))>]_33 ^ LOAD_8[<BV64 0x5 + x0>]_30))>]_39 ^ LOAD_8[<BV64 0x6 + x0>]_36>;64;[];[];['<BV64 x0>'];"[""<BV64 x0>: ['0x13', '0x24', '0x25', '0x26', '0x27', '0x4', '0x5', '0x6']""]";[];['<BV64 0x5 + x0>', '<BV64 0x6 + x0>', '<BV64 0x8e50 + (0#32 .. (0x0 .. LOAD_8[<BV64 x0 + 0x24>]_23) ^ (0x0 .. LOAD_8[<BV64 x0 + 0x13>]_22))>', '<BV64 0x8e50 + (0#32 .. (0x0 .. LOAD_8[<BV64 x0 + 0x25>]_29) ^ (0x0 .. LOAD_8[<BV64 0x8e50 + (0#32 .. (0x0 .. LOAD_8[<BV64 x0 + 0x24>]_23) ^ (0x0 .. LOAD_8[<BV64 x0 + 0x13>]_22))>]_27 ^ LOAD_8[<BV64 x0 + 0x4>]_24))>', '<BV64 0x8e50 + (0#32 .. (0x0 .. LOAD_8[<BV64 x0 + 0x26>]_35) ^ (0x0 .. LOAD_8[<BV64 0x8e50 + (0#32 .. (0x0 .. LOAD_8[<BV64 x0 + 0x25>]_29) ^ (0x0 .. LOAD_8[<BV64 0x8e50 + (0#32 .. (0x0 .. LOAD_8[<BV64 x0 + 0x24>]_23) ^ (0x0 .. LOAD_8[<BV64 x0 + 0x13>]_22))>]_27 ^ LOAD_8[<BV64 x0 + 0x4>]_24))>]_33 ^ LOAD_8[<BV64 0x5 + x0>]_30))>', '<BV64 x0 + 0x13>', '<BV64 x0 + 0x24>', '<BV64 x0 + 0x25>', '<BV64 x0 + 0x26>', '<BV64 x0 + 0x27>', '<BV64 x0 + 0x4>'];[];0.0;255.0;255;1;;;False;0.0;255.0;255;1;;;False;ControlType.CONTROLLED;4;<BV64 0x6 + x0>;64;[('0x1c10', <Bool x0 + 0x14 != x0 + 0x5>, 'Taken'), ('0x1c10', <Bool 0x14 + x0 != x0 + 0x6>, 'Taken'), ('0x1c10', <Bool 0x14 + x0 != x0 + 0x7>, 'Taken')];[];['<BV64 x0>'];[];['<BV64 x0>'];[];[];0.0;1.8446744073709552e+19;1.8446744073709552e+19;1.0;;;True;0.0;1.8446744073709552e+19;1.8446744073709552e+19;1.0;;;True;ControlType.CONTROLLED;0;<BV8 LOAD_8[<BV64 0x6 + x0>]_36>;8;[];[];[];[];[];[];[];0;0;0;;;;False;0;0;0;;;;False;ControlType.UNKNOWN;1;[('0x1c10', <Bool x0 + 0x14 != x0 + 0x5>, 'Taken'), ('0x1c10', <Bool 0x14 + x0 != x0 + 0x6>, 'Taken'), ('0x1c10', <Bool 0x14 + x0 != x0 + 0x7>, 'Taken')];{'regs': ['<BV64 x0>'], 'indirect_regs': [], 'direct_regs': ['<BV64 x0>'], 'mem': [], 'const_mem': []};[];{'regs': [], 'indirect_regs': [], 'direct_regs': [], 'mem': [], 'const_mem': []};{'regs': ['<BV64 x0>'], 'indirect_regs': [], 'direct_regs': ['<BV64 x0>'], 'mem': ['<BV64 0x5 + x0>', '<BV64 0x6 + x0>', '<BV64 0x8e50 + (0#32 .. (0x0 .. LOAD_8[<BV64 x0 + 0x24>]_23) ^ (0x0 .. LOAD_8[<BV64 x0 + 0x13>]_22))>', '<BV64 0x8e50 + (0#32 .. (0x0 .. LOAD_8[<BV64 x0 + 0x25>]_29) ^ (0x0 .. LOAD_8[<BV64 0x8e50 + (0#32 .. (0x0 .. LOAD_8[<BV64 x0 + 0x24>]_23) ^ (0x0 .. LOAD_8[<BV64 x0 + 0x13>]_22))>]_27 ^ LOAD_8[<BV64 x0 + 0x4>]_24))>', '<BV64 0x8e50 + (0#32 .. (0x0 .. LOAD_8[<BV64 x0 + 0x26>]_35) ^ (0x0 .. LOAD_8[<BV64 0x8e50 + (0#32 .. (0x0 .. LOAD_8[<BV64 x0 + 0x25>]_29) ^ (0x0 .. LOAD_8[<BV64 0x8e50 + (0#32 .. (0x0 .. LOAD_8[<BV64 x0 + 0x24>]_23) ^ (0x0 .. LOAD_8[<BV64 x0 + 0x13>]_22))>]_27 ^ LOAD_8[<BV64 x0 + 0x4>]_24))>]_33 ^ LOAD_8[<BV64 0x5 + x0>]_30))>', '<BV64 x0 + 0x13>', '<BV64 x0 + 0x24>', '<BV64 x0 + 0x25>', '<BV64 x0 + 0x26>', '<BV64 x0 + 0x27>', '<BV64 x0 + 0x4>'], 'const_mem': []};{'regs': ['<BV64 x0>'], 'indirect_regs': [], 'direct_regs': ['<BV64 x0>'], 'mem': ['<BV64 0x5 + x0>', '<BV64 0x6 + x0>', '<BV64 0x8e50 + (0#32 .. (0x0 .. LOAD_8[<BV64 x0 + 0x24>]_23) ^ (0x0 .. LOAD_8[<BV64 x0 + 0x13>]_22))>', '<BV64 0x8e50 + (0#32 .. (0x0 .. LOAD_8[<BV64 x0 + 0x25>]_29) ^ (0x0 .. LOAD_8[<BV64 0x8e50 + (0#32 .. (0x0 .. LOAD_8[<BV64 x0 + 0x24>]_23) ^ (0x0 .. LOAD_8[<BV64 x0 + 0x13>]_22))>]_27 ^ LOAD_8[<BV64 x0 + 0x4>]_24))>', '<BV64 0x8e50 + (0#32 .. (0x0 .. LOAD_8[<BV64 x0 + 0x26>]_35) ^ (0x0 .. LOAD_8[<BV64 0x8e50 + (0#32 .. (0x0 .. LOAD_8[<BV64 x0 + 0x25>]_29) ^ (0x0 .. LOAD_8[<BV64 0x8e50 + (0#32 .. (0x0 .. LOAD_8[<BV64 x0 + 0x24>]_23) ^ (0x0 .. LOAD_8[<BV64 x0 + 0x13>]_22))>]_27 ^ LOAD_8[<BV64 x0 + 0x4>]_24))>]_33 ^ LOAD_8[<BV64 0x5 + x0>]_30))>', '<BV64 x0 + 0x13>', '<BV64 x0 + 0x24>', '<BV64 x0 + 0x25>', '<BV64 x0 + 0x26>', '<BV64 x0 + 0x27>', '<BV64 x0 + 0x4>'], 'const_mem': []};0.0;0.0;0.0;0.0;[];;;;BaseControlType.CONSTANT_BASE;BaseControlType.CONSTANT_BASE;BaseControlType.CONSTANT_BASE;3;BranchControlType.BRANCH_DEPENDS_ON_SECRET_ADDRESS;BranchControlType.BRANCH_INDEPENDENT_FROM_SECRET;7164;False;False;True;True;True;True;False;False;True;False;False;False;True;False;False;True;True;False;True;False;[];['is_secret_inferable', 'has_valid_base', 'secret_below_cache_granularity'];False;False;True;True;True;True;False;False;True;False;False;False;True;False;False;True;True;False;True;False;[];['is_secret_inferable', 'has_valid_base', 'secret_below_cache_granularity']
89ebff30-df5a-4862-8606-3e3799bec93e;SHA224Pad@@LIBMD_0.1;0x6260;0x5f58;0x0;TransmitterType.LOAD;98;0;False;['0x6260', '0x6340', '0x5ec0', '0x5f38', '0x5f20'];<BV64 0x54 + x0>;64;[];[];['<BV64 x0>'];[];['<BV64 x0>'];[];[];0;18446744073709551615;18446744073709551615;1;;;True;0;18446744073709551615;18446744073709551615;1;;;True;ControlType.CONTROLLED;0;<BV64 0x54>;64;[];[];[];[];[];[];[];84.0;84.0;0.0;1.0;;;True;84.0;84.0;0.0;1.0;;;True;ControlType.NO_CONTROL;0;<BV64 0x54>;64;[];[];[];[];[];[];[];84;84;0;1.0;;;True;84.0;84.0;0.0;1.0;;;True;ControlType.NO_CONTROL;0;<BV64 x0>;64;[];[];['<BV64 x0>'];[];['<BV64 x0>'];[];[];0.0;1.8446744073709552e+19;18446744073709551615;1;;;True;0.0;1.8446744073709552e+19;18446744073709551615;1;;;True;ControlType.CONTROLLED;0;<BV64 x0>;64;[];[];['<BV64 x0>'];[];['<BV64 x0>'];[];[];0.0;1.8446744073709552e+19;1.8446744073709552e+19;1.0;;;True;0.0;1.8446744073709552e+19;1.8446744073709552e+19;1.0;;;True;ControlType.CONTROLLED;0;<BV64 x0>;64;[];[];[];[];[];[];[];0;0;0;;;;False;0;0;0;;;;False;ControlType.UNKNOWN;0;[('0x5f1c', <Bool True>, 'Taken'), ('0x5fbc', <Bool True>, 'Taken'), ('0x627c', <Bool ((LOAD_64[<BV64 x0 + 0x40>]_24[31:0] << 0x1d[7:0] | LShR(LOAD_64[<BV64 x0 + 0x40>]_24[31:0], 0x3)[7:0]) & 63) == 0>, 'Taken'), ('0x637c', <Bool True>, 'Taken')];"{'regs': ['<BV64 x0>'], 'indirect_regs': [""<BV64 x0>: ['0x40']""], 'direct_regs': [], 'mem': ['<BV64 x0 + 0x40>'], 'const_mem': []}";[];{'regs': [], 'indirect_regs': [], 'direct_regs': [], 'mem': [], 'const_mem': []};{'regs': ['<BV64 x0>'], 'indirect_regs': [], 'direct_regs': ['<BV64 x0>'], 'mem': [], 'const_mem': []};{'regs': ['<BV64 x0>'], 'indirect_regs': [], 'direct_regs': ['<BV64 x0>'], 'mem': ['<BV64 x0 + 0x40>'], 'const_mem': []};63.0;0.0;64.0;64.0;['<Bool LOAD_128[<BV64 x0>]_54[31:0] == LOAD_32[<BV64 x0>]_56>', '<Bool LOAD_128[<BV64 x0>]_54[63:32] == LOAD_32[<BV64 x0 + 0x4>]_57>', '<Bool LOAD_128[<BV64 x0 + 0x10>]_55[31:0] == LOAD_32[<BV64 x0 + 0x10>]_62>', '<Bool LOAD_128[<BV64 x0 + 0x10>]_55[63:32] == LOAD_32[<BV64 x0 + 0x14>]_63>'];;;;BaseControlType.CONSTANT_BASE;BaseControlType.CONSTANT_BASE;BaseControlType.CONSTANT_BASE;4;BranchControlType.BRANCH_DEPENDS_ON_SECRET_VALUE;BranchControlType.BRANCH_INDEPENDENT_FROM_SECRET;24408;True;False;True;True;True;False;False;True;True;False;False;False;True;False;True;True;True;False;True;False;[];['has_valid_base'];True;False;True;True;True;False;False;True;True;False;False;False;True;False;True;True;True;False;True;False;[];['has_valid_base']
da1c9b8a-9c14-44c0-90f8-0e5af9c57cf8;SHA256Pad@@LIBMD_0.0;0x6260;0x5f58;0x0;TransmitterType.LOAD;98;0;False;['0x6260', '0x6340', '0x5ec0', '0x5f38', '0x5f20'];<BV64 0x54 + x0>;64;[];[];['<BV64 x0>'];[];['<BV64 x0>'];[];[];0;18446744073709551615;18446744073709551615;1;;;True;0;18446744073709551615;18446744073709551615;1;;;True;ControlType.CONTROLLED;0;<BV64 0x54>;64;[];[];[];[];[];[];[];84.0;84.0;0.0;1.0;;;True;84.0;84.0;0.0;1.0;;;True;ControlType.NO_CONTROL;0;<BV64 0x54>;64;[];[];[];[];[];[];[];84;84;0;1.0;;;True;84.0;84.0;0.0;1.0;;;True;ControlType.NO_CONTROL;0;<BV64 x0>;64;[];[];['<BV64 x0>'];[];['<BV64 x0>'];[];[];0.0;1.8446744073709552e+19;18446744073709551615;1;;;True;0.0;1.8446744073709552e+19;18446744073709551615;1;;;True;ControlType.CONTROLLED;0;<BV64 x0>;64;[];[];['<BV64 x0>'];[];['<BV64 x0>'];[];[];0.0;1.8446744073709552e+19;1.8446744073709552e+19;1.0;;;True;0.0;1.8446744073709552e+19;1.8446744073709552e+19;1.0;;;True;ControlType.CONTROLLED;0;<BV64 x0>;64;[];[];[];[];[];[];[];0;0;0;;;;False;0;0;0;;;;False;ControlType.UNKNOWN;0;[('0x5f1c', <Bool True>, 'Taken'), ('0x5fbc', <Bool True>, 'Taken'), ('0x627c', <Bool ((LOAD_64[<BV64 x0 + 0x40>]_24[31:0] << 0x1d[7:0] | LShR(LOAD_64[<BV64 x0 + 0x40>]_24[31:0], 0x3)[7:0]) & 63) == 0>, 'Taken'), ('0x637c', <Bool True>, 'Taken')];"{'regs': ['<BV64 x0>'], 'indirect_regs': [""<BV64 x0>: ['0x40']""], 'direct_regs': [], 'mem': ['<BV64 x0 + 0x40>'], 'const_mem': []}";[];{'regs': [], 'indirect_regs': [], 'direct_regs': [], 'mem': [], 'const_mem': []};{'regs': ['<BV64 x0>'], 'indirect_regs': [], 'direct_regs': ['<BV64 x0>'], 'mem': [], 'const_mem': []};{'regs': ['<BV64 x0>'], 'indirect_regs': [], 'direct_regs': ['<BV64 x0>'], 'mem': ['<BV64 x0 + 0x40>'], 'const_mem': []};63.0;0.0;64.0;64.0;['<Bool LOAD_128[<BV64 x0>]_54[31:0] == LOAD_32[<BV64 x0>]_56>', '<Bool LOAD_128[<BV64 x0>]_54[63:32] == LOAD_32[<BV64 x0 + 0x4>]_57>', '<Bool LOAD_128[<BV64 x0 + 0x10>]_55[31:0] == LOAD_32[<BV64 x0 + 0x10>]_62>', '<Bool LOAD_128[<BV64 x0 + 0x10>]_55[63:32] == LOAD_32[<BV64 x0 + 0x14>]_63>'];;;;BaseControlType.CONSTANT_BASE;BaseControlType.CONSTANT_BASE;BaseControlType.CONSTANT_BASE;4;BranchControlType.BRANCH_DEPENDS_ON_SECRET_VALUE;BranchControlType.BRANCH_INDEPENDENT_FROM_SECRET;24408;True;False;True;True;True;False;False;True;True;False;False;False;True;False;True;True;True;False;True;False;[];['has_valid_base'];True;False;True;True;True;False;False;True;True;False;False;False;True;False;True;True;True;False;True;False;[];['has_valid_base']
c8f11d65-a54d-4266-b1ed-b84e3f1b7c41;MD2Transform@@LIBMD_0.0;0x1bc0;0x1c08;0x0;TransmitterType.STORE;55;0;False;['0x1bc0', '0x1be4', '0x1be4', '0x1be4'];<BV64 0x7 + x0>;64;[('0x1c10', <Bool x0 + 0x14 != x0 + 0x5>, 'Taken'), ('0x1c10', <Bool 0x14 + x0 != x0 + 0x6>, 'Taken'), ('0x1c10', <Bool 0x14 + x0 != x0 + 0x7>, 'Taken')];[];['<BV64 x0>'];[];['<BV64 x0>'];[];[];0;18446744073709551615;18446744073709551615;1;;;True;0;18446744073709551615;18446744073709551615;1;;;True;ControlType.CONTROLLED;0;<BV64 0x7>;64;[];[];[];[];[];[];[];7.0;7.0;0.0;1.0;;;True;7.0;7.0;0.0;1.0;;;True;ControlType.NO_CONTROL;0;<BV64 0x7>;64;[];[];[];[];[];[];[];7;7;0;1.0;;;True;7.0;7.0;0.0;1.0;;;True;ControlType.NO_CONTROL;0;<BV64 x0>;64;[('0x1c10', <Bool x0 + 0x14 != x0 + 0x5>, 'Taken'), ('0x1c10', <Bool 0x14 + x0 != x0 + 0x6>, 'Taken'), ('0x1c10', <Bool 0x14 + x0 != x0 + 0x7>, 'Taken')];[];['<BV64 x0>'];[];['<BV64 x0>'];[];[];0.0;1.8446744073709552e+19;18446744073709551615;1;;;True;0.0;1.8446744073709552e+19;18446744073709551615;1;;;True;ControlType.CONTROLLED;0;<BV64 x0>;64;[('0x1c10', <Bool x0 + 0x14 != x0 + 0x5>, 'Taken'), ('0x1c10', <Bool 0x14 + x0 != x0 + 0x6>, 'Taken'), ('0x1c10', <Bool 0x14 + x0 != x0 + 0x7>, 'Taken')];[];['<BV64 x0>'];[];['<BV64 x0>'];[];[];0.0;1.8446744073709552e+19;1.8446744073709552e+19;1.0;;;True;0.0;1.8446744073709552e+19;1.8446744073709552e+19;1.0;;;True;ControlType.CONTROLLED;0;<BV64 x0>;64;[];[];[];[];[];[];[];0;0;0;;;;False;0;0;0;;;;False;ControlType.UNKNOWN;0;[('0x1c10', <Bool x0 + 0x14 != x0 + 0x5>, 'Taken'), ('0x1c10', <Bool 0x14 + x0 != x0 + 0x6>, 'Taken'), ('0x1c10', <Bool 0x14 + x0 != x0 + 0x7>, 'Taken')];{'regs': ['<BV64 x0>'], 'indirect_regs': [], 'direct_regs': ['<BV64 x0>'], 'mem': [], 'const_mem': []};[];{'regs': [], 'indirect_regs': [], 'direct_regs': [], 'mem': [], 'const_mem': []};{'regs': ['<BV64 x0>'], 'indirect_regs': [], 'direct_regs': ['<BV64 x0>'], 'mem': [], 'const_mem': []};{'regs': ['<BV64 x0>'], 'indirect_regs': [], 'direct_regs': ['<BV64 x0>'], 'mem': [], 'const_mem': []};63.0;0.0;64.0;64.0;[];;;;BaseControlType.CONSTANT_BASE;BaseControlType.CONSTANT_BASE;BaseControlType.CONSTANT_BASE;3;BranchControlType.BRANCH_DEPENDS_ON_SECRET_VALUE;BranchControlType.BRANCH_INDEPENDENT_FROM_SECRET;7176;True;False;True;True;True;False;False;True;True;False;False;False;True;False;True;True;True;False;True;False;[];['has_valid_base'];True;False;True;True;True;False;False;True;True;False;False;False;True;False;True;True;True;False;True;False;[];['has_valid_base']
9dd54f86-ba76-4f44-ada0-580be3c29bb6;MD2Transform@@LIBMD_0.0;0x1bc0;0x1be4;0x0;TransmitterType.LOAD;58;0;False;['0x1bc0', '0x1be4', '0x1be4', '0x1be4', '0x1be4'];<BV64 0x28 + x0>;64;[('0x1c10', <Bool x0 + 0x14 != x0 + 0x5>, 'Taken'), ('0x1c10', <Bool 0x14 + x0 != x0 + 0x6>, 'Taken'), ('0x1c10', <Bool 0x14 + x0 != x0 + 0x7>, 'Taken'), ('0x1c10', <Bool 0x14 + x0 != x0 + 0x8>, 'Taken')];[];['<BV64 x0>'];[];['<BV64 x0>'];[];[];0;18446744073709551615;18446744073709551615;1;;;True;0;18446744073709551615;18446744073709551615;1;;;True;ControlType.CONTROLLED;0;<BV64 0x28>;64;[];[];[];[];[];[];[];40.0;40.0;0.0;1.0;;;True;40.0;40.0;0.0;1.0;;;True;ControlType.NO_CONTROL;0;<BV64 0x28>;64;[];[];[];[];[];[];[];40;40;0;1.0;;;True;40.0;40.0;0.0;1.0;;;True;ControlType.NO_CONTROL;0;<BV64 x0>;64;[('0x1c10', <Bool x0 + 0x14 != x0 + 0x5>, 'Taken'), ('0x1c10', <Bool 0x14 + x0 != x0 + 0x6>, 'Taken'), ('0x1c10', <Bool 0x14 + x0 != x0 + 0x7>, 'Taken'), ('0x1c10', <Bool 0x14 + x0 != x0 + 0x8>, 'Taken')];[];['<BV64 x0>'];[];['<BV64 x0>'];[];[];0.0;1.8446744073709552e+19;18446744073709551615;1;;;True;0.0;1.8446744073709552e+19;18446744073709551615;1;;;True;ControlType.CONTROLLED;0;<BV64 x0>;64;[('0x1c10', <Bool x0 + 0x14 != x0 + 0x5>, 'Taken'), ('0x1c10', <Bool 0x14 + x0 != x0 + 0x6>, 'Taken'), ('0x1c10', <Bool 0x14 + x0 != x0 + 0x7>, 'Taken'), ('0x1c10', <Bool 0x14 + x0 != x0 + 0x8>, 'Taken')];[];['<BV64 x0>'];[];['<BV64 x0>'];[];[];0.0;1.8446744073709552e+19;1.8446744073709552e+19;1.0;;;True;0.0;1.8446744073709552e+19;1.8446744073709552e+19;1.0;;;True;ControlType.CONTROLLED;0;<BV64 x0>;64;[];[];[];[];[];[];[];0;0;0;;;;False;0;0;0;;;;False;ControlType.UNKNOWN;0;[('0x1c10', <Bool x0 + 0x14 != x0 + 0x5>, 'Taken'), ('0x1c10', <Bool 0x14 + x0 != x0 + 0x6>, 'Taken'), ('0x1c10', <Bool 0x14 + x0 != x0 + 0x7>, 'Taken'), ('0x1c10', <Bool 0x14 + x0 != x0 + 0x8>, 'Taken')];{'regs': ['<BV64 x0>'], 'indirect_regs': [], 'direct_regs': ['<BV64 x0>'], 'mem': [], 'const_mem': []};[];{'regs': [], 'indirect_regs': [], 'direct_regs': [], 'mem': [], 'const_mem': []};{'regs': ['<BV64 x0>'], 'indirect_regs': [], 'direct_regs': ['<BV64 x0>'], 'mem': [], 'const_mem': []};{'regs': ['<BV64 x0>'], 'indirect_regs': [], 'direct_regs': ['<BV64 x0>'], 'mem': [], 'const_mem': []};63.0;0.0;64.0;64.0;[];;;;BaseControlType.CONSTANT_BASE;BaseControlType.CONSTANT_BASE;BaseControlType.CONSTANT_BASE;4;BranchControlType.BRANCH_DEPENDS_ON_SECRET_VALUE;BranchControlType.BRANCH_INDEPENDENT_FROM_SECRET;7140;True;False;True;True;True;False;False;True;True;False;False;False;True;False;True;True;True;False;True;False;[];['has_valid_base'];True;False;True;True;True;False;False;True;True;False;False;False;True;False;True;True;True;False;True;False;[];['has_valid_base']
3fcc165f-e5be-4774-933c-243b931dfe1b;MD2Transform@@LIBMD_0.0;0x1bc0;0x1be8;0x0;TransmitterType.LOAD;59;0;False;['0x1bc0', '0x1be4', '0x1be4', '0x1be4', '0x1be4'];<BV64 0x8 + x0>;64;[('0x1c10', <Bool x0 + 0x14 != x0 + 0x5>, 'Taken'), ('0x1c10', <Bool 0x14 + x0 != x0 + 0x6>, 'Taken'), ('0x1c10', <Bool 0x14 + x0 != x0 + 0x7>, 'Taken'), ('0x1c10', <Bool 0x14 + x0 != x0 + 0x8>, 'Taken')];[];['<BV64 x0>'];[];['<BV64 x0>'];[];[];0;18446744073709551615;18446744073709551615;1;;;True;0;18446744073709551615;18446744073709551615;1;;;True;ControlType.CONTROLLED;0;<BV64 0x8>;64;[];[];[];[];[];[];[];8.0;8.0;0.0;1.0;;;True;8.0;8.0;0.0;1.0;;;True;ControlType.NO_CONTROL;0;<BV64 0x8>;64;[];[];[];[];[];[];[];8;8;0;1.0;;;True;8.0;8.0;0.0;1.0;;;True;ControlType.NO_CONTROL;0;<BV64 x0>;64;[('0x1c10', <Bool x0 + 0x14 != x0 + 0x5>, 'Taken'), ('0x1c10', <Bool 0x14 + x0 != x0 + 0x6>, 'Taken'), ('0x1c10', <Bool 0x14 + x0 != x0 + 0x7>, 'Taken'), ('0x1c10', <Bool 0x14 + x0 != x0 + 0x8>, 'Taken')];[];['<BV64 x0>'];[];['<BV64 x0>'];[];[];0.0;1.8446744073709552e+19;18446744073709551615;1;;;True;0.0;1.8446744073709552e+19;18446744073709551615;1;;;True;ControlType.CONTROLLED;0;<BV64 x0>;64;[('0x1c10', <Bool x0 + 0x14 != x0 + 0x5>, 'Taken'), ('0x1c10', <Bool 0x14 + x0 != x0 + 0x6>, 'Taken'), ('0x1c10', <Bool 0x14 + x0 != x0 + 0x7>, 'Taken'), ('0x1c10', <Bool 0x14 + x0 != x0 + 0x8>, 'Taken')];[];['<BV64 x0>'];[];['<BV64 x0>'];[];[];0.0;1.8446744073709552e+19;1.8446744073709552e+19;1.0;;;True;0.0;1.8446744073709552e+19;1.8446744073709552e+19;1.0;;;True;ControlType.CONTROLLED;0;<BV64 x0>;64;[];[];[];[];[];[];[];0;0;0;;;;False;0;0;0;;;;False;ControlType.UNKNOWN;0;[('0x1c10', <Bool x0 + 0x14 != x0 + 0x5>, 'Taken'), ('0x1c10', <Bool 0x14 + x0 != x0 + 0x6>, 'Taken'), ('0x1c10', <Bool 0x14 + x0 != x0 + 0x7>, 'Taken'), ('0x1c10', <Bool 0x14 + x0 != x0 + 0x8>, 'Taken')];{'regs': ['<BV64 x0>'], 'indirect_regs': [], 'direct_regs': ['<BV64 x0>'], 'mem': [], 'const_mem': []};[];{'regs': [], 'indirect_regs': [], 'direct_regs': [], 'mem': [], 'const_mem': []};{'regs': ['<BV64 x0>'], 'indirect_regs': [], 'direct_regs': ['<BV64 x0>'], 'mem': [], 'const_mem': []};{'regs': ['<BV64 x0>'], 'indirect_regs': [], 'direct_regs': ['<BV64 x0>'], 'mem': [], 'const_mem': []};63.0;0.0;64.0;64.0;[];;;;BaseControlType.CONSTANT_BASE;BaseControlType.CONSTANT_BASE;BaseControlType.CONSTANT_BASE;4;BranchControlType.BRANCH_DEPENDS_ON_SECRET_VALUE;BranchControlType.BRANCH_INDEPENDENT_FROM_SECRET;7144;True;False;True;True;True;False;False;True;True;False;False;False;True;False;True;True;True;False;True;False;[];['has_valid_base'];True;False;True;True;True;False;False;True;True;False;False;False;True;False;True;True;True;False;True;False;[];['has_valid_base']
e3a3bd7a-ae42-47c8-bb1b-da6dc919d1c2;MD2Transform@@LIBMD_0.0;0x1bc0;0x1bf0;0x0;TransmitterType.LOAD;61;0;False;['0x1bc0', '0x1be4', '0x1be4', '0x1be4', '0x1be4'];<BV64 0x18 + x0>;64;[('0x1c10', <Bool x0 + 0x14 != x0 + 0x5>, 'Taken'), ('0x1c10', <Bool 0x14 + x0 != x0 + 0x6>, 'Taken'), ('0x1c10', <Bool 0x14 + x0 != x0 + 0x7>, 'Taken'), ('0x1c10', <Bool 0x14 + x0 != x0 + 0x8>, 'Taken')];[];['<BV64 x0>'];[];['<BV64 x0>'];[];[];0;18446744073709551615;18446744073709551615;1;;;True;0;18446744073709551615;18446744073709551615;1;;;True;ControlType.CONTROLLED;0;<BV64 0x18>;64;[];[];[];[];[];[];[];24.0;24.0;0.0;1.0;;;True;24.0;24.0;0.0;1.0;;;True;ControlType.NO_CONTROL;0;<BV64 0x18>;64;[];[];[];[];[];[];[];24;24;0;1.0;;;True;24.0;24.0;0.0;1.0;;;True;ControlType.NO_CONTROL;0;<BV64 x0>;64;[('0x1c10', <Bool x0 + 0x14 != x0 + 0x5>, 'Taken'), ('0x1c10', <Bool 0x14 + x0 != x0 + 0x6>, 'Taken'), ('0x1c10', <Bool 0x14 + x0 != x0 + 0x7>, 'Taken'), ('0x1c10', <Bool 0x14 + x0 != x0 + 0x8>, 'Taken')];[];['<BV64 x0>'];[];['<BV64 x0>'];[];[];0.0;1.8446744073709552e+19;18446744073709551615;1;;;True;0.0;1.8446744073709552e+19;18446744073709551615;1;;;True;ControlType.CONTROLLED;0;<BV64 x0>;64;[('0x1c10', <Bool x0 + 0x14 != x0 + 0x5>, 'Taken'), ('0x1c10', <Bool 0x14 + x0 != x0 + 0x6>, 'Taken'), ('0x1c10', <Bool 0x14 + x0 != x0 + 0x7>, 'Taken'), ('0x1c10', <Bool 0x14 + x0 != x0 + 0x8>, 'Taken')];[];['<BV64 x0>'];[];['<BV64 x0>'];[];[];0.0;1.8446744073709552e+19;1.8446744073709552e+19;1.0;;;True;0.0;1.8446744073709552e+19;1.8446744073709552e+19;1.0;;;True;ControlType.CONTROLLED;0;<BV64 x0>;64;[];[];[];[];[];[];[];0;0;0;;;;False;0;0;0;;;;False;ControlType.UNKNOWN;0;[('0x1c10', <Bool x0 + 0x14 != x0 + 0x5>, 'Taken'), ('0x1c10', <Bool 0x14 + x0 != x0 + 0x6>, 'Taken'), ('0x1c10', <Bool 0x14 + x0 != x0 + 0x7>, 'Taken'), ('0x1c10', <Bool 0x14 + x0 != x0 + 0x8>, 'Taken')];{'regs': ['<BV64 x0>'], 'indirect_regs': [], 'direct_regs': ['<BV64 x0>'], 'mem': [], 'const_mem': []};[];{'regs': [], 'indirect_regs': [], 'direct_regs': [], 'mem': [], 'const_mem': []};{'regs': ['<BV64 x0>'], 'indirect_regs': [], 'direct_regs': ['<BV64 x0>'], 'mem': [], 'const_mem': []};{'regs': ['<BV64 x0>'], 'indirect_regs': [], 'direct_regs': ['<BV64 x0>'], 'mem': [], 'const_mem': []};63.0;0.0;64.0;64.0;[];;;;BaseControlType.CONSTANT_BASE;BaseControlType.CONSTANT_BASE;BaseControlType.CONSTANT_BASE;4;BranchControlType.BRANCH_DEPENDS_ON_SECRET_VALUE;BranchControlType.BRANCH_INDEPENDENT_FROM_SECRET;7152;True;False;True;True;True;False;False;True;True;False;False;False;True;False;True;True;True;False;True;False;[];['has_valid_base'];True;False;True;True;True;False;False;True;True;False;False;False;True;False;True;True;True;False;True;False;[];['has_valid_base']
cd21a348-c77c-4ef1-9c27-388c22441b07;MD2Transform@@LIBMD_0.0;0x1bc0;0x1bf8;0x0;TransmitterType.STORE;63;0;False;['0x1bc0', '0x1be4', '0x1be4', '0x1be4', '0x1be4'];<BV64 0x38 + x0>;64;[('0x1c10', <Bool x0 + 0x14 != x0 + 0x5>, 'Taken'), ('0x1c10', <Bool 0x14 + x0 != x0 + 0x6>, 'Taken'), ('0x1c10', <Bool 0x14 + x0 != x0 + 0x7>, 'Taken'), ('0x1c10', <Bool 0x14 + x0 != x0 + 0x8>, 'Taken')];[];['<BV64 x0>'];[];['<BV64 x0>'];[];[];0;18446744073709551615;18446744073709551615;1;;;True;0;18446744073709551615;18446744073709551615;1;;;True;ControlType.CONTROLLED;0;<BV64 0x38>;64;[];[];[];[];[];[];[];56.0;56.0;0.0;1.0;;;True;56.0;56.0;0.0;1.0;;;True;ControlType.NO_CONTROL;0;<BV64 0x38>;64;[];[];[];[];[];[];[];56;56;0;1.0;;;True;56.0;56.0;0.0;1.0;;;True;ControlType.NO_CONTROL;0;<BV64 x0>;64;[('0x1c10', <Bool x0 + 0x14 != x0 + 0x5>, 'Taken'), ('0x1c10', <Bool 0x14 + x0 != x0 + 0x6>, 'Taken'), ('0x1c10', <Bool 0x14 + x0 != x0 + 0x7>, 'Taken'), ('0x1c10', <Bool 0x14 + x0 != x0 + 0x8>, 'Taken')];[];['<BV64 x0>'];[];['<BV64 x0>'];[];[];0.0;1.8446744073709552e+19;18446744073709551615;1;;;True;0.0;1.8446744073709552e+19;18446744073709551615;1;;;True;ControlType.CONTROLLED;0;<BV64 x0>;64;[('0x1c10', <Bool x0 + 0x14 != x0 + 0x5>, 'Taken'), ('0x1c10', <Bool 0x14 + x0 != x0 + 0x6>, 'Taken'), ('0x1c10', <Bool 0x14 + x0 != x0 + 0x7>, 'Taken'), ('0x1c10', <Bool 0x14 + x0 != x0 + 0x8>, 'Taken')];[];['<BV64 x0>'];[];['<BV64 x0>'];[];[];0.0;1.8446744073709552e+19;1.8446744073709552e+19;1.0;;;True;0.0;1.8446744073709552e+19;1.8446744073709552e+19;1.0;;;True;ControlType.CONTROLLED;0;<BV64 x0>;64;[];[];[];[];[];[];[];0;0;0;;;;False;0;0;0;;;;False;ControlType.UNKNOWN;0;[('0x1c10', <Bool x0 + 0x14 != x0 + 0x5>, 'Taken'), ('0x1c10', <Bool 0x14 + x0 != x0 + 0x6>, 'Taken'), ('0x1c10', <Bool 0x14 + x0 != x0 + 0x7>, 'Taken'), ('0x1c10', <Bool 0x14 + x0 != x0 + 0x8>, 'Taken')];{'regs': ['<BV64 x0>'], 'indirect_regs': [], 'direct_regs': ['<BV64 x0>'], 'mem': [], 'const_mem': []};[];{'regs': [], 'indirect_regs': [], 'direct_regs': [], 'mem': [], 'const_mem': []};{'regs': ['<BV64 x0>'], 'indirect_regs': [], 'direct_regs': ['<BV64 x0>'], 'mem': [], 'const_mem': []};{'regs': ['<BV64 x0>'], 'indirect_regs': [], 'direct_regs': ['<BV64 x0>'], 'mem': [], 'const_mem': []};63.0;0.0;64.0;64.0;[];;;;BaseControlType.CONSTANT_BASE;BaseControlType.CONSTANT_BASE;BaseControlType.CONSTANT_BASE;4;BranchControlType.BRANCH_DEPENDS_ON_SECRET_VALUE;BranchControlType.BRANCH_INDEPENDENT_FROM_SECRET;7160;True;False;True;True;True;False;False;True;True;False;False;False;True;False;True;True;True;False;True;False;[];['has_valid_base'];True;False;True;True;True;False;False;True;True;False;False;False;True;False;True;True;True;False;True;False;[];['has_valid_base']
cedacd56-cf42-4098-a689-54aa096efb34;MD2Transform@@LIBMD_0.0;0x1bc0;0x1bfc;0x1be4;TransmitterType.LOAD;64;5;False;['0x1bc0', '0x1be4', '0x1be4', '0x1be4', '0x1be4'];<BV64 0x8e50 + (0#56 .. LOAD_8[<BV64 x0 + 0x28>]_47 ^ LOAD_8[<BV64 0x8e50 + (0#32 .. (0x0 .. LOAD_8[<BV64 x0 + 0x27>]_41) ^ (0x0 .. LOAD_8[<BV64 0x8e50 + (0#32 .. (0x0 .. LOAD_8[<BV64 x0 + 0x26>]_35) ^ (0x0 .. LOAD_8[<BV64 0x8e50 + (0#32 .. (0x0 .. LOAD_8[<BV64 x0 + 0x25>]_29) ^ (0x0 .. LOAD_8[<BV64 0x8e50 + (0#32 .. (0x0 .. LOAD_8[<BV64 x0 + 0x24>]_23) ^ (0x0 .. LOAD_8[<BV64 x0 + 0x13>]_22))>]_27 ^ LOAD_8[<BV64 x0 + 0x4>]_24))>]_33 ^ LOAD_8[<BV64 0x5 + x0>]_30))>]_39 ^ LOAD_8[<BV64 0x6 + x0>]_36))>]_45 ^ LOAD_8[<BV64 0x7 + x0>]_42)>;64;[];[];['<BV64 x0>'];"[""<BV64 x0>: ['0x13', '0x24', '0x25', '0x26', '0x27', '0x28', '0x4', '0x5', '0x6', '0x7']""]";[];['<BV64 0x5 + x0>', '<BV64 0x6 + x0>', '<BV64 0x7 + x0>', '<BV64 0x8e50 + (0#32 .. (0x0 .. LOAD_8[<BV64 x0 + 0x24>]_23) ^ (0x0 .. LOAD_8[<BV64 x0 + 0x13>]_22))>', '<BV64 0x8e50 + (0#32 .. (0x0 .. LOAD_8[<BV64 x0 + 0x25>]_29) ^ (0x0 .. LOAD_8[<BV64 0x8e50 + (0#32 .. (0x0 .. LOAD_8[<BV64 x0 + 0x24>]_23) ^ (0x0 .. LOAD_8[<BV64 x0 + 0x13>]_22))>]_27 ^ LOAD_8[<BV64 x0 + 0x4>]_24))>', '<BV64 0x8e50 + (0#32 .. (0x0 .. LOAD_8[<BV64 x0 + 0x26>]_35) ^ (0x0 .. LOAD_8[<BV64 0x8e50 + (0#32 .. (0x0 .. LOAD_8[<BV64 x0 + 0x25>]_29) ^ (0x0 .. LOAD_8[<BV64 0x8e50 + (0#32 .. (0x0 .. LOAD_8[<BV64 x0 + 0x24>]_23) ^ (0x0 .. LOAD_8[<BV64 x0 + 0x13>]_22))>]_27 ^ LOAD_8[<BV64 x0 + 0x4>]_24))>]_33 ^ LOAD_8[<BV64 0x5 + x0>]_30))>', '<BV64 0x8e50 + (0#32 .. (0x0 .. LOAD_8[<BV64 x0 + 0x27>]_41) ^ (0x0 .. LOAD_8[<BV64 0x8e50 + (0#32 .. (0x0 .. LOAD_8[<BV64 x0 + 0x26>]_35) ^ (0x0 .. LOAD_8[<BV64 0x8e50 + (0#32 .. (0x0 .. LOAD_8[<BV64 x0 + 0x25>]_29) ^ (0x0 .. LOAD_8[<BV64 0x8e50 + (0#32 .. (0x0 .. LOAD_8[<BV64 x0 + 0x24>]_23) ^ (0x0 .. LOAD_8[<BV64 x0 + 0x13>]_22))>]_27 ^ LOAD_8[<BV64 x0 + 0x4>]_24))>]_33 ^ LOAD_8[<BV64 0x5 + x0>]_30))>]_39 ^ LOAD_8[<BV64 0x6 + x0>]_36))>', '<BV64 x0 + 0x13>', '<BV64 x0 + 0x24>', '<BV64 x0 + 0x25>', '<BV64 x0 + 0x26>', '<BV64 x0 + 0x27>', '<BV64 x0 + 0x28>', '<BV64 x0 + 0x4>'];[];36432;36687;255;1;36863.0;36352.0;False;36432;36687;255;1;36863.0;36352.0;False;ControlType.CONTROLLED;5;<BV64 0x8e50>;64;[];[];[];[];[];[];[];36432.0;36432.0;0.0;1.0;;;True;36432.0;36432.0;0.0;1.0;;;True;ControlType.NO_CONTROL;0;<BV64 0x8e50>;64;[];[];[];[];[];[];[];36432;36432;0;1.0;;;True;36432.0;36432.0;0.0;1.0;;;True;ControlType.NO_CONTROL;0;<BV64 0#56 .. LOAD_8[<BV64 x0 + 0x28>]_47 ^ LOAD_8[<BV64 0x8e50 + (0#32 .. (0x0 .. LOAD_8[<BV64 x0 + 0x27>]_41) ^ (0x0 .. LOAD_8[<BV64 0x8e50 + (0#32 .. (0x0 .. LOAD_8[<BV64 x0 + 0x26>]_35) ^ (0x0 .. LOAD_8[<BV64 0x8e50 + (0#32 .. (0x0 .. LOAD_8[<BV64 x0 + 0x25>]_29) ^ (0x0 .. LOAD_8[<BV64 0x8e50 + (0#32 .. (0x0 .. LOAD_8[<BV64 x0 + 0x24>]_23) ^ (0x0 .. LOAD_8[<BV64 x0 + 0x13>]_22))>]_27 ^ LOAD_8[<BV64 x0 + 0x4>]_24))>]_33 ^ LOAD_8[<BV64 0x5 + x0>]_30))>]_39 ^ LOAD_8[<BV64 0x6 + x0>]_36))>]_45 ^ LOAD_8[<BV64 0x7 + x0>]_42>;64;[];[];['<BV64 x0>'];"[""<BV64 x0>: ['0x13', '0x24', '0x25', '0x26', '0x27', '0x28', '0x4', '0x5', '0x6', '0x7']""]";[];['<BV64 0x5 + x0>', '<BV64 0x6 + x0>', '<BV64 0x7 + x0>', '<BV64 0x8e50 + (0#32 .. (0x0 .. LOAD_8[<BV64 x0 + 0x24>]_23) ^ (0x0 .. LOAD_8[<BV64 x0 + 0x13>]_22))>', '<BV64 0x8e50 + (0#32 .. (0x0 .. LOAD_8[<BV64 x0 + 0x25>]_29) ^ (0x0 .. LOAD_8[<BV64 0x8e50 + (0#32 .. (0x0 .. LOAD_8[<BV64 x0 + 0x24>]_23) ^ (0x0 .. LOAD_8[<BV64 x0 + 0x13>]_22))>]_27 ^ LOAD_8[<BV64 x0 + 0x4>]_24))>', '<BV64 0x8e50 + (0#32 .. (0x0 .. LOAD_8[<BV64 x0 + 0x26>]_35) ^ (0x0 .. LOAD_8[<BV64 0x8e50 + (0#32 .. (0x0 .. LOAD_8[<BV64 x0 + 0x25>]_29) ^ (0x0 .. LOAD_8[<BV64 0x8e50 + (0#32 .. (0x0 .. LOAD_8[<BV64 x0 + 0x24>]_23) ^ (0x0 .. LOAD_8[<BV64 x0 + 0x13>]_22))>]_27 ^ LOAD_8[<BV64 x0 + 0x4>]_24))>]_33 ^ LOAD_8[<BV64 0x5 + x0>]_30))>', '<BV64 0x8e50 + (0#32 .. (0x0 .. LOAD_8[<BV64 x0 + 0x27>]_41) ^ (0x0 .. LOAD_8[<BV64 0x8e50 + (0#32 .. (0x0 .. LOAD_8[<BV64 x0 + 0x26>]_35) ^ (0x0 .. LOAD_8[<BV64 0x8e50 + (0#32 .. (0x0 .. LOAD_8[<BV64 x0 + 0x25>]_29) ^ (0x0 .. LOAD_8[<BV64 0x8e50 + (0#32 .. (0x0 .. LOAD_8[<BV64 x0 + 0x24>]_23) ^ (0x0 .. LOAD_8[<BV64 x0 + 0x13>]_22))>]_27 ^ LOAD_8[<BV64 x0 + 0x4>]_24))>]_33 ^ LOAD_8[<BV64 0x5 + x0>]_30))>]_39 ^ LOAD_8[<BV64 0x6 + x0>]_36))>', '<BV64 x0 + 0x13>', '<BV64 x0 + 0x24>', '<BV64 x0 + 0x25>', '<BV64 x0 + 0x26>', '<BV64 x0 + 0x27>', '<BV64 x0 + 0x28>', '<BV64 x0 + 0x4>'];[];0.0;255.0;255;1;;;False;0.0;255.0;255;1;;;False;ControlType.CONTROLLED;5;<BV64 x0 + 0x28>;64;[('0x1c10', <Bool x0 + 0x14 != x0 + 0x5>, 'Taken'), ('0x1c10', <Bool 0x14 + x0 != x0 + 0x6>, 'Taken'), ('0x1c10', <Bool 0x14 + x0 != x0 + 0x7>, 'Taken'), ('0x1c10', <Bool 0x14 + x0 != x0 + 0x8>, 'Taken')];[];['<BV64 x0>'];[];['<BV64 x0>'];[];[];0.0;1.8446744073709552e+19;1.8446744073709552e+19;1.0;;;True;0.0;1.8446744073709552e+19;1.8446744073709552e+19;1.0;;;True;ControlType.CONTROLLED;0;<BV8 LOAD_8[<BV64 x0 + 0x28>]_47>;8;[];[];[];[];[];[];[];0;0;0;;;;False;0;0;0;;;;False;ControlType.UNKNOWN;1;[('0x1c10', <Bool x0 + 0x14 != x0 + 0x5>, 'Taken'), ('0x1c10', <Bool 0x14 + x0 != x0 + 0x6>, 'Taken'), ('0x1c10', <Bool 0x14 + x0 != x0 + 0x7>, 'Taken'), ('0x1c10', <Bool 0x14 + x0 != x0 + 0x8>, 'Taken')];{'regs': ['<BV64 x0>'], 'indirect_regs': [], 'direct_regs': ['<BV64 x0>'], 'mem': [], 'const_mem': []};[];{'regs': [], 'indirect_regs': [], 'direct_regs': [], 'mem': [], 'const_mem': []};{'regs': ['<BV64 x0>'], 'indirect_regs': [], 'direct_regs': ['<BV64 x0>'], 'mem': ['<BV64 0x5 + x0>', '<BV64 0x6 + x0>', '<BV64 0x7 + x0>', '<BV64 0x8e50 + (0#32 .. (0x0 .. LOAD_8[<BV64 x0 + 0x24>]_23) ^ (0x0 .. LOAD_8[<BV64 x0 + 0x13>]_22))>', '<BV64 0x8e50 + (0#32 .. (0x0 .. LOAD_8[<BV64 x0 + 0x25>]_29) ^ (0x0 .. LOAD_8[<BV64 0x8e50 + (0#32 .. (0x0 .. LOAD_8[<BV64 x0 + 0x24>]_23) ^ (0x0 .. LOAD_8[<BV64 x0 + 0x13>]_22))>]_27 ^ LOAD_8[<BV64 x0 + 0x4>]_24))>', '<BV64 0x8e50 + (0#32 .. (0x0 .. LOAD_8[<BV64 x0 + 0x26>]_35) ^ (0x0 .. LOAD_8[<BV64 0x8e50 + (0#32 .. (0x0 .. LOAD_8[<BV64 x0 + 0x25>]_29) ^ (0x0 .. LOAD_8[<BV64 0x8e50 + (0#32 .. (0x0 .. LOAD_8[<BV64 x0 + 0x24>]_23) ^ (0x0 .. LOAD_8[<BV64 x0 + 0x13>]_22))>]_27 ^ LOAD_8[<BV64 x0 + 0x4>]_24))>]_33 ^ LOAD_8[<BV64 0x5 + x0>]_30))>', '<BV64 0x8e50 + (0#32 .. (0x0 .. LOAD_8[<BV64 x0 + 0x27>]_41) ^ (0x0 .. LOAD_8[<BV64 0x8e50 + (0#32 .. (0x0 .. LOAD_8[<BV64 x0 + 0x26>]_35) ^ (0x0 .. LOAD_8[<BV64 0x8e50 + (0#32 .. (0x0 .. LOAD_8[<BV64 x0 + 0x25>]_29) ^ (0x0 .. LOAD_8[<BV64 0x8e50 + (0#32 .. (0x0 .. LOAD_8[<BV64 x0 + 0x24>]_23) ^ (0x0 .. LOAD_8[<BV64 x0 + 0x13>]_22))>]_27 ^ LOAD_8[<BV64 x0 + 0x4>]_24))>]_33 ^ LOAD_8[<BV64 0x5 + x0>]_30))>]_39 ^ LOAD_8[<BV64 0x6 + x0>]_36))>', '<BV64 x0 + 0x13>', '<BV64 x0 + 0x24>', '<BV64 x0 + 0x25>', '<BV64 x0 + 0x26>', '<BV64 x0 + 0x27>', '<BV64 x0 + 0x28>', '<BV64 x0 + 0x4>'], 'const_mem': []};{'regs': ['<BV64 x0>'], 'indirect_regs': [], 'direct_regs': ['<BV64 x0>'], 'mem': ['<BV64 0x5 + x0>', '<BV64 0x6 + x0>', '<BV64 0x7 + x0>', '<BV64 0x8e50 + (0#32 .. (0x0 .. LOAD_8[<BV64 x0 + 0x24>]_23) ^ (0x0 .. LOAD_8[<BV64 x0 + 0x13>]_22))>', '<BV64 0x8e50 + (0#32 .. (0x0 .. LOAD_8[<BV64 x0 + 0x25>]_29) ^ (0x0 .. LOAD_8[<BV64 0x8e50 + (0#32 .. (0x0 .. LOAD_8[<BV64 x0 + 0x24>]_23) ^ (0x0 .. LOAD_8[<BV64 x0 + 0x13>]_22))>]_27 ^ LOAD_8[<BV64 x0 + 0x4>]_24))>', '<BV64 0x8e50 + (0#32 .. (0x0 .. LOAD_8[<BV64 x0 + 0x26>]_35) ^ (0x0 .. LOAD_8[<BV64 0x8e50 + (0#32 .. (0x0 .. LOAD_8[<BV64 x0 + 0x25>]_29) ^ (0x0 .. LOAD_8[<BV64 0x8e50 + (0#32 .. (0x0 .. LOAD_8[<BV64 x0 + 0x24>]_23) ^ (0x0 .. LOAD_8[<BV64 x0 + 0x13>]_22))>]_27 ^ LOAD_8[<BV64 x0 + 0x4>]_24))>]_33 ^ LOAD_8[<BV64 0x5 + x0>]_30))>', '<BV64 0x8e50 + (0#32 .. (0x0 .. LOAD_8[<BV64 x0 + 0x27>]_41) ^ (0x0 .. LOAD_8[<BV64 0x8e50 + (0#32 .. (0x0 .. LOAD_8[<BV64 x0 + 0x26>]_35) ^ (0x0 .. LOAD_8[<BV64 0x8e50 + (0#32 .. (0x0 .. LOAD_8[<BV64 x0 + 0x25>]_29) ^ (0x0 .. LOAD_8[<BV64 0x8e50 + (0#32 .. (0x0 .. LOAD_8[<BV64 x0 + 0x24>]_23) ^ (0x0 .. LOAD_8[<BV64 x0 + 0x13>]_22))>]_27 ^ LOAD_8[<BV64 x0 + 0x4>]_24))>]_33 ^ LOAD_8[<BV64 0x5 + x0>]_30))>]_39 ^ LOAD_8[<BV64 0x6 + x0>]_36))>', '<BV64 x0 + 0x13>', '<BV64 x0 + 0x24>', '<BV64 x0 + 0x25>', '<BV64 x0 + 0x26>', '<BV64 x0 + 0x27>', '<BV64 x0 + 0x28>', '<BV64 x0 + 0x4>'], 'const_mem': []};0.0;0.0;0.0;0.0;[];;;;BaseControlType.CONSTANT_BASE;BaseControlType.CONSTANT_BASE;BaseControlType.CONSTANT_BASE;4;BranchControlType.BRANCH_DEPENDS_ON_SECRET_ADDRESS;BranchControlType.BRANCH_INDEPENDENT_FROM_SECRET;7164;False;False;True;True;True;True;False;False;True;False;False;False;True;False;False;True;True;False;True;False;[];['is_secret_inferable', 'has_valid_base', 'secret_below_cache_granularity'];False;False;True;True;True;True;False;False;True;False;False;False;True;False;False;True;True;False;True;False;[];['is_secret_inferable', 'has_valid_base', 'secret_below_cache_granularity']
9ff0151a-d354-4197-ab24-8db1e4688686;MD2Transform@@LIBMD_0.0;0x1bc0;0x1bfc;0x1be8;TransmitterType.LOAD;64;5;False;['0x1bc0', '0x1be4', '0x1be4', '0x1be4', '0x1be4'];<BV64 0x8e50 + (0#56 .. LOAD_8[<BV64 x0 + 0x28>]_47 ^ LOAD_8[<BV64 0x8e50 + (0#32 .. (0x0 .. LOAD_8[<BV64 x0 + 0x27>]_41) ^ (0x0 .. LOAD_8[<BV64 0x8e50 + (0#32 .. (0x0 .. LOAD_8[<BV64 x0 + 0x26>]_35) ^ (0x0 .. LOAD_8[<BV64 0x8e50 + (0#32 .. (0x0 .. LOAD_8[<BV64 x0 + 0x25>]_29) ^ (0x0 .. LOAD_8[<BV64 0x8e50 + (0#32 .. (0x0 .. LOAD_8[<BV64 x0 + 0x24>]_23) ^ (0x0 .. LOAD_8[<BV64 x0 + 0x13>]_22))>]_27 ^ LOAD_8[<BV64 x0 + 0x4>]_24))>]_33 ^ LOAD_8[<BV64 0x5 + x0>]_30))>]_39 ^ LOAD_8[<BV64 0x6 + x0>]_36))>]_45 ^ LOAD_8[<BV64 0x7 + x0>]_42)>;64;[];[];['<BV64 x0>'];"[""<BV64 x0>: ['0x13', '0x24', '0x25', '0x26', '0x27', '0x28', '0x4', '0x5', '0x6', '0x7']""]";[];['<BV64 0x5 + x0>', '<BV64 0x6 + x0>', '<BV64 0x7 + x0>', '<BV64 0x8e50 + (0#32 .. (0x0 .. LOAD_8[<BV64 x0 + 0x24>]_23) ^ (0x0 .. LOAD_8[<BV64 x0 + 0x13>]_22))>', '<BV64 0x8e50 + (0#32 .. (0x0 .. LOAD_8[<BV64 x0 + 0x25>]_29) ^ (0x0 .. LOAD_8[<BV64 0x8e50 + (0#32 .. (0x0 .. LOAD_8[<BV64 x0 + 0x24>]_23) ^ (0x0 .. LOAD_8[<BV64 x0 + 0x13>]_22))>]_27 ^ LOAD_8[<BV64 x0 + 0x4>]_24))>', '<BV64 0x8e50 + (0#32 .. (0x0 .. LOAD_8[<BV64 x0 + 0x26>]_35) ^ (0x0 .. LOAD_8[<BV64 0x8e50 + (0#32 .. (0x0 .. LOAD_8[<BV64 x0 + 0x25>]_29) ^ (0x0 .. LOAD_8[<BV64 0x8e50 + (0#32 .. (0x0 .. LOAD_8[<BV64 x0 + 0x24>]_23) ^ (0x0 .. LOAD_8[<BV64 x0 + 0x13>]_22))>]_27 ^ LOAD_8[<BV64 x0 + 0x4>]_24))>]_33 ^ LOAD_8[<BV64 0x5 + x0>]_30))>', '<BV64 0x8e50 + (0#32 .. (0x0 .. LOAD_8[<BV64 x0 + 0x27>]_41) ^ (0x0 .. LOAD_8[<BV64 0x8e50 + (0#32 .. (0x0 .. LOAD_8[<BV64 x0 + 0x26>]_35) ^ (0x0 .. LOAD_8[<BV64 0x8e50 + (0#32 .. (0x0 .. LOAD_8[<BV64 x0 + 0x25>]_29) ^ (0x0 .. LOAD_8[<BV64 0x8e50 + (0#32 .. (0x0 .. LOAD_8[<BV64 x0 + 0x24>]_23) ^ (0x0 .. LOAD_8[<BV64 x0 + 0x13>]_22))>]_27 ^ LOAD_8[<BV64 x0 + 0x4>]_24))>]_33 ^ LOAD_8[<BV64 0x5 + x0>]_30))>]_39 ^ LOAD_8[<BV64 0x6 + x0>]_36))>', '<BV64 x0 + 0x13>', '<BV64 x0 + 0x24>', '<BV64 x0 + 0x25>', '<BV64 x0 + 0x26>', '<BV64 x0 + 0x27>', '<BV64 x0 + 0x28>', '<BV64 x0 + 0x4>'];[];36432;36687;255;1;36863.0;36352.0;False;36432;36687;255;1;36863.0;36352.0;False;ControlType.CONTROLLED;5;<BV64 0x8e50>;64;[];[];[];[];[];[];[];36432.0;36432.0;0.0;1.0;;;True;36432.0;36432.0;0.0;1.0;;;True;ControlType.NO_CONTROL;0;<BV64 0x8e50>;64;[];[];[];[];[];[];[];36432;36432;0;1.0;;;True;36432.0;36432.0;0.0;1.0;;;True;ControlType.NO_CONTROL;0;<BV64 0#56 .. LOAD_8[<BV64 x0 + 0x28>]_47 ^ LOAD_8[<BV64 0x8e50 + (0#32 .. (0x0 .. LOAD_8[<BV64 x0 + 0x27>]_41) ^ (0x0 .. LOAD_8[<BV64 0x8e50 + (0#32 .. (0x0 .. LOAD_8[<BV64 x0 + 0x26>]_35) ^ (0x0 .. LOAD_8[<BV64 0x8e50 + (0#32 .. (0x0 .. LOAD_8[<BV64 x0 + 0x25>]_29) ^ (0x0 .. LOAD_8[<BV64 0x8e50 + (0#32 .. (0x0 .. LOAD_8[<BV64 x0 + 0x24>]_23) ^ (0x0 .. LOAD_8[<BV64 x0 + 0x13>]_22))>]_27 ^ LOAD_8[<BV64 x0 + 0x4>]_24))>]_33 ^ LOAD_8[<BV64 0x5 + x0>]_30))>]_39 ^ LOAD_8[<BV64 0x6 + x0>]_36))>]_45 ^ LOAD_8[<BV64 0x7 + x0>]_42>;64;[];[];['<BV64 x0>'];"[""<BV64 x0>: ['0x13', '0x24', '0x25', '0x26', '0x27', '0x28', '0x4', '0x5', '0x6', '0x7']""]";[];['<BV64 0x5 + x0>', '<BV64 0x6 + x0>', '<BV64 0x7 + x0>', '<BV64 0x8e50 + (0#32 .. (0x0 .. LOAD_8[<BV64 x0 + 0x24>]_23) ^ (0x0 .. LOAD_8[<BV64 x0 + 0x13>]_22))>', '<BV64 0x8e50 + (0#32 .. (0x0 .. LOAD_8[<BV64 x0 + 0x25>]_29) ^ (0x0 .. LOAD_8[<BV64 0x8e50 + (0#32 .. (0x0 .. LOAD_8[<BV64 x0 + 0x24>]_23) ^ (0x0 .. LOAD_8[<BV64 x0 + 0x13>]_22))>]_27 ^ LOAD_8[<BV64 x0 + 0x4>]_24))>', '<BV64 0x8e50 + (0#32 .. (0x0 .. LOAD_8[<BV64 x0 + 0x26>]_35) ^ (0x0 .. LOAD_8[<BV64 0x8e50 + (0#32 .. (0x0 .. LOAD_8[<BV64 x0 + 0x25>]_29) ^ (0x0 .. LOAD_8[<BV64 0x8e50 + (0#32 .. (0x0 .. LOAD_8[<BV64 x0 + 0x24>]_23) ^ (0x0 .. LOAD_8[<BV64 x0 + 0x13>]_22))>]_27 ^ LOAD_8[<BV64 x0 + 0x4>]_24))>]_33 ^ LOAD_8[<BV64 0x5 + x0>]_30))>', '<BV64 0x8e50 + (0#32 .. (0x0 .. LOAD_8[<BV64 x0 + 0x27>]_41) ^ (0x0 .. LOAD_8[<BV64 0x8e50 + (0#32 .. (0x0 .. LOAD_8[<BV64 x0 + 0x26>]_35) ^ (0x0 .. LOAD_8[<BV64 0x8e50 + (0#32 .. (0x0 .. LOAD_8[<BV64 x0 + 0x25>]_29) ^ (0x0 .. LOAD_8[<BV64 0x8e50 + (0#32 .. (0x0 .. LOAD_8[<BV64 x0 + 0x24>]_23) ^ (0x0 .. LOAD_8[<BV64 x0 + 0x13>]_22))>]_27 ^ LOAD_8[<BV64 x0 + 0x4>]_24))>]_33 ^ LOAD_8[<BV64 0x5 + x0>]_30))>]_39 ^ LOAD_8[<BV64 0x6 + x0>]_36))>', '<BV64 x0 + 0x13>', '<BV64 x0 + 0x24>', '<BV64 x0 + 0x25>', '<BV64 x0 + 0x26>', '<BV64 x0 + 0x27>', '<BV64 x0 + 0x28>', '<BV64 x0 + 0x4>'];[];0.0;255.0;255;1;;;False;0.0;255.0;255;1;;;False;ControlType.CONTROLLED;5;<BV64 0x7 + x0>;64;[('0x1c10', <Bool x0 + 0x14 != x0 + 0x5>, 'Taken'), ('0x1c10', <Bool 0x14 + x0 != x0 + 0x6>, 'Taken'), ('0x1c10', <Bool 0x14 + x0 != x0 + 0x7>, 'Taken'), ('0x1c10', <Bool 0x14 + x0 != x0 + 0x8>, 'Taken')];[];['<BV64 x0>'];[];['<BV64 x0>'];[];[];0.0;1.8446744073709552e+19;1.8446744073709552e+19;1.0;;;True;0.0;1.8446744073709552e+19;1.8446744073709552e+19;1.0;;;True;ControlType.CONTROLLED;0;<BV8 LOAD_8[<BV64 0x7 + x0>]_42>;8;[];[];[];[];[];[];[];0;0;0;;;;False;0;0;0;;;;False;ControlType.UNKNOWN;1;[('0x1c10', <Bool x0 + 0x14 != x0 + 0x5>, 'Taken'), ('0x1c10', <Bool 0x14 + x0 != x0 + 0x6>, 'Taken'), ('0x1c10', <Bool 0x14 + x0 != x0 + 0x7>, 'Taken'), ('0x1c10', <Bool 0x14 + x0 != x0 + 0x8>, 'Taken')];{'regs': ['<BV64 x0>'], 'indirect_regs': [], 'direct_regs': ['<BV64 x0>'], 'mem': [], 'const_mem': []};[];{'regs': [], 'indirect_regs': [], 'direct_regs': [], 'mem': [], 'const_mem': []};{'regs': ['<BV64 x0>'], 'indirect_regs': [], 'direct_regs': ['<BV64 x0>'], 'mem': ['<BV64 0x5 + x0>', '<BV64 0x6 + x0>', '<BV64 0x7 + x0>', '<BV64 0x8e50 + (0#32 .. (0x0 .. LOAD_8[<BV64 x0 + 0x24>]_23) ^ (0x0 .. LOAD_8[<BV64 x0 + 0x13>]_22))>', '<BV64 0x8e50 + (0#32 .. (0x0 .. LOAD_8[<BV64 x0 + 0x25>]_29) ^ (0x0 .. LOAD_8[<BV64 0x8e50 + (0#32 .. (0x0 .. LOAD_8[<BV64 x0 + 0x24>]_23) ^ (0x0 .. LOAD_8[<BV64 x0 + 0x13>]_22))>]_27 ^ LOAD_8[<BV64 x0 + 0x4>]_24))>', '<BV64 0x8e50 + (0#32 .. (0x0 .. LOAD_8[<BV64 x0 + 0x26>]_35) ^ (0x0 .. LOAD_8[<BV64 0x8e50 + (0#32 .. (0x0 .. LOAD_8[<BV64 x0 + 0x25>]_29) ^ (0x0 .. LOAD_8[<BV64 0x8e50 + (0#32 .. (0x0 .. LOAD_8[<BV64 x0 + 0x24>]_23) ^ (0x0 .. LOAD_8[<BV64 x0 + 0x13>]_22))>]_27 ^ LOAD_8[<BV64 x0 + 0x4>]_24))>]_33 ^ LOAD_8[<BV64 0x5 + x0>]_30))>', '<BV64 0x8e50 + (0#32 .. (0x0 .. LOAD_8[<BV64 x0 + 0x27>]_41) ^ (0x0 .. LOAD_8[<BV64 0x8e50 + (0#32 .. (0x0 .. LOAD_8[<BV64 x0 + 0x26>]_35) ^ (0x0 .. LOAD_8[<BV64 0x8e50 + (0#32 .. (0x0 .. LOAD_8[<BV64 x0 + 0x25>]_29) ^ (0x0 .. LOAD_8[<BV64 0x8e50 + (0#32 .. (0x0 .. LOAD_8[<BV64 x0 + 0x24>]_23) ^ (0x0 .. LOAD_8[<BV64 x0 + 0x13>]_22))>]_27 ^ LOAD_8[<BV64 x0 + 0x4>]_24))>]_33 ^ LOAD_8[<BV64 0x5 + x0>]_30))>]_39 ^ LOAD_8[<BV64 0x6 + x0>]_36))>', '<BV64 x0 + 0x13>', '<BV64 x0 + 0x24>', '<BV64 x0 + 0x25>', '<BV64 x0 + 0x26>', '<BV64 x0 + 0x27>', '<BV64 x0 + 0x28>', '<BV64 x0 + 0x4>'], 'const_mem': []};{'regs': ['<BV64 x0>'], 'indirect_regs': [], 'direct_regs': ['<BV64 x0>'], 'mem': ['<BV64 0x5 + x0>', '<BV64 0x6 + x0>', '<BV64 0x7 + x0>', '<BV64 0x8e50 + (0#32 .. (0x0 .. LOAD_8[<BV64 x0 + 0x24>]_23) ^ (0x0 .. LOAD_8[<BV64 x0 + 0x13>]_22))>', '<BV64 0x8e50 + (0#32 .. (0x0 .. LOAD_8[<BV64 x0 + 0x25>]_29) ^ (0x0 .. LOAD_8[<BV64 0x8e50 + (0#32 .. (0x0 .. LOAD_8[<BV64 x0 + 0x24>]_23) ^ (0x0 .. LOAD_8[<BV64 x0 + 0x13>]_22))>]_27 ^ LOAD_8[<BV64 x0 + 0x4>]_24))>', '<BV64 0x8e50 + (0#32 .. (0x0 .. LOAD_8[<BV64 x0 + 0x26>]_35) ^ (0x0 .. LOAD_8[<BV64 0x8e50 + (0#32 .. (0x0 .. LOAD_8[<BV64 x0 + 0x25>]_29) ^ (0x0 .. LOAD_8[<BV64 0x8e50 + (0#32 .. (0x0 .. LOAD_8[<BV64 x0 + 0x24>]_23) ^ (0x0 .. LOAD_8[<BV64 x0 + 0x13>]_22))>]_27 ^ LOAD_8[<BV64 x0 + 0x4>]_24))>]_33 ^ LOAD_8[<BV64 0x5 + x0>]_30))>', '<BV64 0x8e50 + (0#32 .. (0x0 .. LOAD_8[<BV64 x0 + 0x27>]_41) ^ (0x0 .. LOAD_8[<BV64 0x8e50 + (0#32 .. (0x0 .. LOAD_8[<BV64 x0 + 0x26>]_35) ^ (0x0 .. LOAD_8[<BV64 0x8e50 + (0#32 .. (0x0 .. LOAD_8[<BV64 x0 + 0x25>]_29) ^ (0x0 .. LOAD_8[<BV64 0x8e50 + (0#32 .. (0x0 .. LOAD_8[<BV64 x0 + 0x24>]_23) ^ (0x0 .. LOAD_8[<BV64 x0 + 0x13>]_22))>]_27 ^ LOAD_8[<BV64 x0 + 0x4>]_24))>]_33 ^ LOAD_8[<BV64 0x5 + x0>]_30))>]_39 ^ LOAD_8[<BV64 0x6 + x0>]_36))>', '<BV64 x0 + 0x13>', '<BV64 x0 + 0x24>', '<BV64 x0 + 0x25>', '<BV64 x0 + 0x26>', '<BV64 x0 + 0x27>', '<BV64 x0 + 0x28>', '<BV64 x0 + 0x4>'], 'const_mem': []};0.0;0.0;0.0;0.0;[];;;;BaseControlType.CONSTANT_BASE;BaseControlType.CONSTANT_BASE;BaseControlType.CONSTANT_BASE;4;BranchControlType.BRANCH_DEPENDS_ON_SECRET_ADDRESS;BranchControlType.BRANCH_INDEPENDENT_FROM_SECRET;7164;False;False;True;True;True;True;False;False;True;False;False;False;True;False;False;True;True;False;True;False;[];['is_secret_inferable', 'has_valid_base', 'secret_below_cache_granularity'];False;False;True;True;True;True;False;False;True;False;False;False;True;False;False;True;True;False;True;False;[];['is_secret_inferable', 'has_valid_base', 'secret_below_cache_granularity']
244f15c2-af71-41c6-8708-1b22180e7c3e;MD2Transform@@LIBMD_0.0;0x1bc0;0x1bfc;0x1bfc;TransmitterType.LOAD;64;5;False;['0x1bc0', '0x1be4', '0x1be4', '0x1be4', '0x1be4'];<BV64 0x8e50 + (0#56 .. LOAD_8[<BV64 x0 + 0x28>]_47 ^ LOAD_8[<BV64 0x8e50 + (0#32 .. (0x0 .. LOAD_8[<BV64 x0 + 0x27>]_41) ^ (0x0 .. LOAD_8[<BV64 0x8e50 + (0#32 .. (0x0 .. LOAD_8[<BV64 x0 + 0x26>]_35) ^ (0x0 .. LOAD_8[<BV64 0x8e50 + (0#32 .. (0x0 .. LOAD_8[<BV64 x0 + 0x25>]_29) ^ (0x0 .. LOAD_8[<BV64 0x8e50 + (0#32 .. (0x0 .. LOAD_8[<BV64 x0 + 0x24>]_23) ^ (0x0 .. LOAD_8[<BV64 x0 + 0x13>]_22))>]_27 ^ LOAD_8[<BV64 x0 + 0x4>]_24))>]_33 ^ LOAD_8[<BV64 0x5 + x0>]_30))>]_39 ^ LOAD_8[<BV64 0x6 + x0>]_36))>]_45 ^ LOAD_8[<BV64 0x7 + x0>]_42)>;64;[];[];['<BV64 x0>'];"[""<BV64 x0>: ['0x13', '0x24', '0x25', '0x26', '0x27', '0x28', '0x4', '0x5', '0x6', '0x7']""]";[];['<BV64 0x5 + x0>', '<BV64 0x6 + x0>', '<BV64 0x7 + x0>', '<BV64 0x8e50 + (0#32 .. (0x0 .. LOAD_8[<BV64 x0 + 0x24>]_23) ^ (0x0 .. LOAD_8[<BV64 x0 + 0x13>]_22))>', '<BV64 0x8e50 + (0#32 .. (0x0 .. LOAD_8[<BV64 x0 + 0x25>]_29) ^ (0x0 .. LOAD_8[<BV64 0x8e50 + (0#32 .. (0x0 .. LOAD_8[<BV64 x0 + 0x24>]_23) ^ (0x0 .. LOAD_8[<BV64 x0 + 0x13>]_22))>]_27 ^ LOAD_8[<BV64 x0 + 0x4>]_24))>', '<BV64 0x8e50 + (0#32 .. (0x0 .. LOAD_8[<BV64 x0 + 0x26>]_35) ^ (0x0 .. LOAD_8[<BV64 0x8e50 + (0#32 .. (0x0 .. LOAD_8[<BV64 x0 + 0x25>]_29) ^ (0x0 .. LOAD_8[<BV64 0x8e50 + (0#32 .. (0x0 .. LOAD_8[<BV64 x0 + 0x24>]_23) ^ (0x0 .. LOAD_8[<BV64 x0 + 0x13>]_22))>]_27 ^ LOAD_8[<BV64 x0 + 0x4>]_24))>]_33 ^ LOAD_8[<BV64 0x5 + x0>]_30))>', '<BV64 0x8e50 + (0#32 .. (0x0 .. LOAD_8[<BV64 x0 + 0x27>]_41) ^ (0x0 .. LOAD_8[<BV64 0x8e50 + (0#32 .. (0x0 .. LOAD_8[<BV64 x0 + 0x26>]_35) ^ (0x0 .. LOAD_8[<BV64 0x8e50 + (0#32 .. (0x0 .. LOAD_8[<BV64 x0 + 0x25>]_29) ^ (0x0 .. LOAD_8[<BV64 0x8e50 + (0#32 .. (0x0 .. LOAD_8[<BV64 x0 + 0x24>]_23) ^ (0x0 .. LOAD_8[<BV64 x0 + 0x13>]_22))>]_27 ^ LOAD_8[<BV64 x0 + 0x4>]_24))>]_33 ^ LOAD_8[<BV64 0x5 + x0>]_30))>]_39 ^ LOAD_8[<BV64 0x6 + x0>]_36))>', '<BV64 x0 + 0x13>', '<BV64 x0 + 0x24>', '<BV64 x0 + 0x25>', '<BV64 x0 + 0x26>', '<BV64 x0 + 0x27>', '<BV64 x0 + 0x28>', '<BV64 x0 + 0x4>'];[];36432;36687;255;1;36863.0;36352.0;False;36432;36687;255;1;36863.0;36352.0;False;ControlType.CONTROLLED;5;<BV64 0x8e50>;64;[];[];[];[];[];[];[];36432.0;36432.0;0.0;1.0;;;True;36432.0;36432.0;0.0;1.0;;;True;ControlType.NO_CONTROL;0;<BV64 0x8e50>;64;[];[];[];[];[];[];[];36432;36432;0;1.0;;;True;36432.0;36432.0;0.0;1.0;;;True;ControlType.NO_CONTROL;0;<BV64 0#56 .. LOAD_8[<BV64 x0 + 0x28>]_47 ^ LOAD_8[<BV64 0x8e50 + (0#32 .. (0x0 .. LOAD_8[<BV64 x0 + 0x27>]_41) ^ (0x0 .. LOAD_8[<BV64 0x8e50 + (0#32 .. (0x0 .. LOAD_8[<BV64 x0 + 0x26>]_35) ^ (0x0 .. LOAD_8[<BV64 0x8e50 + (0#32 .. (0x0 .. LOAD_8[<BV64 x0 + 0x25>]_29) ^ (0x0 .. LOAD_8[<BV64 0x8e50 + (0#32 .. (0x0 .. LOAD_8[<BV64 x0 + 0x24>]_23) ^ (0x0 .. LOAD_8[<BV64 x0 + 0x13>]_22))>]_27 ^ LOAD_8[<BV64 x0 + 0x4>]_24))>]_33 ^ LOAD_8[<BV64 0x5 + x0>]_30))>]_39 ^ LOAD_8[<BV64 0x6 + x0>]_36))>]_45 ^ LOAD_8[<BV64 0x7 + x0>]_42>;64;[];[];['<BV64 x0>'];"[""<BV64 x0>: ['0x13', '0x24', '0x25', '0x26', '0x27', '0x28', '0x4', '0x5', '0x6', '0x7']""]";[];['<BV64 0x5 + x0>', '<BV64 0x6 + x0>', '<BV64 0x7 + x0>', '<BV64 0x8e50 + (0#32 .. (0x0 .. LOAD_8[<BV64 x0 + 0x24>]_23) ^ (0x0 .. LOAD_8[<BV64 x0 + 0x13>]_22))>', '<BV64 0x8e50 + (0#32 .. (0x0 .. LOAD_8[<BV64 x0 + 0x25>]_29) ^ (0x0 .. LOAD_8[<BV64 0x8e50 + (0#32 .. (0x0 .. LOAD_8[<BV64 x0 + 0x24>]_23) ^ (0x0 .. LOAD_8[<BV64 x0 + 0x13>]_22))>]_27 ^ LOAD_8[<BV64 x0 + 0x4>]_24))>', '<BV64 0x8e50 + (0#32 .. (0x0 .. LOAD_8[<BV64 x0 + 0x26>]_35) ^ (0x0 .. LOAD_8[<BV64 0x8e50 + (0#32 .. (0x0 .. LOAD_8[<BV64 x0 + 0x25>]_29) ^ (0x0 .. LOAD_8[<BV64 0x8e50 + (0#32 .. (0x0 .. LOAD_8[<BV64 x0 + 0x24>]_23) ^ (0x0 .. LOAD_8[<BV64 x0 + 0x13>]_22))>]_27 ^ LOAD_8[<BV64 x0 + 0x4>]_24))>]_33 ^ LOAD_8[<BV64 0x5 + x0>]_30))>', '<BV64 0x8e50 + (0#32 .. (0x0 .. LOAD_8[<BV64 x0 + 0x27>]_41) ^ (0x0 .. LOAD_8[<BV64 0x8e50 + (0#32 .. (0x0 .. LOAD_8[<BV64 x0 + 0x26>]_35) ^ (0x0 .. LOAD_8[<BV64 0x8e50 + (0#32 .. (0x0 .. LOAD_8[<BV64 x0 + 0x25>]_29) ^ (0x0 .. LOAD_8[<BV64 0x8e50 + (0#32 .. (0x0 .. LOAD_8[<BV64 x0 + 0x24>]_23) ^ (0x0 .. LOAD_8[<BV64 x0 + 0x13>]_22))>]_27 ^ LOAD_8[<BV64 x0 + 0x4>]_24))>]_33 ^ LOAD_8[<BV64 0x5 + x0>]_30))>]_39 ^ LOAD_8[<BV64 0x6 + x0>]_36))>', '<BV64 x0 + 0x13>', '<BV64 x0 + 0x24>', '<BV64 x0 + 0x25>', '<BV64 x0 + 0x26>', '<BV64 x0 + 0x27>', '<BV64 x0 + 0x28>', '<BV64 x0 + 0x4>'];[];0.0;255.0;255;1;;;False;0.0;255.0;255;1;;;False;ControlType.CONTROLLED;5;<BV64 0x8e50 + (0#32 .. (0x0 .. LOAD_8[<BV64 x0 + 0x27>]_41) ^ (0x0 .. LOAD_8[<BV64 0x8e50 + (0#32 .. (0x0 .. LOAD_8[<BV64 x0 + 0x26>]_35) ^ (0x0 .. LOAD_8[<BV64 0x8e50 + (0#32 .. (0x0 .. LOAD_8[<BV64 x0 + 0x25>]_29) ^ (0x0 .. LOAD_8[<BV64 0x8e50 + (0#32 .. (0x0 .. LOAD_8[<BV64 x0 + 0x24>]_23) ^ (0x0 .. LOAD_8[<BV64 x0 + 0x13>]_22))>]_27 ^ LOAD_8[<BV64 x0 + 0x4>]_24))>]_33 ^ LOAD_8[<BV64 0x5 + x0>]_30))>]_39 ^ LOAD_8[<BV64 0x6 + x0>]_36))>;64;[];[];['<BV64 x0>'];"[""<BV64 x0>: ['0x13', '0x24', '0x25', '0x26', '0x27', '0x4', '0x5', '0x6']""]";[];['<BV64 0x5 + x0>', '<BV64 0x6 + x0>', '<BV64 0x8e50 + (0#32 .. (0x0 .. LOAD_8[<BV64 x0 + 0x24>]_23) ^ (0x0 .. LOAD_8[<BV64 x0 + 0x13>]_22))>', '<BV64 0x8e50 + (0#32 .. (0x0 .. LOAD_8[<BV64 x0 + 0x25>]_29) ^ (0x0 .. LOAD_8[<BV64 0x8e50 + (0#32 .. (0x0 .. LOAD_8[<BV64 x0 + 0x24>]_23) ^ (0x0 .. LOAD_8[<BV64 x0 + 0x13>]_22))>]_27 ^ LOAD_8[<BV64 x0 + 0x4>]_24))>', '<BV64 0x8e50 + (0#32 .. (0x0 .. LOAD_8[<BV64 x0 + 0x26>]_35) ^ (0x0 .. LOAD_8[<BV64 0x8e50 + (0#32 .. (0x0 .. LOAD_8[<BV64 x0 + 0x25>]_29) ^ (0x0 .. LOAD_8[<BV64 0x8e50 + (0#32 .. (0x0 .. LOAD_8[<BV64 x0 + 0x24>]_23) ^ (0x0 .. LOAD_8[<BV64 x0 + 0x13>]_22))>]_27 ^ LOAD_8[<BV64 x0 + 0x4>]_24))>]_33 ^ LOAD_8[<BV64 0x5 + x0>]_30))>', '<BV64 x0 + 0x13>', '<BV64 x0 + 0x24>', '<BV64 x0 + 0x25>', '<BV64 x0 + 0x26>', '<BV64 x0 + 0x27>', '<BV64 x0 + 0x4>'];[];36432.0;36687.0;255.0;1.0;36863.0;36352.0;False;36432.0;36687.0;255.0;1.0;36863.0;36352.0;False;ControlType.CONTROLLED;4;<BV8 LOAD_8[<BV64 0x8e50 + (0#32 .. (0x0 .. LOAD_8[<BV64 x0 + 0x27>]_41) ^ (0x0 .. LOAD_8[<BV64 0x8e50 + (0#32 .. (0x0 .. LOAD_8[<BV64 x0 + 0x26>]_35) ^ (0x0 .. LOAD_8[<BV64 0x8e50 + (0#32 .. (0x0 .. LOAD_8[<BV64 x0 + 0x25>]_29) ^ (0x0 .. LOAD_8[<BV64 0x8e50 + (0#32 .. (0x0 .. LOAD_8[<BV64 x0 + 0x24>]_23) ^ (0x0 .. LOAD_8[<BV64 x0 + 0x13>]_22))>]_27 ^ LOAD_8[<BV64 x0 + 0x4>]_24))>]_33 ^ LOAD_8[<BV64 0x5 + x0>]_30))>]_39 ^ LOAD_8[<BV64 0x6 + x0>]_36))>]_45>;8;[];[];[];[];[];[];[];0;0;0;;;;False;0;0;0;;;;False;ControlType.UNKNOWN;5;[('0x1c10', <Bool x0 + 0x14 != x0 + 0x5>, 'Taken'), ('0x1c10', <Bool 0x14 + x0 != x0 + 0x6>, 'Taken'), ('0x1c10', <Bool 0x14 + x0 != x0 + 0x7>, 'Taken'), ('0x1c10', <Bool 0x14 + x0 != x0 + 0x8>, 'Taken')];{'regs': ['<BV64 x0>'], 'indirect_regs': [], 'direct_regs': ['<BV64 x0>'], 'mem': [], 'const_mem': []};[];{'regs': [], 'indirect_regs': [], 'direct_regs': [], 'mem': [], 'const_mem': []};"{'regs': ['<BV64 x0>'], 'indirect_regs': [""<BV64 x0>: ['0x13', '0x13', '0x24', '0x24', '0x25', '0x25', '0x26', '0x26', '0x27', '0x27', '0x28', '0x4', '0x4', '0x5', '0x5', '0x6', '0x6', '0x7']""], 'direct_regs': [], 'mem': ['<BV64 0x5 + x0>', '<BV64 0x6 + x0>', '<BV64 0x7 + x0>', '<BV64 0x8e50 + (0#32 .. (0x0 .. LOAD_8[<BV64 x0 + 0x24>]_23) ^ (0x0 .. LOAD_8[<BV64 x0 + 0x13>]_22))>', '<BV64 0x8e50 + (0#32 .. (0x0 .. LOAD_8[<BV64 x0 + 0x25>]_29) ^ (0x0 .. LOAD_8[<BV64 0x8e50 + (0#32 .. (0x0 .. LOAD_8[<BV64 x0 + 0x24>]_23) ^ (0x0 .. LOAD_8[<BV64 x0 + 0x13>]_22))>]_27 ^ LOAD_8[<BV64 x0 + 0x4>]_24))>', '<BV64 0x8e50 + (0#32 .. (0x0 .. LOAD_8[<BV64 x0 + 0x26>]_35) ^ (0x0 .. LOAD_8[<BV64 0x8e50 + (0#32 .. (0x0 .. LOAD_8[<BV64 x0 + 0x25>]_29) ^ (0x0 .. LOAD_8[<BV64 0x8e50 + (0#32 .. (0x0 .. LOAD_8[<BV64 x0 + 0x24>]_23) ^ (0x0 .. LOAD_8[<BV64 x0 + 0x13>]_22))>]_27 ^ LOAD_8[<BV64 x0 + 0x4>]_24))>]_33 ^ LOAD_8[<BV64 0x5 + x0>]_30))>', '<BV64 0x8e50 + (0#32 .. (0x0 .. LOAD_8[<BV64 x0 + 0x27>]_41) ^ (0x0 .. LOAD_8[<BV64 0x8e50 + (0#32 .. (0x0 .. LOAD_8[<BV64 x0 + 0x26>]_35) ^ (0x0 .. LOAD_8[<BV64 0x8e50 + (0#32 .. (0x0 .. LOAD_8[<BV64 x0 + 0x25>]_29) ^ (0x0 .. LOAD_8[<BV64 0x8e50 + (0#32 .. (0x0 .. LOAD_8[<BV64 x0 + 0x24>]_23) ^ (0x0 .. LOAD_8[<BV64 x0 + 0x13>]_22))>]_27 ^ LOAD_8[<BV64 x0 + 0x4>]_24))>]_33 ^ LOAD_8[<BV64 0x5 + x0>]_30))>]_39 ^ LOAD_8[<BV64 0x6 + x0>]_36))>', '<BV64 x0 + 0x13>', '<BV64 x0 + 0x24>', '<BV64 x0 + 0x25>', '<BV64 x0 + 0x26>', '<BV64 x0 + 0x27>', '<BV64 x0 + 0x28>', '<BV64 x0 + 0x4>'], 'const_mem': []}";{'regs': ['<BV64 x0>'], 'indirect_regs': [], 'direct_regs': ['<BV64 x0>'], 'mem': ['<BV64 0x5 + x0>', '<BV64 0x6 + x0>', '<BV64 0x7 + x0>', '<BV64 0x8e50 + (0#32 .. (0x0 .. LOAD_8[<BV64 x0 + 0x24>]_23) ^ (0x0 .. LOAD_8[<BV64 x0 + 0x13>]_22))>', '<BV64 0x8e50 + (0#32 .. (0x0 .. LOAD_8[<BV64 x0 + 0x25>]_29) ^ (0x0 .. LOAD_8[<BV64 0x8e50 + (0#32 .. (0x0 .. LOAD_8[<BV64 x0 + 0x24>]_23) ^ (0x0 .. LOAD_8[<BV64 x0 + 0x13>]_22))>]_27 ^ LOAD_8[<BV64 x0 + 0x4>]_24))>', '<BV64 0x8e50 + (0#32 .. (0x0 .. LOAD_8[<BV64 x0 + 0x26>]_35) ^ (0x0 .. LOAD_8[<BV64 0x8e50 + (0#32 .. (0x0 .. LOAD_8[<BV64 x0 + 0x25>]_29) ^ (0x0 .. LOAD_8[<BV64 0x8e50 + (0#32 .. (0x0 .. LOAD_8[<BV64 x0 + 0x24>]_23) ^ (0x0 .. LOAD_8[<BV64 x0 + 0x13>]_22))>]_27 ^ LOAD_8[<BV64 x0 + 0x4>]_24))>]_33 ^ LOAD_8[<BV64 0x5 + x0>]_30))>', '<BV64 0x8e50 + (0#32 .. (0x0 .. LOAD_8[<BV64 x0 + 0x27>]_41) ^ (0x0 .. LOAD_8[<BV64 0x8e50 + (0#32 .. (0x0 .. LOAD_8[<BV64 x0 + 0x26>]_35) ^ (0x0 .. LOAD_8[<BV64 0x8e50 + (0#32 .. (0x0 .. LOAD_8[<BV64 x0 + 0x25>]_29) ^ (0x0 .. LOAD_8[<BV64 0x8e50 + (0#32 .. (0x0 .. LOAD_8[<BV64 x0 + 0x24>]_23) ^ (0x0 .. LOAD_8[<BV64 x0 + 0x13>]_22))>]_27 ^ LOAD_8[<BV64 x0 + 0x4>]_24))>]_33 ^ LOAD_8[<BV64 0x5 + x0>]_30))>]_39 ^ LOAD_8[<BV64 0x6 + x0>]_36))>', '<BV64 x0 + 0x13>', '<BV64 x0 + 0x24>', '<BV64 x0 + 0x25>', '<BV64 x0 + 0x26>', '<BV64 x0 + 0x27>', '<BV64 x0 + 0x28>', '<BV64 x0 + 0x4>'], 'const_mem': []};0.0;0.0;0.0;0.0;[];;;;BaseControlType.CONSTANT_BASE;BaseControlType.CONSTANT_BASE;BaseControlType.CONSTANT_BASE;4;BranchControlType.BRANCH_INDEPENDENT_FROM_SECRET;BranchControlType.BRANCH_INDEPENDENT_FROM_SECRET;7164;False;False;False;True;True;True;False;False;True;False;False;False;True;False;False;False;True;False;True;False;[];['is_secret_inferable', 'has_valid_base', 'has_valid_secret_address', 'secret_below_cache_granularity'];False;False;False;True;True;True;False;False;True;False;False;False;True;False;False;False;True;False;True;False;[];['is_secret_inferable', 'has_valid_base', 'has_valid_secret_address', 'secret_below_cache_granularity']
63adeeb2-eb16-4ca1-8f31-61dec198b476;MD2Transform@@LIBMD_0.0;0x1bc0;0x1c08;0x0;TransmitterType.STORE;67;0;False;['0x1bc0', '0x1be4', '0x1be4', '0x1be4', '0x1be4'];<BV64 0x8 + x0>;64;[('0x1c10', <Bool x0 + 0x14 != x0 + 0x5>, 'Taken'), ('0x1c10', <Bool 0x14 + x0 != x0 + 0x6>, 'Taken'), ('0x1c10', <Bool 0x14 + x0 != x0 + 0x7>, 'Taken'), ('0x1c10', <Bool 0x14 + x0 != x0 + 0x8>, 'Taken')];[];['<BV64 x0>'];[];['<BV64 x0>'];[];[];0;18446744073709551615;18446744073709551615;1;;;True;0;18446744073709551615;18446744073709551615;1;;;True;ControlType.CONTROLLED;0;<BV64 0x8>;64;[];[];[];[];[];[];[];8.0;8.0;0.0;1.0;;;True;8.0;8.0;0.0;1.0;;;True;ControlType.NO_CONTROL;0;<BV64 0x8>;64;[];[];[];[];[];[];[];8;8;0;1.0;;;True;8.0;8.0;0.0;1.0;;;True;ControlType.NO_CONTROL;0;<BV64 x0>;64;[('0x1c10', <Bool x0 + 0x14 != x0 + 0x5>, 'Taken'), ('0x1c10', <Bool 0x14 + x0 != x0 + 0x6>, 'Taken'), ('0x1c10', <Bool 0x14 + x0 != x0 + 0x7>, 'Taken'), ('0x1c10', <Bool 0x14 + x0 != x0 + 0x8>, 'Taken')];[];['<BV64 x0>'];[];['<BV64 x0>'];[];[];0.0;1.8446744073709552e+19;18446744073709551615;1;;;True;0.0;1.8446744073709552e+19;18446744073709551615;1;;;True;ControlType.CONTROLLED;0;<BV64 x0>;64;[('0x1c10', <Bool x0 + 0x14 != x0 + 0x5>, 'Taken'), ('0x1c10', <Bool 0x14 + x0 != x0 + 0x6>, 'Taken'), ('0x1c10', <Bool 0x14 + x0 != x0 + 0x7>, 'Taken'), ('0x1c10', <Bool 0x14 + x0 != x0 + 0x8>, 'Taken')];[];['<BV64 x0>'];[];['<BV64 x0>'];[];[];0.0;1.8446744073709552e+19;1.8446744073709552e+19;1.0;;;True;0.0;1.8446744073709552e+19;1.8446744073709552e+19;1.0;;;True;ControlType.CONTROLLED;0;<BV64 x0>;64;[];[];[];[];[];[];[];0;0;0;;;;False;0;0;0;;;;False;ControlType.UNKNOWN;0;[('0x1c10', <Bool x0 + 0x14 != x0 + 0x5>, 'Taken'), ('0x1c10', <Bool 0x14 + x0 != x0 + 0x6>, 'Taken'), ('0x1c10', <Bool 0x14 + x0 != x0 + 0x7>, 'Taken'), ('0x1c10', <Bool 0x14 + x0 != x0 + 0x8>, 'Taken')];{'regs': ['<BV64 x0>'], 'indirect_regs': [], 'direct_regs': ['<BV64 x0>'], 'mem': [], 'const_mem': []};[];{'regs': [], 'indirect_regs': [], 'direct_regs': [], 'mem': [], 'const_mem': []};{'regs': ['<BV64 x0>'], 'indirect_regs': [], 'direct_regs': ['<BV64 x0>'], 'mem': [], 'const_mem': []};{'regs': ['<BV64 x0>'], 'indirect_regs': [], 'direct_regs': ['<BV64 x0>'], 'mem': [], 'const_mem': []};63.0;0.0;64.0;64.0;[];;;;BaseControlType.CONSTANT_BASE;BaseControlType.CONSTANT_BASE;BaseControlType.CONSTANT_BASE;4;BranchControlType.BRANCH_DEPENDS_ON_SECRET_VALUE;BranchControlType.BRANCH_INDEPENDENT_FROM_SECRET;7176;True;False;True;True;True;False;False;True;True;False;False;False;True;False;True;True;True;False;True;False;[];['has_valid_base'];True;False;True;True;True;False;False;True;True;False;False;False;True;False;True;True;True;False;True;False;[];['has_valid_base']
9c69f3d9-ab3d-4559-8853-32eab37897ea;MD4Pad@@LIBMD_0.0;0x2528;0x254c;0x0;TransmitterType.LOAD;10;0;False;['0x2528'];<BV64 0x10 + x0>;64;[];[];['<BV64 x0>'];[];['<BV64 x0>'];[];[];0;18446744073709551615;18446744073709551615;1;;;True;0;18446744073709551615;18446744073709551615;1;;;True;ControlType.CONTROLLED;0;<BV64 0x10>;64;[];[];[];[];[];[];[];16.0;16.0;0.0;1.0;;;True;16.0;16.0;0.0;1.0;;;True;ControlType.NO_CONTROL;0;<BV64 0x10>;64;[];[];[];[];[];[];[];16;16;0;1.0;;;True;16.0;16.0;0.0;1.0;;;True;ControlType.NO_CONTROL;0;<BV64 x0>;64;[];[];['<BV64 x0>'];[];['<BV64 x0>'];[];[];0.0;1.8446744073709552e+19;18446744073709551615;1;;;True;0.0;1.8446744073709552e+19;18446744073709551615;1;;;True;ControlType.CONTROLLED;0;<BV64 x0>;64;[];[];['<BV64 x0>'];[];['<BV64 x0>'];[];[];0.0;1.8446744073709552e+19;1.8446744073709552e+19;1.0;;;True;0.0;1.8446744073709552e+19;1.8446744073709552e+19;1.0;;;True;ControlType.CONTROLLED;0;<BV64 x0>;64;[];[];[];[];[];[];[];0;0;0;;;;False;0;0;0;;;;False;ControlType.UNKNOWN;0;[];{'regs': [], 'indirect_regs': [], 'direct_regs': [], 'mem': [], 'const_mem': []};[];{'regs': [], 'indirect_regs': [], 'direct_regs': [], 'mem': [], 'const_mem': []};{'regs': ['<BV64 x0>'], 'indirect_regs': [], 'direct_regs': ['<BV64 x0>'], 'mem': [], 'const_mem': []};{'regs': ['<BV64 x0>'], 'indirect_regs': [], 'direct_regs': ['<BV64 x0>'], 'mem': [], 'const_mem': []};63.0;0.0;64.0;64.0;[];;;;BaseControlType.CONSTANT_BASE;BaseControlType.CONSTANT_BASE;BaseControlType.CONSTANT_BASE;0;BranchControlType.BRANCH_INDEPENDENT_FROM_SECRET;BranchControlType.BRANCH_INDEPENDENT_FROM_SECRET;9548;True;False;True;True;True;False;False;True;True;False;False;False;True;False;True;False;True;False;True;False;[];['has_valid_base'];True;False;True;True;True;False;False;True;True;False;False;False;True;False;True;False;True;False;True;False;[];['has_valid_base']
3416225b-b3c0-4e24-b8ff-ac9166dbce20;SHA1Transform@@LIBMD_0.0;0x4c00;0x4c14;0x0;TransmitterType.LOAD;6;0;False;['0x4c00'];<BV64 0x10 + x0>;64;[];[];['<BV64 x0>'];[];['<BV64 x0>'];[];[];0;18446744073709551615;18446744073709551615;1;;;True;0;18446744073709551615;18446744073709551615;1;;;True;ControlType.CONTROLLED;0;<BV64 0x10>;64;[];[];[];[];[];[];[];16.0;16.0;0.0;1.0;;;True;16.0;16.0;0.0;1.0;;;True;ControlType.NO_CONTROL;0;<BV64 0x10>;64;[];[];[];[];[];[];[];16;16;0;1.0;;;True;16.0;16.0;0.0;1.0;;;True;ControlType.NO_CONTROL;0;<BV64 x0>;64;[];[];['<BV64 x0>'];[];['<BV64 x0>'];[];[];0.0;1.8446744073709552e+19;18446744073709551615;1;;;True;0.0;1.8446744073709552e+19;18446744073709551615;1;;;True;ControlType.CONTROLLED;0;<BV64 x0>;64;[];[];['<BV64 x0>'];[];['<BV64 x0>'];[];[];0.0;1.8446744073709552e+19;1.8446744073709552e+19;1.0;;;True;0.0;1.8446744073709552e+19;1.8446744073709552e+19;1.0;;;True;ControlType.CONTROLLED;0;<BV64 x0>;64;[];[];[];[];[];[];[];0;0;0;;;;False;0;0;0;;;;False;ControlType.UNKNOWN;0;[];{'regs': [], 'indirect_regs': [], 'direct_regs': [], 'mem': [], 'const_mem': []};[];{'regs': [], 'indirect_regs': [], 'direct_regs': [], 'mem': [], 'const_mem': []};{'regs': ['<BV64 x0>'], 'indirect_regs': [], 'direct_regs': ['<BV64 x0>'], 'mem': [], 'const_mem': []};{'regs': ['<BV64 x0>'], 'indirect_regs': [], 'direct_regs': ['<BV64 x0>'], 'mem': [], 'const_mem': []};63.0;0.0;64.0;64.0;[];;;;BaseControlType.CONSTANT_BASE;BaseControlType.CONSTANT_BASE;BaseControlType.CONSTANT_BASE;0;BranchControlType.BRANCH_INDEPENDENT_FROM_SECRET;BranchControlType.BRANCH_INDEPENDENT_FROM_SECRET;19476;True;False;True;True;True;False;False;True;True;False;False;False;True;False;True;False;True;False;True;False;[];['has_valid_base'];True;False;True;True;True;False;False;True;True;False;False;False;True;False;True;False;True;False;True;False;[];['has_valid_base']
74bc1257-0505-4589-82ae-2ddd5641164a;SHA1Update@@LIBMD_0.0;0x5c20;0x5c44;0x0;TransmitterType.LOAD;10;0;False;['0x5c20'];<BV64 0x18 + x0>;64;[];[];['<BV64 x0>'];[];['<BV64 x0>'];[];[];0;18446744073709551615;18446744073709551615;1;;;True;0;18446744073709551615;18446744073709551615;1;;;True;ControlType.CONTROLLED;0;<BV64 0x18>;64;[];[];[];[];[];[];[];24.0;24.0;0.0;1.0;;;True;24.0;24.0;0.0;1.0;;;True;ControlType.NO_CONTROL;0;<BV64 0x18>;64;[];[];[];[];[];[];[];24;24;0;1.0;;;True;24.0;24.0;0.0;1.0;;;True;ControlType.NO_CONTROL;0;<BV64 x0>;64;[];[];['<BV64 x0>'];[];['<BV64 x0>'];[];[];0.0;1.8446744073709552e+19;18446744073709551615;1;;;True;0.0;1.8446744073709552e+19;18446744073709551615;1;;;True;ControlType.CONTROLLED;0;<BV64 x0>;64;[];[];['<BV64 x0>'];[];['<BV64 x0>'];[];[];0.0;1.8446744073709552e+19;1.8446744073709552e+19;1.0;;;True;0.0;1.8446744073709552e+19;1.8446744073709552e+19;1.0;;;True;ControlType.CONTROLLED;0;<BV64 x0>;64;[];[];[];[];[];[];[];0;0;0;;;;False;0;0;0;;;;False;ControlType.UNKNOWN;0;[];{'regs': [], 'indirect_regs': [], 'direct_regs': [], 'mem': [], 'const_mem': []};[];{'regs': [], 'indirect_regs': [], 'direct_regs': [], 'mem': [], 'const_mem': []};{'regs': ['<BV64 x0>'], 'indirect_regs': [], 'direct_regs': ['<BV64 x0>'], 'mem': [], 'const_mem': []};{'regs': ['<BV64 x0>'], 'indirect_regs': [], 'direct_regs': ['<BV64 x0>'], 'mem': [], 'const_mem': []};63.0;0.0;64.0;64.0;[];;;;BaseControlType.CONSTANT_BASE;BaseControlType.CONSTANT_BASE;BaseControlType.CONSTANT_BASE;0;BranchControlType.BRANCH_INDEPENDENT_FROM_SECRET;BranchControlType.BRANCH_INDEPENDENT_FROM_SECRET;23620;True;False;True;True;True;False;False;True;True;False;False;False;True;False;True;False;True;False;True;False;[];['has_valid_base'];True;False;True;True;True;False;False;True;True;False;False;False;True;False;True;False;True;False;True;False;[];['has_valid_base']
46a93398-8266-4a43-a619-cb52d2976419;SHA384Pad@@LIBMD_0.0;0x6920;0x6934;0x0;TransmitterType.LOAD;6;0;False;['0x6920'];<BV64 0x40 + x0>;64;[];[];['<BV64 x0>'];[];['<BV64 x0>'];[];[];0;18446744073709551615;18446744073709551615;1;;;True;0;18446744073709551615;18446744073709551615;1;;;True;ControlType.CONTROLLED;0;<BV64 0x40>;64;[];[];[];[];[];[];[];64.0;64.0;0.0;1.0;;;True;64.0;64.0;0.0;1.0;;;True;ControlType.NO_CONTROL;0;<BV64 0x40>;64;[];[];[];[];[];[];[];64;64;0;1.0;;;True;64.0;64.0;0.0;1.0;;;True;ControlType.NO_CONTROL;0;<BV64 x0>;64;[];[];['<BV64 x0>'];[];['<BV64 x0>'];[];[];0.0;1.8446744073709552e+19;18446744073709551615;1;;;True;0.0;1.8446744073709552e+19;18446744073709551615;1;;;True;ControlType.CONTROLLED;0;<BV64 x0>;64;[];[];['<BV64 x0>'];[];['<BV64 x0>'];[];[];0.0;1.8446744073709552e+19;1.8446744073709552e+19;1.0;;;True;0.0;1.8446744073709552e+19;1.8446744073709552e+19;1.0;;;True;ControlType.CONTROLLED;0;<BV64 x0>;64;[];[];[];[];[];[];[];0;0;0;;;;False;0;0;0;;;;False;ControlType.UNKNOWN;0;[];{'regs': [], 'indirect_regs': [], 'direct_regs': [], 'mem': [], 'const_mem': []};[];{'regs': [], 'indirect_regs': [], 'direct_regs': [], 'mem': [], 'const_mem': []};{'regs': ['<BV64 x0>'], 'indirect_regs': [], 'direct_regs': ['<BV64 x0>'], 'mem': [], 'const_mem': []};{'regs': ['<BV64 x0>'], 'indirect_regs': [], 'direct_regs': ['<BV64 x0>'], 'mem': [], 'const_mem': []};63.0;0.0;64.0;64.0;[];;;;BaseControlType.CONSTANT_BASE;BaseControlType.CONSTANT_BASE;BaseControlType.CONSTANT_BASE;0;BranchControlType.BRANCH_INDEPENDENT_FROM_SECRET;BranchControlType.BRANCH_INDEPENDENT_FROM_SECRET;26932;True;False;True;True;True;False;False;True;True;False;False;False;True;False;True;False;True;False;True;False;[];['has_valid_base'];True;False;True;True;True;False;False;True;True;False;False;False;True;False;True;False;True;False;True;False;[];['has_valid_base']
39a2ff03-f00b-4d52-b300-dafd8952a222;MD5Transform@@LIBMD_0.0;0x2688;0x26f8;0x0;TransmitterType.LOAD;29;0;False;['0x2688'];<BV64 0x8 + x0>;64;[];[];['<BV64 x0>'];[];['<BV64 x0>'];[];[];0;18446744073709551615;18446744073709551615;1;;;True;0;18446744073709551615;18446744073709551615;1;;;True;ControlType.CONTROLLED;0;<BV64 0x8>;64;[];[];[];[];[];[];[];8.0;8.0;0.0;1.0;;;True;8.0;8.0;0.0;1.0;;;True;ControlType.NO_CONTROL;0;<BV64 0x8>;64;[];[];[];[];[];[];[];8;8;0;1.0;;;True;8.0;8.0;0.0;1.0;;;True;ControlType.NO_CONTROL;0;<BV64 x0>;64;[];[];['<BV64 x0>'];[];['<BV64 x0>'];[];[];0.0;1.8446744073709552e+19;18446744073709551615;1;;;True;0.0;1.8446744073709552e+19;18446744073709551615;1;;;True;ControlType.CONTROLLED;0;<BV64 x0>;64;[];[];['<BV64 x0>'];[];['<BV64 x0>'];[];[];0.0;1.8446744073709552e+19;1.8446744073709552e+19;1.0;;;True;0.0;1.8446744073709552e+19;1.8446744073709552e+19;1.0;;;True;ControlType.CONTROLLED;0;<BV64 x0>;64;[];[];[];[];[];[];[];0;0;0;;;;False;0;0;0;;;;False;ControlType.UNKNOWN;0;[];{'regs': [], 'indirect_regs': [], 'direct_regs': [], 'mem': [], 'const_mem': []};[];{'regs': [], 'indirect_regs': [], 'direct_regs': [], 'mem': [], 'const_mem': []};{'regs': ['<BV64 x0>'], 'indirect_regs': [], 'direct_regs': ['<BV64 x0>'], 'mem': [], 'const_mem': []};{'regs': ['<BV64 x0>'], 'indirect_regs': [], 'direct_regs': ['<BV64 x0>'], 'mem': [], 'const_mem': []};63.0;0.0;64.0;64.0;[];;;;BaseControlType.CONSTANT_BASE;BaseControlType.CONSTANT_BASE;BaseControlType.CONSTANT_BASE;0;BranchControlType.BRANCH_INDEPENDENT_FROM_SECRET;BranchControlType.BRANCH_INDEPENDENT_FROM_SECRET;9976;True;False;True;True;True;False;False;True;True;False;False;False;True;False;True;False;True;False;True;False;[];['has_valid_base'];True;False;True;True;True;False;False;True;True;False;False;False;True;False;True;False;True;False;True;False;[];['has_valid_base']
97780f57-79a1-411f-b881-6a63cb08ec16;SHA512Init@@LIBMD_0.0;0x64ec;0x6514;0x0;TransmitterType.STORE;12;0;False;['0x64ec'];<BV64 0x50 + x0>;64;[];[];['<BV64 x0>'];[];['<BV64 x0>'];[];[];0;18446744073709551615;18446744073709551615;1;;;True;0;18446744073709551615;18446744073709551615;1;;;True;ControlType.CONTROLLED;0;<BV64 0x50>;64;[];[];[];[];[];[];[];80.0;80.0;0.0;1.0;;;True;80.0;80.0;0.0;1.0;;;True;ControlType.NO_CONTROL;0;<BV64 0x50>;64;[];[];[];[];[];[];[];80;80;0;1.0;;;True;80.0;80.0;0.0;1.0;;;True;ControlType.NO_CONTROL;0;<BV64 x0>;64;[];[];['<BV64 x0>'];[];['<BV64 x0>'];[];[];0.0;1.8446744073709552e+19;18446744073709551615;1;;;True;0.0;1.8446744073709552e+19;18446744073709551615;1;;;True;ControlType.CONTROLLED;0;<BV64 x0>;64;[];[];['<BV64 x0>'];[];['<BV64 x0>'];[];[];0.0;1.8446744073709552e+19;1.8446744073709552e+19;1.0;;;True;0.0;1.8446744073709552e+19;1.8446744073709552e+19;1.0;;;True;ControlType.CONTROLLED;0;<BV64 x0>;64;[];[];[];[];[];[];[];0;0;0;;;;False;0;0;0;;;;False;ControlType.UNKNOWN;0;[];{'regs': [], 'indirect_regs': [], 'direct_regs': [], 'mem': [], 'const_mem': []};[];{'regs': [], 'indirect_regs': [], 'direct_regs': [], 'mem': [], 'const_mem': []};{'regs': ['<BV64 x0>'], 'indirect_regs': [], 'direct_regs': ['<BV64 x0>'], 'mem': [], 'const_mem': []};{'regs': ['<BV64 x0>'], 'indirect_regs': [], 'direct_regs': ['<BV64 x0>'], 'mem': [], 'const_mem': []};63.0;0.0;64.0;64.0;[];;;;BaseControlType.CONSTANT_BASE;BaseControlType.CONSTANT_BASE;BaseControlType.CONSTANT_BASE;0;BranchControlType.BRANCH_INDEPENDENT_FROM_SECRET;BranchControlType.BRANCH_INDEPENDENT_FROM_SECRET;25876;True;False;True;True;True;False;False;True;True;False;False;False;True;False;True;False;True;False;True;False;[];['has_valid_base'];True;False;True;True;True;False;False;True;True;False;False;False;True;False;True;False;True;False;True;False;[];['has_valid_base']
5d734657-31ed-4fdd-8a39-52cecc5dd870;SHA512_256Init@@LIBMD_0.1;0x6c80;0x6ca8;0x0;TransmitterType.STORE;12;0;False;['0x6c80'];<BV64 0x50 + x0>;64;[];[];['<BV64 x0>'];[];['<BV64 x0>'];[];[];0;18446744073709551615;18446744073709551615;1;;;True;0;18446744073709551615;18446744073709551615;1;;;True;ControlType.CONTROLLED;0;<BV64 0x50>;64;[];[];[];[];[];[];[];80.0;80.0;0.0;1.0;;;True;80.0;80.0;0.0;1.0;;;True;ControlType.NO_CONTROL;0;<BV64 0x50>;64;[];[];[];[];[];[];[];80;80;0;1.0;;;True;80.0;80.0;0.0;1.0;;;True;ControlType.NO_CONTROL;0;<BV64 x0>;64;[];[];['<BV64 x0>'];[];['<BV64 x0>'];[];[];0.0;1.8446744073709552e+19;18446744073709551615;1;;;True;0.0;1.8446744073709552e+19;18446744073709551615;1;;;True;ControlType.CONTROLLED;0;<BV64 x0>;64;[];[];['<BV64 x0>'];[];['<BV64 x0>'];[];[];0.0;1.8446744073709552e+19;1.8446744073709552e+19;1.0;;;True;0.0;1.8446744073709552e+19;1.8446744073709552e+19;1.0;;;True;ControlType.CONTROLLED;0;<BV64 x0>;64;[];[];[];[];[];[];[];0;0;0;;;;False;0;0;0;;;;False;ControlType.UNKNOWN;0;[];{'regs': [], 'indirect_regs': [], 'direct_regs': [], 'mem': [], 'const_mem': []};[];{'regs': [], 'indirect_regs': [], 'direct_regs': [], 'mem': [], 'const_mem': []};{'regs': ['<BV64 x0>'], 'indirect_regs': [], 'direct_regs': ['<BV64 x0>'], 'mem': [], 'const_mem': []};{'regs': ['<BV64 x0>'], 'indirect_regs': [], 'direct_regs': ['<BV64 x0>'], 'mem': [], 'const_mem': []};63.0;0.0;64.0;64.0;[];;;;BaseControlType.CONSTANT_BASE;BaseControlType.CONSTANT_BASE;BaseControlType.CONSTANT_BASE;0;BranchControlType.BRANCH_INDEPENDENT_FROM_SECRET;BranchControlType.BRANCH_INDEPENDENT_FROM_SECRET;27816;True;False;True;True;True;False;False;True;True;False;False;False;True;False;True;False;True;False;True;False;[];['has_valid_base'];True;False;True;True;True;False;False;True;True;False;False;False;True;False;True;False;True;False;True;False;[];['has_valid_base']
a21d320d-961b-4e16-a53f-55010597e3aa;MD4Init@@LIBMD_0.0;0x1dac;0x1dc8;0x0;TransmitterType.STORE;9;0;False;['0x1dac'];<BV64 0x10 + x0>;64;[];[];['<BV64 x0>'];[];['<BV64 x0>'];[];[];0;18446744073709551615;18446744073709551615;1;;;True;0;18446744073709551615;18446744073709551615;1;;;True;ControlType.CONTROLLED;0;<BV64 0x10>;64;[];[];[];[];[];[];[];16.0;16.0;0.0;1.0;;;True;16.0;16.0;0.0;1.0;;;True;ControlType.NO_CONTROL;0;<BV64 0x10>;64;[];[];[];[];[];[];[];16;16;0;1.0;;;True;16.0;16.0;0.0;1.0;;;True;ControlType.NO_CONTROL;0;<BV64 x0>;64;[];[];['<BV64 x0>'];[];['<BV64 x0>'];[];[];0.0;1.8446744073709552e+19;18446744073709551615;1;;;True;0.0;1.8446744073709552e+19;18446744073709551615;1;;;True;ControlType.CONTROLLED;0;<BV64 x0>;64;[];[];['<BV64 x0>'];[];['<BV64 x0>'];[];[];0.0;1.8446744073709552e+19;1.8446744073709552e+19;1.0;;;True;0.0;1.8446744073709552e+19;1.8446744073709552e+19;1.0;;;True;ControlType.CONTROLLED;0;<BV64 x0>;64;[];[];[];[];[];[];[];0;0;0;;;;False;0;0;0;;;;False;ControlType.UNKNOWN;0;[];{'regs': [], 'indirect_regs': [], 'direct_regs': [], 'mem': [], 'const_mem': []};[];{'regs': [], 'indirect_regs': [], 'direct_regs': [], 'mem': [], 'const_mem': []};{'regs': ['<BV64 x0>'], 'indirect_regs': [], 'direct_regs': ['<BV64 x0>'], 'mem': [], 'const_mem': []};{'regs': ['<BV64 x0>'], 'indirect_regs': [], 'direct_regs': ['<BV64 x0>'], 'mem': [], 'const_mem': []};63.0;0.0;64.0;64.0;[];;;;BaseControlType.CONSTANT_BASE;BaseControlType.CONSTANT_BASE;BaseControlType.CONSTANT_BASE;0;BranchControlType.BRANCH_INDEPENDENT_FROM_SECRET;BranchControlType.BRANCH_INDEPENDENT_FROM_SECRET;7624;True;False;True;True;True;False;False;True;True;False;False;False;True;False;True;False;True;False;True;False;[];['has_valid_base'];True;False;True;True;True;False;False;True;True;False;False;False;True;False;True;False;True;False;True;False;[];['has_valid_base']
1f76ea3f-2d12-4d23-9597-41a858f568eb;MD5Update@@LIBMD_0.0;0x3108;0x3130;0x0;TransmitterType.LOAD;11;0;False;['0x3108'];<BV64 0x10 + x0>;64;[];[];['<BV64 x0>'];[];['<BV64 x0>'];[];[];0;18446744073709551615;18446744073709551615;1;;;True;0;18446744073709551615;18446744073709551615;1;;;True;ControlType.CONTROLLED;0;<BV64 0x10>;64;[];[];[];[];[];[];[];16.0;16.0;0.0;1.0;;;True;16.0;16.0;0.0;1.0;;;True;ControlType.NO_CONTROL;0;<BV64 0x10>;64;[];[];[];[];[];[];[];16;16;0;1.0;;;True;16.0;16.0;0.0;1.0;;;True;ControlType.NO_CONTROL;0;<BV64 x0>;64;[];[];['<BV64 x0>'];[];['<BV64 x0>'];[];[];0.0;1.8446744073709552e+19;18446744073709551615;1;;;True;0.0;1.8446744073709552e+19;18446744073709551615;1;;;True;ControlType.CONTROLLED;0;<BV64 x0>;64;[];[];['<BV64 x0>'];[];['<BV64 x0>'];[];[];0.0;1.8446744073709552e+19;1.8446744073709552e+19;1.0;;;True;0.0;1.8446744073709552e+19;1.8446744073709552e+19;1.0;;;True;ControlType.CONTROLLED;0;<BV64 x0>;64;[];[];[];[];[];[];[];0;0;0;;;;False;0;0;0;;;;False;ControlType.UNKNOWN;0;[];{'regs': [], 'indirect_regs': [], 'direct_regs': [], 'mem': [], 'const_mem': []};[];{'regs': [], 'indirect_regs': [], 'direct_regs': [], 'mem': [], 'const_mem': []};{'regs': ['<BV64 x0>'], 'indirect_regs': [], 'direct_regs': ['<BV64 x0>'], 'mem': [], 'const_mem': []};{'regs': ['<BV64 x0>'], 'indirect_regs': [], 'direct_regs': ['<BV64 x0>'], 'mem': [], 'const_mem': []};63.0;0.0;64.0;64.0;[];;;;BaseControlType.CONSTANT_BASE;BaseControlType.CONSTANT_BASE;BaseControlType.CONSTANT_BASE;0;BranchControlType.BRANCH_INDEPENDENT_FROM_SECRET;BranchControlType.BRANCH_INDEPENDENT_FROM_SECRET;12592;True;False;True;True;True;False;False;True;True;False;False;False;True;False;True;False;True;False;True;False;[];['has_valid_base'];True;False;True;True;True;False;False;True;True;False;False;False;True;False;True;False;True;False;True;False;[];['has_valid_base']
91e969d1-eb35-4575-bcf4-528b67fe936a;SHA1Update@@LIBMD_0.0;0x5c20;0x5c58;0x0;TransmitterType.STORE;15;0;False;['0x5c20'];<BV64 0x18 + x0>;64;[];[];['<BV64 x0>'];[];['<BV64 x0>'];[];[];0;18446744073709551615;18446744073709551615;1;;;True;0;18446744073709551615;18446744073709551615;1;;;True;ControlType.CONTROLLED;0;<BV64 0x18>;64;[];[];[];[];[];[];[];24.0;24.0;0.0;1.0;;;True;24.0;24.0;0.0;1.0;;;True;ControlType.NO_CONTROL;0;<BV64 0x18>;64;[];[];[];[];[];[];[];24;24;0;1.0;;;True;24.0;24.0;0.0;1.0;;;True;ControlType.NO_CONTROL;0;<BV64 x0>;64;[];[];['<BV64 x0>'];[];['<BV64 x0>'];[];[];0.0;1.8446744073709552e+19;18446744073709551615;1;;;True;0.0;1.8446744073709552e+19;18446744073709551615;1;;;True;ControlType.CONTROLLED;0;<BV64 x0>;64;[];[];['<BV64 x0>'];[];['<BV64 x0>'];[];[];0.0;1.8446744073709552e+19;1.8446744073709552e+19;1.0;;;True;0.0;1.8446744073709552e+19;1.8446744073709552e+19;1.0;;;True;ControlType.CONTROLLED;0;<BV64 x0>;64;[];[];[];[];[];[];[];0;0;0;;;;False;0;0;0;;;;False;ControlType.UNKNOWN;0;[];{'regs': [], 'indirect_regs': [], 'direct_regs': [], 'mem': [], 'const_mem': []};[];{'regs': [], 'indirect_regs': [], 'direct_regs': [], 'mem': [], 'const_mem': []};{'regs': ['<BV64 x0>'], 'indirect_regs': [], 'direct_regs': ['<BV64 x0>'], 'mem': [], 'const_mem': []};{'regs': ['<BV64 x0>'], 'indirect_regs': [], 'direct_regs': ['<BV64 x0>'], 'mem': [], 'const_mem': []};63.0;0.0;64.0;64.0;[];;;;BaseControlType.CONSTANT_BASE;BaseControlType.CONSTANT_BASE;BaseControlType.CONSTANT_BASE;0;BranchControlType.BRANCH_INDEPENDENT_FROM_SECRET;BranchControlType.BRANCH_INDEPENDENT_FROM_SECRET;23640;True;False;True;True;True;False;False;True;True;False;False;False;True;False;True;False;True;False;True;False;[];['has_valid_base'];True;False;True;True;True;False;False;True;True;False;False;False;True;False;True;False;True;False;True;False;[];['has_valid_base']
13c4bdcb-b34d-4f04-8250-033c814f7082;SHA512Init@@LIBMD_0.0;0x64ec;0x6518;0x0;TransmitterType.STORE;13;0;False;['0x64ec'];<BV64 x0>;64;[];[];['<BV64 x0>'];[];['<BV64 x0>'];[];[];0;18446744073709551615;18446744073709551615;1;;;True;0;18446744073709551615;18446744073709551615;1;;;True;ControlType.CONTROLLED;0;;0;[];[];[];[];[];[];[];0.0;0.0;0.0;0.0;;;False;0.0;0.0;0.0;0.0;;;False;ControlType.UNKNOWN;0;;0;[];[];[];[];[];[];[];0;0;0;;;;False;0.0;0.0;0.0;0.0;;;False;ControlType.UNKNOWN;0;<BV64 x0>;64;[];[];['<BV64 x0>'];[];['<BV64 x0>'];[];[];0.0;1.8446744073709552e+19;18446744073709551615;1;;;True;0.0;1.8446744073709552e+19;18446744073709551615;1;;;True;ControlType.CONTROLLED;0;<BV64 x0>;64;[];[];['<BV64 x0>'];[];['<BV64 x0>'];[];[];0.0;1.8446744073709552e+19;1.8446744073709552e+19;1.0;;;True;0.0;1.8446744073709552e+19;1.8446744073709552e+19;1.0;;;True;ControlType.CONTROLLED;0;<BV64 x0>;64;[];[];[];[];[];[];[];0;0;0;;;;False;0;0;0;;;;False;ControlType.UNKNOWN;0;[];{'regs': [], 'indirect_regs': [], 'direct_regs': [], 'mem': [], 'const_mem': []};[];{'regs': [], 'indirect_regs': [], 'direct_regs': [], 'mem': [], 'const_mem': []};{'regs': ['<BV64 x0>'], 'indirect_regs': [], 'direct_regs': ['<BV64 x0>'], 'mem': [], 'const_mem': []};{'regs': ['<BV64 x0>'], 'indirect_regs': [], 'direct_regs': ['<BV64 x0>'], 'mem': [], 'const_mem': []};63.0;0.0;64.0;64.0;[];;;;BaseControlType.NO_BASE;BaseControlType.NO_BASE;BaseControlType.NO_BASE;0;BranchControlType.BRANCH_INDEPENDENT_FROM_SECRET;BranchControlType.BRANCH_INDEPENDENT_FROM_SECRET;25880;True;False;True;True;True;False;False;True;True;False;False;False;True;False;True;False;True;False;True;False;[];['has_valid_base'];True;False;True;True;True;False;False;True;True;False;False;False;True;False;True;False;True;False;True;False;[];['has_valid_base']
e89c488d-de6f-41bb-aefb-e3287a3667e6;SHA1Transform@@LIBMD_0.0;0x4c00;0x4c18;0x0;TransmitterType.LOAD;7;0;False;['0x4c00'];<BV64 0x8 + x0>;64;[];[];['<BV64 x0>'];[];['<BV64 x0>'];[];[];0;18446744073709551615;18446744073709551615;1;;;True;0;18446744073709551615;18446744073709551615;1;;;True;ControlType.CONTROLLED;0;<BV64 0x8>;64;[];[];[];[];[];[];[];8.0;8.0;0.0;1.0;;;True;8.0;8.0;0.0;1.0;;;True;ControlType.NO_CONTROL;0;<BV64 0x8>;64;[];[];[];[];[];[];[];8;8;0;1.0;;;True;8.0;8.0;0.0;1.0;;;True;ControlType.NO_CONTROL;0;<BV64 x0>;64;[];[];['<BV64 x0>'];[];['<BV64 x0>'];[];[];0.0;1.8446744073709552e+19;18446744073709551615;1;;;True;0.0;1.8446744073709552e+19;18446744073709551615;1;;;True;ControlType.CONTROLLED;0;<BV64 x0>;64;[];[];['<BV64 x0>'];[];['<BV64 x0>'];[];[];0.0;1.8446744073709552e+19;1.8446744073709552e+19;1.0;;;True;0.0;1.8446744073709552e+19;1.8446744073709552e+19;1.0;;;True;ControlType.CONTROLLED;0;<BV64 x0>;64;[];[];[];[];[];[];[];0;0;0;;;;False;0;0;0;;;;False;ControlType.UNKNOWN;0;[];{'regs': [], 'indirect_regs': [], 'direct_regs': [], 'mem': [], 'const_mem': []};[];{'regs': [], 'indirect_regs': [], 'direct_regs': [], 'mem': [], 'const_mem': []};{'regs': ['<BV64 x0>'], 'indirect_regs': [], 'direct_regs': ['<BV64 x0>'], 'mem': [], 'const_mem': []};{'regs': ['<BV64 x0>'], 'indirect_regs': [], 'direct_regs': ['<BV64 x0>'], 'mem': [], 'const_mem': []};63.0;0.0;64.0;64.0;[];;;;BaseControlType.CONSTANT_BASE;BaseControlType.CONSTANT_BASE;BaseControlType.CONSTANT_BASE;0;BranchControlType.BRANCH_INDEPENDENT_FROM_SECRET;BranchControlType.BRANCH_INDEPENDENT_FROM_SECRET;19480;True;False;True;True;True;False;False;True;True;False;False;False;True;False;True;False;True;False;True;False;[];['has_valid_base'];True;False;True;True;True;False;False;True;True;False;False;False;True;False;True;False;True;False;True;False;[];['has_valid_base']
60fe17df-6a53-4df3-994e-e452a43df62e;SHA512_256Init@@LIBMD_0.1;0x6c80;0x6cac;0x0;TransmitterType.STORE;13;0;False;['0x6c80'];<BV64 x0>;64;[];[];['<BV64 x0>'];[];['<BV64 x0>'];[];[];0;18446744073709551615;18446744073709551615;1;;;True;0;18446744073709551615;18446744073709551615;1;;;True;ControlType.CONTROLLED;0;;0;[];[];[];[];[];[];[];0.0;0.0;0.0;0.0;;;False;0.0;0.0;0.0;0.0;;;False;ControlType.UNKNOWN;0;;0;[];[];[];[];[];[];[];0;0;0;;;;False;0.0;0.0;0.0;0.0;;;False;ControlType.UNKNOWN;0;<BV64 x0>;64;[];[];['<BV64 x0>'];[];['<BV64 x0>'];[];[];0.0;1.8446744073709552e+19;18446744073709551615;1;;;True;0.0;1.8446744073709552e+19;18446744073709551615;1;;;True;ControlType.CONTROLLED;0;<BV64 x0>;64;[];[];['<BV64 x0>'];[];['<BV64 x0>'];[];[];0.0;1.8446744073709552e+19;1.8446744073709552e+19;1.0;;;True;0.0;1.8446744073709552e+19;1.8446744073709552e+19;1.0;;;True;ControlType.CONTROLLED;0;<BV64 x0>;64;[];[];[];[];[];[];[];0;0;0;;;;False;0;0;0;;;;False;ControlType.UNKNOWN;0;[];{'regs': [], 'indirect_regs': [], 'direct_regs': [], 'mem': [], 'const_mem': []};[];{'regs': [], 'indirect_regs': [], 'direct_regs': [], 'mem': [], 'const_mem': []};{'regs': ['<BV64 x0>'], 'indirect_regs': [], 'direct_regs': ['<BV64 x0>'], 'mem': [], 'const_mem': []};{'regs': ['<BV64 x0>'], 'indirect_regs': [], 'direct_regs': ['<BV64 x0>'], 'mem': [], 'const_mem': []};63.0;0.0;64.0;64.0;[];;;;BaseControlType.NO_BASE;BaseControlType.NO_BASE;BaseControlType.NO_BASE;0;BranchControlType.BRANCH_INDEPENDENT_FROM_SECRET;BranchControlType.BRANCH_INDEPENDENT_FROM_SECRET;27820;True;False;True;True;True;False;False;True;True;False;False;False;True;False;True;False;True;False;True;False;[];['has_valid_base'];True;False;True;True;True;False;False;True;True;False;False;False;True;False;True;False;True;False;True;False;[];['has_valid_base']
65df33d4-584c-494e-b202-a664b4c7ea7d;MD5Transform@@LIBMD_0.0;0x2688;0x26f8;0x0;TransmitterType.LOAD;29;0;False;['0x2688'];<BV64 0xc + x0>;64;[];[];['<BV64 x0>'];[];['<BV64 x0>'];[];[];0;18446744073709551615;18446744073709551615;1;;;True;0;18446744073709551615;18446744073709551615;1;;;True;ControlType.CONTROLLED;0;<BV64 0xc>;64;[];[];[];[];[];[];[];12.0;12.0;0.0;1.0;;;True;12.0;12.0;0.0;1.0;;;True;ControlType.NO_CONTROL;0;<BV64 0xc>;64;[];[];[];[];[];[];[];12;12;0;1.0;;;True;12.0;12.0;0.0;1.0;;;True;ControlType.NO_CONTROL;0;<BV64 x0>;64;[];[];['<BV64 x0>'];[];['<BV64 x0>'];[];[];0.0;1.8446744073709552e+19;18446744073709551615;1;;;True;0.0;1.8446744073709552e+19;18446744073709551615;1;;;True;ControlType.CONTROLLED;0;<BV64 x0>;64;[];[];['<BV64 x0>'];[];['<BV64 x0>'];[];[];0.0;1.8446744073709552e+19;1.8446744073709552e+19;1.0;;;True;0.0;1.8446744073709552e+19;1.8446744073709552e+19;1.0;;;True;ControlType.CONTROLLED;0;<BV64 x0>;64;[];[];[];[];[];[];[];0;0;0;;;;False;0;0;0;;;;False;ControlType.UNKNOWN;0;[];{'regs': [], 'indirect_regs': [], 'direct_regs': [], 'mem': [], 'const_mem': []};[];{'regs': [], 'indirect_regs': [], 'direct_regs': [], 'mem': [], 'const_mem': []};{'regs': ['<BV64 x0>'], 'indirect_regs': [], 'direct_regs': ['<BV64 x0>'], 'mem': [], 'const_mem': []};{'regs': ['<BV64 x0>'], 'indirect_regs': [], 'direct_regs': ['<BV64 x0>'], 'mem': [], 'const_mem': []};63.0;0.0;64.0;64.0;[];;;;BaseControlType.CONSTANT_BASE;BaseControlType.CONSTANT_BASE;BaseControlType.CONSTANT_BASE;0;BranchControlType.BRANCH_INDEPENDENT_FROM_SECRET;BranchControlType.BRANCH_INDEPENDENT_FROM_SECRET;9976;True;False;True;True;True;False;False;True;True;False;False;False;True;False;True;False;True;False;True;False;[];['has_valid_base'];True;False;True;True;True;False;False;True;True;False;False;False;True;False;True;False;True;False;True;False;[];['has_valid_base']
b1247ffc-9637-4303-b653-b340f552f4cd;SHA256Transform@@LIBMD_0.0;0x5ec0;0x5ee4;0x0;TransmitterType.LOAD;10;0;False;['0x5ec0'];<BV64 x0>;64;[];[];['<BV64 x0>'];[];['<BV64 x0>'];[];[];0;18446744073709551615;18446744073709551615;1;;;True;0;18446744073709551615;18446744073709551615;1;;;True;ControlType.CONTROLLED;0;;0;[];[];[];[];[];[];[];0.0;0.0;0.0;0.0;;;False;0.0;0.0;0.0;0.0;;;False;ControlType.UNKNOWN;0;;0;[];[];[];[];[];[];[];0;0;0;;;;False;0.0;0.0;0.0;0.0;;;False;ControlType.UNKNOWN;0;<BV64 x0>;64;[];[];['<BV64 x0>'];[];['<BV64 x0>'];[];[];0.0;1.8446744073709552e+19;18446744073709551615;1;;;True;0.0;1.8446744073709552e+19;18446744073709551615;1;;;True;ControlType.CONTROLLED;0;<BV64 x0>;64;[];[];['<BV64 x0>'];[];['<BV64 x0>'];[];[];0.0;1.8446744073709552e+19;1.8446744073709552e+19;1.0;;;True;0.0;1.8446744073709552e+19;1.8446744073709552e+19;1.0;;;True;ControlType.CONTROLLED;0;<BV64 x0>;64;[];[];[];[];[];[];[];0;0;0;;;;False;0;0;0;;;;False;ControlType.UNKNOWN;0;[];{'regs': [], 'indirect_regs': [], 'direct_regs': [], 'mem': [], 'const_mem': []};[];{'regs': [], 'indirect_regs': [], 'direct_regs': [], 'mem': [], 'const_mem': []};{'regs': ['<BV64 x0>'], 'indirect_regs': [], 'direct_regs': ['<BV64 x0>'], 'mem': [], 'const_mem': []};{'regs': ['<BV64 x0>'], 'indirect_regs': [], 'direct_regs': ['<BV64 x0>'], 'mem': [], 'const_mem': []};63.0;0.0;64.0;64.0;[];;;;BaseControlType.NO_BASE;BaseControlType.NO_BASE;BaseControlType.NO_BASE;0;BranchControlType.BRANCH_INDEPENDENT_FROM_SECRET;BranchControlType.BRANCH_INDEPENDENT_FROM_SECRET;24292;True;False;True;True;True;False;False;True;True;False;False;False;True;False;True;False;True;False;True;False;[];['has_valid_base'];True;False;True;True;True;False;False;True;True;False;False;False;True;False;True;False;True;False;True;False;[];['has_valid_base']
05075aec-7600-4d8e-b42b-8d3d74436cc5;MD4Init@@LIBMD_0.0;0x1dac;0x1dcc;0x0;TransmitterType.STORE;10;0;False;['0x1dac'];<BV64 x0>;64;[];[];['<BV64 x0>'];[];['<BV64 x0>'];[];[];0;18446744073709551615;18446744073709551615;1;;;True;0;18446744073709551615;18446744073709551615;1;;;True;ControlType.CONTROLLED;0;;0;[];[];[];[];[];[];[];0.0;0.0;0.0;0.0;;;False;0.0;0.0;0.0;0.0;;;False;ControlType.UNKNOWN;0;;0;[];[];[];[];[];[];[];0;0;0;;;;False;0.0;0.0;0.0;0.0;;;False;ControlType.UNKNOWN;0;<BV64 x0>;64;[];[];['<BV64 x0>'];[];['<BV64 x0>'];[];[];0.0;1.8446744073709552e+19;18446744073709551615;1;;;True;0.0;1.8446744073709552e+19;18446744073709551615;1;;;True;ControlType.CONTROLLED;0;<BV64 x0>;64;[];[];['<BV64 x0>'];[];['<BV64 x0>'];[];[];0.0;1.8446744073709552e+19;1.8446744073709552e+19;1.0;;;True;0.0;1.8446744073709552e+19;1.8446744073709552e+19;1.0;;;True;ControlType.CONTROLLED;0;<BV64 x0>;64;[];[];[];[];[];[];[];0;0;0;;;;False;0;0;0;;;;False;ControlType.UNKNOWN;0;[];{'regs': [], 'indirect_regs': [], 'direct_regs': [], 'mem': [], 'const_mem': []};[];{'regs': [], 'indirect_regs': [], 'direct_regs': [], 'mem': [], 'const_mem': []};{'regs': ['<BV64 x0>'], 'indirect_regs': [], 'direct_regs': ['<BV64 x0>'], 'mem': [], 'const_mem': []};{'regs': ['<BV64 x0>'], 'indirect_regs': [], 'direct_regs': ['<BV64 x0>'], 'mem': [], 'const_mem': []};63.0;0.0;64.0;64.0;[];;;;BaseControlType.NO_BASE;BaseControlType.NO_BASE;BaseControlType.NO_BASE;0;BranchControlType.BRANCH_INDEPENDENT_FROM_SECRET;BranchControlType.BRANCH_INDEPENDENT_FROM_SECRET;7628;True;False;True;True;True;False;False;True;True;False;False;False;True;False;True;False;True;False;True;False;[];['has_valid_base'];True;False;True;True;True;False;False;True;True;False;False;False;True;False;True;False;True;False;True;False;[];['has_valid_base']
46791197-fe17-4fc6-b45e-9519bca12d56;MD5Update@@LIBMD_0.0;0x3108;0x3140;0x0;TransmitterType.STORE;15;0;False;['0x3108'];<BV64 0x10 + x0>;64;[];[];['<BV64 x0>'];[];['<BV64 x0>'];[];[];0;18446744073709551615;18446744073709551615;1;;;True;0;18446744073709551615;18446744073709551615;1;;;True;ControlType.CONTROLLED;0;<BV64 0x10>;64;[];[];[];[];[];[];[];16.0;16.0;0.0;1.0;;;True;16.0;16.0;0.0;1.0;;;True;ControlType.NO_CONTROL;0;<BV64 0x10>;64;[];[];[];[];[];[];[];16;16;0;1.0;;;True;16.0;16.0;0.0;1.0;;;True;ControlType.NO_CONTROL;0;<BV64 x0>;64;[];[];['<BV64 x0>'];[];['<BV64 x0>'];[];[];0.0;1.8446744073709552e+19;18446744073709551615;1;;;True;0.0;1.8446744073709552e+19;18446744073709551615;1;;;True;ControlType.CONTROLLED;0;<BV64 x0>;64;[];[];['<BV64 x0>'];[];['<BV64 x0>'];[];[];0.0;1.8446744073709552e+19;1.8446744073709552e+19;1.0;;;True;0.0;1.8446744073709552e+19;1.8446744073709552e+19;1.0;;;True;ControlType.CONTROLLED;0;<BV64 x0>;64;[];[];[];[];[];[];[];0;0;0;;;;False;0;0;0;;;;False;ControlType.UNKNOWN;0;[];{'regs': [], 'indirect_regs': [], 'direct_regs': [], 'mem': [], 'const_mem': []};[];{'regs': [], 'indirect_regs': [], 'direct_regs': [], 'mem': [], 'const_mem': []};{'regs': ['<BV64 x0>'], 'indirect_regs': [], 'direct_regs': ['<BV64 x0>'], 'mem': [], 'const_mem': []};{'regs': ['<BV64 x0>'], 'indirect_regs': [], 'direct_regs': ['<BV64 x0>'], 'mem': [], 'const_mem': []};63.0;0.0;64.0;64.0;[];;;;BaseControlType.CONSTANT_BASE;BaseControlType.CONSTANT_BASE;BaseControlType.CONSTANT_BASE;0;BranchControlType.BRANCH_INDEPENDENT_FROM_SECRET;BranchControlType.BRANCH_INDEPENDENT_FROM_SECRET;12608;True;False;True;True;True;False;False;True;True;False;False;False;True;False;True;False;True;False;True;False;[];['has_valid_base'];True;False;True;True;True;False;False;True;True;False;False;False;True;False;True;False;True;False;True;False;[];['has_valid_base']
ef60570d-db77-4f3e-82c5-681fb57a7f73;MD5End@@LIBMD_0.0;0x7420;0x322c;0x0;TransmitterType.LOAD;34;0;False;['0x7420', '0x7454', '0x32b0', '0x3208'];<BV64 0x10 + x0>;64;[];[];['<BV64 x0>'];[];['<BV64 x0>'];[];[];0;18446744073709551615;18446744073709551615;1;;;True;0;18446744073709551615;18446744073709551615;1;;;True;ControlType.CONTROLLED;0;<BV64 0x10>;64;[];[];[];[];[];[];[];16.0;16.0;0.0;1.0;;;True;16.0;16.0;0.0;1.0;;;True;ControlType.NO_CONTROL;0;<BV64 0x10>;64;[];[];[];[];[];[];[];16;16;0;1.0;;;True;16.0;16.0;0.0;1.0;;;True;ControlType.NO_CONTROL;0;<BV64 x0>;64;[];[];['<BV64 x0>'];[];['<BV64 x0>'];[];[];0.0;1.8446744073709552e+19;18446744073709551615;1;;;True;0.0;1.8446744073709552e+19;18446744073709551615;1;;;True;ControlType.CONTROLLED;0;<BV64 x0>;64;[];[];['<BV64 x0>'];[];['<BV64 x0>'];[];[];0.0;1.8446744073709552e+19;1.8446744073709552e+19;1.0;;;True;0.0;1.8446744073709552e+19;1.8446744073709552e+19;1.0;;;True;ControlType.CONTROLLED;0;<BV64 x0>;64;[];[];[];[];[];[];[];0;0;0;;;;False;0;0;0;;;;False;ControlType.UNKNOWN;0;[('0x32cc', <Bool True>, 'Taken'), ('0x7450', <Bool x1 != 0x0>, 'Taken'), ('0x745c', <Bool True>, 'Taken')];{'regs': ['<BV64 x1>'], 'indirect_regs': [], 'direct_regs': ['<BV64 x1>'], 'mem': [], 'const_mem': []};[];{'regs': [], 'indirect_regs': [], 'direct_regs': [], 'mem': [], 'const_mem': []};{'regs': ['<BV64 x0>'], 'indirect_regs': [], 'direct_regs': ['<BV64 x0>'], 'mem': [], 'const_mem': []};{'regs': ['<BV64 x0>', '<BV64 x1>'], 'indirect_regs': [], 'direct_regs': ['<BV64 x0>', '<BV64 x1>'], 'mem': [], 'const_mem': []};63.0;0.0;64.0;64.0;[];;;;BaseControlType.CONSTANT_BASE;BaseControlType.CONSTANT_BASE;BaseControlType.CONSTANT_BASE;3;BranchControlType.BRANCH_INDEPENDENT_FROM_SECRET;BranchControlType.BRANCH_INDEPENDENT_FROM_SECRET;12844;True;False;True;True;True;False;False;True;True;False;False;False;True;False;True;False;True;False;True;False;[];['has_valid_base'];True;False;True;True;True;False;False;True;True;False;False;False;True;False;True;False;True;False;True;False;[];['has_valid_base']
d2129d91-375e-44a6-93f6-3b2f775cb85e;SHA512Init@@LIBMD_0.0;0x64ec;0x6518;0x0;TransmitterType.STORE;13;0;False;['0x64ec'];<BV64 0x10 + x0>;64;[];[];['<BV64 x0>'];[];['<BV64 x0>'];[];[];0;18446744073709551615;18446744073709551615;1;;;True;0;18446744073709551615;18446744073709551615;1;;;True;ControlType.CONTROLLED;0;<BV64 0x10>;64;[];[];[];[];[];[];[];16.0;16.0;0.0;1.0;;;True;16.0;16.0;0.0;1.0;;;True;ControlType.NO_CONTROL;0;<BV64 0x10>;64;[];[];[];[];[];[];[];16;16;0;1.0;;;True;16.0;16.0;0.0;1.0;;;True;ControlType.NO_CONTROL;0;<BV64 x0>;64;[];[];['<BV64 x0>'];[];['<BV64 x0>'];[];[];0.0;1.8446744073709552e+19;18446744073709551615;1;;;True;0.0;1.8446744073709552e+19;18446744073709551615;1;;;True;ControlType.CONTROLLED;0;<BV64 x0>;64;[];[];['<BV64 x0>'];[];['<BV64 x0>'];[];[];0.0;1.8446744073709552e+19;1.8446744073709552e+19;1.0;;;True;0.0;1.8446744073709552e+19;1.8446744073709552e+19;1.0;;;True;ControlType.CONTROLLED;0;<BV64 x0>;64;[];[];[];[];[];[];[];0;0;0;;;;False;0;0;0;;;;False;ControlType.UNKNOWN;0;[];{'regs': [], 'indirect_regs': [], 'direct_regs': [], 'mem': [], 'const_mem': []};[];{'regs': [], 'indirect_regs': [], 'direct_regs': [], 'mem': [], 'const_mem': []};{'regs': ['<BV64 x0>'], 'indirect_regs': [], 'direct_regs': ['<BV64 x0>'], 'mem': [], 'const_mem': []};{'regs': ['<BV64 x0>'], 'indirect_regs': [], 'direct_regs': ['<BV64 x0>'], 'mem': [], 'const_mem': []};63.0;0.0;64.0;64.0;[];;;;BaseControlType.CONSTANT_BASE;BaseControlType.CONSTANT_BASE;BaseControlType.CONSTANT_BASE;0;BranchControlType.BRANCH_INDEPENDENT_FROM_SECRET;BranchControlType.BRANCH_INDEPENDENT_FROM_SECRET;25880;True;False;True;True;True;False;False;True;True;False;False;False;True;False;True;False;True;False;True;False;[];['has_valid_base'];True;False;True;True;True;False;False;True;True;False;False;False;True;False;True;False;True;False;True;False;[];['has_valid_base']
39f01110-425a-4cbc-8b6b-7f37f15f411f;SHA224Update@@LIBMD_0.1;0x610c;0x6134;0x0;TransmitterType.LOAD;11;0;False;['0x610c', '0x6114'];<BV64 0x40 + x0>;64;[];[];['<BV64 x0>'];[];['<BV64 x0>'];[];[];0;18446744073709551615;18446744073709551615;1;;;True;0;18446744073709551615;18446744073709551615;1;;;True;ControlType.CONTROLLED;0;<BV64 0x40>;64;[];[];[];[];[];[];[];64.0;64.0;0.0;1.0;;;True;64.0;64.0;0.0;1.0;;;True;ControlType.NO_CONTROL;0;<BV64 0x40>;64;[];[];[];[];[];[];[];64;64;0;1.0;;;True;64.0;64.0;0.0;1.0;;;True;ControlType.NO_CONTROL;0;<BV64 x0>;64;[];[];['<BV64 x0>'];[];['<BV64 x0>'];[];[];0.0;1.8446744073709552e+19;18446744073709551615;1;;;True;0.0;1.8446744073709552e+19;18446744073709551615;1;;;True;ControlType.CONTROLLED;0;<BV64 x0>;64;[];[];['<BV64 x0>'];[];['<BV64 x0>'];[];[];0.0;1.8446744073709552e+19;1.8446744073709552e+19;1.0;;;True;0.0;1.8446744073709552e+19;1.8446744073709552e+19;1.0;;;True;ControlType.CONTROLLED;0;<BV64 x0>;64;[];[];[];[];[];[];[];0;0;0;;;;False;0;0;0;;;;False;ControlType.UNKNOWN;0;[('0x6110', <Bool x2 != 0x0>, 'Taken')];{'regs': ['<BV64 x2>'], 'indirect_regs': [], 'direct_regs': ['<BV64 x2>'], 'mem': [], 'const_mem': []};[];{'regs': [], 'indirect_regs': [], 'direct_regs': [], 'mem': [], 'const_mem': []};{'regs': ['<BV64 x0>'], 'indirect_regs': [], 'direct_regs': ['<BV64 x0>'], 'mem': [], 'const_mem': []};{'regs': ['<BV64 x0>', '<BV64 x2>'], 'indirect_regs': [], 'direct_regs': ['<BV64 x0>', '<BV64 x2>'], 'mem': [], 'const_mem': []};63.0;0.0;64.0;64.0;[];;;;BaseControlType.CONSTANT_BASE;BaseControlType.CONSTANT_BASE;BaseControlType.CONSTANT_BASE;1;BranchControlType.BRANCH_INDEPENDENT_FROM_SECRET;BranchControlType.BRANCH_INDEPENDENT_FROM_SECRET;24884;True;False;True;True;True;False;False;True;True;False;False;False;True;False;True;False;True;False;True;False;[];['has_valid_base'];True;False;True;True;True;False;False;True;True;False;False;False;True;False;True;False;True;False;True;False;[];['has_valid_base']
018b2316-3383-432a-9944-396750b31156;SHA512_256Init@@LIBMD_0.1;0x6c80;0x6cac;0x0;TransmitterType.STORE;13;0;False;['0x6c80'];<BV64 0x10 + x0>;64;[];[];['<BV64 x0>'];[];['<BV64 x0>'];[];[];0;18446744073709551615;18446744073709551615;1;;;True;0;18446744073709551615;18446744073709551615;1;;;True;ControlType.CONTROLLED;0;<BV64 0x10>;64;[];[];[];[];[];[];[];16.0;16.0;0.0;1.0;;;True;16.0;16.0;0.0;1.0;;;True;ControlType.NO_CONTROL;0;<BV64 0x10>;64;[];[];[];[];[];[];[];16;16;0;1.0;;;True;16.0;16.0;0.0;1.0;;;True;ControlType.NO_CONTROL;0;<BV64 x0>;64;[];[];['<BV64 x0>'];[];['<BV64 x0>'];[];[];0.0;1.8446744073709552e+19;18446744073709551615;1;;;True;0.0;1.8446744073709552e+19;18446744073709551615;1;;;True;ControlType.CONTROLLED;0;<BV64 x0>;64;[];[];['<BV64 x0>'];[];['<BV64 x0>'];[];[];0.0;1.8446744073709552e+19;1.8446744073709552e+19;1.0;;;True;0.0;1.8446744073709552e+19;1.8446744073709552e+19;1.0;;;True;ControlType.CONTROLLED;0;<BV64 x0>;64;[];[];[];[];[];[];[];0;0;0;;;;False;0;0;0;;;;False;ControlType.UNKNOWN;0;[];{'regs': [], 'indirect_regs': [], 'direct_regs': [], 'mem': [], 'const_mem': []};[];{'regs': [], 'indirect_regs': [], 'direct_regs': [], 'mem': [], 'const_mem': []};{'regs': ['<BV64 x0>'], 'indirect_regs': [], 'direct_regs': ['<BV64 x0>'], 'mem': [], 'const_mem': []};{'regs': ['<BV64 x0>'], 'indirect_regs': [], 'direct_regs': ['<BV64 x0>'], 'mem': [], 'const_mem': []};63.0;0.0;64.0;64.0;[];;;;BaseControlType.CONSTANT_BASE;BaseControlType.CONSTANT_BASE;BaseControlType.CONSTANT_BASE;0;BranchControlType.BRANCH_INDEPENDENT_FROM_SECRET;BranchControlType.BRANCH_INDEPENDENT_FROM_SECRET;27820;True;False;True;True;True;False;False;True;True;False;False;False;True;False;True;False;True;False;True;False;[];['has_valid_base'];True;False;True;True;True;False;False;True;True;False;False;False;True;False;True;False;True;False;True;False;[];['has_valid_base']
e32b954e-3133-4bc2-aea4-ac6b589c185a;MD4Pad@@LIBMD_0.0;0x2528;0x2448;0x0;TransmitterType.LOAD;35;0;False;['0x2528', '0x2420'];<BV64 0x10 + x0>;64;[];[];['<BV64 x0>'];[];['<BV64 x0>'];[];[];0;18446744073709551615;18446744073709551615;1;;;True;0;18446744073709551615;18446744073709551615;1;;;True;ControlType.CONTROLLED;0;<BV64 0x10>;64;[];[];[];[];[];[];[];16.0;16.0;0.0;1.0;;;True;16.0;16.0;0.0;1.0;;;True;ControlType.NO_CONTROL;0;<BV64 0x10>;64;[];[];[];[];[];[];[];16;16;0;1.0;;;True;16.0;16.0;0.0;1.0;;;True;ControlType.NO_CONTROL;0;<BV64 x0>;64;[];[];['<BV64 x0>'];[];['<BV64 x0>'];[];[];0.0;1.8446744073709552e+19;18446744073709551615;1;;;True;0.0;1.8446744073709552e+19;18446744073709551615;1;;;True;ControlType.CONTROLLED;0;<BV64 x0>;64;[];[];['<BV64 x0>'];[];['<BV64 x0>'];[];[];0.0;1.8446744073709552e+19;1.8446744073709552e+19;1.0;;;True;0.0;1.8446744073709552e+19;1.8446744073709552e+19;1.0;;;True;ControlType.CONTROLLED;0;<BV64 x0>;64;[];[];[];[];[];[];[];0;0;0;;;;False;0;0;0;;;;False;ControlType.UNKNOWN;0;[('0x2584', <Bool True>, 'Taken')];{'regs': [], 'indirect_regs': [], 'direct_regs': [], 'mem': [], 'const_mem': []};[];{'regs': [], 'indirect_regs': [], 'direct_regs': [], 'mem': [], 'const_mem': []};{'regs': ['<BV64 x0>'], 'indirect_regs': [], 'direct_regs': ['<BV64 x0>'], 'mem': [], 'const_mem': []};{'regs': ['<BV64 x0>'], 'indirect_regs': [], 'direct_regs': ['<BV64 x0>'], 'mem': [], 'const_mem': []};63.0;0.0;64.0;64.0;[];;;;BaseControlType.CONSTANT_BASE;BaseControlType.CONSTANT_BASE;BaseControlType.CONSTANT_BASE;1;BranchControlType.BRANCH_INDEPENDENT_FROM_SECRET;BranchControlType.BRANCH_INDEPENDENT_FROM_SECRET;9288;True;False;True;True;True;False;False;True;True;False;False;False;True;False;True;False;True;False;True;False;[];['has_valid_base'];True;False;True;True;True;False;False;True;True;False;False;False;True;False;True;False;True;False;True;False;[];['has_valid_base']
4817a555-cd4c-4c62-830a-3230ddf4b6bd;MD5Transform@@LIBMD_0.0;0x2688;0x270c;0x0;TransmitterType.LOAD;34;0;False;['0x2688'];<BV64 x0>;64;[];[];['<BV64 x0>'];[];['<BV64 x0>'];[];[];0;18446744073709551615;18446744073709551615;1;;;True;0;18446744073709551615;18446744073709551615;1;;;True;ControlType.CONTROLLED;0;;0;[];[];[];[];[];[];[];0.0;0.0;0.0;0.0;;;False;0.0;0.0;0.0;0.0;;;False;ControlType.UNKNOWN;0;;0;[];[];[];[];[];[];[];0;0;0;;;;False;0.0;0.0;0.0;0.0;;;False;ControlType.UNKNOWN;0;<BV64 x0>;64;[];[];['<BV64 x0>'];[];['<BV64 x0>'];[];[];0.0;1.8446744073709552e+19;18446744073709551615;1;;;True;0.0;1.8446744073709552e+19;18446744073709551615;1;;;True;ControlType.CONTROLLED;0;<BV64 x0>;64;[];[];['<BV64 x0>'];[];['<BV64 x0>'];[];[];0.0;1.8446744073709552e+19;1.8446744073709552e+19;1.0;;;True;0.0;1.8446744073709552e+19;1.8446744073709552e+19;1.0;;;True;ControlType.CONTROLLED;0;<BV64 x0>;64;[];[];[];[];[];[];[];0;0;0;;;;False;0;0;0;;;;False;ControlType.UNKNOWN;0;[];{'regs': [], 'indirect_regs': [], 'direct_regs': [], 'mem': [], 'const_mem': []};[];{'regs': [], 'indirect_regs': [], 'direct_regs': [], 'mem': [], 'const_mem': []};{'regs': ['<BV64 x0>'], 'indirect_regs': [], 'direct_regs': ['<BV64 x0>'], 'mem': [], 'const_mem': []};{'regs': ['<BV64 x0>'], 'indirect_regs': [], 'direct_regs': ['<BV64 x0>'], 'mem': [], 'const_mem': []};63.0;0.0;64.0;64.0;[];;;;BaseControlType.NO_BASE;BaseControlType.NO_BASE;BaseControlType.NO_BASE;0;BranchControlType.BRANCH_INDEPENDENT_FROM_SECRET;BranchControlType.BRANCH_INDEPENDENT_FROM_SECRET;9996;True;False;True;True;True;False;False;True;True;False;False;False;True;False;True;False;True;False;True;False;[];['has_valid_base'];True;False;True;True;True;False;False;True;True;False;False;False;True;False;True;False;True;False;True;False;[];['has_valid_base']
a9b53d7a-3913-4aa9-a05e-a345c3f50e35;SHA1Transform@@LIBMD_0.0;0x4c00;0x4c18;0x0;TransmitterType.LOAD;7;0;False;['0x4c00'];<BV64 0xc + x0>;64;[];[];['<BV64 x0>'];[];['<BV64 x0>'];[];[];0;18446744073709551615;18446744073709551615;1;;;True;0;18446744073709551615;18446744073709551615;1;;;True;ControlType.CONTROLLED;0;<BV64 0xc>;64;[];[];[];[];[];[];[];12.0;12.0;0.0;1.0;;;True;12.0;12.0;0.0;1.0;;;True;ControlType.NO_CONTROL;0;<BV64 0xc>;64;[];[];[];[];[];[];[];12;12;0;1.0;;;True;12.0;12.0;0.0;1.0;;;True;ControlType.NO_CONTROL;0;<BV64 x0>;64;[];[];['<BV64 x0>'];[];['<BV64 x0>'];[];[];0.0;1.8446744073709552e+19;18446744073709551615;1;;;True;0.0;1.8446744073709552e+19;18446744073709551615;1;;;True;ControlType.CONTROLLED;0;<BV64 x0>;64;[];[];['<BV64 x0>'];[];['<BV64 x0>'];[];[];0.0;1.8446744073709552e+19;1.8446744073709552e+19;1.0;;;True;0.0;1.8446744073709552e+19;1.8446744073709552e+19;1.0;;;True;ControlType.CONTROLLED;0;<BV64 x0>;64;[];[];[];[];[];[];[];0;0;0;;;;False;0;0;0;;;;False;ControlType.UNKNOWN;0;[];{'regs': [], 'indirect_regs': [], 'direct_regs': [], 'mem': [], 'const_mem': []};[];{'regs': [], 'indirect_regs': [], 'direct_regs': [], 'mem': [], 'const_mem': []};{'regs': ['<BV64 x0>'], 'indirect_regs': [], 'direct_regs': ['<BV64 x0>'], 'mem': [], 'const_mem': []};{'regs': ['<BV64 x0>'], 'indirect_regs': [], 'direct_regs': ['<BV64 x0>'], 'mem': [], 'const_mem': []};63.0;0.0;64.0;64.0;[];;;;BaseControlType.CONSTANT_BASE;BaseControlType.CONSTANT_BASE;BaseControlType.CONSTANT_BASE;0;BranchControlType.BRANCH_INDEPENDENT_FROM_SECRET;BranchControlType.BRANCH_INDEPENDENT_FROM_SECRET;19480;True;False;True;True;True;False;False;True;True;False;False;False;True;False;True;False;True;False;True;False;[];['has_valid_base'];True;False;True;True;True;False;False;True;True;False;False;False;True;False;True;False;True;False;True;False;[];['has_valid_base']
1db5848c-70ce-4814-8a47-86c78ab0a0e1;SHA256End@@LIBMD_0.0;0x80c4;0x6274;0x0;TransmitterType.LOAD;30;0;False;['0x80c4', '0x80f8', '0x6460', '0x6260'];<BV64 0x40 + x0>;64;[];[];['<BV64 x0>'];[];['<BV64 x0>'];[];[];0;18446744073709551615;18446744073709551615;1;;;True;0;18446744073709551615;18446744073709551615;1;;;True;ControlType.CONTROLLED;0;<BV64 0x40>;64;[];[];[];[];[];[];[];64.0;64.0;0.0;1.0;;;True;64.0;64.0;0.0;1.0;;;True;ControlType.NO_CONTROL;0;<BV64 0x40>;64;[];[];[];[];[];[];[];64;64;0;1.0;;;True;64.0;64.0;0.0;1.0;;;True;ControlType.NO_CONTROL;0;<BV64 x0>;64;[];[];['<BV64 x0>'];[];['<BV64 x0>'];[];[];0.0;1.8446744073709552e+19;18446744073709551615;1;;;True;0.0;1.8446744073709552e+19;18446744073709551615;1;;;True;ControlType.CONTROLLED;0;<BV64 x0>;64;[];[];['<BV64 x0>'];[];['<BV64 x0>'];[];[];0.0;1.8446744073709552e+19;1.8446744073709552e+19;1.0;;;True;0.0;1.8446744073709552e+19;1.8446744073709552e+19;1.0;;;True;ControlType.CONTROLLED;0;<BV64 x0>;64;[];[];[];[];[];[];[];0;0;0;;;;False;0;0;0;;;;False;ControlType.UNKNOWN;0;[('0x647c', <Bool True>, 'Taken'), ('0x80f4', <Bool x1 != 0x0>, 'Taken'), ('0x8100', <Bool True>, 'Taken')];{'regs': ['<BV64 x1>'], 'indirect_regs': [], 'direct_regs': ['<BV64 x1>'], 'mem': [], 'const_mem': []};[];{'regs': [], 'indirect_regs': [], 'direct_regs': [], 'mem': [], 'const_mem': []};{'regs': ['<BV64 x0>'], 'indirect_regs': [], 'direct_regs': ['<BV64 x0>'], 'mem': [], 'const_mem': []};{'regs': ['<BV64 x0>', '<BV64 x1>'], 'indirect_regs': [], 'direct_regs': ['<BV64 x0>', '<BV64 x1>'], 'mem': [], 'const_mem': []};63.0;0.0;64.0;64.0;[];;;;BaseControlType.CONSTANT_BASE;BaseControlType.CONSTANT_BASE;BaseControlType.CONSTANT_BASE;3;BranchControlType.BRANCH_INDEPENDENT_FROM_SECRET;BranchControlType.BRANCH_INDEPENDENT_FROM_SECRET;25204;True;False;True;True;True;False;False;True;True;False;False;False;True;False;True;False;True;False;True;False;[];['has_valid_base'];True;False;True;True;True;False;False;True;True;False;False;False;True;False;True;False;True;False;True;False;[];['has_valid_base']
941b8d40-ed13-4ef5-a6ee-d018a0cb46fb;SHA256Transform@@LIBMD_0.0;0x5ec0;0x5ee4;0x0;TransmitterType.LOAD;10;0;False;['0x5ec0'];<BV64 0x10 + x0>;64;[];[];['<BV64 x0>'];[];['<BV64 x0>'];[];[];0;18446744073709551615;18446744073709551615;1;;;True;0;18446744073709551615;18446744073709551615;1;;;True;ControlType.CONTROLLED;0;<BV64 0x10>;64;[];[];[];[];[];[];[];16.0;16.0;0.0;1.0;;;True;16.0;16.0;0.0;1.0;;;True;ControlType.NO_CONTROL;0;<BV64 0x10>;64;[];[];[];[];[];[];[];16;16;0;1.0;;;True;16.0;16.0;0.0;1.0;;;True;ControlType.NO_CONTROL;0;<BV64 x0>;64;[];[];['<BV64 x0>'];[];['<BV64 x0>'];[];[];0.0;1.8446744073709552e+19;18446744073709551615;1;;;True;0.0;1.8446744073709552e+19;18446744073709551615;1;;;True;ControlType.CONTROLLED;0;<BV64 x0>;64;[];[];['<BV64 x0>'];[];['<BV64 x0>'];[];[];0.0;1.8446744073709552e+19;1.8446744073709552e+19;1.0;;;True;0.0;1.8446744073709552e+19;1.8446744073709552e+19;1.0;;;True;ControlType.CONTROLLED;0;<BV64 x0>;64;[];[];[];[];[];[];[];0;0;0;;;;False;0;0;0;;;;False;ControlType.UNKNOWN;0;[];{'regs': [], 'indirect_regs': [], 'direct_regs': [], 'mem': [], 'const_mem': []};[];{'regs': [], 'indirect_regs': [], 'direct_regs': [], 'mem': [], 'const_mem': []};{'regs': ['<BV64 x0>'], 'indirect_regs': [], 'direct_regs': ['<BV64 x0>'], 'mem': [], 'const_mem': []};{'regs': ['<BV64 x0>'], 'indirect_regs': [], 'direct_regs': ['<BV64 x0>'], 'mem': [], 'const_mem': []};63.0;0.0;64.0;64.0;[];;;;BaseControlType.CONSTANT_BASE;BaseControlType.CONSTANT_BASE;BaseControlType.CONSTANT_BASE;0;BranchControlType.BRANCH_INDEPENDENT_FROM_SECRET;BranchControlType.BRANCH_INDEPENDENT_FROM_SECRET;24292;True;False;True;True;True;False;False;True;True;False;False;False;True;False;True;False;True;False;True;False;[];['has_valid_base'];True;False;True;True;True;False;False;True;True;False;False;False;True;False;True;False;True;False;True;False;[];['has_valid_base']
f31069c5-4580-4341-930e-21ed23b99e24;SHA384Update@@LIBMD_0.0;0x67c0;0x67e8;0x0;TransmitterType.LOAD;11;0;False;['0x67c0', '0x67c8'];<BV64 0x40 + x0>;64;[];[];['<BV64 x0>'];[];['<BV64 x0>'];[];[];0;18446744073709551615;18446744073709551615;1;;;True;0;18446744073709551615;18446744073709551615;1;;;True;ControlType.CONTROLLED;0;<BV64 0x40>;64;[];[];[];[];[];[];[];64.0;64.0;0.0;1.0;;;True;64.0;64.0;0.0;1.0;;;True;ControlType.NO_CONTROL;0;<BV64 0x40>;64;[];[];[];[];[];[];[];64;64;0;1.0;;;True;64.0;64.0;0.0;1.0;;;True;ControlType.NO_CONTROL;0;<BV64 x0>;64;[];[];['<BV64 x0>'];[];['<BV64 x0>'];[];[];0.0;1.8446744073709552e+19;18446744073709551615;1;;;True;0.0;1.8446744073709552e+19;18446744073709551615;1;;;True;ControlType.CONTROLLED;0;<BV64 x0>;64;[];[];['<BV64 x0>'];[];['<BV64 x0>'];[];[];0.0;1.8446744073709552e+19;1.8446744073709552e+19;1.0;;;True;0.0;1.8446744073709552e+19;1.8446744073709552e+19;1.0;;;True;ControlType.CONTROLLED;0;<BV64 x0>;64;[];[];[];[];[];[];[];0;0;0;;;;False;0;0;0;;;;False;ControlType.UNKNOWN;0;[('0x67c4', <Bool x2 != 0x0>, 'Taken')];{'regs': ['<BV64 x2>'], 'indirect_regs': [], 'direct_regs': ['<BV64 x2>'], 'mem': [], 'const_mem': []};[];{'regs': [], 'indirect_regs': [], 'direct_regs': [], 'mem': [], 'const_mem': []};{'regs': ['<BV64 x0>'], 'indirect_regs': [], 'direct_regs': ['<BV64 x0>'], 'mem': [], 'const_mem': []};{'regs': ['<BV64 x0>', '<BV64 x2>'], 'indirect_regs': [], 'direct_regs': ['<BV64 x0>', '<BV64 x2>'], 'mem': [], 'const_mem': []};63.0;0.0;64.0;64.0;[];;;;BaseControlType.CONSTANT_BASE;BaseControlType.CONSTANT_BASE;BaseControlType.CONSTANT_BASE;1;BranchControlType.BRANCH_INDEPENDENT_FROM_SECRET;BranchControlType.BRANCH_INDEPENDENT_FROM_SECRET;26600;True;False;True;True;True;False;False;True;True;False;False;False;True;False;True;False;True;False;True;False;[];['has_valid_base'];True;False;True;True;True;False;False;True;True;False;False;False;True;False;True;False;True;False;True;False;[];['has_valid_base']
f5b08e43-0b1e-48cf-b964-4e23893a05c3;MD4Transform@@LIBMD_0.0;0x1de0;0x1e2c;0x0;TransmitterType.LOAD;20;0;False;['0x1de0'];<BV64 0x8 + x0>;64;[];[];['<BV64 x0>'];[];['<BV64 x0>'];[];[];0;18446744073709551615;18446744073709551615;1;;;True;0;18446744073709551615;18446744073709551615;1;;;True;ControlType.CONTROLLED;0;<BV64 0x8>;64;[];[];[];[];[];[];[];8.0;8.0;0.0;1.0;;;True;8.0;8.0;0.0;1.0;;;True;ControlType.NO_CONTROL;0;<BV64 0x8>;64;[];[];[];[];[];[];[];8;8;0;1.0;;;True;8.0;8.0;0.0;1.0;;;True;ControlType.NO_CONTROL;0;<BV64 x0>;64;[];[];['<BV64 x0>'];[];['<BV64 x0>'];[];[];0.0;1.8446744073709552e+19;18446744073709551615;1;;;True;0.0;1.8446744073709552e+19;18446744073709551615;1;;;True;ControlType.CONTROLLED;0;<BV64 x0>;64;[];[];['<BV64 x0>'];[];['<BV64 x0>'];[];[];0.0;1.8446744073709552e+19;1.8446744073709552e+19;1.0;;;True;0.0;1.8446744073709552e+19;1.8446744073709552e+19;1.0;;;True;ControlType.CONTROLLED;0;<BV64 x0>;64;[];[];[];[];[];[];[];0;0;0;;;;False;0;0;0;;;;False;ControlType.UNKNOWN;0;[];{'regs': [], 'indirect_regs': [], 'direct_regs': [], 'mem': [], 'const_mem': []};[];{'regs': [], 'indirect_regs': [], 'direct_regs': [], 'mem': [], 'const_mem': []};{'regs': ['<BV64 x0>'], 'indirect_regs': [], 'direct_regs': ['<BV64 x0>'], 'mem': [], 'const_mem': []};{'regs': ['<BV64 x0>'], 'indirect_regs': [], 'direct_regs': ['<BV64 x0>'], 'mem': [], 'const_mem': []};63.0;0.0;64.0;64.0;[];;;;BaseControlType.CONSTANT_BASE;BaseControlType.CONSTANT_BASE;BaseControlType.CONSTANT_BASE;0;BranchControlType.BRANCH_INDEPENDENT_FROM_SECRET;BranchControlType.BRANCH_INDEPENDENT_FROM_SECRET;7724;True;False;True;True;True;False;False;True;True;False;False;False;True;False;True;False;True;False;True;False;[];['has_valid_base'];True;False;True;True;True;False;False;True;True;False;False;False;True;False;True;False;True;False;True;False;[];['has_valid_base']
ae9a493b-1b17-43d5-be9a-090e97854efa;SHA512Update@@LIBMD_0.0;0x67c0;0x67e8;0x0;TransmitterType.LOAD;11;0;False;['0x67c0', '0x67c8'];<BV64 0x40 + x0>;64;[];[];['<BV64 x0>'];[];['<BV64 x0>'];[];[];0;18446744073709551615;18446744073709551615;1;;;True;0;18446744073709551615;18446744073709551615;1;;;True;ControlType.CONTROLLED;0;<BV64 0x40>;64;[];[];[];[];[];[];[];64.0;64.0;0.0;1.0;;;True;64.0;64.0;0.0;1.0;;;True;ControlType.NO_CONTROL;0;<BV64 0x40>;64;[];[];[];[];[];[];[];64;64;0;1.0;;;True;64.0;64.0;0.0;1.0;;;True;ControlType.NO_CONTROL;0;<BV64 x0>;64;[];[];['<BV64 x0>'];[];['<BV64 x0>'];[];[];0.0;1.8446744073709552e+19;18446744073709551615;1;;;True;0.0;1.8446744073709552e+19;18446744073709551615;1;;;True;ControlType.CONTROLLED;0;<BV64 x0>;64;[];[];['<BV64 x0>'];[];['<BV64 x0>'];[];[];0.0;1.8446744073709552e+19;1.8446744073709552e+19;1.0;;;True;0.0;1.8446744073709552e+19;1.8446744073709552e+19;1.0;;;True;ControlType.CONTROLLED;0;<BV64 x0>;64;[];[];[];[];[];[];[];0;0;0;;;;False;0;0;0;;;;False;ControlType.UNKNOWN;0;[('0x67c4', <Bool x2 != 0x0>, 'Taken')];{'regs': ['<BV64 x2>'], 'indirect_regs': [], 'direct_regs': ['<BV64 x2>'], 'mem': [], 'const_mem': []};[];{'regs': [], 'indirect_regs': [], 'direct_regs': [], 'mem': [], 'const_mem': []};{'regs': ['<BV64 x0>'], 'indirect_regs': [], 'direct_regs': ['<BV64 x0>'], 'mem': [], 'const_mem': []};{'regs': ['<BV64 x0>', '<BV64 x2>'], 'indirect_regs': [], 'direct_regs': ['<BV64 x0>', '<BV64 x2>'], 'mem': [], 'const_mem': []};63.0;0.0;64.0;64.0;[];;;;BaseControlType.CONSTANT_BASE;BaseControlType.CONSTANT_BASE;BaseControlType.CONSTANT_BASE;1;BranchControlType.BRANCH_INDEPENDENT_FROM_SECRET;BranchControlType.BRANCH_INDEPENDENT_FROM_SECRET;26600;True;False;True;True;True;False;False;True;True;False;False;False;True;False;True;False;True;False;True;False;[];['has_valid_base'];True;False;True;True;True;False;False;True;True;False;False;False;True;False;True;False;True;False;True;False;[];['has_valid_base']
6701602f-1f8b-4391-8bc7-553edbefe4e0;SHA512Init@@LIBMD_0.0;0x64ec;0x6520;0x0;TransmitterType.STORE;15;0;False;['0x64ec'];<BV64 0x20 + x0>;64;[];[];['<BV64 x0>'];[];['<BV64 x0>'];[];[];0;18446744073709551615;18446744073709551615;1;;;True;0;18446744073709551615;18446744073709551615;1;;;True;ControlType.CONTROLLED;0;<BV64 0x20>;64;[];[];[];[];[];[];[];32.0;32.0;0.0;1.0;;;True;32.0;32.0;0.0;1.0;;;True;ControlType.NO_CONTROL;0;<BV64 0x20>;64;[];[];[];[];[];[];[];32;32;0;1.0;;;True;32.0;32.0;0.0;1.0;;;True;ControlType.NO_CONTROL;0;<BV64 x0>;64;[];[];['<BV64 x0>'];[];['<BV64 x0>'];[];[];0.0;1.8446744073709552e+19;18446744073709551615;1;;;True;0.0;1.8446744073709552e+19;18446744073709551615;1;;;True;ControlType.CONTROLLED;0;<BV64 x0>;64;[];[];['<BV64 x0>'];[];['<BV64 x0>'];[];[];0.0;1.8446744073709552e+19;1.8446744073709552e+19;1.0;;;True;0.0;1.8446744073709552e+19;1.8446744073709552e+19;1.0;;;True;ControlType.CONTROLLED;0;<BV64 x0>;64;[];[];[];[];[];[];[];0;0;0;;;;False;0;0;0;;;;False;ControlType.UNKNOWN;0;[];{'regs': [], 'indirect_regs': [], 'direct_regs': [], 'mem': [], 'const_mem': []};[];{'regs': [], 'indirect_regs': [], 'direct_regs': [], 'mem': [], 'const_mem': []};{'regs': ['<BV64 x0>'], 'indirect_regs': [], 'direct_regs': ['<BV64 x0>'], 'mem': [], 'const_mem': []};{'regs': ['<BV64 x0>'], 'indirect_regs': [], 'direct_regs': ['<BV64 x0>'], 'mem': [], 'const_mem': []};63.0;0.0;64.0;64.0;[];;;;BaseControlType.CONSTANT_BASE;BaseControlType.CONSTANT_BASE;BaseControlType.CONSTANT_BASE;0;BranchControlType.BRANCH_INDEPENDENT_FROM_SECRET;BranchControlType.BRANCH_INDEPENDENT_FROM_SECRET;25888;True;False;True;True;True;False;False;True;True;False;False;False;True;False;True;False;True;False;True;False;[];['has_valid_base'];True;False;True;True;True;False;False;True;True;False;False;False;True;False;True;False;True;False;True;False;[];['has_valid_base']
04c45bf4-6269-44eb-9d7a-b56cdef425ea;SHA512_256Init@@LIBMD_0.1;0x6c80;0x6cb4;0x0;TransmitterType.STORE;15;0;False;['0x6c80'];<BV64 0x20 + x0>;64;[];[];['<BV64 x0>'];[];['<BV64 x0>'];[];[];0;18446744073709551615;18446744073709551615;1;;;True;0;18446744073709551615;18446744073709551615;1;;;True;ControlType.CONTROLLED;0;<BV64 0x20>;64;[];[];[];[];[];[];[];32.0;32.0;0.0;1.0;;;True;32.0;32.0;0.0;1.0;;;True;ControlType.NO_CONTROL;0;<BV64 0x20>;64;[];[];[];[];[];[];[];32;32;0;1.0;;;True;32.0;32.0;0.0;1.0;;;True;ControlType.NO_CONTROL;0;<BV64 x0>;64;[];[];['<BV64 x0>'];[];['<BV64 x0>'];[];[];0.0;1.8446744073709552e+19;18446744073709551615;1;;;True;0.0;1.8446744073709552e+19;18446744073709551615;1;;;True;ControlType.CONTROLLED;0;<BV64 x0>;64;[];[];['<BV64 x0>'];[];['<BV64 x0>'];[];[];0.0;1.8446744073709552e+19;1.8446744073709552e+19;1.0;;;True;0.0;1.8446744073709552e+19;1.8446744073709552e+19;1.0;;;True;ControlType.CONTROLLED;0;<BV64 x0>;64;[];[];[];[];[];[];[];0;0;0;;;;False;0;0;0;;;;False;ControlType.UNKNOWN;0;[];{'regs': [], 'indirect_regs': [], 'direct_regs': [], 'mem': [], 'const_mem': []};[];{'regs': [], 'indirect_regs': [], 'direct_regs': [], 'mem': [], 'const_mem': []};{'regs': ['<BV64 x0>'], 'indirect_regs': [], 'direct_regs': ['<BV64 x0>'], 'mem': [], 'const_mem': []};{'regs': ['<BV64 x0>'], 'indirect_regs': [], 'direct_regs': ['<BV64 x0>'], 'mem': [], 'const_mem': []};63.0;0.0;64.0;64.0;[];;;;BaseControlType.CONSTANT_BASE;BaseControlType.CONSTANT_BASE;BaseControlType.CONSTANT_BASE;0;BranchControlType.BRANCH_INDEPENDENT_FROM_SECRET;BranchControlType.BRANCH_INDEPENDENT_FROM_SECRET;27828;True;False;True;True;True;False;False;True;True;False;False;False;True;False;True;False;True;False;True;False;[];['has_valid_base'];True;False;True;True;True;False;False;True;True;False;False;False;True;False;True;False;True;False;True;False;[];['has_valid_base']
d75e8e65-e1c1-4b1d-a6d2-375390ba3540;SHA1Transform@@LIBMD_0.0;0x4c00;0x4c50;0x0;TransmitterType.LOAD;21;0;False;['0x4c00'];<BV64 x0>;64;[];[];['<BV64 x0>'];[];['<BV64 x0>'];[];[];0;18446744073709551615;18446744073709551615;1;;;True;0;18446744073709551615;18446744073709551615;1;;;True;ControlType.CONTROLLED;0;;0;[];[];[];[];[];[];[];0.0;0.0;0.0;0.0;;;False;0.0;0.0;0.0;0.0;;;False;ControlType.UNKNOWN;0;;0;[];[];[];[];[];[];[];0;0;0;;;;False;0.0;0.0;0.0;0.0;;;False;ControlType.UNKNOWN;0;<BV64 x0>;64;[];[];['<BV64 x0>'];[];['<BV64 x0>'];[];[];0.0;1.8446744073709552e+19;18446744073709551615;1;;;True;0.0;1.8446744073709552e+19;18446744073709551615;1;;;True;ControlType.CONTROLLED;0;<BV64 x0>;64;[];[];['<BV64 x0>'];[];['<BV64 x0>'];[];[];0.0;1.8446744073709552e+19;1.8446744073709552e+19;1.0;;;True;0.0;1.8446744073709552e+19;1.8446744073709552e+19;1.0;;;True;ControlType.CONTROLLED;0;<BV64 x0>;64;[];[];[];[];[];[];[];0;0;0;;;;False;0;0;0;;;;False;ControlType.UNKNOWN;0;[];{'regs': [], 'indirect_regs': [], 'direct_regs': [], 'mem': [], 'const_mem': []};[];{'regs': [], 'indirect_regs': [], 'direct_regs': [], 'mem': [], 'const_mem': []};{'regs': ['<BV64 x0>'], 'indirect_regs': [], 'direct_regs': ['<BV64 x0>'], 'mem': [], 'const_mem': []};{'regs': ['<BV64 x0>'], 'indirect_regs': [], 'direct_regs': ['<BV64 x0>'], 'mem': [], 'const_mem': []};63.0;0.0;64.0;64.0;[];;;;BaseControlType.NO_BASE;BaseControlType.NO_BASE;BaseControlType.NO_BASE;0;BranchControlType.BRANCH_INDEPENDENT_FROM_SECRET;BranchControlType.BRANCH_INDEPENDENT_FROM_SECRET;19536;True;False;True;True;True;False;False;True;True;False;False;False;True;False;True;False;True;False;True;False;[];['has_valid_base'];True;False;True;True;True;False;False;True;True;False;False;False;True;False;True;False;True;False;True;False;[];['has_valid_base']
bfa60990-d9e9-4b85-b1f1-eb89469287f3;MD5Transform@@LIBMD_0.0;0x2688;0x270c;0x0;TransmitterType.LOAD;34;0;False;['0x2688'];<BV64 0x4 + x0>;64;[];[];['<BV64 x0>'];[];['<BV64 x0>'];[];[];0;18446744073709551615;18446744073709551615;1;;;True;0;18446744073709551615;18446744073709551615;1;;;True;ControlType.CONTROLLED;0;<BV64 0x4>;64;[];[];[];[];[];[];[];4.0;4.0;0.0;1.0;;;True;4.0;4.0;0.0;1.0;;;True;ControlType.NO_CONTROL;0;<BV64 0x4>;64;[];[];[];[];[];[];[];4;4;0;1.0;;;True;4.0;4.0;0.0;1.0;;;True;ControlType.NO_CONTROL;0;<BV64 x0>;64;[];[];['<BV64 x0>'];[];['<BV64 x0>'];[];[];0.0;1.8446744073709552e+19;18446744073709551615;1;;;True;0.0;1.8446744073709552e+19;18446744073709551615;1;;;True;ControlType.CONTROLLED;0;<BV64 x0>;64;[];[];['<BV64 x0>'];[];['<BV64 x0>'];[];[];0.0;1.8446744073709552e+19;1.8446744073709552e+19;1.0;;;True;0.0;1.8446744073709552e+19;1.8446744073709552e+19;1.0;;;True;ControlType.CONTROLLED;0;<BV64 x0>;64;[];[];[];[];[];[];[];0;0;0;;;;False;0;0;0;;;;False;ControlType.UNKNOWN;0;[];{'regs': [], 'indirect_regs': [], 'direct_regs': [], 'mem': [], 'const_mem': []};[];{'regs': [], 'indirect_regs': [], 'direct_regs': [], 'mem': [], 'const_mem': []};{'regs': ['<BV64 x0>'], 'indirect_regs': [], 'direct_regs': ['<BV64 x0>'], 'mem': [], 'const_mem': []};{'regs': ['<BV64 x0>'], 'indirect_regs': [], 'direct_regs': ['<BV64 x0>'], 'mem': [], 'const_mem': []};63.0;0.0;64.0;64.0;[];;;;BaseControlType.CONSTANT_BASE;BaseControlType.CONSTANT_BASE;BaseControlType.CONSTANT_BASE;0;BranchControlType.BRANCH_INDEPENDENT_FROM_SECRET;BranchControlType.BRANCH_INDEPENDENT_FROM_SECRET;9996;True;False;True;True;True;False;False;True;True;False;False;False;True;False;True;False;True;False;True;False;[];['has_valid_base'];True;False;True;True;True;False;False;True;True;False;False;False;True;False;True;False;True;False;True;False;[];['has_valid_base']
43176496-0d60-4c98-bf19-8aa97856fbb5;SHA256Transform@@LIBMD_0.0;0x5ec0;0x5eec;0x0;TransmitterType.LOAD;12;0;False;['0x5ec0'];<BV64 x0>;64;[];[];['<BV64 x0>'];[];['<BV64 x0>'];[];[];0;18446744073709551615;18446744073709551615;1;;;True;0;18446744073709551615;18446744073709551615;1;;;True;ControlType.CONTROLLED;0;;0;[];[];[];[];[];[];[];0.0;0.0;0.0;0.0;;;False;0.0;0.0;0.0;0.0;;;False;ControlType.UNKNOWN;0;;0;[];[];[];[];[];[];[];0;0;0;;;;False;0.0;0.0;0.0;0.0;;;False;ControlType.UNKNOWN;0;<BV64 x0>;64;[];[];['<BV64 x0>'];[];['<BV64 x0>'];[];[];0.0;1.8446744073709552e+19;18446744073709551615;1;;;True;0.0;1.8446744073709552e+19;18446744073709551615;1;;;True;ControlType.CONTROLLED;0;<BV64 x0>;64;[];[];['<BV64 x0>'];[];['<BV64 x0>'];[];[];0.0;1.8446744073709552e+19;1.8446744073709552e+19;1.0;;;True;0.0;1.8446744073709552e+19;1.8446744073709552e+19;1.0;;;True;ControlType.CONTROLLED;0;<BV64 x0>;64;[];[];[];[];[];[];[];0;0;0;;;;False;0;0;0;;;;False;ControlType.UNKNOWN;0;[];{'regs': [], 'indirect_regs': [], 'direct_regs': [], 'mem': [], 'const_mem': []};[];{'regs': [], 'indirect_regs': [], 'direct_regs': [], 'mem': [], 'const_mem': []};{'regs': ['<BV64 x0>'], 'indirect_regs': [], 'direct_regs': ['<BV64 x0>'], 'mem': [], 'const_mem': []};{'regs': ['<BV64 x0>'], 'indirect_regs': [], 'direct_regs': ['<BV64 x0>'], 'mem': [], 'const_mem': []};63.0;0.0;64.0;64.0;['<Bool LOAD_128[<BV64 x0>]_23[31:0] == LOAD_32[<BV64 x0>]_25>'];;;;BaseControlType.NO_BASE;BaseControlType.NO_BASE;BaseControlType.NO_BASE;0;BranchControlType.BRANCH_INDEPENDENT_FROM_SECRET;BranchControlType.BRANCH_INDEPENDENT_FROM_SECRET;24300;True;False;True;True;True;False;False;True;True;False;False;False;True;False;True;False;True;False;True;False;[];['has_valid_base'];True;False;True;True;True;False;False;True;True;False;False;False;True;False;True;False;True;False;True;False;[];['has_valid_base']
d422c6e3-66ff-49c7-b5ab-0fd99abcd4cb;SHA224Transform@@LIBMD_0.1;0x5ec0;0x5ee4;0x0;TransmitterType.LOAD;10;0;False;['0x5ec0'];<BV64 x0>;64;[];[];['<BV64 x0>'];[];['<BV64 x0>'];[];[];0;18446744073709551615;18446744073709551615;1;;;True;0;18446744073709551615;18446744073709551615;1;;;True;ControlType.CONTROLLED;0;;0;[];[];[];[];[];[];[];0.0;0.0;0.0;0.0;;;False;0.0;0.0;0.0;0.0;;;False;ControlType.UNKNOWN;0;;0;[];[];[];[];[];[];[];0;0;0;;;;False;0.0;0.0;0.0;0.0;;;False;ControlType.UNKNOWN;0;<BV64 x0>;64;[];[];['<BV64 x0>'];[];['<BV64 x0>'];[];[];0.0;1.8446744073709552e+19;18446744073709551615;1;;;True;0.0;1.8446744073709552e+19;18446744073709551615;1;;;True;ControlType.CONTROLLED;0;<BV64 x0>;64;[];[];['<BV64 x0>'];[];['<BV64 x0>'];[];[];0.0;1.8446744073709552e+19;1.8446744073709552e+19;1.0;;;True;0.0;1.8446744073709552e+19;1.8446744073709552e+19;1.0;;;True;ControlType.CONTROLLED;0;<BV64 x0>;64;[];[];[];[];[];[];[];0;0;0;;;;False;0;0;0;;;;False;ControlType.UNKNOWN;0;[];{'regs': [], 'indirect_regs': [], 'direct_regs': [], 'mem': [], 'const_mem': []};[];{'regs': [], 'indirect_regs': [], 'direct_regs': [], 'mem': [], 'const_mem': []};{'regs': ['<BV64 x0>'], 'indirect_regs': [], 'direct_regs': ['<BV64 x0>'], 'mem': [], 'const_mem': []};{'regs': ['<BV64 x0>'], 'indirect_regs': [], 'direct_regs': ['<BV64 x0>'], 'mem': [], 'const_mem': []};63.0;0.0;64.0;64.0;[];;;;BaseControlType.NO_BASE;BaseControlType.NO_BASE;BaseControlType.NO_BASE;0;BranchControlType.BRANCH_INDEPENDENT_FROM_SECRET;BranchControlType.BRANCH_INDEPENDENT_FROM_SECRET;24292;True;False;True;True;True;False;False;True;True;False;False;False;True;False;True;False;True;False;True;False;[];['has_valid_base'];True;False;True;True;True;False;False;True;True;False;False;False;True;False;True;False;True;False;True;False;[];['has_valid_base']
65752f29-5179-4684-9c0b-d129b38d47ab;RMD160Pad@@LIBMD_0.0;0x4ad0;0x4af4;0x0;TransmitterType.LOAD;10;0;False;['0x4ad0'];<BV64 0x18 + x0>;64;[];[];['<BV64 x0>'];[];['<BV64 x0>'];[];[];0;18446744073709551615;18446744073709551615;1;;;True;0;18446744073709551615;18446744073709551615;1;;;True;ControlType.CONTROLLED;0;<BV64 0x18>;64;[];[];[];[];[];[];[];24.0;24.0;0.0;1.0;;;True;24.0;24.0;0.0;1.0;;;True;ControlType.NO_CONTROL;0;<BV64 0x18>;64;[];[];[];[];[];[];[];24;24;0;1.0;;;True;24.0;24.0;0.0;1.0;;;True;ControlType.NO_CONTROL;0;<BV64 x0>;64;[];[];['<BV64 x0>'];[];['<BV64 x0>'];[];[];0.0;1.8446744073709552e+19;18446744073709551615;1;;;True;0.0;1.8446744073709552e+19;18446744073709551615;1;;;True;ControlType.CONTROLLED;0;<BV64 x0>;64;[];[];['<BV64 x0>'];[];['<BV64 x0>'];[];[];0.0;1.8446744073709552e+19;1.8446744073709552e+19;1.0;;;True;0.0;1.8446744073709552e+19;1.8446744073709552e+19;1.0;;;True;ControlType.CONTROLLED;0;<BV64 x0>;64;[];[];[];[];[];[];[];0;0;0;;;;False;0;0;0;;;;False;ControlType.UNKNOWN;0;[];{'regs': [], 'indirect_regs': [], 'direct_regs': [], 'mem': [], 'const_mem': []};[];{'regs': [], 'indirect_regs': [], 'direct_regs': [], 'mem': [], 'const_mem': []};{'regs': ['<BV64 x0>'], 'indirect_regs': [], 'direct_regs': ['<BV64 x0>'], 'mem': [], 'const_mem': []};{'regs': ['<BV64 x0>'], 'indirect_regs': [], 'direct_regs': ['<BV64 x0>'], 'mem': [], 'const_mem': []};63.0;0.0;64.0;64.0;[];;;;BaseControlType.CONSTANT_BASE;BaseControlType.CONSTANT_BASE;BaseControlType.CONSTANT_BASE;0;BranchControlType.BRANCH_INDEPENDENT_FROM_SECRET;BranchControlType.BRANCH_INDEPENDENT_FROM_SECRET;19188;True;False;True;True;True;False;False;True;True;False;False;False;True;False;True;False;True;False;True;False;[];['has_valid_base'];True;False;True;True;True;False;False;True;True;False;False;False;True;False;True;False;True;False;True;False;[];['has_valid_base']
d162dcfb-352b-4688-9f42-d41e37538296;SHA1Init@@LIBMD_0.0;0x5be8;0x5c0c;0x0;TransmitterType.STORE;11;0;False;['0x5be8'];<BV64 0x10 + x0>;64;[];[];['<BV64 x0>'];[];['<BV64 x0>'];[];[];0;18446744073709551615;18446744073709551615;1;;;True;0;18446744073709551615;18446744073709551615;1;;;True;ControlType.CONTROLLED;0;<BV64 0x10>;64;[];[];[];[];[];[];[];16.0;16.0;0.0;1.0;;;True;16.0;16.0;0.0;1.0;;;True;ControlType.NO_CONTROL;0;<BV64 0x10>;64;[];[];[];[];[];[];[];16;16;0;1.0;;;True;16.0;16.0;0.0;1.0;;;True;ControlType.NO_CONTROL;0;<BV64 x0>;64;[];[];['<BV64 x0>'];[];['<BV64 x0>'];[];[];0.0;1.8446744073709552e+19;18446744073709551615;1;;;True;0.0;1.8446744073709552e+19;18446744073709551615;1;;;True;ControlType.CONTROLLED;0;<BV64 x0>;64;[];[];['<BV64 x0>'];[];['<BV64 x0>'];[];[];0.0;1.8446744073709552e+19;1.8446744073709552e+19;1.0;;;True;0.0;1.8446744073709552e+19;1.8446744073709552e+19;1.0;;;True;ControlType.CONTROLLED;0;<BV64 x0>;64;[];[];[];[];[];[];[];0;0;0;;;;False;0;0;0;;;;False;ControlType.UNKNOWN;0;[];{'regs': [], 'indirect_regs': [], 'direct_regs': [], 'mem': [], 'const_mem': []};[];{'regs': [], 'indirect_regs': [], 'direct_regs': [], 'mem': [], 'const_mem': []};{'regs': ['<BV64 x0>'], 'indirect_regs': [], 'direct_regs': ['<BV64 x0>'], 'mem': [], 'const_mem': []};{'regs': ['<BV64 x0>'], 'indirect_regs': [], 'direct_regs': ['<BV64 x0>'], 'mem': [], 'const_mem': []};63.0;0.0;64.0;64.0;[];;;;BaseControlType.CONSTANT_BASE;BaseControlType.CONSTANT_BASE;BaseControlType.CONSTANT_BASE;0;BranchControlType.BRANCH_INDEPENDENT_FROM_SECRET;BranchControlType.BRANCH_INDEPENDENT_FROM_SECRET;23564;True;False;True;True;True;False;False;True;True;False;False;False;True;False;True;False;True;False;True;False;[];['has_valid_base'];True;False;True;True;True;False;False;True;True;False;False;False;True;False;True;False;True;False;True;False;[];['has_valid_base']
aa86edbd-6bc0-4711-8903-8e468afe810d;SHA256Init@@LIBMD_0.0;0x640c;0x6430;0x0;TransmitterType.STORE;11;0;False;['0x640c'];<BV64 0x50 + x0>;64;[];[];['<BV64 x0>'];[];['<BV64 x0>'];[];[];0;18446744073709551615;18446744073709551615;1;;;True;0;18446744073709551615;18446744073709551615;1;;;True;ControlType.CONTROLLED;0;<BV64 0x50>;64;[];[];[];[];[];[];[];80.0;80.0;0.0;1.0;;;True;80.0;80.0;0.0;1.0;;;True;ControlType.NO_CONTROL;0;<BV64 0x50>;64;[];[];[];[];[];[];[];80;80;0;1.0;;;True;80.0;80.0;0.0;1.0;;;True;ControlType.NO_CONTROL;0;<BV64 x0>;64;[];[];['<BV64 x0>'];[];['<BV64 x0>'];[];[];0.0;1.8446744073709552e+19;18446744073709551615;1;;;True;0.0;1.8446744073709552e+19;18446744073709551615;1;;;True;ControlType.CONTROLLED;0;<BV64 x0>;64;[];[];['<BV64 x0>'];[];['<BV64 x0>'];[];[];0.0;1.8446744073709552e+19;1.8446744073709552e+19;1.0;;;True;0.0;1.8446744073709552e+19;1.8446744073709552e+19;1.0;;;True;ControlType.CONTROLLED;0;<BV64 x0>;64;[];[];[];[];[];[];[];0;0;0;;;;False;0;0;0;;;;False;ControlType.UNKNOWN;0;[];{'regs': [], 'indirect_regs': [], 'direct_regs': [], 'mem': [], 'const_mem': []};[];{'regs': [], 'indirect_regs': [], 'direct_regs': [], 'mem': [], 'const_mem': []};{'regs': ['<BV64 x0>'], 'indirect_regs': [], 'direct_regs': ['<BV64 x0>'], 'mem': [], 'const_mem': []};{'regs': ['<BV64 x0>'], 'indirect_regs': [], 'direct_regs': ['<BV64 x0>'], 'mem': [], 'const_mem': []};63.0;0.0;64.0;64.0;[];;;;BaseControlType.CONSTANT_BASE;BaseControlType.CONSTANT_BASE;BaseControlType.CONSTANT_BASE;0;BranchControlType.BRANCH_INDEPENDENT_FROM_SECRET;BranchControlType.BRANCH_INDEPENDENT_FROM_SECRET;25648;True;False;True;True;True;False;False;True;True;False;False;False;True;False;True;False;True;False;True;False;[];['has_valid_base'];True;False;True;True;True;False;False;True;True;False;False;False;True;False;True;False;True;False;True;False;[];['has_valid_base']
1b62f789-c9e3-46ec-8499-ed5d6f60123e;MD5End@@LIBMD_0.0;0x7420;0x3130;0x0;TransmitterType.LOAD;60;0;False;['0x7420', '0x7454', '0x32b0', '0x3208', '0x3108'];<BV64 0x10 + x0>;64;[];[];['<BV64 x0>'];[];['<BV64 x0>'];[];[];0;18446744073709551615;18446744073709551615;1;;;True;0;18446744073709551615;18446744073709551615;1;;;True;ControlType.CONTROLLED;0;<BV64 0x10>;64;[];[];[];[];[];[];[];16.0;16.0;0.0;1.0;;;True;16.0;16.0;0.0;1.0;;;True;ControlType.NO_CONTROL;0;<BV64 0x10>;64;[];[];[];[];[];[];[];16;16;0;1.0;;;True;16.0;16.0;0.0;1.0;;;True;ControlType.NO_CONTROL;0;<BV64 x0>;64;[];[];['<BV64 x0>'];[];['<BV64 x0>'];[];[];0.0;1.8446744073709552e+19;18446744073709551615;1;;;True;0.0;1.8446744073709552e+19;18446744073709551615;1;;;True;ControlType.CONTROLLED;0;<BV64 x0>;64;[];[];['<BV64 x0>'];[];['<BV64 x0>'];[];[];0.0;1.8446744073709552e+19;1.8446744073709552e+19;1.0;;;True;0.0;1.8446744073709552e+19;1.8446744073709552e+19;1.0;;;True;ControlType.CONTROLLED;0;<BV64 x0>;64;[];[];[];[];[];[];[];0;0;0;;;;False;0;0;0;;;;False;ControlType.UNKNOWN;0;[('0x3268', <Bool True>, 'Taken'), ('0x32cc', <Bool True>, 'Taken'), ('0x7450', <Bool x1 != 0x0>, 'Taken'), ('0x745c', <Bool True>, 'Taken')];{'regs': ['<BV64 x1>'], 'indirect_regs': [], 'direct_regs': ['<BV64 x1>'], 'mem': [], 'const_mem': []};[];{'regs': [], 'indirect_regs': [], 'direct_regs': [], 'mem': [], 'const_mem': []};{'regs': ['<BV64 x0>'], 'indirect_regs': [], 'direct_regs': ['<BV64 x0>'], 'mem': [], 'const_mem': []};{'regs': ['<BV64 x0>', '<BV64 x1>'], 'indirect_regs': [], 'direct_regs': ['<BV64 x0>', '<BV64 x1>'], 'mem': [], 'const_mem': []};63.0;0.0;64.0;64.0;[];;;;BaseControlType.CONSTANT_BASE;BaseControlType.CONSTANT_BASE;BaseControlType.CONSTANT_BASE;4;BranchControlType.BRANCH_INDEPENDENT_FROM_SECRET;BranchControlType.BRANCH_INDEPENDENT_FROM_SECRET;12592;True;False;True;True;True;False;False;True;True;False;False;False;True;False;True;False;True;False;True;False;[];['has_valid_base'];True;False;True;True;True;False;False;True;True;False;False;False;True;False;True;False;True;False;True;False;[];['has_valid_base']
90f2f209-4584-4304-ba43-27d6505e32ba;SHA384Final@@LIBMD_0.0;0x6bc0;0x6950;0x6934;TransmitterType.STORE;21;1;False;['0x6bc0', '0x6920', '0x6940'];<BV64 0x50 + x1 + (0#57 .. LOAD_64[<BV64 x1 + 0x40>]_28[9:3])>;64;[('0x693c', <Bool ((LOAD_64[<BV64 x1 + 0x40>]_28[31:0] << 0x1d[7:0] | LShR(LOAD_64[<BV64 x1 + 0x40>]_28[31:0], 0x3)[7:0]) & 127) != 0>, 'Taken')];[];['<BV64 x1>'];[];['<BV64 x1>'];['<BV64 x1 + 0x40>'];[];0;18446744073709551615;18446744073709551615;1;;;True;0;18446744073709551615;18446744073709551615;1;;;False;ControlType.CONTROLLED;1;<BV64 0x50 + x1>;64;[];[];['<BV64 x1>'];[];['<BV64 x1>'];[];[];0.0;1.8446744073709552e+19;1.8446744073709552e+19;1.0;;;True;0.0;1.8446744073709552e+19;1.8446744073709552e+19;1.0;;;True;ControlType.CONTROLLED;0;<BV64 0x50>;64;[];[];[];[];[];[];[];80;80;0;1.0;;;True;80.0;80.0;0.0;1.0;;;True;ControlType.NO_CONTROL;0;<BV64 0#57 .. LOAD_64[<BV64 x1 + 0x40>]_28[9:3]>;64;[('0x693c', <Bool ((LOAD_64[<BV64 x1 + 0x40>]_28[31:0] << 0x1d[7:0] | LShR(LOAD_64[<BV64 x1 + 0x40>]_28[31:0], 0x3)[7:0]) & 127) != 0>, 'Taken')];[];['<BV64 x1>'];"[""<BV64 x1>: ['0x40']""]";[];['<BV64 x1 + 0x40>'];[];0.0;127.0;127;1;;;True;1.0;127.0;126;1;;;True;ControlType.CONTROLLED;1;<BV64 x1 + 0x40>;64;[];[];['<BV64 x1>'];[];['<BV64 x1>'];[];[];0.0;1.8446744073709552e+19;1.8446744073709552e+19;1.0;;;True;0.0;1.8446744073709552e+19;1.8446744073709552e+19;1.0;;;True;ControlType.CONTROLLED;0;<BV64 LOAD_64[<BV64 x1 + 0x40>]_28>;64;[];[];[];[];[];[];[];0;0;0;;;;False;0;0;0;;;;False;ControlType.UNKNOWN;1;[('0x693c', <Bool ((LOAD_64[<BV64 x1 + 0x40>]_28[31:0] << 0x1d[7:0] | LShR(LOAD_64[<BV64 x1 + 0x40>]_28[31:0], 0x3)[7:0]) & 127) != 0>, 'Taken'), ('0x6bdc', <Bool True>, 'Taken')];"{'regs': ['<BV64 x1>'], 'indirect_regs': [""<BV64 x1>: ['0x40']""], 'direct_regs': [], 'mem': ['<BV64 x1 + 0x40>'], 'const_mem': []}";[];{'regs': [], 'indirect_regs': [], 'direct_regs': [], 'mem': [], 'const_mem': []};{'regs': ['<BV64 x1>'], 'indirect_regs': [], 'direct_regs': ['<BV64 x1>'], 'mem': ['<BV64 x1 + 0x40>'], 'const_mem': []};{'regs': ['<BV64 x1>'], 'indirect_regs': [], 'direct_regs': ['<BV64 x1>'], 'mem': ['<BV64 x1 + 0x40>'], 'const_mem': []};6.0;0.0;7.0;7.0;[];;<BV64 x1>;;BaseControlType.BASE_DEPENDS_ON_SECRET_ADDR;BaseControlType.BASE_DEPENDS_ON_SECRET_ADDR;BaseControlType.BASE_DEPENDS_ON_SECRET_ADDR;2;BranchControlType.BRANCH_DEPENDS_ON_SECRET_VALUE;BranchControlType.BRANCH_INDEPENDENT_FROM_SECRET;26960;True;True;True;True;True;True;False;False;True;False;True;False;True;True;False;True;True;False;True;False;[];['secret_below_cache_granularity', 'base_has_direct_secret_dependency'];True;True;True;True;True;True;False;False;True;False;True;False;True;True;False;True;True;False;True;False;[];['secret_below_cache_granularity', 'base_has_direct_secret_dependency']
596cceeb-fa59-4e76-a317-76d7935c21fa;MD4Transform@@LIBMD_0.0;0x1de0;0x1e2c;0x0;TransmitterType.LOAD;20;0;False;['0x1de0'];<BV64 0xc + x0>;64;[];[];['<BV64 x0>'];[];['<BV64 x0>'];[];[];0;18446744073709551615;18446744073709551615;1;;;True;0;18446744073709551615;18446744073709551615;1;;;True;ControlType.CONTROLLED;0;<BV64 0xc>;64;[];[];[];[];[];[];[];12.0;12.0;0.0;1.0;;;True;12.0;12.0;0.0;1.0;;;True;ControlType.NO_CONTROL;0;<BV64 0xc>;64;[];[];[];[];[];[];[];12;12;0;1.0;;;True;12.0;12.0;0.0;1.0;;;True;ControlType.NO_CONTROL;0;<BV64 x0>;64;[];[];['<BV64 x0>'];[];['<BV64 x0>'];[];[];0.0;1.8446744073709552e+19;18446744073709551615;1;;;True;0.0;1.8446744073709552e+19;18446744073709551615;1;;;True;ControlType.CONTROLLED;0;<BV64 x0>;64;[];[];['<BV64 x0>'];[];['<BV64 x0>'];[];[];0.0;1.8446744073709552e+19;1.8446744073709552e+19;1.0;;;True;0.0;1.8446744073709552e+19;1.8446744073709552e+19;1.0;;;True;ControlType.CONTROLLED;0;<BV64 x0>;64;[];[];[];[];[];[];[];0;0;0;;;;False;0;0;0;;;;False;ControlType.UNKNOWN;0;[];{'regs': [], 'indirect_regs': [], 'direct_regs': [], 'mem': [], 'const_mem': []};[];{'regs': [], 'indirect_regs': [], 'direct_regs': [], 'mem': [], 'const_mem': []};{'regs': ['<BV64 x0>'], 'indirect_regs': [], 'direct_regs': ['<BV64 x0>'], 'mem': [], 'const_mem': []};{'regs': ['<BV64 x0>'], 'indirect_regs': [], 'direct_regs': ['<BV64 x0>'], 'mem': [], 'const_mem': []};63.0;0.0;64.0;64.0;[];;;;BaseControlType.CONSTANT_BASE;BaseControlType.CONSTANT_BASE;BaseControlType.CONSTANT_BASE;0;BranchControlType.BRANCH_INDEPENDENT_FROM_SECRET;BranchControlType.BRANCH_INDEPENDENT_FROM_SECRET;7724;True;False;True;True;True;False;False;True;True;False;False;False;True;False;True;False;True;False;True;False;[];['has_valid_base'];True;False;True;True;True;False;False;True;True;False;False;False;True;False;True;False;True;False;True;False;[];['has_valid_base']
33b3a29a-d3cf-4312-ab80-f8abacb37936;SHA512Init@@LIBMD_0.0;0x64ec;0x6520;0x0;TransmitterType.STORE;15;0;False;['0x64ec'];<BV64 0x30 + x0>;64;[];[];['<BV64 x0>'];[];['<BV64 x0>'];[];[];0;18446744073709551615;18446744073709551615;1;;;True;0;18446744073709551615;18446744073709551615;1;;;True;ControlType.CONTROLLED;0;<BV64 0x30>;64;[];[];[];[];[];[];[];48.0;48.0;0.0;1.0;;;True;48.0;48.0;0.0;1.0;;;True;ControlType.NO_CONTROL;0;<BV64 0x30>;64;[];[];[];[];[];[];[];48;48;0;1.0;;;True;48.0;48.0;0.0;1.0;;;True;ControlType.NO_CONTROL;0;<BV64 x0>;64;[];[];['<BV64 x0>'];[];['<BV64 x0>'];[];[];0.0;1.8446744073709552e+19;18446744073709551615;1;;;True;0.0;1.8446744073709552e+19;18446744073709551615;1;;;True;ControlType.CONTROLLED;0;<BV64 x0>;64;[];[];['<BV64 x0>'];[];['<BV64 x0>'];[];[];0.0;1.8446744073709552e+19;1.8446744073709552e+19;1.0;;;True;0.0;1.8446744073709552e+19;1.8446744073709552e+19;1.0;;;True;ControlType.CONTROLLED;0;<BV64 x0>;64;[];[];[];[];[];[];[];0;0;0;;;;False;0;0;0;;;;False;ControlType.UNKNOWN;0;[];{'regs': [], 'indirect_regs': [], 'direct_regs': [], 'mem': [], 'const_mem': []};[];{'regs': [], 'indirect_regs': [], 'direct_regs': [], 'mem': [], 'const_mem': []};{'regs': ['<BV64 x0>'], 'indirect_regs': [], 'direct_regs': ['<BV64 x0>'], 'mem': [], 'const_mem': []};{'regs': ['<BV64 x0>'], 'indirect_regs': [], 'direct_regs': ['<BV64 x0>'], 'mem': [], 'const_mem': []};63.0;0.0;64.0;64.0;[];;;;BaseControlType.CONSTANT_BASE;BaseControlType.CONSTANT_BASE;BaseControlType.CONSTANT_BASE;0;BranchControlType.BRANCH_INDEPENDENT_FROM_SECRET;BranchControlType.BRANCH_INDEPENDENT_FROM_SECRET;25888;True;False;True;True;True;False;False;True;True;False;False;False;True;False;True;False;True;False;True;False;[];['has_valid_base'];True;False;True;True;True;False;False;True;True;False;False;False;True;False;True;False;True;False;True;False;[];['has_valid_base']
a22630aa-c503-4066-b0af-b2980bb8a392;MD4Pad@@LIBMD_0.0;0x2528;0x2458;0x0;TransmitterType.STORE;39;0;False;['0x2528', '0x2420'];<BV64 0x10 + x0>;64;[];[];['<BV64 x0>'];[];['<BV64 x0>'];[];[];0;18446744073709551615;18446744073709551615;1;;;True;0;18446744073709551615;18446744073709551615;1;;;True;ControlType.CONTROLLED;0;<BV64 0x10>;64;[];[];[];[];[];[];[];16.0;16.0;0.0;1.0;;;True;16.0;16.0;0.0;1.0;;;True;ControlType.NO_CONTROL;0;<BV64 0x10>;64;[];[];[];[];[];[];[];16;16;0;1.0;;;True;16.0;16.0;0.0;1.0;;;True;ControlType.NO_CONTROL;0;<BV64 x0>;64;[];[];['<BV64 x0>'];[];['<BV64 x0>'];[];[];0.0;1.8446744073709552e+19;18446744073709551615;1;;;True;0.0;1.8446744073709552e+19;18446744073709551615;1;;;True;ControlType.CONTROLLED;0;<BV64 x0>;64;[];[];['<BV64 x0>'];[];['<BV64 x0>'];[];[];0.0;1.8446744073709552e+19;1.8446744073709552e+19;1.0;;;True;0.0;1.8446744073709552e+19;1.8446744073709552e+19;1.0;;;True;ControlType.CONTROLLED;0;<BV64 x0>;64;[];[];[];[];[];[];[];0;0;0;;;;False;0;0;0;;;;False;ControlType.UNKNOWN;0;[('0x2584', <Bool True>, 'Taken')];{'regs': [], 'indirect_regs': [], 'direct_regs': [], 'mem': [], 'const_mem': []};[];{'regs': [], 'indirect_regs': [], 'direct_regs': [], 'mem': [], 'const_mem': []};{'regs': ['<BV64 x0>'], 'indirect_regs': [], 'direct_regs': ['<BV64 x0>'], 'mem': [], 'const_mem': []};{'regs': ['<BV64 x0>'], 'indirect_regs': [], 'direct_regs': ['<BV64 x0>'], 'mem': [], 'const_mem': []};63.0;0.0;64.0;64.0;[];;;;BaseControlType.CONSTANT_BASE;BaseControlType.CONSTANT_BASE;BaseControlType.CONSTANT_BASE;1;BranchControlType.BRANCH_INDEPENDENT_FROM_SECRET;BranchControlType.BRANCH_INDEPENDENT_FROM_SECRET;9304;True;False;True;True;True;False;False;True;True;False;False;False;True;False;True;False;True;False;True;False;[];['has_valid_base'];True;False;True;True;True;False;False;True;True;False;False;False;True;False;True;False;True;False;True;False;[];['has_valid_base']
19be1753-7be5-4b28-b0f6-cd604aea84ef;SHA384Transform@@LIBMD_0.0;0x6544;0x6588;0x0;TransmitterType.LOAD;18;0;False;['0x6544'];<BV64 x0>;64;[];[];['<BV64 x0>'];[];['<BV64 x0>'];[];[];0;18446744073709551615;18446744073709551615;1;;;True;0;18446744073709551615;18446744073709551615;1;;;True;ControlType.CONTROLLED;0;;0;[];[];[];[];[];[];[];0.0;0.0;0.0;0.0;;;False;0.0;0.0;0.0;0.0;;;False;ControlType.UNKNOWN;0;;0;[];[];[];[];[];[];[];0;0;0;;;;False;0.0;0.0;0.0;0.0;;;False;ControlType.UNKNOWN;0;<BV64 x0>;64;[];[];['<BV64 x0>'];[];['<BV64 x0>'];[];[];0.0;1.8446744073709552e+19;18446744073709551615;1;;;True;0.0;1.8446744073709552e+19;18446744073709551615;1;;;True;ControlType.CONTROLLED;0;<BV64 x0>;64;[];[];['<BV64 x0>'];[];['<BV64 x0>'];[];[];0.0;1.8446744073709552e+19;1.8446744073709552e+19;1.0;;;True;0.0;1.8446744073709552e+19;1.8446744073709552e+19;1.0;;;True;ControlType.CONTROLLED;0;<BV64 x0>;64;[];[];[];[];[];[];[];0;0;0;;;;False;0;0;0;;;;False;ControlType.UNKNOWN;0;[];{'regs': [], 'indirect_regs': [], 'direct_regs': [], 'mem': [], 'const_mem': []};[];{'regs': [], 'indirect_regs': [], 'direct_regs': [], 'mem': [], 'const_mem': []};{'regs': ['<BV64 x0>'], 'indirect_regs': [], 'direct_regs': ['<BV64 x0>'], 'mem': [], 'const_mem': []};{'regs': ['<BV64 x0>'], 'indirect_regs': [], 'direct_regs': ['<BV64 x0>'], 'mem': [], 'const_mem': []};63.0;0.0;64.0;64.0;[];;;;BaseControlType.NO_BASE;BaseControlType.NO_BASE;BaseControlType.NO_BASE;0;BranchControlType.BRANCH_INDEPENDENT_FROM_SECRET;BranchControlType.BRANCH_INDEPENDENT_FROM_SECRET;25992;True;False;True;True;True;False;False;True;True;False;False;False;True;False;True;False;True;False;True;False;[];['has_valid_base'];True;False;True;True;True;False;False;True;True;False;False;False;True;False;True;False;True;False;True;False;[];['has_valid_base']
68dd4e3c-9b48-415d-aeb0-f9bf3fb541ff;SHA384Pad@@LIBMD_0.0;0x6920;0x6950;0x0;TransmitterType.STORE;13;1;False;['0x6920', '0x6940'];<BV64 0x50 + x0 + (0#57 .. LOAD_64[<BV64 x0 + 0x40>]_24[9:3])>;64;[('0x693c', <Bool ((LOAD_64[<BV64 x0 + 0x40>]_24[31:0] << 0x1d[7:0] | LShR(LOAD_64[<BV64 x0 + 0x40>]_24[31:0], 0x3)[7:0]) & 127) != 0>, 'Taken')];[];['<BV64 x0>'];[];['<BV64 x0>'];['<BV64 x0 + 0x40>'];[];0;18446744073709551615;18446744073709551615;1;;;True;0;18446744073709551615;18446744073709551615;1;;;False;ControlType.CONTROLLED;1;<BV64 0x50>;64;[];[];[];[];[];[];[];80.0;80.0;0.0;1.0;;;True;80.0;80.0;0.0;1.0;;;True;ControlType.NO_CONTROL;0;<BV64 0x50>;64;[];[];[];[];[];[];[];80;80;0;1.0;;;True;80.0;80.0;0.0;1.0;;;True;ControlType.NO_CONTROL;0;<BV64 x0 + (0#57 .. LOAD_64[<BV64 x0 + 0x40>]_24[9:3])>;64;[('0x693c', <Bool ((LOAD_64[<BV64 x0 + 0x40>]_24[31:0] << 0x1d[7:0] | LShR(LOAD_64[<BV64 x0 + 0x40>]_24[31:0], 0x3)[7:0]) & 127) != 0>, 'Taken')];[];['<BV64 x0>'];[];['<BV64 x0>'];['<BV64 x0 + 0x40>'];[];0.0;1.8446744073709552e+19;18446744073709551615;1;;;True;0.0;1.8446744073709552e+19;18446744073709551615;1;;;False;ControlType.CONTROLLED;1;<BV64 x0>;64;[];[];['<BV64 x0>'];[];['<BV64 x0>'];[];[];0.0;1.8446744073709552e+19;1.8446744073709552e+19;1.0;;;True;0.0;1.8446744073709552e+19;1.8446744073709552e+19;1.0;;;True;ControlType.CONTROLLED;0;<BV64 x0>;64;[];[];[];[];[];[];[];0;0;0;;;;False;0;0;0;;;;False;ControlType.UNKNOWN;0;[('0x693c', <Bool ((LOAD_64[<BV64 x0 + 0x40>]_24[31:0] << 0x1d[7:0] | LShR(LOAD_64[<BV64 x0 + 0x40>]_24[31:0], 0x3)[7:0]) & 127) != 0>, 'Taken')];"{'regs': ['<BV64 x0>'], 'indirect_regs': [""<BV64 x0>: ['0x40']""], 'direct_regs': [], 'mem': ['<BV64 x0 + 0x40>'], 'const_mem': []}";[];{'regs': [], 'indirect_regs': [], 'direct_regs': [], 'mem': [], 'const_mem': []};{'regs': ['<BV64 x0>'], 'indirect_regs': [], 'direct_regs': ['<BV64 x0>'], 'mem': ['<BV64 x0 + 0x40>'], 'const_mem': []};{'regs': ['<BV64 x0>'], 'indirect_regs': [], 'direct_regs': ['<BV64 x0>'], 'mem': ['<BV64 x0 + 0x40>'], 'const_mem': []};63.0;0.0;64.0;64.0;[];;;;BaseControlType.CONSTANT_BASE;BaseControlType.CONSTANT_BASE;BaseControlType.CONSTANT_BASE;1;BranchControlType.BRANCH_DEPENDS_ON_SECRET_VALUE;BranchControlType.BRANCH_INDEPENDENT_FROM_SECRET;26960;True;False;True;True;True;False;False;True;True;False;False;False;True;False;True;True;True;False;True;False;[];['has_valid_base'];True;False;True;True;True;False;False;True;True;False;False;False;True;False;True;True;True;False;True;False;[];['has_valid_base']
12c6b134-1b5f-40e6-8266-3cb7c82011d4;SHA512_256Init@@LIBMD_0.1;0x6c80;0x6cb4;0x0;TransmitterType.STORE;15;0;False;['0x6c80'];<BV64 0x30 + x0>;64;[];[];['<BV64 x0>'];[];['<BV64 x0>'];[];[];0;18446744073709551615;18446744073709551615;1;;;True;0;18446744073709551615;18446744073709551615;1;;;True;ControlType.CONTROLLED;0;<BV64 0x30>;64;[];[];[];[];[];[];[];48.0;48.0;0.0;1.0;;;True;48.0;48.0;0.0;1.0;;;True;ControlType.NO_CONTROL;0;<BV64 0x30>;64;[];[];[];[];[];[];[];48;48;0;1.0;;;True;48.0;48.0;0.0;1.0;;;True;ControlType.NO_CONTROL;0;<BV64 x0>;64;[];[];['<BV64 x0>'];[];['<BV64 x0>'];[];[];0.0;1.8446744073709552e+19;18446744073709551615;1;;;True;0.0;1.8446744073709552e+19;18446744073709551615;1;;;True;ControlType.CONTROLLED;0;<BV64 x0>;64;[];[];['<BV64 x0>'];[];['<BV64 x0>'];[];[];0.0;1.8446744073709552e+19;1.8446744073709552e+19;1.0;;;True;0.0;1.8446744073709552e+19;1.8446744073709552e+19;1.0;;;True;ControlType.CONTROLLED;0;<BV64 x0>;64;[];[];[];[];[];[];[];0;0;0;;;;False;0;0;0;;;;False;ControlType.UNKNOWN;0;[];{'regs': [], 'indirect_regs': [], 'direct_regs': [], 'mem': [], 'const_mem': []};[];{'regs': [], 'indirect_regs': [], 'direct_regs': [], 'mem': [], 'const_mem': []};{'regs': ['<BV64 x0>'], 'indirect_regs': [], 'direct_regs': ['<BV64 x0>'], 'mem': [], 'const_mem': []};{'regs': ['<BV64 x0>'], 'indirect_regs': [], 'direct_regs': ['<BV64 x0>'], 'mem': [], 'const_mem': []};63.0;0.0;64.0;64.0;[];;;;BaseControlType.CONSTANT_BASE;BaseControlType.CONSTANT_BASE;BaseControlType.CONSTANT_BASE;0;BranchControlType.BRANCH_INDEPENDENT_FROM_SECRET;BranchControlType.BRANCH_INDEPENDENT_FROM_SECRET;27828;True;False;True;True;True;False;False;True;True;False;False;False;True;False;True;False;True;False;True;False;[];['has_valid_base'];True;False;True;True;True;False;False;True;True;False;False;False;True;False;True;False;True;False;True;False;[];['has_valid_base']
8ed5798d-1fd8-47b9-bbc9-0e0227a5b4a0;SHA256Transform@@LIBMD_0.0;0x5ec0;0x5eec;0x0;TransmitterType.LOAD;12;0;False;['0x5ec0'];<BV64 0x4 + x0>;64;[];[];['<BV64 x0>'];[];['<BV64 x0>'];[];[];0;18446744073709551615;18446744073709551615;1;;;True;0;18446744073709551615;18446744073709551615;1;;;True;ControlType.CONTROLLED;0;<BV64 0x4>;64;[];[];[];[];[];[];[];4.0;4.0;0.0;1.0;;;True;4.0;4.0;0.0;1.0;;;True;ControlType.NO_CONTROL;0;<BV64 0x4>;64;[];[];[];[];[];[];[];4;4;0;1.0;;;True;4.0;4.0;0.0;1.0;;;True;ControlType.NO_CONTROL;0;<BV64 x0>;64;[];[];['<BV64 x0>'];[];['<BV64 x0>'];[];[];0.0;1.8446744073709552e+19;18446744073709551615;1;;;True;0.0;1.8446744073709552e+19;18446744073709551615;1;;;True;ControlType.CONTROLLED;0;<BV64 x0>;64;[];[];['<BV64 x0>'];[];['<BV64 x0>'];[];[];0.0;1.8446744073709552e+19;1.8446744073709552e+19;1.0;;;True;0.0;1.8446744073709552e+19;1.8446744073709552e+19;1.0;;;True;ControlType.CONTROLLED;0;<BV64 x0>;64;[];[];[];[];[];[];[];0;0;0;;;;False;0;0;0;;;;False;ControlType.UNKNOWN;0;[];{'regs': [], 'indirect_regs': [], 'direct_regs': [], 'mem': [], 'const_mem': []};[];{'regs': [], 'indirect_regs': [], 'direct_regs': [], 'mem': [], 'const_mem': []};{'regs': ['<BV64 x0>'], 'indirect_regs': [], 'direct_regs': ['<BV64 x0>'], 'mem': [], 'const_mem': []};{'regs': ['<BV64 x0>'], 'indirect_regs': [], 'direct_regs': ['<BV64 x0>'], 'mem': [], 'const_mem': []};63.0;0.0;64.0;64.0;['<Bool LOAD_128[<BV64 x0>]_23[31:0] == LOAD_32[<BV64 x0>]_25>', '<Bool LOAD_128[<BV64 x0>]_23[63:32] == LOAD_32[<BV64 x0 + 0x4>]_26>'];;;;BaseControlType.CONSTANT_BASE;BaseControlType.CONSTANT_BASE;BaseControlType.CONSTANT_BASE;0;BranchControlType.BRANCH_INDEPENDENT_FROM_SECRET;BranchControlType.BRANCH_INDEPENDENT_FROM_SECRET;24300;True;False;True;True;True;False;False;True;True;False;False;False;True;False;True;False;True;False;True;False;[];['has_valid_base'];True;False;True;True;True;False;False;True;True;False;False;False;True;False;True;False;True;False;True;False;[];['has_valid_base']
012c5fb8-180f-4cd7-839f-6cba5a7af3fa;SHA1Transform@@LIBMD_0.0;0x4c00;0x4c50;0x0;TransmitterType.LOAD;21;0;False;['0x4c00'];<BV64 0x4 + x0>;64;[];[];['<BV64 x0>'];[];['<BV64 x0>'];[];[];0;18446744073709551615;18446744073709551615;1;;;True;0;18446744073709551615;18446744073709551615;1;;;True;ControlType.CONTROLLED;0;<BV64 0x4>;64;[];[];[];[];[];[];[];4.0;4.0;0.0;1.0;;;True;4.0;4.0;0.0;1.0;;;True;ControlType.NO_CONTROL;0;<BV64 0x4>;64;[];[];[];[];[];[];[];4;4;0;1.0;;;True;4.0;4.0;0.0;1.0;;;True;ControlType.NO_CONTROL;0;<BV64 x0>;64;[];[];['<BV64 x0>'];[];['<BV64 x0>'];[];[];0.0;1.8446744073709552e+19;18446744073709551615;1;;;True;0.0;1.8446744073709552e+19;18446744073709551615;1;;;True;ControlType.CONTROLLED;0;<BV64 x0>;64;[];[];['<BV64 x0>'];[];['<BV64 x0>'];[];[];0.0;1.8446744073709552e+19;1.8446744073709552e+19;1.0;;;True;0.0;1.8446744073709552e+19;1.8446744073709552e+19;1.0;;;True;ControlType.CONTROLLED;0;<BV64 x0>;64;[];[];[];[];[];[];[];0;0;0;;;;False;0;0;0;;;;False;ControlType.UNKNOWN;0;[];{'regs': [], 'indirect_regs': [], 'direct_regs': [], 'mem': [], 'const_mem': []};[];{'regs': [], 'indirect_regs': [], 'direct_regs': [], 'mem': [], 'const_mem': []};{'regs': ['<BV64 x0>'], 'indirect_regs': [], 'direct_regs': ['<BV64 x0>'], 'mem': [], 'const_mem': []};{'regs': ['<BV64 x0>'], 'indirect_regs': [], 'direct_regs': ['<BV64 x0>'], 'mem': [], 'const_mem': []};63.0;0.0;64.0;64.0;[];;;;BaseControlType.CONSTANT_BASE;BaseControlType.CONSTANT_BASE;BaseControlType.CONSTANT_BASE;0;BranchControlType.BRANCH_INDEPENDENT_FROM_SECRET;BranchControlType.BRANCH_INDEPENDENT_FROM_SECRET;19536;True;False;True;True;True;False;False;True;True;False;False;False;True;False;True;False;True;False;True;False;[];['has_valid_base'];True;False;True;True;True;False;False;True;True;False;False;False;True;False;True;False;True;False;True;False;[];['has_valid_base']
4bdce176-60af-4df4-8611-4f25ada0cee2;MD2Final@@LIBMD_0.0;0x1d40;0x1d74;0x1d64;TransmitterType.LOAD;14;1;False;['0x1d40'];<BV64 0x1fcb0 + (0#29 .. 0x100 + ((0#3 .. 0xffffffff * LOAD_32[<BV64 x1>]_24) << 0x3))>;64;[];[];['<BV64 x1>'];"[""<BV64 x1>: ['0x0']""]";[];['<BV64 x1>'];[];130224;34359868584;34359738360;8;;;False;130224;34359868584;34359738360;8;;;False;ControlType.CONTROLLED;1;<BV64 0x1fdb0>;64;[];[];[];[];[];[];[];130480.0;130480.0;0.0;1.0;;;True;130480.0;130480.0;0.0;1.0;;;True;ControlType.NO_CONTROL;0;<BV64 0x1fdb0>;64;[];[];[];[];[];[];[];130480;130480;0;1.0;;;True;130480.0;130480.0;0.0;1.0;;;True;ControlType.NO_CONTROL;0;<BV64 0#29 .. (0#3 .. 0xffffffff * LOAD_32[<BV64 x1>]_24) << 0x3>;64;[];[];['<BV64 x1>'];"[""<BV64 x1>: ['0x0']""]";[];['<BV64 x1>'];[];0.0;34359738360.0;34359738360;8;;;False;0.0;34359738360.0;34359738360;8;;;False;ControlType.CONTROLLED;1;<BV64 x1>;64;[];[];['<BV64 x1>'];[];['<BV64 x1>'];[];[];0.0;1.8446744073709552e+19;1.8446744073709552e+19;1.0;;;True;0.0;1.8446744073709552e+19;1.8446744073709552e+19;1.0;;;True;ControlType.CONTROLLED;0;<BV32 LOAD_32[<BV64 x1>]_24>;32;[];[];[];[];[];[];[];0;0;0;;;;False;0;0;0;;;;False;ControlType.UNKNOWN;1;[];{'regs': [], 'indirect_regs': [], 'direct_regs': [], 'mem': [], 'const_mem': []};[];{'regs': [], 'indirect_regs': [], 'direct_regs': [], 'mem': [], 'const_mem': []};{'regs': ['<BV64 x1>'], 'indirect_regs': [], 'direct_regs': ['<BV64 x1>'], 'mem': ['<BV64 x1>'], 'const_mem': []};{'regs': ['<BV64 x1>'], 'indirect_regs': [], 'direct_regs': ['<BV64 x1>'], 'mem': ['<BV64 x1>'], 'const_mem': []};34.0;3.0;32.0;32.0;[];;;;BaseControlType.CONSTANT_BASE;BaseControlType.CONSTANT_BASE;BaseControlType.CONSTANT_BASE;0;BranchControlType.BRANCH_INDEPENDENT_FROM_SECRET;BranchControlType.BRANCH_INDEPENDENT_FROM_SECRET;7540;True;False;True;True;True;False;False;True;True;False;False;False;True;False;True;False;True;False;True;False;[];['has_valid_base'];True;False;True;True;True;False;False;True;True;False;False;False;True;False;True;False;True;False;True;False;[];['has_valid_base']
0989efbf-33fd-4b1d-ab30-4167c4c114c3;SHA224Update@@LIBMD_0.1;0x610c;0x5ee4;0x0;TransmitterType.LOAD;34;0;False;['0x610c', '0x6114', '0x6144', '0x614c', '0x5ec0'];<BV64 x0>;64;[];[];['<BV64 x0>'];[];['<BV64 x0>'];[];[];0;18446744073709551615;18446744073709551615;1;;;True;0;18446744073709551615;18446744073709551615;1;;;True;ControlType.CONTROLLED;0;;0;[];[];[];[];[];[];[];0.0;0.0;0.0;0.0;;;False;0.0;0.0;0.0;0.0;;;False;ControlType.UNKNOWN;0;;0;[];[];[];[];[];[];[];0;0;0;;;;False;0.0;0.0;0.0;0.0;;;False;ControlType.UNKNOWN;0;<BV64 x0>;64;[];[];['<BV64 x0>'];[];['<BV64 x0>'];[];[];0.0;1.8446744073709552e+19;18446744073709551615;1;;;True;0.0;1.8446744073709552e+19;18446744073709551615;1;;;True;ControlType.CONTROLLED;0;<BV64 x0>;64;[];[];['<BV64 x0>'];[];['<BV64 x0>'];[];[];0.0;1.8446744073709552e+19;1.8446744073709552e+19;1.0;;;True;0.0;1.8446744073709552e+19;1.8446744073709552e+19;1.0;;;True;ControlType.CONTROLLED;0;<BV64 x0>;64;[];[];[];[];[];[];[];0;0;0;;;;False;0;0;0;;;;False;ControlType.UNKNOWN;0;[('0x6110', <Bool x2 != 0x0>, 'Taken'), ('0x6140', <Bool ((LOAD_64[<BV64 x0 + 0x40>]_26 << 0x3d[7:0] | LShR(LOAD_64[<BV64 x0 + 0x40>]_26, 0x3)[7:0]) & 63) == 0>, 'Taken'), ('0x6148', <Bool x2 > 0x3f>, 'Taken'), ('0x6168', <Bool True>, 'Taken')];"{'regs': ['<BV64 x0>', '<BV64 x2>'], 'indirect_regs': [""<BV64 x0>: ['0x40']""], 'direct_regs': ['<BV64 x2>'], 'mem': ['<BV64 x0 + 0x40>'], 'const_mem': []}";[];{'regs': [], 'indirect_regs': [], 'direct_regs': [], 'mem': [], 'const_mem': []};{'regs': ['<BV64 x0>'], 'indirect_regs': [], 'direct_regs': ['<BV64 x0>'], 'mem': [], 'const_mem': []};{'regs': ['<BV64 x0>', '<BV64 x2>'], 'indirect_regs': [], 'direct_regs': ['<BV64 x0>', '<BV64 x2>'], 'mem': ['<BV64 x0 + 0x40>'], 'const_mem': []};63.0;0.0;64.0;64.0;[];;;;BaseControlType.NO_BASE;BaseControlType.NO_BASE;BaseControlType.NO_BASE;4;BranchControlType.BRANCH_DEPENDS_ON_SECRET_VALUE;BranchControlType.BRANCH_INDEPENDENT_FROM_SECRET;24292;True;False;True;True;True;False;False;True;True;False;False;False;True;False;True;True;True;False;True;False;[];['has_valid_base'];True;False;True;True;True;False;False;True;True;False;False;False;True;False;True;True;True;False;True;False;[];['has_valid_base']
c94c00b5-8e84-4962-aada-2d277200c3a3;SHA256Init@@LIBMD_0.0;0x640c;0x6434;0x0;TransmitterType.STORE;12;0;False;['0x640c'];<BV64 x0>;64;[];[];['<BV64 x0>'];[];['<BV64 x0>'];[];[];0;18446744073709551615;18446744073709551615;1;;;True;0;18446744073709551615;18446744073709551615;1;;;True;ControlType.CONTROLLED;0;;0;[];[];[];[];[];[];[];0.0;0.0;0.0;0.0;;;False;0.0;0.0;0.0;0.0;;;False;ControlType.UNKNOWN;0;;0;[];[];[];[];[];[];[];0;0;0;;;;False;0.0;0.0;0.0;0.0;;;False;ControlType.UNKNOWN;0;<BV64 x0>;64;[];[];['<BV64 x0>'];[];['<BV64 x0>'];[];[];0.0;1.8446744073709552e+19;18446744073709551615;1;;;True;0.0;1.8446744073709552e+19;18446744073709551615;1;;;True;ControlType.CONTROLLED;0;<BV64 x0>;64;[];[];['<BV64 x0>'];[];['<BV64 x0>'];[];[];0.0;1.8446744073709552e+19;1.8446744073709552e+19;1.0;;;True;0.0;1.8446744073709552e+19;1.8446744073709552e+19;1.0;;;True;ControlType.CONTROLLED;0;<BV64 x0>;64;[];[];[];[];[];[];[];0;0;0;;;;False;0;0;0;;;;False;ControlType.UNKNOWN;0;[];{'regs': [], 'indirect_regs': [], 'direct_regs': [], 'mem': [], 'const_mem': []};[];{'regs': [], 'indirect_regs': [], 'direct_regs': [], 'mem': [], 'const_mem': []};{'regs': ['<BV64 x0>'], 'indirect_regs': [], 'direct_regs': ['<BV64 x0>'], 'mem': [], 'const_mem': []};{'regs': ['<BV64 x0>'], 'indirect_regs': [], 'direct_regs': ['<BV64 x0>'], 'mem': [], 'const_mem': []};63.0;0.0;64.0;64.0;[];;;;BaseControlType.NO_BASE;BaseControlType.NO_BASE;BaseControlType.NO_BASE;0;BranchControlType.BRANCH_INDEPENDENT_FROM_SECRET;BranchControlType.BRANCH_INDEPENDENT_FROM_SECRET;25652;True;False;True;True;True;False;False;True;True;False;False;False;True;False;True;False;True;False;True;False;[];['has_valid_base'];True;False;True;True;True;False;False;True;True;False;False;False;True;False;True;False;True;False;True;False;[];['has_valid_base']
21cc9cde-2439-4f23-ad57-db8e63624d6e;SHA1Init@@LIBMD_0.0;0x5be8;0x5c10;0x0;TransmitterType.STORE;12;0;False;['0x5be8'];<BV64 x0>;64;[];[];['<BV64 x0>'];[];['<BV64 x0>'];[];[];0;18446744073709551615;18446744073709551615;1;;;True;0;18446744073709551615;18446744073709551615;1;;;True;ControlType.CONTROLLED;0;;0;[];[];[];[];[];[];[];0.0;0.0;0.0;0.0;;;False;0.0;0.0;0.0;0.0;;;False;ControlType.UNKNOWN;0;;0;[];[];[];[];[];[];[];0;0;0;;;;False;0.0;0.0;0.0;0.0;;;False;ControlType.UNKNOWN;0;<BV64 x0>;64;[];[];['<BV64 x0>'];[];['<BV64 x0>'];[];[];0.0;1.8446744073709552e+19;18446744073709551615;1;;;True;0.0;1.8446744073709552e+19;18446744073709551615;1;;;True;ControlType.CONTROLLED;0;<BV64 x0>;64;[];[];['<BV64 x0>'];[];['<BV64 x0>'];[];[];0.0;1.8446744073709552e+19;1.8446744073709552e+19;1.0;;;True;0.0;1.8446744073709552e+19;1.8446744073709552e+19;1.0;;;True;ControlType.CONTROLLED;0;<BV64 x0>;64;[];[];[];[];[];[];[];0;0;0;;;;False;0;0;0;;;;False;ControlType.UNKNOWN;0;[];{'regs': [], 'indirect_regs': [], 'direct_regs': [], 'mem': [], 'const_mem': []};[];{'regs': [], 'indirect_regs': [], 'direct_regs': [], 'mem': [], 'const_mem': []};{'regs': ['<BV64 x0>'], 'indirect_regs': [], 'direct_regs': ['<BV64 x0>'], 'mem': [], 'const_mem': []};{'regs': ['<BV64 x0>'], 'indirect_regs': [], 'direct_regs': ['<BV64 x0>'], 'mem': [], 'const_mem': []};63.0;0.0;64.0;64.0;[];;;;BaseControlType.NO_BASE;BaseControlType.NO_BASE;BaseControlType.NO_BASE;0;BranchControlType.BRANCH_INDEPENDENT_FROM_SECRET;BranchControlType.BRANCH_INDEPENDENT_FROM_SECRET;23568;True;False;True;True;True;False;False;True;True;False;False;False;True;False;True;False;True;False;True;False;[];['has_valid_base'];True;False;True;True;True;False;False;True;True;False;False;False;True;False;True;False;True;False;True;False;[];['has_valid_base']
5f2515fb-9b7e-488a-a198-93bb8395ba12;MD5Update@@LIBMD_0.0;0x3108;0x26f8;0x0;TransmitterType.LOAD;55;0;False;['0x3108', '0x314c', '0x3150', '0x3158', '0x2688'];<BV64 0x8 + x0>;64;[];[];['<BV64 x0>'];[];['<BV64 x0>'];[];[];0;18446744073709551615;18446744073709551615;1;;;True;0;18446744073709551615;18446744073709551615;1;;;True;ControlType.CONTROLLED;0;<BV64 0x8>;64;[];[];[];[];[];[];[];8.0;8.0;0.0;1.0;;;True;8.0;8.0;0.0;1.0;;;True;ControlType.NO_CONTROL;0;<BV64 0x8>;64;[];[];[];[];[];[];[];8;8;0;1.0;;;True;8.0;8.0;0.0;1.0;;;True;ControlType.NO_CONTROL;0;<BV64 x0>;64;[];[];['<BV64 x0>'];[];['<BV64 x0>'];[];[];0.0;1.8446744073709552e+19;18446744073709551615;1;;;True;0.0;1.8446744073709552e+19;18446744073709551615;1;;;True;ControlType.CONTROLLED;0;<BV64 x0>;64;[];[];['<BV64 x0>'];[];['<BV64 x0>'];[];[];0.0;1.8446744073709552e+19;1.8446744073709552e+19;1.0;;;True;0.0;1.8446744073709552e+19;1.8446744073709552e+19;1.0;;;True;ControlType.CONTROLLED;0;<BV64 x0>;64;[];[];[];[];[];[];[];0;0;0;;;;False;0;0;0;;;;False;ControlType.UNKNOWN;0;[('0x3148', <Bool x2 >= 0x40 - ((LOAD_64[<BV64 x0 + 0x10>]_28 << 0x3d | LShR(LOAD_64[<BV64 x0 + 0x10>]_28, 0x3)) & 0x3f)>, 'Taken'), ('0x314c', <Bool LOAD_64[<BV64 x0 + 0x10>]_28[8:3] == 0>, 'Taken'), ('0x3154', <Bool x2 > 0x3f>, 'Taken'), ('0x316c', <Bool True>, 'Taken')];"{'regs': ['<BV64 x0>', '<BV64 x2>'], 'indirect_regs': [""<BV64 x0>: ['0x10', '0x10']""], 'direct_regs': ['<BV64 x2>'], 'mem': ['<BV64 x0 + 0x10>'], 'const_mem': []}";[];{'regs': [], 'indirect_regs': [], 'direct_regs': [], 'mem': [], 'const_mem': []};{'regs': ['<BV64 x0>'], 'indirect_regs': [], 'direct_regs': ['<BV64 x0>'], 'mem': [], 'const_mem': []};{'regs': ['<BV64 x0>', '<BV64 x2>'], 'indirect_regs': [], 'direct_regs': ['<BV64 x0>', '<BV64 x2>'], 'mem': ['<BV64 x0 + 0x10>'], 'const_mem': []};63.0;0.0;64.0;64.0;[];;;;BaseControlType.CONSTANT_BASE;BaseControlType.CONSTANT_BASE;BaseControlType.CONSTANT_BASE;4;BranchControlType.BRANCH_DEPENDS_ON_SECRET_VALUE;BranchControlType.BRANCH_INDEPENDENT_FROM_SECRET;9976;True;False;True;True;True;False;False;True;True;False;False;False;True;False;True;True;True;False;True;False;[];['has_valid_base'];True;False;True;True;True;False;False;True;True;False;False;False;True;False;True;True;True;False;True;False;[];['has_valid_base']
f52f3d0d-c641-4908-b794-27068d96399f;SHA224Transform@@LIBMD_0.1;0x5ec0;0x5ee4;0x0;TransmitterType.LOAD;10;0;False;['0x5ec0'];<BV64 0x10 + x0>;64;[];[];['<BV64 x0>'];[];['<BV64 x0>'];[];[];0;18446744073709551615;18446744073709551615;1;;;True;0;18446744073709551615;18446744073709551615;1;;;True;ControlType.CONTROLLED;0;<BV64 0x10>;64;[];[];[];[];[];[];[];16.0;16.0;0.0;1.0;;;True;16.0;16.0;0.0;1.0;;;True;ControlType.NO_CONTROL;0;<BV64 0x10>;64;[];[];[];[];[];[];[];16;16;0;1.0;;;True;16.0;16.0;0.0;1.0;;;True;ControlType.NO_CONTROL;0;<BV64 x0>;64;[];[];['<BV64 x0>'];[];['<BV64 x0>'];[];[];0.0;1.8446744073709552e+19;18446744073709551615;1;;;True;0.0;1.8446744073709552e+19;18446744073709551615;1;;;True;ControlType.CONTROLLED;0;<BV64 x0>;64;[];[];['<BV64 x0>'];[];['<BV64 x0>'];[];[];0.0;1.8446744073709552e+19;1.8446744073709552e+19;1.0;;;True;0.0;1.8446744073709552e+19;1.8446744073709552e+19;1.0;;;True;ControlType.CONTROLLED;0;<BV64 x0>;64;[];[];[];[];[];[];[];0;0;0;;;;False;0;0;0;;;;False;ControlType.UNKNOWN;0;[];{'regs': [], 'indirect_regs': [], 'direct_regs': [], 'mem': [], 'const_mem': []};[];{'regs': [], 'indirect_regs': [], 'direct_regs': [], 'mem': [], 'const_mem': []};{'regs': ['<BV64 x0>'], 'indirect_regs': [], 'direct_regs': ['<BV64 x0>'], 'mem': [], 'const_mem': []};{'regs': ['<BV64 x0>'], 'indirect_regs': [], 'direct_regs': ['<BV64 x0>'], 'mem': [], 'const_mem': []};63.0;0.0;64.0;64.0;[];;;;BaseControlType.CONSTANT_BASE;BaseControlType.CONSTANT_BASE;BaseControlType.CONSTANT_BASE;0;BranchControlType.BRANCH_INDEPENDENT_FROM_SECRET;BranchControlType.BRANCH_INDEPENDENT_FROM_SECRET;24292;True;False;True;True;True;False;False;True;True;False;False;False;True;False;True;False;True;False;True;False;[];['has_valid_base'];True;False;True;True;True;False;False;True;True;False;False;False;True;False;True;False;True;False;True;False;[];['has_valid_base']
12cefc17-462a-4987-99b9-b2690f67ce86;SHA384Transform@@LIBMD_0.0;0x6544;0x6588;0x0;TransmitterType.LOAD;18;0;False;['0x6544'];<BV64 0x8 + x0>;64;[];[];['<BV64 x0>'];[];['<BV64 x0>'];[];[];0;18446744073709551615;18446744073709551615;1;;;True;0;18446744073709551615;18446744073709551615;1;;;True;ControlType.CONTROLLED;0;<BV64 0x8>;64;[];[];[];[];[];[];[];8.0;8.0;0.0;1.0;;;True;8.0;8.0;0.0;1.0;;;True;ControlType.NO_CONTROL;0;<BV64 0x8>;64;[];[];[];[];[];[];[];8;8;0;1.0;;;True;8.0;8.0;0.0;1.0;;;True;ControlType.NO_CONTROL;0;<BV64 x0>;64;[];[];['<BV64 x0>'];[];['<BV64 x0>'];[];[];0.0;1.8446744073709552e+19;18446744073709551615;1;;;True;0.0;1.8446744073709552e+19;18446744073709551615;1;;;True;ControlType.CONTROLLED;0;<BV64 x0>;64;[];[];['<BV64 x0>'];[];['<BV64 x0>'];[];[];0.0;1.8446744073709552e+19;1.8446744073709552e+19;1.0;;;True;0.0;1.8446744073709552e+19;1.8446744073709552e+19;1.0;;;True;ControlType.CONTROLLED;0;<BV64 x0>;64;[];[];[];[];[];[];[];0;0;0;;;;False;0;0;0;;;;False;ControlType.UNKNOWN;0;[];{'regs': [], 'indirect_regs': [], 'direct_regs': [], 'mem': [], 'const_mem': []};[];{'regs': [], 'indirect_regs': [], 'direct_regs': [], 'mem': [], 'const_mem': []};{'regs': ['<BV64 x0>'], 'indirect_regs': [], 'direct_regs': ['<BV64 x0>'], 'mem': [], 'const_mem': []};{'regs': ['<BV64 x0>'], 'indirect_regs': [], 'direct_regs': ['<BV64 x0>'], 'mem': [], 'const_mem': []};63.0;0.0;64.0;64.0;[];;;;BaseControlType.CONSTANT_BASE;BaseControlType.CONSTANT_BASE;BaseControlType.CONSTANT_BASE;0;BranchControlType.BRANCH_INDEPENDENT_FROM_SECRET;BranchControlType.BRANCH_INDEPENDENT_FROM_SECRET;25992;True;False;True;True;True;False;False;True;True;False;False;False;True;False;True;False;True;False;True;False;[];['has_valid_base'];True;False;True;True;True;False;False;True;True;False;False;False;True;False;True;False;True;False;True;False;[];['has_valid_base']
a2bd70bc-6b9c-47cd-bd7c-131e5c37b579;SHA384Update@@LIBMD_0.0;0x67c0;0x6588;0x0;TransmitterType.LOAD;39;0;False;['0x67c0', '0x67c8', '0x67f8', '0x6800', '0x6544'];<BV64 x0>;64;[];[];['<BV64 x0>'];[];['<BV64 x0>'];[];[];0;18446744073709551615;18446744073709551615;1;;;True;0;18446744073709551615;18446744073709551615;1;;;True;ControlType.CONTROLLED;0;;0;[];[];[];[];[];[];[];0.0;0.0;0.0;0.0;;;False;0.0;0.0;0.0;0.0;;;False;ControlType.UNKNOWN;0;;0;[];[];[];[];[];[];[];0;0;0;;;;False;0.0;0.0;0.0;0.0;;;False;ControlType.UNKNOWN;0;<BV64 x0>;64;[];[];['<BV64 x0>'];[];['<BV64 x0>'];[];[];0.0;1.8446744073709552e+19;18446744073709551615;1;;;True;0.0;1.8446744073709552e+19;18446744073709551615;1;;;True;ControlType.CONTROLLED;0;<BV64 x0>;64;[];[];['<BV64 x0>'];[];['<BV64 x0>'];[];[];0.0;1.8446744073709552e+19;1.8446744073709552e+19;1.0;;;True;0.0;1.8446744073709552e+19;1.8446744073709552e+19;1.0;;;True;ControlType.CONTROLLED;0;<BV64 x0>;64;[];[];[];[];[];[];[];0;0;0;;;;False;0;0;0;;;;False;ControlType.UNKNOWN;0;[('0x67c4', <Bool x2 != 0x0>, 'Taken'), ('0x67f4', <Bool ((LOAD_64[<BV64 x0 + 0x40>]_26 << 0x3d[7:0] | LShR(LOAD_64[<BV64 x0 + 0x40>]_26, 0x3)[7:0]) & 127) == 0>, 'Taken'), ('0x67fc', <Bool x2 > 0x7f>, 'Taken'), ('0x6810', <Bool True>, 'Taken')];"{'regs': ['<BV64 x0>', '<BV64 x2>'], 'indirect_regs': [""<BV64 x0>: ['0x40']""], 'direct_regs': ['<BV64 x2>'], 'mem': ['<BV64 x0 + 0x40>'], 'const_mem': []}";[];{'regs': [], 'indirect_regs': [], 'direct_regs': [], 'mem': [], 'const_mem': []};{'regs': ['<BV64 x0>'], 'indirect_regs': [], 'direct_regs': ['<BV64 x0>'], 'mem': [], 'const_mem': []};{'regs': ['<BV64 x0>', '<BV64 x2>'], 'indirect_regs': [], 'direct_regs': ['<BV64 x0>', '<BV64 x2>'], 'mem': ['<BV64 x0 + 0x40>'], 'const_mem': []};63.0;0.0;64.0;64.0;[];;;;BaseControlType.NO_BASE;BaseControlType.NO_BASE;BaseControlType.NO_BASE;4;BranchControlType.BRANCH_DEPENDS_ON_SECRET_VALUE;BranchControlType.BRANCH_INDEPENDENT_FROM_SECRET;25992;True;False;True;True;True;False;False;True;True;False;False;False;True;False;True;True;True;False;True;False;[];['has_valid_base'];True;False;True;True;True;False;False;True;True;False;False;False;True;False;True;True;True;False;True;False;[];['has_valid_base']
e8b67a7e-d5c4-4f96-b775-a34462ee5d6c;MD4Transform@@LIBMD_0.0;0x1de0;0x1e38;0x0;TransmitterType.LOAD;23;0;False;['0x1de0'];<BV64 x0>;64;[];[];['<BV64 x0>'];[];['<BV64 x0>'];[];[];0;18446744073709551615;18446744073709551615;1;;;True;0;18446744073709551615;18446744073709551615;1;;;True;ControlType.CONTROLLED;0;;0;[];[];[];[];[];[];[];0.0;0.0;0.0;0.0;;;False;0.0;0.0;0.0;0.0;;;False;ControlType.UNKNOWN;0;;0;[];[];[];[];[];[];[];0;0;0;;;;False;0.0;0.0;0.0;0.0;;;False;ControlType.UNKNOWN;0;<BV64 x0>;64;[];[];['<BV64 x0>'];[];['<BV64 x0>'];[];[];0.0;1.8446744073709552e+19;18446744073709551615;1;;;True;0.0;1.8446744073709552e+19;18446744073709551615;1;;;True;ControlType.CONTROLLED;0;<BV64 x0>;64;[];[];['<BV64 x0>'];[];['<BV64 x0>'];[];[];0.0;1.8446744073709552e+19;1.8446744073709552e+19;1.0;;;True;0.0;1.8446744073709552e+19;1.8446744073709552e+19;1.0;;;True;ControlType.CONTROLLED;0;<BV64 x0>;64;[];[];[];[];[];[];[];0;0;0;;;;False;0;0;0;;;;False;ControlType.UNKNOWN;0;[];{'regs': [], 'indirect_regs': [], 'direct_regs': [], 'mem': [], 'const_mem': []};[];{'regs': [], 'indirect_regs': [], 'direct_regs': [], 'mem': [], 'const_mem': []};{'regs': ['<BV64 x0>'], 'indirect_regs': [], 'direct_regs': ['<BV64 x0>'], 'mem': [], 'const_mem': []};{'regs': ['<BV64 x0>'], 'indirect_regs': [], 'direct_regs': ['<BV64 x0>'], 'mem': [], 'const_mem': []};63.0;0.0;64.0;64.0;[];;;;BaseControlType.NO_BASE;BaseControlType.NO_BASE;BaseControlType.NO_BASE;0;BranchControlType.BRANCH_INDEPENDENT_FROM_SECRET;BranchControlType.BRANCH_INDEPENDENT_FROM_SECRET;7736;True;False;True;True;True;False;False;True;True;False;False;False;True;False;True;False;True;False;True;False;[];['has_valid_base'];True;False;True;True;True;False;False;True;True;False;False;False;True;False;True;False;True;False;True;False;[];['has_valid_base']
d07785a1-4382-477c-894b-b106d97c8680;SHA512Init@@LIBMD_0.0;0x64ec;0x6524;0x0;TransmitterType.STORE;16;0;False;['0x64ec'];<BV64 0x60 + x0>;64;[];[];['<BV64 x0>'];[];['<BV64 x0>'];[];[];0;18446744073709551615;18446744073709551615;1;;;True;0;18446744073709551615;18446744073709551615;1;;;True;ControlType.CONTROLLED;0;<BV64 0x60>;64;[];[];[];[];[];[];[];96.0;96.0;0.0;1.0;;;True;96.0;96.0;0.0;1.0;;;True;ControlType.NO_CONTROL;0;<BV64 0x60>;64;[];[];[];[];[];[];[];96;96;0;1.0;;;True;96.0;96.0;0.0;1.0;;;True;ControlType.NO_CONTROL;0;<BV64 x0>;64;[];[];['<BV64 x0>'];[];['<BV64 x0>'];[];[];0.0;1.8446744073709552e+19;18446744073709551615;1;;;True;0.0;1.8446744073709552e+19;18446744073709551615;1;;;True;ControlType.CONTROLLED;0;<BV64 x0>;64;[];[];['<BV64 x0>'];[];['<BV64 x0>'];[];[];0.0;1.8446744073709552e+19;1.8446744073709552e+19;1.0;;;True;0.0;1.8446744073709552e+19;1.8446744073709552e+19;1.0;;;True;ControlType.CONTROLLED;0;<BV64 x0>;64;[];[];[];[];[];[];[];0;0;0;;;;False;0;0;0;;;;False;ControlType.UNKNOWN;0;[];{'regs': [], 'indirect_regs': [], 'direct_regs': [], 'mem': [], 'const_mem': []};[];{'regs': [], 'indirect_regs': [], 'direct_regs': [], 'mem': [], 'const_mem': []};{'regs': ['<BV64 x0>'], 'indirect_regs': [], 'direct_regs': ['<BV64 x0>'], 'mem': [], 'const_mem': []};{'regs': ['<BV64 x0>'], 'indirect_regs': [], 'direct_regs': ['<BV64 x0>'], 'mem': [], 'const_mem': []};63.0;0.0;64.0;64.0;[];;;;BaseControlType.CONSTANT_BASE;BaseControlType.CONSTANT_BASE;BaseControlType.CONSTANT_BASE;0;BranchControlType.BRANCH_INDEPENDENT_FROM_SECRET;BranchControlType.BRANCH_INDEPENDENT_FROM_SECRET;25892;True;False;True;True;True;False;False;True;True;False;False;False;True;False;True;False;True;False;True;False;[];['has_valid_base'];True;False;True;True;True;False;False;True;True;False;False;False;True;False;True;False;True;False;True;False;[];['has_valid_base']
c02c0bff-6c9f-4cbd-9801-0243ce47eb56;RMD160Pad@@LIBMD_0.0;0x4ad0;0x49f4;0x0;TransmitterType.LOAD;36;0;False;['0x4ad0', '0x49cc'];<BV64 0x18 + x0>;64;[];[];['<BV64 x0>'];[];['<BV64 x0>'];[];[];0;18446744073709551615;18446744073709551615;1;;;True;0;18446744073709551615;18446744073709551615;1;;;True;ControlType.CONTROLLED;0;<BV64 0x18>;64;[];[];[];[];[];[];[];24.0;24.0;0.0;1.0;;;True;24.0;24.0;0.0;1.0;;;True;ControlType.NO_CONTROL;0;<BV64 0x18>;64;[];[];[];[];[];[];[];24;24;0;1.0;;;True;24.0;24.0;0.0;1.0;;;True;ControlType.NO_CONTROL;0;<BV64 x0>;64;[];[];['<BV64 x0>'];[];['<BV64 x0>'];[];[];0.0;1.8446744073709552e+19;18446744073709551615;1;;;True;0.0;1.8446744073709552e+19;18446744073709551615;1;;;True;ControlType.CONTROLLED;0;<BV64 x0>;64;[];[];['<BV64 x0>'];[];['<BV64 x0>'];[];[];0.0;1.8446744073709552e+19;1.8446744073709552e+19;1.0;;;True;0.0;1.8446744073709552e+19;1.8446744073709552e+19;1.0;;;True;ControlType.CONTROLLED;0;<BV64 x0>;64;[];[];[];[];[];[];[];0;0;0;;;;False;0;0;0;;;;False;ControlType.UNKNOWN;0;[('0x4b30', <Bool True>, 'Taken')];{'regs': [], 'indirect_regs': [], 'direct_regs': [], 'mem': [], 'const_mem': []};[];{'regs': [], 'indirect_regs': [], 'direct_regs': [], 'mem': [], 'const_mem': []};{'regs': ['<BV64 x0>'], 'indirect_regs': [], 'direct_regs': ['<BV64 x0>'], 'mem': [], 'const_mem': []};{'regs': ['<BV64 x0>'], 'indirect_regs': [], 'direct_regs': ['<BV64 x0>'], 'mem': [], 'const_mem': []};63.0;0.0;64.0;64.0;[];;;;BaseControlType.CONSTANT_BASE;BaseControlType.CONSTANT_BASE;BaseControlType.CONSTANT_BASE;1;BranchControlType.BRANCH_INDEPENDENT_FROM_SECRET;BranchControlType.BRANCH_INDEPENDENT_FROM_SECRET;18932;True;False;True;True;True;False;False;True;True;False;False;False;True;False;True;False;True;False;True;False;[];['has_valid_base'];True;False;True;True;True;False;False;True;True;False;False;False;True;False;True;False;True;False;True;False;[];['has_valid_base']
d43ffd26-6550-4866-9257-230787da907a;SHA512_256Init@@LIBMD_0.1;0x6c80;0x6cb8;0x0;TransmitterType.STORE;16;0;False;['0x6c80'];<BV64 0x60 + x0>;64;[];[];['<BV64 x0>'];[];['<BV64 x0>'];[];[];0;18446744073709551615;18446744073709551615;1;;;True;0;18446744073709551615;18446744073709551615;1;;;True;ControlType.CONTROLLED;0;<BV64 0x60>;64;[];[];[];[];[];[];[];96.0;96.0;0.0;1.0;;;True;96.0;96.0;0.0;1.0;;;True;ControlType.NO_CONTROL;0;<BV64 0x60>;64;[];[];[];[];[];[];[];96;96;0;1.0;;;True;96.0;96.0;0.0;1.0;;;True;ControlType.NO_CONTROL;0;<BV64 x0>;64;[];[];['<BV64 x0>'];[];['<BV64 x0>'];[];[];0.0;1.8446744073709552e+19;18446744073709551615;1;;;True;0.0;1.8446744073709552e+19;18446744073709551615;1;;;True;ControlType.CONTROLLED;0;<BV64 x0>;64;[];[];['<BV64 x0>'];[];['<BV64 x0>'];[];[];0.0;1.8446744073709552e+19;1.8446744073709552e+19;1.0;;;True;0.0;1.8446744073709552e+19;1.8446744073709552e+19;1.0;;;True;ControlType.CONTROLLED;0;<BV64 x0>;64;[];[];[];[];[];[];[];0;0;0;;;;False;0;0;0;;;;False;ControlType.UNKNOWN;0;[];{'regs': [], 'indirect_regs': [], 'direct_regs': [], 'mem': [], 'const_mem': []};[];{'regs': [], 'indirect_regs': [], 'direct_regs': [], 'mem': [], 'const_mem': []};{'regs': ['<BV64 x0>'], 'indirect_regs': [], 'direct_regs': ['<BV64 x0>'], 'mem': [], 'const_mem': []};{'regs': ['<BV64 x0>'], 'indirect_regs': [], 'direct_regs': ['<BV64 x0>'], 'mem': [], 'const_mem': []};63.0;0.0;64.0;64.0;[];;;;BaseControlType.CONSTANT_BASE;BaseControlType.CONSTANT_BASE;BaseControlType.CONSTANT_BASE;0;BranchControlType.BRANCH_INDEPENDENT_FROM_SECRET;BranchControlType.BRANCH_INDEPENDENT_FROM_SECRET;27832;True;False;True;True;True;False;False;True;True;False;False;False;True;False;True;False;True;False;True;False;[];['has_valid_base'];True;False;True;True;True;False;False;True;True;False;False;False;True;False;True;False;True;False;True;False;[];['has_valid_base']
3718cee2-3326-4e43-a527-f496f5a0f8a6;SHA512Update@@LIBMD_0.0;0x67c0;0x6588;0x0;TransmitterType.LOAD;39;0;False;['0x67c0', '0x67c8', '0x67f8', '0x6800', '0x6544'];<BV64 x0>;64;[];[];['<BV64 x0>'];[];['<BV64 x0>'];[];[];0;18446744073709551615;18446744073709551615;1;;;True;0;18446744073709551615;18446744073709551615;1;;;True;ControlType.CONTROLLED;0;;0;[];[];[];[];[];[];[];0.0;0.0;0.0;0.0;;;False;0.0;0.0;0.0;0.0;;;False;ControlType.UNKNOWN;0;;0;[];[];[];[];[];[];[];0;0;0;;;;False;0.0;0.0;0.0;0.0;;;False;ControlType.UNKNOWN;0;<BV64 x0>;64;[];[];['<BV64 x0>'];[];['<BV64 x0>'];[];[];0.0;1.8446744073709552e+19;18446744073709551615;1;;;True;0.0;1.8446744073709552e+19;18446744073709551615;1;;;True;ControlType.CONTROLLED;0;<BV64 x0>;64;[];[];['<BV64 x0>'];[];['<BV64 x0>'];[];[];0.0;1.8446744073709552e+19;1.8446744073709552e+19;1.0;;;True;0.0;1.8446744073709552e+19;1.8446744073709552e+19;1.0;;;True;ControlType.CONTROLLED;0;<BV64 x0>;64;[];[];[];[];[];[];[];0;0;0;;;;False;0;0;0;;;;False;ControlType.UNKNOWN;0;[('0x67c4', <Bool x2 != 0x0>, 'Taken'), ('0x67f4', <Bool ((LOAD_64[<BV64 x0 + 0x40>]_26 << 0x3d[7:0] | LShR(LOAD_64[<BV64 x0 + 0x40>]_26, 0x3)[7:0]) & 127) == 0>, 'Taken'), ('0x67fc', <Bool x2 > 0x7f>, 'Taken'), ('0x6810', <Bool True>, 'Taken')];"{'regs': ['<BV64 x0>', '<BV64 x2>'], 'indirect_regs': [""<BV64 x0>: ['0x40']""], 'direct_regs': ['<BV64 x2>'], 'mem': ['<BV64 x0 + 0x40>'], 'const_mem': []}";[];{'regs': [], 'indirect_regs': [], 'direct_regs': [], 'mem': [], 'const_mem': []};{'regs': ['<BV64 x0>'], 'indirect_regs': [], 'direct_regs': ['<BV64 x0>'], 'mem': [], 'const_mem': []};{'regs': ['<BV64 x0>', '<BV64 x2>'], 'indirect_regs': [], 'direct_regs': ['<BV64 x0>', '<BV64 x2>'], 'mem': ['<BV64 x0 + 0x40>'], 'const_mem': []};63.0;0.0;64.0;64.0;[];;;;BaseControlType.NO_BASE;BaseControlType.NO_BASE;BaseControlType.NO_BASE;4;BranchControlType.BRANCH_DEPENDS_ON_SECRET_VALUE;BranchControlType.BRANCH_INDEPENDENT_FROM_SECRET;25992;True;False;True;True;True;False;False;True;True;False;False;False;True;False;True;True;True;False;True;False;[];['has_valid_base'];True;False;True;True;True;False;False;True;True;False;False;False;True;False;True;True;True;False;True;False;[];['has_valid_base']
f422947d-b807-4a39-a746-ce6ecdf81644;SHA256Init@@LIBMD_0.0;0x640c;0x6434;0x0;TransmitterType.STORE;12;0;False;['0x640c'];<BV64 0x10 + x0>;64;[];[];['<BV64 x0>'];[];['<BV64 x0>'];[];[];0;18446744073709551615;18446744073709551615;1;;;True;0;18446744073709551615;18446744073709551615;1;;;True;ControlType.CONTROLLED;0;<BV64 0x10>;64;[];[];[];[];[];[];[];16.0;16.0;0.0;1.0;;;True;16.0;16.0;0.0;1.0;;;True;ControlType.NO_CONTROL;0;<BV64 0x10>;64;[];[];[];[];[];[];[];16;16;0;1.0;;;True;16.0;16.0;0.0;1.0;;;True;ControlType.NO_CONTROL;0;<BV64 x0>;64;[];[];['<BV64 x0>'];[];['<BV64 x0>'];[];[];0.0;1.8446744073709552e+19;18446744073709551615;1;;;True;0.0;1.8446744073709552e+19;18446744073709551615;1;;;True;ControlType.CONTROLLED;0;<BV64 x0>;64;[];[];['<BV64 x0>'];[];['<BV64 x0>'];[];[];0.0;1.8446744073709552e+19;1.8446744073709552e+19;1.0;;;True;0.0;1.8446744073709552e+19;1.8446744073709552e+19;1.0;;;True;ControlType.CONTROLLED;0;<BV64 x0>;64;[];[];[];[];[];[];[];0;0;0;;;;False;0;0;0;;;;False;ControlType.UNKNOWN;0;[];{'regs': [], 'indirect_regs': [], 'direct_regs': [], 'mem': [], 'const_mem': []};[];{'regs': [], 'indirect_regs': [], 'direct_regs': [], 'mem': [], 'const_mem': []};{'regs': ['<BV64 x0>'], 'indirect_regs': [], 'direct_regs': ['<BV64 x0>'], 'mem': [], 'const_mem': []};{'regs': ['<BV64 x0>'], 'indirect_regs': [], 'direct_regs': ['<BV64 x0>'], 'mem': [], 'const_mem': []};63.0;0.0;64.0;64.0;[];;;;BaseControlType.CONSTANT_BASE;BaseControlType.CONSTANT_BASE;BaseControlType.CONSTANT_BASE;0;BranchControlType.BRANCH_INDEPENDENT_FROM_SECRET;BranchControlType.BRANCH_INDEPENDENT_FROM_SECRET;25652;True;False;True;True;True;False;False;True;True;False;False;False;True;False;True;False;True;False;True;False;[];['has_valid_base'];True;False;True;True;True;False;False;True;True;False;False;False;True;False;True;False;True;False;True;False;[];['has_valid_base']
d2b20850-922c-4b5c-b920-b06d5bebf9a0;SHA1Init@@LIBMD_0.0;0x5be8;0x5c14;0x0;TransmitterType.STORE;13;0;False;['0x5be8'];<BV64 0x18 + x0>;64;[];[];['<BV64 x0>'];[];['<BV64 x0>'];[];[];0;18446744073709551615;18446744073709551615;1;;;True;0;18446744073709551615;18446744073709551615;1;;;True;ControlType.CONTROLLED;0;<BV64 0x18>;64;[];[];[];[];[];[];[];24.0;24.0;0.0;1.0;;;True;24.0;24.0;0.0;1.0;;;True;ControlType.NO_CONTROL;0;<BV64 0x18>;64;[];[];[];[];[];[];[];24;24;0;1.0;;;True;24.0;24.0;0.0;1.0;;;True;ControlType.NO_CONTROL;0;<BV64 x0>;64;[];[];['<BV64 x0>'];[];['<BV64 x0>'];[];[];0.0;1.8446744073709552e+19;18446744073709551615;1;;;True;0.0;1.8446744073709552e+19;18446744073709551615;1;;;True;ControlType.CONTROLLED;0;<BV64 x0>;64;[];[];['<BV64 x0>'];[];['<BV64 x0>'];[];[];0.0;1.8446744073709552e+19;1.8446744073709552e+19;1.0;;;True;0.0;1.8446744073709552e+19;1.8446744073709552e+19;1.0;;;True;ControlType.CONTROLLED;0;<BV64 x0>;64;[];[];[];[];[];[];[];0;0;0;;;;False;0;0;0;;;;False;ControlType.UNKNOWN;0;[];{'regs': [], 'indirect_regs': [], 'direct_regs': [], 'mem': [], 'const_mem': []};[];{'regs': [], 'indirect_regs': [], 'direct_regs': [], 'mem': [], 'const_mem': []};{'regs': ['<BV64 x0>'], 'indirect_regs': [], 'direct_regs': ['<BV64 x0>'], 'mem': [], 'const_mem': []};{'regs': ['<BV64 x0>'], 'indirect_regs': [], 'direct_regs': ['<BV64 x0>'], 'mem': [], 'const_mem': []};63.0;0.0;64.0;64.0;[];;;;BaseControlType.CONSTANT_BASE;BaseControlType.CONSTANT_BASE;BaseControlType.CONSTANT_BASE;0;BranchControlType.BRANCH_INDEPENDENT_FROM_SECRET;BranchControlType.BRANCH_INDEPENDENT_FROM_SECRET;23572;True;False;True;True;True;False;False;True;True;False;False;False;True;False;True;False;True;False;True;False;[];['has_valid_base'];True;False;True;True;True;False;False;True;True;False;False;False;True;False;True;False;True;False;True;False;[];['has_valid_base']
2ffc3e3f-e8e6-4238-84ff-a485839c1f9a;SHA256Transform@@LIBMD_0.0;0x5ec0;0x5f00;0x0;TransmitterType.LOAD;17;0;False;['0x5ec0'];<BV64 0x8 + x0>;64;[];[];['<BV64 x0>'];[];['<BV64 x0>'];[];[];0;18446744073709551615;18446744073709551615;1;;;True;0;18446744073709551615;18446744073709551615;1;;;True;ControlType.CONTROLLED;0;<BV64 0x8>;64;[];[];[];[];[];[];[];8.0;8.0;0.0;1.0;;;True;8.0;8.0;0.0;1.0;;;True;ControlType.NO_CONTROL;0;<BV64 0x8>;64;[];[];[];[];[];[];[];8;8;0;1.0;;;True;8.0;8.0;0.0;1.0;;;True;ControlType.NO_CONTROL;0;<BV64 x0>;64;[];[];['<BV64 x0>'];[];['<BV64 x0>'];[];[];0.0;1.8446744073709552e+19;18446744073709551615;1;;;True;0.0;1.8446744073709552e+19;18446744073709551615;1;;;True;ControlType.CONTROLLED;0;<BV64 x0>;64;[];[];['<BV64 x0>'];[];['<BV64 x0>'];[];[];0.0;1.8446744073709552e+19;1.8446744073709552e+19;1.0;;;True;0.0;1.8446744073709552e+19;1.8446744073709552e+19;1.0;;;True;ControlType.CONTROLLED;0;<BV64 x0>;64;[];[];[];[];[];[];[];0;0;0;;;;False;0;0;0;;;;False;ControlType.UNKNOWN;0;[];{'regs': [], 'indirect_regs': [], 'direct_regs': [], 'mem': [], 'const_mem': []};[];{'regs': [], 'indirect_regs': [], 'direct_regs': [], 'mem': [], 'const_mem': []};{'regs': ['<BV64 x0>'], 'indirect_regs': [], 'direct_regs': ['<BV64 x0>'], 'mem': [], 'const_mem': []};{'regs': ['<BV64 x0>'], 'indirect_regs': [], 'direct_regs': ['<BV64 x0>'], 'mem': [], 'const_mem': []};63.0;0.0;64.0;64.0;['<Bool LOAD_128[<BV64 x0>]_23[31:0] == LOAD_32[<BV64 x0>]_25>', '<Bool LOAD_128[<BV64 x0>]_23[63:32] == LOAD_32[<BV64 x0 + 0x4>]_26>'];;;;BaseControlType.CONSTANT_BASE;BaseControlType.CONSTANT_BASE;BaseControlType.CONSTANT_BASE;0;BranchControlType.BRANCH_INDEPENDENT_FROM_SECRET;BranchControlType.BRANCH_INDEPENDENT_FROM_SECRET;24320;True;False;True;True;True;False;False;True;True;False;False;False;True;False;True;False;True;False;True;False;[];['has_valid_base'];True;False;True;True;True;False;False;True;True;False;False;False;True;False;True;False;True;False;True;False;[];['has_valid_base']
26a6765a-8038-4cb0-a849-0cc390b58c50;SHA224Transform@@LIBMD_0.1;0x5ec0;0x5eec;0x0;TransmitterType.LOAD;12;0;False;['0x5ec0'];<BV64 x0>;64;[];[];['<BV64 x0>'];[];['<BV64 x0>'];[];[];0;18446744073709551615;18446744073709551615;1;;;True;0;18446744073709551615;18446744073709551615;1;;;True;ControlType.CONTROLLED;0;;0;[];[];[];[];[];[];[];0.0;0.0;0.0;0.0;;;False;0.0;0.0;0.0;0.0;;;False;ControlType.UNKNOWN;0;;0;[];[];[];[];[];[];[];0;0;0;;;;False;0.0;0.0;0.0;0.0;;;False;ControlType.UNKNOWN;0;<BV64 x0>;64;[];[];['<BV64 x0>'];[];['<BV64 x0>'];[];[];0.0;1.8446744073709552e+19;18446744073709551615;1;;;True;0.0;1.8446744073709552e+19;18446744073709551615;1;;;True;ControlType.CONTROLLED;0;<BV64 x0>;64;[];[];['<BV64 x0>'];[];['<BV64 x0>'];[];[];0.0;1.8446744073709552e+19;1.8446744073709552e+19;1.0;;;True;0.0;1.8446744073709552e+19;1.8446744073709552e+19;1.0;;;True;ControlType.CONTROLLED;0;<BV64 x0>;64;[];[];[];[];[];[];[];0;0;0;;;;False;0;0;0;;;;False;ControlType.UNKNOWN;0;[];{'regs': [], 'indirect_regs': [], 'direct_regs': [], 'mem': [], 'const_mem': []};[];{'regs': [], 'indirect_regs': [], 'direct_regs': [], 'mem': [], 'const_mem': []};{'regs': ['<BV64 x0>'], 'indirect_regs': [], 'direct_regs': ['<BV64 x0>'], 'mem': [], 'const_mem': []};{'regs': ['<BV64 x0>'], 'indirect_regs': [], 'direct_regs': ['<BV64 x0>'], 'mem': [], 'const_mem': []};63.0;0.0;64.0;64.0;['<Bool LOAD_128[<BV64 x0>]_23[31:0] == LOAD_32[<BV64 x0>]_25>'];;;;BaseControlType.NO_BASE;BaseControlType.NO_BASE;BaseControlType.NO_BASE;0;BranchControlType.BRANCH_INDEPENDENT_FROM_SECRET;BranchControlType.BRANCH_INDEPENDENT_FROM_SECRET;24300;True;False;True;True;True;False;False;True;True;False;False;False;True;False;True;False;True;False;True;False;[];['has_valid_base'];True;False;True;True;True;False;False;True;True;False;False;False;True;False;True;False;True;False;True;False;[];['has_valid_base']
67860324-9aa9-4097-8830-0e5eaf67edde;SHA224Final@@LIBMD_0.1;0x6380;0x6290;0x6274;TransmitterType.STORE;21;1;False;['0x6380', '0x6260', '0x6280'];<BV64 0x50 + x1 + (0#58 .. LOAD_64[<BV64 x1 + 0x40>]_28[8:3])>;64;[('0x627c', <Bool ((LOAD_64[<BV64 x1 + 0x40>]_28[31:0] << 0x1d[7:0] | LShR(LOAD_64[<BV64 x1 + 0x40>]_28[31:0], 0x3)[7:0]) & 63) != 0>, 'Taken')];[];['<BV64 x1>'];[];['<BV64 x1>'];['<BV64 x1 + 0x40>'];[];0;18446744073709551615;18446744073709551615;1;;;True;0;18446744073709551615;18446744073709551615;1;;;False;ControlType.CONTROLLED;1;<BV64 0x50 + x1>;64;[];[];['<BV64 x1>'];[];['<BV64 x1>'];[];[];0.0;1.8446744073709552e+19;1.8446744073709552e+19;1.0;;;True;0.0;1.8446744073709552e+19;1.8446744073709552e+19;1.0;;;True;ControlType.CONTROLLED;0;<BV64 0x50>;64;[];[];[];[];[];[];[];80;80;0;1.0;;;True;80.0;80.0;0.0;1.0;;;True;ControlType.NO_CONTROL;0;<BV64 0#58 .. LOAD_64[<BV64 x1 + 0x40>]_28[8:3]>;64;[('0x627c', <Bool ((LOAD_64[<BV64 x1 + 0x40>]_28[31:0] << 0x1d[7:0] | LShR(LOAD_64[<BV64 x1 + 0x40>]_28[31:0], 0x3)[7:0]) & 63) != 0>, 'Taken')];[];['<BV64 x1>'];"[""<BV64 x1>: ['0x40']""]";[];['<BV64 x1 + 0x40>'];[];0.0;63.0;63;1;;;True;1.0;63.0;62;1;;;True;ControlType.CONTROLLED;1;<BV64 x1 + 0x40>;64;[];[];['<BV64 x1>'];[];['<BV64 x1>'];[];[];0.0;1.8446744073709552e+19;1.8446744073709552e+19;1.0;;;True;0.0;1.8446744073709552e+19;1.8446744073709552e+19;1.0;;;True;ControlType.CONTROLLED;0;<BV64 LOAD_64[<BV64 x1 + 0x40>]_28>;64;[];[];[];[];[];[];[];0;0;0;;;;False;0;0;0;;;;False;ControlType.UNKNOWN;1;[('0x627c', <Bool ((LOAD_64[<BV64 x1 + 0x40>]_28[31:0] << 0x1d[7:0] | LShR(LOAD_64[<BV64 x1 + 0x40>]_28[31:0], 0x3)[7:0]) & 63) != 0>, 'Taken'), ('0x639c', <Bool True>, 'Taken')];"{'regs': ['<BV64 x1>'], 'indirect_regs': [""<BV64 x1>: ['0x40']""], 'direct_regs': [], 'mem': ['<BV64 x1 + 0x40>'], 'const_mem': []}";[];{'regs': [], 'indirect_regs': [], 'direct_regs': [], 'mem': [], 'const_mem': []};{'regs': ['<BV64 x1>'], 'indirect_regs': [], 'direct_regs': ['<BV64 x1>'], 'mem': ['<BV64 x1 + 0x40>'], 'const_mem': []};{'regs': ['<BV64 x1>'], 'indirect_regs': [], 'direct_regs': ['<BV64 x1>'], 'mem': ['<BV64 x1 + 0x40>'], 'const_mem': []};5.0;0.0;6.0;6.0;[];;<BV64 x1>;;BaseControlType.BASE_DEPENDS_ON_SECRET_ADDR;BaseControlType.BASE_DEPENDS_ON_SECRET_ADDR;BaseControlType.BASE_DEPENDS_ON_SECRET_ADDR;2;BranchControlType.BRANCH_DEPENDS_ON_SECRET_VALUE;BranchControlType.BRANCH_INDEPENDENT_FROM_SECRET;25232;True;True;True;True;True;True;False;False;True;False;True;False;True;True;False;True;True;False;True;False;[];['secret_below_cache_granularity', 'base_has_direct_secret_dependency'];True;True;True;True;True;True;False;False;True;False;True;False;True;True;False;True;True;False;True;False;[];['secret_below_cache_granularity', 'base_has_direct_secret_dependency']
9a4372c9-cb20-4705-aac8-6660a566e449;SHA256End@@LIBMD_0.0;0x80c4;0x6290;0x0;TransmitterType.STORE;37;1;False;['0x80c4', '0x80f8', '0x6460', '0x6260', '0x6280'];<BV64 0x50 + x0 + (0#58 .. LOAD_64[<BV64 x0 + 0x40>]_35[8:3])>;64;[('0x627c', <Bool ((LOAD_64[<BV64 x0 + 0x40>]_35[31:0] << 0x1d[7:0] | LShR(LOAD_64[<BV64 x0 + 0x40>]_35[31:0], 0x3)[7:0]) & 63) != 0>, 'Taken')];[];['<BV64 x0>'];[];['<BV64 x0>'];['<BV64 x0 + 0x40>'];[];0;18446744073709551615;18446744073709551615;1;;;True;0;18446744073709551615;18446744073709551615;1;;;False;ControlType.CONTROLLED;1;<BV64 0x50>;64;[];[];[];[];[];[];[];80.0;80.0;0.0;1.0;;;True;80.0;80.0;0.0;1.0;;;True;ControlType.NO_CONTROL;0;<BV64 0x50>;64;[];[];[];[];[];[];[];80;80;0;1.0;;;True;80.0;80.0;0.0;1.0;;;True;ControlType.NO_CONTROL;0;<BV64 x0 + (0#58 .. LOAD_64[<BV64 x0 + 0x40>]_35[8:3])>;64;[('0x627c', <Bool ((LOAD_64[<BV64 x0 + 0x40>]_35[31:0] << 0x1d[7:0] | LShR(LOAD_64[<BV64 x0 + 0x40>]_35[31:0], 0x3)[7:0]) & 63) != 0>, 'Taken')];[];['<BV64 x0>'];[];['<BV64 x0>'];['<BV64 x0 + 0x40>'];[];0.0;1.8446744073709552e+19;18446744073709551615;1;;;True;0.0;1.8446744073709552e+19;18446744073709551615;1;;;False;ControlType.CONTROLLED;1;<BV64 x0>;64;[];[];['<BV64 x0>'];[];['<BV64 x0>'];[];[];0.0;1.8446744073709552e+19;1.8446744073709552e+19;1.0;;;True;0.0;1.8446744073709552e+19;1.8446744073709552e+19;1.0;;;True;ControlType.CONTROLLED;0;<BV64 x0>;64;[];[];[];[];[];[];[];0;0;0;;;;False;0;0;0;;;;False;ControlType.UNKNOWN;0;[('0x627c', <Bool ((LOAD_64[<BV64 x0 + 0x40>]_35[31:0] << 0x1d[7:0] | LShR(LOAD_64[<BV64 x0 + 0x40>]_35[31:0], 0x3)[7:0]) & 63) != 0>, 'Taken'), ('0x647c', <Bool True>, 'Taken'), ('0x80f4', <Bool x1 != 0x0>, 'Taken'), ('0x8100', <Bool True>, 'Taken')];"{'regs': ['<BV64 x0>', '<BV64 x1>'], 'indirect_regs': [""<BV64 x0>: ['0x40']""], 'direct_regs': ['<BV64 x1>'], 'mem': ['<BV64 x0 + 0x40>'], 'const_mem': []}";[];{'regs': [], 'indirect_regs': [], 'direct_regs': [], 'mem': [], 'const_mem': []};{'regs': ['<BV64 x0>'], 'indirect_regs': [], 'direct_regs': ['<BV64 x0>'], 'mem': ['<BV64 x0 + 0x40>'], 'const_mem': []};{'regs': ['<BV64 x0>', '<BV64 x1>'], 'indirect_regs': [], 'direct_regs': ['<BV64 x0>', '<BV64 x1>'], 'mem': ['<BV64 x0 + 0x40>'], 'const_mem': []};63.0;0.0;64.0;64.0;[];;;;BaseControlType.CONSTANT_BASE;BaseControlType.CONSTANT_BASE;BaseControlType.CONSTANT_BASE;4;BranchControlType.BRANCH_DEPENDS_ON_SECRET_VALUE;BranchControlType.BRANCH_INDEPENDENT_FROM_SECRET;25232;True;False;True;True;True;False;False;True;True;False;False;False;True;False;True;True;True;False;True;False;[];['has_valid_base'];True;False;True;True;True;False;False;True;True;False;False;False;True;False;True;True;True;False;True;False;[];['has_valid_base']
e080a8b0-bfca-4f11-9880-4aaa58f35008;MD5End@@LIBMD_0.0;0x7420;0x3140;0x0;TransmitterType.STORE;64;0;False;['0x7420', '0x7454', '0x32b0', '0x3208', '0x3108'];<BV64 0x10 + x0>;64;[];[];['<BV64 x0>'];[];['<BV64 x0>'];[];[];0;18446744073709551615;18446744073709551615;1;;;True;0;18446744073709551615;18446744073709551615;1;;;True;ControlType.CONTROLLED;0;<BV64 0x10>;64;[];[];[];[];[];[];[];16.0;16.0;0.0;1.0;;;True;16.0;16.0;0.0;1.0;;;True;ControlType.NO_CONTROL;0;<BV64 0x10>;64;[];[];[];[];[];[];[];16;16;0;1.0;;;True;16.0;16.0;0.0;1.0;;;True;ControlType.NO_CONTROL;0;<BV64 x0>;64;[];[];['<BV64 x0>'];[];['<BV64 x0>'];[];[];0.0;1.8446744073709552e+19;18446744073709551615;1;;;True;0.0;1.8446744073709552e+19;18446744073709551615;1;;;True;ControlType.CONTROLLED;0;<BV64 x0>;64;[];[];['<BV64 x0>'];[];['<BV64 x0>'];[];[];0.0;1.8446744073709552e+19;1.8446744073709552e+19;1.0;;;True;0.0;1.8446744073709552e+19;1.8446744073709552e+19;1.0;;;True;ControlType.CONTROLLED;0;<BV64 x0>;64;[];[];[];[];[];[];[];0;0;0;;;;False;0;0;0;;;;False;ControlType.UNKNOWN;0;[('0x3268', <Bool True>, 'Taken'), ('0x32cc', <Bool True>, 'Taken'), ('0x7450', <Bool x1 != 0x0>, 'Taken'), ('0x745c', <Bool True>, 'Taken')];{'regs': ['<BV64 x1>'], 'indirect_regs': [], 'direct_regs': ['<BV64 x1>'], 'mem': [], 'const_mem': []};[];{'regs': [], 'indirect_regs': [], 'direct_regs': [], 'mem': [], 'const_mem': []};{'regs': ['<BV64 x0>'], 'indirect_regs': [], 'direct_regs': ['<BV64 x0>'], 'mem': [], 'const_mem': []};{'regs': ['<BV64 x0>', '<BV64 x1>'], 'indirect_regs': [], 'direct_regs': ['<BV64 x0>', '<BV64 x1>'], 'mem': [], 'const_mem': []};63.0;0.0;64.0;64.0;[];;;;BaseControlType.CONSTANT_BASE;BaseControlType.CONSTANT_BASE;BaseControlType.CONSTANT_BASE;4;BranchControlType.BRANCH_INDEPENDENT_FROM_SECRET;BranchControlType.BRANCH_INDEPENDENT_FROM_SECRET;12608;True;False;True;True;True;False;False;True;True;False;False;False;True;False;True;False;True;False;True;False;[];['has_valid_base'];True;False;True;True;True;False;False;True;True;False;False;False;True;False;True;False;True;False;True;False;[];['has_valid_base']
e00ef535-e476-4210-a38f-f46ff2851dfb;SHA384Transform@@LIBMD_0.0;0x6544;0x658c;0x0;TransmitterType.LOAD;19;0;False;['0x6544'];<BV64 0x10 + x0>;64;[];[];['<BV64 x0>'];[];['<BV64 x0>'];[];[];0;18446744073709551615;18446744073709551615;1;;;True;0;18446744073709551615;18446744073709551615;1;;;True;ControlType.CONTROLLED;0;<BV64 0x10>;64;[];[];[];[];[];[];[];16.0;16.0;0.0;1.0;;;True;16.0;16.0;0.0;1.0;;;True;ControlType.NO_CONTROL;0;<BV64 0x10>;64;[];[];[];[];[];[];[];16;16;0;1.0;;;True;16.0;16.0;0.0;1.0;;;True;ControlType.NO_CONTROL;0;<BV64 x0>;64;[];[];['<BV64 x0>'];[];['<BV64 x0>'];[];[];0.0;1.8446744073709552e+19;18446744073709551615;1;;;True;0.0;1.8446744073709552e+19;18446744073709551615;1;;;True;ControlType.CONTROLLED;0;<BV64 x0>;64;[];[];['<BV64 x0>'];[];['<BV64 x0>'];[];[];0.0;1.8446744073709552e+19;1.8446744073709552e+19;1.0;;;True;0.0;1.8446744073709552e+19;1.8446744073709552e+19;1.0;;;True;ControlType.CONTROLLED;0;<BV64 x0>;64;[];[];[];[];[];[];[];0;0;0;;;;False;0;0;0;;;;False;ControlType.UNKNOWN;0;[];{'regs': [], 'indirect_regs': [], 'direct_regs': [], 'mem': [], 'const_mem': []};[];{'regs': [], 'indirect_regs': [], 'direct_regs': [], 'mem': [], 'const_mem': []};{'regs': ['<BV64 x0>'], 'indirect_regs': [], 'direct_regs': ['<BV64 x0>'], 'mem': [], 'const_mem': []};{'regs': ['<BV64 x0>'], 'indirect_regs': [], 'direct_regs': ['<BV64 x0>'], 'mem': [], 'const_mem': []};63.0;0.0;64.0;64.0;[];;;;BaseControlType.CONSTANT_BASE;BaseControlType.CONSTANT_BASE;BaseControlType.CONSTANT_BASE;0;BranchControlType.BRANCH_INDEPENDENT_FROM_SECRET;BranchControlType.BRANCH_INDEPENDENT_FROM_SECRET;25996;True;False;True;True;True;False;False;True;True;False;False;False;True;False;True;False;True;False;True;False;[];['has_valid_base'];True;False;True;True;True;False;False;True;True;False;False;False;True;False;True;False;True;False;True;False;[];['has_valid_base']
0ef310ec-d3ad-492a-9476-9466ba783fae;SHA512Init@@LIBMD_0.0;0x64ec;0x6524;0x0;TransmitterType.STORE;16;0;False;['0x64ec'];<BV64 0x70 + x0>;64;[];[];['<BV64 x0>'];[];['<BV64 x0>'];[];[];0;18446744073709551615;18446744073709551615;1;;;True;0;18446744073709551615;18446744073709551615;1;;;True;ControlType.CONTROLLED;0;<BV64 0x70>;64;[];[];[];[];[];[];[];112.0;112.0;0.0;1.0;;;True;112.0;112.0;0.0;1.0;;;True;ControlType.NO_CONTROL;0;<BV64 0x70>;64;[];[];[];[];[];[];[];112;112;0;1.0;;;True;112.0;112.0;0.0;1.0;;;True;ControlType.NO_CONTROL;0;<BV64 x0>;64;[];[];['<BV64 x0>'];[];['<BV64 x0>'];[];[];0.0;1.8446744073709552e+19;18446744073709551615;1;;;True;0.0;1.8446744073709552e+19;18446744073709551615;1;;;True;ControlType.CONTROLLED;0;<BV64 x0>;64;[];[];['<BV64 x0>'];[];['<BV64 x0>'];[];[];0.0;1.8446744073709552e+19;1.8446744073709552e+19;1.0;;;True;0.0;1.8446744073709552e+19;1.8446744073709552e+19;1.0;;;True;ControlType.CONTROLLED;0;<BV64 x0>;64;[];[];[];[];[];[];[];0;0;0;;;;False;0;0;0;;;;False;ControlType.UNKNOWN;0;[];{'regs': [], 'indirect_regs': [], 'direct_regs': [], 'mem': [], 'const_mem': []};[];{'regs': [], 'indirect_regs': [], 'direct_regs': [], 'mem': [], 'const_mem': []};{'regs': ['<BV64 x0>'], 'indirect_regs': [], 'direct_regs': ['<BV64 x0>'], 'mem': [], 'const_mem': []};{'regs': ['<BV64 x0>'], 'indirect_regs': [], 'direct_regs': ['<BV64 x0>'], 'mem': [], 'const_mem': []};63.0;0.0;64.0;64.0;[];;;;BaseControlType.CONSTANT_BASE;BaseControlType.CONSTANT_BASE;BaseControlType.CONSTANT_BASE;0;BranchControlType.BRANCH_INDEPENDENT_FROM_SECRET;BranchControlType.BRANCH_INDEPENDENT_FROM_SECRET;25892;True;False;True;True;True;False;False;True;True;False;False;False;True;False;True;False;True;False;True;False;[];['has_valid_base'];True;False;True;True;True;False;False;True;True;False;False;False;True;False;True;False;True;False;True;False;[];['has_valid_base']
a0f78de5-5d6f-4941-aa2c-a1306198fa8d;SHA384Pad@@LIBMD_0.0;0x6920;0x6588;0x0;TransmitterType.LOAD;39;0;False;['0x6920', '0x6940', '0x695c', '0x697c', '0x6544'];<BV64 x0>;64;[];[];['<BV64 x0>'];[];['<BV64 x0>'];[];[];0;18446744073709551615;18446744073709551615;1;;;True;0;18446744073709551615;18446744073709551615;1;;;True;ControlType.CONTROLLED;0;;0;[];[];[];[];[];[];[];0.0;0.0;0.0;0.0;;;False;0.0;0.0;0.0;0.0;;;False;ControlType.UNKNOWN;0;;0;[];[];[];[];[];[];[];0;0;0;;;;False;0.0;0.0;0.0;0.0;;;False;ControlType.UNKNOWN;0;<BV64 x0>;64;[];[];['<BV64 x0>'];[];['<BV64 x0>'];[];[];0.0;1.8446744073709552e+19;18446744073709551615;1;;;True;0.0;1.8446744073709552e+19;18446744073709551615;1;;;True;ControlType.CONTROLLED;0;<BV64 x0>;64;[];[];['<BV64 x0>'];[];['<BV64 x0>'];[];[];0.0;1.8446744073709552e+19;1.8446744073709552e+19;1.0;;;True;0.0;1.8446744073709552e+19;1.8446744073709552e+19;1.0;;;True;ControlType.CONTROLLED;0;<BV64 x0>;64;[];[];[];[];[];[];[];0;0;0;;;;False;0;0;0;;;;False;ControlType.UNKNOWN;0;[('0x693c', <Bool ((LOAD_64[<BV64 x0 + 0x40>]_24[31:0] << 0x1d[7:0] | LShR(LOAD_64[<BV64 x0 + 0x40>]_24[31:0], 0x3)[7:0]) & 127) != 0>, 'Taken'), ('0x6958', <Bool (0x0 .. LOAD_64[<BV64 x0 + 0x40>]_24[9:3]) + 0x1 > 0x70>, 'Taken'), ('0x6960', <Bool 0x1 + (0x0 .. LOAD_64[<BV64 x0 + 0x40>]_24[9:3]) == 0x80>, 'Taken'), ('0x6988', <Bool True>, 'Taken')];"{'regs': ['<BV64 x0>'], 'indirect_regs': [""<BV64 x0>: ['0x40', '0x40', '0x40']""], 'direct_regs': [], 'mem': ['<BV64 x0 + 0x40>'], 'const_mem': []}";[];{'regs': [], 'indirect_regs': [], 'direct_regs': [], 'mem': [], 'const_mem': []};{'regs': ['<BV64 x0>'], 'indirect_regs': [], 'direct_regs': ['<BV64 x0>'], 'mem': [], 'const_mem': []};{'regs': ['<BV64 x0>'], 'indirect_regs': [], 'direct_regs': ['<BV64 x0>'], 'mem': ['<BV64 x0 + 0x40>'], 'const_mem': []};63.0;0.0;64.0;64.0;[];;;;BaseControlType.NO_BASE;BaseControlType.NO_BASE;BaseControlType.NO_BASE;4;BranchControlType.BRANCH_DEPENDS_ON_SECRET_VALUE;BranchControlType.BRANCH_INDEPENDENT_FROM_SECRET;25992;True;False;True;True;True;False;False;True;True;False;False;False;True;False;True;True;True;False;True;False;[];['has_valid_base'];True;False;True;True;True;False;False;True;True;False;False;False;True;False;True;True;True;False;True;False;[];['has_valid_base']
036215c8-a31e-49da-9d04-48f865fd41d9;MD4Transform@@LIBMD_0.0;0x1de0;0x1e38;0x0;TransmitterType.LOAD;23;0;False;['0x1de0'];<BV64 0x4 + x0>;64;[];[];['<BV64 x0>'];[];['<BV64 x0>'];[];[];0;18446744073709551615;18446744073709551615;1;;;True;0;18446744073709551615;18446744073709551615;1;;;True;ControlType.CONTROLLED;0;<BV64 0x4>;64;[];[];[];[];[];[];[];4.0;4.0;0.0;1.0;;;True;4.0;4.0;0.0;1.0;;;True;ControlType.NO_CONTROL;0;<BV64 0x4>;64;[];[];[];[];[];[];[];4;4;0;1.0;;;True;4.0;4.0;0.0;1.0;;;True;ControlType.NO_CONTROL;0;<BV64 x0>;64;[];[];['<BV64 x0>'];[];['<BV64 x0>'];[];[];0.0;1.8446744073709552e+19;18446744073709551615;1;;;True;0.0;1.8446744073709552e+19;18446744073709551615;1;;;True;ControlType.CONTROLLED;0;<BV64 x0>;64;[];[];['<BV64 x0>'];[];['<BV64 x0>'];[];[];0.0;1.8446744073709552e+19;1.8446744073709552e+19;1.0;;;True;0.0;1.8446744073709552e+19;1.8446744073709552e+19;1.0;;;True;ControlType.CONTROLLED;0;<BV64 x0>;64;[];[];[];[];[];[];[];0;0;0;;;;False;0;0;0;;;;False;ControlType.UNKNOWN;0;[];{'regs': [], 'indirect_regs': [], 'direct_regs': [], 'mem': [], 'const_mem': []};[];{'regs': [], 'indirect_regs': [], 'direct_regs': [], 'mem': [], 'const_mem': []};{'regs': ['<BV64 x0>'], 'indirect_regs': [], 'direct_regs': ['<BV64 x0>'], 'mem': [], 'const_mem': []};{'regs': ['<BV64 x0>'], 'indirect_regs': [], 'direct_regs': ['<BV64 x0>'], 'mem': [], 'const_mem': []};63.0;0.0;64.0;64.0;[];;;;BaseControlType.CONSTANT_BASE;BaseControlType.CONSTANT_BASE;BaseControlType.CONSTANT_BASE;0;BranchControlType.BRANCH_INDEPENDENT_FROM_SECRET;BranchControlType.BRANCH_INDEPENDENT_FROM_SECRET;7736;True;False;True;True;True;False;False;True;True;False;False;False;True;False;True;False;True;False;True;False;[];['has_valid_base'];True;False;True;True;True;False;False;True;True;False;False;False;True;False;True;False;True;False;True;False;[];['has_valid_base']
01b69d2e-e9a9-4ddb-b363-21fa5c29f5a1;SHA512_256Init@@LIBMD_0.1;0x6c80;0x6cb8;0x0;TransmitterType.STORE;16;0;False;['0x6c80'];<BV64 0x70 + x0>;64;[];[];['<BV64 x0>'];[];['<BV64 x0>'];[];[];0;18446744073709551615;18446744073709551615;1;;;True;0;18446744073709551615;18446744073709551615;1;;;True;ControlType.CONTROLLED;0;<BV64 0x70>;64;[];[];[];[];[];[];[];112.0;112.0;0.0;1.0;;;True;112.0;112.0;0.0;1.0;;;True;ControlType.NO_CONTROL;0;<BV64 0x70>;64;[];[];[];[];[];[];[];112;112;0;1.0;;;True;112.0;112.0;0.0;1.0;;;True;ControlType.NO_CONTROL;0;<BV64 x0>;64;[];[];['<BV64 x0>'];[];['<BV64 x0>'];[];[];0.0;1.8446744073709552e+19;18446744073709551615;1;;;True;0.0;1.8446744073709552e+19;18446744073709551615;1;;;True;ControlType.CONTROLLED;0;<BV64 x0>;64;[];[];['<BV64 x0>'];[];['<BV64 x0>'];[];[];0.0;1.8446744073709552e+19;1.8446744073709552e+19;1.0;;;True;0.0;1.8446744073709552e+19;1.8446744073709552e+19;1.0;;;True;ControlType.CONTROLLED;0;<BV64 x0>;64;[];[];[];[];[];[];[];0;0;0;;;;False;0;0;0;;;;False;ControlType.UNKNOWN;0;[];{'regs': [], 'indirect_regs': [], 'direct_regs': [], 'mem': [], 'const_mem': []};[];{'regs': [], 'indirect_regs': [], 'direct_regs': [], 'mem': [], 'const_mem': []};{'regs': ['<BV64 x0>'], 'indirect_regs': [], 'direct_regs': ['<BV64 x0>'], 'mem': [], 'const_mem': []};{'regs': ['<BV64 x0>'], 'indirect_regs': [], 'direct_regs': ['<BV64 x0>'], 'mem': [], 'const_mem': []};63.0;0.0;64.0;64.0;[];;;;BaseControlType.CONSTANT_BASE;BaseControlType.CONSTANT_BASE;BaseControlType.CONSTANT_BASE;0;BranchControlType.BRANCH_INDEPENDENT_FROM_SECRET;BranchControlType.BRANCH_INDEPENDENT_FROM_SECRET;27832;True;False;True;True;True;False;False;True;True;False;False;False;True;False;True;False;True;False;True;False;[];['has_valid_base'];True;False;True;True;True;False;False;True;True;False;False;False;True;False;True;False;True;False;True;False;[];['has_valid_base']
e494dce5-2fc7-4aeb-b56c-0b16eb38bc59;SHA224Transform@@LIBMD_0.1;0x5ec0;0x5eec;0x0;TransmitterType.LOAD;12;0;False;['0x5ec0'];<BV64 0x4 + x0>;64;[];[];['<BV64 x0>'];[];['<BV64 x0>'];[];[];0;18446744073709551615;18446744073709551615;1;;;True;0;18446744073709551615;18446744073709551615;1;;;True;ControlType.CONTROLLED;0;<BV64 0x4>;64;[];[];[];[];[];[];[];4.0;4.0;0.0;1.0;;;True;4.0;4.0;0.0;1.0;;;True;ControlType.NO_CONTROL;0;<BV64 0x4>;64;[];[];[];[];[];[];[];4;4;0;1.0;;;True;4.0;4.0;0.0;1.0;;;True;ControlType.NO_CONTROL;0;<BV64 x0>;64;[];[];['<BV64 x0>'];[];['<BV64 x0>'];[];[];0.0;1.8446744073709552e+19;18446744073709551615;1;;;True;0.0;1.8446744073709552e+19;18446744073709551615;1;;;True;ControlType.CONTROLLED;0;<BV64 x0>;64;[];[];['<BV64 x0>'];[];['<BV64 x0>'];[];[];0.0;1.8446744073709552e+19;1.8446744073709552e+19;1.0;;;True;0.0;1.8446744073709552e+19;1.8446744073709552e+19;1.0;;;True;ControlType.CONTROLLED;0;<BV64 x0>;64;[];[];[];[];[];[];[];0;0;0;;;;False;0;0;0;;;;False;ControlType.UNKNOWN;0;[];{'regs': [], 'indirect_regs': [], 'direct_regs': [], 'mem': [], 'const_mem': []};[];{'regs': [], 'indirect_regs': [], 'direct_regs': [], 'mem': [], 'const_mem': []};{'regs': ['<BV64 x0>'], 'indirect_regs': [], 'direct_regs': ['<BV64 x0>'], 'mem': [], 'const_mem': []};{'regs': ['<BV64 x0>'], 'indirect_regs': [], 'direct_regs': ['<BV64 x0>'], 'mem': [], 'const_mem': []};63.0;0.0;64.0;64.0;['<Bool LOAD_128[<BV64 x0>]_23[31:0] == LOAD_32[<BV64 x0>]_25>', '<Bool LOAD_128[<BV64 x0>]_23[63:32] == LOAD_32[<BV64 x0 + 0x4>]_26>'];;;;BaseControlType.CONSTANT_BASE;BaseControlType.CONSTANT_BASE;BaseControlType.CONSTANT_BASE;0;BranchControlType.BRANCH_INDEPENDENT_FROM_SECRET;BranchControlType.BRANCH_INDEPENDENT_FROM_SECRET;24300;True;False;True;True;True;False;False;True;True;False;False;False;True;False;True;False;True;False;True;False;[];['has_valid_base'];True;False;True;True;True;False;False;True;True;False;False;False;True;False;True;False;True;False;True;False;[];['has_valid_base']
32e028b8-d826-4c1b-a03a-700119564c27;RMD160Pad@@LIBMD_0.0;0x4ad0;0x4a04;0x0;TransmitterType.STORE;40;0;False;['0x4ad0', '0x49cc'];<BV64 0x18 + x0>;64;[];[];['<BV64 x0>'];[];['<BV64 x0>'];[];[];0;18446744073709551615;18446744073709551615;1;;;True;0;18446744073709551615;18446744073709551615;1;;;True;ControlType.CONTROLLED;0;<BV64 0x18>;64;[];[];[];[];[];[];[];24.0;24.0;0.0;1.0;;;True;24.0;24.0;0.0;1.0;;;True;ControlType.NO_CONTROL;0;<BV64 0x18>;64;[];[];[];[];[];[];[];24;24;0;1.0;;;True;24.0;24.0;0.0;1.0;;;True;ControlType.NO_CONTROL;0;<BV64 x0>;64;[];[];['<BV64 x0>'];[];['<BV64 x0>'];[];[];0.0;1.8446744073709552e+19;18446744073709551615;1;;;True;0.0;1.8446744073709552e+19;18446744073709551615;1;;;True;ControlType.CONTROLLED;0;<BV64 x0>;64;[];[];['<BV64 x0>'];[];['<BV64 x0>'];[];[];0.0;1.8446744073709552e+19;1.8446744073709552e+19;1.0;;;True;0.0;1.8446744073709552e+19;1.8446744073709552e+19;1.0;;;True;ControlType.CONTROLLED;0;<BV64 x0>;64;[];[];[];[];[];[];[];0;0;0;;;;False;0;0;0;;;;False;ControlType.UNKNOWN;0;[('0x4b30', <Bool True>, 'Taken')];{'regs': [], 'indirect_regs': [], 'direct_regs': [], 'mem': [], 'const_mem': []};[];{'regs': [], 'indirect_regs': [], 'direct_regs': [], 'mem': [], 'const_mem': []};{'regs': ['<BV64 x0>'], 'indirect_regs': [], 'direct_regs': ['<BV64 x0>'], 'mem': [], 'const_mem': []};{'regs': ['<BV64 x0>'], 'indirect_regs': [], 'direct_regs': ['<BV64 x0>'], 'mem': [], 'const_mem': []};63.0;0.0;64.0;64.0;[];;;;BaseControlType.CONSTANT_BASE;BaseControlType.CONSTANT_BASE;BaseControlType.CONSTANT_BASE;1;BranchControlType.BRANCH_INDEPENDENT_FROM_SECRET;BranchControlType.BRANCH_INDEPENDENT_FROM_SECRET;18948;True;False;True;True;True;False;False;True;True;False;False;False;True;False;True;False;True;False;True;False;[];['has_valid_base'];True;False;True;True;True;False;False;True;True;False;False;False;True;False;True;False;True;False;True;False;[];['has_valid_base']
b0627ad0-a754-4b8d-9e96-5c2993610672;MD5Update@@LIBMD_0.0;0x3108;0x26f8;0x0;TransmitterType.LOAD;55;0;False;['0x3108', '0x314c', '0x3150', '0x3158', '0x2688'];<BV64 0xc + x0>;64;[];[];['<BV64 x0>'];[];['<BV64 x0>'];[];[];0;18446744073709551615;18446744073709551615;1;;;True;0;18446744073709551615;18446744073709551615;1;;;True;ControlType.CONTROLLED;0;<BV64 0xc>;64;[];[];[];[];[];[];[];12.0;12.0;0.0;1.0;;;True;12.0;12.0;0.0;1.0;;;True;ControlType.NO_CONTROL;0;<BV64 0xc>;64;[];[];[];[];[];[];[];12;12;0;1.0;;;True;12.0;12.0;0.0;1.0;;;True;ControlType.NO_CONTROL;0;<BV64 x0>;64;[];[];['<BV64 x0>'];[];['<BV64 x0>'];[];[];0.0;1.8446744073709552e+19;18446744073709551615;1;;;True;0.0;1.8446744073709552e+19;18446744073709551615;1;;;True;ControlType.CONTROLLED;0;<BV64 x0>;64;[];[];['<BV64 x0>'];[];['<BV64 x0>'];[];[];0.0;1.8446744073709552e+19;1.8446744073709552e+19;1.0;;;True;0.0;1.8446744073709552e+19;1.8446744073709552e+19;1.0;;;True;ControlType.CONTROLLED;0;<BV64 x0>;64;[];[];[];[];[];[];[];0;0;0;;;;False;0;0;0;;;;False;ControlType.UNKNOWN;0;[('0x3148', <Bool x2 >= 0x40 - ((LOAD_64[<BV64 x0 + 0x10>]_28 << 0x3d | LShR(LOAD_64[<BV64 x0 + 0x10>]_28, 0x3)) & 0x3f)>, 'Taken'), ('0x314c', <Bool LOAD_64[<BV64 x0 + 0x10>]_28[8:3] == 0>, 'Taken'), ('0x3154', <Bool x2 > 0x3f>, 'Taken'), ('0x316c', <Bool True>, 'Taken')];"{'regs': ['<BV64 x0>', '<BV64 x2>'], 'indirect_regs': [""<BV64 x0>: ['0x10', '0x10']""], 'direct_regs': ['<BV64 x2>'], 'mem': ['<BV64 x0 + 0x10>'], 'const_mem': []}";[];{'regs': [], 'indirect_regs': [], 'direct_regs': [], 'mem': [], 'const_mem': []};{'regs': ['<BV64 x0>'], 'indirect_regs': [], 'direct_regs': ['<BV64 x0>'], 'mem': [], 'const_mem': []};{'regs': ['<BV64 x0>', '<BV64 x2>'], 'indirect_regs': [], 'direct_regs': ['<BV64 x0>', '<BV64 x2>'], 'mem': ['<BV64 x0 + 0x10>'], 'const_mem': []};63.0;0.0;64.0;64.0;[];;;;BaseControlType.CONSTANT_BASE;BaseControlType.CONSTANT_BASE;BaseControlType.CONSTANT_BASE;4;BranchControlType.BRANCH_DEPENDS_ON_SECRET_VALUE;BranchControlType.BRANCH_INDEPENDENT_FROM_SECRET;9976;True;False;True;True;True;False;False;True;True;False;False;False;True;False;True;True;True;False;True;False;[];['has_valid_base'];True;False;True;True;True;False;False;True;True;False;False;False;True;False;True;True;True;False;True;False;[];['has_valid_base']
938a73ee-56eb-4b54-a54e-c5df19cc4907;SHA256Init@@LIBMD_0.0;0x640c;0x6438;0x0;TransmitterType.STORE;13;0;False;['0x640c'];<BV64 0x60 + x0>;64;[];[];['<BV64 x0>'];[];['<BV64 x0>'];[];[];0;18446744073709551615;18446744073709551615;1;;;True;0;18446744073709551615;18446744073709551615;1;;;True;ControlType.CONTROLLED;0;<BV64 0x60>;64;[];[];[];[];[];[];[];96.0;96.0;0.0;1.0;;;True;96.0;96.0;0.0;1.0;;;True;ControlType.NO_CONTROL;0;<BV64 0x60>;64;[];[];[];[];[];[];[];96;96;0;1.0;;;True;96.0;96.0;0.0;1.0;;;True;ControlType.NO_CONTROL;0;<BV64 x0>;64;[];[];['<BV64 x0>'];[];['<BV64 x0>'];[];[];0.0;1.8446744073709552e+19;18446744073709551615;1;;;True;0.0;1.8446744073709552e+19;18446744073709551615;1;;;True;ControlType.CONTROLLED;0;<BV64 x0>;64;[];[];['<BV64 x0>'];[];['<BV64 x0>'];[];[];0.0;1.8446744073709552e+19;1.8446744073709552e+19;1.0;;;True;0.0;1.8446744073709552e+19;1.8446744073709552e+19;1.0;;;True;ControlType.CONTROLLED;0;<BV64 x0>;64;[];[];[];[];[];[];[];0;0;0;;;;False;0;0;0;;;;False;ControlType.UNKNOWN;0;[];{'regs': [], 'indirect_regs': [], 'direct_regs': [], 'mem': [], 'const_mem': []};[];{'regs': [], 'indirect_regs': [], 'direct_regs': [], 'mem': [], 'const_mem': []};{'regs': ['<BV64 x0>'], 'indirect_regs': [], 'direct_regs': ['<BV64 x0>'], 'mem': [], 'const_mem': []};{'regs': ['<BV64 x0>'], 'indirect_regs': [], 'direct_regs': ['<BV64 x0>'], 'mem': [], 'const_mem': []};63.0;0.0;64.0;64.0;[];;;;BaseControlType.CONSTANT_BASE;BaseControlType.CONSTANT_BASE;BaseControlType.CONSTANT_BASE;0;BranchControlType.BRANCH_INDEPENDENT_FROM_SECRET;BranchControlType.BRANCH_INDEPENDENT_FROM_SECRET;25656;True;False;True;True;True;False;False;True;True;False;False;False;True;False;True;False;True;False;True;False;[];['has_valid_base'];True;False;True;True;True;False;False;True;True;False;False;False;True;False;True;False;True;False;True;False;[];['has_valid_base']
07b12e5f-2b0f-4c1f-8bfb-714b07ee02f0;SHA224Update@@LIBMD_0.1;0x610c;0x5ee4;0x0;TransmitterType.LOAD;34;0;False;['0x610c', '0x6114', '0x6144', '0x614c', '0x5ec0'];<BV64 0x10 + x0>;64;[];[];['<BV64 x0>'];[];['<BV64 x0>'];[];[];0;18446744073709551615;18446744073709551615;1;;;True;0;18446744073709551615;18446744073709551615;1;;;True;ControlType.CONTROLLED;0;<BV64 0x10>;64;[];[];[];[];[];[];[];16.0;16.0;0.0;1.0;;;True;16.0;16.0;0.0;1.0;;;True;ControlType.NO_CONTROL;0;<BV64 0x10>;64;[];[];[];[];[];[];[];16;16;0;1.0;;;True;16.0;16.0;0.0;1.0;;;True;ControlType.NO_CONTROL;0;<BV64 x0>;64;[];[];['<BV64 x0>'];[];['<BV64 x0>'];[];[];0.0;1.8446744073709552e+19;18446744073709551615;1;;;True;0.0;1.8446744073709552e+19;18446744073709551615;1;;;True;ControlType.CONTROLLED;0;<BV64 x0>;64;[];[];['<BV64 x0>'];[];['<BV64 x0>'];[];[];0.0;1.8446744073709552e+19;1.8446744073709552e+19;1.0;;;True;0.0;1.8446744073709552e+19;1.8446744073709552e+19;1.0;;;True;ControlType.CONTROLLED;0;<BV64 x0>;64;[];[];[];[];[];[];[];0;0;0;;;;False;0;0;0;;;;False;ControlType.UNKNOWN;0;[('0x6110', <Bool x2 != 0x0>, 'Taken'), ('0x6140', <Bool ((LOAD_64[<BV64 x0 + 0x40>]_26 << 0x3d[7:0] | LShR(LOAD_64[<BV64 x0 + 0x40>]_26, 0x3)[7:0]) & 63) == 0>, 'Taken'), ('0x6148', <Bool x2 > 0x3f>, 'Taken'), ('0x6168', <Bool True>, 'Taken')];"{'regs': ['<BV64 x0>', '<BV64 x2>'], 'indirect_regs': [""<BV64 x0>: ['0x40']""], 'direct_regs': ['<BV64 x2>'], 'mem': ['<BV64 x0 + 0x40>'], 'const_mem': []}";[];{'regs': [], 'indirect_regs': [], 'direct_regs': [], 'mem': [], 'const_mem': []};{'regs': ['<BV64 x0>'], 'indirect_regs': [], 'direct_regs': ['<BV64 x0>'], 'mem': [], 'const_mem': []};{'regs': ['<BV64 x0>', '<BV64 x2>'], 'indirect_regs': [], 'direct_regs': ['<BV64 x0>', '<BV64 x2>'], 'mem': ['<BV64 x0 + 0x40>'], 'const_mem': []};63.0;0.0;64.0;64.0;[];;;;BaseControlType.CONSTANT_BASE;BaseControlType.CONSTANT_BASE;BaseControlType.CONSTANT_BASE;4;BranchControlType.BRANCH_DEPENDS_ON_SECRET_VALUE;BranchControlType.BRANCH_INDEPENDENT_FROM_SECRET;24292;True;False;True;True;True;False;False;True;True;False;False;False;True;False;True;True;True;False;True;False;[];['has_valid_base'];True;False;True;True;True;False;False;True;True;False;False;False;True;False;True;True;True;False;True;False;[];['has_valid_base']
067b5946-2f8b-433f-80fd-5daf8e09629f;SHA512Init@@LIBMD_0.0;0x64ec;0x6528;0x0;TransmitterType.STORE;17;0;False;['0x64ec'];<BV64 0x80 + x0>;64;[];[];['<BV64 x0>'];[];['<BV64 x0>'];[];[];0;18446744073709551615;18446744073709551615;1;;;True;0;18446744073709551615;18446744073709551615;1;;;True;ControlType.CONTROLLED;0;<BV64 0x80>;64;[];[];[];[];[];[];[];128.0;128.0;0.0;1.0;;;True;128.0;128.0;0.0;1.0;;;True;ControlType.NO_CONTROL;0;<BV64 0x80>;64;[];[];[];[];[];[];[];128;128;0;1.0;;;True;128.0;128.0;0.0;1.0;;;True;ControlType.NO_CONTROL;0;<BV64 x0>;64;[];[];['<BV64 x0>'];[];['<BV64 x0>'];[];[];0.0;1.8446744073709552e+19;18446744073709551615;1;;;True;0.0;1.8446744073709552e+19;18446744073709551615;1;;;True;ControlType.CONTROLLED;0;<BV64 x0>;64;[];[];['<BV64 x0>'];[];['<BV64 x0>'];[];[];0.0;1.8446744073709552e+19;1.8446744073709552e+19;1.0;;;True;0.0;1.8446744073709552e+19;1.8446744073709552e+19;1.0;;;True;ControlType.CONTROLLED;0;<BV64 x0>;64;[];[];[];[];[];[];[];0;0;0;;;;False;0;0;0;;;;False;ControlType.UNKNOWN;0;[];{'regs': [], 'indirect_regs': [], 'direct_regs': [], 'mem': [], 'const_mem': []};[];{'regs': [], 'indirect_regs': [], 'direct_regs': [], 'mem': [], 'const_mem': []};{'regs': ['<BV64 x0>'], 'indirect_regs': [], 'direct_regs': ['<BV64 x0>'], 'mem': [], 'const_mem': []};{'regs': ['<BV64 x0>'], 'indirect_regs': [], 'direct_regs': ['<BV64 x0>'], 'mem': [], 'const_mem': []};63.0;0.0;64.0;64.0;[];;;;BaseControlType.CONSTANT_BASE;BaseControlType.CONSTANT_BASE;BaseControlType.CONSTANT_BASE;0;BranchControlType.BRANCH_INDEPENDENT_FROM_SECRET;BranchControlType.BRANCH_INDEPENDENT_FROM_SECRET;25896;True;False;True;True;True;False;False;True;True;False;False;False;True;False;True;False;True;False;True;False;[];['has_valid_base'];True;False;True;True;True;False;False;True;True;False;False;False;True;False;True;False;True;False;True;False;[];['has_valid_base']
0a0d9242-a08e-4496-a30a-d194309f8b70;SHA384Update@@LIBMD_0.0;0x67c0;0x6588;0x0;TransmitterType.LOAD;39;0;False;['0x67c0', '0x67c8', '0x67f8', '0x6800', '0x6544'];<BV64 0x8 + x0>;64;[];[];['<BV64 x0>'];[];['<BV64 x0>'];[];[];0;18446744073709551615;18446744073709551615;1;;;True;0;18446744073709551615;18446744073709551615;1;;;True;ControlType.CONTROLLED;0;<BV64 0x8>;64;[];[];[];[];[];[];[];8.0;8.0;0.0;1.0;;;True;8.0;8.0;0.0;1.0;;;True;ControlType.NO_CONTROL;0;<BV64 0x8>;64;[];[];[];[];[];[];[];8;8;0;1.0;;;True;8.0;8.0;0.0;1.0;;;True;ControlType.NO_CONTROL;0;<BV64 x0>;64;[];[];['<BV64 x0>'];[];['<BV64 x0>'];[];[];0.0;1.8446744073709552e+19;18446744073709551615;1;;;True;0.0;1.8446744073709552e+19;18446744073709551615;1;;;True;ControlType.CONTROLLED;0;<BV64 x0>;64;[];[];['<BV64 x0>'];[];['<BV64 x0>'];[];[];0.0;1.8446744073709552e+19;1.8446744073709552e+19;1.0;;;True;0.0;1.8446744073709552e+19;1.8446744073709552e+19;1.0;;;True;ControlType.CONTROLLED;0;<BV64 x0>;64;[];[];[];[];[];[];[];0;0;0;;;;False;0;0;0;;;;False;ControlType.UNKNOWN;0;[('0x67c4', <Bool x2 != 0x0>, 'Taken'), ('0x67f4', <Bool ((LOAD_64[<BV64 x0 + 0x40>]_26 << 0x3d[7:0] | LShR(LOAD_64[<BV64 x0 + 0x40>]_26, 0x3)[7:0]) & 127) == 0>, 'Taken'), ('0x67fc', <Bool x2 > 0x7f>, 'Taken'), ('0x6810', <Bool True>, 'Taken')];"{'regs': ['<BV64 x0>', '<BV64 x2>'], 'indirect_regs': [""<BV64 x0>: ['0x40']""], 'direct_regs': ['<BV64 x2>'], 'mem': ['<BV64 x0 + 0x40>'], 'const_mem': []}";[];{'regs': [], 'indirect_regs': [], 'direct_regs': [], 'mem': [], 'const_mem': []};{'regs': ['<BV64 x0>'], 'indirect_regs': [], 'direct_regs': ['<BV64 x0>'], 'mem': [], 'const_mem': []};{'regs': ['<BV64 x0>', '<BV64 x2>'], 'indirect_regs': [], 'direct_regs': ['<BV64 x0>', '<BV64 x2>'], 'mem': ['<BV64 x0 + 0x40>'], 'const_mem': []};63.0;0.0;64.0;64.0;[];;;;BaseControlType.CONSTANT_BASE;BaseControlType.CONSTANT_BASE;BaseControlType.CONSTANT_BASE;4;BranchControlType.BRANCH_DEPENDS_ON_SECRET_VALUE;BranchControlType.BRANCH_INDEPENDENT_FROM_SECRET;25992;True;False;True;True;True;False;False;True;True;False;False;False;True;False;True;True;True;False;True;False;[];['has_valid_base'];True;False;True;True;True;False;False;True;True;False;False;False;True;False;True;True;True;False;True;False;[];['has_valid_base']
20bdd1a7-7543-40f3-88d5-5965ce494112;SHA256Transform@@LIBMD_0.0;0x5ec0;0x5f08;0x0;TransmitterType.LOAD;19;0;False;['0x5ec0'];<BV64 0x18 + x0>;64;[];[];['<BV64 x0>'];[];['<BV64 x0>'];[];[];0;18446744073709551615;18446744073709551615;1;;;True;0;18446744073709551615;18446744073709551615;1;;;True;ControlType.CONTROLLED;0;<BV64 0x18>;64;[];[];[];[];[];[];[];24.0;24.0;0.0;1.0;;;True;24.0;24.0;0.0;1.0;;;True;ControlType.NO_CONTROL;0;<BV64 0x18>;64;[];[];[];[];[];[];[];24;24;0;1.0;;;True;24.0;24.0;0.0;1.0;;;True;ControlType.NO_CONTROL;0;<BV64 x0>;64;[];[];['<BV64 x0>'];[];['<BV64 x0>'];[];[];0.0;1.8446744073709552e+19;18446744073709551615;1;;;True;0.0;1.8446744073709552e+19;18446744073709551615;1;;;True;ControlType.CONTROLLED;0;<BV64 x0>;64;[];[];['<BV64 x0>'];[];['<BV64 x0>'];[];[];0.0;1.8446744073709552e+19;1.8446744073709552e+19;1.0;;;True;0.0;1.8446744073709552e+19;1.8446744073709552e+19;1.0;;;True;ControlType.CONTROLLED;0;<BV64 x0>;64;[];[];[];[];[];[];[];0;0;0;;;;False;0;0;0;;;;False;ControlType.UNKNOWN;0;[];{'regs': [], 'indirect_regs': [], 'direct_regs': [], 'mem': [], 'const_mem': []};[];{'regs': [], 'indirect_regs': [], 'direct_regs': [], 'mem': [], 'const_mem': []};{'regs': ['<BV64 x0>'], 'indirect_regs': [], 'direct_regs': ['<BV64 x0>'], 'mem': [], 'const_mem': []};{'regs': ['<BV64 x0>'], 'indirect_regs': [], 'direct_regs': ['<BV64 x0>'], 'mem': [], 'const_mem': []};63.0;0.0;64.0;64.0;['<Bool LOAD_128[<BV64 x0>]_23[31:0] == LOAD_32[<BV64 x0>]_25>', '<Bool LOAD_128[<BV64 x0>]_23[63:32] == LOAD_32[<BV64 x0 + 0x4>]_26>'];;;;BaseControlType.CONSTANT_BASE;BaseControlType.CONSTANT_BASE;BaseControlType.CONSTANT_BASE;0;BranchControlType.BRANCH_INDEPENDENT_FROM_SECRET;BranchControlType.BRANCH_INDEPENDENT_FROM_SECRET;24328;True;False;True;True;True;False;False;True;True;False;False;False;True;False;True;False;True;False;True;False;[];['has_valid_base'];True;False;True;True;True;False;False;True;True;False;False;False;True;False;True;False;True;False;True;False;[];['has_valid_base']
d01f4508-86b4-461d-8c79-e99f8f74ab3e;SHA384Transform@@LIBMD_0.0;0x6544;0x658c;0x0;TransmitterType.LOAD;19;0;False;['0x6544'];<BV64 0x18 + x0>;64;[];[];['<BV64 x0>'];[];['<BV64 x0>'];[];[];0;18446744073709551615;18446744073709551615;1;;;True;0;18446744073709551615;18446744073709551615;1;;;True;ControlType.CONTROLLED;0;<BV64 0x18>;64;[];[];[];[];[];[];[];24.0;24.0;0.0;1.0;;;True;24.0;24.0;0.0;1.0;;;True;ControlType.NO_CONTROL;0;<BV64 0x18>;64;[];[];[];[];[];[];[];24;24;0;1.0;;;True;24.0;24.0;0.0;1.0;;;True;ControlType.NO_CONTROL;0;<BV64 x0>;64;[];[];['<BV64 x0>'];[];['<BV64 x0>'];[];[];0.0;1.8446744073709552e+19;18446744073709551615;1;;;True;0.0;1.8446744073709552e+19;18446744073709551615;1;;;True;ControlType.CONTROLLED;0;<BV64 x0>;64;[];[];['<BV64 x0>'];[];['<BV64 x0>'];[];[];0.0;1.8446744073709552e+19;1.8446744073709552e+19;1.0;;;True;0.0;1.8446744073709552e+19;1.8446744073709552e+19;1.0;;;True;ControlType.CONTROLLED;0;<BV64 x0>;64;[];[];[];[];[];[];[];0;0;0;;;;False;0;0;0;;;;False;ControlType.UNKNOWN;0;[];{'regs': [], 'indirect_regs': [], 'direct_regs': [], 'mem': [], 'const_mem': []};[];{'regs': [], 'indirect_regs': [], 'direct_regs': [], 'mem': [], 'const_mem': []};{'regs': ['<BV64 x0>'], 'indirect_regs': [], 'direct_regs': ['<BV64 x0>'], 'mem': [], 'const_mem': []};{'regs': ['<BV64 x0>'], 'indirect_regs': [], 'direct_regs': ['<BV64 x0>'], 'mem': [], 'const_mem': []};63.0;0.0;64.0;64.0;[];;;;BaseControlType.CONSTANT_BASE;BaseControlType.CONSTANT_BASE;BaseControlType.CONSTANT_BASE;0;BranchControlType.BRANCH_INDEPENDENT_FROM_SECRET;BranchControlType.BRANCH_INDEPENDENT_FROM_SECRET;25996;True;False;True;True;True;False;False;True;True;False;False;False;True;False;True;False;True;False;True;False;[];['has_valid_base'];True;False;True;True;True;False;False;True;True;False;False;False;True;False;True;False;True;False;True;False;[];['has_valid_base']
423dc132-239c-4b43-95aa-243639f059b1;SHA224Transform@@LIBMD_0.1;0x5ec0;0x5f00;0x0;TransmitterType.LOAD;17;0;False;['0x5ec0'];<BV64 0x8 + x0>;64;[];[];['<BV64 x0>'];[];['<BV64 x0>'];[];[];0;18446744073709551615;18446744073709551615;1;;;True;0;18446744073709551615;18446744073709551615;1;;;True;ControlType.CONTROLLED;0;<BV64 0x8>;64;[];[];[];[];[];[];[];8.0;8.0;0.0;1.0;;;True;8.0;8.0;0.0;1.0;;;True;ControlType.NO_CONTROL;0;<BV64 0x8>;64;[];[];[];[];[];[];[];8;8;0;1.0;;;True;8.0;8.0;0.0;1.0;;;True;ControlType.NO_CONTROL;0;<BV64 x0>;64;[];[];['<BV64 x0>'];[];['<BV64 x0>'];[];[];0.0;1.8446744073709552e+19;18446744073709551615;1;;;True;0.0;1.8446744073709552e+19;18446744073709551615;1;;;True;ControlType.CONTROLLED;0;<BV64 x0>;64;[];[];['<BV64 x0>'];[];['<BV64 x0>'];[];[];0.0;1.8446744073709552e+19;1.8446744073709552e+19;1.0;;;True;0.0;1.8446744073709552e+19;1.8446744073709552e+19;1.0;;;True;ControlType.CONTROLLED;0;<BV64 x0>;64;[];[];[];[];[];[];[];0;0;0;;;;False;0;0;0;;;;False;ControlType.UNKNOWN;0;[];{'regs': [], 'indirect_regs': [], 'direct_regs': [], 'mem': [], 'const_mem': []};[];{'regs': [], 'indirect_regs': [], 'direct_regs': [], 'mem': [], 'const_mem': []};{'regs': ['<BV64 x0>'], 'indirect_regs': [], 'direct_regs': ['<BV64 x0>'], 'mem': [], 'const_mem': []};{'regs': ['<BV64 x0>'], 'indirect_regs': [], 'direct_regs': ['<BV64 x0>'], 'mem': [], 'const_mem': []};63.0;0.0;64.0;64.0;['<Bool LOAD_128[<BV64 x0>]_23[31:0] == LOAD_32[<BV64 x0>]_25>', '<Bool LOAD_128[<BV64 x0>]_23[63:32] == LOAD_32[<BV64 x0 + 0x4>]_26>'];;;;BaseControlType.CONSTANT_BASE;BaseControlType.CONSTANT_BASE;BaseControlType.CONSTANT_BASE;0;BranchControlType.BRANCH_INDEPENDENT_FROM_SECRET;BranchControlType.BRANCH_INDEPENDENT_FROM_SECRET;24320;True;False;True;True;True;False;False;True;True;False;False;False;True;False;True;False;True;False;True;False;[];['has_valid_base'];True;False;True;True;True;False;False;True;True;False;False;False;True;False;True;False;True;False;True;False;[];['has_valid_base']
ad1b62cd-8d04-4513-981e-d0a0796879a4;SHA512Init@@LIBMD_0.0;0x64ec;0x6528;0x0;TransmitterType.STORE;17;0;False;['0x64ec'];<BV64 0x90 + x0>;64;[];[];['<BV64 x0>'];[];['<BV64 x0>'];[];[];0;18446744073709551615;18446744073709551615;1;;;True;0;18446744073709551615;18446744073709551615;1;;;True;ControlType.CONTROLLED;0;<BV64 0x90>;64;[];[];[];[];[];[];[];144.0;144.0;0.0;1.0;;;True;144.0;144.0;0.0;1.0;;;True;ControlType.NO_CONTROL;0;<BV64 0x90>;64;[];[];[];[];[];[];[];144;144;0;1.0;;;True;144.0;144.0;0.0;1.0;;;True;ControlType.NO_CONTROL;0;<BV64 x0>;64;[];[];['<BV64 x0>'];[];['<BV64 x0>'];[];[];0.0;1.8446744073709552e+19;18446744073709551615;1;;;True;0.0;1.8446744073709552e+19;18446744073709551615;1;;;True;ControlType.CONTROLLED;0;<BV64 x0>;64;[];[];['<BV64 x0>'];[];['<BV64 x0>'];[];[];0.0;1.8446744073709552e+19;1.8446744073709552e+19;1.0;;;True;0.0;1.8446744073709552e+19;1.8446744073709552e+19;1.0;;;True;ControlType.CONTROLLED;0;<BV64 x0>;64;[];[];[];[];[];[];[];0;0;0;;;;False;0;0;0;;;;False;ControlType.UNKNOWN;0;[];{'regs': [], 'indirect_regs': [], 'direct_regs': [], 'mem': [], 'const_mem': []};[];{'regs': [], 'indirect_regs': [], 'direct_regs': [], 'mem': [], 'const_mem': []};{'regs': ['<BV64 x0>'], 'indirect_regs': [], 'direct_regs': ['<BV64 x0>'], 'mem': [], 'const_mem': []};{'regs': ['<BV64 x0>'], 'indirect_regs': [], 'direct_regs': ['<BV64 x0>'], 'mem': [], 'const_mem': []};63.0;0.0;64.0;64.0;[];;;;BaseControlType.CONSTANT_BASE;BaseControlType.CONSTANT_BASE;BaseControlType.CONSTANT_BASE;0;BranchControlType.BRANCH_INDEPENDENT_FROM_SECRET;BranchControlType.BRANCH_INDEPENDENT_FROM_SECRET;25896;True;False;True;True;True;False;False;True;True;False;False;False;True;False;True;False;True;False;True;False;[];['has_valid_base'];True;False;True;True;True;False;False;True;True;False;False;False;True;False;True;False;True;False;True;False;[];['has_valid_base']
9e8ef0c2-1a73-4dce-8316-c636cad532d3;SHA512_256Init@@LIBMD_0.1;0x6c80;0x6cbc;0x0;TransmitterType.STORE;17;0;False;['0x6c80'];<BV64 0x80 + x0>;64;[];[];['<BV64 x0>'];[];['<BV64 x0>'];[];[];0;18446744073709551615;18446744073709551615;1;;;True;0;18446744073709551615;18446744073709551615;1;;;True;ControlType.CONTROLLED;0;<BV64 0x80>;64;[];[];[];[];[];[];[];128.0;128.0;0.0;1.0;;;True;128.0;128.0;0.0;1.0;;;True;ControlType.NO_CONTROL;0;<BV64 0x80>;64;[];[];[];[];[];[];[];128;128;0;1.0;;;True;128.0;128.0;0.0;1.0;;;True;ControlType.NO_CONTROL;0;<BV64 x0>;64;[];[];['<BV64 x0>'];[];['<BV64 x0>'];[];[];0.0;1.8446744073709552e+19;18446744073709551615;1;;;True;0.0;1.8446744073709552e+19;18446744073709551615;1;;;True;ControlType.CONTROLLED;0;<BV64 x0>;64;[];[];['<BV64 x0>'];[];['<BV64 x0>'];[];[];0.0;1.8446744073709552e+19;1.8446744073709552e+19;1.0;;;True;0.0;1.8446744073709552e+19;1.8446744073709552e+19;1.0;;;True;ControlType.CONTROLLED;0;<BV64 x0>;64;[];[];[];[];[];[];[];0;0;0;;;;False;0;0;0;;;;False;ControlType.UNKNOWN;0;[];{'regs': [], 'indirect_regs': [], 'direct_regs': [], 'mem': [], 'const_mem': []};[];{'regs': [], 'indirect_regs': [], 'direct_regs': [], 'mem': [], 'const_mem': []};{'regs': ['<BV64 x0>'], 'indirect_regs': [], 'direct_regs': ['<BV64 x0>'], 'mem': [], 'const_mem': []};{'regs': ['<BV64 x0>'], 'indirect_regs': [], 'direct_regs': ['<BV64 x0>'], 'mem': [], 'const_mem': []};63.0;0.0;64.0;64.0;[];;;;BaseControlType.CONSTANT_BASE;BaseControlType.CONSTANT_BASE;BaseControlType.CONSTANT_BASE;0;BranchControlType.BRANCH_INDEPENDENT_FROM_SECRET;BranchControlType.BRANCH_INDEPENDENT_FROM_SECRET;27836;True;False;True;True;True;False;False;True;True;False;False;False;True;False;True;False;True;False;True;False;[];['has_valid_base'];True;False;True;True;True;False;False;True;True;False;False;False;True;False;True;False;True;False;True;False;[];['has_valid_base']
862c3d61-cf0d-4ae2-8891-8cff1b786d50;SHA384Pad@@LIBMD_0.0;0x6920;0x6588;0x0;TransmitterType.LOAD;39;0;False;['0x6920', '0x6940', '0x695c', '0x697c', '0x6544'];<BV64 0x8 + x0>;64;[];[];['<BV64 x0>'];[];['<BV64 x0>'];[];[];0;18446744073709551615;18446744073709551615;1;;;True;0;18446744073709551615;18446744073709551615;1;;;True;ControlType.CONTROLLED;0;<BV64 0x8>;64;[];[];[];[];[];[];[];8.0;8.0;0.0;1.0;;;True;8.0;8.0;0.0;1.0;;;True;ControlType.NO_CONTROL;0;<BV64 0x8>;64;[];[];[];[];[];[];[];8;8;0;1.0;;;True;8.0;8.0;0.0;1.0;;;True;ControlType.NO_CONTROL;0;<BV64 x0>;64;[];[];['<BV64 x0>'];[];['<BV64 x0>'];[];[];0.0;1.8446744073709552e+19;18446744073709551615;1;;;True;0.0;1.8446744073709552e+19;18446744073709551615;1;;;True;ControlType.CONTROLLED;0;<BV64 x0>;64;[];[];['<BV64 x0>'];[];['<BV64 x0>'];[];[];0.0;1.8446744073709552e+19;1.8446744073709552e+19;1.0;;;True;0.0;1.8446744073709552e+19;1.8446744073709552e+19;1.0;;;True;ControlType.CONTROLLED;0;<BV64 x0>;64;[];[];[];[];[];[];[];0;0;0;;;;False;0;0;0;;;;False;ControlType.UNKNOWN;0;[('0x693c', <Bool ((LOAD_64[<BV64 x0 + 0x40>]_24[31:0] << 0x1d[7:0] | LShR(LOAD_64[<BV64 x0 + 0x40>]_24[31:0], 0x3)[7:0]) & 127) != 0>, 'Taken'), ('0x6958', <Bool (0x0 .. LOAD_64[<BV64 x0 + 0x40>]_24[9:3]) + 0x1 > 0x70>, 'Taken'), ('0x6960', <Bool 0x1 + (0x0 .. LOAD_64[<BV64 x0 + 0x40>]_24[9:3]) == 0x80>, 'Taken'), ('0x6988', <Bool True>, 'Taken')];"{'regs': ['<BV64 x0>'], 'indirect_regs': [""<BV64 x0>: ['0x40', '0x40', '0x40']""], 'direct_regs': [], 'mem': ['<BV64 x0 + 0x40>'], 'const_mem': []}";[];{'regs': [], 'indirect_regs': [], 'direct_regs': [], 'mem': [], 'const_mem': []};{'regs': ['<BV64 x0>'], 'indirect_regs': [], 'direct_regs': ['<BV64 x0>'], 'mem': [], 'const_mem': []};{'regs': ['<BV64 x0>'], 'indirect_regs': [], 'direct_regs': ['<BV64 x0>'], 'mem': ['<BV64 x0 + 0x40>'], 'const_mem': []};63.0;0.0;64.0;64.0;[];;;;BaseControlType.CONSTANT_BASE;BaseControlType.CONSTANT_BASE;BaseControlType.CONSTANT_BASE;4;BranchControlType.BRANCH_DEPENDS_ON_SECRET_VALUE;BranchControlType.BRANCH_INDEPENDENT_FROM_SECRET;25992;True;False;True;True;True;False;False;True;True;False;False;False;True;False;True;True;True;False;True;False;[];['has_valid_base'];True;False;True;True;True;False;False;True;True;False;False;False;True;False;True;True;True;False;True;False;[];['has_valid_base']
850f213c-e337-4780-b5cf-08bf9118ef6d;SHA256Init@@LIBMD_0.0;0x640c;0x6438;0x0;TransmitterType.STORE;13;0;False;['0x640c'];<BV64 0x70 + x0>;64;[];[];['<BV64 x0>'];[];['<BV64 x0>'];[];[];0;18446744073709551615;18446744073709551615;1;;;True;0;18446744073709551615;18446744073709551615;1;;;True;ControlType.CONTROLLED;0;<BV64 0x70>;64;[];[];[];[];[];[];[];112.0;112.0;0.0;1.0;;;True;112.0;112.0;0.0;1.0;;;True;ControlType.NO_CONTROL;0;<BV64 0x70>;64;[];[];[];[];[];[];[];112;112;0;1.0;;;True;112.0;112.0;0.0;1.0;;;True;ControlType.NO_CONTROL;0;<BV64 x0>;64;[];[];['<BV64 x0>'];[];['<BV64 x0>'];[];[];0.0;1.8446744073709552e+19;18446744073709551615;1;;;True;0.0;1.8446744073709552e+19;18446744073709551615;1;;;True;ControlType.CONTROLLED;0;<BV64 x0>;64;[];[];['<BV64 x0>'];[];['<BV64 x0>'];[];[];0.0;1.8446744073709552e+19;1.8446744073709552e+19;1.0;;;True;0.0;1.8446744073709552e+19;1.8446744073709552e+19;1.0;;;True;ControlType.CONTROLLED;0;<BV64 x0>;64;[];[];[];[];[];[];[];0;0;0;;;;False;0;0;0;;;;False;ControlType.UNKNOWN;0;[];{'regs': [], 'indirect_regs': [], 'direct_regs': [], 'mem': [], 'const_mem': []};[];{'regs': [], 'indirect_regs': [], 'direct_regs': [], 'mem': [], 'const_mem': []};{'regs': ['<BV64 x0>'], 'indirect_regs': [], 'direct_regs': ['<BV64 x0>'], 'mem': [], 'const_mem': []};{'regs': ['<BV64 x0>'], 'indirect_regs': [], 'direct_regs': ['<BV64 x0>'], 'mem': [], 'const_mem': []};63.0;0.0;64.0;64.0;[];;;;BaseControlType.CONSTANT_BASE;BaseControlType.CONSTANT_BASE;BaseControlType.CONSTANT_BASE;0;BranchControlType.BRANCH_INDEPENDENT_FROM_SECRET;BranchControlType.BRANCH_INDEPENDENT_FROM_SECRET;25656;True;False;True;True;True;False;False;True;True;False;False;False;True;False;True;False;True;False;True;False;[];['has_valid_base'];True;False;True;True;True;False;False;True;True;False;False;False;True;False;True;False;True;False;True;False;[];['has_valid_base']
a253bfaa-36c7-4cd1-808d-cf7721c64eec;SHA512Update@@LIBMD_0.0;0x67c0;0x6588;0x0;TransmitterType.LOAD;39;0;False;['0x67c0', '0x67c8', '0x67f8', '0x6800', '0x6544'];<BV64 0x8 + x0>;64;[];[];['<BV64 x0>'];[];['<BV64 x0>'];[];[];0;18446744073709551615;18446744073709551615;1;;;True;0;18446744073709551615;18446744073709551615;1;;;True;ControlType.CONTROLLED;0;<BV64 0x8>;64;[];[];[];[];[];[];[];8.0;8.0;0.0;1.0;;;True;8.0;8.0;0.0;1.0;;;True;ControlType.NO_CONTROL;0;<BV64 0x8>;64;[];[];[];[];[];[];[];8;8;0;1.0;;;True;8.0;8.0;0.0;1.0;;;True;ControlType.NO_CONTROL;0;<BV64 x0>;64;[];[];['<BV64 x0>'];[];['<BV64 x0>'];[];[];0.0;1.8446744073709552e+19;18446744073709551615;1;;;True;0.0;1.8446744073709552e+19;18446744073709551615;1;;;True;ControlType.CONTROLLED;0;<BV64 x0>;64;[];[];['<BV64 x0>'];[];['<BV64 x0>'];[];[];0.0;1.8446744073709552e+19;1.8446744073709552e+19;1.0;;;True;0.0;1.8446744073709552e+19;1.8446744073709552e+19;1.0;;;True;ControlType.CONTROLLED;0;<BV64 x0>;64;[];[];[];[];[];[];[];0;0;0;;;;False;0;0;0;;;;False;ControlType.UNKNOWN;0;[('0x67c4', <Bool x2 != 0x0>, 'Taken'), ('0x67f4', <Bool ((LOAD_64[<BV64 x0 + 0x40>]_26 << 0x3d[7:0] | LShR(LOAD_64[<BV64 x0 + 0x40>]_26, 0x3)[7:0]) & 127) == 0>, 'Taken'), ('0x67fc', <Bool x2 > 0x7f>, 'Taken'), ('0x6810', <Bool True>, 'Taken')];"{'regs': ['<BV64 x0>', '<BV64 x2>'], 'indirect_regs': [""<BV64 x0>: ['0x40']""], 'direct_regs': ['<BV64 x2>'], 'mem': ['<BV64 x0 + 0x40>'], 'const_mem': []}";[];{'regs': [], 'indirect_regs': [], 'direct_regs': [], 'mem': [], 'const_mem': []};{'regs': ['<BV64 x0>'], 'indirect_regs': [], 'direct_regs': ['<BV64 x0>'], 'mem': [], 'const_mem': []};{'regs': ['<BV64 x0>', '<BV64 x2>'], 'indirect_regs': [], 'direct_regs': ['<BV64 x0>', '<BV64 x2>'], 'mem': ['<BV64 x0 + 0x40>'], 'const_mem': []};63.0;0.0;64.0;64.0;[];;;;BaseControlType.CONSTANT_BASE;BaseControlType.CONSTANT_BASE;BaseControlType.CONSTANT_BASE;4;BranchControlType.BRANCH_DEPENDS_ON_SECRET_VALUE;BranchControlType.BRANCH_INDEPENDENT_FROM_SECRET;25992;True;False;True;True;True;False;False;True;True;False;False;False;True;False;True;True;True;False;True;False;[];['has_valid_base'];True;False;True;True;True;False;False;True;True;False;False;False;True;False;True;True;True;False;True;False;[];['has_valid_base']
83a9ea13-f841-4e94-8fef-18a081c629d2;SHA512Init@@LIBMD_0.0;0x64ec;0x652c;0x0;TransmitterType.STORE;18;0;False;['0x64ec'];<BV64 0xa0 + x0>;64;[];[];['<BV64 x0>'];[];['<BV64 x0>'];[];[];0;18446744073709551615;18446744073709551615;1;;;True;0;18446744073709551615;18446744073709551615;1;;;True;ControlType.CONTROLLED;0;<BV64 0xa0>;64;[];[];[];[];[];[];[];160.0;160.0;0.0;1.0;;;True;160.0;160.0;0.0;1.0;;;True;ControlType.NO_CONTROL;0;<BV64 0xa0>;64;[];[];[];[];[];[];[];160;160;0;1.0;;;True;160.0;160.0;0.0;1.0;;;True;ControlType.NO_CONTROL;0;<BV64 x0>;64;[];[];['<BV64 x0>'];[];['<BV64 x0>'];[];[];0.0;1.8446744073709552e+19;18446744073709551615;1;;;True;0.0;1.8446744073709552e+19;18446744073709551615;1;;;True;ControlType.CONTROLLED;0;<BV64 x0>;64;[];[];['<BV64 x0>'];[];['<BV64 x0>'];[];[];0.0;1.8446744073709552e+19;1.8446744073709552e+19;1.0;;;True;0.0;1.8446744073709552e+19;1.8446744073709552e+19;1.0;;;True;ControlType.CONTROLLED;0;<BV64 x0>;64;[];[];[];[];[];[];[];0;0;0;;;;False;0;0;0;;;;False;ControlType.UNKNOWN;0;[];{'regs': [], 'indirect_regs': [], 'direct_regs': [], 'mem': [], 'const_mem': []};[];{'regs': [], 'indirect_regs': [], 'direct_regs': [], 'mem': [], 'const_mem': []};{'regs': ['<BV64 x0>'], 'indirect_regs': [], 'direct_regs': ['<BV64 x0>'], 'mem': [], 'const_mem': []};{'regs': ['<BV64 x0>'], 'indirect_regs': [], 'direct_regs': ['<BV64 x0>'], 'mem': [], 'const_mem': []};63.0;0.0;64.0;64.0;[];;;;BaseControlType.CONSTANT_BASE;BaseControlType.CONSTANT_BASE;BaseControlType.CONSTANT_BASE;0;BranchControlType.BRANCH_INDEPENDENT_FROM_SECRET;BranchControlType.BRANCH_INDEPENDENT_FROM_SECRET;25900;True;False;True;True;True;False;False;True;True;False;False;False;True;False;True;False;True;False;True;False;[];['has_valid_base'];True;False;True;True;True;False;False;True;True;False;False;False;True;False;True;False;True;False;True;False;[];['has_valid_base']
36818b64-32b8-4859-aa2b-09795738131c;SHA224Transform@@LIBMD_0.1;0x5ec0;0x5f08;0x0;TransmitterType.LOAD;19;0;False;['0x5ec0'];<BV64 0x18 + x0>;64;[];[];['<BV64 x0>'];[];['<BV64 x0>'];[];[];0;18446744073709551615;18446744073709551615;1;;;True;0;18446744073709551615;18446744073709551615;1;;;True;ControlType.CONTROLLED;0;<BV64 0x18>;64;[];[];[];[];[];[];[];24.0;24.0;0.0;1.0;;;True;24.0;24.0;0.0;1.0;;;True;ControlType.NO_CONTROL;0;<BV64 0x18>;64;[];[];[];[];[];[];[];24;24;0;1.0;;;True;24.0;24.0;0.0;1.0;;;True;ControlType.NO_CONTROL;0;<BV64 x0>;64;[];[];['<BV64 x0>'];[];['<BV64 x0>'];[];[];0.0;1.8446744073709552e+19;18446744073709551615;1;;;True;0.0;1.8446744073709552e+19;18446744073709551615;1;;;True;ControlType.CONTROLLED;0;<BV64 x0>;64;[];[];['<BV64 x0>'];[];['<BV64 x0>'];[];[];0.0;1.8446744073709552e+19;1.8446744073709552e+19;1.0;;;True;0.0;1.8446744073709552e+19;1.8446744073709552e+19;1.0;;;True;ControlType.CONTROLLED;0;<BV64 x0>;64;[];[];[];[];[];[];[];0;0;0;;;;False;0;0;0;;;;False;ControlType.UNKNOWN;0;[];{'regs': [], 'indirect_regs': [], 'direct_regs': [], 'mem': [], 'const_mem': []};[];{'regs': [], 'indirect_regs': [], 'direct_regs': [], 'mem': [], 'const_mem': []};{'regs': ['<BV64 x0>'], 'indirect_regs': [], 'direct_regs': ['<BV64 x0>'], 'mem': [], 'const_mem': []};{'regs': ['<BV64 x0>'], 'indirect_regs': [], 'direct_regs': ['<BV64 x0>'], 'mem': [], 'const_mem': []};63.0;0.0;64.0;64.0;['<Bool LOAD_128[<BV64 x0>]_23[31:0] == LOAD_32[<BV64 x0>]_25>', '<Bool LOAD_128[<BV64 x0>]_23[63:32] == LOAD_32[<BV64 x0 + 0x4>]_26>'];;;;BaseControlType.CONSTANT_BASE;BaseControlType.CONSTANT_BASE;BaseControlType.CONSTANT_BASE;0;BranchControlType.BRANCH_INDEPENDENT_FROM_SECRET;BranchControlType.BRANCH_INDEPENDENT_FROM_SECRET;24328;True;False;True;True;True;False;False;True;True;False;False;False;True;False;True;False;True;False;True;False;[];['has_valid_base'];True;False;True;True;True;False;False;True;True;False;False;False;True;False;True;False;True;False;True;False;[];['has_valid_base']
0011eaef-8557-4d20-87be-ef77001dabfa;MD5Update@@LIBMD_0.0;0x3108;0x270c;0x0;TransmitterType.LOAD;60;0;False;['0x3108', '0x314c', '0x3150', '0x3158', '0x2688'];<BV64 x0>;64;[];[];['<BV64 x0>'];[];['<BV64 x0>'];[];[];0;18446744073709551615;18446744073709551615;1;;;True;0;18446744073709551615;18446744073709551615;1;;;True;ControlType.CONTROLLED;0;;0;[];[];[];[];[];[];[];0.0;0.0;0.0;0.0;;;False;0.0;0.0;0.0;0.0;;;False;ControlType.UNKNOWN;0;;0;[];[];[];[];[];[];[];0;0;0;;;;False;0.0;0.0;0.0;0.0;;;False;ControlType.UNKNOWN;0;<BV64 x0>;64;[];[];['<BV64 x0>'];[];['<BV64 x0>'];[];[];0.0;1.8446744073709552e+19;18446744073709551615;1;;;True;0.0;1.8446744073709552e+19;18446744073709551615;1;;;True;ControlType.CONTROLLED;0;<BV64 x0>;64;[];[];['<BV64 x0>'];[];['<BV64 x0>'];[];[];0.0;1.8446744073709552e+19;1.8446744073709552e+19;1.0;;;True;0.0;1.8446744073709552e+19;1.8446744073709552e+19;1.0;;;True;ControlType.CONTROLLED;0;<BV64 x0>;64;[];[];[];[];[];[];[];0;0;0;;;;False;0;0;0;;;;False;ControlType.UNKNOWN;0;[('0x3148', <Bool x2 >= 0x40 - ((LOAD_64[<BV64 x0 + 0x10>]_28 << 0x3d | LShR(LOAD_64[<BV64 x0 + 0x10>]_28, 0x3)) & 0x3f)>, 'Taken'), ('0x314c', <Bool LOAD_64[<BV64 x0 + 0x10>]_28[8:3] == 0>, 'Taken'), ('0x3154', <Bool x2 > 0x3f>, 'Taken'), ('0x316c', <Bool True>, 'Taken')];"{'regs': ['<BV64 x0>', '<BV64 x2>'], 'indirect_regs': [""<BV64 x0>: ['0x10', '0x10']""], 'direct_regs': ['<BV64 x2>'], 'mem': ['<BV64 x0 + 0x10>'], 'const_mem': []}";[];{'regs': [], 'indirect_regs': [], 'direct_regs': [], 'mem': [], 'const_mem': []};{'regs': ['<BV64 x0>'], 'indirect_regs': [], 'direct_regs': ['<BV64 x0>'], 'mem': [], 'const_mem': []};{'regs': ['<BV64 x0>', '<BV64 x2>'], 'indirect_regs': [], 'direct_regs': ['<BV64 x0>', '<BV64 x2>'], 'mem': ['<BV64 x0 + 0x10>'], 'const_mem': []};63.0;0.0;64.0;64.0;[];;;;BaseControlType.NO_BASE;BaseControlType.NO_BASE;BaseControlType.NO_BASE;4;BranchControlType.BRANCH_DEPENDS_ON_SECRET_VALUE;BranchControlType.BRANCH_INDEPENDENT_FROM_SECRET;9996;True;False;True;True;True;False;False;True;True;False;False;False;True;False;True;True;True;False;True;False;[];['has_valid_base'];True;False;True;True;True;False;False;True;True;False;False;False;True;False;True;True;True;False;True;False;[];['has_valid_base']
abed2513-766e-4859-9d1f-c22f0dc377bb;SHA256Transform@@LIBMD_0.0;0x5ec0;0x5f0c;0x0;TransmitterType.LOAD;20;0;False;['0x5ec0'];<BV64 0x10 + x0>;64;[];[];['<BV64 x0>'];[];['<BV64 x0>'];[];[];0;18446744073709551615;18446744073709551615;1;;;True;0;18446744073709551615;18446744073709551615;1;;;True;ControlType.CONTROLLED;0;<BV64 0x10>;64;[];[];[];[];[];[];[];16.0;16.0;0.0;1.0;;;True;16.0;16.0;0.0;1.0;;;True;ControlType.NO_CONTROL;0;<BV64 0x10>;64;[];[];[];[];[];[];[];16;16;0;1.0;;;True;16.0;16.0;0.0;1.0;;;True;ControlType.NO_CONTROL;0;<BV64 x0>;64;[];[];['<BV64 x0>'];[];['<BV64 x0>'];[];[];0.0;1.8446744073709552e+19;18446744073709551615;1;;;True;0.0;1.8446744073709552e+19;18446744073709551615;1;;;True;ControlType.CONTROLLED;0;<BV64 x0>;64;[];[];['<BV64 x0>'];[];['<BV64 x0>'];[];[];0.0;1.8446744073709552e+19;1.8446744073709552e+19;1.0;;;True;0.0;1.8446744073709552e+19;1.8446744073709552e+19;1.0;;;True;ControlType.CONTROLLED;0;<BV64 x0>;64;[];[];[];[];[];[];[];0;0;0;;;;False;0;0;0;;;;False;ControlType.UNKNOWN;0;[];{'regs': [], 'indirect_regs': [], 'direct_regs': [], 'mem': [], 'const_mem': []};[];{'regs': [], 'indirect_regs': [], 'direct_regs': [], 'mem': [], 'const_mem': []};{'regs': ['<BV64 x0>'], 'indirect_regs': [], 'direct_regs': ['<BV64 x0>'], 'mem': [], 'const_mem': []};{'regs': ['<BV64 x0>'], 'indirect_regs': [], 'direct_regs': ['<BV64 x0>'], 'mem': [], 'const_mem': []};63.0;0.0;64.0;64.0;['<Bool LOAD_128[<BV64 x0>]_23[31:0] == LOAD_32[<BV64 x0>]_25>', '<Bool LOAD_128[<BV64 x0>]_23[63:32] == LOAD_32[<BV64 x0 + 0x4>]_26>', '<Bool LOAD_128[<BV64 x0 + 0x10>]_24[31:0] == LOAD_32[<BV64 x0 + 0x10>]_31>'];;;;BaseControlType.CONSTANT_BASE;BaseControlType.CONSTANT_BASE;BaseControlType.CONSTANT_BASE;0;BranchControlType.BRANCH_INDEPENDENT_FROM_SECRET;BranchControlType.BRANCH_INDEPENDENT_FROM_SECRET;24332;True;False;True;True;True;False;False;True;True;False;False;False;True;False;True;False;True;False;True;False;[];['has_valid_base'];True;False;True;True;True;False;False;True;True;False;False;False;True;False;True;False;True;False;True;False;[];['has_valid_base']
0af8789b-84b9-48d3-be52-5346f5c0fc36;SHA384Update@@LIBMD_0.0;0x67c0;0x658c;0x0;TransmitterType.LOAD;40;0;False;['0x67c0', '0x67c8', '0x67f8', '0x6800', '0x6544'];<BV64 0x10 + x0>;64;[];[];['<BV64 x0>'];[];['<BV64 x0>'];[];[];0;18446744073709551615;18446744073709551615;1;;;True;0;18446744073709551615;18446744073709551615;1;;;True;ControlType.CONTROLLED;0;<BV64 0x10>;64;[];[];[];[];[];[];[];16.0;16.0;0.0;1.0;;;True;16.0;16.0;0.0;1.0;;;True;ControlType.NO_CONTROL;0;<BV64 0x10>;64;[];[];[];[];[];[];[];16;16;0;1.0;;;True;16.0;16.0;0.0;1.0;;;True;ControlType.NO_CONTROL;0;<BV64 x0>;64;[];[];['<BV64 x0>'];[];['<BV64 x0>'];[];[];0.0;1.8446744073709552e+19;18446744073709551615;1;;;True;0.0;1.8446744073709552e+19;18446744073709551615;1;;;True;ControlType.CONTROLLED;0;<BV64 x0>;64;[];[];['<BV64 x0>'];[];['<BV64 x0>'];[];[];0.0;1.8446744073709552e+19;1.8446744073709552e+19;1.0;;;True;0.0;1.8446744073709552e+19;1.8446744073709552e+19;1.0;;;True;ControlType.CONTROLLED;0;<BV64 x0>;64;[];[];[];[];[];[];[];0;0;0;;;;False;0;0;0;;;;False;ControlType.UNKNOWN;0;[('0x67c4', <Bool x2 != 0x0>, 'Taken'), ('0x67f4', <Bool ((LOAD_64[<BV64 x0 + 0x40>]_26 << 0x3d[7:0] | LShR(LOAD_64[<BV64 x0 + 0x40>]_26, 0x3)[7:0]) & 127) == 0>, 'Taken'), ('0x67fc', <Bool x2 > 0x7f>, 'Taken'), ('0x6810', <Bool True>, 'Taken')];"{'regs': ['<BV64 x0>', '<BV64 x2>'], 'indirect_regs': [""<BV64 x0>: ['0x40']""], 'direct_regs': ['<BV64 x2>'], 'mem': ['<BV64 x0 + 0x40>'], 'const_mem': []}";[];{'regs': [], 'indirect_regs': [], 'direct_regs': [], 'mem': [], 'const_mem': []};{'regs': ['<BV64 x0>'], 'indirect_regs': [], 'direct_regs': ['<BV64 x0>'], 'mem': [], 'const_mem': []};{'regs': ['<BV64 x0>', '<BV64 x2>'], 'indirect_regs': [], 'direct_regs': ['<BV64 x0>', '<BV64 x2>'], 'mem': ['<BV64 x0 + 0x40>'], 'const_mem': []};63.0;0.0;64.0;64.0;[];;;;BaseControlType.CONSTANT_BASE;BaseControlType.CONSTANT_BASE;BaseControlType.CONSTANT_BASE;4;BranchControlType.BRANCH_DEPENDS_ON_SECRET_VALUE;BranchControlType.BRANCH_INDEPENDENT_FROM_SECRET;25996;True;False;True;True;True;False;False;True;True;False;False;False;True;False;True;True;True;False;True;False;[];['has_valid_base'];True;False;True;True;True;False;False;True;True;False;False;False;True;False;True;True;True;False;True;False;[];['has_valid_base']
6a746019-7c15-4a17-95de-ce9d9760f840;SHA256End@@LIBMD_0.0;0x80c4;0x6354;0x0;TransmitterType.STORE;38;0;False;['0x80c4', '0x80f8', '0x6460', '0x6260', '0x6340'];<BV64 0x51 + x0>;64;[];[];['<BV64 x0>'];[];['<BV64 x0>'];[];[];0;18446744073709551615;18446744073709551615;1;;;True;0;18446744073709551615;18446744073709551615;1;;;True;ControlType.CONTROLLED;0;<BV64 0x51>;64;[];[];[];[];[];[];[];81.0;81.0;0.0;1.0;;;True;81.0;81.0;0.0;1.0;;;True;ControlType.NO_CONTROL;0;<BV64 0x51>;64;[];[];[];[];[];[];[];81;81;0;1.0;;;True;81.0;81.0;0.0;1.0;;;True;ControlType.NO_CONTROL;0;<BV64 x0>;64;[];[];['<BV64 x0>'];[];['<BV64 x0>'];[];[];0.0;1.8446744073709552e+19;18446744073709551615;1;;;True;0.0;1.8446744073709552e+19;18446744073709551615;1;;;True;ControlType.CONTROLLED;0;<BV64 x0>;64;[];[];['<BV64 x0>'];[];['<BV64 x0>'];[];[];0.0;1.8446744073709552e+19;1.8446744073709552e+19;1.0;;;True;0.0;1.8446744073709552e+19;1.8446744073709552e+19;1.0;;;True;ControlType.CONTROLLED;0;<BV64 x0>;64;[];[];[];[];[];[];[];0;0;0;;;;False;0;0;0;;;;False;ControlType.UNKNOWN;0;[('0x627c', <Bool ((LOAD_64[<BV64 x0 + 0x40>]_35[31:0] << 0x1d[7:0] | LShR(LOAD_64[<BV64 x0 + 0x40>]_35[31:0], 0x3)[7:0]) & 63) == 0>, 'Taken'), ('0x647c', <Bool True>, 'Taken'), ('0x80f4', <Bool x1 != 0x0>, 'Taken'), ('0x8100', <Bool True>, 'Taken')];"{'regs': ['<BV64 x0>', '<BV64 x1>'], 'indirect_regs': [""<BV64 x0>: ['0x40']""], 'direct_regs': ['<BV64 x1>'], 'mem': ['<BV64 x0 + 0x40>'], 'const_mem': []}";[];{'regs': [], 'indirect_regs': [], 'direct_regs': [], 'mem': [], 'const_mem': []};{'regs': ['<BV64 x0>'], 'indirect_regs': [], 'direct_regs': ['<BV64 x0>'], 'mem': [], 'const_mem': []};{'regs': ['<BV64 x0>', '<BV64 x1>'], 'indirect_regs': [], 'direct_regs': ['<BV64 x0>', '<BV64 x1>'], 'mem': ['<BV64 x0 + 0x40>'], 'const_mem': []};63.0;0.0;64.0;64.0;[];;;;BaseControlType.CONSTANT_BASE;BaseControlType.CONSTANT_BASE;BaseControlType.CONSTANT_BASE;4;BranchControlType.BRANCH_DEPENDS_ON_SECRET_VALUE;BranchControlType.BRANCH_INDEPENDENT_FROM_SECRET;25428;True;False;True;True;True;False;False;True;True;False;False;False;True;False;True;True;True;False;True;False;[];['has_valid_base'];True;False;True;True;True;False;False;True;True;False;False;False;True;False;True;True;True;False;True;False;[];['has_valid_base']
28819381-788c-4fee-95e6-df5976391e13;SHA384Transform@@LIBMD_0.0;0x6544;0x6590;0x0;TransmitterType.LOAD;20;0;False;['0x6544'];<BV64 0x20 + x0>;64;[];[];['<BV64 x0>'];[];['<BV64 x0>'];[];[];0;18446744073709551615;18446744073709551615;1;;;True;0;18446744073709551615;18446744073709551615;1;;;True;ControlType.CONTROLLED;0;<BV64 0x20>;64;[];[];[];[];[];[];[];32.0;32.0;0.0;1.0;;;True;32.0;32.0;0.0;1.0;;;True;ControlType.NO_CONTROL;0;<BV64 0x20>;64;[];[];[];[];[];[];[];32;32;0;1.0;;;True;32.0;32.0;0.0;1.0;;;True;ControlType.NO_CONTROL;0;<BV64 x0>;64;[];[];['<BV64 x0>'];[];['<BV64 x0>'];[];[];0.0;1.8446744073709552e+19;18446744073709551615;1;;;True;0.0;1.8446744073709552e+19;18446744073709551615;1;;;True;ControlType.CONTROLLED;0;<BV64 x0>;64;[];[];['<BV64 x0>'];[];['<BV64 x0>'];[];[];0.0;1.8446744073709552e+19;1.8446744073709552e+19;1.0;;;True;0.0;1.8446744073709552e+19;1.8446744073709552e+19;1.0;;;True;ControlType.CONTROLLED;0;<BV64 x0>;64;[];[];[];[];[];[];[];0;0;0;;;;False;0;0;0;;;;False;ControlType.UNKNOWN;0;[];{'regs': [], 'indirect_regs': [], 'direct_regs': [], 'mem': [], 'const_mem': []};[];{'regs': [], 'indirect_regs': [], 'direct_regs': [], 'mem': [], 'const_mem': []};{'regs': ['<BV64 x0>'], 'indirect_regs': [], 'direct_regs': ['<BV64 x0>'], 'mem': [], 'const_mem': []};{'regs': ['<BV64 x0>'], 'indirect_regs': [], 'direct_regs': ['<BV64 x0>'], 'mem': [], 'const_mem': []};63.0;0.0;64.0;64.0;[];;;;BaseControlType.CONSTANT_BASE;BaseControlType.CONSTANT_BASE;BaseControlType.CONSTANT_BASE;0;BranchControlType.BRANCH_INDEPENDENT_FROM_SECRET;BranchControlType.BRANCH_INDEPENDENT_FROM_SECRET;26000;True;False;True;True;True;False;False;True;True;False;False;False;True;False;True;False;True;False;True;False;[];['has_valid_base'];True;False;True;True;True;False;False;True;True;False;False;False;True;False;True;False;True;False;True;False;[];['has_valid_base']
3aec2bbe-ffe5-4fdb-adce-3e5403aa6d27;SHA512_256Init@@LIBMD_0.1;0x6c80;0x6cbc;0x0;TransmitterType.STORE;17;0;False;['0x6c80'];<BV64 0x90 + x0>;64;[];[];['<BV64 x0>'];[];['<BV64 x0>'];[];[];0;18446744073709551615;18446744073709551615;1;;;True;0;18446744073709551615;18446744073709551615;1;;;True;ControlType.CONTROLLED;0;<BV64 0x90>;64;[];[];[];[];[];[];[];144.0;144.0;0.0;1.0;;;True;144.0;144.0;0.0;1.0;;;True;ControlType.NO_CONTROL;0;<BV64 0x90>;64;[];[];[];[];[];[];[];144;144;0;1.0;;;True;144.0;144.0;0.0;1.0;;;True;ControlType.NO_CONTROL;0;<BV64 x0>;64;[];[];['<BV64 x0>'];[];['<BV64 x0>'];[];[];0.0;1.8446744073709552e+19;18446744073709551615;1;;;True;0.0;1.8446744073709552e+19;18446744073709551615;1;;;True;ControlType.CONTROLLED;0;<BV64 x0>;64;[];[];['<BV64 x0>'];[];['<BV64 x0>'];[];[];0.0;1.8446744073709552e+19;1.8446744073709552e+19;1.0;;;True;0.0;1.8446744073709552e+19;1.8446744073709552e+19;1.0;;;True;ControlType.CONTROLLED;0;<BV64 x0>;64;[];[];[];[];[];[];[];0;0;0;;;;False;0;0;0;;;;False;ControlType.UNKNOWN;0;[];{'regs': [], 'indirect_regs': [], 'direct_regs': [], 'mem': [], 'const_mem': []};[];{'regs': [], 'indirect_regs': [], 'direct_regs': [], 'mem': [], 'const_mem': []};{'regs': ['<BV64 x0>'], 'indirect_regs': [], 'direct_regs': ['<BV64 x0>'], 'mem': [], 'const_mem': []};{'regs': ['<BV64 x0>'], 'indirect_regs': [], 'direct_regs': ['<BV64 x0>'], 'mem': [], 'const_mem': []};63.0;0.0;64.0;64.0;[];;;;BaseControlType.CONSTANT_BASE;BaseControlType.CONSTANT_BASE;BaseControlType.CONSTANT_BASE;0;BranchControlType.BRANCH_INDEPENDENT_FROM_SECRET;BranchControlType.BRANCH_INDEPENDENT_FROM_SECRET;27836;True;False;True;True;True;False;False;True;True;False;False;False;True;False;True;False;True;False;True;False;[];['has_valid_base'];True;False;True;True;True;False;False;True;True;False;False;False;True;False;True;False;True;False;True;False;[];['has_valid_base']
50087a22-b818-45e6-950b-0749b6de05b7;SHA224Update@@LIBMD_0.1;0x610c;0x5eec;0x0;TransmitterType.LOAD;36;0;False;['0x610c', '0x6114', '0x6144', '0x614c', '0x5ec0'];<BV64 x0>;64;[];[];['<BV64 x0>'];[];['<BV64 x0>'];[];[];0;18446744073709551615;18446744073709551615;1;;;True;0;18446744073709551615;18446744073709551615;1;;;True;ControlType.CONTROLLED;0;;0;[];[];[];[];[];[];[];0.0;0.0;0.0;0.0;;;False;0.0;0.0;0.0;0.0;;;False;ControlType.UNKNOWN;0;;0;[];[];[];[];[];[];[];0;0;0;;;;False;0.0;0.0;0.0;0.0;;;False;ControlType.UNKNOWN;0;<BV64 x0>;64;[];[];['<BV64 x0>'];[];['<BV64 x0>'];[];[];0.0;1.8446744073709552e+19;18446744073709551615;1;;;True;0.0;1.8446744073709552e+19;18446744073709551615;1;;;True;ControlType.CONTROLLED;0;<BV64 x0>;64;[];[];['<BV64 x0>'];[];['<BV64 x0>'];[];[];0.0;1.8446744073709552e+19;1.8446744073709552e+19;1.0;;;True;0.0;1.8446744073709552e+19;1.8446744073709552e+19;1.0;;;True;ControlType.CONTROLLED;0;<BV64 x0>;64;[];[];[];[];[];[];[];0;0;0;;;;False;0;0;0;;;;False;ControlType.UNKNOWN;0;[('0x6110', <Bool x2 != 0x0>, 'Taken'), ('0x6140', <Bool ((LOAD_64[<BV64 x0 + 0x40>]_26 << 0x3d[7:0] | LShR(LOAD_64[<BV64 x0 + 0x40>]_26, 0x3)[7:0]) & 63) == 0>, 'Taken'), ('0x6148', <Bool x2 > 0x3f>, 'Taken'), ('0x6168', <Bool True>, 'Taken')];"{'regs': ['<BV64 x0>', '<BV64 x2>'], 'indirect_regs': [""<BV64 x0>: ['0x40']""], 'direct_regs': ['<BV64 x2>'], 'mem': ['<BV64 x0 + 0x40>'], 'const_mem': []}";[];{'regs': [], 'indirect_regs': [], 'direct_regs': [], 'mem': [], 'const_mem': []};{'regs': ['<BV64 x0>'], 'indirect_regs': [], 'direct_regs': ['<BV64 x0>'], 'mem': [], 'const_mem': []};{'regs': ['<BV64 x0>', '<BV64 x2>'], 'indirect_regs': [], 'direct_regs': ['<BV64 x0>', '<BV64 x2>'], 'mem': ['<BV64 x0 + 0x40>'], 'const_mem': []};63.0;0.0;64.0;64.0;['<Bool LOAD_128[<BV64 x0>]_31[31:0] == LOAD_32[<BV64 x0>]_33>'];;;;BaseControlType.NO_BASE;BaseControlType.NO_BASE;BaseControlType.NO_BASE;4;BranchControlType.BRANCH_DEPENDS_ON_SECRET_VALUE;BranchControlType.BRANCH_INDEPENDENT_FROM_SECRET;24300;True;False;True;True;True;False;False;True;True;False;False;False;True;False;True;True;True;False;True;False;[];['has_valid_base'];True;False;True;True;True;False;False;True;True;False;False;False;True;False;True;True;True;False;True;False;[];['has_valid_base']
175aeba9-65ba-4060-bbb3-bff9921ed5c5;SHA512Init@@LIBMD_0.0;0x64ec;0x652c;0x0;TransmitterType.STORE;18;0;False;['0x64ec'];<BV64 0xb0 + x0>;64;[];[];['<BV64 x0>'];[];['<BV64 x0>'];[];[];0;18446744073709551615;18446744073709551615;1;;;True;0;18446744073709551615;18446744073709551615;1;;;True;ControlType.CONTROLLED;0;<BV64 0xb0>;64;[];[];[];[];[];[];[];176.0;176.0;0.0;1.0;;;True;176.0;176.0;0.0;1.0;;;True;ControlType.NO_CONTROL;0;<BV64 0xb0>;64;[];[];[];[];[];[];[];176;176;0;1.0;;;True;176.0;176.0;0.0;1.0;;;True;ControlType.NO_CONTROL;0;<BV64 x0>;64;[];[];['<BV64 x0>'];[];['<BV64 x0>'];[];[];0.0;1.8446744073709552e+19;18446744073709551615;1;;;True;0.0;1.8446744073709552e+19;18446744073709551615;1;;;True;ControlType.CONTROLLED;0;<BV64 x0>;64;[];[];['<BV64 x0>'];[];['<BV64 x0>'];[];[];0.0;1.8446744073709552e+19;1.8446744073709552e+19;1.0;;;True;0.0;1.8446744073709552e+19;1.8446744073709552e+19;1.0;;;True;ControlType.CONTROLLED;0;<BV64 x0>;64;[];[];[];[];[];[];[];0;0;0;;;;False;0;0;0;;;;False;ControlType.UNKNOWN;0;[];{'regs': [], 'indirect_regs': [], 'direct_regs': [], 'mem': [], 'const_mem': []};[];{'regs': [], 'indirect_regs': [], 'direct_regs': [], 'mem': [], 'const_mem': []};{'regs': ['<BV64 x0>'], 'indirect_regs': [], 'direct_regs': ['<BV64 x0>'], 'mem': [], 'const_mem': []};{'regs': ['<BV64 x0>'], 'indirect_regs': [], 'direct_regs': ['<BV64 x0>'], 'mem': [], 'const_mem': []};63.0;0.0;64.0;64.0;[];;;;BaseControlType.CONSTANT_BASE;BaseControlType.CONSTANT_BASE;BaseControlType.CONSTANT_BASE;0;BranchControlType.BRANCH_INDEPENDENT_FROM_SECRET;BranchControlType.BRANCH_INDEPENDENT_FROM_SECRET;25900;True;False;True;True;True;False;False;True;True;False;False;False;True;False;True;False;True;False;True;False;[];['has_valid_base'];True;False;True;True;True;False;False;True;True;False;False;False;True;False;True;False;True;False;True;False;[];['has_valid_base']
ff7ebbf5-8fb4-4e4f-979d-43f50a6b5935;SHA256Init@@LIBMD_0.0;0x640c;0x643c;0x0;TransmitterType.STORE;14;0;False;['0x640c'];<BV64 0x80 + x0>;64;[];[];['<BV64 x0>'];[];['<BV64 x0>'];[];[];0;18446744073709551615;18446744073709551615;1;;;True;0;18446744073709551615;18446744073709551615;1;;;True;ControlType.CONTROLLED;0;<BV64 0x80>;64;[];[];[];[];[];[];[];128.0;128.0;0.0;1.0;;;True;128.0;128.0;0.0;1.0;;;True;ControlType.NO_CONTROL;0;<BV64 0x80>;64;[];[];[];[];[];[];[];128;128;0;1.0;;;True;128.0;128.0;0.0;1.0;;;True;ControlType.NO_CONTROL;0;<BV64 x0>;64;[];[];['<BV64 x0>'];[];['<BV64 x0>'];[];[];0.0;1.8446744073709552e+19;18446744073709551615;1;;;True;0.0;1.8446744073709552e+19;18446744073709551615;1;;;True;ControlType.CONTROLLED;0;<BV64 x0>;64;[];[];['<BV64 x0>'];[];['<BV64 x0>'];[];[];0.0;1.8446744073709552e+19;1.8446744073709552e+19;1.0;;;True;0.0;1.8446744073709552e+19;1.8446744073709552e+19;1.0;;;True;ControlType.CONTROLLED;0;<BV64 x0>;64;[];[];[];[];[];[];[];0;0;0;;;;False;0;0;0;;;;False;ControlType.UNKNOWN;0;[];{'regs': [], 'indirect_regs': [], 'direct_regs': [], 'mem': [], 'const_mem': []};[];{'regs': [], 'indirect_regs': [], 'direct_regs': [], 'mem': [], 'const_mem': []};{'regs': ['<BV64 x0>'], 'indirect_regs': [], 'direct_regs': ['<BV64 x0>'], 'mem': [], 'const_mem': []};{'regs': ['<BV64 x0>'], 'indirect_regs': [], 'direct_regs': ['<BV64 x0>'], 'mem': [], 'const_mem': []};63.0;0.0;64.0;64.0;[];;;;BaseControlType.CONSTANT_BASE;BaseControlType.CONSTANT_BASE;BaseControlType.CONSTANT_BASE;0;BranchControlType.BRANCH_INDEPENDENT_FROM_SECRET;BranchControlType.BRANCH_INDEPENDENT_FROM_SECRET;25660;True;False;True;True;True;False;False;True;True;False;False;False;True;False;True;False;True;False;True;False;[];['has_valid_base'];True;False;True;True;True;False;False;True;True;False;False;False;True;False;True;False;True;False;True;False;[];['has_valid_base']
1e4f900a-f92a-4a3d-a39f-88a6446dcea0;SHA224Transform@@LIBMD_0.1;0x5ec0;0x5f0c;0x0;TransmitterType.LOAD;20;0;False;['0x5ec0'];<BV64 0x10 + x0>;64;[];[];['<BV64 x0>'];[];['<BV64 x0>'];[];[];0;18446744073709551615;18446744073709551615;1;;;True;0;18446744073709551615;18446744073709551615;1;;;True;ControlType.CONTROLLED;0;<BV64 0x10>;64;[];[];[];[];[];[];[];16.0;16.0;0.0;1.0;;;True;16.0;16.0;0.0;1.0;;;True;ControlType.NO_CONTROL;0;<BV64 0x10>;64;[];[];[];[];[];[];[];16;16;0;1.0;;;True;16.0;16.0;0.0;1.0;;;True;ControlType.NO_CONTROL;0;<BV64 x0>;64;[];[];['<BV64 x0>'];[];['<BV64 x0>'];[];[];0.0;1.8446744073709552e+19;18446744073709551615;1;;;True;0.0;1.8446744073709552e+19;18446744073709551615;1;;;True;ControlType.CONTROLLED;0;<BV64 x0>;64;[];[];['<BV64 x0>'];[];['<BV64 x0>'];[];[];0.0;1.8446744073709552e+19;1.8446744073709552e+19;1.0;;;True;0.0;1.8446744073709552e+19;1.8446744073709552e+19;1.0;;;True;ControlType.CONTROLLED;0;<BV64 x0>;64;[];[];[];[];[];[];[];0;0;0;;;;False;0;0;0;;;;False;ControlType.UNKNOWN;0;[];{'regs': [], 'indirect_regs': [], 'direct_regs': [], 'mem': [], 'const_mem': []};[];{'regs': [], 'indirect_regs': [], 'direct_regs': [], 'mem': [], 'const_mem': []};{'regs': ['<BV64 x0>'], 'indirect_regs': [], 'direct_regs': ['<BV64 x0>'], 'mem': [], 'const_mem': []};{'regs': ['<BV64 x0>'], 'indirect_regs': [], 'direct_regs': ['<BV64 x0>'], 'mem': [], 'const_mem': []};63.0;0.0;64.0;64.0;['<Bool LOAD_128[<BV64 x0>]_23[31:0] == LOAD_32[<BV64 x0>]_25>', '<Bool LOAD_128[<BV64 x0>]_23[63:32] == LOAD_32[<BV64 x0 + 0x4>]_26>', '<Bool LOAD_128[<BV64 x0 + 0x10>]_24[31:0] == LOAD_32[<BV64 x0 + 0x10>]_31>'];;;;BaseControlType.CONSTANT_BASE;BaseControlType.CONSTANT_BASE;BaseControlType.CONSTANT_BASE;0;BranchControlType.BRANCH_INDEPENDENT_FROM_SECRET;BranchControlType.BRANCH_INDEPENDENT_FROM_SECRET;24332;True;False;True;True;True;False;False;True;True;False;False;False;True;False;True;False;True;False;True;False;[];['has_valid_base'];True;False;True;True;True;False;False;True;True;False;False;False;True;False;True;False;True;False;True;False;[];['has_valid_base']
832fc4d4-5b2b-4b82-8fd4-3e8eb9183bf8;SHA512_256Init@@LIBMD_0.1;0x6c80;0x6cc0;0x0;TransmitterType.STORE;18;0;False;['0x6c80'];<BV64 0xa0 + x0>;64;[];[];['<BV64 x0>'];[];['<BV64 x0>'];[];[];0;18446744073709551615;18446744073709551615;1;;;True;0;18446744073709551615;18446744073709551615;1;;;True;ControlType.CONTROLLED;0;<BV64 0xa0>;64;[];[];[];[];[];[];[];160.0;160.0;0.0;1.0;;;True;160.0;160.0;0.0;1.0;;;True;ControlType.NO_CONTROL;0;<BV64 0xa0>;64;[];[];[];[];[];[];[];160;160;0;1.0;;;True;160.0;160.0;0.0;1.0;;;True;ControlType.NO_CONTROL;0;<BV64 x0>;64;[];[];['<BV64 x0>'];[];['<BV64 x0>'];[];[];0.0;1.8446744073709552e+19;18446744073709551615;1;;;True;0.0;1.8446744073709552e+19;18446744073709551615;1;;;True;ControlType.CONTROLLED;0;<BV64 x0>;64;[];[];['<BV64 x0>'];[];['<BV64 x0>'];[];[];0.0;1.8446744073709552e+19;1.8446744073709552e+19;1.0;;;True;0.0;1.8446744073709552e+19;1.8446744073709552e+19;1.0;;;True;ControlType.CONTROLLED;0;<BV64 x0>;64;[];[];[];[];[];[];[];0;0;0;;;;False;0;0;0;;;;False;ControlType.UNKNOWN;0;[];{'regs': [], 'indirect_regs': [], 'direct_regs': [], 'mem': [], 'const_mem': []};[];{'regs': [], 'indirect_regs': [], 'direct_regs': [], 'mem': [], 'const_mem': []};{'regs': ['<BV64 x0>'], 'indirect_regs': [], 'direct_regs': ['<BV64 x0>'], 'mem': [], 'const_mem': []};{'regs': ['<BV64 x0>'], 'indirect_regs': [], 'direct_regs': ['<BV64 x0>'], 'mem': [], 'const_mem': []};63.0;0.0;64.0;64.0;[];;;;BaseControlType.CONSTANT_BASE;BaseControlType.CONSTANT_BASE;BaseControlType.CONSTANT_BASE;0;BranchControlType.BRANCH_INDEPENDENT_FROM_SECRET;BranchControlType.BRANCH_INDEPENDENT_FROM_SECRET;27840;True;False;True;True;True;False;False;True;True;False;False;False;True;False;True;False;True;False;True;False;[];['has_valid_base'];True;False;True;True;True;False;False;True;True;False;False;False;True;False;True;False;True;False;True;False;[];['has_valid_base']
2c99bbf7-36dd-471f-9dc8-8eee4269b054;SHA384Transform@@LIBMD_0.0;0x6544;0x6590;0x0;TransmitterType.LOAD;20;0;False;['0x6544'];<BV64 0x28 + x0>;64;[];[];['<BV64 x0>'];[];['<BV64 x0>'];[];[];0;18446744073709551615;18446744073709551615;1;;;True;0;18446744073709551615;18446744073709551615;1;;;True;ControlType.CONTROLLED;0;<BV64 0x28>;64;[];[];[];[];[];[];[];40.0;40.0;0.0;1.0;;;True;40.0;40.0;0.0;1.0;;;True;ControlType.NO_CONTROL;0;<BV64 0x28>;64;[];[];[];[];[];[];[];40;40;0;1.0;;;True;40.0;40.0;0.0;1.0;;;True;ControlType.NO_CONTROL;0;<BV64 x0>;64;[];[];['<BV64 x0>'];[];['<BV64 x0>'];[];[];0.0;1.8446744073709552e+19;18446744073709551615;1;;;True;0.0;1.8446744073709552e+19;18446744073709551615;1;;;True;ControlType.CONTROLLED;0;<BV64 x0>;64;[];[];['<BV64 x0>'];[];['<BV64 x0>'];[];[];0.0;1.8446744073709552e+19;1.8446744073709552e+19;1.0;;;True;0.0;1.8446744073709552e+19;1.8446744073709552e+19;1.0;;;True;ControlType.CONTROLLED;0;<BV64 x0>;64;[];[];[];[];[];[];[];0;0;0;;;;False;0;0;0;;;;False;ControlType.UNKNOWN;0;[];{'regs': [], 'indirect_regs': [], 'direct_regs': [], 'mem': [], 'const_mem': []};[];{'regs': [], 'indirect_regs': [], 'direct_regs': [], 'mem': [], 'const_mem': []};{'regs': ['<BV64 x0>'], 'indirect_regs': [], 'direct_regs': ['<BV64 x0>'], 'mem': [], 'const_mem': []};{'regs': ['<BV64 x0>'], 'indirect_regs': [], 'direct_regs': ['<BV64 x0>'], 'mem': [], 'const_mem': []};63.0;0.0;64.0;64.0;[];;;;BaseControlType.CONSTANT_BASE;BaseControlType.CONSTANT_BASE;BaseControlType.CONSTANT_BASE;0;BranchControlType.BRANCH_INDEPENDENT_FROM_SECRET;BranchControlType.BRANCH_INDEPENDENT_FROM_SECRET;26000;True;False;True;True;True;False;False;True;True;False;False;False;True;False;True;False;True;False;True;False;[];['has_valid_base'];True;False;True;True;True;False;False;True;True;False;False;False;True;False;True;False;True;False;True;False;[];['has_valid_base']
4ef95cd7-8e9e-446d-b725-b896003f7c4a;SHA384Pad@@LIBMD_0.0;0x6920;0x658c;0x0;TransmitterType.LOAD;40;0;False;['0x6920', '0x6940', '0x695c', '0x697c', '0x6544'];<BV64 0x10 + x0>;64;[];[];['<BV64 x0>'];[];['<BV64 x0>'];[];[];0;18446744073709551615;18446744073709551615;1;;;True;0;18446744073709551615;18446744073709551615;1;;;True;ControlType.CONTROLLED;0;<BV64 0x10>;64;[];[];[];[];[];[];[];16.0;16.0;0.0;1.0;;;True;16.0;16.0;0.0;1.0;;;True;ControlType.NO_CONTROL;0;<BV64 0x10>;64;[];[];[];[];[];[];[];16;16;0;1.0;;;True;16.0;16.0;0.0;1.0;;;True;ControlType.NO_CONTROL;0;<BV64 x0>;64;[];[];['<BV64 x0>'];[];['<BV64 x0>'];[];[];0.0;1.8446744073709552e+19;18446744073709551615;1;;;True;0.0;1.8446744073709552e+19;18446744073709551615;1;;;True;ControlType.CONTROLLED;0;<BV64 x0>;64;[];[];['<BV64 x0>'];[];['<BV64 x0>'];[];[];0.0;1.8446744073709552e+19;1.8446744073709552e+19;1.0;;;True;0.0;1.8446744073709552e+19;1.8446744073709552e+19;1.0;;;True;ControlType.CONTROLLED;0;<BV64 x0>;64;[];[];[];[];[];[];[];0;0;0;;;;False;0;0;0;;;;False;ControlType.UNKNOWN;0;[('0x693c', <Bool ((LOAD_64[<BV64 x0 + 0x40>]_24[31:0] << 0x1d[7:0] | LShR(LOAD_64[<BV64 x0 + 0x40>]_24[31:0], 0x3)[7:0]) & 127) != 0>, 'Taken'), ('0x6958', <Bool (0x0 .. LOAD_64[<BV64 x0 + 0x40>]_24[9:3]) + 0x1 > 0x70>, 'Taken'), ('0x6960', <Bool 0x1 + (0x0 .. LOAD_64[<BV64 x0 + 0x40>]_24[9:3]) == 0x80>, 'Taken'), ('0x6988', <Bool True>, 'Taken')];"{'regs': ['<BV64 x0>'], 'indirect_regs': [""<BV64 x0>: ['0x40', '0x40', '0x40']""], 'direct_regs': [], 'mem': ['<BV64 x0 + 0x40>'], 'const_mem': []}";[];{'regs': [], 'indirect_regs': [], 'direct_regs': [], 'mem': [], 'const_mem': []};{'regs': ['<BV64 x0>'], 'indirect_regs': [], 'direct_regs': ['<BV64 x0>'], 'mem': [], 'const_mem': []};{'regs': ['<BV64 x0>'], 'indirect_regs': [], 'direct_regs': ['<BV64 x0>'], 'mem': ['<BV64 x0 + 0x40>'], 'const_mem': []};63.0;0.0;64.0;64.0;[];;;;BaseControlType.CONSTANT_BASE;BaseControlType.CONSTANT_BASE;BaseControlType.CONSTANT_BASE;4;BranchControlType.BRANCH_DEPENDS_ON_SECRET_VALUE;BranchControlType.BRANCH_INDEPENDENT_FROM_SECRET;25996;True;False;True;True;True;False;False;True;True;False;False;False;True;False;True;True;True;False;True;False;[];['has_valid_base'];True;False;True;True;True;False;False;True;True;False;False;False;True;False;True;True;True;False;True;False;[];['has_valid_base']
c1d3bc94-891c-4370-b956-7d0f9b02fbeb;SHA256Transform@@LIBMD_0.0;0x5ec0;0x5f0c;0x0;TransmitterType.LOAD;20;0;False;['0x5ec0'];<BV64 0x14 + x0>;64;[];[];['<BV64 x0>'];[];['<BV64 x0>'];[];[];0;18446744073709551615;18446744073709551615;1;;;True;0;18446744073709551615;18446744073709551615;1;;;True;ControlType.CONTROLLED;0;<BV64 0x14>;64;[];[];[];[];[];[];[];20.0;20.0;0.0;1.0;;;True;20.0;20.0;0.0;1.0;;;True;ControlType.NO_CONTROL;0;<BV64 0x14>;64;[];[];[];[];[];[];[];20;20;0;1.0;;;True;20.0;20.0;0.0;1.0;;;True;ControlType.NO_CONTROL;0;<BV64 x0>;64;[];[];['<BV64 x0>'];[];['<BV64 x0>'];[];[];0.0;1.8446744073709552e+19;18446744073709551615;1;;;True;0.0;1.8446744073709552e+19;18446744073709551615;1;;;True;ControlType.CONTROLLED;0;<BV64 x0>;64;[];[];['<BV64 x0>'];[];['<BV64 x0>'];[];[];0.0;1.8446744073709552e+19;1.8446744073709552e+19;1.0;;;True;0.0;1.8446744073709552e+19;1.8446744073709552e+19;1.0;;;True;ControlType.CONTROLLED;0;<BV64 x0>;64;[];[];[];[];[];[];[];0;0;0;;;;False;0;0;0;;;;False;ControlType.UNKNOWN;0;[];{'regs': [], 'indirect_regs': [], 'direct_regs': [], 'mem': [], 'const_mem': []};[];{'regs': [], 'indirect_regs': [], 'direct_regs': [], 'mem': [], 'const_mem': []};{'regs': ['<BV64 x0>'], 'indirect_regs': [], 'direct_regs': ['<BV64 x0>'], 'mem': [], 'const_mem': []};{'regs': ['<BV64 x0>'], 'indirect_regs': [], 'direct_regs': ['<BV64 x0>'], 'mem': [], 'const_mem': []};63.0;0.0;64.0;64.0;['<Bool LOAD_128[<BV64 x0>]_23[31:0] == LOAD_32[<BV64 x0>]_25>', '<Bool LOAD_128[<BV64 x0>]_23[63:32] == LOAD_32[<BV64 x0 + 0x4>]_26>', '<Bool LOAD_128[<BV64 x0 + 0x10>]_24[31:0] == LOAD_32[<BV64 x0 + 0x10>]_31>', '<Bool LOAD_128[<BV64 x0 + 0x10>]_24[63:32] == LOAD_32[<BV64 x0 + 0x14>]_32>'];;;;BaseControlType.CONSTANT_BASE;BaseControlType.CONSTANT_BASE;BaseControlType.CONSTANT_BASE;0;BranchControlType.BRANCH_INDEPENDENT_FROM_SECRET;BranchControlType.BRANCH_INDEPENDENT_FROM_SECRET;24332;True;False;True;True;True;False;False;True;True;False;False;False;True;False;True;False;True;False;True;False;[];['has_valid_base'];True;False;True;True;True;False;False;True;True;False;False;False;True;False;True;False;True;False;True;False;[];['has_valid_base']
ae0138dc-b8f9-4532-a62b-04dc6701a77a;SHA512Init@@LIBMD_0.0;0x64ec;0x6538;0x0;TransmitterType.STORE;22;0;False;['0x64ec'];<BV64 0x40 + x0>;64;[];[];['<BV64 x0>'];[];['<BV64 x0>'];[];[];0;18446744073709551615;18446744073709551615;1;;;True;0;18446744073709551615;18446744073709551615;1;;;True;ControlType.CONTROLLED;0;<BV64 0x40>;64;[];[];[];[];[];[];[];64.0;64.0;0.0;1.0;;;True;64.0;64.0;0.0;1.0;;;True;ControlType.NO_CONTROL;0;<BV64 0x40>;64;[];[];[];[];[];[];[];64;64;0;1.0;;;True;64.0;64.0;0.0;1.0;;;True;ControlType.NO_CONTROL;0;<BV64 x0>;64;[];[];['<BV64 x0>'];[];['<BV64 x0>'];[];[];0.0;1.8446744073709552e+19;18446744073709551615;1;;;True;0.0;1.8446744073709552e+19;18446744073709551615;1;;;True;ControlType.CONTROLLED;0;<BV64 x0>;64;[];[];['<BV64 x0>'];[];['<BV64 x0>'];[];[];0.0;1.8446744073709552e+19;1.8446744073709552e+19;1.0;;;True;0.0;1.8446744073709552e+19;1.8446744073709552e+19;1.0;;;True;ControlType.CONTROLLED;0;<BV64 x0>;64;[];[];[];[];[];[];[];0;0;0;;;;False;0;0;0;;;;False;ControlType.UNKNOWN;0;[];{'regs': [], 'indirect_regs': [], 'direct_regs': [], 'mem': [], 'const_mem': []};[];{'regs': [], 'indirect_regs': [], 'direct_regs': [], 'mem': [], 'const_mem': []};{'regs': ['<BV64 x0>'], 'indirect_regs': [], 'direct_regs': ['<BV64 x0>'], 'mem': [], 'const_mem': []};{'regs': ['<BV64 x0>'], 'indirect_regs': [], 'direct_regs': ['<BV64 x0>'], 'mem': [], 'const_mem': []};63.0;0.0;64.0;64.0;[];;;;BaseControlType.CONSTANT_BASE;BaseControlType.CONSTANT_BASE;BaseControlType.CONSTANT_BASE;0;BranchControlType.BRANCH_INDEPENDENT_FROM_SECRET;BranchControlType.BRANCH_INDEPENDENT_FROM_SECRET;25912;True;False;True;True;True;False;False;True;True;False;False;False;True;False;True;False;True;False;True;False;[];['has_valid_base'];True;False;True;True;True;False;False;True;True;False;False;False;True;False;True;False;True;False;True;False;[];['has_valid_base']
c38a0bc9-9e5f-4266-9f26-e5dcbbd7dede;SHA512_256Init@@LIBMD_0.1;0x6c80;0x6cc0;0x0;TransmitterType.STORE;18;0;False;['0x6c80'];<BV64 0xb0 + x0>;64;[];[];['<BV64 x0>'];[];['<BV64 x0>'];[];[];0;18446744073709551615;18446744073709551615;1;;;True;0;18446744073709551615;18446744073709551615;1;;;True;ControlType.CONTROLLED;0;<BV64 0xb0>;64;[];[];[];[];[];[];[];176.0;176.0;0.0;1.0;;;True;176.0;176.0;0.0;1.0;;;True;ControlType.NO_CONTROL;0;<BV64 0xb0>;64;[];[];[];[];[];[];[];176;176;0;1.0;;;True;176.0;176.0;0.0;1.0;;;True;ControlType.NO_CONTROL;0;<BV64 x0>;64;[];[];['<BV64 x0>'];[];['<BV64 x0>'];[];[];0.0;1.8446744073709552e+19;18446744073709551615;1;;;True;0.0;1.8446744073709552e+19;18446744073709551615;1;;;True;ControlType.CONTROLLED;0;<BV64 x0>;64;[];[];['<BV64 x0>'];[];['<BV64 x0>'];[];[];0.0;1.8446744073709552e+19;1.8446744073709552e+19;1.0;;;True;0.0;1.8446744073709552e+19;1.8446744073709552e+19;1.0;;;True;ControlType.CONTROLLED;0;<BV64 x0>;64;[];[];[];[];[];[];[];0;0;0;;;;False;0;0;0;;;;False;ControlType.UNKNOWN;0;[];{'regs': [], 'indirect_regs': [], 'direct_regs': [], 'mem': [], 'const_mem': []};[];{'regs': [], 'indirect_regs': [], 'direct_regs': [], 'mem': [], 'const_mem': []};{'regs': ['<BV64 x0>'], 'indirect_regs': [], 'direct_regs': ['<BV64 x0>'], 'mem': [], 'const_mem': []};{'regs': ['<BV64 x0>'], 'indirect_regs': [], 'direct_regs': ['<BV64 x0>'], 'mem': [], 'const_mem': []};63.0;0.0;64.0;64.0;[];;;;BaseControlType.CONSTANT_BASE;BaseControlType.CONSTANT_BASE;BaseControlType.CONSTANT_BASE;0;BranchControlType.BRANCH_INDEPENDENT_FROM_SECRET;BranchControlType.BRANCH_INDEPENDENT_FROM_SECRET;27840;True;False;True;True;True;False;False;True;True;False;False;False;True;False;True;False;True;False;True;False;[];['has_valid_base'];True;False;True;True;True;False;False;True;True;False;False;False;True;False;True;False;True;False;True;False;[];['has_valid_base']
88a88e99-d900-452a-970e-d365fa2ce2be;MD5Update@@LIBMD_0.0;0x3108;0x270c;0x0;TransmitterType.LOAD;60;0;False;['0x3108', '0x314c', '0x3150', '0x3158', '0x2688'];<BV64 0x4 + x0>;64;[];[];['<BV64 x0>'];[];['<BV64 x0>'];[];[];0;18446744073709551615;18446744073709551615;1;;;True;0;18446744073709551615;18446744073709551615;1;;;True;ControlType.CONTROLLED;0;<BV64 0x4>;64;[];[];[];[];[];[];[];4.0;4.0;0.0;1.0;;;True;4.0;4.0;0.0;1.0;;;True;ControlType.NO_CONTROL;0;<BV64 0x4>;64;[];[];[];[];[];[];[];4;4;0;1.0;;;True;4.0;4.0;0.0;1.0;;;True;ControlType.NO_CONTROL;0;<BV64 x0>;64;[];[];['<BV64 x0>'];[];['<BV64 x0>'];[];[];0.0;1.8446744073709552e+19;18446744073709551615;1;;;True;0.0;1.8446744073709552e+19;18446744073709551615;1;;;True;ControlType.CONTROLLED;0;<BV64 x0>;64;[];[];['<BV64 x0>'];[];['<BV64 x0>'];[];[];0.0;1.8446744073709552e+19;1.8446744073709552e+19;1.0;;;True;0.0;1.8446744073709552e+19;1.8446744073709552e+19;1.0;;;True;ControlType.CONTROLLED;0;<BV64 x0>;64;[];[];[];[];[];[];[];0;0;0;;;;False;0;0;0;;;;False;ControlType.UNKNOWN;0;[('0x3148', <Bool x2 >= 0x40 - ((LOAD_64[<BV64 x0 + 0x10>]_28 << 0x3d | LShR(LOAD_64[<BV64 x0 + 0x10>]_28, 0x3)) & 0x3f)>, 'Taken'), ('0x314c', <Bool LOAD_64[<BV64 x0 + 0x10>]_28[8:3] == 0>, 'Taken'), ('0x3154', <Bool x2 > 0x3f>, 'Taken'), ('0x316c', <Bool True>, 'Taken')];"{'regs': ['<BV64 x0>', '<BV64 x2>'], 'indirect_regs': [""<BV64 x0>: ['0x10', '0x10']""], 'direct_regs': ['<BV64 x2>'], 'mem': ['<BV64 x0 + 0x10>'], 'const_mem': []}";[];{'regs': [], 'indirect_regs': [], 'direct_regs': [], 'mem': [], 'const_mem': []};{'regs': ['<BV64 x0>'], 'indirect_regs': [], 'direct_regs': ['<BV64 x0>'], 'mem': [], 'const_mem': []};{'regs': ['<BV64 x0>', '<BV64 x2>'], 'indirect_regs': [], 'direct_regs': ['<BV64 x0>', '<BV64 x2>'], 'mem': ['<BV64 x0 + 0x10>'], 'const_mem': []};63.0;0.0;64.0;64.0;[];;;;BaseControlType.CONSTANT_BASE;BaseControlType.CONSTANT_BASE;BaseControlType.CONSTANT_BASE;4;BranchControlType.BRANCH_DEPENDS_ON_SECRET_VALUE;BranchControlType.BRANCH_INDEPENDENT_FROM_SECRET;9996;True;False;True;True;True;False;False;True;True;False;False;False;True;False;True;True;True;False;True;False;[];['has_valid_base'];True;False;True;True;True;False;False;True;True;False;False;False;True;False;True;True;True;False;True;False;[];['has_valid_base']
1f871aae-dabf-44f5-9e19-969891964d7e;SHA224Transform@@LIBMD_0.1;0x5ec0;0x5f0c;0x0;TransmitterType.LOAD;20;0;False;['0x5ec0'];<BV64 0x14 + x0>;64;[];[];['<BV64 x0>'];[];['<BV64 x0>'];[];[];0;18446744073709551615;18446744073709551615;1;;;True;0;18446744073709551615;18446744073709551615;1;;;True;ControlType.CONTROLLED;0;<BV64 0x14>;64;[];[];[];[];[];[];[];20.0;20.0;0.0;1.0;;;True;20.0;20.0;0.0;1.0;;;True;ControlType.NO_CONTROL;0;<BV64 0x14>;64;[];[];[];[];[];[];[];20;20;0;1.0;;;True;20.0;20.0;0.0;1.0;;;True;ControlType.NO_CONTROL;0;<BV64 x0>;64;[];[];['<BV64 x0>'];[];['<BV64 x0>'];[];[];0.0;1.8446744073709552e+19;18446744073709551615;1;;;True;0.0;1.8446744073709552e+19;18446744073709551615;1;;;True;ControlType.CONTROLLED;0;<BV64 x0>;64;[];[];['<BV64 x0>'];[];['<BV64 x0>'];[];[];0.0;1.8446744073709552e+19;1.8446744073709552e+19;1.0;;;True;0.0;1.8446744073709552e+19;1.8446744073709552e+19;1.0;;;True;ControlType.CONTROLLED;0;<BV64 x0>;64;[];[];[];[];[];[];[];0;0;0;;;;False;0;0;0;;;;False;ControlType.UNKNOWN;0;[];{'regs': [], 'indirect_regs': [], 'direct_regs': [], 'mem': [], 'const_mem': []};[];{'regs': [], 'indirect_regs': [], 'direct_regs': [], 'mem': [], 'const_mem': []};{'regs': ['<BV64 x0>'], 'indirect_regs': [], 'direct_regs': ['<BV64 x0>'], 'mem': [], 'const_mem': []};{'regs': ['<BV64 x0>'], 'indirect_regs': [], 'direct_regs': ['<BV64 x0>'], 'mem': [], 'const_mem': []};63.0;0.0;64.0;64.0;['<Bool LOAD_128[<BV64 x0>]_23[31:0] == LOAD_32[<BV64 x0>]_25>', '<Bool LOAD_128[<BV64 x0>]_23[63:32] == LOAD_32[<BV64 x0 + 0x4>]_26>', '<Bool LOAD_128[<BV64 x0 + 0x10>]_24[31:0] == LOAD_32[<BV64 x0 + 0x10>]_31>', '<Bool LOAD_128[<BV64 x0 + 0x10>]_24[63:32] == LOAD_32[<BV64 x0 + 0x14>]_32>'];;;;BaseControlType.CONSTANT_BASE;BaseControlType.CONSTANT_BASE;BaseControlType.CONSTANT_BASE;0;BranchControlType.BRANCH_INDEPENDENT_FROM_SECRET;BranchControlType.BRANCH_INDEPENDENT_FROM_SECRET;24332;True;False;True;True;True;False;False;True;True;False;False;False;True;False;True;False;True;False;True;False;[];['has_valid_base'];True;False;True;True;True;False;False;True;True;False;False;False;True;False;True;False;True;False;True;False;[];['has_valid_base']
b2ecd75a-c1b3-407b-be5a-00fe49018957;SHA512Update@@LIBMD_0.0;0x67c0;0x658c;0x0;TransmitterType.LOAD;40;0;False;['0x67c0', '0x67c8', '0x67f8', '0x6800', '0x6544'];<BV64 0x10 + x0>;64;[];[];['<BV64 x0>'];[];['<BV64 x0>'];[];[];0;18446744073709551615;18446744073709551615;1;;;True;0;18446744073709551615;18446744073709551615;1;;;True;ControlType.CONTROLLED;0;<BV64 0x10>;64;[];[];[];[];[];[];[];16.0;16.0;0.0;1.0;;;True;16.0;16.0;0.0;1.0;;;True;ControlType.NO_CONTROL;0;<BV64 0x10>;64;[];[];[];[];[];[];[];16;16;0;1.0;;;True;16.0;16.0;0.0;1.0;;;True;ControlType.NO_CONTROL;0;<BV64 x0>;64;[];[];['<BV64 x0>'];[];['<BV64 x0>'];[];[];0.0;1.8446744073709552e+19;18446744073709551615;1;;;True;0.0;1.8446744073709552e+19;18446744073709551615;1;;;True;ControlType.CONTROLLED;0;<BV64 x0>;64;[];[];['<BV64 x0>'];[];['<BV64 x0>'];[];[];0.0;1.8446744073709552e+19;1.8446744073709552e+19;1.0;;;True;0.0;1.8446744073709552e+19;1.8446744073709552e+19;1.0;;;True;ControlType.CONTROLLED;0;<BV64 x0>;64;[];[];[];[];[];[];[];0;0;0;;;;False;0;0;0;;;;False;ControlType.UNKNOWN;0;[('0x67c4', <Bool x2 != 0x0>, 'Taken'), ('0x67f4', <Bool ((LOAD_64[<BV64 x0 + 0x40>]_26 << 0x3d[7:0] | LShR(LOAD_64[<BV64 x0 + 0x40>]_26, 0x3)[7:0]) & 127) == 0>, 'Taken'), ('0x67fc', <Bool x2 > 0x7f>, 'Taken'), ('0x6810', <Bool True>, 'Taken')];"{'regs': ['<BV64 x0>', '<BV64 x2>'], 'indirect_regs': [""<BV64 x0>: ['0x40']""], 'direct_regs': ['<BV64 x2>'], 'mem': ['<BV64 x0 + 0x40>'], 'const_mem': []}";[];{'regs': [], 'indirect_regs': [], 'direct_regs': [], 'mem': [], 'const_mem': []};{'regs': ['<BV64 x0>'], 'indirect_regs': [], 'direct_regs': ['<BV64 x0>'], 'mem': [], 'const_mem': []};{'regs': ['<BV64 x0>', '<BV64 x2>'], 'indirect_regs': [], 'direct_regs': ['<BV64 x0>', '<BV64 x2>'], 'mem': ['<BV64 x0 + 0x40>'], 'const_mem': []};63.0;0.0;64.0;64.0;[];;;;BaseControlType.CONSTANT_BASE;BaseControlType.CONSTANT_BASE;BaseControlType.CONSTANT_BASE;4;BranchControlType.BRANCH_DEPENDS_ON_SECRET_VALUE;BranchControlType.BRANCH_INDEPENDENT_FROM_SECRET;25996;True;False;True;True;True;False;False;True;True;False;False;False;True;False;True;True;True;False;True;False;[];['has_valid_base'];True;False;True;True;True;False;False;True;True;False;False;False;True;False;True;True;True;False;True;False;[];['has_valid_base']
3d8a16f4-12ca-4997-870e-c79621c20238;SHA384Update@@LIBMD_0.0;0x67c0;0x658c;0x0;TransmitterType.LOAD;40;0;False;['0x67c0', '0x67c8', '0x67f8', '0x6800', '0x6544'];<BV64 0x18 + x0>;64;[];[];['<BV64 x0>'];[];['<BV64 x0>'];[];[];0;18446744073709551615;18446744073709551615;1;;;True;0;18446744073709551615;18446744073709551615;1;;;True;ControlType.CONTROLLED;0;<BV64 0x18>;64;[];[];[];[];[];[];[];24.0;24.0;0.0;1.0;;;True;24.0;24.0;0.0;1.0;;;True;ControlType.NO_CONTROL;0;<BV64 0x18>;64;[];[];[];[];[];[];[];24;24;0;1.0;;;True;24.0;24.0;0.0;1.0;;;True;ControlType.NO_CONTROL;0;<BV64 x0>;64;[];[];['<BV64 x0>'];[];['<BV64 x0>'];[];[];0.0;1.8446744073709552e+19;18446744073709551615;1;;;True;0.0;1.8446744073709552e+19;18446744073709551615;1;;;True;ControlType.CONTROLLED;0;<BV64 x0>;64;[];[];['<BV64 x0>'];[];['<BV64 x0>'];[];[];0.0;1.8446744073709552e+19;1.8446744073709552e+19;1.0;;;True;0.0;1.8446744073709552e+19;1.8446744073709552e+19;1.0;;;True;ControlType.CONTROLLED;0;<BV64 x0>;64;[];[];[];[];[];[];[];0;0;0;;;;False;0;0;0;;;;False;ControlType.UNKNOWN;0;[('0x67c4', <Bool x2 != 0x0>, 'Taken'), ('0x67f4', <Bool ((LOAD_64[<BV64 x0 + 0x40>]_26 << 0x3d[7:0] | LShR(LOAD_64[<BV64 x0 + 0x40>]_26, 0x3)[7:0]) & 127) == 0>, 'Taken'), ('0x67fc', <Bool x2 > 0x7f>, 'Taken'), ('0x6810', <Bool True>, 'Taken')];"{'regs': ['<BV64 x0>', '<BV64 x2>'], 'indirect_regs': [""<BV64 x0>: ['0x40']""], 'direct_regs': ['<BV64 x2>'], 'mem': ['<BV64 x0 + 0x40>'], 'const_mem': []}";[];{'regs': [], 'indirect_regs': [], 'direct_regs': [], 'mem': [], 'const_mem': []};{'regs': ['<BV64 x0>'], 'indirect_regs': [], 'direct_regs': ['<BV64 x0>'], 'mem': [], 'const_mem': []};{'regs': ['<BV64 x0>', '<BV64 x2>'], 'indirect_regs': [], 'direct_regs': ['<BV64 x0>', '<BV64 x2>'], 'mem': ['<BV64 x0 + 0x40>'], 'const_mem': []};63.0;0.0;64.0;64.0;[];;;;BaseControlType.CONSTANT_BASE;BaseControlType.CONSTANT_BASE;BaseControlType.CONSTANT_BASE;4;BranchControlType.BRANCH_DEPENDS_ON_SECRET_VALUE;BranchControlType.BRANCH_INDEPENDENT_FROM_SECRET;25996;True;False;True;True;True;False;False;True;True;False;False;False;True;False;True;True;True;False;True;False;[];['has_valid_base'];True;False;True;True;True;False;False;True;True;False;False;False;True;False;True;True;True;False;True;False;[];['has_valid_base']
828b163c-4fb2-4622-8ec3-2b2c1300103c;SHA384Transform@@LIBMD_0.0;0x6544;0x6594;0x0;TransmitterType.LOAD;21;0;False;['0x6544'];<BV64 0x30 + x0>;64;[];[];['<BV64 x0>'];[];['<BV64 x0>'];[];[];0;18446744073709551615;18446744073709551615;1;;;True;0;18446744073709551615;18446744073709551615;1;;;True;ControlType.CONTROLLED;0;<BV64 0x30>;64;[];[];[];[];[];[];[];48.0;48.0;0.0;1.0;;;True;48.0;48.0;0.0;1.0;;;True;ControlType.NO_CONTROL;0;<BV64 0x30>;64;[];[];[];[];[];[];[];48;48;0;1.0;;;True;48.0;48.0;0.0;1.0;;;True;ControlType.NO_CONTROL;0;<BV64 x0>;64;[];[];['<BV64 x0>'];[];['<BV64 x0>'];[];[];0.0;1.8446744073709552e+19;18446744073709551615;1;;;True;0.0;1.8446744073709552e+19;18446744073709551615;1;;;True;ControlType.CONTROLLED;0;<BV64 x0>;64;[];[];['<BV64 x0>'];[];['<BV64 x0>'];[];[];0.0;1.8446744073709552e+19;1.8446744073709552e+19;1.0;;;True;0.0;1.8446744073709552e+19;1.8446744073709552e+19;1.0;;;True;ControlType.CONTROLLED;0;<BV64 x0>;64;[];[];[];[];[];[];[];0;0;0;;;;False;0;0;0;;;;False;ControlType.UNKNOWN;0;[];{'regs': [], 'indirect_regs': [], 'direct_regs': [], 'mem': [], 'const_mem': []};[];{'regs': [], 'indirect_regs': [], 'direct_regs': [], 'mem': [], 'const_mem': []};{'regs': ['<BV64 x0>'], 'indirect_regs': [], 'direct_regs': ['<BV64 x0>'], 'mem': [], 'const_mem': []};{'regs': ['<BV64 x0>'], 'indirect_regs': [], 'direct_regs': ['<BV64 x0>'], 'mem': [], 'const_mem': []};63.0;0.0;64.0;64.0;[];;;;BaseControlType.CONSTANT_BASE;BaseControlType.CONSTANT_BASE;BaseControlType.CONSTANT_BASE;0;BranchControlType.BRANCH_INDEPENDENT_FROM_SECRET;BranchControlType.BRANCH_INDEPENDENT_FROM_SECRET;26004;True;False;True;True;True;False;False;True;True;False;False;False;True;False;True;False;True;False;True;False;[];['has_valid_base'];True;False;True;True;True;False;False;True;True;False;False;False;True;False;True;False;True;False;True;False;[];['has_valid_base']
3662919c-32eb-451c-954d-3eac1745b9ff;SHA256Init@@LIBMD_0.0;0x640c;0x643c;0x0;TransmitterType.STORE;14;0;False;['0x640c'];<BV64 0x90 + x0>;64;[];[];['<BV64 x0>'];[];['<BV64 x0>'];[];[];0;18446744073709551615;18446744073709551615;1;;;True;0;18446744073709551615;18446744073709551615;1;;;True;ControlType.CONTROLLED;0;<BV64 0x90>;64;[];[];[];[];[];[];[];144.0;144.0;0.0;1.0;;;True;144.0;144.0;0.0;1.0;;;True;ControlType.NO_CONTROL;0;<BV64 0x90>;64;[];[];[];[];[];[];[];144;144;0;1.0;;;True;144.0;144.0;0.0;1.0;;;True;ControlType.NO_CONTROL;0;<BV64 x0>;64;[];[];['<BV64 x0>'];[];['<BV64 x0>'];[];[];0.0;1.8446744073709552e+19;18446744073709551615;1;;;True;0.0;1.8446744073709552e+19;18446744073709551615;1;;;True;ControlType.CONTROLLED;0;<BV64 x0>;64;[];[];['<BV64 x0>'];[];['<BV64 x0>'];[];[];0.0;1.8446744073709552e+19;1.8446744073709552e+19;1.0;;;True;0.0;1.8446744073709552e+19;1.8446744073709552e+19;1.0;;;True;ControlType.CONTROLLED;0;<BV64 x0>;64;[];[];[];[];[];[];[];0;0;0;;;;False;0;0;0;;;;False;ControlType.UNKNOWN;0;[];{'regs': [], 'indirect_regs': [], 'direct_regs': [], 'mem': [], 'const_mem': []};[];{'regs': [], 'indirect_regs': [], 'direct_regs': [], 'mem': [], 'const_mem': []};{'regs': ['<BV64 x0>'], 'indirect_regs': [], 'direct_regs': ['<BV64 x0>'], 'mem': [], 'const_mem': []};{'regs': ['<BV64 x0>'], 'indirect_regs': [], 'direct_regs': ['<BV64 x0>'], 'mem': [], 'const_mem': []};63.0;0.0;64.0;64.0;[];;;;BaseControlType.CONSTANT_BASE;BaseControlType.CONSTANT_BASE;BaseControlType.CONSTANT_BASE;0;BranchControlType.BRANCH_INDEPENDENT_FROM_SECRET;BranchControlType.BRANCH_INDEPENDENT_FROM_SECRET;25660;True;False;True;True;True;False;False;True;True;False;False;False;True;False;True;False;True;False;True;False;[];['has_valid_base'];True;False;True;True;True;False;False;True;True;False;False;False;True;False;True;False;True;False;True;False;[];['has_valid_base']
6a4121bb-2646-40fe-a71d-05484f5bade9;SHA256End@@LIBMD_0.0;0x80c4;0x6358;0x0;TransmitterType.STORE;39;0;False;['0x80c4', '0x80f8', '0x6460', '0x6260', '0x6340'];<BV64 0x61 + x0>;64;[];[];['<BV64 x0>'];[];['<BV64 x0>'];[];[];0;18446744073709551615;18446744073709551615;1;;;True;0;18446744073709551615;18446744073709551615;1;;;True;ControlType.CONTROLLED;0;<BV64 0x61>;64;[];[];[];[];[];[];[];97.0;97.0;0.0;1.0;;;True;97.0;97.0;0.0;1.0;;;True;ControlType.NO_CONTROL;0;<BV64 0x61>;64;[];[];[];[];[];[];[];97;97;0;1.0;;;True;97.0;97.0;0.0;1.0;;;True;ControlType.NO_CONTROL;0;<BV64 x0>;64;[];[];['<BV64 x0>'];[];['<BV64 x0>'];[];[];0.0;1.8446744073709552e+19;18446744073709551615;1;;;True;0.0;1.8446744073709552e+19;18446744073709551615;1;;;True;ControlType.CONTROLLED;0;<BV64 x0>;64;[];[];['<BV64 x0>'];[];['<BV64 x0>'];[];[];0.0;1.8446744073709552e+19;1.8446744073709552e+19;1.0;;;True;0.0;1.8446744073709552e+19;1.8446744073709552e+19;1.0;;;True;ControlType.CONTROLLED;0;<BV64 x0>;64;[];[];[];[];[];[];[];0;0;0;;;;False;0;0;0;;;;False;ControlType.UNKNOWN;0;[('0x627c', <Bool ((LOAD_64[<BV64 x0 + 0x40>]_35[31:0] << 0x1d[7:0] | LShR(LOAD_64[<BV64 x0 + 0x40>]_35[31:0], 0x3)[7:0]) & 63) == 0>, 'Taken'), ('0x647c', <Bool True>, 'Taken'), ('0x80f4', <Bool x1 != 0x0>, 'Taken'), ('0x8100', <Bool True>, 'Taken')];"{'regs': ['<BV64 x0>', '<BV64 x1>'], 'indirect_regs': [""<BV64 x0>: ['0x40']""], 'direct_regs': ['<BV64 x1>'], 'mem': ['<BV64 x0 + 0x40>'], 'const_mem': []}";[];{'regs': [], 'indirect_regs': [], 'direct_regs': [], 'mem': [], 'const_mem': []};{'regs': ['<BV64 x0>'], 'indirect_regs': [], 'direct_regs': ['<BV64 x0>'], 'mem': [], 'const_mem': []};{'regs': ['<BV64 x0>', '<BV64 x1>'], 'indirect_regs': [], 'direct_regs': ['<BV64 x0>', '<BV64 x1>'], 'mem': ['<BV64 x0 + 0x40>'], 'const_mem': []};63.0;0.0;64.0;64.0;[];;;;BaseControlType.CONSTANT_BASE;BaseControlType.CONSTANT_BASE;BaseControlType.CONSTANT_BASE;4;BranchControlType.BRANCH_DEPENDS_ON_SECRET_VALUE;BranchControlType.BRANCH_INDEPENDENT_FROM_SECRET;25432;True;False;True;True;True;False;False;True;True;False;False;False;True;False;True;True;True;False;True;False;[];['has_valid_base'];True;False;True;True;True;False;False;True;True;False;False;False;True;False;True;True;True;False;True;False;[];['has_valid_base']
44563f28-e466-4f7d-8e7a-176468e77919;SHA512Init@@LIBMD_0.0;0x64ec;0x6538;0x0;TransmitterType.STORE;22;0;False;['0x64ec'];<BV64 0x48 + x0>;64;[];[];['<BV64 x0>'];[];['<BV64 x0>'];[];[];0;18446744073709551615;18446744073709551615;1;;;True;0;18446744073709551615;18446744073709551615;1;;;True;ControlType.CONTROLLED;0;<BV64 0x48>;64;[];[];[];[];[];[];[];72.0;72.0;0.0;1.0;;;True;72.0;72.0;0.0;1.0;;;True;ControlType.NO_CONTROL;0;<BV64 0x48>;64;[];[];[];[];[];[];[];72;72;0;1.0;;;True;72.0;72.0;0.0;1.0;;;True;ControlType.NO_CONTROL;0;<BV64 x0>;64;[];[];['<BV64 x0>'];[];['<BV64 x0>'];[];[];0.0;1.8446744073709552e+19;18446744073709551615;1;;;True;0.0;1.8446744073709552e+19;18446744073709551615;1;;;True;ControlType.CONTROLLED;0;<BV64 x0>;64;[];[];['<BV64 x0>'];[];['<BV64 x0>'];[];[];0.0;1.8446744073709552e+19;1.8446744073709552e+19;1.0;;;True;0.0;1.8446744073709552e+19;1.8446744073709552e+19;1.0;;;True;ControlType.CONTROLLED;0;<BV64 x0>;64;[];[];[];[];[];[];[];0;0;0;;;;False;0;0;0;;;;False;ControlType.UNKNOWN;0;[];{'regs': [], 'indirect_regs': [], 'direct_regs': [], 'mem': [], 'const_mem': []};[];{'regs': [], 'indirect_regs': [], 'direct_regs': [], 'mem': [], 'const_mem': []};{'regs': ['<BV64 x0>'], 'indirect_regs': [], 'direct_regs': ['<BV64 x0>'], 'mem': [], 'const_mem': []};{'regs': ['<BV64 x0>'], 'indirect_regs': [], 'direct_regs': ['<BV64 x0>'], 'mem': [], 'const_mem': []};63.0;0.0;64.0;64.0;[];;;;BaseControlType.CONSTANT_BASE;BaseControlType.CONSTANT_BASE;BaseControlType.CONSTANT_BASE;0;BranchControlType.BRANCH_INDEPENDENT_FROM_SECRET;BranchControlType.BRANCH_INDEPENDENT_FROM_SECRET;25912;True;False;True;True;True;False;False;True;True;False;False;False;True;False;True;False;True;False;True;False;[];['has_valid_base'];True;False;True;True;True;False;False;True;True;False;False;False;True;False;True;False;True;False;True;False;[];['has_valid_base']
6ef82cdf-1b94-44ad-8256-c820b9b49223;SHA256Final@@LIBMD_0.0;0x6460;0x6290;0x6274;TransmitterType.STORE;21;1;False;['0x6460', '0x6260', '0x6280'];<BV64 0x50 + x1 + (0#58 .. LOAD_64[<BV64 x1 + 0x40>]_28[8:3])>;64;[('0x627c', <Bool ((LOAD_64[<BV64 x1 + 0x40>]_28[31:0] << 0x1d[7:0] | LShR(LOAD_64[<BV64 x1 + 0x40>]_28[31:0], 0x3)[7:0]) & 63) != 0>, 'Taken')];[];['<BV64 x1>'];[];['<BV64 x1>'];['<BV64 x1 + 0x40>'];[];0;18446744073709551615;18446744073709551615;1;;;True;0;18446744073709551615;18446744073709551615;1;;;False;ControlType.CONTROLLED;1;<BV64 0x50 + x1>;64;[];[];['<BV64 x1>'];[];['<BV64 x1>'];[];[];0.0;1.8446744073709552e+19;1.8446744073709552e+19;1.0;;;True;0.0;1.8446744073709552e+19;1.8446744073709552e+19;1.0;;;True;ControlType.CONTROLLED;0;<BV64 0x50>;64;[];[];[];[];[];[];[];80;80;0;1.0;;;True;80.0;80.0;0.0;1.0;;;True;ControlType.NO_CONTROL;0;<BV64 0#58 .. LOAD_64[<BV64 x1 + 0x40>]_28[8:3]>;64;[('0x627c', <Bool ((LOAD_64[<BV64 x1 + 0x40>]_28[31:0] << 0x1d[7:0] | LShR(LOAD_64[<BV64 x1 + 0x40>]_28[31:0], 0x3)[7:0]) & 63) != 0>, 'Taken')];[];['<BV64 x1>'];"[""<BV64 x1>: ['0x40']""]";[];['<BV64 x1 + 0x40>'];[];0.0;63.0;63;1;;;True;1.0;63.0;62;1;;;True;ControlType.CONTROLLED;1;<BV64 x1 + 0x40>;64;[];[];['<BV64 x1>'];[];['<BV64 x1>'];[];[];0.0;1.8446744073709552e+19;1.8446744073709552e+19;1.0;;;True;0.0;1.8446744073709552e+19;1.8446744073709552e+19;1.0;;;True;ControlType.CONTROLLED;0;<BV64 LOAD_64[<BV64 x1 + 0x40>]_28>;64;[];[];[];[];[];[];[];0;0;0;;;;False;0;0;0;;;;False;ControlType.UNKNOWN;1;[('0x627c', <Bool ((LOAD_64[<BV64 x1 + 0x40>]_28[31:0] << 0x1d[7:0] | LShR(LOAD_64[<BV64 x1 + 0x40>]_28[31:0], 0x3)[7:0]) & 63) != 0>, 'Taken'), ('0x647c', <Bool True>, 'Taken')];"{'regs': ['<BV64 x1>'], 'indirect_regs': [""<BV64 x1>: ['0x40']""], 'direct_regs': [], 'mem': ['<BV64 x1 + 0x40>'], 'const_mem': []}";[];{'regs': [], 'indirect_regs': [], 'direct_regs': [], 'mem': [], 'const_mem': []};{'regs': ['<BV64 x1>'], 'indirect_regs': [], 'direct_regs': ['<BV64 x1>'], 'mem': ['<BV64 x1 + 0x40>'], 'const_mem': []};{'regs': ['<BV64 x1>'], 'indirect_regs': [], 'direct_regs': ['<BV64 x1>'], 'mem': ['<BV64 x1 + 0x40>'], 'const_mem': []};5.0;0.0;6.0;6.0;[];;<BV64 x1>;;BaseControlType.BASE_DEPENDS_ON_SECRET_ADDR;BaseControlType.BASE_DEPENDS_ON_SECRET_ADDR;BaseControlType.BASE_DEPENDS_ON_SECRET_ADDR;2;BranchControlType.BRANCH_DEPENDS_ON_SECRET_VALUE;BranchControlType.BRANCH_INDEPENDENT_FROM_SECRET;25232;True;True;True;True;True;True;False;False;True;False;True;False;True;True;False;True;True;False;True;False;[];['secret_below_cache_granularity', 'base_has_direct_secret_dependency'];True;True;True;True;True;True;False;False;True;False;True;False;True;True;False;True;True;False;True;False;[];['secret_below_cache_granularity', 'base_has_direct_secret_dependency']
ce2f3b28-e6fd-49bc-9ad8-aa94f939b02d;SHA224Update@@LIBMD_0.1;0x610c;0x5eec;0x0;TransmitterType.LOAD;36;0;False;['0x610c', '0x6114', '0x6144', '0x614c', '0x5ec0'];<BV64 0x4 + x0>;64;[];[];['<BV64 x0>'];[];['<BV64 x0>'];[];[];0;18446744073709551615;18446744073709551615;1;;;True;0;18446744073709551615;18446744073709551615;1;;;True;ControlType.CONTROLLED;0;<BV64 0x4>;64;[];[];[];[];[];[];[];4.0;4.0;0.0;1.0;;;True;4.0;4.0;0.0;1.0;;;True;ControlType.NO_CONTROL;0;<BV64 0x4>;64;[];[];[];[];[];[];[];4;4;0;1.0;;;True;4.0;4.0;0.0;1.0;;;True;ControlType.NO_CONTROL;0;<BV64 x0>;64;[];[];['<BV64 x0>'];[];['<BV64 x0>'];[];[];0.0;1.8446744073709552e+19;18446744073709551615;1;;;True;0.0;1.8446744073709552e+19;18446744073709551615;1;;;True;ControlType.CONTROLLED;0;<BV64 x0>;64;[];[];['<BV64 x0>'];[];['<BV64 x0>'];[];[];0.0;1.8446744073709552e+19;1.8446744073709552e+19;1.0;;;True;0.0;1.8446744073709552e+19;1.8446744073709552e+19;1.0;;;True;ControlType.CONTROLLED;0;<BV64 x0>;64;[];[];[];[];[];[];[];0;0;0;;;;False;0;0;0;;;;False;ControlType.UNKNOWN;0;[('0x6110', <Bool x2 != 0x0>, 'Taken'), ('0x6140', <Bool ((LOAD_64[<BV64 x0 + 0x40>]_26 << 0x3d[7:0] | LShR(LOAD_64[<BV64 x0 + 0x40>]_26, 0x3)[7:0]) & 63) == 0>, 'Taken'), ('0x6148', <Bool x2 > 0x3f>, 'Taken'), ('0x6168', <Bool True>, 'Taken')];"{'regs': ['<BV64 x0>', '<BV64 x2>'], 'indirect_regs': [""<BV64 x0>: ['0x40']""], 'direct_regs': ['<BV64 x2>'], 'mem': ['<BV64 x0 + 0x40>'], 'const_mem': []}";[];{'regs': [], 'indirect_regs': [], 'direct_regs': [], 'mem': [], 'const_mem': []};{'regs': ['<BV64 x0>'], 'indirect_regs': [], 'direct_regs': ['<BV64 x0>'], 'mem': [], 'const_mem': []};{'regs': ['<BV64 x0>', '<BV64 x2>'], 'indirect_regs': [], 'direct_regs': ['<BV64 x0>', '<BV64 x2>'], 'mem': ['<BV64 x0 + 0x40>'], 'const_mem': []};63.0;0.0;64.0;64.0;['<Bool LOAD_128[<BV64 x0>]_31[31:0] == LOAD_32[<BV64 x0>]_33>', '<Bool LOAD_128[<BV64 x0>]_31[63:32] == LOAD_32[<BV64 x0 + 0x4>]_34>'];;;;BaseControlType.CONSTANT_BASE;BaseControlType.CONSTANT_BASE;BaseControlType.CONSTANT_BASE;4;BranchControlType.BRANCH_DEPENDS_ON_SECRET_VALUE;BranchControlType.BRANCH_INDEPENDENT_FROM_SECRET;24300;True;False;True;True;True;False;False;True;True;False;False;False;True;False;True;True;True;False;True;False;[];['has_valid_base'];True;False;True;True;True;False;False;True;True;False;False;False;True;False;True;True;True;False;True;False;[];['has_valid_base']
ca2486d4-9ac2-4b91-b028-f3fe6ee63ae5;SHA512_256Init@@LIBMD_0.1;0x6c80;0x6ccc;0x0;TransmitterType.STORE;22;0;False;['0x6c80'];<BV64 0x40 + x0>;64;[];[];['<BV64 x0>'];[];['<BV64 x0>'];[];[];0;18446744073709551615;18446744073709551615;1;;;True;0;18446744073709551615;18446744073709551615;1;;;True;ControlType.CONTROLLED;0;<BV64 0x40>;64;[];[];[];[];[];[];[];64.0;64.0;0.0;1.0;;;True;64.0;64.0;0.0;1.0;;;True;ControlType.NO_CONTROL;0;<BV64 0x40>;64;[];[];[];[];[];[];[];64;64;0;1.0;;;True;64.0;64.0;0.0;1.0;;;True;ControlType.NO_CONTROL;0;<BV64 x0>;64;[];[];['<BV64 x0>'];[];['<BV64 x0>'];[];[];0.0;1.8446744073709552e+19;18446744073709551615;1;;;True;0.0;1.8446744073709552e+19;18446744073709551615;1;;;True;ControlType.CONTROLLED;0;<BV64 x0>;64;[];[];['<BV64 x0>'];[];['<BV64 x0>'];[];[];0.0;1.8446744073709552e+19;1.8446744073709552e+19;1.0;;;True;0.0;1.8446744073709552e+19;1.8446744073709552e+19;1.0;;;True;ControlType.CONTROLLED;0;<BV64 x0>;64;[];[];[];[];[];[];[];0;0;0;;;;False;0;0;0;;;;False;ControlType.UNKNOWN;0;[];{'regs': [], 'indirect_regs': [], 'direct_regs': [], 'mem': [], 'const_mem': []};[];{'regs': [], 'indirect_regs': [], 'direct_regs': [], 'mem': [], 'const_mem': []};{'regs': ['<BV64 x0>'], 'indirect_regs': [], 'direct_regs': ['<BV64 x0>'], 'mem': [], 'const_mem': []};{'regs': ['<BV64 x0>'], 'indirect_regs': [], 'direct_regs': ['<BV64 x0>'], 'mem': [], 'const_mem': []};63.0;0.0;64.0;64.0;[];;;;BaseControlType.CONSTANT_BASE;BaseControlType.CONSTANT_BASE;BaseControlType.CONSTANT_BASE;0;BranchControlType.BRANCH_INDEPENDENT_FROM_SECRET;BranchControlType.BRANCH_INDEPENDENT_FROM_SECRET;27852;True;False;True;True;True;False;False;True;True;False;False;False;True;False;True;False;True;False;True;False;[];['has_valid_base'];True;False;True;True;True;False;False;True;True;False;False;False;True;False;True;False;True;False;True;False;[];['has_valid_base']
403b52b8-cdcd-436d-a5e2-436e613b7432;SHA384Pad@@LIBMD_0.0;0x6920;0x658c;0x0;TransmitterType.LOAD;40;0;False;['0x6920', '0x6940', '0x695c', '0x697c', '0x6544'];<BV64 0x18 + x0>;64;[];[];['<BV64 x0>'];[];['<BV64 x0>'];[];[];0;18446744073709551615;18446744073709551615;1;;;True;0;18446744073709551615;18446744073709551615;1;;;True;ControlType.CONTROLLED;0;<BV64 0x18>;64;[];[];[];[];[];[];[];24.0;24.0;0.0;1.0;;;True;24.0;24.0;0.0;1.0;;;True;ControlType.NO_CONTROL;0;<BV64 0x18>;64;[];[];[];[];[];[];[];24;24;0;1.0;;;True;24.0;24.0;0.0;1.0;;;True;ControlType.NO_CONTROL;0;<BV64 x0>;64;[];[];['<BV64 x0>'];[];['<BV64 x0>'];[];[];0.0;1.8446744073709552e+19;18446744073709551615;1;;;True;0.0;1.8446744073709552e+19;18446744073709551615;1;;;True;ControlType.CONTROLLED;0;<BV64 x0>;64;[];[];['<BV64 x0>'];[];['<BV64 x0>'];[];[];0.0;1.8446744073709552e+19;1.8446744073709552e+19;1.0;;;True;0.0;1.8446744073709552e+19;1.8446744073709552e+19;1.0;;;True;ControlType.CONTROLLED;0;<BV64 x0>;64;[];[];[];[];[];[];[];0;0;0;;;;False;0;0;0;;;;False;ControlType.UNKNOWN;0;[('0x693c', <Bool ((LOAD_64[<BV64 x0 + 0x40>]_24[31:0] << 0x1d[7:0] | LShR(LOAD_64[<BV64 x0 + 0x40>]_24[31:0], 0x3)[7:0]) & 127) != 0>, 'Taken'), ('0x6958', <Bool (0x0 .. LOAD_64[<BV64 x0 + 0x40>]_24[9:3]) + 0x1 > 0x70>, 'Taken'), ('0x6960', <Bool 0x1 + (0x0 .. LOAD_64[<BV64 x0 + 0x40>]_24[9:3]) == 0x80>, 'Taken'), ('0x6988', <Bool True>, 'Taken')];"{'regs': ['<BV64 x0>'], 'indirect_regs': [""<BV64 x0>: ['0x40', '0x40', '0x40']""], 'direct_regs': [], 'mem': ['<BV64 x0 + 0x40>'], 'const_mem': []}";[];{'regs': [], 'indirect_regs': [], 'direct_regs': [], 'mem': [], 'const_mem': []};{'regs': ['<BV64 x0>'], 'indirect_regs': [], 'direct_regs': ['<BV64 x0>'], 'mem': [], 'const_mem': []};{'regs': ['<BV64 x0>'], 'indirect_regs': [], 'direct_regs': ['<BV64 x0>'], 'mem': ['<BV64 x0 + 0x40>'], 'const_mem': []};63.0;0.0;64.0;64.0;[];;;;BaseControlType.CONSTANT_BASE;BaseControlType.CONSTANT_BASE;BaseControlType.CONSTANT_BASE;4;BranchControlType.BRANCH_DEPENDS_ON_SECRET_VALUE;BranchControlType.BRANCH_INDEPENDENT_FROM_SECRET;25996;True;False;True;True;True;False;False;True;True;False;False;False;True;False;True;True;True;False;True;False;[];['has_valid_base'];True;False;True;True;True;False;False;True;True;False;False;False;True;False;True;True;True;False;True;False;[];['has_valid_base']
cfc27ded-e19f-4d8b-ab21-86c18c520e67;SHA384Transform@@LIBMD_0.0;0x6544;0x6594;0x0;TransmitterType.LOAD;21;0;False;['0x6544'];<BV64 0x38 + x0>;64;[];[];['<BV64 x0>'];[];['<BV64 x0>'];[];[];0;18446744073709551615;18446744073709551615;1;;;True;0;18446744073709551615;18446744073709551615;1;;;True;ControlType.CONTROLLED;0;<BV64 0x38>;64;[];[];[];[];[];[];[];56.0;56.0;0.0;1.0;;;True;56.0;56.0;0.0;1.0;;;True;ControlType.NO_CONTROL;0;<BV64 0x38>;64;[];[];[];[];[];[];[];56;56;0;1.0;;;True;56.0;56.0;0.0;1.0;;;True;ControlType.NO_CONTROL;0;<BV64 x0>;64;[];[];['<BV64 x0>'];[];['<BV64 x0>'];[];[];0.0;1.8446744073709552e+19;18446744073709551615;1;;;True;0.0;1.8446744073709552e+19;18446744073709551615;1;;;True;ControlType.CONTROLLED;0;<BV64 x0>;64;[];[];['<BV64 x0>'];[];['<BV64 x0>'];[];[];0.0;1.8446744073709552e+19;1.8446744073709552e+19;1.0;;;True;0.0;1.8446744073709552e+19;1.8446744073709552e+19;1.0;;;True;ControlType.CONTROLLED;0;<BV64 x0>;64;[];[];[];[];[];[];[];0;0;0;;;;False;0;0;0;;;;False;ControlType.UNKNOWN;0;[];{'regs': [], 'indirect_regs': [], 'direct_regs': [], 'mem': [], 'const_mem': []};[];{'regs': [], 'indirect_regs': [], 'direct_regs': [], 'mem': [], 'const_mem': []};{'regs': ['<BV64 x0>'], 'indirect_regs': [], 'direct_regs': ['<BV64 x0>'], 'mem': [], 'const_mem': []};{'regs': ['<BV64 x0>'], 'indirect_regs': [], 'direct_regs': ['<BV64 x0>'], 'mem': [], 'const_mem': []};63.0;0.0;64.0;64.0;[];;;;BaseControlType.CONSTANT_BASE;BaseControlType.CONSTANT_BASE;BaseControlType.CONSTANT_BASE;0;BranchControlType.BRANCH_INDEPENDENT_FROM_SECRET;BranchControlType.BRANCH_INDEPENDENT_FROM_SECRET;26004;True;False;True;True;True;False;False;True;True;False;False;False;True;False;True;False;True;False;True;False;[];['has_valid_base'];True;False;True;True;True;False;False;True;True;False;False;False;True;False;True;False;True;False;True;False;[];['has_valid_base']
4d86a05a-9c0c-4a47-ae8c-e2ca7feed224;SHA512Init@@LIBMD_0.0;0x64ec;0x653c;0x0;TransmitterType.STORE;23;0;False;['0x64ec'];<BV64 0xc0 + x0>;64;[];[];['<BV64 x0>'];[];['<BV64 x0>'];[];[];0;18446744073709551615;18446744073709551615;1;;;True;0;18446744073709551615;18446744073709551615;1;;;True;ControlType.CONTROLLED;0;<BV64 0xc0>;64;[];[];[];[];[];[];[];192.0;192.0;0.0;1.0;;;True;192.0;192.0;0.0;1.0;;;True;ControlType.NO_CONTROL;0;<BV64 0xc0>;64;[];[];[];[];[];[];[];192;192;0;1.0;;;True;192.0;192.0;0.0;1.0;;;True;ControlType.NO_CONTROL;0;<BV64 x0>;64;[];[];['<BV64 x0>'];[];['<BV64 x0>'];[];[];0.0;1.8446744073709552e+19;18446744073709551615;1;;;True;0.0;1.8446744073709552e+19;18446744073709551615;1;;;True;ControlType.CONTROLLED;0;<BV64 x0>;64;[];[];['<BV64 x0>'];[];['<BV64 x0>'];[];[];0.0;1.8446744073709552e+19;1.8446744073709552e+19;1.0;;;True;0.0;1.8446744073709552e+19;1.8446744073709552e+19;1.0;;;True;ControlType.CONTROLLED;0;<BV64 x0>;64;[];[];[];[];[];[];[];0;0;0;;;;False;0;0;0;;;;False;ControlType.UNKNOWN;0;[];{'regs': [], 'indirect_regs': [], 'direct_regs': [], 'mem': [], 'const_mem': []};[];{'regs': [], 'indirect_regs': [], 'direct_regs': [], 'mem': [], 'const_mem': []};{'regs': ['<BV64 x0>'], 'indirect_regs': [], 'direct_regs': ['<BV64 x0>'], 'mem': [], 'const_mem': []};{'regs': ['<BV64 x0>'], 'indirect_regs': [], 'direct_regs': ['<BV64 x0>'], 'mem': [], 'const_mem': []};63.0;0.0;64.0;64.0;[];;;;BaseControlType.CONSTANT_BASE;BaseControlType.CONSTANT_BASE;BaseControlType.CONSTANT_BASE;0;BranchControlType.BRANCH_INDEPENDENT_FROM_SECRET;BranchControlType.BRANCH_INDEPENDENT_FROM_SECRET;25916;True;False;True;True;True;False;False;True;True;False;False;False;True;False;True;False;True;False;True;False;[];['has_valid_base'];True;False;True;True;True;False;False;True;True;False;False;False;True;False;True;False;True;False;True;False;[];['has_valid_base']
2ebc5efc-ec01-4dcb-8387-619334ebe208;SHA256Init@@LIBMD_0.0;0x640c;0x6440;0x0;TransmitterType.STORE;15;0;False;['0x640c'];<BV64 0xa0 + x0>;64;[];[];['<BV64 x0>'];[];['<BV64 x0>'];[];[];0;18446744073709551615;18446744073709551615;1;;;True;0;18446744073709551615;18446744073709551615;1;;;True;ControlType.CONTROLLED;0;<BV64 0xa0>;64;[];[];[];[];[];[];[];160.0;160.0;0.0;1.0;;;True;160.0;160.0;0.0;1.0;;;True;ControlType.NO_CONTROL;0;<BV64 0xa0>;64;[];[];[];[];[];[];[];160;160;0;1.0;;;True;160.0;160.0;0.0;1.0;;;True;ControlType.NO_CONTROL;0;<BV64 x0>;64;[];[];['<BV64 x0>'];[];['<BV64 x0>'];[];[];0.0;1.8446744073709552e+19;18446744073709551615;1;;;True;0.0;1.8446744073709552e+19;18446744073709551615;1;;;True;ControlType.CONTROLLED;0;<BV64 x0>;64;[];[];['<BV64 x0>'];[];['<BV64 x0>'];[];[];0.0;1.8446744073709552e+19;1.8446744073709552e+19;1.0;;;True;0.0;1.8446744073709552e+19;1.8446744073709552e+19;1.0;;;True;ControlType.CONTROLLED;0;<BV64 x0>;64;[];[];[];[];[];[];[];0;0;0;;;;False;0;0;0;;;;False;ControlType.UNKNOWN;0;[];{'regs': [], 'indirect_regs': [], 'direct_regs': [], 'mem': [], 'const_mem': []};[];{'regs': [], 'indirect_regs': [], 'direct_regs': [], 'mem': [], 'const_mem': []};{'regs': ['<BV64 x0>'], 'indirect_regs': [], 'direct_regs': ['<BV64 x0>'], 'mem': [], 'const_mem': []};{'regs': ['<BV64 x0>'], 'indirect_regs': [], 'direct_regs': ['<BV64 x0>'], 'mem': [], 'const_mem': []};63.0;0.0;64.0;64.0;[];;;;BaseControlType.CONSTANT_BASE;BaseControlType.CONSTANT_BASE;BaseControlType.CONSTANT_BASE;0;BranchControlType.BRANCH_INDEPENDENT_FROM_SECRET;BranchControlType.BRANCH_INDEPENDENT_FROM_SECRET;25664;True;False;True;True;True;False;False;True;True;False;False;False;True;False;True;False;True;False;True;False;[];['has_valid_base'];True;False;True;True;True;False;False;True;True;False;False;False;True;False;True;False;True;False;True;False;[];['has_valid_base']
53fe19e4-c85b-4c4d-8593-b7241d0158ec;SHA512_256Init@@LIBMD_0.1;0x6c80;0x6ccc;0x0;TransmitterType.STORE;22;0;False;['0x6c80'];<BV64 0x48 + x0>;64;[];[];['<BV64 x0>'];[];['<BV64 x0>'];[];[];0;18446744073709551615;18446744073709551615;1;;;True;0;18446744073709551615;18446744073709551615;1;;;True;ControlType.CONTROLLED;0;<BV64 0x48>;64;[];[];[];[];[];[];[];72.0;72.0;0.0;1.0;;;True;72.0;72.0;0.0;1.0;;;True;ControlType.NO_CONTROL;0;<BV64 0x48>;64;[];[];[];[];[];[];[];72;72;0;1.0;;;True;72.0;72.0;0.0;1.0;;;True;ControlType.NO_CONTROL;0;<BV64 x0>;64;[];[];['<BV64 x0>'];[];['<BV64 x0>'];[];[];0.0;1.8446744073709552e+19;18446744073709551615;1;;;True;0.0;1.8446744073709552e+19;18446744073709551615;1;;;True;ControlType.CONTROLLED;0;<BV64 x0>;64;[];[];['<BV64 x0>'];[];['<BV64 x0>'];[];[];0.0;1.8446744073709552e+19;1.8446744073709552e+19;1.0;;;True;0.0;1.8446744073709552e+19;1.8446744073709552e+19;1.0;;;True;ControlType.CONTROLLED;0;<BV64 x0>;64;[];[];[];[];[];[];[];0;0;0;;;;False;0;0;0;;;;False;ControlType.UNKNOWN;0;[];{'regs': [], 'indirect_regs': [], 'direct_regs': [], 'mem': [], 'const_mem': []};[];{'regs': [], 'indirect_regs': [], 'direct_regs': [], 'mem': [], 'const_mem': []};{'regs': ['<BV64 x0>'], 'indirect_regs': [], 'direct_regs': ['<BV64 x0>'], 'mem': [], 'const_mem': []};{'regs': ['<BV64 x0>'], 'indirect_regs': [], 'direct_regs': ['<BV64 x0>'], 'mem': [], 'const_mem': []};63.0;0.0;64.0;64.0;[];;;;BaseControlType.CONSTANT_BASE;BaseControlType.CONSTANT_BASE;BaseControlType.CONSTANT_BASE;0;BranchControlType.BRANCH_INDEPENDENT_FROM_SECRET;BranchControlType.BRANCH_INDEPENDENT_FROM_SECRET;27852;True;False;True;True;True;False;False;True;True;False;False;False;True;False;True;False;True;False;True;False;[];['has_valid_base'];True;False;True;True;True;False;False;True;True;False;False;False;True;False;True;False;True;False;True;False;[];['has_valid_base']
5f8652b3-292c-4230-b815-8848d81e5e88;SHA512Update@@LIBMD_0.0;0x67c0;0x658c;0x0;TransmitterType.LOAD;40;0;False;['0x67c0', '0x67c8', '0x67f8', '0x6800', '0x6544'];<BV64 0x18 + x0>;64;[];[];['<BV64 x0>'];[];['<BV64 x0>'];[];[];0;18446744073709551615;18446744073709551615;1;;;True;0;18446744073709551615;18446744073709551615;1;;;True;ControlType.CONTROLLED;0;<BV64 0x18>;64;[];[];[];[];[];[];[];24.0;24.0;0.0;1.0;;;True;24.0;24.0;0.0;1.0;;;True;ControlType.NO_CONTROL;0;<BV64 0x18>;64;[];[];[];[];[];[];[];24;24;0;1.0;;;True;24.0;24.0;0.0;1.0;;;True;ControlType.NO_CONTROL;0;<BV64 x0>;64;[];[];['<BV64 x0>'];[];['<BV64 x0>'];[];[];0.0;1.8446744073709552e+19;18446744073709551615;1;;;True;0.0;1.8446744073709552e+19;18446744073709551615;1;;;True;ControlType.CONTROLLED;0;<BV64 x0>;64;[];[];['<BV64 x0>'];[];['<BV64 x0>'];[];[];0.0;1.8446744073709552e+19;1.8446744073709552e+19;1.0;;;True;0.0;1.8446744073709552e+19;1.8446744073709552e+19;1.0;;;True;ControlType.CONTROLLED;0;<BV64 x0>;64;[];[];[];[];[];[];[];0;0;0;;;;False;0;0;0;;;;False;ControlType.UNKNOWN;0;[('0x67c4', <Bool x2 != 0x0>, 'Taken'), ('0x67f4', <Bool ((LOAD_64[<BV64 x0 + 0x40>]_26 << 0x3d[7:0] | LShR(LOAD_64[<BV64 x0 + 0x40>]_26, 0x3)[7:0]) & 127) == 0>, 'Taken'), ('0x67fc', <Bool x2 > 0x7f>, 'Taken'), ('0x6810', <Bool True>, 'Taken')];"{'regs': ['<BV64 x0>', '<BV64 x2>'], 'indirect_regs': [""<BV64 x0>: ['0x40']""], 'direct_regs': ['<BV64 x2>'], 'mem': ['<BV64 x0 + 0x40>'], 'const_mem': []}";[];{'regs': [], 'indirect_regs': [], 'direct_regs': [], 'mem': [], 'const_mem': []};{'regs': ['<BV64 x0>'], 'indirect_regs': [], 'direct_regs': ['<BV64 x0>'], 'mem': [], 'const_mem': []};{'regs': ['<BV64 x0>', '<BV64 x2>'], 'indirect_regs': [], 'direct_regs': ['<BV64 x0>', '<BV64 x2>'], 'mem': ['<BV64 x0 + 0x40>'], 'const_mem': []};63.0;0.0;64.0;64.0;[];;;;BaseControlType.CONSTANT_BASE;BaseControlType.CONSTANT_BASE;BaseControlType.CONSTANT_BASE;4;BranchControlType.BRANCH_DEPENDS_ON_SECRET_VALUE;BranchControlType.BRANCH_INDEPENDENT_FROM_SECRET;25996;True;False;True;True;True;False;False;True;True;False;False;False;True;False;True;True;True;False;True;False;[];['has_valid_base'];True;False;True;True;True;False;False;True;True;False;False;False;True;False;True;True;True;False;True;False;[];['has_valid_base']
f7b3385c-f760-428e-bba5-77fbfc98a066;SHA384Update@@LIBMD_0.0;0x67c0;0x6590;0x0;TransmitterType.LOAD;41;0;False;['0x67c0', '0x67c8', '0x67f8', '0x6800', '0x6544'];<BV64 0x20 + x0>;64;[];[];['<BV64 x0>'];[];['<BV64 x0>'];[];[];0;18446744073709551615;18446744073709551615;1;;;True;0;18446744073709551615;18446744073709551615;1;;;True;ControlType.CONTROLLED;0;<BV64 0x20>;64;[];[];[];[];[];[];[];32.0;32.0;0.0;1.0;;;True;32.0;32.0;0.0;1.0;;;True;ControlType.NO_CONTROL;0;<BV64 0x20>;64;[];[];[];[];[];[];[];32;32;0;1.0;;;True;32.0;32.0;0.0;1.0;;;True;ControlType.NO_CONTROL;0;<BV64 x0>;64;[];[];['<BV64 x0>'];[];['<BV64 x0>'];[];[];0.0;1.8446744073709552e+19;18446744073709551615;1;;;True;0.0;1.8446744073709552e+19;18446744073709551615;1;;;True;ControlType.CONTROLLED;0;<BV64 x0>;64;[];[];['<BV64 x0>'];[];['<BV64 x0>'];[];[];0.0;1.8446744073709552e+19;1.8446744073709552e+19;1.0;;;True;0.0;1.8446744073709552e+19;1.8446744073709552e+19;1.0;;;True;ControlType.CONTROLLED;0;<BV64 x0>;64;[];[];[];[];[];[];[];0;0;0;;;;False;0;0;0;;;;False;ControlType.UNKNOWN;0;[('0x67c4', <Bool x2 != 0x0>, 'Taken'), ('0x67f4', <Bool ((LOAD_64[<BV64 x0 + 0x40>]_26 << 0x3d[7:0] | LShR(LOAD_64[<BV64 x0 + 0x40>]_26, 0x3)[7:0]) & 127) == 0>, 'Taken'), ('0x67fc', <Bool x2 > 0x7f>, 'Taken'), ('0x6810', <Bool True>, 'Taken')];"{'regs': ['<BV64 x0>', '<BV64 x2>'], 'indirect_regs': [""<BV64 x0>: ['0x40']""], 'direct_regs': ['<BV64 x2>'], 'mem': ['<BV64 x0 + 0x40>'], 'const_mem': []}";[];{'regs': [], 'indirect_regs': [], 'direct_regs': [], 'mem': [], 'const_mem': []};{'regs': ['<BV64 x0>'], 'indirect_regs': [], 'direct_regs': ['<BV64 x0>'], 'mem': [], 'const_mem': []};{'regs': ['<BV64 x0>', '<BV64 x2>'], 'indirect_regs': [], 'direct_regs': ['<BV64 x0>', '<BV64 x2>'], 'mem': ['<BV64 x0 + 0x40>'], 'const_mem': []};63.0;0.0;64.0;64.0;[];;;;BaseControlType.CONSTANT_BASE;BaseControlType.CONSTANT_BASE;BaseControlType.CONSTANT_BASE;4;BranchControlType.BRANCH_DEPENDS_ON_SECRET_VALUE;BranchControlType.BRANCH_INDEPENDENT_FROM_SECRET;26000;True;False;True;True;True;False;False;True;True;False;False;False;True;False;True;True;True;False;True;False;[];['has_valid_base'];True;False;True;True;True;False;False;True;True;False;False;False;True;False;True;True;True;False;True;False;[];['has_valid_base']
aa036549-82ce-4e6d-adac-bc9b501b813e;SHA256End@@LIBMD_0.0;0x80c4;0x6358;0x0;TransmitterType.STORE;39;0;False;['0x80c4', '0x80f8', '0x6460', '0x6260', '0x6340'];<BV64 0x71 + x0>;64;[];[];['<BV64 x0>'];[];['<BV64 x0>'];[];[];0;18446744073709551615;18446744073709551615;1;;;True;0;18446744073709551615;18446744073709551615;1;;;True;ControlType.CONTROLLED;0;<BV64 0x71>;64;[];[];[];[];[];[];[];113.0;113.0;0.0;1.0;;;True;113.0;113.0;0.0;1.0;;;True;ControlType.NO_CONTROL;0;<BV64 0x71>;64;[];[];[];[];[];[];[];113;113;0;1.0;;;True;113.0;113.0;0.0;1.0;;;True;ControlType.NO_CONTROL;0;<BV64 x0>;64;[];[];['<BV64 x0>'];[];['<BV64 x0>'];[];[];0.0;1.8446744073709552e+19;18446744073709551615;1;;;True;0.0;1.8446744073709552e+19;18446744073709551615;1;;;True;ControlType.CONTROLLED;0;<BV64 x0>;64;[];[];['<BV64 x0>'];[];['<BV64 x0>'];[];[];0.0;1.8446744073709552e+19;1.8446744073709552e+19;1.0;;;True;0.0;1.8446744073709552e+19;1.8446744073709552e+19;1.0;;;True;ControlType.CONTROLLED;0;<BV64 x0>;64;[];[];[];[];[];[];[];0;0;0;;;;False;0;0;0;;;;False;ControlType.UNKNOWN;0;[('0x627c', <Bool ((LOAD_64[<BV64 x0 + 0x40>]_35[31:0] << 0x1d[7:0] | LShR(LOAD_64[<BV64 x0 + 0x40>]_35[31:0], 0x3)[7:0]) & 63) == 0>, 'Taken'), ('0x647c', <Bool True>, 'Taken'), ('0x80f4', <Bool x1 != 0x0>, 'Taken'), ('0x8100', <Bool True>, 'Taken')];"{'regs': ['<BV64 x0>', '<BV64 x1>'], 'indirect_regs': [""<BV64 x0>: ['0x40']""], 'direct_regs': ['<BV64 x1>'], 'mem': ['<BV64 x0 + 0x40>'], 'const_mem': []}";[];{'regs': [], 'indirect_regs': [], 'direct_regs': [], 'mem': [], 'const_mem': []};{'regs': ['<BV64 x0>'], 'indirect_regs': [], 'direct_regs': ['<BV64 x0>'], 'mem': [], 'const_mem': []};{'regs': ['<BV64 x0>', '<BV64 x1>'], 'indirect_regs': [], 'direct_regs': ['<BV64 x0>', '<BV64 x1>'], 'mem': ['<BV64 x0 + 0x40>'], 'const_mem': []};63.0;0.0;64.0;64.0;[];;;;BaseControlType.CONSTANT_BASE;BaseControlType.CONSTANT_BASE;BaseControlType.CONSTANT_BASE;4;BranchControlType.BRANCH_DEPENDS_ON_SECRET_VALUE;BranchControlType.BRANCH_INDEPENDENT_FROM_SECRET;25432;True;False;True;True;True;False;False;True;True;False;False;False;True;False;True;True;True;False;True;False;[];['has_valid_base'];True;False;True;True;True;False;False;True;True;False;False;False;True;False;True;True;True;False;True;False;[];['has_valid_base']
eee2e549-0ac9-4c05-a7dc-382f0bdef875;SHA512_256Init@@LIBMD_0.1;0x6c80;0x6cd0;0x0;TransmitterType.STORE;23;0;False;['0x6c80'];<BV64 0xc0 + x0>;64;[];[];['<BV64 x0>'];[];['<BV64 x0>'];[];[];0;18446744073709551615;18446744073709551615;1;;;True;0;18446744073709551615;18446744073709551615;1;;;True;ControlType.CONTROLLED;0;<BV64 0xc0>;64;[];[];[];[];[];[];[];192.0;192.0;0.0;1.0;;;True;192.0;192.0;0.0;1.0;;;True;ControlType.NO_CONTROL;0;<BV64 0xc0>;64;[];[];[];[];[];[];[];192;192;0;1.0;;;True;192.0;192.0;0.0;1.0;;;True;ControlType.NO_CONTROL;0;<BV64 x0>;64;[];[];['<BV64 x0>'];[];['<BV64 x0>'];[];[];0.0;1.8446744073709552e+19;18446744073709551615;1;;;True;0.0;1.8446744073709552e+19;18446744073709551615;1;;;True;ControlType.CONTROLLED;0;<BV64 x0>;64;[];[];['<BV64 x0>'];[];['<BV64 x0>'];[];[];0.0;1.8446744073709552e+19;1.8446744073709552e+19;1.0;;;True;0.0;1.8446744073709552e+19;1.8446744073709552e+19;1.0;;;True;ControlType.CONTROLLED;0;<BV64 x0>;64;[];[];[];[];[];[];[];0;0;0;;;;False;0;0;0;;;;False;ControlType.UNKNOWN;0;[];{'regs': [], 'indirect_regs': [], 'direct_regs': [], 'mem': [], 'const_mem': []};[];{'regs': [], 'indirect_regs': [], 'direct_regs': [], 'mem': [], 'const_mem': []};{'regs': ['<BV64 x0>'], 'indirect_regs': [], 'direct_regs': ['<BV64 x0>'], 'mem': [], 'const_mem': []};{'regs': ['<BV64 x0>'], 'indirect_regs': [], 'direct_regs': ['<BV64 x0>'], 'mem': [], 'const_mem': []};63.0;0.0;64.0;64.0;[];;;;BaseControlType.CONSTANT_BASE;BaseControlType.CONSTANT_BASE;BaseControlType.CONSTANT_BASE;0;BranchControlType.BRANCH_INDEPENDENT_FROM_SECRET;BranchControlType.BRANCH_INDEPENDENT_FROM_SECRET;27856;True;False;True;True;True;False;False;True;True;False;False;False;True;False;True;False;True;False;True;False;[];['has_valid_base'];True;False;True;True;True;False;False;True;True;False;False;False;True;False;True;False;True;False;True;False;[];['has_valid_base']
a2973f3d-f75d-4c59-9778-89761d457331;SHA256Init@@LIBMD_0.0;0x640c;0x6440;0x0;TransmitterType.STORE;15;0;False;['0x640c'];<BV64 0xb0 + x0>;64;[];[];['<BV64 x0>'];[];['<BV64 x0>'];[];[];0;18446744073709551615;18446744073709551615;1;;;True;0;18446744073709551615;18446744073709551615;1;;;True;ControlType.CONTROLLED;0;<BV64 0xb0>;64;[];[];[];[];[];[];[];176.0;176.0;0.0;1.0;;;True;176.0;176.0;0.0;1.0;;;True;ControlType.NO_CONTROL;0;<BV64 0xb0>;64;[];[];[];[];[];[];[];176;176;0;1.0;;;True;176.0;176.0;0.0;1.0;;;True;ControlType.NO_CONTROL;0;<BV64 x0>;64;[];[];['<BV64 x0>'];[];['<BV64 x0>'];[];[];0.0;1.8446744073709552e+19;18446744073709551615;1;;;True;0.0;1.8446744073709552e+19;18446744073709551615;1;;;True;ControlType.CONTROLLED;0;<BV64 x0>;64;[];[];['<BV64 x0>'];[];['<BV64 x0>'];[];[];0.0;1.8446744073709552e+19;1.8446744073709552e+19;1.0;;;True;0.0;1.8446744073709552e+19;1.8446744073709552e+19;1.0;;;True;ControlType.CONTROLLED;0;<BV64 x0>;64;[];[];[];[];[];[];[];0;0;0;;;;False;0;0;0;;;;False;ControlType.UNKNOWN;0;[];{'regs': [], 'indirect_regs': [], 'direct_regs': [], 'mem': [], 'const_mem': []};[];{'regs': [], 'indirect_regs': [], 'direct_regs': [], 'mem': [], 'const_mem': []};{'regs': ['<BV64 x0>'], 'indirect_regs': [], 'direct_regs': ['<BV64 x0>'], 'mem': [], 'const_mem': []};{'regs': ['<BV64 x0>'], 'indirect_regs': [], 'direct_regs': ['<BV64 x0>'], 'mem': [], 'const_mem': []};63.0;0.0;64.0;64.0;[];;;;BaseControlType.CONSTANT_BASE;BaseControlType.CONSTANT_BASE;BaseControlType.CONSTANT_BASE;0;BranchControlType.BRANCH_INDEPENDENT_FROM_SECRET;BranchControlType.BRANCH_INDEPENDENT_FROM_SECRET;25664;True;False;True;True;True;False;False;True;True;False;False;False;True;False;True;False;True;False;True;False;[];['has_valid_base'];True;False;True;True;True;False;False;True;True;False;False;False;True;False;True;False;True;False;True;False;[];['has_valid_base']
0cc02e6e-8b30-4fa7-a43c-7358735b0c9c;SHA224Update@@LIBMD_0.1;0x610c;0x5f00;0x0;TransmitterType.LOAD;41;0;False;['0x610c', '0x6114', '0x6144', '0x614c', '0x5ec0'];<BV64 0x8 + x0>;64;[];[];['<BV64 x0>'];[];['<BV64 x0>'];[];[];0;18446744073709551615;18446744073709551615;1;;;True;0;18446744073709551615;18446744073709551615;1;;;True;ControlType.CONTROLLED;0;<BV64 0x8>;64;[];[];[];[];[];[];[];8.0;8.0;0.0;1.0;;;True;8.0;8.0;0.0;1.0;;;True;ControlType.NO_CONTROL;0;<BV64 0x8>;64;[];[];[];[];[];[];[];8;8;0;1.0;;;True;8.0;8.0;0.0;1.0;;;True;ControlType.NO_CONTROL;0;<BV64 x0>;64;[];[];['<BV64 x0>'];[];['<BV64 x0>'];[];[];0.0;1.8446744073709552e+19;18446744073709551615;1;;;True;0.0;1.8446744073709552e+19;18446744073709551615;1;;;True;ControlType.CONTROLLED;0;<BV64 x0>;64;[];[];['<BV64 x0>'];[];['<BV64 x0>'];[];[];0.0;1.8446744073709552e+19;1.8446744073709552e+19;1.0;;;True;0.0;1.8446744073709552e+19;1.8446744073709552e+19;1.0;;;True;ControlType.CONTROLLED;0;<BV64 x0>;64;[];[];[];[];[];[];[];0;0;0;;;;False;0;0;0;;;;False;ControlType.UNKNOWN;0;[('0x6110', <Bool x2 != 0x0>, 'Taken'), ('0x6140', <Bool ((LOAD_64[<BV64 x0 + 0x40>]_26 << 0x3d[7:0] | LShR(LOAD_64[<BV64 x0 + 0x40>]_26, 0x3)[7:0]) & 63) == 0>, 'Taken'), ('0x6148', <Bool x2 > 0x3f>, 'Taken'), ('0x6168', <Bool True>, 'Taken')];"{'regs': ['<BV64 x0>', '<BV64 x2>'], 'indirect_regs': [""<BV64 x0>: ['0x40']""], 'direct_regs': ['<BV64 x2>'], 'mem': ['<BV64 x0 + 0x40>'], 'const_mem': []}";[];{'regs': [], 'indirect_regs': [], 'direct_regs': [], 'mem': [], 'const_mem': []};{'regs': ['<BV64 x0>'], 'indirect_regs': [], 'direct_regs': ['<BV64 x0>'], 'mem': [], 'const_mem': []};{'regs': ['<BV64 x0>', '<BV64 x2>'], 'indirect_regs': [], 'direct_regs': ['<BV64 x0>', '<BV64 x2>'], 'mem': ['<BV64 x0 + 0x40>'], 'const_mem': []};63.0;0.0;64.0;64.0;['<Bool LOAD_128[<BV64 x0>]_31[31:0] == LOAD_32[<BV64 x0>]_33>', '<Bool LOAD_128[<BV64 x0>]_31[63:32] == LOAD_32[<BV64 x0 + 0x4>]_34>'];;;;BaseControlType.CONSTANT_BASE;BaseControlType.CONSTANT_BASE;BaseControlType.CONSTANT_BASE;4;BranchControlType.BRANCH_DEPENDS_ON_SECRET_VALUE;BranchControlType.BRANCH_INDEPENDENT_FROM_SECRET;24320;True;False;True;True;True;False;False;True;True;False;False;False;True;False;True;True;True;False;True;False;[];['has_valid_base'];True;False;True;True;True;False;False;True;True;False;False;False;True;False;True;True;True;False;True;False;[];['has_valid_base']
4114f104-7378-4d22-93de-9376c31134db;SHA384Pad@@LIBMD_0.0;0x6920;0x6590;0x0;TransmitterType.LOAD;41;0;False;['0x6920', '0x6940', '0x695c', '0x697c', '0x6544'];<BV64 0x20 + x0>;64;[];[];['<BV64 x0>'];[];['<BV64 x0>'];[];[];0;18446744073709551615;18446744073709551615;1;;;True;0;18446744073709551615;18446744073709551615;1;;;True;ControlType.CONTROLLED;0;<BV64 0x20>;64;[];[];[];[];[];[];[];32.0;32.0;0.0;1.0;;;True;32.0;32.0;0.0;1.0;;;True;ControlType.NO_CONTROL;0;<BV64 0x20>;64;[];[];[];[];[];[];[];32;32;0;1.0;;;True;32.0;32.0;0.0;1.0;;;True;ControlType.NO_CONTROL;0;<BV64 x0>;64;[];[];['<BV64 x0>'];[];['<BV64 x0>'];[];[];0.0;1.8446744073709552e+19;18446744073709551615;1;;;True;0.0;1.8446744073709552e+19;18446744073709551615;1;;;True;ControlType.CONTROLLED;0;<BV64 x0>;64;[];[];['<BV64 x0>'];[];['<BV64 x0>'];[];[];0.0;1.8446744073709552e+19;1.8446744073709552e+19;1.0;;;True;0.0;1.8446744073709552e+19;1.8446744073709552e+19;1.0;;;True;ControlType.CONTROLLED;0;<BV64 x0>;64;[];[];[];[];[];[];[];0;0;0;;;;False;0;0;0;;;;False;ControlType.UNKNOWN;0;[('0x693c', <Bool ((LOAD_64[<BV64 x0 + 0x40>]_24[31:0] << 0x1d[7:0] | LShR(LOAD_64[<BV64 x0 + 0x40>]_24[31:0], 0x3)[7:0]) & 127) != 0>, 'Taken'), ('0x6958', <Bool (0x0 .. LOAD_64[<BV64 x0 + 0x40>]_24[9:3]) + 0x1 > 0x70>, 'Taken'), ('0x6960', <Bool 0x1 + (0x0 .. LOAD_64[<BV64 x0 + 0x40>]_24[9:3]) == 0x80>, 'Taken'), ('0x6988', <Bool True>, 'Taken')];"{'regs': ['<BV64 x0>'], 'indirect_regs': [""<BV64 x0>: ['0x40', '0x40', '0x40']""], 'direct_regs': [], 'mem': ['<BV64 x0 + 0x40>'], 'const_mem': []}";[];{'regs': [], 'indirect_regs': [], 'direct_regs': [], 'mem': [], 'const_mem': []};{'regs': ['<BV64 x0>'], 'indirect_regs': [], 'direct_regs': ['<BV64 x0>'], 'mem': [], 'const_mem': []};{'regs': ['<BV64 x0>'], 'indirect_regs': [], 'direct_regs': ['<BV64 x0>'], 'mem': ['<BV64 x0 + 0x40>'], 'const_mem': []};63.0;0.0;64.0;64.0;[];;;;BaseControlType.CONSTANT_BASE;BaseControlType.CONSTANT_BASE;BaseControlType.CONSTANT_BASE;4;BranchControlType.BRANCH_DEPENDS_ON_SECRET_VALUE;BranchControlType.BRANCH_INDEPENDENT_FROM_SECRET;26000;True;False;True;True;True;False;False;True;True;False;False;False;True;False;True;True;True;False;True;False;[];['has_valid_base'];True;False;True;True;True;False;False;True;True;False;False;False;True;False;True;True;True;False;True;False;[];['has_valid_base']
db67ded5-6690-4973-a998-5dc82d63c30b;SHA256Init@@LIBMD_0.0;0x640c;0x644c;0x0;TransmitterType.STORE;19;0;False;['0x640c'];<BV64 0x40 + x0>;64;[];[];['<BV64 x0>'];[];['<BV64 x0>'];[];[];0;18446744073709551615;18446744073709551615;1;;;True;0;18446744073709551615;18446744073709551615;1;;;True;ControlType.CONTROLLED;0;<BV64 0x40>;64;[];[];[];[];[];[];[];64.0;64.0;0.0;1.0;;;True;64.0;64.0;0.0;1.0;;;True;ControlType.NO_CONTROL;0;<BV64 0x40>;64;[];[];[];[];[];[];[];64;64;0;1.0;;;True;64.0;64.0;0.0;1.0;;;True;ControlType.NO_CONTROL;0;<BV64 x0>;64;[];[];['<BV64 x0>'];[];['<BV64 x0>'];[];[];0.0;1.8446744073709552e+19;18446744073709551615;1;;;True;0.0;1.8446744073709552e+19;18446744073709551615;1;;;True;ControlType.CONTROLLED;0;<BV64 x0>;64;[];[];['<BV64 x0>'];[];['<BV64 x0>'];[];[];0.0;1.8446744073709552e+19;1.8446744073709552e+19;1.0;;;True;0.0;1.8446744073709552e+19;1.8446744073709552e+19;1.0;;;True;ControlType.CONTROLLED;0;<BV64 x0>;64;[];[];[];[];[];[];[];0;0;0;;;;False;0;0;0;;;;False;ControlType.UNKNOWN;0;[];{'regs': [], 'indirect_regs': [], 'direct_regs': [], 'mem': [], 'const_mem': []};[];{'regs': [], 'indirect_regs': [], 'direct_regs': [], 'mem': [], 'const_mem': []};{'regs': ['<BV64 x0>'], 'indirect_regs': [], 'direct_regs': ['<BV64 x0>'], 'mem': [], 'const_mem': []};{'regs': ['<BV64 x0>'], 'indirect_regs': [], 'direct_regs': ['<BV64 x0>'], 'mem': [], 'const_mem': []};63.0;0.0;64.0;64.0;[];;;;BaseControlType.CONSTANT_BASE;BaseControlType.CONSTANT_BASE;BaseControlType.CONSTANT_BASE;0;BranchControlType.BRANCH_INDEPENDENT_FROM_SECRET;BranchControlType.BRANCH_INDEPENDENT_FROM_SECRET;25676;True;False;True;True;True;False;False;True;True;False;False;False;True;False;True;False;True;False;True;False;[];['has_valid_base'];True;False;True;True;True;False;False;True;True;False;False;False;True;False;True;False;True;False;True;False;[];['has_valid_base']
f350e4bb-4afc-4d98-8b90-29cd7d9dab02;SHA256End@@LIBMD_0.0;0x80c4;0x6360;0x0;TransmitterType.STORE;41;0;False;['0x80c4', '0x80f8', '0x6460', '0x6260', '0x6340'];<BV64 0x80 + x0>;64;[];[];['<BV64 x0>'];[];['<BV64 x0>'];[];[];0;18446744073709551615;18446744073709551615;1;;;True;0;18446744073709551615;18446744073709551615;1;;;True;ControlType.CONTROLLED;0;<BV64 0x80>;64;[];[];[];[];[];[];[];128.0;128.0;0.0;1.0;;;True;128.0;128.0;0.0;1.0;;;True;ControlType.NO_CONTROL;0;<BV64 0x80>;64;[];[];[];[];[];[];[];128;128;0;1.0;;;True;128.0;128.0;0.0;1.0;;;True;ControlType.NO_CONTROL;0;<BV64 x0>;64;[];[];['<BV64 x0>'];[];['<BV64 x0>'];[];[];0.0;1.8446744073709552e+19;18446744073709551615;1;;;True;0.0;1.8446744073709552e+19;18446744073709551615;1;;;True;ControlType.CONTROLLED;0;<BV64 x0>;64;[];[];['<BV64 x0>'];[];['<BV64 x0>'];[];[];0.0;1.8446744073709552e+19;1.8446744073709552e+19;1.0;;;True;0.0;1.8446744073709552e+19;1.8446744073709552e+19;1.0;;;True;ControlType.CONTROLLED;0;<BV64 x0>;64;[];[];[];[];[];[];[];0;0;0;;;;False;0;0;0;;;;False;ControlType.UNKNOWN;0;[('0x627c', <Bool ((LOAD_64[<BV64 x0 + 0x40>]_35[31:0] << 0x1d[7:0] | LShR(LOAD_64[<BV64 x0 + 0x40>]_35[31:0], 0x3)[7:0]) & 63) == 0>, 'Taken'), ('0x647c', <Bool True>, 'Taken'), ('0x80f4', <Bool x1 != 0x0>, 'Taken'), ('0x8100', <Bool True>, 'Taken')];"{'regs': ['<BV64 x0>', '<BV64 x1>'], 'indirect_regs': [""<BV64 x0>: ['0x40']""], 'direct_regs': ['<BV64 x1>'], 'mem': ['<BV64 x0 + 0x40>'], 'const_mem': []}";[];{'regs': [], 'indirect_regs': [], 'direct_regs': [], 'mem': [], 'const_mem': []};{'regs': ['<BV64 x0>'], 'indirect_regs': [], 'direct_regs': ['<BV64 x0>'], 'mem': [], 'const_mem': []};{'regs': ['<BV64 x0>', '<BV64 x1>'], 'indirect_regs': [], 'direct_regs': ['<BV64 x0>', '<BV64 x1>'], 'mem': ['<BV64 x0 + 0x40>'], 'const_mem': []};63.0;0.0;64.0;64.0;[];;;;BaseControlType.CONSTANT_BASE;BaseControlType.CONSTANT_BASE;BaseControlType.CONSTANT_BASE;4;BranchControlType.BRANCH_DEPENDS_ON_SECRET_VALUE;BranchControlType.BRANCH_INDEPENDENT_FROM_SECRET;25440;True;False;True;True;True;False;False;True;True;False;False;False;True;False;True;True;True;False;True;False;[];['has_valid_base'];True;False;True;True;True;False;False;True;True;False;False;False;True;False;True;True;True;False;True;False;[];['has_valid_base']
4a30aacc-6120-4673-8bd4-664fd2b693e8;SHA512Update@@LIBMD_0.0;0x67c0;0x6590;0x0;TransmitterType.LOAD;41;0;False;['0x67c0', '0x67c8', '0x67f8', '0x6800', '0x6544'];<BV64 0x20 + x0>;64;[];[];['<BV64 x0>'];[];['<BV64 x0>'];[];[];0;18446744073709551615;18446744073709551615;1;;;True;0;18446744073709551615;18446744073709551615;1;;;True;ControlType.CONTROLLED;0;<BV64 0x20>;64;[];[];[];[];[];[];[];32.0;32.0;0.0;1.0;;;True;32.0;32.0;0.0;1.0;;;True;ControlType.NO_CONTROL;0;<BV64 0x20>;64;[];[];[];[];[];[];[];32;32;0;1.0;;;True;32.0;32.0;0.0;1.0;;;True;ControlType.NO_CONTROL;0;<BV64 x0>;64;[];[];['<BV64 x0>'];[];['<BV64 x0>'];[];[];0.0;1.8446744073709552e+19;18446744073709551615;1;;;True;0.0;1.8446744073709552e+19;18446744073709551615;1;;;True;ControlType.CONTROLLED;0;<BV64 x0>;64;[];[];['<BV64 x0>'];[];['<BV64 x0>'];[];[];0.0;1.8446744073709552e+19;1.8446744073709552e+19;1.0;;;True;0.0;1.8446744073709552e+19;1.8446744073709552e+19;1.0;;;True;ControlType.CONTROLLED;0;<BV64 x0>;64;[];[];[];[];[];[];[];0;0;0;;;;False;0;0;0;;;;False;ControlType.UNKNOWN;0;[('0x67c4', <Bool x2 != 0x0>, 'Taken'), ('0x67f4', <Bool ((LOAD_64[<BV64 x0 + 0x40>]_26 << 0x3d[7:0] | LShR(LOAD_64[<BV64 x0 + 0x40>]_26, 0x3)[7:0]) & 127) == 0>, 'Taken'), ('0x67fc', <Bool x2 > 0x7f>, 'Taken'), ('0x6810', <Bool True>, 'Taken')];"{'regs': ['<BV64 x0>', '<BV64 x2>'], 'indirect_regs': [""<BV64 x0>: ['0x40']""], 'direct_regs': ['<BV64 x2>'], 'mem': ['<BV64 x0 + 0x40>'], 'const_mem': []}";[];{'regs': [], 'indirect_regs': [], 'direct_regs': [], 'mem': [], 'const_mem': []};{'regs': ['<BV64 x0>'], 'indirect_regs': [], 'direct_regs': ['<BV64 x0>'], 'mem': [], 'const_mem': []};{'regs': ['<BV64 x0>', '<BV64 x2>'], 'indirect_regs': [], 'direct_regs': ['<BV64 x0>', '<BV64 x2>'], 'mem': ['<BV64 x0 + 0x40>'], 'const_mem': []};63.0;0.0;64.0;64.0;[];;;;BaseControlType.CONSTANT_BASE;BaseControlType.CONSTANT_BASE;BaseControlType.CONSTANT_BASE;4;BranchControlType.BRANCH_DEPENDS_ON_SECRET_VALUE;BranchControlType.BRANCH_INDEPENDENT_FROM_SECRET;26000;True;False;True;True;True;False;False;True;True;False;False;False;True;False;True;True;True;False;True;False;[];['has_valid_base'];True;False;True;True;True;False;False;True;True;False;False;False;True;False;True;True;True;False;True;False;[];['has_valid_base']
51815835-e88b-40bc-bec6-7e2b542b54d1;SHA384Update@@LIBMD_0.0;0x67c0;0x6590;0x0;TransmitterType.LOAD;41;0;False;['0x67c0', '0x67c8', '0x67f8', '0x6800', '0x6544'];<BV64 0x28 + x0>;64;[];[];['<BV64 x0>'];[];['<BV64 x0>'];[];[];0;18446744073709551615;18446744073709551615;1;;;True;0;18446744073709551615;18446744073709551615;1;;;True;ControlType.CONTROLLED;0;<BV64 0x28>;64;[];[];[];[];[];[];[];40.0;40.0;0.0;1.0;;;True;40.0;40.0;0.0;1.0;;;True;ControlType.NO_CONTROL;0;<BV64 0x28>;64;[];[];[];[];[];[];[];40;40;0;1.0;;;True;40.0;40.0;0.0;1.0;;;True;ControlType.NO_CONTROL;0;<BV64 x0>;64;[];[];['<BV64 x0>'];[];['<BV64 x0>'];[];[];0.0;1.8446744073709552e+19;18446744073709551615;1;;;True;0.0;1.8446744073709552e+19;18446744073709551615;1;;;True;ControlType.CONTROLLED;0;<BV64 x0>;64;[];[];['<BV64 x0>'];[];['<BV64 x0>'];[];[];0.0;1.8446744073709552e+19;1.8446744073709552e+19;1.0;;;True;0.0;1.8446744073709552e+19;1.8446744073709552e+19;1.0;;;True;ControlType.CONTROLLED;0;<BV64 x0>;64;[];[];[];[];[];[];[];0;0;0;;;;False;0;0;0;;;;False;ControlType.UNKNOWN;0;[('0x67c4', <Bool x2 != 0x0>, 'Taken'), ('0x67f4', <Bool ((LOAD_64[<BV64 x0 + 0x40>]_26 << 0x3d[7:0] | LShR(LOAD_64[<BV64 x0 + 0x40>]_26, 0x3)[7:0]) & 127) == 0>, 'Taken'), ('0x67fc', <Bool x2 > 0x7f>, 'Taken'), ('0x6810', <Bool True>, 'Taken')];"{'regs': ['<BV64 x0>', '<BV64 x2>'], 'indirect_regs': [""<BV64 x0>: ['0x40']""], 'direct_regs': ['<BV64 x2>'], 'mem': ['<BV64 x0 + 0x40>'], 'const_mem': []}";[];{'regs': [], 'indirect_regs': [], 'direct_regs': [], 'mem': [], 'const_mem': []};{'regs': ['<BV64 x0>'], 'indirect_regs': [], 'direct_regs': ['<BV64 x0>'], 'mem': [], 'const_mem': []};{'regs': ['<BV64 x0>', '<BV64 x2>'], 'indirect_regs': [], 'direct_regs': ['<BV64 x0>', '<BV64 x2>'], 'mem': ['<BV64 x0 + 0x40>'], 'const_mem': []};63.0;0.0;64.0;64.0;[];;;;BaseControlType.CONSTANT_BASE;BaseControlType.CONSTANT_BASE;BaseControlType.CONSTANT_BASE;4;BranchControlType.BRANCH_DEPENDS_ON_SECRET_VALUE;BranchControlType.BRANCH_INDEPENDENT_FROM_SECRET;26000;True;False;True;True;True;False;False;True;True;False;False;False;True;False;True;True;True;False;True;False;[];['has_valid_base'];True;False;True;True;True;False;False;True;True;False;False;False;True;False;True;True;True;False;True;False;[];['has_valid_base']
b66baf05-1cfc-4fb2-83c2-6a4a1670933f;SHA256Init@@LIBMD_0.0;0x640c;0x6450;0x0;TransmitterType.STORE;20;0;False;['0x640c'];<BV64 0xc0 + x0>;64;[];[];['<BV64 x0>'];[];['<BV64 x0>'];[];[];0;18446744073709551615;18446744073709551615;1;;;True;0;18446744073709551615;18446744073709551615;1;;;True;ControlType.CONTROLLED;0;<BV64 0xc0>;64;[];[];[];[];[];[];[];192.0;192.0;0.0;1.0;;;True;192.0;192.0;0.0;1.0;;;True;ControlType.NO_CONTROL;0;<BV64 0xc0>;64;[];[];[];[];[];[];[];192;192;0;1.0;;;True;192.0;192.0;0.0;1.0;;;True;ControlType.NO_CONTROL;0;<BV64 x0>;64;[];[];['<BV64 x0>'];[];['<BV64 x0>'];[];[];0.0;1.8446744073709552e+19;18446744073709551615;1;;;True;0.0;1.8446744073709552e+19;18446744073709551615;1;;;True;ControlType.CONTROLLED;0;<BV64 x0>;64;[];[];['<BV64 x0>'];[];['<BV64 x0>'];[];[];0.0;1.8446744073709552e+19;1.8446744073709552e+19;1.0;;;True;0.0;1.8446744073709552e+19;1.8446744073709552e+19;1.0;;;True;ControlType.CONTROLLED;0;<BV64 x0>;64;[];[];[];[];[];[];[];0;0;0;;;;False;0;0;0;;;;False;ControlType.UNKNOWN;0;[];{'regs': [], 'indirect_regs': [], 'direct_regs': [], 'mem': [], 'const_mem': []};[];{'regs': [], 'indirect_regs': [], 'direct_regs': [], 'mem': [], 'const_mem': []};{'regs': ['<BV64 x0>'], 'indirect_regs': [], 'direct_regs': ['<BV64 x0>'], 'mem': [], 'const_mem': []};{'regs': ['<BV64 x0>'], 'indirect_regs': [], 'direct_regs': ['<BV64 x0>'], 'mem': [], 'const_mem': []};63.0;0.0;64.0;64.0;[];;;;BaseControlType.CONSTANT_BASE;BaseControlType.CONSTANT_BASE;BaseControlType.CONSTANT_BASE;0;BranchControlType.BRANCH_INDEPENDENT_FROM_SECRET;BranchControlType.BRANCH_INDEPENDENT_FROM_SECRET;25680;True;False;True;True;True;False;False;True;True;False;False;False;True;False;True;False;True;False;True;False;[];['has_valid_base'];True;False;True;True;True;False;False;True;True;False;False;False;True;False;True;False;True;False;True;False;[];['has_valid_base']
2a0ecd7d-1be3-4204-832b-9aabc41220ab;SHA224Update@@LIBMD_0.1;0x610c;0x5f08;0x0;TransmitterType.LOAD;43;0;False;['0x610c', '0x6114', '0x6144', '0x614c', '0x5ec0'];<BV64 0x18 + x0>;64;[];[];['<BV64 x0>'];[];['<BV64 x0>'];[];[];0;18446744073709551615;18446744073709551615;1;;;True;0;18446744073709551615;18446744073709551615;1;;;True;ControlType.CONTROLLED;0;<BV64 0x18>;64;[];[];[];[];[];[];[];24.0;24.0;0.0;1.0;;;True;24.0;24.0;0.0;1.0;;;True;ControlType.NO_CONTROL;0;<BV64 0x18>;64;[];[];[];[];[];[];[];24;24;0;1.0;;;True;24.0;24.0;0.0;1.0;;;True;ControlType.NO_CONTROL;0;<BV64 x0>;64;[];[];['<BV64 x0>'];[];['<BV64 x0>'];[];[];0.0;1.8446744073709552e+19;18446744073709551615;1;;;True;0.0;1.8446744073709552e+19;18446744073709551615;1;;;True;ControlType.CONTROLLED;0;<BV64 x0>;64;[];[];['<BV64 x0>'];[];['<BV64 x0>'];[];[];0.0;1.8446744073709552e+19;1.8446744073709552e+19;1.0;;;True;0.0;1.8446744073709552e+19;1.8446744073709552e+19;1.0;;;True;ControlType.CONTROLLED;0;<BV64 x0>;64;[];[];[];[];[];[];[];0;0;0;;;;False;0;0;0;;;;False;ControlType.UNKNOWN;0;[('0x6110', <Bool x2 != 0x0>, 'Taken'), ('0x6140', <Bool ((LOAD_64[<BV64 x0 + 0x40>]_26 << 0x3d[7:0] | LShR(LOAD_64[<BV64 x0 + 0x40>]_26, 0x3)[7:0]) & 63) == 0>, 'Taken'), ('0x6148', <Bool x2 > 0x3f>, 'Taken'), ('0x6168', <Bool True>, 'Taken')];"{'regs': ['<BV64 x0>', '<BV64 x2>'], 'indirect_regs': [""<BV64 x0>: ['0x40']""], 'direct_regs': ['<BV64 x2>'], 'mem': ['<BV64 x0 + 0x40>'], 'const_mem': []}";[];{'regs': [], 'indirect_regs': [], 'direct_regs': [], 'mem': [], 'const_mem': []};{'regs': ['<BV64 x0>'], 'indirect_regs': [], 'direct_regs': ['<BV64 x0>'], 'mem': [], 'const_mem': []};{'regs': ['<BV64 x0>', '<BV64 x2>'], 'indirect_regs': [], 'direct_regs': ['<BV64 x0>', '<BV64 x2>'], 'mem': ['<BV64 x0 + 0x40>'], 'const_mem': []};63.0;0.0;64.0;64.0;['<Bool LOAD_128[<BV64 x0>]_31[31:0] == LOAD_32[<BV64 x0>]_33>', '<Bool LOAD_128[<BV64 x0>]_31[63:32] == LOAD_32[<BV64 x0 + 0x4>]_34>'];;;;BaseControlType.CONSTANT_BASE;BaseControlType.CONSTANT_BASE;BaseControlType.CONSTANT_BASE;4;BranchControlType.BRANCH_DEPENDS_ON_SECRET_VALUE;BranchControlType.BRANCH_INDEPENDENT_FROM_SECRET;24328;True;False;True;True;True;False;False;True;True;False;False;False;True;False;True;True;True;False;True;False;[];['has_valid_base'];True;False;True;True;True;False;False;True;True;False;False;False;True;False;True;True;True;False;True;False;[];['has_valid_base']
41d8d442-69bf-45a3-b65d-f2296a8471c7;SHA384Pad@@LIBMD_0.0;0x6920;0x6590;0x0;TransmitterType.LOAD;41;0;False;['0x6920', '0x6940', '0x695c', '0x697c', '0x6544'];<BV64 0x28 + x0>;64;[];[];['<BV64 x0>'];[];['<BV64 x0>'];[];[];0;18446744073709551615;18446744073709551615;1;;;True;0;18446744073709551615;18446744073709551615;1;;;True;ControlType.CONTROLLED;0;<BV64 0x28>;64;[];[];[];[];[];[];[];40.0;40.0;0.0;1.0;;;True;40.0;40.0;0.0;1.0;;;True;ControlType.NO_CONTROL;0;<BV64 0x28>;64;[];[];[];[];[];[];[];40;40;0;1.0;;;True;40.0;40.0;0.0;1.0;;;True;ControlType.NO_CONTROL;0;<BV64 x0>;64;[];[];['<BV64 x0>'];[];['<BV64 x0>'];[];[];0.0;1.8446744073709552e+19;18446744073709551615;1;;;True;0.0;1.8446744073709552e+19;18446744073709551615;1;;;True;ControlType.CONTROLLED;0;<BV64 x0>;64;[];[];['<BV64 x0>'];[];['<BV64 x0>'];[];[];0.0;1.8446744073709552e+19;1.8446744073709552e+19;1.0;;;True;0.0;1.8446744073709552e+19;1.8446744073709552e+19;1.0;;;True;ControlType.CONTROLLED;0;<BV64 x0>;64;[];[];[];[];[];[];[];0;0;0;;;;False;0;0;0;;;;False;ControlType.UNKNOWN;0;[('0x693c', <Bool ((LOAD_64[<BV64 x0 + 0x40>]_24[31:0] << 0x1d[7:0] | LShR(LOAD_64[<BV64 x0 + 0x40>]_24[31:0], 0x3)[7:0]) & 127) != 0>, 'Taken'), ('0x6958', <Bool (0x0 .. LOAD_64[<BV64 x0 + 0x40>]_24[9:3]) + 0x1 > 0x70>, 'Taken'), ('0x6960', <Bool 0x1 + (0x0 .. LOAD_64[<BV64 x0 + 0x40>]_24[9:3]) == 0x80>, 'Taken'), ('0x6988', <Bool True>, 'Taken')];"{'regs': ['<BV64 x0>'], 'indirect_regs': [""<BV64 x0>: ['0x40', '0x40', '0x40']""], 'direct_regs': [], 'mem': ['<BV64 x0 + 0x40>'], 'const_mem': []}";[];{'regs': [], 'indirect_regs': [], 'direct_regs': [], 'mem': [], 'const_mem': []};{'regs': ['<BV64 x0>'], 'indirect_regs': [], 'direct_regs': ['<BV64 x0>'], 'mem': [], 'const_mem': []};{'regs': ['<BV64 x0>'], 'indirect_regs': [], 'direct_regs': ['<BV64 x0>'], 'mem': ['<BV64 x0 + 0x40>'], 'const_mem': []};63.0;0.0;64.0;64.0;[];;;;BaseControlType.CONSTANT_BASE;BaseControlType.CONSTANT_BASE;BaseControlType.CONSTANT_BASE;4;BranchControlType.BRANCH_DEPENDS_ON_SECRET_VALUE;BranchControlType.BRANCH_INDEPENDENT_FROM_SECRET;26000;True;False;True;True;True;False;False;True;True;False;False;False;True;False;True;True;True;False;True;False;[];['has_valid_base'];True;False;True;True;True;False;False;True;True;False;False;False;True;False;True;True;True;False;True;False;[];['has_valid_base']
b9ca5fb9-1eda-4cbb-ab76-46105bf119af;SHA256End@@LIBMD_0.0;0x80c4;0x6364;0x0;TransmitterType.STORE;42;0;False;['0x80c4', '0x80f8', '0x6460', '0x6260', '0x6340'];<BV64 0x50 + x0>;64;[];[];['<BV64 x0>'];[];['<BV64 x0>'];[];[];0;18446744073709551615;18446744073709551615;1;;;True;0;18446744073709551615;18446744073709551615;1;;;True;ControlType.CONTROLLED;0;<BV64 0x50>;64;[];[];[];[];[];[];[];80.0;80.0;0.0;1.0;;;True;80.0;80.0;0.0;1.0;;;True;ControlType.NO_CONTROL;0;<BV64 0x50>;64;[];[];[];[];[];[];[];80;80;0;1.0;;;True;80.0;80.0;0.0;1.0;;;True;ControlType.NO_CONTROL;0;<BV64 x0>;64;[];[];['<BV64 x0>'];[];['<BV64 x0>'];[];[];0.0;1.8446744073709552e+19;18446744073709551615;1;;;True;0.0;1.8446744073709552e+19;18446744073709551615;1;;;True;ControlType.CONTROLLED;0;<BV64 x0>;64;[];[];['<BV64 x0>'];[];['<BV64 x0>'];[];[];0.0;1.8446744073709552e+19;1.8446744073709552e+19;1.0;;;True;0.0;1.8446744073709552e+19;1.8446744073709552e+19;1.0;;;True;ControlType.CONTROLLED;0;<BV64 x0>;64;[];[];[];[];[];[];[];0;0;0;;;;False;0;0;0;;;;False;ControlType.UNKNOWN;0;[('0x627c', <Bool ((LOAD_64[<BV64 x0 + 0x40>]_35[31:0] << 0x1d[7:0] | LShR(LOAD_64[<BV64 x0 + 0x40>]_35[31:0], 0x3)[7:0]) & 63) == 0>, 'Taken'), ('0x647c', <Bool True>, 'Taken'), ('0x80f4', <Bool x1 != 0x0>, 'Taken'), ('0x8100', <Bool True>, 'Taken')];"{'regs': ['<BV64 x0>', '<BV64 x1>'], 'indirect_regs': [""<BV64 x0>: ['0x40']""], 'direct_regs': ['<BV64 x1>'], 'mem': ['<BV64 x0 + 0x40>'], 'const_mem': []}";[];{'regs': [], 'indirect_regs': [], 'direct_regs': [], 'mem': [], 'const_mem': []};{'regs': ['<BV64 x0>'], 'indirect_regs': [], 'direct_regs': ['<BV64 x0>'], 'mem': [], 'const_mem': []};{'regs': ['<BV64 x0>', '<BV64 x1>'], 'indirect_regs': [], 'direct_regs': ['<BV64 x0>', '<BV64 x1>'], 'mem': ['<BV64 x0 + 0x40>'], 'const_mem': []};63.0;0.0;64.0;64.0;[];;;;BaseControlType.CONSTANT_BASE;BaseControlType.CONSTANT_BASE;BaseControlType.CONSTANT_BASE;4;BranchControlType.BRANCH_DEPENDS_ON_SECRET_VALUE;BranchControlType.BRANCH_INDEPENDENT_FROM_SECRET;25444;True;False;True;True;True;False;False;True;True;False;False;False;True;False;True;True;True;False;True;False;[];['has_valid_base'];True;False;True;True;True;False;False;True;True;False;False;False;True;False;True;True;True;False;True;False;[];['has_valid_base']
b037916c-5fad-4795-9a67-0fdce363e500;SHA512Update@@LIBMD_0.0;0x67c0;0x6590;0x0;TransmitterType.LOAD;41;0;False;['0x67c0', '0x67c8', '0x67f8', '0x6800', '0x6544'];<BV64 0x28 + x0>;64;[];[];['<BV64 x0>'];[];['<BV64 x0>'];[];[];0;18446744073709551615;18446744073709551615;1;;;True;0;18446744073709551615;18446744073709551615;1;;;True;ControlType.CONTROLLED;0;<BV64 0x28>;64;[];[];[];[];[];[];[];40.0;40.0;0.0;1.0;;;True;40.0;40.0;0.0;1.0;;;True;ControlType.NO_CONTROL;0;<BV64 0x28>;64;[];[];[];[];[];[];[];40;40;0;1.0;;;True;40.0;40.0;0.0;1.0;;;True;ControlType.NO_CONTROL;0;<BV64 x0>;64;[];[];['<BV64 x0>'];[];['<BV64 x0>'];[];[];0.0;1.8446744073709552e+19;18446744073709551615;1;;;True;0.0;1.8446744073709552e+19;18446744073709551615;1;;;True;ControlType.CONTROLLED;0;<BV64 x0>;64;[];[];['<BV64 x0>'];[];['<BV64 x0>'];[];[];0.0;1.8446744073709552e+19;1.8446744073709552e+19;1.0;;;True;0.0;1.8446744073709552e+19;1.8446744073709552e+19;1.0;;;True;ControlType.CONTROLLED;0;<BV64 x0>;64;[];[];[];[];[];[];[];0;0;0;;;;False;0;0;0;;;;False;ControlType.UNKNOWN;0;[('0x67c4', <Bool x2 != 0x0>, 'Taken'), ('0x67f4', <Bool ((LOAD_64[<BV64 x0 + 0x40>]_26 << 0x3d[7:0] | LShR(LOAD_64[<BV64 x0 + 0x40>]_26, 0x3)[7:0]) & 127) == 0>, 'Taken'), ('0x67fc', <Bool x2 > 0x7f>, 'Taken'), ('0x6810', <Bool True>, 'Taken')];"{'regs': ['<BV64 x0>', '<BV64 x2>'], 'indirect_regs': [""<BV64 x0>: ['0x40']""], 'direct_regs': ['<BV64 x2>'], 'mem': ['<BV64 x0 + 0x40>'], 'const_mem': []}";[];{'regs': [], 'indirect_regs': [], 'direct_regs': [], 'mem': [], 'const_mem': []};{'regs': ['<BV64 x0>'], 'indirect_regs': [], 'direct_regs': ['<BV64 x0>'], 'mem': [], 'const_mem': []};{'regs': ['<BV64 x0>', '<BV64 x2>'], 'indirect_regs': [], 'direct_regs': ['<BV64 x0>', '<BV64 x2>'], 'mem': ['<BV64 x0 + 0x40>'], 'const_mem': []};63.0;0.0;64.0;64.0;[];;;;BaseControlType.CONSTANT_BASE;BaseControlType.CONSTANT_BASE;BaseControlType.CONSTANT_BASE;4;BranchControlType.BRANCH_DEPENDS_ON_SECRET_VALUE;BranchControlType.BRANCH_INDEPENDENT_FROM_SECRET;26000;True;False;True;True;True;False;False;True;True;False;False;False;True;False;True;True;True;False;True;False;[];['has_valid_base'];True;False;True;True;True;False;False;True;True;False;False;False;True;False;True;True;True;False;True;False;[];['has_valid_base']
c380a6ff-c43d-4d98-b4aa-4e75222df05a;SHA384Update@@LIBMD_0.0;0x67c0;0x6594;0x0;TransmitterType.LOAD;42;0;False;['0x67c0', '0x67c8', '0x67f8', '0x6800', '0x6544'];<BV64 0x30 + x0>;64;[];[];['<BV64 x0>'];[];['<BV64 x0>'];[];[];0;18446744073709551615;18446744073709551615;1;;;True;0;18446744073709551615;18446744073709551615;1;;;True;ControlType.CONTROLLED;0;<BV64 0x30>;64;[];[];[];[];[];[];[];48.0;48.0;0.0;1.0;;;True;48.0;48.0;0.0;1.0;;;True;ControlType.NO_CONTROL;0;<BV64 0x30>;64;[];[];[];[];[];[];[];48;48;0;1.0;;;True;48.0;48.0;0.0;1.0;;;True;ControlType.NO_CONTROL;0;<BV64 x0>;64;[];[];['<BV64 x0>'];[];['<BV64 x0>'];[];[];0.0;1.8446744073709552e+19;18446744073709551615;1;;;True;0.0;1.8446744073709552e+19;18446744073709551615;1;;;True;ControlType.CONTROLLED;0;<BV64 x0>;64;[];[];['<BV64 x0>'];[];['<BV64 x0>'];[];[];0.0;1.8446744073709552e+19;1.8446744073709552e+19;1.0;;;True;0.0;1.8446744073709552e+19;1.8446744073709552e+19;1.0;;;True;ControlType.CONTROLLED;0;<BV64 x0>;64;[];[];[];[];[];[];[];0;0;0;;;;False;0;0;0;;;;False;ControlType.UNKNOWN;0;[('0x67c4', <Bool x2 != 0x0>, 'Taken'), ('0x67f4', <Bool ((LOAD_64[<BV64 x0 + 0x40>]_26 << 0x3d[7:0] | LShR(LOAD_64[<BV64 x0 + 0x40>]_26, 0x3)[7:0]) & 127) == 0>, 'Taken'), ('0x67fc', <Bool x2 > 0x7f>, 'Taken'), ('0x6810', <Bool True>, 'Taken')];"{'regs': ['<BV64 x0>', '<BV64 x2>'], 'indirect_regs': [""<BV64 x0>: ['0x40']""], 'direct_regs': ['<BV64 x2>'], 'mem': ['<BV64 x0 + 0x40>'], 'const_mem': []}";[];{'regs': [], 'indirect_regs': [], 'direct_regs': [], 'mem': [], 'const_mem': []};{'regs': ['<BV64 x0>'], 'indirect_regs': [], 'direct_regs': ['<BV64 x0>'], 'mem': [], 'const_mem': []};{'regs': ['<BV64 x0>', '<BV64 x2>'], 'indirect_regs': [], 'direct_regs': ['<BV64 x0>', '<BV64 x2>'], 'mem': ['<BV64 x0 + 0x40>'], 'const_mem': []};63.0;0.0;64.0;64.0;[];;;;BaseControlType.CONSTANT_BASE;BaseControlType.CONSTANT_BASE;BaseControlType.CONSTANT_BASE;4;BranchControlType.BRANCH_DEPENDS_ON_SECRET_VALUE;BranchControlType.BRANCH_INDEPENDENT_FROM_SECRET;26004;True;False;True;True;True;False;False;True;True;False;False;False;True;False;True;True;True;False;True;False;[];['has_valid_base'];True;False;True;True;True;False;False;True;True;False;False;False;True;False;True;True;True;False;True;False;[];['has_valid_base']
19790117-b12a-4332-82b7-774abc8816fb;SHA384Pad@@LIBMD_0.0;0x6920;0x6594;0x0;TransmitterType.LOAD;42;0;False;['0x6920', '0x6940', '0x695c', '0x697c', '0x6544'];<BV64 0x30 + x0>;64;[];[];['<BV64 x0>'];[];['<BV64 x0>'];[];[];0;18446744073709551615;18446744073709551615;1;;;True;0;18446744073709551615;18446744073709551615;1;;;True;ControlType.CONTROLLED;0;<BV64 0x30>;64;[];[];[];[];[];[];[];48.0;48.0;0.0;1.0;;;True;48.0;48.0;0.0;1.0;;;True;ControlType.NO_CONTROL;0;<BV64 0x30>;64;[];[];[];[];[];[];[];48;48;0;1.0;;;True;48.0;48.0;0.0;1.0;;;True;ControlType.NO_CONTROL;0;<BV64 x0>;64;[];[];['<BV64 x0>'];[];['<BV64 x0>'];[];[];0.0;1.8446744073709552e+19;18446744073709551615;1;;;True;0.0;1.8446744073709552e+19;18446744073709551615;1;;;True;ControlType.CONTROLLED;0;<BV64 x0>;64;[];[];['<BV64 x0>'];[];['<BV64 x0>'];[];[];0.0;1.8446744073709552e+19;1.8446744073709552e+19;1.0;;;True;0.0;1.8446744073709552e+19;1.8446744073709552e+19;1.0;;;True;ControlType.CONTROLLED;0;<BV64 x0>;64;[];[];[];[];[];[];[];0;0;0;;;;False;0;0;0;;;;False;ControlType.UNKNOWN;0;[('0x693c', <Bool ((LOAD_64[<BV64 x0 + 0x40>]_24[31:0] << 0x1d[7:0] | LShR(LOAD_64[<BV64 x0 + 0x40>]_24[31:0], 0x3)[7:0]) & 127) != 0>, 'Taken'), ('0x6958', <Bool (0x0 .. LOAD_64[<BV64 x0 + 0x40>]_24[9:3]) + 0x1 > 0x70>, 'Taken'), ('0x6960', <Bool 0x1 + (0x0 .. LOAD_64[<BV64 x0 + 0x40>]_24[9:3]) == 0x80>, 'Taken'), ('0x6988', <Bool True>, 'Taken')];"{'regs': ['<BV64 x0>'], 'indirect_regs': [""<BV64 x0>: ['0x40', '0x40', '0x40']""], 'direct_regs': [], 'mem': ['<BV64 x0 + 0x40>'], 'const_mem': []}";[];{'regs': [], 'indirect_regs': [], 'direct_regs': [], 'mem': [], 'const_mem': []};{'regs': ['<BV64 x0>'], 'indirect_regs': [], 'direct_regs': ['<BV64 x0>'], 'mem': [], 'const_mem': []};{'regs': ['<BV64 x0>'], 'indirect_regs': [], 'direct_regs': ['<BV64 x0>'], 'mem': ['<BV64 x0 + 0x40>'], 'const_mem': []};63.0;0.0;64.0;64.0;[];;;;BaseControlType.CONSTANT_BASE;BaseControlType.CONSTANT_BASE;BaseControlType.CONSTANT_BASE;4;BranchControlType.BRANCH_DEPENDS_ON_SECRET_VALUE;BranchControlType.BRANCH_INDEPENDENT_FROM_SECRET;26004;True;False;True;True;True;False;False;True;True;False;False;False;True;False;True;True;True;False;True;False;[];['has_valid_base'];True;False;True;True;True;False;False;True;True;False;False;False;True;False;True;True;True;False;True;False;[];['has_valid_base']
6b2a43e4-9a08-4a18-bac7-a349aceeee9b;SHA224Update@@LIBMD_0.1;0x610c;0x5f0c;0x0;TransmitterType.LOAD;44;0;False;['0x610c', '0x6114', '0x6144', '0x614c', '0x5ec0'];<BV64 0x10 + x0>;64;[];[];['<BV64 x0>'];[];['<BV64 x0>'];[];[];0;18446744073709551615;18446744073709551615;1;;;True;0;18446744073709551615;18446744073709551615;1;;;True;ControlType.CONTROLLED;0;<BV64 0x10>;64;[];[];[];[];[];[];[];16.0;16.0;0.0;1.0;;;True;16.0;16.0;0.0;1.0;;;True;ControlType.NO_CONTROL;0;<BV64 0x10>;64;[];[];[];[];[];[];[];16;16;0;1.0;;;True;16.0;16.0;0.0;1.0;;;True;ControlType.NO_CONTROL;0;<BV64 x0>;64;[];[];['<BV64 x0>'];[];['<BV64 x0>'];[];[];0.0;1.8446744073709552e+19;18446744073709551615;1;;;True;0.0;1.8446744073709552e+19;18446744073709551615;1;;;True;ControlType.CONTROLLED;0;<BV64 x0>;64;[];[];['<BV64 x0>'];[];['<BV64 x0>'];[];[];0.0;1.8446744073709552e+19;1.8446744073709552e+19;1.0;;;True;0.0;1.8446744073709552e+19;1.8446744073709552e+19;1.0;;;True;ControlType.CONTROLLED;0;<BV64 x0>;64;[];[];[];[];[];[];[];0;0;0;;;;False;0;0;0;;;;False;ControlType.UNKNOWN;0;[('0x6110', <Bool x2 != 0x0>, 'Taken'), ('0x6140', <Bool ((LOAD_64[<BV64 x0 + 0x40>]_26 << 0x3d[7:0] | LShR(LOAD_64[<BV64 x0 + 0x40>]_26, 0x3)[7:0]) & 63) == 0>, 'Taken'), ('0x6148', <Bool x2 > 0x3f>, 'Taken'), ('0x6168', <Bool True>, 'Taken')];"{'regs': ['<BV64 x0>', '<BV64 x2>'], 'indirect_regs': [""<BV64 x0>: ['0x40']""], 'direct_regs': ['<BV64 x2>'], 'mem': ['<BV64 x0 + 0x40>'], 'const_mem': []}";[];{'regs': [], 'indirect_regs': [], 'direct_regs': [], 'mem': [], 'const_mem': []};{'regs': ['<BV64 x0>'], 'indirect_regs': [], 'direct_regs': ['<BV64 x0>'], 'mem': [], 'const_mem': []};{'regs': ['<BV64 x0>', '<BV64 x2>'], 'indirect_regs': [], 'direct_regs': ['<BV64 x0>', '<BV64 x2>'], 'mem': ['<BV64 x0 + 0x40>'], 'const_mem': []};63.0;0.0;64.0;64.0;['<Bool LOAD_128[<BV64 x0>]_31[31:0] == LOAD_32[<BV64 x0>]_33>', '<Bool LOAD_128[<BV64 x0>]_31[63:32] == LOAD_32[<BV64 x0 + 0x4>]_34>', '<Bool LOAD_128[<BV64 x0 + 0x10>]_32[31:0] == LOAD_32[<BV64 x0 + 0x10>]_39>'];;;;BaseControlType.CONSTANT_BASE;BaseControlType.CONSTANT_BASE;BaseControlType.CONSTANT_BASE;4;BranchControlType.BRANCH_DEPENDS_ON_SECRET_VALUE;BranchControlType.BRANCH_INDEPENDENT_FROM_SECRET;24332;True;False;True;True;True;False;False;True;True;False;False;False;True;False;True;True;True;False;True;False;[];['has_valid_base'];True;False;True;True;True;False;False;True;True;False;False;False;True;False;True;True;True;False;True;False;[];['has_valid_base']
2e46cc92-bbf5-4a20-962c-ffbb6af0f843;SHA256End@@LIBMD_0.0;0x80c4;0x6368;0x0;TransmitterType.STORE;43;0;False;['0x80c4', '0x80f8', '0x6460', '0x6260', '0x6340'];<BV64 0x88 + x0>;64;[];[];['<BV64 x0>'];[];['<BV64 x0>'];[];[];0;18446744073709551615;18446744073709551615;1;;;True;0;18446744073709551615;18446744073709551615;1;;;True;ControlType.CONTROLLED;0;<BV64 0x88>;64;[];[];[];[];[];[];[];136.0;136.0;0.0;1.0;;;True;136.0;136.0;0.0;1.0;;;True;ControlType.NO_CONTROL;0;<BV64 0x88>;64;[];[];[];[];[];[];[];136;136;0;1.0;;;True;136.0;136.0;0.0;1.0;;;True;ControlType.NO_CONTROL;0;<BV64 x0>;64;[];[];['<BV64 x0>'];[];['<BV64 x0>'];[];[];0.0;1.8446744073709552e+19;18446744073709551615;1;;;True;0.0;1.8446744073709552e+19;18446744073709551615;1;;;True;ControlType.CONTROLLED;0;<BV64 x0>;64;[];[];['<BV64 x0>'];[];['<BV64 x0>'];[];[];0.0;1.8446744073709552e+19;1.8446744073709552e+19;1.0;;;True;0.0;1.8446744073709552e+19;1.8446744073709552e+19;1.0;;;True;ControlType.CONTROLLED;0;<BV64 x0>;64;[];[];[];[];[];[];[];0;0;0;;;;False;0;0;0;;;;False;ControlType.UNKNOWN;0;[('0x627c', <Bool ((LOAD_64[<BV64 x0 + 0x40>]_35[31:0] << 0x1d[7:0] | LShR(LOAD_64[<BV64 x0 + 0x40>]_35[31:0], 0x3)[7:0]) & 63) == 0>, 'Taken'), ('0x647c', <Bool True>, 'Taken'), ('0x80f4', <Bool x1 != 0x0>, 'Taken'), ('0x8100', <Bool True>, 'Taken')];"{'regs': ['<BV64 x0>', '<BV64 x1>'], 'indirect_regs': [""<BV64 x0>: ['0x40']""], 'direct_regs': ['<BV64 x1>'], 'mem': ['<BV64 x0 + 0x40>'], 'const_mem': []}";[];{'regs': [], 'indirect_regs': [], 'direct_regs': [], 'mem': [], 'const_mem': []};{'regs': ['<BV64 x0>'], 'indirect_regs': [], 'direct_regs': ['<BV64 x0>'], 'mem': [], 'const_mem': []};{'regs': ['<BV64 x0>', '<BV64 x1>'], 'indirect_regs': [], 'direct_regs': ['<BV64 x0>', '<BV64 x1>'], 'mem': ['<BV64 x0 + 0x40>'], 'const_mem': []};63.0;0.0;64.0;64.0;[];;;;BaseControlType.CONSTANT_BASE;BaseControlType.CONSTANT_BASE;BaseControlType.CONSTANT_BASE;4;BranchControlType.BRANCH_DEPENDS_ON_SECRET_VALUE;BranchControlType.BRANCH_INDEPENDENT_FROM_SECRET;25448;True;False;True;True;True;False;False;True;True;False;False;False;True;False;True;True;True;False;True;False;[];['has_valid_base'];True;False;True;True;True;False;False;True;True;False;False;False;True;False;True;True;True;False;True;False;[];['has_valid_base']
50adf8f4-57ea-488d-85c3-d85b819f01ab;SHA512Update@@LIBMD_0.0;0x67c0;0x6594;0x0;TransmitterType.LOAD;42;0;False;['0x67c0', '0x67c8', '0x67f8', '0x6800', '0x6544'];<BV64 0x30 + x0>;64;[];[];['<BV64 x0>'];[];['<BV64 x0>'];[];[];0;18446744073709551615;18446744073709551615;1;;;True;0;18446744073709551615;18446744073709551615;1;;;True;ControlType.CONTROLLED;0;<BV64 0x30>;64;[];[];[];[];[];[];[];48.0;48.0;0.0;1.0;;;True;48.0;48.0;0.0;1.0;;;True;ControlType.NO_CONTROL;0;<BV64 0x30>;64;[];[];[];[];[];[];[];48;48;0;1.0;;;True;48.0;48.0;0.0;1.0;;;True;ControlType.NO_CONTROL;0;<BV64 x0>;64;[];[];['<BV64 x0>'];[];['<BV64 x0>'];[];[];0.0;1.8446744073709552e+19;18446744073709551615;1;;;True;0.0;1.8446744073709552e+19;18446744073709551615;1;;;True;ControlType.CONTROLLED;0;<BV64 x0>;64;[];[];['<BV64 x0>'];[];['<BV64 x0>'];[];[];0.0;1.8446744073709552e+19;1.8446744073709552e+19;1.0;;;True;0.0;1.8446744073709552e+19;1.8446744073709552e+19;1.0;;;True;ControlType.CONTROLLED;0;<BV64 x0>;64;[];[];[];[];[];[];[];0;0;0;;;;False;0;0;0;;;;False;ControlType.UNKNOWN;0;[('0x67c4', <Bool x2 != 0x0>, 'Taken'), ('0x67f4', <Bool ((LOAD_64[<BV64 x0 + 0x40>]_26 << 0x3d[7:0] | LShR(LOAD_64[<BV64 x0 + 0x40>]_26, 0x3)[7:0]) & 127) == 0>, 'Taken'), ('0x67fc', <Bool x2 > 0x7f>, 'Taken'), ('0x6810', <Bool True>, 'Taken')];"{'regs': ['<BV64 x0>', '<BV64 x2>'], 'indirect_regs': [""<BV64 x0>: ['0x40']""], 'direct_regs': ['<BV64 x2>'], 'mem': ['<BV64 x0 + 0x40>'], 'const_mem': []}";[];{'regs': [], 'indirect_regs': [], 'direct_regs': [], 'mem': [], 'const_mem': []};{'regs': ['<BV64 x0>'], 'indirect_regs': [], 'direct_regs': ['<BV64 x0>'], 'mem': [], 'const_mem': []};{'regs': ['<BV64 x0>', '<BV64 x2>'], 'indirect_regs': [], 'direct_regs': ['<BV64 x0>', '<BV64 x2>'], 'mem': ['<BV64 x0 + 0x40>'], 'const_mem': []};63.0;0.0;64.0;64.0;[];;;;BaseControlType.CONSTANT_BASE;BaseControlType.CONSTANT_BASE;BaseControlType.CONSTANT_BASE;4;BranchControlType.BRANCH_DEPENDS_ON_SECRET_VALUE;BranchControlType.BRANCH_INDEPENDENT_FROM_SECRET;26004;True;False;True;True;True;False;False;True;True;False;False;False;True;False;True;True;True;False;True;False;[];['has_valid_base'];True;False;True;True;True;False;False;True;True;False;False;False;True;False;True;True;True;False;True;False;[];['has_valid_base']
99d0dacd-2c10-468e-a7e6-77b3b71b59bf;SHA384Update@@LIBMD_0.0;0x67c0;0x6594;0x0;TransmitterType.LOAD;42;0;False;['0x67c0', '0x67c8', '0x67f8', '0x6800', '0x6544'];<BV64 0x38 + x0>;64;[];[];['<BV64 x0>'];[];['<BV64 x0>'];[];[];0;18446744073709551615;18446744073709551615;1;;;True;0;18446744073709551615;18446744073709551615;1;;;True;ControlType.CONTROLLED;0;<BV64 0x38>;64;[];[];[];[];[];[];[];56.0;56.0;0.0;1.0;;;True;56.0;56.0;0.0;1.0;;;True;ControlType.NO_CONTROL;0;<BV64 0x38>;64;[];[];[];[];[];[];[];56;56;0;1.0;;;True;56.0;56.0;0.0;1.0;;;True;ControlType.NO_CONTROL;0;<BV64 x0>;64;[];[];['<BV64 x0>'];[];['<BV64 x0>'];[];[];0.0;1.8446744073709552e+19;18446744073709551615;1;;;True;0.0;1.8446744073709552e+19;18446744073709551615;1;;;True;ControlType.CONTROLLED;0;<BV64 x0>;64;[];[];['<BV64 x0>'];[];['<BV64 x0>'];[];[];0.0;1.8446744073709552e+19;1.8446744073709552e+19;1.0;;;True;0.0;1.8446744073709552e+19;1.8446744073709552e+19;1.0;;;True;ControlType.CONTROLLED;0;<BV64 x0>;64;[];[];[];[];[];[];[];0;0;0;;;;False;0;0;0;;;;False;ControlType.UNKNOWN;0;[('0x67c4', <Bool x2 != 0x0>, 'Taken'), ('0x67f4', <Bool ((LOAD_64[<BV64 x0 + 0x40>]_26 << 0x3d[7:0] | LShR(LOAD_64[<BV64 x0 + 0x40>]_26, 0x3)[7:0]) & 127) == 0>, 'Taken'), ('0x67fc', <Bool x2 > 0x7f>, 'Taken'), ('0x6810', <Bool True>, 'Taken')];"{'regs': ['<BV64 x0>', '<BV64 x2>'], 'indirect_regs': [""<BV64 x0>: ['0x40']""], 'direct_regs': ['<BV64 x2>'], 'mem': ['<BV64 x0 + 0x40>'], 'const_mem': []}";[];{'regs': [], 'indirect_regs': [], 'direct_regs': [], 'mem': [], 'const_mem': []};{'regs': ['<BV64 x0>'], 'indirect_regs': [], 'direct_regs': ['<BV64 x0>'], 'mem': [], 'const_mem': []};{'regs': ['<BV64 x0>', '<BV64 x2>'], 'indirect_regs': [], 'direct_regs': ['<BV64 x0>', '<BV64 x2>'], 'mem': ['<BV64 x0 + 0x40>'], 'const_mem': []};63.0;0.0;64.0;64.0;[];;;;BaseControlType.CONSTANT_BASE;BaseControlType.CONSTANT_BASE;BaseControlType.CONSTANT_BASE;4;BranchControlType.BRANCH_DEPENDS_ON_SECRET_VALUE;BranchControlType.BRANCH_INDEPENDENT_FROM_SECRET;26004;True;False;True;True;True;False;False;True;True;False;False;False;True;False;True;True;True;False;True;False;[];['has_valid_base'];True;False;True;True;True;False;False;True;True;False;False;False;True;False;True;True;True;False;True;False;[];['has_valid_base']
7245ba12-14c1-46f7-a2ee-29f01019a7ca;SHA384Pad@@LIBMD_0.0;0x6920;0x6594;0x0;TransmitterType.LOAD;42;0;False;['0x6920', '0x6940', '0x695c', '0x697c', '0x6544'];<BV64 0x38 + x0>;64;[];[];['<BV64 x0>'];[];['<BV64 x0>'];[];[];0;18446744073709551615;18446744073709551615;1;;;True;0;18446744073709551615;18446744073709551615;1;;;True;ControlType.CONTROLLED;0;<BV64 0x38>;64;[];[];[];[];[];[];[];56.0;56.0;0.0;1.0;;;True;56.0;56.0;0.0;1.0;;;True;ControlType.NO_CONTROL;0;<BV64 0x38>;64;[];[];[];[];[];[];[];56;56;0;1.0;;;True;56.0;56.0;0.0;1.0;;;True;ControlType.NO_CONTROL;0;<BV64 x0>;64;[];[];['<BV64 x0>'];[];['<BV64 x0>'];[];[];0.0;1.8446744073709552e+19;18446744073709551615;1;;;True;0.0;1.8446744073709552e+19;18446744073709551615;1;;;True;ControlType.CONTROLLED;0;<BV64 x0>;64;[];[];['<BV64 x0>'];[];['<BV64 x0>'];[];[];0.0;1.8446744073709552e+19;1.8446744073709552e+19;1.0;;;True;0.0;1.8446744073709552e+19;1.8446744073709552e+19;1.0;;;True;ControlType.CONTROLLED;0;<BV64 x0>;64;[];[];[];[];[];[];[];0;0;0;;;;False;0;0;0;;;;False;ControlType.UNKNOWN;0;[('0x693c', <Bool ((LOAD_64[<BV64 x0 + 0x40>]_24[31:0] << 0x1d[7:0] | LShR(LOAD_64[<BV64 x0 + 0x40>]_24[31:0], 0x3)[7:0]) & 127) != 0>, 'Taken'), ('0x6958', <Bool (0x0 .. LOAD_64[<BV64 x0 + 0x40>]_24[9:3]) + 0x1 > 0x70>, 'Taken'), ('0x6960', <Bool 0x1 + (0x0 .. LOAD_64[<BV64 x0 + 0x40>]_24[9:3]) == 0x80>, 'Taken'), ('0x6988', <Bool True>, 'Taken')];"{'regs': ['<BV64 x0>'], 'indirect_regs': [""<BV64 x0>: ['0x40', '0x40', '0x40']""], 'direct_regs': [], 'mem': ['<BV64 x0 + 0x40>'], 'const_mem': []}";[];{'regs': [], 'indirect_regs': [], 'direct_regs': [], 'mem': [], 'const_mem': []};{'regs': ['<BV64 x0>'], 'indirect_regs': [], 'direct_regs': ['<BV64 x0>'], 'mem': [], 'const_mem': []};{'regs': ['<BV64 x0>'], 'indirect_regs': [], 'direct_regs': ['<BV64 x0>'], 'mem': ['<BV64 x0 + 0x40>'], 'const_mem': []};63.0;0.0;64.0;64.0;[];;;;BaseControlType.CONSTANT_BASE;BaseControlType.CONSTANT_BASE;BaseControlType.CONSTANT_BASE;4;BranchControlType.BRANCH_DEPENDS_ON_SECRET_VALUE;BranchControlType.BRANCH_INDEPENDENT_FROM_SECRET;26004;True;False;True;True;True;False;False;True;True;False;False;False;True;False;True;True;True;False;True;False;[];['has_valid_base'];True;False;True;True;True;False;False;True;True;False;False;False;True;False;True;True;True;False;True;False;[];['has_valid_base']
9798bd89-ef21-4b9a-aedc-1636174e9723;SHA224Update@@LIBMD_0.1;0x610c;0x5f0c;0x0;TransmitterType.LOAD;44;0;False;['0x610c', '0x6114', '0x6144', '0x614c', '0x5ec0'];<BV64 0x14 + x0>;64;[];[];['<BV64 x0>'];[];['<BV64 x0>'];[];[];0;18446744073709551615;18446744073709551615;1;;;True;0;18446744073709551615;18446744073709551615;1;;;True;ControlType.CONTROLLED;0;<BV64 0x14>;64;[];[];[];[];[];[];[];20.0;20.0;0.0;1.0;;;True;20.0;20.0;0.0;1.0;;;True;ControlType.NO_CONTROL;0;<BV64 0x14>;64;[];[];[];[];[];[];[];20;20;0;1.0;;;True;20.0;20.0;0.0;1.0;;;True;ControlType.NO_CONTROL;0;<BV64 x0>;64;[];[];['<BV64 x0>'];[];['<BV64 x0>'];[];[];0.0;1.8446744073709552e+19;18446744073709551615;1;;;True;0.0;1.8446744073709552e+19;18446744073709551615;1;;;True;ControlType.CONTROLLED;0;<BV64 x0>;64;[];[];['<BV64 x0>'];[];['<BV64 x0>'];[];[];0.0;1.8446744073709552e+19;1.8446744073709552e+19;1.0;;;True;0.0;1.8446744073709552e+19;1.8446744073709552e+19;1.0;;;True;ControlType.CONTROLLED;0;<BV64 x0>;64;[];[];[];[];[];[];[];0;0;0;;;;False;0;0;0;;;;False;ControlType.UNKNOWN;0;[('0x6110', <Bool x2 != 0x0>, 'Taken'), ('0x6140', <Bool ((LOAD_64[<BV64 x0 + 0x40>]_26 << 0x3d[7:0] | LShR(LOAD_64[<BV64 x0 + 0x40>]_26, 0x3)[7:0]) & 63) == 0>, 'Taken'), ('0x6148', <Bool x2 > 0x3f>, 'Taken'), ('0x6168', <Bool True>, 'Taken')];"{'regs': ['<BV64 x0>', '<BV64 x2>'], 'indirect_regs': [""<BV64 x0>: ['0x40']""], 'direct_regs': ['<BV64 x2>'], 'mem': ['<BV64 x0 + 0x40>'], 'const_mem': []}";[];{'regs': [], 'indirect_regs': [], 'direct_regs': [], 'mem': [], 'const_mem': []};{'regs': ['<BV64 x0>'], 'indirect_regs': [], 'direct_regs': ['<BV64 x0>'], 'mem': [], 'const_mem': []};{'regs': ['<BV64 x0>', '<BV64 x2>'], 'indirect_regs': [], 'direct_regs': ['<BV64 x0>', '<BV64 x2>'], 'mem': ['<BV64 x0 + 0x40>'], 'const_mem': []};63.0;0.0;64.0;64.0;['<Bool LOAD_128[<BV64 x0>]_31[31:0] == LOAD_32[<BV64 x0>]_33>', '<Bool LOAD_128[<BV64 x0>]_31[63:32] == LOAD_32[<BV64 x0 + 0x4>]_34>', '<Bool LOAD_128[<BV64 x0 + 0x10>]_32[31:0] == LOAD_32[<BV64 x0 + 0x10>]_39>', '<Bool LOAD_128[<BV64 x0 + 0x10>]_32[63:32] == LOAD_32[<BV64 x0 + 0x14>]_40>'];;;;BaseControlType.CONSTANT_BASE;BaseControlType.CONSTANT_BASE;BaseControlType.CONSTANT_BASE;4;BranchControlType.BRANCH_DEPENDS_ON_SECRET_VALUE;BranchControlType.BRANCH_INDEPENDENT_FROM_SECRET;24332;True;False;True;True;True;False;False;True;True;False;False;False;True;False;True;True;True;False;True;False;[];['has_valid_base'];True;False;True;True;True;False;False;True;True;False;False;False;True;False;True;True;True;False;True;False;[];['has_valid_base']
bc2816ab-805f-436b-856d-97341a51598a;SHA512Update@@LIBMD_0.0;0x67c0;0x6594;0x0;TransmitterType.LOAD;42;0;False;['0x67c0', '0x67c8', '0x67f8', '0x6800', '0x6544'];<BV64 0x38 + x0>;64;[];[];['<BV64 x0>'];[];['<BV64 x0>'];[];[];0;18446744073709551615;18446744073709551615;1;;;True;0;18446744073709551615;18446744073709551615;1;;;True;ControlType.CONTROLLED;0;<BV64 0x38>;64;[];[];[];[];[];[];[];56.0;56.0;0.0;1.0;;;True;56.0;56.0;0.0;1.0;;;True;ControlType.NO_CONTROL;0;<BV64 0x38>;64;[];[];[];[];[];[];[];56;56;0;1.0;;;True;56.0;56.0;0.0;1.0;;;True;ControlType.NO_CONTROL;0;<BV64 x0>;64;[];[];['<BV64 x0>'];[];['<BV64 x0>'];[];[];0.0;1.8446744073709552e+19;18446744073709551615;1;;;True;0.0;1.8446744073709552e+19;18446744073709551615;1;;;True;ControlType.CONTROLLED;0;<BV64 x0>;64;[];[];['<BV64 x0>'];[];['<BV64 x0>'];[];[];0.0;1.8446744073709552e+19;1.8446744073709552e+19;1.0;;;True;0.0;1.8446744073709552e+19;1.8446744073709552e+19;1.0;;;True;ControlType.CONTROLLED;0;<BV64 x0>;64;[];[];[];[];[];[];[];0;0;0;;;;False;0;0;0;;;;False;ControlType.UNKNOWN;0;[('0x67c4', <Bool x2 != 0x0>, 'Taken'), ('0x67f4', <Bool ((LOAD_64[<BV64 x0 + 0x40>]_26 << 0x3d[7:0] | LShR(LOAD_64[<BV64 x0 + 0x40>]_26, 0x3)[7:0]) & 127) == 0>, 'Taken'), ('0x67fc', <Bool x2 > 0x7f>, 'Taken'), ('0x6810', <Bool True>, 'Taken')];"{'regs': ['<BV64 x0>', '<BV64 x2>'], 'indirect_regs': [""<BV64 x0>: ['0x40']""], 'direct_regs': ['<BV64 x2>'], 'mem': ['<BV64 x0 + 0x40>'], 'const_mem': []}";[];{'regs': [], 'indirect_regs': [], 'direct_regs': [], 'mem': [], 'const_mem': []};{'regs': ['<BV64 x0>'], 'indirect_regs': [], 'direct_regs': ['<BV64 x0>'], 'mem': [], 'const_mem': []};{'regs': ['<BV64 x0>', '<BV64 x2>'], 'indirect_regs': [], 'direct_regs': ['<BV64 x0>', '<BV64 x2>'], 'mem': ['<BV64 x0 + 0x40>'], 'const_mem': []};63.0;0.0;64.0;64.0;[];;;;BaseControlType.CONSTANT_BASE;BaseControlType.CONSTANT_BASE;BaseControlType.CONSTANT_BASE;4;BranchControlType.BRANCH_DEPENDS_ON_SECRET_VALUE;BranchControlType.BRANCH_INDEPENDENT_FROM_SECRET;26004;True;False;True;True;True;False;False;True;True;False;False;False;True;False;True;True;True;False;True;False;[];['has_valid_base'];True;False;True;True;True;False;False;True;True;False;False;False;True;False;True;True;True;False;True;False;[];['has_valid_base']
431e98fe-3513-41fa-bbe1-d627f6529681;SHA384Pad@@LIBMD_0.0;0x6920;0x6a78;0x0;TransmitterType.STORE;13;0;False;['0x6920', '0x6a68'];<BV64 0x51 + x0>;64;[];[];['<BV64 x0>'];[];['<BV64 x0>'];[];[];0;18446744073709551615;18446744073709551615;1;;;True;0;18446744073709551615;18446744073709551615;1;;;True;ControlType.CONTROLLED;0;<BV64 0x51>;64;[];[];[];[];[];[];[];81.0;81.0;0.0;1.0;;;True;81.0;81.0;0.0;1.0;;;True;ControlType.NO_CONTROL;0;<BV64 0x51>;64;[];[];[];[];[];[];[];81;81;0;1.0;;;True;81.0;81.0;0.0;1.0;;;True;ControlType.NO_CONTROL;0;<BV64 x0>;64;[];[];['<BV64 x0>'];[];['<BV64 x0>'];[];[];0.0;1.8446744073709552e+19;18446744073709551615;1;;;True;0.0;1.8446744073709552e+19;18446744073709551615;1;;;True;ControlType.CONTROLLED;0;<BV64 x0>;64;[];[];['<BV64 x0>'];[];['<BV64 x0>'];[];[];0.0;1.8446744073709552e+19;1.8446744073709552e+19;1.0;;;True;0.0;1.8446744073709552e+19;1.8446744073709552e+19;1.0;;;True;ControlType.CONTROLLED;0;<BV64 x0>;64;[];[];[];[];[];[];[];0;0;0;;;;False;0;0;0;;;;False;ControlType.UNKNOWN;0;[('0x693c', <Bool ((LOAD_64[<BV64 x0 + 0x40>]_24[31:0] << 0x1d[7:0] | LShR(LOAD_64[<BV64 x0 + 0x40>]_24[31:0], 0x3)[7:0]) & 127) == 0>, 'Taken')];"{'regs': ['<BV64 x0>'], 'indirect_regs': [""<BV64 x0>: ['0x40']""], 'direct_regs': [], 'mem': ['<BV64 x0 + 0x40>'], 'const_mem': []}";[];{'regs': [], 'indirect_regs': [], 'direct_regs': [], 'mem': [], 'const_mem': []};{'regs': ['<BV64 x0>'], 'indirect_regs': [], 'direct_regs': ['<BV64 x0>'], 'mem': [], 'const_mem': []};{'regs': ['<BV64 x0>'], 'indirect_regs': [], 'direct_regs': ['<BV64 x0>'], 'mem': ['<BV64 x0 + 0x40>'], 'const_mem': []};63.0;0.0;64.0;64.0;[];;;;BaseControlType.CONSTANT_BASE;BaseControlType.CONSTANT_BASE;BaseControlType.CONSTANT_BASE;1;BranchControlType.BRANCH_DEPENDS_ON_SECRET_VALUE;BranchControlType.BRANCH_INDEPENDENT_FROM_SECRET;27256;True;False;True;True;True;False;False;True;True;False;False;False;True;False;True;True;True;False;True;False;[];['has_valid_base'];True;False;True;True;True;False;False;True;True;False;False;False;True;False;True;True;True;False;True;False;[];['has_valid_base']
14224e0c-8890-40a5-b955-7f4be76afd36;SHA384Pad@@LIBMD_0.0;0x6920;0x6a7c;0x0;TransmitterType.STORE;14;0;False;['0x6920', '0x6a68'];<BV64 0xa1 + x0>;64;[];[];['<BV64 x0>'];[];['<BV64 x0>'];[];[];0;18446744073709551615;18446744073709551615;1;;;True;0;18446744073709551615;18446744073709551615;1;;;True;ControlType.CONTROLLED;0;<BV64 0xa1>;64;[];[];[];[];[];[];[];161.0;161.0;0.0;1.0;;;True;161.0;161.0;0.0;1.0;;;True;ControlType.NO_CONTROL;0;<BV64 0xa1>;64;[];[];[];[];[];[];[];161;161;0;1.0;;;True;161.0;161.0;0.0;1.0;;;True;ControlType.NO_CONTROL;0;<BV64 x0>;64;[];[];['<BV64 x0>'];[];['<BV64 x0>'];[];[];0.0;1.8446744073709552e+19;18446744073709551615;1;;;True;0.0;1.8446744073709552e+19;18446744073709551615;1;;;True;ControlType.CONTROLLED;0;<BV64 x0>;64;[];[];['<BV64 x0>'];[];['<BV64 x0>'];[];[];0.0;1.8446744073709552e+19;1.8446744073709552e+19;1.0;;;True;0.0;1.8446744073709552e+19;1.8446744073709552e+19;1.0;;;True;ControlType.CONTROLLED;0;<BV64 x0>;64;[];[];[];[];[];[];[];0;0;0;;;;False;0;0;0;;;;False;ControlType.UNKNOWN;0;[('0x693c', <Bool ((LOAD_64[<BV64 x0 + 0x40>]_24[31:0] << 0x1d[7:0] | LShR(LOAD_64[<BV64 x0 + 0x40>]_24[31:0], 0x3)[7:0]) & 127) == 0>, 'Taken')];"{'regs': ['<BV64 x0>'], 'indirect_regs': [""<BV64 x0>: ['0x40']""], 'direct_regs': [], 'mem': ['<BV64 x0 + 0x40>'], 'const_mem': []}";[];{'regs': [], 'indirect_regs': [], 'direct_regs': [], 'mem': [], 'const_mem': []};{'regs': ['<BV64 x0>'], 'indirect_regs': [], 'direct_regs': ['<BV64 x0>'], 'mem': [], 'const_mem': []};{'regs': ['<BV64 x0>'], 'indirect_regs': [], 'direct_regs': ['<BV64 x0>'], 'mem': ['<BV64 x0 + 0x40>'], 'const_mem': []};63.0;0.0;64.0;64.0;[];;;;BaseControlType.CONSTANT_BASE;BaseControlType.CONSTANT_BASE;BaseControlType.CONSTANT_BASE;1;BranchControlType.BRANCH_DEPENDS_ON_SECRET_VALUE;BranchControlType.BRANCH_INDEPENDENT_FROM_SECRET;27260;True;False;True;True;True;False;False;True;True;False;False;False;True;False;True;True;True;False;True;False;[];['has_valid_base'];True;False;True;True;True;False;False;True;True;False;False;False;True;False;True;True;True;False;True;False;[];['has_valid_base']
15d414e3-f604-469b-a927-0fce85911853;SHA384Pad@@LIBMD_0.0;0x6920;0x6a80;0x0;TransmitterType.STORE;15;0;False;['0x6920', '0x6a68'];<BV64 0x61 + x0>;64;[];[];['<BV64 x0>'];[];['<BV64 x0>'];[];[];0;18446744073709551615;18446744073709551615;1;;;True;0;18446744073709551615;18446744073709551615;1;;;True;ControlType.CONTROLLED;0;<BV64 0x61>;64;[];[];[];[];[];[];[];97.0;97.0;0.0;1.0;;;True;97.0;97.0;0.0;1.0;;;True;ControlType.NO_CONTROL;0;<BV64 0x61>;64;[];[];[];[];[];[];[];97;97;0;1.0;;;True;97.0;97.0;0.0;1.0;;;True;ControlType.NO_CONTROL;0;<BV64 x0>;64;[];[];['<BV64 x0>'];[];['<BV64 x0>'];[];[];0.0;1.8446744073709552e+19;18446744073709551615;1;;;True;0.0;1.8446744073709552e+19;18446744073709551615;1;;;True;ControlType.CONTROLLED;0;<BV64 x0>;64;[];[];['<BV64 x0>'];[];['<BV64 x0>'];[];[];0.0;1.8446744073709552e+19;1.8446744073709552e+19;1.0;;;True;0.0;1.8446744073709552e+19;1.8446744073709552e+19;1.0;;;True;ControlType.CONTROLLED;0;<BV64 x0>;64;[];[];[];[];[];[];[];0;0;0;;;;False;0;0;0;;;;False;ControlType.UNKNOWN;0;[('0x693c', <Bool ((LOAD_64[<BV64 x0 + 0x40>]_24[31:0] << 0x1d[7:0] | LShR(LOAD_64[<BV64 x0 + 0x40>]_24[31:0], 0x3)[7:0]) & 127) == 0>, 'Taken')];"{'regs': ['<BV64 x0>'], 'indirect_regs': [""<BV64 x0>: ['0x40']""], 'direct_regs': [], 'mem': ['<BV64 x0 + 0x40>'], 'const_mem': []}";[];{'regs': [], 'indirect_regs': [], 'direct_regs': [], 'mem': [], 'const_mem': []};{'regs': ['<BV64 x0>'], 'indirect_regs': [], 'direct_regs': ['<BV64 x0>'], 'mem': [], 'const_mem': []};{'regs': ['<BV64 x0>'], 'indirect_regs': [], 'direct_regs': ['<BV64 x0>'], 'mem': ['<BV64 x0 + 0x40>'], 'const_mem': []};63.0;0.0;64.0;64.0;[];;;;BaseControlType.CONSTANT_BASE;BaseControlType.CONSTANT_BASE;BaseControlType.CONSTANT_BASE;1;BranchControlType.BRANCH_DEPENDS_ON_SECRET_VALUE;BranchControlType.BRANCH_INDEPENDENT_FROM_SECRET;27264;True;False;True;True;True;False;False;True;True;False;False;False;True;False;True;True;True;False;True;False;[];['has_valid_base'];True;False;True;True;True;False;False;True;True;False;False;False;True;False;True;True;True;False;True;False;[];['has_valid_base']
083fac7a-2ae1-4bd4-8358-b83342034881;SHA384Pad@@LIBMD_0.0;0x6920;0x6a80;0x0;TransmitterType.STORE;15;0;False;['0x6920', '0x6a68'];<BV64 0x71 + x0>;64;[];[];['<BV64 x0>'];[];['<BV64 x0>'];[];[];0;18446744073709551615;18446744073709551615;1;;;True;0;18446744073709551615;18446744073709551615;1;;;True;ControlType.CONTROLLED;0;<BV64 0x71>;64;[];[];[];[];[];[];[];113.0;113.0;0.0;1.0;;;True;113.0;113.0;0.0;1.0;;;True;ControlType.NO_CONTROL;0;<BV64 0x71>;64;[];[];[];[];[];[];[];113;113;0;1.0;;;True;113.0;113.0;0.0;1.0;;;True;ControlType.NO_CONTROL;0;<BV64 x0>;64;[];[];['<BV64 x0>'];[];['<BV64 x0>'];[];[];0.0;1.8446744073709552e+19;18446744073709551615;1;;;True;0.0;1.8446744073709552e+19;18446744073709551615;1;;;True;ControlType.CONTROLLED;0;<BV64 x0>;64;[];[];['<BV64 x0>'];[];['<BV64 x0>'];[];[];0.0;1.8446744073709552e+19;1.8446744073709552e+19;1.0;;;True;0.0;1.8446744073709552e+19;1.8446744073709552e+19;1.0;;;True;ControlType.CONTROLLED;0;<BV64 x0>;64;[];[];[];[];[];[];[];0;0;0;;;;False;0;0;0;;;;False;ControlType.UNKNOWN;0;[('0x693c', <Bool ((LOAD_64[<BV64 x0 + 0x40>]_24[31:0] << 0x1d[7:0] | LShR(LOAD_64[<BV64 x0 + 0x40>]_24[31:0], 0x3)[7:0]) & 127) == 0>, 'Taken')];"{'regs': ['<BV64 x0>'], 'indirect_regs': [""<BV64 x0>: ['0x40']""], 'direct_regs': [], 'mem': ['<BV64 x0 + 0x40>'], 'const_mem': []}";[];{'regs': [], 'indirect_regs': [], 'direct_regs': [], 'mem': [], 'const_mem': []};{'regs': ['<BV64 x0>'], 'indirect_regs': [], 'direct_regs': ['<BV64 x0>'], 'mem': [], 'const_mem': []};{'regs': ['<BV64 x0>'], 'indirect_regs': [], 'direct_regs': ['<BV64 x0>'], 'mem': ['<BV64 x0 + 0x40>'], 'const_mem': []};63.0;0.0;64.0;64.0;[];;;;BaseControlType.CONSTANT_BASE;BaseControlType.CONSTANT_BASE;BaseControlType.CONSTANT_BASE;1;BranchControlType.BRANCH_DEPENDS_ON_SECRET_VALUE;BranchControlType.BRANCH_INDEPENDENT_FROM_SECRET;27264;True;False;True;True;True;False;False;True;True;False;False;False;True;False;True;True;True;False;True;False;[];['has_valid_base'];True;False;True;True;True;False;False;True;True;False;False;False;True;False;True;True;True;False;True;False;[];['has_valid_base']
3a8a02ae-b41d-413b-83a8-ce9b6c40b594;SHA384Pad@@LIBMD_0.0;0x6920;0x6a84;0x0;TransmitterType.STORE;16;0;False;['0x6920', '0x6a68'];<BV64 0x81 + x0>;64;[];[];['<BV64 x0>'];[];['<BV64 x0>'];[];[];0;18446744073709551615;18446744073709551615;1;;;True;0;18446744073709551615;18446744073709551615;1;;;True;ControlType.CONTROLLED;0;<BV64 0x81>;64;[];[];[];[];[];[];[];129.0;129.0;0.0;1.0;;;True;129.0;129.0;0.0;1.0;;;True;ControlType.NO_CONTROL;0;<BV64 0x81>;64;[];[];[];[];[];[];[];129;129;0;1.0;;;True;129.0;129.0;0.0;1.0;;;True;ControlType.NO_CONTROL;0;<BV64 x0>;64;[];[];['<BV64 x0>'];[];['<BV64 x0>'];[];[];0.0;1.8446744073709552e+19;18446744073709551615;1;;;True;0.0;1.8446744073709552e+19;18446744073709551615;1;;;True;ControlType.CONTROLLED;0;<BV64 x0>;64;[];[];['<BV64 x0>'];[];['<BV64 x0>'];[];[];0.0;1.8446744073709552e+19;1.8446744073709552e+19;1.0;;;True;0.0;1.8446744073709552e+19;1.8446744073709552e+19;1.0;;;True;ControlType.CONTROLLED;0;<BV64 x0>;64;[];[];[];[];[];[];[];0;0;0;;;;False;0;0;0;;;;False;ControlType.UNKNOWN;0;[('0x693c', <Bool ((LOAD_64[<BV64 x0 + 0x40>]_24[31:0] << 0x1d[7:0] | LShR(LOAD_64[<BV64 x0 + 0x40>]_24[31:0], 0x3)[7:0]) & 127) == 0>, 'Taken')];"{'regs': ['<BV64 x0>'], 'indirect_regs': [""<BV64 x0>: ['0x40']""], 'direct_regs': [], 'mem': ['<BV64 x0 + 0x40>'], 'const_mem': []}";[];{'regs': [], 'indirect_regs': [], 'direct_regs': [], 'mem': [], 'const_mem': []};{'regs': ['<BV64 x0>'], 'indirect_regs': [], 'direct_regs': ['<BV64 x0>'], 'mem': [], 'const_mem': []};{'regs': ['<BV64 x0>'], 'indirect_regs': [], 'direct_regs': ['<BV64 x0>'], 'mem': ['<BV64 x0 + 0x40>'], 'const_mem': []};63.0;0.0;64.0;64.0;[];;;;BaseControlType.CONSTANT_BASE;BaseControlType.CONSTANT_BASE;BaseControlType.CONSTANT_BASE;1;BranchControlType.BRANCH_DEPENDS_ON_SECRET_VALUE;BranchControlType.BRANCH_INDEPENDENT_FROM_SECRET;27268;True;False;True;True;True;False;False;True;True;False;False;False;True;False;True;True;True;False;True;False;[];['has_valid_base'];True;False;True;True;True;False;False;True;True;False;False;False;True;False;True;True;True;False;True;False;[];['has_valid_base']
63b14897-14ce-4127-a857-ed16b8e01e6d;SHA384Pad@@LIBMD_0.0;0x6920;0x6a84;0x0;TransmitterType.STORE;16;0;False;['0x6920', '0x6a68'];<BV64 0x91 + x0>;64;[];[];['<BV64 x0>'];[];['<BV64 x0>'];[];[];0;18446744073709551615;18446744073709551615;1;;;True;0;18446744073709551615;18446744073709551615;1;;;True;ControlType.CONTROLLED;0;<BV64 0x91>;64;[];[];[];[];[];[];[];145.0;145.0;0.0;1.0;;;True;145.0;145.0;0.0;1.0;;;True;ControlType.NO_CONTROL;0;<BV64 0x91>;64;[];[];[];[];[];[];[];145;145;0;1.0;;;True;145.0;145.0;0.0;1.0;;;True;ControlType.NO_CONTROL;0;<BV64 x0>;64;[];[];['<BV64 x0>'];[];['<BV64 x0>'];[];[];0.0;1.8446744073709552e+19;18446744073709551615;1;;;True;0.0;1.8446744073709552e+19;18446744073709551615;1;;;True;ControlType.CONTROLLED;0;<BV64 x0>;64;[];[];['<BV64 x0>'];[];['<BV64 x0>'];[];[];0.0;1.8446744073709552e+19;1.8446744073709552e+19;1.0;;;True;0.0;1.8446744073709552e+19;1.8446744073709552e+19;1.0;;;True;ControlType.CONTROLLED;0;<BV64 x0>;64;[];[];[];[];[];[];[];0;0;0;;;;False;0;0;0;;;;False;ControlType.UNKNOWN;0;[('0x693c', <Bool ((LOAD_64[<BV64 x0 + 0x40>]_24[31:0] << 0x1d[7:0] | LShR(LOAD_64[<BV64 x0 + 0x40>]_24[31:0], 0x3)[7:0]) & 127) == 0>, 'Taken')];"{'regs': ['<BV64 x0>'], 'indirect_regs': [""<BV64 x0>: ['0x40']""], 'direct_regs': [], 'mem': ['<BV64 x0 + 0x40>'], 'const_mem': []}";[];{'regs': [], 'indirect_regs': [], 'direct_regs': [], 'mem': [], 'const_mem': []};{'regs': ['<BV64 x0>'], 'indirect_regs': [], 'direct_regs': ['<BV64 x0>'], 'mem': [], 'const_mem': []};{'regs': ['<BV64 x0>'], 'indirect_regs': [], 'direct_regs': ['<BV64 x0>'], 'mem': ['<BV64 x0 + 0x40>'], 'const_mem': []};63.0;0.0;64.0;64.0;[];;;;BaseControlType.CONSTANT_BASE;BaseControlType.CONSTANT_BASE;BaseControlType.CONSTANT_BASE;1;BranchControlType.BRANCH_DEPENDS_ON_SECRET_VALUE;BranchControlType.BRANCH_INDEPENDENT_FROM_SECRET;27268;True;False;True;True;True;False;False;True;True;False;False;False;True;False;True;True;True;False;True;False;[];['has_valid_base'];True;False;True;True;True;False;False;True;True;False;False;False;True;False;True;True;True;False;True;False;[];['has_valid_base']
ab4fead7-23ee-4cbd-be78-d0fa3c6f2aa9;SHA384Pad@@LIBMD_0.0;0x6920;0x6a88;0x0;TransmitterType.STORE;17;0;False;['0x6920', '0x6a68'];<BV64 0xb0 + x0>;64;[];[];['<BV64 x0>'];[];['<BV64 x0>'];[];[];0;18446744073709551615;18446744073709551615;1;;;True;0;18446744073709551615;18446744073709551615;1;;;True;ControlType.CONTROLLED;0;<BV64 0xb0>;64;[];[];[];[];[];[];[];176.0;176.0;0.0;1.0;;;True;176.0;176.0;0.0;1.0;;;True;ControlType.NO_CONTROL;0;<BV64 0xb0>;64;[];[];[];[];[];[];[];176;176;0;1.0;;;True;176.0;176.0;0.0;1.0;;;True;ControlType.NO_CONTROL;0;<BV64 x0>;64;[];[];['<BV64 x0>'];[];['<BV64 x0>'];[];[];0.0;1.8446744073709552e+19;18446744073709551615;1;;;True;0.0;1.8446744073709552e+19;18446744073709551615;1;;;True;ControlType.CONTROLLED;0;<BV64 x0>;64;[];[];['<BV64 x0>'];[];['<BV64 x0>'];[];[];0.0;1.8446744073709552e+19;1.8446744073709552e+19;1.0;;;True;0.0;1.8446744073709552e+19;1.8446744073709552e+19;1.0;;;True;ControlType.CONTROLLED;0;<BV64 x0>;64;[];[];[];[];[];[];[];0;0;0;;;;False;0;0;0;;;;False;ControlType.UNKNOWN;0;[('0x693c', <Bool ((LOAD_64[<BV64 x0 + 0x40>]_24[31:0] << 0x1d[7:0] | LShR(LOAD_64[<BV64 x0 + 0x40>]_24[31:0], 0x3)[7:0]) & 127) == 0>, 'Taken')];"{'regs': ['<BV64 x0>'], 'indirect_regs': [""<BV64 x0>: ['0x40']""], 'direct_regs': [], 'mem': ['<BV64 x0 + 0x40>'], 'const_mem': []}";[];{'regs': [], 'indirect_regs': [], 'direct_regs': [], 'mem': [], 'const_mem': []};{'regs': ['<BV64 x0>'], 'indirect_regs': [], 'direct_regs': ['<BV64 x0>'], 'mem': [], 'const_mem': []};{'regs': ['<BV64 x0>'], 'indirect_regs': [], 'direct_regs': ['<BV64 x0>'], 'mem': ['<BV64 x0 + 0x40>'], 'const_mem': []};63.0;0.0;64.0;64.0;[];;;;BaseControlType.CONSTANT_BASE;BaseControlType.CONSTANT_BASE;BaseControlType.CONSTANT_BASE;1;BranchControlType.BRANCH_DEPENDS_ON_SECRET_VALUE;BranchControlType.BRANCH_INDEPENDENT_FROM_SECRET;27272;True;False;True;True;True;False;False;True;True;False;False;False;True;False;True;True;True;False;True;False;[];['has_valid_base'];True;False;True;True;True;False;False;True;True;False;False;False;True;False;True;True;True;False;True;False;[];['has_valid_base']
c97152ed-4fd0-47e3-9fdb-d5e55ea762df;SHA384Pad@@LIBMD_0.0;0x6920;0x6a8c;0x0;TransmitterType.STORE;18;0;False;['0x6920', '0x6a68'];<BV64 0x50 + x0>;64;[];[];['<BV64 x0>'];[];['<BV64 x0>'];[];[];0;18446744073709551615;18446744073709551615;1;;;True;0;18446744073709551615;18446744073709551615;1;;;True;ControlType.CONTROLLED;0;<BV64 0x50>;64;[];[];[];[];[];[];[];80.0;80.0;0.0;1.0;;;True;80.0;80.0;0.0;1.0;;;True;ControlType.NO_CONTROL;0;<BV64 0x50>;64;[];[];[];[];[];[];[];80;80;0;1.0;;;True;80.0;80.0;0.0;1.0;;;True;ControlType.NO_CONTROL;0;<BV64 x0>;64;[];[];['<BV64 x0>'];[];['<BV64 x0>'];[];[];0.0;1.8446744073709552e+19;18446744073709551615;1;;;True;0.0;1.8446744073709552e+19;18446744073709551615;1;;;True;ControlType.CONTROLLED;0;<BV64 x0>;64;[];[];['<BV64 x0>'];[];['<BV64 x0>'];[];[];0.0;1.8446744073709552e+19;1.8446744073709552e+19;1.0;;;True;0.0;1.8446744073709552e+19;1.8446744073709552e+19;1.0;;;True;ControlType.CONTROLLED;0;<BV64 x0>;64;[];[];[];[];[];[];[];0;0;0;;;;False;0;0;0;;;;False;ControlType.UNKNOWN;0;[('0x693c', <Bool ((LOAD_64[<BV64 x0 + 0x40>]_24[31:0] << 0x1d[7:0] | LShR(LOAD_64[<BV64 x0 + 0x40>]_24[31:0], 0x3)[7:0]) & 127) == 0>, 'Taken')];"{'regs': ['<BV64 x0>'], 'indirect_regs': [""<BV64 x0>: ['0x40']""], 'direct_regs': [], 'mem': ['<BV64 x0 + 0x40>'], 'const_mem': []}";[];{'regs': [], 'indirect_regs': [], 'direct_regs': [], 'mem': [], 'const_mem': []};{'regs': ['<BV64 x0>'], 'indirect_regs': [], 'direct_regs': ['<BV64 x0>'], 'mem': [], 'const_mem': []};{'regs': ['<BV64 x0>'], 'indirect_regs': [], 'direct_regs': ['<BV64 x0>'], 'mem': ['<BV64 x0 + 0x40>'], 'const_mem': []};63.0;0.0;64.0;64.0;[];;;;BaseControlType.CONSTANT_BASE;BaseControlType.CONSTANT_BASE;BaseControlType.CONSTANT_BASE;1;BranchControlType.BRANCH_DEPENDS_ON_SECRET_VALUE;BranchControlType.BRANCH_INDEPENDENT_FROM_SECRET;27276;True;False;True;True;True;False;False;True;True;False;False;False;True;False;True;True;True;False;True;False;[];['has_valid_base'];True;False;True;True;True;False;False;True;True;False;False;False;True;False;True;True;True;False;True;False;[];['has_valid_base']
563642a2-93bc-4e46-8f09-652233ac8ce1;SHA384Pad@@LIBMD_0.0;0x6920;0x69ac;0x0;TransmitterType.LOAD;21;0;False;['0x6920', '0x6a68', '0x69a8'];<BV64 0x48 + x0>;64;[];[];['<BV64 x0>'];[];['<BV64 x0>'];[];[];0;18446744073709551615;18446744073709551615;1;;;True;0;18446744073709551615;18446744073709551615;1;;;True;ControlType.CONTROLLED;0;<BV64 0x48>;64;[];[];[];[];[];[];[];72.0;72.0;0.0;1.0;;;True;72.0;72.0;0.0;1.0;;;True;ControlType.NO_CONTROL;0;<BV64 0x48>;64;[];[];[];[];[];[];[];72;72;0;1.0;;;True;72.0;72.0;0.0;1.0;;;True;ControlType.NO_CONTROL;0;<BV64 x0>;64;[];[];['<BV64 x0>'];[];['<BV64 x0>'];[];[];0.0;1.8446744073709552e+19;18446744073709551615;1;;;True;0.0;1.8446744073709552e+19;18446744073709551615;1;;;True;ControlType.CONTROLLED;0;<BV64 x0>;64;[];[];['<BV64 x0>'];[];['<BV64 x0>'];[];[];0.0;1.8446744073709552e+19;1.8446744073709552e+19;1.0;;;True;0.0;1.8446744073709552e+19;1.8446744073709552e+19;1.0;;;True;ControlType.CONTROLLED;0;<BV64 x0>;64;[];[];[];[];[];[];[];0;0;0;;;;False;0;0;0;;;;False;ControlType.UNKNOWN;0;[('0x693c', <Bool ((LOAD_64[<BV64 x0 + 0x40>]_24[31:0] << 0x1d[7:0] | LShR(LOAD_64[<BV64 x0 + 0x40>]_24[31:0], 0x3)[7:0]) & 127) == 0>, 'Taken'), ('0x6a90', <Bool True>, 'Taken')];"{'regs': ['<BV64 x0>'], 'indirect_regs': [""<BV64 x0>: ['0x40']""], 'direct_regs': [], 'mem': ['<BV64 x0 + 0x40>'], 'const_mem': []}";[];{'regs': [], 'indirect_regs': [], 'direct_regs': [], 'mem': [], 'const_mem': []};{'regs': ['<BV64 x0>'], 'indirect_regs': [], 'direct_regs': ['<BV64 x0>'], 'mem': [], 'const_mem': []};{'regs': ['<BV64 x0>'], 'indirect_regs': [], 'direct_regs': ['<BV64 x0>'], 'mem': ['<BV64 x0 + 0x40>'], 'const_mem': []};63.0;0.0;64.0;64.0;[];;;;BaseControlType.CONSTANT_BASE;BaseControlType.CONSTANT_BASE;BaseControlType.CONSTANT_BASE;2;BranchControlType.BRANCH_DEPENDS_ON_SECRET_VALUE;BranchControlType.BRANCH_INDEPENDENT_FROM_SECRET;27052;True;False;True;True;True;False;False;True;True;False;False;False;True;False;True;True;True;False;True;False;[];['has_valid_base'];True;False;True;True;True;False;False;True;True;False;False;False;True;False;True;True;True;False;True;False;[];['has_valid_base']
