uuid;name;address;pc;secret_load_pc;transmitter;n_instr;n_dependent_loads;contains_spec_stop;bbls;transmission_expr;transmission_size;transmission_branches;transmission_constraints;transmission_requirements_regs;transmission_requirements_indirect_regs;transmission_requirements_direct_regs;transmission_requirements_mem;transmission_requirements_const_mem;transmission_range_min;transmission_range_max;transmission_range_window;transmission_range_stride;transmission_range_and_mask;transmission_range_or_mask;transmission_range_exact;transmission_range_w_branches_min;transmission_range_w_branches_max;transmission_range_w_branches_window;transmission_range_w_branches_stride;transmission_range_w_branches_and_mask;transmission_range_w_branches_or_mask;transmission_range_w_branches_exact;transmission_control;transmission_n_dependent_loads;base_expr;base_size;base_branches;base_constraints;base_requirements_regs;base_requirements_indirect_regs;base_requirements_direct_regs;base_requirements_mem;base_requirements_const_mem;base_range_min;base_range_max;base_range_window;base_range_stride;base_range_and_mask;base_range_or_mask;base_range_exact;base_range_w_branches_min;base_range_w_branches_max;base_range_w_branches_window;base_range_w_branches_stride;base_range_w_branches_and_mask;base_range_w_branches_or_mask;base_range_w_branches_exact;base_control;base_n_dependent_loads;independent_base_expr;independent_base_size;independent_base_branches;independent_base_constraints;independent_base_requirements_regs;independent_base_requirements_indirect_regs;independent_base_requirements_direct_regs;independent_base_requirements_mem;independent_base_requirements_const_mem;independent_base_range_min;independent_base_range_max;independent_base_range_window;independent_base_range_stride;independent_base_range_and_mask;independent_base_range_or_mask;independent_base_range_exact;independent_base_range_w_branches_min;independent_base_range_w_branches_max;independent_base_range_w_branches_window;independent_base_range_w_branches_stride;independent_base_range_w_branches_and_mask;independent_base_range_w_branches_or_mask;independent_base_range_w_branches_exact;independent_base_control;independent_base_n_dependent_loads;transmitted_secret_expr;transmitted_secret_size;transmitted_secret_branches;transmitted_secret_constraints;transmitted_secret_requirements_regs;transmitted_secret_requirements_indirect_regs;transmitted_secret_requirements_direct_regs;transmitted_secret_requirements_mem;transmitted_secret_requirements_const_mem;transmitted_secret_range_min;transmitted_secret_range_max;transmitted_secret_range_window;transmitted_secret_range_stride;transmitted_secret_range_and_mask;transmitted_secret_range_or_mask;transmitted_secret_range_exact;transmitted_secret_range_w_branches_min;transmitted_secret_range_w_branches_max;transmitted_secret_range_w_branches_window;transmitted_secret_range_w_branches_stride;transmitted_secret_range_w_branches_and_mask;transmitted_secret_range_w_branches_or_mask;transmitted_secret_range_w_branches_exact;transmitted_secret_control;transmitted_secret_n_dependent_loads;secret_address_expr;secret_address_size;secret_address_branches;secret_address_constraints;secret_address_requirements_regs;secret_address_requirements_indirect_regs;secret_address_requirements_direct_regs;secret_address_requirements_mem;secret_address_requirements_const_mem;secret_address_range_min;secret_address_range_max;secret_address_range_window;secret_address_range_stride;secret_address_range_and_mask;secret_address_range_or_mask;secret_address_range_exact;secret_address_range_w_branches_min;secret_address_range_w_branches_max;secret_address_range_w_branches_window;secret_address_range_w_branches_stride;secret_address_range_w_branches_and_mask;secret_address_range_w_branches_or_mask;secret_address_range_w_branches_exact;secret_address_control;secret_address_n_dependent_loads;secret_val_expr;secret_val_size;secret_val_branches;secret_val_constraints;secret_val_requirements_regs;secret_val_requirements_indirect_regs;secret_val_requirements_direct_regs;secret_val_requirements_mem;secret_val_requirements_const_mem;secret_val_range_min;secret_val_range_max;secret_val_range_window;secret_val_range_stride;secret_val_range_and_mask;secret_val_range_or_mask;secret_val_range_exact;secret_val_range_w_branches_min;secret_val_range_w_branches_max;secret_val_range_w_branches_window;secret_val_range_w_branches_stride;secret_val_range_w_branches_and_mask;secret_val_range_w_branches_or_mask;secret_val_range_w_branches_exact;secret_val_control;secret_val_n_dependent_loads;branches;branch_requirements;constraints;constraint_requirements;all_requirements;all_requirements_w_branches;inferable_bits_spread_high;inferable_bits_spread_low;inferable_bits_spread_total;inferable_bits_n_inferable_bits;aliases;deps;direct_dependent_base_expr;indirect_dependent_base_expr;base_control_type;base_control_w_constraints;base_control_w_branches_and_constraints;n_branches;branch_control_type;cmove_control_type;pc_as_int;is_secret_inferable;has_valid_base;has_valid_secret_address;is_cmove_independent_from_secret;has_no_speculation_stop;is_secret_below_cache_granularity;can_perform_sliding;is_secret_entropy_high;can_perform_known_prefix;is_max_secret_too_high;can_adjust_base;base_has_indirect_secret_dependency;leak_secret_near_valid_base;base_has_direct_secret_dependency;can_ignore_direct_dependency;is_branch_dependent_from_secret;perform_training;is_branch_dependent_from_uncontrolled;perform_out_of_place_training;exploitable;required_solutions;fail_reasons;is_secret_inferable_w_branches;has_valid_base_w_branches;has_valid_secret_address_w_branches;is_cmove_independent_from_secret_w_branches;has_no_speculation_stop_w_branches;is_secret_below_cache_granularity_w_branches;can_perform_sliding_w_branches;is_secret_entropy_high_w_branches;can_perform_known_prefix_w_branches;is_max_secret_too_high_w_branches;can_adjust_base_w_branches;base_has_indirect_secret_dependency_w_branches;leak_secret_near_valid_base_w_branches;base_has_direct_secret_dependency_w_branches;can_ignore_direct_dependency_w_branches;is_branch_dependent_from_secret_w_branches;perform_training_w_branches;is_branch_dependent_from_uncontrolled_w_branches;perform_out_of_place_training_w_branches;exploitable_w_branches;required_solutions_w_branches;fail_reasons_w_branches
073b3d01-fa2d-4aed-95d5-4b9455048934;getmode@@LIBBSD_0.0;0x6600;0x661c;0x0;TransmitterType.LOAD;9;0;False;['0x6600'];<BV64 x0>;64;[];[];['<BV64 x0>'];[];['<BV64 x0>'];[];[];0;18446744073709551615;18446744073709551615;1;;;True;0;18446744073709551615;18446744073709551615;1;;;True;ControlType.CONTROLLED;0;;0;[];[];[];[];[];[];[];0.0;0.0;0.0;0.0;;;False;0.0;0.0;0.0;0.0;;;False;ControlType.UNKNOWN;0;;0;[];[];[];[];[];[];[];0;0;0;;;;False;0.0;0.0;0.0;0.0;;;False;ControlType.UNKNOWN;0;<BV64 x0>;64;[];[];['<BV64 x0>'];[];['<BV64 x0>'];[];[];0.0;1.8446744073709552e+19;18446744073709551615;1;;;True;0.0;1.8446744073709552e+19;18446744073709551615;1;;;True;ControlType.CONTROLLED;0;<BV64 x0>;64;[];[];['<BV64 x0>'];[];['<BV64 x0>'];[];[];0.0;1.8446744073709552e+19;1.8446744073709552e+19;1.0;;;True;0.0;1.8446744073709552e+19;1.8446744073709552e+19;1.0;;;True;ControlType.CONTROLLED;0;<BV64 x0>;64;[];[];[];[];[];[];[];0;0;0;;;;False;0;0;0;;;;False;ControlType.UNKNOWN;0;[];{'regs': [], 'indirect_regs': [], 'direct_regs': [], 'mem': [], 'const_mem': []};[];{'regs': [], 'indirect_regs': [], 'direct_regs': [], 'mem': [], 'const_mem': []};{'regs': ['<BV64 x0>'], 'indirect_regs': [], 'direct_regs': ['<BV64 x0>'], 'mem': [], 'const_mem': []};{'regs': ['<BV64 x0>'], 'indirect_regs': [], 'direct_regs': ['<BV64 x0>'], 'mem': [], 'const_mem': []};63.0;0.0;64.0;64.0;[];;;;BaseControlType.NO_BASE;BaseControlType.NO_BASE;BaseControlType.NO_BASE;0;BranchControlType.BRANCH_INDEPENDENT_FROM_SECRET;BranchControlType.BRANCH_INDEPENDENT_FROM_SECRET;26140;True;False;True;True;True;False;False;True;True;False;False;False;True;False;True;False;True;False;True;False;[];['has_valid_base'];True;False;True;True;True;False;False;True;True;False;False;False;True;False;True;False;True;False;True;False;[];['has_valid_base']
9a8f057b-1675-4c08-a668-90b256395995;setmode@@LIBBSD_0.0;0x9ef0;0x9f14;0x0;TransmitterType.LOAD;10;0;False;['0x9ef0'];<BV64 x0>;64;[];[];['<BV64 x0>'];[];['<BV64 x0>'];[];[];0;18446744073709551615;18446744073709551615;1;;;True;0;18446744073709551615;18446744073709551615;1;;;True;ControlType.CONTROLLED;0;;0;[];[];[];[];[];[];[];0.0;0.0;0.0;0.0;;;False;0.0;0.0;0.0;0.0;;;False;ControlType.UNKNOWN;0;;0;[];[];[];[];[];[];[];0;0;0;;;;False;0.0;0.0;0.0;0.0;;;False;ControlType.UNKNOWN;0;<BV64 x0>;64;[];[];['<BV64 x0>'];[];['<BV64 x0>'];[];[];0.0;1.8446744073709552e+19;18446744073709551615;1;;;True;0.0;1.8446744073709552e+19;18446744073709551615;1;;;True;ControlType.CONTROLLED;0;<BV64 x0>;64;[];[];['<BV64 x0>'];[];['<BV64 x0>'];[];[];0.0;1.8446744073709552e+19;1.8446744073709552e+19;1.0;;;True;0.0;1.8446744073709552e+19;1.8446744073709552e+19;1.0;;;True;ControlType.CONTROLLED;0;<BV64 x0>;64;[];[];[];[];[];[];[];0;0;0;;;;False;0;0;0;;;;False;ControlType.UNKNOWN;0;[];{'regs': [], 'indirect_regs': [], 'direct_regs': [], 'mem': [], 'const_mem': []};[];{'regs': [], 'indirect_regs': [], 'direct_regs': [], 'mem': [], 'const_mem': []};{'regs': ['<BV64 x0>'], 'indirect_regs': [], 'direct_regs': ['<BV64 x0>'], 'mem': [], 'const_mem': []};{'regs': ['<BV64 x0>'], 'indirect_regs': [], 'direct_regs': ['<BV64 x0>'], 'mem': [], 'const_mem': []};63.0;0.0;64.0;64.0;[];;;;BaseControlType.NO_BASE;BaseControlType.NO_BASE;BaseControlType.NO_BASE;0;BranchControlType.BRANCH_INDEPENDENT_FROM_SECRET;BranchControlType.BRANCH_INDEPENDENT_FROM_SECRET;40724;True;False;True;True;True;False;False;True;True;False;False;False;True;False;True;False;True;False;True;False;[];['has_valid_base'];True;False;True;True;True;False;False;True;True;False;False;False;True;False;True;False;True;False;True;False;[];['has_valid_base']
7f444da9-49c2-484d-8ef2-6cbc51f19935;sl_add@@LIBBSD_0.7;0xb900;0xb918;0x0;TransmitterType.LOAD;7;0;False;['0xb900'];<BV64 0x8 + x0>;64;[];[];['<BV64 x0>'];[];['<BV64 x0>'];[];[];0;18446744073709551615;18446744073709551615;1;;;True;0;18446744073709551615;18446744073709551615;1;;;True;ControlType.CONTROLLED;0;<BV64 0x8>;64;[];[];[];[];[];[];[];8.0;8.0;0.0;1.0;;;True;8.0;8.0;0.0;1.0;;;True;ControlType.NO_CONTROL;0;<BV64 0x8>;64;[];[];[];[];[];[];[];8;8;0;1.0;;;True;8.0;8.0;0.0;1.0;;;True;ControlType.NO_CONTROL;0;<BV64 x0>;64;[];[];['<BV64 x0>'];[];['<BV64 x0>'];[];[];0.0;1.8446744073709552e+19;18446744073709551615;1;;;True;0.0;1.8446744073709552e+19;18446744073709551615;1;;;True;ControlType.CONTROLLED;0;<BV64 x0>;64;[];[];['<BV64 x0>'];[];['<BV64 x0>'];[];[];0.0;1.8446744073709552e+19;1.8446744073709552e+19;1.0;;;True;0.0;1.8446744073709552e+19;1.8446744073709552e+19;1.0;;;True;ControlType.CONTROLLED;0;<BV64 x0>;64;[];[];[];[];[];[];[];0;0;0;;;;False;0;0;0;;;;False;ControlType.UNKNOWN;0;[];{'regs': [], 'indirect_regs': [], 'direct_regs': [], 'mem': [], 'const_mem': []};[];{'regs': [], 'indirect_regs': [], 'direct_regs': [], 'mem': [], 'const_mem': []};{'regs': ['<BV64 x0>'], 'indirect_regs': [], 'direct_regs': ['<BV64 x0>'], 'mem': [], 'const_mem': []};{'regs': ['<BV64 x0>'], 'indirect_regs': [], 'direct_regs': ['<BV64 x0>'], 'mem': [], 'const_mem': []};63.0;0.0;64.0;64.0;[];;;;BaseControlType.CONSTANT_BASE;BaseControlType.CONSTANT_BASE;BaseControlType.CONSTANT_BASE;0;BranchControlType.BRANCH_INDEPENDENT_FROM_SECRET;BranchControlType.BRANCH_INDEPENDENT_FROM_SECRET;47384;True;False;True;True;True;False;False;True;True;False;False;False;True;False;True;False;True;False;True;False;[];['has_valid_base'];True;False;True;True;True;False;False;True;True;False;False;False;True;False;True;False;True;False;True;False;[];['has_valid_base']
ac954c6b-bc2d-4cd9-9a21-fad892d874fc;strlcat@@LIBBSD_0.0;0xba84;0xbab4;0x0;TransmitterType.LOAD;10;0;False;['0xba84', '0xba98', '0xbab4'];<BV64 x0>;64;[];[];['<BV64 x0>'];[];['<BV64 x0>'];[];[];0;18446744073709551615;18446744073709551615;1;;;True;0;18446744073709551615;18446744073709551615;1;;;True;ControlType.CONTROLLED;0;;0;[];[];[];[];[];[];[];0.0;0.0;0.0;0.0;;;False;0.0;0.0;0.0;0.0;;;False;ControlType.UNKNOWN;0;;0;[];[];[];[];[];[];[];0;0;0;;;;False;0.0;0.0;0.0;0.0;;;False;ControlType.UNKNOWN;0;<BV64 x0>;64;[];[];['<BV64 x0>'];[];['<BV64 x0>'];[];[];0.0;1.8446744073709552e+19;18446744073709551615;1;;;True;0.0;1.8446744073709552e+19;18446744073709551615;1;;;True;ControlType.CONTROLLED;0;<BV64 x0>;64;[];[];['<BV64 x0>'];[];['<BV64 x0>'];[];[];0.0;1.8446744073709552e+19;1.8446744073709552e+19;1.0;;;True;0.0;1.8446744073709552e+19;1.8446744073709552e+19;1.0;;;True;ControlType.CONTROLLED;0;<BV64 x0>;64;[];[];[];[];[];[];[];0;0;0;;;;False;0;0;0;;;;False;ControlType.UNKNOWN;0;[('0xba94', <Bool x2 != 0x0>, 'Taken'), ('0xbaa4', <Bool True>, 'Taken')];{'regs': ['<BV64 x2>'], 'indirect_regs': [], 'direct_regs': ['<BV64 x2>'], 'mem': [], 'const_mem': []};[];{'regs': [], 'indirect_regs': [], 'direct_regs': [], 'mem': [], 'const_mem': []};{'regs': ['<BV64 x0>'], 'indirect_regs': [], 'direct_regs': ['<BV64 x0>'], 'mem': [], 'const_mem': []};{'regs': ['<BV64 x0>', '<BV64 x2>'], 'indirect_regs': [], 'direct_regs': ['<BV64 x0>', '<BV64 x2>'], 'mem': [], 'const_mem': []};63.0;0.0;64.0;64.0;[];;;;BaseControlType.NO_BASE;BaseControlType.NO_BASE;BaseControlType.NO_BASE;2;BranchControlType.BRANCH_INDEPENDENT_FROM_SECRET;BranchControlType.BRANCH_INDEPENDENT_FROM_SECRET;47796;True;False;True;True;True;False;False;True;True;False;False;False;True;False;True;False;True;False;True;False;[];['has_valid_base'];True;False;True;True;True;False;False;True;True;False;False;False;True;False;True;False;True;False;True;False;[];['has_valid_base']
76bb6ba9-581c-43f2-a96f-00dfc02fefa8;pidfile_fileno@@LIBBSD_0.9;0x8c40;0x8c48;0x0;TransmitterType.LOAD;3;0;False;['0x8c40', '0x8c48'];<BV64 x0>;64;[('0x8c44', <Bool x0 != 0x0>, 'Taken')];[];['<BV64 x0>'];[];['<BV64 x0>'];[];[];0;18446744073709551615;18446744073709551615;1;;;True;1;18446744073709551615;18446744073709551614;1;;;True;ControlType.CONTROLLED;0;;0;[];[];[];[];[];[];[];0.0;0.0;0.0;0.0;;;False;0.0;0.0;0.0;0.0;;;False;ControlType.UNKNOWN;0;;0;[];[];[];[];[];[];[];0;0;0;;;;False;0.0;0.0;0.0;0.0;;;False;ControlType.UNKNOWN;0;<BV64 x0>;64;[('0x8c44', <Bool x0 != 0x0>, 'Taken')];[];['<BV64 x0>'];[];['<BV64 x0>'];[];[];0.0;1.8446744073709552e+19;18446744073709551615;1;;;True;1.0;1.8446744073709552e+19;18446744073709551614;1;;;True;ControlType.CONTROLLED;0;<BV64 x0>;64;[('0x8c44', <Bool x0 != 0x0>, 'Taken')];[];['<BV64 x0>'];[];['<BV64 x0>'];[];[];0.0;1.8446744073709552e+19;1.8446744073709552e+19;1.0;;;True;1.0;1.8446744073709552e+19;1.8446744073709552e+19;1.0;;;True;ControlType.CONTROLLED;0;<BV64 x0>;64;[];[];[];[];[];[];[];0;0;0;;;;False;0;0;0;;;;False;ControlType.UNKNOWN;0;[('0x8c44', <Bool x0 != 0x0>, 'Taken')];{'regs': ['<BV64 x0>'], 'indirect_regs': [], 'direct_regs': ['<BV64 x0>'], 'mem': [], 'const_mem': []};[];{'regs': [], 'indirect_regs': [], 'direct_regs': [], 'mem': [], 'const_mem': []};{'regs': ['<BV64 x0>'], 'indirect_regs': [], 'direct_regs': ['<BV64 x0>'], 'mem': [], 'const_mem': []};{'regs': ['<BV64 x0>'], 'indirect_regs': [], 'direct_regs': ['<BV64 x0>'], 'mem': [], 'const_mem': []};63.0;0.0;64.0;64.0;[];;;;BaseControlType.NO_BASE;BaseControlType.NO_BASE;BaseControlType.NO_BASE;1;BranchControlType.BRANCH_DEPENDS_ON_SECRET_VALUE;BranchControlType.BRANCH_INDEPENDENT_FROM_SECRET;35912;True;False;True;True;True;False;False;True;True;False;False;False;True;False;True;True;True;False;True;False;[];['has_valid_base'];True;False;True;True;True;False;False;True;True;False;False;False;True;False;True;True;True;False;True;False;[];['has_valid_base']
b8641313-1cb5-4e15-8548-1606301c6eac;sl_add@@LIBBSD_0.7;0xb900;0xb918;0x0;TransmitterType.LOAD;7;0;False;['0xb900'];<BV64 0x10 + x0>;64;[];[];['<BV64 x0>'];[];['<BV64 x0>'];[];[];0;18446744073709551615;18446744073709551615;1;;;True;0;18446744073709551615;18446744073709551615;1;;;True;ControlType.CONTROLLED;0;<BV64 0x10>;64;[];[];[];[];[];[];[];16.0;16.0;0.0;1.0;;;True;16.0;16.0;0.0;1.0;;;True;ControlType.NO_CONTROL;0;<BV64 0x10>;64;[];[];[];[];[];[];[];16;16;0;1.0;;;True;16.0;16.0;0.0;1.0;;;True;ControlType.NO_CONTROL;0;<BV64 x0>;64;[];[];['<BV64 x0>'];[];['<BV64 x0>'];[];[];0.0;1.8446744073709552e+19;18446744073709551615;1;;;True;0.0;1.8446744073709552e+19;18446744073709551615;1;;;True;ControlType.CONTROLLED;0;<BV64 x0>;64;[];[];['<BV64 x0>'];[];['<BV64 x0>'];[];[];0.0;1.8446744073709552e+19;1.8446744073709552e+19;1.0;;;True;0.0;1.8446744073709552e+19;1.8446744073709552e+19;1.0;;;True;ControlType.CONTROLLED;0;<BV64 x0>;64;[];[];[];[];[];[];[];0;0;0;;;;False;0;0;0;;;;False;ControlType.UNKNOWN;0;[];{'regs': [], 'indirect_regs': [], 'direct_regs': [], 'mem': [], 'const_mem': []};[];{'regs': [], 'indirect_regs': [], 'direct_regs': [], 'mem': [], 'const_mem': []};{'regs': ['<BV64 x0>'], 'indirect_regs': [], 'direct_regs': ['<BV64 x0>'], 'mem': [], 'const_mem': []};{'regs': ['<BV64 x0>'], 'indirect_regs': [], 'direct_regs': ['<BV64 x0>'], 'mem': [], 'const_mem': []};63.0;0.0;64.0;64.0;[];;;;BaseControlType.CONSTANT_BASE;BaseControlType.CONSTANT_BASE;BaseControlType.CONSTANT_BASE;0;BranchControlType.BRANCH_INDEPENDENT_FROM_SECRET;BranchControlType.BRANCH_INDEPENDENT_FROM_SECRET;47384;True;False;True;True;True;False;False;True;True;False;False;False;True;False;True;False;True;False;True;False;[];['has_valid_base'];True;False;True;True;True;False;False;True;True;False;False;False;True;False;True;False;True;False;True;False;[];['has_valid_base']
a96dbef9-9788-446c-96e2-76ff6f6fff6a;setproctitle@@LIBBSD_0.5;0x9220;0x92a4;0x0;TransmitterType.LOAD;34;0;False;['0x9220', '0x929c', '0x92a4'];<BV64 x0>;64;[('0x92a0', <Bool x0 != 0x0>, 'Taken')];[];['<BV64 x0>'];[];['<BV64 x0>'];[];[];0;18446744073709551615;18446744073709551615;1;;;True;1;18446744073709551615;18446744073709551614;1;;;True;ControlType.CONTROLLED;0;;0;[];[];[];[];[];[];[];0.0;0.0;0.0;0.0;;;False;0.0;0.0;0.0;0.0;;;False;ControlType.UNKNOWN;0;;0;[];[];[];[];[];[];[];0;0;0;;;;False;0.0;0.0;0.0;0.0;;;False;ControlType.UNKNOWN;0;<BV64 x0>;64;[('0x92a0', <Bool x0 != 0x0>, 'Taken')];[];['<BV64 x0>'];[];['<BV64 x0>'];[];[];0.0;1.8446744073709552e+19;18446744073709551615;1;;;True;1.0;1.8446744073709552e+19;18446744073709551614;1;;;True;ControlType.CONTROLLED;0;<BV64 x0>;64;[('0x92a0', <Bool x0 != 0x0>, 'Taken')];[];['<BV64 x0>'];[];['<BV64 x0>'];[];[];0.0;1.8446744073709552e+19;1.8446744073709552e+19;1.0;;;True;1.0;1.8446744073709552e+19;1.8446744073709552e+19;1.0;;;True;ControlType.CONTROLLED;0;<BV64 x0>;64;[];[];[];[];[];[];[];0;0;0;;;;False;0;0;0;;;;False;ControlType.UNKNOWN;0;[('0x9298', <Bool LOAD_64[<BV64 0x30ce0>]_42 != 0x0>, 'Taken'), ('0x92a0', <Bool x0 != 0x0>, 'Taken')];{'regs': ['<BV64 x0>'], 'indirect_regs': [], 'direct_regs': ['<BV64 x0>'], 'mem': [], 'const_mem': ['<BV64 0x30ce0>']};[];{'regs': [], 'indirect_regs': [], 'direct_regs': [], 'mem': [], 'const_mem': []};{'regs': ['<BV64 x0>'], 'indirect_regs': [], 'direct_regs': ['<BV64 x0>'], 'mem': [], 'const_mem': []};{'regs': ['<BV64 x0>'], 'indirect_regs': [], 'direct_regs': ['<BV64 x0>'], 'mem': [], 'const_mem': ['<BV64 0x30ce0>']};63.0;0.0;64.0;64.0;[];;;;BaseControlType.NO_BASE;BaseControlType.NO_BASE;BaseControlType.NO_BASE;2;BranchControlType.BRANCH_DEPENDS_ON_UNCONTROLLED;BranchControlType.BRANCH_INDEPENDENT_FROM_SECRET;37540;True;False;True;True;True;False;False;True;True;False;False;False;True;False;True;False;True;True;True;False;[];['has_valid_base'];True;False;True;True;True;False;False;True;True;False;False;False;True;False;True;False;True;True;True;False;[];['has_valid_base']
cf8cf78c-d1f4-4b92-896e-96c43d1a90b3;setproctitle@LIBBSD_0.2;0x9220;0x92a4;0x0;TransmitterType.LOAD;34;0;False;['0x9220', '0x929c', '0x92a4'];<BV64 x0>;64;[('0x92a0', <Bool x0 != 0x0>, 'Taken')];[];['<BV64 x0>'];[];['<BV64 x0>'];[];[];0;18446744073709551615;18446744073709551615;1;;;True;1;18446744073709551615;18446744073709551614;1;;;True;ControlType.CONTROLLED;0;;0;[];[];[];[];[];[];[];0.0;0.0;0.0;0.0;;;False;0.0;0.0;0.0;0.0;;;False;ControlType.UNKNOWN;0;;0;[];[];[];[];[];[];[];0;0;0;;;;False;0.0;0.0;0.0;0.0;;;False;ControlType.UNKNOWN;0;<BV64 x0>;64;[('0x92a0', <Bool x0 != 0x0>, 'Taken')];[];['<BV64 x0>'];[];['<BV64 x0>'];[];[];0.0;1.8446744073709552e+19;18446744073709551615;1;;;True;1.0;1.8446744073709552e+19;18446744073709551614;1;;;True;ControlType.CONTROLLED;0;<BV64 x0>;64;[('0x92a0', <Bool x0 != 0x0>, 'Taken')];[];['<BV64 x0>'];[];['<BV64 x0>'];[];[];0.0;1.8446744073709552e+19;1.8446744073709552e+19;1.0;;;True;1.0;1.8446744073709552e+19;1.8446744073709552e+19;1.0;;;True;ControlType.CONTROLLED;0;<BV64 x0>;64;[];[];[];[];[];[];[];0;0;0;;;;False;0;0;0;;;;False;ControlType.UNKNOWN;0;[('0x9298', <Bool LOAD_64[<BV64 0x30ce0>]_42 != 0x0>, 'Taken'), ('0x92a0', <Bool x0 != 0x0>, 'Taken')];{'regs': ['<BV64 x0>'], 'indirect_regs': [], 'direct_regs': ['<BV64 x0>'], 'mem': [], 'const_mem': ['<BV64 0x30ce0>']};[];{'regs': [], 'indirect_regs': [], 'direct_regs': [], 'mem': [], 'const_mem': []};{'regs': ['<BV64 x0>'], 'indirect_regs': [], 'direct_regs': ['<BV64 x0>'], 'mem': [], 'const_mem': []};{'regs': ['<BV64 x0>'], 'indirect_regs': [], 'direct_regs': ['<BV64 x0>'], 'mem': [], 'const_mem': ['<BV64 0x30ce0>']};63.0;0.0;64.0;64.0;[];;;;BaseControlType.NO_BASE;BaseControlType.NO_BASE;BaseControlType.NO_BASE;2;BranchControlType.BRANCH_DEPENDS_ON_UNCONTROLLED;BranchControlType.BRANCH_INDEPENDENT_FROM_SECRET;37540;True;False;True;True;True;False;False;True;True;False;False;False;True;False;True;False;True;True;True;False;[];['has_valid_base'];True;False;True;True;True;False;False;True;True;False;False;False;True;False;True;False;True;True;True;False;[];['has_valid_base']
71b0b28b-5e7f-4a59-a860-790b4512e22b;getmode@@LIBBSD_0.0;0x6600;0x6730;0x0;TransmitterType.LOAD;15;0;False;['0x6600', '0x6628', '0x662c', '0x6730'];<BV64 0x4 + x0>;64;[];[];['<BV64 x0>'];[];['<BV64 x0>'];[];[];0;18446744073709551615;18446744073709551615;1;;;True;0;18446744073709551615;18446744073709551615;1;;;True;ControlType.CONTROLLED;0;<BV64 0x4>;64;[];[];[];[];[];[];[];4.0;4.0;0.0;1.0;;;True;4.0;4.0;0.0;1.0;;;True;ControlType.NO_CONTROL;0;<BV64 0x4>;64;[];[];[];[];[];[];[];4;4;0;1.0;;;True;4.0;4.0;0.0;1.0;;;True;ControlType.NO_CONTROL;0;<BV64 x0>;64;[];[];['<BV64 x0>'];[];['<BV64 x0>'];[];[];0.0;1.8446744073709552e+19;18446744073709551615;1;;;True;0.0;1.8446744073709552e+19;18446744073709551615;1;;;True;ControlType.CONTROLLED;0;<BV64 x0>;64;[];[];['<BV64 x0>'];[];['<BV64 x0>'];[];[];0.0;1.8446744073709552e+19;1.8446744073709552e+19;1.0;;;True;0.0;1.8446744073709552e+19;1.8446744073709552e+19;1.0;;;True;ControlType.CONTROLLED;0;<BV64 x0>;64;[];[];[];[];[];[];[];0;0;0;;;;False;0;0;0;;;;False;ControlType.UNKNOWN;0;[('0x6624', <Bool LOAD_8[<BV64 x0>]_22 != 103>, 'Taken'), ('0x6628', <Bool True>, 'Taken'), ('0x6630', <Bool LOAD_8[<BV64 x0>]_22 == 45>, 'Taken')];"{'regs': ['<BV64 x0>'], 'indirect_regs': [""<BV64 x0>: ['0x0', '0x0']""], 'direct_regs': [], 'mem': ['<BV64 x0>'], 'const_mem': []}";[('0x6628', <Bool LOAD_8[<BV64 x0>]_22 < 103>, 'ConditionType.UNKNOWN'), ('0x6628', <Bool LOAD_8[<BV64 x0>]_22 != 103>, 'ConditionType.UNKNOWN')];"{'regs': ['<BV64 x0>'], 'indirect_regs': [""<BV64 x0>: ['0x0', '0x0']""], 'direct_regs': [], 'mem': ['<BV64 x0>'], 'const_mem': []}";{'regs': ['<BV64 x0>'], 'indirect_regs': [], 'direct_regs': ['<BV64 x0>'], 'mem': ['<BV64 x0>'], 'const_mem': []};{'regs': ['<BV64 x0>'], 'indirect_regs': [], 'direct_regs': ['<BV64 x0>'], 'mem': ['<BV64 x0>'], 'const_mem': []};63.0;0.0;64.0;64.0;[];;;;BaseControlType.CONSTANT_BASE;BaseControlType.CONSTANT_BASE;BaseControlType.CONSTANT_BASE;3;BranchControlType.BRANCH_DEPENDS_ON_SECRET_VALUE;BranchControlType.BRANCH_INDEPENDENT_FROM_SECRET;26416;True;False;True;True;True;False;False;True;True;False;False;False;True;False;True;True;True;False;True;False;[];['has_valid_base'];True;False;True;True;True;False;False;True;True;False;False;False;True;False;True;True;True;False;True;False;[];['has_valid_base']
dc7039f8-ca7b-4ff8-afac-b7da2a412749;sl_add@@LIBBSD_0.7;0xb900;0xb91c;0x0;TransmitterType.LOAD;8;0;False;['0xb900'];<BV64 x0>;64;[];[];['<BV64 x0>'];[];['<BV64 x0>'];[];[];0;18446744073709551615;18446744073709551615;1;;;True;0;18446744073709551615;18446744073709551615;1;;;True;ControlType.CONTROLLED;0;;0;[];[];[];[];[];[];[];0.0;0.0;0.0;0.0;;;False;0.0;0.0;0.0;0.0;;;False;ControlType.UNKNOWN;0;;0;[];[];[];[];[];[];[];0;0;0;;;;False;0.0;0.0;0.0;0.0;;;False;ControlType.UNKNOWN;0;<BV64 x0>;64;[];[];['<BV64 x0>'];[];['<BV64 x0>'];[];[];0.0;1.8446744073709552e+19;18446744073709551615;1;;;True;0.0;1.8446744073709552e+19;18446744073709551615;1;;;True;ControlType.CONTROLLED;0;<BV64 x0>;64;[];[];['<BV64 x0>'];[];['<BV64 x0>'];[];[];0.0;1.8446744073709552e+19;1.8446744073709552e+19;1.0;;;True;0.0;1.8446744073709552e+19;1.8446744073709552e+19;1.0;;;True;ControlType.CONTROLLED;0;<BV64 x0>;64;[];[];[];[];[];[];[];0;0;0;;;;False;0;0;0;;;;False;ControlType.UNKNOWN;0;[];{'regs': [], 'indirect_regs': [], 'direct_regs': [], 'mem': [], 'const_mem': []};[];{'regs': [], 'indirect_regs': [], 'direct_regs': [], 'mem': [], 'const_mem': []};{'regs': ['<BV64 x0>'], 'indirect_regs': [], 'direct_regs': ['<BV64 x0>'], 'mem': [], 'const_mem': []};{'regs': ['<BV64 x0>'], 'indirect_regs': [], 'direct_regs': ['<BV64 x0>'], 'mem': [], 'const_mem': []};63.0;0.0;64.0;64.0;[];;;;BaseControlType.NO_BASE;BaseControlType.NO_BASE;BaseControlType.NO_BASE;0;BranchControlType.BRANCH_INDEPENDENT_FROM_SECRET;BranchControlType.BRANCH_INDEPENDENT_FROM_SECRET;47388;True;False;True;True;True;False;False;True;True;False;False;False;True;False;True;False;True;False;True;False;[];['has_valid_base'];True;False;True;True;True;False;False;True;True;False;False;False;True;False;True;False;True;False;True;False;[];['has_valid_base']
464fd8e5-876c-4e3a-a050-0cf01f03ea45;strlcpy@@LIBBSD_0.0;0xbb40;0xbb6c;0x0;TransmitterType.STORE;8;0;False;['0xbb40', '0xbb64', '0xbb6c'];<BV64 x0>;64;[];[];['<BV64 x0>'];[];['<BV64 x0>'];[];[];0;18446744073709551615;18446744073709551615;1;;;True;0;18446744073709551615;18446744073709551615;1;;;True;ControlType.CONTROLLED;0;;0;[];[];[];[];[];[];[];0.0;0.0;0.0;0.0;;;False;0.0;0.0;0.0;0.0;;;False;ControlType.UNKNOWN;0;;0;[];[];[];[];[];[];[];0;0;0;;;;False;0.0;0.0;0.0;0.0;;;False;ControlType.UNKNOWN;0;<BV64 x0>;64;[];[];['<BV64 x0>'];[];['<BV64 x0>'];[];[];0.0;1.8446744073709552e+19;18446744073709551615;1;;;True;0.0;1.8446744073709552e+19;18446744073709551615;1;;;True;ControlType.CONTROLLED;0;<BV64 x0>;64;[];[];['<BV64 x0>'];[];['<BV64 x0>'];[];[];0.0;1.8446744073709552e+19;1.8446744073709552e+19;1.0;;;True;0.0;1.8446744073709552e+19;1.8446744073709552e+19;1.0;;;True;ControlType.CONTROLLED;0;<BV64 x0>;64;[];[];[];[];[];[];[];0;0;0;;;;False;0;0;0;;;;False;ControlType.UNKNOWN;0;[('0xbb50', <Bool x2 != 0x0>, 'Taken'), ('0xbb68', <Bool x2 == 0x1>, 'Taken')];{'regs': ['<BV64 x2>'], 'indirect_regs': [], 'direct_regs': ['<BV64 x2>'], 'mem': [], 'const_mem': []};[];{'regs': [], 'indirect_regs': [], 'direct_regs': [], 'mem': [], 'const_mem': []};{'regs': ['<BV64 x0>'], 'indirect_regs': [], 'direct_regs': ['<BV64 x0>'], 'mem': [], 'const_mem': []};{'regs': ['<BV64 x0>', '<BV64 x2>'], 'indirect_regs': [], 'direct_regs': ['<BV64 x0>', '<BV64 x2>'], 'mem': [], 'const_mem': []};63.0;0.0;64.0;64.0;[];;;;BaseControlType.NO_BASE;BaseControlType.NO_BASE;BaseControlType.NO_BASE;2;BranchControlType.BRANCH_INDEPENDENT_FROM_SECRET;BranchControlType.BRANCH_INDEPENDENT_FROM_SECRET;47980;True;False;True;True;True;False;False;True;True;False;False;False;True;False;True;False;True;False;True;False;[];['has_valid_base'];True;False;True;True;True;False;False;True;True;False;False;False;True;False;True;False;True;False;True;False;[];['has_valid_base']
432ad925-331f-4ff9-be98-e71937bed8ff;strlcat@@LIBBSD_0.0;0xba84;0xbab4;0x0;TransmitterType.LOAD;15;0;False;['0xba84', '0xba98', '0xbab4', '0xbaa8', '0xbab4'];<BV64 0x1 + x0>;64;[('0xbab0', <Bool x0 + 0x1 != x0 + x2>, 'Taken')];[];['<BV64 x0>'];[];['<BV64 x0>'];[];[];0;18446744073709551615;18446744073709551615;1;;;True;0;18446744073709551615;18446744073709551615;1;;;False;ControlType.CONTROLLED;0;<BV64 0x1>;64;[];[];[];[];[];[];[];1.0;1.0;0.0;1.0;;;True;1.0;1.0;0.0;1.0;;;True;ControlType.NO_CONTROL;0;<BV64 0x1>;64;[];[];[];[];[];[];[];1;1;0;1.0;;;True;1.0;1.0;0.0;1.0;;;True;ControlType.NO_CONTROL;0;<BV64 x0>;64;[('0xbab0', <Bool x0 + 0x1 != x0 + x2>, 'Taken')];[];['<BV64 x0>'];[];['<BV64 x0>'];[];[];0.0;1.8446744073709552e+19;18446744073709551615;1;;;True;0.0;1.8446744073709552e+19;18446744073709551615;1;;;False;ControlType.CONTROLLED;0;<BV64 x0>;64;[('0xbab0', <Bool x0 + 0x1 != x0 + x2>, 'Taken')];[];['<BV64 x0>'];[];['<BV64 x0>'];[];[];0.0;1.8446744073709552e+19;1.8446744073709552e+19;1.0;;;True;0.0;1.8446744073709552e+19;1.8446744073709552e+19;1.0;;;False;ControlType.CONTROLLED;0;<BV64 x0>;64;[];[];[];[];[];[];[];0;0;0;;;;False;0;0;0;;;;False;ControlType.UNKNOWN;0;[('0xba94', <Bool x2 != 0x0>, 'Taken'), ('0xbaa4', <Bool True>, 'Taken'), ('0xbab0', <Bool x0 + 0x1 != x0 + x2>, 'Taken'), ('0xbab8', <Bool LOAD_8[<BV64 x0>]_23 != 0>, 'Taken')];{'regs': ['<BV64 x0>', '<BV64 x2>'], 'indirect_regs': [], 'direct_regs': ['<BV64 x0>', '<BV64 x2>'], 'mem': ['<BV64 x0>'], 'const_mem': []};[];{'regs': [], 'indirect_regs': [], 'direct_regs': [], 'mem': [], 'const_mem': []};{'regs': ['<BV64 x0>'], 'indirect_regs': [], 'direct_regs': ['<BV64 x0>'], 'mem': [], 'const_mem': []};{'regs': ['<BV64 x0>', '<BV64 x2>'], 'indirect_regs': [], 'direct_regs': ['<BV64 x0>', '<BV64 x2>'], 'mem': ['<BV64 x0>'], 'const_mem': []};63.0;0.0;64.0;64.0;[];;;;BaseControlType.CONSTANT_BASE;BaseControlType.CONSTANT_BASE;BaseControlType.CONSTANT_BASE;4;BranchControlType.BRANCH_DEPENDS_ON_SECRET_VALUE;BranchControlType.BRANCH_INDEPENDENT_FROM_SECRET;47796;True;False;True;True;True;False;False;True;True;False;False;False;True;False;True;True;True;False;True;False;[];['has_valid_base'];True;False;True;True;True;False;False;True;True;False;False;False;True;False;True;True;True;False;True;False;[];['has_valid_base']
07ca9a7d-198a-457b-98d1-3fe0ceb685ec;getmode@@LIBBSD_0.0;0x6600;0x6650;0x0;TransmitterType.LOAD;19;0;False;['0x6600', '0x6628', '0x662c', '0x6730', '0x6650'];<BV64 0x8 + x0>;64;[];[];['<BV64 x0>'];[];['<BV64 x0>'];[];[];0;18446744073709551615;18446744073709551615;1;;;True;0;18446744073709551615;18446744073709551615;1;;;True;ControlType.CONTROLLED;0;<BV64 0x8>;64;[];[];[];[];[];[];[];8.0;8.0;0.0;1.0;;;True;8.0;8.0;0.0;1.0;;;True;ControlType.NO_CONTROL;0;<BV64 0x8>;64;[];[];[];[];[];[];[];8;8;0;1.0;;;True;8.0;8.0;0.0;1.0;;;True;ControlType.NO_CONTROL;0;<BV64 x0>;64;[];[];['<BV64 x0>'];[];['<BV64 x0>'];[];[];0.0;1.8446744073709552e+19;18446744073709551615;1;;;True;0.0;1.8446744073709552e+19;18446744073709551615;1;;;True;ControlType.CONTROLLED;0;<BV64 x0>;64;[];[];['<BV64 x0>'];[];['<BV64 x0>'];[];[];0.0;1.8446744073709552e+19;1.8446744073709552e+19;1.0;;;True;0.0;1.8446744073709552e+19;1.8446744073709552e+19;1.0;;;True;ControlType.CONTROLLED;0;<BV64 x0>;64;[];[];[];[];[];[];[];0;0;0;;;;False;0;0;0;;;;False;ControlType.UNKNOWN;0;[('0x6624', <Bool LOAD_8[<BV64 x0>]_22 != 103>, 'Taken'), ('0x6628', <Bool True>, 'Taken'), ('0x6630', <Bool LOAD_8[<BV64 x0>]_22 == 45>, 'Taken'), ('0x673c', <Bool True>, 'Taken')];"{'regs': ['<BV64 x0>'], 'indirect_regs': [""<BV64 x0>: ['0x0', '0x0']""], 'direct_regs': [], 'mem': ['<BV64 x0>'], 'const_mem': []}";[('0x6628', <Bool LOAD_8[<BV64 x0>]_22 < 103>, 'ConditionType.UNKNOWN'), ('0x6628', <Bool LOAD_8[<BV64 x0>]_22 != 103>, 'ConditionType.UNKNOWN')];"{'regs': ['<BV64 x0>'], 'indirect_regs': [""<BV64 x0>: ['0x0', '0x0']""], 'direct_regs': [], 'mem': ['<BV64 x0>'], 'const_mem': []}";{'regs': ['<BV64 x0>'], 'indirect_regs': [], 'direct_regs': ['<BV64 x0>'], 'mem': ['<BV64 x0>'], 'const_mem': []};{'regs': ['<BV64 x0>'], 'indirect_regs': [], 'direct_regs': ['<BV64 x0>'], 'mem': ['<BV64 x0>'], 'const_mem': []};63.0;0.0;64.0;64.0;[];;;;BaseControlType.CONSTANT_BASE;BaseControlType.CONSTANT_BASE;BaseControlType.CONSTANT_BASE;4;BranchControlType.BRANCH_DEPENDS_ON_SECRET_VALUE;BranchControlType.BRANCH_INDEPENDENT_FROM_SECRET;26192;True;False;True;True;True;False;False;True;True;False;False;False;True;False;True;True;True;False;True;False;[];['has_valid_base'];True;False;True;True;True;False;False;True;True;False;False;False;True;False;True;True;True;False;True;False;[];['has_valid_base']
78d96b77-7086-4506-aded-5a34ac281914;sl_add@@LIBBSD_0.7;0xb900;0xb930;0x0;TransmitterType.STORE;13;0;False;['0xb900', '0xb92c'];<BV64 0x10 + x0>;64;[];[];['<BV64 x0>'];[];['<BV64 x0>'];[];[];0;18446744073709551615;18446744073709551615;1;;;True;0;18446744073709551615;18446744073709551615;1;;;True;ControlType.CONTROLLED;0;<BV64 0x10>;64;[];[];[];[];[];[];[];16.0;16.0;0.0;1.0;;;True;16.0;16.0;0.0;1.0;;;True;ControlType.NO_CONTROL;0;<BV64 0x10>;64;[];[];[];[];[];[];[];16;16;0;1.0;;;True;16.0;16.0;0.0;1.0;;;True;ControlType.NO_CONTROL;0;<BV64 x0>;64;[];[];['<BV64 x0>'];[];['<BV64 x0>'];[];[];0.0;1.8446744073709552e+19;18446744073709551615;1;;;True;0.0;1.8446744073709552e+19;18446744073709551615;1;;;True;ControlType.CONTROLLED;0;<BV64 x0>;64;[];[];['<BV64 x0>'];[];['<BV64 x0>'];[];[];0.0;1.8446744073709552e+19;1.8446744073709552e+19;1.0;;;True;0.0;1.8446744073709552e+19;1.8446744073709552e+19;1.0;;;True;ControlType.CONTROLLED;0;<BV64 x0>;64;[];[];[];[];[];[];[];0;0;0;;;;False;0;0;0;;;;False;ControlType.UNKNOWN;0;[('0xb928', <Bool LOAD_64[<BV64 x0 + 0x10>]_25 != LOAD_64[<BV64 x0 + 0x8>]_24 - 0x1>, 'Taken')];"{'regs': ['<BV64 x0>'], 'indirect_regs': [""<BV64 x0>: ['0x10', '0x8']""], 'direct_regs': [], 'mem': ['<BV64 x0 + 0x10>', '<BV64 x0 + 0x8>'], 'const_mem': []}";[];{'regs': [], 'indirect_regs': [], 'direct_regs': [], 'mem': [], 'const_mem': []};{'regs': ['<BV64 x0>'], 'indirect_regs': [], 'direct_regs': ['<BV64 x0>'], 'mem': [], 'const_mem': []};{'regs': ['<BV64 x0>'], 'indirect_regs': [], 'direct_regs': ['<BV64 x0>'], 'mem': ['<BV64 x0 + 0x10>', '<BV64 x0 + 0x8>'], 'const_mem': []};63.0;0.0;64.0;64.0;[];;;;BaseControlType.CONSTANT_BASE;BaseControlType.CONSTANT_BASE;BaseControlType.CONSTANT_BASE;1;BranchControlType.BRANCH_DEPENDS_ON_SECRET_VALUE;BranchControlType.BRANCH_INDEPENDENT_FROM_SECRET;47408;True;False;True;True;True;False;False;True;True;False;False;False;True;False;True;True;True;False;True;False;[];['has_valid_base'];True;False;True;True;True;False;False;True;True;False;False;False;True;False;True;True;True;False;True;False;[];['has_valid_base']
1c4fba38-569c-4ebd-afda-a16f4c8967ba;unvis@@LIBBSD_0.0;0xce40;0xceb0;0xce4c;TransmitterType.LOAD;18;1;False;['0xce40', '0xce7c', '0xcea8'];<BV64 0xe514 + (0#55 .. (0#1 .. LOAD_32[<BV64 x2>]_22[7:0]) << 1)>;64;[('0xce94', <Bool (0x0 .. LOAD_32[<BV64 x2>]_22[7:0]) <= 0xf>, 'Taken')];[];['<BV64 x2>'];"[""<BV64 x2>: ['0x0']""]";[];['<BV64 x2>'];[];58644;59154;510;2;;;True;58644;58674;30;2;;;True;ControlType.CONTROLLED;1;<BV64 0xe514>;64;[];[];[];[];[];[];[];58644.0;58644.0;0.0;1.0;;;True;58644.0;58644.0;0.0;1.0;;;True;ControlType.NO_CONTROL;0;<BV64 0xe514>;64;[];[];[];[];[];[];[];58644;58644;0;1.0;;;True;58644.0;58644.0;0.0;1.0;;;True;ControlType.NO_CONTROL;0;<BV64 0#55 .. (0#1 .. LOAD_32[<BV64 x2>]_22[7:0]) << 1>;64;[('0xce94', <Bool (0x0 .. LOAD_32[<BV64 x2>]_22[7:0]) <= 0xf>, 'Taken')];[];['<BV64 x2>'];"[""<BV64 x2>: ['0x0']""]";[];['<BV64 x2>'];[];0.0;510.0;510;2;;;True;0.0;30.0;30;2;;;True;ControlType.CONTROLLED;1;<BV64 x2>;64;[];[];['<BV64 x2>'];[];['<BV64 x2>'];[];[];0.0;1.8446744073709552e+19;1.8446744073709552e+19;1.0;;;True;0.0;1.8446744073709552e+19;1.8446744073709552e+19;1.0;;;True;ControlType.CONTROLLED;0;<BV32 LOAD_32[<BV64 x2>]_22>;32;[];[];[];[];[];[];[];0;0;0;;;;False;0;0;0;;;;False;ControlType.UNKNOWN;1;[('0xce5c', <Bool (LShR(x3, 0xb)[7:0] & 1) == 0>, 'Taken'), ('0xce94', <Bool (0x0 .. LOAD_32[<BV64 x2>]_22[7:0]) <= 0xf>, 'Taken')];"{'regs': ['<BV64 x2>', '<BV64 x3>'], 'indirect_regs': [""<BV64 x2>: ['0x0']""], 'direct_regs': ['<BV64 x3>'], 'mem': ['<BV64 x2>'], 'const_mem': []}";[];{'regs': [], 'indirect_regs': [], 'direct_regs': [], 'mem': [], 'const_mem': []};{'regs': ['<BV64 x2>'], 'indirect_regs': [], 'direct_regs': ['<BV64 x2>'], 'mem': ['<BV64 x2>'], 'const_mem': []};{'regs': ['<BV64 x2>', '<BV64 x3>'], 'indirect_regs': [], 'direct_regs': ['<BV64 x2>', '<BV64 x3>'], 'mem': ['<BV64 x2>'], 'const_mem': []};8.0;1.0;8.0;8.0;[];;;;BaseControlType.CONSTANT_BASE;BaseControlType.CONSTANT_BASE;BaseControlType.CONSTANT_BASE;2;BranchControlType.BRANCH_DEPENDS_ON_SECRET_VALUE;BranchControlType.BRANCH_INDEPENDENT_FROM_SECRET;52912;True;False;True;True;True;True;False;False;True;False;False;False;True;False;False;True;True;False;True;False;[];['has_valid_base', 'secret_below_cache_granularity'];True;False;True;True;True;True;False;False;True;False;False;False;True;False;False;True;True;False;True;False;[];['has_valid_base', 'secret_below_cache_granularity']
df2c1dbe-eecc-42d9-a594-91bcadca21cc;strlcpy@@LIBBSD_0.0;0xbb40;0xbb5c;0x0;TransmitterType.STORE;9;0;False;['0xbb40', '0xbb64', '0xbb58'];<BV64 x0>;64;[];[];['<BV64 x0>'];[];['<BV64 x0>'];[];[];0;18446744073709551615;18446744073709551615;1;;;True;0;18446744073709551615;18446744073709551615;1;;;True;ControlType.CONTROLLED;0;;0;[];[];[];[];[];[];[];0.0;0.0;0.0;0.0;;;False;0.0;0.0;0.0;0.0;;;False;ControlType.UNKNOWN;0;;0;[];[];[];[];[];[];[];0;0;0;;;;False;0.0;0.0;0.0;0.0;;;False;ControlType.UNKNOWN;0;<BV64 x0>;64;[];[];['<BV64 x0>'];[];['<BV64 x0>'];[];[];0.0;1.8446744073709552e+19;18446744073709551615;1;;;True;0.0;1.8446744073709552e+19;18446744073709551615;1;;;True;ControlType.CONTROLLED;0;<BV64 x0>;64;[];[];['<BV64 x0>'];[];['<BV64 x0>'];[];[];0.0;1.8446744073709552e+19;1.8446744073709552e+19;1.0;;;True;0.0;1.8446744073709552e+19;1.8446744073709552e+19;1.0;;;True;ControlType.CONTROLLED;0;<BV64 x0>;64;[];[];[];[];[];[];[];0;0;0;;;;False;0;0;0;;;;False;ControlType.UNKNOWN;0;[('0xbb50', <Bool x2 != 0x0>, 'Taken'), ('0xbb68', <Bool x2 != 0x1>, 'Taken')];{'regs': ['<BV64 x2>'], 'indirect_regs': [], 'direct_regs': ['<BV64 x2>'], 'mem': [], 'const_mem': []};[];{'regs': [], 'indirect_regs': [], 'direct_regs': [], 'mem': [], 'const_mem': []};{'regs': ['<BV64 x0>'], 'indirect_regs': [], 'direct_regs': ['<BV64 x0>'], 'mem': [], 'const_mem': []};{'regs': ['<BV64 x0>', '<BV64 x2>'], 'indirect_regs': [], 'direct_regs': ['<BV64 x0>', '<BV64 x2>'], 'mem': [], 'const_mem': []};63.0;0.0;64.0;64.0;[];;;;BaseControlType.NO_BASE;BaseControlType.NO_BASE;BaseControlType.NO_BASE;2;BranchControlType.BRANCH_INDEPENDENT_FROM_SECRET;BranchControlType.BRANCH_INDEPENDENT_FROM_SECRET;47964;True;False;True;True;True;False;False;True;True;False;False;False;True;False;True;False;True;False;True;False;[];['has_valid_base'];True;False;True;True;True;False;False;True;True;False;False;False;True;False;True;False;True;False;True;False;[];['has_valid_base']
15837e21-fcc3-4ad9-a49e-11e13aeca4a8;getmode@@LIBBSD_0.0;0x6600;0x66c0;0x0;TransmitterType.LOAD;18;0;False;['0x6600', '0x6628', '0x66ac', '0x66b4', '0x66bc'];<BV64 0x1 + x0>;64;[];[];['<BV64 x0>'];[];['<BV64 x0>'];[];[];0;18446744073709551615;18446744073709551615;1;;;True;0;18446744073709551615;18446744073709551615;1;;;True;ControlType.CONTROLLED;0;<BV64 0x1>;64;[];[];[];[];[];[];[];1.0;1.0;0.0;1.0;;;True;1.0;1.0;0.0;1.0;;;True;ControlType.NO_CONTROL;0;<BV64 0x1>;64;[];[];[];[];[];[];[];1;1;0;1.0;;;True;1.0;1.0;0.0;1.0;;;True;ControlType.NO_CONTROL;0;<BV64 x0>;64;[];[];['<BV64 x0>'];[];['<BV64 x0>'];[];[];0.0;1.8446744073709552e+19;18446744073709551615;1;;;True;0.0;1.8446744073709552e+19;18446744073709551615;1;;;True;ControlType.CONTROLLED;0;<BV64 x0>;64;[];[];['<BV64 x0>'];[];['<BV64 x0>'];[];[];0.0;1.8446744073709552e+19;1.8446744073709552e+19;1.0;;;True;0.0;1.8446744073709552e+19;1.8446744073709552e+19;1.0;;;True;ControlType.CONTROLLED;0;<BV64 x0>;64;[];[];[];[];[];[];[];0;0;0;;;;False;0;0;0;;;;False;ControlType.UNKNOWN;0;[('0x6624', <Bool LOAD_8[<BV64 x0>]_22 != 103>, 'Taken'), ('0x6628', <Bool True>, 'Taken'), ('0x66b0', <Bool LOAD_8[<BV64 x0>]_22 != 111>, 'Taken'), ('0x66b8', <Bool LOAD_8[<BV64 x0>]_22 == 117>, 'Taken')];"{'regs': ['<BV64 x0>'], 'indirect_regs': [""<BV64 x0>: ['0x0', '0x0', '0x0']""], 'direct_regs': [], 'mem': ['<BV64 x0>'], 'const_mem': []}";[('0x6628', <Bool LOAD_8[<BV64 x0>]_22 >= 103>, 'ConditionType.UNKNOWN'), ('0x6628', <Bool LOAD_8[<BV64 x0>]_22 != 103>, 'ConditionType.UNKNOWN')];"{'regs': ['<BV64 x0>'], 'indirect_regs': [""<BV64 x0>: ['0x0', '0x0']""], 'direct_regs': [], 'mem': ['<BV64 x0>'], 'const_mem': []}";{'regs': ['<BV64 x0>'], 'indirect_regs': [], 'direct_regs': ['<BV64 x0>'], 'mem': ['<BV64 x0>'], 'const_mem': []};{'regs': ['<BV64 x0>'], 'indirect_regs': [], 'direct_regs': ['<BV64 x0>'], 'mem': ['<BV64 x0>'], 'const_mem': []};63.0;0.0;64.0;64.0;[];;;;BaseControlType.CONSTANT_BASE;BaseControlType.CONSTANT_BASE;BaseControlType.CONSTANT_BASE;4;BranchControlType.BRANCH_DEPENDS_ON_SECRET_VALUE;BranchControlType.BRANCH_INDEPENDENT_FROM_SECRET;26304;True;False;True;True;True;False;False;True;True;False;False;False;True;False;True;True;True;False;True;False;[];['has_valid_base'];True;False;True;True;True;False;False;True;True;False;False;False;True;False;True;True;True;False;True;False;[];['has_valid_base']
c72ac4c1-d5ea-4670-919e-771144d3491e;sl_add@@LIBBSD_0.7;0xb900;0xb938;0xb91c;TransmitterType.STORE;15;1;False;['0xb900', '0xb92c'];<BV64 LOAD_64[<BV64 x0>]_26 + ((0#3 .. LOAD_64[<BV64 x0 + 0x10>]_25[60:0]) << 0x3)>;64;[('0xb928', <Bool LOAD_64[<BV64 x0 + 0x10>]_25 != LOAD_64[<BV64 x0 + 0x8>]_24 - 0x1>, 'Taken')];[];['<BV64 x0>'];"[""<BV64 x0>: ['0x0', '0x10']""]";[];['<BV64 x0 + 0x10>', '<BV64 x0>'];[];0;18446744073709551615;18446744073709551615;1;;;True;0;18446744073709551615;18446744073709551615;1;;;False;ControlType.CONTROLLED;1;<BV64 (0#3 .. LOAD_64[<BV64 x0 + 0x10>]_25[60:0]) << 0x3>;64;[('0xb928', <Bool LOAD_64[<BV64 x0 + 0x10>]_25 != LOAD_64[<BV64 x0 + 0x8>]_24 - 0x1>, 'Taken')];[];['<BV64 x0>'];"[""<BV64 x0>: ['0x10']""]";[];['<BV64 x0 + 0x10>'];[];0.0;1.8446744073709552e+19;1.8446744073709552e+19;8.0;;;True;0.0;1.8446744073709552e+19;1.8446744073709552e+19;8.0;;;False;ControlType.CONTROLLED;1;;0;[];[];[];[];[];[];[];0;0;0;;;;False;0.0;0.0;0.0;0.0;;;False;ControlType.UNKNOWN;0;<BV64 LOAD_64[<BV64 x0>]_26>;64;[];[];['<BV64 x0>'];"[""<BV64 x0>: ['0x0']""]";[];['<BV64 x0>'];[];0.0;1.8446744073709552e+19;18446744073709551615;1;;;True;0.0;1.8446744073709552e+19;18446744073709551615;1;;;True;ControlType.CONTROLLED;1;<BV64 x0>;64;[];[];['<BV64 x0>'];[];['<BV64 x0>'];[];[];0.0;1.8446744073709552e+19;1.8446744073709552e+19;1.0;;;True;0.0;1.8446744073709552e+19;1.8446744073709552e+19;1.0;;;True;ControlType.CONTROLLED;0;<BV64 LOAD_64[<BV64 x0>]_26>;64;[];[];[];[];[];[];[];0;0;0;;;;False;0;0;0;;;;False;ControlType.UNKNOWN;1;[('0xb928', <Bool LOAD_64[<BV64 x0 + 0x10>]_25 != LOAD_64[<BV64 x0 + 0x8>]_24 - 0x1>, 'Taken')];"{'regs': ['<BV64 x0>'], 'indirect_regs': [""<BV64 x0>: ['0x10', '0x8']""], 'direct_regs': [], 'mem': ['<BV64 x0 + 0x10>', '<BV64 x0 + 0x8>'], 'const_mem': []}";[];{'regs': [], 'indirect_regs': [], 'direct_regs': [], 'mem': [], 'const_mem': []};{'regs': ['<BV64 x0>'], 'indirect_regs': [], 'direct_regs': ['<BV64 x0>'], 'mem': ['<BV64 x0 + 0x10>', '<BV64 x0>'], 'const_mem': []};{'regs': ['<BV64 x0>'], 'indirect_regs': [], 'direct_regs': ['<BV64 x0>'], 'mem': ['<BV64 x0 + 0x10>', '<BV64 x0 + 0x8>', '<BV64 x0>'], 'const_mem': []};63.0;0.0;64.0;64.0;[];;;<BV64 (0#3 .. LOAD_64[<BV64 x0 + 0x10>]_25[60:0]) << 0x3>;BaseControlType.BASE_INDIRECTLY_DEPENDS_ON_SECRET_ADDR;BaseControlType.BASE_INDIRECTLY_DEPENDS_ON_SECRET_ADDR;BaseControlType.BASE_INDIRECTLY_DEPENDS_ON_SECRET_ADDR;1;BranchControlType.BRANCH_DEPENDS_ON_SECRET_ADDRESS;BranchControlType.BRANCH_INDEPENDENT_FROM_SECRET;47416;True;True;True;True;True;False;False;True;True;True;False;True;True;False;False;True;True;False;True;False;[];['max_secret_too_high'];True;True;True;True;True;False;False;True;True;True;False;True;True;False;False;True;True;False;True;False;[];['max_secret_too_high']
e1caecd8-529d-4eae-83b7-d6c0fce2bba9;strlcpy@@LIBBSD_0.0;0xbb40;0xbb6c;0x0;TransmitterType.STORE;13;0;False;['0xbb40', '0xbb64', '0xbb58', '0xbb64', '0xbb6c'];<BV64 0x1 + x0>;64;[];[];['<BV64 x0>'];[];['<BV64 x0>'];[];[];0;18446744073709551615;18446744073709551615;1;;;True;0;18446744073709551615;18446744073709551615;1;;;True;ControlType.CONTROLLED;0;<BV64 0x1>;64;[];[];[];[];[];[];[];1.0;1.0;0.0;1.0;;;True;1.0;1.0;0.0;1.0;;;True;ControlType.NO_CONTROL;0;<BV64 0x1>;64;[];[];[];[];[];[];[];1;1;0;1.0;;;True;1.0;1.0;0.0;1.0;;;True;ControlType.NO_CONTROL;0;<BV64 x0>;64;[];[];['<BV64 x0>'];[];['<BV64 x0>'];[];[];0.0;1.8446744073709552e+19;18446744073709551615;1;;;True;0.0;1.8446744073709552e+19;18446744073709551615;1;;;True;ControlType.CONTROLLED;0;<BV64 x0>;64;[];[];['<BV64 x0>'];[];['<BV64 x0>'];[];[];0.0;1.8446744073709552e+19;1.8446744073709552e+19;1.0;;;True;0.0;1.8446744073709552e+19;1.8446744073709552e+19;1.0;;;True;ControlType.CONTROLLED;0;<BV64 x0>;64;[];[];[];[];[];[];[];0;0;0;;;;False;0;0;0;;;;False;ControlType.UNKNOWN;0;[('0xbb50', <Bool x2 != 0x0>, 'Taken'), ('0xbb60', <Bool LOAD_8[<BV64 x1>]_37 != 0>, 'Taken'), ('0xbb68', <Bool x2 != 0x1>, 'Taken'), ('0xbb68', <Bool 0xffffffffffffffff + x2 == 0x1>, 'Taken')];"{'regs': ['<BV64 x1>', '<BV64 x2>'], 'indirect_regs': [""<BV64 x1>: ['0x0']""], 'direct_regs': ['<BV64 x2>'], 'mem': ['<BV64 x1>'], 'const_mem': []}";[];{'regs': [], 'indirect_regs': [], 'direct_regs': [], 'mem': [], 'const_mem': []};{'regs': ['<BV64 x0>'], 'indirect_regs': [], 'direct_regs': ['<BV64 x0>'], 'mem': [], 'const_mem': []};"{'regs': ['<BV64 x0>', '<BV64 x1>', '<BV64 x2>'], 'indirect_regs': [""<BV64 x1>: ['0x0']""], 'direct_regs': ['<BV64 x0>', '<BV64 x2>'], 'mem': ['<BV64 x1>'], 'const_mem': []}";63.0;0.0;64.0;64.0;[];;;;BaseControlType.CONSTANT_BASE;BaseControlType.CONSTANT_BASE;BaseControlType.CONSTANT_BASE;4;BranchControlType.BRANCH_INDEPENDENT_FROM_SECRET;BranchControlType.BRANCH_INDEPENDENT_FROM_SECRET;47980;True;False;True;True;True;False;False;True;True;False;False;False;True;False;True;False;True;False;True;False;[];['has_valid_base'];True;False;True;True;True;False;False;True;True;False;False;False;True;False;True;False;True;False;True;False;[];['has_valid_base']
9567656e-3bbd-42d7-a46b-614bcc3a79b1;unvis@@LIBBSD_0.0;0xce40;0xcebc;0xceb0;TransmitterType.CODE_LOAD;21;2;False;['0xce40', '0xce7c', '0xcea8'];<BV64 0xcec0 + ((0#2 .. (0#48 .. LOAD_16[<BV64 0xe514 + ((0#32 .. (0x0 .. LOAD_32[<BV64 x2>]_22[7:0])) << 0x1)>]_48) << 0x30 >> 0x30[61:0]) << 0x2)>;64;[];[];['<BV64 x2>'];"[""<BV64 x2>: ['0x0']""]";[];['<BV64 0xe514 + ((0#32 .. (0x0 .. LOAD_32[<BV64 x2>]_22[7:0])) << 0x1)>', '<BV64 x2>'];[];0;18446744073709551612;18446744073709551612;4;;;False;0;18446744073709551612;18446744073709551612;4;;;False;ControlType.CONTROLLED;2;<BV64 0xcec0>;64;[];[];[];[];[];[];[];52928.0;52928.0;0.0;1.0;;;True;52928.0;52928.0;0.0;1.0;;;True;ControlType.NO_CONTROL;0;<BV64 0xcec0>;64;[];[];[];[];[];[];[];52928;52928;0;1.0;;;True;52928.0;52928.0;0.0;1.0;;;True;ControlType.NO_CONTROL;0;<BV64 (0#2 .. (0#48 .. LOAD_16[<BV64 0xe514 + ((0#32 .. (0x0 .. LOAD_32[<BV64 x2>]_22[7:0])) << 0x1)>]_48) << 0x30 >> 0x30[61:0]) << 0x2>;64;[];[];['<BV64 x2>'];"[""<BV64 x2>: ['0x0']""]";[];['<BV64 0xe514 + ((0#32 .. (0x0 .. LOAD_32[<BV64 x2>]_22[7:0])) << 0x1)>', '<BV64 x2>'];[];0.0;1.8446744073709552e+19;18446744073709551612;4;;;False;0.0;1.8446744073709552e+19;18446744073709551612;4;;;False;ControlType.CONTROLLED;2;<BV64 0xe514 + ((0#32 .. (0x0 .. LOAD_32[<BV64 x2>]_22[7:0])) << 0x1)>;64;[('0xce94', <Bool (0x0 .. LOAD_32[<BV64 x2>]_22[7:0]) <= 0xf>, 'Taken')];[];['<BV64 x2>'];"[""<BV64 x2>: ['0x0']""]";[];['<BV64 x2>'];[];58644.0;59154.0;510.0;2.0;;;True;58644.0;58674.0;30.0;2.0;;;True;ControlType.CONTROLLED;1;<BV16 LOAD_16[<BV64 0xe514 + ((0#32 .. (0x0 .. LOAD_32[<BV64 x2>]_22[7:0])) << 0x1)>]_48>;16;[];[];[];[];[];[];[];0;0;0;;;;False;0;0;0;;;;False;ControlType.UNKNOWN;2;[('0xce5c', <Bool (LShR(x3, 0xb)[7:0] & 1) == 0>, 'Taken'), ('0xce94', <Bool (0x0 .. LOAD_32[<BV64 x2>]_22[7:0]) <= 0xf>, 'Taken')];"{'regs': ['<BV64 x2>', '<BV64 x3>'], 'indirect_regs': [""<BV64 x2>: ['0x0']""], 'direct_regs': ['<BV64 x3>'], 'mem': ['<BV64 x2>'], 'const_mem': []}";[];{'regs': [], 'indirect_regs': [], 'direct_regs': [], 'mem': [], 'const_mem': []};"{'regs': ['<BV64 x2>'], 'indirect_regs': [""<BV64 x2>: ['0x0', '0x0']""], 'direct_regs': [], 'mem': ['<BV64 0xe514 + ((0#32 .. (0x0 .. LOAD_32[<BV64 x2>]_22[7:0])) << 0x1)>', '<BV64 x2>'], 'const_mem': []}";"{'regs': ['<BV64 x2>', '<BV64 x3>'], 'indirect_regs': [""<BV64 x2>: ['0x0', '0x0', '0x0']""], 'direct_regs': ['<BV64 x3>'], 'mem': ['<BV64 0xe514 + ((0#32 .. (0x0 .. LOAD_32[<BV64 x2>]_22[7:0])) << 0x1)>', '<BV64 x2>'], 'const_mem': []}";17.0;2.0;16.0;16.0;[];;;;BaseControlType.CONSTANT_BASE;BaseControlType.CONSTANT_BASE;BaseControlType.CONSTANT_BASE;2;BranchControlType.BRANCH_DEPENDS_ON_SECRET_ADDRESS;BranchControlType.BRANCH_INDEPENDENT_FROM_SECRET;52924;True;False;False;True;True;False;False;False;True;False;False;False;True;False;True;True;True;False;True;False;[];['has_valid_base', 'has_valid_secret_address'];True;False;False;True;True;False;False;False;True;False;False;False;True;False;True;True;True;False;True;False;[];['has_valid_base', 'has_valid_secret_address']
c6e536d0-265e-4097-b2d5-7bcb7f208824;getmode@@LIBBSD_0.0;0x6600;0x66c0;0x0;TransmitterType.LOAD;17;0;False;['0x6600', '0x6628', '0x66ac', '0x6708', '0x66c0'];<BV64 0x1 + x0>;64;[];[];['<BV64 x0>'];[];['<BV64 x0>'];[];[];0;18446744073709551615;18446744073709551615;1;;;True;0;18446744073709551615;18446744073709551615;1;;;True;ControlType.CONTROLLED;0;<BV64 0x1>;64;[];[];[];[];[];[];[];1.0;1.0;0.0;1.0;;;True;1.0;1.0;0.0;1.0;;;True;ControlType.NO_CONTROL;0;<BV64 0x1>;64;[];[];[];[];[];[];[];1;1;0;1.0;;;True;1.0;1.0;0.0;1.0;;;True;ControlType.NO_CONTROL;0;<BV64 x0>;64;[];[];['<BV64 x0>'];[];['<BV64 x0>'];[];[];0.0;1.8446744073709552e+19;18446744073709551615;1;;;True;0.0;1.8446744073709552e+19;18446744073709551615;1;;;True;ControlType.CONTROLLED;0;<BV64 x0>;64;[];[];['<BV64 x0>'];[];['<BV64 x0>'];[];[];0.0;1.8446744073709552e+19;1.8446744073709552e+19;1.0;;;True;0.0;1.8446744073709552e+19;1.8446744073709552e+19;1.0;;;True;ControlType.CONTROLLED;0;<BV64 x0>;64;[];[];[];[];[];[];[];0;0;0;;;;False;0;0;0;;;;False;ControlType.UNKNOWN;0;[('0x6624', <Bool LOAD_8[<BV64 x0>]_22 != 103>, 'Taken'), ('0x6628', <Bool True>, 'Taken'), ('0x66b0', <Bool LOAD_8[<BV64 x0>]_22 == 111>, 'Taken'), ('0x670c', <Bool True>, 'Taken')];"{'regs': ['<BV64 x0>'], 'indirect_regs': [""<BV64 x0>: ['0x0', '0x0']""], 'direct_regs': [], 'mem': ['<BV64 x0>'], 'const_mem': []}";[('0x6628', <Bool LOAD_8[<BV64 x0>]_22 >= 103>, 'ConditionType.UNKNOWN'), ('0x6628', <Bool LOAD_8[<BV64 x0>]_22 != 103>, 'ConditionType.UNKNOWN')];"{'regs': ['<BV64 x0>'], 'indirect_regs': [""<BV64 x0>: ['0x0', '0x0']""], 'direct_regs': [], 'mem': ['<BV64 x0>'], 'const_mem': []}";{'regs': ['<BV64 x0>'], 'indirect_regs': [], 'direct_regs': ['<BV64 x0>'], 'mem': ['<BV64 x0>'], 'const_mem': []};{'regs': ['<BV64 x0>'], 'indirect_regs': [], 'direct_regs': ['<BV64 x0>'], 'mem': ['<BV64 x0>'], 'const_mem': []};63.0;0.0;64.0;64.0;[];;;;BaseControlType.CONSTANT_BASE;BaseControlType.CONSTANT_BASE;BaseControlType.CONSTANT_BASE;4;BranchControlType.BRANCH_DEPENDS_ON_SECRET_VALUE;BranchControlType.BRANCH_INDEPENDENT_FROM_SECRET;26304;True;False;True;True;True;False;False;True;True;False;False;False;True;False;True;True;True;False;True;False;[];['has_valid_base'];True;False;True;True;True;False;False;True;True;False;False;False;True;False;True;True;True;False;True;False;[];['has_valid_base']
aba1fa4f-dee8-440d-bd66-08c8798aa99d;strlcpy@@LIBBSD_0.0;0xbb40;0xbb5c;0x0;TransmitterType.STORE;14;0;False;['0xbb40', '0xbb64', '0xbb58', '0xbb64', '0xbb58'];<BV64 0x1 + x0>;64;[];[];['<BV64 x0>'];[];['<BV64 x0>'];[];[];0;18446744073709551615;18446744073709551615;1;;;True;0;18446744073709551615;18446744073709551615;1;;;True;ControlType.CONTROLLED;0;<BV64 0x1>;64;[];[];[];[];[];[];[];1.0;1.0;0.0;1.0;;;True;1.0;1.0;0.0;1.0;;;True;ControlType.NO_CONTROL;0;<BV64 0x1>;64;[];[];[];[];[];[];[];1;1;0;1.0;;;True;1.0;1.0;0.0;1.0;;;True;ControlType.NO_CONTROL;0;<BV64 x0>;64;[];[];['<BV64 x0>'];[];['<BV64 x0>'];[];[];0.0;1.8446744073709552e+19;18446744073709551615;1;;;True;0.0;1.8446744073709552e+19;18446744073709551615;1;;;True;ControlType.CONTROLLED;0;<BV64 x0>;64;[];[];['<BV64 x0>'];[];['<BV64 x0>'];[];[];0.0;1.8446744073709552e+19;1.8446744073709552e+19;1.0;;;True;0.0;1.8446744073709552e+19;1.8446744073709552e+19;1.0;;;True;ControlType.CONTROLLED;0;<BV64 x0>;64;[];[];[];[];[];[];[];0;0;0;;;;False;0;0;0;;;;False;ControlType.UNKNOWN;0;[('0xbb50', <Bool x2 != 0x0>, 'Taken'), ('0xbb60', <Bool LOAD_8[<BV64 x1>]_37 != 0>, 'Taken'), ('0xbb68', <Bool x2 != 0x1>, 'Taken'), ('0xbb68', <Bool 0xffffffffffffffff + x2 != 0x1>, 'Taken')];"{'regs': ['<BV64 x1>', '<BV64 x2>'], 'indirect_regs': [""<BV64 x1>: ['0x0']""], 'direct_regs': ['<BV64 x2>'], 'mem': ['<BV64 x1>'], 'const_mem': []}";[];{'regs': [], 'indirect_regs': [], 'direct_regs': [], 'mem': [], 'const_mem': []};{'regs': ['<BV64 x0>'], 'indirect_regs': [], 'direct_regs': ['<BV64 x0>'], 'mem': [], 'const_mem': []};"{'regs': ['<BV64 x0>', '<BV64 x1>', '<BV64 x2>'], 'indirect_regs': [""<BV64 x1>: ['0x0']""], 'direct_regs': ['<BV64 x0>', '<BV64 x2>'], 'mem': ['<BV64 x1>'], 'const_mem': []}";63.0;0.0;64.0;64.0;[];;;;BaseControlType.CONSTANT_BASE;BaseControlType.CONSTANT_BASE;BaseControlType.CONSTANT_BASE;4;BranchControlType.BRANCH_INDEPENDENT_FROM_SECRET;BranchControlType.BRANCH_INDEPENDENT_FROM_SECRET;47964;True;False;True;True;True;False;False;True;True;False;False;False;True;False;True;False;True;False;True;False;[];['has_valid_base'];True;False;True;True;True;False;False;True;True;False;False;False;True;False;True;False;True;False;True;False;[];['has_valid_base']
c48086af-7072-45b7-acb2-b99907c556c3;sl_add@@LIBBSD_0.7;0xb900;0xb938;0xb918;TransmitterType.STORE;15;1;False;['0xb900', '0xb92c'];<BV64 LOAD_64[<BV64 x0>]_26 + ((0#3 .. LOAD_64[<BV64 x0 + 0x10>]_25[60:0]) << 0x3)>;64;[('0xb928', <Bool LOAD_64[<BV64 x0 + 0x10>]_25 != LOAD_64[<BV64 x0 + 0x8>]_24 - 0x1>, 'Taken')];[];['<BV64 x0>'];"[""<BV64 x0>: ['0x0', '0x10']""]";[];['<BV64 x0 + 0x10>', '<BV64 x0>'];[];0;18446744073709551615;18446744073709551615;1;;;True;0;18446744073709551615;18446744073709551615;1;;;False;ControlType.CONTROLLED;1;<BV64 LOAD_64[<BV64 x0>]_26>;64;[];[];['<BV64 x0>'];"[""<BV64 x0>: ['0x0']""]";[];['<BV64 x0>'];[];0.0;1.8446744073709552e+19;1.8446744073709552e+19;1.0;;;True;0.0;1.8446744073709552e+19;1.8446744073709552e+19;1.0;;;True;ControlType.CONTROLLED;1;;0;[];[];[];[];[];[];[];0;0;0;;;;False;0.0;0.0;0.0;0.0;;;False;ControlType.UNKNOWN;0;<BV64 (0#3 .. LOAD_64[<BV64 x0 + 0x10>]_25[60:0]) << 0x3>;64;[('0xb928', <Bool LOAD_64[<BV64 x0 + 0x10>]_25 != LOAD_64[<BV64 x0 + 0x8>]_24 - 0x1>, 'Taken')];[];['<BV64 x0>'];"[""<BV64 x0>: ['0x10']""]";[];['<BV64 x0 + 0x10>'];[];0.0;1.8446744073709552e+19;18446744073709551608;8;;;True;0.0;1.8446744073709552e+19;18446744073709551608;8;;;False;ControlType.CONTROLLED;1;<BV64 x0 + 0x10>;64;[];[];['<BV64 x0>'];[];['<BV64 x0>'];[];[];0.0;1.8446744073709552e+19;1.8446744073709552e+19;1.0;;;True;0.0;1.8446744073709552e+19;1.8446744073709552e+19;1.0;;;True;ControlType.CONTROLLED;0;<BV64 LOAD_64[<BV64 x0 + 0x10>]_25>;64;[];[];[];[];[];[];[];0;0;0;;;;False;0;0;0;;;;False;ControlType.UNKNOWN;1;[('0xb928', <Bool LOAD_64[<BV64 x0 + 0x10>]_25 != LOAD_64[<BV64 x0 + 0x8>]_24 - 0x1>, 'Taken')];"{'regs': ['<BV64 x0>'], 'indirect_regs': [""<BV64 x0>: ['0x10', '0x8']""], 'direct_regs': [], 'mem': ['<BV64 x0 + 0x10>', '<BV64 x0 + 0x8>'], 'const_mem': []}";[];{'regs': [], 'indirect_regs': [], 'direct_regs': [], 'mem': [], 'const_mem': []};{'regs': ['<BV64 x0>'], 'indirect_regs': [], 'direct_regs': ['<BV64 x0>'], 'mem': ['<BV64 x0 + 0x10>', '<BV64 x0>'], 'const_mem': []};{'regs': ['<BV64 x0>'], 'indirect_regs': [], 'direct_regs': ['<BV64 x0>'], 'mem': ['<BV64 x0 + 0x10>', '<BV64 x0 + 0x8>', '<BV64 x0>'], 'const_mem': []};63.0;3.0;61.0;61.0;[];;;<BV64 LOAD_64[<BV64 x0>]_26>;BaseControlType.BASE_INDIRECTLY_DEPENDS_ON_SECRET_ADDR;BaseControlType.BASE_INDIRECTLY_DEPENDS_ON_SECRET_ADDR;BaseControlType.BASE_INDIRECTLY_DEPENDS_ON_SECRET_ADDR;1;BranchControlType.BRANCH_DEPENDS_ON_SECRET_VALUE;BranchControlType.BRANCH_INDEPENDENT_FROM_SECRET;47416;True;True;True;True;True;False;False;True;True;True;False;True;True;False;False;True;True;False;True;False;[];['max_secret_too_high'];True;True;True;True;True;False;False;True;True;True;False;True;True;False;False;True;True;False;True;False;[];['max_secret_too_high']
deb6e825-d6f3-4274-9532-d6988fcf2fd4;getmode@@LIBBSD_0.0;0x6600;0x665c;0x0;TransmitterType.LOAD;12;0;False;['0x6600', '0x665c'];<BV64 0x1 + x0>;64;[];[];['<BV64 x0>'];[];['<BV64 x0>'];[];[];0;18446744073709551615;18446744073709551615;1;;;True;0;18446744073709551615;18446744073709551615;1;;;True;ControlType.CONTROLLED;0;<BV64 0x1>;64;[];[];[];[];[];[];[];1.0;1.0;0.0;1.0;;;True;1.0;1.0;0.0;1.0;;;True;ControlType.NO_CONTROL;0;<BV64 0x1>;64;[];[];[];[];[];[];[];1;1;0;1.0;;;True;1.0;1.0;0.0;1.0;;;True;ControlType.NO_CONTROL;0;<BV64 x0>;64;[];[];['<BV64 x0>'];[];['<BV64 x0>'];[];[];0.0;1.8446744073709552e+19;18446744073709551615;1;;;True;0.0;1.8446744073709552e+19;18446744073709551615;1;;;True;ControlType.CONTROLLED;0;<BV64 x0>;64;[];[];['<BV64 x0>'];[];['<BV64 x0>'];[];[];0.0;1.8446744073709552e+19;1.8446744073709552e+19;1.0;;;True;0.0;1.8446744073709552e+19;1.8446744073709552e+19;1.0;;;True;ControlType.CONTROLLED;0;<BV64 x0>;64;[];[];[];[];[];[];[];0;0;0;;;;False;0;0;0;;;;False;ControlType.UNKNOWN;0;[('0x6624', <Bool LOAD_8[<BV64 x0>]_22 == 103>, 'Taken')];"{'regs': ['<BV64 x0>'], 'indirect_regs': [""<BV64 x0>: ['0x0']""], 'direct_regs': [], 'mem': ['<BV64 x0>'], 'const_mem': []}";[];{'regs': [], 'indirect_regs': [], 'direct_regs': [], 'mem': [], 'const_mem': []};{'regs': ['<BV64 x0>'], 'indirect_regs': [], 'direct_regs': ['<BV64 x0>'], 'mem': [], 'const_mem': []};{'regs': ['<BV64 x0>'], 'indirect_regs': [], 'direct_regs': ['<BV64 x0>'], 'mem': ['<BV64 x0>'], 'const_mem': []};63.0;0.0;64.0;64.0;[];;;;BaseControlType.CONSTANT_BASE;BaseControlType.CONSTANT_BASE;BaseControlType.CONSTANT_BASE;1;BranchControlType.BRANCH_DEPENDS_ON_SECRET_VALUE;BranchControlType.BRANCH_INDEPENDENT_FROM_SECRET;26204;True;False;True;True;True;False;False;True;True;False;False;False;True;False;True;True;True;False;True;False;[];['has_valid_base'];True;False;True;True;True;False;False;True;True;False;False;False;True;False;True;True;True;False;True;False;[];['has_valid_base']
dc21fc0a-b677-42cf-a556-e67e35a90bdf;getmode@@LIBBSD_0.0;0x6600;0x6678;0x0;TransmitterType.LOAD;19;0;False;['0x6600', '0x665c', '0x666c', '0x6674', '0x6678'];<BV64 0x4 + x0>;64;[];[];['<BV64 x0>'];[];['<BV64 x0>'];[];[];0;18446744073709551615;18446744073709551615;1;;;True;0;18446744073709551615;18446744073709551615;1;;;True;ControlType.CONTROLLED;0;<BV64 0x4>;64;[];[];[];[];[];[];[];4.0;4.0;0.0;1.0;;;True;4.0;4.0;0.0;1.0;;;True;ControlType.NO_CONTROL;0;<BV64 0x4>;64;[];[];[];[];[];[];[];4;4;0;1.0;;;True;4.0;4.0;0.0;1.0;;;True;ControlType.NO_CONTROL;0;<BV64 x0>;64;[];[];['<BV64 x0>'];[];['<BV64 x0>'];[];[];0.0;1.8446744073709552e+19;18446744073709551615;1;;;True;0.0;1.8446744073709552e+19;18446744073709551615;1;;;True;ControlType.CONTROLLED;0;<BV64 x0>;64;[];[];['<BV64 x0>'];[];['<BV64 x0>'];[];[];0.0;1.8446744073709552e+19;1.8446744073709552e+19;1.0;;;True;0.0;1.8446744073709552e+19;1.8446744073709552e+19;1.0;;;True;ControlType.CONTROLLED;0;<BV64 x0>;64;[];[];[];[];[];[];[];0;0;0;;;;False;0;0;0;;;;False;ControlType.UNKNOWN;0;[('0x6624', <Bool LOAD_8[<BV64 x0>]_22 == 103>, 'Taken'), ('0x6668', <Bool (LOAD_8[<BV64 x0 + 0x1>]_29 & 1) == 0>, 'Taken'), ('0x6670', <Bool (0x0 .. LOAD_8[<BV64 x0 + 0x1>]_29[1:1] .. 0) != 0x0>, 'Taken'), ('0x6674', <Bool (LShR(0x0 .. LOAD_8[<BV64 x0 + 0x1>]_29, 0x4)[7:0] & 1) != 0>, 'Taken')];"{'regs': ['<BV64 x0>'], 'indirect_regs': [""<BV64 x0>: ['0x0', '0x1', '0x1', '0x1']""], 'direct_regs': [], 'mem': ['<BV64 x0 + 0x1>', '<BV64 x0>'], 'const_mem': []}";[];{'regs': [], 'indirect_regs': [], 'direct_regs': [], 'mem': [], 'const_mem': []};{'regs': ['<BV64 x0>'], 'indirect_regs': [], 'direct_regs': ['<BV64 x0>'], 'mem': [], 'const_mem': []};{'regs': ['<BV64 x0>'], 'indirect_regs': [], 'direct_regs': ['<BV64 x0>'], 'mem': ['<BV64 x0 + 0x1>', '<BV64 x0>'], 'const_mem': []};63.0;0.0;64.0;64.0;[];;;;BaseControlType.CONSTANT_BASE;BaseControlType.CONSTANT_BASE;BaseControlType.CONSTANT_BASE;4;BranchControlType.BRANCH_DEPENDS_ON_SECRET_VALUE;BranchControlType.BRANCH_INDEPENDENT_FROM_SECRET;26232;True;False;True;True;True;False;False;True;True;False;False;False;True;False;True;True;True;False;True;False;[];['has_valid_base'];True;False;True;True;True;False;False;True;True;False;False;False;True;False;True;True;True;False;True;False;[];['has_valid_base']
417ee035-df76-4483-a842-9878a42b372f;getmode@@LIBBSD_0.0;0x6600;0x6650;0x0;TransmitterType.LOAD;19;0;False;['0x6600', '0x665c', '0x666c', '0x664c'];<BV64 0x8 + x0>;64;[];[];['<BV64 x0>'];[];['<BV64 x0>'];[];[];0;18446744073709551615;18446744073709551615;1;;;True;0;18446744073709551615;18446744073709551615;1;;;True;ControlType.CONTROLLED;0;<BV64 0x8>;64;[];[];[];[];[];[];[];8.0;8.0;0.0;1.0;;;True;8.0;8.0;0.0;1.0;;;True;ControlType.NO_CONTROL;0;<BV64 0x8>;64;[];[];[];[];[];[];[];8;8;0;1.0;;;True;8.0;8.0;0.0;1.0;;;True;ControlType.NO_CONTROL;0;<BV64 x0>;64;[];[];['<BV64 x0>'];[];['<BV64 x0>'];[];[];0.0;1.8446744073709552e+19;18446744073709551615;1;;;True;0.0;1.8446744073709552e+19;18446744073709551615;1;;;True;ControlType.CONTROLLED;0;<BV64 x0>;64;[];[];['<BV64 x0>'];[];['<BV64 x0>'];[];[];0.0;1.8446744073709552e+19;1.8446744073709552e+19;1.0;;;True;0.0;1.8446744073709552e+19;1.8446744073709552e+19;1.0;;;True;ControlType.CONTROLLED;0;<BV64 x0>;64;[];[];[];[];[];[];[];0;0;0;;;;False;0;0;0;;;;False;ControlType.UNKNOWN;0;[('0x6624', <Bool LOAD_8[<BV64 x0>]_22 == 103>, 'Taken'), ('0x6668', <Bool (LOAD_8[<BV64 x0 + 0x1>]_29 & 1) == 0>, 'Taken'), ('0x6670', <Bool (0x0 .. LOAD_8[<BV64 x0 + 0x1>]_29[1:1] .. 0) == 0x0>, 'Taken')];"{'regs': ['<BV64 x0>'], 'indirect_regs': [""<BV64 x0>: ['0x0', '0x1', '0x1']""], 'direct_regs': [], 'mem': ['<BV64 x0 + 0x1>', '<BV64 x0>'], 'const_mem': []}";[];{'regs': [], 'indirect_regs': [], 'direct_regs': [], 'mem': [], 'const_mem': []};{'regs': ['<BV64 x0>'], 'indirect_regs': [], 'direct_regs': ['<BV64 x0>'], 'mem': [], 'const_mem': []};{'regs': ['<BV64 x0>'], 'indirect_regs': [], 'direct_regs': ['<BV64 x0>'], 'mem': ['<BV64 x0 + 0x1>', '<BV64 x0>'], 'const_mem': []};63.0;0.0;64.0;64.0;[];;;;BaseControlType.CONSTANT_BASE;BaseControlType.CONSTANT_BASE;BaseControlType.CONSTANT_BASE;3;BranchControlType.BRANCH_DEPENDS_ON_SECRET_VALUE;BranchControlType.BRANCH_INDEPENDENT_FROM_SECRET;26192;True;False;True;True;True;False;False;True;True;False;False;False;True;False;True;True;True;False;True;False;[];['has_valid_base'];True;False;True;True;True;False;False;True;True;False;False;False;True;False;True;True;True;False;True;False;[];['has_valid_base']
628786f6-b550-438a-af6c-1f362319ccd9;getmode@@LIBBSD_0.0;0x6600;0x665c;0x0;TransmitterType.LOAD;22;0;False;['0x6600', '0x665c', '0x666c', '0x664c', '0x665c'];<BV64 0x9 + x0>;64;[];[];['<BV64 x0>'];[];['<BV64 x0>'];[];[];0;18446744073709551615;18446744073709551615;1;;;True;0;18446744073709551615;18446744073709551615;1;;;True;ControlType.CONTROLLED;0;<BV64 0x9>;64;[];[];[];[];[];[];[];9.0;9.0;0.0;1.0;;;True;9.0;9.0;0.0;1.0;;;True;ControlType.NO_CONTROL;0;<BV64 0x9>;64;[];[];[];[];[];[];[];9;9;0;1.0;;;True;9.0;9.0;0.0;1.0;;;True;ControlType.NO_CONTROL;0;<BV64 x0>;64;[];[];['<BV64 x0>'];[];['<BV64 x0>'];[];[];0.0;1.8446744073709552e+19;18446744073709551615;1;;;True;0.0;1.8446744073709552e+19;18446744073709551615;1;;;True;ControlType.CONTROLLED;0;<BV64 x0>;64;[];[];['<BV64 x0>'];[];['<BV64 x0>'];[];[];0.0;1.8446744073709552e+19;1.8446744073709552e+19;1.0;;;True;0.0;1.8446744073709552e+19;1.8446744073709552e+19;1.0;;;True;ControlType.CONTROLLED;0;<BV64 x0>;64;[];[];[];[];[];[];[];0;0;0;;;;False;0;0;0;;;;False;ControlType.UNKNOWN;0;[('0x6624', <Bool LOAD_8[<BV64 x0>]_22 == 103>, 'Taken'), ('0x6658', <Bool LOAD_8[<BV64 x0 + 0x8>]_31 == 103>, 'Taken'), ('0x6668', <Bool (LOAD_8[<BV64 x0 + 0x1>]_29 & 1) == 0>, 'Taken'), ('0x6670', <Bool (0x0 .. LOAD_8[<BV64 x0 + 0x1>]_29[1:1] .. 0) == 0x0>, 'Taken')];"{'regs': ['<BV64 x0>'], 'indirect_regs': [""<BV64 x0>: ['0x0', '0x1', '0x1', '0x8']""], 'direct_regs': [], 'mem': ['<BV64 x0 + 0x1>', '<BV64 x0 + 0x8>', '<BV64 x0>'], 'const_mem': []}";[];{'regs': [], 'indirect_regs': [], 'direct_regs': [], 'mem': [], 'const_mem': []};{'regs': ['<BV64 x0>'], 'indirect_regs': [], 'direct_regs': ['<BV64 x0>'], 'mem': [], 'const_mem': []};{'regs': ['<BV64 x0>'], 'indirect_regs': [], 'direct_regs': ['<BV64 x0>'], 'mem': ['<BV64 x0 + 0x1>', '<BV64 x0 + 0x8>', '<BV64 x0>'], 'const_mem': []};63.0;0.0;64.0;64.0;[];;;;BaseControlType.CONSTANT_BASE;BaseControlType.CONSTANT_BASE;BaseControlType.CONSTANT_BASE;4;BranchControlType.BRANCH_DEPENDS_ON_SECRET_VALUE;BranchControlType.BRANCH_INDEPENDENT_FROM_SECRET;26204;True;False;True;True;True;False;False;True;True;False;False;False;True;False;True;True;True;False;True;False;[];['has_valid_base'];True;False;True;True;True;False;False;True;True;False;False;False;True;False;True;True;True;False;True;False;[];['has_valid_base']
ca654bcf-51d2-49e9-ba41-bb773eb6c564;getmode@@LIBBSD_0.0;0x6600;0x66d8;0x0;TransmitterType.LOAD;19;0;False;['0x6600', '0x665c', '0x66cc', '0x66d8'];<BV64 0x4 + x0>;64;[];[];['<BV64 x0>'];[];['<BV64 x0>'];[];[];0;18446744073709551615;18446744073709551615;1;;;True;0;18446744073709551615;18446744073709551615;1;;;True;ControlType.CONTROLLED;0;<BV64 0x4>;64;[];[];[];[];[];[];[];4.0;4.0;0.0;1.0;;;True;4.0;4.0;0.0;1.0;;;True;ControlType.NO_CONTROL;0;<BV64 0x4>;64;[];[];[];[];[];[];[];4;4;0;1.0;;;True;4.0;4.0;0.0;1.0;;;True;ControlType.NO_CONTROL;0;<BV64 x0>;64;[];[];['<BV64 x0>'];[];['<BV64 x0>'];[];[];0.0;1.8446744073709552e+19;18446744073709551615;1;;;True;0.0;1.8446744073709552e+19;18446744073709551615;1;;;True;ControlType.CONTROLLED;0;<BV64 x0>;64;[];[];['<BV64 x0>'];[];['<BV64 x0>'];[];[];0.0;1.8446744073709552e+19;1.8446744073709552e+19;1.0;;;True;0.0;1.8446744073709552e+19;1.8446744073709552e+19;1.0;;;True;ControlType.CONTROLLED;0;<BV64 x0>;64;[];[];[];[];[];[];[];0;0;0;;;;False;0;0;0;;;;False;ControlType.UNKNOWN;0;[('0x6624', <Bool LOAD_8[<BV64 x0>]_22 == 103>, 'Taken'), ('0x6668', <Bool (LOAD_8[<BV64 x0 + 0x1>]_29 & 1) != 0>, 'Taken'), ('0x66d4', <Bool (LShR(0x0 .. LOAD_8[<BV64 x0 + 0x1>]_29, 0x4)[7:0] & 1) != 0>, 'Taken')];"{'regs': ['<BV64 x0>'], 'indirect_regs': [""<BV64 x0>: ['0x0', '0x1', '0x1']""], 'direct_regs': [], 'mem': ['<BV64 x0 + 0x1>', '<BV64 x0>'], 'const_mem': []}";[];{'regs': [], 'indirect_regs': [], 'direct_regs': [], 'mem': [], 'const_mem': []};{'regs': ['<BV64 x0>'], 'indirect_regs': [], 'direct_regs': ['<BV64 x0>'], 'mem': [], 'const_mem': []};{'regs': ['<BV64 x0>'], 'indirect_regs': [], 'direct_regs': ['<BV64 x0>'], 'mem': ['<BV64 x0 + 0x1>', '<BV64 x0>'], 'const_mem': []};63.0;0.0;64.0;64.0;[];;;;BaseControlType.CONSTANT_BASE;BaseControlType.CONSTANT_BASE;BaseControlType.CONSTANT_BASE;3;BranchControlType.BRANCH_DEPENDS_ON_SECRET_VALUE;BranchControlType.BRANCH_INDEPENDENT_FROM_SECRET;26328;True;False;True;True;True;False;False;True;True;False;False;False;True;False;True;True;True;False;True;False;[];['has_valid_base'];True;False;True;True;True;False;False;True;True;False;False;False;True;False;True;True;True;False;True;False;[];['has_valid_base']
2db55f66-6a98-487b-9435-418b4d726364;getmode@@LIBBSD_0.0;0x6600;0x66e8;0x0;TransmitterType.LOAD;23;0;False;['0x6600', '0x665c', '0x66cc', '0x66d8', '0x66e8'];<BV64 0x4 + x0>;64;[];[];['<BV64 x0>'];[];['<BV64 x0>'];[];[];0;18446744073709551615;18446744073709551615;1;;;True;0;18446744073709551615;18446744073709551615;1;;;True;ControlType.CONTROLLED;0;<BV64 0x4>;64;[];[];[];[];[];[];[];4.0;4.0;0.0;1.0;;;True;4.0;4.0;0.0;1.0;;;True;ControlType.NO_CONTROL;0;<BV64 0x4>;64;[];[];[];[];[];[];[];4;4;0;1.0;;;True;4.0;4.0;0.0;1.0;;;True;ControlType.NO_CONTROL;0;<BV64 x0>;64;[];[];['<BV64 x0>'];[];['<BV64 x0>'];[];[];0.0;1.8446744073709552e+19;18446744073709551615;1;;;True;0.0;1.8446744073709552e+19;18446744073709551615;1;;;True;ControlType.CONTROLLED;0;<BV64 x0>;64;[];[];['<BV64 x0>'];[];['<BV64 x0>'];[];[];0.0;1.8446744073709552e+19;1.8446744073709552e+19;1.0;;;True;0.0;1.8446744073709552e+19;1.8446744073709552e+19;1.0;;;True;ControlType.CONTROLLED;0;<BV64 x0>;64;[];[];[];[];[];[];[];0;0;0;;;;False;0;0;0;;;;False;ControlType.UNKNOWN;0;[('0x6624', <Bool LOAD_8[<BV64 x0>]_22 == 103>, 'Taken'), ('0x6668', <Bool (LOAD_8[<BV64 x0 + 0x1>]_29 & 1) != 0>, 'Taken'), ('0x66d4', <Bool (LShR(0x0 .. LOAD_8[<BV64 x0 + 0x1>]_29, 0x4)[7:0] & 1) != 0>, 'Taken'), ('0x66e4', <Bool (LShR(0x0 .. LOAD_8[<BV64 x0 + 0x1>]_29, 0x2)[7:0] & 1) != 0>, 'Taken')];"{'regs': ['<BV64 x0>'], 'indirect_regs': [""<BV64 x0>: ['0x0', '0x1', '0x1', '0x1']""], 'direct_regs': [], 'mem': ['<BV64 x0 + 0x1>', '<BV64 x0>'], 'const_mem': []}";[];{'regs': [], 'indirect_regs': [], 'direct_regs': [], 'mem': [], 'const_mem': []};{'regs': ['<BV64 x0>'], 'indirect_regs': [], 'direct_regs': ['<BV64 x0>'], 'mem': [], 'const_mem': []};{'regs': ['<BV64 x0>'], 'indirect_regs': [], 'direct_regs': ['<BV64 x0>'], 'mem': ['<BV64 x0 + 0x1>', '<BV64 x0>'], 'const_mem': []};63.0;0.0;64.0;64.0;['<Bool LOAD_32[<BV64 x0 + 0x4>]_33 == LOAD_32[<BV64 x0 + 0x4>]_34>'];;;;BaseControlType.CONSTANT_BASE;BaseControlType.CONSTANT_BASE;BaseControlType.CONSTANT_BASE;4;BranchControlType.BRANCH_DEPENDS_ON_SECRET_VALUE;BranchControlType.BRANCH_INDEPENDENT_FROM_SECRET;26344;True;False;True;True;True;False;False;True;True;False;False;False;True;False;True;True;True;False;True;False;[];['has_valid_base'];True;False;True;True;True;False;False;True;True;False;False;False;True;False;True;True;True;False;True;False;[];['has_valid_base']
88607c2d-6697-43e9-9fc2-b546ff258b97;getmode@@LIBBSD_0.0;0x6600;0x66e8;0x0;TransmitterType.LOAD;20;0;False;['0x6600', '0x665c', '0x66cc', '0x66e4', '0x66e8'];<BV64 0x4 + x0>;64;[];[];['<BV64 x0>'];[];['<BV64 x0>'];[];[];0;18446744073709551615;18446744073709551615;1;;;True;0;18446744073709551615;18446744073709551615;1;;;True;ControlType.CONTROLLED;0;<BV64 0x4>;64;[];[];[];[];[];[];[];4.0;4.0;0.0;1.0;;;True;4.0;4.0;0.0;1.0;;;True;ControlType.NO_CONTROL;0;<BV64 0x4>;64;[];[];[];[];[];[];[];4;4;0;1.0;;;True;4.0;4.0;0.0;1.0;;;True;ControlType.NO_CONTROL;0;<BV64 x0>;64;[];[];['<BV64 x0>'];[];['<BV64 x0>'];[];[];0.0;1.8446744073709552e+19;18446744073709551615;1;;;True;0.0;1.8446744073709552e+19;18446744073709551615;1;;;True;ControlType.CONTROLLED;0;<BV64 x0>;64;[];[];['<BV64 x0>'];[];['<BV64 x0>'];[];[];0.0;1.8446744073709552e+19;1.8446744073709552e+19;1.0;;;True;0.0;1.8446744073709552e+19;1.8446744073709552e+19;1.0;;;True;ControlType.CONTROLLED;0;<BV64 x0>;64;[];[];[];[];[];[];[];0;0;0;;;;False;0;0;0;;;;False;ControlType.UNKNOWN;0;[('0x6624', <Bool LOAD_8[<BV64 x0>]_22 == 103>, 'Taken'), ('0x6668', <Bool (LOAD_8[<BV64 x0 + 0x1>]_29 & 1) != 0>, 'Taken'), ('0x66d4', <Bool (LShR(0x0 .. LOAD_8[<BV64 x0 + 0x1>]_29, 0x4)[7:0] & 1) == 0>, 'Taken'), ('0x66e4', <Bool (LShR(0x0 .. LOAD_8[<BV64 x0 + 0x1>]_29, 0x2)[7:0] & 1) != 0>, 'Taken')];"{'regs': ['<BV64 x0>'], 'indirect_regs': [""<BV64 x0>: ['0x0', '0x1', '0x1', '0x1']""], 'direct_regs': [], 'mem': ['<BV64 x0 + 0x1>', '<BV64 x0>'], 'const_mem': []}";[];{'regs': [], 'indirect_regs': [], 'direct_regs': [], 'mem': [], 'const_mem': []};{'regs': ['<BV64 x0>'], 'indirect_regs': [], 'direct_regs': ['<BV64 x0>'], 'mem': [], 'const_mem': []};{'regs': ['<BV64 x0>'], 'indirect_regs': [], 'direct_regs': ['<BV64 x0>'], 'mem': ['<BV64 x0 + 0x1>', '<BV64 x0>'], 'const_mem': []};63.0;0.0;64.0;64.0;[];;;;BaseControlType.CONSTANT_BASE;BaseControlType.CONSTANT_BASE;BaseControlType.CONSTANT_BASE;4;BranchControlType.BRANCH_DEPENDS_ON_SECRET_VALUE;BranchControlType.BRANCH_INDEPENDENT_FROM_SECRET;26344;True;False;True;True;True;False;False;True;True;False;False;False;True;False;True;True;True;False;True;False;[];['has_valid_base'];True;False;True;True;True;False;False;True;True;False;False;False;True;False;True;True;True;False;True;False;[];['has_valid_base']
04d38c08-2572-4d60-8567-0acb04896313;user_from_uid@@LIBBSD_0.11.0;0xbb90;0xbc00;0xbbf8;TransmitterType.LOAD;29;1;False;['0xbb90', '0xbbe0', '0xbc00'];<BV64 LOAD_64[<BV64 LOAD_64[<BV64 0x31008>]_29 + ((0#32 .. x0[31:0] - 0x13d * (((0#32 .. x0[31:0]) * 0x33af3e2f << 0x1a[31:0] | LShR((0#32 .. x0[31:0]) * 0x33af3e2f, 0x26)[31:0]) & 0x3ffffff)) << 0x3)>]_33>;64;[('0xbbfc', <Bool LOAD_64[<BV64 LOAD_64[<BV64 0x31008>]_29 + ((0#32 .. x0[31:0] - 0x13d * (((0#32 .. x0[31:0]) * 0x33af3e2f << 0x1a[31:0] | LShR((0#32 .. x0[31:0]) * 0x33af3e2f, 0x26)[31:0]) & 0x3ffffff)) << 0x3)>]_33 != 0x0>, 'Taken')];[];['<BV64 x0>'];['<BV64 x0>: []'];[];['<BV64 LOAD_64[<BV64 0x31008>]_29 + ((0#32 .. x0[31:0] - 0x13d * (((0#32 .. x0[31:0]) * 0x33af3e2f << 0x1a[31:0] | LShR((0#32 .. x0[31:0]) * 0x33af3e2f, 0x26)[31:0]) & 0x3ffffff)) << 0x3)>'];['<BV64 0x31008>'];0;18446744073709551615;18446744073709551615;1;;;True;1;18446744073709551615;18446744073709551614;1;;;True;ControlType.REQUIRES_MEM_LEAK;1;;0;[];[];[];[];[];[];[];0.0;0.0;0.0;0.0;;;False;0.0;0.0;0.0;0.0;;;False;ControlType.UNKNOWN;0;;0;[];[];[];[];[];[];[];0;0;0;;;;False;0.0;0.0;0.0;0.0;;;False;ControlType.UNKNOWN;0;<BV64 LOAD_64[<BV64 LOAD_64[<BV64 0x31008>]_29 + ((0#32 .. x0[31:0] - 0x13d * (((0#32 .. x0[31:0]) * 0x33af3e2f << 0x1a[31:0] | LShR((0#32 .. x0[31:0]) * 0x33af3e2f, 0x26)[31:0]) & 0x3ffffff)) << 0x3)>]_33>;64;[('0xbbfc', <Bool LOAD_64[<BV64 LOAD_64[<BV64 0x31008>]_29 + ((0#32 .. x0[31:0] - 0x13d * (((0#32 .. x0[31:0]) * 0x33af3e2f << 0x1a[31:0] | LShR((0#32 .. x0[31:0]) * 0x33af3e2f, 0x26)[31:0]) & 0x3ffffff)) << 0x3)>]_33 != 0x0>, 'Taken')];[];['<BV64 x0>'];['<BV64 x0>: []'];[];['<BV64 LOAD_64[<BV64 0x31008>]_29 + ((0#32 .. x0[31:0] - 0x13d * (((0#32 .. x0[31:0]) * 0x33af3e2f << 0x1a[31:0] | LShR((0#32 .. x0[31:0]) * 0x33af3e2f, 0x26)[31:0]) & 0x3ffffff)) << 0x3)>'];['<BV64 0x31008>'];0.0;1.8446744073709552e+19;18446744073709551615;1;;;True;1.0;1.8446744073709552e+19;18446744073709551614;1;;;True;ControlType.CONTROLLED;1;<BV64 LOAD_64[<BV64 0x31008>]_29 + ((0#32 .. x0[31:0] - 0x13d * (((0#32 .. x0[31:0]) * 0x33af3e2f << 0x1a[31:0] | LShR((0#32 .. x0[31:0]) * 0x33af3e2f, 0x26)[31:0]) & 0x3ffffff)) << 0x3)>;64;[('0xbbdc', <Bool LOAD_64[<BV64 0x31008>]_29 != 0x0>, 'Taken')];[];['<BV64 x0>'];[];['<BV64 x0>'];[];['<BV64 0x31008>'];0.0;1.8446744073709552e+19;1.8446744073709552e+19;1.0;;;True;0.0;1.8446744073709552e+19;1.8446744073709552e+19;1.0;;;False;ControlType.REQUIRES_MEM_LEAK;0;<BV64 LOAD_64[<BV64 LOAD_64[<BV64 0x31008>]_29 + ((0#32 .. x0[31:0] - 0x13d * (((0#32 .. x0[31:0]) * 0x33af3e2f << 0x1a[31:0] | LShR((0#32 .. x0[31:0]) * 0x33af3e2f, 0x26)[31:0]) & 0x3ffffff)) << 0x3)>]_33>;64;[];[];[];[];[];[];[];0;0;0;;;;False;0;0;0;;;;False;ControlType.UNKNOWN;1;[('0xbbdc', <Bool LOAD_64[<BV64 0x31008>]_29 != 0x0>, 'Taken'), ('0xbbfc', <Bool LOAD_64[<BV64 LOAD_64[<BV64 0x31008>]_29 + ((0#32 .. x0[31:0] - 0x13d * (((0#32 .. x0[31:0]) * 0x33af3e2f << 0x1a[31:0] | LShR((0#32 .. x0[31:0]) * 0x33af3e2f, 0x26)[31:0]) & 0x3ffffff)) << 0x3)>]_33 != 0x0>, 'Taken')];{'regs': ['<BV64 x0>'], 'indirect_regs': ['<BV64 x0>: []'], 'direct_regs': [], 'mem': ['<BV64 LOAD_64[<BV64 0x31008>]_29 + ((0#32 .. x0[31:0] - 0x13d * (((0#32 .. x0[31:0]) * 0x33af3e2f << 0x1a[31:0] | LShR((0#32 .. x0[31:0]) * 0x33af3e2f, 0x26)[31:0]) & 0x3ffffff)) << 0x3)>'], 'const_mem': ['<BV64 0x31008>']};[];{'regs': [], 'indirect_regs': [], 'direct_regs': [], 'mem': [], 'const_mem': []};{'regs': ['<BV64 x0>'], 'indirect_regs': [], 'direct_regs': ['<BV64 x0>'], 'mem': ['<BV64 LOAD_64[<BV64 0x31008>]_29 + ((0#32 .. x0[31:0] - 0x13d * (((0#32 .. x0[31:0]) * 0x33af3e2f << 0x1a[31:0] | LShR((0#32 .. x0[31:0]) * 0x33af3e2f, 0x26)[31:0]) & 0x3ffffff)) << 0x3)>'], 'const_mem': ['<BV64 0x31008>']};{'regs': ['<BV64 x0>'], 'indirect_regs': [], 'direct_regs': ['<BV64 x0>'], 'mem': ['<BV64 LOAD_64[<BV64 0x31008>]_29 + ((0#32 .. x0[31:0] - 0x13d * (((0#32 .. x0[31:0]) * 0x33af3e2f << 0x1a[31:0] | LShR((0#32 .. x0[31:0]) * 0x33af3e2f, 0x26)[31:0]) & 0x3ffffff)) << 0x3)>'], 'const_mem': ['<BV64 0x31008>']};63.0;0.0;64.0;64.0;[];;;;BaseControlType.NO_BASE;BaseControlType.NO_BASE;BaseControlType.NO_BASE;2;BranchControlType.BRANCH_DEPENDS_ON_UNCONTROLLED;BranchControlType.BRANCH_INDEPENDENT_FROM_SECRET;48128;True;False;False;True;True;False;False;True;False;False;False;False;True;False;True;False;True;True;True;False;[];['has_valid_base', 'has_valid_secret_address', 'secret_entropy_high'];True;False;False;True;True;False;False;True;False;False;False;False;True;False;True;False;True;True;True;False;[];['has_valid_base', 'has_valid_secret_address', 'secret_entropy_high']
ceeb4c0f-6740-402b-a172-88a2869f5c53;user_from_uid@@LIBBSD_0.11.0;0xbb90;0xbc0c;0xbbf8;TransmitterType.LOAD;32;1;False;['0xbb90', '0xbbe0', '0xbc00', '0xbc0c'];<BV64 0x24 + LOAD_64[<BV64 LOAD_64[<BV64 0x31008>]_29 + ((0#32 .. x0[31:0] - 0x13d * (((0#32 .. x0[31:0]) * 0x33af3e2f << 0x1a[31:0] | LShR((0#32 .. x0[31:0]) * 0x33af3e2f, 0x26)[31:0]) & 0x3ffffff)) << 0x3)>]_33>;64;[('0xbbfc', <Bool LOAD_64[<BV64 LOAD_64[<BV64 0x31008>]_29 + ((0#32 .. x0[31:0] - 0x13d * (((0#32 .. x0[31:0]) * 0x33af3e2f << 0x1a[31:0] | LShR((0#32 .. x0[31:0]) * 0x33af3e2f, 0x26)[31:0]) & 0x3ffffff)) << 0x3)>]_33 != 0x0>, 'Taken')];[];['<BV64 x0>'];['<BV64 x0>: []'];[];['<BV64 LOAD_64[<BV64 0x31008>]_29 + ((0#32 .. x0[31:0] - 0x13d * (((0#32 .. x0[31:0]) * 0x33af3e2f << 0x1a[31:0] | LShR((0#32 .. x0[31:0]) * 0x33af3e2f, 0x26)[31:0]) & 0x3ffffff)) << 0x3)>'];['<BV64 0x31008>'];0;18446744073709551615;18446744073709551615;1;;;True;37;35;18446744073709551614;1;;;True;ControlType.REQUIRES_MEM_LEAK;1;<BV64 0x24>;64;[];[];[];[];[];[];[];36.0;36.0;0.0;1.0;;;True;36.0;36.0;0.0;1.0;;;True;ControlType.NO_CONTROL;0;<BV64 0x24>;64;[];[];[];[];[];[];[];36;36;0;1.0;;;True;36.0;36.0;0.0;1.0;;;True;ControlType.NO_CONTROL;0;<BV64 LOAD_64[<BV64 LOAD_64[<BV64 0x31008>]_29 + ((0#32 .. x0[31:0] - 0x13d * (((0#32 .. x0[31:0]) * 0x33af3e2f << 0x1a[31:0] | LShR((0#32 .. x0[31:0]) * 0x33af3e2f, 0x26)[31:0]) & 0x3ffffff)) << 0x3)>]_33>;64;[('0xbbfc', <Bool LOAD_64[<BV64 LOAD_64[<BV64 0x31008>]_29 + ((0#32 .. x0[31:0] - 0x13d * (((0#32 .. x0[31:0]) * 0x33af3e2f << 0x1a[31:0] | LShR((0#32 .. x0[31:0]) * 0x33af3e2f, 0x26)[31:0]) & 0x3ffffff)) << 0x3)>]_33 != 0x0>, 'Taken')];[];['<BV64 x0>'];['<BV64 x0>: []'];[];['<BV64 LOAD_64[<BV64 0x31008>]_29 + ((0#32 .. x0[31:0] - 0x13d * (((0#32 .. x0[31:0]) * 0x33af3e2f << 0x1a[31:0] | LShR((0#32 .. x0[31:0]) * 0x33af3e2f, 0x26)[31:0]) & 0x3ffffff)) << 0x3)>'];['<BV64 0x31008>'];0.0;1.8446744073709552e+19;18446744073709551615;1;;;True;1.0;1.8446744073709552e+19;18446744073709551614;1;;;True;ControlType.CONTROLLED;1;<BV64 LOAD_64[<BV64 0x31008>]_29 + ((0#32 .. x0[31:0] - 0x13d * (((0#32 .. x0[31:0]) * 0x33af3e2f << 0x1a[31:0] | LShR((0#32 .. x0[31:0]) * 0x33af3e2f, 0x26)[31:0]) & 0x3ffffff)) << 0x3)>;64;[('0xbbdc', <Bool LOAD_64[<BV64 0x31008>]_29 != 0x0>, 'Taken')];[];['<BV64 x0>'];[];['<BV64 x0>'];[];['<BV64 0x31008>'];0.0;1.8446744073709552e+19;1.8446744073709552e+19;1.0;;;True;0.0;1.8446744073709552e+19;1.8446744073709552e+19;1.0;;;False;ControlType.REQUIRES_MEM_LEAK;0;<BV64 LOAD_64[<BV64 LOAD_64[<BV64 0x31008>]_29 + ((0#32 .. x0[31:0] - 0x13d * (((0#32 .. x0[31:0]) * 0x33af3e2f << 0x1a[31:0] | LShR((0#32 .. x0[31:0]) * 0x33af3e2f, 0x26)[31:0]) & 0x3ffffff)) << 0x3)>]_33>;64;[];[];[];[];[];[];[];0;0;0;;;;False;0;0;0;;;;False;ControlType.UNKNOWN;1;[('0xbbdc', <Bool LOAD_64[<BV64 0x31008>]_29 != 0x0>, 'Taken'), ('0xbbfc', <Bool LOAD_64[<BV64 LOAD_64[<BV64 0x31008>]_29 + ((0#32 .. x0[31:0] - 0x13d * (((0#32 .. x0[31:0]) * 0x33af3e2f << 0x1a[31:0] | LShR((0#32 .. x0[31:0]) * 0x33af3e2f, 0x26)[31:0]) & 0x3ffffff)) << 0x3)>]_33 != 0x0>, 'Taken'), ('0xbc08', <Bool LOAD_32[<BV64 LOAD_64[<BV64 LOAD_64[<BV64 0x31008>]_29 + ((0#32 .. x0[31:0] - 0x13d * (((0#32 .. x0[31:0]) * 0x33af3e2f << 0x1a[31:0] | LShR((0#32 .. x0[31:0]) * 0x33af3e2f, 0x26)[31:0]) & 0x3ffffff)) << 0x3)>]_33>]_34 >s 0x0>, 'Taken')];{'regs': ['<BV64 x0>'], 'indirect_regs': ['<BV64 x0>: []'], 'direct_regs': [], 'mem': ['<BV64 LOAD_64[<BV64 0x31008>]_29 + ((0#32 .. x0[31:0] - 0x13d * (((0#32 .. x0[31:0]) * 0x33af3e2f << 0x1a[31:0] | LShR((0#32 .. x0[31:0]) * 0x33af3e2f, 0x26)[31:0]) & 0x3ffffff)) << 0x3)>', '<BV64 LOAD_64[<BV64 LOAD_64[<BV64 0x31008>]_29 + ((0#32 .. x0[31:0] - 0x13d * (((0#32 .. x0[31:0]) * 0x33af3e2f << 0x1a[31:0] | LShR((0#32 .. x0[31:0]) * 0x33af3e2f, 0x26)[31:0]) & 0x3ffffff)) << 0x3)>]_33>'], 'const_mem': ['<BV64 0x31008>']};[];{'regs': [], 'indirect_regs': [], 'direct_regs': [], 'mem': [], 'const_mem': []};{'regs': ['<BV64 x0>'], 'indirect_regs': [], 'direct_regs': ['<BV64 x0>'], 'mem': ['<BV64 LOAD_64[<BV64 0x31008>]_29 + ((0#32 .. x0[31:0] - 0x13d * (((0#32 .. x0[31:0]) * 0x33af3e2f << 0x1a[31:0] | LShR((0#32 .. x0[31:0]) * 0x33af3e2f, 0x26)[31:0]) & 0x3ffffff)) << 0x3)>'], 'const_mem': ['<BV64 0x31008>']};{'regs': ['<BV64 x0>'], 'indirect_regs': [], 'direct_regs': ['<BV64 x0>'], 'mem': ['<BV64 LOAD_64[<BV64 0x31008>]_29 + ((0#32 .. x0[31:0] - 0x13d * (((0#32 .. x0[31:0]) * 0x33af3e2f << 0x1a[31:0] | LShR((0#32 .. x0[31:0]) * 0x33af3e2f, 0x26)[31:0]) & 0x3ffffff)) << 0x3)>', '<BV64 LOAD_64[<BV64 LOAD_64[<BV64 0x31008>]_29 + ((0#32 .. x0[31:0] - 0x13d * (((0#32 .. x0[31:0]) * 0x33af3e2f << 0x1a[31:0] | LShR((0#32 .. x0[31:0]) * 0x33af3e2f, 0x26)[31:0]) & 0x3ffffff)) << 0x3)>]_33>'], 'const_mem': ['<BV64 0x31008>']};63.0;0.0;64.0;64.0;[];;;;BaseControlType.CONSTANT_BASE;BaseControlType.CONSTANT_BASE;BaseControlType.CONSTANT_BASE;3;BranchControlType.BRANCH_DEPENDS_ON_UNCONTROLLED;BranchControlType.BRANCH_INDEPENDENT_FROM_SECRET;48140;True;False;False;True;True;False;False;True;False;False;False;False;True;False;True;False;True;True;True;False;[];['has_valid_base', 'has_valid_secret_address', 'secret_entropy_high'];True;False;False;True;True;False;False;True;False;False;False;False;True;False;True;False;True;True;True;False;[];['has_valid_base', 'has_valid_secret_address', 'secret_entropy_high']
72c4c397-a736-4680-8313-e96b39125b48;wcslcat@@LIBBSD_0.5;0xe0f0;0xe104;0x0;TransmitterType.LOAD;6;0;False;['0xe0f0'];<BV64 x0>;64;[];[];['<BV64 x0>'];[];['<BV64 x0>'];[];[];0;18446744073709551615;18446744073709551615;1;;;True;0;18446744073709551615;18446744073709551615;1;;;True;ControlType.CONTROLLED;0;;0;[];[];[];[];[];[];[];0.0;0.0;0.0;0.0;;;False;0.0;0.0;0.0;0.0;;;False;ControlType.UNKNOWN;0;;0;[];[];[];[];[];[];[];0;0;0;;;;False;0.0;0.0;0.0;0.0;;;False;ControlType.UNKNOWN;0;<BV64 x0>;64;[];[];['<BV64 x0>'];[];['<BV64 x0>'];[];[];0.0;1.8446744073709552e+19;18446744073709551615;1;;;True;0.0;1.8446744073709552e+19;18446744073709551615;1;;;True;ControlType.CONTROLLED;0;<BV64 x0>;64;[];[];['<BV64 x0>'];[];['<BV64 x0>'];[];[];0.0;1.8446744073709552e+19;1.8446744073709552e+19;1.0;;;True;0.0;1.8446744073709552e+19;1.8446744073709552e+19;1.0;;;True;ControlType.CONTROLLED;0;<BV64 x0>;64;[];[];[];[];[];[];[];0;0;0;;;;False;0;0;0;;;;False;ControlType.UNKNOWN;0;[];{'regs': [], 'indirect_regs': [], 'direct_regs': [], 'mem': [], 'const_mem': []};[];{'regs': [], 'indirect_regs': [], 'direct_regs': [], 'mem': [], 'const_mem': []};{'regs': ['<BV64 x0>'], 'indirect_regs': [], 'direct_regs': ['<BV64 x0>'], 'mem': [], 'const_mem': []};{'regs': ['<BV64 x0>'], 'indirect_regs': [], 'direct_regs': ['<BV64 x0>'], 'mem': [], 'const_mem': []};63.0;0.0;64.0;64.0;[];;;;BaseControlType.NO_BASE;BaseControlType.NO_BASE;BaseControlType.NO_BASE;0;BranchControlType.BRANCH_INDEPENDENT_FROM_SECRET;BranchControlType.BRANCH_INDEPENDENT_FROM_SECRET;57604;True;False;True;True;True;False;False;True;True;False;False;False;True;False;True;False;True;False;True;False;[];['has_valid_base'];True;False;True;True;True;False;False;True;True;False;False;False;True;False;True;False;True;False;True;False;[];['has_valid_base']
7597c413-3c7d-4823-88fc-482a64a06838;sl_find@@LIBBSD_0.7;0xb9f0;0xba00;0x0;TransmitterType.LOAD;5;0;False;['0xb9f0'];<BV64 0x10 + x0>;64;[];[];['<BV64 x0>'];[];['<BV64 x0>'];[];[];0;18446744073709551615;18446744073709551615;1;;;True;0;18446744073709551615;18446744073709551615;1;;;True;ControlType.CONTROLLED;0;<BV64 0x10>;64;[];[];[];[];[];[];[];16.0;16.0;0.0;1.0;;;True;16.0;16.0;0.0;1.0;;;True;ControlType.NO_CONTROL;0;<BV64 0x10>;64;[];[];[];[];[];[];[];16;16;0;1.0;;;True;16.0;16.0;0.0;1.0;;;True;ControlType.NO_CONTROL;0;<BV64 x0>;64;[];[];['<BV64 x0>'];[];['<BV64 x0>'];[];[];0.0;1.8446744073709552e+19;18446744073709551615;1;;;True;0.0;1.8446744073709552e+19;18446744073709551615;1;;;True;ControlType.CONTROLLED;0;<BV64 x0>;64;[];[];['<BV64 x0>'];[];['<BV64 x0>'];[];[];0.0;1.8446744073709552e+19;1.8446744073709552e+19;1.0;;;True;0.0;1.8446744073709552e+19;1.8446744073709552e+19;1.0;;;True;ControlType.CONTROLLED;0;<BV64 x0>;64;[];[];[];[];[];[];[];0;0;0;;;;False;0;0;0;;;;False;ControlType.UNKNOWN;0;[];{'regs': [], 'indirect_regs': [], 'direct_regs': [], 'mem': [], 'const_mem': []};[];{'regs': [], 'indirect_regs': [], 'direct_regs': [], 'mem': [], 'const_mem': []};{'regs': ['<BV64 x0>'], 'indirect_regs': [], 'direct_regs': ['<BV64 x0>'], 'mem': [], 'const_mem': []};{'regs': ['<BV64 x0>'], 'indirect_regs': [], 'direct_regs': ['<BV64 x0>'], 'mem': [], 'const_mem': []};63.0;0.0;64.0;64.0;[];;;;BaseControlType.CONSTANT_BASE;BaseControlType.CONSTANT_BASE;BaseControlType.CONSTANT_BASE;0;BranchControlType.BRANCH_INDEPENDENT_FROM_SECRET;BranchControlType.BRANCH_INDEPENDENT_FROM_SECRET;47616;True;False;True;True;True;False;False;True;True;False;False;False;True;False;True;False;True;False;True;False;[];['has_valid_base'];True;False;True;True;True;False;False;True;True;False;False;False;True;False;True;False;True;False;True;False;[];['has_valid_base']
737f796b-1ce2-44f9-bba1-2cc8ec542264;pidfile_close@@LIBBSD_0.2;0x8b70;0x58b0;0x0;TransmitterType.LOAD;19;0;False;['0x8b70', '0x5880', '0x58b0'];<BV64 x0>;64;[('0x58ac', <Bool x0 != 0x0>, 'Taken')];[];['<BV64 x0>'];[];['<BV64 x0>'];[];[];0;18446744073709551615;18446744073709551615;1;;;True;1;18446744073709551615;18446744073709551614;1;;;True;ControlType.CONTROLLED;0;;0;[];[];[];[];[];[];[];0.0;0.0;0.0;0.0;;;False;0.0;0.0;0.0;0.0;;;False;ControlType.UNKNOWN;0;;0;[];[];[];[];[];[];[];0;0;0;;;;False;0.0;0.0;0.0;0.0;;;False;ControlType.UNKNOWN;0;<BV64 x0>;64;[('0x58ac', <Bool x0 != 0x0>, 'Taken')];[];['<BV64 x0>'];[];['<BV64 x0>'];[];[];0.0;1.8446744073709552e+19;18446744073709551615;1;;;True;1.0;1.8446744073709552e+19;18446744073709551614;1;;;True;ControlType.CONTROLLED;0;<BV64 x0>;64;[('0x58ac', <Bool x0 != 0x0>, 'Taken')];[];['<BV64 x0>'];[];['<BV64 x0>'];[];[];0.0;1.8446744073709552e+19;1.8446744073709552e+19;1.0;;;True;1.0;1.8446744073709552e+19;1.8446744073709552e+19;1.0;;;True;ControlType.CONTROLLED;0;<BV64 x0>;64;[];[];[];[];[];[];[];0;0;0;;;;False;0;0;0;;;;False;ControlType.UNKNOWN;0;[('0x58ac', <Bool x0 != 0x0>, 'Taken'), ('0x8b84', <Bool True>, 'Taken')];{'regs': ['<BV64 x0>'], 'indirect_regs': [], 'direct_regs': ['<BV64 x0>'], 'mem': [], 'const_mem': []};[];{'regs': [], 'indirect_regs': [], 'direct_regs': [], 'mem': [], 'const_mem': []};{'regs': ['<BV64 x0>'], 'indirect_regs': [], 'direct_regs': ['<BV64 x0>'], 'mem': [], 'const_mem': []};{'regs': ['<BV64 x0>'], 'indirect_regs': [], 'direct_regs': ['<BV64 x0>'], 'mem': [], 'const_mem': []};63.0;0.0;64.0;64.0;[];;;;BaseControlType.NO_BASE;BaseControlType.NO_BASE;BaseControlType.NO_BASE;2;BranchControlType.BRANCH_DEPENDS_ON_SECRET_VALUE;BranchControlType.BRANCH_INDEPENDENT_FROM_SECRET;22704;True;False;True;True;True;False;False;True;True;False;False;False;True;False;True;True;True;False;True;False;[];['has_valid_base'];True;False;True;True;True;False;False;True;True;False;False;False;True;False;True;True;True;False;True;False;[];['has_valid_base']
ae54e722-ad9b-42a0-b49e-01836cb3537c;pidfile_remove@@LIBBSD_0.2;0x8c20;0x58b0;0x0;TransmitterType.LOAD;29;0;False;['0x8c20', '0x5b30', '0x5880', '0x58b0'];<BV64 x0>;64;[('0x58ac', <Bool x0 != 0x0>, 'Taken')];[];['<BV64 x0>'];[];['<BV64 x0>'];[];[];0;18446744073709551615;18446744073709551615;1;;;True;1;18446744073709551615;18446744073709551614;1;;;True;ControlType.CONTROLLED;0;;0;[];[];[];[];[];[];[];0.0;0.0;0.0;0.0;;;False;0.0;0.0;0.0;0.0;;;False;ControlType.UNKNOWN;0;;0;[];[];[];[];[];[];[];0;0;0;;;;False;0.0;0.0;0.0;0.0;;;False;ControlType.UNKNOWN;0;<BV64 x0>;64;[('0x58ac', <Bool x0 != 0x0>, 'Taken')];[];['<BV64 x0>'];[];['<BV64 x0>'];[];[];0.0;1.8446744073709552e+19;18446744073709551615;1;;;True;1.0;1.8446744073709552e+19;18446744073709551614;1;;;True;ControlType.CONTROLLED;0;<BV64 x0>;64;[('0x58ac', <Bool x0 != 0x0>, 'Taken')];[];['<BV64 x0>'];[];['<BV64 x0>'];[];[];0.0;1.8446744073709552e+19;1.8446744073709552e+19;1.0;;;True;1.0;1.8446744073709552e+19;1.8446744073709552e+19;1.0;;;True;ControlType.CONTROLLED;0;<BV64 x0>;64;[];[];[];[];[];[];[];0;0;0;;;;False;0;0;0;;;;False;ControlType.UNKNOWN;0;[('0x58ac', <Bool x0 != 0x0>, 'Taken'), ('0x5b4c', <Bool True>, 'Taken'), ('0x8c38', <Bool True>, 'Taken')];{'regs': ['<BV64 x0>'], 'indirect_regs': [], 'direct_regs': ['<BV64 x0>'], 'mem': [], 'const_mem': []};[];{'regs': [], 'indirect_regs': [], 'direct_regs': [], 'mem': [], 'const_mem': []};{'regs': ['<BV64 x0>'], 'indirect_regs': [], 'direct_regs': ['<BV64 x0>'], 'mem': [], 'const_mem': []};{'regs': ['<BV64 x0>'], 'indirect_regs': [], 'direct_regs': ['<BV64 x0>'], 'mem': [], 'const_mem': []};63.0;0.0;64.0;64.0;[];;;;BaseControlType.NO_BASE;BaseControlType.NO_BASE;BaseControlType.NO_BASE;3;BranchControlType.BRANCH_DEPENDS_ON_SECRET_VALUE;BranchControlType.BRANCH_INDEPENDENT_FROM_SECRET;22704;True;False;True;True;True;False;False;True;True;False;False;False;True;False;True;True;True;False;True;False;[];['has_valid_base'];True;False;True;True;True;False;False;True;True;False;False;False;True;False;True;True;True;False;True;False;[];['has_valid_base']
bc71494b-9202-47b0-9130-3b5c2b54ed04;stravis@@LIBBSD_0.9;0xdf00;0xdf24;0x0;TransmitterType.STORE;10;0;False;['0xdf00'];<BV64 x0>;64;[];[];['<BV64 x0>'];[];['<BV64 x0>'];[];[];0;18446744073709551615;18446744073709551615;1;;;True;0;18446744073709551615;18446744073709551615;1;;;True;ControlType.CONTROLLED;0;;0;[];[];[];[];[];[];[];0.0;0.0;0.0;0.0;;;False;0.0;0.0;0.0;0.0;;;False;ControlType.UNKNOWN;0;;0;[];[];[];[];[];[];[];0;0;0;;;;False;0.0;0.0;0.0;0.0;;;False;ControlType.UNKNOWN;0;<BV64 x0>;64;[];[];['<BV64 x0>'];[];['<BV64 x0>'];[];[];0.0;1.8446744073709552e+19;18446744073709551615;1;;;True;0.0;1.8446744073709552e+19;18446744073709551615;1;;;True;ControlType.CONTROLLED;0;<BV64 x0>;64;[];[];['<BV64 x0>'];[];['<BV64 x0>'];[];[];0.0;1.8446744073709552e+19;1.8446744073709552e+19;1.0;;;True;0.0;1.8446744073709552e+19;1.8446744073709552e+19;1.0;;;True;ControlType.CONTROLLED;0;<BV64 x0>;64;[];[];[];[];[];[];[];0;0;0;;;;False;0;0;0;;;;False;ControlType.UNKNOWN;0;[];{'regs': [], 'indirect_regs': [], 'direct_regs': [], 'mem': [], 'const_mem': []};[];{'regs': [], 'indirect_regs': [], 'direct_regs': [], 'mem': [], 'const_mem': []};{'regs': ['<BV64 x0>'], 'indirect_regs': [], 'direct_regs': ['<BV64 x0>'], 'mem': [], 'const_mem': []};{'regs': ['<BV64 x0>'], 'indirect_regs': [], 'direct_regs': ['<BV64 x0>'], 'mem': [], 'const_mem': []};63.0;0.0;64.0;64.0;[];;;;BaseControlType.NO_BASE;BaseControlType.NO_BASE;BaseControlType.NO_BASE;0;BranchControlType.BRANCH_INDEPENDENT_FROM_SECRET;BranchControlType.BRANCH_INDEPENDENT_FROM_SECRET;57124;True;False;True;True;True;False;False;True;True;False;False;False;True;False;True;False;True;False;True;False;[];['has_valid_base'];True;False;True;True;True;False;False;True;True;False;False;False;True;False;True;False;True;False;True;False;[];['has_valid_base']
50da4a17-7043-474e-a746-d756984d2cd7;sl_free@@LIBBSD_0.7;0xb980;0xb99c;0x0;TransmitterType.LOAD;8;0;False;['0xb980', '0xb988'];<BV64 x0>;64;[('0xb984', <Bool x0 != 0x0>, 'Taken')];[];['<BV64 x0>'];[];['<BV64 x0>'];[];[];0;18446744073709551615;18446744073709551615;1;;;True;1;18446744073709551615;18446744073709551614;1;;;True;ControlType.CONTROLLED;0;;0;[];[];[];[];[];[];[];0.0;0.0;0.0;0.0;;;False;0.0;0.0;0.0;0.0;;;False;ControlType.UNKNOWN;0;;0;[];[];[];[];[];[];[];0;0;0;;;;False;0.0;0.0;0.0;0.0;;;False;ControlType.UNKNOWN;0;<BV64 x0>;64;[('0xb984', <Bool x0 != 0x0>, 'Taken')];[];['<BV64 x0>'];[];['<BV64 x0>'];[];[];0.0;1.8446744073709552e+19;18446744073709551615;1;;;True;1.0;1.8446744073709552e+19;18446744073709551614;1;;;True;ControlType.CONTROLLED;0;<BV64 x0>;64;[('0xb984', <Bool x0 != 0x0>, 'Taken')];[];['<BV64 x0>'];[];['<BV64 x0>'];[];[];0.0;1.8446744073709552e+19;1.8446744073709552e+19;1.0;;;True;1.0;1.8446744073709552e+19;1.8446744073709552e+19;1.0;;;True;ControlType.CONTROLLED;0;<BV64 x0>;64;[];[];[];[];[];[];[];0;0;0;;;;False;0;0;0;;;;False;ControlType.UNKNOWN;0;[('0xb984', <Bool x0 != 0x0>, 'Taken')];{'regs': ['<BV64 x0>'], 'indirect_regs': [], 'direct_regs': ['<BV64 x0>'], 'mem': [], 'const_mem': []};[];{'regs': [], 'indirect_regs': [], 'direct_regs': [], 'mem': [], 'const_mem': []};{'regs': ['<BV64 x0>'], 'indirect_regs': [], 'direct_regs': ['<BV64 x0>'], 'mem': [], 'const_mem': []};{'regs': ['<BV64 x0>'], 'indirect_regs': [], 'direct_regs': ['<BV64 x0>'], 'mem': [], 'const_mem': []};63.0;0.0;64.0;64.0;[];;;;BaseControlType.NO_BASE;BaseControlType.NO_BASE;BaseControlType.NO_BASE;1;BranchControlType.BRANCH_DEPENDS_ON_SECRET_VALUE;BranchControlType.BRANCH_INDEPENDENT_FROM_SECRET;47516;True;False;True;True;True;False;False;True;True;False;False;False;True;False;True;True;True;False;True;False;[];['has_valid_base'];True;False;True;True;True;False;False;True;True;False;False;False;True;False;True;True;True;False;True;False;[];['has_valid_base']
b9a4f56c-cf9c-47f4-aeee-456f30a8a685;wcslcat@@LIBBSD_0.5;0xe0f0;0xe124;0x0;TransmitterType.LOAD;12;0;False;['0xe0f0', '0xe10c', '0xe114', '0xe124'];<BV64 0x4 + x0>;64;[];[];['<BV64 x0>'];[];['<BV64 x0>'];[];[];0;18446744073709551615;18446744073709551615;1;;;True;0;18446744073709551615;18446744073709551615;1;;;True;ControlType.CONTROLLED;0;<BV64 0x4>;64;[];[];[];[];[];[];[];4.0;4.0;0.0;1.0;;;True;4.0;4.0;0.0;1.0;;;True;ControlType.NO_CONTROL;0;<BV64 0x4>;64;[];[];[];[];[];[];[];4;4;0;1.0;;;True;4.0;4.0;0.0;1.0;;;True;ControlType.NO_CONTROL;0;<BV64 x0>;64;[];[];['<BV64 x0>'];[];['<BV64 x0>'];[];[];0.0;1.8446744073709552e+19;18446744073709551615;1;;;True;0.0;1.8446744073709552e+19;18446744073709551615;1;;;True;ControlType.CONTROLLED;0;<BV64 x0>;64;[];[];['<BV64 x0>'];[];['<BV64 x0>'];[];[];0.0;1.8446744073709552e+19;1.8446744073709552e+19;1.0;;;True;0.0;1.8446744073709552e+19;1.8446744073709552e+19;1.0;;;True;ControlType.CONTROLLED;0;<BV64 x0>;64;[];[];[];[];[];[];[];0;0;0;;;;False;0;0;0;;;;False;ControlType.UNKNOWN;0;[('0xe108', <Bool LOAD_32[<BV64 x0>]_23 != 0x0>, 'Taken'), ('0xe110', <Bool x2 != 0x0>, 'Taken'), ('0xe118', <Bool True>, 'Taken')];"{'regs': ['<BV64 x0>', '<BV64 x2>'], 'indirect_regs': [""<BV64 x0>: ['0x0']""], 'direct_regs': ['<BV64 x2>'], 'mem': ['<BV64 x0>'], 'const_mem': []}";[];{'regs': [], 'indirect_regs': [], 'direct_regs': [], 'mem': [], 'const_mem': []};{'regs': ['<BV64 x0>'], 'indirect_regs': [], 'direct_regs': ['<BV64 x0>'], 'mem': [], 'const_mem': []};{'regs': ['<BV64 x0>', '<BV64 x2>'], 'indirect_regs': [], 'direct_regs': ['<BV64 x0>', '<BV64 x2>'], 'mem': ['<BV64 x0>'], 'const_mem': []};63.0;0.0;64.0;64.0;[];;;;BaseControlType.CONSTANT_BASE;BaseControlType.CONSTANT_BASE;BaseControlType.CONSTANT_BASE;3;BranchControlType.BRANCH_DEPENDS_ON_SECRET_VALUE;BranchControlType.BRANCH_INDEPENDENT_FROM_SECRET;57636;True;False;True;True;True;False;False;True;True;False;False;False;True;False;True;True;True;False;True;False;[];['has_valid_base'];True;False;True;True;True;False;False;True;True;False;False;False;True;False;True;True;True;False;True;False;[];['has_valid_base']
194eb616-eecc-42f1-9824-9c44072ae4b3;humanize_number@@LIBBSD_0.0;0x7c90;0x7cd0;0x0;TransmitterType.STORE;17;0;False;['0x7c90', '0x7cd0'];<BV64 x0>;64;[];[];['<BV64 x0>'];[];['<BV64 x0>'];[];[];0;18446744073709551615;18446744073709551615;1;;;True;0;18446744073709551615;18446744073709551615;1;;;True;ControlType.CONTROLLED;0;;0;[];[];[];[];[];[];[];0.0;0.0;0.0;0.0;;;False;0.0;0.0;0.0;0.0;;;False;ControlType.UNKNOWN;0;;0;[];[];[];[];[];[];[];0;0;0;;;;False;0.0;0.0;0.0;0.0;;;False;ControlType.UNKNOWN;0;<BV64 x0>;64;[];[];['<BV64 x0>'];[];['<BV64 x0>'];[];[];0.0;1.8446744073709552e+19;18446744073709551615;1;;;True;0.0;1.8446744073709552e+19;18446744073709551615;1;;;True;ControlType.CONTROLLED;0;<BV64 x0>;64;[];[];['<BV64 x0>'];[];['<BV64 x0>'];[];[];0.0;1.8446744073709552e+19;1.8446744073709552e+19;1.0;;;True;0.0;1.8446744073709552e+19;1.8446744073709552e+19;1.0;;;True;ControlType.CONTROLLED;0;<BV64 x0>;64;[];[];[];[];[];[];[];0;0;0;;;;False;0;0;0;;;;False;ControlType.UNKNOWN;0;[('0x7ccc', <Bool x1 != 0x0>, 'Taken')];{'regs': ['<BV64 x1>'], 'indirect_regs': [], 'direct_regs': ['<BV64 x1>'], 'mem': [], 'const_mem': []};[];{'regs': [], 'indirect_regs': [], 'direct_regs': [], 'mem': [], 'const_mem': []};{'regs': ['<BV64 x0>'], 'indirect_regs': [], 'direct_regs': ['<BV64 x0>'], 'mem': [], 'const_mem': []};{'regs': ['<BV64 x0>', '<BV64 x1>'], 'indirect_regs': [], 'direct_regs': ['<BV64 x0>', '<BV64 x1>'], 'mem': [], 'const_mem': []};63.0;0.0;64.0;64.0;[];;;;BaseControlType.NO_BASE;BaseControlType.NO_BASE;BaseControlType.NO_BASE;1;BranchControlType.BRANCH_INDEPENDENT_FROM_SECRET;BranchControlType.BRANCH_INDEPENDENT_FROM_SECRET;31952;True;False;True;True;True;False;False;True;True;False;False;False;True;False;True;False;True;False;True;False;[];['has_valid_base'];True;False;True;True;True;False;False;True;True;False;False;False;True;False;True;False;True;False;True;False;[];['has_valid_base']
580abd1e-f549-42d9-90ae-92ae4f1a5f72;sl_find@@LIBBSD_0.7;0xb9f0;0xba18;0x0;TransmitterType.LOAD;11;0;False;['0xb9f0', '0xba0c'];<BV64 x0>;64;[];[];['<BV64 x0>'];[];['<BV64 x0>'];[];[];0;18446744073709551615;18446744073709551615;1;;;True;0;18446744073709551615;18446744073709551615;1;;;True;ControlType.CONTROLLED;0;;0;[];[];[];[];[];[];[];0.0;0.0;0.0;0.0;;;False;0.0;0.0;0.0;0.0;;;False;ControlType.UNKNOWN;0;;0;[];[];[];[];[];[];[];0;0;0;;;;False;0.0;0.0;0.0;0.0;;;False;ControlType.UNKNOWN;0;<BV64 x0>;64;[];[];['<BV64 x0>'];[];['<BV64 x0>'];[];[];0.0;1.8446744073709552e+19;18446744073709551615;1;;;True;0.0;1.8446744073709552e+19;18446744073709551615;1;;;True;ControlType.CONTROLLED;0;<BV64 x0>;64;[];[];['<BV64 x0>'];[];['<BV64 x0>'];[];[];0.0;1.8446744073709552e+19;1.8446744073709552e+19;1.0;;;True;0.0;1.8446744073709552e+19;1.8446744073709552e+19;1.0;;;True;ControlType.CONTROLLED;0;<BV64 x0>;64;[];[];[];[];[];[];[];0;0;0;;;;False;0;0;0;;;;False;ControlType.UNKNOWN;0;[('0xba08', <Bool LOAD_64[<BV64 x0 + 0x10>]_24 != 0x0>, 'Taken')];"{'regs': ['<BV64 x0>'], 'indirect_regs': [""<BV64 x0>: ['0x10']""], 'direct_regs': [], 'mem': ['<BV64 x0 + 0x10>'], 'const_mem': []}";[];{'regs': [], 'indirect_regs': [], 'direct_regs': [], 'mem': [], 'const_mem': []};{'regs': ['<BV64 x0>'], 'indirect_regs': [], 'direct_regs': ['<BV64 x0>'], 'mem': [], 'const_mem': []};{'regs': ['<BV64 x0>'], 'indirect_regs': [], 'direct_regs': ['<BV64 x0>'], 'mem': ['<BV64 x0 + 0x10>'], 'const_mem': []};63.0;0.0;64.0;64.0;[];;;;BaseControlType.NO_BASE;BaseControlType.NO_BASE;BaseControlType.NO_BASE;1;BranchControlType.BRANCH_DEPENDS_ON_SECRET_VALUE;BranchControlType.BRANCH_INDEPENDENT_FROM_SECRET;47640;True;False;True;True;True;False;False;True;True;False;False;False;True;False;True;True;True;False;True;False;[];['has_valid_base'];True;False;True;True;True;False;False;True;True;False;False;False;True;False;True;True;True;False;True;False;[];['has_valid_base']
852436b5-1ef8-4ae7-a984-93b388b5adad;wcslcpy@@LIBBSD_0.5;0xe1c0;0xe1e4;0x0;TransmitterType.STORE;10;0;False;['0xe1c0', '0xe1d0', '0xe1dc'];<BV64 x0>;64;[];[];['<BV64 x0>'];[];['<BV64 x0>'];[];[];0;18446744073709551615;18446744073709551615;1;;;True;0;18446744073709551615;18446744073709551615;1;;;True;ControlType.CONTROLLED;0;;0;[];[];[];[];[];[];[];0.0;0.0;0.0;0.0;;;False;0.0;0.0;0.0;0.0;;;False;ControlType.UNKNOWN;0;;0;[];[];[];[];[];[];[];0;0;0;;;;False;0.0;0.0;0.0;0.0;;;False;ControlType.UNKNOWN;0;<BV64 x0>;64;[];[];['<BV64 x0>'];[];['<BV64 x0>'];[];[];0.0;1.8446744073709552e+19;18446744073709551615;1;;;True;0.0;1.8446744073709552e+19;18446744073709551615;1;;;True;ControlType.CONTROLLED;0;<BV64 x0>;64;[];[];['<BV64 x0>'];[];['<BV64 x0>'];[];[];0.0;1.8446744073709552e+19;1.8446744073709552e+19;1.0;;;True;0.0;1.8446744073709552e+19;1.8446744073709552e+19;1.0;;;True;ControlType.CONTROLLED;0;<BV64 x0>;64;[];[];[];[];[];[];[];0;0;0;;;;False;0;0;0;;;;False;ControlType.UNKNOWN;0;[('0xe1cc', <Bool x2 != 0x0>, 'Taken'), ('0xe1d8', <Bool x2 != 0x1>, 'Taken')];{'regs': ['<BV64 x2>'], 'indirect_regs': [], 'direct_regs': ['<BV64 x2>'], 'mem': [], 'const_mem': []};[];{'regs': [], 'indirect_regs': [], 'direct_regs': [], 'mem': [], 'const_mem': []};{'regs': ['<BV64 x0>'], 'indirect_regs': [], 'direct_regs': ['<BV64 x0>'], 'mem': [], 'const_mem': []};{'regs': ['<BV64 x0>', '<BV64 x2>'], 'indirect_regs': [], 'direct_regs': ['<BV64 x0>', '<BV64 x2>'], 'mem': [], 'const_mem': []};63.0;0.0;64.0;64.0;[];;;;BaseControlType.NO_BASE;BaseControlType.NO_BASE;BaseControlType.NO_BASE;2;BranchControlType.BRANCH_INDEPENDENT_FROM_SECRET;BranchControlType.BRANCH_INDEPENDENT_FROM_SECRET;57828;True;False;True;True;True;False;False;True;True;False;False;False;True;False;True;False;True;False;True;False;[];['has_valid_base'];True;False;True;True;True;False;False;True;True;False;False;False;True;False;True;False;True;False;True;False;[];['has_valid_base']
c54e877e-0c43-4bb4-a62f-e9df1adb4f7b;sl_free@@LIBBSD_0.7;0xb980;0xb9a8;0x0;TransmitterType.LOAD;11;0;False;['0xb980', '0xb988', '0xb9a4', '0xb9a8'];<BV64 0x10 + x0>;64;[('0xb984', <Bool x0 != 0x0>, 'Taken')];[];['<BV64 x0>'];[];['<BV64 x0>'];[];[];0;18446744073709551615;18446744073709551615;1;;;True;17;15;18446744073709551614;1;;;True;ControlType.CONTROLLED;0;<BV64 0x10>;64;[];[];[];[];[];[];[];16.0;16.0;0.0;1.0;;;True;16.0;16.0;0.0;1.0;;;True;ControlType.NO_CONTROL;0;<BV64 0x10>;64;[];[];[];[];[];[];[];16;16;0;1.0;;;True;16.0;16.0;0.0;1.0;;;True;ControlType.NO_CONTROL;0;<BV64 x0>;64;[('0xb984', <Bool x0 != 0x0>, 'Taken')];[];['<BV64 x0>'];[];['<BV64 x0>'];[];[];0.0;1.8446744073709552e+19;18446744073709551615;1;;;True;1.0;1.8446744073709552e+19;18446744073709551614;1;;;True;ControlType.CONTROLLED;0;<BV64 x0>;64;[('0xb984', <Bool x0 != 0x0>, 'Taken')];[];['<BV64 x0>'];[];['<BV64 x0>'];[];[];0.0;1.8446744073709552e+19;1.8446744073709552e+19;1.0;;;True;1.0;1.8446744073709552e+19;1.8446744073709552e+19;1.0;;;True;ControlType.CONTROLLED;0;<BV64 x0>;64;[];[];[];[];[];[];[];0;0;0;;;;False;0;0;0;;;;False;ControlType.UNKNOWN;0;[('0xb984', <Bool x0 != 0x0>, 'Taken'), ('0xb9a0', <Bool LOAD_64[<BV64 x0>]_24 != 0x0>, 'Taken'), ('0xb9a4', <Bool x1[31:0] != 0x0>, 'Taken')];{'regs': ['<BV64 x0>', '<BV64 x1>'], 'indirect_regs': [], 'direct_regs': ['<BV64 x0>', '<BV64 x1>'], 'mem': ['<BV64 x0>'], 'const_mem': []};[];{'regs': [], 'indirect_regs': [], 'direct_regs': [], 'mem': [], 'const_mem': []};{'regs': ['<BV64 x0>'], 'indirect_regs': [], 'direct_regs': ['<BV64 x0>'], 'mem': [], 'const_mem': []};{'regs': ['<BV64 x0>', '<BV64 x1>'], 'indirect_regs': [], 'direct_regs': ['<BV64 x0>', '<BV64 x1>'], 'mem': ['<BV64 x0>'], 'const_mem': []};63.0;0.0;64.0;64.0;[];;;;BaseControlType.CONSTANT_BASE;BaseControlType.CONSTANT_BASE;BaseControlType.CONSTANT_BASE;3;BranchControlType.BRANCH_DEPENDS_ON_SECRET_VALUE;BranchControlType.BRANCH_INDEPENDENT_FROM_SECRET;47528;True;False;True;True;True;False;False;True;True;False;False;False;True;False;True;True;True;False;True;False;[];['has_valid_base'];True;False;True;True;True;False;False;True;True;False;False;False;True;False;True;True;True;False;True;False;[];['has_valid_base']
33f54a8f-aca5-4472-98c5-f0db80ab781d;sl_find@@LIBBSD_0.7;0xb9f0;0xba28;0xba18;TransmitterType.LOAD;13;1;False;['0xb9f0', '0xba0c', '0xba28'];<BV64 LOAD_64[<BV64 x0>]_28>;64;[];[];['<BV64 x0>'];"[""<BV64 x0>: ['0x0']""]";[];['<BV64 x0>'];[];0;18446744073709551615;18446744073709551615;1;;;True;0;18446744073709551615;18446744073709551615;1;;;True;ControlType.CONTROLLED;1;;0;[];[];[];[];[];[];[];0.0;0.0;0.0;0.0;;;False;0.0;0.0;0.0;0.0;;;False;ControlType.UNKNOWN;0;;0;[];[];[];[];[];[];[];0;0;0;;;;False;0.0;0.0;0.0;0.0;;;False;ControlType.UNKNOWN;0;<BV64 LOAD_64[<BV64 x0>]_28>;64;[];[];['<BV64 x0>'];"[""<BV64 x0>: ['0x0']""]";[];['<BV64 x0>'];[];0.0;1.8446744073709552e+19;18446744073709551615;1;;;True;0.0;1.8446744073709552e+19;18446744073709551615;1;;;True;ControlType.CONTROLLED;1;<BV64 x0>;64;[];[];['<BV64 x0>'];[];['<BV64 x0>'];[];[];0.0;1.8446744073709552e+19;1.8446744073709552e+19;1.0;;;True;0.0;1.8446744073709552e+19;1.8446744073709552e+19;1.0;;;True;ControlType.CONTROLLED;0;<BV64 LOAD_64[<BV64 x0>]_28>;64;[];[];[];[];[];[];[];0;0;0;;;;False;0;0;0;;;;False;ControlType.UNKNOWN;1;[('0xba08', <Bool LOAD_64[<BV64 x0 + 0x10>]_24 != 0x0>, 'Taken'), ('0xba1c', <Bool True>, 'Taken')];"{'regs': ['<BV64 x0>'], 'indirect_regs': [""<BV64 x0>: ['0x10']""], 'direct_regs': [], 'mem': ['<BV64 x0 + 0x10>'], 'const_mem': []}";[];{'regs': [], 'indirect_regs': [], 'direct_regs': [], 'mem': [], 'const_mem': []};{'regs': ['<BV64 x0>'], 'indirect_regs': [], 'direct_regs': ['<BV64 x0>'], 'mem': ['<BV64 x0>'], 'const_mem': []};{'regs': ['<BV64 x0>'], 'indirect_regs': [], 'direct_regs': ['<BV64 x0>'], 'mem': ['<BV64 x0 + 0x10>', '<BV64 x0>'], 'const_mem': []};63.0;0.0;64.0;64.0;[];;;;BaseControlType.NO_BASE;BaseControlType.NO_BASE;BaseControlType.NO_BASE;2;BranchControlType.BRANCH_DEPENDS_ON_SECRET_ADDRESS;BranchControlType.BRANCH_INDEPENDENT_FROM_SECRET;47656;True;False;True;True;True;False;False;True;True;False;False;False;True;False;True;True;True;False;True;False;[];['has_valid_base'];True;False;True;True;True;False;False;True;True;False;False;False;True;False;True;True;True;False;True;False;[];['has_valid_base']
ca91c57e-f44c-478e-9914-2373faf65388;wcslcat@@LIBBSD_0.5;0xe0f0;0xe178;0x0;TransmitterType.STORE;15;0;False;['0xe0f0', '0xe1b4', '0xe13c', '0xe140', '0xe178'];<BV64 x0>;64;[];[];['<BV64 x0>'];[];['<BV64 x0>'];[];[];0;18446744073709551615;18446744073709551615;1;;;True;0;18446744073709551615;18446744073709551615;1;;;True;ControlType.CONTROLLED;0;;0;[];[];[];[];[];[];[];0.0;0.0;0.0;0.0;;;False;0.0;0.0;0.0;0.0;;;False;ControlType.UNKNOWN;0;;0;[];[];[];[];[];[];[];0;0;0;;;;False;0.0;0.0;0.0;0.0;;;False;ControlType.UNKNOWN;0;<BV64 x0>;64;[];[];['<BV64 x0>'];[];['<BV64 x0>'];[];[];0.0;1.8446744073709552e+19;18446744073709551615;1;;;True;0.0;1.8446744073709552e+19;18446744073709551615;1;;;True;ControlType.CONTROLLED;0;<BV64 x0>;64;[];[];['<BV64 x0>'];[];['<BV64 x0>'];[];[];0.0;1.8446744073709552e+19;1.8446744073709552e+19;1.0;;;True;0.0;1.8446744073709552e+19;1.8446744073709552e+19;1.0;;;True;ControlType.CONTROLLED;0;<BV64 x0>;64;[];[];[];[];[];[];[];0;0;0;;;;False;0;0;0;;;;False;ControlType.UNKNOWN;0;[('0xe108', <Bool LOAD_32[<BV64 x0>]_23 == 0x0>, 'Taken'), ('0xe13c', <Bool x2 != 0x0>, 'Taken'), ('0xe148', <Bool LOAD_32[<BV64 x1>]_26 == 0x0>, 'Taken'), ('0xe1bc', <Bool True>, 'Taken')];"{'regs': ['<BV64 x0>', '<BV64 x1>', '<BV64 x2>'], 'indirect_regs': [""<BV64 x0>: ['0x0']"", ""<BV64 x1>: ['0x0']""], 'direct_regs': ['<BV64 x2>'], 'mem': ['<BV64 x0>', '<BV64 x1>'], 'const_mem': []}";[];{'regs': [], 'indirect_regs': [], 'direct_regs': [], 'mem': [], 'const_mem': []};{'regs': ['<BV64 x0>'], 'indirect_regs': [], 'direct_regs': ['<BV64 x0>'], 'mem': [], 'const_mem': []};"{'regs': ['<BV64 x0>', '<BV64 x1>', '<BV64 x2>'], 'indirect_regs': [""<BV64 x1>: ['0x0']""], 'direct_regs': ['<BV64 x0>', '<BV64 x2>'], 'mem': ['<BV64 x0>', '<BV64 x1>'], 'const_mem': []}";63.0;0.0;64.0;64.0;[];;;;BaseControlType.NO_BASE;BaseControlType.NO_BASE;BaseControlType.NO_BASE;4;BranchControlType.BRANCH_DEPENDS_ON_SECRET_VALUE;BranchControlType.BRANCH_INDEPENDENT_FROM_SECRET;57720;True;False;True;True;True;False;False;True;True;False;False;False;True;False;True;True;True;False;True;False;[];['has_valid_base'];True;False;True;True;True;False;False;True;True;False;False;False;True;False;True;True;True;False;True;False;[];['has_valid_base']
4eec26f5-e00c-461e-9b5b-804ba0604868;wcslcpy@@LIBBSD_0.5;0xe1c0;0xe1e4;0x0;TransmitterType.STORE;15;0;False;['0xe1c0', '0xe1d0', '0xe1dc', '0xe1d8', '0xe1dc'];<BV64 0x4 + x0>;64;[];[];['<BV64 x0>'];[];['<BV64 x0>'];[];[];0;18446744073709551615;18446744073709551615;1;;;True;0;18446744073709551615;18446744073709551615;1;;;True;ControlType.CONTROLLED;0;<BV64 0x4>;64;[];[];[];[];[];[];[];4.0;4.0;0.0;1.0;;;True;4.0;4.0;0.0;1.0;;;True;ControlType.NO_CONTROL;0;<BV64 0x4>;64;[];[];[];[];[];[];[];4;4;0;1.0;;;True;4.0;4.0;0.0;1.0;;;True;ControlType.NO_CONTROL;0;<BV64 x0>;64;[];[];['<BV64 x0>'];[];['<BV64 x0>'];[];[];0.0;1.8446744073709552e+19;18446744073709551615;1;;;True;0.0;1.8446744073709552e+19;18446744073709551615;1;;;True;ControlType.CONTROLLED;0;<BV64 x0>;64;[];[];['<BV64 x0>'];[];['<BV64 x0>'];[];[];0.0;1.8446744073709552e+19;1.8446744073709552e+19;1.0;;;True;0.0;1.8446744073709552e+19;1.8446744073709552e+19;1.0;;;True;ControlType.CONTROLLED;0;<BV64 x0>;64;[];[];[];[];[];[];[];0;0;0;;;;False;0;0;0;;;;False;ControlType.UNKNOWN;0;[('0xe1cc', <Bool x2 != 0x0>, 'Taken'), ('0xe1d8', <Bool x2 != 0x1>, 'Taken'), ('0xe1d8', <Bool 0xffffffffffffffff + x2 != 0x1>, 'Taken'), ('0xe1e8', <Bool LOAD_32[<BV64 x1>]_22 != 0x0>, 'Taken')];"{'regs': ['<BV64 x1>', '<BV64 x2>'], 'indirect_regs': [""<BV64 x1>: ['0x0']""], 'direct_regs': ['<BV64 x2>'], 'mem': ['<BV64 x1>'], 'const_mem': []}";[];{'regs': [], 'indirect_regs': [], 'direct_regs': [], 'mem': [], 'const_mem': []};{'regs': ['<BV64 x0>'], 'indirect_regs': [], 'direct_regs': ['<BV64 x0>'], 'mem': [], 'const_mem': []};"{'regs': ['<BV64 x0>', '<BV64 x1>', '<BV64 x2>'], 'indirect_regs': [""<BV64 x1>: ['0x0']""], 'direct_regs': ['<BV64 x0>', '<BV64 x2>'], 'mem': ['<BV64 x1>'], 'const_mem': []}";63.0;0.0;64.0;64.0;[];;;;BaseControlType.CONSTANT_BASE;BaseControlType.CONSTANT_BASE;BaseControlType.CONSTANT_BASE;4;BranchControlType.BRANCH_INDEPENDENT_FROM_SECRET;BranchControlType.BRANCH_INDEPENDENT_FROM_SECRET;57828;True;False;True;True;True;False;False;True;True;False;False;False;True;False;True;False;True;False;True;False;[];['has_valid_base'];True;False;True;True;True;False;False;True;True;False;False;False;True;False;True;False;True;False;True;False;[];['has_valid_base']
31a1861a-025c-42b1-ae51-aac7c4439e54;sl_free@@LIBBSD_0.7;0xb980;0xb9b8;0xb99c;TransmitterType.LOAD;15;1;False;['0xb980', '0xb988', '0xb9a4', '0xb9a8', '0xb9b0'];<BV64 LOAD_64[<BV64 x0>]_24>;64;[('0xb9a0', <Bool LOAD_64[<BV64 x0>]_24 != 0x0>, 'Taken')];[];['<BV64 x0>'];"[""<BV64 x0>: ['0x0']""]";[];['<BV64 x0>'];[];0;18446744073709551615;18446744073709551615;1;;;True;1;18446744073709551615;18446744073709551614;1;;;True;ControlType.CONTROLLED;1;;0;[];[];[];[];[];[];[];0.0;0.0;0.0;0.0;;;False;0.0;0.0;0.0;0.0;;;False;ControlType.UNKNOWN;0;;0;[];[];[];[];[];[];[];0;0;0;;;;False;0.0;0.0;0.0;0.0;;;False;ControlType.UNKNOWN;0;<BV64 LOAD_64[<BV64 x0>]_24>;64;[('0xb9a0', <Bool LOAD_64[<BV64 x0>]_24 != 0x0>, 'Taken')];[];['<BV64 x0>'];"[""<BV64 x0>: ['0x0']""]";[];['<BV64 x0>'];[];0.0;1.8446744073709552e+19;18446744073709551615;1;;;True;1.0;1.8446744073709552e+19;18446744073709551614;1;;;True;ControlType.CONTROLLED;1;<BV64 x0>;64;[('0xb984', <Bool x0 != 0x0>, 'Taken')];[];['<BV64 x0>'];[];['<BV64 x0>'];[];[];0.0;1.8446744073709552e+19;1.8446744073709552e+19;1.0;;;True;1.0;1.8446744073709552e+19;1.8446744073709552e+19;1.0;;;True;ControlType.CONTROLLED;0;<BV64 LOAD_64[<BV64 x0>]_24>;64;[];[];[];[];[];[];[];0;0;0;;;;False;0;0;0;;;;False;ControlType.UNKNOWN;1;[('0xb984', <Bool x0 != 0x0>, 'Taken'), ('0xb9a0', <Bool LOAD_64[<BV64 x0>]_24 != 0x0>, 'Taken'), ('0xb9a4', <Bool x1[31:0] != 0x0>, 'Taken'), ('0xb9ac', <Bool LOAD_64[<BV64 x0 + 0x10>]_25 != 0x0>, 'Taken')];{'regs': ['<BV64 x0>', '<BV64 x1>'], 'indirect_regs': [], 'direct_regs': ['<BV64 x0>', '<BV64 x1>'], 'mem': ['<BV64 x0 + 0x10>', '<BV64 x0>'], 'const_mem': []};[];{'regs': [], 'indirect_regs': [], 'direct_regs': [], 'mem': [], 'const_mem': []};{'regs': ['<BV64 x0>'], 'indirect_regs': [], 'direct_regs': ['<BV64 x0>'], 'mem': ['<BV64 x0>'], 'const_mem': []};{'regs': ['<BV64 x0>', '<BV64 x1>'], 'indirect_regs': [], 'direct_regs': ['<BV64 x0>', '<BV64 x1>'], 'mem': ['<BV64 x0 + 0x10>', '<BV64 x0>'], 'const_mem': []};63.0;0.0;64.0;64.0;[];;;;BaseControlType.NO_BASE;BaseControlType.NO_BASE;BaseControlType.NO_BASE;4;BranchControlType.BRANCH_DEPENDS_ON_SECRET_VALUE;BranchControlType.BRANCH_INDEPENDENT_FROM_SECRET;47544;True;False;True;True;True;False;False;True;True;False;False;False;True;False;True;True;True;False;True;False;[];['has_valid_base'];True;False;True;True;True;False;False;True;True;False;False;False;True;False;True;True;True;False;True;False;[];['has_valid_base']
780b6eb8-0a0d-4cb8-9791-6d1d1e9552a7;wcslcpy@@LIBBSD_0.5;0xe1c0;0xe228;0x0;TransmitterType.STORE;13;0;False;['0xe1c0', '0xe1d0', '0xe1dc', '0xe1d8', '0xe228'];<BV64 0x4 + x0>;64;[];[];['<BV64 x0>'];[];['<BV64 x0>'];[];[];0;18446744073709551615;18446744073709551615;1;;;True;0;18446744073709551615;18446744073709551615;1;;;True;ControlType.CONTROLLED;0;<BV64 0x4>;64;[];[];[];[];[];[];[];4.0;4.0;0.0;1.0;;;True;4.0;4.0;0.0;1.0;;;True;ControlType.NO_CONTROL;0;<BV64 0x4>;64;[];[];[];[];[];[];[];4;4;0;1.0;;;True;4.0;4.0;0.0;1.0;;;True;ControlType.NO_CONTROL;0;<BV64 x0>;64;[];[];['<BV64 x0>'];[];['<BV64 x0>'];[];[];0.0;1.8446744073709552e+19;18446744073709551615;1;;;True;0.0;1.8446744073709552e+19;18446744073709551615;1;;;True;ControlType.CONTROLLED;0;<BV64 x0>;64;[];[];['<BV64 x0>'];[];['<BV64 x0>'];[];[];0.0;1.8446744073709552e+19;1.8446744073709552e+19;1.0;;;True;0.0;1.8446744073709552e+19;1.8446744073709552e+19;1.0;;;True;ControlType.CONTROLLED;0;<BV64 x0>;64;[];[];[];[];[];[];[];0;0;0;;;;False;0;0;0;;;;False;ControlType.UNKNOWN;0;[('0xe1cc', <Bool x2 != 0x0>, 'Taken'), ('0xe1d8', <Bool x2 != 0x1>, 'Taken'), ('0xe1d8', <Bool 0xffffffffffffffff + x2 == 0x1>, 'Taken'), ('0xe1e8', <Bool LOAD_32[<BV64 x1>]_22 != 0x0>, 'Taken')];"{'regs': ['<BV64 x1>', '<BV64 x2>'], 'indirect_regs': [""<BV64 x1>: ['0x0']""], 'direct_regs': ['<BV64 x2>'], 'mem': ['<BV64 x1>'], 'const_mem': []}";[];{'regs': [], 'indirect_regs': [], 'direct_regs': [], 'mem': [], 'const_mem': []};{'regs': ['<BV64 x0>'], 'indirect_regs': [], 'direct_regs': ['<BV64 x0>'], 'mem': [], 'const_mem': []};"{'regs': ['<BV64 x0>', '<BV64 x1>', '<BV64 x2>'], 'indirect_regs': [""<BV64 x1>: ['0x0']""], 'direct_regs': ['<BV64 x0>', '<BV64 x2>'], 'mem': ['<BV64 x1>'], 'const_mem': []}";63.0;0.0;64.0;64.0;[];;;;BaseControlType.CONSTANT_BASE;BaseControlType.CONSTANT_BASE;BaseControlType.CONSTANT_BASE;4;BranchControlType.BRANCH_INDEPENDENT_FROM_SECRET;BranchControlType.BRANCH_INDEPENDENT_FROM_SECRET;57896;True;False;True;True;True;False;False;True;True;False;False;False;True;False;True;False;True;False;True;False;[];['has_valid_base'];True;False;True;True;True;False;False;True;True;False;False;False;True;False;True;False;True;False;True;False;[];['has_valid_base']
4fd54b2d-3319-40a4-8985-82e35c9874f2;wcslcpy@@LIBBSD_0.5;0xe1c0;0xe228;0x0;TransmitterType.STORE;8;0;False;['0xe1c0', '0xe1d0', '0xe228'];<BV64 x0>;64;[];[];['<BV64 x0>'];[];['<BV64 x0>'];[];[];0;18446744073709551615;18446744073709551615;1;;;True;0;18446744073709551615;18446744073709551615;1;;;True;ControlType.CONTROLLED;0;;0;[];[];[];[];[];[];[];0.0;0.0;0.0;0.0;;;False;0.0;0.0;0.0;0.0;;;False;ControlType.UNKNOWN;0;;0;[];[];[];[];[];[];[];0;0;0;;;;False;0.0;0.0;0.0;0.0;;;False;ControlType.UNKNOWN;0;<BV64 x0>;64;[];[];['<BV64 x0>'];[];['<BV64 x0>'];[];[];0.0;1.8446744073709552e+19;18446744073709551615;1;;;True;0.0;1.8446744073709552e+19;18446744073709551615;1;;;True;ControlType.CONTROLLED;0;<BV64 x0>;64;[];[];['<BV64 x0>'];[];['<BV64 x0>'];[];[];0.0;1.8446744073709552e+19;1.8446744073709552e+19;1.0;;;True;0.0;1.8446744073709552e+19;1.8446744073709552e+19;1.0;;;True;ControlType.CONTROLLED;0;<BV64 x0>;64;[];[];[];[];[];[];[];0;0;0;;;;False;0;0;0;;;;False;ControlType.UNKNOWN;0;[('0xe1cc', <Bool x2 != 0x0>, 'Taken'), ('0xe1d8', <Bool x2 == 0x1>, 'Taken')];{'regs': ['<BV64 x2>'], 'indirect_regs': [], 'direct_regs': ['<BV64 x2>'], 'mem': [], 'const_mem': []};[];{'regs': [], 'indirect_regs': [], 'direct_regs': [], 'mem': [], 'const_mem': []};{'regs': ['<BV64 x0>'], 'indirect_regs': [], 'direct_regs': ['<BV64 x0>'], 'mem': [], 'const_mem': []};{'regs': ['<BV64 x0>', '<BV64 x2>'], 'indirect_regs': [], 'direct_regs': ['<BV64 x0>', '<BV64 x2>'], 'mem': [], 'const_mem': []};63.0;0.0;64.0;64.0;[];;;;BaseControlType.NO_BASE;BaseControlType.NO_BASE;BaseControlType.NO_BASE;2;BranchControlType.BRANCH_INDEPENDENT_FROM_SECRET;BranchControlType.BRANCH_INDEPENDENT_FROM_SECRET;57896;True;False;True;True;True;False;False;True;True;False;False;False;True;False;True;False;True;False;True;False;[];['has_valid_base'];True;False;True;True;True;False;False;True;True;False;False;False;True;False;True;False;True;False;True;False;[];['has_valid_base']
cc81dc0c-f5b5-4a50-a1d7-e44317625193;group_from_gid@@LIBBSD_0.11.0;0xbd80;0xbdf0;0xbde8;TransmitterType.LOAD;29;1;False;['0xbd80', '0xbdd0', '0xbdf0'];<BV64 LOAD_64[<BV64 LOAD_64[<BV64 0x31018>]_29 + ((0#32 .. x0[31:0] - 0xfb * (((0#32 .. x0[31:0]) * 0x828cbfbf << 0x19[31:0] | LShR((0#32 .. x0[31:0]) * 0x828cbfbf, 0x27)[31:0]) & 0x1ffffff)) << 0x3)>]_33>;64;[('0xbdec', <Bool LOAD_64[<BV64 LOAD_64[<BV64 0x31018>]_29 + ((0#32 .. x0[31:0] - 0xfb * (((0#32 .. x0[31:0]) * 0x828cbfbf << 0x19[31:0] | LShR((0#32 .. x0[31:0]) * 0x828cbfbf, 0x27)[31:0]) & 0x1ffffff)) << 0x3)>]_33 != 0x0>, 'Taken')];[];['<BV64 x0>'];['<BV64 x0>: []'];[];['<BV64 LOAD_64[<BV64 0x31018>]_29 + ((0#32 .. x0[31:0] - 0xfb * (((0#32 .. x0[31:0]) * 0x828cbfbf << 0x19[31:0] | LShR((0#32 .. x0[31:0]) * 0x828cbfbf, 0x27)[31:0]) & 0x1ffffff)) << 0x3)>'];['<BV64 0x31018>'];0;18446744073709551615;18446744073709551615;1;;;True;1;18446744073709551615;18446744073709551614;1;;;True;ControlType.REQUIRES_MEM_LEAK;1;;0;[];[];[];[];[];[];[];0.0;0.0;0.0;0.0;;;False;0.0;0.0;0.0;0.0;;;False;ControlType.UNKNOWN;0;;0;[];[];[];[];[];[];[];0;0;0;;;;False;0.0;0.0;0.0;0.0;;;False;ControlType.UNKNOWN;0;<BV64 LOAD_64[<BV64 LOAD_64[<BV64 0x31018>]_29 + ((0#32 .. x0[31:0] - 0xfb * (((0#32 .. x0[31:0]) * 0x828cbfbf << 0x19[31:0] | LShR((0#32 .. x0[31:0]) * 0x828cbfbf, 0x27)[31:0]) & 0x1ffffff)) << 0x3)>]_33>;64;[('0xbdec', <Bool LOAD_64[<BV64 LOAD_64[<BV64 0x31018>]_29 + ((0#32 .. x0[31:0] - 0xfb * (((0#32 .. x0[31:0]) * 0x828cbfbf << 0x19[31:0] | LShR((0#32 .. x0[31:0]) * 0x828cbfbf, 0x27)[31:0]) & 0x1ffffff)) << 0x3)>]_33 != 0x0>, 'Taken')];[];['<BV64 x0>'];['<BV64 x0>: []'];[];['<BV64 LOAD_64[<BV64 0x31018>]_29 + ((0#32 .. x0[31:0] - 0xfb * (((0#32 .. x0[31:0]) * 0x828cbfbf << 0x19[31:0] | LShR((0#32 .. x0[31:0]) * 0x828cbfbf, 0x27)[31:0]) & 0x1ffffff)) << 0x3)>'];['<BV64 0x31018>'];0.0;1.8446744073709552e+19;18446744073709551615;1;;;True;1.0;1.8446744073709552e+19;18446744073709551614;1;;;True;ControlType.CONTROLLED;1;<BV64 LOAD_64[<BV64 0x31018>]_29 + ((0#32 .. x0[31:0] - 0xfb * (((0#32 .. x0[31:0]) * 0x828cbfbf << 0x19[31:0] | LShR((0#32 .. x0[31:0]) * 0x828cbfbf, 0x27)[31:0]) & 0x1ffffff)) << 0x3)>;64;[('0xbdcc', <Bool LOAD_64[<BV64 0x31018>]_29 != 0x0>, 'Taken')];[];['<BV64 x0>'];[];['<BV64 x0>'];[];['<BV64 0x31018>'];0.0;1.8446744073709552e+19;1.8446744073709552e+19;1.0;;;True;0.0;1.8446744073709552e+19;1.8446744073709552e+19;1.0;;;False;ControlType.REQUIRES_MEM_LEAK;0;<BV64 LOAD_64[<BV64 LOAD_64[<BV64 0x31018>]_29 + ((0#32 .. x0[31:0] - 0xfb * (((0#32 .. x0[31:0]) * 0x828cbfbf << 0x19[31:0] | LShR((0#32 .. x0[31:0]) * 0x828cbfbf, 0x27)[31:0]) & 0x1ffffff)) << 0x3)>]_33>;64;[];[];[];[];[];[];[];0;0;0;;;;False;0;0;0;;;;False;ControlType.UNKNOWN;1;[('0xbdcc', <Bool LOAD_64[<BV64 0x31018>]_29 != 0x0>, 'Taken'), ('0xbdec', <Bool LOAD_64[<BV64 LOAD_64[<BV64 0x31018>]_29 + ((0#32 .. x0[31:0] - 0xfb * (((0#32 .. x0[31:0]) * 0x828cbfbf << 0x19[31:0] | LShR((0#32 .. x0[31:0]) * 0x828cbfbf, 0x27)[31:0]) & 0x1ffffff)) << 0x3)>]_33 != 0x0>, 'Taken')];{'regs': ['<BV64 x0>'], 'indirect_regs': ['<BV64 x0>: []'], 'direct_regs': [], 'mem': ['<BV64 LOAD_64[<BV64 0x31018>]_29 + ((0#32 .. x0[31:0] - 0xfb * (((0#32 .. x0[31:0]) * 0x828cbfbf << 0x19[31:0] | LShR((0#32 .. x0[31:0]) * 0x828cbfbf, 0x27)[31:0]) & 0x1ffffff)) << 0x3)>'], 'const_mem': ['<BV64 0x31018>']};[];{'regs': [], 'indirect_regs': [], 'direct_regs': [], 'mem': [], 'const_mem': []};{'regs': ['<BV64 x0>'], 'indirect_regs': [], 'direct_regs': ['<BV64 x0>'], 'mem': ['<BV64 LOAD_64[<BV64 0x31018>]_29 + ((0#32 .. x0[31:0] - 0xfb * (((0#32 .. x0[31:0]) * 0x828cbfbf << 0x19[31:0] | LShR((0#32 .. x0[31:0]) * 0x828cbfbf, 0x27)[31:0]) & 0x1ffffff)) << 0x3)>'], 'const_mem': ['<BV64 0x31018>']};{'regs': ['<BV64 x0>'], 'indirect_regs': [], 'direct_regs': ['<BV64 x0>'], 'mem': ['<BV64 LOAD_64[<BV64 0x31018>]_29 + ((0#32 .. x0[31:0] - 0xfb * (((0#32 .. x0[31:0]) * 0x828cbfbf << 0x19[31:0] | LShR((0#32 .. x0[31:0]) * 0x828cbfbf, 0x27)[31:0]) & 0x1ffffff)) << 0x3)>'], 'const_mem': ['<BV64 0x31018>']};63.0;0.0;64.0;64.0;[];;;;BaseControlType.NO_BASE;BaseControlType.NO_BASE;BaseControlType.NO_BASE;2;BranchControlType.BRANCH_DEPENDS_ON_UNCONTROLLED;BranchControlType.BRANCH_INDEPENDENT_FROM_SECRET;48624;True;False;False;True;True;False;False;True;False;False;False;False;True;False;True;False;True;True;True;False;[];['has_valid_base', 'has_valid_secret_address', 'secret_entropy_high'];True;False;False;True;True;False;False;True;False;False;False;False;True;False;True;False;True;True;True;False;[];['has_valid_base', 'has_valid_secret_address', 'secret_entropy_high']
628df5e0-6ee5-430c-b866-72e27db36077;group_from_gid@@LIBBSD_0.11.0;0xbd80;0xbdfc;0xbde8;TransmitterType.LOAD;32;1;False;['0xbd80', '0xbdd0', '0xbdf0', '0xbdfc'];<BV64 0x24 + LOAD_64[<BV64 LOAD_64[<BV64 0x31018>]_29 + ((0#32 .. x0[31:0] - 0xfb * (((0#32 .. x0[31:0]) * 0x828cbfbf << 0x19[31:0] | LShR((0#32 .. x0[31:0]) * 0x828cbfbf, 0x27)[31:0]) & 0x1ffffff)) << 0x3)>]_33>;64;[('0xbdec', <Bool LOAD_64[<BV64 LOAD_64[<BV64 0x31018>]_29 + ((0#32 .. x0[31:0] - 0xfb * (((0#32 .. x0[31:0]) * 0x828cbfbf << 0x19[31:0] | LShR((0#32 .. x0[31:0]) * 0x828cbfbf, 0x27)[31:0]) & 0x1ffffff)) << 0x3)>]_33 != 0x0>, 'Taken')];[];['<BV64 x0>'];['<BV64 x0>: []'];[];['<BV64 LOAD_64[<BV64 0x31018>]_29 + ((0#32 .. x0[31:0] - 0xfb * (((0#32 .. x0[31:0]) * 0x828cbfbf << 0x19[31:0] | LShR((0#32 .. x0[31:0]) * 0x828cbfbf, 0x27)[31:0]) & 0x1ffffff)) << 0x3)>'];['<BV64 0x31018>'];0;18446744073709551615;18446744073709551615;1;;;True;37;35;18446744073709551614;1;;;True;ControlType.REQUIRES_MEM_LEAK;1;<BV64 0x24>;64;[];[];[];[];[];[];[];36.0;36.0;0.0;1.0;;;True;36.0;36.0;0.0;1.0;;;True;ControlType.NO_CONTROL;0;<BV64 0x24>;64;[];[];[];[];[];[];[];36;36;0;1.0;;;True;36.0;36.0;0.0;1.0;;;True;ControlType.NO_CONTROL;0;<BV64 LOAD_64[<BV64 LOAD_64[<BV64 0x31018>]_29 + ((0#32 .. x0[31:0] - 0xfb * (((0#32 .. x0[31:0]) * 0x828cbfbf << 0x19[31:0] | LShR((0#32 .. x0[31:0]) * 0x828cbfbf, 0x27)[31:0]) & 0x1ffffff)) << 0x3)>]_33>;64;[('0xbdec', <Bool LOAD_64[<BV64 LOAD_64[<BV64 0x31018>]_29 + ((0#32 .. x0[31:0] - 0xfb * (((0#32 .. x0[31:0]) * 0x828cbfbf << 0x19[31:0] | LShR((0#32 .. x0[31:0]) * 0x828cbfbf, 0x27)[31:0]) & 0x1ffffff)) << 0x3)>]_33 != 0x0>, 'Taken')];[];['<BV64 x0>'];['<BV64 x0>: []'];[];['<BV64 LOAD_64[<BV64 0x31018>]_29 + ((0#32 .. x0[31:0] - 0xfb * (((0#32 .. x0[31:0]) * 0x828cbfbf << 0x19[31:0] | LShR((0#32 .. x0[31:0]) * 0x828cbfbf, 0x27)[31:0]) & 0x1ffffff)) << 0x3)>'];['<BV64 0x31018>'];0.0;1.8446744073709552e+19;18446744073709551615;1;;;True;1.0;1.8446744073709552e+19;18446744073709551614;1;;;True;ControlType.CONTROLLED;1;<BV64 LOAD_64[<BV64 0x31018>]_29 + ((0#32 .. x0[31:0] - 0xfb * (((0#32 .. x0[31:0]) * 0x828cbfbf << 0x19[31:0] | LShR((0#32 .. x0[31:0]) * 0x828cbfbf, 0x27)[31:0]) & 0x1ffffff)) << 0x3)>;64;[('0xbdcc', <Bool LOAD_64[<BV64 0x31018>]_29 != 0x0>, 'Taken')];[];['<BV64 x0>'];[];['<BV64 x0>'];[];['<BV64 0x31018>'];0.0;1.8446744073709552e+19;1.8446744073709552e+19;1.0;;;True;0.0;1.8446744073709552e+19;1.8446744073709552e+19;1.0;;;False;ControlType.REQUIRES_MEM_LEAK;0;<BV64 LOAD_64[<BV64 LOAD_64[<BV64 0x31018>]_29 + ((0#32 .. x0[31:0] - 0xfb * (((0#32 .. x0[31:0]) * 0x828cbfbf << 0x19[31:0] | LShR((0#32 .. x0[31:0]) * 0x828cbfbf, 0x27)[31:0]) & 0x1ffffff)) << 0x3)>]_33>;64;[];[];[];[];[];[];[];0;0;0;;;;False;0;0;0;;;;False;ControlType.UNKNOWN;1;[('0xbdcc', <Bool LOAD_64[<BV64 0x31018>]_29 != 0x0>, 'Taken'), ('0xbdec', <Bool LOAD_64[<BV64 LOAD_64[<BV64 0x31018>]_29 + ((0#32 .. x0[31:0] - 0xfb * (((0#32 .. x0[31:0]) * 0x828cbfbf << 0x19[31:0] | LShR((0#32 .. x0[31:0]) * 0x828cbfbf, 0x27)[31:0]) & 0x1ffffff)) << 0x3)>]_33 != 0x0>, 'Taken'), ('0xbdf8', <Bool LOAD_32[<BV64 LOAD_64[<BV64 LOAD_64[<BV64 0x31018>]_29 + ((0#32 .. x0[31:0] - 0xfb * (((0#32 .. x0[31:0]) * 0x828cbfbf << 0x19[31:0] | LShR((0#32 .. x0[31:0]) * 0x828cbfbf, 0x27)[31:0]) & 0x1ffffff)) << 0x3)>]_33>]_34 >s 0x0>, 'Taken')];{'regs': ['<BV64 x0>'], 'indirect_regs': ['<BV64 x0>: []'], 'direct_regs': [], 'mem': ['<BV64 LOAD_64[<BV64 0x31018>]_29 + ((0#32 .. x0[31:0] - 0xfb * (((0#32 .. x0[31:0]) * 0x828cbfbf << 0x19[31:0] | LShR((0#32 .. x0[31:0]) * 0x828cbfbf, 0x27)[31:0]) & 0x1ffffff)) << 0x3)>', '<BV64 LOAD_64[<BV64 LOAD_64[<BV64 0x31018>]_29 + ((0#32 .. x0[31:0] - 0xfb * (((0#32 .. x0[31:0]) * 0x828cbfbf << 0x19[31:0] | LShR((0#32 .. x0[31:0]) * 0x828cbfbf, 0x27)[31:0]) & 0x1ffffff)) << 0x3)>]_33>'], 'const_mem': ['<BV64 0x31018>']};[];{'regs': [], 'indirect_regs': [], 'direct_regs': [], 'mem': [], 'const_mem': []};{'regs': ['<BV64 x0>'], 'indirect_regs': [], 'direct_regs': ['<BV64 x0>'], 'mem': ['<BV64 LOAD_64[<BV64 0x31018>]_29 + ((0#32 .. x0[31:0] - 0xfb * (((0#32 .. x0[31:0]) * 0x828cbfbf << 0x19[31:0] | LShR((0#32 .. x0[31:0]) * 0x828cbfbf, 0x27)[31:0]) & 0x1ffffff)) << 0x3)>'], 'const_mem': ['<BV64 0x31018>']};{'regs': ['<BV64 x0>'], 'indirect_regs': [], 'direct_regs': ['<BV64 x0>'], 'mem': ['<BV64 LOAD_64[<BV64 0x31018>]_29 + ((0#32 .. x0[31:0] - 0xfb * (((0#32 .. x0[31:0]) * 0x828cbfbf << 0x19[31:0] | LShR((0#32 .. x0[31:0]) * 0x828cbfbf, 0x27)[31:0]) & 0x1ffffff)) << 0x3)>', '<BV64 LOAD_64[<BV64 LOAD_64[<BV64 0x31018>]_29 + ((0#32 .. x0[31:0] - 0xfb * (((0#32 .. x0[31:0]) * 0x828cbfbf << 0x19[31:0] | LShR((0#32 .. x0[31:0]) * 0x828cbfbf, 0x27)[31:0]) & 0x1ffffff)) << 0x3)>]_33>'], 'const_mem': ['<BV64 0x31018>']};63.0;0.0;64.0;64.0;[];;;;BaseControlType.CONSTANT_BASE;BaseControlType.CONSTANT_BASE;BaseControlType.CONSTANT_BASE;3;BranchControlType.BRANCH_DEPENDS_ON_UNCONTROLLED;BranchControlType.BRANCH_INDEPENDENT_FROM_SECRET;48636;True;False;False;True;True;False;False;True;False;False;False;False;True;False;True;False;True;True;True;False;[];['has_valid_base', 'has_valid_secret_address', 'secret_entropy_high'];True;False;False;True;True;False;False;True;False;False;False;False;True;False;True;False;True;True;True;False;[];['has_valid_base', 'has_valid_secret_address', 'secret_entropy_high']
