uuid;name;address;pc;secret_load_pc;transmitter;n_instr;n_dependent_loads;contains_spec_stop;bbls;transmission_expr;transmission_size;transmission_branches;transmission_constraints;transmission_requirements_regs;transmission_requirements_indirect_regs;transmission_requirements_direct_regs;transmission_requirements_mem;transmission_requirements_const_mem;transmission_range_min;transmission_range_max;transmission_range_window;transmission_range_stride;transmission_range_and_mask;transmission_range_or_mask;transmission_range_exact;transmission_range_w_branches_min;transmission_range_w_branches_max;transmission_range_w_branches_window;transmission_range_w_branches_stride;transmission_range_w_branches_and_mask;transmission_range_w_branches_or_mask;transmission_range_w_branches_exact;transmission_control;transmission_n_dependent_loads;base_expr;base_size;base_branches;base_constraints;base_requirements_regs;base_requirements_indirect_regs;base_requirements_direct_regs;base_requirements_mem;base_requirements_const_mem;base_range_min;base_range_max;base_range_window;base_range_stride;base_range_and_mask;base_range_or_mask;base_range_exact;base_range_w_branches_min;base_range_w_branches_max;base_range_w_branches_window;base_range_w_branches_stride;base_range_w_branches_and_mask;base_range_w_branches_or_mask;base_range_w_branches_exact;base_control;base_n_dependent_loads;independent_base_expr;independent_base_size;independent_base_branches;independent_base_constraints;independent_base_requirements_regs;independent_base_requirements_indirect_regs;independent_base_requirements_direct_regs;independent_base_requirements_mem;independent_base_requirements_const_mem;independent_base_range_min;independent_base_range_max;independent_base_range_window;independent_base_range_stride;independent_base_range_and_mask;independent_base_range_or_mask;independent_base_range_exact;independent_base_range_w_branches_min;independent_base_range_w_branches_max;independent_base_range_w_branches_window;independent_base_range_w_branches_stride;independent_base_range_w_branches_and_mask;independent_base_range_w_branches_or_mask;independent_base_range_w_branches_exact;independent_base_control;independent_base_n_dependent_loads;transmitted_secret_expr;transmitted_secret_size;transmitted_secret_branches;transmitted_secret_constraints;transmitted_secret_requirements_regs;transmitted_secret_requirements_indirect_regs;transmitted_secret_requirements_direct_regs;transmitted_secret_requirements_mem;transmitted_secret_requirements_const_mem;transmitted_secret_range_min;transmitted_secret_range_max;transmitted_secret_range_window;transmitted_secret_range_stride;transmitted_secret_range_and_mask;transmitted_secret_range_or_mask;transmitted_secret_range_exact;transmitted_secret_range_w_branches_min;transmitted_secret_range_w_branches_max;transmitted_secret_range_w_branches_window;transmitted_secret_range_w_branches_stride;transmitted_secret_range_w_branches_and_mask;transmitted_secret_range_w_branches_or_mask;transmitted_secret_range_w_branches_exact;transmitted_secret_control;transmitted_secret_n_dependent_loads;secret_address_expr;secret_address_size;secret_address_branches;secret_address_constraints;secret_address_requirements_regs;secret_address_requirements_indirect_regs;secret_address_requirements_direct_regs;secret_address_requirements_mem;secret_address_requirements_const_mem;secret_address_range_min;secret_address_range_max;secret_address_range_window;secret_address_range_stride;secret_address_range_and_mask;secret_address_range_or_mask;secret_address_range_exact;secret_address_range_w_branches_min;secret_address_range_w_branches_max;secret_address_range_w_branches_window;secret_address_range_w_branches_stride;secret_address_range_w_branches_and_mask;secret_address_range_w_branches_or_mask;secret_address_range_w_branches_exact;secret_address_control;secret_address_n_dependent_loads;secret_val_expr;secret_val_size;secret_val_branches;secret_val_constraints;secret_val_requirements_regs;secret_val_requirements_indirect_regs;secret_val_requirements_direct_regs;secret_val_requirements_mem;secret_val_requirements_const_mem;secret_val_range_min;secret_val_range_max;secret_val_range_window;secret_val_range_stride;secret_val_range_and_mask;secret_val_range_or_mask;secret_val_range_exact;secret_val_range_w_branches_min;secret_val_range_w_branches_max;secret_val_range_w_branches_window;secret_val_range_w_branches_stride;secret_val_range_w_branches_and_mask;secret_val_range_w_branches_or_mask;secret_val_range_w_branches_exact;secret_val_control;secret_val_n_dependent_loads;branches;branch_requirements;constraints;constraint_requirements;all_requirements;all_requirements_w_branches;inferable_bits_spread_high;inferable_bits_spread_low;inferable_bits_spread_total;inferable_bits_n_inferable_bits;aliases;deps;direct_dependent_base_expr;indirect_dependent_base_expr;base_control_type;base_control_w_constraints;base_control_w_branches_and_constraints;n_branches;branch_control_type;cmove_control_type;pc_as_int;is_secret_inferable;has_valid_base;has_valid_secret_address;is_cmove_independent_from_secret;has_no_speculation_stop;is_secret_below_cache_granularity;can_perform_sliding;is_secret_entropy_high;can_perform_known_prefix;is_max_secret_too_high;can_adjust_base;base_has_indirect_secret_dependency;leak_secret_near_valid_base;base_has_direct_secret_dependency;can_ignore_direct_dependency;is_branch_dependent_from_secret;perform_training;is_branch_dependent_from_uncontrolled;perform_out_of_place_training;exploitable;required_solutions;fail_reasons;is_secret_inferable_w_branches;has_valid_base_w_branches;has_valid_secret_address_w_branches;is_cmove_independent_from_secret_w_branches;has_no_speculation_stop_w_branches;is_secret_below_cache_granularity_w_branches;can_perform_sliding_w_branches;is_secret_entropy_high_w_branches;can_perform_known_prefix_w_branches;is_max_secret_too_high_w_branches;can_adjust_base_w_branches;base_has_indirect_secret_dependency_w_branches;leak_secret_near_valid_base_w_branches;base_has_direct_secret_dependency_w_branches;can_ignore_direct_dependency_w_branches;is_branch_dependent_from_secret_w_branches;perform_training_w_branches;is_branch_dependent_from_uncontrolled_w_branches;perform_out_of_place_training_w_branches;exploitable_w_branches;required_solutions_w_branches;fail_reasons_w_branches
a2ccc870-30be-467d-bbb0-ad25eaf6db6d;ns_msg_getflag@@GLIBC_2.17;0x4d20;0x4d38;0x0;TransmitterType.LOAD;7;0;False;['0x4d20'];<BV64 0x12 + x0>;64;[];[];['<BV64 x0>'];[];['<BV64 x0>'];[];[];0;18446744073709551615;18446744073709551615;1;;;True;0;18446744073709551615;18446744073709551615;1;;;True;ControlType.CONTROLLED;0;<BV64 0x12>;64;[];[];[];[];[];[];[];18.0;18.0;0.0;1.0;;;True;18.0;18.0;0.0;1.0;;;True;ControlType.NO_CONTROL;0;<BV64 0x12>;64;[];[];[];[];[];[];[];18;18;0;1.0;;;True;18.0;18.0;0.0;1.0;;;True;ControlType.NO_CONTROL;0;<BV64 x0>;64;[];[];['<BV64 x0>'];[];['<BV64 x0>'];[];[];0.0;1.8446744073709552e+19;18446744073709551615;1;;;True;0.0;1.8446744073709552e+19;18446744073709551615;1;;;True;ControlType.CONTROLLED;0;<BV64 x0>;64;[];[];['<BV64 x0>'];[];['<BV64 x0>'];[];[];0.0;1.8446744073709552e+19;1.8446744073709552e+19;1.0;;;True;0.0;1.8446744073709552e+19;1.8446744073709552e+19;1.0;;;True;ControlType.CONTROLLED;0;<BV64 x0>;64;[];[];[];[];[];[];[];0;0;0;;;;False;0;0;0;;;;False;ControlType.UNKNOWN;0;[];{'regs': [], 'indirect_regs': [], 'direct_regs': [], 'mem': [], 'const_mem': []};[];{'regs': [], 'indirect_regs': [], 'direct_regs': [], 'mem': [], 'const_mem': []};{'regs': ['<BV64 x0>'], 'indirect_regs': [], 'direct_regs': ['<BV64 x0>'], 'mem': [], 'const_mem': []};{'regs': ['<BV64 x0>'], 'indirect_regs': [], 'direct_regs': ['<BV64 x0>'], 'mem': [], 'const_mem': []};63.0;0.0;64.0;64.0;[];;;;BaseControlType.CONSTANT_BASE;BaseControlType.CONSTANT_BASE;BaseControlType.CONSTANT_BASE;0;BranchControlType.BRANCH_INDEPENDENT_FROM_SECRET;BranchControlType.BRANCH_INDEPENDENT_FROM_SECRET;19768;True;False;True;True;True;False;False;True;True;False;False;False;True;False;True;False;True;False;True;False;[];['has_valid_base'];True;False;True;True;True;False;False;True;True;False;False;False;True;False;True;False;True;False;True;False;[];['has_valid_base']
eb6cb459-b989-4e12-85aa-51e989861511;__res_isourserver@@GLIBC_2.17;0x99e0;0x9a00;0x0;TransmitterType.LOAD;9;0;False;['0x99e0'];<BV64 x0>;64;[];[];['<BV64 x0>'];[];['<BV64 x0>'];[];[];0;18446744073709551615;18446744073709551615;1;;;True;0;18446744073709551615;18446744073709551615;1;;;True;ControlType.CONTROLLED;0;;0;[];[];[];[];[];[];[];0.0;0.0;0.0;0.0;;;False;0.0;0.0;0.0;0.0;;;False;ControlType.UNKNOWN;0;;0;[];[];[];[];[];[];[];0;0;0;;;;False;0.0;0.0;0.0;0.0;;;False;ControlType.UNKNOWN;0;<BV64 x0>;64;[];[];['<BV64 x0>'];[];['<BV64 x0>'];[];[];0.0;1.8446744073709552e+19;18446744073709551615;1;;;True;0.0;1.8446744073709552e+19;18446744073709551615;1;;;True;ControlType.CONTROLLED;0;<BV64 x0>;64;[];[];['<BV64 x0>'];[];['<BV64 x0>'];[];[];0.0;1.8446744073709552e+19;1.8446744073709552e+19;1.0;;;True;0.0;1.8446744073709552e+19;1.8446744073709552e+19;1.0;;;True;ControlType.CONTROLLED;0;<BV64 x0>;64;[];[];[];[];[];[];[];0;0;0;;;;False;0;0;0;;;;False;ControlType.UNKNOWN;0;[];{'regs': [], 'indirect_regs': [], 'direct_regs': [], 'mem': [], 'const_mem': []};[];{'regs': [], 'indirect_regs': [], 'direct_regs': [], 'mem': [], 'const_mem': []};{'regs': ['<BV64 x0>'], 'indirect_regs': [], 'direct_regs': ['<BV64 x0>'], 'mem': [], 'const_mem': []};{'regs': ['<BV64 x0>'], 'indirect_regs': [], 'direct_regs': ['<BV64 x0>'], 'mem': [], 'const_mem': []};63.0;0.0;64.0;64.0;[];;;;BaseControlType.NO_BASE;BaseControlType.NO_BASE;BaseControlType.NO_BASE;0;BranchControlType.BRANCH_INDEPENDENT_FROM_SECRET;BranchControlType.BRANCH_INDEPENDENT_FROM_SECRET;39424;True;False;True;True;True;False;False;True;True;False;False;False;True;False;True;False;True;False;True;False;[];['has_valid_base'];True;False;True;True;True;False;False;True;True;False;False;False;True;False;True;False;True;False;True;False;[];['has_valid_base']
1db9edbb-6e92-4978-bfc0-a677e383bae8;ns_get32@@GLIBC_2.17;0x4cc0;0x4cc8;0x0;TransmitterType.LOAD;3;0;False;['0x4cc0'];<BV64 x0>;64;[];[];['<BV64 x0>'];[];['<BV64 x0>'];[];[];0;18446744073709551615;18446744073709551615;1;;;True;0;18446744073709551615;18446744073709551615;1;;;True;ControlType.CONTROLLED;0;;0;[];[];[];[];[];[];[];0.0;0.0;0.0;0.0;;;False;0.0;0.0;0.0;0.0;;;False;ControlType.UNKNOWN;0;;0;[];[];[];[];[];[];[];0;0;0;;;;False;0.0;0.0;0.0;0.0;;;False;ControlType.UNKNOWN;0;<BV64 x0>;64;[];[];['<BV64 x0>'];[];['<BV64 x0>'];[];[];0.0;1.8446744073709552e+19;18446744073709551615;1;;;True;0.0;1.8446744073709552e+19;18446744073709551615;1;;;True;ControlType.CONTROLLED;0;<BV64 x0>;64;[];[];['<BV64 x0>'];[];['<BV64 x0>'];[];[];0.0;1.8446744073709552e+19;1.8446744073709552e+19;1.0;;;True;0.0;1.8446744073709552e+19;1.8446744073709552e+19;1.0;;;True;ControlType.CONTROLLED;0;<BV64 x0>;64;[];[];[];[];[];[];[];0;0;0;;;;False;0;0;0;;;;False;ControlType.UNKNOWN;0;[];{'regs': [], 'indirect_regs': [], 'direct_regs': [], 'mem': [], 'const_mem': []};[];{'regs': [], 'indirect_regs': [], 'direct_regs': [], 'mem': [], 'const_mem': []};{'regs': ['<BV64 x0>'], 'indirect_regs': [], 'direct_regs': ['<BV64 x0>'], 'mem': [], 'const_mem': []};{'regs': ['<BV64 x0>'], 'indirect_regs': [], 'direct_regs': ['<BV64 x0>'], 'mem': [], 'const_mem': []};63.0;0.0;64.0;64.0;[];;;;BaseControlType.NO_BASE;BaseControlType.NO_BASE;BaseControlType.NO_BASE;0;BranchControlType.BRANCH_INDEPENDENT_FROM_SECRET;BranchControlType.BRANCH_INDEPENDENT_FROM_SECRET;19656;True;False;True;True;True;False;False;True;True;False;False;False;True;False;True;False;True;False;True;False;[];['has_valid_base'];True;False;True;True;True;False;False;True;True;False;False;False;True;False;True;False;True;False;True;False;[];['has_valid_base']
b4927bc9-f2f2-4414-ac6e-c408de680d04;ns_sprintrr@@GLIBC_2.17;0x6fe4;0x701c;0x0;TransmitterType.LOAD;15;0;False;['0x6fe4'];<BV64 x0>;64;[];[];['<BV64 x0>'];[];['<BV64 x0>'];[];[];0;18446744073709551615;18446744073709551615;1;;;True;0;18446744073709551615;18446744073709551615;1;;;True;ControlType.CONTROLLED;0;;0;[];[];[];[];[];[];[];0.0;0.0;0.0;0.0;;;False;0.0;0.0;0.0;0.0;;;False;ControlType.UNKNOWN;0;;0;[];[];[];[];[];[];[];0;0;0;;;;False;0.0;0.0;0.0;0.0;;;False;ControlType.UNKNOWN;0;<BV64 x0>;64;[];[];['<BV64 x0>'];[];['<BV64 x0>'];[];[];0.0;1.8446744073709552e+19;18446744073709551615;1;;;True;0.0;1.8446744073709552e+19;18446744073709551615;1;;;True;ControlType.CONTROLLED;0;<BV64 x0>;64;[];[];['<BV64 x0>'];[];['<BV64 x0>'];[];[];0.0;1.8446744073709552e+19;1.8446744073709552e+19;1.0;;;True;0.0;1.8446744073709552e+19;1.8446744073709552e+19;1.0;;;True;ControlType.CONTROLLED;0;<BV64 x0>;64;[];[];[];[];[];[];[];0;0;0;;;;False;0;0;0;;;;False;ControlType.UNKNOWN;0;[];{'regs': [], 'indirect_regs': [], 'direct_regs': [], 'mem': [], 'const_mem': []};[];{'regs': [], 'indirect_regs': [], 'direct_regs': [], 'mem': [], 'const_mem': []};{'regs': ['<BV64 x0>'], 'indirect_regs': [], 'direct_regs': ['<BV64 x0>'], 'mem': [], 'const_mem': []};{'regs': ['<BV64 x0>'], 'indirect_regs': [], 'direct_regs': ['<BV64 x0>'], 'mem': [], 'const_mem': []};63.0;0.0;64.0;64.0;[];;;;BaseControlType.NO_BASE;BaseControlType.NO_BASE;BaseControlType.NO_BASE;0;BranchControlType.BRANCH_INDEPENDENT_FROM_SECRET;BranchControlType.BRANCH_INDEPENDENT_FROM_SECRET;28700;True;False;True;True;True;False;False;True;True;False;False;False;True;False;True;False;True;False;True;False;[];['has_valid_base'];True;False;True;True;True;False;False;True;True;False;False;False;True;False;True;False;True;False;True;False;[];['has_valid_base']
c1eab3ee-254a-4fc5-9b6e-6303f1983e1f;__loc_ntoa@@GLIBC_2.17;0x9288;0x92a4;0x0;TransmitterType.LOAD;8;0;False;['0x9288'];<BV64 x0>;64;[];[];['<BV64 x0>'];[];['<BV64 x0>'];[];[];0;18446744073709551615;18446744073709551615;1;;;True;0;18446744073709551615;18446744073709551615;1;;;True;ControlType.CONTROLLED;0;;0;[];[];[];[];[];[];[];0.0;0.0;0.0;0.0;;;False;0.0;0.0;0.0;0.0;;;False;ControlType.UNKNOWN;0;;0;[];[];[];[];[];[];[];0;0;0;;;;False;0.0;0.0;0.0;0.0;;;False;ControlType.UNKNOWN;0;<BV64 x0>;64;[];[];['<BV64 x0>'];[];['<BV64 x0>'];[];[];0.0;1.8446744073709552e+19;18446744073709551615;1;;;True;0.0;1.8446744073709552e+19;18446744073709551615;1;;;True;ControlType.CONTROLLED;0;<BV64 x0>;64;[];[];['<BV64 x0>'];[];['<BV64 x0>'];[];[];0.0;1.8446744073709552e+19;1.8446744073709552e+19;1.0;;;True;0.0;1.8446744073709552e+19;1.8446744073709552e+19;1.0;;;True;ControlType.CONTROLLED;0;<BV64 x0>;64;[];[];[];[];[];[];[];0;0;0;;;;False;0;0;0;;;;False;ControlType.UNKNOWN;0;[];{'regs': [], 'indirect_regs': [], 'direct_regs': [], 'mem': [], 'const_mem': []};[];{'regs': [], 'indirect_regs': [], 'direct_regs': [], 'mem': [], 'const_mem': []};{'regs': ['<BV64 x0>'], 'indirect_regs': [], 'direct_regs': ['<BV64 x0>'], 'mem': [], 'const_mem': []};{'regs': ['<BV64 x0>'], 'indirect_regs': [], 'direct_regs': ['<BV64 x0>'], 'mem': [], 'const_mem': []};63.0;0.0;64.0;64.0;[];;;;BaseControlType.NO_BASE;BaseControlType.NO_BASE;BaseControlType.NO_BASE;0;BranchControlType.BRANCH_INDEPENDENT_FROM_SECRET;BranchControlType.BRANCH_INDEPENDENT_FROM_SECRET;37540;True;False;True;True;True;False;False;True;True;False;False;False;True;False;True;False;True;False;True;False;[];['has_valid_base'];True;False;True;True;True;False;False;True;True;False;False;False;True;False;True;False;True;False;True;False;[];['has_valid_base']
cde7fffa-bb0b-4f6f-8369-9079864cb786;__ns_get32@@GLIBC_PRIVATE;0x4cc0;0x4cc8;0x0;TransmitterType.LOAD;3;0;False;['0x4cc0'];<BV64 x0>;64;[];[];['<BV64 x0>'];[];['<BV64 x0>'];[];[];0;18446744073709551615;18446744073709551615;1;;;True;0;18446744073709551615;18446744073709551615;1;;;True;ControlType.CONTROLLED;0;;0;[];[];[];[];[];[];[];0.0;0.0;0.0;0.0;;;False;0.0;0.0;0.0;0.0;;;False;ControlType.UNKNOWN;0;;0;[];[];[];[];[];[];[];0;0;0;;;;False;0.0;0.0;0.0;0.0;;;False;ControlType.UNKNOWN;0;<BV64 x0>;64;[];[];['<BV64 x0>'];[];['<BV64 x0>'];[];[];0.0;1.8446744073709552e+19;18446744073709551615;1;;;True;0.0;1.8446744073709552e+19;18446744073709551615;1;;;True;ControlType.CONTROLLED;0;<BV64 x0>;64;[];[];['<BV64 x0>'];[];['<BV64 x0>'];[];[];0.0;1.8446744073709552e+19;1.8446744073709552e+19;1.0;;;True;0.0;1.8446744073709552e+19;1.8446744073709552e+19;1.0;;;True;ControlType.CONTROLLED;0;<BV64 x0>;64;[];[];[];[];[];[];[];0;0;0;;;;False;0;0;0;;;;False;ControlType.UNKNOWN;0;[];{'regs': [], 'indirect_regs': [], 'direct_regs': [], 'mem': [], 'const_mem': []};[];{'regs': [], 'indirect_regs': [], 'direct_regs': [], 'mem': [], 'const_mem': []};{'regs': ['<BV64 x0>'], 'indirect_regs': [], 'direct_regs': ['<BV64 x0>'], 'mem': [], 'const_mem': []};{'regs': ['<BV64 x0>'], 'indirect_regs': [], 'direct_regs': ['<BV64 x0>'], 'mem': [], 'const_mem': []};63.0;0.0;64.0;64.0;[];;;;BaseControlType.NO_BASE;BaseControlType.NO_BASE;BaseControlType.NO_BASE;0;BranchControlType.BRANCH_INDEPENDENT_FROM_SECRET;BranchControlType.BRANCH_INDEPENDENT_FROM_SECRET;19656;True;False;True;True;True;False;False;True;True;False;False;False;True;False;True;False;True;False;True;False;[];['has_valid_base'];True;False;True;True;True;False;False;True;True;False;False;False;True;False;True;False;True;False;True;False;[];['has_valid_base']
63a5deae-d643-405a-b4ca-44b9162fd265;__sym_ntop@@GLIBC_2.17;0x8980;0x8994;0x0;TransmitterType.LOAD;6;0;False;['0x8980'];<BV64 0x8 + x0>;64;[];[];['<BV64 x0>'];[];['<BV64 x0>'];[];[];0;18446744073709551615;18446744073709551615;1;;;True;0;18446744073709551615;18446744073709551615;1;;;True;ControlType.CONTROLLED;0;<BV64 0x8>;64;[];[];[];[];[];[];[];8.0;8.0;0.0;1.0;;;True;8.0;8.0;0.0;1.0;;;True;ControlType.NO_CONTROL;0;<BV64 0x8>;64;[];[];[];[];[];[];[];8;8;0;1.0;;;True;8.0;8.0;0.0;1.0;;;True;ControlType.NO_CONTROL;0;<BV64 x0>;64;[];[];['<BV64 x0>'];[];['<BV64 x0>'];[];[];0.0;1.8446744073709552e+19;18446744073709551615;1;;;True;0.0;1.8446744073709552e+19;18446744073709551615;1;;;True;ControlType.CONTROLLED;0;<BV64 x0>;64;[];[];['<BV64 x0>'];[];['<BV64 x0>'];[];[];0.0;1.8446744073709552e+19;1.8446744073709552e+19;1.0;;;True;0.0;1.8446744073709552e+19;1.8446744073709552e+19;1.0;;;True;ControlType.CONTROLLED;0;<BV64 x0>;64;[];[];[];[];[];[];[];0;0;0;;;;False;0;0;0;;;;False;ControlType.UNKNOWN;0;[];{'regs': [], 'indirect_regs': [], 'direct_regs': [], 'mem': [], 'const_mem': []};[];{'regs': [], 'indirect_regs': [], 'direct_regs': [], 'mem': [], 'const_mem': []};{'regs': ['<BV64 x0>'], 'indirect_regs': [], 'direct_regs': ['<BV64 x0>'], 'mem': [], 'const_mem': []};{'regs': ['<BV64 x0>'], 'indirect_regs': [], 'direct_regs': ['<BV64 x0>'], 'mem': [], 'const_mem': []};63.0;0.0;64.0;64.0;[];;;;BaseControlType.CONSTANT_BASE;BaseControlType.CONSTANT_BASE;BaseControlType.CONSTANT_BASE;0;BranchControlType.BRANCH_INDEPENDENT_FROM_SECRET;BranchControlType.BRANCH_INDEPENDENT_FROM_SECRET;35220;True;False;True;True;True;False;False;True;True;False;False;False;True;False;True;False;True;False;True;False;[];['has_valid_base'];True;False;True;True;True;False;False;True;True;False;False;False;True;False;True;False;True;False;True;False;[];['has_valid_base']
476ad8e4-d968-4c34-8d0f-02104b00b6d3;__sym_ntos@@GLIBC_2.17;0x88ec;0x8904;0x0;TransmitterType.LOAD;7;0;False;['0x88ec'];<BV64 0x8 + x0>;64;[];[];['<BV64 x0>'];[];['<BV64 x0>'];[];[];0;18446744073709551615;18446744073709551615;1;;;True;0;18446744073709551615;18446744073709551615;1;;;True;ControlType.CONTROLLED;0;<BV64 0x8>;64;[];[];[];[];[];[];[];8.0;8.0;0.0;1.0;;;True;8.0;8.0;0.0;1.0;;;True;ControlType.NO_CONTROL;0;<BV64 0x8>;64;[];[];[];[];[];[];[];8;8;0;1.0;;;True;8.0;8.0;0.0;1.0;;;True;ControlType.NO_CONTROL;0;<BV64 x0>;64;[];[];['<BV64 x0>'];[];['<BV64 x0>'];[];[];0.0;1.8446744073709552e+19;18446744073709551615;1;;;True;0.0;1.8446744073709552e+19;18446744073709551615;1;;;True;ControlType.CONTROLLED;0;<BV64 x0>;64;[];[];['<BV64 x0>'];[];['<BV64 x0>'];[];[];0.0;1.8446744073709552e+19;1.8446744073709552e+19;1.0;;;True;0.0;1.8446744073709552e+19;1.8446744073709552e+19;1.0;;;True;ControlType.CONTROLLED;0;<BV64 x0>;64;[];[];[];[];[];[];[];0;0;0;;;;False;0;0;0;;;;False;ControlType.UNKNOWN;0;[];{'regs': [], 'indirect_regs': [], 'direct_regs': [], 'mem': [], 'const_mem': []};[];{'regs': [], 'indirect_regs': [], 'direct_regs': [], 'mem': [], 'const_mem': []};{'regs': ['<BV64 x0>'], 'indirect_regs': [], 'direct_regs': ['<BV64 x0>'], 'mem': [], 'const_mem': []};{'regs': ['<BV64 x0>'], 'indirect_regs': [], 'direct_regs': ['<BV64 x0>'], 'mem': [], 'const_mem': []};63.0;0.0;64.0;64.0;[];;;;BaseControlType.CONSTANT_BASE;BaseControlType.CONSTANT_BASE;BaseControlType.CONSTANT_BASE;0;BranchControlType.BRANCH_INDEPENDENT_FROM_SECRET;BranchControlType.BRANCH_INDEPENDENT_FROM_SECRET;35076;True;False;True;True;True;False;False;True;True;False;False;False;True;False;True;False;True;False;True;False;[];['has_valid_base'];True;False;True;True;True;False;False;True;True;False;False;False;True;False;True;False;True;False;True;False;[];['has_valid_base']
ca4a142e-fef1-488a-9d07-e0df3e1645a5;__sym_ston@@GLIBC_2.17;0x8870;0x8884;0x0;TransmitterType.LOAD;6;0;False;['0x8870'];<BV64 0x8 + x0>;64;[];[];['<BV64 x0>'];[];['<BV64 x0>'];[];[];0;18446744073709551615;18446744073709551615;1;;;True;0;18446744073709551615;18446744073709551615;1;;;True;ControlType.CONTROLLED;0;<BV64 0x8>;64;[];[];[];[];[];[];[];8.0;8.0;0.0;1.0;;;True;8.0;8.0;0.0;1.0;;;True;ControlType.NO_CONTROL;0;<BV64 0x8>;64;[];[];[];[];[];[];[];8;8;0;1.0;;;True;8.0;8.0;0.0;1.0;;;True;ControlType.NO_CONTROL;0;<BV64 x0>;64;[];[];['<BV64 x0>'];[];['<BV64 x0>'];[];[];0.0;1.8446744073709552e+19;18446744073709551615;1;;;True;0.0;1.8446744073709552e+19;18446744073709551615;1;;;True;ControlType.CONTROLLED;0;<BV64 x0>;64;[];[];['<BV64 x0>'];[];['<BV64 x0>'];[];[];0.0;1.8446744073709552e+19;1.8446744073709552e+19;1.0;;;True;0.0;1.8446744073709552e+19;1.8446744073709552e+19;1.0;;;True;ControlType.CONTROLLED;0;<BV64 x0>;64;[];[];[];[];[];[];[];0;0;0;;;;False;0;0;0;;;;False;ControlType.UNKNOWN;0;[];{'regs': [], 'indirect_regs': [], 'direct_regs': [], 'mem': [], 'const_mem': []};[];{'regs': [], 'indirect_regs': [], 'direct_regs': [], 'mem': [], 'const_mem': []};{'regs': ['<BV64 x0>'], 'indirect_regs': [], 'direct_regs': ['<BV64 x0>'], 'mem': [], 'const_mem': []};{'regs': ['<BV64 x0>'], 'indirect_regs': [], 'direct_regs': ['<BV64 x0>'], 'mem': [], 'const_mem': []};63.0;0.0;64.0;64.0;[];;;;BaseControlType.CONSTANT_BASE;BaseControlType.CONSTANT_BASE;BaseControlType.CONSTANT_BASE;0;BranchControlType.BRANCH_INDEPENDENT_FROM_SECRET;BranchControlType.BRANCH_INDEPENDENT_FROM_SECRET;34948;True;False;True;True;True;False;False;True;True;False;False;False;True;False;True;False;True;False;True;False;[];['has_valid_base'];True;False;True;True;True;False;False;True;True;False;False;False;True;False;True;False;True;False;True;False;[];['has_valid_base']
dd42c73d-c197-4547-a9f6-538e807644a8;__b64_pton@@GLIBC_2.17;0x2800;0x2818;0x0;TransmitterType.LOAD;7;0;False;['0x2800'];<BV64 x0>;64;[];[];['<BV64 x0>'];[];['<BV64 x0>'];[];[];0;18446744073709551615;18446744073709551615;1;;;True;0;18446744073709551615;18446744073709551615;1;;;True;ControlType.CONTROLLED;0;;0;[];[];[];[];[];[];[];0.0;0.0;0.0;0.0;;;False;0.0;0.0;0.0;0.0;;;False;ControlType.UNKNOWN;0;;0;[];[];[];[];[];[];[];0;0;0;;;;False;0.0;0.0;0.0;0.0;;;False;ControlType.UNKNOWN;0;<BV64 x0>;64;[];[];['<BV64 x0>'];[];['<BV64 x0>'];[];[];0.0;1.8446744073709552e+19;18446744073709551615;1;;;True;0.0;1.8446744073709552e+19;18446744073709551615;1;;;True;ControlType.CONTROLLED;0;<BV64 x0>;64;[];[];['<BV64 x0>'];[];['<BV64 x0>'];[];[];0.0;1.8446744073709552e+19;1.8446744073709552e+19;1.0;;;True;0.0;1.8446744073709552e+19;1.8446744073709552e+19;1.0;;;True;ControlType.CONTROLLED;0;<BV64 x0>;64;[];[];[];[];[];[];[];0;0;0;;;;False;0;0;0;;;;False;ControlType.UNKNOWN;0;[];{'regs': [], 'indirect_regs': [], 'direct_regs': [], 'mem': [], 'const_mem': []};[];{'regs': [], 'indirect_regs': [], 'direct_regs': [], 'mem': [], 'const_mem': []};{'regs': ['<BV64 x0>'], 'indirect_regs': [], 'direct_regs': ['<BV64 x0>'], 'mem': [], 'const_mem': []};{'regs': ['<BV64 x0>'], 'indirect_regs': [], 'direct_regs': ['<BV64 x0>'], 'mem': [], 'const_mem': []};63.0;0.0;64.0;64.0;[];;;;BaseControlType.NO_BASE;BaseControlType.NO_BASE;BaseControlType.NO_BASE;0;BranchControlType.BRANCH_INDEPENDENT_FROM_SECRET;BranchControlType.BRANCH_INDEPENDENT_FROM_SECRET;10264;True;False;True;True;True;False;False;True;True;False;False;False;True;False;True;False;True;False;True;False;[];['has_valid_base'];True;False;True;True;True;False;False;True;True;False;False;False;True;False;True;False;True;False;True;False;[];['has_valid_base']
769f6cb7-5fd4-4faa-84de-118a5f527a9f;ns_parserr@@GLIBC_2.17;0x4f80;0x4fa8;0x0;TransmitterType.LOAD;11;0;False;['0x4f80', '0x4f88'];<BV64 0x40 + x0>;64;[];[];['<BV64 x0>'];[];['<BV64 x0>'];[];[];0;18446744073709551615;18446744073709551615;1;;;True;0;18446744073709551615;18446744073709551615;1;;;True;ControlType.CONTROLLED;0;<BV64 0x40>;64;[];[];[];[];[];[];[];64.0;64.0;0.0;1.0;;;True;64.0;64.0;0.0;1.0;;;True;ControlType.NO_CONTROL;0;<BV64 0x40>;64;[];[];[];[];[];[];[];64;64;0;1.0;;;True;64.0;64.0;0.0;1.0;;;True;ControlType.NO_CONTROL;0;<BV64 x0>;64;[];[];['<BV64 x0>'];[];['<BV64 x0>'];[];[];0.0;1.8446744073709552e+19;18446744073709551615;1;;;True;0.0;1.8446744073709552e+19;18446744073709551615;1;;;True;ControlType.CONTROLLED;0;<BV64 x0>;64;[];[];['<BV64 x0>'];[];['<BV64 x0>'];[];[];0.0;1.8446744073709552e+19;1.8446744073709552e+19;1.0;;;True;0.0;1.8446744073709552e+19;1.8446744073709552e+19;1.0;;;True;ControlType.CONTROLLED;0;<BV64 x0>;64;[];[];[];[];[];[];[];0;0;0;;;;False;0;0;0;;;;False;ControlType.UNKNOWN;0;[('0x4f84', <Bool 0x3 >= x1[31:0]>, 'Taken')];{'regs': ['<BV64 x1>'], 'indirect_regs': [], 'direct_regs': ['<BV64 x1>'], 'mem': [], 'const_mem': []};[];{'regs': [], 'indirect_regs': [], 'direct_regs': [], 'mem': [], 'const_mem': []};{'regs': ['<BV64 x0>'], 'indirect_regs': [], 'direct_regs': ['<BV64 x0>'], 'mem': [], 'const_mem': []};{'regs': ['<BV64 x0>', '<BV64 x1>'], 'indirect_regs': [], 'direct_regs': ['<BV64 x0>', '<BV64 x1>'], 'mem': [], 'const_mem': []};63.0;0.0;64.0;64.0;[];;;;BaseControlType.CONSTANT_BASE;BaseControlType.CONSTANT_BASE;BaseControlType.CONSTANT_BASE;1;BranchControlType.BRANCH_INDEPENDENT_FROM_SECRET;BranchControlType.BRANCH_INDEPENDENT_FROM_SECRET;20392;True;False;True;True;True;False;False;True;True;False;False;False;True;False;True;False;True;False;True;False;[];['has_valid_base'];True;False;True;True;True;False;False;True;True;False;False;False;True;False;True;False;True;False;True;False;[];['has_valid_base']
4c65d472-0b2e-4694-a762-4a46e4f62a7d;__b64_ntop@@GLIBC_2.17;0x26c0;0x2710;0x0;TransmitterType.LOAD;10;0;False;['0x26c0', '0x26d4', '0x2710'];<BV64 x0>;64;[];[];['<BV64 x0>'];[];['<BV64 x0>'];[];[];0;18446744073709551615;18446744073709551615;1;;;True;0;18446744073709551615;18446744073709551615;1;;;True;ControlType.CONTROLLED;0;;0;[];[];[];[];[];[];[];0.0;0.0;0.0;0.0;;;False;0.0;0.0;0.0;0.0;;;False;ControlType.UNKNOWN;0;;0;[];[];[];[];[];[];[];0;0;0;;;;False;0.0;0.0;0.0;0.0;;;False;ControlType.UNKNOWN;0;<BV64 x0>;64;[];[];['<BV64 x0>'];[];['<BV64 x0>'];[];[];0.0;1.8446744073709552e+19;18446744073709551615;1;;;True;0.0;1.8446744073709552e+19;18446744073709551615;1;;;True;ControlType.CONTROLLED;0;<BV64 x0>;64;[];[];['<BV64 x0>'];[];['<BV64 x0>'];[];[];0.0;1.8446744073709552e+19;1.8446744073709552e+19;1.0;;;True;0.0;1.8446744073709552e+19;1.8446744073709552e+19;1.0;;;True;ControlType.CONTROLLED;0;<BV64 x0>;64;[];[];[];[];[];[];[];0;0;0;;;;False;0;0;0;;;;False;ControlType.UNKNOWN;0;[('0x26d0', <Bool x1 > 0x2>, 'Taken'), ('0x26e0', <Bool True>, 'Taken')];{'regs': ['<BV64 x1>'], 'indirect_regs': [], 'direct_regs': ['<BV64 x1>'], 'mem': [], 'const_mem': []};[];{'regs': [], 'indirect_regs': [], 'direct_regs': [], 'mem': [], 'const_mem': []};{'regs': ['<BV64 x0>'], 'indirect_regs': [], 'direct_regs': ['<BV64 x0>'], 'mem': [], 'const_mem': []};{'regs': ['<BV64 x0>', '<BV64 x1>'], 'indirect_regs': [], 'direct_regs': ['<BV64 x0>', '<BV64 x1>'], 'mem': [], 'const_mem': []};63.0;0.0;64.0;64.0;[];;;;BaseControlType.NO_BASE;BaseControlType.NO_BASE;BaseControlType.NO_BASE;2;BranchControlType.BRANCH_INDEPENDENT_FROM_SECRET;BranchControlType.BRANCH_INDEPENDENT_FROM_SECRET;10000;True;False;True;True;True;False;False;True;True;False;False;False;True;False;True;False;True;False;True;False;[];['has_valid_base'];True;False;True;True;True;False;False;True;True;False;False;False;True;False;True;False;True;False;True;False;[];['has_valid_base']
8169a178-8596-4a54-9e0d-6f13fef89419;ns_sprintrr@@GLIBC_2.17;0x6fe4;0x701c;0x0;TransmitterType.LOAD;15;0;False;['0x6fe4'];<BV64 0x8 + x0>;64;[];[];['<BV64 x0>'];[];['<BV64 x0>'];[];[];0;18446744073709551615;18446744073709551615;1;;;True;0;18446744073709551615;18446744073709551615;1;;;True;ControlType.CONTROLLED;0;<BV64 0x8>;64;[];[];[];[];[];[];[];8.0;8.0;0.0;1.0;;;True;8.0;8.0;0.0;1.0;;;True;ControlType.NO_CONTROL;0;<BV64 0x8>;64;[];[];[];[];[];[];[];8;8;0;1.0;;;True;8.0;8.0;0.0;1.0;;;True;ControlType.NO_CONTROL;0;<BV64 x0>;64;[];[];['<BV64 x0>'];[];['<BV64 x0>'];[];[];0.0;1.8446744073709552e+19;18446744073709551615;1;;;True;0.0;1.8446744073709552e+19;18446744073709551615;1;;;True;ControlType.CONTROLLED;0;<BV64 x0>;64;[];[];['<BV64 x0>'];[];['<BV64 x0>'];[];[];0.0;1.8446744073709552e+19;1.8446744073709552e+19;1.0;;;True;0.0;1.8446744073709552e+19;1.8446744073709552e+19;1.0;;;True;ControlType.CONTROLLED;0;<BV64 x0>;64;[];[];[];[];[];[];[];0;0;0;;;;False;0;0;0;;;;False;ControlType.UNKNOWN;0;[];{'regs': [], 'indirect_regs': [], 'direct_regs': [], 'mem': [], 'const_mem': []};[];{'regs': [], 'indirect_regs': [], 'direct_regs': [], 'mem': [], 'const_mem': []};{'regs': ['<BV64 x0>'], 'indirect_regs': [], 'direct_regs': ['<BV64 x0>'], 'mem': [], 'const_mem': []};{'regs': ['<BV64 x0>'], 'indirect_regs': [], 'direct_regs': ['<BV64 x0>'], 'mem': [], 'const_mem': []};63.0;0.0;64.0;64.0;[];;;;BaseControlType.CONSTANT_BASE;BaseControlType.CONSTANT_BASE;BaseControlType.CONSTANT_BASE;0;BranchControlType.BRANCH_INDEPENDENT_FROM_SECRET;BranchControlType.BRANCH_INDEPENDENT_FROM_SECRET;28700;True;False;True;True;True;False;False;True;True;False;False;False;True;False;True;False;True;False;True;False;[];['has_valid_base'];True;False;True;True;True;False;False;True;True;False;False;False;True;False;True;False;True;False;True;False;[];['has_valid_base']
0e957a66-9c67-4d75-b5d0-5ce7886d8521;_getshort@@GLIBC_2.17;0x7720;0x4ca8;0x0;TransmitterType.LOAD;6;0;False;['0x7720', '0x4ca0'];<BV64 x0>;64;[];[];['<BV64 x0>'];[];['<BV64 x0>'];[];[];0;18446744073709551615;18446744073709551615;1;;;True;0;18446744073709551615;18446744073709551615;1;;;True;ControlType.CONTROLLED;0;;0;[];[];[];[];[];[];[];0.0;0.0;0.0;0.0;;;False;0.0;0.0;0.0;0.0;;;False;ControlType.UNKNOWN;0;;0;[];[];[];[];[];[];[];0;0;0;;;;False;0.0;0.0;0.0;0.0;;;False;ControlType.UNKNOWN;0;<BV64 x0>;64;[];[];['<BV64 x0>'];[];['<BV64 x0>'];[];[];0.0;1.8446744073709552e+19;18446744073709551615;1;;;True;0.0;1.8446744073709552e+19;18446744073709551615;1;;;True;ControlType.CONTROLLED;0;<BV64 x0>;64;[];[];['<BV64 x0>'];[];['<BV64 x0>'];[];[];0.0;1.8446744073709552e+19;1.8446744073709552e+19;1.0;;;True;0.0;1.8446744073709552e+19;1.8446744073709552e+19;1.0;;;True;ControlType.CONTROLLED;0;<BV64 x0>;64;[];[];[];[];[];[];[];0;0;0;;;;False;0;0;0;;;;False;ControlType.UNKNOWN;0;[('0x7728', <Bool True>, 'Taken')];{'regs': [], 'indirect_regs': [], 'direct_regs': [], 'mem': [], 'const_mem': []};[];{'regs': [], 'indirect_regs': [], 'direct_regs': [], 'mem': [], 'const_mem': []};{'regs': ['<BV64 x0>'], 'indirect_regs': [], 'direct_regs': ['<BV64 x0>'], 'mem': [], 'const_mem': []};{'regs': ['<BV64 x0>'], 'indirect_regs': [], 'direct_regs': ['<BV64 x0>'], 'mem': [], 'const_mem': []};63.0;0.0;64.0;64.0;[];;;;BaseControlType.NO_BASE;BaseControlType.NO_BASE;BaseControlType.NO_BASE;1;BranchControlType.BRANCH_INDEPENDENT_FROM_SECRET;BranchControlType.BRANCH_INDEPENDENT_FROM_SECRET;19624;True;False;True;True;True;False;False;True;True;False;False;False;True;False;True;False;True;False;True;False;[];['has_valid_base'];True;False;True;True;True;False;False;True;True;False;False;False;True;False;True;False;True;False;True;False;[];['has_valid_base']
08992b7b-0cb7-4384-a793-599f90507f4c;_getlong@@GLIBC_2.17;0x7700;0x4cc8;0x0;TransmitterType.LOAD;6;0;False;['0x7700', '0x4cc0'];<BV64 x0>;64;[];[];['<BV64 x0>'];[];['<BV64 x0>'];[];[];0;18446744073709551615;18446744073709551615;1;;;True;0;18446744073709551615;18446744073709551615;1;;;True;ControlType.CONTROLLED;0;;0;[];[];[];[];[];[];[];0.0;0.0;0.0;0.0;;;False;0.0;0.0;0.0;0.0;;;False;ControlType.UNKNOWN;0;;0;[];[];[];[];[];[];[];0;0;0;;;;False;0.0;0.0;0.0;0.0;;;False;ControlType.UNKNOWN;0;<BV64 x0>;64;[];[];['<BV64 x0>'];[];['<BV64 x0>'];[];[];0.0;1.8446744073709552e+19;18446744073709551615;1;;;True;0.0;1.8446744073709552e+19;18446744073709551615;1;;;True;ControlType.CONTROLLED;0;<BV64 x0>;64;[];[];['<BV64 x0>'];[];['<BV64 x0>'];[];[];0.0;1.8446744073709552e+19;1.8446744073709552e+19;1.0;;;True;0.0;1.8446744073709552e+19;1.8446744073709552e+19;1.0;;;True;ControlType.CONTROLLED;0;<BV64 x0>;64;[];[];[];[];[];[];[];0;0;0;;;;False;0;0;0;;;;False;ControlType.UNKNOWN;0;[('0x7708', <Bool True>, 'Taken')];{'regs': [], 'indirect_regs': [], 'direct_regs': [], 'mem': [], 'const_mem': []};[];{'regs': [], 'indirect_regs': [], 'direct_regs': [], 'mem': [], 'const_mem': []};{'regs': ['<BV64 x0>'], 'indirect_regs': [], 'direct_regs': ['<BV64 x0>'], 'mem': [], 'const_mem': []};{'regs': ['<BV64 x0>'], 'indirect_regs': [], 'direct_regs': ['<BV64 x0>'], 'mem': [], 'const_mem': []};63.0;0.0;64.0;64.0;[];;;;BaseControlType.NO_BASE;BaseControlType.NO_BASE;BaseControlType.NO_BASE;1;BranchControlType.BRANCH_INDEPENDENT_FROM_SECRET;BranchControlType.BRANCH_INDEPENDENT_FROM_SECRET;19656;True;False;True;True;True;False;False;True;True;False;False;False;True;False;True;False;True;False;True;False;[];['has_valid_base'];True;False;True;True;True;False;False;True;True;False;False;False;True;False;True;False;True;False;True;False;[];['has_valid_base']
5ad06210-8035-4b1b-8736-1da07352f6c1;__loc_ntoa@@GLIBC_2.17;0x9288;0x92d4;0x0;TransmitterType.LOAD;20;0;False;['0x9288', '0x92b8'];<BV64 0x4 + x0>;64;[];[];['<BV64 x0>'];[];['<BV64 x0>'];[];[];0;18446744073709551615;18446744073709551615;1;;;True;0;18446744073709551615;18446744073709551615;1;;;True;ControlType.CONTROLLED;0;<BV64 0x4>;64;[];[];[];[];[];[];[];4.0;4.0;0.0;1.0;;;True;4.0;4.0;0.0;1.0;;;True;ControlType.NO_CONTROL;0;<BV64 0x4>;64;[];[];[];[];[];[];[];4;4;0;1.0;;;True;4.0;4.0;0.0;1.0;;;True;ControlType.NO_CONTROL;0;<BV64 x0>;64;[];[];['<BV64 x0>'];[];['<BV64 x0>'];[];[];0.0;1.8446744073709552e+19;18446744073709551615;1;;;True;0.0;1.8446744073709552e+19;18446744073709551615;1;;;True;ControlType.CONTROLLED;0;<BV64 x0>;64;[];[];['<BV64 x0>'];[];['<BV64 x0>'];[];[];0.0;1.8446744073709552e+19;1.8446744073709552e+19;1.0;;;True;0.0;1.8446744073709552e+19;1.8446744073709552e+19;1.0;;;True;ControlType.CONTROLLED;0;<BV64 x0>;64;[];[];[];[];[];[];[];0;0;0;;;;False;0;0;0;;;;False;ControlType.UNKNOWN;0;[('0x92b4', <Bool LOAD_8[<BV64 x0>]_24 == 0>, 'Taken')];"{'regs': ['<BV64 x0>'], 'indirect_regs': [""<BV64 x0>: ['0x0']""], 'direct_regs': [], 'mem': ['<BV64 x0>'], 'const_mem': []}";[];{'regs': [], 'indirect_regs': [], 'direct_regs': [], 'mem': [], 'const_mem': []};{'regs': ['<BV64 x0>'], 'indirect_regs': [], 'direct_regs': ['<BV64 x0>'], 'mem': [], 'const_mem': []};{'regs': ['<BV64 x0>'], 'indirect_regs': [], 'direct_regs': ['<BV64 x0>'], 'mem': ['<BV64 x0>'], 'const_mem': []};63.0;0.0;64.0;64.0;[];;;;BaseControlType.CONSTANT_BASE;BaseControlType.CONSTANT_BASE;BaseControlType.CONSTANT_BASE;1;BranchControlType.BRANCH_DEPENDS_ON_SECRET_VALUE;BranchControlType.BRANCH_INDEPENDENT_FROM_SECRET;37588;True;False;True;True;True;False;False;True;True;False;False;False;True;False;True;True;True;False;True;False;[];['has_valid_base'];True;False;True;True;True;False;False;True;True;False;False;False;True;False;True;True;True;False;True;False;[];['has_valid_base']
625f5316-af98-4652-915c-c13bbd831953;__sym_ntos@@GLIBC_2.17;0x88ec;0x8918;0x0;TransmitterType.LOAD;9;0;False;['0x88ec', '0x8918'];<BV64 x0>;64;[];[];['<BV64 x0>'];[];['<BV64 x0>'];[];[];0;18446744073709551615;18446744073709551615;1;;;True;0;18446744073709551615;18446744073709551615;1;;;True;ControlType.CONTROLLED;0;;0;[];[];[];[];[];[];[];0.0;0.0;0.0;0.0;;;False;0.0;0.0;0.0;0.0;;;False;ControlType.UNKNOWN;0;;0;[];[];[];[];[];[];[];0;0;0;;;;False;0.0;0.0;0.0;0.0;;;False;ControlType.UNKNOWN;0;<BV64 x0>;64;[];[];['<BV64 x0>'];[];['<BV64 x0>'];[];[];0.0;1.8446744073709552e+19;18446744073709551615;1;;;True;0.0;1.8446744073709552e+19;18446744073709551615;1;;;True;ControlType.CONTROLLED;0;<BV64 x0>;64;[];[];['<BV64 x0>'];[];['<BV64 x0>'];[];[];0.0;1.8446744073709552e+19;1.8446744073709552e+19;1.0;;;True;0.0;1.8446744073709552e+19;1.8446744073709552e+19;1.0;;;True;ControlType.CONTROLLED;0;<BV64 x0>;64;[];[];[];[];[];[];[];0;0;0;;;;False;0;0;0;;;;False;ControlType.UNKNOWN;0;[('0x8908', <Bool LOAD_64[<BV64 x0 + 0x8>]_24 != 0x0>, 'Taken')];"{'regs': ['<BV64 x0>'], 'indirect_regs': [""<BV64 x0>: ['0x8']""], 'direct_regs': [], 'mem': ['<BV64 x0 + 0x8>'], 'const_mem': []}";[];{'regs': [], 'indirect_regs': [], 'direct_regs': [], 'mem': [], 'const_mem': []};{'regs': ['<BV64 x0>'], 'indirect_regs': [], 'direct_regs': ['<BV64 x0>'], 'mem': [], 'const_mem': []};{'regs': ['<BV64 x0>'], 'indirect_regs': [], 'direct_regs': ['<BV64 x0>'], 'mem': ['<BV64 x0 + 0x8>'], 'const_mem': []};63.0;0.0;64.0;64.0;[];;;;BaseControlType.NO_BASE;BaseControlType.NO_BASE;BaseControlType.NO_BASE;1;BranchControlType.BRANCH_DEPENDS_ON_SECRET_VALUE;BranchControlType.BRANCH_INDEPENDENT_FROM_SECRET;35096;True;False;True;True;True;False;False;True;True;False;False;False;True;False;True;True;True;False;True;False;[];['has_valid_base'];True;False;True;True;True;False;False;True;True;False;False;False;True;False;True;True;True;False;True;False;[];['has_valid_base']
e2a5ddf6-a23e-4d8a-b084-c34eb4bed340;ns_parserr@@GLIBC_2.17;0x4f80;0x4fb8;0x0;TransmitterType.STORE;15;0;False;['0x4f80', '0x4f88', '0x4fb4'];<BV64 0x40 + x0>;64;[];[];['<BV64 x0>'];[];['<BV64 x0>'];[];[];0;18446744073709551615;18446744073709551615;1;;;True;0;18446744073709551615;18446744073709551615;1;;;True;ControlType.CONTROLLED;0;<BV64 0x40>;64;[];[];[];[];[];[];[];64.0;64.0;0.0;1.0;;;True;64.0;64.0;0.0;1.0;;;True;ControlType.NO_CONTROL;0;<BV64 0x40>;64;[];[];[];[];[];[];[];64;64;0;1.0;;;True;64.0;64.0;0.0;1.0;;;True;ControlType.NO_CONTROL;0;<BV64 x0>;64;[];[];['<BV64 x0>'];[];['<BV64 x0>'];[];[];0.0;1.8446744073709552e+19;18446744073709551615;1;;;True;0.0;1.8446744073709552e+19;18446744073709551615;1;;;True;ControlType.CONTROLLED;0;<BV64 x0>;64;[];[];['<BV64 x0>'];[];['<BV64 x0>'];[];[];0.0;1.8446744073709552e+19;1.8446744073709552e+19;1.0;;;True;0.0;1.8446744073709552e+19;1.8446744073709552e+19;1.0;;;True;ControlType.CONTROLLED;0;<BV64 x0>;64;[];[];[];[];[];[];[];0;0;0;;;;False;0;0;0;;;;False;ControlType.UNKNOWN;0;[('0x4f84', <Bool 0x3 >= x1[31:0]>, 'Taken'), ('0x4fb0', <Bool LOAD_32[<BV64 x0 + 0x40>]_26 != x1[31:0]>, 'Taken')];"{'regs': ['<BV64 x0>', '<BV64 x1>'], 'indirect_regs': [""<BV64 x0>: ['0x40']""], 'direct_regs': ['<BV64 x1>'], 'mem': ['<BV64 x0 + 0x40>'], 'const_mem': []}";[];{'regs': [], 'indirect_regs': [], 'direct_regs': [], 'mem': [], 'const_mem': []};{'regs': ['<BV64 x0>'], 'indirect_regs': [], 'direct_regs': ['<BV64 x0>'], 'mem': [], 'const_mem': []};{'regs': ['<BV64 x0>', '<BV64 x1>'], 'indirect_regs': [], 'direct_regs': ['<BV64 x0>', '<BV64 x1>'], 'mem': ['<BV64 x0 + 0x40>'], 'const_mem': []};63.0;0.0;64.0;64.0;[];;;;BaseControlType.CONSTANT_BASE;BaseControlType.CONSTANT_BASE;BaseControlType.CONSTANT_BASE;2;BranchControlType.BRANCH_DEPENDS_ON_SECRET_VALUE;BranchControlType.BRANCH_INDEPENDENT_FROM_SECRET;20408;True;False;True;True;True;False;False;True;True;False;False;False;True;False;True;True;True;False;True;False;[];['has_valid_base'];True;False;True;True;True;False;False;True;True;False;False;False;True;False;True;True;True;False;True;False;[];['has_valid_base']
75a7d5f4-4086-4e9e-9409-529d46dbb2e0;__sym_ntop@@GLIBC_2.17;0x8980;0x89ac;0x0;TransmitterType.LOAD;8;0;False;['0x8980', '0x89ac'];<BV64 x0>;64;[];[];['<BV64 x0>'];[];['<BV64 x0>'];[];[];0;18446744073709551615;18446744073709551615;1;;;True;0;18446744073709551615;18446744073709551615;1;;;True;ControlType.CONTROLLED;0;;0;[];[];[];[];[];[];[];0.0;0.0;0.0;0.0;;;False;0.0;0.0;0.0;0.0;;;False;ControlType.UNKNOWN;0;;0;[];[];[];[];[];[];[];0;0;0;;;;False;0.0;0.0;0.0;0.0;;;False;ControlType.UNKNOWN;0;<BV64 x0>;64;[];[];['<BV64 x0>'];[];['<BV64 x0>'];[];[];0.0;1.8446744073709552e+19;18446744073709551615;1;;;True;0.0;1.8446744073709552e+19;18446744073709551615;1;;;True;ControlType.CONTROLLED;0;<BV64 x0>;64;[];[];['<BV64 x0>'];[];['<BV64 x0>'];[];[];0.0;1.8446744073709552e+19;1.8446744073709552e+19;1.0;;;True;0.0;1.8446744073709552e+19;1.8446744073709552e+19;1.0;;;True;ControlType.CONTROLLED;0;<BV64 x0>;64;[];[];[];[];[];[];[];0;0;0;;;;False;0;0;0;;;;False;ControlType.UNKNOWN;0;[('0x8998', <Bool LOAD_64[<BV64 x0 + 0x8>]_24 != 0x0>, 'Taken')];"{'regs': ['<BV64 x0>'], 'indirect_regs': [""<BV64 x0>: ['0x8']""], 'direct_regs': [], 'mem': ['<BV64 x0 + 0x8>'], 'const_mem': []}";[];{'regs': [], 'indirect_regs': [], 'direct_regs': [], 'mem': [], 'const_mem': []};{'regs': ['<BV64 x0>'], 'indirect_regs': [], 'direct_regs': ['<BV64 x0>'], 'mem': [], 'const_mem': []};{'regs': ['<BV64 x0>'], 'indirect_regs': [], 'direct_regs': ['<BV64 x0>'], 'mem': ['<BV64 x0 + 0x8>'], 'const_mem': []};63.0;0.0;64.0;64.0;[];;;;BaseControlType.NO_BASE;BaseControlType.NO_BASE;BaseControlType.NO_BASE;1;BranchControlType.BRANCH_DEPENDS_ON_SECRET_VALUE;BranchControlType.BRANCH_INDEPENDENT_FROM_SECRET;35244;True;False;True;True;True;False;False;True;True;False;False;False;True;False;True;True;True;False;True;False;[];['has_valid_base'];True;False;True;True;True;False;False;True;True;False;False;False;True;False;True;True;True;False;True;False;[];['has_valid_base']
fa2b56f0-4c3a-4639-8d25-bf287e6ce6c0;ns_initparse@@GLIBC_2.17;0x4e30;0x4e70;0x0;TransmitterType.LOAD;17;0;False;['0x4e30', '0x4e68'];<BV64 x0>;64;[('0x4e64', <Bool x0 + (x1 << 0x20 >> 0x20) >= x0 + 0x2>, 'Taken')];[];['<BV64 x0>'];[];['<BV64 x0>'];[];[];0;18446744073709551615;18446744073709551615;1;;;True;0;18446744073709551615;18446744073709551615;1;;;False;ControlType.CONTROLLED;0;;0;[];[];[];[];[];[];[];0.0;0.0;0.0;0.0;;;False;0.0;0.0;0.0;0.0;;;False;ControlType.UNKNOWN;0;;0;[];[];[];[];[];[];[];0;0;0;;;;False;0.0;0.0;0.0;0.0;;;False;ControlType.UNKNOWN;0;<BV64 x0>;64;[('0x4e64', <Bool x0 + (x1 << 0x20 >> 0x20) >= x0 + 0x2>, 'Taken')];[];['<BV64 x0>'];[];['<BV64 x0>'];[];[];0.0;1.8446744073709552e+19;18446744073709551615;1;;;True;0.0;1.8446744073709552e+19;18446744073709551615;1;;;False;ControlType.CONTROLLED;0;<BV64 x0>;64;[('0x4e64', <Bool x0 + (x1 << 0x20 >> 0x20) >= x0 + 0x2>, 'Taken')];[];['<BV64 x0>'];[];['<BV64 x0>'];[];[];0.0;1.8446744073709552e+19;1.8446744073709552e+19;1.0;;;True;0.0;1.8446744073709552e+19;1.8446744073709552e+19;1.0;;;False;ControlType.CONTROLLED;0;<BV64 x0>;64;[];[];[];[];[];[];[];0;0;0;;;;False;0;0;0;;;;False;ControlType.UNKNOWN;0;[('0x4e64', <Bool x0 + (x1 << 0x20 >> 0x20) >= x0 + 0x2>, 'Taken')];{'regs': ['<BV64 x0>', '<BV64 x1>'], 'indirect_regs': [], 'direct_regs': ['<BV64 x0>', '<BV64 x1>'], 'mem': [], 'const_mem': []};[];{'regs': [], 'indirect_regs': [], 'direct_regs': [], 'mem': [], 'const_mem': []};{'regs': ['<BV64 x0>'], 'indirect_regs': [], 'direct_regs': ['<BV64 x0>'], 'mem': [], 'const_mem': []};{'regs': ['<BV64 x0>', '<BV64 x1>'], 'indirect_regs': [], 'direct_regs': ['<BV64 x0>', '<BV64 x1>'], 'mem': [], 'const_mem': []};63.0;0.0;64.0;64.0;[];;;;BaseControlType.NO_BASE;BaseControlType.NO_BASE;BaseControlType.NO_BASE;1;BranchControlType.BRANCH_DEPENDS_ON_SECRET_VALUE;BranchControlType.BRANCH_INDEPENDENT_FROM_SECRET;20080;True;False;True;True;True;False;False;True;True;False;False;False;True;False;True;True;True;False;True;False;[];['has_valid_base'];True;False;True;True;True;False;False;True;True;False;False;False;True;False;True;True;True;False;True;False;[];['has_valid_base']
cb335d35-3604-4a67-95f7-2e0a1dcf7289;__fp_nquery@@GLIBC_2.17;0x7fe0;0x4e70;0x0;TransmitterType.LOAD;37;0;False;['0x7fe0', '0x4e30', '0x4e68'];<BV64 x0>;64;[('0x4e64', <Bool x0 + (x1 << 0x20 >> 0x20) >= x0 + 0x2>, 'Taken')];[];['<BV64 x0>'];[];['<BV64 x0>'];[];[];0;18446744073709551615;18446744073709551615;1;;;True;0;18446744073709551615;18446744073709551615;1;;;False;ControlType.CONTROLLED;0;;0;[];[];[];[];[];[];[];0.0;0.0;0.0;0.0;;;False;0.0;0.0;0.0;0.0;;;False;ControlType.UNKNOWN;0;;0;[];[];[];[];[];[];[];0;0;0;;;;False;0.0;0.0;0.0;0.0;;;False;ControlType.UNKNOWN;0;<BV64 x0>;64;[('0x4e64', <Bool x0 + (x1 << 0x20 >> 0x20) >= x0 + 0x2>, 'Taken')];[];['<BV64 x0>'];[];['<BV64 x0>'];[];[];0.0;1.8446744073709552e+19;18446744073709551615;1;;;True;0.0;1.8446744073709552e+19;18446744073709551615;1;;;False;ControlType.CONTROLLED;0;<BV64 x0>;64;[('0x4e64', <Bool x0 + (x1 << 0x20 >> 0x20) >= x0 + 0x2>, 'Taken')];[];['<BV64 x0>'];[];['<BV64 x0>'];[];[];0.0;1.8446744073709552e+19;1.8446744073709552e+19;1.0;;;True;0.0;1.8446744073709552e+19;1.8446744073709552e+19;1.0;;;False;ControlType.CONTROLLED;0;<BV64 x0>;64;[];[];[];[];[];[];[];0;0;0;;;;False;0;0;0;;;;False;ControlType.UNKNOWN;0;[('0x4e64', <Bool x0 + (x1 << 0x20 >> 0x20) >= x0 + 0x2>, 'Taken'), ('0x802c', <Bool True>, 'Taken')];{'regs': ['<BV64 x0>', '<BV64 x1>'], 'indirect_regs': [], 'direct_regs': ['<BV64 x0>', '<BV64 x1>'], 'mem': [], 'const_mem': []};[];{'regs': [], 'indirect_regs': [], 'direct_regs': [], 'mem': [], 'const_mem': []};{'regs': ['<BV64 x0>'], 'indirect_regs': [], 'direct_regs': ['<BV64 x0>'], 'mem': [], 'const_mem': []};{'regs': ['<BV64 x0>', '<BV64 x1>'], 'indirect_regs': [], 'direct_regs': ['<BV64 x0>', '<BV64 x1>'], 'mem': [], 'const_mem': []};63.0;0.0;64.0;64.0;[];;;;BaseControlType.NO_BASE;BaseControlType.NO_BASE;BaseControlType.NO_BASE;2;BranchControlType.BRANCH_DEPENDS_ON_SECRET_VALUE;BranchControlType.BRANCH_INDEPENDENT_FROM_SECRET;20080;True;False;True;True;True;False;False;True;True;False;False;False;True;False;True;True;True;False;True;False;[];['has_valid_base'];True;False;True;True;True;False;False;True;True;False;False;False;True;False;True;True;True;False;True;False;[];['has_valid_base']
6e2c4106-8e61-4e9b-bd14-a72fcf4a49a4;__b64_ntop@@GLIBC_2.17;0x26c0;0x2718;0x0;TransmitterType.LOAD;12;0;False;['0x26c0', '0x26d4', '0x2710'];<BV64 0x1 + x0>;64;[];[];['<BV64 x0>'];[];['<BV64 x0>'];[];[];0;18446744073709551615;18446744073709551615;1;;;True;0;18446744073709551615;18446744073709551615;1;;;True;ControlType.CONTROLLED;0;<BV64 0x1>;64;[];[];[];[];[];[];[];1.0;1.0;0.0;1.0;;;True;1.0;1.0;0.0;1.0;;;True;ControlType.NO_CONTROL;0;<BV64 0x1>;64;[];[];[];[];[];[];[];1;1;0;1.0;;;True;1.0;1.0;0.0;1.0;;;True;ControlType.NO_CONTROL;0;<BV64 x0>;64;[];[];['<BV64 x0>'];[];['<BV64 x0>'];[];[];0.0;1.8446744073709552e+19;18446744073709551615;1;;;True;0.0;1.8446744073709552e+19;18446744073709551615;1;;;True;ControlType.CONTROLLED;0;<BV64 x0>;64;[];[];['<BV64 x0>'];[];['<BV64 x0>'];[];[];0.0;1.8446744073709552e+19;1.8446744073709552e+19;1.0;;;True;0.0;1.8446744073709552e+19;1.8446744073709552e+19;1.0;;;True;ControlType.CONTROLLED;0;<BV64 x0>;64;[];[];[];[];[];[];[];0;0;0;;;;False;0;0;0;;;;False;ControlType.UNKNOWN;0;[('0x26d0', <Bool x1 > 0x2>, 'Taken'), ('0x26e0', <Bool True>, 'Taken')];{'regs': ['<BV64 x1>'], 'indirect_regs': [], 'direct_regs': ['<BV64 x1>'], 'mem': [], 'const_mem': []};[];{'regs': [], 'indirect_regs': [], 'direct_regs': [], 'mem': [], 'const_mem': []};{'regs': ['<BV64 x0>'], 'indirect_regs': [], 'direct_regs': ['<BV64 x0>'], 'mem': [], 'const_mem': []};{'regs': ['<BV64 x0>', '<BV64 x1>'], 'indirect_regs': [], 'direct_regs': ['<BV64 x0>', '<BV64 x1>'], 'mem': [], 'const_mem': []};63.0;0.0;64.0;64.0;[];;;;BaseControlType.CONSTANT_BASE;BaseControlType.CONSTANT_BASE;BaseControlType.CONSTANT_BASE;2;BranchControlType.BRANCH_INDEPENDENT_FROM_SECRET;BranchControlType.BRANCH_INDEPENDENT_FROM_SECRET;10008;True;False;True;True;True;False;False;True;True;False;False;False;True;False;True;False;True;False;True;False;[];['has_valid_base'];True;False;True;True;True;False;False;True;True;False;False;False;True;False;True;False;True;False;True;False;[];['has_valid_base']
fdf785d9-06fb-4e03-be45-1ba35bd6a893;__sym_ston@@GLIBC_2.17;0x8870;0x88dc;0x0;TransmitterType.LOAD;14;0;False;['0x8870', '0x8894', '0x88d0', '0x88d4'];<BV64 x0>;64;[];[];['<BV64 x0>'];[];['<BV64 x0>'];[];[];0;18446744073709551615;18446744073709551615;1;;;True;0;18446744073709551615;18446744073709551615;1;;;True;ControlType.CONTROLLED;0;;0;[];[];[];[];[];[];[];0.0;0.0;0.0;0.0;;;False;0.0;0.0;0.0;0.0;;;False;ControlType.UNKNOWN;0;;0;[];[];[];[];[];[];[];0;0;0;;;;False;0.0;0.0;0.0;0.0;;;False;ControlType.UNKNOWN;0;<BV64 x0>;64;[];[];['<BV64 x0>'];[];['<BV64 x0>'];[];[];0.0;1.8446744073709552e+19;18446744073709551615;1;;;True;0.0;1.8446744073709552e+19;18446744073709551615;1;;;True;ControlType.CONTROLLED;0;<BV64 x0>;64;[];[];['<BV64 x0>'];[];['<BV64 x0>'];[];[];0.0;1.8446744073709552e+19;1.8446744073709552e+19;1.0;;;True;0.0;1.8446744073709552e+19;1.8446744073709552e+19;1.0;;;True;ControlType.CONTROLLED;0;<BV64 x0>;64;[];[];[];[];[];[];[];0;0;0;;;;False;0;0;0;;;;False;ControlType.UNKNOWN;0;[('0x8890', <Bool LOAD_64[<BV64 x0 + 0x8>]_24 == 0x0>, 'Taken'), ('0x8894', <Bool True>, 'Taken'), ('0x88d0', <Bool x2 != 0x0>, 'Taken')];"{'regs': ['<BV64 x0>', '<BV64 x2>'], 'indirect_regs': [""<BV64 x0>: ['0x8']""], 'direct_regs': ['<BV64 x2>'], 'mem': ['<BV64 x0 + 0x8>'], 'const_mem': []}";[];{'regs': [], 'indirect_regs': [], 'direct_regs': [], 'mem': [], 'const_mem': []};{'regs': ['<BV64 x0>'], 'indirect_regs': [], 'direct_regs': ['<BV64 x0>'], 'mem': [], 'const_mem': []};{'regs': ['<BV64 x0>', '<BV64 x2>'], 'indirect_regs': [], 'direct_regs': ['<BV64 x0>', '<BV64 x2>'], 'mem': ['<BV64 x0 + 0x8>'], 'const_mem': []};63.0;0.0;64.0;64.0;[];;;;BaseControlType.NO_BASE;BaseControlType.NO_BASE;BaseControlType.NO_BASE;3;BranchControlType.BRANCH_DEPENDS_ON_SECRET_VALUE;BranchControlType.BRANCH_INDEPENDENT_FROM_SECRET;35036;True;False;True;True;True;False;False;True;True;False;False;False;True;False;True;True;True;False;True;False;[];['has_valid_base'];True;False;True;True;True;False;False;True;True;False;False;False;True;False;True;True;True;False;True;False;[];['has_valid_base']
7bb34022-0926-4474-9dc5-6b15c40cbd5a;__fp_query@@GLIBC_2.17;0x862c;0x4e70;0x0;TransmitterType.LOAD;43;0;False;['0x862c', '0x7fe0', '0x4e30', '0x4e68'];<BV64 x0>;64;[('0x4e64', <Bool x0 + 0x200 >= x0 + 0x2>, 'Taken')];[];['<BV64 x0>'];[];['<BV64 x0>'];[];[];0;18446744073709551615;18446744073709551615;1;;;True;0;18446744073709551615;18446744073709551615;1;;;False;ControlType.CONTROLLED;0;;0;[];[];[];[];[];[];[];0.0;0.0;0.0;0.0;;;False;0.0;0.0;0.0;0.0;;;False;ControlType.UNKNOWN;0;;0;[];[];[];[];[];[];[];0;0;0;;;;False;0.0;0.0;0.0;0.0;;;False;ControlType.UNKNOWN;0;<BV64 x0>;64;[('0x4e64', <Bool x0 + 0x200 >= x0 + 0x2>, 'Taken')];[];['<BV64 x0>'];[];['<BV64 x0>'];[];[];0.0;1.8446744073709552e+19;18446744073709551615;1;;;True;0.0;1.8446744073709552e+19;18446744073709551615;1;;;False;ControlType.CONTROLLED;0;<BV64 x0>;64;[('0x4e64', <Bool x0 + 0x200 >= x0 + 0x2>, 'Taken')];[];['<BV64 x0>'];[];['<BV64 x0>'];[];[];0.0;1.8446744073709552e+19;1.8446744073709552e+19;1.0;;;True;0.0;1.8446744073709552e+19;1.8446744073709552e+19;1.0;;;False;ControlType.CONTROLLED;0;<BV64 x0>;64;[];[];[];[];[];[];[];0;0;0;;;;False;0;0;0;;;;False;ControlType.UNKNOWN;0;[('0x4e64', <Bool x0 + 0x200 >= x0 + 0x2>, 'Taken'), ('0x802c', <Bool True>, 'Taken'), ('0x8640', <Bool True>, 'Taken')];{'regs': ['<BV64 x0>'], 'indirect_regs': [], 'direct_regs': ['<BV64 x0>'], 'mem': [], 'const_mem': []};[];{'regs': [], 'indirect_regs': [], 'direct_regs': [], 'mem': [], 'const_mem': []};{'regs': ['<BV64 x0>'], 'indirect_regs': [], 'direct_regs': ['<BV64 x0>'], 'mem': [], 'const_mem': []};{'regs': ['<BV64 x0>'], 'indirect_regs': [], 'direct_regs': ['<BV64 x0>'], 'mem': [], 'const_mem': []};63.0;0.0;64.0;64.0;[];;;;BaseControlType.NO_BASE;BaseControlType.NO_BASE;BaseControlType.NO_BASE;3;BranchControlType.BRANCH_DEPENDS_ON_SECRET_VALUE;BranchControlType.BRANCH_INDEPENDENT_FROM_SECRET;20080;True;False;True;True;True;False;False;True;True;False;False;False;True;False;True;True;True;False;True;False;[];['has_valid_base'];True;False;True;True;True;False;False;True;True;False;False;False;True;False;True;True;True;False;True;False;[];['has_valid_base']
d9d068ab-6846-49c6-a337-153c8ea589f1;__loc_ntoa@@GLIBC_2.17;0x9288;0x92d4;0x0;TransmitterType.LOAD;20;0;False;['0x9288', '0x92b8'];<BV64 0x8 + x0>;64;[];[];['<BV64 x0>'];[];['<BV64 x0>'];[];[];0;18446744073709551615;18446744073709551615;1;;;True;0;18446744073709551615;18446744073709551615;1;;;True;ControlType.CONTROLLED;0;<BV64 0x8>;64;[];[];[];[];[];[];[];8.0;8.0;0.0;1.0;;;True;8.0;8.0;0.0;1.0;;;True;ControlType.NO_CONTROL;0;<BV64 0x8>;64;[];[];[];[];[];[];[];8;8;0;1.0;;;True;8.0;8.0;0.0;1.0;;;True;ControlType.NO_CONTROL;0;<BV64 x0>;64;[];[];['<BV64 x0>'];[];['<BV64 x0>'];[];[];0.0;1.8446744073709552e+19;18446744073709551615;1;;;True;0.0;1.8446744073709552e+19;18446744073709551615;1;;;True;ControlType.CONTROLLED;0;<BV64 x0>;64;[];[];['<BV64 x0>'];[];['<BV64 x0>'];[];[];0.0;1.8446744073709552e+19;1.8446744073709552e+19;1.0;;;True;0.0;1.8446744073709552e+19;1.8446744073709552e+19;1.0;;;True;ControlType.CONTROLLED;0;<BV64 x0>;64;[];[];[];[];[];[];[];0;0;0;;;;False;0;0;0;;;;False;ControlType.UNKNOWN;0;[('0x92b4', <Bool LOAD_8[<BV64 x0>]_24 == 0>, 'Taken')];"{'regs': ['<BV64 x0>'], 'indirect_regs': [""<BV64 x0>: ['0x0']""], 'direct_regs': [], 'mem': ['<BV64 x0>'], 'const_mem': []}";[];{'regs': [], 'indirect_regs': [], 'direct_regs': [], 'mem': [], 'const_mem': []};{'regs': ['<BV64 x0>'], 'indirect_regs': [], 'direct_regs': ['<BV64 x0>'], 'mem': [], 'const_mem': []};{'regs': ['<BV64 x0>'], 'indirect_regs': [], 'direct_regs': ['<BV64 x0>'], 'mem': ['<BV64 x0>'], 'const_mem': []};63.0;0.0;64.0;64.0;[];;;;BaseControlType.CONSTANT_BASE;BaseControlType.CONSTANT_BASE;BaseControlType.CONSTANT_BASE;1;BranchControlType.BRANCH_DEPENDS_ON_SECRET_VALUE;BranchControlType.BRANCH_INDEPENDENT_FROM_SECRET;37588;True;False;True;True;True;False;False;True;True;False;False;False;True;False;True;True;True;False;True;False;[];['has_valid_base'];True;False;True;True;True;False;False;True;True;False;False;False;True;False;True;True;True;False;True;False;[];['has_valid_base']
ca85a178-0338-4e96-8b7c-d4806d029bba;ns_parserr@@GLIBC_2.17;0x4f80;0x4fb8;0x0;TransmitterType.STORE;15;0;False;['0x4f80', '0x4f88', '0x4fb4'];<BV64 0x44 + x0>;64;[];[];['<BV64 x0>'];[];['<BV64 x0>'];[];[];0;18446744073709551615;18446744073709551615;1;;;True;0;18446744073709551615;18446744073709551615;1;;;True;ControlType.CONTROLLED;0;<BV64 0x44>;64;[];[];[];[];[];[];[];68.0;68.0;0.0;1.0;;;True;68.0;68.0;0.0;1.0;;;True;ControlType.NO_CONTROL;0;<BV64 0x44>;64;[];[];[];[];[];[];[];68;68;0;1.0;;;True;68.0;68.0;0.0;1.0;;;True;ControlType.NO_CONTROL;0;<BV64 x0>;64;[];[];['<BV64 x0>'];[];['<BV64 x0>'];[];[];0.0;1.8446744073709552e+19;18446744073709551615;1;;;True;0.0;1.8446744073709552e+19;18446744073709551615;1;;;True;ControlType.CONTROLLED;0;<BV64 x0>;64;[];[];['<BV64 x0>'];[];['<BV64 x0>'];[];[];0.0;1.8446744073709552e+19;1.8446744073709552e+19;1.0;;;True;0.0;1.8446744073709552e+19;1.8446744073709552e+19;1.0;;;True;ControlType.CONTROLLED;0;<BV64 x0>;64;[];[];[];[];[];[];[];0;0;0;;;;False;0;0;0;;;;False;ControlType.UNKNOWN;0;[('0x4f84', <Bool 0x3 >= x1[31:0]>, 'Taken'), ('0x4fb0', <Bool LOAD_32[<BV64 x0 + 0x40>]_26 != x1[31:0]>, 'Taken')];"{'regs': ['<BV64 x0>', '<BV64 x1>'], 'indirect_regs': [""<BV64 x0>: ['0x40']""], 'direct_regs': ['<BV64 x1>'], 'mem': ['<BV64 x0 + 0x40>'], 'const_mem': []}";[];{'regs': [], 'indirect_regs': [], 'direct_regs': [], 'mem': [], 'const_mem': []};{'regs': ['<BV64 x0>'], 'indirect_regs': [], 'direct_regs': ['<BV64 x0>'], 'mem': [], 'const_mem': []};{'regs': ['<BV64 x0>', '<BV64 x1>'], 'indirect_regs': [], 'direct_regs': ['<BV64 x0>', '<BV64 x1>'], 'mem': ['<BV64 x0 + 0x40>'], 'const_mem': []};63.0;0.0;64.0;64.0;[];;;;BaseControlType.CONSTANT_BASE;BaseControlType.CONSTANT_BASE;BaseControlType.CONSTANT_BASE;2;BranchControlType.BRANCH_DEPENDS_ON_SECRET_VALUE;BranchControlType.BRANCH_INDEPENDENT_FROM_SECRET;20408;True;False;True;True;True;False;False;True;True;False;False;False;True;False;True;True;True;False;True;False;[];['has_valid_base'];True;False;True;True;True;False;False;True;True;False;False;False;True;False;True;True;True;False;True;False;[];['has_valid_base']
8a152b4d-7a77-4733-ac27-c49147cd7338;__sym_ntop@@GLIBC_2.17;0x8980;0x89c4;0x0;TransmitterType.LOAD;14;0;False;['0x8980', '0x89ac', '0x89b8', '0x89bc'];<BV64 0x10 + x0>;64;[];[];['<BV64 x0>'];[];['<BV64 x0>'];[];[];0;18446744073709551615;18446744073709551615;1;;;True;0;18446744073709551615;18446744073709551615;1;;;True;ControlType.CONTROLLED;0;<BV64 0x10>;64;[];[];[];[];[];[];[];16.0;16.0;0.0;1.0;;;True;16.0;16.0;0.0;1.0;;;True;ControlType.NO_CONTROL;0;<BV64 0x10>;64;[];[];[];[];[];[];[];16;16;0;1.0;;;True;16.0;16.0;0.0;1.0;;;True;ControlType.NO_CONTROL;0;<BV64 x0>;64;[];[];['<BV64 x0>'];[];['<BV64 x0>'];[];[];0.0;1.8446744073709552e+19;18446744073709551615;1;;;True;0.0;1.8446744073709552e+19;18446744073709551615;1;;;True;ControlType.CONTROLLED;0;<BV64 x0>;64;[];[];['<BV64 x0>'];[];['<BV64 x0>'];[];[];0.0;1.8446744073709552e+19;1.8446744073709552e+19;1.0;;;True;0.0;1.8446744073709552e+19;1.8446744073709552e+19;1.0;;;True;ControlType.CONTROLLED;0;<BV64 x0>;64;[];[];[];[];[];[];[];0;0;0;;;;False;0;0;0;;;;False;ControlType.UNKNOWN;0;[('0x8998', <Bool LOAD_64[<BV64 x0 + 0x8>]_24 != 0x0>, 'Taken'), ('0x89b4', <Bool LOAD_32[<BV64 x0>]_26 == x1[31:0]>, 'Taken'), ('0x89b8', <Bool x2 != 0x0>, 'Taken')];"{'regs': ['<BV64 x0>', '<BV64 x1>', '<BV64 x2>'], 'indirect_regs': [""<BV64 x0>: ['0x0', '0x8']""], 'direct_regs': ['<BV64 x1>', '<BV64 x2>'], 'mem': ['<BV64 x0 + 0x8>', '<BV64 x0>'], 'const_mem': []}";[];{'regs': [], 'indirect_regs': [], 'direct_regs': [], 'mem': [], 'const_mem': []};{'regs': ['<BV64 x0>'], 'indirect_regs': [], 'direct_regs': ['<BV64 x0>'], 'mem': [], 'const_mem': []};{'regs': ['<BV64 x0>', '<BV64 x1>', '<BV64 x2>'], 'indirect_regs': [], 'direct_regs': ['<BV64 x0>', '<BV64 x1>', '<BV64 x2>'], 'mem': ['<BV64 x0 + 0x8>', '<BV64 x0>'], 'const_mem': []};63.0;0.0;64.0;64.0;[];;;;BaseControlType.CONSTANT_BASE;BaseControlType.CONSTANT_BASE;BaseControlType.CONSTANT_BASE;3;BranchControlType.BRANCH_DEPENDS_ON_SECRET_VALUE;BranchControlType.BRANCH_INDEPENDENT_FROM_SECRET;35268;True;False;True;True;True;False;False;True;True;False;False;False;True;False;True;True;True;False;True;False;[];['has_valid_base'];True;False;True;True;True;False;False;True;True;False;False;False;True;False;True;True;True;False;True;False;[];['has_valid_base']
9fb4f18f-511d-472a-9b95-ca83a255386e;__b64_ntop@@GLIBC_2.17;0x26c0;0x2734;0x0;TransmitterType.LOAD;19;0;False;['0x26c0', '0x26d4', '0x2710'];<BV64 0x2 + x0>;64;[];[];['<BV64 x0>'];[];['<BV64 x0>'];[];[];0;18446744073709551615;18446744073709551615;1;;;True;0;18446744073709551615;18446744073709551615;1;;;True;ControlType.CONTROLLED;0;<BV64 0x2>;64;[];[];[];[];[];[];[];2.0;2.0;0.0;1.0;;;True;2.0;2.0;0.0;1.0;;;True;ControlType.NO_CONTROL;0;<BV64 0x2>;64;[];[];[];[];[];[];[];2;2;0;1.0;;;True;2.0;2.0;0.0;1.0;;;True;ControlType.NO_CONTROL;0;<BV64 x0>;64;[];[];['<BV64 x0>'];[];['<BV64 x0>'];[];[];0.0;1.8446744073709552e+19;18446744073709551615;1;;;True;0.0;1.8446744073709552e+19;18446744073709551615;1;;;True;ControlType.CONTROLLED;0;<BV64 x0>;64;[];[];['<BV64 x0>'];[];['<BV64 x0>'];[];[];0.0;1.8446744073709552e+19;1.8446744073709552e+19;1.0;;;True;0.0;1.8446744073709552e+19;1.8446744073709552e+19;1.0;;;True;ControlType.CONTROLLED;0;<BV64 x0>;64;[];[];[];[];[];[];[];0;0;0;;;;False;0;0;0;;;;False;ControlType.UNKNOWN;0;[('0x26d0', <Bool x1 > 0x2>, 'Taken'), ('0x26e0', <Bool True>, 'Taken')];{'regs': ['<BV64 x1>'], 'indirect_regs': [], 'direct_regs': ['<BV64 x1>'], 'mem': [], 'const_mem': []};[];{'regs': [], 'indirect_regs': [], 'direct_regs': [], 'mem': [], 'const_mem': []};{'regs': ['<BV64 x0>'], 'indirect_regs': [], 'direct_regs': ['<BV64 x0>'], 'mem': [], 'const_mem': []};{'regs': ['<BV64 x0>', '<BV64 x1>'], 'indirect_regs': [], 'direct_regs': ['<BV64 x0>', '<BV64 x1>'], 'mem': [], 'const_mem': []};63.0;0.0;64.0;64.0;[];;;;BaseControlType.CONSTANT_BASE;BaseControlType.CONSTANT_BASE;BaseControlType.CONSTANT_BASE;2;BranchControlType.BRANCH_INDEPENDENT_FROM_SECRET;BranchControlType.BRANCH_INDEPENDENT_FROM_SECRET;10036;True;False;True;True;True;False;False;True;True;False;False;False;True;False;True;False;True;False;True;False;[];['has_valid_base'];True;False;True;True;True;False;False;True;True;False;False;False;True;False;True;False;True;False;True;False;[];['has_valid_base']
836edab0-c11f-408f-9a12-84b6f9e3371b;__loc_ntoa@@GLIBC_2.17;0x9288;0x92d8;0x0;TransmitterType.LOAD;21;0;False;['0x9288', '0x92b8'];<BV64 0xc + x0>;64;[];[];['<BV64 x0>'];[];['<BV64 x0>'];[];[];0;18446744073709551615;18446744073709551615;1;;;True;0;18446744073709551615;18446744073709551615;1;;;True;ControlType.CONTROLLED;0;<BV64 0xc>;64;[];[];[];[];[];[];[];12.0;12.0;0.0;1.0;;;True;12.0;12.0;0.0;1.0;;;True;ControlType.NO_CONTROL;0;<BV64 0xc>;64;[];[];[];[];[];[];[];12;12;0;1.0;;;True;12.0;12.0;0.0;1.0;;;True;ControlType.NO_CONTROL;0;<BV64 x0>;64;[];[];['<BV64 x0>'];[];['<BV64 x0>'];[];[];0.0;1.8446744073709552e+19;18446744073709551615;1;;;True;0.0;1.8446744073709552e+19;18446744073709551615;1;;;True;ControlType.CONTROLLED;0;<BV64 x0>;64;[];[];['<BV64 x0>'];[];['<BV64 x0>'];[];[];0.0;1.8446744073709552e+19;1.8446744073709552e+19;1.0;;;True;0.0;1.8446744073709552e+19;1.8446744073709552e+19;1.0;;;True;ControlType.CONTROLLED;0;<BV64 x0>;64;[];[];[];[];[];[];[];0;0;0;;;;False;0;0;0;;;;False;ControlType.UNKNOWN;0;[('0x92b4', <Bool LOAD_8[<BV64 x0>]_24 == 0>, 'Taken')];"{'regs': ['<BV64 x0>'], 'indirect_regs': [""<BV64 x0>: ['0x0']""], 'direct_regs': [], 'mem': ['<BV64 x0>'], 'const_mem': []}";[];{'regs': [], 'indirect_regs': [], 'direct_regs': [], 'mem': [], 'const_mem': []};{'regs': ['<BV64 x0>'], 'indirect_regs': [], 'direct_regs': ['<BV64 x0>'], 'mem': [], 'const_mem': []};{'regs': ['<BV64 x0>'], 'indirect_regs': [], 'direct_regs': ['<BV64 x0>'], 'mem': ['<BV64 x0>'], 'const_mem': []};63.0;0.0;64.0;64.0;[];;;;BaseControlType.CONSTANT_BASE;BaseControlType.CONSTANT_BASE;BaseControlType.CONSTANT_BASE;1;BranchControlType.BRANCH_DEPENDS_ON_SECRET_VALUE;BranchControlType.BRANCH_INDEPENDENT_FROM_SECRET;37592;True;False;True;True;True;False;False;True;True;False;False;False;True;False;True;True;True;False;True;False;[];['has_valid_base'];True;False;True;True;True;False;False;True;True;False;False;False;True;False;True;True;True;False;True;False;[];['has_valid_base']
5cf92c6a-77de-442c-aaf9-bba5fb12eb0c;__res_isourserver@@GLIBC_2.17;0x99e0;0x9ac4;0x0;TransmitterType.LOAD;14;0;False;['0x99e0', '0x9ac0'];<BV64 0x4 + x0>;64;[];[];['<BV64 x0>'];[];['<BV64 x0>'];[];[];0;18446744073709551615;18446744073709551615;1;;;True;0;18446744073709551615;18446744073709551615;1;;;True;ControlType.CONTROLLED;0;<BV64 0x4>;64;[];[];[];[];[];[];[];4.0;4.0;0.0;1.0;;;True;4.0;4.0;0.0;1.0;;;True;ControlType.NO_CONTROL;0;<BV64 0x4>;64;[];[];[];[];[];[];[];4;4;0;1.0;;;True;4.0;4.0;0.0;1.0;;;True;ControlType.NO_CONTROL;0;<BV64 x0>;64;[];[];['<BV64 x0>'];[];['<BV64 x0>'];[];[];0.0;1.8446744073709552e+19;18446744073709551615;1;;;True;0.0;1.8446744073709552e+19;18446744073709551615;1;;;True;ControlType.CONTROLLED;0;<BV64 x0>;64;[];[];['<BV64 x0>'];[];['<BV64 x0>'];[];[];0.0;1.8446744073709552e+19;1.8446744073709552e+19;1.0;;;True;0.0;1.8446744073709552e+19;1.8446744073709552e+19;1.0;;;True;ControlType.CONTROLLED;0;<BV64 x0>;64;[];[];[];[];[];[];[];0;0;0;;;;False;0;0;0;;;;False;ControlType.UNKNOWN;0;[('0x9a0c', <Bool LOAD_16[<BV64 x0>]_27 == 0x2>, 'Taken')];"{'regs': ['<BV64 x0>'], 'indirect_regs': [""<BV64 x0>: ['0x0']""], 'direct_regs': [], 'mem': ['<BV64 x0>'], 'const_mem': []}";[];{'regs': [], 'indirect_regs': [], 'direct_regs': [], 'mem': [], 'const_mem': []};{'regs': ['<BV64 x0>'], 'indirect_regs': [], 'direct_regs': ['<BV64 x0>'], 'mem': [], 'const_mem': []};{'regs': ['<BV64 x0>'], 'indirect_regs': [], 'direct_regs': ['<BV64 x0>'], 'mem': ['<BV64 x0>'], 'const_mem': []};63.0;0.0;64.0;64.0;[];;;;BaseControlType.CONSTANT_BASE;BaseControlType.CONSTANT_BASE;BaseControlType.CONSTANT_BASE;1;BranchControlType.BRANCH_DEPENDS_ON_SECRET_VALUE;BranchControlType.BRANCH_INDEPENDENT_FROM_SECRET;39620;True;False;True;True;True;False;False;True;True;False;False;False;True;False;True;True;True;False;True;False;[];['has_valid_base'];True;False;True;True;True;False;False;True;True;False;False;False;True;False;True;True;True;False;True;False;[];['has_valid_base']
5c6abff0-acc1-42de-bb97-bd18b41f8028;__sym_ston@@GLIBC_2.17;0x8870;0x88c0;0x0;TransmitterType.LOAD;13;0;False;['0x8870', '0x8894', '0x88d0', '0x88bc'];<BV64 x0>;64;[];[];['<BV64 x0>'];[];['<BV64 x0>'];[];[];0;18446744073709551615;18446744073709551615;1;;;True;0;18446744073709551615;18446744073709551615;1;;;True;ControlType.CONTROLLED;0;;0;[];[];[];[];[];[];[];0.0;0.0;0.0;0.0;;;False;0.0;0.0;0.0;0.0;;;False;ControlType.UNKNOWN;0;;0;[];[];[];[];[];[];[];0;0;0;;;;False;0.0;0.0;0.0;0.0;;;False;ControlType.UNKNOWN;0;<BV64 x0>;64;[];[];['<BV64 x0>'];[];['<BV64 x0>'];[];[];0.0;1.8446744073709552e+19;18446744073709551615;1;;;True;0.0;1.8446744073709552e+19;18446744073709551615;1;;;True;ControlType.CONTROLLED;0;<BV64 x0>;64;[];[];['<BV64 x0>'];[];['<BV64 x0>'];[];[];0.0;1.8446744073709552e+19;1.8446744073709552e+19;1.0;;;True;0.0;1.8446744073709552e+19;1.8446744073709552e+19;1.0;;;True;ControlType.CONTROLLED;0;<BV64 x0>;64;[];[];[];[];[];[];[];0;0;0;;;;False;0;0;0;;;;False;ControlType.UNKNOWN;0;[('0x8890', <Bool LOAD_64[<BV64 x0 + 0x8>]_24 == 0x0>, 'Taken'), ('0x8894', <Bool True>, 'Taken'), ('0x88d0', <Bool x2 == 0x0>, 'Taken')];"{'regs': ['<BV64 x0>', '<BV64 x2>'], 'indirect_regs': [""<BV64 x0>: ['0x8']""], 'direct_regs': ['<BV64 x2>'], 'mem': ['<BV64 x0 + 0x8>'], 'const_mem': []}";[];{'regs': [], 'indirect_regs': [], 'direct_regs': [], 'mem': [], 'const_mem': []};{'regs': ['<BV64 x0>'], 'indirect_regs': [], 'direct_regs': ['<BV64 x0>'], 'mem': [], 'const_mem': []};{'regs': ['<BV64 x0>', '<BV64 x2>'], 'indirect_regs': [], 'direct_regs': ['<BV64 x0>', '<BV64 x2>'], 'mem': ['<BV64 x0 + 0x8>'], 'const_mem': []};63.0;0.0;64.0;64.0;[];;;;BaseControlType.NO_BASE;BaseControlType.NO_BASE;BaseControlType.NO_BASE;3;BranchControlType.BRANCH_DEPENDS_ON_SECRET_VALUE;BranchControlType.BRANCH_INDEPENDENT_FROM_SECRET;35008;True;False;True;True;True;False;False;True;True;False;False;False;True;False;True;True;True;False;True;False;[];['has_valid_base'];True;False;True;True;True;False;False;True;True;False;False;False;True;False;True;True;True;False;True;False;[];['has_valid_base']
084bf1bd-9a02-496f-bab3-2ac814bf46f1;__sym_ntos@@GLIBC_2.17;0x88ec;0x8910;0x0;TransmitterType.LOAD;13;0;False;['0x88ec', '0x8918', '0x8910'];<BV64 0x20 + x0>;64;[];[];['<BV64 x0>'];[];['<BV64 x0>'];[];[];0;18446744073709551615;18446744073709551615;1;;;True;0;18446744073709551615;18446744073709551615;1;;;True;ControlType.CONTROLLED;0;<BV64 0x20>;64;[];[];[];[];[];[];[];32.0;32.0;0.0;1.0;;;True;32.0;32.0;0.0;1.0;;;True;ControlType.NO_CONTROL;0;<BV64 0x20>;64;[];[];[];[];[];[];[];32;32;0;1.0;;;True;32.0;32.0;0.0;1.0;;;True;ControlType.NO_CONTROL;0;<BV64 x0>;64;[];[];['<BV64 x0>'];[];['<BV64 x0>'];[];[];0.0;1.8446744073709552e+19;18446744073709551615;1;;;True;0.0;1.8446744073709552e+19;18446744073709551615;1;;;True;ControlType.CONTROLLED;0;<BV64 x0>;64;[];[];['<BV64 x0>'];[];['<BV64 x0>'];[];[];0.0;1.8446744073709552e+19;1.8446744073709552e+19;1.0;;;True;0.0;1.8446744073709552e+19;1.8446744073709552e+19;1.0;;;True;ControlType.CONTROLLED;0;<BV64 x0>;64;[];[];[];[];[];[];[];0;0;0;;;;False;0;0;0;;;;False;ControlType.UNKNOWN;0;[('0x8908', <Bool LOAD_64[<BV64 x0 + 0x8>]_24 != 0x0>, 'Taken'), ('0x8924', <Bool LOAD_32[<BV64 x0>]_26 != x1[31:0]>, 'Taken')];"{'regs': ['<BV64 x0>', '<BV64 x1>'], 'indirect_regs': [""<BV64 x0>: ['0x0', '0x8']""], 'direct_regs': ['<BV64 x1>'], 'mem': ['<BV64 x0 + 0x8>', '<BV64 x0>'], 'const_mem': []}";[];{'regs': [], 'indirect_regs': [], 'direct_regs': [], 'mem': [], 'const_mem': []};{'regs': ['<BV64 x0>'], 'indirect_regs': [], 'direct_regs': ['<BV64 x0>'], 'mem': [], 'const_mem': []};{'regs': ['<BV64 x0>', '<BV64 x1>'], 'indirect_regs': [], 'direct_regs': ['<BV64 x0>', '<BV64 x1>'], 'mem': ['<BV64 x0 + 0x8>', '<BV64 x0>'], 'const_mem': []};63.0;0.0;64.0;64.0;[];;;;BaseControlType.CONSTANT_BASE;BaseControlType.CONSTANT_BASE;BaseControlType.CONSTANT_BASE;2;BranchControlType.BRANCH_DEPENDS_ON_SECRET_VALUE;BranchControlType.BRANCH_INDEPENDENT_FROM_SECRET;35088;True;False;True;True;True;False;False;True;True;False;False;False;True;False;True;True;True;False;True;False;[];['has_valid_base'];True;False;True;True;True;False;False;True;True;False;False;False;True;False;True;True;True;False;True;False;[];['has_valid_base']
246396d6-2906-41eb-8452-cb9167e004bb;__fp_query@@GLIBC_2.17;0x862c;0x4e90;0x0;TransmitterType.LOAD;51;0;False;['0x862c', '0x7fe0', '0x4e30', '0x4e68', '0x4e84'];<BV64 0x2 + x0>;64;[('0x4e64', <Bool x0 + 0x200 >= x0 + 0x2>, 'Taken'), ('0x4e80', <Bool 0x200 + x0 >= x0 + 0x4>, 'Taken')];[];['<BV64 x0>'];[];['<BV64 x0>'];[];[];0;18446744073709551615;18446744073709551615;1;;;True;0;18446744073709551105;18446744073709551105;1;;;True;ControlType.CONTROLLED;0;<BV64 0x2>;64;[];[];[];[];[];[];[];2.0;2.0;0.0;1.0;;;True;2.0;2.0;0.0;1.0;;;True;ControlType.NO_CONTROL;0;<BV64 0x2>;64;[];[];[];[];[];[];[];2;2;0;1.0;;;True;2.0;2.0;0.0;1.0;;;True;ControlType.NO_CONTROL;0;<BV64 x0>;64;[('0x4e64', <Bool x0 + 0x200 >= x0 + 0x2>, 'Taken'), ('0x4e80', <Bool 0x200 + x0 >= x0 + 0x4>, 'Taken')];[];['<BV64 x0>'];[];['<BV64 x0>'];[];[];0.0;1.8446744073709552e+19;18446744073709551615;1;;;True;0.0;1.8446744073709552e+19;18446744073709551615;1;;;False;ControlType.CONTROLLED;0;<BV64 x0>;64;[('0x4e64', <Bool x0 + 0x200 >= x0 + 0x2>, 'Taken'), ('0x4e80', <Bool 0x200 + x0 >= x0 + 0x4>, 'Taken')];[];['<BV64 x0>'];[];['<BV64 x0>'];[];[];0.0;1.8446744073709552e+19;1.8446744073709552e+19;1.0;;;True;0.0;1.8446744073709552e+19;1.8446744073709552e+19;1.0;;;False;ControlType.CONTROLLED;0;<BV64 x0>;64;[];[];[];[];[];[];[];0;0;0;;;;False;0;0;0;;;;False;ControlType.UNKNOWN;0;[('0x4e64', <Bool x0 + 0x200 >= x0 + 0x2>, 'Taken'), ('0x4e80', <Bool 0x200 + x0 >= x0 + 0x4>, 'Taken'), ('0x802c', <Bool True>, 'Taken'), ('0x8640', <Bool True>, 'Taken')];{'regs': ['<BV64 x0>'], 'indirect_regs': [], 'direct_regs': ['<BV64 x0>'], 'mem': [], 'const_mem': []};[];{'regs': [], 'indirect_regs': [], 'direct_regs': [], 'mem': [], 'const_mem': []};{'regs': ['<BV64 x0>'], 'indirect_regs': [], 'direct_regs': ['<BV64 x0>'], 'mem': [], 'const_mem': []};{'regs': ['<BV64 x0>'], 'indirect_regs': [], 'direct_regs': ['<BV64 x0>'], 'mem': [], 'const_mem': []};63.0;0.0;64.0;64.0;[];;;;BaseControlType.CONSTANT_BASE;BaseControlType.CONSTANT_BASE;BaseControlType.CONSTANT_BASE;4;BranchControlType.BRANCH_DEPENDS_ON_SECRET_VALUE;BranchControlType.BRANCH_INDEPENDENT_FROM_SECRET;20112;True;False;True;True;True;False;False;True;True;False;False;False;True;False;True;True;True;False;True;False;[];['has_valid_base'];True;False;True;True;True;False;False;True;True;False;False;False;True;False;True;True;True;False;True;False;[];['has_valid_base']
3a8d3c2f-4b0a-4038-859f-f0988008eb46;ns_initparse@@GLIBC_2.17;0x4e30;0x4e90;0x0;TransmitterType.LOAD;25;0;False;['0x4e30', '0x4e68', '0x4e84'];<BV64 0x2 + x0>;64;[('0x4e64', <Bool x0 + (x1 << 0x20 >> 0x20) >= x0 + 0x2>, 'Taken'), ('0x4e80', <Bool x0 + ((x1[31:0] .. 0x0) >> 0x20) >= x0 + 0x4>, 'Taken')];[];['<BV64 x0>'];[];['<BV64 x0>'];[];[];0;18446744073709551615;18446744073709551615;1;;;True;0;18446744073709551615;18446744073709551615;1;;;False;ControlType.CONTROLLED;0;<BV64 0x2>;64;[];[];[];[];[];[];[];2.0;2.0;0.0;1.0;;;True;2.0;2.0;0.0;1.0;;;True;ControlType.NO_CONTROL;0;<BV64 0x2>;64;[];[];[];[];[];[];[];2;2;0;1.0;;;True;2.0;2.0;0.0;1.0;;;True;ControlType.NO_CONTROL;0;<BV64 x0>;64;[('0x4e64', <Bool x0 + (x1 << 0x20 >> 0x20) >= x0 + 0x2>, 'Taken'), ('0x4e80', <Bool x0 + ((x1[31:0] .. 0x0) >> 0x20) >= x0 + 0x4>, 'Taken')];[];['<BV64 x0>'];[];['<BV64 x0>'];[];[];0.0;1.8446744073709552e+19;18446744073709551615;1;;;True;0.0;1.8446744073709552e+19;18446744073709551615;1;;;False;ControlType.CONTROLLED;0;<BV64 x0>;64;[('0x4e64', <Bool x0 + (x1 << 0x20 >> 0x20) >= x0 + 0x2>, 'Taken'), ('0x4e80', <Bool x0 + ((x1[31:0] .. 0x0) >> 0x20) >= x0 + 0x4>, 'Taken')];[];['<BV64 x0>'];[];['<BV64 x0>'];[];[];0.0;1.8446744073709552e+19;1.8446744073709552e+19;1.0;;;True;0.0;1.8446744073709552e+19;1.8446744073709552e+19;1.0;;;False;ControlType.CONTROLLED;0;<BV64 x0>;64;[];[];[];[];[];[];[];0;0;0;;;;False;0;0;0;;;;False;ControlType.UNKNOWN;0;[('0x4e64', <Bool x0 + (x1 << 0x20 >> 0x20) >= x0 + 0x2>, 'Taken'), ('0x4e80', <Bool x0 + ((x1[31:0] .. 0x0) >> 0x20) >= x0 + 0x4>, 'Taken')];{'regs': ['<BV64 x0>', '<BV64 x1>'], 'indirect_regs': [], 'direct_regs': ['<BV64 x0>', '<BV64 x1>'], 'mem': [], 'const_mem': []};[];{'regs': [], 'indirect_regs': [], 'direct_regs': [], 'mem': [], 'const_mem': []};{'regs': ['<BV64 x0>'], 'indirect_regs': [], 'direct_regs': ['<BV64 x0>'], 'mem': [], 'const_mem': []};{'regs': ['<BV64 x0>', '<BV64 x1>'], 'indirect_regs': [], 'direct_regs': ['<BV64 x0>', '<BV64 x1>'], 'mem': [], 'const_mem': []};63.0;0.0;64.0;64.0;[];;;;BaseControlType.CONSTANT_BASE;BaseControlType.CONSTANT_BASE;BaseControlType.CONSTANT_BASE;2;BranchControlType.BRANCH_DEPENDS_ON_SECRET_VALUE;BranchControlType.BRANCH_INDEPENDENT_FROM_SECRET;20112;True;False;True;True;True;False;False;True;True;False;False;False;True;False;True;True;True;False;True;False;[];['has_valid_base'];True;False;True;True;True;False;False;True;True;False;False;False;True;False;True;True;True;False;True;False;[];['has_valid_base']
5f8ffc20-d1df-4b87-bd16-4e21ec62c695;__fp_nquery@@GLIBC_2.17;0x7fe0;0x4e90;0x0;TransmitterType.LOAD;45;0;False;['0x7fe0', '0x4e30', '0x4e68', '0x4e84'];<BV64 0x2 + x0>;64;[('0x4e64', <Bool x0 + (x1 << 0x20 >> 0x20) >= x0 + 0x2>, 'Taken'), ('0x4e80', <Bool x0 + ((x1[31:0] .. 0x0) >> 0x20) >= x0 + 0x4>, 'Taken')];[];['<BV64 x0>'];[];['<BV64 x0>'];[];[];0;18446744073709551615;18446744073709551615;1;;;True;0;18446744073709551615;18446744073709551615;1;;;False;ControlType.CONTROLLED;0;<BV64 0x2>;64;[];[];[];[];[];[];[];2.0;2.0;0.0;1.0;;;True;2.0;2.0;0.0;1.0;;;True;ControlType.NO_CONTROL;0;<BV64 0x2>;64;[];[];[];[];[];[];[];2;2;0;1.0;;;True;2.0;2.0;0.0;1.0;;;True;ControlType.NO_CONTROL;0;<BV64 x0>;64;[('0x4e64', <Bool x0 + (x1 << 0x20 >> 0x20) >= x0 + 0x2>, 'Taken'), ('0x4e80', <Bool x0 + ((x1[31:0] .. 0x0) >> 0x20) >= x0 + 0x4>, 'Taken')];[];['<BV64 x0>'];[];['<BV64 x0>'];[];[];0.0;1.8446744073709552e+19;18446744073709551615;1;;;True;0.0;1.8446744073709552e+19;18446744073709551615;1;;;False;ControlType.CONTROLLED;0;<BV64 x0>;64;[('0x4e64', <Bool x0 + (x1 << 0x20 >> 0x20) >= x0 + 0x2>, 'Taken'), ('0x4e80', <Bool x0 + ((x1[31:0] .. 0x0) >> 0x20) >= x0 + 0x4>, 'Taken')];[];['<BV64 x0>'];[];['<BV64 x0>'];[];[];0.0;1.8446744073709552e+19;1.8446744073709552e+19;1.0;;;True;0.0;1.8446744073709552e+19;1.8446744073709552e+19;1.0;;;False;ControlType.CONTROLLED;0;<BV64 x0>;64;[];[];[];[];[];[];[];0;0;0;;;;False;0;0;0;;;;False;ControlType.UNKNOWN;0;[('0x4e64', <Bool x0 + (x1 << 0x20 >> 0x20) >= x0 + 0x2>, 'Taken'), ('0x4e80', <Bool x0 + ((x1[31:0] .. 0x0) >> 0x20) >= x0 + 0x4>, 'Taken'), ('0x802c', <Bool True>, 'Taken')];{'regs': ['<BV64 x0>', '<BV64 x1>'], 'indirect_regs': [], 'direct_regs': ['<BV64 x0>', '<BV64 x1>'], 'mem': [], 'const_mem': []};[];{'regs': [], 'indirect_regs': [], 'direct_regs': [], 'mem': [], 'const_mem': []};{'regs': ['<BV64 x0>'], 'indirect_regs': [], 'direct_regs': ['<BV64 x0>'], 'mem': [], 'const_mem': []};{'regs': ['<BV64 x0>', '<BV64 x1>'], 'indirect_regs': [], 'direct_regs': ['<BV64 x0>', '<BV64 x1>'], 'mem': [], 'const_mem': []};63.0;0.0;64.0;64.0;[];;;;BaseControlType.CONSTANT_BASE;BaseControlType.CONSTANT_BASE;BaseControlType.CONSTANT_BASE;3;BranchControlType.BRANCH_DEPENDS_ON_SECRET_VALUE;BranchControlType.BRANCH_INDEPENDENT_FROM_SECRET;20112;True;False;True;True;True;False;False;True;True;False;False;False;True;False;True;True;True;False;True;False;[];['has_valid_base'];True;False;True;True;True;False;False;True;True;False;False;False;True;False;True;True;True;False;True;False;[];['has_valid_base']
5d1f0199-9898-4178-bd52-87ef43a08746;__b64_ntop@@GLIBC_2.17;0x26c0;0x26e4;0x2710;TransmitterType.LOAD;24;1;False;['0x26c0', '0x26d4', '0x2710', '0x26e4'];<BV64 0x9ba0 + (0#58 .. LOAD_8[<BV64 x0>]_22[7:2])>;64;[];[];['<BV64 x0>'];"[""<BV64 x0>: ['0x0']""]";[];['<BV64 x0>'];[];39840;39903;63;1;;;True;39840;39903;63;1;;;True;ControlType.CONTROLLED;1;<BV64 0x9ba0>;64;[];[];[];[];[];[];[];39840.0;39840.0;0.0;1.0;;;True;39840.0;39840.0;0.0;1.0;;;True;ControlType.NO_CONTROL;0;<BV64 0x9ba0>;64;[];[];[];[];[];[];[];39840;39840;0;1.0;;;True;39840.0;39840.0;0.0;1.0;;;True;ControlType.NO_CONTROL;0;<BV64 0#58 .. LOAD_8[<BV64 x0>]_22[7:2]>;64;[];[];['<BV64 x0>'];"[""<BV64 x0>: ['0x0']""]";[];['<BV64 x0>'];[];0.0;63.0;63;1;;;True;0.0;63.0;63;1;;;True;ControlType.CONTROLLED;1;<BV64 x0>;64;[];[];['<BV64 x0>'];[];['<BV64 x0>'];[];[];0.0;1.8446744073709552e+19;1.8446744073709552e+19;1.0;;;True;0.0;1.8446744073709552e+19;1.8446744073709552e+19;1.0;;;True;ControlType.CONTROLLED;0;<BV8 LOAD_8[<BV64 x0>]_22>;8;[];[];[];[];[];[];[];0;0;0;;;;False;0;0;0;;;;False;ControlType.UNKNOWN;1;[('0x26d0', <Bool x1 > 0x2>, 'Taken'), ('0x26e0', <Bool True>, 'Taken'), ('0x2744', <Bool 0x4 <= x3>, 'Taken')];{'regs': ['<BV64 x1>', '<BV64 x3>'], 'indirect_regs': [], 'direct_regs': ['<BV64 x1>', '<BV64 x3>'], 'mem': [], 'const_mem': []};[];{'regs': [], 'indirect_regs': [], 'direct_regs': [], 'mem': [], 'const_mem': []};{'regs': ['<BV64 x0>'], 'indirect_regs': [], 'direct_regs': ['<BV64 x0>'], 'mem': ['<BV64 x0>'], 'const_mem': []};{'regs': ['<BV64 x0>', '<BV64 x1>', '<BV64 x3>'], 'indirect_regs': [], 'direct_regs': ['<BV64 x0>', '<BV64 x1>', '<BV64 x3>'], 'mem': ['<BV64 x0>'], 'const_mem': []};5.0;0.0;6.0;6.0;[];;;;BaseControlType.CONSTANT_BASE;BaseControlType.CONSTANT_BASE;BaseControlType.CONSTANT_BASE;3;BranchControlType.BRANCH_INDEPENDENT_FROM_SECRET;BranchControlType.BRANCH_INDEPENDENT_FROM_SECRET;9956;True;False;True;True;True;True;False;False;True;False;False;False;True;False;False;False;True;False;True;False;[];['has_valid_base', 'secret_below_cache_granularity'];True;False;True;True;True;True;False;False;True;False;False;False;True;False;False;False;True;False;True;False;[];['has_valid_base', 'secret_below_cache_granularity']
60c796f9-5d8d-42e0-a0c9-93ae008f3e0a;__loc_ntoa@@GLIBC_2.17;0x9288;0x92dc;0x0;TransmitterType.LOAD;22;0;False;['0x9288', '0x92b8'];<BV64 0x1 + x0>;64;[];[];['<BV64 x0>'];[];['<BV64 x0>'];[];[];0;18446744073709551615;18446744073709551615;1;;;True;0;18446744073709551615;18446744073709551615;1;;;True;ControlType.CONTROLLED;0;<BV64 0x1>;64;[];[];[];[];[];[];[];1.0;1.0;0.0;1.0;;;True;1.0;1.0;0.0;1.0;;;True;ControlType.NO_CONTROL;0;<BV64 0x1>;64;[];[];[];[];[];[];[];1;1;0;1.0;;;True;1.0;1.0;0.0;1.0;;;True;ControlType.NO_CONTROL;0;<BV64 x0>;64;[];[];['<BV64 x0>'];[];['<BV64 x0>'];[];[];0.0;1.8446744073709552e+19;18446744073709551615;1;;;True;0.0;1.8446744073709552e+19;18446744073709551615;1;;;True;ControlType.CONTROLLED;0;<BV64 x0>;64;[];[];['<BV64 x0>'];[];['<BV64 x0>'];[];[];0.0;1.8446744073709552e+19;1.8446744073709552e+19;1.0;;;True;0.0;1.8446744073709552e+19;1.8446744073709552e+19;1.0;;;True;ControlType.CONTROLLED;0;<BV64 x0>;64;[];[];[];[];[];[];[];0;0;0;;;;False;0;0;0;;;;False;ControlType.UNKNOWN;0;[('0x92b4', <Bool LOAD_8[<BV64 x0>]_24 == 0>, 'Taken')];"{'regs': ['<BV64 x0>'], 'indirect_regs': [""<BV64 x0>: ['0x0']""], 'direct_regs': [], 'mem': ['<BV64 x0>'], 'const_mem': []}";[];{'regs': [], 'indirect_regs': [], 'direct_regs': [], 'mem': [], 'const_mem': []};{'regs': ['<BV64 x0>'], 'indirect_regs': [], 'direct_regs': ['<BV64 x0>'], 'mem': [], 'const_mem': []};{'regs': ['<BV64 x0>'], 'indirect_regs': [], 'direct_regs': ['<BV64 x0>'], 'mem': ['<BV64 x0>'], 'const_mem': []};63.0;0.0;64.0;64.0;[];;;;BaseControlType.CONSTANT_BASE;BaseControlType.CONSTANT_BASE;BaseControlType.CONSTANT_BASE;1;BranchControlType.BRANCH_DEPENDS_ON_SECRET_VALUE;BranchControlType.BRANCH_INDEPENDENT_FROM_SECRET;37596;True;False;True;True;True;False;False;True;True;False;False;False;True;False;True;True;True;False;True;False;[];['has_valid_base'];True;False;True;True;True;False;False;True;True;False;False;False;True;False;True;True;True;False;True;False;[];['has_valid_base']
a9c5eac9-aa48-4b9e-a022-c028bfd9e41d;__sym_ntop@@GLIBC_2.17;0x8980;0x89c4;0x0;TransmitterType.LOAD;12;0;False;['0x8980', '0x89ac', '0x89b8', '0x89c4'];<BV64 0x10 + x0>;64;[];[];['<BV64 x0>'];[];['<BV64 x0>'];[];[];0;18446744073709551615;18446744073709551615;1;;;True;0;18446744073709551615;18446744073709551615;1;;;True;ControlType.CONTROLLED;0;<BV64 0x10>;64;[];[];[];[];[];[];[];16.0;16.0;0.0;1.0;;;True;16.0;16.0;0.0;1.0;;;True;ControlType.NO_CONTROL;0;<BV64 0x10>;64;[];[];[];[];[];[];[];16;16;0;1.0;;;True;16.0;16.0;0.0;1.0;;;True;ControlType.NO_CONTROL;0;<BV64 x0>;64;[];[];['<BV64 x0>'];[];['<BV64 x0>'];[];[];0.0;1.8446744073709552e+19;18446744073709551615;1;;;True;0.0;1.8446744073709552e+19;18446744073709551615;1;;;True;ControlType.CONTROLLED;0;<BV64 x0>;64;[];[];['<BV64 x0>'];[];['<BV64 x0>'];[];[];0.0;1.8446744073709552e+19;1.8446744073709552e+19;1.0;;;True;0.0;1.8446744073709552e+19;1.8446744073709552e+19;1.0;;;True;ControlType.CONTROLLED;0;<BV64 x0>;64;[];[];[];[];[];[];[];0;0;0;;;;False;0;0;0;;;;False;ControlType.UNKNOWN;0;[('0x8998', <Bool LOAD_64[<BV64 x0 + 0x8>]_24 != 0x0>, 'Taken'), ('0x89b4', <Bool LOAD_32[<BV64 x0>]_26 == x1[31:0]>, 'Taken'), ('0x89b8', <Bool x2 == 0x0>, 'Taken')];"{'regs': ['<BV64 x0>', '<BV64 x1>', '<BV64 x2>'], 'indirect_regs': [""<BV64 x0>: ['0x0', '0x8']""], 'direct_regs': ['<BV64 x1>', '<BV64 x2>'], 'mem': ['<BV64 x0 + 0x8>', '<BV64 x0>'], 'const_mem': []}";[];{'regs': [], 'indirect_regs': [], 'direct_regs': [], 'mem': [], 'const_mem': []};{'regs': ['<BV64 x0>'], 'indirect_regs': [], 'direct_regs': ['<BV64 x0>'], 'mem': [], 'const_mem': []};{'regs': ['<BV64 x0>', '<BV64 x1>', '<BV64 x2>'], 'indirect_regs': [], 'direct_regs': ['<BV64 x0>', '<BV64 x1>', '<BV64 x2>'], 'mem': ['<BV64 x0 + 0x8>', '<BV64 x0>'], 'const_mem': []};63.0;0.0;64.0;64.0;[];;;;BaseControlType.CONSTANT_BASE;BaseControlType.CONSTANT_BASE;BaseControlType.CONSTANT_BASE;3;BranchControlType.BRANCH_DEPENDS_ON_SECRET_VALUE;BranchControlType.BRANCH_INDEPENDENT_FROM_SECRET;35268;True;False;True;True;True;False;False;True;True;False;False;False;True;False;True;True;True;False;True;False;[];['has_valid_base'];True;False;True;True;True;False;False;True;True;False;False;False;True;False;True;True;True;False;True;False;[];['has_valid_base']
7b9f3545-93a5-4e76-aa3a-c72377048ea6;__res_isourserver@@GLIBC_2.17;0x99e0;0x9ac8;0x0;TransmitterType.LOAD;15;0;False;['0x99e0', '0x9ac0'];<BV64 0x2 + x0>;64;[];[];['<BV64 x0>'];[];['<BV64 x0>'];[];[];0;18446744073709551615;18446744073709551615;1;;;True;0;18446744073709551615;18446744073709551615;1;;;True;ControlType.CONTROLLED;0;<BV64 0x2>;64;[];[];[];[];[];[];[];2.0;2.0;0.0;1.0;;;True;2.0;2.0;0.0;1.0;;;True;ControlType.NO_CONTROL;0;<BV64 0x2>;64;[];[];[];[];[];[];[];2;2;0;1.0;;;True;2.0;2.0;0.0;1.0;;;True;ControlType.NO_CONTROL;0;<BV64 x0>;64;[];[];['<BV64 x0>'];[];['<BV64 x0>'];[];[];0.0;1.8446744073709552e+19;18446744073709551615;1;;;True;0.0;1.8446744073709552e+19;18446744073709551615;1;;;True;ControlType.CONTROLLED;0;<BV64 x0>;64;[];[];['<BV64 x0>'];[];['<BV64 x0>'];[];[];0.0;1.8446744073709552e+19;1.8446744073709552e+19;1.0;;;True;0.0;1.8446744073709552e+19;1.8446744073709552e+19;1.0;;;True;ControlType.CONTROLLED;0;<BV64 x0>;64;[];[];[];[];[];[];[];0;0;0;;;;False;0;0;0;;;;False;ControlType.UNKNOWN;0;[('0x9a0c', <Bool LOAD_16[<BV64 x0>]_27 == 0x2>, 'Taken')];"{'regs': ['<BV64 x0>'], 'indirect_regs': [""<BV64 x0>: ['0x0']""], 'direct_regs': [], 'mem': ['<BV64 x0>'], 'const_mem': []}";[];{'regs': [], 'indirect_regs': [], 'direct_regs': [], 'mem': [], 'const_mem': []};{'regs': ['<BV64 x0>'], 'indirect_regs': [], 'direct_regs': ['<BV64 x0>'], 'mem': [], 'const_mem': []};{'regs': ['<BV64 x0>'], 'indirect_regs': [], 'direct_regs': ['<BV64 x0>'], 'mem': ['<BV64 x0>'], 'const_mem': []};63.0;0.0;64.0;64.0;[];;;;BaseControlType.CONSTANT_BASE;BaseControlType.CONSTANT_BASE;BaseControlType.CONSTANT_BASE;1;BranchControlType.BRANCH_DEPENDS_ON_SECRET_VALUE;BranchControlType.BRANCH_INDEPENDENT_FROM_SECRET;39624;True;False;True;True;True;False;False;True;True;False;False;False;True;False;True;True;True;False;True;False;[];['has_valid_base'];True;False;True;True;True;False;False;True;True;False;False;False;True;False;True;True;True;False;True;False;[];['has_valid_base']
3da8f5fb-54bb-49cc-8377-6d0bca5c3b13;ns_parserr@@GLIBC_2.17;0x4f80;0x4fbc;0x0;TransmitterType.LOAD;16;0;False;['0x4f80', '0x4f88', '0x4fb4'];<BV64 0x20 + x0 + ((0#3 .. (0#32 .. x1[31:0]) << 0x20 >> 0x20[60:0]) << 0x3)>;64;[('0x4f84', <Bool 0x3 >= x1[31:0]>, 'Taken'), ('0x4fb0', <Bool LOAD_32[<BV64 x0 + 0x40>]_26 != x1[31:0]>, 'Taken')];[];['<BV64 x0>', '<BV64 x1>'];[];['<BV64 x0>', '<BV64 x1>'];[];[];0;18446744073709551615;18446744073709551615;1;;;True;0;18446744073709551615;18446744073709551615;1;;;False;ControlType.CONTROLLED;0;<BV64 0x20 + ((0#3 .. (0#32 .. x1[31:0]) << 0x20 >> 0x20[60:0]) << 0x3)>;64;[('0x4f84', <Bool 0x3 >= x1[31:0]>, 'Taken'), ('0x4fb0', <Bool LOAD_32[<BV64 x0 + 0x40>]_26 != x1[31:0]>, 'Taken')];[];['<BV64 x1>'];[];['<BV64 x1>'];[];[];0.0;1.8446744073709552e+19;1.8446744073709552e+19;8.0;;;False;32.0;56.0;24.0;8.0;;;True;ControlType.CONTROLLED;0;<BV64 0x20 + ((0#3 .. (0#32 .. x1[31:0]) << 0x20 >> 0x20[60:0]) << 0x3)>;64;[];[];['<BV64 x1>'];[];['<BV64 x1>'];[];[];0;18446744073709551608;18446744073709551608;8.0;;;False;32.0;56.0;24.0;8.0;;;True;ControlType.CONTROLLED;0;<BV64 x0>;64;[];[];['<BV64 x0>'];[];['<BV64 x0>'];[];[];0.0;1.8446744073709552e+19;18446744073709551615;1;;;True;0.0;1.8446744073709552e+19;18446744073709551615;1;;;True;ControlType.CONTROLLED;0;<BV64 x0>;64;[];[];['<BV64 x0>'];[];['<BV64 x0>'];[];[];0.0;1.8446744073709552e+19;1.8446744073709552e+19;1.0;;;True;0.0;1.8446744073709552e+19;1.8446744073709552e+19;1.0;;;True;ControlType.CONTROLLED;0;<BV64 x0>;64;[];[];[];[];[];[];[];0;0;0;;;;False;0;0;0;;;;False;ControlType.UNKNOWN;0;[('0x4f84', <Bool 0x3 >= x1[31:0]>, 'Taken'), ('0x4fb0', <Bool LOAD_32[<BV64 x0 + 0x40>]_26 != x1[31:0]>, 'Taken')];"{'regs': ['<BV64 x0>', '<BV64 x1>'], 'indirect_regs': [""<BV64 x0>: ['0x40']""], 'direct_regs': ['<BV64 x1>'], 'mem': ['<BV64 x0 + 0x40>'], 'const_mem': []}";[];{'regs': [], 'indirect_regs': [], 'direct_regs': [], 'mem': [], 'const_mem': []};{'regs': ['<BV64 x0>', '<BV64 x1>'], 'indirect_regs': [], 'direct_regs': ['<BV64 x0>', '<BV64 x1>'], 'mem': [], 'const_mem': []};{'regs': ['<BV64 x0>', '<BV64 x1>'], 'indirect_regs': [], 'direct_regs': ['<BV64 x0>', '<BV64 x1>'], 'mem': ['<BV64 x0 + 0x40>'], 'const_mem': []};63.0;0.0;64.0;64.0;[];;;;BaseControlType.BASE_INDEPENDENT_FROM_SECRET;BaseControlType.BASE_INDEPENDENT_FROM_SECRET;BaseControlType.BASE_INDEPENDENT_FROM_SECRET;2;BranchControlType.BRANCH_DEPENDS_ON_SECRET_VALUE;BranchControlType.BRANCH_INDEPENDENT_FROM_SECRET;20412;True;True;True;True;True;False;False;True;True;True;True;False;True;False;True;True;True;False;True;True;['can_perform_known_prefix', 'can_adjust_base', 'perform_training'];[];True;False;True;True;True;False;False;True;True;True;False;False;True;False;False;True;True;False;True;False;[];['has_valid_base', 'max_secret_too_high']
ac8f6bf2-c9cd-4279-bee3-f153d89583c5;__sym_ntos@@GLIBC_2.17;0x88ec;0x8918;0x0;TransmitterType.LOAD;15;0;False;['0x88ec', '0x8918', '0x8910', '0x8918'];<BV64 0x18 + x0>;64;[];[];['<BV64 x0>'];[];['<BV64 x0>'];[];[];0;18446744073709551615;18446744073709551615;1;;;True;0;18446744073709551615;18446744073709551615;1;;;True;ControlType.CONTROLLED;0;<BV64 0x18>;64;[];[];[];[];[];[];[];24.0;24.0;0.0;1.0;;;True;24.0;24.0;0.0;1.0;;;True;ControlType.NO_CONTROL;0;<BV64 0x18>;64;[];[];[];[];[];[];[];24;24;0;1.0;;;True;24.0;24.0;0.0;1.0;;;True;ControlType.NO_CONTROL;0;<BV64 x0>;64;[];[];['<BV64 x0>'];[];['<BV64 x0>'];[];[];0.0;1.8446744073709552e+19;18446744073709551615;1;;;True;0.0;1.8446744073709552e+19;18446744073709551615;1;;;True;ControlType.CONTROLLED;0;<BV64 x0>;64;[];[];['<BV64 x0>'];[];['<BV64 x0>'];[];[];0.0;1.8446744073709552e+19;1.8446744073709552e+19;1.0;;;True;0.0;1.8446744073709552e+19;1.8446744073709552e+19;1.0;;;True;ControlType.CONTROLLED;0;<BV64 x0>;64;[];[];[];[];[];[];[];0;0;0;;;;False;0;0;0;;;;False;ControlType.UNKNOWN;0;[('0x8908', <Bool LOAD_64[<BV64 x0 + 0x8>]_24 != 0x0>, 'Taken'), ('0x8914', <Bool LOAD_64[<BV64 x0 + 0x20>]_36 != 0x0>, 'Taken'), ('0x8924', <Bool LOAD_32[<BV64 x0>]_26 != x1[31:0]>, 'Taken')];"{'regs': ['<BV64 x0>', '<BV64 x1>'], 'indirect_regs': [""<BV64 x0>: ['0x0', '0x20', '0x8']""], 'direct_regs': ['<BV64 x1>'], 'mem': ['<BV64 x0 + 0x20>', '<BV64 x0 + 0x8>', '<BV64 x0>'], 'const_mem': []}";[];{'regs': [], 'indirect_regs': [], 'direct_regs': [], 'mem': [], 'const_mem': []};{'regs': ['<BV64 x0>'], 'indirect_regs': [], 'direct_regs': ['<BV64 x0>'], 'mem': [], 'const_mem': []};{'regs': ['<BV64 x0>', '<BV64 x1>'], 'indirect_regs': [], 'direct_regs': ['<BV64 x0>', '<BV64 x1>'], 'mem': ['<BV64 x0 + 0x20>', '<BV64 x0 + 0x8>', '<BV64 x0>'], 'const_mem': []};63.0;0.0;64.0;64.0;[];;;;BaseControlType.CONSTANT_BASE;BaseControlType.CONSTANT_BASE;BaseControlType.CONSTANT_BASE;3;BranchControlType.BRANCH_DEPENDS_ON_SECRET_VALUE;BranchControlType.BRANCH_INDEPENDENT_FROM_SECRET;35096;True;False;True;True;True;False;False;True;True;False;False;False;True;False;True;True;True;False;True;False;[];['has_valid_base'];True;False;True;True;True;False;False;True;True;False;False;False;True;False;True;True;True;False;True;False;[];['has_valid_base']
0f07340a-4448-4127-a885-661f477d1ef4;__loc_ntoa@@GLIBC_2.17;0x9288;0x92e4;0x0;TransmitterType.LOAD;24;0;False;['0x9288', '0x92b8'];<BV64 0x2 + x0>;64;[];[];['<BV64 x0>'];[];['<BV64 x0>'];[];[];0;18446744073709551615;18446744073709551615;1;;;True;0;18446744073709551615;18446744073709551615;1;;;True;ControlType.CONTROLLED;0;<BV64 0x2>;64;[];[];[];[];[];[];[];2.0;2.0;0.0;1.0;;;True;2.0;2.0;0.0;1.0;;;True;ControlType.NO_CONTROL;0;<BV64 0x2>;64;[];[];[];[];[];[];[];2;2;0;1.0;;;True;2.0;2.0;0.0;1.0;;;True;ControlType.NO_CONTROL;0;<BV64 x0>;64;[];[];['<BV64 x0>'];[];['<BV64 x0>'];[];[];0.0;1.8446744073709552e+19;18446744073709551615;1;;;True;0.0;1.8446744073709552e+19;18446744073709551615;1;;;True;ControlType.CONTROLLED;0;<BV64 x0>;64;[];[];['<BV64 x0>'];[];['<BV64 x0>'];[];[];0.0;1.8446744073709552e+19;1.8446744073709552e+19;1.0;;;True;0.0;1.8446744073709552e+19;1.8446744073709552e+19;1.0;;;True;ControlType.CONTROLLED;0;<BV64 x0>;64;[];[];[];[];[];[];[];0;0;0;;;;False;0;0;0;;;;False;ControlType.UNKNOWN;0;[('0x92b4', <Bool LOAD_8[<BV64 x0>]_24 == 0>, 'Taken')];"{'regs': ['<BV64 x0>'], 'indirect_regs': [""<BV64 x0>: ['0x0']""], 'direct_regs': [], 'mem': ['<BV64 x0>'], 'const_mem': []}";[];{'regs': [], 'indirect_regs': [], 'direct_regs': [], 'mem': [], 'const_mem': []};{'regs': ['<BV64 x0>'], 'indirect_regs': [], 'direct_regs': ['<BV64 x0>'], 'mem': [], 'const_mem': []};{'regs': ['<BV64 x0>'], 'indirect_regs': [], 'direct_regs': ['<BV64 x0>'], 'mem': ['<BV64 x0>'], 'const_mem': []};63.0;0.0;64.0;64.0;[];;;;BaseControlType.CONSTANT_BASE;BaseControlType.CONSTANT_BASE;BaseControlType.CONSTANT_BASE;1;BranchControlType.BRANCH_DEPENDS_ON_SECRET_VALUE;BranchControlType.BRANCH_INDEPENDENT_FROM_SECRET;37604;True;False;True;True;True;False;False;True;True;False;False;False;True;False;True;True;True;False;True;False;[];['has_valid_base'];True;False;True;True;True;False;False;True;True;False;False;False;True;False;True;True;True;False;True;False;[];['has_valid_base']
bda9b7d2-9557-4c7f-93f0-b4851e1eb885;__b64_ntop@@GLIBC_2.17;0x26c0;0x26ec;0x2710;TransmitterType.LOAD;26;1;False;['0x26c0', '0x26d4', '0x2710', '0x26e4'];<BV64 0x9ba0 + (0#58 .. ((0#4 .. LOAD_8[<BV64 x0>]_22[1:0]) << 4) + (0#2 .. LOAD_8[<BV64 x0 + 0x1>]_23[7:4]))>;64;[];[];['<BV64 x0>'];"[""<BV64 x0>: ['0x0', '0x1']""]";[];['<BV64 x0 + 0x1>', '<BV64 x0>'];[];39840;39903;63;1;39935.0;39808.0;False;39840;39903;63;1;39935.0;39808.0;False;ControlType.CONTROLLED;1;<BV64 0x9ba0 + (0#60 .. LOAD_8[<BV64 x0 + 0x1>]_23[7:4])>;64;[];[];['<BV64 x0>'];"[""<BV64 x0>: ['0x1']""]";[];['<BV64 x0 + 0x1>'];[];39840.0;39855.0;15.0;1.0;;;True;39840.0;39855.0;15.0;1.0;;;True;ControlType.CONTROLLED;1;<BV64 0x9ba0>;64;[];[];[];[];[];[];[];39840;39840;0;1.0;;;True;39840.0;39840.0;0.0;1.0;;;True;ControlType.NO_CONTROL;0;<BV64 0#58 .. (0#4 .. LOAD_8[<BV64 x0>]_22[1:0]) << 4>;64;[];[];['<BV64 x0>'];"[""<BV64 x0>: ['0x0']""]";[];['<BV64 x0>'];[];0.0;48.0;48;16;;;True;0.0;48.0;48;16;;;True;ControlType.CONTROLLED;1;<BV64 x0>;64;[];[];['<BV64 x0>'];[];['<BV64 x0>'];[];[];0.0;1.8446744073709552e+19;1.8446744073709552e+19;1.0;;;True;0.0;1.8446744073709552e+19;1.8446744073709552e+19;1.0;;;True;ControlType.CONTROLLED;0;<BV8 LOAD_8[<BV64 x0>]_22>;8;[];[];[];[];[];[];[];0;0;0;;;;False;0;0;0;;;;False;ControlType.UNKNOWN;1;[('0x26d0', <Bool x1 > 0x2>, 'Taken'), ('0x26e0', <Bool True>, 'Taken'), ('0x2744', <Bool 0x4 <= x3>, 'Taken')];{'regs': ['<BV64 x1>', '<BV64 x3>'], 'indirect_regs': [], 'direct_regs': ['<BV64 x1>', '<BV64 x3>'], 'mem': [], 'const_mem': []};[];{'regs': [], 'indirect_regs': [], 'direct_regs': [], 'mem': [], 'const_mem': []};{'regs': ['<BV64 x0>'], 'indirect_regs': [], 'direct_regs': ['<BV64 x0>'], 'mem': ['<BV64 x0 + 0x1>', '<BV64 x0>'], 'const_mem': []};{'regs': ['<BV64 x0>', '<BV64 x1>', '<BV64 x3>'], 'indirect_regs': [], 'direct_regs': ['<BV64 x0>', '<BV64 x1>', '<BV64 x3>'], 'mem': ['<BV64 x0 + 0x1>', '<BV64 x0>'], 'const_mem': []};5.0;4.0;2.0;2.0;[];;;<BV64 0#60 .. LOAD_8[<BV64 x0 + 0x1>]_23[7:4]>;BaseControlType.BASE_INDIRECTLY_DEPENDS_ON_SECRET_ADDR;BaseControlType.BASE_INDIRECTLY_DEPENDS_ON_SECRET_ADDR;BaseControlType.BASE_INDIRECTLY_DEPENDS_ON_SECRET_ADDR;3;BranchControlType.BRANCH_INDEPENDENT_FROM_SECRET;BranchControlType.BRANCH_INDEPENDENT_FROM_SECRET;9964;True;False;True;True;True;True;False;False;True;False;True;True;True;False;False;False;True;False;True;False;[];['has_valid_base', 'secret_below_cache_granularity'];True;False;True;True;True;True;False;False;True;False;True;True;True;False;False;False;True;False;True;False;[];['has_valid_base', 'secret_below_cache_granularity']
d18b7c0a-e116-457a-9a0b-30459d904b42;ns_parserr@@GLIBC_2.17;0x4f80;0x4fc0;0x0;TransmitterType.STORE;17;0;False;['0x4f80', '0x4f88', '0x4fb4'];<BV64 0x48 + x0>;64;[];[];['<BV64 x0>'];[];['<BV64 x0>'];[];[];0;18446744073709551615;18446744073709551615;1;;;True;0;18446744073709551615;18446744073709551615;1;;;True;ControlType.CONTROLLED;0;<BV64 0x48>;64;[];[];[];[];[];[];[];72.0;72.0;0.0;1.0;;;True;72.0;72.0;0.0;1.0;;;True;ControlType.NO_CONTROL;0;<BV64 0x48>;64;[];[];[];[];[];[];[];72;72;0;1.0;;;True;72.0;72.0;0.0;1.0;;;True;ControlType.NO_CONTROL;0;<BV64 x0>;64;[];[];['<BV64 x0>'];[];['<BV64 x0>'];[];[];0.0;1.8446744073709552e+19;18446744073709551615;1;;;True;0.0;1.8446744073709552e+19;18446744073709551615;1;;;True;ControlType.CONTROLLED;0;<BV64 x0>;64;[];[];['<BV64 x0>'];[];['<BV64 x0>'];[];[];0.0;1.8446744073709552e+19;1.8446744073709552e+19;1.0;;;True;0.0;1.8446744073709552e+19;1.8446744073709552e+19;1.0;;;True;ControlType.CONTROLLED;0;<BV64 x0>;64;[];[];[];[];[];[];[];0;0;0;;;;False;0;0;0;;;;False;ControlType.UNKNOWN;0;[('0x4f84', <Bool 0x3 >= x1[31:0]>, 'Taken'), ('0x4fb0', <Bool LOAD_32[<BV64 x0 + 0x40>]_26 != x1[31:0]>, 'Taken')];"{'regs': ['<BV64 x0>', '<BV64 x1>'], 'indirect_regs': [""<BV64 x0>: ['0x40']""], 'direct_regs': ['<BV64 x1>'], 'mem': ['<BV64 x0 + 0x40>'], 'const_mem': []}";[];{'regs': [], 'indirect_regs': [], 'direct_regs': [], 'mem': [], 'const_mem': []};{'regs': ['<BV64 x0>'], 'indirect_regs': [], 'direct_regs': ['<BV64 x0>'], 'mem': [], 'const_mem': []};{'regs': ['<BV64 x0>', '<BV64 x1>'], 'indirect_regs': [], 'direct_regs': ['<BV64 x0>', '<BV64 x1>'], 'mem': ['<BV64 x0 + 0x40>'], 'const_mem': []};63.0;0.0;64.0;64.0;[];;;;BaseControlType.CONSTANT_BASE;BaseControlType.CONSTANT_BASE;BaseControlType.CONSTANT_BASE;2;BranchControlType.BRANCH_DEPENDS_ON_SECRET_VALUE;BranchControlType.BRANCH_INDEPENDENT_FROM_SECRET;20416;True;False;True;True;True;False;False;True;True;False;False;False;True;False;True;True;True;False;True;False;[];['has_valid_base'];True;False;True;True;True;False;False;True;True;False;False;False;True;False;True;True;True;False;True;False;[];['has_valid_base']
dde29cca-9050-44b7-bc63-2455b27e5136;__sym_ntop@@GLIBC_2.17;0x8980;0x89a0;0x0;TransmitterType.LOAD;11;0;False;['0x8980', '0x89ac', '0x89a0'];<BV64 0x20 + x0>;64;[];[];['<BV64 x0>'];[];['<BV64 x0>'];[];[];0;18446744073709551615;18446744073709551615;1;;;True;0;18446744073709551615;18446744073709551615;1;;;True;ControlType.CONTROLLED;0;<BV64 0x20>;64;[];[];[];[];[];[];[];32.0;32.0;0.0;1.0;;;True;32.0;32.0;0.0;1.0;;;True;ControlType.NO_CONTROL;0;<BV64 0x20>;64;[];[];[];[];[];[];[];32;32;0;1.0;;;True;32.0;32.0;0.0;1.0;;;True;ControlType.NO_CONTROL;0;<BV64 x0>;64;[];[];['<BV64 x0>'];[];['<BV64 x0>'];[];[];0.0;1.8446744073709552e+19;18446744073709551615;1;;;True;0.0;1.8446744073709552e+19;18446744073709551615;1;;;True;ControlType.CONTROLLED;0;<BV64 x0>;64;[];[];['<BV64 x0>'];[];['<BV64 x0>'];[];[];0.0;1.8446744073709552e+19;1.8446744073709552e+19;1.0;;;True;0.0;1.8446744073709552e+19;1.8446744073709552e+19;1.0;;;True;ControlType.CONTROLLED;0;<BV64 x0>;64;[];[];[];[];[];[];[];0;0;0;;;;False;0;0;0;;;;False;ControlType.UNKNOWN;0;[('0x8998', <Bool LOAD_64[<BV64 x0 + 0x8>]_24 != 0x0>, 'Taken'), ('0x89b4', <Bool LOAD_32[<BV64 x0>]_26 != x1[31:0]>, 'Taken')];"{'regs': ['<BV64 x0>', '<BV64 x1>'], 'indirect_regs': [""<BV64 x0>: ['0x0', '0x8']""], 'direct_regs': ['<BV64 x1>'], 'mem': ['<BV64 x0 + 0x8>', '<BV64 x0>'], 'const_mem': []}";[];{'regs': [], 'indirect_regs': [], 'direct_regs': [], 'mem': [], 'const_mem': []};{'regs': ['<BV64 x0>'], 'indirect_regs': [], 'direct_regs': ['<BV64 x0>'], 'mem': [], 'const_mem': []};{'regs': ['<BV64 x0>', '<BV64 x1>'], 'indirect_regs': [], 'direct_regs': ['<BV64 x0>', '<BV64 x1>'], 'mem': ['<BV64 x0 + 0x8>', '<BV64 x0>'], 'const_mem': []};63.0;0.0;64.0;64.0;[];;;;BaseControlType.CONSTANT_BASE;BaseControlType.CONSTANT_BASE;BaseControlType.CONSTANT_BASE;2;BranchControlType.BRANCH_DEPENDS_ON_SECRET_VALUE;BranchControlType.BRANCH_INDEPENDENT_FROM_SECRET;35232;True;False;True;True;True;False;False;True;True;False;False;False;True;False;True;True;True;False;True;False;[];['has_valid_base'];True;False;True;True;True;False;False;True;True;False;False;False;True;False;True;True;True;False;True;False;[];['has_valid_base']
a421dfba-e017-4da3-b0c1-3b58bb81e7af;__sym_ntos@@GLIBC_2.17;0x88ec;0x8910;0x0;TransmitterType.LOAD;19;0;False;['0x88ec', '0x8918', '0x8910', '0x8918', '0x8910'];<BV64 0x38 + x0>;64;[];[];['<BV64 x0>'];[];['<BV64 x0>'];[];[];0;18446744073709551615;18446744073709551615;1;;;True;0;18446744073709551615;18446744073709551615;1;;;True;ControlType.CONTROLLED;0;<BV64 0x38>;64;[];[];[];[];[];[];[];56.0;56.0;0.0;1.0;;;True;56.0;56.0;0.0;1.0;;;True;ControlType.NO_CONTROL;0;<BV64 0x38>;64;[];[];[];[];[];[];[];56;56;0;1.0;;;True;56.0;56.0;0.0;1.0;;;True;ControlType.NO_CONTROL;0;<BV64 x0>;64;[];[];['<BV64 x0>'];[];['<BV64 x0>'];[];[];0.0;1.8446744073709552e+19;18446744073709551615;1;;;True;0.0;1.8446744073709552e+19;18446744073709551615;1;;;True;ControlType.CONTROLLED;0;<BV64 x0>;64;[];[];['<BV64 x0>'];[];['<BV64 x0>'];[];[];0.0;1.8446744073709552e+19;1.8446744073709552e+19;1.0;;;True;0.0;1.8446744073709552e+19;1.8446744073709552e+19;1.0;;;True;ControlType.CONTROLLED;0;<BV64 x0>;64;[];[];[];[];[];[];[];0;0;0;;;;False;0;0;0;;;;False;ControlType.UNKNOWN;0;[('0x8908', <Bool LOAD_64[<BV64 x0 + 0x8>]_24 != 0x0>, 'Taken'), ('0x8914', <Bool LOAD_64[<BV64 x0 + 0x20>]_36 != 0x0>, 'Taken'), ('0x8924', <Bool LOAD_32[<BV64 x0>]_26 != x1[31:0]>, 'Taken'), ('0x8924', <Bool LOAD_32[<BV64 0x18 + x0>]_37 != x1[31:0]>, 'Taken')];"{'regs': ['<BV64 x0>', '<BV64 x1>'], 'indirect_regs': [""<BV64 x0>: ['0x0', '0x18', '0x20', '0x8']""], 'direct_regs': ['<BV64 x1>'], 'mem': ['<BV64 0x18 + x0>', '<BV64 x0 + 0x20>', '<BV64 x0 + 0x8>', '<BV64 x0>'], 'const_mem': []}";[];{'regs': [], 'indirect_regs': [], 'direct_regs': [], 'mem': [], 'const_mem': []};{'regs': ['<BV64 x0>'], 'indirect_regs': [], 'direct_regs': ['<BV64 x0>'], 'mem': [], 'const_mem': []};{'regs': ['<BV64 x0>', '<BV64 x1>'], 'indirect_regs': [], 'direct_regs': ['<BV64 x0>', '<BV64 x1>'], 'mem': ['<BV64 0x18 + x0>', '<BV64 x0 + 0x20>', '<BV64 x0 + 0x8>', '<BV64 x0>'], 'const_mem': []};63.0;0.0;64.0;64.0;[];;;;BaseControlType.CONSTANT_BASE;BaseControlType.CONSTANT_BASE;BaseControlType.CONSTANT_BASE;4;BranchControlType.BRANCH_DEPENDS_ON_SECRET_VALUE;BranchControlType.BRANCH_INDEPENDENT_FROM_SECRET;35088;True;False;True;True;True;False;False;True;True;False;False;False;True;False;True;True;True;False;True;False;[];['has_valid_base'];True;False;True;True;True;False;False;True;True;False;False;False;True;False;True;True;True;False;True;False;[];['has_valid_base']
0d32d5d0-380b-4ff0-a089-69c937e25205;__loc_ntoa@@GLIBC_2.17;0x9288;0x92ec;0x0;TransmitterType.LOAD;26;0;False;['0x9288', '0x92b8'];<BV64 0x3 + x0>;64;[];[];['<BV64 x0>'];[];['<BV64 x0>'];[];[];0;18446744073709551615;18446744073709551615;1;;;True;0;18446744073709551615;18446744073709551615;1;;;True;ControlType.CONTROLLED;0;<BV64 0x3>;64;[];[];[];[];[];[];[];3.0;3.0;0.0;1.0;;;True;3.0;3.0;0.0;1.0;;;True;ControlType.NO_CONTROL;0;<BV64 0x3>;64;[];[];[];[];[];[];[];3;3;0;1.0;;;True;3.0;3.0;0.0;1.0;;;True;ControlType.NO_CONTROL;0;<BV64 x0>;64;[];[];['<BV64 x0>'];[];['<BV64 x0>'];[];[];0.0;1.8446744073709552e+19;18446744073709551615;1;;;True;0.0;1.8446744073709552e+19;18446744073709551615;1;;;True;ControlType.CONTROLLED;0;<BV64 x0>;64;[];[];['<BV64 x0>'];[];['<BV64 x0>'];[];[];0.0;1.8446744073709552e+19;1.8446744073709552e+19;1.0;;;True;0.0;1.8446744073709552e+19;1.8446744073709552e+19;1.0;;;True;ControlType.CONTROLLED;0;<BV64 x0>;64;[];[];[];[];[];[];[];0;0;0;;;;False;0;0;0;;;;False;ControlType.UNKNOWN;0;[('0x92b4', <Bool LOAD_8[<BV64 x0>]_24 == 0>, 'Taken')];"{'regs': ['<BV64 x0>'], 'indirect_regs': [""<BV64 x0>: ['0x0']""], 'direct_regs': [], 'mem': ['<BV64 x0>'], 'const_mem': []}";[];{'regs': [], 'indirect_regs': [], 'direct_regs': [], 'mem': [], 'const_mem': []};{'regs': ['<BV64 x0>'], 'indirect_regs': [], 'direct_regs': ['<BV64 x0>'], 'mem': [], 'const_mem': []};{'regs': ['<BV64 x0>'], 'indirect_regs': [], 'direct_regs': ['<BV64 x0>'], 'mem': ['<BV64 x0>'], 'const_mem': []};63.0;0.0;64.0;64.0;[];;;;BaseControlType.CONSTANT_BASE;BaseControlType.CONSTANT_BASE;BaseControlType.CONSTANT_BASE;1;BranchControlType.BRANCH_DEPENDS_ON_SECRET_VALUE;BranchControlType.BRANCH_INDEPENDENT_FROM_SECRET;37612;True;False;True;True;True;False;False;True;True;False;False;False;True;False;True;True;True;False;True;False;[];['has_valid_base'];True;False;True;True;True;False;False;True;True;False;False;False;True;False;True;True;True;False;True;False;[];['has_valid_base']
05268f12-1358-4d96-96c8-8e965d67d7fe;ns_initparse@@GLIBC_2.17;0x4e30;0x4eac;0x0;TransmitterType.LOAD;32;0;False;['0x4e30', '0x4e68', '0x4e84', '0x4eac'];<BV64 0x4 + x0>;64;[('0x4e64', <Bool x0 + (x1 << 0x20 >> 0x20) >= x0 + 0x2>, 'Taken'), ('0x4e80', <Bool x0 + ((x1[31:0] .. 0x0) >> 0x20) >= x0 + 0x4>, 'Taken'), ('0x4ea8', <Bool x0 + ((x1[31:0] .. 0x0) >> 0x20) >= x0 + 0x6>, 'Taken')];[];['<BV64 x0>'];[];['<BV64 x0>'];[];[];0;18446744073709551615;18446744073709551615;1;;;True;0;18446744073709551615;18446744073709551615;1;;;False;ControlType.CONTROLLED;0;<BV64 0x4>;64;[];[];[];[];[];[];[];4.0;4.0;0.0;1.0;;;True;4.0;4.0;0.0;1.0;;;True;ControlType.NO_CONTROL;0;<BV64 0x4>;64;[];[];[];[];[];[];[];4;4;0;1.0;;;True;4.0;4.0;0.0;1.0;;;True;ControlType.NO_CONTROL;0;<BV64 x0>;64;[('0x4e64', <Bool x0 + (x1 << 0x20 >> 0x20) >= x0 + 0x2>, 'Taken'), ('0x4e80', <Bool x0 + ((x1[31:0] .. 0x0) >> 0x20) >= x0 + 0x4>, 'Taken'), ('0x4ea8', <Bool x0 + ((x1[31:0] .. 0x0) >> 0x20) >= x0 + 0x6>, 'Taken')];[];['<BV64 x0>'];[];['<BV64 x0>'];[];[];0.0;1.8446744073709552e+19;18446744073709551615;1;;;True;0.0;1.8446744073709552e+19;18446744073709551615;1;;;False;ControlType.CONTROLLED;0;<BV64 x0>;64;[('0x4e64', <Bool x0 + (x1 << 0x20 >> 0x20) >= x0 + 0x2>, 'Taken'), ('0x4e80', <Bool x0 + ((x1[31:0] .. 0x0) >> 0x20) >= x0 + 0x4>, 'Taken'), ('0x4ea8', <Bool x0 + ((x1[31:0] .. 0x0) >> 0x20) >= x0 + 0x6>, 'Taken')];[];['<BV64 x0>'];[];['<BV64 x0>'];[];[];0.0;1.8446744073709552e+19;1.8446744073709552e+19;1.0;;;True;0.0;1.8446744073709552e+19;1.8446744073709552e+19;1.0;;;False;ControlType.CONTROLLED;0;<BV64 x0>;64;[];[];[];[];[];[];[];0;0;0;;;;False;0;0;0;;;;False;ControlType.UNKNOWN;0;[('0x4e64', <Bool x0 + (x1 << 0x20 >> 0x20) >= x0 + 0x2>, 'Taken'), ('0x4e80', <Bool x0 + ((x1[31:0] .. 0x0) >> 0x20) >= x0 + 0x4>, 'Taken'), ('0x4ea8', <Bool x0 + ((x1[31:0] .. 0x0) >> 0x20) >= x0 + 0x6>, 'Taken')];{'regs': ['<BV64 x0>', '<BV64 x1>'], 'indirect_regs': [], 'direct_regs': ['<BV64 x0>', '<BV64 x1>'], 'mem': [], 'const_mem': []};[];{'regs': [], 'indirect_regs': [], 'direct_regs': [], 'mem': [], 'const_mem': []};{'regs': ['<BV64 x0>'], 'indirect_regs': [], 'direct_regs': ['<BV64 x0>'], 'mem': [], 'const_mem': []};{'regs': ['<BV64 x0>', '<BV64 x1>'], 'indirect_regs': [], 'direct_regs': ['<BV64 x0>', '<BV64 x1>'], 'mem': [], 'const_mem': []};63.0;0.0;64.0;64.0;[];;;;BaseControlType.CONSTANT_BASE;BaseControlType.CONSTANT_BASE;BaseControlType.CONSTANT_BASE;3;BranchControlType.BRANCH_DEPENDS_ON_SECRET_VALUE;BranchControlType.BRANCH_INDEPENDENT_FROM_SECRET;20140;True;False;True;True;True;False;False;True;True;False;False;False;True;False;True;True;True;False;True;False;[];['has_valid_base'];True;False;True;True;True;False;False;True;True;False;False;False;True;False;True;True;True;False;True;False;[];['has_valid_base']
7b2d5e1c-3e0f-4f80-baaf-eeacdb91d286;__fp_nquery@@GLIBC_2.17;0x7fe0;0x4eac;0x0;TransmitterType.LOAD;52;0;False;['0x7fe0', '0x4e30', '0x4e68', '0x4e84', '0x4eac'];<BV64 0x4 + x0>;64;[('0x4e64', <Bool x0 + (x1 << 0x20 >> 0x20) >= x0 + 0x2>, 'Taken'), ('0x4e80', <Bool x0 + ((x1[31:0] .. 0x0) >> 0x20) >= x0 + 0x4>, 'Taken'), ('0x4ea8', <Bool x0 + ((x1[31:0] .. 0x0) >> 0x20) >= x0 + 0x6>, 'Taken')];[];['<BV64 x0>'];[];['<BV64 x0>'];[];[];0;18446744073709551615;18446744073709551615;1;;;True;0;18446744073709551615;18446744073709551615;1;;;False;ControlType.CONTROLLED;0;<BV64 0x4>;64;[];[];[];[];[];[];[];4.0;4.0;0.0;1.0;;;True;4.0;4.0;0.0;1.0;;;True;ControlType.NO_CONTROL;0;<BV64 0x4>;64;[];[];[];[];[];[];[];4;4;0;1.0;;;True;4.0;4.0;0.0;1.0;;;True;ControlType.NO_CONTROL;0;<BV64 x0>;64;[('0x4e64', <Bool x0 + (x1 << 0x20 >> 0x20) >= x0 + 0x2>, 'Taken'), ('0x4e80', <Bool x0 + ((x1[31:0] .. 0x0) >> 0x20) >= x0 + 0x4>, 'Taken'), ('0x4ea8', <Bool x0 + ((x1[31:0] .. 0x0) >> 0x20) >= x0 + 0x6>, 'Taken')];[];['<BV64 x0>'];[];['<BV64 x0>'];[];[];0.0;1.8446744073709552e+19;18446744073709551615;1;;;True;0.0;1.8446744073709552e+19;18446744073709551615;1;;;False;ControlType.CONTROLLED;0;<BV64 x0>;64;[('0x4e64', <Bool x0 + (x1 << 0x20 >> 0x20) >= x0 + 0x2>, 'Taken'), ('0x4e80', <Bool x0 + ((x1[31:0] .. 0x0) >> 0x20) >= x0 + 0x4>, 'Taken'), ('0x4ea8', <Bool x0 + ((x1[31:0] .. 0x0) >> 0x20) >= x0 + 0x6>, 'Taken')];[];['<BV64 x0>'];[];['<BV64 x0>'];[];[];0.0;1.8446744073709552e+19;1.8446744073709552e+19;1.0;;;True;0.0;1.8446744073709552e+19;1.8446744073709552e+19;1.0;;;False;ControlType.CONTROLLED;0;<BV64 x0>;64;[];[];[];[];[];[];[];0;0;0;;;;False;0;0;0;;;;False;ControlType.UNKNOWN;0;[('0x4e64', <Bool x0 + (x1 << 0x20 >> 0x20) >= x0 + 0x2>, 'Taken'), ('0x4e80', <Bool x0 + ((x1[31:0] .. 0x0) >> 0x20) >= x0 + 0x4>, 'Taken'), ('0x4ea8', <Bool x0 + ((x1[31:0] .. 0x0) >> 0x20) >= x0 + 0x6>, 'Taken'), ('0x802c', <Bool True>, 'Taken')];{'regs': ['<BV64 x0>', '<BV64 x1>'], 'indirect_regs': [], 'direct_regs': ['<BV64 x0>', '<BV64 x1>'], 'mem': [], 'const_mem': []};[];{'regs': [], 'indirect_regs': [], 'direct_regs': [], 'mem': [], 'const_mem': []};{'regs': ['<BV64 x0>'], 'indirect_regs': [], 'direct_regs': ['<BV64 x0>'], 'mem': [], 'const_mem': []};{'regs': ['<BV64 x0>', '<BV64 x1>'], 'indirect_regs': [], 'direct_regs': ['<BV64 x0>', '<BV64 x1>'], 'mem': [], 'const_mem': []};63.0;0.0;64.0;64.0;[];;;;BaseControlType.CONSTANT_BASE;BaseControlType.CONSTANT_BASE;BaseControlType.CONSTANT_BASE;4;BranchControlType.BRANCH_DEPENDS_ON_SECRET_VALUE;BranchControlType.BRANCH_INDEPENDENT_FROM_SECRET;20140;True;False;True;True;True;False;False;True;True;False;False;False;True;False;True;True;True;False;True;False;[];['has_valid_base'];True;False;True;True;True;False;False;True;True;False;False;False;True;False;True;True;True;False;True;False;[];['has_valid_base']
da3e6565-b0b9-4209-99bc-c37aaac53b0e;__b64_ntop@@GLIBC_2.17;0x26c0;0x26ec;0x2718;TransmitterType.LOAD;26;1;False;['0x26c0', '0x26d4', '0x2710', '0x26e4'];<BV64 0x9ba0 + (0#58 .. ((0#4 .. LOAD_8[<BV64 x0>]_22[1:0]) << 4) + (0#2 .. LOAD_8[<BV64 x0 + 0x1>]_23[7:4]))>;64;[];[];['<BV64 x0>'];"[""<BV64 x0>: ['0x0', '0x1']""]";[];['<BV64 x0 + 0x1>', '<BV64 x0>'];[];39840;39903;63;1;39935.0;39808.0;False;39840;39903;63;1;39935.0;39808.0;False;ControlType.CONTROLLED;1;<BV64 0x9ba0 + (0#58 .. (0#4 .. LOAD_8[<BV64 x0>]_22[1:0]) << 4)>;64;[];[];['<BV64 x0>'];"[""<BV64 x0>: ['0x0']""]";[];['<BV64 x0>'];[];39840.0;39888.0;48.0;16.0;;;True;39840.0;39888.0;48.0;16.0;;;True;ControlType.CONTROLLED;1;<BV64 0x9ba0>;64;[];[];[];[];[];[];[];39840;39840;0;1.0;;;True;39840.0;39840.0;0.0;1.0;;;True;ControlType.NO_CONTROL;0;<BV64 0#60 .. LOAD_8[<BV64 x0 + 0x1>]_23[7:4]>;64;[];[];['<BV64 x0>'];"[""<BV64 x0>: ['0x1']""]";[];['<BV64 x0 + 0x1>'];[];0.0;15.0;15;1;;;True;0.0;15.0;15;1;;;True;ControlType.CONTROLLED;1;<BV64 x0 + 0x1>;64;[];[];['<BV64 x0>'];[];['<BV64 x0>'];[];[];0.0;1.8446744073709552e+19;1.8446744073709552e+19;1.0;;;True;0.0;1.8446744073709552e+19;1.8446744073709552e+19;1.0;;;True;ControlType.CONTROLLED;0;<BV8 LOAD_8[<BV64 x0 + 0x1>]_23>;8;[];[];[];[];[];[];[];0;0;0;;;;False;0;0;0;;;;False;ControlType.UNKNOWN;1;[('0x26d0', <Bool x1 > 0x2>, 'Taken'), ('0x26e0', <Bool True>, 'Taken'), ('0x2744', <Bool 0x4 <= x3>, 'Taken')];{'regs': ['<BV64 x1>', '<BV64 x3>'], 'indirect_regs': [], 'direct_regs': ['<BV64 x1>', '<BV64 x3>'], 'mem': [], 'const_mem': []};[];{'regs': [], 'indirect_regs': [], 'direct_regs': [], 'mem': [], 'const_mem': []};{'regs': ['<BV64 x0>'], 'indirect_regs': [], 'direct_regs': ['<BV64 x0>'], 'mem': ['<BV64 x0 + 0x1>', '<BV64 x0>'], 'const_mem': []};{'regs': ['<BV64 x0>', '<BV64 x1>', '<BV64 x3>'], 'indirect_regs': [], 'direct_regs': ['<BV64 x0>', '<BV64 x1>', '<BV64 x3>'], 'mem': ['<BV64 x0 + 0x1>', '<BV64 x0>'], 'const_mem': []};3.0;0.0;4.0;4.0;[];;;<BV64 0#58 .. (0#4 .. LOAD_8[<BV64 x0>]_22[1:0]) << 4>;BaseControlType.BASE_INDIRECTLY_DEPENDS_ON_SECRET_ADDR;BaseControlType.BASE_INDIRECTLY_DEPENDS_ON_SECRET_ADDR;BaseControlType.BASE_INDIRECTLY_DEPENDS_ON_SECRET_ADDR;3;BranchControlType.BRANCH_INDEPENDENT_FROM_SECRET;BranchControlType.BRANCH_INDEPENDENT_FROM_SECRET;9964;True;False;True;True;True;True;False;False;True;False;True;True;True;False;False;False;True;False;True;False;[];['has_valid_base', 'secret_below_cache_granularity'];True;False;True;True;True;True;False;False;True;False;True;True;True;False;False;False;True;False;True;False;[];['has_valid_base', 'secret_below_cache_granularity']
6852a7d2-d6b2-489a-a2e8-70d87dd9f7de;__sym_ntop@@GLIBC_2.17;0x8980;0x89ac;0x0;TransmitterType.LOAD;14;0;False;['0x8980', '0x89ac', '0x89a0', '0x89ac'];<BV64 0x18 + x0>;64;[];[];['<BV64 x0>'];[];['<BV64 x0>'];[];[];0;18446744073709551615;18446744073709551615;1;;;True;0;18446744073709551615;18446744073709551615;1;;;True;ControlType.CONTROLLED;0;<BV64 0x18>;64;[];[];[];[];[];[];[];24.0;24.0;0.0;1.0;;;True;24.0;24.0;0.0;1.0;;;True;ControlType.NO_CONTROL;0;<BV64 0x18>;64;[];[];[];[];[];[];[];24;24;0;1.0;;;True;24.0;24.0;0.0;1.0;;;True;ControlType.NO_CONTROL;0;<BV64 x0>;64;[];[];['<BV64 x0>'];[];['<BV64 x0>'];[];[];0.0;1.8446744073709552e+19;18446744073709551615;1;;;True;0.0;1.8446744073709552e+19;18446744073709551615;1;;;True;ControlType.CONTROLLED;0;<BV64 x0>;64;[];[];['<BV64 x0>'];[];['<BV64 x0>'];[];[];0.0;1.8446744073709552e+19;1.8446744073709552e+19;1.0;;;True;0.0;1.8446744073709552e+19;1.8446744073709552e+19;1.0;;;True;ControlType.CONTROLLED;0;<BV64 x0>;64;[];[];[];[];[];[];[];0;0;0;;;;False;0;0;0;;;;False;ControlType.UNKNOWN;0;[('0x8998', <Bool LOAD_64[<BV64 x0 + 0x8>]_24 != 0x0>, 'Taken'), ('0x89a8', <Bool LOAD_64[<BV64 x0 + 0x20>]_38 != 0x0>, 'Taken'), ('0x89b4', <Bool LOAD_32[<BV64 x0>]_26 != x1[31:0]>, 'Taken')];"{'regs': ['<BV64 x0>', '<BV64 x1>'], 'indirect_regs': [""<BV64 x0>: ['0x0', '0x20', '0x8']""], 'direct_regs': ['<BV64 x1>'], 'mem': ['<BV64 x0 + 0x20>', '<BV64 x0 + 0x8>', '<BV64 x0>'], 'const_mem': []}";[];{'regs': [], 'indirect_regs': [], 'direct_regs': [], 'mem': [], 'const_mem': []};{'regs': ['<BV64 x0>'], 'indirect_regs': [], 'direct_regs': ['<BV64 x0>'], 'mem': [], 'const_mem': []};{'regs': ['<BV64 x0>', '<BV64 x1>'], 'indirect_regs': [], 'direct_regs': ['<BV64 x0>', '<BV64 x1>'], 'mem': ['<BV64 x0 + 0x20>', '<BV64 x0 + 0x8>', '<BV64 x0>'], 'const_mem': []};63.0;0.0;64.0;64.0;[];;;;BaseControlType.CONSTANT_BASE;BaseControlType.CONSTANT_BASE;BaseControlType.CONSTANT_BASE;3;BranchControlType.BRANCH_DEPENDS_ON_SECRET_VALUE;BranchControlType.BRANCH_INDEPENDENT_FROM_SECRET;35244;True;False;True;True;True;False;False;True;True;False;False;False;True;False;True;True;True;False;True;False;[];['has_valid_base'];True;False;True;True;True;False;False;True;True;False;False;False;True;False;True;True;True;False;True;False;[];['has_valid_base']
8c375ebb-703d-4faf-9cb7-527b5a84344e;ns_parserr@@GLIBC_2.17;0x4f80;0x4fd8;0x0;TransmitterType.LOAD;23;0;False;['0x4f80', '0x4f88', '0x4fb4', '0x4fcc', '0x4fd0'];<BV64 0x14 + x0 + (0#31 .. (0#1 .. x1[31:0]) << 0x1)>;64;[('0x4f84', <Bool 0x3 >= x1[31:0]>, 'Taken'), ('0x4fb0', <Bool LOAD_32[<BV64 x0 + 0x40>]_26 != x1[31:0]>, 'Taken')];[];['<BV64 x0>', '<BV64 x1>'];[];['<BV64 x0>', '<BV64 x1>'];[];[];0;18446744073709551615;18446744073709551615;1;;;True;0;18446744073709551615;18446744073709551615;1;;;False;ControlType.CONTROLLED;0;<BV64 0x14 + (0#31 .. (0#1 .. x1[31:0]) << 0x1)>;64;[('0x4f84', <Bool 0x3 >= x1[31:0]>, 'Taken'), ('0x4fb0', <Bool LOAD_32[<BV64 x0 + 0x40>]_26 != x1[31:0]>, 'Taken')];[];['<BV64 x1>'];[];['<BV64 x1>'];[];[];20.0;8589934610.0;8589934590.0;2.0;;;True;20.0;26.0;6.0;2.0;;;True;ControlType.CONTROLLED;0;<BV64 0x14 + (0#31 .. (0#1 .. x1[31:0]) << 0x1)>;64;[];[];['<BV64 x1>'];[];['<BV64 x1>'];[];[];20;8589934610;8589934590;2.0;;;True;20.0;26.0;6.0;2.0;;;True;ControlType.CONTROLLED;0;<BV64 x0>;64;[];[];['<BV64 x0>'];[];['<BV64 x0>'];[];[];0.0;1.8446744073709552e+19;18446744073709551615;1;;;True;0.0;1.8446744073709552e+19;18446744073709551615;1;;;True;ControlType.CONTROLLED;0;<BV64 x0>;64;[];[];['<BV64 x0>'];[];['<BV64 x0>'];[];[];0.0;1.8446744073709552e+19;1.8446744073709552e+19;1.0;;;True;0.0;1.8446744073709552e+19;1.8446744073709552e+19;1.0;;;True;ControlType.CONTROLLED;0;<BV64 x0>;64;[];[];[];[];[];[];[];0;0;0;;;;False;0;0;0;;;;False;ControlType.UNKNOWN;0;[('0x4f84', <Bool 0x3 >= x1[31:0]>, 'Taken'), ('0x4fb0', <Bool LOAD_32[<BV64 x0 + 0x40>]_26 != x1[31:0]>, 'Taken'), ('0x4fc8', <Bool x2[31:0] + 0x1 != 0x0>, 'Taken'), ('0x4fcc', <Bool (LShR(0x0 .. x2[31:0], 0x1f)[7:0] & 1) == 0>, 'Taken')];"{'regs': ['<BV64 x0>', '<BV64 x1>', '<BV64 x2>'], 'indirect_regs': [""<BV64 x0>: ['0x40']""], 'direct_regs': ['<BV64 x1>', '<BV64 x2>'], 'mem': ['<BV64 x0 + 0x40>'], 'const_mem': []}";[];{'regs': [], 'indirect_regs': [], 'direct_regs': [], 'mem': [], 'const_mem': []};{'regs': ['<BV64 x0>', '<BV64 x1>'], 'indirect_regs': [], 'direct_regs': ['<BV64 x0>', '<BV64 x1>'], 'mem': [], 'const_mem': []};{'regs': ['<BV64 x0>', '<BV64 x1>', '<BV64 x2>'], 'indirect_regs': [], 'direct_regs': ['<BV64 x0>', '<BV64 x1>', '<BV64 x2>'], 'mem': ['<BV64 x0 + 0x40>'], 'const_mem': []};63.0;0.0;64.0;64.0;[];;;;BaseControlType.BASE_INDEPENDENT_FROM_SECRET;BaseControlType.BASE_INDEPENDENT_FROM_SECRET;BaseControlType.BASE_INDEPENDENT_FROM_SECRET;4;BranchControlType.BRANCH_DEPENDS_ON_SECRET_VALUE;BranchControlType.BRANCH_INDEPENDENT_FROM_SECRET;20440;True;False;True;True;True;False;False;True;True;False;False;False;True;False;True;True;True;False;True;False;[];['has_valid_base'];True;False;True;True;True;False;False;True;True;False;False;False;True;False;True;True;True;False;True;False;[];['has_valid_base']
30d5a128-94cb-4209-9370-e21677b5fb37;__b64_ntop@@GLIBC_2.17;0x26c0;0x26f0;0x2718;TransmitterType.LOAD;27;1;False;['0x26c0', '0x26d4', '0x2710', '0x26e4'];<BV64 0x9ba0 + (0#58 .. ((0#2 .. LOAD_8[<BV64 x0 + 0x1>]_23[3:0]) << 2) + (0#4 .. LOAD_8[<BV64 x0 + 0x2>]_24[7:6]))>;64;[];[];['<BV64 x0>'];"[""<BV64 x0>: ['0x1', '0x2']""]";[];['<BV64 x0 + 0x1>', '<BV64 x0 + 0x2>'];[];39840;39903;63;1;39935.0;39808.0;False;39840;39903;63;1;39935.0;39808.0;False;ControlType.CONTROLLED;1;<BV64 0x9ba0 + (0#62 .. LOAD_8[<BV64 x0 + 0x2>]_24[7:6])>;64;[];[];['<BV64 x0>'];"[""<BV64 x0>: ['0x2']""]";[];['<BV64 x0 + 0x2>'];[];39840.0;39843.0;3.0;1.0;;;True;39840.0;39843.0;3.0;1.0;;;True;ControlType.CONTROLLED;1;<BV64 0x9ba0>;64;[];[];[];[];[];[];[];39840;39840;0;1.0;;;True;39840.0;39840.0;0.0;1.0;;;True;ControlType.NO_CONTROL;0;<BV64 0#58 .. (0#2 .. LOAD_8[<BV64 x0 + 0x1>]_23[3:0]) << 2>;64;[];[];['<BV64 x0>'];"[""<BV64 x0>: ['0x1']""]";[];['<BV64 x0 + 0x1>'];[];0.0;60.0;60;4;;;True;0.0;60.0;60;4;;;True;ControlType.CONTROLLED;1;<BV64 x0 + 0x1>;64;[];[];['<BV64 x0>'];[];['<BV64 x0>'];[];[];0.0;1.8446744073709552e+19;1.8446744073709552e+19;1.0;;;True;0.0;1.8446744073709552e+19;1.8446744073709552e+19;1.0;;;True;ControlType.CONTROLLED;0;<BV8 LOAD_8[<BV64 x0 + 0x1>]_23>;8;[];[];[];[];[];[];[];0;0;0;;;;False;0;0;0;;;;False;ControlType.UNKNOWN;1;[('0x26d0', <Bool x1 > 0x2>, 'Taken'), ('0x26e0', <Bool True>, 'Taken'), ('0x2744', <Bool 0x4 <= x3>, 'Taken')];{'regs': ['<BV64 x1>', '<BV64 x3>'], 'indirect_regs': [], 'direct_regs': ['<BV64 x1>', '<BV64 x3>'], 'mem': [], 'const_mem': []};[];{'regs': [], 'indirect_regs': [], 'direct_regs': [], 'mem': [], 'const_mem': []};{'regs': ['<BV64 x0>'], 'indirect_regs': [], 'direct_regs': ['<BV64 x0>'], 'mem': ['<BV64 x0 + 0x1>', '<BV64 x0 + 0x2>'], 'const_mem': []};{'regs': ['<BV64 x0>', '<BV64 x1>', '<BV64 x3>'], 'indirect_regs': [], 'direct_regs': ['<BV64 x0>', '<BV64 x1>', '<BV64 x3>'], 'mem': ['<BV64 x0 + 0x1>', '<BV64 x0 + 0x2>'], 'const_mem': []};5.0;2.0;4.0;4.0;[];;;<BV64 0#62 .. LOAD_8[<BV64 x0 + 0x2>]_24[7:6]>;BaseControlType.BASE_INDIRECTLY_DEPENDS_ON_SECRET_ADDR;BaseControlType.BASE_INDIRECTLY_DEPENDS_ON_SECRET_ADDR;BaseControlType.BASE_INDIRECTLY_DEPENDS_ON_SECRET_ADDR;3;BranchControlType.BRANCH_INDEPENDENT_FROM_SECRET;BranchControlType.BRANCH_INDEPENDENT_FROM_SECRET;9968;True;False;True;True;True;True;False;False;True;False;True;True;True;False;False;False;True;False;True;False;[];['has_valid_base', 'secret_below_cache_granularity'];True;False;True;True;True;True;False;False;True;False;True;True;True;False;False;False;True;False;True;False;[];['has_valid_base', 'secret_below_cache_granularity']
6044a40f-bdce-4522-bdf8-c7ba4926a73e;__loc_ntoa@@GLIBC_2.17;0x9288;0x93f4;0x92dc;TransmitterType.LOAD;92;1;False;['0x9288', '0x92b8', '0x9308', '0x9320', '0x9380'];<BV64 0xa9f0 + (0#30 .. ((0#30 .. LOAD_8[<BV64 x0 + 0x1>]_37[3:0]) << 0x2) + ((0#2 .. 0xffffffff * (((0#3 .. 0xcccccccd * (0#60 .. LOAD_8[<BV64 x0 + 0x1>]_37[3:0])[63:35]) << 0x1) + ((0#1 .. (0#2 .. 0xcccccccd * (0#60 .. LOAD_8[<BV64 x0 + 0x1>]_37[3:0])[63:35]) << 0x2) << 0x1))) << 0x2))>;64;[];[('0x93f4', <Bool ((0x0 .. LOAD_8[<BV64 x0 + 0x1>]_37) & 0xf) - ((((0#32 .. (0x0 .. LOAD_8[<BV64 x0 + 0x1>]_37) & 0xf) * 0xcccccccd << 0x1d[31:0] | LShR((0#32 .. (0x0 .. LOAD_8[<BV64 x0 + 0x1>]_37) & 0xf) * 0xcccccccd, 0x23)[31:0]) & 0x1fffffff) + ((((0#32 .. (0x0 .. LOAD_8[<BV64 x0 + 0x1>]_37) & 0xf) * 0xcccccccd << 0x1d[31:0] | LShR((0#32 .. (0x0 .. LOAD_8[<BV64 x0 + 0x1>]_37) & 0xf) * 0xcccccccd, 0x23)[31:0]) & 0x1fffffff) << 0x2) << 0x1)[31:31] == 0>, 'ConditionType.SIGN_EXT')];['<BV64 x0>'];"[""<BV64 x0>: ['0x1']""]";[];['<BV64 x0 + 0x1>'];[];43504;43540;36;4;;;True;43504;43540;36;4;;;True;ControlType.CONTROLLED;1;<BV64 0xa9f0>;64;[];[];[];[];[];[];[];43504.0;43504.0;0.0;1.0;;;True;43504.0;43504.0;0.0;1.0;;;True;ControlType.NO_CONTROL;0;<BV64 0xa9f0>;64;[];[];[];[];[];[];[];43504;43504;0;1.0;;;True;43504.0;43504.0;0.0;1.0;;;True;ControlType.NO_CONTROL;0;<BV64 (0#30 .. (0#30 .. LOAD_8[<BV64 x0 + 0x1>]_37[3:0]) << 0x2) + (0#30 .. (0#2 .. 0xffffffff * (((0#3 .. 0xcccccccd * (0#60 .. LOAD_8[<BV64 x0 + 0x1>]_37[3:0])[63:35]) << 0x1) + ((0#1 .. (0#2 .. 0xcccccccd * (0#60 .. LOAD_8[<BV64 x0 + 0x1>]_37[3:0])[63:35]) << 0x2) << 0x1))) << 0x2)>;64;[];[('0x93f4', <Bool ((0x0 .. LOAD_8[<BV64 x0 + 0x1>]_37) & 0xf) - ((((0#32 .. (0x0 .. LOAD_8[<BV64 x0 + 0x1>]_37) & 0xf) * 0xcccccccd << 0x1d[31:0] | LShR((0#32 .. (0x0 .. LOAD_8[<BV64 x0 + 0x1>]_37) & 0xf) * 0xcccccccd, 0x23)[31:0]) & 0x1fffffff) + ((((0#32 .. (0x0 .. LOAD_8[<BV64 x0 + 0x1>]_37) & 0xf) * 0xcccccccd << 0x1d[31:0] | LShR((0#32 .. (0x0 .. LOAD_8[<BV64 x0 + 0x1>]_37) & 0xf) * 0xcccccccd, 0x23)[31:0]) & 0x1fffffff) << 0x2) << 0x1)[31:31] == 0>, 'ConditionType.SIGN_EXT')];['<BV64 x0>'];"[""<BV64 x0>: ['0x1']""]";[];['<BV64 x0 + 0x1>'];[];0.0;17179869204.0;17179869204;4;17179869244.0;;False;0.0;17179869204.0;17179869204;4;17179869244.0;;False;ControlType.CONTROLLED;1;<BV64 x0 + 0x1>;64;[];[];['<BV64 x0>'];[];['<BV64 x0>'];[];[];0.0;1.8446744073709552e+19;1.8446744073709552e+19;1.0;;;True;0.0;1.8446744073709552e+19;1.8446744073709552e+19;1.0;;;True;ControlType.CONTROLLED;0;<BV8 LOAD_8[<BV64 x0 + 0x1>]_37>;8;[];[];[];[];[];[];[];0;0;0;;;;False;0;0;0;;;;False;ControlType.UNKNOWN;1;[('0x92b4', <Bool LOAD_8[<BV64 x0>]_24 == 0>, 'Taken'), ('0x9304', <Bool (LShR((LShR((LShR((0#32 .. LOAD_32[<BV64 x0 + 0xc>]_36) << 0x20 & 0xff00ff00ff00ff00, 0x8) | (0#32 .. LOAD_32[<BV64 x0 + 0xc>]_36) << 0x28 & 0xff00ff00ff00ff00) & 0xffff0000ffff0000, 0x10) | (LShR((0#32 .. LOAD_32[<BV64 x0 + 0xc>]_36) << 0x20 & 0xff00ff00ff00ff00, 0x8) | (0#32 .. LOAD_32[<BV64 x0 + 0xc>]_36) << 0x28 & 0xff00ff00ff00ff00) << 0x10 & 0xffff0000ffff0000) & 0xffffffff00000000, 0x20)[31:0] | (LShR((LShR((0#32 .. LOAD_32[<BV64 x0 + 0xc>]_36) << 0x20 & 0xff00ff00ff00ff00, 0x8) | (0#32 .. LOAD_32[<BV64 x0 + 0xc>]_36) << 0x28 & 0xff00ff00ff00ff00) & 0xffff0000ffff0000, 0x10) | (LShR((0#32 .. LOAD_32[<BV64 x0 + 0xc>]_36) << 0x20 & 0xff00ff00ff00ff00, 0x8) | (0#32 .. LOAD_32[<BV64 x0 + 0xc>]_36) << 0x28 & 0xff00ff00ff00ff00) << 0x10 & 0xffff0000ffff0000) << 0x20[31:0] & 0x0) > 0x98967f>, 'Taken'), ('0x931c', <Bool (LShR(0x0 .. 0x80000000 + (LOAD_32[<BV64 x0 + 0x4>]_34[7:0] .. LOAD_32[<BV64 x0 + 0x4>]_34[15:8] .. LOAD_32[<BV64 x0 + 0x4>]_34[23:16] .. LOAD_32[<BV64 x0 + 0x4>]_34[31:24]), 0x1f)[7:0] & 1) != 0>, 'Taken'), ('0x937c', <Bool (LShR(0x0 .. 0x80000000 + (LOAD_32[<BV64 x0 + 0x8>]_35[7:0] .. LOAD_32[<BV64 x0 + 0x8>]_35[15:8] .. LOAD_32[<BV64 x0 + 0x8>]_35[23:16] .. LOAD_32[<BV64 x0 + 0x8>]_35[31:24]), 0x1f)[7:0] & 1) != 0>, 'Taken')];"{'regs': ['<BV64 x0>'], 'indirect_regs': [""<BV64 x0>: ['0x0', '0x4', '0x8', '0xc']""], 'direct_regs': [], 'mem': ['<BV64 x0 + 0x4>', '<BV64 x0 + 0x8>', '<BV64 x0 + 0xc>', '<BV64 x0>'], 'const_mem': []}";[('0x93f4', <Bool ((0x0 .. LOAD_8[<BV64 x0 + 0x1>]_37) & 0xf) - ((((0#32 .. (0x0 .. LOAD_8[<BV64 x0 + 0x1>]_37) & 0xf) * 0xcccccccd << 0x1d[31:0] | LShR((0#32 .. (0x0 .. LOAD_8[<BV64 x0 + 0x1>]_37) & 0xf) * 0xcccccccd, 0x23)[31:0]) & 0x1fffffff) + ((((0#32 .. (0x0 .. LOAD_8[<BV64 x0 + 0x1>]_37) & 0xf) * 0xcccccccd << 0x1d[31:0] | LShR((0#32 .. (0x0 .. LOAD_8[<BV64 x0 + 0x1>]_37) & 0xf) * 0xcccccccd, 0x23)[31:0]) & 0x1fffffff) << 0x2) << 0x1)[31:31] == 0>, 'ConditionType.SIGN_EXT')];"{'regs': ['<BV64 x0>'], 'indirect_regs': [""<BV64 x0>: ['0x1']""], 'direct_regs': [], 'mem': ['<BV64 x0 + 0x1>'], 'const_mem': []}";{'regs': ['<BV64 x0>'], 'indirect_regs': [], 'direct_regs': ['<BV64 x0>'], 'mem': ['<BV64 x0 + 0x1>'], 'const_mem': []};{'regs': ['<BV64 x0>'], 'indirect_regs': [], 'direct_regs': ['<BV64 x0>'], 'mem': ['<BV64 x0 + 0x1>', '<BV64 x0 + 0x4>', '<BV64 x0 + 0x8>', '<BV64 x0 + 0xc>', '<BV64 x0>'], 'const_mem': []};34.0;2.0;33.0;4.0;[];;;;BaseControlType.CONSTANT_BASE;BaseControlType.CONSTANT_BASE;BaseControlType.CONSTANT_BASE;4;BranchControlType.BRANCH_DEPENDS_ON_SECRET_ADDRESS;BranchControlType.BRANCH_INDEPENDENT_FROM_SECRET;37876;True;False;True;True;True;False;False;False;True;False;False;False;True;False;True;True;True;False;True;False;[];['has_valid_base'];True;False;True;True;True;False;False;False;True;False;False;False;True;False;True;True;True;False;True;False;[];['has_valid_base']
659f5c34-da24-4fd8-b23f-b9c7316d5dde;__sym_ntop@@GLIBC_2.17;0x8980;0x89a0;0x0;TransmitterType.LOAD;17;0;False;['0x8980', '0x89ac', '0x89a0', '0x89ac', '0x89a0'];<BV64 0x38 + x0>;64;[];[];['<BV64 x0>'];[];['<BV64 x0>'];[];[];0;18446744073709551615;18446744073709551615;1;;;True;0;18446744073709551615;18446744073709551615;1;;;True;ControlType.CONTROLLED;0;<BV64 0x38>;64;[];[];[];[];[];[];[];56.0;56.0;0.0;1.0;;;True;56.0;56.0;0.0;1.0;;;True;ControlType.NO_CONTROL;0;<BV64 0x38>;64;[];[];[];[];[];[];[];56;56;0;1.0;;;True;56.0;56.0;0.0;1.0;;;True;ControlType.NO_CONTROL;0;<BV64 x0>;64;[];[];['<BV64 x0>'];[];['<BV64 x0>'];[];[];0.0;1.8446744073709552e+19;18446744073709551615;1;;;True;0.0;1.8446744073709552e+19;18446744073709551615;1;;;True;ControlType.CONTROLLED;0;<BV64 x0>;64;[];[];['<BV64 x0>'];[];['<BV64 x0>'];[];[];0.0;1.8446744073709552e+19;1.8446744073709552e+19;1.0;;;True;0.0;1.8446744073709552e+19;1.8446744073709552e+19;1.0;;;True;ControlType.CONTROLLED;0;<BV64 x0>;64;[];[];[];[];[];[];[];0;0;0;;;;False;0;0;0;;;;False;ControlType.UNKNOWN;0;[('0x8998', <Bool LOAD_64[<BV64 x0 + 0x8>]_24 != 0x0>, 'Taken'), ('0x89a8', <Bool LOAD_64[<BV64 x0 + 0x20>]_38 != 0x0>, 'Taken'), ('0x89b4', <Bool LOAD_32[<BV64 x0>]_26 != x1[31:0]>, 'Taken'), ('0x89b4', <Bool LOAD_32[<BV64 0x18 + x0>]_39 != x1[31:0]>, 'Taken')];"{'regs': ['<BV64 x0>', '<BV64 x1>'], 'indirect_regs': [""<BV64 x0>: ['0x0', '0x18', '0x20', '0x8']""], 'direct_regs': ['<BV64 x1>'], 'mem': ['<BV64 0x18 + x0>', '<BV64 x0 + 0x20>', '<BV64 x0 + 0x8>', '<BV64 x0>'], 'const_mem': []}";[];{'regs': [], 'indirect_regs': [], 'direct_regs': [], 'mem': [], 'const_mem': []};{'regs': ['<BV64 x0>'], 'indirect_regs': [], 'direct_regs': ['<BV64 x0>'], 'mem': [], 'const_mem': []};{'regs': ['<BV64 x0>', '<BV64 x1>'], 'indirect_regs': [], 'direct_regs': ['<BV64 x0>', '<BV64 x1>'], 'mem': ['<BV64 0x18 + x0>', '<BV64 x0 + 0x20>', '<BV64 x0 + 0x8>', '<BV64 x0>'], 'const_mem': []};63.0;0.0;64.0;64.0;[];;;;BaseControlType.CONSTANT_BASE;BaseControlType.CONSTANT_BASE;BaseControlType.CONSTANT_BASE;4;BranchControlType.BRANCH_DEPENDS_ON_SECRET_VALUE;BranchControlType.BRANCH_INDEPENDENT_FROM_SECRET;35232;True;False;True;True;True;False;False;True;True;False;False;False;True;False;True;True;True;False;True;False;[];['has_valid_base'];True;False;True;True;True;False;False;True;True;False;False;False;True;False;True;True;True;False;True;False;[];['has_valid_base']
47223bb5-1bfa-49f2-b466-f2f2e2f20bfc;ns_parserr@@GLIBC_2.17;0x4f80;0x50ec;0x0;TransmitterType.LOAD;20;0;False;['0x4f80', '0x4f88', '0x4fb4', '0x50ec'];<BV64 0x44 + x0>;64;[];[];['<BV64 x0>'];[];['<BV64 x0>'];[];[];0;18446744073709551615;18446744073709551615;1;;;True;0;18446744073709551615;18446744073709551615;1;;;True;ControlType.CONTROLLED;0;<BV64 0x44>;64;[];[];[];[];[];[];[];68.0;68.0;0.0;1.0;;;True;68.0;68.0;0.0;1.0;;;True;ControlType.NO_CONTROL;0;<BV64 0x44>;64;[];[];[];[];[];[];[];68;68;0;1.0;;;True;68.0;68.0;0.0;1.0;;;True;ControlType.NO_CONTROL;0;<BV64 x0>;64;[];[];['<BV64 x0>'];[];['<BV64 x0>'];[];[];0.0;1.8446744073709552e+19;18446744073709551615;1;;;True;0.0;1.8446744073709552e+19;18446744073709551615;1;;;True;ControlType.CONTROLLED;0;<BV64 x0>;64;[];[];['<BV64 x0>'];[];['<BV64 x0>'];[];[];0.0;1.8446744073709552e+19;1.8446744073709552e+19;1.0;;;True;0.0;1.8446744073709552e+19;1.8446744073709552e+19;1.0;;;True;ControlType.CONTROLLED;0;<BV64 x0>;64;[];[];[];[];[];[];[];0;0;0;;;;False;0;0;0;;;;False;ControlType.UNKNOWN;0;[('0x4f84', <Bool 0x3 >= x1[31:0]>, 'Taken'), ('0x4fb0', <Bool LOAD_32[<BV64 x0 + 0x40>]_26 != x1[31:0]>, 'Taken'), ('0x4fc8', <Bool x2[31:0] + 0x1 == 0x0>, 'Taken')];"{'regs': ['<BV64 x0>', '<BV64 x1>', '<BV64 x2>'], 'indirect_regs': [""<BV64 x0>: ['0x40']""], 'direct_regs': ['<BV64 x1>', '<BV64 x2>'], 'mem': ['<BV64 x0 + 0x40>'], 'const_mem': []}";[];{'regs': [], 'indirect_regs': [], 'direct_regs': [], 'mem': [], 'const_mem': []};{'regs': ['<BV64 x0>'], 'indirect_regs': [], 'direct_regs': ['<BV64 x0>'], 'mem': [], 'const_mem': []};{'regs': ['<BV64 x0>', '<BV64 x1>', '<BV64 x2>'], 'indirect_regs': [], 'direct_regs': ['<BV64 x0>', '<BV64 x1>', '<BV64 x2>'], 'mem': ['<BV64 x0 + 0x40>'], 'const_mem': []};63.0;0.0;64.0;64.0;[];;;;BaseControlType.CONSTANT_BASE;BaseControlType.CONSTANT_BASE;BaseControlType.CONSTANT_BASE;3;BranchControlType.BRANCH_DEPENDS_ON_SECRET_VALUE;BranchControlType.BRANCH_INDEPENDENT_FROM_SECRET;20716;True;False;True;True;True;False;False;True;True;False;False;False;True;False;True;True;True;False;True;False;[];['has_valid_base'];True;False;True;True;True;False;False;True;True;False;False;False;True;False;True;True;True;False;True;False;[];['has_valid_base']
df4e93bd-c924-4b8c-bb2a-a3917ea592f0;__b64_ntop@@GLIBC_2.17;0x26c0;0x26f0;0x2734;TransmitterType.LOAD;27;1;False;['0x26c0', '0x26d4', '0x2710', '0x26e4'];<BV64 0x9ba0 + (0#58 .. ((0#2 .. LOAD_8[<BV64 x0 + 0x1>]_23[3:0]) << 2) + (0#4 .. LOAD_8[<BV64 x0 + 0x2>]_24[7:6]))>;64;[];[];['<BV64 x0>'];"[""<BV64 x0>: ['0x1', '0x2']""]";[];['<BV64 x0 + 0x1>', '<BV64 x0 + 0x2>'];[];39840;39903;63;1;39935.0;39808.0;False;39840;39903;63;1;39935.0;39808.0;False;ControlType.CONTROLLED;1;<BV64 0x9ba0 + (0#58 .. (0#2 .. LOAD_8[<BV64 x0 + 0x1>]_23[3:0]) << 2)>;64;[];[];['<BV64 x0>'];"[""<BV64 x0>: ['0x1']""]";[];['<BV64 x0 + 0x1>'];[];39840.0;39900.0;60.0;4.0;;;True;39840.0;39900.0;60.0;4.0;;;True;ControlType.CONTROLLED;1;<BV64 0x9ba0>;64;[];[];[];[];[];[];[];39840;39840;0;1.0;;;True;39840.0;39840.0;0.0;1.0;;;True;ControlType.NO_CONTROL;0;<BV64 0#62 .. LOAD_8[<BV64 x0 + 0x2>]_24[7:6]>;64;[];[];['<BV64 x0>'];"[""<BV64 x0>: ['0x2']""]";[];['<BV64 x0 + 0x2>'];[];0.0;3.0;3;1;;;True;0.0;3.0;3;1;;;True;ControlType.CONTROLLED;1;<BV64 x0 + 0x2>;64;[];[];['<BV64 x0>'];[];['<BV64 x0>'];[];[];0.0;1.8446744073709552e+19;1.8446744073709552e+19;1.0;;;True;0.0;1.8446744073709552e+19;1.8446744073709552e+19;1.0;;;True;ControlType.CONTROLLED;0;<BV8 LOAD_8[<BV64 x0 + 0x2>]_24>;8;[];[];[];[];[];[];[];0;0;0;;;;False;0;0;0;;;;False;ControlType.UNKNOWN;1;[('0x26d0', <Bool x1 > 0x2>, 'Taken'), ('0x26e0', <Bool True>, 'Taken'), ('0x2744', <Bool 0x4 <= x3>, 'Taken')];{'regs': ['<BV64 x1>', '<BV64 x3>'], 'indirect_regs': [], 'direct_regs': ['<BV64 x1>', '<BV64 x3>'], 'mem': [], 'const_mem': []};[];{'regs': [], 'indirect_regs': [], 'direct_regs': [], 'mem': [], 'const_mem': []};{'regs': ['<BV64 x0>'], 'indirect_regs': [], 'direct_regs': ['<BV64 x0>'], 'mem': ['<BV64 x0 + 0x1>', '<BV64 x0 + 0x2>'], 'const_mem': []};{'regs': ['<BV64 x0>', '<BV64 x1>', '<BV64 x3>'], 'indirect_regs': [], 'direct_regs': ['<BV64 x0>', '<BV64 x1>', '<BV64 x3>'], 'mem': ['<BV64 x0 + 0x1>', '<BV64 x0 + 0x2>'], 'const_mem': []};1.0;0.0;2.0;2.0;[];;;<BV64 0#58 .. (0#2 .. LOAD_8[<BV64 x0 + 0x1>]_23[3:0]) << 2>;BaseControlType.BASE_INDIRECTLY_DEPENDS_ON_SECRET_ADDR;BaseControlType.BASE_INDIRECTLY_DEPENDS_ON_SECRET_ADDR;BaseControlType.BASE_INDIRECTLY_DEPENDS_ON_SECRET_ADDR;3;BranchControlType.BRANCH_INDEPENDENT_FROM_SECRET;BranchControlType.BRANCH_INDEPENDENT_FROM_SECRET;9968;True;False;True;True;True;True;False;False;True;False;True;True;True;False;False;False;True;False;True;False;[];['has_valid_base', 'secret_below_cache_granularity'];True;False;True;True;True;True;False;False;True;False;True;True;True;False;False;False;True;False;True;False;[];['has_valid_base', 'secret_below_cache_granularity']
852306f9-dd6c-4645-9c26-25b9335c9238;__loc_ntoa@@GLIBC_2.17;0x9288;0x93f4;0x92dc;TransmitterType.LOAD;89;1;False;['0x9288', '0x92b8', '0x9308', '0x9320', '0x938c'];<BV64 0xa9f0 + (0#30 .. ((0#30 .. LOAD_8[<BV64 x0 + 0x1>]_37[3:0]) << 0x2) + ((0#2 .. 0xffffffff * (((0#3 .. 0xcccccccd * (0#60 .. LOAD_8[<BV64 x0 + 0x1>]_37[3:0])[63:35]) << 0x1) + ((0#1 .. (0#2 .. 0xcccccccd * (0#60 .. LOAD_8[<BV64 x0 + 0x1>]_37[3:0])[63:35]) << 0x2) << 0x1))) << 0x2))>;64;[];[('0x93f4', <Bool ((0x0 .. LOAD_8[<BV64 x0 + 0x1>]_37) & 0xf) - ((((0#32 .. (0x0 .. LOAD_8[<BV64 x0 + 0x1>]_37) & 0xf) * 0xcccccccd << 0x1d[31:0] | LShR((0#32 .. (0x0 .. LOAD_8[<BV64 x0 + 0x1>]_37) & 0xf) * 0xcccccccd, 0x23)[31:0]) & 0x1fffffff) + ((((0#32 .. (0x0 .. LOAD_8[<BV64 x0 + 0x1>]_37) & 0xf) * 0xcccccccd << 0x1d[31:0] | LShR((0#32 .. (0x0 .. LOAD_8[<BV64 x0 + 0x1>]_37) & 0xf) * 0xcccccccd, 0x23)[31:0]) & 0x1fffffff) << 0x2) << 0x1)[31:31] == 0>, 'ConditionType.SIGN_EXT')];['<BV64 x0>'];"[""<BV64 x0>: ['0x1']""]";[];['<BV64 x0 + 0x1>'];[];43504;43540;36;4;;;True;43504;43540;36;4;;;True;ControlType.CONTROLLED;1;<BV64 0xa9f0>;64;[];[];[];[];[];[];[];43504.0;43504.0;0.0;1.0;;;True;43504.0;43504.0;0.0;1.0;;;True;ControlType.NO_CONTROL;0;<BV64 0xa9f0>;64;[];[];[];[];[];[];[];43504;43504;0;1.0;;;True;43504.0;43504.0;0.0;1.0;;;True;ControlType.NO_CONTROL;0;<BV64 (0#30 .. (0#30 .. LOAD_8[<BV64 x0 + 0x1>]_37[3:0]) << 0x2) + (0#30 .. (0#2 .. 0xffffffff * (((0#3 .. 0xcccccccd * (0#60 .. LOAD_8[<BV64 x0 + 0x1>]_37[3:0])[63:35]) << 0x1) + ((0#1 .. (0#2 .. 0xcccccccd * (0#60 .. LOAD_8[<BV64 x0 + 0x1>]_37[3:0])[63:35]) << 0x2) << 0x1))) << 0x2)>;64;[];[('0x93f4', <Bool ((0x0 .. LOAD_8[<BV64 x0 + 0x1>]_37) & 0xf) - ((((0#32 .. (0x0 .. LOAD_8[<BV64 x0 + 0x1>]_37) & 0xf) * 0xcccccccd << 0x1d[31:0] | LShR((0#32 .. (0x0 .. LOAD_8[<BV64 x0 + 0x1>]_37) & 0xf) * 0xcccccccd, 0x23)[31:0]) & 0x1fffffff) + ((((0#32 .. (0x0 .. LOAD_8[<BV64 x0 + 0x1>]_37) & 0xf) * 0xcccccccd << 0x1d[31:0] | LShR((0#32 .. (0x0 .. LOAD_8[<BV64 x0 + 0x1>]_37) & 0xf) * 0xcccccccd, 0x23)[31:0]) & 0x1fffffff) << 0x2) << 0x1)[31:31] == 0>, 'ConditionType.SIGN_EXT')];['<BV64 x0>'];"[""<BV64 x0>: ['0x1']""]";[];['<BV64 x0 + 0x1>'];[];0.0;17179869204.0;17179869204;4;17179869244.0;;False;0.0;17179869204.0;17179869204;4;17179869244.0;;False;ControlType.CONTROLLED;1;<BV64 x0 + 0x1>;64;[];[];['<BV64 x0>'];[];['<BV64 x0>'];[];[];0.0;1.8446744073709552e+19;1.8446744073709552e+19;1.0;;;True;0.0;1.8446744073709552e+19;1.8446744073709552e+19;1.0;;;True;ControlType.CONTROLLED;0;<BV8 LOAD_8[<BV64 x0 + 0x1>]_37>;8;[];[];[];[];[];[];[];0;0;0;;;;False;0;0;0;;;;False;ControlType.UNKNOWN;1;[('0x92b4', <Bool LOAD_8[<BV64 x0>]_24 == 0>, 'Taken'), ('0x9304', <Bool (LShR((LShR((LShR((0#32 .. LOAD_32[<BV64 x0 + 0xc>]_36) << 0x20 & 0xff00ff00ff00ff00, 0x8) | (0#32 .. LOAD_32[<BV64 x0 + 0xc>]_36) << 0x28 & 0xff00ff00ff00ff00) & 0xffff0000ffff0000, 0x10) | (LShR((0#32 .. LOAD_32[<BV64 x0 + 0xc>]_36) << 0x20 & 0xff00ff00ff00ff00, 0x8) | (0#32 .. LOAD_32[<BV64 x0 + 0xc>]_36) << 0x28 & 0xff00ff00ff00ff00) << 0x10 & 0xffff0000ffff0000) & 0xffffffff00000000, 0x20)[31:0] | (LShR((LShR((0#32 .. LOAD_32[<BV64 x0 + 0xc>]_36) << 0x20 & 0xff00ff00ff00ff00, 0x8) | (0#32 .. LOAD_32[<BV64 x0 + 0xc>]_36) << 0x28 & 0xff00ff00ff00ff00) & 0xffff0000ffff0000, 0x10) | (LShR((0#32 .. LOAD_32[<BV64 x0 + 0xc>]_36) << 0x20 & 0xff00ff00ff00ff00, 0x8) | (0#32 .. LOAD_32[<BV64 x0 + 0xc>]_36) << 0x28 & 0xff00ff00ff00ff00) << 0x10 & 0xffff0000ffff0000) << 0x20[31:0] & 0x0) > 0x98967f>, 'Taken'), ('0x931c', <Bool (LShR(0x0 .. 0x80000000 + (LOAD_32[<BV64 x0 + 0x4>]_34[7:0] .. LOAD_32[<BV64 x0 + 0x4>]_34[15:8] .. LOAD_32[<BV64 x0 + 0x4>]_34[23:16] .. LOAD_32[<BV64 x0 + 0x4>]_34[31:24]), 0x1f)[7:0] & 1) != 0>, 'Taken'), ('0x937c', <Bool (LShR(0x0 .. 0x80000000 + (LOAD_32[<BV64 x0 + 0x8>]_35[7:0] .. LOAD_32[<BV64 x0 + 0x8>]_35[15:8] .. LOAD_32[<BV64 x0 + 0x8>]_35[23:16] .. LOAD_32[<BV64 x0 + 0x8>]_35[31:24]), 0x1f)[7:0] & 1) == 0>, 'Taken')];"{'regs': ['<BV64 x0>'], 'indirect_regs': [""<BV64 x0>: ['0x0', '0x4', '0x8', '0xc']""], 'direct_regs': [], 'mem': ['<BV64 x0 + 0x4>', '<BV64 x0 + 0x8>', '<BV64 x0 + 0xc>', '<BV64 x0>'], 'const_mem': []}";[('0x93f4', <Bool ((0x0 .. LOAD_8[<BV64 x0 + 0x1>]_37) & 0xf) - ((((0#32 .. (0x0 .. LOAD_8[<BV64 x0 + 0x1>]_37) & 0xf) * 0xcccccccd << 0x1d[31:0] | LShR((0#32 .. (0x0 .. LOAD_8[<BV64 x0 + 0x1>]_37) & 0xf) * 0xcccccccd, 0x23)[31:0]) & 0x1fffffff) + ((((0#32 .. (0x0 .. LOAD_8[<BV64 x0 + 0x1>]_37) & 0xf) * 0xcccccccd << 0x1d[31:0] | LShR((0#32 .. (0x0 .. LOAD_8[<BV64 x0 + 0x1>]_37) & 0xf) * 0xcccccccd, 0x23)[31:0]) & 0x1fffffff) << 0x2) << 0x1)[31:31] == 0>, 'ConditionType.SIGN_EXT')];"{'regs': ['<BV64 x0>'], 'indirect_regs': [""<BV64 x0>: ['0x1']""], 'direct_regs': [], 'mem': ['<BV64 x0 + 0x1>'], 'const_mem': []}";{'regs': ['<BV64 x0>'], 'indirect_regs': [], 'direct_regs': ['<BV64 x0>'], 'mem': ['<BV64 x0 + 0x1>'], 'const_mem': []};{'regs': ['<BV64 x0>'], 'indirect_regs': [], 'direct_regs': ['<BV64 x0>'], 'mem': ['<BV64 x0 + 0x1>', '<BV64 x0 + 0x4>', '<BV64 x0 + 0x8>', '<BV64 x0 + 0xc>', '<BV64 x0>'], 'const_mem': []};34.0;2.0;33.0;4.0;[];;;;BaseControlType.CONSTANT_BASE;BaseControlType.CONSTANT_BASE;BaseControlType.CONSTANT_BASE;4;BranchControlType.BRANCH_DEPENDS_ON_SECRET_ADDRESS;BranchControlType.BRANCH_INDEPENDENT_FROM_SECRET;37876;True;False;True;True;True;False;False;False;True;False;False;False;True;False;True;True;True;False;True;False;[];['has_valid_base'];True;False;True;True;True;False;False;False;True;False;False;False;True;False;True;True;True;False;True;False;[];['has_valid_base']
b9020618-12bb-4888-838c-b2ff0e38f0b2;__b64_ntop@@GLIBC_2.17;0x26c0;0x26f4;0x2734;TransmitterType.LOAD;28;1;False;['0x26c0', '0x26d4', '0x2710', '0x26e4'];<BV64 0x9ba0 + (0#58 .. LOAD_8[<BV64 x0 + 0x2>]_24[5:0])>;64;[];[];['<BV64 x0>'];"[""<BV64 x0>: ['0x2']""]";[];['<BV64 x0 + 0x2>'];[];39840;39903;63;1;;;True;39840;39903;63;1;;;True;ControlType.CONTROLLED;1;<BV64 0x9ba0>;64;[];[];[];[];[];[];[];39840.0;39840.0;0.0;1.0;;;True;39840.0;39840.0;0.0;1.0;;;True;ControlType.NO_CONTROL;0;<BV64 0x9ba0>;64;[];[];[];[];[];[];[];39840;39840;0;1.0;;;True;39840.0;39840.0;0.0;1.0;;;True;ControlType.NO_CONTROL;0;<BV64 0#58 .. LOAD_8[<BV64 x0 + 0x2>]_24[5:0]>;64;[];[];['<BV64 x0>'];"[""<BV64 x0>: ['0x2']""]";[];['<BV64 x0 + 0x2>'];[];0.0;63.0;63;1;;;True;0.0;63.0;63;1;;;True;ControlType.CONTROLLED;1;<BV64 x0 + 0x2>;64;[];[];['<BV64 x0>'];[];['<BV64 x0>'];[];[];0.0;1.8446744073709552e+19;1.8446744073709552e+19;1.0;;;True;0.0;1.8446744073709552e+19;1.8446744073709552e+19;1.0;;;True;ControlType.CONTROLLED;0;<BV8 LOAD_8[<BV64 x0 + 0x2>]_24>;8;[];[];[];[];[];[];[];0;0;0;;;;False;0;0;0;;;;False;ControlType.UNKNOWN;1;[('0x26d0', <Bool x1 > 0x2>, 'Taken'), ('0x26e0', <Bool True>, 'Taken'), ('0x2744', <Bool 0x4 <= x3>, 'Taken')];{'regs': ['<BV64 x1>', '<BV64 x3>'], 'indirect_regs': [], 'direct_regs': ['<BV64 x1>', '<BV64 x3>'], 'mem': [], 'const_mem': []};[];{'regs': [], 'indirect_regs': [], 'direct_regs': [], 'mem': [], 'const_mem': []};{'regs': ['<BV64 x0>'], 'indirect_regs': [], 'direct_regs': ['<BV64 x0>'], 'mem': ['<BV64 x0 + 0x2>'], 'const_mem': []};{'regs': ['<BV64 x0>', '<BV64 x1>', '<BV64 x3>'], 'indirect_regs': [], 'direct_regs': ['<BV64 x0>', '<BV64 x1>', '<BV64 x3>'], 'mem': ['<BV64 x0 + 0x2>'], 'const_mem': []};5.0;0.0;6.0;6.0;[];;;;BaseControlType.CONSTANT_BASE;BaseControlType.CONSTANT_BASE;BaseControlType.CONSTANT_BASE;3;BranchControlType.BRANCH_INDEPENDENT_FROM_SECRET;BranchControlType.BRANCH_INDEPENDENT_FROM_SECRET;9972;True;False;True;True;True;True;False;False;True;False;False;False;True;False;False;False;True;False;True;False;[];['has_valid_base', 'secret_below_cache_granularity'];True;False;True;True;True;True;False;False;True;False;False;False;True;False;False;False;True;False;True;False;[];['has_valid_base', 'secret_below_cache_granularity']
cf34f8a0-7b9e-447f-b065-21544fce219a;ns_parserr@@GLIBC_2.17;0x4f80;0x4fd8;0x0;TransmitterType.LOAD;19;0;False;['0x4f80', '0x4f88', '0x4fc4', '0x4fcc', '0x4fd0'];<BV64 0x14 + x0 + (0#31 .. (0#1 .. x1[31:0]) << 0x1)>;64;[('0x4f84', <Bool 0x3 >= x1[31:0]>, 'Taken'), ('0x4fb0', <Bool LOAD_32[<BV64 x0 + 0x40>]_26 == x1[31:0]>, 'Taken')];[];['<BV64 x0>', '<BV64 x1>'];[];['<BV64 x0>', '<BV64 x1>'];[];[];0;18446744073709551615;18446744073709551615;1;;;True;0;18446744073709551615;18446744073709551615;1;;;False;ControlType.CONTROLLED;0;<BV64 0x14 + (0#31 .. (0#1 .. x1[31:0]) << 0x1)>;64;[('0x4f84', <Bool 0x3 >= x1[31:0]>, 'Taken'), ('0x4fb0', <Bool LOAD_32[<BV64 x0 + 0x40>]_26 == x1[31:0]>, 'Taken')];[];['<BV64 x1>'];[];['<BV64 x1>'];[];[];20.0;8589934610.0;8589934590.0;2.0;;;True;20.0;26.0;6.0;2.0;;;True;ControlType.CONTROLLED;0;<BV64 0x14 + (0#31 .. (0#1 .. x1[31:0]) << 0x1)>;64;[];[];['<BV64 x1>'];[];['<BV64 x1>'];[];[];20;8589934610;8589934590;2.0;;;True;20.0;26.0;6.0;2.0;;;True;ControlType.CONTROLLED;0;<BV64 x0>;64;[];[];['<BV64 x0>'];[];['<BV64 x0>'];[];[];0.0;1.8446744073709552e+19;18446744073709551615;1;;;True;0.0;1.8446744073709552e+19;18446744073709551615;1;;;True;ControlType.CONTROLLED;0;<BV64 x0>;64;[];[];['<BV64 x0>'];[];['<BV64 x0>'];[];[];0.0;1.8446744073709552e+19;1.8446744073709552e+19;1.0;;;True;0.0;1.8446744073709552e+19;1.8446744073709552e+19;1.0;;;True;ControlType.CONTROLLED;0;<BV64 x0>;64;[];[];[];[];[];[];[];0;0;0;;;;False;0;0;0;;;;False;ControlType.UNKNOWN;0;[('0x4f84', <Bool 0x3 >= x1[31:0]>, 'Taken'), ('0x4fb0', <Bool LOAD_32[<BV64 x0 + 0x40>]_26 == x1[31:0]>, 'Taken'), ('0x4fc8', <Bool x2[31:0] + 0x1 != 0x0>, 'Taken'), ('0x4fcc', <Bool (LShR(0x0 .. x2[31:0], 0x1f)[7:0] & 1) == 0>, 'Taken')];"{'regs': ['<BV64 x0>', '<BV64 x1>', '<BV64 x2>'], 'indirect_regs': [""<BV64 x0>: ['0x40']""], 'direct_regs': ['<BV64 x1>', '<BV64 x2>'], 'mem': ['<BV64 x0 + 0x40>'], 'const_mem': []}";[];{'regs': [], 'indirect_regs': [], 'direct_regs': [], 'mem': [], 'const_mem': []};{'regs': ['<BV64 x0>', '<BV64 x1>'], 'indirect_regs': [], 'direct_regs': ['<BV64 x0>', '<BV64 x1>'], 'mem': [], 'const_mem': []};{'regs': ['<BV64 x0>', '<BV64 x1>', '<BV64 x2>'], 'indirect_regs': [], 'direct_regs': ['<BV64 x0>', '<BV64 x1>', '<BV64 x2>'], 'mem': ['<BV64 x0 + 0x40>'], 'const_mem': []};63.0;0.0;64.0;64.0;[];;;;BaseControlType.BASE_INDEPENDENT_FROM_SECRET;BaseControlType.BASE_INDEPENDENT_FROM_SECRET;BaseControlType.BASE_INDEPENDENT_FROM_SECRET;4;BranchControlType.BRANCH_DEPENDS_ON_SECRET_VALUE;BranchControlType.BRANCH_INDEPENDENT_FROM_SECRET;20440;True;False;True;True;True;False;False;True;True;False;False;False;True;False;True;True;True;False;True;False;[];['has_valid_base'];True;False;True;True;True;False;False;True;True;False;False;False;True;False;True;True;True;False;True;False;[];['has_valid_base']
25726787-6c91-456f-9206-afdeb20de63e;__loc_ntoa@@GLIBC_2.17;0x9288;0x93f4;0x92dc;TransmitterType.LOAD;89;1;False;['0x9288', '0x92b8', '0x9308', '0x932c', '0x9380'];<BV64 0xa9f0 + (0#30 .. ((0#30 .. LOAD_8[<BV64 x0 + 0x1>]_37[3:0]) << 0x2) + ((0#2 .. 0xffffffff * (((0#3 .. 0xcccccccd * (0#60 .. LOAD_8[<BV64 x0 + 0x1>]_37[3:0])[63:35]) << 0x1) + ((0#1 .. (0#2 .. 0xcccccccd * (0#60 .. LOAD_8[<BV64 x0 + 0x1>]_37[3:0])[63:35]) << 0x2) << 0x1))) << 0x2))>;64;[];[('0x93f4', <Bool ((0x0 .. LOAD_8[<BV64 x0 + 0x1>]_37) & 0xf) - ((((0#32 .. (0x0 .. LOAD_8[<BV64 x0 + 0x1>]_37) & 0xf) * 0xcccccccd << 0x1d[31:0] | LShR((0#32 .. (0x0 .. LOAD_8[<BV64 x0 + 0x1>]_37) & 0xf) * 0xcccccccd, 0x23)[31:0]) & 0x1fffffff) + ((((0#32 .. (0x0 .. LOAD_8[<BV64 x0 + 0x1>]_37) & 0xf) * 0xcccccccd << 0x1d[31:0] | LShR((0#32 .. (0x0 .. LOAD_8[<BV64 x0 + 0x1>]_37) & 0xf) * 0xcccccccd, 0x23)[31:0]) & 0x1fffffff) << 0x2) << 0x1)[31:31] == 0>, 'ConditionType.SIGN_EXT')];['<BV64 x0>'];"[""<BV64 x0>: ['0x1']""]";[];['<BV64 x0 + 0x1>'];[];43504;43540;36;4;;;True;43504;43540;36;4;;;True;ControlType.CONTROLLED;1;<BV64 0xa9f0>;64;[];[];[];[];[];[];[];43504.0;43504.0;0.0;1.0;;;True;43504.0;43504.0;0.0;1.0;;;True;ControlType.NO_CONTROL;0;<BV64 0xa9f0>;64;[];[];[];[];[];[];[];43504;43504;0;1.0;;;True;43504.0;43504.0;0.0;1.0;;;True;ControlType.NO_CONTROL;0;<BV64 (0#30 .. (0#30 .. LOAD_8[<BV64 x0 + 0x1>]_37[3:0]) << 0x2) + (0#30 .. (0#2 .. 0xffffffff * (((0#3 .. 0xcccccccd * (0#60 .. LOAD_8[<BV64 x0 + 0x1>]_37[3:0])[63:35]) << 0x1) + ((0#1 .. (0#2 .. 0xcccccccd * (0#60 .. LOAD_8[<BV64 x0 + 0x1>]_37[3:0])[63:35]) << 0x2) << 0x1))) << 0x2)>;64;[];[('0x93f4', <Bool ((0x0 .. LOAD_8[<BV64 x0 + 0x1>]_37) & 0xf) - ((((0#32 .. (0x0 .. LOAD_8[<BV64 x0 + 0x1>]_37) & 0xf) * 0xcccccccd << 0x1d[31:0] | LShR((0#32 .. (0x0 .. LOAD_8[<BV64 x0 + 0x1>]_37) & 0xf) * 0xcccccccd, 0x23)[31:0]) & 0x1fffffff) + ((((0#32 .. (0x0 .. LOAD_8[<BV64 x0 + 0x1>]_37) & 0xf) * 0xcccccccd << 0x1d[31:0] | LShR((0#32 .. (0x0 .. LOAD_8[<BV64 x0 + 0x1>]_37) & 0xf) * 0xcccccccd, 0x23)[31:0]) & 0x1fffffff) << 0x2) << 0x1)[31:31] == 0>, 'ConditionType.SIGN_EXT')];['<BV64 x0>'];"[""<BV64 x0>: ['0x1']""]";[];['<BV64 x0 + 0x1>'];[];0.0;17179869204.0;17179869204;4;17179869244.0;;False;0.0;17179869204.0;17179869204;4;17179869244.0;;False;ControlType.CONTROLLED;1;<BV64 x0 + 0x1>;64;[];[];['<BV64 x0>'];[];['<BV64 x0>'];[];[];0.0;1.8446744073709552e+19;1.8446744073709552e+19;1.0;;;True;0.0;1.8446744073709552e+19;1.8446744073709552e+19;1.0;;;True;ControlType.CONTROLLED;0;<BV8 LOAD_8[<BV64 x0 + 0x1>]_37>;8;[];[];[];[];[];[];[];0;0;0;;;;False;0;0;0;;;;False;ControlType.UNKNOWN;1;[('0x92b4', <Bool LOAD_8[<BV64 x0>]_24 == 0>, 'Taken'), ('0x9304', <Bool (LShR((LShR((LShR((0#32 .. LOAD_32[<BV64 x0 + 0xc>]_36) << 0x20 & 0xff00ff00ff00ff00, 0x8) | (0#32 .. LOAD_32[<BV64 x0 + 0xc>]_36) << 0x28 & 0xff00ff00ff00ff00) & 0xffff0000ffff0000, 0x10) | (LShR((0#32 .. LOAD_32[<BV64 x0 + 0xc>]_36) << 0x20 & 0xff00ff00ff00ff00, 0x8) | (0#32 .. LOAD_32[<BV64 x0 + 0xc>]_36) << 0x28 & 0xff00ff00ff00ff00) << 0x10 & 0xffff0000ffff0000) & 0xffffffff00000000, 0x20)[31:0] | (LShR((LShR((0#32 .. LOAD_32[<BV64 x0 + 0xc>]_36) << 0x20 & 0xff00ff00ff00ff00, 0x8) | (0#32 .. LOAD_32[<BV64 x0 + 0xc>]_36) << 0x28 & 0xff00ff00ff00ff00) & 0xffff0000ffff0000, 0x10) | (LShR((0#32 .. LOAD_32[<BV64 x0 + 0xc>]_36) << 0x20 & 0xff00ff00ff00ff00, 0x8) | (0#32 .. LOAD_32[<BV64 x0 + 0xc>]_36) << 0x28 & 0xff00ff00ff00ff00) << 0x10 & 0xffff0000ffff0000) << 0x20[31:0] & 0x0) > 0x98967f>, 'Taken'), ('0x931c', <Bool (LShR(0x0 .. 0x80000000 + (LOAD_32[<BV64 x0 + 0x4>]_34[7:0] .. LOAD_32[<BV64 x0 + 0x4>]_34[15:8] .. LOAD_32[<BV64 x0 + 0x4>]_34[23:16] .. LOAD_32[<BV64 x0 + 0x4>]_34[31:24]), 0x1f)[7:0] & 1) == 0>, 'Taken'), ('0x937c', <Bool (LShR(0x0 .. 0x80000000 + (LOAD_32[<BV64 x0 + 0x8>]_35[7:0] .. LOAD_32[<BV64 x0 + 0x8>]_35[15:8] .. LOAD_32[<BV64 x0 + 0x8>]_35[23:16] .. LOAD_32[<BV64 x0 + 0x8>]_35[31:24]), 0x1f)[7:0] & 1) != 0>, 'Taken')];"{'regs': ['<BV64 x0>'], 'indirect_regs': [""<BV64 x0>: ['0x0', '0x4', '0x8', '0xc']""], 'direct_regs': [], 'mem': ['<BV64 x0 + 0x4>', '<BV64 x0 + 0x8>', '<BV64 x0 + 0xc>', '<BV64 x0>'], 'const_mem': []}";[('0x93f4', <Bool ((0x0 .. LOAD_8[<BV64 x0 + 0x1>]_37) & 0xf) - ((((0#32 .. (0x0 .. LOAD_8[<BV64 x0 + 0x1>]_37) & 0xf) * 0xcccccccd << 0x1d[31:0] | LShR((0#32 .. (0x0 .. LOAD_8[<BV64 x0 + 0x1>]_37) & 0xf) * 0xcccccccd, 0x23)[31:0]) & 0x1fffffff) + ((((0#32 .. (0x0 .. LOAD_8[<BV64 x0 + 0x1>]_37) & 0xf) * 0xcccccccd << 0x1d[31:0] | LShR((0#32 .. (0x0 .. LOAD_8[<BV64 x0 + 0x1>]_37) & 0xf) * 0xcccccccd, 0x23)[31:0]) & 0x1fffffff) << 0x2) << 0x1)[31:31] == 0>, 'ConditionType.SIGN_EXT')];"{'regs': ['<BV64 x0>'], 'indirect_regs': [""<BV64 x0>: ['0x1']""], 'direct_regs': [], 'mem': ['<BV64 x0 + 0x1>'], 'const_mem': []}";{'regs': ['<BV64 x0>'], 'indirect_regs': [], 'direct_regs': ['<BV64 x0>'], 'mem': ['<BV64 x0 + 0x1>'], 'const_mem': []};{'regs': ['<BV64 x0>'], 'indirect_regs': [], 'direct_regs': ['<BV64 x0>'], 'mem': ['<BV64 x0 + 0x1>', '<BV64 x0 + 0x4>', '<BV64 x0 + 0x8>', '<BV64 x0 + 0xc>', '<BV64 x0>'], 'const_mem': []};34.0;2.0;33.0;4.0;[];;;;BaseControlType.CONSTANT_BASE;BaseControlType.CONSTANT_BASE;BaseControlType.CONSTANT_BASE;4;BranchControlType.BRANCH_DEPENDS_ON_SECRET_ADDRESS;BranchControlType.BRANCH_INDEPENDENT_FROM_SECRET;37876;True;False;True;True;True;False;False;False;True;False;False;False;True;False;True;True;True;False;True;False;[];['has_valid_base'];True;False;True;True;True;False;False;False;True;False;False;False;True;False;True;True;True;False;True;False;[];['has_valid_base']
437396eb-c0a9-4630-8d12-fc58045e387c;__b64_ntop@@GLIBC_2.17;0x26c0;0x2710;0x0;TransmitterType.LOAD;35;0;False;['0x26c0', '0x26d4', '0x2710', '0x26e4', '0x2710'];<BV64 0x3 + x0>;64;[];[];['<BV64 x0>'];[];['<BV64 x0>'];[];[];0;18446744073709551615;18446744073709551615;1;;;True;0;18446744073709551615;18446744073709551615;1;;;True;ControlType.CONTROLLED;0;<BV64 0x3>;64;[];[];[];[];[];[];[];3.0;3.0;0.0;1.0;;;True;3.0;3.0;0.0;1.0;;;True;ControlType.NO_CONTROL;0;<BV64 0x3>;64;[];[];[];[];[];[];[];3;3;0;1.0;;;True;3.0;3.0;0.0;1.0;;;True;ControlType.NO_CONTROL;0;<BV64 x0>;64;[];[];['<BV64 x0>'];[];['<BV64 x0>'];[];[];0.0;1.8446744073709552e+19;18446744073709551615;1;;;True;0.0;1.8446744073709552e+19;18446744073709551615;1;;;True;ControlType.CONTROLLED;0;<BV64 x0>;64;[];[];['<BV64 x0>'];[];['<BV64 x0>'];[];[];0.0;1.8446744073709552e+19;1.8446744073709552e+19;1.0;;;True;0.0;1.8446744073709552e+19;1.8446744073709552e+19;1.0;;;True;ControlType.CONTROLLED;0;<BV64 x0>;64;[];[];[];[];[];[];[];0;0;0;;;;False;0;0;0;;;;False;ControlType.UNKNOWN;0;[('0x26d0', <Bool x1 > 0x2>, 'Taken'), ('0x26e0', <Bool True>, 'Taken'), ('0x270c', <Bool 0xfffffffffffffffd + x1 > 0x2>, 'Taken'), ('0x2744', <Bool 0x4 <= x3>, 'Taken')];{'regs': ['<BV64 x1>', '<BV64 x3>'], 'indirect_regs': [], 'direct_regs': ['<BV64 x1>', '<BV64 x3>'], 'mem': [], 'const_mem': []};[];{'regs': [], 'indirect_regs': [], 'direct_regs': [], 'mem': [], 'const_mem': []};{'regs': ['<BV64 x0>'], 'indirect_regs': [], 'direct_regs': ['<BV64 x0>'], 'mem': [], 'const_mem': []};{'regs': ['<BV64 x0>', '<BV64 x1>', '<BV64 x3>'], 'indirect_regs': [], 'direct_regs': ['<BV64 x0>', '<BV64 x1>', '<BV64 x3>'], 'mem': [], 'const_mem': []};63.0;0.0;64.0;64.0;[];;;;BaseControlType.CONSTANT_BASE;BaseControlType.CONSTANT_BASE;BaseControlType.CONSTANT_BASE;4;BranchControlType.BRANCH_INDEPENDENT_FROM_SECRET;BranchControlType.BRANCH_INDEPENDENT_FROM_SECRET;10000;True;False;True;True;True;False;False;True;True;False;False;False;True;False;True;False;True;False;True;False;[];['has_valid_base'];True;False;True;True;True;False;False;True;True;False;False;False;True;False;True;False;True;False;True;False;[];['has_valid_base']
46b48987-ce64-41c7-b0c8-e040cd9ce42d;ns_parserr@@GLIBC_2.17;0x4f80;0x50ec;0x0;TransmitterType.LOAD;16;0;False;['0x4f80', '0x4f88', '0x4fc4', '0x50ec'];<BV64 0x44 + x0>;64;[];[];['<BV64 x0>'];[];['<BV64 x0>'];[];[];0;18446744073709551615;18446744073709551615;1;;;True;0;18446744073709551615;18446744073709551615;1;;;True;ControlType.CONTROLLED;0;<BV64 0x44>;64;[];[];[];[];[];[];[];68.0;68.0;0.0;1.0;;;True;68.0;68.0;0.0;1.0;;;True;ControlType.NO_CONTROL;0;<BV64 0x44>;64;[];[];[];[];[];[];[];68;68;0;1.0;;;True;68.0;68.0;0.0;1.0;;;True;ControlType.NO_CONTROL;0;<BV64 x0>;64;[];[];['<BV64 x0>'];[];['<BV64 x0>'];[];[];0.0;1.8446744073709552e+19;18446744073709551615;1;;;True;0.0;1.8446744073709552e+19;18446744073709551615;1;;;True;ControlType.CONTROLLED;0;<BV64 x0>;64;[];[];['<BV64 x0>'];[];['<BV64 x0>'];[];[];0.0;1.8446744073709552e+19;1.8446744073709552e+19;1.0;;;True;0.0;1.8446744073709552e+19;1.8446744073709552e+19;1.0;;;True;ControlType.CONTROLLED;0;<BV64 x0>;64;[];[];[];[];[];[];[];0;0;0;;;;False;0;0;0;;;;False;ControlType.UNKNOWN;0;[('0x4f84', <Bool 0x3 >= x1[31:0]>, 'Taken'), ('0x4fb0', <Bool LOAD_32[<BV64 x0 + 0x40>]_26 == x1[31:0]>, 'Taken'), ('0x4fc8', <Bool x2[31:0] + 0x1 == 0x0>, 'Taken')];"{'regs': ['<BV64 x0>', '<BV64 x1>', '<BV64 x2>'], 'indirect_regs': [""<BV64 x0>: ['0x40']""], 'direct_regs': ['<BV64 x1>', '<BV64 x2>'], 'mem': ['<BV64 x0 + 0x40>'], 'const_mem': []}";[];{'regs': [], 'indirect_regs': [], 'direct_regs': [], 'mem': [], 'const_mem': []};{'regs': ['<BV64 x0>'], 'indirect_regs': [], 'direct_regs': ['<BV64 x0>'], 'mem': [], 'const_mem': []};{'regs': ['<BV64 x0>', '<BV64 x1>', '<BV64 x2>'], 'indirect_regs': [], 'direct_regs': ['<BV64 x0>', '<BV64 x1>', '<BV64 x2>'], 'mem': ['<BV64 x0 + 0x40>'], 'const_mem': []};63.0;0.0;64.0;64.0;[];;;;BaseControlType.CONSTANT_BASE;BaseControlType.CONSTANT_BASE;BaseControlType.CONSTANT_BASE;3;BranchControlType.BRANCH_DEPENDS_ON_SECRET_VALUE;BranchControlType.BRANCH_INDEPENDENT_FROM_SECRET;20716;True;False;True;True;True;False;False;True;True;False;False;False;True;False;True;True;True;False;True;False;[];['has_valid_base'];True;False;True;True;True;False;False;True;True;False;False;False;True;False;True;True;True;False;True;False;[];['has_valid_base']
e3e975c9-6117-4b15-9e2d-3abe9bd9ba97;__b64_ntop@@GLIBC_2.17;0x26c0;0x2718;0x0;TransmitterType.LOAD;37;0;False;['0x26c0', '0x26d4', '0x2710', '0x26e4', '0x2710'];<BV64 0x4 + x0>;64;[];[];['<BV64 x0>'];[];['<BV64 x0>'];[];[];0;18446744073709551615;18446744073709551615;1;;;True;0;18446744073709551615;18446744073709551615;1;;;True;ControlType.CONTROLLED;0;<BV64 0x4>;64;[];[];[];[];[];[];[];4.0;4.0;0.0;1.0;;;True;4.0;4.0;0.0;1.0;;;True;ControlType.NO_CONTROL;0;<BV64 0x4>;64;[];[];[];[];[];[];[];4;4;0;1.0;;;True;4.0;4.0;0.0;1.0;;;True;ControlType.NO_CONTROL;0;<BV64 x0>;64;[];[];['<BV64 x0>'];[];['<BV64 x0>'];[];[];0.0;1.8446744073709552e+19;18446744073709551615;1;;;True;0.0;1.8446744073709552e+19;18446744073709551615;1;;;True;ControlType.CONTROLLED;0;<BV64 x0>;64;[];[];['<BV64 x0>'];[];['<BV64 x0>'];[];[];0.0;1.8446744073709552e+19;1.8446744073709552e+19;1.0;;;True;0.0;1.8446744073709552e+19;1.8446744073709552e+19;1.0;;;True;ControlType.CONTROLLED;0;<BV64 x0>;64;[];[];[];[];[];[];[];0;0;0;;;;False;0;0;0;;;;False;ControlType.UNKNOWN;0;[('0x26d0', <Bool x1 > 0x2>, 'Taken'), ('0x26e0', <Bool True>, 'Taken'), ('0x270c', <Bool 0xfffffffffffffffd + x1 > 0x2>, 'Taken'), ('0x2744', <Bool 0x4 <= x3>, 'Taken')];{'regs': ['<BV64 x1>', '<BV64 x3>'], 'indirect_regs': [], 'direct_regs': ['<BV64 x1>', '<BV64 x3>'], 'mem': [], 'const_mem': []};[];{'regs': [], 'indirect_regs': [], 'direct_regs': [], 'mem': [], 'const_mem': []};{'regs': ['<BV64 x0>'], 'indirect_regs': [], 'direct_regs': ['<BV64 x0>'], 'mem': [], 'const_mem': []};{'regs': ['<BV64 x0>', '<BV64 x1>', '<BV64 x3>'], 'indirect_regs': [], 'direct_regs': ['<BV64 x0>', '<BV64 x1>', '<BV64 x3>'], 'mem': [], 'const_mem': []};63.0;0.0;64.0;64.0;[];;;;BaseControlType.CONSTANT_BASE;BaseControlType.CONSTANT_BASE;BaseControlType.CONSTANT_BASE;4;BranchControlType.BRANCH_INDEPENDENT_FROM_SECRET;BranchControlType.BRANCH_INDEPENDENT_FROM_SECRET;10008;True;False;True;True;True;False;False;True;True;False;False;False;True;False;True;False;True;False;True;False;[];['has_valid_base'];True;False;True;True;True;False;False;True;True;False;False;False;True;False;True;False;True;False;True;False;[];['has_valid_base']
ea8ed6cf-7d71-48d3-bd34-7255e5d8d2b0;__loc_ntoa@@GLIBC_2.17;0x9288;0x93f4;0x92dc;TransmitterType.LOAD;86;1;False;['0x9288', '0x92b8', '0x9308', '0x932c', '0x938c'];<BV64 0xa9f0 + (0#30 .. ((0#30 .. LOAD_8[<BV64 x0 + 0x1>]_37[3:0]) << 0x2) + ((0#2 .. 0xffffffff * (((0#3 .. 0xcccccccd * (0#60 .. LOAD_8[<BV64 x0 + 0x1>]_37[3:0])[63:35]) << 0x1) + ((0#1 .. (0#2 .. 0xcccccccd * (0#60 .. LOAD_8[<BV64 x0 + 0x1>]_37[3:0])[63:35]) << 0x2) << 0x1))) << 0x2))>;64;[];[('0x93f4', <Bool ((0x0 .. LOAD_8[<BV64 x0 + 0x1>]_37) & 0xf) - ((((0#32 .. (0x0 .. LOAD_8[<BV64 x0 + 0x1>]_37) & 0xf) * 0xcccccccd << 0x1d[31:0] | LShR((0#32 .. (0x0 .. LOAD_8[<BV64 x0 + 0x1>]_37) & 0xf) * 0xcccccccd, 0x23)[31:0]) & 0x1fffffff) + ((((0#32 .. (0x0 .. LOAD_8[<BV64 x0 + 0x1>]_37) & 0xf) * 0xcccccccd << 0x1d[31:0] | LShR((0#32 .. (0x0 .. LOAD_8[<BV64 x0 + 0x1>]_37) & 0xf) * 0xcccccccd, 0x23)[31:0]) & 0x1fffffff) << 0x2) << 0x1)[31:31] == 0>, 'ConditionType.SIGN_EXT')];['<BV64 x0>'];"[""<BV64 x0>: ['0x1']""]";[];['<BV64 x0 + 0x1>'];[];43504;43540;36;4;;;True;43504;43540;36;4;;;True;ControlType.CONTROLLED;1;<BV64 0xa9f0>;64;[];[];[];[];[];[];[];43504.0;43504.0;0.0;1.0;;;True;43504.0;43504.0;0.0;1.0;;;True;ControlType.NO_CONTROL;0;<BV64 0xa9f0>;64;[];[];[];[];[];[];[];43504;43504;0;1.0;;;True;43504.0;43504.0;0.0;1.0;;;True;ControlType.NO_CONTROL;0;<BV64 (0#30 .. (0#30 .. LOAD_8[<BV64 x0 + 0x1>]_37[3:0]) << 0x2) + (0#30 .. (0#2 .. 0xffffffff * (((0#3 .. 0xcccccccd * (0#60 .. LOAD_8[<BV64 x0 + 0x1>]_37[3:0])[63:35]) << 0x1) + ((0#1 .. (0#2 .. 0xcccccccd * (0#60 .. LOAD_8[<BV64 x0 + 0x1>]_37[3:0])[63:35]) << 0x2) << 0x1))) << 0x2)>;64;[];[('0x93f4', <Bool ((0x0 .. LOAD_8[<BV64 x0 + 0x1>]_37) & 0xf) - ((((0#32 .. (0x0 .. LOAD_8[<BV64 x0 + 0x1>]_37) & 0xf) * 0xcccccccd << 0x1d[31:0] | LShR((0#32 .. (0x0 .. LOAD_8[<BV64 x0 + 0x1>]_37) & 0xf) * 0xcccccccd, 0x23)[31:0]) & 0x1fffffff) + ((((0#32 .. (0x0 .. LOAD_8[<BV64 x0 + 0x1>]_37) & 0xf) * 0xcccccccd << 0x1d[31:0] | LShR((0#32 .. (0x0 .. LOAD_8[<BV64 x0 + 0x1>]_37) & 0xf) * 0xcccccccd, 0x23)[31:0]) & 0x1fffffff) << 0x2) << 0x1)[31:31] == 0>, 'ConditionType.SIGN_EXT')];['<BV64 x0>'];"[""<BV64 x0>: ['0x1']""]";[];['<BV64 x0 + 0x1>'];[];0.0;17179869204.0;17179869204;4;17179869244.0;;False;0.0;17179869204.0;17179869204;4;17179869244.0;;False;ControlType.CONTROLLED;1;<BV64 x0 + 0x1>;64;[];[];['<BV64 x0>'];[];['<BV64 x0>'];[];[];0.0;1.8446744073709552e+19;1.8446744073709552e+19;1.0;;;True;0.0;1.8446744073709552e+19;1.8446744073709552e+19;1.0;;;True;ControlType.CONTROLLED;0;<BV8 LOAD_8[<BV64 x0 + 0x1>]_37>;8;[];[];[];[];[];[];[];0;0;0;;;;False;0;0;0;;;;False;ControlType.UNKNOWN;1;[('0x92b4', <Bool LOAD_8[<BV64 x0>]_24 == 0>, 'Taken'), ('0x9304', <Bool (LShR((LShR((LShR((0#32 .. LOAD_32[<BV64 x0 + 0xc>]_36) << 0x20 & 0xff00ff00ff00ff00, 0x8) | (0#32 .. LOAD_32[<BV64 x0 + 0xc>]_36) << 0x28 & 0xff00ff00ff00ff00) & 0xffff0000ffff0000, 0x10) | (LShR((0#32 .. LOAD_32[<BV64 x0 + 0xc>]_36) << 0x20 & 0xff00ff00ff00ff00, 0x8) | (0#32 .. LOAD_32[<BV64 x0 + 0xc>]_36) << 0x28 & 0xff00ff00ff00ff00) << 0x10 & 0xffff0000ffff0000) & 0xffffffff00000000, 0x20)[31:0] | (LShR((LShR((0#32 .. LOAD_32[<BV64 x0 + 0xc>]_36) << 0x20 & 0xff00ff00ff00ff00, 0x8) | (0#32 .. LOAD_32[<BV64 x0 + 0xc>]_36) << 0x28 & 0xff00ff00ff00ff00) & 0xffff0000ffff0000, 0x10) | (LShR((0#32 .. LOAD_32[<BV64 x0 + 0xc>]_36) << 0x20 & 0xff00ff00ff00ff00, 0x8) | (0#32 .. LOAD_32[<BV64 x0 + 0xc>]_36) << 0x28 & 0xff00ff00ff00ff00) << 0x10 & 0xffff0000ffff0000) << 0x20[31:0] & 0x0) > 0x98967f>, 'Taken'), ('0x931c', <Bool (LShR(0x0 .. 0x80000000 + (LOAD_32[<BV64 x0 + 0x4>]_34[7:0] .. LOAD_32[<BV64 x0 + 0x4>]_34[15:8] .. LOAD_32[<BV64 x0 + 0x4>]_34[23:16] .. LOAD_32[<BV64 x0 + 0x4>]_34[31:24]), 0x1f)[7:0] & 1) == 0>, 'Taken'), ('0x937c', <Bool (LShR(0x0 .. 0x80000000 + (LOAD_32[<BV64 x0 + 0x8>]_35[7:0] .. LOAD_32[<BV64 x0 + 0x8>]_35[15:8] .. LOAD_32[<BV64 x0 + 0x8>]_35[23:16] .. LOAD_32[<BV64 x0 + 0x8>]_35[31:24]), 0x1f)[7:0] & 1) == 0>, 'Taken')];"{'regs': ['<BV64 x0>'], 'indirect_regs': [""<BV64 x0>: ['0x0', '0x4', '0x8', '0xc']""], 'direct_regs': [], 'mem': ['<BV64 x0 + 0x4>', '<BV64 x0 + 0x8>', '<BV64 x0 + 0xc>', '<BV64 x0>'], 'const_mem': []}";[('0x93f4', <Bool ((0x0 .. LOAD_8[<BV64 x0 + 0x1>]_37) & 0xf) - ((((0#32 .. (0x0 .. LOAD_8[<BV64 x0 + 0x1>]_37) & 0xf) * 0xcccccccd << 0x1d[31:0] | LShR((0#32 .. (0x0 .. LOAD_8[<BV64 x0 + 0x1>]_37) & 0xf) * 0xcccccccd, 0x23)[31:0]) & 0x1fffffff) + ((((0#32 .. (0x0 .. LOAD_8[<BV64 x0 + 0x1>]_37) & 0xf) * 0xcccccccd << 0x1d[31:0] | LShR((0#32 .. (0x0 .. LOAD_8[<BV64 x0 + 0x1>]_37) & 0xf) * 0xcccccccd, 0x23)[31:0]) & 0x1fffffff) << 0x2) << 0x1)[31:31] == 0>, 'ConditionType.SIGN_EXT')];"{'regs': ['<BV64 x0>'], 'indirect_regs': [""<BV64 x0>: ['0x1']""], 'direct_regs': [], 'mem': ['<BV64 x0 + 0x1>'], 'const_mem': []}";{'regs': ['<BV64 x0>'], 'indirect_regs': [], 'direct_regs': ['<BV64 x0>'], 'mem': ['<BV64 x0 + 0x1>'], 'const_mem': []};{'regs': ['<BV64 x0>'], 'indirect_regs': [], 'direct_regs': ['<BV64 x0>'], 'mem': ['<BV64 x0 + 0x1>', '<BV64 x0 + 0x4>', '<BV64 x0 + 0x8>', '<BV64 x0 + 0xc>', '<BV64 x0>'], 'const_mem': []};34.0;2.0;33.0;4.0;[];;;;BaseControlType.CONSTANT_BASE;BaseControlType.CONSTANT_BASE;BaseControlType.CONSTANT_BASE;4;BranchControlType.BRANCH_DEPENDS_ON_SECRET_ADDRESS;BranchControlType.BRANCH_INDEPENDENT_FROM_SECRET;37876;True;False;True;True;True;False;False;False;True;False;False;False;True;False;True;True;True;False;True;False;[];['has_valid_base'];True;False;True;True;True;False;False;False;True;False;False;False;True;False;True;True;True;False;True;False;[];['has_valid_base']
cca49f16-d154-4867-aa4f-70add02f9d9b;__b64_ntop@@GLIBC_2.17;0x26c0;0x2734;0x0;TransmitterType.LOAD;44;0;False;['0x26c0', '0x26d4', '0x2710', '0x26e4', '0x2710'];<BV64 0x5 + x0>;64;[];[];['<BV64 x0>'];[];['<BV64 x0>'];[];[];0;18446744073709551615;18446744073709551615;1;;;True;0;18446744073709551615;18446744073709551615;1;;;True;ControlType.CONTROLLED;0;<BV64 0x5>;64;[];[];[];[];[];[];[];5.0;5.0;0.0;1.0;;;True;5.0;5.0;0.0;1.0;;;True;ControlType.NO_CONTROL;0;<BV64 0x5>;64;[];[];[];[];[];[];[];5;5;0;1.0;;;True;5.0;5.0;0.0;1.0;;;True;ControlType.NO_CONTROL;0;<BV64 x0>;64;[];[];['<BV64 x0>'];[];['<BV64 x0>'];[];[];0.0;1.8446744073709552e+19;18446744073709551615;1;;;True;0.0;1.8446744073709552e+19;18446744073709551615;1;;;True;ControlType.CONTROLLED;0;<BV64 x0>;64;[];[];['<BV64 x0>'];[];['<BV64 x0>'];[];[];0.0;1.8446744073709552e+19;1.8446744073709552e+19;1.0;;;True;0.0;1.8446744073709552e+19;1.8446744073709552e+19;1.0;;;True;ControlType.CONTROLLED;0;<BV64 x0>;64;[];[];[];[];[];[];[];0;0;0;;;;False;0;0;0;;;;False;ControlType.UNKNOWN;0;[('0x26d0', <Bool x1 > 0x2>, 'Taken'), ('0x26e0', <Bool True>, 'Taken'), ('0x270c', <Bool 0xfffffffffffffffd + x1 > 0x2>, 'Taken'), ('0x2744', <Bool 0x4 <= x3>, 'Taken')];{'regs': ['<BV64 x1>', '<BV64 x3>'], 'indirect_regs': [], 'direct_regs': ['<BV64 x1>', '<BV64 x3>'], 'mem': [], 'const_mem': []};[];{'regs': [], 'indirect_regs': [], 'direct_regs': [], 'mem': [], 'const_mem': []};{'regs': ['<BV64 x0>'], 'indirect_regs': [], 'direct_regs': ['<BV64 x0>'], 'mem': [], 'const_mem': []};{'regs': ['<BV64 x0>', '<BV64 x1>', '<BV64 x3>'], 'indirect_regs': [], 'direct_regs': ['<BV64 x0>', '<BV64 x1>', '<BV64 x3>'], 'mem': [], 'const_mem': []};63.0;0.0;64.0;64.0;[];;;;BaseControlType.CONSTANT_BASE;BaseControlType.CONSTANT_BASE;BaseControlType.CONSTANT_BASE;4;BranchControlType.BRANCH_INDEPENDENT_FROM_SECRET;BranchControlType.BRANCH_INDEPENDENT_FROM_SECRET;10036;True;False;True;True;True;False;False;True;True;False;False;False;True;False;True;False;True;False;True;False;[];['has_valid_base'];True;False;True;True;True;False;False;True;True;False;False;False;True;False;True;False;True;False;True;False;[];['has_valid_base']
bb4fc793-4aa5-45a3-95fd-3200c32c2766;__b64_ntop@@GLIBC_2.17;0x26c0;0x2770;0x0;TransmitterType.LOAD;7;0;False;['0x26c0', '0x2754', '0x2770'];<BV64 x0>;64;[];[];['<BV64 x0>'];[];['<BV64 x0>'];[];[];0;18446744073709551615;18446744073709551615;1;;;True;0;18446744073709551615;18446744073709551615;1;;;True;ControlType.CONTROLLED;0;;0;[];[];[];[];[];[];[];0.0;0.0;0.0;0.0;;;False;0.0;0.0;0.0;0.0;;;False;ControlType.UNKNOWN;0;;0;[];[];[];[];[];[];[];0;0;0;;;;False;0.0;0.0;0.0;0.0;;;False;ControlType.UNKNOWN;0;<BV64 x0>;64;[];[];['<BV64 x0>'];[];['<BV64 x0>'];[];[];0.0;1.8446744073709552e+19;18446744073709551615;1;;;True;0.0;1.8446744073709552e+19;18446744073709551615;1;;;True;ControlType.CONTROLLED;0;<BV64 x0>;64;[];[];['<BV64 x0>'];[];['<BV64 x0>'];[];[];0.0;1.8446744073709552e+19;1.8446744073709552e+19;1.0;;;True;0.0;1.8446744073709552e+19;1.8446744073709552e+19;1.0;;;True;ControlType.CONTROLLED;0;<BV64 x0>;64;[];[];[];[];[];[];[];0;0;0;;;;False;0;0;0;;;;False;ControlType.UNKNOWN;0;[('0x26d0', <Bool x1 <= 0x2>, 'Taken'), ('0x2754', <Bool x1 != 0x0>, 'Taken')];{'regs': ['<BV64 x1>'], 'indirect_regs': [], 'direct_regs': ['<BV64 x1>'], 'mem': [], 'const_mem': []};[];{'regs': [], 'indirect_regs': [], 'direct_regs': [], 'mem': [], 'const_mem': []};{'regs': ['<BV64 x0>'], 'indirect_regs': [], 'direct_regs': ['<BV64 x0>'], 'mem': [], 'const_mem': []};{'regs': ['<BV64 x0>', '<BV64 x1>'], 'indirect_regs': [], 'direct_regs': ['<BV64 x0>', '<BV64 x1>'], 'mem': [], 'const_mem': []};63.0;0.0;64.0;64.0;[];;;;BaseControlType.NO_BASE;BaseControlType.NO_BASE;BaseControlType.NO_BASE;2;BranchControlType.BRANCH_INDEPENDENT_FROM_SECRET;BranchControlType.BRANCH_INDEPENDENT_FROM_SECRET;10096;True;False;True;True;True;False;False;True;True;False;False;False;True;False;True;False;True;False;True;False;[];['has_valid_base'];True;False;True;True;True;False;False;True;True;False;False;False;True;False;True;False;True;False;True;False;[];['has_valid_base']
ffcc5ecb-6242-4db5-953d-784d9eeee3a3;__b64_ntop@@GLIBC_2.17;0x26c0;0x277c;0x0;TransmitterType.LOAD;10;0;False;['0x26c0', '0x2754', '0x2770', '0x277c'];<BV64 0x1 + x0>;64;[];[];['<BV64 x0>'];[];['<BV64 x0>'];[];[];0;18446744073709551615;18446744073709551615;1;;;True;0;18446744073709551615;18446744073709551615;1;;;True;ControlType.CONTROLLED;0;<BV64 0x1>;64;[];[];[];[];[];[];[];1.0;1.0;0.0;1.0;;;True;1.0;1.0;0.0;1.0;;;True;ControlType.NO_CONTROL;0;<BV64 0x1>;64;[];[];[];[];[];[];[];1;1;0;1.0;;;True;1.0;1.0;0.0;1.0;;;True;ControlType.NO_CONTROL;0;<BV64 x0>;64;[];[];['<BV64 x0>'];[];['<BV64 x0>'];[];[];0.0;1.8446744073709552e+19;18446744073709551615;1;;;True;0.0;1.8446744073709552e+19;18446744073709551615;1;;;True;ControlType.CONTROLLED;0;<BV64 x0>;64;[];[];['<BV64 x0>'];[];['<BV64 x0>'];[];[];0.0;1.8446744073709552e+19;1.8446744073709552e+19;1.0;;;True;0.0;1.8446744073709552e+19;1.8446744073709552e+19;1.0;;;True;ControlType.CONTROLLED;0;<BV64 x0>;64;[];[];[];[];[];[];[];0;0;0;;;;False;0;0;0;;;;False;ControlType.UNKNOWN;0;[('0x26d0', <Bool x1 <= 0x2>, 'Taken'), ('0x2754', <Bool x1 != 0x0>, 'Taken'), ('0x2778', <Bool x1 == 0x2>, 'Taken')];{'regs': ['<BV64 x1>'], 'indirect_regs': [], 'direct_regs': ['<BV64 x1>'], 'mem': [], 'const_mem': []};[];{'regs': [], 'indirect_regs': [], 'direct_regs': [], 'mem': [], 'const_mem': []};{'regs': ['<BV64 x0>'], 'indirect_regs': [], 'direct_regs': ['<BV64 x0>'], 'mem': [], 'const_mem': []};{'regs': ['<BV64 x0>', '<BV64 x1>'], 'indirect_regs': [], 'direct_regs': ['<BV64 x0>', '<BV64 x1>'], 'mem': [], 'const_mem': []};63.0;0.0;64.0;64.0;[];;;;BaseControlType.CONSTANT_BASE;BaseControlType.CONSTANT_BASE;BaseControlType.CONSTANT_BASE;3;BranchControlType.BRANCH_INDEPENDENT_FROM_SECRET;BranchControlType.BRANCH_INDEPENDENT_FROM_SECRET;10108;True;False;True;True;True;False;False;True;True;False;False;False;True;False;True;False;True;False;True;False;[];['has_valid_base'];True;False;True;True;True;False;False;True;True;False;False;False;True;False;True;False;True;False;True;False;[];['has_valid_base']
8c0faf79-bf1d-42b1-824e-28ac7f5c5f82;__b64_ntop@@GLIBC_2.17;0x26c0;0x27b8;0x2770;TransmitterType.LOAD;25;1;False;['0x26c0', '0x2754', '0x2770', '0x277c', '0x27a0'];<BV64 0x9ba0 + (0#58 .. LOAD_8[<BV64 x0>]_43[7:2])>;64;[];[];['<BV64 x0>'];"[""<BV64 x0>: ['0x0']""]";[];['<BV64 x0>'];[];39840;39903;63;1;;;True;39840;39903;63;1;;;True;ControlType.CONTROLLED;1;<BV64 0x9ba0>;64;[];[];[];[];[];[];[];39840.0;39840.0;0.0;1.0;;;True;39840.0;39840.0;0.0;1.0;;;True;ControlType.NO_CONTROL;0;<BV64 0x9ba0>;64;[];[];[];[];[];[];[];39840;39840;0;1.0;;;True;39840.0;39840.0;0.0;1.0;;;True;ControlType.NO_CONTROL;0;<BV64 0#58 .. LOAD_8[<BV64 x0>]_43[7:2]>;64;[];[];['<BV64 x0>'];"[""<BV64 x0>: ['0x0']""]";[];['<BV64 x0>'];[];0.0;63.0;63;1;;;True;0.0;63.0;63;1;;;True;ControlType.CONTROLLED;1;<BV64 x0>;64;[];[];['<BV64 x0>'];[];['<BV64 x0>'];[];[];0.0;1.8446744073709552e+19;1.8446744073709552e+19;1.0;;;True;0.0;1.8446744073709552e+19;1.8446744073709552e+19;1.0;;;True;ControlType.CONTROLLED;0;<BV8 LOAD_8[<BV64 x0>]_43>;8;[];[];[];[];[];[];[];0;0;0;;;;False;0;0;0;;;;False;ControlType.UNKNOWN;1;[('0x26d0', <Bool x1 <= 0x2>, 'Taken'), ('0x2754', <Bool x1 != 0x0>, 'Taken'), ('0x2778', <Bool x1 == 0x2>, 'Taken'), ('0x279c', <Bool x3 >= 0x4>, 'Taken')];{'regs': ['<BV64 x1>', '<BV64 x3>'], 'indirect_regs': [], 'direct_regs': ['<BV64 x1>', '<BV64 x3>'], 'mem': [], 'const_mem': []};[];{'regs': [], 'indirect_regs': [], 'direct_regs': [], 'mem': [], 'const_mem': []};{'regs': ['<BV64 x0>'], 'indirect_regs': [], 'direct_regs': ['<BV64 x0>'], 'mem': ['<BV64 x0>'], 'const_mem': []};{'regs': ['<BV64 x0>', '<BV64 x1>', '<BV64 x3>'], 'indirect_regs': [], 'direct_regs': ['<BV64 x0>', '<BV64 x1>', '<BV64 x3>'], 'mem': ['<BV64 x0>'], 'const_mem': []};5.0;0.0;6.0;6.0;[];;;;BaseControlType.CONSTANT_BASE;BaseControlType.CONSTANT_BASE;BaseControlType.CONSTANT_BASE;4;BranchControlType.BRANCH_INDEPENDENT_FROM_SECRET;BranchControlType.BRANCH_INDEPENDENT_FROM_SECRET;10168;True;False;True;True;True;True;False;False;True;False;False;False;True;False;False;False;True;False;True;False;[];['has_valid_base', 'secret_below_cache_granularity'];True;False;True;True;True;True;False;False;True;False;False;False;True;False;False;False;True;False;True;False;[];['has_valid_base', 'secret_below_cache_granularity']
c5e0d9a8-6ca2-475e-acb0-e68b2236881c;__b64_ntop@@GLIBC_2.17;0x26c0;0x27bc;0x2770;TransmitterType.LOAD;26;1;False;['0x26c0', '0x2754', '0x2770', '0x277c', '0x27a0'];<BV64 0x9ba0 + (0#58 .. ((0#4 .. LOAD_8[<BV64 x0>]_43[1:0]) << 4) + (0#2 .. LOAD_8[<BV64 x0 + 0x1>]_44[7:4]))>;64;[];[];['<BV64 x0>'];"[""<BV64 x0>: ['0x0', '0x1']""]";[];['<BV64 x0 + 0x1>', '<BV64 x0>'];[];39840;39903;63;1;39935.0;39808.0;False;39840;39903;63;1;39935.0;39808.0;False;ControlType.CONTROLLED;1;<BV64 0x9ba0 + (0#60 .. LOAD_8[<BV64 x0 + 0x1>]_44[7:4])>;64;[];[];['<BV64 x0>'];"[""<BV64 x0>: ['0x1']""]";[];['<BV64 x0 + 0x1>'];[];39840.0;39855.0;15.0;1.0;;;True;39840.0;39855.0;15.0;1.0;;;True;ControlType.CONTROLLED;1;<BV64 0x9ba0>;64;[];[];[];[];[];[];[];39840;39840;0;1.0;;;True;39840.0;39840.0;0.0;1.0;;;True;ControlType.NO_CONTROL;0;<BV64 0#58 .. (0#4 .. LOAD_8[<BV64 x0>]_43[1:0]) << 4>;64;[];[];['<BV64 x0>'];"[""<BV64 x0>: ['0x0']""]";[];['<BV64 x0>'];[];0.0;48.0;48;16;;;True;0.0;48.0;48;16;;;True;ControlType.CONTROLLED;1;<BV64 x0>;64;[];[];['<BV64 x0>'];[];['<BV64 x0>'];[];[];0.0;1.8446744073709552e+19;1.8446744073709552e+19;1.0;;;True;0.0;1.8446744073709552e+19;1.8446744073709552e+19;1.0;;;True;ControlType.CONTROLLED;0;<BV8 LOAD_8[<BV64 x0>]_43>;8;[];[];[];[];[];[];[];0;0;0;;;;False;0;0;0;;;;False;ControlType.UNKNOWN;1;[('0x26d0', <Bool x1 <= 0x2>, 'Taken'), ('0x2754', <Bool x1 != 0x0>, 'Taken'), ('0x2778', <Bool x1 == 0x2>, 'Taken'), ('0x279c', <Bool x3 >= 0x4>, 'Taken')];{'regs': ['<BV64 x1>', '<BV64 x3>'], 'indirect_regs': [], 'direct_regs': ['<BV64 x1>', '<BV64 x3>'], 'mem': [], 'const_mem': []};[];{'regs': [], 'indirect_regs': [], 'direct_regs': [], 'mem': [], 'const_mem': []};{'regs': ['<BV64 x0>'], 'indirect_regs': [], 'direct_regs': ['<BV64 x0>'], 'mem': ['<BV64 x0 + 0x1>', '<BV64 x0>'], 'const_mem': []};{'regs': ['<BV64 x0>', '<BV64 x1>', '<BV64 x3>'], 'indirect_regs': [], 'direct_regs': ['<BV64 x0>', '<BV64 x1>', '<BV64 x3>'], 'mem': ['<BV64 x0 + 0x1>', '<BV64 x0>'], 'const_mem': []};5.0;4.0;2.0;2.0;[];;;<BV64 0#60 .. LOAD_8[<BV64 x0 + 0x1>]_44[7:4]>;BaseControlType.BASE_INDIRECTLY_DEPENDS_ON_SECRET_ADDR;BaseControlType.BASE_INDIRECTLY_DEPENDS_ON_SECRET_ADDR;BaseControlType.BASE_INDIRECTLY_DEPENDS_ON_SECRET_ADDR;4;BranchControlType.BRANCH_INDEPENDENT_FROM_SECRET;BranchControlType.BRANCH_INDEPENDENT_FROM_SECRET;10172;True;False;True;True;True;True;False;False;True;False;True;True;True;False;False;False;True;False;True;False;[];['has_valid_base', 'secret_below_cache_granularity'];True;False;True;True;True;True;False;False;True;False;True;True;True;False;False;False;True;False;True;False;[];['has_valid_base', 'secret_below_cache_granularity']
79c91c8a-849f-454c-93c2-43e3db0fc9dd;__b64_ntop@@GLIBC_2.17;0x26c0;0x27bc;0x277c;TransmitterType.LOAD;26;1;False;['0x26c0', '0x2754', '0x2770', '0x277c', '0x27a0'];<BV64 0x9ba0 + (0#58 .. ((0#4 .. LOAD_8[<BV64 x0>]_43[1:0]) << 4) + (0#2 .. LOAD_8[<BV64 x0 + 0x1>]_44[7:4]))>;64;[];[];['<BV64 x0>'];"[""<BV64 x0>: ['0x0', '0x1']""]";[];['<BV64 x0 + 0x1>', '<BV64 x0>'];[];39840;39903;63;1;39935.0;39808.0;False;39840;39903;63;1;39935.0;39808.0;False;ControlType.CONTROLLED;1;<BV64 0x9ba0 + (0#58 .. (0#4 .. LOAD_8[<BV64 x0>]_43[1:0]) << 4)>;64;[];[];['<BV64 x0>'];"[""<BV64 x0>: ['0x0']""]";[];['<BV64 x0>'];[];39840.0;39888.0;48.0;16.0;;;True;39840.0;39888.0;48.0;16.0;;;True;ControlType.CONTROLLED;1;<BV64 0x9ba0>;64;[];[];[];[];[];[];[];39840;39840;0;1.0;;;True;39840.0;39840.0;0.0;1.0;;;True;ControlType.NO_CONTROL;0;<BV64 0#60 .. LOAD_8[<BV64 x0 + 0x1>]_44[7:4]>;64;[];[];['<BV64 x0>'];"[""<BV64 x0>: ['0x1']""]";[];['<BV64 x0 + 0x1>'];[];0.0;15.0;15;1;;;True;0.0;15.0;15;1;;;True;ControlType.CONTROLLED;1;<BV64 x0 + 0x1>;64;[];[];['<BV64 x0>'];[];['<BV64 x0>'];[];[];0.0;1.8446744073709552e+19;1.8446744073709552e+19;1.0;;;True;0.0;1.8446744073709552e+19;1.8446744073709552e+19;1.0;;;True;ControlType.CONTROLLED;0;<BV8 LOAD_8[<BV64 x0 + 0x1>]_44>;8;[];[];[];[];[];[];[];0;0;0;;;;False;0;0;0;;;;False;ControlType.UNKNOWN;1;[('0x26d0', <Bool x1 <= 0x2>, 'Taken'), ('0x2754', <Bool x1 != 0x0>, 'Taken'), ('0x2778', <Bool x1 == 0x2>, 'Taken'), ('0x279c', <Bool x3 >= 0x4>, 'Taken')];{'regs': ['<BV64 x1>', '<BV64 x3>'], 'indirect_regs': [], 'direct_regs': ['<BV64 x1>', '<BV64 x3>'], 'mem': [], 'const_mem': []};[];{'regs': [], 'indirect_regs': [], 'direct_regs': [], 'mem': [], 'const_mem': []};{'regs': ['<BV64 x0>'], 'indirect_regs': [], 'direct_regs': ['<BV64 x0>'], 'mem': ['<BV64 x0 + 0x1>', '<BV64 x0>'], 'const_mem': []};{'regs': ['<BV64 x0>', '<BV64 x1>', '<BV64 x3>'], 'indirect_regs': [], 'direct_regs': ['<BV64 x0>', '<BV64 x1>', '<BV64 x3>'], 'mem': ['<BV64 x0 + 0x1>', '<BV64 x0>'], 'const_mem': []};3.0;0.0;4.0;4.0;[];;;<BV64 0#58 .. (0#4 .. LOAD_8[<BV64 x0>]_43[1:0]) << 4>;BaseControlType.BASE_INDIRECTLY_DEPENDS_ON_SECRET_ADDR;BaseControlType.BASE_INDIRECTLY_DEPENDS_ON_SECRET_ADDR;BaseControlType.BASE_INDIRECTLY_DEPENDS_ON_SECRET_ADDR;4;BranchControlType.BRANCH_INDEPENDENT_FROM_SECRET;BranchControlType.BRANCH_INDEPENDENT_FROM_SECRET;10172;True;False;True;True;True;True;False;False;True;False;True;True;True;False;False;False;True;False;True;False;[];['has_valid_base', 'secret_below_cache_granularity'];True;False;True;True;True;True;False;False;True;False;True;True;True;False;False;False;True;False;True;False;[];['has_valid_base', 'secret_below_cache_granularity']
6c569f53-876e-4e0b-8572-6e2cdd91a92f;__ns_get16@@GLIBC_PRIVATE;0x4ca0;0x4ca8;0x0;TransmitterType.LOAD;3;0;False;['0x4ca0'];<BV64 x0>;64;[];[];['<BV64 x0>'];[];['<BV64 x0>'];[];[];0;18446744073709551615;18446744073709551615;1;;;True;0;18446744073709551615;18446744073709551615;1;;;True;ControlType.CONTROLLED;0;;0;[];[];[];[];[];[];[];0.0;0.0;0.0;0.0;;;False;0.0;0.0;0.0;0.0;;;False;ControlType.UNKNOWN;0;;0;[];[];[];[];[];[];[];0;0;0;;;;False;0.0;0.0;0.0;0.0;;;False;ControlType.UNKNOWN;0;<BV64 x0>;64;[];[];['<BV64 x0>'];[];['<BV64 x0>'];[];[];0.0;1.8446744073709552e+19;18446744073709551615;1;;;True;0.0;1.8446744073709552e+19;18446744073709551615;1;;;True;ControlType.CONTROLLED;0;<BV64 x0>;64;[];[];['<BV64 x0>'];[];['<BV64 x0>'];[];[];0.0;1.8446744073709552e+19;1.8446744073709552e+19;1.0;;;True;0.0;1.8446744073709552e+19;1.8446744073709552e+19;1.0;;;True;ControlType.CONTROLLED;0;<BV64 x0>;64;[];[];[];[];[];[];[];0;0;0;;;;False;0;0;0;;;;False;ControlType.UNKNOWN;0;[];{'regs': [], 'indirect_regs': [], 'direct_regs': [], 'mem': [], 'const_mem': []};[];{'regs': [], 'indirect_regs': [], 'direct_regs': [], 'mem': [], 'const_mem': []};{'regs': ['<BV64 x0>'], 'indirect_regs': [], 'direct_regs': ['<BV64 x0>'], 'mem': [], 'const_mem': []};{'regs': ['<BV64 x0>'], 'indirect_regs': [], 'direct_regs': ['<BV64 x0>'], 'mem': [], 'const_mem': []};63.0;0.0;64.0;64.0;[];;;;BaseControlType.NO_BASE;BaseControlType.NO_BASE;BaseControlType.NO_BASE;0;BranchControlType.BRANCH_INDEPENDENT_FROM_SECRET;BranchControlType.BRANCH_INDEPENDENT_FROM_SECRET;19624;True;False;True;True;True;False;False;True;True;False;False;False;True;False;True;False;True;False;True;False;[];['has_valid_base'];True;False;True;True;True;False;False;True;True;False;False;False;True;False;True;False;True;False;True;False;[];['has_valid_base']
40ec0ca1-b7e9-441e-8649-fcc165ff309a;ns_get16@@GLIBC_2.17;0x4ca0;0x4ca8;0x0;TransmitterType.LOAD;3;0;False;['0x4ca0'];<BV64 x0>;64;[];[];['<BV64 x0>'];[];['<BV64 x0>'];[];[];0;18446744073709551615;18446744073709551615;1;;;True;0;18446744073709551615;18446744073709551615;1;;;True;ControlType.CONTROLLED;0;;0;[];[];[];[];[];[];[];0.0;0.0;0.0;0.0;;;False;0.0;0.0;0.0;0.0;;;False;ControlType.UNKNOWN;0;;0;[];[];[];[];[];[];[];0;0;0;;;;False;0.0;0.0;0.0;0.0;;;False;ControlType.UNKNOWN;0;<BV64 x0>;64;[];[];['<BV64 x0>'];[];['<BV64 x0>'];[];[];0.0;1.8446744073709552e+19;18446744073709551615;1;;;True;0.0;1.8446744073709552e+19;18446744073709551615;1;;;True;ControlType.CONTROLLED;0;<BV64 x0>;64;[];[];['<BV64 x0>'];[];['<BV64 x0>'];[];[];0.0;1.8446744073709552e+19;1.8446744073709552e+19;1.0;;;True;0.0;1.8446744073709552e+19;1.8446744073709552e+19;1.0;;;True;ControlType.CONTROLLED;0;<BV64 x0>;64;[];[];[];[];[];[];[];0;0;0;;;;False;0;0;0;;;;False;ControlType.UNKNOWN;0;[];{'regs': [], 'indirect_regs': [], 'direct_regs': [], 'mem': [], 'const_mem': []};[];{'regs': [], 'indirect_regs': [], 'direct_regs': [], 'mem': [], 'const_mem': []};{'regs': ['<BV64 x0>'], 'indirect_regs': [], 'direct_regs': ['<BV64 x0>'], 'mem': [], 'const_mem': []};{'regs': ['<BV64 x0>'], 'indirect_regs': [], 'direct_regs': ['<BV64 x0>'], 'mem': [], 'const_mem': []};63.0;0.0;64.0;64.0;[];;;;BaseControlType.NO_BASE;BaseControlType.NO_BASE;BaseControlType.NO_BASE;0;BranchControlType.BRANCH_INDEPENDENT_FROM_SECRET;BranchControlType.BRANCH_INDEPENDENT_FROM_SECRET;19624;True;False;True;True;True;False;False;True;True;False;False;False;True;False;True;False;True;False;True;False;[];['has_valid_base'];True;False;True;True;True;False;False;True;True;False;False;False;True;False;True;False;True;False;True;False;[];['has_valid_base']
3a2d4c64-b6ef-4518-b8b9-67df8e91d7fb;ns_parse_ttl@@GLIBC_2.17;0x7560;0x7578;0x0;TransmitterType.LOAD;7;0;False;['0x7560'];<BV64 x0>;64;[];[];['<BV64 x0>'];[];['<BV64 x0>'];[];[];0;18446744073709551615;18446744073709551615;1;;;True;0;18446744073709551615;18446744073709551615;1;;;True;ControlType.CONTROLLED;0;;0;[];[];[];[];[];[];[];0.0;0.0;0.0;0.0;;;False;0.0;0.0;0.0;0.0;;;False;ControlType.UNKNOWN;0;;0;[];[];[];[];[];[];[];0;0;0;;;;False;0.0;0.0;0.0;0.0;;;False;ControlType.UNKNOWN;0;<BV64 x0>;64;[];[];['<BV64 x0>'];[];['<BV64 x0>'];[];[];0.0;1.8446744073709552e+19;18446744073709551615;1;;;True;0.0;1.8446744073709552e+19;18446744073709551615;1;;;True;ControlType.CONTROLLED;0;<BV64 x0>;64;[];[];['<BV64 x0>'];[];['<BV64 x0>'];[];[];0.0;1.8446744073709552e+19;1.8446744073709552e+19;1.0;;;True;0.0;1.8446744073709552e+19;1.8446744073709552e+19;1.0;;;True;ControlType.CONTROLLED;0;<BV64 x0>;64;[];[];[];[];[];[];[];0;0;0;;;;False;0;0;0;;;;False;ControlType.UNKNOWN;0;[];{'regs': [], 'indirect_regs': [], 'direct_regs': [], 'mem': [], 'const_mem': []};[];{'regs': [], 'indirect_regs': [], 'direct_regs': [], 'mem': [], 'const_mem': []};{'regs': ['<BV64 x0>'], 'indirect_regs': [], 'direct_regs': ['<BV64 x0>'], 'mem': [], 'const_mem': []};{'regs': ['<BV64 x0>'], 'indirect_regs': [], 'direct_regs': ['<BV64 x0>'], 'mem': [], 'const_mem': []};63.0;0.0;64.0;64.0;[];;;;BaseControlType.NO_BASE;BaseControlType.NO_BASE;BaseControlType.NO_BASE;0;BranchControlType.BRANCH_INDEPENDENT_FROM_SECRET;BranchControlType.BRANCH_INDEPENDENT_FROM_SECRET;30072;True;False;True;True;True;False;False;True;True;False;False;False;True;False;True;False;True;False;True;False;[];['has_valid_base'];True;False;True;True;True;False;False;True;True;False;False;False;True;False;True;False;True;False;True;False;[];['has_valid_base']
4120c719-c511-4496-9bc6-0aa9524674ef;ns_name_ntol@@GLIBC_2.17;0x4b20;0x4b50;0x0;TransmitterType.LOAD;13;0;False;['0x4b20', '0x4b38'];<BV64 x0>;64;[];[];['<BV64 x0>'];[];['<BV64 x0>'];[];[];0;18446744073709551615;18446744073709551615;1;;;True;0;18446744073709551615;18446744073709551615;1;;;True;ControlType.CONTROLLED;0;;0;[];[];[];[];[];[];[];0.0;0.0;0.0;0.0;;;False;0.0;0.0;0.0;0.0;;;False;ControlType.UNKNOWN;0;;0;[];[];[];[];[];[];[];0;0;0;;;;False;0.0;0.0;0.0;0.0;;;False;ControlType.UNKNOWN;0;<BV64 x0>;64;[];[];['<BV64 x0>'];[];['<BV64 x0>'];[];[];0.0;1.8446744073709552e+19;18446744073709551615;1;;;True;0.0;1.8446744073709552e+19;18446744073709551615;1;;;True;ControlType.CONTROLLED;0;<BV64 x0>;64;[];[];['<BV64 x0>'];[];['<BV64 x0>'];[];[];0.0;1.8446744073709552e+19;1.8446744073709552e+19;1.0;;;True;0.0;1.8446744073709552e+19;1.8446744073709552e+19;1.0;;;True;ControlType.CONTROLLED;0;<BV64 x0>;64;[];[];[];[];[];[];[];0;0;0;;;;False;0;0;0;;;;False;ControlType.UNKNOWN;0;[('0x4b34', <Bool x1 + x2 > x1>, 'Taken')];{'regs': ['<BV64 x1>', '<BV64 x2>'], 'indirect_regs': [], 'direct_regs': ['<BV64 x1>', '<BV64 x2>'], 'mem': [], 'const_mem': []};[];{'regs': [], 'indirect_regs': [], 'direct_regs': [], 'mem': [], 'const_mem': []};{'regs': ['<BV64 x0>'], 'indirect_regs': [], 'direct_regs': ['<BV64 x0>'], 'mem': [], 'const_mem': []};{'regs': ['<BV64 x0>', '<BV64 x1>', '<BV64 x2>'], 'indirect_regs': [], 'direct_regs': ['<BV64 x0>', '<BV64 x1>', '<BV64 x2>'], 'mem': [], 'const_mem': []};63.0;0.0;64.0;64.0;[];;;;BaseControlType.NO_BASE;BaseControlType.NO_BASE;BaseControlType.NO_BASE;1;BranchControlType.BRANCH_INDEPENDENT_FROM_SECRET;BranchControlType.BRANCH_INDEPENDENT_FROM_SECRET;19280;True;False;True;True;True;False;False;True;True;False;False;False;True;False;True;False;True;False;True;False;[];['has_valid_base'];True;False;True;True;True;False;False;True;True;False;False;False;True;False;True;False;True;False;True;False;[];['has_valid_base']
e2ab8cdf-4540-4136-afba-5b7207b1b9d2;__p_query@@GLIBC_2.17;0x8644;0x4e70;0x0;TransmitterType.LOAD;45;0;False;['0x8644', '0x7fe0', '0x4e30', '0x4e68'];<BV64 x0>;64;[('0x4e64', <Bool x0 + 0x200 >= x0 + 0x2>, 'Taken')];[];['<BV64 x0>'];[];['<BV64 x0>'];[];[];0;18446744073709551615;18446744073709551615;1;;;True;0;18446744073709551615;18446744073709551615;1;;;False;ControlType.CONTROLLED;0;;0;[];[];[];[];[];[];[];0.0;0.0;0.0;0.0;;;False;0.0;0.0;0.0;0.0;;;False;ControlType.UNKNOWN;0;;0;[];[];[];[];[];[];[];0;0;0;;;;False;0.0;0.0;0.0;0.0;;;False;ControlType.UNKNOWN;0;<BV64 x0>;64;[('0x4e64', <Bool x0 + 0x200 >= x0 + 0x2>, 'Taken')];[];['<BV64 x0>'];[];['<BV64 x0>'];[];[];0.0;1.8446744073709552e+19;18446744073709551615;1;;;True;0.0;1.8446744073709552e+19;18446744073709551615;1;;;False;ControlType.CONTROLLED;0;<BV64 x0>;64;[('0x4e64', <Bool x0 + 0x200 >= x0 + 0x2>, 'Taken')];[];['<BV64 x0>'];[];['<BV64 x0>'];[];[];0.0;1.8446744073709552e+19;1.8446744073709552e+19;1.0;;;True;0.0;1.8446744073709552e+19;1.8446744073709552e+19;1.0;;;False;ControlType.CONTROLLED;0;<BV64 x0>;64;[];[];[];[];[];[];[];0;0;0;;;;False;0;0;0;;;;False;ControlType.UNKNOWN;0;[('0x4e64', <Bool x0 + 0x200 >= x0 + 0x2>, 'Taken'), ('0x802c', <Bool True>, 'Taken'), ('0x8660', <Bool True>, 'Taken')];{'regs': ['<BV64 x0>'], 'indirect_regs': [], 'direct_regs': ['<BV64 x0>'], 'mem': [], 'const_mem': []};[];{'regs': [], 'indirect_regs': [], 'direct_regs': [], 'mem': [], 'const_mem': []};{'regs': ['<BV64 x0>'], 'indirect_regs': [], 'direct_regs': ['<BV64 x0>'], 'mem': [], 'const_mem': []};{'regs': ['<BV64 x0>'], 'indirect_regs': [], 'direct_regs': ['<BV64 x0>'], 'mem': [], 'const_mem': []};63.0;0.0;64.0;64.0;[];;;;BaseControlType.NO_BASE;BaseControlType.NO_BASE;BaseControlType.NO_BASE;3;BranchControlType.BRANCH_DEPENDS_ON_SECRET_VALUE;BranchControlType.BRANCH_INDEPENDENT_FROM_SECRET;20080;True;False;True;True;True;False;False;True;True;False;False;False;True;False;True;True;True;False;True;False;[];['has_valid_base'];True;False;True;True;True;False;False;True;True;False;False;False;True;False;True;True;True;False;True;False;[];['has_valid_base']
6726bb75-d635-447b-81c0-a6f21bc1a197;__p_query@@GLIBC_2.17;0x8644;0x4e90;0x0;TransmitterType.LOAD;53;0;False;['0x8644', '0x7fe0', '0x4e30', '0x4e68', '0x4e84'];<BV64 0x2 + x0>;64;[('0x4e64', <Bool x0 + 0x200 >= x0 + 0x2>, 'Taken'), ('0x4e80', <Bool 0x200 + x0 >= x0 + 0x4>, 'Taken')];[];['<BV64 x0>'];[];['<BV64 x0>'];[];[];0;18446744073709551615;18446744073709551615;1;;;True;0;18446744073709551105;18446744073709551105;1;;;True;ControlType.CONTROLLED;0;<BV64 0x2>;64;[];[];[];[];[];[];[];2.0;2.0;0.0;1.0;;;True;2.0;2.0;0.0;1.0;;;True;ControlType.NO_CONTROL;0;<BV64 0x2>;64;[];[];[];[];[];[];[];2;2;0;1.0;;;True;2.0;2.0;0.0;1.0;;;True;ControlType.NO_CONTROL;0;<BV64 x0>;64;[('0x4e64', <Bool x0 + 0x200 >= x0 + 0x2>, 'Taken'), ('0x4e80', <Bool 0x200 + x0 >= x0 + 0x4>, 'Taken')];[];['<BV64 x0>'];[];['<BV64 x0>'];[];[];0.0;1.8446744073709552e+19;18446744073709551615;1;;;True;0.0;1.8446744073709552e+19;18446744073709551615;1;;;False;ControlType.CONTROLLED;0;<BV64 x0>;64;[('0x4e64', <Bool x0 + 0x200 >= x0 + 0x2>, 'Taken'), ('0x4e80', <Bool 0x200 + x0 >= x0 + 0x4>, 'Taken')];[];['<BV64 x0>'];[];['<BV64 x0>'];[];[];0.0;1.8446744073709552e+19;1.8446744073709552e+19;1.0;;;True;0.0;1.8446744073709552e+19;1.8446744073709552e+19;1.0;;;False;ControlType.CONTROLLED;0;<BV64 x0>;64;[];[];[];[];[];[];[];0;0;0;;;;False;0;0;0;;;;False;ControlType.UNKNOWN;0;[('0x4e64', <Bool x0 + 0x200 >= x0 + 0x2>, 'Taken'), ('0x4e80', <Bool 0x200 + x0 >= x0 + 0x4>, 'Taken'), ('0x802c', <Bool True>, 'Taken'), ('0x8660', <Bool True>, 'Taken')];{'regs': ['<BV64 x0>'], 'indirect_regs': [], 'direct_regs': ['<BV64 x0>'], 'mem': [], 'const_mem': []};[];{'regs': [], 'indirect_regs': [], 'direct_regs': [], 'mem': [], 'const_mem': []};{'regs': ['<BV64 x0>'], 'indirect_regs': [], 'direct_regs': ['<BV64 x0>'], 'mem': [], 'const_mem': []};{'regs': ['<BV64 x0>'], 'indirect_regs': [], 'direct_regs': ['<BV64 x0>'], 'mem': [], 'const_mem': []};63.0;0.0;64.0;64.0;[];;;;BaseControlType.CONSTANT_BASE;BaseControlType.CONSTANT_BASE;BaseControlType.CONSTANT_BASE;4;BranchControlType.BRANCH_DEPENDS_ON_SECRET_VALUE;BranchControlType.BRANCH_INDEPENDENT_FROM_SECRET;20112;True;False;True;True;True;False;False;True;True;False;False;False;True;False;True;True;True;False;True;False;[];['has_valid_base'];True;False;True;True;True;False;False;True;True;False;False;False;True;False;True;True;True;False;True;False;[];['has_valid_base']
