uuid;name;address;pc;secret_load_pc;transmitter;n_instr;n_dependent_loads;contains_spec_stop;bbls;transmission_expr;transmission_size;transmission_branches;transmission_constraints;transmission_requirements_regs;transmission_requirements_indirect_regs;transmission_requirements_direct_regs;transmission_requirements_mem;transmission_requirements_const_mem;transmission_range_min;transmission_range_max;transmission_range_window;transmission_range_stride;transmission_range_and_mask;transmission_range_or_mask;transmission_range_exact;transmission_range_w_branches_min;transmission_range_w_branches_max;transmission_range_w_branches_window;transmission_range_w_branches_stride;transmission_range_w_branches_and_mask;transmission_range_w_branches_or_mask;transmission_range_w_branches_exact;transmission_control;transmission_n_dependent_loads;base_expr;base_size;base_branches;base_constraints;base_requirements_regs;base_requirements_indirect_regs;base_requirements_direct_regs;base_requirements_mem;base_requirements_const_mem;base_range_min;base_range_max;base_range_window;base_range_stride;base_range_and_mask;base_range_or_mask;base_range_exact;base_range_w_branches_min;base_range_w_branches_max;base_range_w_branches_window;base_range_w_branches_stride;base_range_w_branches_and_mask;base_range_w_branches_or_mask;base_range_w_branches_exact;base_control;base_n_dependent_loads;independent_base_expr;independent_base_size;independent_base_branches;independent_base_constraints;independent_base_requirements_regs;independent_base_requirements_indirect_regs;independent_base_requirements_direct_regs;independent_base_requirements_mem;independent_base_requirements_const_mem;independent_base_range_min;independent_base_range_max;independent_base_range_window;independent_base_range_stride;independent_base_range_and_mask;independent_base_range_or_mask;independent_base_range_exact;independent_base_range_w_branches_min;independent_base_range_w_branches_max;independent_base_range_w_branches_window;independent_base_range_w_branches_stride;independent_base_range_w_branches_and_mask;independent_base_range_w_branches_or_mask;independent_base_range_w_branches_exact;independent_base_control;independent_base_n_dependent_loads;transmitted_secret_expr;transmitted_secret_size;transmitted_secret_branches;transmitted_secret_constraints;transmitted_secret_requirements_regs;transmitted_secret_requirements_indirect_regs;transmitted_secret_requirements_direct_regs;transmitted_secret_requirements_mem;transmitted_secret_requirements_const_mem;transmitted_secret_range_min;transmitted_secret_range_max;transmitted_secret_range_window;transmitted_secret_range_stride;transmitted_secret_range_and_mask;transmitted_secret_range_or_mask;transmitted_secret_range_exact;transmitted_secret_range_w_branches_min;transmitted_secret_range_w_branches_max;transmitted_secret_range_w_branches_window;transmitted_secret_range_w_branches_stride;transmitted_secret_range_w_branches_and_mask;transmitted_secret_range_w_branches_or_mask;transmitted_secret_range_w_branches_exact;transmitted_secret_control;transmitted_secret_n_dependent_loads;secret_address_expr;secret_address_size;secret_address_branches;secret_address_constraints;secret_address_requirements_regs;secret_address_requirements_indirect_regs;secret_address_requirements_direct_regs;secret_address_requirements_mem;secret_address_requirements_const_mem;secret_address_range_min;secret_address_range_max;secret_address_range_window;secret_address_range_stride;secret_address_range_and_mask;secret_address_range_or_mask;secret_address_range_exact;secret_address_range_w_branches_min;secret_address_range_w_branches_max;secret_address_range_w_branches_window;secret_address_range_w_branches_stride;secret_address_range_w_branches_and_mask;secret_address_range_w_branches_or_mask;secret_address_range_w_branches_exact;secret_address_control;secret_address_n_dependent_loads;secret_val_expr;secret_val_size;secret_val_branches;secret_val_constraints;secret_val_requirements_regs;secret_val_requirements_indirect_regs;secret_val_requirements_direct_regs;secret_val_requirements_mem;secret_val_requirements_const_mem;secret_val_range_min;secret_val_range_max;secret_val_range_window;secret_val_range_stride;secret_val_range_and_mask;secret_val_range_or_mask;secret_val_range_exact;secret_val_range_w_branches_min;secret_val_range_w_branches_max;secret_val_range_w_branches_window;secret_val_range_w_branches_stride;secret_val_range_w_branches_and_mask;secret_val_range_w_branches_or_mask;secret_val_range_w_branches_exact;secret_val_control;secret_val_n_dependent_loads;branches;branch_requirements;constraints;constraint_requirements;all_requirements;all_requirements_w_branches;inferable_bits_spread_high;inferable_bits_spread_low;inferable_bits_spread_total;inferable_bits_n_inferable_bits;aliases;deps;direct_dependent_base_expr;indirect_dependent_base_expr;base_control_type;base_control_w_constraints;base_control_w_branches_and_constraints;n_branches;branch_control_type;cmove_control_type;pc_as_int;is_secret_inferable;has_valid_base;has_valid_secret_address;is_cmove_independent_from_secret;has_no_speculation_stop;is_secret_below_cache_granularity;can_perform_sliding;is_secret_entropy_high;can_perform_known_prefix;is_max_secret_too_high;can_adjust_base;base_has_indirect_secret_dependency;leak_secret_near_valid_base;base_has_direct_secret_dependency;can_ignore_direct_dependency;is_branch_dependent_from_secret;perform_training;is_branch_dependent_from_uncontrolled;perform_out_of_place_training;exploitable;required_solutions;fail_reasons;is_secret_inferable_w_branches;has_valid_base_w_branches;has_valid_secret_address_w_branches;is_cmove_independent_from_secret_w_branches;has_no_speculation_stop_w_branches;is_secret_below_cache_granularity_w_branches;can_perform_sliding_w_branches;is_secret_entropy_high_w_branches;can_perform_known_prefix_w_branches;is_max_secret_too_high_w_branches;can_adjust_base_w_branches;base_has_indirect_secret_dependency_w_branches;leak_secret_near_valid_base_w_branches;base_has_direct_secret_dependency_w_branches;can_ignore_direct_dependency_w_branches;is_branch_dependent_from_secret_w_branches;perform_training_w_branches;is_branch_dependent_from_uncontrolled_w_branches;perform_out_of_place_training_w_branches;exploitable_w_branches;required_solutions_w_branches;fail_reasons_w_branches
38320450-c36e-496d-8c67-add7302faaca;add_to_error_table;0x1a34;0x1a48;0x0;TransmitterType.LOAD;7;0;False;['0x1a34'];<BV64 0x8 + x0>;64;[];[];['<BV64 x0>'];[];['<BV64 x0>'];[];[];0;18446744073709551615;18446744073709551615;1;;;True;0;18446744073709551615;18446744073709551615;1;;;True;ControlType.CONTROLLED;0;<BV64 0x8>;64;[];[];[];[];[];[];[];8.0;8.0;0.0;1.0;;;True;8.0;8.0;0.0;1.0;;;True;ControlType.NO_CONTROL;0;<BV64 0x8>;64;[];[];[];[];[];[];[];8;8;0;1.0;;;True;8.0;8.0;0.0;1.0;;;True;ControlType.NO_CONTROL;0;<BV64 x0>;64;[];[];['<BV64 x0>'];[];['<BV64 x0>'];[];[];0.0;1.8446744073709552e+19;18446744073709551615;1;;;True;0.0;1.8446744073709552e+19;18446744073709551615;1;;;True;ControlType.CONTROLLED;0;<BV64 x0>;64;[];[];['<BV64 x0>'];[];['<BV64 x0>'];[];[];0.0;1.8446744073709552e+19;1.8446744073709552e+19;1.0;;;True;0.0;1.8446744073709552e+19;1.8446744073709552e+19;1.0;;;True;ControlType.CONTROLLED;0;<BV64 x0>;64;[];[];[];[];[];[];[];0;0;0;;;;False;0;0;0;;;;False;ControlType.UNKNOWN;0;[];{'regs': [], 'indirect_regs': [], 'direct_regs': [], 'mem': [], 'const_mem': []};[];{'regs': [], 'indirect_regs': [], 'direct_regs': [], 'mem': [], 'const_mem': []};{'regs': ['<BV64 x0>'], 'indirect_regs': [], 'direct_regs': ['<BV64 x0>'], 'mem': [], 'const_mem': []};{'regs': ['<BV64 x0>'], 'indirect_regs': [], 'direct_regs': ['<BV64 x0>'], 'mem': [], 'const_mem': []};63.0;0.0;64.0;64.0;[];;;;BaseControlType.CONSTANT_BASE;BaseControlType.CONSTANT_BASE;BaseControlType.CONSTANT_BASE;0;BranchControlType.BRANCH_INDEPENDENT_FROM_SECRET;BranchControlType.BRANCH_INDEPENDENT_FROM_SECRET;6728;True;False;True;True;True;False;False;True;True;False;False;False;True;False;True;False;True;False;True;False;[];['has_valid_base'];True;False;True;True;True;False;False;True;True;False;False;False;True;False;True;False;True;False;True;False;[];['has_valid_base']
aa821709-8144-462d-b994-8dacdcc7afb0;initialize_error_table_r;0x1e74;0x1e80;0x0;TransmitterType.LOAD;4;0;False;['0x1e74'];<BV64 x0>;64;[];[];['<BV64 x0>'];[];['<BV64 x0>'];[];[];0;18446744073709551615;18446744073709551615;1;;;True;0;18446744073709551615;18446744073709551615;1;;;True;ControlType.CONTROLLED;0;;0;[];[];[];[];[];[];[];0.0;0.0;0.0;0.0;;;False;0.0;0.0;0.0;0.0;;;False;ControlType.UNKNOWN;0;;0;[];[];[];[];[];[];[];0;0;0;;;;False;0.0;0.0;0.0;0.0;;;False;ControlType.UNKNOWN;0;<BV64 x0>;64;[];[];['<BV64 x0>'];[];['<BV64 x0>'];[];[];0.0;1.8446744073709552e+19;18446744073709551615;1;;;True;0.0;1.8446744073709552e+19;18446744073709551615;1;;;True;ControlType.CONTROLLED;0;<BV64 x0>;64;[];[];['<BV64 x0>'];[];['<BV64 x0>'];[];[];0.0;1.8446744073709552e+19;1.8446744073709552e+19;1.0;;;True;0.0;1.8446744073709552e+19;1.8446744073709552e+19;1.0;;;True;ControlType.CONTROLLED;0;<BV64 x0>;64;[];[];[];[];[];[];[];0;0;0;;;;False;0;0;0;;;;False;ControlType.UNKNOWN;0;[];{'regs': [], 'indirect_regs': [], 'direct_regs': [], 'mem': [], 'const_mem': []};[];{'regs': [], 'indirect_regs': [], 'direct_regs': [], 'mem': [], 'const_mem': []};{'regs': ['<BV64 x0>'], 'indirect_regs': [], 'direct_regs': ['<BV64 x0>'], 'mem': [], 'const_mem': []};{'regs': ['<BV64 x0>'], 'indirect_regs': [], 'direct_regs': ['<BV64 x0>'], 'mem': [], 'const_mem': []};63.0;0.0;64.0;64.0;[];;;;BaseControlType.NO_BASE;BaseControlType.NO_BASE;BaseControlType.NO_BASE;0;BranchControlType.BRANCH_INDEPENDENT_FROM_SECRET;BranchControlType.BRANCH_INDEPENDENT_FROM_SECRET;7808;True;False;True;True;True;False;False;True;True;False;False;False;True;False;True;False;True;False;True;False;[];['has_valid_base'];True;False;True;True;True;False;False;True;True;False;False;False;True;False;True;False;True;False;True;False;[];['has_valid_base']
609f57d3-0d52-4068-8ac9-ed8acb43d354;free_error_table;0x1f10;0x1f34;0x0;TransmitterType.LOAD;10;0;False;['0x1f10', '0x1f18'];<BV64 x0>;64;[('0x1f14', <Bool x0 != 0x0>, 'Taken')];[];['<BV64 x0>'];[];['<BV64 x0>'];[];[];0;18446744073709551615;18446744073709551615;1;;;True;1;18446744073709551615;18446744073709551614;1;;;True;ControlType.CONTROLLED;0;;0;[];[];[];[];[];[];[];0.0;0.0;0.0;0.0;;;False;0.0;0.0;0.0;0.0;;;False;ControlType.UNKNOWN;0;;0;[];[];[];[];[];[];[];0;0;0;;;;False;0.0;0.0;0.0;0.0;;;False;ControlType.UNKNOWN;0;<BV64 x0>;64;[('0x1f14', <Bool x0 != 0x0>, 'Taken')];[];['<BV64 x0>'];[];['<BV64 x0>'];[];[];0.0;1.8446744073709552e+19;18446744073709551615;1;;;True;1.0;1.8446744073709552e+19;18446744073709551614;1;;;True;ControlType.CONTROLLED;0;<BV64 x0>;64;[('0x1f14', <Bool x0 != 0x0>, 'Taken')];[];['<BV64 x0>'];[];['<BV64 x0>'];[];[];0.0;1.8446744073709552e+19;1.8446744073709552e+19;1.0;;;True;1.0;1.8446744073709552e+19;1.8446744073709552e+19;1.0;;;True;ControlType.CONTROLLED;0;<BV64 x0>;64;[];[];[];[];[];[];[];0;0;0;;;;False;0;0;0;;;;False;ControlType.UNKNOWN;0;[('0x1f14', <Bool x0 != 0x0>, 'Taken')];{'regs': ['<BV64 x0>'], 'indirect_regs': [], 'direct_regs': ['<BV64 x0>'], 'mem': [], 'const_mem': []};[];{'regs': [], 'indirect_regs': [], 'direct_regs': [], 'mem': [], 'const_mem': []};{'regs': ['<BV64 x0>'], 'indirect_regs': [], 'direct_regs': ['<BV64 x0>'], 'mem': [], 'const_mem': []};{'regs': ['<BV64 x0>'], 'indirect_regs': [], 'direct_regs': ['<BV64 x0>'], 'mem': [], 'const_mem': []};63.0;0.0;64.0;64.0;[];;;;BaseControlType.NO_BASE;BaseControlType.NO_BASE;BaseControlType.NO_BASE;1;BranchControlType.BRANCH_DEPENDS_ON_SECRET_VALUE;BranchControlType.BRANCH_INDEPENDENT_FROM_SECRET;7988;True;False;True;True;True;False;False;True;True;False;False;False;True;False;True;True;True;False;True;False;[];['has_valid_base'];True;False;True;True;True;False;False;True;True;False;False;False;True;False;True;True;True;False;True;False;[];['has_valid_base']
25f2673d-5938-4e7e-a4cf-f9764161b4e7;com_right;0x1d84;0x1d98;0x0;TransmitterType.LOAD;6;0;False;['0x1d84', '0x1d94'];<BV64 0x8 + x0>;64;[('0x1d90', <Bool x0 != 0x0>, 'Taken')];[];['<BV64 x0>'];[];['<BV64 x0>'];[];[];0;18446744073709551615;18446744073709551615;1;;;True;9;7;18446744073709551614;1;;;True;ControlType.CONTROLLED;0;<BV64 0x8>;64;[];[];[];[];[];[];[];8.0;8.0;0.0;1.0;;;True;8.0;8.0;0.0;1.0;;;True;ControlType.NO_CONTROL;0;<BV64 0x8>;64;[];[];[];[];[];[];[];8;8;0;1.0;;;True;8.0;8.0;0.0;1.0;;;True;ControlType.NO_CONTROL;0;<BV64 x0>;64;[('0x1d90', <Bool x0 != 0x0>, 'Taken')];[];['<BV64 x0>'];[];['<BV64 x0>'];[];[];0.0;1.8446744073709552e+19;18446744073709551615;1;;;True;1.0;1.8446744073709552e+19;18446744073709551614;1;;;True;ControlType.CONTROLLED;0;<BV64 x0>;64;[('0x1d90', <Bool x0 != 0x0>, 'Taken')];[];['<BV64 x0>'];[];['<BV64 x0>'];[];[];0.0;1.8446744073709552e+19;1.8446744073709552e+19;1.0;;;True;1.0;1.8446744073709552e+19;1.8446744073709552e+19;1.0;;;True;ControlType.CONTROLLED;0;<BV64 x0>;64;[];[];[];[];[];[];[];0;0;0;;;;False;0;0;0;;;;False;ControlType.UNKNOWN;0;[('0x1d90', <Bool x0 != 0x0>, 'Taken')];{'regs': ['<BV64 x0>'], 'indirect_regs': [], 'direct_regs': ['<BV64 x0>'], 'mem': [], 'const_mem': []};[];{'regs': [], 'indirect_regs': [], 'direct_regs': [], 'mem': [], 'const_mem': []};{'regs': ['<BV64 x0>'], 'indirect_regs': [], 'direct_regs': ['<BV64 x0>'], 'mem': [], 'const_mem': []};{'regs': ['<BV64 x0>'], 'indirect_regs': [], 'direct_regs': ['<BV64 x0>'], 'mem': [], 'const_mem': []};63.0;0.0;64.0;64.0;[];;;;BaseControlType.CONSTANT_BASE;BaseControlType.CONSTANT_BASE;BaseControlType.CONSTANT_BASE;1;BranchControlType.BRANCH_DEPENDS_ON_SECRET_VALUE;BranchControlType.BRANCH_INDEPENDENT_FROM_SECRET;7576;True;False;True;True;True;False;False;True;True;False;False;False;True;False;True;True;True;False;True;False;[];['has_valid_base'];True;False;True;True;True;False;False;True;True;False;False;False;True;False;True;True;True;False;True;False;[];['has_valid_base']
ded42d5a-1c80-4a32-9b40-3527bf2dbfa3;com_right_r;0x1de4;0x1e08;0x0;TransmitterType.LOAD;10;0;False;['0x1de4', '0x1dec'];<BV64 0x8 + x0>;64;[('0x1de8', <Bool x0 != 0x0>, 'Taken')];[];['<BV64 x0>'];[];['<BV64 x0>'];[];[];0;18446744073709551615;18446744073709551615;1;;;True;9;7;18446744073709551614;1;;;True;ControlType.CONTROLLED;0;<BV64 0x8>;64;[];[];[];[];[];[];[];8.0;8.0;0.0;1.0;;;True;8.0;8.0;0.0;1.0;;;True;ControlType.NO_CONTROL;0;<BV64 0x8>;64;[];[];[];[];[];[];[];8;8;0;1.0;;;True;8.0;8.0;0.0;1.0;;;True;ControlType.NO_CONTROL;0;<BV64 x0>;64;[('0x1de8', <Bool x0 != 0x0>, 'Taken')];[];['<BV64 x0>'];[];['<BV64 x0>'];[];[];0.0;1.8446744073709552e+19;18446744073709551615;1;;;True;1.0;1.8446744073709552e+19;18446744073709551614;1;;;True;ControlType.CONTROLLED;0;<BV64 x0>;64;[('0x1de8', <Bool x0 != 0x0>, 'Taken')];[];['<BV64 x0>'];[];['<BV64 x0>'];[];[];0.0;1.8446744073709552e+19;1.8446744073709552e+19;1.0;;;True;1.0;1.8446744073709552e+19;1.8446744073709552e+19;1.0;;;True;ControlType.CONTROLLED;0;<BV64 x0>;64;[];[];[];[];[];[];[];0;0;0;;;;False;0;0;0;;;;False;ControlType.UNKNOWN;0;[('0x1de8', <Bool x0 != 0x0>, 'Taken')];{'regs': ['<BV64 x0>'], 'indirect_regs': [], 'direct_regs': ['<BV64 x0>'], 'mem': [], 'const_mem': []};[];{'regs': [], 'indirect_regs': [], 'direct_regs': [], 'mem': [], 'const_mem': []};{'regs': ['<BV64 x0>'], 'indirect_regs': [], 'direct_regs': ['<BV64 x0>'], 'mem': [], 'const_mem': []};{'regs': ['<BV64 x0>'], 'indirect_regs': [], 'direct_regs': ['<BV64 x0>'], 'mem': [], 'const_mem': []};63.0;0.0;64.0;64.0;[];;;;BaseControlType.CONSTANT_BASE;BaseControlType.CONSTANT_BASE;BaseControlType.CONSTANT_BASE;1;BranchControlType.BRANCH_DEPENDS_ON_SECRET_VALUE;BranchControlType.BRANCH_INDEPENDENT_FROM_SECRET;7688;True;False;True;True;True;False;False;True;True;False;False;False;True;False;True;True;True;False;True;False;[];['has_valid_base'];True;False;True;True;True;False;False;True;True;False;False;False;True;False;True;True;True;False;True;False;[];['has_valid_base']
5d935490-c93b-4f52-82b4-919e7e290057;error_table_name;0x1570;0x15b8;0x0;TransmitterType.LOAD;28;0;False;['0x1570', '0x15c4', '0x15a0', '0x15b8'];<BV64 0x2070 + (0#32 .. 0xffffffff + (0#26 .. (0#40 .. x0[31:8]) >> 0x12[5:0]))>;64;[('0x15b4', <Bool ((0x0 .. x0[31:8]) >> 0x18[7:0] & 63) == 0>, 'Taken'), ('0x15b4', <Bool ((0x0 .. x0[31:8]) >> 0x12[7:0] & 63) != 0>, 'Taken')];[('0x15b8', <Bool 0xffffffff + (0x0 .. (0x0 .. x0[31:8]) >> 0x12[5:0])[31:31] == 0>, 'ConditionType.SIGN_EXT')];['<BV64 x0>'];[];['<BV64 x0>'];[];[];8304;8366;62;1;8447.0;8192.0;False;8304;8366;62;1;8447.0;8192.0;False;ControlType.CONTROLLED;0;<BV64 0x10000206f>;64;[];[];[];[];[];[];[];4294975599.0;4294975599.0;0.0;1.0;;;True;4294975599.0;4294975599.0;0.0;1.0;;;True;ControlType.NO_CONTROL;0;<BV64 0x10000206f>;64;[];[];[];[];[];[];[];4294975599;4294975599;0;1.0;;;True;4294975599.0;4294975599.0;0.0;1.0;;;True;ControlType.NO_CONTROL;0;<BV64 0#58 .. (0#40 .. x0[31:8]) >> 0x12[5:0]>;64;[('0x15b4', <Bool ((0x0 .. x0[31:8]) >> 0x18[7:0] & 63) == 0>, 'Taken'), ('0x15b4', <Bool ((0x0 .. x0[31:8]) >> 0x12[7:0] & 63) != 0>, 'Taken')];[('0x15b8', <Bool 0xffffffff + (0x0 .. (0x0 .. x0[31:8]) >> 0x12[5:0])[31:31] == 0>, 'ConditionType.SIGN_EXT')];['<BV64 x0>'];[];['<BV64 x0>'];[];[];1.0;63.0;62;1;;;False;1.0;63.0;62;1;;;False;ControlType.CONTROLLED;0;<BV64 x0>;64;[('0x15b4', <Bool ((0x0 .. x0[31:8]) >> 0x18[7:0] & 63) == 0>, 'Taken'), ('0x15b4', <Bool ((0x0 .. x0[31:8]) >> 0x12[7:0] & 63) != 0>, 'Taken')];[('0x15b8', <Bool 0xffffffff + (0x0 .. (0x0 .. x0[31:8]) >> 0x12[5:0])[31:31] == 0>, 'ConditionType.SIGN_EXT')];['<BV64 x0>'];[];['<BV64 x0>'];[];[];67108864.0;1.8446744073709552e+19;1.8446744073642443e+19;1.0;;;False;67108864.0;1.8446744073709552e+19;1.8446744073642443e+19;1.0;;;False;ControlType.CONTROLLED;0;<BV64 x0>;64;[];[];[];[];[];[];[];0;0;0;;;;False;0;0;0;;;;False;ControlType.UNKNOWN;0;[('0x15b4', <Bool ((0x0 .. x0[31:8]) >> 0x18[7:0] & 63) == 0>, 'Taken'), ('0x15b4', <Bool ((0x0 .. x0[31:8]) >> 0x12[7:0] & 63) != 0>, 'Taken'), ('0x15c8', <Bool True>, 'Taken')];{'regs': ['<BV64 x0>'], 'indirect_regs': [], 'direct_regs': ['<BV64 x0>'], 'mem': [], 'const_mem': []};[('0x15b8', <Bool 0xffffffff + (0x0 .. (0x0 .. x0[31:8]) >> 0x12[5:0])[31:31] == 0>, 'ConditionType.SIGN_EXT')];{'regs': ['<BV64 x0>'], 'indirect_regs': [], 'direct_regs': ['<BV64 x0>'], 'mem': [], 'const_mem': []};{'regs': ['<BV64 x0>'], 'indirect_regs': [], 'direct_regs': ['<BV64 x0>'], 'mem': [], 'const_mem': []};{'regs': ['<BV64 x0>'], 'indirect_regs': [], 'direct_regs': ['<BV64 x0>'], 'mem': [], 'const_mem': []};5.0;0.0;6.0;6.0;[];;;;BaseControlType.CONSTANT_BASE;BaseControlType.CONSTANT_BASE;BaseControlType.CONSTANT_BASE;3;BranchControlType.BRANCH_DEPENDS_ON_SECRET_VALUE;BranchControlType.BRANCH_INDEPENDENT_FROM_SECRET;5560;True;False;True;True;True;True;False;False;True;False;False;False;True;False;False;True;True;False;True;False;[];['has_valid_base', 'secret_below_cache_granularity'];True;False;True;True;True;True;False;False;True;False;False;False;True;False;False;True;True;False;True;False;[];['has_valid_base', 'secret_below_cache_granularity']
78f3a319-a55a-47f5-a67e-b0e5547fc1da;initialize_error_table_r;0x1e74;0x1eb0;0x1e80;TransmitterType.LOAD;12;1;False;['0x1e74', '0x1eb0'];<BV64 0x8 + LOAD_64[<BV64 x0>]_22>;64;[('0x1e9c', <Bool LOAD_64[<BV64 x0>]_22 != 0x0>, 'Taken')];[];['<BV64 x0>'];"[""<BV64 x0>: ['0x0']""]";[];['<BV64 x0>'];[];0;18446744073709551615;18446744073709551615;1;;;True;9;7;18446744073709551614;1;;;True;ControlType.CONTROLLED;1;<BV64 0x8>;64;[];[];[];[];[];[];[];8.0;8.0;0.0;1.0;;;True;8.0;8.0;0.0;1.0;;;True;ControlType.NO_CONTROL;0;<BV64 0x8>;64;[];[];[];[];[];[];[];8;8;0;1.0;;;True;8.0;8.0;0.0;1.0;;;True;ControlType.NO_CONTROL;0;<BV64 LOAD_64[<BV64 x0>]_22>;64;[('0x1e9c', <Bool LOAD_64[<BV64 x0>]_22 != 0x0>, 'Taken')];[];['<BV64 x0>'];"[""<BV64 x0>: ['0x0']""]";[];['<BV64 x0>'];[];0.0;1.8446744073709552e+19;18446744073709551615;1;;;True;1.0;1.8446744073709552e+19;18446744073709551614;1;;;True;ControlType.CONTROLLED;1;<BV64 x0>;64;[];[];['<BV64 x0>'];[];['<BV64 x0>'];[];[];0.0;1.8446744073709552e+19;1.8446744073709552e+19;1.0;;;True;0.0;1.8446744073709552e+19;1.8446744073709552e+19;1.0;;;True;ControlType.CONTROLLED;0;<BV64 LOAD_64[<BV64 x0>]_22>;64;[];[];[];[];[];[];[];0;0;0;;;;False;0;0;0;;;;False;ControlType.UNKNOWN;1;[('0x1e9c', <Bool LOAD_64[<BV64 x0>]_22 != 0x0>, 'Taken')];"{'regs': ['<BV64 x0>'], 'indirect_regs': [""<BV64 x0>: ['0x0']""], 'direct_regs': [], 'mem': ['<BV64 x0>'], 'const_mem': []}";[];{'regs': [], 'indirect_regs': [], 'direct_regs': [], 'mem': [], 'const_mem': []};{'regs': ['<BV64 x0>'], 'indirect_regs': [], 'direct_regs': ['<BV64 x0>'], 'mem': ['<BV64 x0>'], 'const_mem': []};{'regs': ['<BV64 x0>'], 'indirect_regs': [], 'direct_regs': ['<BV64 x0>'], 'mem': ['<BV64 x0>'], 'const_mem': []};63.0;0.0;64.0;64.0;[];;;;BaseControlType.CONSTANT_BASE;BaseControlType.CONSTANT_BASE;BaseControlType.CONSTANT_BASE;1;BranchControlType.BRANCH_DEPENDS_ON_SECRET_VALUE;BranchControlType.BRANCH_INDEPENDENT_FROM_SECRET;7856;True;False;True;True;True;False;False;True;True;False;False;False;True;False;True;True;True;False;True;False;[];['has_valid_base'];True;False;True;True;True;False;False;True;True;False;False;False;True;False;True;True;True;False;True;False;[];['has_valid_base']
6ebc4785-8e1e-4275-8380-31ed9613c112;com_right;0x1d84;0x1d9c;0x1d98;TransmitterType.LOAD;7;1;False;['0x1d84', '0x1d94'];<BV64 0x8 + LOAD_64[<BV64 x0 + 0x8>]_22>;64;[];[];['<BV64 x0>'];"[""<BV64 x0>: ['0x8']""]";[];['<BV64 x0 + 0x8>'];[];0;18446744073709551615;18446744073709551615;1;;;True;0;18446744073709551615;18446744073709551615;1;;;True;ControlType.CONTROLLED;1;<BV64 0x8>;64;[];[];[];[];[];[];[];8.0;8.0;0.0;1.0;;;True;8.0;8.0;0.0;1.0;;;True;ControlType.NO_CONTROL;0;<BV64 0x8>;64;[];[];[];[];[];[];[];8;8;0;1.0;;;True;8.0;8.0;0.0;1.0;;;True;ControlType.NO_CONTROL;0;<BV64 LOAD_64[<BV64 x0 + 0x8>]_22>;64;[];[];['<BV64 x0>'];"[""<BV64 x0>: ['0x8']""]";[];['<BV64 x0 + 0x8>'];[];0.0;1.8446744073709552e+19;18446744073709551615;1;;;True;0.0;1.8446744073709552e+19;18446744073709551615;1;;;True;ControlType.CONTROLLED;1;<BV64 x0 + 0x8>;64;[('0x1d90', <Bool x0 != 0x0>, 'Taken')];[];['<BV64 x0>'];[];['<BV64 x0>'];[];[];0.0;1.8446744073709552e+19;1.8446744073709552e+19;1.0;;;True;9.0;7.0;1.8446744073709552e+19;1.0;;;True;ControlType.CONTROLLED;0;<BV64 LOAD_64[<BV64 x0 + 0x8>]_22>;64;[];[];[];[];[];[];[];0;0;0;;;;False;0;0;0;;;;False;ControlType.UNKNOWN;1;[('0x1d90', <Bool x0 != 0x0>, 'Taken')];{'regs': ['<BV64 x0>'], 'indirect_regs': [], 'direct_regs': ['<BV64 x0>'], 'mem': [], 'const_mem': []};[];{'regs': [], 'indirect_regs': [], 'direct_regs': [], 'mem': [], 'const_mem': []};{'regs': ['<BV64 x0>'], 'indirect_regs': [], 'direct_regs': ['<BV64 x0>'], 'mem': ['<BV64 x0 + 0x8>'], 'const_mem': []};{'regs': ['<BV64 x0>'], 'indirect_regs': [], 'direct_regs': ['<BV64 x0>'], 'mem': ['<BV64 x0 + 0x8>'], 'const_mem': []};63.0;0.0;64.0;64.0;[];;;;BaseControlType.CONSTANT_BASE;BaseControlType.CONSTANT_BASE;BaseControlType.CONSTANT_BASE;1;BranchControlType.BRANCH_DEPENDS_ON_SECRET_ADDRESS;BranchControlType.BRANCH_INDEPENDENT_FROM_SECRET;7580;True;False;True;True;True;False;False;True;True;False;False;False;True;False;True;True;True;False;True;False;[];['has_valid_base'];True;False;True;True;True;False;False;True;True;False;False;False;True;False;True;True;True;False;True;False;[];['has_valid_base']
f97bef93-1cc7-438d-b196-cc970b02df02;com_right_r;0x1de4;0x1e0c;0x1e08;TransmitterType.LOAD;11;1;False;['0x1de4', '0x1dec'];<BV64 0x8 + LOAD_64[<BV64 x0 + 0x8>]_23>;64;[];[];['<BV64 x0>'];"[""<BV64 x0>: ['0x8']""]";[];['<BV64 x0 + 0x8>'];[];0;18446744073709551615;18446744073709551615;1;;;True;0;18446744073709551615;18446744073709551615;1;;;True;ControlType.CONTROLLED;1;<BV64 0x8>;64;[];[];[];[];[];[];[];8.0;8.0;0.0;1.0;;;True;8.0;8.0;0.0;1.0;;;True;ControlType.NO_CONTROL;0;<BV64 0x8>;64;[];[];[];[];[];[];[];8;8;0;1.0;;;True;8.0;8.0;0.0;1.0;;;True;ControlType.NO_CONTROL;0;<BV64 LOAD_64[<BV64 x0 + 0x8>]_23>;64;[];[];['<BV64 x0>'];"[""<BV64 x0>: ['0x8']""]";[];['<BV64 x0 + 0x8>'];[];0.0;1.8446744073709552e+19;18446744073709551615;1;;;True;0.0;1.8446744073709552e+19;18446744073709551615;1;;;True;ControlType.CONTROLLED;1;<BV64 x0 + 0x8>;64;[('0x1de8', <Bool x0 != 0x0>, 'Taken')];[];['<BV64 x0>'];[];['<BV64 x0>'];[];[];0.0;1.8446744073709552e+19;1.8446744073709552e+19;1.0;;;True;9.0;7.0;1.8446744073709552e+19;1.0;;;True;ControlType.CONTROLLED;0;<BV64 LOAD_64[<BV64 x0 + 0x8>]_23>;64;[];[];[];[];[];[];[];0;0;0;;;;False;0;0;0;;;;False;ControlType.UNKNOWN;1;[('0x1de8', <Bool x0 != 0x0>, 'Taken')];{'regs': ['<BV64 x0>'], 'indirect_regs': [], 'direct_regs': ['<BV64 x0>'], 'mem': [], 'const_mem': []};[];{'regs': [], 'indirect_regs': [], 'direct_regs': [], 'mem': [], 'const_mem': []};{'regs': ['<BV64 x0>'], 'indirect_regs': [], 'direct_regs': ['<BV64 x0>'], 'mem': ['<BV64 x0 + 0x8>'], 'const_mem': []};{'regs': ['<BV64 x0>'], 'indirect_regs': [], 'direct_regs': ['<BV64 x0>'], 'mem': ['<BV64 x0 + 0x8>'], 'const_mem': []};63.0;0.0;64.0;64.0;[];;;;BaseControlType.CONSTANT_BASE;BaseControlType.CONSTANT_BASE;BaseControlType.CONSTANT_BASE;1;BranchControlType.BRANCH_DEPENDS_ON_SECRET_ADDRESS;BranchControlType.BRANCH_INDEPENDENT_FROM_SECRET;7692;True;False;True;True;True;False;False;True;True;False;False;False;True;False;True;True;True;False;True;False;[];['has_valid_base'];True;False;True;True;True;False;False;True;True;False;False;False;True;False;True;True;True;False;True;False;[];['has_valid_base']
b4ce5161-9f53-4365-886d-7c73c27c8bb0;initialize_error_table_r;0x1e74;0x1eb4;0x1eb0;TransmitterType.LOAD;13;2;False;['0x1e74', '0x1eb0'];<BV64 LOAD_64[<BV64 LOAD_64[<BV64 x0>]_22 + 0x8>]_28>;64;[];[];['<BV64 x0>'];"[""<BV64 x0>: ['0x0']""]";[];['<BV64 LOAD_64[<BV64 x0>]_22 + 0x8>', '<BV64 x0>'];[];0;18446744073709551615;18446744073709551615;1;;;True;0;18446744073709551615;18446744073709551615;1;;;True;ControlType.CONTROLLED;2;;0;[];[];[];[];[];[];[];0.0;0.0;0.0;0.0;;;False;0.0;0.0;0.0;0.0;;;False;ControlType.UNKNOWN;0;;0;[];[];[];[];[];[];[];0;0;0;;;;False;0.0;0.0;0.0;0.0;;;False;ControlType.UNKNOWN;0;<BV64 LOAD_64[<BV64 LOAD_64[<BV64 x0>]_22 + 0x8>]_28>;64;[];[];['<BV64 x0>'];"[""<BV64 x0>: ['0x0']""]";[];['<BV64 LOAD_64[<BV64 x0>]_22 + 0x8>', '<BV64 x0>'];[];0.0;1.8446744073709552e+19;18446744073709551615;1;;;True;0.0;1.8446744073709552e+19;18446744073709551615;1;;;True;ControlType.CONTROLLED;2;<BV64 LOAD_64[<BV64 x0>]_22 + 0x8>;64;[('0x1e9c', <Bool LOAD_64[<BV64 x0>]_22 != 0x0>, 'Taken')];[];['<BV64 x0>'];"[""<BV64 x0>: ['0x0']""]";[];['<BV64 x0>'];[];0.0;1.8446744073709552e+19;1.8446744073709552e+19;1.0;;;True;9.0;7.0;1.8446744073709552e+19;1.0;;;True;ControlType.CONTROLLED;1;<BV64 LOAD_64[<BV64 LOAD_64[<BV64 x0>]_22 + 0x8>]_28>;64;[];[];[];[];[];[];[];0;0;0;;;;False;0;0;0;;;;False;ControlType.UNKNOWN;2;[('0x1e9c', <Bool LOAD_64[<BV64 x0>]_22 != 0x0>, 'Taken')];"{'regs': ['<BV64 x0>'], 'indirect_regs': [""<BV64 x0>: ['0x0']""], 'direct_regs': [], 'mem': ['<BV64 x0>'], 'const_mem': []}";[];{'regs': [], 'indirect_regs': [], 'direct_regs': [], 'mem': [], 'const_mem': []};"{'regs': ['<BV64 x0>'], 'indirect_regs': [""<BV64 x0>: ['0x0', '0x0']""], 'direct_regs': [], 'mem': ['<BV64 LOAD_64[<BV64 x0>]_22 + 0x8>', '<BV64 x0>'], 'const_mem': []}";"{'regs': ['<BV64 x0>'], 'indirect_regs': [""<BV64 x0>: ['0x0', '0x0', '0x0']""], 'direct_regs': [], 'mem': ['<BV64 LOAD_64[<BV64 x0>]_22 + 0x8>', '<BV64 x0>'], 'const_mem': []}";63.0;0.0;64.0;64.0;[];;;;BaseControlType.NO_BASE;BaseControlType.NO_BASE;BaseControlType.NO_BASE;1;BranchControlType.BRANCH_DEPENDS_ON_SECRET_ADDRESS;BranchControlType.BRANCH_INDEPENDENT_FROM_SECRET;7860;True;False;True;True;True;False;False;True;True;False;False;False;True;False;True;True;True;False;True;False;[];['has_valid_base'];True;False;True;True;True;False;False;True;True;False;False;False;True;False;True;True;True;False;True;False;[];['has_valid_base']
c48fcce8-5471-4dde-842d-902995bea379;com_right;0x1d84;0x1da8;0x1d98;TransmitterType.LOAD;10;1;False;['0x1d84', '0x1d94', '0x1da8'];<BV64 0x10 + LOAD_64[<BV64 x0 + 0x8>]_22>;64;[];[];['<BV64 x0>'];"[""<BV64 x0>: ['0x8']""]";[];['<BV64 x0 + 0x8>'];[];0;18446744073709551615;18446744073709551615;1;;;True;0;18446744073709551615;18446744073709551615;1;;;True;ControlType.CONTROLLED;1;<BV64 0x10>;64;[];[];[];[];[];[];[];16.0;16.0;0.0;1.0;;;True;16.0;16.0;0.0;1.0;;;True;ControlType.NO_CONTROL;0;<BV64 0x10>;64;[];[];[];[];[];[];[];16;16;0;1.0;;;True;16.0;16.0;0.0;1.0;;;True;ControlType.NO_CONTROL;0;<BV64 LOAD_64[<BV64 x0 + 0x8>]_22>;64;[];[];['<BV64 x0>'];"[""<BV64 x0>: ['0x8']""]";[];['<BV64 x0 + 0x8>'];[];0.0;1.8446744073709552e+19;18446744073709551615;1;;;True;0.0;1.8446744073709552e+19;18446744073709551615;1;;;True;ControlType.CONTROLLED;1;<BV64 x0 + 0x8>;64;[('0x1d90', <Bool x0 != 0x0>, 'Taken')];[];['<BV64 x0>'];[];['<BV64 x0>'];[];[];0.0;1.8446744073709552e+19;1.8446744073709552e+19;1.0;;;True;9.0;7.0;1.8446744073709552e+19;1.0;;;True;ControlType.CONTROLLED;0;<BV64 LOAD_64[<BV64 x0 + 0x8>]_22>;64;[];[];[];[];[];[];[];0;0;0;;;;False;0;0;0;;;;False;ControlType.UNKNOWN;1;[('0x1d90', <Bool x0 != 0x0>, 'Taken'), ('0x1da4', <Bool x1 >=s LOAD_64[<BV64 LOAD_64[<BV64 x0 + 0x8>]_22 + 0x8>]_23>, 'Taken')];{'regs': ['<BV64 x0>', '<BV64 x1>'], 'indirect_regs': [], 'direct_regs': ['<BV64 x0>', '<BV64 x1>'], 'mem': ['<BV64 LOAD_64[<BV64 x0 + 0x8>]_22 + 0x8>', '<BV64 x0 + 0x8>'], 'const_mem': []};[];{'regs': [], 'indirect_regs': [], 'direct_regs': [], 'mem': [], 'const_mem': []};{'regs': ['<BV64 x0>'], 'indirect_regs': [], 'direct_regs': ['<BV64 x0>'], 'mem': ['<BV64 x0 + 0x8>'], 'const_mem': []};{'regs': ['<BV64 x0>', '<BV64 x1>'], 'indirect_regs': [], 'direct_regs': ['<BV64 x0>', '<BV64 x1>'], 'mem': ['<BV64 LOAD_64[<BV64 x0 + 0x8>]_22 + 0x8>', '<BV64 x0 + 0x8>'], 'const_mem': []};63.0;0.0;64.0;64.0;[];;;;BaseControlType.CONSTANT_BASE;BaseControlType.CONSTANT_BASE;BaseControlType.CONSTANT_BASE;2;BranchControlType.BRANCH_DEPENDS_ON_SECRET_VALUE;BranchControlType.BRANCH_INDEPENDENT_FROM_SECRET;7592;True;False;True;True;True;False;False;True;True;False;False;False;True;False;True;True;True;False;True;False;[];['has_valid_base'];True;False;True;True;True;False;False;True;True;False;False;False;True;False;True;True;True;False;True;False;[];['has_valid_base']
e433c31f-5852-4f92-a531-d0320f7b609a;com_right_r;0x1de4;0x1e18;0x1e08;TransmitterType.LOAD;14;1;False;['0x1de4', '0x1dec', '0x1e18'];<BV64 0x10 + LOAD_64[<BV64 x0 + 0x8>]_23>;64;[];[];['<BV64 x0>'];"[""<BV64 x0>: ['0x8']""]";[];['<BV64 x0 + 0x8>'];[];0;18446744073709551615;18446744073709551615;1;;;True;0;18446744073709551615;18446744073709551615;1;;;True;ControlType.CONTROLLED;1;<BV64 0x10>;64;[];[];[];[];[];[];[];16.0;16.0;0.0;1.0;;;True;16.0;16.0;0.0;1.0;;;True;ControlType.NO_CONTROL;0;<BV64 0x10>;64;[];[];[];[];[];[];[];16;16;0;1.0;;;True;16.0;16.0;0.0;1.0;;;True;ControlType.NO_CONTROL;0;<BV64 LOAD_64[<BV64 x0 + 0x8>]_23>;64;[];[];['<BV64 x0>'];"[""<BV64 x0>: ['0x8']""]";[];['<BV64 x0 + 0x8>'];[];0.0;1.8446744073709552e+19;18446744073709551615;1;;;True;0.0;1.8446744073709552e+19;18446744073709551615;1;;;True;ControlType.CONTROLLED;1;<BV64 x0 + 0x8>;64;[('0x1de8', <Bool x0 != 0x0>, 'Taken')];[];['<BV64 x0>'];[];['<BV64 x0>'];[];[];0.0;1.8446744073709552e+19;1.8446744073709552e+19;1.0;;;True;9.0;7.0;1.8446744073709552e+19;1.0;;;True;ControlType.CONTROLLED;0;<BV64 LOAD_64[<BV64 x0 + 0x8>]_23>;64;[];[];[];[];[];[];[];0;0;0;;;;False;0;0;0;;;;False;ControlType.UNKNOWN;1;[('0x1de8', <Bool x0 != 0x0>, 'Taken'), ('0x1e14', <Bool x1 >=s LOAD_64[<BV64 LOAD_64[<BV64 x0 + 0x8>]_23 + 0x8>]_24>, 'Taken')];{'regs': ['<BV64 x0>', '<BV64 x1>'], 'indirect_regs': [], 'direct_regs': ['<BV64 x0>', '<BV64 x1>'], 'mem': ['<BV64 LOAD_64[<BV64 x0 + 0x8>]_23 + 0x8>', '<BV64 x0 + 0x8>'], 'const_mem': []};[];{'regs': [], 'indirect_regs': [], 'direct_regs': [], 'mem': [], 'const_mem': []};{'regs': ['<BV64 x0>'], 'indirect_regs': [], 'direct_regs': ['<BV64 x0>'], 'mem': ['<BV64 x0 + 0x8>'], 'const_mem': []};{'regs': ['<BV64 x0>', '<BV64 x1>'], 'indirect_regs': [], 'direct_regs': ['<BV64 x0>', '<BV64 x1>'], 'mem': ['<BV64 LOAD_64[<BV64 x0 + 0x8>]_23 + 0x8>', '<BV64 x0 + 0x8>'], 'const_mem': []};63.0;0.0;64.0;64.0;[];;;;BaseControlType.CONSTANT_BASE;BaseControlType.CONSTANT_BASE;BaseControlType.CONSTANT_BASE;2;BranchControlType.BRANCH_DEPENDS_ON_SECRET_VALUE;BranchControlType.BRANCH_INDEPENDENT_FROM_SECRET;7704;True;False;True;True;True;False;False;True;True;False;False;False;True;False;True;True;True;False;True;False;[];['has_valid_base'];True;False;True;True;True;False;False;True;True;False;False;False;True;False;True;True;True;False;True;False;[];['has_valid_base']
68d70100-f69c-47db-9c7e-552dc380394f;initialize_error_table_r;0x1e74;0x1ea4;0x1e80;TransmitterType.LOAD;16;1;False;['0x1e74', '0x1eb0', '0x1ea4'];<BV64 LOAD_64[<BV64 x0>]_22>;64;[('0x1e9c', <Bool LOAD_64[<BV64 x0>]_22 != 0x0>, 'Taken')];[];['<BV64 x0>'];"[""<BV64 x0>: ['0x0']""]";[];['<BV64 x0>'];[];0;18446744073709551615;18446744073709551615;1;;;True;1;18446744073709551615;18446744073709551614;1;;;True;ControlType.CONTROLLED;1;;0;[];[];[];[];[];[];[];0.0;0.0;0.0;0.0;;;False;0.0;0.0;0.0;0.0;;;False;ControlType.UNKNOWN;0;;0;[];[];[];[];[];[];[];0;0;0;;;;False;0.0;0.0;0.0;0.0;;;False;ControlType.UNKNOWN;0;<BV64 LOAD_64[<BV64 x0>]_22>;64;[('0x1e9c', <Bool LOAD_64[<BV64 x0>]_22 != 0x0>, 'Taken')];[];['<BV64 x0>'];"[""<BV64 x0>: ['0x0']""]";[];['<BV64 x0>'];[];0.0;1.8446744073709552e+19;18446744073709551615;1;;;True;1.0;1.8446744073709552e+19;18446744073709551614;1;;;True;ControlType.CONTROLLED;1;<BV64 x0>;64;[];[];['<BV64 x0>'];[];['<BV64 x0>'];[];[];0.0;1.8446744073709552e+19;1.8446744073709552e+19;1.0;;;True;0.0;1.8446744073709552e+19;1.8446744073709552e+19;1.0;;;True;ControlType.CONTROLLED;0;<BV64 LOAD_64[<BV64 x0>]_22>;64;[];[];[];[];[];[];[];0;0;0;;;;False;0;0;0;;;;False;ControlType.UNKNOWN;1;[('0x1e9c', <Bool LOAD_64[<BV64 x0>]_22 != 0x0>, 'Taken'), ('0x1ebc', <Bool LOAD_64[<BV64 LOAD_64[<BV64 LOAD_64[<BV64 x0>]_22 + 0x8>]_28>]_29 != x1>, 'Taken')];"{'regs': ['<BV64 x0>', '<BV64 x1>'], 'indirect_regs': [""<BV64 x0>: ['0x0', '0x0']""], 'direct_regs': ['<BV64 x1>'], 'mem': ['<BV64 LOAD_64[<BV64 LOAD_64[<BV64 x0>]_22 + 0x8>]_28>', '<BV64 LOAD_64[<BV64 x0>]_22 + 0x8>', '<BV64 x0>'], 'const_mem': []}";[];{'regs': [], 'indirect_regs': [], 'direct_regs': [], 'mem': [], 'const_mem': []};{'regs': ['<BV64 x0>'], 'indirect_regs': [], 'direct_regs': ['<BV64 x0>'], 'mem': ['<BV64 x0>'], 'const_mem': []};{'regs': ['<BV64 x0>', '<BV64 x1>'], 'indirect_regs': [], 'direct_regs': ['<BV64 x0>', '<BV64 x1>'], 'mem': ['<BV64 LOAD_64[<BV64 LOAD_64[<BV64 x0>]_22 + 0x8>]_28>', '<BV64 LOAD_64[<BV64 x0>]_22 + 0x8>', '<BV64 x0>'], 'const_mem': []};63.0;0.0;64.0;64.0;[];;;;BaseControlType.NO_BASE;BaseControlType.NO_BASE;BaseControlType.NO_BASE;2;BranchControlType.BRANCH_DEPENDS_ON_SECRET_VALUE;BranchControlType.BRANCH_INDEPENDENT_FROM_SECRET;7844;True;False;True;True;True;False;False;True;True;False;False;False;True;False;True;True;True;False;True;False;[];['has_valid_base'];True;False;True;True;True;False;False;True;True;False;False;False;True;False;True;True;True;False;True;False;[];['has_valid_base']
e0dd7bb4-a832-4376-bf4c-6f2a7d29b5b6;com_right;0x1d84;0x1db8;0x0;TransmitterType.LOAD;14;0;False;['0x1d84', '0x1d94', '0x1da8', '0x1db8'];<BV64 x0>;64;[('0x1d90', <Bool x0 != 0x0>, 'Taken')];[];['<BV64 x0>'];[];['<BV64 x0>'];[];[];0;18446744073709551615;18446744073709551615;1;;;True;1;18446744073709551615;18446744073709551614;1;;;True;ControlType.CONTROLLED;0;;0;[];[];[];[];[];[];[];0.0;0.0;0.0;0.0;;;False;0.0;0.0;0.0;0.0;;;False;ControlType.UNKNOWN;0;;0;[];[];[];[];[];[];[];0;0;0;;;;False;0.0;0.0;0.0;0.0;;;False;ControlType.UNKNOWN;0;<BV64 x0>;64;[('0x1d90', <Bool x0 != 0x0>, 'Taken')];[];['<BV64 x0>'];[];['<BV64 x0>'];[];[];0.0;1.8446744073709552e+19;18446744073709551615;1;;;True;1.0;1.8446744073709552e+19;18446744073709551614;1;;;True;ControlType.CONTROLLED;0;<BV64 x0>;64;[('0x1d90', <Bool x0 != 0x0>, 'Taken')];[];['<BV64 x0>'];[];['<BV64 x0>'];[];[];0.0;1.8446744073709552e+19;1.8446744073709552e+19;1.0;;;True;1.0;1.8446744073709552e+19;1.8446744073709552e+19;1.0;;;True;ControlType.CONTROLLED;0;<BV64 x0>;64;[];[];[];[];[];[];[];0;0;0;;;;False;0;0;0;;;;False;ControlType.UNKNOWN;0;[('0x1d90', <Bool x0 != 0x0>, 'Taken'), ('0x1da4', <Bool x1 >=s LOAD_64[<BV64 LOAD_64[<BV64 x0 + 0x8>]_22 + 0x8>]_23>, 'Taken'), ('0x1db4', <Bool x1 >=s (0xffffffff .. LOAD_32[<BV64 LOAD_64[<BV64 x0 + 0x8>]_22 + 0x10>]_24) + LOAD_64[<BV64 LOAD_64[<BV64 x0 + 0x8>]_22 + 0x8>]_23>, 'Taken')];{'regs': ['<BV64 x0>', '<BV64 x1>'], 'indirect_regs': [], 'direct_regs': ['<BV64 x0>', '<BV64 x1>'], 'mem': ['<BV64 LOAD_64[<BV64 x0 + 0x8>]_22 + 0x10>', '<BV64 LOAD_64[<BV64 x0 + 0x8>]_22 + 0x8>', '<BV64 x0 + 0x8>'], 'const_mem': []};[('0x1da8', <Bool LOAD_32[<BV64 LOAD_64[<BV64 x0 + 0x8>]_22 + 0x10>]_24[31:31] != 0>, 'ConditionType.SIGN_EXT')];"{'regs': ['<BV64 x0>'], 'indirect_regs': [""<BV64 x0>: ['0x8']""], 'direct_regs': [], 'mem': ['<BV64 LOAD_64[<BV64 x0 + 0x8>]_22 + 0x10>', '<BV64 x0 + 0x8>'], 'const_mem': []}";{'regs': ['<BV64 x0>'], 'indirect_regs': [], 'direct_regs': ['<BV64 x0>'], 'mem': ['<BV64 LOAD_64[<BV64 x0 + 0x8>]_22 + 0x10>', '<BV64 x0 + 0x8>'], 'const_mem': []};{'regs': ['<BV64 x0>', '<BV64 x1>'], 'indirect_regs': [], 'direct_regs': ['<BV64 x0>', '<BV64 x1>'], 'mem': ['<BV64 LOAD_64[<BV64 x0 + 0x8>]_22 + 0x10>', '<BV64 LOAD_64[<BV64 x0 + 0x8>]_22 + 0x8>', '<BV64 x0 + 0x8>'], 'const_mem': []};63.0;0.0;64.0;64.0;[];;;;BaseControlType.NO_BASE;BaseControlType.NO_BASE;BaseControlType.NO_BASE;3;BranchControlType.BRANCH_DEPENDS_ON_SECRET_VALUE;BranchControlType.BRANCH_INDEPENDENT_FROM_SECRET;7608;True;False;True;True;True;False;False;True;True;False;False;False;True;False;True;True;True;False;True;False;[];['has_valid_base'];True;False;True;True;True;False;False;True;True;False;False;False;True;False;True;True;True;False;True;False;[];['has_valid_base']
e89fd29f-c503-446d-bd61-5640770e2bee;com_right_r;0x1de4;0x1e28;0x0;TransmitterType.LOAD;18;0;False;['0x1de4', '0x1dec', '0x1e18', '0x1e28'];<BV64 x0>;64;[('0x1de8', <Bool x0 != 0x0>, 'Taken')];[];['<BV64 x0>'];[];['<BV64 x0>'];[];[];0;18446744073709551615;18446744073709551615;1;;;True;1;18446744073709551615;18446744073709551614;1;;;True;ControlType.CONTROLLED;0;;0;[];[];[];[];[];[];[];0.0;0.0;0.0;0.0;;;False;0.0;0.0;0.0;0.0;;;False;ControlType.UNKNOWN;0;;0;[];[];[];[];[];[];[];0;0;0;;;;False;0.0;0.0;0.0;0.0;;;False;ControlType.UNKNOWN;0;<BV64 x0>;64;[('0x1de8', <Bool x0 != 0x0>, 'Taken')];[];['<BV64 x0>'];[];['<BV64 x0>'];[];[];0.0;1.8446744073709552e+19;18446744073709551615;1;;;True;1.0;1.8446744073709552e+19;18446744073709551614;1;;;True;ControlType.CONTROLLED;0;<BV64 x0>;64;[('0x1de8', <Bool x0 != 0x0>, 'Taken')];[];['<BV64 x0>'];[];['<BV64 x0>'];[];[];0.0;1.8446744073709552e+19;1.8446744073709552e+19;1.0;;;True;1.0;1.8446744073709552e+19;1.8446744073709552e+19;1.0;;;True;ControlType.CONTROLLED;0;<BV64 x0>;64;[];[];[];[];[];[];[];0;0;0;;;;False;0;0;0;;;;False;ControlType.UNKNOWN;0;[('0x1de8', <Bool x0 != 0x0>, 'Taken'), ('0x1e14', <Bool x1 >=s LOAD_64[<BV64 LOAD_64[<BV64 x0 + 0x8>]_23 + 0x8>]_24>, 'Taken'), ('0x1e24', <Bool x1 >=s (0xffffffff .. LOAD_32[<BV64 LOAD_64[<BV64 x0 + 0x8>]_23 + 0x10>]_25) + LOAD_64[<BV64 LOAD_64[<BV64 x0 + 0x8>]_23 + 0x8>]_24>, 'Taken')];{'regs': ['<BV64 x0>', '<BV64 x1>'], 'indirect_regs': [], 'direct_regs': ['<BV64 x0>', '<BV64 x1>'], 'mem': ['<BV64 LOAD_64[<BV64 x0 + 0x8>]_23 + 0x10>', '<BV64 LOAD_64[<BV64 x0 + 0x8>]_23 + 0x8>', '<BV64 x0 + 0x8>'], 'const_mem': []};[('0x1e18', <Bool LOAD_32[<BV64 LOAD_64[<BV64 x0 + 0x8>]_23 + 0x10>]_25[31:31] != 0>, 'ConditionType.SIGN_EXT')];"{'regs': ['<BV64 x0>'], 'indirect_regs': [""<BV64 x0>: ['0x8']""], 'direct_regs': [], 'mem': ['<BV64 LOAD_64[<BV64 x0 + 0x8>]_23 + 0x10>', '<BV64 x0 + 0x8>'], 'const_mem': []}";{'regs': ['<BV64 x0>'], 'indirect_regs': [], 'direct_regs': ['<BV64 x0>'], 'mem': ['<BV64 LOAD_64[<BV64 x0 + 0x8>]_23 + 0x10>', '<BV64 x0 + 0x8>'], 'const_mem': []};{'regs': ['<BV64 x0>', '<BV64 x1>'], 'indirect_regs': [], 'direct_regs': ['<BV64 x0>', '<BV64 x1>'], 'mem': ['<BV64 LOAD_64[<BV64 x0 + 0x8>]_23 + 0x10>', '<BV64 LOAD_64[<BV64 x0 + 0x8>]_23 + 0x8>', '<BV64 x0 + 0x8>'], 'const_mem': []};63.0;0.0;64.0;64.0;[];;;;BaseControlType.NO_BASE;BaseControlType.NO_BASE;BaseControlType.NO_BASE;3;BranchControlType.BRANCH_DEPENDS_ON_SECRET_VALUE;BranchControlType.BRANCH_INDEPENDENT_FROM_SECRET;7720;True;False;True;True;True;False;False;True;True;False;False;False;True;False;True;True;True;False;True;False;[];['has_valid_base'];True;False;True;True;True;False;False;True;True;False;False;False;True;False;True;True;True;False;True;False;[];['has_valid_base']
79fa7ccb-7598-4539-b409-433ab713df2f;initialize_error_table_r;0x1e74;0x1eb0;0x1ea4;TransmitterType.LOAD;19;2;False;['0x1e74', '0x1eb0', '0x1ea4', '0x1eac'];<BV64 0x8 + LOAD_64[<BV64 LOAD_64[<BV64 x0>]_22>]_36>;64;[('0x1ea8', <Bool LOAD_64[<BV64 LOAD_64[<BV64 x0>]_22>]_36 != 0x0>, 'Taken')];[];['<BV64 x0>'];"[""<BV64 x0>: ['0x0']""]";[];['<BV64 LOAD_64[<BV64 x0>]_22>', '<BV64 x0>'];[];0;18446744073709551615;18446744073709551615;1;;;True;9;7;18446744073709551614;1;;;True;ControlType.CONTROLLED;2;<BV64 0x8>;64;[];[];[];[];[];[];[];8.0;8.0;0.0;1.0;;;True;8.0;8.0;0.0;1.0;;;True;ControlType.NO_CONTROL;0;<BV64 0x8>;64;[];[];[];[];[];[];[];8;8;0;1.0;;;True;8.0;8.0;0.0;1.0;;;True;ControlType.NO_CONTROL;0;<BV64 LOAD_64[<BV64 LOAD_64[<BV64 x0>]_22>]_36>;64;[('0x1ea8', <Bool LOAD_64[<BV64 LOAD_64[<BV64 x0>]_22>]_36 != 0x0>, 'Taken')];[];['<BV64 x0>'];"[""<BV64 x0>: ['0x0']""]";[];['<BV64 LOAD_64[<BV64 x0>]_22>', '<BV64 x0>'];[];0.0;1.8446744073709552e+19;18446744073709551615;1;;;True;1.0;1.8446744073709552e+19;18446744073709551614;1;;;True;ControlType.CONTROLLED;2;<BV64 LOAD_64[<BV64 x0>]_22>;64;[('0x1e9c', <Bool LOAD_64[<BV64 x0>]_22 != 0x0>, 'Taken')];[];['<BV64 x0>'];"[""<BV64 x0>: ['0x0']""]";[];['<BV64 x0>'];[];0.0;1.8446744073709552e+19;1.8446744073709552e+19;1.0;;;True;1.0;1.8446744073709552e+19;1.8446744073709552e+19;1.0;;;True;ControlType.CONTROLLED;1;<BV64 LOAD_64[<BV64 LOAD_64[<BV64 x0>]_22>]_36>;64;[];[];[];[];[];[];[];0;0;0;;;;False;0;0;0;;;;False;ControlType.UNKNOWN;2;[('0x1e9c', <Bool LOAD_64[<BV64 x0>]_22 != 0x0>, 'Taken'), ('0x1ea8', <Bool LOAD_64[<BV64 LOAD_64[<BV64 x0>]_22>]_36 != 0x0>, 'Taken'), ('0x1ebc', <Bool LOAD_64[<BV64 LOAD_64[<BV64 LOAD_64[<BV64 x0>]_22 + 0x8>]_28>]_29 != x1>, 'Taken')];"{'regs': ['<BV64 x0>', '<BV64 x1>'], 'indirect_regs': [""<BV64 x0>: ['0x0', '0x0', '0x0']""], 'direct_regs': ['<BV64 x1>'], 'mem': ['<BV64 LOAD_64[<BV64 LOAD_64[<BV64 x0>]_22 + 0x8>]_28>', '<BV64 LOAD_64[<BV64 x0>]_22 + 0x8>', '<BV64 LOAD_64[<BV64 x0>]_22>', '<BV64 x0>'], 'const_mem': []}";[];{'regs': [], 'indirect_regs': [], 'direct_regs': [], 'mem': [], 'const_mem': []};"{'regs': ['<BV64 x0>'], 'indirect_regs': [""<BV64 x0>: ['0x0', '0x0']""], 'direct_regs': [], 'mem': ['<BV64 LOAD_64[<BV64 x0>]_22>', '<BV64 x0>'], 'const_mem': []}";"{'regs': ['<BV64 x0>', '<BV64 x1>'], 'indirect_regs': [""<BV64 x0>: ['0x0', '0x0', '0x0', '0x0', '0x0']""], 'direct_regs': ['<BV64 x1>'], 'mem': ['<BV64 LOAD_64[<BV64 LOAD_64[<BV64 x0>]_22 + 0x8>]_28>', '<BV64 LOAD_64[<BV64 x0>]_22 + 0x8>', '<BV64 LOAD_64[<BV64 x0>]_22>', '<BV64 x0>'], 'const_mem': []}";63.0;0.0;64.0;64.0;[];;;;BaseControlType.CONSTANT_BASE;BaseControlType.CONSTANT_BASE;BaseControlType.CONSTANT_BASE;3;BranchControlType.BRANCH_DEPENDS_ON_SECRET_VALUE;BranchControlType.BRANCH_INDEPENDENT_FROM_SECRET;7856;True;False;True;True;True;False;False;True;True;False;False;False;True;False;True;True;True;False;True;False;[];['has_valid_base'];True;False;True;True;True;False;False;True;True;False;False;False;True;False;True;True;True;False;True;False;[];['has_valid_base']
2ac13c99-6559-4461-918b-6d483cbbdfa9;com_right;0x1d84;0x1d98;0x1db8;TransmitterType.LOAD;16;1;False;['0x1d84', '0x1d94', '0x1da8', '0x1db8', '0x1d98'];<BV64 0x8 + LOAD_64[<BV64 x0>]_25>;64;[('0x1dbc', <Bool LOAD_64[<BV64 x0>]_25 != 0x0>, 'Taken')];[];['<BV64 x0>'];"[""<BV64 x0>: ['0x0']""]";[];['<BV64 x0>'];[];0;18446744073709551615;18446744073709551615;1;;;True;9;7;18446744073709551614;1;;;True;ControlType.CONTROLLED;1;<BV64 0x8>;64;[];[];[];[];[];[];[];8.0;8.0;0.0;1.0;;;True;8.0;8.0;0.0;1.0;;;True;ControlType.NO_CONTROL;0;<BV64 0x8>;64;[];[];[];[];[];[];[];8;8;0;1.0;;;True;8.0;8.0;0.0;1.0;;;True;ControlType.NO_CONTROL;0;<BV64 LOAD_64[<BV64 x0>]_25>;64;[('0x1dbc', <Bool LOAD_64[<BV64 x0>]_25 != 0x0>, 'Taken')];[];['<BV64 x0>'];"[""<BV64 x0>: ['0x0']""]";[];['<BV64 x0>'];[];0.0;1.8446744073709552e+19;18446744073709551615;1;;;True;1.0;1.8446744073709552e+19;18446744073709551614;1;;;True;ControlType.CONTROLLED;1;<BV64 x0>;64;[('0x1d90', <Bool x0 != 0x0>, 'Taken')];[];['<BV64 x0>'];[];['<BV64 x0>'];[];[];0.0;1.8446744073709552e+19;1.8446744073709552e+19;1.0;;;True;1.0;1.8446744073709552e+19;1.8446744073709552e+19;1.0;;;True;ControlType.CONTROLLED;0;<BV64 LOAD_64[<BV64 x0>]_25>;64;[];[];[];[];[];[];[];0;0;0;;;;False;0;0;0;;;;False;ControlType.UNKNOWN;1;[('0x1d90', <Bool x0 != 0x0>, 'Taken'), ('0x1da4', <Bool x1 >=s LOAD_64[<BV64 LOAD_64[<BV64 x0 + 0x8>]_22 + 0x8>]_23>, 'Taken'), ('0x1db4', <Bool x1 >=s (0xffffffff .. LOAD_32[<BV64 LOAD_64[<BV64 x0 + 0x8>]_22 + 0x10>]_24) + LOAD_64[<BV64 LOAD_64[<BV64 x0 + 0x8>]_22 + 0x8>]_23>, 'Taken'), ('0x1dbc', <Bool LOAD_64[<BV64 x0>]_25 != 0x0>, 'Taken')];{'regs': ['<BV64 x0>', '<BV64 x1>'], 'indirect_regs': [], 'direct_regs': ['<BV64 x0>', '<BV64 x1>'], 'mem': ['<BV64 LOAD_64[<BV64 x0 + 0x8>]_22 + 0x10>', '<BV64 LOAD_64[<BV64 x0 + 0x8>]_22 + 0x8>', '<BV64 x0 + 0x8>', '<BV64 x0>'], 'const_mem': []};[('0x1da8', <Bool LOAD_32[<BV64 LOAD_64[<BV64 x0 + 0x8>]_22 + 0x10>]_24[31:31] != 0>, 'ConditionType.SIGN_EXT')];"{'regs': ['<BV64 x0>'], 'indirect_regs': [""<BV64 x0>: ['0x8']""], 'direct_regs': [], 'mem': ['<BV64 LOAD_64[<BV64 x0 + 0x8>]_22 + 0x10>', '<BV64 x0 + 0x8>'], 'const_mem': []}";{'regs': ['<BV64 x0>'], 'indirect_regs': [], 'direct_regs': ['<BV64 x0>'], 'mem': ['<BV64 LOAD_64[<BV64 x0 + 0x8>]_22 + 0x10>', '<BV64 x0 + 0x8>', '<BV64 x0>'], 'const_mem': []};{'regs': ['<BV64 x0>', '<BV64 x1>'], 'indirect_regs': [], 'direct_regs': ['<BV64 x0>', '<BV64 x1>'], 'mem': ['<BV64 LOAD_64[<BV64 x0 + 0x8>]_22 + 0x10>', '<BV64 LOAD_64[<BV64 x0 + 0x8>]_22 + 0x8>', '<BV64 x0 + 0x8>', '<BV64 x0>'], 'const_mem': []};63.0;0.0;64.0;64.0;[];;;;BaseControlType.CONSTANT_BASE;BaseControlType.CONSTANT_BASE;BaseControlType.CONSTANT_BASE;4;BranchControlType.BRANCH_DEPENDS_ON_SECRET_VALUE;BranchControlType.BRANCH_INDEPENDENT_FROM_SECRET;7576;True;False;True;True;True;False;False;True;True;False;False;False;True;False;True;True;True;False;True;False;[];['has_valid_base'];True;False;True;True;True;False;False;True;True;False;False;False;True;False;True;True;True;False;True;False;[];['has_valid_base']
d10361a7-de6f-4788-a012-2a0a925ca437;com_right_r;0x1de4;0x1e08;0x1e28;TransmitterType.LOAD;20;1;False;['0x1de4', '0x1dec', '0x1e18', '0x1e28', '0x1e08'];<BV64 0x8 + LOAD_64[<BV64 x0>]_26>;64;[('0x1e2c', <Bool LOAD_64[<BV64 x0>]_26 != 0x0>, 'Taken')];[];['<BV64 x0>'];"[""<BV64 x0>: ['0x0']""]";[];['<BV64 x0>'];[];0;18446744073709551615;18446744073709551615;1;;;True;9;7;18446744073709551614;1;;;True;ControlType.CONTROLLED;1;<BV64 0x8>;64;[];[];[];[];[];[];[];8.0;8.0;0.0;1.0;;;True;8.0;8.0;0.0;1.0;;;True;ControlType.NO_CONTROL;0;<BV64 0x8>;64;[];[];[];[];[];[];[];8;8;0;1.0;;;True;8.0;8.0;0.0;1.0;;;True;ControlType.NO_CONTROL;0;<BV64 LOAD_64[<BV64 x0>]_26>;64;[('0x1e2c', <Bool LOAD_64[<BV64 x0>]_26 != 0x0>, 'Taken')];[];['<BV64 x0>'];"[""<BV64 x0>: ['0x0']""]";[];['<BV64 x0>'];[];0.0;1.8446744073709552e+19;18446744073709551615;1;;;True;1.0;1.8446744073709552e+19;18446744073709551614;1;;;True;ControlType.CONTROLLED;1;<BV64 x0>;64;[('0x1de8', <Bool x0 != 0x0>, 'Taken')];[];['<BV64 x0>'];[];['<BV64 x0>'];[];[];0.0;1.8446744073709552e+19;1.8446744073709552e+19;1.0;;;True;1.0;1.8446744073709552e+19;1.8446744073709552e+19;1.0;;;True;ControlType.CONTROLLED;0;<BV64 LOAD_64[<BV64 x0>]_26>;64;[];[];[];[];[];[];[];0;0;0;;;;False;0;0;0;;;;False;ControlType.UNKNOWN;1;[('0x1de8', <Bool x0 != 0x0>, 'Taken'), ('0x1e14', <Bool x1 >=s LOAD_64[<BV64 LOAD_64[<BV64 x0 + 0x8>]_23 + 0x8>]_24>, 'Taken'), ('0x1e24', <Bool x1 >=s (0xffffffff .. LOAD_32[<BV64 LOAD_64[<BV64 x0 + 0x8>]_23 + 0x10>]_25) + LOAD_64[<BV64 LOAD_64[<BV64 x0 + 0x8>]_23 + 0x8>]_24>, 'Taken'), ('0x1e2c', <Bool LOAD_64[<BV64 x0>]_26 != 0x0>, 'Taken')];{'regs': ['<BV64 x0>', '<BV64 x1>'], 'indirect_regs': [], 'direct_regs': ['<BV64 x0>', '<BV64 x1>'], 'mem': ['<BV64 LOAD_64[<BV64 x0 + 0x8>]_23 + 0x10>', '<BV64 LOAD_64[<BV64 x0 + 0x8>]_23 + 0x8>', '<BV64 x0 + 0x8>', '<BV64 x0>'], 'const_mem': []};[('0x1e18', <Bool LOAD_32[<BV64 LOAD_64[<BV64 x0 + 0x8>]_23 + 0x10>]_25[31:31] != 0>, 'ConditionType.SIGN_EXT')];"{'regs': ['<BV64 x0>'], 'indirect_regs': [""<BV64 x0>: ['0x8']""], 'direct_regs': [], 'mem': ['<BV64 LOAD_64[<BV64 x0 + 0x8>]_23 + 0x10>', '<BV64 x0 + 0x8>'], 'const_mem': []}";{'regs': ['<BV64 x0>'], 'indirect_regs': [], 'direct_regs': ['<BV64 x0>'], 'mem': ['<BV64 LOAD_64[<BV64 x0 + 0x8>]_23 + 0x10>', '<BV64 x0 + 0x8>', '<BV64 x0>'], 'const_mem': []};{'regs': ['<BV64 x0>', '<BV64 x1>'], 'indirect_regs': [], 'direct_regs': ['<BV64 x0>', '<BV64 x1>'], 'mem': ['<BV64 LOAD_64[<BV64 x0 + 0x8>]_23 + 0x10>', '<BV64 LOAD_64[<BV64 x0 + 0x8>]_23 + 0x8>', '<BV64 x0 + 0x8>', '<BV64 x0>'], 'const_mem': []};63.0;0.0;64.0;64.0;[];;;;BaseControlType.CONSTANT_BASE;BaseControlType.CONSTANT_BASE;BaseControlType.CONSTANT_BASE;4;BranchControlType.BRANCH_DEPENDS_ON_SECRET_VALUE;BranchControlType.BRANCH_INDEPENDENT_FROM_SECRET;7688;True;False;True;True;True;False;False;True;True;False;False;False;True;False;True;True;True;False;True;False;[];['has_valid_base'];True;False;True;True;True;False;False;True;True;False;False;False;True;False;True;True;True;False;True;False;[];['has_valid_base']
4aac9337-2376-4aa3-a486-63817c31bc80;initialize_error_table_r;0x1e74;0x1eb4;0x1eb0;TransmitterType.LOAD;20;3;False;['0x1e74', '0x1eb0', '0x1ea4', '0x1eac'];<BV64 LOAD_64[<BV64 LOAD_64[<BV64 LOAD_64[<BV64 x0>]_22>]_36 + 0x8>]_37>;64;[];[];['<BV64 x0>'];"[""<BV64 x0>: ['0x0']""]";[];['<BV64 LOAD_64[<BV64 LOAD_64[<BV64 x0>]_22>]_36 + 0x8>', '<BV64 LOAD_64[<BV64 x0>]_22>', '<BV64 x0>'];[];0;18446744073709551615;18446744073709551615;1;;;True;0;18446744073709551615;18446744073709551615;1;;;True;ControlType.CONTROLLED;3;;0;[];[];[];[];[];[];[];0.0;0.0;0.0;0.0;;;False;0.0;0.0;0.0;0.0;;;False;ControlType.UNKNOWN;0;;0;[];[];[];[];[];[];[];0;0;0;;;;False;0.0;0.0;0.0;0.0;;;False;ControlType.UNKNOWN;0;<BV64 LOAD_64[<BV64 LOAD_64[<BV64 LOAD_64[<BV64 x0>]_22>]_36 + 0x8>]_37>;64;[];[];['<BV64 x0>'];"[""<BV64 x0>: ['0x0']""]";[];['<BV64 LOAD_64[<BV64 LOAD_64[<BV64 x0>]_22>]_36 + 0x8>', '<BV64 LOAD_64[<BV64 x0>]_22>', '<BV64 x0>'];[];0.0;1.8446744073709552e+19;18446744073709551615;1;;;True;0.0;1.8446744073709552e+19;18446744073709551615;1;;;True;ControlType.CONTROLLED;3;<BV64 LOAD_64[<BV64 LOAD_64[<BV64 x0>]_22>]_36 + 0x8>;64;[('0x1ea8', <Bool LOAD_64[<BV64 LOAD_64[<BV64 x0>]_22>]_36 != 0x0>, 'Taken')];[];['<BV64 x0>'];"[""<BV64 x0>: ['0x0']""]";[];['<BV64 LOAD_64[<BV64 x0>]_22>', '<BV64 x0>'];[];0.0;1.8446744073709552e+19;1.8446744073709552e+19;1.0;;;True;9.0;7.0;1.8446744073709552e+19;1.0;;;True;ControlType.CONTROLLED;2;<BV64 LOAD_64[<BV64 LOAD_64[<BV64 LOAD_64[<BV64 x0>]_22>]_36 + 0x8>]_37>;64;[];[];[];[];[];[];[];0;0;0;;;;False;0;0;0;;;;False;ControlType.UNKNOWN;3;[('0x1e9c', <Bool LOAD_64[<BV64 x0>]_22 != 0x0>, 'Taken'), ('0x1ea8', <Bool LOAD_64[<BV64 LOAD_64[<BV64 x0>]_22>]_36 != 0x0>, 'Taken'), ('0x1ebc', <Bool LOAD_64[<BV64 LOAD_64[<BV64 LOAD_64[<BV64 x0>]_22 + 0x8>]_28>]_29 != x1>, 'Taken')];"{'regs': ['<BV64 x0>', '<BV64 x1>'], 'indirect_regs': [""<BV64 x0>: ['0x0', '0x0', '0x0']""], 'direct_regs': ['<BV64 x1>'], 'mem': ['<BV64 LOAD_64[<BV64 LOAD_64[<BV64 x0>]_22 + 0x8>]_28>', '<BV64 LOAD_64[<BV64 x0>]_22 + 0x8>', '<BV64 LOAD_64[<BV64 x0>]_22>', '<BV64 x0>'], 'const_mem': []}";[];{'regs': [], 'indirect_regs': [], 'direct_regs': [], 'mem': [], 'const_mem': []};"{'regs': ['<BV64 x0>'], 'indirect_regs': [""<BV64 x0>: ['0x0', '0x0']""], 'direct_regs': [], 'mem': ['<BV64 LOAD_64[<BV64 LOAD_64[<BV64 x0>]_22>]_36 + 0x8>', '<BV64 LOAD_64[<BV64 x0>]_22>', '<BV64 x0>'], 'const_mem': []}";"{'regs': ['<BV64 x0>', '<BV64 x1>'], 'indirect_regs': [""<BV64 x0>: ['0x0', '0x0', '0x0', '0x0', '0x0']""], 'direct_regs': ['<BV64 x1>'], 'mem': ['<BV64 LOAD_64[<BV64 LOAD_64[<BV64 x0>]_22 + 0x8>]_28>', '<BV64 LOAD_64[<BV64 LOAD_64[<BV64 x0>]_22>]_36 + 0x8>', '<BV64 LOAD_64[<BV64 x0>]_22 + 0x8>', '<BV64 LOAD_64[<BV64 x0>]_22>', '<BV64 x0>'], 'const_mem': []}";63.0;0.0;64.0;64.0;[];;;;BaseControlType.NO_BASE;BaseControlType.NO_BASE;BaseControlType.NO_BASE;3;BranchControlType.BRANCH_DEPENDS_ON_SECRET_ADDRESS;BranchControlType.BRANCH_INDEPENDENT_FROM_SECRET;7860;True;False;True;True;True;False;False;True;True;False;False;False;True;False;True;True;True;False;True;False;[];['has_valid_base'];True;False;True;True;True;False;False;True;True;False;False;False;True;False;True;True;True;False;True;False;[];['has_valid_base']
bf8f7247-506e-422c-acac-127646a8a17a;com_right;0x1d84;0x1d9c;0x1d98;TransmitterType.LOAD;17;2;False;['0x1d84', '0x1d94', '0x1da8', '0x1db8', '0x1d98'];<BV64 0x8 + LOAD_64[<BV64 LOAD_64[<BV64 x0>]_25 + 0x8>]_28>;64;[];[];['<BV64 x0>'];"[""<BV64 x0>: ['0x0']""]";[];['<BV64 LOAD_64[<BV64 x0>]_25 + 0x8>', '<BV64 x0>'];[];0;18446744073709551615;18446744073709551615;1;;;True;0;18446744073709551615;18446744073709551615;1;;;True;ControlType.CONTROLLED;2;<BV64 0x8>;64;[];[];[];[];[];[];[];8.0;8.0;0.0;1.0;;;True;8.0;8.0;0.0;1.0;;;True;ControlType.NO_CONTROL;0;<BV64 0x8>;64;[];[];[];[];[];[];[];8;8;0;1.0;;;True;8.0;8.0;0.0;1.0;;;True;ControlType.NO_CONTROL;0;<BV64 LOAD_64[<BV64 LOAD_64[<BV64 x0>]_25 + 0x8>]_28>;64;[];[];['<BV64 x0>'];"[""<BV64 x0>: ['0x0']""]";[];['<BV64 LOAD_64[<BV64 x0>]_25 + 0x8>', '<BV64 x0>'];[];0.0;1.8446744073709552e+19;18446744073709551615;1;;;True;0.0;1.8446744073709552e+19;18446744073709551615;1;;;True;ControlType.CONTROLLED;2;<BV64 LOAD_64[<BV64 x0>]_25 + 0x8>;64;[('0x1dbc', <Bool LOAD_64[<BV64 x0>]_25 != 0x0>, 'Taken')];[];['<BV64 x0>'];"[""<BV64 x0>: ['0x0']""]";[];['<BV64 x0>'];[];0.0;1.8446744073709552e+19;1.8446744073709552e+19;1.0;;;True;9.0;7.0;1.8446744073709552e+19;1.0;;;True;ControlType.CONTROLLED;1;<BV64 LOAD_64[<BV64 LOAD_64[<BV64 x0>]_25 + 0x8>]_28>;64;[];[];[];[];[];[];[];0;0;0;;;;False;0;0;0;;;;False;ControlType.UNKNOWN;2;[('0x1d90', <Bool x0 != 0x0>, 'Taken'), ('0x1da4', <Bool x1 >=s LOAD_64[<BV64 LOAD_64[<BV64 x0 + 0x8>]_22 + 0x8>]_23>, 'Taken'), ('0x1db4', <Bool x1 >=s (0xffffffff .. LOAD_32[<BV64 LOAD_64[<BV64 x0 + 0x8>]_22 + 0x10>]_24) + LOAD_64[<BV64 LOAD_64[<BV64 x0 + 0x8>]_22 + 0x8>]_23>, 'Taken'), ('0x1dbc', <Bool LOAD_64[<BV64 x0>]_25 != 0x0>, 'Taken')];{'regs': ['<BV64 x0>', '<BV64 x1>'], 'indirect_regs': [], 'direct_regs': ['<BV64 x0>', '<BV64 x1>'], 'mem': ['<BV64 LOAD_64[<BV64 x0 + 0x8>]_22 + 0x10>', '<BV64 LOAD_64[<BV64 x0 + 0x8>]_22 + 0x8>', '<BV64 x0 + 0x8>', '<BV64 x0>'], 'const_mem': []};[('0x1da8', <Bool LOAD_32[<BV64 LOAD_64[<BV64 x0 + 0x8>]_22 + 0x10>]_24[31:31] != 0>, 'ConditionType.SIGN_EXT')];"{'regs': ['<BV64 x0>'], 'indirect_regs': [""<BV64 x0>: ['0x8']""], 'direct_regs': [], 'mem': ['<BV64 LOAD_64[<BV64 x0 + 0x8>]_22 + 0x10>', '<BV64 x0 + 0x8>'], 'const_mem': []}";"{'regs': ['<BV64 x0>'], 'indirect_regs': [""<BV64 x0>: ['0x0', '0x0', '0x8']""], 'direct_regs': [], 'mem': ['<BV64 LOAD_64[<BV64 x0 + 0x8>]_22 + 0x10>', '<BV64 LOAD_64[<BV64 x0>]_25 + 0x8>', '<BV64 x0 + 0x8>', '<BV64 x0>'], 'const_mem': []}";{'regs': ['<BV64 x0>', '<BV64 x1>'], 'indirect_regs': [], 'direct_regs': ['<BV64 x0>', '<BV64 x1>'], 'mem': ['<BV64 LOAD_64[<BV64 x0 + 0x8>]_22 + 0x10>', '<BV64 LOAD_64[<BV64 x0 + 0x8>]_22 + 0x8>', '<BV64 LOAD_64[<BV64 x0>]_25 + 0x8>', '<BV64 x0 + 0x8>', '<BV64 x0>'], 'const_mem': []};63.0;0.0;64.0;64.0;[];;;;BaseControlType.CONSTANT_BASE;BaseControlType.CONSTANT_BASE;BaseControlType.CONSTANT_BASE;4;BranchControlType.BRANCH_DEPENDS_ON_SECRET_ADDRESS;BranchControlType.BRANCH_INDEPENDENT_FROM_SECRET;7580;True;False;True;True;True;False;False;True;True;False;False;False;True;False;True;True;True;False;True;False;[];['has_valid_base'];True;False;True;True;True;False;False;True;True;False;False;False;True;False;True;True;True;False;True;False;[];['has_valid_base']
d2975e0e-611f-429a-9079-a0f4025db42b;com_right_r;0x1de4;0x1e0c;0x1e08;TransmitterType.LOAD;21;2;False;['0x1de4', '0x1dec', '0x1e18', '0x1e28', '0x1e08'];<BV64 0x8 + LOAD_64[<BV64 LOAD_64[<BV64 x0>]_26 + 0x8>]_30>;64;[];[];['<BV64 x0>'];"[""<BV64 x0>: ['0x0']""]";[];['<BV64 LOAD_64[<BV64 x0>]_26 + 0x8>', '<BV64 x0>'];[];0;18446744073709551615;18446744073709551615;1;;;True;0;18446744073709551615;18446744073709551615;1;;;True;ControlType.CONTROLLED;2;<BV64 0x8>;64;[];[];[];[];[];[];[];8.0;8.0;0.0;1.0;;;True;8.0;8.0;0.0;1.0;;;True;ControlType.NO_CONTROL;0;<BV64 0x8>;64;[];[];[];[];[];[];[];8;8;0;1.0;;;True;8.0;8.0;0.0;1.0;;;True;ControlType.NO_CONTROL;0;<BV64 LOAD_64[<BV64 LOAD_64[<BV64 x0>]_26 + 0x8>]_30>;64;[];[];['<BV64 x0>'];"[""<BV64 x0>: ['0x0']""]";[];['<BV64 LOAD_64[<BV64 x0>]_26 + 0x8>', '<BV64 x0>'];[];0.0;1.8446744073709552e+19;18446744073709551615;1;;;True;0.0;1.8446744073709552e+19;18446744073709551615;1;;;True;ControlType.CONTROLLED;2;<BV64 LOAD_64[<BV64 x0>]_26 + 0x8>;64;[('0x1e2c', <Bool LOAD_64[<BV64 x0>]_26 != 0x0>, 'Taken')];[];['<BV64 x0>'];"[""<BV64 x0>: ['0x0']""]";[];['<BV64 x0>'];[];0.0;1.8446744073709552e+19;1.8446744073709552e+19;1.0;;;True;9.0;7.0;1.8446744073709552e+19;1.0;;;True;ControlType.CONTROLLED;1;<BV64 LOAD_64[<BV64 LOAD_64[<BV64 x0>]_26 + 0x8>]_30>;64;[];[];[];[];[];[];[];0;0;0;;;;False;0;0;0;;;;False;ControlType.UNKNOWN;2;[('0x1de8', <Bool x0 != 0x0>, 'Taken'), ('0x1e14', <Bool x1 >=s LOAD_64[<BV64 LOAD_64[<BV64 x0 + 0x8>]_23 + 0x8>]_24>, 'Taken'), ('0x1e24', <Bool x1 >=s (0xffffffff .. LOAD_32[<BV64 LOAD_64[<BV64 x0 + 0x8>]_23 + 0x10>]_25) + LOAD_64[<BV64 LOAD_64[<BV64 x0 + 0x8>]_23 + 0x8>]_24>, 'Taken'), ('0x1e2c', <Bool LOAD_64[<BV64 x0>]_26 != 0x0>, 'Taken')];{'regs': ['<BV64 x0>', '<BV64 x1>'], 'indirect_regs': [], 'direct_regs': ['<BV64 x0>', '<BV64 x1>'], 'mem': ['<BV64 LOAD_64[<BV64 x0 + 0x8>]_23 + 0x10>', '<BV64 LOAD_64[<BV64 x0 + 0x8>]_23 + 0x8>', '<BV64 x0 + 0x8>', '<BV64 x0>'], 'const_mem': []};[('0x1e18', <Bool LOAD_32[<BV64 LOAD_64[<BV64 x0 + 0x8>]_23 + 0x10>]_25[31:31] != 0>, 'ConditionType.SIGN_EXT')];"{'regs': ['<BV64 x0>'], 'indirect_regs': [""<BV64 x0>: ['0x8']""], 'direct_regs': [], 'mem': ['<BV64 LOAD_64[<BV64 x0 + 0x8>]_23 + 0x10>', '<BV64 x0 + 0x8>'], 'const_mem': []}";"{'regs': ['<BV64 x0>'], 'indirect_regs': [""<BV64 x0>: ['0x0', '0x0', '0x8']""], 'direct_regs': [], 'mem': ['<BV64 LOAD_64[<BV64 x0 + 0x8>]_23 + 0x10>', '<BV64 LOAD_64[<BV64 x0>]_26 + 0x8>', '<BV64 x0 + 0x8>', '<BV64 x0>'], 'const_mem': []}";{'regs': ['<BV64 x0>', '<BV64 x1>'], 'indirect_regs': [], 'direct_regs': ['<BV64 x0>', '<BV64 x1>'], 'mem': ['<BV64 LOAD_64[<BV64 x0 + 0x8>]_23 + 0x10>', '<BV64 LOAD_64[<BV64 x0 + 0x8>]_23 + 0x8>', '<BV64 LOAD_64[<BV64 x0>]_26 + 0x8>', '<BV64 x0 + 0x8>', '<BV64 x0>'], 'const_mem': []};63.0;0.0;64.0;64.0;[];;;;BaseControlType.CONSTANT_BASE;BaseControlType.CONSTANT_BASE;BaseControlType.CONSTANT_BASE;4;BranchControlType.BRANCH_DEPENDS_ON_SECRET_ADDRESS;BranchControlType.BRANCH_INDEPENDENT_FROM_SECRET;7692;True;False;True;True;True;False;False;True;True;False;False;False;True;False;True;True;True;False;True;False;[];['has_valid_base'];True;False;True;True;True;False;False;True;True;False;False;False;True;False;True;True;True;False;True;False;[];['has_valid_base']
820805b4-a638-4ef0-a8db-95c7930b7440;initialize_error_table_r;0x1e74;0x1ea4;0x1ea4;TransmitterType.LOAD;23;2;False;['0x1e74', '0x1eb0', '0x1ea4', '0x1eac', '0x1ea4'];<BV64 LOAD_64[<BV64 LOAD_64[<BV64 x0>]_22>]_36>;64;[('0x1ea8', <Bool LOAD_64[<BV64 LOAD_64[<BV64 x0>]_22>]_36 != 0x0>, 'Taken')];[];['<BV64 x0>'];"[""<BV64 x0>: ['0x0']""]";[];['<BV64 LOAD_64[<BV64 x0>]_22>', '<BV64 x0>'];[];0;18446744073709551615;18446744073709551615;1;;;True;1;18446744073709551615;18446744073709551614;1;;;True;ControlType.CONTROLLED;2;;0;[];[];[];[];[];[];[];0.0;0.0;0.0;0.0;;;False;0.0;0.0;0.0;0.0;;;False;ControlType.UNKNOWN;0;;0;[];[];[];[];[];[];[];0;0;0;;;;False;0.0;0.0;0.0;0.0;;;False;ControlType.UNKNOWN;0;<BV64 LOAD_64[<BV64 LOAD_64[<BV64 x0>]_22>]_36>;64;[('0x1ea8', <Bool LOAD_64[<BV64 LOAD_64[<BV64 x0>]_22>]_36 != 0x0>, 'Taken')];[];['<BV64 x0>'];"[""<BV64 x0>: ['0x0']""]";[];['<BV64 LOAD_64[<BV64 x0>]_22>', '<BV64 x0>'];[];0.0;1.8446744073709552e+19;18446744073709551615;1;;;True;1.0;1.8446744073709552e+19;18446744073709551614;1;;;True;ControlType.CONTROLLED;2;<BV64 LOAD_64[<BV64 x0>]_22>;64;[('0x1e9c', <Bool LOAD_64[<BV64 x0>]_22 != 0x0>, 'Taken')];[];['<BV64 x0>'];"[""<BV64 x0>: ['0x0']""]";[];['<BV64 x0>'];[];0.0;1.8446744073709552e+19;1.8446744073709552e+19;1.0;;;True;1.0;1.8446744073709552e+19;1.8446744073709552e+19;1.0;;;True;ControlType.CONTROLLED;1;<BV64 LOAD_64[<BV64 LOAD_64[<BV64 x0>]_22>]_36>;64;[];[];[];[];[];[];[];0;0;0;;;;False;0;0;0;;;;False;ControlType.UNKNOWN;2;[('0x1e9c', <Bool LOAD_64[<BV64 x0>]_22 != 0x0>, 'Taken'), ('0x1ea8', <Bool LOAD_64[<BV64 LOAD_64[<BV64 x0>]_22>]_36 != 0x0>, 'Taken'), ('0x1ebc', <Bool LOAD_64[<BV64 LOAD_64[<BV64 LOAD_64[<BV64 x0>]_22 + 0x8>]_28>]_29 != x1>, 'Taken'), ('0x1ebc', <Bool LOAD_64[<BV64 LOAD_64[<BV64 LOAD_64[<BV64 LOAD_64[<BV64 x0>]_22>]_36 + 0x8>]_37>]_38 != x1>, 'Taken')];"{'regs': ['<BV64 x0>', '<BV64 x1>'], 'indirect_regs': [""<BV64 x0>: ['0x0', '0x0', '0x0', '0x0']""], 'direct_regs': ['<BV64 x1>'], 'mem': ['<BV64 LOAD_64[<BV64 LOAD_64[<BV64 LOAD_64[<BV64 x0>]_22>]_36 + 0x8>]_37>', '<BV64 LOAD_64[<BV64 LOAD_64[<BV64 x0>]_22 + 0x8>]_28>', '<BV64 LOAD_64[<BV64 LOAD_64[<BV64 x0>]_22>]_36 + 0x8>', '<BV64 LOAD_64[<BV64 x0>]_22 + 0x8>', '<BV64 LOAD_64[<BV64 x0>]_22>', '<BV64 x0>'], 'const_mem': []}";[];{'regs': [], 'indirect_regs': [], 'direct_regs': [], 'mem': [], 'const_mem': []};"{'regs': ['<BV64 x0>'], 'indirect_regs': [""<BV64 x0>: ['0x0', '0x0']""], 'direct_regs': [], 'mem': ['<BV64 LOAD_64[<BV64 x0>]_22>', '<BV64 x0>'], 'const_mem': []}";"{'regs': ['<BV64 x0>', '<BV64 x1>'], 'indirect_regs': [""<BV64 x0>: ['0x0', '0x0', '0x0', '0x0', '0x0', '0x0']""], 'direct_regs': ['<BV64 x1>'], 'mem': ['<BV64 LOAD_64[<BV64 LOAD_64[<BV64 LOAD_64[<BV64 x0>]_22>]_36 + 0x8>]_37>', '<BV64 LOAD_64[<BV64 LOAD_64[<BV64 x0>]_22 + 0x8>]_28>', '<BV64 LOAD_64[<BV64 LOAD_64[<BV64 x0>]_22>]_36 + 0x8>', '<BV64 LOAD_64[<BV64 x0>]_22 + 0x8>', '<BV64 LOAD_64[<BV64 x0>]_22>', '<BV64 x0>'], 'const_mem': []}";63.0;0.0;64.0;64.0;[];;;;BaseControlType.NO_BASE;BaseControlType.NO_BASE;BaseControlType.NO_BASE;4;BranchControlType.BRANCH_DEPENDS_ON_SECRET_VALUE;BranchControlType.BRANCH_INDEPENDENT_FROM_SECRET;7844;True;False;True;True;True;False;False;True;True;False;False;False;True;False;True;True;True;False;True;False;[];['has_valid_base'];True;False;True;True;True;False;False;True;True;False;False;False;True;False;True;True;True;False;True;False;[];['has_valid_base']
524adcad-520f-4e11-92f5-215446910610;com_right;0x1d84;0x1db8;0x0;TransmitterType.LOAD;14;0;False;['0x1d84', '0x1d94', '0x1da8', '0x1db8'];<BV64 x0>;64;[('0x1d90', <Bool x0 != 0x0>, 'Taken')];[];['<BV64 x0>'];[];['<BV64 x0>'];[];[];0;18446744073709551615;18446744073709551615;1;;;True;1;18446744073709551615;18446744073709551614;1;;;True;ControlType.CONTROLLED;0;;0;[];[];[];[];[];[];[];0.0;0.0;0.0;0.0;;;False;0.0;0.0;0.0;0.0;;;False;ControlType.UNKNOWN;0;;0;[];[];[];[];[];[];[];0;0;0;;;;False;0.0;0.0;0.0;0.0;;;False;ControlType.UNKNOWN;0;<BV64 x0>;64;[('0x1d90', <Bool x0 != 0x0>, 'Taken')];[];['<BV64 x0>'];[];['<BV64 x0>'];[];[];0.0;1.8446744073709552e+19;18446744073709551615;1;;;True;1.0;1.8446744073709552e+19;18446744073709551614;1;;;True;ControlType.CONTROLLED;0;<BV64 x0>;64;[('0x1d90', <Bool x0 != 0x0>, 'Taken')];[];['<BV64 x0>'];[];['<BV64 x0>'];[];[];0.0;1.8446744073709552e+19;1.8446744073709552e+19;1.0;;;True;1.0;1.8446744073709552e+19;1.8446744073709552e+19;1.0;;;True;ControlType.CONTROLLED;0;<BV64 x0>;64;[];[];[];[];[];[];[];0;0;0;;;;False;0;0;0;;;;False;ControlType.UNKNOWN;0;[('0x1d90', <Bool x0 != 0x0>, 'Taken'), ('0x1da4', <Bool x1 >=s LOAD_64[<BV64 LOAD_64[<BV64 x0 + 0x8>]_22 + 0x8>]_23>, 'Taken'), ('0x1db4', <Bool x1 >=s (0x0 .. LOAD_32[<BV64 LOAD_64[<BV64 x0 + 0x8>]_22 + 0x10>]_24) + LOAD_64[<BV64 LOAD_64[<BV64 x0 + 0x8>]_22 + 0x8>]_23>, 'Taken')];{'regs': ['<BV64 x0>', '<BV64 x1>'], 'indirect_regs': [], 'direct_regs': ['<BV64 x0>', '<BV64 x1>'], 'mem': ['<BV64 LOAD_64[<BV64 x0 + 0x8>]_22 + 0x10>', '<BV64 LOAD_64[<BV64 x0 + 0x8>]_22 + 0x8>', '<BV64 x0 + 0x8>'], 'const_mem': []};[('0x1da8', <Bool LOAD_32[<BV64 LOAD_64[<BV64 x0 + 0x8>]_22 + 0x10>]_24[31:31] == 0>, 'ConditionType.SIGN_EXT')];"{'regs': ['<BV64 x0>'], 'indirect_regs': [""<BV64 x0>: ['0x8']""], 'direct_regs': [], 'mem': ['<BV64 LOAD_64[<BV64 x0 + 0x8>]_22 + 0x10>', '<BV64 x0 + 0x8>'], 'const_mem': []}";{'regs': ['<BV64 x0>'], 'indirect_regs': [], 'direct_regs': ['<BV64 x0>'], 'mem': ['<BV64 LOAD_64[<BV64 x0 + 0x8>]_22 + 0x10>', '<BV64 x0 + 0x8>'], 'const_mem': []};{'regs': ['<BV64 x0>', '<BV64 x1>'], 'indirect_regs': [], 'direct_regs': ['<BV64 x0>', '<BV64 x1>'], 'mem': ['<BV64 LOAD_64[<BV64 x0 + 0x8>]_22 + 0x10>', '<BV64 LOAD_64[<BV64 x0 + 0x8>]_22 + 0x8>', '<BV64 x0 + 0x8>'], 'const_mem': []};63.0;0.0;64.0;64.0;[];;;;BaseControlType.NO_BASE;BaseControlType.NO_BASE;BaseControlType.NO_BASE;3;BranchControlType.BRANCH_DEPENDS_ON_SECRET_VALUE;BranchControlType.BRANCH_INDEPENDENT_FROM_SECRET;7608;True;False;True;True;True;False;False;True;True;False;False;False;True;False;True;True;True;False;True;False;[];['has_valid_base'];True;False;True;True;True;False;False;True;True;False;False;False;True;False;True;True;True;False;True;False;[];['has_valid_base']
b1cf88d5-391e-41cd-a427-24d908bbca8e;com_right_r;0x1de4;0x1e28;0x0;TransmitterType.LOAD;18;0;False;['0x1de4', '0x1dec', '0x1e18', '0x1e28'];<BV64 x0>;64;[('0x1de8', <Bool x0 != 0x0>, 'Taken')];[];['<BV64 x0>'];[];['<BV64 x0>'];[];[];0;18446744073709551615;18446744073709551615;1;;;True;1;18446744073709551615;18446744073709551614;1;;;True;ControlType.CONTROLLED;0;;0;[];[];[];[];[];[];[];0.0;0.0;0.0;0.0;;;False;0.0;0.0;0.0;0.0;;;False;ControlType.UNKNOWN;0;;0;[];[];[];[];[];[];[];0;0;0;;;;False;0.0;0.0;0.0;0.0;;;False;ControlType.UNKNOWN;0;<BV64 x0>;64;[('0x1de8', <Bool x0 != 0x0>, 'Taken')];[];['<BV64 x0>'];[];['<BV64 x0>'];[];[];0.0;1.8446744073709552e+19;18446744073709551615;1;;;True;1.0;1.8446744073709552e+19;18446744073709551614;1;;;True;ControlType.CONTROLLED;0;<BV64 x0>;64;[('0x1de8', <Bool x0 != 0x0>, 'Taken')];[];['<BV64 x0>'];[];['<BV64 x0>'];[];[];0.0;1.8446744073709552e+19;1.8446744073709552e+19;1.0;;;True;1.0;1.8446744073709552e+19;1.8446744073709552e+19;1.0;;;True;ControlType.CONTROLLED;0;<BV64 x0>;64;[];[];[];[];[];[];[];0;0;0;;;;False;0;0;0;;;;False;ControlType.UNKNOWN;0;[('0x1de8', <Bool x0 != 0x0>, 'Taken'), ('0x1e14', <Bool x1 >=s LOAD_64[<BV64 LOAD_64[<BV64 x0 + 0x8>]_23 + 0x8>]_24>, 'Taken'), ('0x1e24', <Bool x1 >=s (0x0 .. LOAD_32[<BV64 LOAD_64[<BV64 x0 + 0x8>]_23 + 0x10>]_25) + LOAD_64[<BV64 LOAD_64[<BV64 x0 + 0x8>]_23 + 0x8>]_24>, 'Taken')];{'regs': ['<BV64 x0>', '<BV64 x1>'], 'indirect_regs': [], 'direct_regs': ['<BV64 x0>', '<BV64 x1>'], 'mem': ['<BV64 LOAD_64[<BV64 x0 + 0x8>]_23 + 0x10>', '<BV64 LOAD_64[<BV64 x0 + 0x8>]_23 + 0x8>', '<BV64 x0 + 0x8>'], 'const_mem': []};[('0x1e18', <Bool LOAD_32[<BV64 LOAD_64[<BV64 x0 + 0x8>]_23 + 0x10>]_25[31:31] == 0>, 'ConditionType.SIGN_EXT')];"{'regs': ['<BV64 x0>'], 'indirect_regs': [""<BV64 x0>: ['0x8']""], 'direct_regs': [], 'mem': ['<BV64 LOAD_64[<BV64 x0 + 0x8>]_23 + 0x10>', '<BV64 x0 + 0x8>'], 'const_mem': []}";{'regs': ['<BV64 x0>'], 'indirect_regs': [], 'direct_regs': ['<BV64 x0>'], 'mem': ['<BV64 LOAD_64[<BV64 x0 + 0x8>]_23 + 0x10>', '<BV64 x0 + 0x8>'], 'const_mem': []};{'regs': ['<BV64 x0>', '<BV64 x1>'], 'indirect_regs': [], 'direct_regs': ['<BV64 x0>', '<BV64 x1>'], 'mem': ['<BV64 LOAD_64[<BV64 x0 + 0x8>]_23 + 0x10>', '<BV64 LOAD_64[<BV64 x0 + 0x8>]_23 + 0x8>', '<BV64 x0 + 0x8>'], 'const_mem': []};63.0;0.0;64.0;64.0;[];;;;BaseControlType.NO_BASE;BaseControlType.NO_BASE;BaseControlType.NO_BASE;3;BranchControlType.BRANCH_DEPENDS_ON_SECRET_VALUE;BranchControlType.BRANCH_INDEPENDENT_FROM_SECRET;7720;True;False;True;True;True;False;False;True;True;False;False;False;True;False;True;True;True;False;True;False;[];['has_valid_base'];True;False;True;True;True;False;False;True;True;False;False;False;True;False;True;True;True;False;True;False;[];['has_valid_base']
15baa58b-8b16-43a5-84ad-3b238c167e8b;com_right;0x1d84;0x1d98;0x1db8;TransmitterType.LOAD;16;1;False;['0x1d84', '0x1d94', '0x1da8', '0x1db8', '0x1d98'];<BV64 0x8 + LOAD_64[<BV64 x0>]_30>;64;[('0x1dbc', <Bool LOAD_64[<BV64 x0>]_30 != 0x0>, 'Taken')];[];['<BV64 x0>'];"[""<BV64 x0>: ['0x0']""]";[];['<BV64 x0>'];[];0;18446744073709551615;18446744073709551615;1;;;True;9;7;18446744073709551614;1;;;True;ControlType.CONTROLLED;1;<BV64 0x8>;64;[];[];[];[];[];[];[];8.0;8.0;0.0;1.0;;;True;8.0;8.0;0.0;1.0;;;True;ControlType.NO_CONTROL;0;<BV64 0x8>;64;[];[];[];[];[];[];[];8;8;0;1.0;;;True;8.0;8.0;0.0;1.0;;;True;ControlType.NO_CONTROL;0;<BV64 LOAD_64[<BV64 x0>]_30>;64;[('0x1dbc', <Bool LOAD_64[<BV64 x0>]_30 != 0x0>, 'Taken')];[];['<BV64 x0>'];"[""<BV64 x0>: ['0x0']""]";[];['<BV64 x0>'];[];0.0;1.8446744073709552e+19;18446744073709551615;1;;;True;1.0;1.8446744073709552e+19;18446744073709551614;1;;;True;ControlType.CONTROLLED;1;<BV64 x0>;64;[('0x1d90', <Bool x0 != 0x0>, 'Taken')];[];['<BV64 x0>'];[];['<BV64 x0>'];[];[];0.0;1.8446744073709552e+19;1.8446744073709552e+19;1.0;;;True;1.0;1.8446744073709552e+19;1.8446744073709552e+19;1.0;;;True;ControlType.CONTROLLED;0;<BV64 LOAD_64[<BV64 x0>]_30>;64;[];[];[];[];[];[];[];0;0;0;;;;False;0;0;0;;;;False;ControlType.UNKNOWN;1;[('0x1d90', <Bool x0 != 0x0>, 'Taken'), ('0x1da4', <Bool x1 >=s LOAD_64[<BV64 LOAD_64[<BV64 x0 + 0x8>]_22 + 0x8>]_23>, 'Taken'), ('0x1db4', <Bool x1 >=s (0x0 .. LOAD_32[<BV64 LOAD_64[<BV64 x0 + 0x8>]_22 + 0x10>]_24) + LOAD_64[<BV64 LOAD_64[<BV64 x0 + 0x8>]_22 + 0x8>]_23>, 'Taken'), ('0x1dbc', <Bool LOAD_64[<BV64 x0>]_30 != 0x0>, 'Taken')];{'regs': ['<BV64 x0>', '<BV64 x1>'], 'indirect_regs': [], 'direct_regs': ['<BV64 x0>', '<BV64 x1>'], 'mem': ['<BV64 LOAD_64[<BV64 x0 + 0x8>]_22 + 0x10>', '<BV64 LOAD_64[<BV64 x0 + 0x8>]_22 + 0x8>', '<BV64 x0 + 0x8>', '<BV64 x0>'], 'const_mem': []};[('0x1da8', <Bool LOAD_32[<BV64 LOAD_64[<BV64 x0 + 0x8>]_22 + 0x10>]_24[31:31] == 0>, 'ConditionType.SIGN_EXT')];"{'regs': ['<BV64 x0>'], 'indirect_regs': [""<BV64 x0>: ['0x8']""], 'direct_regs': [], 'mem': ['<BV64 LOAD_64[<BV64 x0 + 0x8>]_22 + 0x10>', '<BV64 x0 + 0x8>'], 'const_mem': []}";{'regs': ['<BV64 x0>'], 'indirect_regs': [], 'direct_regs': ['<BV64 x0>'], 'mem': ['<BV64 LOAD_64[<BV64 x0 + 0x8>]_22 + 0x10>', '<BV64 x0 + 0x8>', '<BV64 x0>'], 'const_mem': []};{'regs': ['<BV64 x0>', '<BV64 x1>'], 'indirect_regs': [], 'direct_regs': ['<BV64 x0>', '<BV64 x1>'], 'mem': ['<BV64 LOAD_64[<BV64 x0 + 0x8>]_22 + 0x10>', '<BV64 LOAD_64[<BV64 x0 + 0x8>]_22 + 0x8>', '<BV64 x0 + 0x8>', '<BV64 x0>'], 'const_mem': []};63.0;0.0;64.0;64.0;[];;;;BaseControlType.CONSTANT_BASE;BaseControlType.CONSTANT_BASE;BaseControlType.CONSTANT_BASE;4;BranchControlType.BRANCH_DEPENDS_ON_SECRET_VALUE;BranchControlType.BRANCH_INDEPENDENT_FROM_SECRET;7576;True;False;True;True;True;False;False;True;True;False;False;False;True;False;True;True;True;False;True;False;[];['has_valid_base'];True;False;True;True;True;False;False;True;True;False;False;False;True;False;True;True;True;False;True;False;[];['has_valid_base']
7dafc71d-7e8e-4bf2-8f1b-bd98eb0a825f;com_right_r;0x1de4;0x1e08;0x1e28;TransmitterType.LOAD;20;1;False;['0x1de4', '0x1dec', '0x1e18', '0x1e28', '0x1e08'];<BV64 0x8 + LOAD_64[<BV64 x0>]_32>;64;[('0x1e2c', <Bool LOAD_64[<BV64 x0>]_32 != 0x0>, 'Taken')];[];['<BV64 x0>'];"[""<BV64 x0>: ['0x0']""]";[];['<BV64 x0>'];[];0;18446744073709551615;18446744073709551615;1;;;True;9;7;18446744073709551614;1;;;True;ControlType.CONTROLLED;1;<BV64 0x8>;64;[];[];[];[];[];[];[];8.0;8.0;0.0;1.0;;;True;8.0;8.0;0.0;1.0;;;True;ControlType.NO_CONTROL;0;<BV64 0x8>;64;[];[];[];[];[];[];[];8;8;0;1.0;;;True;8.0;8.0;0.0;1.0;;;True;ControlType.NO_CONTROL;0;<BV64 LOAD_64[<BV64 x0>]_32>;64;[('0x1e2c', <Bool LOAD_64[<BV64 x0>]_32 != 0x0>, 'Taken')];[];['<BV64 x0>'];"[""<BV64 x0>: ['0x0']""]";[];['<BV64 x0>'];[];0.0;1.8446744073709552e+19;18446744073709551615;1;;;True;1.0;1.8446744073709552e+19;18446744073709551614;1;;;True;ControlType.CONTROLLED;1;<BV64 x0>;64;[('0x1de8', <Bool x0 != 0x0>, 'Taken')];[];['<BV64 x0>'];[];['<BV64 x0>'];[];[];0.0;1.8446744073709552e+19;1.8446744073709552e+19;1.0;;;True;1.0;1.8446744073709552e+19;1.8446744073709552e+19;1.0;;;True;ControlType.CONTROLLED;0;<BV64 LOAD_64[<BV64 x0>]_32>;64;[];[];[];[];[];[];[];0;0;0;;;;False;0;0;0;;;;False;ControlType.UNKNOWN;1;[('0x1de8', <Bool x0 != 0x0>, 'Taken'), ('0x1e14', <Bool x1 >=s LOAD_64[<BV64 LOAD_64[<BV64 x0 + 0x8>]_23 + 0x8>]_24>, 'Taken'), ('0x1e24', <Bool x1 >=s (0x0 .. LOAD_32[<BV64 LOAD_64[<BV64 x0 + 0x8>]_23 + 0x10>]_25) + LOAD_64[<BV64 LOAD_64[<BV64 x0 + 0x8>]_23 + 0x8>]_24>, 'Taken'), ('0x1e2c', <Bool LOAD_64[<BV64 x0>]_32 != 0x0>, 'Taken')];{'regs': ['<BV64 x0>', '<BV64 x1>'], 'indirect_regs': [], 'direct_regs': ['<BV64 x0>', '<BV64 x1>'], 'mem': ['<BV64 LOAD_64[<BV64 x0 + 0x8>]_23 + 0x10>', '<BV64 LOAD_64[<BV64 x0 + 0x8>]_23 + 0x8>', '<BV64 x0 + 0x8>', '<BV64 x0>'], 'const_mem': []};[('0x1e18', <Bool LOAD_32[<BV64 LOAD_64[<BV64 x0 + 0x8>]_23 + 0x10>]_25[31:31] == 0>, 'ConditionType.SIGN_EXT')];"{'regs': ['<BV64 x0>'], 'indirect_regs': [""<BV64 x0>: ['0x8']""], 'direct_regs': [], 'mem': ['<BV64 LOAD_64[<BV64 x0 + 0x8>]_23 + 0x10>', '<BV64 x0 + 0x8>'], 'const_mem': []}";{'regs': ['<BV64 x0>'], 'indirect_regs': [], 'direct_regs': ['<BV64 x0>'], 'mem': ['<BV64 LOAD_64[<BV64 x0 + 0x8>]_23 + 0x10>', '<BV64 x0 + 0x8>', '<BV64 x0>'], 'const_mem': []};{'regs': ['<BV64 x0>', '<BV64 x1>'], 'indirect_regs': [], 'direct_regs': ['<BV64 x0>', '<BV64 x1>'], 'mem': ['<BV64 LOAD_64[<BV64 x0 + 0x8>]_23 + 0x10>', '<BV64 LOAD_64[<BV64 x0 + 0x8>]_23 + 0x8>', '<BV64 x0 + 0x8>', '<BV64 x0>'], 'const_mem': []};63.0;0.0;64.0;64.0;[];;;;BaseControlType.CONSTANT_BASE;BaseControlType.CONSTANT_BASE;BaseControlType.CONSTANT_BASE;4;BranchControlType.BRANCH_DEPENDS_ON_SECRET_VALUE;BranchControlType.BRANCH_INDEPENDENT_FROM_SECRET;7688;True;False;True;True;True;False;False;True;True;False;False;False;True;False;True;True;True;False;True;False;[];['has_valid_base'];True;False;True;True;True;False;False;True;True;False;False;False;True;False;True;True;True;False;True;False;[];['has_valid_base']
86d2ec29-8b1f-48ce-abed-b45d61ad02b8;com_right;0x1d84;0x1d9c;0x1d98;TransmitterType.LOAD;17;2;False;['0x1d84', '0x1d94', '0x1da8', '0x1db8', '0x1d98'];<BV64 0x8 + LOAD_64[<BV64 LOAD_64[<BV64 x0>]_30 + 0x8>]_33>;64;[];[];['<BV64 x0>'];"[""<BV64 x0>: ['0x0']""]";[];['<BV64 LOAD_64[<BV64 x0>]_30 + 0x8>', '<BV64 x0>'];[];0;18446744073709551615;18446744073709551615;1;;;True;0;18446744073709551615;18446744073709551615;1;;;True;ControlType.CONTROLLED;2;<BV64 0x8>;64;[];[];[];[];[];[];[];8.0;8.0;0.0;1.0;;;True;8.0;8.0;0.0;1.0;;;True;ControlType.NO_CONTROL;0;<BV64 0x8>;64;[];[];[];[];[];[];[];8;8;0;1.0;;;True;8.0;8.0;0.0;1.0;;;True;ControlType.NO_CONTROL;0;<BV64 LOAD_64[<BV64 LOAD_64[<BV64 x0>]_30 + 0x8>]_33>;64;[];[];['<BV64 x0>'];"[""<BV64 x0>: ['0x0']""]";[];['<BV64 LOAD_64[<BV64 x0>]_30 + 0x8>', '<BV64 x0>'];[];0.0;1.8446744073709552e+19;18446744073709551615;1;;;True;0.0;1.8446744073709552e+19;18446744073709551615;1;;;True;ControlType.CONTROLLED;2;<BV64 LOAD_64[<BV64 x0>]_30 + 0x8>;64;[('0x1dbc', <Bool LOAD_64[<BV64 x0>]_30 != 0x0>, 'Taken')];[];['<BV64 x0>'];"[""<BV64 x0>: ['0x0']""]";[];['<BV64 x0>'];[];0.0;1.8446744073709552e+19;1.8446744073709552e+19;1.0;;;True;9.0;7.0;1.8446744073709552e+19;1.0;;;True;ControlType.CONTROLLED;1;<BV64 LOAD_64[<BV64 LOAD_64[<BV64 x0>]_30 + 0x8>]_33>;64;[];[];[];[];[];[];[];0;0;0;;;;False;0;0;0;;;;False;ControlType.UNKNOWN;2;[('0x1d90', <Bool x0 != 0x0>, 'Taken'), ('0x1da4', <Bool x1 >=s LOAD_64[<BV64 LOAD_64[<BV64 x0 + 0x8>]_22 + 0x8>]_23>, 'Taken'), ('0x1db4', <Bool x1 >=s (0x0 .. LOAD_32[<BV64 LOAD_64[<BV64 x0 + 0x8>]_22 + 0x10>]_24) + LOAD_64[<BV64 LOAD_64[<BV64 x0 + 0x8>]_22 + 0x8>]_23>, 'Taken'), ('0x1dbc', <Bool LOAD_64[<BV64 x0>]_30 != 0x0>, 'Taken')];{'regs': ['<BV64 x0>', '<BV64 x1>'], 'indirect_regs': [], 'direct_regs': ['<BV64 x0>', '<BV64 x1>'], 'mem': ['<BV64 LOAD_64[<BV64 x0 + 0x8>]_22 + 0x10>', '<BV64 LOAD_64[<BV64 x0 + 0x8>]_22 + 0x8>', '<BV64 x0 + 0x8>', '<BV64 x0>'], 'const_mem': []};[('0x1da8', <Bool LOAD_32[<BV64 LOAD_64[<BV64 x0 + 0x8>]_22 + 0x10>]_24[31:31] == 0>, 'ConditionType.SIGN_EXT')];"{'regs': ['<BV64 x0>'], 'indirect_regs': [""<BV64 x0>: ['0x8']""], 'direct_regs': [], 'mem': ['<BV64 LOAD_64[<BV64 x0 + 0x8>]_22 + 0x10>', '<BV64 x0 + 0x8>'], 'const_mem': []}";"{'regs': ['<BV64 x0>'], 'indirect_regs': [""<BV64 x0>: ['0x0', '0x0', '0x8']""], 'direct_regs': [], 'mem': ['<BV64 LOAD_64[<BV64 x0 + 0x8>]_22 + 0x10>', '<BV64 LOAD_64[<BV64 x0>]_30 + 0x8>', '<BV64 x0 + 0x8>', '<BV64 x0>'], 'const_mem': []}";{'regs': ['<BV64 x0>', '<BV64 x1>'], 'indirect_regs': [], 'direct_regs': ['<BV64 x0>', '<BV64 x1>'], 'mem': ['<BV64 LOAD_64[<BV64 x0 + 0x8>]_22 + 0x10>', '<BV64 LOAD_64[<BV64 x0 + 0x8>]_22 + 0x8>', '<BV64 LOAD_64[<BV64 x0>]_30 + 0x8>', '<BV64 x0 + 0x8>', '<BV64 x0>'], 'const_mem': []};63.0;0.0;64.0;64.0;[];;;;BaseControlType.CONSTANT_BASE;BaseControlType.CONSTANT_BASE;BaseControlType.CONSTANT_BASE;4;BranchControlType.BRANCH_DEPENDS_ON_SECRET_ADDRESS;BranchControlType.BRANCH_INDEPENDENT_FROM_SECRET;7580;True;False;True;True;True;False;False;True;True;False;False;False;True;False;True;True;True;False;True;False;[];['has_valid_base'];True;False;True;True;True;False;False;True;True;False;False;False;True;False;True;True;True;False;True;False;[];['has_valid_base']
1bce1028-f019-4dad-8a5d-ab01d7278834;com_right_r;0x1de4;0x1e0c;0x1e08;TransmitterType.LOAD;21;2;False;['0x1de4', '0x1dec', '0x1e18', '0x1e28', '0x1e08'];<BV64 0x8 + LOAD_64[<BV64 LOAD_64[<BV64 x0>]_32 + 0x8>]_36>;64;[];[];['<BV64 x0>'];"[""<BV64 x0>: ['0x0']""]";[];['<BV64 LOAD_64[<BV64 x0>]_32 + 0x8>', '<BV64 x0>'];[];0;18446744073709551615;18446744073709551615;1;;;True;0;18446744073709551615;18446744073709551615;1;;;True;ControlType.CONTROLLED;2;<BV64 0x8>;64;[];[];[];[];[];[];[];8.0;8.0;0.0;1.0;;;True;8.0;8.0;0.0;1.0;;;True;ControlType.NO_CONTROL;0;<BV64 0x8>;64;[];[];[];[];[];[];[];8;8;0;1.0;;;True;8.0;8.0;0.0;1.0;;;True;ControlType.NO_CONTROL;0;<BV64 LOAD_64[<BV64 LOAD_64[<BV64 x0>]_32 + 0x8>]_36>;64;[];[];['<BV64 x0>'];"[""<BV64 x0>: ['0x0']""]";[];['<BV64 LOAD_64[<BV64 x0>]_32 + 0x8>', '<BV64 x0>'];[];0.0;1.8446744073709552e+19;18446744073709551615;1;;;True;0.0;1.8446744073709552e+19;18446744073709551615;1;;;True;ControlType.CONTROLLED;2;<BV64 LOAD_64[<BV64 x0>]_32 + 0x8>;64;[('0x1e2c', <Bool LOAD_64[<BV64 x0>]_32 != 0x0>, 'Taken')];[];['<BV64 x0>'];"[""<BV64 x0>: ['0x0']""]";[];['<BV64 x0>'];[];0.0;1.8446744073709552e+19;1.8446744073709552e+19;1.0;;;True;9.0;7.0;1.8446744073709552e+19;1.0;;;True;ControlType.CONTROLLED;1;<BV64 LOAD_64[<BV64 LOAD_64[<BV64 x0>]_32 + 0x8>]_36>;64;[];[];[];[];[];[];[];0;0;0;;;;False;0;0;0;;;;False;ControlType.UNKNOWN;2;[('0x1de8', <Bool x0 != 0x0>, 'Taken'), ('0x1e14', <Bool x1 >=s LOAD_64[<BV64 LOAD_64[<BV64 x0 + 0x8>]_23 + 0x8>]_24>, 'Taken'), ('0x1e24', <Bool x1 >=s (0x0 .. LOAD_32[<BV64 LOAD_64[<BV64 x0 + 0x8>]_23 + 0x10>]_25) + LOAD_64[<BV64 LOAD_64[<BV64 x0 + 0x8>]_23 + 0x8>]_24>, 'Taken'), ('0x1e2c', <Bool LOAD_64[<BV64 x0>]_32 != 0x0>, 'Taken')];{'regs': ['<BV64 x0>', '<BV64 x1>'], 'indirect_regs': [], 'direct_regs': ['<BV64 x0>', '<BV64 x1>'], 'mem': ['<BV64 LOAD_64[<BV64 x0 + 0x8>]_23 + 0x10>', '<BV64 LOAD_64[<BV64 x0 + 0x8>]_23 + 0x8>', '<BV64 x0 + 0x8>', '<BV64 x0>'], 'const_mem': []};[('0x1e18', <Bool LOAD_32[<BV64 LOAD_64[<BV64 x0 + 0x8>]_23 + 0x10>]_25[31:31] == 0>, 'ConditionType.SIGN_EXT')];"{'regs': ['<BV64 x0>'], 'indirect_regs': [""<BV64 x0>: ['0x8']""], 'direct_regs': [], 'mem': ['<BV64 LOAD_64[<BV64 x0 + 0x8>]_23 + 0x10>', '<BV64 x0 + 0x8>'], 'const_mem': []}";"{'regs': ['<BV64 x0>'], 'indirect_regs': [""<BV64 x0>: ['0x0', '0x0', '0x8']""], 'direct_regs': [], 'mem': ['<BV64 LOAD_64[<BV64 x0 + 0x8>]_23 + 0x10>', '<BV64 LOAD_64[<BV64 x0>]_32 + 0x8>', '<BV64 x0 + 0x8>', '<BV64 x0>'], 'const_mem': []}";{'regs': ['<BV64 x0>', '<BV64 x1>'], 'indirect_regs': [], 'direct_regs': ['<BV64 x0>', '<BV64 x1>'], 'mem': ['<BV64 LOAD_64[<BV64 x0 + 0x8>]_23 + 0x10>', '<BV64 LOAD_64[<BV64 x0 + 0x8>]_23 + 0x8>', '<BV64 LOAD_64[<BV64 x0>]_32 + 0x8>', '<BV64 x0 + 0x8>', '<BV64 x0>'], 'const_mem': []};63.0;0.0;64.0;64.0;[];;;;BaseControlType.CONSTANT_BASE;BaseControlType.CONSTANT_BASE;BaseControlType.CONSTANT_BASE;4;BranchControlType.BRANCH_DEPENDS_ON_SECRET_ADDRESS;BranchControlType.BRANCH_INDEPENDENT_FROM_SECRET;7692;True;False;True;True;True;False;False;True;True;False;False;False;True;False;True;True;True;False;True;False;[];['has_valid_base'];True;False;True;True;True;False;False;True;True;False;False;False;True;False;True;True;True;False;True;False;[];['has_valid_base']
797affcb-558d-412a-bd0d-8d759e768beb;com_right;0x1d84;0x1dcc;0x1d98;TransmitterType.LOAD;14;1;False;['0x1d84', '0x1d94', '0x1da8', '0x1dcc'];<BV64 LOAD_64[<BV64 x0 + 0x8>]_22>;64;[];[];['<BV64 x0>'];"[""<BV64 x0>: ['0x8']""]";[];['<BV64 x0 + 0x8>'];[];0;18446744073709551615;18446744073709551615;1;;;True;0;18446744073709551615;18446744073709551615;1;;;True;ControlType.CONTROLLED;1;;0;[];[];[];[];[];[];[];0.0;0.0;0.0;0.0;;;False;0.0;0.0;0.0;0.0;;;False;ControlType.UNKNOWN;0;;0;[];[];[];[];[];[];[];0;0;0;;;;False;0.0;0.0;0.0;0.0;;;False;ControlType.UNKNOWN;0;<BV64 LOAD_64[<BV64 x0 + 0x8>]_22>;64;[];[];['<BV64 x0>'];"[""<BV64 x0>: ['0x8']""]";[];['<BV64 x0 + 0x8>'];[];0.0;1.8446744073709552e+19;18446744073709551615;1;;;True;0.0;1.8446744073709552e+19;18446744073709551615;1;;;True;ControlType.CONTROLLED;1;<BV64 x0 + 0x8>;64;[('0x1d90', <Bool x0 != 0x0>, 'Taken')];[];['<BV64 x0>'];[];['<BV64 x0>'];[];[];0.0;1.8446744073709552e+19;1.8446744073709552e+19;1.0;;;True;9.0;7.0;1.8446744073709552e+19;1.0;;;True;ControlType.CONTROLLED;0;<BV64 LOAD_64[<BV64 x0 + 0x8>]_22>;64;[];[];[];[];[];[];[];0;0;0;;;;False;0;0;0;;;;False;ControlType.UNKNOWN;1;[('0x1d90', <Bool x0 != 0x0>, 'Taken'), ('0x1da4', <Bool x1 >=s LOAD_64[<BV64 LOAD_64[<BV64 x0 + 0x8>]_22 + 0x8>]_23>, 'Taken'), ('0x1db4', <Bool x1 <s (0xffffffff .. LOAD_32[<BV64 LOAD_64[<BV64 x0 + 0x8>]_22 + 0x10>]_24) + LOAD_64[<BV64 LOAD_64[<BV64 x0 + 0x8>]_22 + 0x8>]_23>, 'Taken')];{'regs': ['<BV64 x0>', '<BV64 x1>'], 'indirect_regs': [], 'direct_regs': ['<BV64 x0>', '<BV64 x1>'], 'mem': ['<BV64 LOAD_64[<BV64 x0 + 0x8>]_22 + 0x10>', '<BV64 LOAD_64[<BV64 x0 + 0x8>]_22 + 0x8>', '<BV64 x0 + 0x8>'], 'const_mem': []};[('0x1da8', <Bool LOAD_32[<BV64 LOAD_64[<BV64 x0 + 0x8>]_22 + 0x10>]_24[31:31] != 0>, 'ConditionType.SIGN_EXT')];"{'regs': ['<BV64 x0>'], 'indirect_regs': [""<BV64 x0>: ['0x8']""], 'direct_regs': [], 'mem': ['<BV64 LOAD_64[<BV64 x0 + 0x8>]_22 + 0x10>', '<BV64 x0 + 0x8>'], 'const_mem': []}";{'regs': ['<BV64 x0>'], 'indirect_regs': [], 'direct_regs': ['<BV64 x0>'], 'mem': ['<BV64 LOAD_64[<BV64 x0 + 0x8>]_22 + 0x10>', '<BV64 x0 + 0x8>'], 'const_mem': []};{'regs': ['<BV64 x0>', '<BV64 x1>'], 'indirect_regs': [], 'direct_regs': ['<BV64 x0>', '<BV64 x1>'], 'mem': ['<BV64 LOAD_64[<BV64 x0 + 0x8>]_22 + 0x10>', '<BV64 LOAD_64[<BV64 x0 + 0x8>]_22 + 0x8>', '<BV64 x0 + 0x8>'], 'const_mem': []};63.0;0.0;64.0;64.0;[];;;;BaseControlType.NO_BASE;BaseControlType.NO_BASE;BaseControlType.NO_BASE;3;BranchControlType.BRANCH_DEPENDS_ON_SECRET_VALUE;BranchControlType.BRANCH_INDEPENDENT_FROM_SECRET;7628;True;False;True;True;True;False;False;True;True;False;False;False;True;False;True;True;True;False;True;False;[];['has_valid_base'];True;False;True;True;True;False;False;True;True;False;False;False;True;False;True;True;True;False;True;False;[];['has_valid_base']
ee5e30fd-b8df-4014-b7a3-b5df3fb470d1;com_right_r;0x1de4;0x1e40;0x1e08;TransmitterType.LOAD;18;1;False;['0x1de4', '0x1dec', '0x1e18', '0x1e40'];<BV64 LOAD_64[<BV64 x0 + 0x8>]_23>;64;[];[];['<BV64 x0>'];"[""<BV64 x0>: ['0x8']""]";[];['<BV64 x0 + 0x8>'];[];0;18446744073709551615;18446744073709551615;1;;;True;0;18446744073709551615;18446744073709551615;1;;;True;ControlType.CONTROLLED;1;;0;[];[];[];[];[];[];[];0.0;0.0;0.0;0.0;;;False;0.0;0.0;0.0;0.0;;;False;ControlType.UNKNOWN;0;;0;[];[];[];[];[];[];[];0;0;0;;;;False;0.0;0.0;0.0;0.0;;;False;ControlType.UNKNOWN;0;<BV64 LOAD_64[<BV64 x0 + 0x8>]_23>;64;[];[];['<BV64 x0>'];"[""<BV64 x0>: ['0x8']""]";[];['<BV64 x0 + 0x8>'];[];0.0;1.8446744073709552e+19;18446744073709551615;1;;;True;0.0;1.8446744073709552e+19;18446744073709551615;1;;;True;ControlType.CONTROLLED;1;<BV64 x0 + 0x8>;64;[('0x1de8', <Bool x0 != 0x0>, 'Taken')];[];['<BV64 x0>'];[];['<BV64 x0>'];[];[];0.0;1.8446744073709552e+19;1.8446744073709552e+19;1.0;;;True;9.0;7.0;1.8446744073709552e+19;1.0;;;True;ControlType.CONTROLLED;0;<BV64 LOAD_64[<BV64 x0 + 0x8>]_23>;64;[];[];[];[];[];[];[];0;0;0;;;;False;0;0;0;;;;False;ControlType.UNKNOWN;1;[('0x1de8', <Bool x0 != 0x0>, 'Taken'), ('0x1e14', <Bool x1 >=s LOAD_64[<BV64 LOAD_64[<BV64 x0 + 0x8>]_23 + 0x8>]_24>, 'Taken'), ('0x1e24', <Bool x1 <s (0xffffffff .. LOAD_32[<BV64 LOAD_64[<BV64 x0 + 0x8>]_23 + 0x10>]_25) + LOAD_64[<BV64 LOAD_64[<BV64 x0 + 0x8>]_23 + 0x8>]_24>, 'Taken')];{'regs': ['<BV64 x0>', '<BV64 x1>'], 'indirect_regs': [], 'direct_regs': ['<BV64 x0>', '<BV64 x1>'], 'mem': ['<BV64 LOAD_64[<BV64 x0 + 0x8>]_23 + 0x10>', '<BV64 LOAD_64[<BV64 x0 + 0x8>]_23 + 0x8>', '<BV64 x0 + 0x8>'], 'const_mem': []};[('0x1e18', <Bool LOAD_32[<BV64 LOAD_64[<BV64 x0 + 0x8>]_23 + 0x10>]_25[31:31] != 0>, 'ConditionType.SIGN_EXT')];"{'regs': ['<BV64 x0>'], 'indirect_regs': [""<BV64 x0>: ['0x8']""], 'direct_regs': [], 'mem': ['<BV64 LOAD_64[<BV64 x0 + 0x8>]_23 + 0x10>', '<BV64 x0 + 0x8>'], 'const_mem': []}";{'regs': ['<BV64 x0>'], 'indirect_regs': [], 'direct_regs': ['<BV64 x0>'], 'mem': ['<BV64 LOAD_64[<BV64 x0 + 0x8>]_23 + 0x10>', '<BV64 x0 + 0x8>'], 'const_mem': []};{'regs': ['<BV64 x0>', '<BV64 x1>'], 'indirect_regs': [], 'direct_regs': ['<BV64 x0>', '<BV64 x1>'], 'mem': ['<BV64 LOAD_64[<BV64 x0 + 0x8>]_23 + 0x10>', '<BV64 LOAD_64[<BV64 x0 + 0x8>]_23 + 0x8>', '<BV64 x0 + 0x8>'], 'const_mem': []};63.0;0.0;64.0;64.0;[];;;;BaseControlType.NO_BASE;BaseControlType.NO_BASE;BaseControlType.NO_BASE;3;BranchControlType.BRANCH_DEPENDS_ON_SECRET_VALUE;BranchControlType.BRANCH_INDEPENDENT_FROM_SECRET;7744;True;False;True;True;True;False;False;True;True;False;False;False;True;False;True;True;True;False;True;False;[];['has_valid_base'];True;False;True;True;True;False;False;True;True;False;False;False;True;False;True;True;True;False;True;False;[];['has_valid_base']
e269d44d-5b3b-455b-8555-7ff82ab694f6;com_right_r;0x1de4;0x1e50;0x1e40;TransmitterType.LOAD;22;2;False;['0x1de4', '0x1dec', '0x1e18', '0x1e40'];<BV64 LOAD_64[<BV64 LOAD_64[<BV64 x0 + 0x8>]_23>]_38 + (((0#3 .. x1[60:0]) << 0x3) + ((0#3 .. 0x1fffffffffffffff * LOAD_64[<BV64 LOAD_64[<BV64 x0 + 0x8>]_23 + 0x8>]_24[60:0]) << 0x3))>;64;[('0x1e14', <Bool x1 >=s LOAD_64[<BV64 LOAD_64[<BV64 x0 + 0x8>]_23 + 0x8>]_24>, 'Taken'), ('0x1e24', <Bool x1 <s (0xffffffff .. LOAD_32[<BV64 LOAD_64[<BV64 x0 + 0x8>]_23 + 0x10>]_25) + LOAD_64[<BV64 LOAD_64[<BV64 x0 + 0x8>]_23 + 0x8>]_24>, 'Taken')];[];['<BV64 x0>', '<BV64 x1>'];"[""<BV64 x0>: ['0x8']""]";['<BV64 x1>'];['<BV64 LOAD_64[<BV64 x0 + 0x8>]_23 + 0x8>', '<BV64 LOAD_64[<BV64 x0 + 0x8>]_23>', '<BV64 x0 + 0x8>'];[];0;18446744073709551615;18446744073709551615;1;;;True;0;18446744073709551615;18446744073709551615;1;;;False;ControlType.CONTROLLED;2;<BV64 ((0#3 .. x1[60:0]) << 0x3) + ((0#3 .. 0x1fffffffffffffff * LOAD_64[<BV64 LOAD_64[<BV64 x0 + 0x8>]_23 + 0x8>]_24[60:0]) << 0x3)>;64;[('0x1e14', <Bool x1 >=s LOAD_64[<BV64 LOAD_64[<BV64 x0 + 0x8>]_23 + 0x8>]_24>, 'Taken'), ('0x1e24', <Bool x1 <s (0xffffffff .. LOAD_32[<BV64 LOAD_64[<BV64 x0 + 0x8>]_23 + 0x10>]_25) + LOAD_64[<BV64 LOAD_64[<BV64 x0 + 0x8>]_23 + 0x8>]_24>, 'Taken')];[];['<BV64 x0>', '<BV64 x1>'];"[""<BV64 x0>: ['0x8']""]";['<BV64 x1>'];['<BV64 LOAD_64[<BV64 x0 + 0x8>]_23 + 0x8>', '<BV64 x0 + 0x8>'];[];0.0;1.8446744073709552e+19;1.8446744073709552e+19;8.0;;;False;0.0;1.8446744073709552e+19;1.8446744073709552e+19;8.0;;;False;ControlType.CONTROLLED;2;<BV64 (0#3 .. x1[60:0]) << 0x3>;64;[];[];['<BV64 x1>'];[];['<BV64 x1>'];[];[];0;18446744073709551608;18446744073709551608;8.0;;;True;0.0;1.8446744073709552e+19;1.8446744073709552e+19;8.0;;;False;ControlType.CONTROLLED;0;<BV64 LOAD_64[<BV64 LOAD_64[<BV64 x0 + 0x8>]_23>]_38>;64;[];[];['<BV64 x0>'];"[""<BV64 x0>: ['0x8']""]";[];['<BV64 LOAD_64[<BV64 x0 + 0x8>]_23>', '<BV64 x0 + 0x8>'];[];0.0;1.8446744073709552e+19;18446744073709551615;1;;;True;0.0;1.8446744073709552e+19;18446744073709551615;1;;;True;ControlType.CONTROLLED;2;<BV64 LOAD_64[<BV64 x0 + 0x8>]_23>;64;[];[];['<BV64 x0>'];"[""<BV64 x0>: ['0x8']""]";[];['<BV64 x0 + 0x8>'];[];0.0;1.8446744073709552e+19;1.8446744073709552e+19;1.0;;;True;0.0;1.8446744073709552e+19;1.8446744073709552e+19;1.0;;;True;ControlType.CONTROLLED;1;<BV64 LOAD_64[<BV64 LOAD_64[<BV64 x0 + 0x8>]_23>]_38>;64;[];[];[];[];[];[];[];0;0;0;;;;False;0;0;0;;;;False;ControlType.UNKNOWN;2;[('0x1de8', <Bool x0 != 0x0>, 'Taken'), ('0x1e14', <Bool x1 >=s LOAD_64[<BV64 LOAD_64[<BV64 x0 + 0x8>]_23 + 0x8>]_24>, 'Taken'), ('0x1e24', <Bool x1 <s (0xffffffff .. LOAD_32[<BV64 LOAD_64[<BV64 x0 + 0x8>]_23 + 0x10>]_25) + LOAD_64[<BV64 LOAD_64[<BV64 x0 + 0x8>]_23 + 0x8>]_24>, 'Taken')];{'regs': ['<BV64 x0>', '<BV64 x1>'], 'indirect_regs': [], 'direct_regs': ['<BV64 x0>', '<BV64 x1>'], 'mem': ['<BV64 LOAD_64[<BV64 x0 + 0x8>]_23 + 0x10>', '<BV64 LOAD_64[<BV64 x0 + 0x8>]_23 + 0x8>', '<BV64 x0 + 0x8>'], 'const_mem': []};[('0x1e18', <Bool LOAD_32[<BV64 LOAD_64[<BV64 x0 + 0x8>]_23 + 0x10>]_25[31:31] != 0>, 'ConditionType.SIGN_EXT')];"{'regs': ['<BV64 x0>'], 'indirect_regs': [""<BV64 x0>: ['0x8']""], 'direct_regs': [], 'mem': ['<BV64 LOAD_64[<BV64 x0 + 0x8>]_23 + 0x10>', '<BV64 x0 + 0x8>'], 'const_mem': []}";"{'regs': ['<BV64 x0>', '<BV64 x1>'], 'indirect_regs': [""<BV64 x0>: ['0x8', '0x8', '0x8']""], 'direct_regs': ['<BV64 x1>'], 'mem': ['<BV64 LOAD_64[<BV64 x0 + 0x8>]_23 + 0x10>', '<BV64 LOAD_64[<BV64 x0 + 0x8>]_23 + 0x8>', '<BV64 LOAD_64[<BV64 x0 + 0x8>]_23>', '<BV64 x0 + 0x8>'], 'const_mem': []}";{'regs': ['<BV64 x0>', '<BV64 x1>'], 'indirect_regs': [], 'direct_regs': ['<BV64 x0>', '<BV64 x1>'], 'mem': ['<BV64 LOAD_64[<BV64 x0 + 0x8>]_23 + 0x10>', '<BV64 LOAD_64[<BV64 x0 + 0x8>]_23 + 0x8>', '<BV64 LOAD_64[<BV64 x0 + 0x8>]_23>', '<BV64 x0 + 0x8>'], 'const_mem': []};63.0;0.0;64.0;64.0;[];;;<BV64 (0#3 .. 0x1fffffffffffffff * LOAD_64[<BV64 LOAD_64[<BV64 x0 + 0x8>]_23 + 0x8>]_24[60:0]) << 0x3>;BaseControlType.BASE_INDEPENDENT_FROM_SECRET;BaseControlType.BASE_INDEPENDENT_FROM_SECRET;BaseControlType.BASE_INDEPENDENT_FROM_SECRET;3;BranchControlType.BRANCH_DEPENDS_ON_SECRET_ADDRESS;BranchControlType.BRANCH_INDEPENDENT_FROM_SECRET;7760;True;True;True;True;True;False;False;True;True;True;True;False;True;False;True;True;True;False;True;True;['can_perform_known_prefix', 'can_adjust_base', 'perform_training'];[];True;True;True;True;True;False;False;True;True;True;True;False;True;False;True;True;True;False;True;True;['can_perform_known_prefix', 'can_adjust_base', 'perform_training'];[]
07bbe6db-e0b7-46b1-93f3-790c1001203c;com_right;0x1d84;0x1ddc;0x1dcc;TransmitterType.LOAD;17;2;False;['0x1d84', '0x1d94', '0x1da8', '0x1dcc'];<BV64 LOAD_64[<BV64 LOAD_64[<BV64 x0 + 0x8>]_22>]_35 + (((0#3 .. x1[60:0]) << 0x3) + ((0#3 .. 0x1fffffffffffffff * LOAD_64[<BV64 LOAD_64[<BV64 x0 + 0x8>]_22 + 0x8>]_23[60:0]) << 0x3))>;64;[('0x1da4', <Bool x1 >=s LOAD_64[<BV64 LOAD_64[<BV64 x0 + 0x8>]_22 + 0x8>]_23>, 'Taken'), ('0x1db4', <Bool x1 <s (0xffffffff .. LOAD_32[<BV64 LOAD_64[<BV64 x0 + 0x8>]_22 + 0x10>]_24) + LOAD_64[<BV64 LOAD_64[<BV64 x0 + 0x8>]_22 + 0x8>]_23>, 'Taken')];[];['<BV64 x0>', '<BV64 x1>'];"[""<BV64 x0>: ['0x8']""]";['<BV64 x1>'];['<BV64 LOAD_64[<BV64 x0 + 0x8>]_22 + 0x8>', '<BV64 LOAD_64[<BV64 x0 + 0x8>]_22>', '<BV64 x0 + 0x8>'];[];0;18446744073709551615;18446744073709551615;1;;;True;0;18446744073709551615;18446744073709551615;1;;;False;ControlType.CONTROLLED;2;<BV64 ((0#3 .. x1[60:0]) << 0x3) + ((0#3 .. 0x1fffffffffffffff * LOAD_64[<BV64 LOAD_64[<BV64 x0 + 0x8>]_22 + 0x8>]_23[60:0]) << 0x3)>;64;[('0x1da4', <Bool x1 >=s LOAD_64[<BV64 LOAD_64[<BV64 x0 + 0x8>]_22 + 0x8>]_23>, 'Taken'), ('0x1db4', <Bool x1 <s (0xffffffff .. LOAD_32[<BV64 LOAD_64[<BV64 x0 + 0x8>]_22 + 0x10>]_24) + LOAD_64[<BV64 LOAD_64[<BV64 x0 + 0x8>]_22 + 0x8>]_23>, 'Taken')];[];['<BV64 x0>', '<BV64 x1>'];"[""<BV64 x0>: ['0x8']""]";['<BV64 x1>'];['<BV64 LOAD_64[<BV64 x0 + 0x8>]_22 + 0x8>', '<BV64 x0 + 0x8>'];[];0.0;1.8446744073709552e+19;1.8446744073709552e+19;8.0;;;False;0.0;1.8446744073709552e+19;1.8446744073709552e+19;8.0;;;False;ControlType.CONTROLLED;2;<BV64 (0#3 .. x1[60:0]) << 0x3>;64;[];[];['<BV64 x1>'];[];['<BV64 x1>'];[];[];0;18446744073709551608;18446744073709551608;8.0;;;True;0.0;1.8446744073709552e+19;1.8446744073709552e+19;8.0;;;False;ControlType.CONTROLLED;0;<BV64 LOAD_64[<BV64 LOAD_64[<BV64 x0 + 0x8>]_22>]_35>;64;[];[];['<BV64 x0>'];"[""<BV64 x0>: ['0x8']""]";[];['<BV64 LOAD_64[<BV64 x0 + 0x8>]_22>', '<BV64 x0 + 0x8>'];[];0.0;1.8446744073709552e+19;18446744073709551615;1;;;True;0.0;1.8446744073709552e+19;18446744073709551615;1;;;True;ControlType.CONTROLLED;2;<BV64 LOAD_64[<BV64 x0 + 0x8>]_22>;64;[];[];['<BV64 x0>'];"[""<BV64 x0>: ['0x8']""]";[];['<BV64 x0 + 0x8>'];[];0.0;1.8446744073709552e+19;1.8446744073709552e+19;1.0;;;True;0.0;1.8446744073709552e+19;1.8446744073709552e+19;1.0;;;True;ControlType.CONTROLLED;1;<BV64 LOAD_64[<BV64 LOAD_64[<BV64 x0 + 0x8>]_22>]_35>;64;[];[];[];[];[];[];[];0;0;0;;;;False;0;0;0;;;;False;ControlType.UNKNOWN;2;[('0x1d90', <Bool x0 != 0x0>, 'Taken'), ('0x1da4', <Bool x1 >=s LOAD_64[<BV64 LOAD_64[<BV64 x0 + 0x8>]_22 + 0x8>]_23>, 'Taken'), ('0x1db4', <Bool x1 <s (0xffffffff .. LOAD_32[<BV64 LOAD_64[<BV64 x0 + 0x8>]_22 + 0x10>]_24) + LOAD_64[<BV64 LOAD_64[<BV64 x0 + 0x8>]_22 + 0x8>]_23>, 'Taken')];{'regs': ['<BV64 x0>', '<BV64 x1>'], 'indirect_regs': [], 'direct_regs': ['<BV64 x0>', '<BV64 x1>'], 'mem': ['<BV64 LOAD_64[<BV64 x0 + 0x8>]_22 + 0x10>', '<BV64 LOAD_64[<BV64 x0 + 0x8>]_22 + 0x8>', '<BV64 x0 + 0x8>'], 'const_mem': []};[('0x1da8', <Bool LOAD_32[<BV64 LOAD_64[<BV64 x0 + 0x8>]_22 + 0x10>]_24[31:31] != 0>, 'ConditionType.SIGN_EXT')];"{'regs': ['<BV64 x0>'], 'indirect_regs': [""<BV64 x0>: ['0x8']""], 'direct_regs': [], 'mem': ['<BV64 LOAD_64[<BV64 x0 + 0x8>]_22 + 0x10>', '<BV64 x0 + 0x8>'], 'const_mem': []}";"{'regs': ['<BV64 x0>', '<BV64 x1>'], 'indirect_regs': [""<BV64 x0>: ['0x8', '0x8', '0x8']""], 'direct_regs': ['<BV64 x1>'], 'mem': ['<BV64 LOAD_64[<BV64 x0 + 0x8>]_22 + 0x10>', '<BV64 LOAD_64[<BV64 x0 + 0x8>]_22 + 0x8>', '<BV64 LOAD_64[<BV64 x0 + 0x8>]_22>', '<BV64 x0 + 0x8>'], 'const_mem': []}";{'regs': ['<BV64 x0>', '<BV64 x1>'], 'indirect_regs': [], 'direct_regs': ['<BV64 x0>', '<BV64 x1>'], 'mem': ['<BV64 LOAD_64[<BV64 x0 + 0x8>]_22 + 0x10>', '<BV64 LOAD_64[<BV64 x0 + 0x8>]_22 + 0x8>', '<BV64 LOAD_64[<BV64 x0 + 0x8>]_22>', '<BV64 x0 + 0x8>'], 'const_mem': []};63.0;0.0;64.0;64.0;[];;;<BV64 (0#3 .. 0x1fffffffffffffff * LOAD_64[<BV64 LOAD_64[<BV64 x0 + 0x8>]_22 + 0x8>]_23[60:0]) << 0x3>;BaseControlType.BASE_INDEPENDENT_FROM_SECRET;BaseControlType.BASE_INDEPENDENT_FROM_SECRET;BaseControlType.BASE_INDEPENDENT_FROM_SECRET;3;BranchControlType.BRANCH_DEPENDS_ON_SECRET_ADDRESS;BranchControlType.BRANCH_INDEPENDENT_FROM_SECRET;7644;True;True;True;True;True;False;False;True;True;True;True;False;True;False;True;True;True;False;True;True;['can_perform_known_prefix', 'can_adjust_base', 'perform_training'];[];True;True;True;True;True;False;False;True;True;True;True;False;True;False;True;True;True;False;True;True;['can_perform_known_prefix', 'can_adjust_base', 'perform_training'];[]
291cbce4-dbef-419c-89e1-9fa6d34c42b3;com_right_r;0x1de4;0x1e50;0x1e0c;TransmitterType.LOAD;22;2;False;['0x1de4', '0x1dec', '0x1e18', '0x1e40'];<BV64 LOAD_64[<BV64 LOAD_64[<BV64 x0 + 0x8>]_23>]_38 + (((0#3 .. x1[60:0]) << 0x3) + ((0#3 .. 0x1fffffffffffffff * LOAD_64[<BV64 LOAD_64[<BV64 x0 + 0x8>]_23 + 0x8>]_24[60:0]) << 0x3))>;64;[('0x1e14', <Bool x1 >=s LOAD_64[<BV64 LOAD_64[<BV64 x0 + 0x8>]_23 + 0x8>]_24>, 'Taken'), ('0x1e24', <Bool x1 <s (0xffffffff .. LOAD_32[<BV64 LOAD_64[<BV64 x0 + 0x8>]_23 + 0x10>]_25) + LOAD_64[<BV64 LOAD_64[<BV64 x0 + 0x8>]_23 + 0x8>]_24>, 'Taken')];[];['<BV64 x0>', '<BV64 x1>'];"[""<BV64 x0>: ['0x8']""]";['<BV64 x1>'];['<BV64 LOAD_64[<BV64 x0 + 0x8>]_23 + 0x8>', '<BV64 LOAD_64[<BV64 x0 + 0x8>]_23>', '<BV64 x0 + 0x8>'];[];0;18446744073709551615;18446744073709551615;1;;;True;0;18446744073709551615;18446744073709551615;1;;;False;ControlType.CONTROLLED;2;<BV64 LOAD_64[<BV64 LOAD_64[<BV64 x0 + 0x8>]_23>]_38 + ((0#3 .. x1[60:0]) << 0x3)>;64;[('0x1e14', <Bool x1 >=s LOAD_64[<BV64 LOAD_64[<BV64 x0 + 0x8>]_23 + 0x8>]_24>, 'Taken'), ('0x1e24', <Bool x1 <s (0xffffffff .. LOAD_32[<BV64 LOAD_64[<BV64 x0 + 0x8>]_23 + 0x10>]_25) + LOAD_64[<BV64 LOAD_64[<BV64 x0 + 0x8>]_23 + 0x8>]_24>, 'Taken')];[];['<BV64 x0>', '<BV64 x1>'];"[""<BV64 x0>: ['0x8']""]";['<BV64 x1>'];['<BV64 LOAD_64[<BV64 x0 + 0x8>]_23>', '<BV64 x0 + 0x8>'];[];0.0;1.8446744073709552e+19;1.8446744073709552e+19;1.0;;;True;0.0;1.8446744073709552e+19;1.8446744073709552e+19;1.0;;;False;ControlType.CONTROLLED;2;<BV64 (0#3 .. x1[60:0]) << 0x3>;64;[];[];['<BV64 x1>'];[];['<BV64 x1>'];[];[];0;18446744073709551608;18446744073709551608;8.0;;;True;0.0;1.8446744073709552e+19;1.8446744073709552e+19;8.0;;;False;ControlType.CONTROLLED;0;<BV64 (0#3 .. 0x1fffffffffffffff * LOAD_64[<BV64 LOAD_64[<BV64 x0 + 0x8>]_23 + 0x8>]_24[60:0]) << 0x3>;64;[('0x1e14', <Bool x1 >=s LOAD_64[<BV64 LOAD_64[<BV64 x0 + 0x8>]_23 + 0x8>]_24>, 'Taken'), ('0x1e24', <Bool x1 <s (0xffffffff .. LOAD_32[<BV64 LOAD_64[<BV64 x0 + 0x8>]_23 + 0x10>]_25) + LOAD_64[<BV64 LOAD_64[<BV64 x0 + 0x8>]_23 + 0x8>]_24>, 'Taken')];[];['<BV64 x0>'];"[""<BV64 x0>: ['0x8']""]";[];['<BV64 LOAD_64[<BV64 x0 + 0x8>]_23 + 0x8>', '<BV64 x0 + 0x8>'];[];0.0;1.8446744073709552e+19;18446744073709551608;8;;;False;0.0;1.8446744073709552e+19;18446744073709551608;8;;;False;ControlType.CONTROLLED;2;<BV64 LOAD_64[<BV64 x0 + 0x8>]_23 + 0x8>;64;[];[];['<BV64 x0>'];"[""<BV64 x0>: ['0x8']""]";[];['<BV64 x0 + 0x8>'];[];0.0;1.8446744073709552e+19;1.8446744073709552e+19;1.0;;;True;0.0;1.8446744073709552e+19;1.8446744073709552e+19;1.0;;;True;ControlType.CONTROLLED;1;<BV64 LOAD_64[<BV64 LOAD_64[<BV64 x0 + 0x8>]_23 + 0x8>]_24>;64;[];[];[];[];[];[];[];0;0;0;;;;False;0;0;0;;;;False;ControlType.UNKNOWN;2;[('0x1de8', <Bool x0 != 0x0>, 'Taken'), ('0x1e14', <Bool x1 >=s LOAD_64[<BV64 LOAD_64[<BV64 x0 + 0x8>]_23 + 0x8>]_24>, 'Taken'), ('0x1e24', <Bool x1 <s (0xffffffff .. LOAD_32[<BV64 LOAD_64[<BV64 x0 + 0x8>]_23 + 0x10>]_25) + LOAD_64[<BV64 LOAD_64[<BV64 x0 + 0x8>]_23 + 0x8>]_24>, 'Taken')];{'regs': ['<BV64 x0>', '<BV64 x1>'], 'indirect_regs': [], 'direct_regs': ['<BV64 x0>', '<BV64 x1>'], 'mem': ['<BV64 LOAD_64[<BV64 x0 + 0x8>]_23 + 0x10>', '<BV64 LOAD_64[<BV64 x0 + 0x8>]_23 + 0x8>', '<BV64 x0 + 0x8>'], 'const_mem': []};[('0x1e18', <Bool LOAD_32[<BV64 LOAD_64[<BV64 x0 + 0x8>]_23 + 0x10>]_25[31:31] != 0>, 'ConditionType.SIGN_EXT')];"{'regs': ['<BV64 x0>'], 'indirect_regs': [""<BV64 x0>: ['0x8']""], 'direct_regs': [], 'mem': ['<BV64 LOAD_64[<BV64 x0 + 0x8>]_23 + 0x10>', '<BV64 x0 + 0x8>'], 'const_mem': []}";"{'regs': ['<BV64 x0>', '<BV64 x1>'], 'indirect_regs': [""<BV64 x0>: ['0x8', '0x8', '0x8']""], 'direct_regs': ['<BV64 x1>'], 'mem': ['<BV64 LOAD_64[<BV64 x0 + 0x8>]_23 + 0x10>', '<BV64 LOAD_64[<BV64 x0 + 0x8>]_23 + 0x8>', '<BV64 LOAD_64[<BV64 x0 + 0x8>]_23>', '<BV64 x0 + 0x8>'], 'const_mem': []}";{'regs': ['<BV64 x0>', '<BV64 x1>'], 'indirect_regs': [], 'direct_regs': ['<BV64 x0>', '<BV64 x1>'], 'mem': ['<BV64 LOAD_64[<BV64 x0 + 0x8>]_23 + 0x10>', '<BV64 LOAD_64[<BV64 x0 + 0x8>]_23 + 0x8>', '<BV64 LOAD_64[<BV64 x0 + 0x8>]_23>', '<BV64 x0 + 0x8>'], 'const_mem': []};63.0;3.0;61.0;61.0;[];;;<BV64 LOAD_64[<BV64 LOAD_64[<BV64 x0 + 0x8>]_23>]_38>;BaseControlType.BASE_INDEPENDENT_FROM_SECRET;BaseControlType.BASE_INDIRECTLY_DEPENDS_ON_SECRET_ADDR;BaseControlType.BASE_INDIRECTLY_DEPENDS_ON_SECRET_ADDR;3;BranchControlType.BRANCH_DEPENDS_ON_SECRET_VALUE;BranchControlType.BRANCH_INDEPENDENT_FROM_SECRET;7760;True;True;True;True;True;False;True;True;True;True;True;False;True;False;True;True;True;False;True;True;['can_perform_known_prefix', 'can_adjust_base', 'perform_training'];[];True;True;True;True;True;False;True;True;True;True;True;False;True;False;True;True;True;False;True;True;['can_perform_known_prefix', 'can_adjust_base', 'perform_training'];[]
b2ae16b9-10a1-44c6-9eb8-6da5f489128e;com_right;0x1d84;0x1ddc;0x1d9c;TransmitterType.LOAD;17;2;False;['0x1d84', '0x1d94', '0x1da8', '0x1dcc'];<BV64 LOAD_64[<BV64 LOAD_64[<BV64 x0 + 0x8>]_22>]_35 + (((0#3 .. x1[60:0]) << 0x3) + ((0#3 .. 0x1fffffffffffffff * LOAD_64[<BV64 LOAD_64[<BV64 x0 + 0x8>]_22 + 0x8>]_23[60:0]) << 0x3))>;64;[('0x1da4', <Bool x1 >=s LOAD_64[<BV64 LOAD_64[<BV64 x0 + 0x8>]_22 + 0x8>]_23>, 'Taken'), ('0x1db4', <Bool x1 <s (0xffffffff .. LOAD_32[<BV64 LOAD_64[<BV64 x0 + 0x8>]_22 + 0x10>]_24) + LOAD_64[<BV64 LOAD_64[<BV64 x0 + 0x8>]_22 + 0x8>]_23>, 'Taken')];[];['<BV64 x0>', '<BV64 x1>'];"[""<BV64 x0>: ['0x8']""]";['<BV64 x1>'];['<BV64 LOAD_64[<BV64 x0 + 0x8>]_22 + 0x8>', '<BV64 LOAD_64[<BV64 x0 + 0x8>]_22>', '<BV64 x0 + 0x8>'];[];0;18446744073709551615;18446744073709551615;1;;;True;0;18446744073709551615;18446744073709551615;1;;;False;ControlType.CONTROLLED;2;<BV64 LOAD_64[<BV64 LOAD_64[<BV64 x0 + 0x8>]_22>]_35 + ((0#3 .. x1[60:0]) << 0x3)>;64;[('0x1da4', <Bool x1 >=s LOAD_64[<BV64 LOAD_64[<BV64 x0 + 0x8>]_22 + 0x8>]_23>, 'Taken'), ('0x1db4', <Bool x1 <s (0xffffffff .. LOAD_32[<BV64 LOAD_64[<BV64 x0 + 0x8>]_22 + 0x10>]_24) + LOAD_64[<BV64 LOAD_64[<BV64 x0 + 0x8>]_22 + 0x8>]_23>, 'Taken')];[];['<BV64 x0>', '<BV64 x1>'];"[""<BV64 x0>: ['0x8']""]";['<BV64 x1>'];['<BV64 LOAD_64[<BV64 x0 + 0x8>]_22>', '<BV64 x0 + 0x8>'];[];0.0;1.8446744073709552e+19;1.8446744073709552e+19;1.0;;;True;0.0;1.8446744073709552e+19;1.8446744073709552e+19;1.0;;;False;ControlType.CONTROLLED;2;<BV64 (0#3 .. x1[60:0]) << 0x3>;64;[];[];['<BV64 x1>'];[];['<BV64 x1>'];[];[];0;18446744073709551608;18446744073709551608;8.0;;;True;0.0;1.8446744073709552e+19;1.8446744073709552e+19;8.0;;;False;ControlType.CONTROLLED;0;<BV64 (0#3 .. 0x1fffffffffffffff * LOAD_64[<BV64 LOAD_64[<BV64 x0 + 0x8>]_22 + 0x8>]_23[60:0]) << 0x3>;64;[('0x1da4', <Bool x1 >=s LOAD_64[<BV64 LOAD_64[<BV64 x0 + 0x8>]_22 + 0x8>]_23>, 'Taken'), ('0x1db4', <Bool x1 <s (0xffffffff .. LOAD_32[<BV64 LOAD_64[<BV64 x0 + 0x8>]_22 + 0x10>]_24) + LOAD_64[<BV64 LOAD_64[<BV64 x0 + 0x8>]_22 + 0x8>]_23>, 'Taken')];[];['<BV64 x0>'];"[""<BV64 x0>: ['0x8']""]";[];['<BV64 LOAD_64[<BV64 x0 + 0x8>]_22 + 0x8>', '<BV64 x0 + 0x8>'];[];0.0;1.8446744073709552e+19;18446744073709551608;8;;;False;0.0;1.8446744073709552e+19;18446744073709551608;8;;;False;ControlType.CONTROLLED;2;<BV64 LOAD_64[<BV64 x0 + 0x8>]_22 + 0x8>;64;[];[];['<BV64 x0>'];"[""<BV64 x0>: ['0x8']""]";[];['<BV64 x0 + 0x8>'];[];0.0;1.8446744073709552e+19;1.8446744073709552e+19;1.0;;;True;0.0;1.8446744073709552e+19;1.8446744073709552e+19;1.0;;;True;ControlType.CONTROLLED;1;<BV64 LOAD_64[<BV64 LOAD_64[<BV64 x0 + 0x8>]_22 + 0x8>]_23>;64;[];[];[];[];[];[];[];0;0;0;;;;False;0;0;0;;;;False;ControlType.UNKNOWN;2;[('0x1d90', <Bool x0 != 0x0>, 'Taken'), ('0x1da4', <Bool x1 >=s LOAD_64[<BV64 LOAD_64[<BV64 x0 + 0x8>]_22 + 0x8>]_23>, 'Taken'), ('0x1db4', <Bool x1 <s (0xffffffff .. LOAD_32[<BV64 LOAD_64[<BV64 x0 + 0x8>]_22 + 0x10>]_24) + LOAD_64[<BV64 LOAD_64[<BV64 x0 + 0x8>]_22 + 0x8>]_23>, 'Taken')];{'regs': ['<BV64 x0>', '<BV64 x1>'], 'indirect_regs': [], 'direct_regs': ['<BV64 x0>', '<BV64 x1>'], 'mem': ['<BV64 LOAD_64[<BV64 x0 + 0x8>]_22 + 0x10>', '<BV64 LOAD_64[<BV64 x0 + 0x8>]_22 + 0x8>', '<BV64 x0 + 0x8>'], 'const_mem': []};[('0x1da8', <Bool LOAD_32[<BV64 LOAD_64[<BV64 x0 + 0x8>]_22 + 0x10>]_24[31:31] != 0>, 'ConditionType.SIGN_EXT')];"{'regs': ['<BV64 x0>'], 'indirect_regs': [""<BV64 x0>: ['0x8']""], 'direct_regs': [], 'mem': ['<BV64 LOAD_64[<BV64 x0 + 0x8>]_22 + 0x10>', '<BV64 x0 + 0x8>'], 'const_mem': []}";"{'regs': ['<BV64 x0>', '<BV64 x1>'], 'indirect_regs': [""<BV64 x0>: ['0x8', '0x8', '0x8']""], 'direct_regs': ['<BV64 x1>'], 'mem': ['<BV64 LOAD_64[<BV64 x0 + 0x8>]_22 + 0x10>', '<BV64 LOAD_64[<BV64 x0 + 0x8>]_22 + 0x8>', '<BV64 LOAD_64[<BV64 x0 + 0x8>]_22>', '<BV64 x0 + 0x8>'], 'const_mem': []}";{'regs': ['<BV64 x0>', '<BV64 x1>'], 'indirect_regs': [], 'direct_regs': ['<BV64 x0>', '<BV64 x1>'], 'mem': ['<BV64 LOAD_64[<BV64 x0 + 0x8>]_22 + 0x10>', '<BV64 LOAD_64[<BV64 x0 + 0x8>]_22 + 0x8>', '<BV64 LOAD_64[<BV64 x0 + 0x8>]_22>', '<BV64 x0 + 0x8>'], 'const_mem': []};63.0;3.0;61.0;61.0;[];;;<BV64 LOAD_64[<BV64 LOAD_64[<BV64 x0 + 0x8>]_22>]_35>;BaseControlType.BASE_INDEPENDENT_FROM_SECRET;BaseControlType.BASE_INDIRECTLY_DEPENDS_ON_SECRET_ADDR;BaseControlType.BASE_INDIRECTLY_DEPENDS_ON_SECRET_ADDR;3;BranchControlType.BRANCH_DEPENDS_ON_SECRET_VALUE;BranchControlType.BRANCH_INDEPENDENT_FROM_SECRET;7644;True;True;True;True;True;False;True;True;True;True;True;False;True;False;True;True;True;False;True;True;['can_perform_known_prefix', 'can_adjust_base', 'perform_training'];[];True;True;True;True;True;False;True;True;True;True;True;False;True;False;True;True;True;False;True;True;['can_perform_known_prefix', 'can_adjust_base', 'perform_training'];[]
300dbab2-6da1-42ab-b031-934710f7b0c2;com_right_r;0x1de4;0x1e40;0x1e08;TransmitterType.LOAD;18;1;False;['0x1de4', '0x1dec', '0x1e18', '0x1e40'];<BV64 LOAD_64[<BV64 x0 + 0x8>]_23>;64;[];[];['<BV64 x0>'];"[""<BV64 x0>: ['0x8']""]";[];['<BV64 x0 + 0x8>'];[];0;18446744073709551615;18446744073709551615;1;;;True;0;18446744073709551615;18446744073709551615;1;;;True;ControlType.CONTROLLED;1;;0;[];[];[];[];[];[];[];0.0;0.0;0.0;0.0;;;False;0.0;0.0;0.0;0.0;;;False;ControlType.UNKNOWN;0;;0;[];[];[];[];[];[];[];0;0;0;;;;False;0.0;0.0;0.0;0.0;;;False;ControlType.UNKNOWN;0;<BV64 LOAD_64[<BV64 x0 + 0x8>]_23>;64;[];[];['<BV64 x0>'];"[""<BV64 x0>: ['0x8']""]";[];['<BV64 x0 + 0x8>'];[];0.0;1.8446744073709552e+19;18446744073709551615;1;;;True;0.0;1.8446744073709552e+19;18446744073709551615;1;;;True;ControlType.CONTROLLED;1;<BV64 x0 + 0x8>;64;[('0x1de8', <Bool x0 != 0x0>, 'Taken')];[];['<BV64 x0>'];[];['<BV64 x0>'];[];[];0.0;1.8446744073709552e+19;1.8446744073709552e+19;1.0;;;True;9.0;7.0;1.8446744073709552e+19;1.0;;;True;ControlType.CONTROLLED;0;<BV64 LOAD_64[<BV64 x0 + 0x8>]_23>;64;[];[];[];[];[];[];[];0;0;0;;;;False;0;0;0;;;;False;ControlType.UNKNOWN;1;[('0x1de8', <Bool x0 != 0x0>, 'Taken'), ('0x1e14', <Bool x1 >=s LOAD_64[<BV64 LOAD_64[<BV64 x0 + 0x8>]_23 + 0x8>]_24>, 'Taken'), ('0x1e24', <Bool x1 <s (0x0 .. LOAD_32[<BV64 LOAD_64[<BV64 x0 + 0x8>]_23 + 0x10>]_25) + LOAD_64[<BV64 LOAD_64[<BV64 x0 + 0x8>]_23 + 0x8>]_24>, 'Taken')];{'regs': ['<BV64 x0>', '<BV64 x1>'], 'indirect_regs': [], 'direct_regs': ['<BV64 x0>', '<BV64 x1>'], 'mem': ['<BV64 LOAD_64[<BV64 x0 + 0x8>]_23 + 0x10>', '<BV64 LOAD_64[<BV64 x0 + 0x8>]_23 + 0x8>', '<BV64 x0 + 0x8>'], 'const_mem': []};[('0x1e18', <Bool LOAD_32[<BV64 LOAD_64[<BV64 x0 + 0x8>]_23 + 0x10>]_25[31:31] == 0>, 'ConditionType.SIGN_EXT')];"{'regs': ['<BV64 x0>'], 'indirect_regs': [""<BV64 x0>: ['0x8']""], 'direct_regs': [], 'mem': ['<BV64 LOAD_64[<BV64 x0 + 0x8>]_23 + 0x10>', '<BV64 x0 + 0x8>'], 'const_mem': []}";{'regs': ['<BV64 x0>'], 'indirect_regs': [], 'direct_regs': ['<BV64 x0>'], 'mem': ['<BV64 LOAD_64[<BV64 x0 + 0x8>]_23 + 0x10>', '<BV64 x0 + 0x8>'], 'const_mem': []};{'regs': ['<BV64 x0>', '<BV64 x1>'], 'indirect_regs': [], 'direct_regs': ['<BV64 x0>', '<BV64 x1>'], 'mem': ['<BV64 LOAD_64[<BV64 x0 + 0x8>]_23 + 0x10>', '<BV64 LOAD_64[<BV64 x0 + 0x8>]_23 + 0x8>', '<BV64 x0 + 0x8>'], 'const_mem': []};63.0;0.0;64.0;64.0;[];;;;BaseControlType.NO_BASE;BaseControlType.NO_BASE;BaseControlType.NO_BASE;3;BranchControlType.BRANCH_DEPENDS_ON_SECRET_VALUE;BranchControlType.BRANCH_INDEPENDENT_FROM_SECRET;7744;True;False;True;True;True;False;False;True;True;False;False;False;True;False;True;True;True;False;True;False;[];['has_valid_base'];True;False;True;True;True;False;False;True;True;False;False;False;True;False;True;True;True;False;True;False;[];['has_valid_base']
fc7d7c0b-b0a5-4941-8dc4-f641fa3478e4;com_right;0x1d84;0x1dcc;0x1d98;TransmitterType.LOAD;14;1;False;['0x1d84', '0x1d94', '0x1da8', '0x1dcc'];<BV64 LOAD_64[<BV64 x0 + 0x8>]_22>;64;[];[];['<BV64 x0>'];"[""<BV64 x0>: ['0x8']""]";[];['<BV64 x0 + 0x8>'];[];0;18446744073709551615;18446744073709551615;1;;;True;0;18446744073709551615;18446744073709551615;1;;;True;ControlType.CONTROLLED;1;;0;[];[];[];[];[];[];[];0.0;0.0;0.0;0.0;;;False;0.0;0.0;0.0;0.0;;;False;ControlType.UNKNOWN;0;;0;[];[];[];[];[];[];[];0;0;0;;;;False;0.0;0.0;0.0;0.0;;;False;ControlType.UNKNOWN;0;<BV64 LOAD_64[<BV64 x0 + 0x8>]_22>;64;[];[];['<BV64 x0>'];"[""<BV64 x0>: ['0x8']""]";[];['<BV64 x0 + 0x8>'];[];0.0;1.8446744073709552e+19;18446744073709551615;1;;;True;0.0;1.8446744073709552e+19;18446744073709551615;1;;;True;ControlType.CONTROLLED;1;<BV64 x0 + 0x8>;64;[('0x1d90', <Bool x0 != 0x0>, 'Taken')];[];['<BV64 x0>'];[];['<BV64 x0>'];[];[];0.0;1.8446744073709552e+19;1.8446744073709552e+19;1.0;;;True;9.0;7.0;1.8446744073709552e+19;1.0;;;True;ControlType.CONTROLLED;0;<BV64 LOAD_64[<BV64 x0 + 0x8>]_22>;64;[];[];[];[];[];[];[];0;0;0;;;;False;0;0;0;;;;False;ControlType.UNKNOWN;1;[('0x1d90', <Bool x0 != 0x0>, 'Taken'), ('0x1da4', <Bool x1 >=s LOAD_64[<BV64 LOAD_64[<BV64 x0 + 0x8>]_22 + 0x8>]_23>, 'Taken'), ('0x1db4', <Bool x1 <s (0x0 .. LOAD_32[<BV64 LOAD_64[<BV64 x0 + 0x8>]_22 + 0x10>]_24) + LOAD_64[<BV64 LOAD_64[<BV64 x0 + 0x8>]_22 + 0x8>]_23>, 'Taken')];{'regs': ['<BV64 x0>', '<BV64 x1>'], 'indirect_regs': [], 'direct_regs': ['<BV64 x0>', '<BV64 x1>'], 'mem': ['<BV64 LOAD_64[<BV64 x0 + 0x8>]_22 + 0x10>', '<BV64 LOAD_64[<BV64 x0 + 0x8>]_22 + 0x8>', '<BV64 x0 + 0x8>'], 'const_mem': []};[('0x1da8', <Bool LOAD_32[<BV64 LOAD_64[<BV64 x0 + 0x8>]_22 + 0x10>]_24[31:31] == 0>, 'ConditionType.SIGN_EXT')];"{'regs': ['<BV64 x0>'], 'indirect_regs': [""<BV64 x0>: ['0x8']""], 'direct_regs': [], 'mem': ['<BV64 LOAD_64[<BV64 x0 + 0x8>]_22 + 0x10>', '<BV64 x0 + 0x8>'], 'const_mem': []}";{'regs': ['<BV64 x0>'], 'indirect_regs': [], 'direct_regs': ['<BV64 x0>'], 'mem': ['<BV64 LOAD_64[<BV64 x0 + 0x8>]_22 + 0x10>', '<BV64 x0 + 0x8>'], 'const_mem': []};{'regs': ['<BV64 x0>', '<BV64 x1>'], 'indirect_regs': [], 'direct_regs': ['<BV64 x0>', '<BV64 x1>'], 'mem': ['<BV64 LOAD_64[<BV64 x0 + 0x8>]_22 + 0x10>', '<BV64 LOAD_64[<BV64 x0 + 0x8>]_22 + 0x8>', '<BV64 x0 + 0x8>'], 'const_mem': []};63.0;0.0;64.0;64.0;[];;;;BaseControlType.NO_BASE;BaseControlType.NO_BASE;BaseControlType.NO_BASE;3;BranchControlType.BRANCH_DEPENDS_ON_SECRET_VALUE;BranchControlType.BRANCH_INDEPENDENT_FROM_SECRET;7628;True;False;True;True;True;False;False;True;True;False;False;False;True;False;True;True;True;False;True;False;[];['has_valid_base'];True;False;True;True;True;False;False;True;True;False;False;False;True;False;True;True;True;False;True;False;[];['has_valid_base']
bc61619d-a035-4ddd-a673-8ac8eb6e2462;com_right_r;0x1de4;0x1e50;0x1e40;TransmitterType.LOAD;22;2;False;['0x1de4', '0x1dec', '0x1e18', '0x1e40'];<BV64 LOAD_64[<BV64 LOAD_64[<BV64 x0 + 0x8>]_23>]_41 + (((0#3 .. x1[60:0]) << 0x3) + ((0#3 .. 0x1fffffffffffffff * LOAD_64[<BV64 LOAD_64[<BV64 x0 + 0x8>]_23 + 0x8>]_24[60:0]) << 0x3))>;64;[('0x1e14', <Bool x1 >=s LOAD_64[<BV64 LOAD_64[<BV64 x0 + 0x8>]_23 + 0x8>]_24>, 'Taken'), ('0x1e24', <Bool x1 <s (0x0 .. LOAD_32[<BV64 LOAD_64[<BV64 x0 + 0x8>]_23 + 0x10>]_25) + LOAD_64[<BV64 LOAD_64[<BV64 x0 + 0x8>]_23 + 0x8>]_24>, 'Taken')];[];['<BV64 x0>', '<BV64 x1>'];"[""<BV64 x0>: ['0x8']""]";['<BV64 x1>'];['<BV64 LOAD_64[<BV64 x0 + 0x8>]_23 + 0x8>', '<BV64 LOAD_64[<BV64 x0 + 0x8>]_23>', '<BV64 x0 + 0x8>'];[];0;18446744073709551615;18446744073709551615;1;;;True;0;18446744073709551615;18446744073709551615;1;;;False;ControlType.CONTROLLED;2;<BV64 ((0#3 .. x1[60:0]) << 0x3) + ((0#3 .. 0x1fffffffffffffff * LOAD_64[<BV64 LOAD_64[<BV64 x0 + 0x8>]_23 + 0x8>]_24[60:0]) << 0x3)>;64;[('0x1e14', <Bool x1 >=s LOAD_64[<BV64 LOAD_64[<BV64 x0 + 0x8>]_23 + 0x8>]_24>, 'Taken'), ('0x1e24', <Bool x1 <s (0x0 .. LOAD_32[<BV64 LOAD_64[<BV64 x0 + 0x8>]_23 + 0x10>]_25) + LOAD_64[<BV64 LOAD_64[<BV64 x0 + 0x8>]_23 + 0x8>]_24>, 'Taken')];[];['<BV64 x0>', '<BV64 x1>'];"[""<BV64 x0>: ['0x8']""]";['<BV64 x1>'];['<BV64 LOAD_64[<BV64 x0 + 0x8>]_23 + 0x8>', '<BV64 x0 + 0x8>'];[];0.0;1.8446744073709552e+19;1.8446744073709552e+19;8.0;;;False;0.0;17179869168.0;17179869168.0;8.0;;;False;ControlType.CONTROLLED;2;<BV64 (0#3 .. x1[60:0]) << 0x3>;64;[];[];['<BV64 x1>'];[];['<BV64 x1>'];[];[];0;18446744073709551608;18446744073709551608;8.0;;;True;0.0;1.8446744073709552e+19;1.8446744073709552e+19;8.0;;;False;ControlType.CONTROLLED;0;<BV64 LOAD_64[<BV64 LOAD_64[<BV64 x0 + 0x8>]_23>]_41>;64;[];[];['<BV64 x0>'];"[""<BV64 x0>: ['0x8']""]";[];['<BV64 LOAD_64[<BV64 x0 + 0x8>]_23>', '<BV64 x0 + 0x8>'];[];0.0;1.8446744073709552e+19;18446744073709551615;1;;;True;0.0;1.8446744073709552e+19;18446744073709551615;1;;;True;ControlType.CONTROLLED;2;<BV64 LOAD_64[<BV64 x0 + 0x8>]_23>;64;[];[];['<BV64 x0>'];"[""<BV64 x0>: ['0x8']""]";[];['<BV64 x0 + 0x8>'];[];0.0;1.8446744073709552e+19;1.8446744073709552e+19;1.0;;;True;0.0;1.8446744073709552e+19;1.8446744073709552e+19;1.0;;;True;ControlType.CONTROLLED;1;<BV64 LOAD_64[<BV64 LOAD_64[<BV64 x0 + 0x8>]_23>]_41>;64;[];[];[];[];[];[];[];0;0;0;;;;False;0;0;0;;;;False;ControlType.UNKNOWN;2;[('0x1de8', <Bool x0 != 0x0>, 'Taken'), ('0x1e14', <Bool x1 >=s LOAD_64[<BV64 LOAD_64[<BV64 x0 + 0x8>]_23 + 0x8>]_24>, 'Taken'), ('0x1e24', <Bool x1 <s (0x0 .. LOAD_32[<BV64 LOAD_64[<BV64 x0 + 0x8>]_23 + 0x10>]_25) + LOAD_64[<BV64 LOAD_64[<BV64 x0 + 0x8>]_23 + 0x8>]_24>, 'Taken')];{'regs': ['<BV64 x0>', '<BV64 x1>'], 'indirect_regs': [], 'direct_regs': ['<BV64 x0>', '<BV64 x1>'], 'mem': ['<BV64 LOAD_64[<BV64 x0 + 0x8>]_23 + 0x10>', '<BV64 LOAD_64[<BV64 x0 + 0x8>]_23 + 0x8>', '<BV64 x0 + 0x8>'], 'const_mem': []};[('0x1e18', <Bool LOAD_32[<BV64 LOAD_64[<BV64 x0 + 0x8>]_23 + 0x10>]_25[31:31] == 0>, 'ConditionType.SIGN_EXT')];"{'regs': ['<BV64 x0>'], 'indirect_regs': [""<BV64 x0>: ['0x8']""], 'direct_regs': [], 'mem': ['<BV64 LOAD_64[<BV64 x0 + 0x8>]_23 + 0x10>', '<BV64 x0 + 0x8>'], 'const_mem': []}";"{'regs': ['<BV64 x0>', '<BV64 x1>'], 'indirect_regs': [""<BV64 x0>: ['0x8', '0x8', '0x8']""], 'direct_regs': ['<BV64 x1>'], 'mem': ['<BV64 LOAD_64[<BV64 x0 + 0x8>]_23 + 0x10>', '<BV64 LOAD_64[<BV64 x0 + 0x8>]_23 + 0x8>', '<BV64 LOAD_64[<BV64 x0 + 0x8>]_23>', '<BV64 x0 + 0x8>'], 'const_mem': []}";{'regs': ['<BV64 x0>', '<BV64 x1>'], 'indirect_regs': [], 'direct_regs': ['<BV64 x0>', '<BV64 x1>'], 'mem': ['<BV64 LOAD_64[<BV64 x0 + 0x8>]_23 + 0x10>', '<BV64 LOAD_64[<BV64 x0 + 0x8>]_23 + 0x8>', '<BV64 LOAD_64[<BV64 x0 + 0x8>]_23>', '<BV64 x0 + 0x8>'], 'const_mem': []};63.0;0.0;64.0;64.0;[];;;<BV64 (0#3 .. 0x1fffffffffffffff * LOAD_64[<BV64 LOAD_64[<BV64 x0 + 0x8>]_23 + 0x8>]_24[60:0]) << 0x3>;BaseControlType.BASE_INDEPENDENT_FROM_SECRET;BaseControlType.BASE_INDEPENDENT_FROM_SECRET;BaseControlType.BASE_INDEPENDENT_FROM_SECRET;3;BranchControlType.BRANCH_DEPENDS_ON_SECRET_ADDRESS;BranchControlType.BRANCH_INDEPENDENT_FROM_SECRET;7760;True;True;True;True;True;False;False;True;True;True;True;False;True;False;True;True;True;False;True;True;['can_perform_known_prefix', 'can_adjust_base', 'perform_training'];[];True;False;True;True;True;False;False;True;True;True;True;False;True;False;True;True;True;False;True;False;[];['has_valid_base']
ac83f113-48bb-4b34-90e8-45e149e5c74e;com_right;0x1d84;0x1ddc;0x1dcc;TransmitterType.LOAD;17;2;False;['0x1d84', '0x1d94', '0x1da8', '0x1dcc'];<BV64 LOAD_64[<BV64 LOAD_64[<BV64 x0 + 0x8>]_22>]_39 + (((0#3 .. x1[60:0]) << 0x3) + ((0#3 .. 0x1fffffffffffffff * LOAD_64[<BV64 LOAD_64[<BV64 x0 + 0x8>]_22 + 0x8>]_23[60:0]) << 0x3))>;64;[('0x1da4', <Bool x1 >=s LOAD_64[<BV64 LOAD_64[<BV64 x0 + 0x8>]_22 + 0x8>]_23>, 'Taken'), ('0x1db4', <Bool x1 <s (0x0 .. LOAD_32[<BV64 LOAD_64[<BV64 x0 + 0x8>]_22 + 0x10>]_24) + LOAD_64[<BV64 LOAD_64[<BV64 x0 + 0x8>]_22 + 0x8>]_23>, 'Taken')];[];['<BV64 x0>', '<BV64 x1>'];"[""<BV64 x0>: ['0x8']""]";['<BV64 x1>'];['<BV64 LOAD_64[<BV64 x0 + 0x8>]_22 + 0x8>', '<BV64 LOAD_64[<BV64 x0 + 0x8>]_22>', '<BV64 x0 + 0x8>'];[];0;18446744073709551615;18446744073709551615;1;;;True;0;18446744073709551615;18446744073709551615;1;;;False;ControlType.CONTROLLED;2;<BV64 ((0#3 .. x1[60:0]) << 0x3) + ((0#3 .. 0x1fffffffffffffff * LOAD_64[<BV64 LOAD_64[<BV64 x0 + 0x8>]_22 + 0x8>]_23[60:0]) << 0x3)>;64;[('0x1da4', <Bool x1 >=s LOAD_64[<BV64 LOAD_64[<BV64 x0 + 0x8>]_22 + 0x8>]_23>, 'Taken'), ('0x1db4', <Bool x1 <s (0x0 .. LOAD_32[<BV64 LOAD_64[<BV64 x0 + 0x8>]_22 + 0x10>]_24) + LOAD_64[<BV64 LOAD_64[<BV64 x0 + 0x8>]_22 + 0x8>]_23>, 'Taken')];[];['<BV64 x0>', '<BV64 x1>'];"[""<BV64 x0>: ['0x8']""]";['<BV64 x1>'];['<BV64 LOAD_64[<BV64 x0 + 0x8>]_22 + 0x8>', '<BV64 x0 + 0x8>'];[];0.0;1.8446744073709552e+19;1.8446744073709552e+19;8.0;;;False;0.0;17179869168.0;17179869168.0;8.0;;;False;ControlType.CONTROLLED;2;<BV64 (0#3 .. x1[60:0]) << 0x3>;64;[];[];['<BV64 x1>'];[];['<BV64 x1>'];[];[];0;18446744073709551608;18446744073709551608;8.0;;;True;0.0;1.8446744073709552e+19;1.8446744073709552e+19;8.0;;;False;ControlType.CONTROLLED;0;<BV64 LOAD_64[<BV64 LOAD_64[<BV64 x0 + 0x8>]_22>]_39>;64;[];[];['<BV64 x0>'];"[""<BV64 x0>: ['0x8']""]";[];['<BV64 LOAD_64[<BV64 x0 + 0x8>]_22>', '<BV64 x0 + 0x8>'];[];0.0;1.8446744073709552e+19;18446744073709551615;1;;;True;0.0;1.8446744073709552e+19;18446744073709551615;1;;;True;ControlType.CONTROLLED;2;<BV64 LOAD_64[<BV64 x0 + 0x8>]_22>;64;[];[];['<BV64 x0>'];"[""<BV64 x0>: ['0x8']""]";[];['<BV64 x0 + 0x8>'];[];0.0;1.8446744073709552e+19;1.8446744073709552e+19;1.0;;;True;0.0;1.8446744073709552e+19;1.8446744073709552e+19;1.0;;;True;ControlType.CONTROLLED;1;<BV64 LOAD_64[<BV64 LOAD_64[<BV64 x0 + 0x8>]_22>]_39>;64;[];[];[];[];[];[];[];0;0;0;;;;False;0;0;0;;;;False;ControlType.UNKNOWN;2;[('0x1d90', <Bool x0 != 0x0>, 'Taken'), ('0x1da4', <Bool x1 >=s LOAD_64[<BV64 LOAD_64[<BV64 x0 + 0x8>]_22 + 0x8>]_23>, 'Taken'), ('0x1db4', <Bool x1 <s (0x0 .. LOAD_32[<BV64 LOAD_64[<BV64 x0 + 0x8>]_22 + 0x10>]_24) + LOAD_64[<BV64 LOAD_64[<BV64 x0 + 0x8>]_22 + 0x8>]_23>, 'Taken')];{'regs': ['<BV64 x0>', '<BV64 x1>'], 'indirect_regs': [], 'direct_regs': ['<BV64 x0>', '<BV64 x1>'], 'mem': ['<BV64 LOAD_64[<BV64 x0 + 0x8>]_22 + 0x10>', '<BV64 LOAD_64[<BV64 x0 + 0x8>]_22 + 0x8>', '<BV64 x0 + 0x8>'], 'const_mem': []};[('0x1da8', <Bool LOAD_32[<BV64 LOAD_64[<BV64 x0 + 0x8>]_22 + 0x10>]_24[31:31] == 0>, 'ConditionType.SIGN_EXT')];"{'regs': ['<BV64 x0>'], 'indirect_regs': [""<BV64 x0>: ['0x8']""], 'direct_regs': [], 'mem': ['<BV64 LOAD_64[<BV64 x0 + 0x8>]_22 + 0x10>', '<BV64 x0 + 0x8>'], 'const_mem': []}";"{'regs': ['<BV64 x0>', '<BV64 x1>'], 'indirect_regs': [""<BV64 x0>: ['0x8', '0x8', '0x8']""], 'direct_regs': ['<BV64 x1>'], 'mem': ['<BV64 LOAD_64[<BV64 x0 + 0x8>]_22 + 0x10>', '<BV64 LOAD_64[<BV64 x0 + 0x8>]_22 + 0x8>', '<BV64 LOAD_64[<BV64 x0 + 0x8>]_22>', '<BV64 x0 + 0x8>'], 'const_mem': []}";{'regs': ['<BV64 x0>', '<BV64 x1>'], 'indirect_regs': [], 'direct_regs': ['<BV64 x0>', '<BV64 x1>'], 'mem': ['<BV64 LOAD_64[<BV64 x0 + 0x8>]_22 + 0x10>', '<BV64 LOAD_64[<BV64 x0 + 0x8>]_22 + 0x8>', '<BV64 LOAD_64[<BV64 x0 + 0x8>]_22>', '<BV64 x0 + 0x8>'], 'const_mem': []};63.0;0.0;64.0;64.0;[];;;<BV64 (0#3 .. 0x1fffffffffffffff * LOAD_64[<BV64 LOAD_64[<BV64 x0 + 0x8>]_22 + 0x8>]_23[60:0]) << 0x3>;BaseControlType.BASE_INDEPENDENT_FROM_SECRET;BaseControlType.BASE_INDEPENDENT_FROM_SECRET;BaseControlType.BASE_INDEPENDENT_FROM_SECRET;3;BranchControlType.BRANCH_DEPENDS_ON_SECRET_ADDRESS;BranchControlType.BRANCH_INDEPENDENT_FROM_SECRET;7644;True;True;True;True;True;False;False;True;True;True;True;False;True;False;True;True;True;False;True;True;['can_perform_known_prefix', 'can_adjust_base', 'perform_training'];[];True;False;True;True;True;False;False;True;True;True;True;False;True;False;True;True;True;False;True;False;[];['has_valid_base']
7f3fe246-dd84-4b3c-bf3f-cc14bc635847;com_right_r;0x1de4;0x1e50;0x1e0c;TransmitterType.LOAD;22;2;False;['0x1de4', '0x1dec', '0x1e18', '0x1e40'];<BV64 LOAD_64[<BV64 LOAD_64[<BV64 x0 + 0x8>]_23>]_41 + (((0#3 .. x1[60:0]) << 0x3) + ((0#3 .. 0x1fffffffffffffff * LOAD_64[<BV64 LOAD_64[<BV64 x0 + 0x8>]_23 + 0x8>]_24[60:0]) << 0x3))>;64;[('0x1e14', <Bool x1 >=s LOAD_64[<BV64 LOAD_64[<BV64 x0 + 0x8>]_23 + 0x8>]_24>, 'Taken'), ('0x1e24', <Bool x1 <s (0x0 .. LOAD_32[<BV64 LOAD_64[<BV64 x0 + 0x8>]_23 + 0x10>]_25) + LOAD_64[<BV64 LOAD_64[<BV64 x0 + 0x8>]_23 + 0x8>]_24>, 'Taken')];[];['<BV64 x0>', '<BV64 x1>'];"[""<BV64 x0>: ['0x8']""]";['<BV64 x1>'];['<BV64 LOAD_64[<BV64 x0 + 0x8>]_23 + 0x8>', '<BV64 LOAD_64[<BV64 x0 + 0x8>]_23>', '<BV64 x0 + 0x8>'];[];0;18446744073709551615;18446744073709551615;1;;;True;0;18446744073709551615;18446744073709551615;1;;;False;ControlType.CONTROLLED;2;<BV64 LOAD_64[<BV64 LOAD_64[<BV64 x0 + 0x8>]_23>]_41 + ((0#3 .. x1[60:0]) << 0x3)>;64;[('0x1e14', <Bool x1 >=s LOAD_64[<BV64 LOAD_64[<BV64 x0 + 0x8>]_23 + 0x8>]_24>, 'Taken'), ('0x1e24', <Bool x1 <s (0x0 .. LOAD_32[<BV64 LOAD_64[<BV64 x0 + 0x8>]_23 + 0x10>]_25) + LOAD_64[<BV64 LOAD_64[<BV64 x0 + 0x8>]_23 + 0x8>]_24>, 'Taken')];[];['<BV64 x0>', '<BV64 x1>'];"[""<BV64 x0>: ['0x8']""]";['<BV64 x1>'];['<BV64 LOAD_64[<BV64 x0 + 0x8>]_23>', '<BV64 x0 + 0x8>'];[];0.0;1.8446744073709552e+19;1.8446744073709552e+19;1.0;;;True;0.0;1.8446744073709552e+19;1.8446744073709552e+19;1.0;;;False;ControlType.CONTROLLED;2;<BV64 (0#3 .. x1[60:0]) << 0x3>;64;[];[];['<BV64 x1>'];[];['<BV64 x1>'];[];[];0;18446744073709551608;18446744073709551608;8.0;;;True;0.0;1.8446744073709552e+19;1.8446744073709552e+19;8.0;;;False;ControlType.CONTROLLED;0;<BV64 (0#3 .. 0x1fffffffffffffff * LOAD_64[<BV64 LOAD_64[<BV64 x0 + 0x8>]_23 + 0x8>]_24[60:0]) << 0x3>;64;[('0x1e14', <Bool x1 >=s LOAD_64[<BV64 LOAD_64[<BV64 x0 + 0x8>]_23 + 0x8>]_24>, 'Taken'), ('0x1e24', <Bool x1 <s (0x0 .. LOAD_32[<BV64 LOAD_64[<BV64 x0 + 0x8>]_23 + 0x10>]_25) + LOAD_64[<BV64 LOAD_64[<BV64 x0 + 0x8>]_23 + 0x8>]_24>, 'Taken')];[];['<BV64 x0>'];"[""<BV64 x0>: ['0x8']""]";[];['<BV64 LOAD_64[<BV64 x0 + 0x8>]_23 + 0x8>', '<BV64 x0 + 0x8>'];[];0.0;1.8446744073709552e+19;18446744073709551608;8;;;False;0.0;1.8446744073709552e+19;18446744073709551608;8;;;False;ControlType.CONTROLLED;2;<BV64 LOAD_64[<BV64 x0 + 0x8>]_23 + 0x8>;64;[];[];['<BV64 x0>'];"[""<BV64 x0>: ['0x8']""]";[];['<BV64 x0 + 0x8>'];[];0.0;1.8446744073709552e+19;1.8446744073709552e+19;1.0;;;True;0.0;1.8446744073709552e+19;1.8446744073709552e+19;1.0;;;True;ControlType.CONTROLLED;1;<BV64 LOAD_64[<BV64 LOAD_64[<BV64 x0 + 0x8>]_23 + 0x8>]_24>;64;[];[];[];[];[];[];[];0;0;0;;;;False;0;0;0;;;;False;ControlType.UNKNOWN;2;[('0x1de8', <Bool x0 != 0x0>, 'Taken'), ('0x1e14', <Bool x1 >=s LOAD_64[<BV64 LOAD_64[<BV64 x0 + 0x8>]_23 + 0x8>]_24>, 'Taken'), ('0x1e24', <Bool x1 <s (0x0 .. LOAD_32[<BV64 LOAD_64[<BV64 x0 + 0x8>]_23 + 0x10>]_25) + LOAD_64[<BV64 LOAD_64[<BV64 x0 + 0x8>]_23 + 0x8>]_24>, 'Taken')];{'regs': ['<BV64 x0>', '<BV64 x1>'], 'indirect_regs': [], 'direct_regs': ['<BV64 x0>', '<BV64 x1>'], 'mem': ['<BV64 LOAD_64[<BV64 x0 + 0x8>]_23 + 0x10>', '<BV64 LOAD_64[<BV64 x0 + 0x8>]_23 + 0x8>', '<BV64 x0 + 0x8>'], 'const_mem': []};[('0x1e18', <Bool LOAD_32[<BV64 LOAD_64[<BV64 x0 + 0x8>]_23 + 0x10>]_25[31:31] == 0>, 'ConditionType.SIGN_EXT')];"{'regs': ['<BV64 x0>'], 'indirect_regs': [""<BV64 x0>: ['0x8']""], 'direct_regs': [], 'mem': ['<BV64 LOAD_64[<BV64 x0 + 0x8>]_23 + 0x10>', '<BV64 x0 + 0x8>'], 'const_mem': []}";"{'regs': ['<BV64 x0>', '<BV64 x1>'], 'indirect_regs': [""<BV64 x0>: ['0x8', '0x8', '0x8']""], 'direct_regs': ['<BV64 x1>'], 'mem': ['<BV64 LOAD_64[<BV64 x0 + 0x8>]_23 + 0x10>', '<BV64 LOAD_64[<BV64 x0 + 0x8>]_23 + 0x8>', '<BV64 LOAD_64[<BV64 x0 + 0x8>]_23>', '<BV64 x0 + 0x8>'], 'const_mem': []}";{'regs': ['<BV64 x0>', '<BV64 x1>'], 'indirect_regs': [], 'direct_regs': ['<BV64 x0>', '<BV64 x1>'], 'mem': ['<BV64 LOAD_64[<BV64 x0 + 0x8>]_23 + 0x10>', '<BV64 LOAD_64[<BV64 x0 + 0x8>]_23 + 0x8>', '<BV64 LOAD_64[<BV64 x0 + 0x8>]_23>', '<BV64 x0 + 0x8>'], 'const_mem': []};63.0;3.0;61.0;61.0;[];;;<BV64 LOAD_64[<BV64 LOAD_64[<BV64 x0 + 0x8>]_23>]_41>;BaseControlType.BASE_INDEPENDENT_FROM_SECRET;BaseControlType.BASE_INDIRECTLY_DEPENDS_ON_SECRET_ADDR;BaseControlType.BASE_INDIRECTLY_DEPENDS_ON_SECRET_ADDR;3;BranchControlType.BRANCH_DEPENDS_ON_SECRET_VALUE;BranchControlType.BRANCH_INDEPENDENT_FROM_SECRET;7760;True;True;True;True;True;False;True;True;True;True;True;False;True;False;True;True;True;False;True;True;['can_perform_known_prefix', 'can_adjust_base', 'perform_training'];[];True;True;True;True;True;False;True;True;True;True;True;False;True;False;True;True;True;False;True;True;['can_perform_known_prefix', 'can_adjust_base', 'perform_training'];[]
580e3992-05de-4210-ac52-dcaa8859e89c;com_right;0x1d84;0x1ddc;0x1d9c;TransmitterType.LOAD;17;2;False;['0x1d84', '0x1d94', '0x1da8', '0x1dcc'];<BV64 LOAD_64[<BV64 LOAD_64[<BV64 x0 + 0x8>]_22>]_39 + (((0#3 .. x1[60:0]) << 0x3) + ((0#3 .. 0x1fffffffffffffff * LOAD_64[<BV64 LOAD_64[<BV64 x0 + 0x8>]_22 + 0x8>]_23[60:0]) << 0x3))>;64;[('0x1da4', <Bool x1 >=s LOAD_64[<BV64 LOAD_64[<BV64 x0 + 0x8>]_22 + 0x8>]_23>, 'Taken'), ('0x1db4', <Bool x1 <s (0x0 .. LOAD_32[<BV64 LOAD_64[<BV64 x0 + 0x8>]_22 + 0x10>]_24) + LOAD_64[<BV64 LOAD_64[<BV64 x0 + 0x8>]_22 + 0x8>]_23>, 'Taken')];[];['<BV64 x0>', '<BV64 x1>'];"[""<BV64 x0>: ['0x8']""]";['<BV64 x1>'];['<BV64 LOAD_64[<BV64 x0 + 0x8>]_22 + 0x8>', '<BV64 LOAD_64[<BV64 x0 + 0x8>]_22>', '<BV64 x0 + 0x8>'];[];0;18446744073709551615;18446744073709551615;1;;;True;0;18446744073709551615;18446744073709551615;1;;;False;ControlType.CONTROLLED;2;<BV64 LOAD_64[<BV64 LOAD_64[<BV64 x0 + 0x8>]_22>]_39 + ((0#3 .. x1[60:0]) << 0x3)>;64;[('0x1da4', <Bool x1 >=s LOAD_64[<BV64 LOAD_64[<BV64 x0 + 0x8>]_22 + 0x8>]_23>, 'Taken'), ('0x1db4', <Bool x1 <s (0x0 .. LOAD_32[<BV64 LOAD_64[<BV64 x0 + 0x8>]_22 + 0x10>]_24) + LOAD_64[<BV64 LOAD_64[<BV64 x0 + 0x8>]_22 + 0x8>]_23>, 'Taken')];[];['<BV64 x0>', '<BV64 x1>'];"[""<BV64 x0>: ['0x8']""]";['<BV64 x1>'];['<BV64 LOAD_64[<BV64 x0 + 0x8>]_22>', '<BV64 x0 + 0x8>'];[];0.0;1.8446744073709552e+19;1.8446744073709552e+19;1.0;;;True;0.0;1.8446744073709552e+19;1.8446744073709552e+19;1.0;;;False;ControlType.CONTROLLED;2;<BV64 (0#3 .. x1[60:0]) << 0x3>;64;[];[];['<BV64 x1>'];[];['<BV64 x1>'];[];[];0;18446744073709551608;18446744073709551608;8.0;;;True;0.0;1.8446744073709552e+19;1.8446744073709552e+19;8.0;;;False;ControlType.CONTROLLED;0;<BV64 (0#3 .. 0x1fffffffffffffff * LOAD_64[<BV64 LOAD_64[<BV64 x0 + 0x8>]_22 + 0x8>]_23[60:0]) << 0x3>;64;[('0x1da4', <Bool x1 >=s LOAD_64[<BV64 LOAD_64[<BV64 x0 + 0x8>]_22 + 0x8>]_23>, 'Taken'), ('0x1db4', <Bool x1 <s (0x0 .. LOAD_32[<BV64 LOAD_64[<BV64 x0 + 0x8>]_22 + 0x10>]_24) + LOAD_64[<BV64 LOAD_64[<BV64 x0 + 0x8>]_22 + 0x8>]_23>, 'Taken')];[];['<BV64 x0>'];"[""<BV64 x0>: ['0x8']""]";[];['<BV64 LOAD_64[<BV64 x0 + 0x8>]_22 + 0x8>', '<BV64 x0 + 0x8>'];[];0.0;1.8446744073709552e+19;18446744073709551608;8;;;False;0.0;1.8446744073709552e+19;18446744073709551608;8;;;False;ControlType.CONTROLLED;2;<BV64 LOAD_64[<BV64 x0 + 0x8>]_22 + 0x8>;64;[];[];['<BV64 x0>'];"[""<BV64 x0>: ['0x8']""]";[];['<BV64 x0 + 0x8>'];[];0.0;1.8446744073709552e+19;1.8446744073709552e+19;1.0;;;True;0.0;1.8446744073709552e+19;1.8446744073709552e+19;1.0;;;True;ControlType.CONTROLLED;1;<BV64 LOAD_64[<BV64 LOAD_64[<BV64 x0 + 0x8>]_22 + 0x8>]_23>;64;[];[];[];[];[];[];[];0;0;0;;;;False;0;0;0;;;;False;ControlType.UNKNOWN;2;[('0x1d90', <Bool x0 != 0x0>, 'Taken'), ('0x1da4', <Bool x1 >=s LOAD_64[<BV64 LOAD_64[<BV64 x0 + 0x8>]_22 + 0x8>]_23>, 'Taken'), ('0x1db4', <Bool x1 <s (0x0 .. LOAD_32[<BV64 LOAD_64[<BV64 x0 + 0x8>]_22 + 0x10>]_24) + LOAD_64[<BV64 LOAD_64[<BV64 x0 + 0x8>]_22 + 0x8>]_23>, 'Taken')];{'regs': ['<BV64 x0>', '<BV64 x1>'], 'indirect_regs': [], 'direct_regs': ['<BV64 x0>', '<BV64 x1>'], 'mem': ['<BV64 LOAD_64[<BV64 x0 + 0x8>]_22 + 0x10>', '<BV64 LOAD_64[<BV64 x0 + 0x8>]_22 + 0x8>', '<BV64 x0 + 0x8>'], 'const_mem': []};[('0x1da8', <Bool LOAD_32[<BV64 LOAD_64[<BV64 x0 + 0x8>]_22 + 0x10>]_24[31:31] == 0>, 'ConditionType.SIGN_EXT')];"{'regs': ['<BV64 x0>'], 'indirect_regs': [""<BV64 x0>: ['0x8']""], 'direct_regs': [], 'mem': ['<BV64 LOAD_64[<BV64 x0 + 0x8>]_22 + 0x10>', '<BV64 x0 + 0x8>'], 'const_mem': []}";"{'regs': ['<BV64 x0>', '<BV64 x1>'], 'indirect_regs': [""<BV64 x0>: ['0x8', '0x8', '0x8']""], 'direct_regs': ['<BV64 x1>'], 'mem': ['<BV64 LOAD_64[<BV64 x0 + 0x8>]_22 + 0x10>', '<BV64 LOAD_64[<BV64 x0 + 0x8>]_22 + 0x8>', '<BV64 LOAD_64[<BV64 x0 + 0x8>]_22>', '<BV64 x0 + 0x8>'], 'const_mem': []}";{'regs': ['<BV64 x0>', '<BV64 x1>'], 'indirect_regs': [], 'direct_regs': ['<BV64 x0>', '<BV64 x1>'], 'mem': ['<BV64 LOAD_64[<BV64 x0 + 0x8>]_22 + 0x10>', '<BV64 LOAD_64[<BV64 x0 + 0x8>]_22 + 0x8>', '<BV64 LOAD_64[<BV64 x0 + 0x8>]_22>', '<BV64 x0 + 0x8>'], 'const_mem': []};63.0;3.0;61.0;61.0;[];;;<BV64 LOAD_64[<BV64 LOAD_64[<BV64 x0 + 0x8>]_22>]_39>;BaseControlType.BASE_INDEPENDENT_FROM_SECRET;BaseControlType.BASE_INDIRECTLY_DEPENDS_ON_SECRET_ADDR;BaseControlType.BASE_INDIRECTLY_DEPENDS_ON_SECRET_ADDR;3;BranchControlType.BRANCH_DEPENDS_ON_SECRET_VALUE;BranchControlType.BRANCH_INDEPENDENT_FROM_SECRET;7644;True;True;True;True;True;False;True;True;True;True;True;False;True;False;True;True;True;False;True;True;['can_perform_known_prefix', 'can_adjust_base', 'perform_training'];[];True;True;True;True;True;False;True;True;True;True;True;False;True;False;True;True;True;False;True;True;['can_perform_known_prefix', 'can_adjust_base', 'perform_training'];[]
f9923c34-ccf3-4013-b0a3-9f7b2a5e9c9b;com_right_r;0x1de4;0x1e28;0x0;TransmitterType.LOAD;14;0;False;['0x1de4', '0x1dec', '0x1e28'];<BV64 x0>;64;[('0x1de8', <Bool x0 != 0x0>, 'Taken')];[];['<BV64 x0>'];[];['<BV64 x0>'];[];[];0;18446744073709551615;18446744073709551615;1;;;True;1;18446744073709551615;18446744073709551614;1;;;True;ControlType.CONTROLLED;0;;0;[];[];[];[];[];[];[];0.0;0.0;0.0;0.0;;;False;0.0;0.0;0.0;0.0;;;False;ControlType.UNKNOWN;0;;0;[];[];[];[];[];[];[];0;0;0;;;;False;0.0;0.0;0.0;0.0;;;False;ControlType.UNKNOWN;0;<BV64 x0>;64;[('0x1de8', <Bool x0 != 0x0>, 'Taken')];[];['<BV64 x0>'];[];['<BV64 x0>'];[];[];0.0;1.8446744073709552e+19;18446744073709551615;1;;;True;1.0;1.8446744073709552e+19;18446744073709551614;1;;;True;ControlType.CONTROLLED;0;<BV64 x0>;64;[('0x1de8', <Bool x0 != 0x0>, 'Taken')];[];['<BV64 x0>'];[];['<BV64 x0>'];[];[];0.0;1.8446744073709552e+19;1.8446744073709552e+19;1.0;;;True;1.0;1.8446744073709552e+19;1.8446744073709552e+19;1.0;;;True;ControlType.CONTROLLED;0;<BV64 x0>;64;[];[];[];[];[];[];[];0;0;0;;;;False;0;0;0;;;;False;ControlType.UNKNOWN;0;[('0x1de8', <Bool x0 != 0x0>, 'Taken'), ('0x1e14', <Bool x1 <s LOAD_64[<BV64 LOAD_64[<BV64 x0 + 0x8>]_23 + 0x8>]_24>, 'Taken')];{'regs': ['<BV64 x0>', '<BV64 x1>'], 'indirect_regs': [], 'direct_regs': ['<BV64 x0>', '<BV64 x1>'], 'mem': ['<BV64 LOAD_64[<BV64 x0 + 0x8>]_23 + 0x8>', '<BV64 x0 + 0x8>'], 'const_mem': []};[];{'regs': [], 'indirect_regs': [], 'direct_regs': [], 'mem': [], 'const_mem': []};{'regs': ['<BV64 x0>'], 'indirect_regs': [], 'direct_regs': ['<BV64 x0>'], 'mem': [], 'const_mem': []};{'regs': ['<BV64 x0>', '<BV64 x1>'], 'indirect_regs': [], 'direct_regs': ['<BV64 x0>', '<BV64 x1>'], 'mem': ['<BV64 LOAD_64[<BV64 x0 + 0x8>]_23 + 0x8>', '<BV64 x0 + 0x8>'], 'const_mem': []};63.0;0.0;64.0;64.0;[];;;;BaseControlType.NO_BASE;BaseControlType.NO_BASE;BaseControlType.NO_BASE;2;BranchControlType.BRANCH_DEPENDS_ON_SECRET_VALUE;BranchControlType.BRANCH_INDEPENDENT_FROM_SECRET;7720;True;False;True;True;True;False;False;True;True;False;False;False;True;False;True;True;True;False;True;False;[];['has_valid_base'];True;False;True;True;True;False;False;True;True;False;False;False;True;False;True;True;True;False;True;False;[];['has_valid_base']
e717b5f4-1e43-4bc8-b41b-0afe5dd1cd20;com_right;0x1d84;0x1db8;0x0;TransmitterType.LOAD;10;0;False;['0x1d84', '0x1d94', '0x1db8'];<BV64 x0>;64;[('0x1d90', <Bool x0 != 0x0>, 'Taken')];[];['<BV64 x0>'];[];['<BV64 x0>'];[];[];0;18446744073709551615;18446744073709551615;1;;;True;1;18446744073709551615;18446744073709551614;1;;;True;ControlType.CONTROLLED;0;;0;[];[];[];[];[];[];[];0.0;0.0;0.0;0.0;;;False;0.0;0.0;0.0;0.0;;;False;ControlType.UNKNOWN;0;;0;[];[];[];[];[];[];[];0;0;0;;;;False;0.0;0.0;0.0;0.0;;;False;ControlType.UNKNOWN;0;<BV64 x0>;64;[('0x1d90', <Bool x0 != 0x0>, 'Taken')];[];['<BV64 x0>'];[];['<BV64 x0>'];[];[];0.0;1.8446744073709552e+19;18446744073709551615;1;;;True;1.0;1.8446744073709552e+19;18446744073709551614;1;;;True;ControlType.CONTROLLED;0;<BV64 x0>;64;[('0x1d90', <Bool x0 != 0x0>, 'Taken')];[];['<BV64 x0>'];[];['<BV64 x0>'];[];[];0.0;1.8446744073709552e+19;1.8446744073709552e+19;1.0;;;True;1.0;1.8446744073709552e+19;1.8446744073709552e+19;1.0;;;True;ControlType.CONTROLLED;0;<BV64 x0>;64;[];[];[];[];[];[];[];0;0;0;;;;False;0;0;0;;;;False;ControlType.UNKNOWN;0;[('0x1d90', <Bool x0 != 0x0>, 'Taken'), ('0x1da4', <Bool x1 <s LOAD_64[<BV64 LOAD_64[<BV64 x0 + 0x8>]_22 + 0x8>]_23>, 'Taken')];{'regs': ['<BV64 x0>', '<BV64 x1>'], 'indirect_regs': [], 'direct_regs': ['<BV64 x0>', '<BV64 x1>'], 'mem': ['<BV64 LOAD_64[<BV64 x0 + 0x8>]_22 + 0x8>', '<BV64 x0 + 0x8>'], 'const_mem': []};[];{'regs': [], 'indirect_regs': [], 'direct_regs': [], 'mem': [], 'const_mem': []};{'regs': ['<BV64 x0>'], 'indirect_regs': [], 'direct_regs': ['<BV64 x0>'], 'mem': [], 'const_mem': []};{'regs': ['<BV64 x0>', '<BV64 x1>'], 'indirect_regs': [], 'direct_regs': ['<BV64 x0>', '<BV64 x1>'], 'mem': ['<BV64 LOAD_64[<BV64 x0 + 0x8>]_22 + 0x8>', '<BV64 x0 + 0x8>'], 'const_mem': []};63.0;0.0;64.0;64.0;[];;;;BaseControlType.NO_BASE;BaseControlType.NO_BASE;BaseControlType.NO_BASE;2;BranchControlType.BRANCH_DEPENDS_ON_SECRET_VALUE;BranchControlType.BRANCH_INDEPENDENT_FROM_SECRET;7608;True;False;True;True;True;False;False;True;True;False;False;False;True;False;True;True;True;False;True;False;[];['has_valid_base'];True;False;True;True;True;False;False;True;True;False;False;False;True;False;True;True;True;False;True;False;[];['has_valid_base']
10d9bd2d-df44-4ac5-b564-3513afd4fc23;com_right_r;0x1de4;0x1e08;0x1e28;TransmitterType.LOAD;16;1;False;['0x1de4', '0x1dec', '0x1e28', '0x1e08'];<BV64 0x8 + LOAD_64[<BV64 x0>]_44>;64;[('0x1e2c', <Bool LOAD_64[<BV64 x0>]_44 != 0x0>, 'Taken')];[];['<BV64 x0>'];"[""<BV64 x0>: ['0x0']""]";[];['<BV64 x0>'];[];0;18446744073709551615;18446744073709551615;1;;;True;9;7;18446744073709551614;1;;;True;ControlType.CONTROLLED;1;<BV64 0x8>;64;[];[];[];[];[];[];[];8.0;8.0;0.0;1.0;;;True;8.0;8.0;0.0;1.0;;;True;ControlType.NO_CONTROL;0;<BV64 0x8>;64;[];[];[];[];[];[];[];8;8;0;1.0;;;True;8.0;8.0;0.0;1.0;;;True;ControlType.NO_CONTROL;0;<BV64 LOAD_64[<BV64 x0>]_44>;64;[('0x1e2c', <Bool LOAD_64[<BV64 x0>]_44 != 0x0>, 'Taken')];[];['<BV64 x0>'];"[""<BV64 x0>: ['0x0']""]";[];['<BV64 x0>'];[];0.0;1.8446744073709552e+19;18446744073709551615;1;;;True;1.0;1.8446744073709552e+19;18446744073709551614;1;;;True;ControlType.CONTROLLED;1;<BV64 x0>;64;[('0x1de8', <Bool x0 != 0x0>, 'Taken')];[];['<BV64 x0>'];[];['<BV64 x0>'];[];[];0.0;1.8446744073709552e+19;1.8446744073709552e+19;1.0;;;True;1.0;1.8446744073709552e+19;1.8446744073709552e+19;1.0;;;True;ControlType.CONTROLLED;0;<BV64 LOAD_64[<BV64 x0>]_44>;64;[];[];[];[];[];[];[];0;0;0;;;;False;0;0;0;;;;False;ControlType.UNKNOWN;1;[('0x1de8', <Bool x0 != 0x0>, 'Taken'), ('0x1e14', <Bool x1 <s LOAD_64[<BV64 LOAD_64[<BV64 x0 + 0x8>]_23 + 0x8>]_24>, 'Taken'), ('0x1e2c', <Bool LOAD_64[<BV64 x0>]_44 != 0x0>, 'Taken')];{'regs': ['<BV64 x0>', '<BV64 x1>'], 'indirect_regs': [], 'direct_regs': ['<BV64 x0>', '<BV64 x1>'], 'mem': ['<BV64 LOAD_64[<BV64 x0 + 0x8>]_23 + 0x8>', '<BV64 x0 + 0x8>', '<BV64 x0>'], 'const_mem': []};[];{'regs': [], 'indirect_regs': [], 'direct_regs': [], 'mem': [], 'const_mem': []};{'regs': ['<BV64 x0>'], 'indirect_regs': [], 'direct_regs': ['<BV64 x0>'], 'mem': ['<BV64 x0>'], 'const_mem': []};{'regs': ['<BV64 x0>', '<BV64 x1>'], 'indirect_regs': [], 'direct_regs': ['<BV64 x0>', '<BV64 x1>'], 'mem': ['<BV64 LOAD_64[<BV64 x0 + 0x8>]_23 + 0x8>', '<BV64 x0 + 0x8>', '<BV64 x0>'], 'const_mem': []};63.0;0.0;64.0;64.0;[];;;;BaseControlType.CONSTANT_BASE;BaseControlType.CONSTANT_BASE;BaseControlType.CONSTANT_BASE;3;BranchControlType.BRANCH_DEPENDS_ON_SECRET_VALUE;BranchControlType.BRANCH_INDEPENDENT_FROM_SECRET;7688;True;False;True;True;True;False;False;True;True;False;False;False;True;False;True;True;True;False;True;False;[];['has_valid_base'];True;False;True;True;True;False;False;True;True;False;False;False;True;False;True;True;True;False;True;False;[];['has_valid_base']
93226aba-23b7-4a15-b5fe-f90c45f76398;com_right;0x1d84;0x1d98;0x1db8;TransmitterType.LOAD;12;1;False;['0x1d84', '0x1d94', '0x1db8', '0x1d98'];<BV64 0x8 + LOAD_64[<BV64 x0>]_43>;64;[('0x1dbc', <Bool LOAD_64[<BV64 x0>]_43 != 0x0>, 'Taken')];[];['<BV64 x0>'];"[""<BV64 x0>: ['0x0']""]";[];['<BV64 x0>'];[];0;18446744073709551615;18446744073709551615;1;;;True;9;7;18446744073709551614;1;;;True;ControlType.CONTROLLED;1;<BV64 0x8>;64;[];[];[];[];[];[];[];8.0;8.0;0.0;1.0;;;True;8.0;8.0;0.0;1.0;;;True;ControlType.NO_CONTROL;0;<BV64 0x8>;64;[];[];[];[];[];[];[];8;8;0;1.0;;;True;8.0;8.0;0.0;1.0;;;True;ControlType.NO_CONTROL;0;<BV64 LOAD_64[<BV64 x0>]_43>;64;[('0x1dbc', <Bool LOAD_64[<BV64 x0>]_43 != 0x0>, 'Taken')];[];['<BV64 x0>'];"[""<BV64 x0>: ['0x0']""]";[];['<BV64 x0>'];[];0.0;1.8446744073709552e+19;18446744073709551615;1;;;True;1.0;1.8446744073709552e+19;18446744073709551614;1;;;True;ControlType.CONTROLLED;1;<BV64 x0>;64;[('0x1d90', <Bool x0 != 0x0>, 'Taken')];[];['<BV64 x0>'];[];['<BV64 x0>'];[];[];0.0;1.8446744073709552e+19;1.8446744073709552e+19;1.0;;;True;1.0;1.8446744073709552e+19;1.8446744073709552e+19;1.0;;;True;ControlType.CONTROLLED;0;<BV64 LOAD_64[<BV64 x0>]_43>;64;[];[];[];[];[];[];[];0;0;0;;;;False;0;0;0;;;;False;ControlType.UNKNOWN;1;[('0x1d90', <Bool x0 != 0x0>, 'Taken'), ('0x1da4', <Bool x1 <s LOAD_64[<BV64 LOAD_64[<BV64 x0 + 0x8>]_22 + 0x8>]_23>, 'Taken'), ('0x1dbc', <Bool LOAD_64[<BV64 x0>]_43 != 0x0>, 'Taken')];{'regs': ['<BV64 x0>', '<BV64 x1>'], 'indirect_regs': [], 'direct_regs': ['<BV64 x0>', '<BV64 x1>'], 'mem': ['<BV64 LOAD_64[<BV64 x0 + 0x8>]_22 + 0x8>', '<BV64 x0 + 0x8>', '<BV64 x0>'], 'const_mem': []};[];{'regs': [], 'indirect_regs': [], 'direct_regs': [], 'mem': [], 'const_mem': []};{'regs': ['<BV64 x0>'], 'indirect_regs': [], 'direct_regs': ['<BV64 x0>'], 'mem': ['<BV64 x0>'], 'const_mem': []};{'regs': ['<BV64 x0>', '<BV64 x1>'], 'indirect_regs': [], 'direct_regs': ['<BV64 x0>', '<BV64 x1>'], 'mem': ['<BV64 LOAD_64[<BV64 x0 + 0x8>]_22 + 0x8>', '<BV64 x0 + 0x8>', '<BV64 x0>'], 'const_mem': []};63.0;0.0;64.0;64.0;[];;;;BaseControlType.CONSTANT_BASE;BaseControlType.CONSTANT_BASE;BaseControlType.CONSTANT_BASE;3;BranchControlType.BRANCH_DEPENDS_ON_SECRET_VALUE;BranchControlType.BRANCH_INDEPENDENT_FROM_SECRET;7576;True;False;True;True;True;False;False;True;True;False;False;False;True;False;True;True;True;False;True;False;[];['has_valid_base'];True;False;True;True;True;False;False;True;True;False;False;False;True;False;True;True;True;False;True;False;[];['has_valid_base']
fd528d6f-65d4-437e-a983-1a903378155b;com_right_r;0x1de4;0x1e0c;0x1e08;TransmitterType.LOAD;17;2;False;['0x1de4', '0x1dec', '0x1e28', '0x1e08'];<BV64 0x8 + LOAD_64[<BV64 LOAD_64[<BV64 x0>]_44 + 0x8>]_48>;64;[];[];['<BV64 x0>'];"[""<BV64 x0>: ['0x0']""]";[];['<BV64 LOAD_64[<BV64 x0>]_44 + 0x8>', '<BV64 x0>'];[];0;18446744073709551615;18446744073709551615;1;;;True;0;18446744073709551615;18446744073709551615;1;;;True;ControlType.CONTROLLED;2;<BV64 0x8>;64;[];[];[];[];[];[];[];8.0;8.0;0.0;1.0;;;True;8.0;8.0;0.0;1.0;;;True;ControlType.NO_CONTROL;0;<BV64 0x8>;64;[];[];[];[];[];[];[];8;8;0;1.0;;;True;8.0;8.0;0.0;1.0;;;True;ControlType.NO_CONTROL;0;<BV64 LOAD_64[<BV64 LOAD_64[<BV64 x0>]_44 + 0x8>]_48>;64;[];[];['<BV64 x0>'];"[""<BV64 x0>: ['0x0']""]";[];['<BV64 LOAD_64[<BV64 x0>]_44 + 0x8>', '<BV64 x0>'];[];0.0;1.8446744073709552e+19;18446744073709551615;1;;;True;0.0;1.8446744073709552e+19;18446744073709551615;1;;;True;ControlType.CONTROLLED;2;<BV64 LOAD_64[<BV64 x0>]_44 + 0x8>;64;[('0x1e2c', <Bool LOAD_64[<BV64 x0>]_44 != 0x0>, 'Taken')];[];['<BV64 x0>'];"[""<BV64 x0>: ['0x0']""]";[];['<BV64 x0>'];[];0.0;1.8446744073709552e+19;1.8446744073709552e+19;1.0;;;True;9.0;7.0;1.8446744073709552e+19;1.0;;;True;ControlType.CONTROLLED;1;<BV64 LOAD_64[<BV64 LOAD_64[<BV64 x0>]_44 + 0x8>]_48>;64;[];[];[];[];[];[];[];0;0;0;;;;False;0;0;0;;;;False;ControlType.UNKNOWN;2;[('0x1de8', <Bool x0 != 0x0>, 'Taken'), ('0x1e14', <Bool x1 <s LOAD_64[<BV64 LOAD_64[<BV64 x0 + 0x8>]_23 + 0x8>]_24>, 'Taken'), ('0x1e2c', <Bool LOAD_64[<BV64 x0>]_44 != 0x0>, 'Taken')];{'regs': ['<BV64 x0>', '<BV64 x1>'], 'indirect_regs': [], 'direct_regs': ['<BV64 x0>', '<BV64 x1>'], 'mem': ['<BV64 LOAD_64[<BV64 x0 + 0x8>]_23 + 0x8>', '<BV64 x0 + 0x8>', '<BV64 x0>'], 'const_mem': []};[];{'regs': [], 'indirect_regs': [], 'direct_regs': [], 'mem': [], 'const_mem': []};"{'regs': ['<BV64 x0>'], 'indirect_regs': [""<BV64 x0>: ['0x0', '0x0']""], 'direct_regs': [], 'mem': ['<BV64 LOAD_64[<BV64 x0>]_44 + 0x8>', '<BV64 x0>'], 'const_mem': []}";{'regs': ['<BV64 x0>', '<BV64 x1>'], 'indirect_regs': [], 'direct_regs': ['<BV64 x0>', '<BV64 x1>'], 'mem': ['<BV64 LOAD_64[<BV64 x0 + 0x8>]_23 + 0x8>', '<BV64 LOAD_64[<BV64 x0>]_44 + 0x8>', '<BV64 x0 + 0x8>', '<BV64 x0>'], 'const_mem': []};63.0;0.0;64.0;64.0;[];;;;BaseControlType.CONSTANT_BASE;BaseControlType.CONSTANT_BASE;BaseControlType.CONSTANT_BASE;3;BranchControlType.BRANCH_DEPENDS_ON_SECRET_ADDRESS;BranchControlType.BRANCH_INDEPENDENT_FROM_SECRET;7692;True;False;True;True;True;False;False;True;True;False;False;False;True;False;True;True;True;False;True;False;[];['has_valid_base'];True;False;True;True;True;False;False;True;True;False;False;False;True;False;True;True;True;False;True;False;[];['has_valid_base']
4a77fadd-1198-462a-bcfc-823b3bf51cbe;com_right;0x1d84;0x1d9c;0x1d98;TransmitterType.LOAD;13;2;False;['0x1d84', '0x1d94', '0x1db8', '0x1d98'];<BV64 0x8 + LOAD_64[<BV64 LOAD_64[<BV64 x0>]_43 + 0x8>]_46>;64;[];[];['<BV64 x0>'];"[""<BV64 x0>: ['0x0']""]";[];['<BV64 LOAD_64[<BV64 x0>]_43 + 0x8>', '<BV64 x0>'];[];0;18446744073709551615;18446744073709551615;1;;;True;0;18446744073709551615;18446744073709551615;1;;;True;ControlType.CONTROLLED;2;<BV64 0x8>;64;[];[];[];[];[];[];[];8.0;8.0;0.0;1.0;;;True;8.0;8.0;0.0;1.0;;;True;ControlType.NO_CONTROL;0;<BV64 0x8>;64;[];[];[];[];[];[];[];8;8;0;1.0;;;True;8.0;8.0;0.0;1.0;;;True;ControlType.NO_CONTROL;0;<BV64 LOAD_64[<BV64 LOAD_64[<BV64 x0>]_43 + 0x8>]_46>;64;[];[];['<BV64 x0>'];"[""<BV64 x0>: ['0x0']""]";[];['<BV64 LOAD_64[<BV64 x0>]_43 + 0x8>', '<BV64 x0>'];[];0.0;1.8446744073709552e+19;18446744073709551615;1;;;True;0.0;1.8446744073709552e+19;18446744073709551615;1;;;True;ControlType.CONTROLLED;2;<BV64 LOAD_64[<BV64 x0>]_43 + 0x8>;64;[('0x1dbc', <Bool LOAD_64[<BV64 x0>]_43 != 0x0>, 'Taken')];[];['<BV64 x0>'];"[""<BV64 x0>: ['0x0']""]";[];['<BV64 x0>'];[];0.0;1.8446744073709552e+19;1.8446744073709552e+19;1.0;;;True;9.0;7.0;1.8446744073709552e+19;1.0;;;True;ControlType.CONTROLLED;1;<BV64 LOAD_64[<BV64 LOAD_64[<BV64 x0>]_43 + 0x8>]_46>;64;[];[];[];[];[];[];[];0;0;0;;;;False;0;0;0;;;;False;ControlType.UNKNOWN;2;[('0x1d90', <Bool x0 != 0x0>, 'Taken'), ('0x1da4', <Bool x1 <s LOAD_64[<BV64 LOAD_64[<BV64 x0 + 0x8>]_22 + 0x8>]_23>, 'Taken'), ('0x1dbc', <Bool LOAD_64[<BV64 x0>]_43 != 0x0>, 'Taken')];{'regs': ['<BV64 x0>', '<BV64 x1>'], 'indirect_regs': [], 'direct_regs': ['<BV64 x0>', '<BV64 x1>'], 'mem': ['<BV64 LOAD_64[<BV64 x0 + 0x8>]_22 + 0x8>', '<BV64 x0 + 0x8>', '<BV64 x0>'], 'const_mem': []};[];{'regs': [], 'indirect_regs': [], 'direct_regs': [], 'mem': [], 'const_mem': []};"{'regs': ['<BV64 x0>'], 'indirect_regs': [""<BV64 x0>: ['0x0', '0x0']""], 'direct_regs': [], 'mem': ['<BV64 LOAD_64[<BV64 x0>]_43 + 0x8>', '<BV64 x0>'], 'const_mem': []}";{'regs': ['<BV64 x0>', '<BV64 x1>'], 'indirect_regs': [], 'direct_regs': ['<BV64 x0>', '<BV64 x1>'], 'mem': ['<BV64 LOAD_64[<BV64 x0 + 0x8>]_22 + 0x8>', '<BV64 LOAD_64[<BV64 x0>]_43 + 0x8>', '<BV64 x0 + 0x8>', '<BV64 x0>'], 'const_mem': []};63.0;0.0;64.0;64.0;[];;;;BaseControlType.CONSTANT_BASE;BaseControlType.CONSTANT_BASE;BaseControlType.CONSTANT_BASE;3;BranchControlType.BRANCH_DEPENDS_ON_SECRET_ADDRESS;BranchControlType.BRANCH_INDEPENDENT_FROM_SECRET;7580;True;False;True;True;True;False;False;True;True;False;False;False;True;False;True;True;True;False;True;False;[];['has_valid_base'];True;False;True;True;True;False;False;True;True;False;False;False;True;False;True;True;True;False;True;False;[];['has_valid_base']
eee0b9a9-4933-4810-a779-a5609eb06213;com_right_r;0x1de4;0x1e18;0x1e08;TransmitterType.LOAD;20;2;False;['0x1de4', '0x1dec', '0x1e28', '0x1e08', '0x1e18'];<BV64 0x10 + LOAD_64[<BV64 LOAD_64[<BV64 x0>]_44 + 0x8>]_48>;64;[];[];['<BV64 x0>'];"[""<BV64 x0>: ['0x0']""]";[];['<BV64 LOAD_64[<BV64 x0>]_44 + 0x8>', '<BV64 x0>'];[];0;18446744073709551615;18446744073709551615;1;;;True;0;18446744073709551615;18446744073709551615;1;;;True;ControlType.CONTROLLED;2;<BV64 0x10>;64;[];[];[];[];[];[];[];16.0;16.0;0.0;1.0;;;True;16.0;16.0;0.0;1.0;;;True;ControlType.NO_CONTROL;0;<BV64 0x10>;64;[];[];[];[];[];[];[];16;16;0;1.0;;;True;16.0;16.0;0.0;1.0;;;True;ControlType.NO_CONTROL;0;<BV64 LOAD_64[<BV64 LOAD_64[<BV64 x0>]_44 + 0x8>]_48>;64;[];[];['<BV64 x0>'];"[""<BV64 x0>: ['0x0']""]";[];['<BV64 LOAD_64[<BV64 x0>]_44 + 0x8>', '<BV64 x0>'];[];0.0;1.8446744073709552e+19;18446744073709551615;1;;;True;0.0;1.8446744073709552e+19;18446744073709551615;1;;;True;ControlType.CONTROLLED;2;<BV64 LOAD_64[<BV64 x0>]_44 + 0x8>;64;[('0x1e2c', <Bool LOAD_64[<BV64 x0>]_44 != 0x0>, 'Taken')];[];['<BV64 x0>'];"[""<BV64 x0>: ['0x0']""]";[];['<BV64 x0>'];[];0.0;1.8446744073709552e+19;1.8446744073709552e+19;1.0;;;True;9.0;7.0;1.8446744073709552e+19;1.0;;;True;ControlType.CONTROLLED;1;<BV64 LOAD_64[<BV64 LOAD_64[<BV64 x0>]_44 + 0x8>]_48>;64;[];[];[];[];[];[];[];0;0;0;;;;False;0;0;0;;;;False;ControlType.UNKNOWN;2;[('0x1de8', <Bool x0 != 0x0>, 'Taken'), ('0x1e14', <Bool x1 <s LOAD_64[<BV64 LOAD_64[<BV64 x0 + 0x8>]_23 + 0x8>]_24>, 'Taken'), ('0x1e14', <Bool x1 >=s LOAD_64[<BV64 LOAD_64[<BV64 LOAD_64[<BV64 x0>]_44 + 0x8>]_48 + 0x8>]_49>, 'Taken'), ('0x1e2c', <Bool LOAD_64[<BV64 x0>]_44 != 0x0>, 'Taken')];{'regs': ['<BV64 x0>', '<BV64 x1>'], 'indirect_regs': [], 'direct_regs': ['<BV64 x0>', '<BV64 x1>'], 'mem': ['<BV64 LOAD_64[<BV64 LOAD_64[<BV64 x0>]_44 + 0x8>]_48 + 0x8>', '<BV64 LOAD_64[<BV64 x0 + 0x8>]_23 + 0x8>', '<BV64 LOAD_64[<BV64 x0>]_44 + 0x8>', '<BV64 x0 + 0x8>', '<BV64 x0>'], 'const_mem': []};[];{'regs': [], 'indirect_regs': [], 'direct_regs': [], 'mem': [], 'const_mem': []};"{'regs': ['<BV64 x0>'], 'indirect_regs': [""<BV64 x0>: ['0x0', '0x0']""], 'direct_regs': [], 'mem': ['<BV64 LOAD_64[<BV64 x0>]_44 + 0x8>', '<BV64 x0>'], 'const_mem': []}";{'regs': ['<BV64 x0>', '<BV64 x1>'], 'indirect_regs': [], 'direct_regs': ['<BV64 x0>', '<BV64 x1>'], 'mem': ['<BV64 LOAD_64[<BV64 LOAD_64[<BV64 x0>]_44 + 0x8>]_48 + 0x8>', '<BV64 LOAD_64[<BV64 x0 + 0x8>]_23 + 0x8>', '<BV64 LOAD_64[<BV64 x0>]_44 + 0x8>', '<BV64 x0 + 0x8>', '<BV64 x0>'], 'const_mem': []};63.0;0.0;64.0;64.0;[];;;;BaseControlType.CONSTANT_BASE;BaseControlType.CONSTANT_BASE;BaseControlType.CONSTANT_BASE;4;BranchControlType.BRANCH_DEPENDS_ON_SECRET_VALUE;BranchControlType.BRANCH_INDEPENDENT_FROM_SECRET;7704;True;False;True;True;True;False;False;True;True;False;False;False;True;False;True;True;True;False;True;False;[];['has_valid_base'];True;False;True;True;True;False;False;True;True;False;False;False;True;False;True;True;True;False;True;False;[];['has_valid_base']
f7962765-3a6b-4ed8-bc82-572cabacdb48;com_right;0x1d84;0x1da8;0x1d98;TransmitterType.LOAD;16;2;False;['0x1d84', '0x1d94', '0x1db8', '0x1d98', '0x1da8'];<BV64 0x10 + LOAD_64[<BV64 LOAD_64[<BV64 x0>]_43 + 0x8>]_46>;64;[];[];['<BV64 x0>'];"[""<BV64 x0>: ['0x0']""]";[];['<BV64 LOAD_64[<BV64 x0>]_43 + 0x8>', '<BV64 x0>'];[];0;18446744073709551615;18446744073709551615;1;;;True;0;18446744073709551615;18446744073709551615;1;;;True;ControlType.CONTROLLED;2;<BV64 0x10>;64;[];[];[];[];[];[];[];16.0;16.0;0.0;1.0;;;True;16.0;16.0;0.0;1.0;;;True;ControlType.NO_CONTROL;0;<BV64 0x10>;64;[];[];[];[];[];[];[];16;16;0;1.0;;;True;16.0;16.0;0.0;1.0;;;True;ControlType.NO_CONTROL;0;<BV64 LOAD_64[<BV64 LOAD_64[<BV64 x0>]_43 + 0x8>]_46>;64;[];[];['<BV64 x0>'];"[""<BV64 x0>: ['0x0']""]";[];['<BV64 LOAD_64[<BV64 x0>]_43 + 0x8>', '<BV64 x0>'];[];0.0;1.8446744073709552e+19;18446744073709551615;1;;;True;0.0;1.8446744073709552e+19;18446744073709551615;1;;;True;ControlType.CONTROLLED;2;<BV64 LOAD_64[<BV64 x0>]_43 + 0x8>;64;[('0x1dbc', <Bool LOAD_64[<BV64 x0>]_43 != 0x0>, 'Taken')];[];['<BV64 x0>'];"[""<BV64 x0>: ['0x0']""]";[];['<BV64 x0>'];[];0.0;1.8446744073709552e+19;1.8446744073709552e+19;1.0;;;True;9.0;7.0;1.8446744073709552e+19;1.0;;;True;ControlType.CONTROLLED;1;<BV64 LOAD_64[<BV64 LOAD_64[<BV64 x0>]_43 + 0x8>]_46>;64;[];[];[];[];[];[];[];0;0;0;;;;False;0;0;0;;;;False;ControlType.UNKNOWN;2;[('0x1d90', <Bool x0 != 0x0>, 'Taken'), ('0x1da4', <Bool x1 <s LOAD_64[<BV64 LOAD_64[<BV64 x0 + 0x8>]_22 + 0x8>]_23>, 'Taken'), ('0x1da4', <Bool x1 >=s LOAD_64[<BV64 LOAD_64[<BV64 LOAD_64[<BV64 x0>]_43 + 0x8>]_46 + 0x8>]_47>, 'Taken'), ('0x1dbc', <Bool LOAD_64[<BV64 x0>]_43 != 0x0>, 'Taken')];{'regs': ['<BV64 x0>', '<BV64 x1>'], 'indirect_regs': [], 'direct_regs': ['<BV64 x0>', '<BV64 x1>'], 'mem': ['<BV64 LOAD_64[<BV64 LOAD_64[<BV64 x0>]_43 + 0x8>]_46 + 0x8>', '<BV64 LOAD_64[<BV64 x0 + 0x8>]_22 + 0x8>', '<BV64 LOAD_64[<BV64 x0>]_43 + 0x8>', '<BV64 x0 + 0x8>', '<BV64 x0>'], 'const_mem': []};[];{'regs': [], 'indirect_regs': [], 'direct_regs': [], 'mem': [], 'const_mem': []};"{'regs': ['<BV64 x0>'], 'indirect_regs': [""<BV64 x0>: ['0x0', '0x0']""], 'direct_regs': [], 'mem': ['<BV64 LOAD_64[<BV64 x0>]_43 + 0x8>', '<BV64 x0>'], 'const_mem': []}";{'regs': ['<BV64 x0>', '<BV64 x1>'], 'indirect_regs': [], 'direct_regs': ['<BV64 x0>', '<BV64 x1>'], 'mem': ['<BV64 LOAD_64[<BV64 LOAD_64[<BV64 x0>]_43 + 0x8>]_46 + 0x8>', '<BV64 LOAD_64[<BV64 x0 + 0x8>]_22 + 0x8>', '<BV64 LOAD_64[<BV64 x0>]_43 + 0x8>', '<BV64 x0 + 0x8>', '<BV64 x0>'], 'const_mem': []};63.0;0.0;64.0;64.0;[];;;;BaseControlType.CONSTANT_BASE;BaseControlType.CONSTANT_BASE;BaseControlType.CONSTANT_BASE;4;BranchControlType.BRANCH_DEPENDS_ON_SECRET_VALUE;BranchControlType.BRANCH_INDEPENDENT_FROM_SECRET;7592;True;False;True;True;True;False;False;True;True;False;False;False;True;False;True;True;True;False;True;False;[];['has_valid_base'];True;False;True;True;True;False;False;True;True;False;False;False;True;False;True;True;True;False;True;False;[];['has_valid_base']
f4c4349d-8592-4e13-b5a5-a951a467a7fb;com_right_r;0x1de4;0x1e28;0x1e28;TransmitterType.LOAD;20;1;False;['0x1de4', '0x1dec', '0x1e28', '0x1e08', '0x1e28'];<BV64 LOAD_64[<BV64 x0>]_44>;64;[('0x1e2c', <Bool LOAD_64[<BV64 x0>]_44 != 0x0>, 'Taken')];[];['<BV64 x0>'];"[""<BV64 x0>: ['0x0']""]";[];['<BV64 x0>'];[];0;18446744073709551615;18446744073709551615;1;;;True;1;18446744073709551615;18446744073709551614;1;;;True;ControlType.CONTROLLED;1;;0;[];[];[];[];[];[];[];0.0;0.0;0.0;0.0;;;False;0.0;0.0;0.0;0.0;;;False;ControlType.UNKNOWN;0;;0;[];[];[];[];[];[];[];0;0;0;;;;False;0.0;0.0;0.0;0.0;;;False;ControlType.UNKNOWN;0;<BV64 LOAD_64[<BV64 x0>]_44>;64;[('0x1e2c', <Bool LOAD_64[<BV64 x0>]_44 != 0x0>, 'Taken')];[];['<BV64 x0>'];"[""<BV64 x0>: ['0x0']""]";[];['<BV64 x0>'];[];0.0;1.8446744073709552e+19;18446744073709551615;1;;;True;1.0;1.8446744073709552e+19;18446744073709551614;1;;;True;ControlType.CONTROLLED;1;<BV64 x0>;64;[('0x1de8', <Bool x0 != 0x0>, 'Taken')];[];['<BV64 x0>'];[];['<BV64 x0>'];[];[];0.0;1.8446744073709552e+19;1.8446744073709552e+19;1.0;;;True;1.0;1.8446744073709552e+19;1.8446744073709552e+19;1.0;;;True;ControlType.CONTROLLED;0;<BV64 LOAD_64[<BV64 x0>]_44>;64;[];[];[];[];[];[];[];0;0;0;;;;False;0;0;0;;;;False;ControlType.UNKNOWN;1;[('0x1de8', <Bool x0 != 0x0>, 'Taken'), ('0x1e14', <Bool x1 <s LOAD_64[<BV64 LOAD_64[<BV64 x0 + 0x8>]_23 + 0x8>]_24>, 'Taken'), ('0x1e14', <Bool x1 <s LOAD_64[<BV64 LOAD_64[<BV64 LOAD_64[<BV64 x0>]_44 + 0x8>]_48 + 0x8>]_49>, 'Taken'), ('0x1e2c', <Bool LOAD_64[<BV64 x0>]_44 != 0x0>, 'Taken')];{'regs': ['<BV64 x0>', '<BV64 x1>'], 'indirect_regs': [], 'direct_regs': ['<BV64 x0>', '<BV64 x1>'], 'mem': ['<BV64 LOAD_64[<BV64 LOAD_64[<BV64 x0>]_44 + 0x8>]_48 + 0x8>', '<BV64 LOAD_64[<BV64 x0 + 0x8>]_23 + 0x8>', '<BV64 LOAD_64[<BV64 x0>]_44 + 0x8>', '<BV64 x0 + 0x8>', '<BV64 x0>'], 'const_mem': []};[];{'regs': [], 'indirect_regs': [], 'direct_regs': [], 'mem': [], 'const_mem': []};{'regs': ['<BV64 x0>'], 'indirect_regs': [], 'direct_regs': ['<BV64 x0>'], 'mem': ['<BV64 x0>'], 'const_mem': []};{'regs': ['<BV64 x0>', '<BV64 x1>'], 'indirect_regs': [], 'direct_regs': ['<BV64 x0>', '<BV64 x1>'], 'mem': ['<BV64 LOAD_64[<BV64 LOAD_64[<BV64 x0>]_44 + 0x8>]_48 + 0x8>', '<BV64 LOAD_64[<BV64 x0 + 0x8>]_23 + 0x8>', '<BV64 LOAD_64[<BV64 x0>]_44 + 0x8>', '<BV64 x0 + 0x8>', '<BV64 x0>'], 'const_mem': []};63.0;0.0;64.0;64.0;[];;;;BaseControlType.NO_BASE;BaseControlType.NO_BASE;BaseControlType.NO_BASE;4;BranchControlType.BRANCH_DEPENDS_ON_SECRET_VALUE;BranchControlType.BRANCH_INDEPENDENT_FROM_SECRET;7720;True;False;True;True;True;False;False;True;True;False;False;False;True;False;True;True;True;False;True;False;[];['has_valid_base'];True;False;True;True;True;False;False;True;True;False;False;False;True;False;True;True;True;False;True;False;[];['has_valid_base']
c40324b0-f66f-43b4-a64e-9fe6dcf927c5;com_right;0x1d84;0x1db8;0x1db8;TransmitterType.LOAD;16;1;False;['0x1d84', '0x1d94', '0x1db8', '0x1d98', '0x1db8'];<BV64 LOAD_64[<BV64 x0>]_43>;64;[('0x1dbc', <Bool LOAD_64[<BV64 x0>]_43 != 0x0>, 'Taken')];[];['<BV64 x0>'];"[""<BV64 x0>: ['0x0']""]";[];['<BV64 x0>'];[];0;18446744073709551615;18446744073709551615;1;;;True;1;18446744073709551615;18446744073709551614;1;;;True;ControlType.CONTROLLED;1;;0;[];[];[];[];[];[];[];0.0;0.0;0.0;0.0;;;False;0.0;0.0;0.0;0.0;;;False;ControlType.UNKNOWN;0;;0;[];[];[];[];[];[];[];0;0;0;;;;False;0.0;0.0;0.0;0.0;;;False;ControlType.UNKNOWN;0;<BV64 LOAD_64[<BV64 x0>]_43>;64;[('0x1dbc', <Bool LOAD_64[<BV64 x0>]_43 != 0x0>, 'Taken')];[];['<BV64 x0>'];"[""<BV64 x0>: ['0x0']""]";[];['<BV64 x0>'];[];0.0;1.8446744073709552e+19;18446744073709551615;1;;;True;1.0;1.8446744073709552e+19;18446744073709551614;1;;;True;ControlType.CONTROLLED;1;<BV64 x0>;64;[('0x1d90', <Bool x0 != 0x0>, 'Taken')];[];['<BV64 x0>'];[];['<BV64 x0>'];[];[];0.0;1.8446744073709552e+19;1.8446744073709552e+19;1.0;;;True;1.0;1.8446744073709552e+19;1.8446744073709552e+19;1.0;;;True;ControlType.CONTROLLED;0;<BV64 LOAD_64[<BV64 x0>]_43>;64;[];[];[];[];[];[];[];0;0;0;;;;False;0;0;0;;;;False;ControlType.UNKNOWN;1;[('0x1d90', <Bool x0 != 0x0>, 'Taken'), ('0x1da4', <Bool x1 <s LOAD_64[<BV64 LOAD_64[<BV64 x0 + 0x8>]_22 + 0x8>]_23>, 'Taken'), ('0x1da4', <Bool x1 <s LOAD_64[<BV64 LOAD_64[<BV64 LOAD_64[<BV64 x0>]_43 + 0x8>]_46 + 0x8>]_47>, 'Taken'), ('0x1dbc', <Bool LOAD_64[<BV64 x0>]_43 != 0x0>, 'Taken')];{'regs': ['<BV64 x0>', '<BV64 x1>'], 'indirect_regs': [], 'direct_regs': ['<BV64 x0>', '<BV64 x1>'], 'mem': ['<BV64 LOAD_64[<BV64 LOAD_64[<BV64 x0>]_43 + 0x8>]_46 + 0x8>', '<BV64 LOAD_64[<BV64 x0 + 0x8>]_22 + 0x8>', '<BV64 LOAD_64[<BV64 x0>]_43 + 0x8>', '<BV64 x0 + 0x8>', '<BV64 x0>'], 'const_mem': []};[];{'regs': [], 'indirect_regs': [], 'direct_regs': [], 'mem': [], 'const_mem': []};{'regs': ['<BV64 x0>'], 'indirect_regs': [], 'direct_regs': ['<BV64 x0>'], 'mem': ['<BV64 x0>'], 'const_mem': []};{'regs': ['<BV64 x0>', '<BV64 x1>'], 'indirect_regs': [], 'direct_regs': ['<BV64 x0>', '<BV64 x1>'], 'mem': ['<BV64 LOAD_64[<BV64 LOAD_64[<BV64 x0>]_43 + 0x8>]_46 + 0x8>', '<BV64 LOAD_64[<BV64 x0 + 0x8>]_22 + 0x8>', '<BV64 LOAD_64[<BV64 x0>]_43 + 0x8>', '<BV64 x0 + 0x8>', '<BV64 x0>'], 'const_mem': []};63.0;0.0;64.0;64.0;[];;;;BaseControlType.NO_BASE;BaseControlType.NO_BASE;BaseControlType.NO_BASE;4;BranchControlType.BRANCH_DEPENDS_ON_SECRET_VALUE;BranchControlType.BRANCH_INDEPENDENT_FROM_SECRET;7608;True;False;True;True;True;False;False;True;True;False;False;False;True;False;True;True;True;False;True;False;[];['has_valid_base'];True;False;True;True;True;False;False;True;True;False;False;False;True;False;True;True;True;False;True;False;[];['has_valid_base']
