uuid;name;address;pc;secret_load_pc;transmitter;n_instr;n_dependent_loads;contains_spec_stop;bbls;transmission_expr;transmission_size;transmission_branches;transmission_constraints;transmission_requirements_regs;transmission_requirements_indirect_regs;transmission_requirements_direct_regs;transmission_requirements_mem;transmission_requirements_const_mem;transmission_range_min;transmission_range_max;transmission_range_window;transmission_range_stride;transmission_range_and_mask;transmission_range_or_mask;transmission_range_exact;transmission_range_w_branches_min;transmission_range_w_branches_max;transmission_range_w_branches_window;transmission_range_w_branches_stride;transmission_range_w_branches_and_mask;transmission_range_w_branches_or_mask;transmission_range_w_branches_exact;transmission_control;transmission_n_dependent_loads;base_expr;base_size;base_branches;base_constraints;base_requirements_regs;base_requirements_indirect_regs;base_requirements_direct_regs;base_requirements_mem;base_requirements_const_mem;base_range_min;base_range_max;base_range_window;base_range_stride;base_range_and_mask;base_range_or_mask;base_range_exact;base_range_w_branches_min;base_range_w_branches_max;base_range_w_branches_window;base_range_w_branches_stride;base_range_w_branches_and_mask;base_range_w_branches_or_mask;base_range_w_branches_exact;base_control;base_n_dependent_loads;independent_base_expr;independent_base_size;independent_base_branches;independent_base_constraints;independent_base_requirements_regs;independent_base_requirements_indirect_regs;independent_base_requirements_direct_regs;independent_base_requirements_mem;independent_base_requirements_const_mem;independent_base_range_min;independent_base_range_max;independent_base_range_window;independent_base_range_stride;independent_base_range_and_mask;independent_base_range_or_mask;independent_base_range_exact;independent_base_range_w_branches_min;independent_base_range_w_branches_max;independent_base_range_w_branches_window;independent_base_range_w_branches_stride;independent_base_range_w_branches_and_mask;independent_base_range_w_branches_or_mask;independent_base_range_w_branches_exact;independent_base_control;independent_base_n_dependent_loads;transmitted_secret_expr;transmitted_secret_size;transmitted_secret_branches;transmitted_secret_constraints;transmitted_secret_requirements_regs;transmitted_secret_requirements_indirect_regs;transmitted_secret_requirements_direct_regs;transmitted_secret_requirements_mem;transmitted_secret_requirements_const_mem;transmitted_secret_range_min;transmitted_secret_range_max;transmitted_secret_range_window;transmitted_secret_range_stride;transmitted_secret_range_and_mask;transmitted_secret_range_or_mask;transmitted_secret_range_exact;transmitted_secret_range_w_branches_min;transmitted_secret_range_w_branches_max;transmitted_secret_range_w_branches_window;transmitted_secret_range_w_branches_stride;transmitted_secret_range_w_branches_and_mask;transmitted_secret_range_w_branches_or_mask;transmitted_secret_range_w_branches_exact;transmitted_secret_control;transmitted_secret_n_dependent_loads;secret_address_expr;secret_address_size;secret_address_branches;secret_address_constraints;secret_address_requirements_regs;secret_address_requirements_indirect_regs;secret_address_requirements_direct_regs;secret_address_requirements_mem;secret_address_requirements_const_mem;secret_address_range_min;secret_address_range_max;secret_address_range_window;secret_address_range_stride;secret_address_range_and_mask;secret_address_range_or_mask;secret_address_range_exact;secret_address_range_w_branches_min;secret_address_range_w_branches_max;secret_address_range_w_branches_window;secret_address_range_w_branches_stride;secret_address_range_w_branches_and_mask;secret_address_range_w_branches_or_mask;secret_address_range_w_branches_exact;secret_address_control;secret_address_n_dependent_loads;secret_val_expr;secret_val_size;secret_val_branches;secret_val_constraints;secret_val_requirements_regs;secret_val_requirements_indirect_regs;secret_val_requirements_direct_regs;secret_val_requirements_mem;secret_val_requirements_const_mem;secret_val_range_min;secret_val_range_max;secret_val_range_window;secret_val_range_stride;secret_val_range_and_mask;secret_val_range_or_mask;secret_val_range_exact;secret_val_range_w_branches_min;secret_val_range_w_branches_max;secret_val_range_w_branches_window;secret_val_range_w_branches_stride;secret_val_range_w_branches_and_mask;secret_val_range_w_branches_or_mask;secret_val_range_w_branches_exact;secret_val_control;secret_val_n_dependent_loads;branches;branch_requirements;constraints;constraint_requirements;all_requirements;all_requirements_w_branches;inferable_bits_spread_high;inferable_bits_spread_low;inferable_bits_spread_total;inferable_bits_n_inferable_bits;aliases;deps;direct_dependent_base_expr;indirect_dependent_base_expr;base_control_type;base_control_w_constraints;base_control_w_branches_and_constraints;n_branches;branch_control_type;cmove_control_type;pc_as_int;is_secret_inferable;has_valid_base;has_valid_secret_address;is_cmove_independent_from_secret;has_no_speculation_stop;is_secret_below_cache_granularity;can_perform_sliding;is_secret_entropy_high;can_perform_known_prefix;is_max_secret_too_high;can_adjust_base;base_has_indirect_secret_dependency;leak_secret_near_valid_base;base_has_direct_secret_dependency;can_ignore_direct_dependency;is_branch_dependent_from_secret;perform_training;is_branch_dependent_from_uncontrolled;perform_out_of_place_training;exploitable;required_solutions;fail_reasons;is_secret_inferable_w_branches;has_valid_base_w_branches;has_valid_secret_address_w_branches;is_cmove_independent_from_secret_w_branches;has_no_speculation_stop_w_branches;is_secret_below_cache_granularity_w_branches;can_perform_sliding_w_branches;is_secret_entropy_high_w_branches;can_perform_known_prefix_w_branches;is_max_secret_too_high_w_branches;can_adjust_base_w_branches;base_has_indirect_secret_dependency_w_branches;leak_secret_near_valid_base_w_branches;base_has_direct_secret_dependency_w_branches;can_ignore_direct_dependency_w_branches;is_branch_dependent_from_secret_w_branches;perform_training_w_branches;is_branch_dependent_from_uncontrolled_w_branches;perform_out_of_place_training_w_branches;exploitable_w_branches;required_solutions_w_branches;fail_reasons_w_branches
ba495322-91f8-45cd-bd18-acd5792740d4;ZSTD_estimateCStreamSize_usingCParams;0x15e44;0x15e74;0x0;TransmitterType.LOAD;13;0;False;['0x15e44'];<BV64 x0>;64;[];[];['<BV64 x0>'];[];['<BV64 x0>'];[];[];0;18446744073709551615;18446744073709551615;1;;;True;0;18446744073709551615;18446744073709551615;1;;;True;ControlType.CONTROLLED;0;;0;[];[];[];[];[];[];[];0.0;0.0;0.0;0.0;;;False;0.0;0.0;0.0;0.0;;;False;ControlType.UNKNOWN;0;;0;[];[];[];[];[];[];[];0;0;0;;;;False;0.0;0.0;0.0;0.0;;;False;ControlType.UNKNOWN;0;<BV64 x0>;64;[];[];['<BV64 x0>'];[];['<BV64 x0>'];[];[];0.0;1.8446744073709552e+19;18446744073709551615;1;;;True;0.0;1.8446744073709552e+19;18446744073709551615;1;;;True;ControlType.CONTROLLED;0;<BV64 x0>;64;[];[];['<BV64 x0>'];[];['<BV64 x0>'];[];[];0.0;1.8446744073709552e+19;1.8446744073709552e+19;1.0;;;True;0.0;1.8446744073709552e+19;1.8446744073709552e+19;1.0;;;True;ControlType.CONTROLLED;0;<BV64 x0>;64;[];[];[];[];[];[];[];0;0;0;;;;False;0;0;0;;;;False;ControlType.UNKNOWN;0;[];{'regs': [], 'indirect_regs': [], 'direct_regs': [], 'mem': [], 'const_mem': []};[];{'regs': [], 'indirect_regs': [], 'direct_regs': [], 'mem': [], 'const_mem': []};{'regs': ['<BV64 x0>'], 'indirect_regs': [], 'direct_regs': ['<BV64 x0>'], 'mem': [], 'const_mem': []};{'regs': ['<BV64 x0>'], 'indirect_regs': [], 'direct_regs': ['<BV64 x0>'], 'mem': [], 'const_mem': []};63.0;0.0;64.0;64.0;[];;;;BaseControlType.NO_BASE;BaseControlType.NO_BASE;BaseControlType.NO_BASE;0;BranchControlType.BRANCH_INDEPENDENT_FROM_SECRET;BranchControlType.BRANCH_INDEPENDENT_FROM_SECRET;89716;True;False;True;True;True;False;False;True;True;False;False;False;True;False;True;False;True;False;True;False;[];['has_valid_base'];True;False;True;True;True;False;False;True;True;False;False;False;True;False;True;False;True;False;True;False;[];['has_valid_base']
414f77bf-01c2-485f-8715-2ebbedb90d1c;ZSTD_estimateCStreamSize_usingCParams;0x15e44;0x15e84;0x0;TransmitterType.LOAD;17;0;False;['0x15e44'];<BV64 0xc + x0>;64;[];[];['<BV64 x0>'];[];['<BV64 x0>'];[];[];0;18446744073709551615;18446744073709551615;1;;;True;0;18446744073709551615;18446744073709551615;1;;;True;ControlType.CONTROLLED;0;<BV64 0xc>;64;[];[];[];[];[];[];[];12.0;12.0;0.0;1.0;;;True;12.0;12.0;0.0;1.0;;;True;ControlType.NO_CONTROL;0;<BV64 0xc>;64;[];[];[];[];[];[];[];12;12;0;1.0;;;True;12.0;12.0;0.0;1.0;;;True;ControlType.NO_CONTROL;0;<BV64 x0>;64;[];[];['<BV64 x0>'];[];['<BV64 x0>'];[];[];0.0;1.8446744073709552e+19;18446744073709551615;1;;;True;0.0;1.8446744073709552e+19;18446744073709551615;1;;;True;ControlType.CONTROLLED;0;<BV64 x0>;64;[];[];['<BV64 x0>'];[];['<BV64 x0>'];[];[];0.0;1.8446744073709552e+19;1.8446744073709552e+19;1.0;;;True;0.0;1.8446744073709552e+19;1.8446744073709552e+19;1.0;;;True;ControlType.CONTROLLED;0;<BV64 x0>;64;[];[];[];[];[];[];[];0;0;0;;;;False;0;0;0;;;;False;ControlType.UNKNOWN;0;[];{'regs': [], 'indirect_regs': [], 'direct_regs': [], 'mem': [], 'const_mem': []};[];{'regs': [], 'indirect_regs': [], 'direct_regs': [], 'mem': [], 'const_mem': []};{'regs': ['<BV64 x0>'], 'indirect_regs': [], 'direct_regs': ['<BV64 x0>'], 'mem': [], 'const_mem': []};{'regs': ['<BV64 x0>'], 'indirect_regs': [], 'direct_regs': ['<BV64 x0>'], 'mem': [], 'const_mem': []};63.0;0.0;64.0;64.0;[];;;;BaseControlType.CONSTANT_BASE;BaseControlType.CONSTANT_BASE;BaseControlType.CONSTANT_BASE;0;BranchControlType.BRANCH_INDEPENDENT_FROM_SECRET;BranchControlType.BRANCH_INDEPENDENT_FROM_SECRET;89732;True;False;True;True;True;False;False;True;True;False;False;False;True;False;True;False;True;False;True;False;[];['has_valid_base'];True;False;True;True;True;False;False;True;True;False;False;False;True;False;True;False;True;False;True;False;[];['has_valid_base']
0217e976-5ea4-4fda-aa5f-2635fe3a3e36;ZSTD_initDStream_usingDDict;0x56cb0;0x56b38;0x0;TransmitterType.STORE;19;0;False;['0x56cb0', '0x56b10', '0x56b34'];<BV64 0x75e0 + x0>;64;[];[];['<BV64 x0>'];[];['<BV64 x0>'];[];[];0;18446744073709551615;18446744073709551615;1;;;True;0;18446744073709551615;18446744073709551615;1;;;True;ControlType.CONTROLLED;0;<BV64 0x75e0>;64;[];[];[];[];[];[];[];30176.0;30176.0;0.0;1.0;;;True;30176.0;30176.0;0.0;1.0;;;True;ControlType.NO_CONTROL;0;<BV64 0x75e0>;64;[];[];[];[];[];[];[];30176;30176;0;1.0;;;True;30176.0;30176.0;0.0;1.0;;;True;ControlType.NO_CONTROL;0;<BV64 x0>;64;[];[];['<BV64 x0>'];[];['<BV64 x0>'];[];[];0.0;1.8446744073709552e+19;18446744073709551615;1;;;True;0.0;1.8446744073709552e+19;18446744073709551615;1;;;True;ControlType.CONTROLLED;0;<BV64 x0>;64;[];[];['<BV64 x0>'];[];['<BV64 x0>'];[];[];0.0;1.8446744073709552e+19;1.8446744073709552e+19;1.0;;;True;0.0;1.8446744073709552e+19;1.8446744073709552e+19;1.0;;;True;ControlType.CONTROLLED;0;<BV64 x0>;64;[];[];[];[];[];[];[];0;0;0;;;;False;0;0;0;;;;False;ControlType.UNKNOWN;0;[('0x56b30', <Bool True>, 'Taken'), ('0x56ccc', <Bool True>, 'Taken')];{'regs': [], 'indirect_regs': [], 'direct_regs': [], 'mem': [], 'const_mem': []};[];{'regs': [], 'indirect_regs': [], 'direct_regs': [], 'mem': [], 'const_mem': []};{'regs': ['<BV64 x0>'], 'indirect_regs': [], 'direct_regs': ['<BV64 x0>'], 'mem': [], 'const_mem': []};{'regs': ['<BV64 x0>'], 'indirect_regs': [], 'direct_regs': ['<BV64 x0>'], 'mem': [], 'const_mem': []};63.0;0.0;64.0;64.0;[];;;;BaseControlType.CONSTANT_BASE;BaseControlType.CONSTANT_BASE;BaseControlType.CONSTANT_BASE;2;BranchControlType.BRANCH_INDEPENDENT_FROM_SECRET;BranchControlType.BRANCH_INDEPENDENT_FROM_SECRET;355128;True;False;True;True;True;False;False;True;True;False;False;False;True;False;True;False;True;False;True;False;[];['has_valid_base'];True;False;True;True;True;False;False;True;True;False;False;False;True;False;True;False;True;False;True;False;[];['has_valid_base']
bc25048b-cb62-4684-b0b9-2ea2f6349bf1;ZSTD_initDStream_usingDDict;0x56cb0;0x56b3c;0x0;TransmitterType.STORE;20;0;False;['0x56cb0', '0x56b10', '0x56b34'];<BV64 0x761c + x0>;64;[];[];['<BV64 x0>'];[];['<BV64 x0>'];[];[];0;18446744073709551615;18446744073709551615;1;;;True;0;18446744073709551615;18446744073709551615;1;;;True;ControlType.CONTROLLED;0;<BV64 0x761c>;64;[];[];[];[];[];[];[];30236.0;30236.0;0.0;1.0;;;True;30236.0;30236.0;0.0;1.0;;;True;ControlType.NO_CONTROL;0;<BV64 0x761c>;64;[];[];[];[];[];[];[];30236;30236;0;1.0;;;True;30236.0;30236.0;0.0;1.0;;;True;ControlType.NO_CONTROL;0;<BV64 x0>;64;[];[];['<BV64 x0>'];[];['<BV64 x0>'];[];[];0.0;1.8446744073709552e+19;18446744073709551615;1;;;True;0.0;1.8446744073709552e+19;18446744073709551615;1;;;True;ControlType.CONTROLLED;0;<BV64 x0>;64;[];[];['<BV64 x0>'];[];['<BV64 x0>'];[];[];0.0;1.8446744073709552e+19;1.8446744073709552e+19;1.0;;;True;0.0;1.8446744073709552e+19;1.8446744073709552e+19;1.0;;;True;ControlType.CONTROLLED;0;<BV64 x0>;64;[];[];[];[];[];[];[];0;0;0;;;;False;0;0;0;;;;False;ControlType.UNKNOWN;0;[('0x56b30', <Bool True>, 'Taken'), ('0x56ccc', <Bool True>, 'Taken')];{'regs': [], 'indirect_regs': [], 'direct_regs': [], 'mem': [], 'const_mem': []};[];{'regs': [], 'indirect_regs': [], 'direct_regs': [], 'mem': [], 'const_mem': []};{'regs': ['<BV64 x0>'], 'indirect_regs': [], 'direct_regs': ['<BV64 x0>'], 'mem': [], 'const_mem': []};{'regs': ['<BV64 x0>'], 'indirect_regs': [], 'direct_regs': ['<BV64 x0>'], 'mem': [], 'const_mem': []};63.0;0.0;64.0;64.0;[];;;;BaseControlType.CONSTANT_BASE;BaseControlType.CONSTANT_BASE;BaseControlType.CONSTANT_BASE;2;BranchControlType.BRANCH_INDEPENDENT_FROM_SECRET;BranchControlType.BRANCH_INDEPENDENT_FROM_SECRET;355132;True;False;True;True;True;False;False;True;True;False;False;False;True;False;True;False;True;False;True;False;[];['has_valid_base'];True;False;True;True;True;False;False;True;True;False;False;False;True;False;True;False;True;False;True;False;[];['has_valid_base']
da9140e2-b592-4f23-984a-91b312584e55;ZSTD_initDStream_usingDDict;0x56cb0;0x56b40;0x0;TransmitterType.STORE;21;0;False;['0x56cb0', '0x56b10', '0x56b34'];<BV64 0x767c + x0>;64;[];[];['<BV64 x0>'];[];['<BV64 x0>'];[];[];0;18446744073709551615;18446744073709551615;1;;;True;0;18446744073709551615;18446744073709551615;1;;;True;ControlType.CONTROLLED;0;<BV64 0x767c>;64;[];[];[];[];[];[];[];30332.0;30332.0;0.0;1.0;;;True;30332.0;30332.0;0.0;1.0;;;True;ControlType.NO_CONTROL;0;<BV64 0x767c>;64;[];[];[];[];[];[];[];30332;30332;0;1.0;;;True;30332.0;30332.0;0.0;1.0;;;True;ControlType.NO_CONTROL;0;<BV64 x0>;64;[];[];['<BV64 x0>'];[];['<BV64 x0>'];[];[];0.0;1.8446744073709552e+19;18446744073709551615;1;;;True;0.0;1.8446744073709552e+19;18446744073709551615;1;;;True;ControlType.CONTROLLED;0;<BV64 x0>;64;[];[];['<BV64 x0>'];[];['<BV64 x0>'];[];[];0.0;1.8446744073709552e+19;1.8446744073709552e+19;1.0;;;True;0.0;1.8446744073709552e+19;1.8446744073709552e+19;1.0;;;True;ControlType.CONTROLLED;0;<BV64 x0>;64;[];[];[];[];[];[];[];0;0;0;;;;False;0;0;0;;;;False;ControlType.UNKNOWN;0;[('0x56b30', <Bool True>, 'Taken'), ('0x56ccc', <Bool True>, 'Taken')];{'regs': [], 'indirect_regs': [], 'direct_regs': [], 'mem': [], 'const_mem': []};[];{'regs': [], 'indirect_regs': [], 'direct_regs': [], 'mem': [], 'const_mem': []};{'regs': ['<BV64 x0>'], 'indirect_regs': [], 'direct_regs': ['<BV64 x0>'], 'mem': [], 'const_mem': []};{'regs': ['<BV64 x0>'], 'indirect_regs': [], 'direct_regs': ['<BV64 x0>'], 'mem': [], 'const_mem': []};63.0;0.0;64.0;64.0;[];;;;BaseControlType.CONSTANT_BASE;BaseControlType.CONSTANT_BASE;BaseControlType.CONSTANT_BASE;2;BranchControlType.BRANCH_INDEPENDENT_FROM_SECRET;BranchControlType.BRANCH_INDEPENDENT_FROM_SECRET;355136;True;False;True;True;True;False;False;True;True;False;False;False;True;False;True;False;True;False;True;False;[];['has_valid_base'];True;False;True;True;True;False;False;True;True;False;False;False;True;False;True;False;True;False;True;False;[];['has_valid_base']
845ed6dc-7d1b-48b0-9c22-f1986f08d8f3;ZSTD_getBlockSize;0x183c4;0x183d4;0x0;TransmitterType.LOAD;5;0;False;['0x183c4'];<BV64 0x1b0 + x0>;64;[];[];['<BV64 x0>'];[];['<BV64 x0>'];[];[];0;18446744073709551615;18446744073709551615;1;;;True;0;18446744073709551615;18446744073709551615;1;;;True;ControlType.CONTROLLED;0;<BV64 0x1b0>;64;[];[];[];[];[];[];[];432.0;432.0;0.0;1.0;;;True;432.0;432.0;0.0;1.0;;;True;ControlType.NO_CONTROL;0;<BV64 0x1b0>;64;[];[];[];[];[];[];[];432;432;0;1.0;;;True;432.0;432.0;0.0;1.0;;;True;ControlType.NO_CONTROL;0;<BV64 x0>;64;[];[];['<BV64 x0>'];[];['<BV64 x0>'];[];[];0.0;1.8446744073709552e+19;18446744073709551615;1;;;True;0.0;1.8446744073709552e+19;18446744073709551615;1;;;True;ControlType.CONTROLLED;0;<BV64 x0>;64;[];[];['<BV64 x0>'];[];['<BV64 x0>'];[];[];0.0;1.8446744073709552e+19;1.8446744073709552e+19;1.0;;;True;0.0;1.8446744073709552e+19;1.8446744073709552e+19;1.0;;;True;ControlType.CONTROLLED;0;<BV64 x0>;64;[];[];[];[];[];[];[];0;0;0;;;;False;0;0;0;;;;False;ControlType.UNKNOWN;0;[];{'regs': [], 'indirect_regs': [], 'direct_regs': [], 'mem': [], 'const_mem': []};[];{'regs': [], 'indirect_regs': [], 'direct_regs': [], 'mem': [], 'const_mem': []};{'regs': ['<BV64 x0>'], 'indirect_regs': [], 'direct_regs': ['<BV64 x0>'], 'mem': [], 'const_mem': []};{'regs': ['<BV64 x0>'], 'indirect_regs': [], 'direct_regs': ['<BV64 x0>'], 'mem': [], 'const_mem': []};63.0;0.0;64.0;64.0;[];;;;BaseControlType.CONSTANT_BASE;BaseControlType.CONSTANT_BASE;BaseControlType.CONSTANT_BASE;0;BranchControlType.BRANCH_INDEPENDENT_FROM_SECRET;BranchControlType.BRANCH_INDEPENDENT_FROM_SECRET;99284;True;False;True;True;True;False;False;True;True;False;False;False;True;False;True;False;True;False;True;False;[];['has_valid_base'];True;False;True;True;True;False;False;True;True;False;False;False;True;False;True;False;True;False;True;False;[];['has_valid_base']
aaf0a40e-d780-4adc-ac93-b9ec6df01f19;ZSTD_getBlockSize;0x183c4;0x183d8;0x0;TransmitterType.LOAD;6;0;False;['0x183c4'];<BV64 0xec + x0>;64;[];[];['<BV64 x0>'];[];['<BV64 x0>'];[];[];0;18446744073709551615;18446744073709551615;1;;;True;0;18446744073709551615;18446744073709551615;1;;;True;ControlType.CONTROLLED;0;<BV64 0xec>;64;[];[];[];[];[];[];[];236.0;236.0;0.0;1.0;;;True;236.0;236.0;0.0;1.0;;;True;ControlType.NO_CONTROL;0;<BV64 0xec>;64;[];[];[];[];[];[];[];236;236;0;1.0;;;True;236.0;236.0;0.0;1.0;;;True;ControlType.NO_CONTROL;0;<BV64 x0>;64;[];[];['<BV64 x0>'];[];['<BV64 x0>'];[];[];0.0;1.8446744073709552e+19;18446744073709551615;1;;;True;0.0;1.8446744073709552e+19;18446744073709551615;1;;;True;ControlType.CONTROLLED;0;<BV64 x0>;64;[];[];['<BV64 x0>'];[];['<BV64 x0>'];[];[];0.0;1.8446744073709552e+19;1.8446744073709552e+19;1.0;;;True;0.0;1.8446744073709552e+19;1.8446744073709552e+19;1.0;;;True;ControlType.CONTROLLED;0;<BV64 x0>;64;[];[];[];[];[];[];[];0;0;0;;;;False;0;0;0;;;;False;ControlType.UNKNOWN;0;[];{'regs': [], 'indirect_regs': [], 'direct_regs': [], 'mem': [], 'const_mem': []};[];{'regs': [], 'indirect_regs': [], 'direct_regs': [], 'mem': [], 'const_mem': []};{'regs': ['<BV64 x0>'], 'indirect_regs': [], 'direct_regs': ['<BV64 x0>'], 'mem': [], 'const_mem': []};{'regs': ['<BV64 x0>'], 'indirect_regs': [], 'direct_regs': ['<BV64 x0>'], 'mem': [], 'const_mem': []};63.0;0.0;64.0;64.0;[];;;;BaseControlType.CONSTANT_BASE;BaseControlType.CONSTANT_BASE;BaseControlType.CONSTANT_BASE;0;BranchControlType.BRANCH_INDEPENDENT_FROM_SECRET;BranchControlType.BRANCH_INDEPENDENT_FROM_SECRET;99288;True;False;True;True;True;False;False;True;True;False;False;False;True;False;True;False;True;False;True;False;[];['has_valid_base'];True;False;True;True;True;False;False;True;True;False;False;False;True;False;True;False;True;False;True;False;[];['has_valid_base']
f2461a51-db01-47cf-ac84-98262a73c20d;ZSTD_DCtx_loadDictionary_byReference;0x563d0;0x562fc;0x0;TransmitterType.LOAD;17;0;False;['0x563d0', '0x562e0'];<BV64 0x761c + x0>;64;[];[];['<BV64 x0>'];[];['<BV64 x0>'];[];[];0;18446744073709551615;18446744073709551615;1;;;True;0;18446744073709551615;18446744073709551615;1;;;True;ControlType.CONTROLLED;0;<BV64 0x761c>;64;[];[];[];[];[];[];[];30236.0;30236.0;0.0;1.0;;;True;30236.0;30236.0;0.0;1.0;;;True;ControlType.NO_CONTROL;0;<BV64 0x761c>;64;[];[];[];[];[];[];[];30236;30236;0;1.0;;;True;30236.0;30236.0;0.0;1.0;;;True;ControlType.NO_CONTROL;0;<BV64 x0>;64;[];[];['<BV64 x0>'];[];['<BV64 x0>'];[];[];0.0;1.8446744073709552e+19;18446744073709551615;1;;;True;0.0;1.8446744073709552e+19;18446744073709551615;1;;;True;ControlType.CONTROLLED;0;<BV64 x0>;64;[];[];['<BV64 x0>'];[];['<BV64 x0>'];[];[];0.0;1.8446744073709552e+19;1.8446744073709552e+19;1.0;;;True;0.0;1.8446744073709552e+19;1.8446744073709552e+19;1.0;;;True;ControlType.CONTROLLED;0;<BV64 x0>;64;[];[];[];[];[];[];[];0;0;0;;;;False;0;0;0;;;;False;ControlType.UNKNOWN;0;[('0x563ec', <Bool True>, 'Taken')];{'regs': [], 'indirect_regs': [], 'direct_regs': [], 'mem': [], 'const_mem': []};[];{'regs': [], 'indirect_regs': [], 'direct_regs': [], 'mem': [], 'const_mem': []};{'regs': ['<BV64 x0>'], 'indirect_regs': [], 'direct_regs': ['<BV64 x0>'], 'mem': [], 'const_mem': []};{'regs': ['<BV64 x0>'], 'indirect_regs': [], 'direct_regs': ['<BV64 x0>'], 'mem': [], 'const_mem': []};63.0;0.0;64.0;64.0;[];;;;BaseControlType.CONSTANT_BASE;BaseControlType.CONSTANT_BASE;BaseControlType.CONSTANT_BASE;1;BranchControlType.BRANCH_INDEPENDENT_FROM_SECRET;BranchControlType.BRANCH_INDEPENDENT_FROM_SECRET;353020;True;False;True;True;True;False;False;True;True;False;False;False;True;False;True;False;True;False;True;False;[];['has_valid_base'];True;False;True;True;True;False;False;True;True;False;False;False;True;False;True;False;True;False;True;False;[];['has_valid_base']
026149f7-b051-4eed-ba8d-82ec52fb5d08;ZSTD_DCtx_loadDictionary_byReference;0x563d0;0x56304;0x0;TransmitterType.LOAD;19;0;False;['0x563d0', '0x562e0', '0x56304'];<BV64 0x75e8 + x0>;64;[];[];['<BV64 x0>'];[];['<BV64 x0>'];[];[];0;18446744073709551615;18446744073709551615;1;;;True;0;18446744073709551615;18446744073709551615;1;;;True;ControlType.CONTROLLED;0;<BV64 0x75e8>;64;[];[];[];[];[];[];[];30184.0;30184.0;0.0;1.0;;;True;30184.0;30184.0;0.0;1.0;;;True;ControlType.NO_CONTROL;0;<BV64 0x75e8>;64;[];[];[];[];[];[];[];30184;30184;0;1.0;;;True;30184.0;30184.0;0.0;1.0;;;True;ControlType.NO_CONTROL;0;<BV64 x0>;64;[];[];['<BV64 x0>'];[];['<BV64 x0>'];[];[];0.0;1.8446744073709552e+19;18446744073709551615;1;;;True;0.0;1.8446744073709552e+19;18446744073709551615;1;;;True;ControlType.CONTROLLED;0;<BV64 x0>;64;[];[];['<BV64 x0>'];[];['<BV64 x0>'];[];[];0.0;1.8446744073709552e+19;1.8446744073709552e+19;1.0;;;True;0.0;1.8446744073709552e+19;1.8446744073709552e+19;1.0;;;True;ControlType.CONTROLLED;0;<BV64 x0>;64;[];[];[];[];[];[];[];0;0;0;;;;False;0;0;0;;;;False;ControlType.UNKNOWN;0;[('0x56300', <Bool LOAD_32[<BV64 x0 + 0x761c>]_30 == 0x0>, 'Taken'), ('0x563ec', <Bool True>, 'Taken')];"{'regs': ['<BV64 x0>'], 'indirect_regs': [""<BV64 x0>: ['0x761c']""], 'direct_regs': [], 'mem': ['<BV64 x0 + 0x761c>'], 'const_mem': []}";[];{'regs': [], 'indirect_regs': [], 'direct_regs': [], 'mem': [], 'const_mem': []};{'regs': ['<BV64 x0>'], 'indirect_regs': [], 'direct_regs': ['<BV64 x0>'], 'mem': [], 'const_mem': []};{'regs': ['<BV64 x0>'], 'indirect_regs': [], 'direct_regs': ['<BV64 x0>'], 'mem': ['<BV64 x0 + 0x761c>'], 'const_mem': []};63.0;0.0;64.0;64.0;[];;;;BaseControlType.CONSTANT_BASE;BaseControlType.CONSTANT_BASE;BaseControlType.CONSTANT_BASE;2;BranchControlType.BRANCH_DEPENDS_ON_SECRET_VALUE;BranchControlType.BRANCH_INDEPENDENT_FROM_SECRET;353028;True;False;True;True;True;False;False;True;True;False;False;False;True;False;True;True;True;False;True;False;[];['has_valid_base'];True;False;True;True;True;False;False;True;True;False;False;False;True;False;True;True;True;False;True;False;[];['has_valid_base']
f68dcf36-c48f-44cd-b2fd-ab44fe660e28;ZSTD_DCtx_loadDictionary_byReference;0x563d0;0x54008;0x56304;TransmitterType.LOAD;31;1;False;['0x563d0', '0x562e0', '0x56304', '0x53ff4', '0x53ffc'];<BV64 LOAD_64[<BV64 x0 + 0x75e8>]_31>;64;[('0x53ff8', <Bool LOAD_64[<BV64 x0 + 0x75e8>]_31 != 0x0>, 'Taken')];[];['<BV64 x0>'];"[""<BV64 x0>: ['0x75e8']""]";[];['<BV64 x0 + 0x75e8>'];[];0;18446744073709551615;18446744073709551615;1;;;True;1;18446744073709551615;18446744073709551614;1;;;True;ControlType.CONTROLLED;1;;0;[];[];[];[];[];[];[];0.0;0.0;0.0;0.0;;;False;0.0;0.0;0.0;0.0;;;False;ControlType.UNKNOWN;0;;0;[];[];[];[];[];[];[];0;0;0;;;;False;0.0;0.0;0.0;0.0;;;False;ControlType.UNKNOWN;0;<BV64 LOAD_64[<BV64 x0 + 0x75e8>]_31>;64;[('0x53ff8', <Bool LOAD_64[<BV64 x0 + 0x75e8>]_31 != 0x0>, 'Taken')];[];['<BV64 x0>'];"[""<BV64 x0>: ['0x75e8']""]";[];['<BV64 x0 + 0x75e8>'];[];0.0;1.8446744073709552e+19;18446744073709551615;1;;;True;1.0;1.8446744073709552e+19;18446744073709551614;1;;;True;ControlType.CONTROLLED;1;<BV64 x0 + 0x75e8>;64;[];[];['<BV64 x0>'];[];['<BV64 x0>'];[];[];0.0;1.8446744073709552e+19;1.8446744073709552e+19;1.0;;;True;0.0;1.8446744073709552e+19;1.8446744073709552e+19;1.0;;;True;ControlType.CONTROLLED;0;<BV64 LOAD_64[<BV64 x0 + 0x75e8>]_31>;64;[];[];[];[];[];[];[];0;0;0;;;;False;0;0;0;;;;False;ControlType.UNKNOWN;1;[('0x53ff8', <Bool LOAD_64[<BV64 x0 + 0x75e8>]_31 != 0x0>, 'Taken'), ('0x56300', <Bool LOAD_32[<BV64 x0 + 0x761c>]_30 == 0x0>, 'Taken'), ('0x5631c', <Bool True>, 'Taken'), ('0x563ec', <Bool True>, 'Taken')];"{'regs': ['<BV64 x0>'], 'indirect_regs': [""<BV64 x0>: ['0x75e8', '0x761c']""], 'direct_regs': [], 'mem': ['<BV64 x0 + 0x75e8>', '<BV64 x0 + 0x761c>'], 'const_mem': []}";[];{'regs': [], 'indirect_regs': [], 'direct_regs': [], 'mem': [], 'const_mem': []};{'regs': ['<BV64 x0>'], 'indirect_regs': [], 'direct_regs': ['<BV64 x0>'], 'mem': ['<BV64 x0 + 0x75e8>'], 'const_mem': []};{'regs': ['<BV64 x0>'], 'indirect_regs': [], 'direct_regs': ['<BV64 x0>'], 'mem': ['<BV64 x0 + 0x75e8>', '<BV64 x0 + 0x761c>'], 'const_mem': []};63.0;0.0;64.0;64.0;[];;;;BaseControlType.NO_BASE;BaseControlType.NO_BASE;BaseControlType.NO_BASE;4;BranchControlType.BRANCH_DEPENDS_ON_SECRET_VALUE;BranchControlType.BRANCH_INDEPENDENT_FROM_SECRET;344072;True;False;True;True;True;False;False;True;True;False;False;False;True;False;True;True;True;False;True;False;[];['has_valid_base'];True;False;True;True;True;False;False;True;True;False;False;False;True;False;True;True;True;False;True;False;[];['has_valid_base']
5f4cf886-0c3c-4de3-b280-e9a3ed6936e6;ZSTD_DCtx_loadDictionary_byReference;0x563d0;0x54014;0x56304;TransmitterType.LOAD;34;1;False;['0x563d0', '0x562e0', '0x56304', '0x53ff4', '0x53ffc'];<BV64 0x6ac8 + LOAD_64[<BV64 x0 + 0x75e8>]_31>;64;[('0x53ff8', <Bool LOAD_64[<BV64 x0 + 0x75e8>]_31 != 0x0>, 'Taken')];[];['<BV64 x0>'];"[""<BV64 x0>: ['0x75e8']""]";[];['<BV64 x0 + 0x75e8>'];[];0;18446744073709551615;18446744073709551615;1;;;True;27337;27335;18446744073709551614;1;;;True;ControlType.CONTROLLED;1;<BV64 0x6ac8>;64;[];[];[];[];[];[];[];27336.0;27336.0;0.0;1.0;;;True;27336.0;27336.0;0.0;1.0;;;True;ControlType.NO_CONTROL;0;<BV64 0x6ac8>;64;[];[];[];[];[];[];[];27336;27336;0;1.0;;;True;27336.0;27336.0;0.0;1.0;;;True;ControlType.NO_CONTROL;0;<BV64 LOAD_64[<BV64 x0 + 0x75e8>]_31>;64;[('0x53ff8', <Bool LOAD_64[<BV64 x0 + 0x75e8>]_31 != 0x0>, 'Taken')];[];['<BV64 x0>'];"[""<BV64 x0>: ['0x75e8']""]";[];['<BV64 x0 + 0x75e8>'];[];0.0;1.8446744073709552e+19;18446744073709551615;1;;;True;1.0;1.8446744073709552e+19;18446744073709551614;1;;;True;ControlType.CONTROLLED;1;<BV64 x0 + 0x75e8>;64;[];[];['<BV64 x0>'];[];['<BV64 x0>'];[];[];0.0;1.8446744073709552e+19;1.8446744073709552e+19;1.0;;;True;0.0;1.8446744073709552e+19;1.8446744073709552e+19;1.0;;;True;ControlType.CONTROLLED;0;<BV64 LOAD_64[<BV64 x0 + 0x75e8>]_31>;64;[];[];[];[];[];[];[];0;0;0;;;;False;0;0;0;;;;False;ControlType.UNKNOWN;1;[('0x53ff8', <Bool LOAD_64[<BV64 x0 + 0x75e8>]_31 != 0x0>, 'Taken'), ('0x56300', <Bool LOAD_32[<BV64 x0 + 0x761c>]_30 == 0x0>, 'Taken'), ('0x5631c', <Bool True>, 'Taken'), ('0x563ec', <Bool True>, 'Taken')];"{'regs': ['<BV64 x0>'], 'indirect_regs': [""<BV64 x0>: ['0x75e8', '0x761c']""], 'direct_regs': [], 'mem': ['<BV64 x0 + 0x75e8>', '<BV64 x0 + 0x761c>'], 'const_mem': []}";[];{'regs': [], 'indirect_regs': [], 'direct_regs': [], 'mem': [], 'const_mem': []};{'regs': ['<BV64 x0>'], 'indirect_regs': [], 'direct_regs': ['<BV64 x0>'], 'mem': ['<BV64 x0 + 0x75e8>'], 'const_mem': []};{'regs': ['<BV64 x0>'], 'indirect_regs': [], 'direct_regs': ['<BV64 x0>'], 'mem': ['<BV64 x0 + 0x75e8>', '<BV64 x0 + 0x761c>'], 'const_mem': []};63.0;0.0;64.0;64.0;[];;;;BaseControlType.CONSTANT_BASE;BaseControlType.CONSTANT_BASE;BaseControlType.CONSTANT_BASE;4;BranchControlType.BRANCH_DEPENDS_ON_SECRET_VALUE;BranchControlType.BRANCH_INDEPENDENT_FROM_SECRET;344084;True;False;True;True;True;False;False;True;True;False;False;False;True;False;True;True;True;False;True;False;[];['has_valid_base'];True;False;True;True;True;False;False;True;True;False;False;False;True;False;True;True;True;False;True;False;[];['has_valid_base']
18e5c774-7fd3-4085-a57a-2cc809529778;ZSTD_DCtx_loadDictionary_byReference;0x563d0;0x5401c;0x56304;TransmitterType.LOAD;36;1;False;['0x563d0', '0x562e0', '0x56304', '0x53ff4', '0x53ffc'];<BV64 0x6ad0 + LOAD_64[<BV64 x0 + 0x75e8>]_31>;64;[('0x53ff8', <Bool LOAD_64[<BV64 x0 + 0x75e8>]_31 != 0x0>, 'Taken')];[];['<BV64 x0>'];"[""<BV64 x0>: ['0x75e8']""]";[];['<BV64 x0 + 0x75e8>'];[];0;18446744073709551615;18446744073709551615;1;;;True;27345;27343;18446744073709551614;1;;;True;ControlType.CONTROLLED;1;<BV64 0x6ad0>;64;[];[];[];[];[];[];[];27344.0;27344.0;0.0;1.0;;;True;27344.0;27344.0;0.0;1.0;;;True;ControlType.NO_CONTROL;0;<BV64 0x6ad0>;64;[];[];[];[];[];[];[];27344;27344;0;1.0;;;True;27344.0;27344.0;0.0;1.0;;;True;ControlType.NO_CONTROL;0;<BV64 LOAD_64[<BV64 x0 + 0x75e8>]_31>;64;[('0x53ff8', <Bool LOAD_64[<BV64 x0 + 0x75e8>]_31 != 0x0>, 'Taken')];[];['<BV64 x0>'];"[""<BV64 x0>: ['0x75e8']""]";[];['<BV64 x0 + 0x75e8>'];[];0.0;1.8446744073709552e+19;18446744073709551615;1;;;True;1.0;1.8446744073709552e+19;18446744073709551614;1;;;True;ControlType.CONTROLLED;1;<BV64 x0 + 0x75e8>;64;[];[];['<BV64 x0>'];[];['<BV64 x0>'];[];[];0.0;1.8446744073709552e+19;1.8446744073709552e+19;1.0;;;True;0.0;1.8446744073709552e+19;1.8446744073709552e+19;1.0;;;True;ControlType.CONTROLLED;0;<BV64 LOAD_64[<BV64 x0 + 0x75e8>]_31>;64;[];[];[];[];[];[];[];0;0;0;;;;False;0;0;0;;;;False;ControlType.UNKNOWN;1;[('0x53ff8', <Bool LOAD_64[<BV64 x0 + 0x75e8>]_31 != 0x0>, 'Taken'), ('0x56300', <Bool LOAD_32[<BV64 x0 + 0x761c>]_30 == 0x0>, 'Taken'), ('0x5631c', <Bool True>, 'Taken'), ('0x563ec', <Bool True>, 'Taken')];"{'regs': ['<BV64 x0>'], 'indirect_regs': [""<BV64 x0>: ['0x75e8', '0x761c']""], 'direct_regs': [], 'mem': ['<BV64 x0 + 0x75e8>', '<BV64 x0 + 0x761c>'], 'const_mem': []}";[];{'regs': [], 'indirect_regs': [], 'direct_regs': [], 'mem': [], 'const_mem': []};{'regs': ['<BV64 x0>'], 'indirect_regs': [], 'direct_regs': ['<BV64 x0>'], 'mem': ['<BV64 x0 + 0x75e8>'], 'const_mem': []};{'regs': ['<BV64 x0>'], 'indirect_regs': [], 'direct_regs': ['<BV64 x0>'], 'mem': ['<BV64 x0 + 0x75e8>', '<BV64 x0 + 0x761c>'], 'const_mem': []};63.0;0.0;64.0;64.0;[];;;;BaseControlType.CONSTANT_BASE;BaseControlType.CONSTANT_BASE;BaseControlType.CONSTANT_BASE;4;BranchControlType.BRANCH_DEPENDS_ON_SECRET_VALUE;BranchControlType.BRANCH_INDEPENDENT_FROM_SECRET;344092;True;False;True;True;True;False;False;True;True;False;False;False;True;False;True;True;True;False;True;False;[];['has_valid_base'];True;False;True;True;True;False;False;True;True;False;False;False;True;False;True;True;True;False;True;False;[];['has_valid_base']
0e9020a2-6765-4b2f-baec-f048a0694664;ZSTD_getDictID_fromCDict;0x1a680;0x1a698;0x0;TransmitterType.LOAD;6;0;False;['0x1a680', '0x1a690'];<BV64 0x17b0 + x0>;64;[('0x1a68c', <Bool x0 != 0x0>, 'Taken')];[];['<BV64 x0>'];[];['<BV64 x0>'];[];[];0;18446744073709551615;18446744073709551615;1;;;True;6065;6063;18446744073709551614;1;;;True;ControlType.CONTROLLED;0;<BV64 0x17b0>;64;[];[];[];[];[];[];[];6064.0;6064.0;0.0;1.0;;;True;6064.0;6064.0;0.0;1.0;;;True;ControlType.NO_CONTROL;0;<BV64 0x17b0>;64;[];[];[];[];[];[];[];6064;6064;0;1.0;;;True;6064.0;6064.0;0.0;1.0;;;True;ControlType.NO_CONTROL;0;<BV64 x0>;64;[('0x1a68c', <Bool x0 != 0x0>, 'Taken')];[];['<BV64 x0>'];[];['<BV64 x0>'];[];[];0.0;1.8446744073709552e+19;18446744073709551615;1;;;True;1.0;1.8446744073709552e+19;18446744073709551614;1;;;True;ControlType.CONTROLLED;0;<BV64 x0>;64;[('0x1a68c', <Bool x0 != 0x0>, 'Taken')];[];['<BV64 x0>'];[];['<BV64 x0>'];[];[];0.0;1.8446744073709552e+19;1.8446744073709552e+19;1.0;;;True;1.0;1.8446744073709552e+19;1.8446744073709552e+19;1.0;;;True;ControlType.CONTROLLED;0;<BV64 x0>;64;[];[];[];[];[];[];[];0;0;0;;;;False;0;0;0;;;;False;ControlType.UNKNOWN;0;[('0x1a68c', <Bool x0 != 0x0>, 'Taken')];{'regs': ['<BV64 x0>'], 'indirect_regs': [], 'direct_regs': ['<BV64 x0>'], 'mem': [], 'const_mem': []};[];{'regs': [], 'indirect_regs': [], 'direct_regs': [], 'mem': [], 'const_mem': []};{'regs': ['<BV64 x0>'], 'indirect_regs': [], 'direct_regs': ['<BV64 x0>'], 'mem': [], 'const_mem': []};{'regs': ['<BV64 x0>'], 'indirect_regs': [], 'direct_regs': ['<BV64 x0>'], 'mem': [], 'const_mem': []};63.0;0.0;64.0;64.0;[];;;;BaseControlType.CONSTANT_BASE;BaseControlType.CONSTANT_BASE;BaseControlType.CONSTANT_BASE;1;BranchControlType.BRANCH_DEPENDS_ON_SECRET_VALUE;BranchControlType.BRANCH_INDEPENDENT_FROM_SECRET;108184;True;False;True;True;True;False;False;True;True;False;False;False;True;False;True;True;True;False;True;False;[];['has_valid_base'];True;False;True;True;True;False;False;True;True;False;False;False;True;False;True;True;True;False;True;False;[];['has_valid_base']
da8a1ecc-3939-4ded-88ea-b690a1542837;ZSTD_createCStream_advanced;0x1a6d0;0x1a6e4;0x0;TransmitterType.LOAD;7;0;False;['0x1a6d0'];<BV64 x0>;64;[];[];['<BV64 x0>'];[];['<BV64 x0>'];[];[];0;18446744073709551615;18446744073709551615;1;;;True;0;18446744073709551615;18446744073709551615;1;;;True;ControlType.CONTROLLED;0;;0;[];[];[];[];[];[];[];0.0;0.0;0.0;0.0;;;False;0.0;0.0;0.0;0.0;;;False;ControlType.UNKNOWN;0;;0;[];[];[];[];[];[];[];0;0;0;;;;False;0.0;0.0;0.0;0.0;;;False;ControlType.UNKNOWN;0;<BV64 x0>;64;[];[];['<BV64 x0>'];[];['<BV64 x0>'];[];[];0.0;1.8446744073709552e+19;18446744073709551615;1;;;True;0.0;1.8446744073709552e+19;18446744073709551615;1;;;True;ControlType.CONTROLLED;0;<BV64 x0>;64;[];[];['<BV64 x0>'];[];['<BV64 x0>'];[];[];0.0;1.8446744073709552e+19;1.8446744073709552e+19;1.0;;;True;0.0;1.8446744073709552e+19;1.8446744073709552e+19;1.0;;;True;ControlType.CONTROLLED;0;<BV64 x0>;64;[];[];[];[];[];[];[];0;0;0;;;;False;0;0;0;;;;False;ControlType.UNKNOWN;0;[];{'regs': [], 'indirect_regs': [], 'direct_regs': [], 'mem': [], 'const_mem': []};[];{'regs': [], 'indirect_regs': [], 'direct_regs': [], 'mem': [], 'const_mem': []};{'regs': ['<BV64 x0>'], 'indirect_regs': [], 'direct_regs': ['<BV64 x0>'], 'mem': [], 'const_mem': []};{'regs': ['<BV64 x0>'], 'indirect_regs': [], 'direct_regs': ['<BV64 x0>'], 'mem': [], 'const_mem': []};63.0;0.0;64.0;64.0;[];;;;BaseControlType.NO_BASE;BaseControlType.NO_BASE;BaseControlType.NO_BASE;0;BranchControlType.BRANCH_INDEPENDENT_FROM_SECRET;BranchControlType.BRANCH_INDEPENDENT_FROM_SECRET;108260;True;False;True;True;True;False;False;True;True;False;False;False;True;False;True;False;True;False;True;False;[];['has_valid_base'];True;False;True;True;True;False;False;True;True;False;False;False;True;False;True;False;True;False;True;False;[];['has_valid_base']
6c2384e4-f08a-4e40-b28e-0acc286ceca8;ZSTD_createCStream_advanced;0x1a6d0;0x1a6e4;0x0;TransmitterType.LOAD;7;0;False;['0x1a6d0'];<BV64 0x8 + x0>;64;[];[];['<BV64 x0>'];[];['<BV64 x0>'];[];[];0;18446744073709551615;18446744073709551615;1;;;True;0;18446744073709551615;18446744073709551615;1;;;True;ControlType.CONTROLLED;0;<BV64 0x8>;64;[];[];[];[];[];[];[];8.0;8.0;0.0;1.0;;;True;8.0;8.0;0.0;1.0;;;True;ControlType.NO_CONTROL;0;<BV64 0x8>;64;[];[];[];[];[];[];[];8;8;0;1.0;;;True;8.0;8.0;0.0;1.0;;;True;ControlType.NO_CONTROL;0;<BV64 x0>;64;[];[];['<BV64 x0>'];[];['<BV64 x0>'];[];[];0.0;1.8446744073709552e+19;18446744073709551615;1;;;True;0.0;1.8446744073709552e+19;18446744073709551615;1;;;True;ControlType.CONTROLLED;0;<BV64 x0>;64;[];[];['<BV64 x0>'];[];['<BV64 x0>'];[];[];0.0;1.8446744073709552e+19;1.8446744073709552e+19;1.0;;;True;0.0;1.8446744073709552e+19;1.8446744073709552e+19;1.0;;;True;ControlType.CONTROLLED;0;<BV64 x0>;64;[];[];[];[];[];[];[];0;0;0;;;;False;0;0;0;;;;False;ControlType.UNKNOWN;0;[];{'regs': [], 'indirect_regs': [], 'direct_regs': [], 'mem': [], 'const_mem': []};[];{'regs': [], 'indirect_regs': [], 'direct_regs': [], 'mem': [], 'const_mem': []};{'regs': ['<BV64 x0>'], 'indirect_regs': [], 'direct_regs': ['<BV64 x0>'], 'mem': [], 'const_mem': []};{'regs': ['<BV64 x0>'], 'indirect_regs': [], 'direct_regs': ['<BV64 x0>'], 'mem': [], 'const_mem': []};63.0;0.0;64.0;64.0;[];;;;BaseControlType.CONSTANT_BASE;BaseControlType.CONSTANT_BASE;BaseControlType.CONSTANT_BASE;0;BranchControlType.BRANCH_INDEPENDENT_FROM_SECRET;BranchControlType.BRANCH_INDEPENDENT_FROM_SECRET;108260;True;False;True;True;True;False;False;True;True;False;False;False;True;False;True;False;True;False;True;False;[];['has_valid_base'];True;False;True;True;True;False;False;True;True;False;False;False;True;False;True;False;True;False;True;False;[];['has_valid_base']
a932835e-a8dd-41c3-8a98-933f418977d7;ZSTD_createCStream_advanced;0x1a6d0;0x1a6f0;0x0;TransmitterType.LOAD;10;0;False;['0x1a6d0'];<BV64 0x10 + x0>;64;[];[];['<BV64 x0>'];[];['<BV64 x0>'];[];[];0;18446744073709551615;18446744073709551615;1;;;True;0;18446744073709551615;18446744073709551615;1;;;True;ControlType.CONTROLLED;0;<BV64 0x10>;64;[];[];[];[];[];[];[];16.0;16.0;0.0;1.0;;;True;16.0;16.0;0.0;1.0;;;True;ControlType.NO_CONTROL;0;<BV64 0x10>;64;[];[];[];[];[];[];[];16;16;0;1.0;;;True;16.0;16.0;0.0;1.0;;;True;ControlType.NO_CONTROL;0;<BV64 x0>;64;[];[];['<BV64 x0>'];[];['<BV64 x0>'];[];[];0.0;1.8446744073709552e+19;18446744073709551615;1;;;True;0.0;1.8446744073709552e+19;18446744073709551615;1;;;True;ControlType.CONTROLLED;0;<BV64 x0>;64;[];[];['<BV64 x0>'];[];['<BV64 x0>'];[];[];0.0;1.8446744073709552e+19;1.8446744073709552e+19;1.0;;;True;0.0;1.8446744073709552e+19;1.8446744073709552e+19;1.0;;;True;ControlType.CONTROLLED;0;<BV64 x0>;64;[];[];[];[];[];[];[];0;0;0;;;;False;0;0;0;;;;False;ControlType.UNKNOWN;0;[];{'regs': [], 'indirect_regs': [], 'direct_regs': [], 'mem': [], 'const_mem': []};[];{'regs': [], 'indirect_regs': [], 'direct_regs': [], 'mem': [], 'const_mem': []};{'regs': ['<BV64 x0>'], 'indirect_regs': [], 'direct_regs': ['<BV64 x0>'], 'mem': [], 'const_mem': []};{'regs': ['<BV64 x0>'], 'indirect_regs': [], 'direct_regs': ['<BV64 x0>'], 'mem': [], 'const_mem': []};63.0;0.0;64.0;64.0;[];;;;BaseControlType.CONSTANT_BASE;BaseControlType.CONSTANT_BASE;BaseControlType.CONSTANT_BASE;0;BranchControlType.BRANCH_INDEPENDENT_FROM_SECRET;BranchControlType.BRANCH_INDEPENDENT_FROM_SECRET;108272;True;False;True;True;True;False;False;True;True;False;False;False;True;False;True;False;True;False;True;False;[];['has_valid_base'];True;False;True;True;True;False;False;True;True;False;False;False;True;False;True;False;True;False;True;False;[];['has_valid_base']
c1c63521-e067-4961-8c27-5b3b88d6491b;ZSTD_createCStream_advanced;0x1a6d0;0x19aa4;0x1a6e4;TransmitterType.CODE_LOAD;31;1;False;['0x1a6d0', '0x19a60', '0x19a94', '0x19a9c'];<BV64 LOAD_64[<BV64 x0>]_22>;64;[('0x19a98', <Bool LOAD_64[<BV64 x0>]_22 != 0x0>, 'Taken')];[('0x19a80', <Bool LOAD_64[<BV64 x0>]_22 != 0x0>, 'ConditionType.CMOVE')];['<BV64 x0>'];"[""<BV64 x0>: ['0x0']""]";[];['<BV64 x0>'];[];1;18446744073709551615;18446744073709551614;1;;;True;1;18446744073709551615;18446744073709551614;1;;;True;ControlType.CONTROLLED;1;;0;[];[];[];[];[];[];[];0.0;0.0;0.0;0.0;;;False;0.0;0.0;0.0;0.0;;;False;ControlType.UNKNOWN;0;;0;[];[];[];[];[];[];[];0;0;0;;;;False;0.0;0.0;0.0;0.0;;;False;ControlType.UNKNOWN;0;<BV64 LOAD_64[<BV64 x0>]_22>;64;[('0x19a98', <Bool LOAD_64[<BV64 x0>]_22 != 0x0>, 'Taken')];[('0x19a80', <Bool LOAD_64[<BV64 x0>]_22 != 0x0>, 'ConditionType.CMOVE')];['<BV64 x0>'];"[""<BV64 x0>: ['0x0']""]";[];['<BV64 x0>'];[];1.0;1.8446744073709552e+19;18446744073709551614;1;;;True;1.0;1.8446744073709552e+19;18446744073709551614;1;;;True;ControlType.CONTROLLED;1;<BV64 x0>;64;[];[];['<BV64 x0>'];[];['<BV64 x0>'];[];[];0.0;1.8446744073709552e+19;1.8446744073709552e+19;1.0;;;True;0.0;1.8446744073709552e+19;1.8446744073709552e+19;1.0;;;True;ControlType.CONTROLLED;0;<BV64 LOAD_64[<BV64 x0>]_22>;64;[];[];[];[];[];[];[];0;0;0;;;;False;0;0;0;;;;False;ControlType.UNKNOWN;1;[('0x19a90', <Bool True>, 'Taken'), ('0x19a98', <Bool LOAD_64[<BV64 x0>]_22 != 0x0>, 'Taken'), ('0x1a6fc', <Bool True>, 'Taken')];"{'regs': ['<BV64 x0>'], 'indirect_regs': [""<BV64 x0>: ['0x0']""], 'direct_regs': [], 'mem': ['<BV64 x0>'], 'const_mem': []}";[('0x19a80', <Bool LOAD_64[<BV64 x0>]_22 != 0x0>, 'ConditionType.CMOVE'), ('0x19a88', <Bool LOAD_64[<BV64 x0 + 0x8>]_23 != 0x0>, 'ConditionType.CMOVE')];"{'regs': ['<BV64 x0>'], 'indirect_regs': [""<BV64 x0>: ['0x0', '0x8']""], 'direct_regs': [], 'mem': ['<BV64 x0 + 0x8>', '<BV64 x0>'], 'const_mem': []}";{'regs': ['<BV64 x0>'], 'indirect_regs': [], 'direct_regs': ['<BV64 x0>'], 'mem': ['<BV64 x0 + 0x8>', '<BV64 x0>'], 'const_mem': []};{'regs': ['<BV64 x0>'], 'indirect_regs': [], 'direct_regs': ['<BV64 x0>'], 'mem': ['<BV64 x0 + 0x8>', '<BV64 x0>'], 'const_mem': []};63.0;0.0;64.0;64.0;[];;;;BaseControlType.NO_BASE;BaseControlType.NO_BASE;BaseControlType.NO_BASE;3;BranchControlType.BRANCH_DEPENDS_ON_SECRET_VALUE;BranchControlType.BRANCH_DEPENDS_ON_SECRET_VALUE;105124;True;False;True;False;True;False;False;True;True;False;False;False;True;False;True;True;True;False;True;False;[];['has_valid_base', 'is_cmove_independent_from_secret'];True;False;True;False;True;False;False;True;True;False;False;False;True;False;True;True;True;False;True;False;[];['has_valid_base', 'is_cmove_independent_from_secret']
e895f889-1394-4d54-9c10-972ec2482bb4;ZSTD_flushStream;0x21110;0x21128;0x0;TransmitterType.LOAD;7;0;False;['0x21110'];<BV64 0x164 + x0>;64;[];[];['<BV64 x0>'];[];['<BV64 x0>'];[];[];0;18446744073709551615;18446744073709551615;1;;;True;0;18446744073709551615;18446744073709551615;1;;;True;ControlType.CONTROLLED;0;<BV64 0x164>;64;[];[];[];[];[];[];[];356.0;356.0;0.0;1.0;;;True;356.0;356.0;0.0;1.0;;;True;ControlType.NO_CONTROL;0;<BV64 0x164>;64;[];[];[];[];[];[];[];356;356;0;1.0;;;True;356.0;356.0;0.0;1.0;;;True;ControlType.NO_CONTROL;0;<BV64 x0>;64;[];[];['<BV64 x0>'];[];['<BV64 x0>'];[];[];0.0;1.8446744073709552e+19;18446744073709551615;1;;;True;0.0;1.8446744073709552e+19;18446744073709551615;1;;;True;ControlType.CONTROLLED;0;<BV64 x0>;64;[];[];['<BV64 x0>'];[];['<BV64 x0>'];[];[];0.0;1.8446744073709552e+19;1.8446744073709552e+19;1.0;;;True;0.0;1.8446744073709552e+19;1.8446744073709552e+19;1.0;;;True;ControlType.CONTROLLED;0;<BV64 x0>;64;[];[];[];[];[];[];[];0;0;0;;;;False;0;0;0;;;;False;ControlType.UNKNOWN;0;[];{'regs': [], 'indirect_regs': [], 'direct_regs': [], 'mem': [], 'const_mem': []};[];{'regs': [], 'indirect_regs': [], 'direct_regs': [], 'mem': [], 'const_mem': []};{'regs': ['<BV64 x0>'], 'indirect_regs': [], 'direct_regs': ['<BV64 x0>'], 'mem': [], 'const_mem': []};{'regs': ['<BV64 x0>'], 'indirect_regs': [], 'direct_regs': ['<BV64 x0>'], 'mem': [], 'const_mem': []};63.0;0.0;64.0;64.0;[];;;;BaseControlType.CONSTANT_BASE;BaseControlType.CONSTANT_BASE;BaseControlType.CONSTANT_BASE;0;BranchControlType.BRANCH_INDEPENDENT_FROM_SECRET;BranchControlType.BRANCH_INDEPENDENT_FROM_SECRET;135464;True;False;True;True;True;False;False;True;True;False;False;False;True;False;True;False;True;False;True;False;[];['has_valid_base'];True;False;True;True;True;False;False;True;True;False;False;False;True;False;True;False;True;False;True;False;[];['has_valid_base']
119efa8b-5f45-488c-9ef6-c3f91f9f9d2f;ZSTD_flushStream;0x21110;0x21190;0x0;TransmitterType.LOAD;15;0;False;['0x21110', '0x21188'];<BV64 0xe30 + x0>;64;[];[];['<BV64 x0>'];[];['<BV64 x0>'];[];[];0;18446744073709551615;18446744073709551615;1;;;True;0;18446744073709551615;18446744073709551615;1;;;True;ControlType.CONTROLLED;0;<BV64 0xe30>;64;[];[];[];[];[];[];[];3632.0;3632.0;0.0;1.0;;;True;3632.0;3632.0;0.0;1.0;;;True;ControlType.NO_CONTROL;0;<BV64 0xe30>;64;[];[];[];[];[];[];[];3632;3632;0;1.0;;;True;3632.0;3632.0;0.0;1.0;;;True;ControlType.NO_CONTROL;0;<BV64 x0>;64;[];[];['<BV64 x0>'];[];['<BV64 x0>'];[];[];0.0;1.8446744073709552e+19;18446744073709551615;1;;;True;0.0;1.8446744073709552e+19;18446744073709551615;1;;;True;ControlType.CONTROLLED;0;<BV64 x0>;64;[];[];['<BV64 x0>'];[];['<BV64 x0>'];[];[];0.0;1.8446744073709552e+19;1.8446744073709552e+19;1.0;;;True;0.0;1.8446744073709552e+19;1.8446744073709552e+19;1.0;;;True;ControlType.CONTROLLED;0;<BV64 x0>;64;[];[];[];[];[];[];[];0;0;0;;;;False;0;0;0;;;;False;ControlType.UNKNOWN;0;[('0x2113c', <Bool LOAD_32[<BV64 x0 + 0x164>]_23 == 0x1>, 'Taken')];"{'regs': ['<BV64 x0>'], 'indirect_regs': [""<BV64 x0>: ['0x164']""], 'direct_regs': [], 'mem': ['<BV64 x0 + 0x164>'], 'const_mem': []}";[];{'regs': [], 'indirect_regs': [], 'direct_regs': [], 'mem': [], 'const_mem': []};{'regs': ['<BV64 x0>'], 'indirect_regs': [], 'direct_regs': ['<BV64 x0>'], 'mem': [], 'const_mem': []};{'regs': ['<BV64 x0>'], 'indirect_regs': [], 'direct_regs': ['<BV64 x0>'], 'mem': ['<BV64 x0 + 0x164>'], 'const_mem': []};63.0;0.0;64.0;64.0;[];;;;BaseControlType.CONSTANT_BASE;BaseControlType.CONSTANT_BASE;BaseControlType.CONSTANT_BASE;1;BranchControlType.BRANCH_DEPENDS_ON_SECRET_VALUE;BranchControlType.BRANCH_INDEPENDENT_FROM_SECRET;135568;True;False;True;True;True;False;False;True;True;False;False;False;True;False;True;True;True;False;True;False;[];['has_valid_base'];True;False;True;True;True;False;False;True;True;False;False;False;True;False;True;True;True;False;True;False;[];['has_valid_base']
e5497bdc-d6de-4448-8860-b3a524e4f65f;ZSTD_flushStream;0x21110;0x21194;0x0;TransmitterType.LOAD;16;0;False;['0x21110', '0x21188'];<BV64 0xe20 + x0>;64;[];[];['<BV64 x0>'];[];['<BV64 x0>'];[];[];0;18446744073709551615;18446744073709551615;1;;;True;0;18446744073709551615;18446744073709551615;1;;;True;ControlType.CONTROLLED;0;<BV64 0xe20>;64;[];[];[];[];[];[];[];3616.0;3616.0;0.0;1.0;;;True;3616.0;3616.0;0.0;1.0;;;True;ControlType.NO_CONTROL;0;<BV64 0xe20>;64;[];[];[];[];[];[];[];3616;3616;0;1.0;;;True;3616.0;3616.0;0.0;1.0;;;True;ControlType.NO_CONTROL;0;<BV64 x0>;64;[];[];['<BV64 x0>'];[];['<BV64 x0>'];[];[];0.0;1.8446744073709552e+19;18446744073709551615;1;;;True;0.0;1.8446744073709552e+19;18446744073709551615;1;;;True;ControlType.CONTROLLED;0;<BV64 x0>;64;[];[];['<BV64 x0>'];[];['<BV64 x0>'];[];[];0.0;1.8446744073709552e+19;1.8446744073709552e+19;1.0;;;True;0.0;1.8446744073709552e+19;1.8446744073709552e+19;1.0;;;True;ControlType.CONTROLLED;0;<BV64 x0>;64;[];[];[];[];[];[];[];0;0;0;;;;False;0;0;0;;;;False;ControlType.UNKNOWN;0;[('0x2113c', <Bool LOAD_32[<BV64 x0 + 0x164>]_23 == 0x1>, 'Taken')];"{'regs': ['<BV64 x0>'], 'indirect_regs': [""<BV64 x0>: ['0x164']""], 'direct_regs': [], 'mem': ['<BV64 x0 + 0x164>'], 'const_mem': []}";[];{'regs': [], 'indirect_regs': [], 'direct_regs': [], 'mem': [], 'const_mem': []};{'regs': ['<BV64 x0>'], 'indirect_regs': [], 'direct_regs': ['<BV64 x0>'], 'mem': [], 'const_mem': []};{'regs': ['<BV64 x0>'], 'indirect_regs': [], 'direct_regs': ['<BV64 x0>'], 'mem': ['<BV64 x0 + 0x164>'], 'const_mem': []};63.0;0.0;64.0;64.0;[];;;;BaseControlType.CONSTANT_BASE;BaseControlType.CONSTANT_BASE;BaseControlType.CONSTANT_BASE;1;BranchControlType.BRANCH_DEPENDS_ON_SECRET_VALUE;BranchControlType.BRANCH_INDEPENDENT_FROM_SECRET;135572;True;False;True;True;True;False;False;True;True;False;False;False;True;False;True;True;True;False;True;False;[];['has_valid_base'];True;False;True;True;True;False;False;True;True;False;False;False;True;False;True;True;True;False;True;False;[];['has_valid_base']
1148cbf4-1e4f-45f9-84a4-3a4f0386dcc3;ZSTD_flushStream;0x21110;0x21194;0x0;TransmitterType.LOAD;16;0;False;['0x21110', '0x21188'];<BV64 0xe28 + x0>;64;[];[];['<BV64 x0>'];[];['<BV64 x0>'];[];[];0;18446744073709551615;18446744073709551615;1;;;True;0;18446744073709551615;18446744073709551615;1;;;True;ControlType.CONTROLLED;0;<BV64 0xe28>;64;[];[];[];[];[];[];[];3624.0;3624.0;0.0;1.0;;;True;3624.0;3624.0;0.0;1.0;;;True;ControlType.NO_CONTROL;0;<BV64 0xe28>;64;[];[];[];[];[];[];[];3624;3624;0;1.0;;;True;3624.0;3624.0;0.0;1.0;;;True;ControlType.NO_CONTROL;0;<BV64 x0>;64;[];[];['<BV64 x0>'];[];['<BV64 x0>'];[];[];0.0;1.8446744073709552e+19;18446744073709551615;1;;;True;0.0;1.8446744073709552e+19;18446744073709551615;1;;;True;ControlType.CONTROLLED;0;<BV64 x0>;64;[];[];['<BV64 x0>'];[];['<BV64 x0>'];[];[];0.0;1.8446744073709552e+19;1.8446744073709552e+19;1.0;;;True;0.0;1.8446744073709552e+19;1.8446744073709552e+19;1.0;;;True;ControlType.CONTROLLED;0;<BV64 x0>;64;[];[];[];[];[];[];[];0;0;0;;;;False;0;0;0;;;;False;ControlType.UNKNOWN;0;[('0x2113c', <Bool LOAD_32[<BV64 x0 + 0x164>]_23 == 0x1>, 'Taken')];"{'regs': ['<BV64 x0>'], 'indirect_regs': [""<BV64 x0>: ['0x164']""], 'direct_regs': [], 'mem': ['<BV64 x0 + 0x164>'], 'const_mem': []}";[];{'regs': [], 'indirect_regs': [], 'direct_regs': [], 'mem': [], 'const_mem': []};{'regs': ['<BV64 x0>'], 'indirect_regs': [], 'direct_regs': ['<BV64 x0>'], 'mem': [], 'const_mem': []};{'regs': ['<BV64 x0>'], 'indirect_regs': [], 'direct_regs': ['<BV64 x0>'], 'mem': ['<BV64 x0 + 0x164>'], 'const_mem': []};63.0;0.0;64.0;64.0;[];;;;BaseControlType.CONSTANT_BASE;BaseControlType.CONSTANT_BASE;BaseControlType.CONSTANT_BASE;1;BranchControlType.BRANCH_DEPENDS_ON_SECRET_VALUE;BranchControlType.BRANCH_INDEPENDENT_FROM_SECRET;135572;True;False;True;True;True;False;False;True;True;False;False;False;True;False;True;True;True;False;True;False;[];['has_valid_base'];True;False;True;True;True;False;False;True;True;False;False;False;True;False;True;True;True;False;True;False;[];['has_valid_base']
cd3f7dac-b44d-4407-b8df-af3582f698cc;ZSTD_compressEnd;0x19100;0x17964;0x0;TransmitterType.LOAD;28;0;False;['0x19100', '0x18f60', '0x17940'];<BV64 x0>;64;[];[];['<BV64 x0>'];[];['<BV64 x0>'];[];[];0;18446744073709551615;18446744073709551615;1;;;True;0;18446744073709551615;18446744073709551615;1;;;True;ControlType.CONTROLLED;0;;0;[];[];[];[];[];[];[];0.0;0.0;0.0;0.0;;;False;0.0;0.0;0.0;0.0;;;False;ControlType.UNKNOWN;0;;0;[];[];[];[];[];[];[];0;0;0;;;;False;0.0;0.0;0.0;0.0;;;False;ControlType.UNKNOWN;0;<BV64 x0>;64;[];[];['<BV64 x0>'];[];['<BV64 x0>'];[];[];0.0;1.8446744073709552e+19;18446744073709551615;1;;;True;0.0;1.8446744073709552e+19;18446744073709551615;1;;;True;ControlType.CONTROLLED;0;<BV64 x0>;64;[];[];['<BV64 x0>'];[];['<BV64 x0>'];[];[];0.0;1.8446744073709552e+19;1.8446744073709552e+19;1.0;;;True;0.0;1.8446744073709552e+19;1.8446744073709552e+19;1.0;;;True;ControlType.CONTROLLED;0;<BV64 x0>;64;[];[];[];[];[];[];[];0;0;0;;;;False;0;0;0;;;;False;ControlType.UNKNOWN;0;[('0x18f88', <Bool True>, 'Taken'), ('0x19114', <Bool True>, 'Taken')];{'regs': [], 'indirect_regs': [], 'direct_regs': [], 'mem': [], 'const_mem': []};[];{'regs': [], 'indirect_regs': [], 'direct_regs': [], 'mem': [], 'const_mem': []};{'regs': ['<BV64 x0>'], 'indirect_regs': [], 'direct_regs': ['<BV64 x0>'], 'mem': [], 'const_mem': []};{'regs': ['<BV64 x0>'], 'indirect_regs': [], 'direct_regs': ['<BV64 x0>'], 'mem': [], 'const_mem': []};63.0;0.0;64.0;64.0;[];;;;BaseControlType.NO_BASE;BaseControlType.NO_BASE;BaseControlType.NO_BASE;2;BranchControlType.BRANCH_INDEPENDENT_FROM_SECRET;BranchControlType.BRANCH_INDEPENDENT_FROM_SECRET;96612;True;False;True;True;True;False;False;True;True;False;False;False;True;False;True;False;True;False;True;False;[];['has_valid_base'];True;False;True;True;True;False;False;True;True;False;False;False;True;False;True;False;True;False;True;False;[];['has_valid_base']
ac75203c-1786-4763-b6f4-0c10e77a5faf;ZSTD_compressEnd;0x19100;0x17e00;0x0;TransmitterType.LOAD;47;0;False;['0x19100', '0x18f60', '0x17940', '0x1797c', '0x17e00'];<BV64 0x298 + x0>;64;[];[];['<BV64 x0>'];[];['<BV64 x0>'];[];[];0;18446744073709551615;18446744073709551615;1;;;True;0;18446744073709551615;18446744073709551615;1;;;True;ControlType.CONTROLLED;0;<BV64 0x298>;64;[];[];[];[];[];[];[];664.0;664.0;0.0;1.0;;;True;664.0;664.0;0.0;1.0;;;True;ControlType.NO_CONTROL;0;<BV64 0x298>;64;[];[];[];[];[];[];[];664;664;0;1.0;;;True;664.0;664.0;0.0;1.0;;;True;ControlType.NO_CONTROL;0;<BV64 x0>;64;[];[];['<BV64 x0>'];[];['<BV64 x0>'];[];[];0.0;1.8446744073709552e+19;18446744073709551615;1;;;True;0.0;1.8446744073709552e+19;18446744073709551615;1;;;True;ControlType.CONTROLLED;0;<BV64 x0>;64;[];[];['<BV64 x0>'];[];['<BV64 x0>'];[];[];0.0;1.8446744073709552e+19;1.8446744073709552e+19;1.0;;;True;0.0;1.8446744073709552e+19;1.8446744073709552e+19;1.0;;;True;ControlType.CONTROLLED;0;<BV64 x0>;64;[];[];[];[];[];[];[];0;0;0;;;;False;0;0;0;;;;False;ControlType.UNKNOWN;0;[('0x17978', <Bool LOAD_32[<BV64 x0>]_37 != 0x0>, 'Taken'), ('0x179ac', <Bool True>, 'Taken'), ('0x18f88', <Bool True>, 'Taken'), ('0x19114', <Bool True>, 'Taken')];"{'regs': ['<BV64 x0>'], 'indirect_regs': [""<BV64 x0>: ['0x0']""], 'direct_regs': [], 'mem': ['<BV64 x0>'], 'const_mem': []}";[('0x17984', <Bool LOAD_32[<BV64 x0>]_37 == 0x1>, 'ConditionType.CMOVE')];"{'regs': ['<BV64 x0>'], 'indirect_regs': [""<BV64 x0>: ['0x0']""], 'direct_regs': [], 'mem': ['<BV64 x0>'], 'const_mem': []}";{'regs': ['<BV64 x0>'], 'indirect_regs': [], 'direct_regs': ['<BV64 x0>'], 'mem': ['<BV64 x0>'], 'const_mem': []};{'regs': ['<BV64 x0>'], 'indirect_regs': [], 'direct_regs': ['<BV64 x0>'], 'mem': ['<BV64 x0>'], 'const_mem': []};63.0;0.0;64.0;64.0;[];;;;BaseControlType.CONSTANT_BASE;BaseControlType.CONSTANT_BASE;BaseControlType.CONSTANT_BASE;4;BranchControlType.BRANCH_DEPENDS_ON_SECRET_VALUE;BranchControlType.BRANCH_DEPENDS_ON_SECRET_VALUE;97792;True;False;True;False;True;False;False;True;True;False;False;False;True;False;True;True;True;False;True;False;[];['has_valid_base', 'is_cmove_independent_from_secret'];True;False;True;False;True;False;False;True;True;False;False;False;True;False;True;True;True;False;True;False;[];['has_valid_base', 'is_cmove_independent_from_secret']
40f0f35a-7f23-45f8-81e6-28f85c43b969;ZSTD_compressEnd;0x19100;0x17e08;0x0;TransmitterType.LOAD;49;0;False;['0x19100', '0x18f60', '0x17940', '0x1797c', '0x17e00'];<BV64 0x2f8 + x0>;64;[];[];['<BV64 x0>'];[];['<BV64 x0>'];[];[];0;18446744073709551615;18446744073709551615;1;;;True;0;18446744073709551615;18446744073709551615;1;;;True;ControlType.CONTROLLED;0;<BV64 0x2f8>;64;[];[];[];[];[];[];[];760.0;760.0;0.0;1.0;;;True;760.0;760.0;0.0;1.0;;;True;ControlType.NO_CONTROL;0;<BV64 0x2f8>;64;[];[];[];[];[];[];[];760;760;0;1.0;;;True;760.0;760.0;0.0;1.0;;;True;ControlType.NO_CONTROL;0;<BV64 x0>;64;[];[];['<BV64 x0>'];[];['<BV64 x0>'];[];[];0.0;1.8446744073709552e+19;18446744073709551615;1;;;True;0.0;1.8446744073709552e+19;18446744073709551615;1;;;True;ControlType.CONTROLLED;0;<BV64 x0>;64;[];[];['<BV64 x0>'];[];['<BV64 x0>'];[];[];0.0;1.8446744073709552e+19;1.8446744073709552e+19;1.0;;;True;0.0;1.8446744073709552e+19;1.8446744073709552e+19;1.0;;;True;ControlType.CONTROLLED;0;<BV64 x0>;64;[];[];[];[];[];[];[];0;0;0;;;;False;0;0;0;;;;False;ControlType.UNKNOWN;0;[('0x17978', <Bool LOAD_32[<BV64 x0>]_37 != 0x0>, 'Taken'), ('0x179ac', <Bool True>, 'Taken'), ('0x18f88', <Bool True>, 'Taken'), ('0x19114', <Bool True>, 'Taken')];"{'regs': ['<BV64 x0>'], 'indirect_regs': [""<BV64 x0>: ['0x0']""], 'direct_regs': [], 'mem': ['<BV64 x0>'], 'const_mem': []}";[('0x17984', <Bool LOAD_32[<BV64 x0>]_37 == 0x1>, 'ConditionType.CMOVE')];"{'regs': ['<BV64 x0>'], 'indirect_regs': [""<BV64 x0>: ['0x0']""], 'direct_regs': [], 'mem': ['<BV64 x0>'], 'const_mem': []}";{'regs': ['<BV64 x0>'], 'indirect_regs': [], 'direct_regs': ['<BV64 x0>'], 'mem': ['<BV64 x0>'], 'const_mem': []};{'regs': ['<BV64 x0>'], 'indirect_regs': [], 'direct_regs': ['<BV64 x0>'], 'mem': ['<BV64 x0>'], 'const_mem': []};63.0;0.0;64.0;64.0;[];;;;BaseControlType.CONSTANT_BASE;BaseControlType.CONSTANT_BASE;BaseControlType.CONSTANT_BASE;4;BranchControlType.BRANCH_DEPENDS_ON_SECRET_VALUE;BranchControlType.BRANCH_DEPENDS_ON_SECRET_VALUE;97800;True;False;True;False;True;False;False;True;True;False;False;False;True;False;True;True;True;False;True;False;[];['has_valid_base', 'is_cmove_independent_from_secret'];True;False;True;False;True;False;False;True;True;False;False;False;True;False;True;True;True;False;True;False;[];['has_valid_base', 'is_cmove_independent_from_secret']
c0167751-527e-4bf0-972e-fd029c9e990c;ZSTD_compressStream;0x1def0;0x1cad4;0x0;TransmitterType.LOAD;36;0;False;['0x1def0', '0x1ca64', '0x1caa4', '0x1cac0', '0x1cad4'];<BV64 0xe18 + x0>;64;[];[];['<BV64 x0>'];[];['<BV64 x0>'];[];[];0;18446744073709551615;18446744073709551615;1;;;True;0;18446744073709551615;18446744073709551615;1;;;True;ControlType.CONTROLLED;0;<BV64 0xe18>;64;[];[];[];[];[];[];[];3608.0;3608.0;0.0;1.0;;;True;3608.0;3608.0;0.0;1.0;;;True;ControlType.NO_CONTROL;0;<BV64 0xe18>;64;[];[];[];[];[];[];[];3608;3608;0;1.0;;;True;3608.0;3608.0;0.0;1.0;;;True;ControlType.NO_CONTROL;0;<BV64 x0>;64;[];[];['<BV64 x0>'];[];['<BV64 x0>'];[];[];0.0;1.8446744073709552e+19;18446744073709551615;1;;;True;0.0;1.8446744073709552e+19;18446744073709551615;1;;;True;ControlType.CONTROLLED;0;<BV64 x0>;64;[];[];['<BV64 x0>'];[];['<BV64 x0>'];[];[];0.0;1.8446744073709552e+19;1.8446744073709552e+19;1.0;;;True;0.0;1.8446744073709552e+19;1.8446744073709552e+19;1.0;;;True;ControlType.CONTROLLED;0;<BV64 x0>;64;[];[];[];[];[];[];[];0;0;0;;;;False;0;0;0;;;;False;ControlType.UNKNOWN;0;[('0x1caa0', <Bool LOAD_64[<BV64 x1 + 0x8>]_32 >= LOAD_64[<BV64 x1 + 0x10>]_33>, 'Taken'), ('0x1cabc', <Bool LOAD_64[<BV64 x2 + 0x8>]_36 >= LOAD_64[<BV64 x2 + 0x10>]_37>, 'Taken'), ('0x1cad0', <Bool True>, 'Taken'), ('0x1df08', <Bool True>, 'Taken')];"{'regs': ['<BV64 x1>', '<BV64 x2>'], 'indirect_regs': [""<BV64 x1>: ['0x10', '0x8']"", ""<BV64 x2>: ['0x10', '0x8']""], 'direct_regs': [], 'mem': ['<BV64 x1 + 0x10>', '<BV64 x1 + 0x8>', '<BV64 x2 + 0x10>', '<BV64 x2 + 0x8>'], 'const_mem': []}";[];{'regs': [], 'indirect_regs': [], 'direct_regs': [], 'mem': [], 'const_mem': []};{'regs': ['<BV64 x0>'], 'indirect_regs': [], 'direct_regs': ['<BV64 x0>'], 'mem': [], 'const_mem': []};"{'regs': ['<BV64 x0>', '<BV64 x1>', '<BV64 x2>'], 'indirect_regs': [""<BV64 x1>: ['0x10', '0x8']"", ""<BV64 x2>: ['0x10', '0x8']""], 'direct_regs': ['<BV64 x0>'], 'mem': ['<BV64 x1 + 0x10>', '<BV64 x1 + 0x8>', '<BV64 x2 + 0x10>', '<BV64 x2 + 0x8>'], 'const_mem': []}";63.0;0.0;64.0;64.0;[];;;;BaseControlType.CONSTANT_BASE;BaseControlType.CONSTANT_BASE;BaseControlType.CONSTANT_BASE;4;BranchControlType.BRANCH_INDEPENDENT_FROM_SECRET;BranchControlType.BRANCH_INDEPENDENT_FROM_SECRET;117460;True;False;True;True;True;False;False;True;True;False;False;False;True;False;True;False;True;False;True;False;[];['has_valid_base'];True;False;True;True;True;False;False;True;True;False;False;False;True;False;True;False;True;False;True;False;[];['has_valid_base']
b5266358-3a88-4f11-8b5a-8e63f4179820;ZSTD_copyCCtx;0x16bc0;0x16c78;0x0;TransmitterType.STORE;28;0;False;['0x16bc0', '0x16bf8', '0x16c5c'];<BV64 0x368 + x0>;64;[];[];['<BV64 x0>'];[];['<BV64 x0>'];[];[];0;18446744073709551615;18446744073709551615;1;;;True;0;18446744073709551615;18446744073709551615;1;;;True;ControlType.CONTROLLED;0;<BV64 0x368>;64;[];[];[];[];[];[];[];872.0;872.0;0.0;1.0;;;True;872.0;872.0;0.0;1.0;;;True;ControlType.NO_CONTROL;0;<BV64 0x368>;64;[];[];[];[];[];[];[];872;872;0;1.0;;;True;872.0;872.0;0.0;1.0;;;True;ControlType.NO_CONTROL;0;<BV64 x0>;64;[];[];['<BV64 x0>'];[];['<BV64 x0>'];[];[];0.0;1.8446744073709552e+19;18446744073709551615;1;;;True;0.0;1.8446744073709552e+19;18446744073709551615;1;;;True;ControlType.CONTROLLED;0;<BV64 x0>;64;[];[];['<BV64 x0>'];[];['<BV64 x0>'];[];[];0.0;1.8446744073709552e+19;1.8446744073709552e+19;1.0;;;True;0.0;1.8446744073709552e+19;1.8446744073709552e+19;1.0;;;True;ControlType.CONTROLLED;0;<BV64 x0>;64;[];[];[];[];[];[];[];0;0;0;;;;False;0;0;0;;;;False;ControlType.UNKNOWN;0;[('0x16bf4', <Bool x2 != 0x0>, 'Taken'), ('0x16c0c', <Bool LOAD_32[<BV64 x1>]_29 == 0x1>, 'Taken')];"{'regs': ['<BV64 x1>', '<BV64 x2>'], 'indirect_regs': [""<BV64 x1>: ['0x0']""], 'direct_regs': ['<BV64 x2>'], 'mem': ['<BV64 x1>'], 'const_mem': []}";[];{'regs': [], 'indirect_regs': [], 'direct_regs': [], 'mem': [], 'const_mem': []};{'regs': ['<BV64 x0>'], 'indirect_regs': [], 'direct_regs': ['<BV64 x0>'], 'mem': [], 'const_mem': []};"{'regs': ['<BV64 x0>', '<BV64 x1>', '<BV64 x2>'], 'indirect_regs': [""<BV64 x1>: ['0x0']""], 'direct_regs': ['<BV64 x0>', '<BV64 x2>'], 'mem': ['<BV64 x1>'], 'const_mem': []}";63.0;0.0;64.0;64.0;[];;;;BaseControlType.CONSTANT_BASE;BaseControlType.CONSTANT_BASE;BaseControlType.CONSTANT_BASE;2;BranchControlType.BRANCH_INDEPENDENT_FROM_SECRET;BranchControlType.BRANCH_INDEPENDENT_FROM_SECRET;93304;True;False;True;True;True;False;False;True;True;False;False;False;True;False;True;False;True;False;True;False;[];['has_valid_base'];True;False;True;True;True;False;False;True;True;False;False;False;True;False;True;False;True;False;True;False;[];['has_valid_base']
f43b215c-6172-45e1-9b94-1adc0fd144bf;ZSTD_copyCCtx;0x16bc0;0x16c78;0x0;TransmitterType.STORE;28;0;False;['0x16bc0', '0x16bf8', '0x16c5c'];<BV64 0x370 + x0>;64;[];[];['<BV64 x0>'];[];['<BV64 x0>'];[];[];0;18446744073709551615;18446744073709551615;1;;;True;0;18446744073709551615;18446744073709551615;1;;;True;ControlType.CONTROLLED;0;<BV64 0x370>;64;[];[];[];[];[];[];[];880.0;880.0;0.0;1.0;;;True;880.0;880.0;0.0;1.0;;;True;ControlType.NO_CONTROL;0;<BV64 0x370>;64;[];[];[];[];[];[];[];880;880;0;1.0;;;True;880.0;880.0;0.0;1.0;;;True;ControlType.NO_CONTROL;0;<BV64 x0>;64;[];[];['<BV64 x0>'];[];['<BV64 x0>'];[];[];0.0;1.8446744073709552e+19;18446744073709551615;1;;;True;0.0;1.8446744073709552e+19;18446744073709551615;1;;;True;ControlType.CONTROLLED;0;<BV64 x0>;64;[];[];['<BV64 x0>'];[];['<BV64 x0>'];[];[];0.0;1.8446744073709552e+19;1.8446744073709552e+19;1.0;;;True;0.0;1.8446744073709552e+19;1.8446744073709552e+19;1.0;;;True;ControlType.CONTROLLED;0;<BV64 x0>;64;[];[];[];[];[];[];[];0;0;0;;;;False;0;0;0;;;;False;ControlType.UNKNOWN;0;[('0x16bf4', <Bool x2 != 0x0>, 'Taken'), ('0x16c0c', <Bool LOAD_32[<BV64 x1>]_29 == 0x1>, 'Taken')];"{'regs': ['<BV64 x1>', '<BV64 x2>'], 'indirect_regs': [""<BV64 x1>: ['0x0']""], 'direct_regs': ['<BV64 x2>'], 'mem': ['<BV64 x1>'], 'const_mem': []}";[];{'regs': [], 'indirect_regs': [], 'direct_regs': [], 'mem': [], 'const_mem': []};{'regs': ['<BV64 x0>'], 'indirect_regs': [], 'direct_regs': ['<BV64 x0>'], 'mem': [], 'const_mem': []};"{'regs': ['<BV64 x0>', '<BV64 x1>', '<BV64 x2>'], 'indirect_regs': [""<BV64 x1>: ['0x0']""], 'direct_regs': ['<BV64 x0>', '<BV64 x2>'], 'mem': ['<BV64 x1>'], 'const_mem': []}";63.0;0.0;64.0;64.0;[];;;;BaseControlType.CONSTANT_BASE;BaseControlType.CONSTANT_BASE;BaseControlType.CONSTANT_BASE;2;BranchControlType.BRANCH_INDEPENDENT_FROM_SECRET;BranchControlType.BRANCH_INDEPENDENT_FROM_SECRET;93304;True;False;True;True;True;False;False;True;True;False;False;False;True;False;True;False;True;False;True;False;[];['has_valid_base'];True;False;True;True;True;False;False;True;True;False;False;False;True;False;True;False;True;False;True;False;[];['has_valid_base']
25cc238d-f893-43ab-94f1-0e956e8aae5d;ZSTD_copyCCtx;0x16bc0;0x16c84;0x0;TransmitterType.STORE;31;0;False;['0x16bc0', '0x16bf8', '0x16c5c'];<BV64 0x378 + x0>;64;[];[];['<BV64 x0>'];[];['<BV64 x0>'];[];[];0;18446744073709551615;18446744073709551615;1;;;True;0;18446744073709551615;18446744073709551615;1;;;True;ControlType.CONTROLLED;0;<BV64 0x378>;64;[];[];[];[];[];[];[];888.0;888.0;0.0;1.0;;;True;888.0;888.0;0.0;1.0;;;True;ControlType.NO_CONTROL;0;<BV64 0x378>;64;[];[];[];[];[];[];[];888;888;0;1.0;;;True;888.0;888.0;0.0;1.0;;;True;ControlType.NO_CONTROL;0;<BV64 x0>;64;[];[];['<BV64 x0>'];[];['<BV64 x0>'];[];[];0.0;1.8446744073709552e+19;18446744073709551615;1;;;True;0.0;1.8446744073709552e+19;18446744073709551615;1;;;True;ControlType.CONTROLLED;0;<BV64 x0>;64;[];[];['<BV64 x0>'];[];['<BV64 x0>'];[];[];0.0;1.8446744073709552e+19;1.8446744073709552e+19;1.0;;;True;0.0;1.8446744073709552e+19;1.8446744073709552e+19;1.0;;;True;ControlType.CONTROLLED;0;<BV64 x0>;64;[];[];[];[];[];[];[];0;0;0;;;;False;0;0;0;;;;False;ControlType.UNKNOWN;0;[('0x16bf4', <Bool x2 != 0x0>, 'Taken'), ('0x16c0c', <Bool LOAD_32[<BV64 x1>]_29 == 0x1>, 'Taken')];"{'regs': ['<BV64 x1>', '<BV64 x2>'], 'indirect_regs': [""<BV64 x1>: ['0x0']""], 'direct_regs': ['<BV64 x2>'], 'mem': ['<BV64 x1>'], 'const_mem': []}";[];{'regs': [], 'indirect_regs': [], 'direct_regs': [], 'mem': [], 'const_mem': []};{'regs': ['<BV64 x0>'], 'indirect_regs': [], 'direct_regs': ['<BV64 x0>'], 'mem': [], 'const_mem': []};"{'regs': ['<BV64 x0>', '<BV64 x1>', '<BV64 x2>'], 'indirect_regs': [""<BV64 x1>: ['0x0']""], 'direct_regs': ['<BV64 x0>', '<BV64 x2>'], 'mem': ['<BV64 x1>'], 'const_mem': []}";63.0;0.0;64.0;64.0;[];;;;BaseControlType.CONSTANT_BASE;BaseControlType.CONSTANT_BASE;BaseControlType.CONSTANT_BASE;2;BranchControlType.BRANCH_INDEPENDENT_FROM_SECRET;BranchControlType.BRANCH_INDEPENDENT_FROM_SECRET;93316;True;False;True;True;True;False;False;True;True;False;False;False;True;False;True;False;True;False;True;False;[];['has_valid_base'];True;False;True;True;True;False;False;True;True;False;False;False;True;False;True;False;True;False;True;False;[];['has_valid_base']
99eb07ec-9b3a-47e9-965e-11a6c6b4ec84;ZSTD_copyCCtx;0x16bc0;0x16c90;0x0;TransmitterType.LOAD;34;0;False;['0x16bc0', '0x16bf8', '0x16c5c'];<BV64 0x10 + x0>;64;[];[];['<BV64 x0>'];[];['<BV64 x0>'];[];[];0;18446744073709551615;18446744073709551615;1;;;True;0;18446744073709551615;18446744073709551615;1;;;True;ControlType.CONTROLLED;0;<BV64 0x10>;64;[];[];[];[];[];[];[];16.0;16.0;0.0;1.0;;;True;16.0;16.0;0.0;1.0;;;True;ControlType.NO_CONTROL;0;<BV64 0x10>;64;[];[];[];[];[];[];[];16;16;0;1.0;;;True;16.0;16.0;0.0;1.0;;;True;ControlType.NO_CONTROL;0;<BV64 x0>;64;[];[];['<BV64 x0>'];[];['<BV64 x0>'];[];[];0.0;1.8446744073709552e+19;18446744073709551615;1;;;True;0.0;1.8446744073709552e+19;18446744073709551615;1;;;True;ControlType.CONTROLLED;0;<BV64 x0>;64;[];[];['<BV64 x0>'];[];['<BV64 x0>'];[];[];0.0;1.8446744073709552e+19;1.8446744073709552e+19;1.0;;;True;0.0;1.8446744073709552e+19;1.8446744073709552e+19;1.0;;;True;ControlType.CONTROLLED;0;<BV64 x0>;64;[];[];[];[];[];[];[];0;0;0;;;;False;0;0;0;;;;False;ControlType.UNKNOWN;0;[('0x16bf4', <Bool x2 != 0x0>, 'Taken'), ('0x16c0c', <Bool LOAD_32[<BV64 x1>]_29 == 0x1>, 'Taken')];"{'regs': ['<BV64 x1>', '<BV64 x2>'], 'indirect_regs': [""<BV64 x1>: ['0x0']""], 'direct_regs': ['<BV64 x2>'], 'mem': ['<BV64 x1>'], 'const_mem': []}";[];{'regs': [], 'indirect_regs': [], 'direct_regs': [], 'mem': [], 'const_mem': []};{'regs': ['<BV64 x0>'], 'indirect_regs': [], 'direct_regs': ['<BV64 x0>'], 'mem': [], 'const_mem': []};"{'regs': ['<BV64 x0>', '<BV64 x1>', '<BV64 x2>'], 'indirect_regs': [""<BV64 x1>: ['0x0']""], 'direct_regs': ['<BV64 x0>', '<BV64 x2>'], 'mem': ['<BV64 x1>'], 'const_mem': []}";63.0;0.0;64.0;64.0;[];;;;BaseControlType.CONSTANT_BASE;BaseControlType.CONSTANT_BASE;BaseControlType.CONSTANT_BASE;2;BranchControlType.BRANCH_INDEPENDENT_FROM_SECRET;BranchControlType.BRANCH_INDEPENDENT_FROM_SECRET;93328;True;False;True;True;True;False;False;True;True;False;False;False;True;False;True;False;True;False;True;False;[];['has_valid_base'];True;False;True;True;True;False;False;True;True;False;False;False;True;False;True;False;True;False;True;False;[];['has_valid_base']
02570e0f-9e3b-43a4-9578-1869c1e8c4f6;ZSTD_copyCCtx;0x16bc0;0x16c90;0x0;TransmitterType.LOAD;34;0;False;['0x16bc0', '0x16bf8', '0x16c5c'];<BV64 0x20 + x0>;64;[];[];['<BV64 x0>'];[];['<BV64 x0>'];[];[];0;18446744073709551615;18446744073709551615;1;;;True;0;18446744073709551615;18446744073709551615;1;;;True;ControlType.CONTROLLED;0;<BV64 0x20>;64;[];[];[];[];[];[];[];32.0;32.0;0.0;1.0;;;True;32.0;32.0;0.0;1.0;;;True;ControlType.NO_CONTROL;0;<BV64 0x20>;64;[];[];[];[];[];[];[];32;32;0;1.0;;;True;32.0;32.0;0.0;1.0;;;True;ControlType.NO_CONTROL;0;<BV64 x0>;64;[];[];['<BV64 x0>'];[];['<BV64 x0>'];[];[];0.0;1.8446744073709552e+19;18446744073709551615;1;;;True;0.0;1.8446744073709552e+19;18446744073709551615;1;;;True;ControlType.CONTROLLED;0;<BV64 x0>;64;[];[];['<BV64 x0>'];[];['<BV64 x0>'];[];[];0.0;1.8446744073709552e+19;1.8446744073709552e+19;1.0;;;True;0.0;1.8446744073709552e+19;1.8446744073709552e+19;1.0;;;True;ControlType.CONTROLLED;0;<BV64 x0>;64;[];[];[];[];[];[];[];0;0;0;;;;False;0;0;0;;;;False;ControlType.UNKNOWN;0;[('0x16bf4', <Bool x2 != 0x0>, 'Taken'), ('0x16c0c', <Bool LOAD_32[<BV64 x1>]_29 == 0x1>, 'Taken')];"{'regs': ['<BV64 x1>', '<BV64 x2>'], 'indirect_regs': [""<BV64 x1>: ['0x0']""], 'direct_regs': ['<BV64 x2>'], 'mem': ['<BV64 x1>'], 'const_mem': []}";[];{'regs': [], 'indirect_regs': [], 'direct_regs': [], 'mem': [], 'const_mem': []};{'regs': ['<BV64 x0>'], 'indirect_regs': [], 'direct_regs': ['<BV64 x0>'], 'mem': [], 'const_mem': []};"{'regs': ['<BV64 x0>', '<BV64 x1>', '<BV64 x2>'], 'indirect_regs': [""<BV64 x1>: ['0x0']""], 'direct_regs': ['<BV64 x0>', '<BV64 x2>'], 'mem': ['<BV64 x1>'], 'const_mem': []}";63.0;0.0;64.0;64.0;[];;;;BaseControlType.CONSTANT_BASE;BaseControlType.CONSTANT_BASE;BaseControlType.CONSTANT_BASE;2;BranchControlType.BRANCH_INDEPENDENT_FROM_SECRET;BranchControlType.BRANCH_INDEPENDENT_FROM_SECRET;93328;True;False;True;True;True;False;False;True;True;False;False;False;True;False;True;False;True;False;True;False;[];['has_valid_base'];True;False;True;True;True;False;False;True;True;False;False;False;True;False;True;False;True;False;True;False;[];['has_valid_base']
507c53cb-f685-46a7-9aba-6a7e6757eb74;ZSTD_copyCCtx;0x16bc0;0x16c98;0x0;TransmitterType.LOAD;36;0;False;['0x16bc0', '0x16bf8', '0x16c5c'];<BV64 0x30 + x0>;64;[];[];['<BV64 x0>'];[];['<BV64 x0>'];[];[];0;18446744073709551615;18446744073709551615;1;;;True;0;18446744073709551615;18446744073709551615;1;;;True;ControlType.CONTROLLED;0;<BV64 0x30>;64;[];[];[];[];[];[];[];48.0;48.0;0.0;1.0;;;True;48.0;48.0;0.0;1.0;;;True;ControlType.NO_CONTROL;0;<BV64 0x30>;64;[];[];[];[];[];[];[];48;48;0;1.0;;;True;48.0;48.0;0.0;1.0;;;True;ControlType.NO_CONTROL;0;<BV64 x0>;64;[];[];['<BV64 x0>'];[];['<BV64 x0>'];[];[];0.0;1.8446744073709552e+19;18446744073709551615;1;;;True;0.0;1.8446744073709552e+19;18446744073709551615;1;;;True;ControlType.CONTROLLED;0;<BV64 x0>;64;[];[];['<BV64 x0>'];[];['<BV64 x0>'];[];[];0.0;1.8446744073709552e+19;1.8446744073709552e+19;1.0;;;True;0.0;1.8446744073709552e+19;1.8446744073709552e+19;1.0;;;True;ControlType.CONTROLLED;0;<BV64 x0>;64;[];[];[];[];[];[];[];0;0;0;;;;False;0;0;0;;;;False;ControlType.UNKNOWN;0;[('0x16bf4', <Bool x2 != 0x0>, 'Taken'), ('0x16c0c', <Bool LOAD_32[<BV64 x1>]_29 == 0x1>, 'Taken')];"{'regs': ['<BV64 x1>', '<BV64 x2>'], 'indirect_regs': [""<BV64 x1>: ['0x0']""], 'direct_regs': ['<BV64 x2>'], 'mem': ['<BV64 x1>'], 'const_mem': []}";[];{'regs': [], 'indirect_regs': [], 'direct_regs': [], 'mem': [], 'const_mem': []};{'regs': ['<BV64 x0>'], 'indirect_regs': [], 'direct_regs': ['<BV64 x0>'], 'mem': [], 'const_mem': []};"{'regs': ['<BV64 x0>', '<BV64 x1>', '<BV64 x2>'], 'indirect_regs': [""<BV64 x1>: ['0x0']""], 'direct_regs': ['<BV64 x0>', '<BV64 x2>'], 'mem': ['<BV64 x1>'], 'const_mem': []}";63.0;0.0;64.0;64.0;[];;;;BaseControlType.CONSTANT_BASE;BaseControlType.CONSTANT_BASE;BaseControlType.CONSTANT_BASE;2;BranchControlType.BRANCH_INDEPENDENT_FROM_SECRET;BranchControlType.BRANCH_INDEPENDENT_FROM_SECRET;93336;True;False;True;True;True;False;False;True;True;False;False;False;True;False;True;False;True;False;True;False;[];['has_valid_base'];True;False;True;True;True;False;False;True;True;False;False;False;True;False;True;False;True;False;True;False;[];['has_valid_base']
70642b30-985e-4b41-9f9a-7cdff0d502cc;ZSTD_copyCCtx;0x16bc0;0x16c98;0x0;TransmitterType.LOAD;36;0;False;['0x16bc0', '0x16bf8', '0x16c5c'];<BV64 0x40 + x0>;64;[];[];['<BV64 x0>'];[];['<BV64 x0>'];[];[];0;18446744073709551615;18446744073709551615;1;;;True;0;18446744073709551615;18446744073709551615;1;;;True;ControlType.CONTROLLED;0;<BV64 0x40>;64;[];[];[];[];[];[];[];64.0;64.0;0.0;1.0;;;True;64.0;64.0;0.0;1.0;;;True;ControlType.NO_CONTROL;0;<BV64 0x40>;64;[];[];[];[];[];[];[];64;64;0;1.0;;;True;64.0;64.0;0.0;1.0;;;True;ControlType.NO_CONTROL;0;<BV64 x0>;64;[];[];['<BV64 x0>'];[];['<BV64 x0>'];[];[];0.0;1.8446744073709552e+19;18446744073709551615;1;;;True;0.0;1.8446744073709552e+19;18446744073709551615;1;;;True;ControlType.CONTROLLED;0;<BV64 x0>;64;[];[];['<BV64 x0>'];[];['<BV64 x0>'];[];[];0.0;1.8446744073709552e+19;1.8446744073709552e+19;1.0;;;True;0.0;1.8446744073709552e+19;1.8446744073709552e+19;1.0;;;True;ControlType.CONTROLLED;0;<BV64 x0>;64;[];[];[];[];[];[];[];0;0;0;;;;False;0;0;0;;;;False;ControlType.UNKNOWN;0;[('0x16bf4', <Bool x2 != 0x0>, 'Taken'), ('0x16c0c', <Bool LOAD_32[<BV64 x1>]_29 == 0x1>, 'Taken')];"{'regs': ['<BV64 x1>', '<BV64 x2>'], 'indirect_regs': [""<BV64 x1>: ['0x0']""], 'direct_regs': ['<BV64 x2>'], 'mem': ['<BV64 x1>'], 'const_mem': []}";[];{'regs': [], 'indirect_regs': [], 'direct_regs': [], 'mem': [], 'const_mem': []};{'regs': ['<BV64 x0>'], 'indirect_regs': [], 'direct_regs': ['<BV64 x0>'], 'mem': [], 'const_mem': []};"{'regs': ['<BV64 x0>', '<BV64 x1>', '<BV64 x2>'], 'indirect_regs': [""<BV64 x1>: ['0x0']""], 'direct_regs': ['<BV64 x0>', '<BV64 x2>'], 'mem': ['<BV64 x1>'], 'const_mem': []}";63.0;0.0;64.0;64.0;[];;;;BaseControlType.CONSTANT_BASE;BaseControlType.CONSTANT_BASE;BaseControlType.CONSTANT_BASE;2;BranchControlType.BRANCH_INDEPENDENT_FROM_SECRET;BranchControlType.BRANCH_INDEPENDENT_FROM_SECRET;93336;True;False;True;True;True;False;False;True;True;False;False;False;True;False;True;False;True;False;True;False;[];['has_valid_base'];True;False;True;True;True;False;False;True;True;False;False;False;True;False;True;False;True;False;True;False;[];['has_valid_base']
bda98cbc-1ddc-4f98-96e8-bf97714dcbd3;ZSTD_copyCCtx;0x16bc0;0x16ca0;0x0;TransmitterType.LOAD;38;0;False;['0x16bc0', '0x16bf8', '0x16c5c'];<BV64 0x50 + x0>;64;[];[];['<BV64 x0>'];[];['<BV64 x0>'];[];[];0;18446744073709551615;18446744073709551615;1;;;True;0;18446744073709551615;18446744073709551615;1;;;True;ControlType.CONTROLLED;0;<BV64 0x50>;64;[];[];[];[];[];[];[];80.0;80.0;0.0;1.0;;;True;80.0;80.0;0.0;1.0;;;True;ControlType.NO_CONTROL;0;<BV64 0x50>;64;[];[];[];[];[];[];[];80;80;0;1.0;;;True;80.0;80.0;0.0;1.0;;;True;ControlType.NO_CONTROL;0;<BV64 x0>;64;[];[];['<BV64 x0>'];[];['<BV64 x0>'];[];[];0.0;1.8446744073709552e+19;18446744073709551615;1;;;True;0.0;1.8446744073709552e+19;18446744073709551615;1;;;True;ControlType.CONTROLLED;0;<BV64 x0>;64;[];[];['<BV64 x0>'];[];['<BV64 x0>'];[];[];0.0;1.8446744073709552e+19;1.8446744073709552e+19;1.0;;;True;0.0;1.8446744073709552e+19;1.8446744073709552e+19;1.0;;;True;ControlType.CONTROLLED;0;<BV64 x0>;64;[];[];[];[];[];[];[];0;0;0;;;;False;0;0;0;;;;False;ControlType.UNKNOWN;0;[('0x16bf4', <Bool x2 != 0x0>, 'Taken'), ('0x16c0c', <Bool LOAD_32[<BV64 x1>]_29 == 0x1>, 'Taken')];"{'regs': ['<BV64 x1>', '<BV64 x2>'], 'indirect_regs': [""<BV64 x1>: ['0x0']""], 'direct_regs': ['<BV64 x2>'], 'mem': ['<BV64 x1>'], 'const_mem': []}";[];{'regs': [], 'indirect_regs': [], 'direct_regs': [], 'mem': [], 'const_mem': []};{'regs': ['<BV64 x0>'], 'indirect_regs': [], 'direct_regs': ['<BV64 x0>'], 'mem': [], 'const_mem': []};"{'regs': ['<BV64 x0>', '<BV64 x1>', '<BV64 x2>'], 'indirect_regs': [""<BV64 x1>: ['0x0']""], 'direct_regs': ['<BV64 x0>', '<BV64 x2>'], 'mem': ['<BV64 x1>'], 'const_mem': []}";63.0;0.0;64.0;64.0;[];;;;BaseControlType.CONSTANT_BASE;BaseControlType.CONSTANT_BASE;BaseControlType.CONSTANT_BASE;2;BranchControlType.BRANCH_INDEPENDENT_FROM_SECRET;BranchControlType.BRANCH_INDEPENDENT_FROM_SECRET;93344;True;False;True;True;True;False;False;True;True;False;False;False;True;False;True;False;True;False;True;False;[];['has_valid_base'];True;False;True;True;True;False;False;True;True;False;False;False;True;False;True;False;True;False;True;False;[];['has_valid_base']
7cb13385-fcf0-4a86-bc0c-c7e2dd430149;ZSTD_copyCCtx;0x16bc0;0x16ca0;0x0;TransmitterType.LOAD;38;0;False;['0x16bc0', '0x16bf8', '0x16c5c'];<BV64 0x60 + x0>;64;[];[];['<BV64 x0>'];[];['<BV64 x0>'];[];[];0;18446744073709551615;18446744073709551615;1;;;True;0;18446744073709551615;18446744073709551615;1;;;True;ControlType.CONTROLLED;0;<BV64 0x60>;64;[];[];[];[];[];[];[];96.0;96.0;0.0;1.0;;;True;96.0;96.0;0.0;1.0;;;True;ControlType.NO_CONTROL;0;<BV64 0x60>;64;[];[];[];[];[];[];[];96;96;0;1.0;;;True;96.0;96.0;0.0;1.0;;;True;ControlType.NO_CONTROL;0;<BV64 x0>;64;[];[];['<BV64 x0>'];[];['<BV64 x0>'];[];[];0.0;1.8446744073709552e+19;18446744073709551615;1;;;True;0.0;1.8446744073709552e+19;18446744073709551615;1;;;True;ControlType.CONTROLLED;0;<BV64 x0>;64;[];[];['<BV64 x0>'];[];['<BV64 x0>'];[];[];0.0;1.8446744073709552e+19;1.8446744073709552e+19;1.0;;;True;0.0;1.8446744073709552e+19;1.8446744073709552e+19;1.0;;;True;ControlType.CONTROLLED;0;<BV64 x0>;64;[];[];[];[];[];[];[];0;0;0;;;;False;0;0;0;;;;False;ControlType.UNKNOWN;0;[('0x16bf4', <Bool x2 != 0x0>, 'Taken'), ('0x16c0c', <Bool LOAD_32[<BV64 x1>]_29 == 0x1>, 'Taken')];"{'regs': ['<BV64 x1>', '<BV64 x2>'], 'indirect_regs': [""<BV64 x1>: ['0x0']""], 'direct_regs': ['<BV64 x2>'], 'mem': ['<BV64 x1>'], 'const_mem': []}";[];{'regs': [], 'indirect_regs': [], 'direct_regs': [], 'mem': [], 'const_mem': []};{'regs': ['<BV64 x0>'], 'indirect_regs': [], 'direct_regs': ['<BV64 x0>'], 'mem': [], 'const_mem': []};"{'regs': ['<BV64 x0>', '<BV64 x1>', '<BV64 x2>'], 'indirect_regs': [""<BV64 x1>: ['0x0']""], 'direct_regs': ['<BV64 x0>', '<BV64 x2>'], 'mem': ['<BV64 x1>'], 'const_mem': []}";63.0;0.0;64.0;64.0;[];;;;BaseControlType.CONSTANT_BASE;BaseControlType.CONSTANT_BASE;BaseControlType.CONSTANT_BASE;2;BranchControlType.BRANCH_INDEPENDENT_FROM_SECRET;BranchControlType.BRANCH_INDEPENDENT_FROM_SECRET;93344;True;False;True;True;True;False;False;True;True;False;False;False;True;False;True;False;True;False;True;False;[];['has_valid_base'];True;False;True;True;True;False;False;True;True;False;False;False;True;False;True;False;True;False;True;False;[];['has_valid_base']
f675b44e-38b9-4649-b135-d2dfbc4458ec;ZSTD_copyCCtx;0x16bc0;0x16cac;0x0;TransmitterType.LOAD;41;0;False;['0x16bc0', '0x16bf8', '0x16c5c'];<BV64 0x70 + x0>;64;[];[];['<BV64 x0>'];[];['<BV64 x0>'];[];[];0;18446744073709551615;18446744073709551615;1;;;True;0;18446744073709551615;18446744073709551615;1;;;True;ControlType.CONTROLLED;0;<BV64 0x70>;64;[];[];[];[];[];[];[];112.0;112.0;0.0;1.0;;;True;112.0;112.0;0.0;1.0;;;True;ControlType.NO_CONTROL;0;<BV64 0x70>;64;[];[];[];[];[];[];[];112;112;0;1.0;;;True;112.0;112.0;0.0;1.0;;;True;ControlType.NO_CONTROL;0;<BV64 x0>;64;[];[];['<BV64 x0>'];[];['<BV64 x0>'];[];[];0.0;1.8446744073709552e+19;18446744073709551615;1;;;True;0.0;1.8446744073709552e+19;18446744073709551615;1;;;True;ControlType.CONTROLLED;0;<BV64 x0>;64;[];[];['<BV64 x0>'];[];['<BV64 x0>'];[];[];0.0;1.8446744073709552e+19;1.8446744073709552e+19;1.0;;;True;0.0;1.8446744073709552e+19;1.8446744073709552e+19;1.0;;;True;ControlType.CONTROLLED;0;<BV64 x0>;64;[];[];[];[];[];[];[];0;0;0;;;;False;0;0;0;;;;False;ControlType.UNKNOWN;0;[('0x16bf4', <Bool x2 != 0x0>, 'Taken'), ('0x16c0c', <Bool LOAD_32[<BV64 x1>]_29 == 0x1>, 'Taken')];"{'regs': ['<BV64 x1>', '<BV64 x2>'], 'indirect_regs': [""<BV64 x1>: ['0x0']""], 'direct_regs': ['<BV64 x2>'], 'mem': ['<BV64 x1>'], 'const_mem': []}";[];{'regs': [], 'indirect_regs': [], 'direct_regs': [], 'mem': [], 'const_mem': []};{'regs': ['<BV64 x0>'], 'indirect_regs': [], 'direct_regs': ['<BV64 x0>'], 'mem': [], 'const_mem': []};"{'regs': ['<BV64 x0>', '<BV64 x1>', '<BV64 x2>'], 'indirect_regs': [""<BV64 x1>: ['0x0']""], 'direct_regs': ['<BV64 x0>', '<BV64 x2>'], 'mem': ['<BV64 x1>'], 'const_mem': []}";63.0;0.0;64.0;64.0;[];;;;BaseControlType.CONSTANT_BASE;BaseControlType.CONSTANT_BASE;BaseControlType.CONSTANT_BASE;2;BranchControlType.BRANCH_INDEPENDENT_FROM_SECRET;BranchControlType.BRANCH_INDEPENDENT_FROM_SECRET;93356;True;False;True;True;True;False;False;True;True;False;False;False;True;False;True;False;True;False;True;False;[];['has_valid_base'];True;False;True;True;True;False;False;True;True;False;False;False;True;False;True;False;True;False;True;False;[];['has_valid_base']
983828ea-a4f3-4409-a057-07c9c5df8522;ZSTD_copyCCtx;0x16bc0;0x16cac;0x0;TransmitterType.LOAD;41;0;False;['0x16bc0', '0x16bf8', '0x16c5c'];<BV64 0x80 + x0>;64;[];[];['<BV64 x0>'];[];['<BV64 x0>'];[];[];0;18446744073709551615;18446744073709551615;1;;;True;0;18446744073709551615;18446744073709551615;1;;;True;ControlType.CONTROLLED;0;<BV64 0x80>;64;[];[];[];[];[];[];[];128.0;128.0;0.0;1.0;;;True;128.0;128.0;0.0;1.0;;;True;ControlType.NO_CONTROL;0;<BV64 0x80>;64;[];[];[];[];[];[];[];128;128;0;1.0;;;True;128.0;128.0;0.0;1.0;;;True;ControlType.NO_CONTROL;0;<BV64 x0>;64;[];[];['<BV64 x0>'];[];['<BV64 x0>'];[];[];0.0;1.8446744073709552e+19;18446744073709551615;1;;;True;0.0;1.8446744073709552e+19;18446744073709551615;1;;;True;ControlType.CONTROLLED;0;<BV64 x0>;64;[];[];['<BV64 x0>'];[];['<BV64 x0>'];[];[];0.0;1.8446744073709552e+19;1.8446744073709552e+19;1.0;;;True;0.0;1.8446744073709552e+19;1.8446744073709552e+19;1.0;;;True;ControlType.CONTROLLED;0;<BV64 x0>;64;[];[];[];[];[];[];[];0;0;0;;;;False;0;0;0;;;;False;ControlType.UNKNOWN;0;[('0x16bf4', <Bool x2 != 0x0>, 'Taken'), ('0x16c0c', <Bool LOAD_32[<BV64 x1>]_29 == 0x1>, 'Taken')];"{'regs': ['<BV64 x1>', '<BV64 x2>'], 'indirect_regs': [""<BV64 x1>: ['0x0']""], 'direct_regs': ['<BV64 x2>'], 'mem': ['<BV64 x1>'], 'const_mem': []}";[];{'regs': [], 'indirect_regs': [], 'direct_regs': [], 'mem': [], 'const_mem': []};{'regs': ['<BV64 x0>'], 'indirect_regs': [], 'direct_regs': ['<BV64 x0>'], 'mem': [], 'const_mem': []};"{'regs': ['<BV64 x0>', '<BV64 x1>', '<BV64 x2>'], 'indirect_regs': [""<BV64 x1>: ['0x0']""], 'direct_regs': ['<BV64 x0>', '<BV64 x2>'], 'mem': ['<BV64 x1>'], 'const_mem': []}";63.0;0.0;64.0;64.0;[];;;;BaseControlType.CONSTANT_BASE;BaseControlType.CONSTANT_BASE;BaseControlType.CONSTANT_BASE;2;BranchControlType.BRANCH_INDEPENDENT_FROM_SECRET;BranchControlType.BRANCH_INDEPENDENT_FROM_SECRET;93356;True;False;True;True;True;False;False;True;True;False;False;False;True;False;True;False;True;False;True;False;[];['has_valid_base'];True;False;True;True;True;False;False;True;True;False;False;False;True;False;True;False;True;False;True;False;[];['has_valid_base']
2b4f1587-b29b-4d13-8396-015a217b693a;ZSTD_copyCCtx;0x16bc0;0x16cb4;0x0;TransmitterType.LOAD;43;0;False;['0x16bc0', '0x16bf8', '0x16c5c'];<BV64 0x90 + x0>;64;[];[];['<BV64 x0>'];[];['<BV64 x0>'];[];[];0;18446744073709551615;18446744073709551615;1;;;True;0;18446744073709551615;18446744073709551615;1;;;True;ControlType.CONTROLLED;0;<BV64 0x90>;64;[];[];[];[];[];[];[];144.0;144.0;0.0;1.0;;;True;144.0;144.0;0.0;1.0;;;True;ControlType.NO_CONTROL;0;<BV64 0x90>;64;[];[];[];[];[];[];[];144;144;0;1.0;;;True;144.0;144.0;0.0;1.0;;;True;ControlType.NO_CONTROL;0;<BV64 x0>;64;[];[];['<BV64 x0>'];[];['<BV64 x0>'];[];[];0.0;1.8446744073709552e+19;18446744073709551615;1;;;True;0.0;1.8446744073709552e+19;18446744073709551615;1;;;True;ControlType.CONTROLLED;0;<BV64 x0>;64;[];[];['<BV64 x0>'];[];['<BV64 x0>'];[];[];0.0;1.8446744073709552e+19;1.8446744073709552e+19;1.0;;;True;0.0;1.8446744073709552e+19;1.8446744073709552e+19;1.0;;;True;ControlType.CONTROLLED;0;<BV64 x0>;64;[];[];[];[];[];[];[];0;0;0;;;;False;0;0;0;;;;False;ControlType.UNKNOWN;0;[('0x16bf4', <Bool x2 != 0x0>, 'Taken'), ('0x16c0c', <Bool LOAD_32[<BV64 x1>]_29 == 0x1>, 'Taken')];"{'regs': ['<BV64 x1>', '<BV64 x2>'], 'indirect_regs': [""<BV64 x1>: ['0x0']""], 'direct_regs': ['<BV64 x2>'], 'mem': ['<BV64 x1>'], 'const_mem': []}";[];{'regs': [], 'indirect_regs': [], 'direct_regs': [], 'mem': [], 'const_mem': []};{'regs': ['<BV64 x0>'], 'indirect_regs': [], 'direct_regs': ['<BV64 x0>'], 'mem': [], 'const_mem': []};"{'regs': ['<BV64 x0>', '<BV64 x1>', '<BV64 x2>'], 'indirect_regs': [""<BV64 x1>: ['0x0']""], 'direct_regs': ['<BV64 x0>', '<BV64 x2>'], 'mem': ['<BV64 x1>'], 'const_mem': []}";63.0;0.0;64.0;64.0;[];;;;BaseControlType.CONSTANT_BASE;BaseControlType.CONSTANT_BASE;BaseControlType.CONSTANT_BASE;2;BranchControlType.BRANCH_INDEPENDENT_FROM_SECRET;BranchControlType.BRANCH_INDEPENDENT_FROM_SECRET;93364;True;False;True;True;True;False;False;True;True;False;False;False;True;False;True;False;True;False;True;False;[];['has_valid_base'];True;False;True;True;True;False;False;True;True;False;False;False;True;False;True;False;True;False;True;False;[];['has_valid_base']
87d708fb-89a8-4a3e-8af8-d3b2ada9e881;ZSTD_copyCCtx;0x16bc0;0x16cb4;0x0;TransmitterType.LOAD;43;0;False;['0x16bc0', '0x16bf8', '0x16c5c'];<BV64 0xa0 + x0>;64;[];[];['<BV64 x0>'];[];['<BV64 x0>'];[];[];0;18446744073709551615;18446744073709551615;1;;;True;0;18446744073709551615;18446744073709551615;1;;;True;ControlType.CONTROLLED;0;<BV64 0xa0>;64;[];[];[];[];[];[];[];160.0;160.0;0.0;1.0;;;True;160.0;160.0;0.0;1.0;;;True;ControlType.NO_CONTROL;0;<BV64 0xa0>;64;[];[];[];[];[];[];[];160;160;0;1.0;;;True;160.0;160.0;0.0;1.0;;;True;ControlType.NO_CONTROL;0;<BV64 x0>;64;[];[];['<BV64 x0>'];[];['<BV64 x0>'];[];[];0.0;1.8446744073709552e+19;18446744073709551615;1;;;True;0.0;1.8446744073709552e+19;18446744073709551615;1;;;True;ControlType.CONTROLLED;0;<BV64 x0>;64;[];[];['<BV64 x0>'];[];['<BV64 x0>'];[];[];0.0;1.8446744073709552e+19;1.8446744073709552e+19;1.0;;;True;0.0;1.8446744073709552e+19;1.8446744073709552e+19;1.0;;;True;ControlType.CONTROLLED;0;<BV64 x0>;64;[];[];[];[];[];[];[];0;0;0;;;;False;0;0;0;;;;False;ControlType.UNKNOWN;0;[('0x16bf4', <Bool x2 != 0x0>, 'Taken'), ('0x16c0c', <Bool LOAD_32[<BV64 x1>]_29 == 0x1>, 'Taken')];"{'regs': ['<BV64 x1>', '<BV64 x2>'], 'indirect_regs': [""<BV64 x1>: ['0x0']""], 'direct_regs': ['<BV64 x2>'], 'mem': ['<BV64 x1>'], 'const_mem': []}";[];{'regs': [], 'indirect_regs': [], 'direct_regs': [], 'mem': [], 'const_mem': []};{'regs': ['<BV64 x0>'], 'indirect_regs': [], 'direct_regs': ['<BV64 x0>'], 'mem': [], 'const_mem': []};"{'regs': ['<BV64 x0>', '<BV64 x1>', '<BV64 x2>'], 'indirect_regs': [""<BV64 x1>: ['0x0']""], 'direct_regs': ['<BV64 x0>', '<BV64 x2>'], 'mem': ['<BV64 x1>'], 'const_mem': []}";63.0;0.0;64.0;64.0;[];;;;BaseControlType.CONSTANT_BASE;BaseControlType.CONSTANT_BASE;BaseControlType.CONSTANT_BASE;2;BranchControlType.BRANCH_INDEPENDENT_FROM_SECRET;BranchControlType.BRANCH_INDEPENDENT_FROM_SECRET;93364;True;False;True;True;True;False;False;True;True;False;False;False;True;False;True;False;True;False;True;False;[];['has_valid_base'];True;False;True;True;True;False;False;True;True;False;False;False;True;False;True;False;True;False;True;False;[];['has_valid_base']
e3f4de53-c584-445d-8c3e-608b5c416f8b;ZSTD_copyCCtx;0x16bc0;0x16cbc;0x0;TransmitterType.LOAD;45;0;False;['0x16bc0', '0x16bf8', '0x16c5c'];<BV64 0xb0 + x0>;64;[];[];['<BV64 x0>'];[];['<BV64 x0>'];[];[];0;18446744073709551615;18446744073709551615;1;;;True;0;18446744073709551615;18446744073709551615;1;;;True;ControlType.CONTROLLED;0;<BV64 0xb0>;64;[];[];[];[];[];[];[];176.0;176.0;0.0;1.0;;;True;176.0;176.0;0.0;1.0;;;True;ControlType.NO_CONTROL;0;<BV64 0xb0>;64;[];[];[];[];[];[];[];176;176;0;1.0;;;True;176.0;176.0;0.0;1.0;;;True;ControlType.NO_CONTROL;0;<BV64 x0>;64;[];[];['<BV64 x0>'];[];['<BV64 x0>'];[];[];0.0;1.8446744073709552e+19;18446744073709551615;1;;;True;0.0;1.8446744073709552e+19;18446744073709551615;1;;;True;ControlType.CONTROLLED;0;<BV64 x0>;64;[];[];['<BV64 x0>'];[];['<BV64 x0>'];[];[];0.0;1.8446744073709552e+19;1.8446744073709552e+19;1.0;;;True;0.0;1.8446744073709552e+19;1.8446744073709552e+19;1.0;;;True;ControlType.CONTROLLED;0;<BV64 x0>;64;[];[];[];[];[];[];[];0;0;0;;;;False;0;0;0;;;;False;ControlType.UNKNOWN;0;[('0x16bf4', <Bool x2 != 0x0>, 'Taken'), ('0x16c0c', <Bool LOAD_32[<BV64 x1>]_29 == 0x1>, 'Taken')];"{'regs': ['<BV64 x1>', '<BV64 x2>'], 'indirect_regs': [""<BV64 x1>: ['0x0']""], 'direct_regs': ['<BV64 x2>'], 'mem': ['<BV64 x1>'], 'const_mem': []}";[];{'regs': [], 'indirect_regs': [], 'direct_regs': [], 'mem': [], 'const_mem': []};{'regs': ['<BV64 x0>'], 'indirect_regs': [], 'direct_regs': ['<BV64 x0>'], 'mem': [], 'const_mem': []};"{'regs': ['<BV64 x0>', '<BV64 x1>', '<BV64 x2>'], 'indirect_regs': [""<BV64 x1>: ['0x0']""], 'direct_regs': ['<BV64 x0>', '<BV64 x2>'], 'mem': ['<BV64 x1>'], 'const_mem': []}";63.0;0.0;64.0;64.0;[];;;;BaseControlType.CONSTANT_BASE;BaseControlType.CONSTANT_BASE;BaseControlType.CONSTANT_BASE;2;BranchControlType.BRANCH_INDEPENDENT_FROM_SECRET;BranchControlType.BRANCH_INDEPENDENT_FROM_SECRET;93372;True;False;True;True;True;False;False;True;True;False;False;False;True;False;True;False;True;False;True;False;[];['has_valid_base'];True;False;True;True;True;False;False;True;True;False;False;False;True;False;True;False;True;False;True;False;[];['has_valid_base']
d0e2b510-6ed6-4243-b952-cc9f9ae25b59;ZSTD_copyCCtx;0x16bc0;0x16cbc;0x0;TransmitterType.LOAD;45;0;False;['0x16bc0', '0x16bf8', '0x16c5c'];<BV64 0xc0 + x0>;64;[];[];['<BV64 x0>'];[];['<BV64 x0>'];[];[];0;18446744073709551615;18446744073709551615;1;;;True;0;18446744073709551615;18446744073709551615;1;;;True;ControlType.CONTROLLED;0;<BV64 0xc0>;64;[];[];[];[];[];[];[];192.0;192.0;0.0;1.0;;;True;192.0;192.0;0.0;1.0;;;True;ControlType.NO_CONTROL;0;<BV64 0xc0>;64;[];[];[];[];[];[];[];192;192;0;1.0;;;True;192.0;192.0;0.0;1.0;;;True;ControlType.NO_CONTROL;0;<BV64 x0>;64;[];[];['<BV64 x0>'];[];['<BV64 x0>'];[];[];0.0;1.8446744073709552e+19;18446744073709551615;1;;;True;0.0;1.8446744073709552e+19;18446744073709551615;1;;;True;ControlType.CONTROLLED;0;<BV64 x0>;64;[];[];['<BV64 x0>'];[];['<BV64 x0>'];[];[];0.0;1.8446744073709552e+19;1.8446744073709552e+19;1.0;;;True;0.0;1.8446744073709552e+19;1.8446744073709552e+19;1.0;;;True;ControlType.CONTROLLED;0;<BV64 x0>;64;[];[];[];[];[];[];[];0;0;0;;;;False;0;0;0;;;;False;ControlType.UNKNOWN;0;[('0x16bf4', <Bool x2 != 0x0>, 'Taken'), ('0x16c0c', <Bool LOAD_32[<BV64 x1>]_29 == 0x1>, 'Taken')];"{'regs': ['<BV64 x1>', '<BV64 x2>'], 'indirect_regs': [""<BV64 x1>: ['0x0']""], 'direct_regs': ['<BV64 x2>'], 'mem': ['<BV64 x1>'], 'const_mem': []}";[];{'regs': [], 'indirect_regs': [], 'direct_regs': [], 'mem': [], 'const_mem': []};{'regs': ['<BV64 x0>'], 'indirect_regs': [], 'direct_regs': ['<BV64 x0>'], 'mem': [], 'const_mem': []};"{'regs': ['<BV64 x0>', '<BV64 x1>', '<BV64 x2>'], 'indirect_regs': [""<BV64 x1>: ['0x0']""], 'direct_regs': ['<BV64 x0>', '<BV64 x2>'], 'mem': ['<BV64 x1>'], 'const_mem': []}";63.0;0.0;64.0;64.0;[];;;;BaseControlType.CONSTANT_BASE;BaseControlType.CONSTANT_BASE;BaseControlType.CONSTANT_BASE;2;BranchControlType.BRANCH_INDEPENDENT_FROM_SECRET;BranchControlType.BRANCH_INDEPENDENT_FROM_SECRET;93372;True;False;True;True;True;False;False;True;True;False;False;False;True;False;True;False;True;False;True;False;[];['has_valid_base'];True;False;True;True;True;False;False;True;True;False;False;False;True;False;True;False;True;False;True;False;[];['has_valid_base']
dca8d174-41b9-4da9-9496-5217df2fa521;ZSTD_copyCCtx;0x16bc0;0x16cc4;0x0;TransmitterType.LOAD;47;0;False;['0x16bc0', '0x16bf8', '0x16c5c'];<BV64 0xd0 + x0>;64;[];[];['<BV64 x0>'];[];['<BV64 x0>'];[];[];0;18446744073709551615;18446744073709551615;1;;;True;0;18446744073709551615;18446744073709551615;1;;;True;ControlType.CONTROLLED;0;<BV64 0xd0>;64;[];[];[];[];[];[];[];208.0;208.0;0.0;1.0;;;True;208.0;208.0;0.0;1.0;;;True;ControlType.NO_CONTROL;0;<BV64 0xd0>;64;[];[];[];[];[];[];[];208;208;0;1.0;;;True;208.0;208.0;0.0;1.0;;;True;ControlType.NO_CONTROL;0;<BV64 x0>;64;[];[];['<BV64 x0>'];[];['<BV64 x0>'];[];[];0.0;1.8446744073709552e+19;18446744073709551615;1;;;True;0.0;1.8446744073709552e+19;18446744073709551615;1;;;True;ControlType.CONTROLLED;0;<BV64 x0>;64;[];[];['<BV64 x0>'];[];['<BV64 x0>'];[];[];0.0;1.8446744073709552e+19;1.8446744073709552e+19;1.0;;;True;0.0;1.8446744073709552e+19;1.8446744073709552e+19;1.0;;;True;ControlType.CONTROLLED;0;<BV64 x0>;64;[];[];[];[];[];[];[];0;0;0;;;;False;0;0;0;;;;False;ControlType.UNKNOWN;0;[('0x16bf4', <Bool x2 != 0x0>, 'Taken'), ('0x16c0c', <Bool LOAD_32[<BV64 x1>]_29 == 0x1>, 'Taken')];"{'regs': ['<BV64 x1>', '<BV64 x2>'], 'indirect_regs': [""<BV64 x1>: ['0x0']""], 'direct_regs': ['<BV64 x2>'], 'mem': ['<BV64 x1>'], 'const_mem': []}";[];{'regs': [], 'indirect_regs': [], 'direct_regs': [], 'mem': [], 'const_mem': []};{'regs': ['<BV64 x0>'], 'indirect_regs': [], 'direct_regs': ['<BV64 x0>'], 'mem': [], 'const_mem': []};"{'regs': ['<BV64 x0>', '<BV64 x1>', '<BV64 x2>'], 'indirect_regs': [""<BV64 x1>: ['0x0']""], 'direct_regs': ['<BV64 x0>', '<BV64 x2>'], 'mem': ['<BV64 x1>'], 'const_mem': []}";63.0;0.0;64.0;64.0;[];;;;BaseControlType.CONSTANT_BASE;BaseControlType.CONSTANT_BASE;BaseControlType.CONSTANT_BASE;2;BranchControlType.BRANCH_INDEPENDENT_FROM_SECRET;BranchControlType.BRANCH_INDEPENDENT_FROM_SECRET;93380;True;False;True;True;True;False;False;True;True;False;False;False;True;False;True;False;True;False;True;False;[];['has_valid_base'];True;False;True;True;True;False;False;True;True;False;False;False;True;False;True;False;True;False;True;False;[];['has_valid_base']
cedf37ef-00d0-467c-8cf2-039ed9d234fa;ZSTD_copyCCtx;0x16bc0;0x16cd0;0x0;TransmitterType.LOAD;50;0;False;['0x16bc0', '0x16bf8', '0x16c5c'];<BV64 0xe0 + x0>;64;[];[];['<BV64 x0>'];[];['<BV64 x0>'];[];[];0;18446744073709551615;18446744073709551615;1;;;True;0;18446744073709551615;18446744073709551615;1;;;True;ControlType.CONTROLLED;0;<BV64 0xe0>;64;[];[];[];[];[];[];[];224.0;224.0;0.0;1.0;;;True;224.0;224.0;0.0;1.0;;;True;ControlType.NO_CONTROL;0;<BV64 0xe0>;64;[];[];[];[];[];[];[];224;224;0;1.0;;;True;224.0;224.0;0.0;1.0;;;True;ControlType.NO_CONTROL;0;<BV64 x0>;64;[];[];['<BV64 x0>'];[];['<BV64 x0>'];[];[];0.0;1.8446744073709552e+19;18446744073709551615;1;;;True;0.0;1.8446744073709552e+19;18446744073709551615;1;;;True;ControlType.CONTROLLED;0;<BV64 x0>;64;[];[];['<BV64 x0>'];[];['<BV64 x0>'];[];[];0.0;1.8446744073709552e+19;1.8446744073709552e+19;1.0;;;True;0.0;1.8446744073709552e+19;1.8446744073709552e+19;1.0;;;True;ControlType.CONTROLLED;0;<BV64 x0>;64;[];[];[];[];[];[];[];0;0;0;;;;False;0;0;0;;;;False;ControlType.UNKNOWN;0;[('0x16bf4', <Bool x2 != 0x0>, 'Taken'), ('0x16c0c', <Bool LOAD_32[<BV64 x1>]_29 == 0x1>, 'Taken')];"{'regs': ['<BV64 x1>', '<BV64 x2>'], 'indirect_regs': [""<BV64 x1>: ['0x0']""], 'direct_regs': ['<BV64 x2>'], 'mem': ['<BV64 x1>'], 'const_mem': []}";[];{'regs': [], 'indirect_regs': [], 'direct_regs': [], 'mem': [], 'const_mem': []};{'regs': ['<BV64 x0>'], 'indirect_regs': [], 'direct_regs': ['<BV64 x0>'], 'mem': [], 'const_mem': []};"{'regs': ['<BV64 x0>', '<BV64 x1>', '<BV64 x2>'], 'indirect_regs': [""<BV64 x1>: ['0x0']""], 'direct_regs': ['<BV64 x0>', '<BV64 x2>'], 'mem': ['<BV64 x1>'], 'const_mem': []}";63.0;0.0;64.0;64.0;[];;;;BaseControlType.CONSTANT_BASE;BaseControlType.CONSTANT_BASE;BaseControlType.CONSTANT_BASE;2;BranchControlType.BRANCH_INDEPENDENT_FROM_SECRET;BranchControlType.BRANCH_INDEPENDENT_FROM_SECRET;93392;True;False;True;True;True;False;False;True;True;False;False;False;True;False;True;False;True;False;True;False;[];['has_valid_base'];True;False;True;True;True;False;False;True;True;False;False;False;True;False;True;False;True;False;True;False;[];['has_valid_base']
bbf6ad12-09fc-4a25-9c79-468a720f6c82;ZSTD_copyCCtx;0x16bc0;0x16024;0x0;TransmitterType.STORE;84;0;False;['0x16bc0', '0x16bf8', '0x16c5c', '0x15fe4'];<BV64 0x3b0 + x0>;64;[];[];['<BV64 x0>'];[];['<BV64 x0>'];[];[];0;18446744073709551615;18446744073709551615;1;;;True;0;18446744073709551615;18446744073709551615;1;;;True;ControlType.CONTROLLED;0;<BV64 0x3b0>;64;[];[];[];[];[];[];[];944.0;944.0;0.0;1.0;;;True;944.0;944.0;0.0;1.0;;;True;ControlType.NO_CONTROL;0;<BV64 0x3b0>;64;[];[];[];[];[];[];[];944;944;0;1.0;;;True;944.0;944.0;0.0;1.0;;;True;ControlType.NO_CONTROL;0;<BV64 x0>;64;[];[];['<BV64 x0>'];[];['<BV64 x0>'];[];[];0.0;1.8446744073709552e+19;18446744073709551615;1;;;True;0.0;1.8446744073709552e+19;18446744073709551615;1;;;True;ControlType.CONTROLLED;0;<BV64 x0>;64;[];[];['<BV64 x0>'];[];['<BV64 x0>'];[];[];0.0;1.8446744073709552e+19;1.8446744073709552e+19;1.0;;;True;0.0;1.8446744073709552e+19;1.8446744073709552e+19;1.0;;;True;ControlType.CONTROLLED;0;<BV64 x0>;64;[];[];[];[];[];[];[];0;0;0;;;;False;0;0;0;;;;False;ControlType.UNKNOWN;0;[('0x16bf4', <Bool x2 != 0x0>, 'Taken'), ('0x16c0c', <Bool LOAD_32[<BV64 x1>]_29 == 0x1>, 'Taken'), ('0x16d14', <Bool True>, 'Taken')];"{'regs': ['<BV64 x1>', '<BV64 x2>'], 'indirect_regs': [""<BV64 x1>: ['0x0']""], 'direct_regs': ['<BV64 x2>'], 'mem': ['<BV64 x1>'], 'const_mem': []}";[];{'regs': [], 'indirect_regs': [], 'direct_regs': [], 'mem': [], 'const_mem': []};{'regs': ['<BV64 x0>'], 'indirect_regs': [], 'direct_regs': ['<BV64 x0>'], 'mem': [], 'const_mem': []};"{'regs': ['<BV64 x0>', '<BV64 x1>', '<BV64 x2>'], 'indirect_regs': [""<BV64 x1>: ['0x0']""], 'direct_regs': ['<BV64 x0>', '<BV64 x2>'], 'mem': ['<BV64 x1>'], 'const_mem': []}";63.0;0.0;64.0;64.0;[];;;;BaseControlType.CONSTANT_BASE;BaseControlType.CONSTANT_BASE;BaseControlType.CONSTANT_BASE;3;BranchControlType.BRANCH_INDEPENDENT_FROM_SECRET;BranchControlType.BRANCH_INDEPENDENT_FROM_SECRET;90148;True;False;True;True;True;False;False;True;True;False;False;False;True;False;True;False;True;False;True;False;[];['has_valid_base'];True;False;True;True;True;False;False;True;True;False;False;False;True;False;True;False;True;False;True;False;[];['has_valid_base']
8ede4c39-0bf3-4627-ab96-385e7d20cb17;ZSTD_copyCCtx;0x16bc0;0x1602c;0x0;TransmitterType.STORE;86;0;False;['0x16bc0', '0x16bf8', '0x16c5c', '0x15fe4'];<BV64 0xe8 + x0>;64;[];[];['<BV64 x0>'];[];['<BV64 x0>'];[];[];0;18446744073709551615;18446744073709551615;1;;;True;0;18446744073709551615;18446744073709551615;1;;;True;ControlType.CONTROLLED;0;<BV64 0xe8>;64;[];[];[];[];[];[];[];232.0;232.0;0.0;1.0;;;True;232.0;232.0;0.0;1.0;;;True;ControlType.NO_CONTROL;0;<BV64 0xe8>;64;[];[];[];[];[];[];[];232;232;0;1.0;;;True;232.0;232.0;0.0;1.0;;;True;ControlType.NO_CONTROL;0;<BV64 x0>;64;[];[];['<BV64 x0>'];[];['<BV64 x0>'];[];[];0.0;1.8446744073709552e+19;18446744073709551615;1;;;True;0.0;1.8446744073709552e+19;18446744073709551615;1;;;True;ControlType.CONTROLLED;0;<BV64 x0>;64;[];[];['<BV64 x0>'];[];['<BV64 x0>'];[];[];0.0;1.8446744073709552e+19;1.8446744073709552e+19;1.0;;;True;0.0;1.8446744073709552e+19;1.8446744073709552e+19;1.0;;;True;ControlType.CONTROLLED;0;<BV64 x0>;64;[];[];[];[];[];[];[];0;0;0;;;;False;0;0;0;;;;False;ControlType.UNKNOWN;0;[('0x16bf4', <Bool x2 != 0x0>, 'Taken'), ('0x16c0c', <Bool LOAD_32[<BV64 x1>]_29 == 0x1>, 'Taken'), ('0x16d14', <Bool True>, 'Taken')];"{'regs': ['<BV64 x1>', '<BV64 x2>'], 'indirect_regs': [""<BV64 x1>: ['0x0']""], 'direct_regs': ['<BV64 x2>'], 'mem': ['<BV64 x1>'], 'const_mem': []}";[];{'regs': [], 'indirect_regs': [], 'direct_regs': [], 'mem': [], 'const_mem': []};{'regs': ['<BV64 x0>'], 'indirect_regs': [], 'direct_regs': ['<BV64 x0>'], 'mem': [], 'const_mem': []};"{'regs': ['<BV64 x0>', '<BV64 x1>', '<BV64 x2>'], 'indirect_regs': [""<BV64 x1>: ['0x0']""], 'direct_regs': ['<BV64 x0>', '<BV64 x2>'], 'mem': ['<BV64 x1>'], 'const_mem': []}";63.0;0.0;64.0;64.0;[];;;;BaseControlType.CONSTANT_BASE;BaseControlType.CONSTANT_BASE;BaseControlType.CONSTANT_BASE;3;BranchControlType.BRANCH_INDEPENDENT_FROM_SECRET;BranchControlType.BRANCH_INDEPENDENT_FROM_SECRET;90156;True;False;True;True;True;False;False;True;True;False;False;False;True;False;True;False;True;False;True;False;[];['has_valid_base'];True;False;True;True;True;False;False;True;True;False;False;False;True;False;True;False;True;False;True;False;[];['has_valid_base']
6ee7e30b-83e8-4d01-8016-2af5fe02bc4d;ZSTD_copyCCtx;0x16bc0;0x1602c;0x0;TransmitterType.STORE;86;0;False;['0x16bc0', '0x16bf8', '0x16c5c', '0x15fe4'];<BV64 0xf8 + x0>;64;[];[];['<BV64 x0>'];[];['<BV64 x0>'];[];[];0;18446744073709551615;18446744073709551615;1;;;True;0;18446744073709551615;18446744073709551615;1;;;True;ControlType.CONTROLLED;0;<BV64 0xf8>;64;[];[];[];[];[];[];[];248.0;248.0;0.0;1.0;;;True;248.0;248.0;0.0;1.0;;;True;ControlType.NO_CONTROL;0;<BV64 0xf8>;64;[];[];[];[];[];[];[];248;248;0;1.0;;;True;248.0;248.0;0.0;1.0;;;True;ControlType.NO_CONTROL;0;<BV64 x0>;64;[];[];['<BV64 x0>'];[];['<BV64 x0>'];[];[];0.0;1.8446744073709552e+19;18446744073709551615;1;;;True;0.0;1.8446744073709552e+19;18446744073709551615;1;;;True;ControlType.CONTROLLED;0;<BV64 x0>;64;[];[];['<BV64 x0>'];[];['<BV64 x0>'];[];[];0.0;1.8446744073709552e+19;1.8446744073709552e+19;1.0;;;True;0.0;1.8446744073709552e+19;1.8446744073709552e+19;1.0;;;True;ControlType.CONTROLLED;0;<BV64 x0>;64;[];[];[];[];[];[];[];0;0;0;;;;False;0;0;0;;;;False;ControlType.UNKNOWN;0;[('0x16bf4', <Bool x2 != 0x0>, 'Taken'), ('0x16c0c', <Bool LOAD_32[<BV64 x1>]_29 == 0x1>, 'Taken'), ('0x16d14', <Bool True>, 'Taken')];"{'regs': ['<BV64 x1>', '<BV64 x2>'], 'indirect_regs': [""<BV64 x1>: ['0x0']""], 'direct_regs': ['<BV64 x2>'], 'mem': ['<BV64 x1>'], 'const_mem': []}";[];{'regs': [], 'indirect_regs': [], 'direct_regs': [], 'mem': [], 'const_mem': []};{'regs': ['<BV64 x0>'], 'indirect_regs': [], 'direct_regs': ['<BV64 x0>'], 'mem': [], 'const_mem': []};"{'regs': ['<BV64 x0>', '<BV64 x1>', '<BV64 x2>'], 'indirect_regs': [""<BV64 x1>: ['0x0']""], 'direct_regs': ['<BV64 x0>', '<BV64 x2>'], 'mem': ['<BV64 x1>'], 'const_mem': []}";63.0;0.0;64.0;64.0;[];;;;BaseControlType.CONSTANT_BASE;BaseControlType.CONSTANT_BASE;BaseControlType.CONSTANT_BASE;3;BranchControlType.BRANCH_INDEPENDENT_FROM_SECRET;BranchControlType.BRANCH_INDEPENDENT_FROM_SECRET;90156;True;False;True;True;True;False;False;True;True;False;False;False;True;False;True;False;True;False;True;False;[];['has_valid_base'];True;False;True;True;True;False;False;True;True;False;False;False;True;False;True;False;True;False;True;False;[];['has_valid_base']
31be3947-dbc4-4812-9f96-32d70a404e4f;ZSTD_copyCCtx;0x16bc0;0x16038;0x0;TransmitterType.STORE;89;0;False;['0x16bc0', '0x16bf8', '0x16c5c', '0x15fe4'];<BV64 0x108 + x0>;64;[];[];['<BV64 x0>'];[];['<BV64 x0>'];[];[];0;18446744073709551615;18446744073709551615;1;;;True;0;18446744073709551615;18446744073709551615;1;;;True;ControlType.CONTROLLED;0;<BV64 0x108>;64;[];[];[];[];[];[];[];264.0;264.0;0.0;1.0;;;True;264.0;264.0;0.0;1.0;;;True;ControlType.NO_CONTROL;0;<BV64 0x108>;64;[];[];[];[];[];[];[];264;264;0;1.0;;;True;264.0;264.0;0.0;1.0;;;True;ControlType.NO_CONTROL;0;<BV64 x0>;64;[];[];['<BV64 x0>'];[];['<BV64 x0>'];[];[];0.0;1.8446744073709552e+19;18446744073709551615;1;;;True;0.0;1.8446744073709552e+19;18446744073709551615;1;;;True;ControlType.CONTROLLED;0;<BV64 x0>;64;[];[];['<BV64 x0>'];[];['<BV64 x0>'];[];[];0.0;1.8446744073709552e+19;1.8446744073709552e+19;1.0;;;True;0.0;1.8446744073709552e+19;1.8446744073709552e+19;1.0;;;True;ControlType.CONTROLLED;0;<BV64 x0>;64;[];[];[];[];[];[];[];0;0;0;;;;False;0;0;0;;;;False;ControlType.UNKNOWN;0;[('0x16bf4', <Bool x2 != 0x0>, 'Taken'), ('0x16c0c', <Bool LOAD_32[<BV64 x1>]_29 == 0x1>, 'Taken'), ('0x16d14', <Bool True>, 'Taken')];"{'regs': ['<BV64 x1>', '<BV64 x2>'], 'indirect_regs': [""<BV64 x1>: ['0x0']""], 'direct_regs': ['<BV64 x2>'], 'mem': ['<BV64 x1>'], 'const_mem': []}";[];{'regs': [], 'indirect_regs': [], 'direct_regs': [], 'mem': [], 'const_mem': []};{'regs': ['<BV64 x0>'], 'indirect_regs': [], 'direct_regs': ['<BV64 x0>'], 'mem': [], 'const_mem': []};"{'regs': ['<BV64 x0>', '<BV64 x1>', '<BV64 x2>'], 'indirect_regs': [""<BV64 x1>: ['0x0']""], 'direct_regs': ['<BV64 x0>', '<BV64 x2>'], 'mem': ['<BV64 x1>'], 'const_mem': []}";63.0;0.0;64.0;64.0;[];;;;BaseControlType.CONSTANT_BASE;BaseControlType.CONSTANT_BASE;BaseControlType.CONSTANT_BASE;3;BranchControlType.BRANCH_INDEPENDENT_FROM_SECRET;BranchControlType.BRANCH_INDEPENDENT_FROM_SECRET;90168;True;False;True;True;True;False;False;True;True;False;False;False;True;False;True;False;True;False;True;False;[];['has_valid_base'];True;False;True;True;True;False;False;True;True;False;False;False;True;False;True;False;True;False;True;False;[];['has_valid_base']
dbe7d001-a7a2-405f-9fd9-cf135e3ae9d4;ZSTD_copyCCtx;0x16bc0;0x16038;0x0;TransmitterType.STORE;89;0;False;['0x16bc0', '0x16bf8', '0x16c5c', '0x15fe4'];<BV64 0x118 + x0>;64;[];[];['<BV64 x0>'];[];['<BV64 x0>'];[];[];0;18446744073709551615;18446744073709551615;1;;;True;0;18446744073709551615;18446744073709551615;1;;;True;ControlType.CONTROLLED;0;<BV64 0x118>;64;[];[];[];[];[];[];[];280.0;280.0;0.0;1.0;;;True;280.0;280.0;0.0;1.0;;;True;ControlType.NO_CONTROL;0;<BV64 0x118>;64;[];[];[];[];[];[];[];280;280;0;1.0;;;True;280.0;280.0;0.0;1.0;;;True;ControlType.NO_CONTROL;0;<BV64 x0>;64;[];[];['<BV64 x0>'];[];['<BV64 x0>'];[];[];0.0;1.8446744073709552e+19;18446744073709551615;1;;;True;0.0;1.8446744073709552e+19;18446744073709551615;1;;;True;ControlType.CONTROLLED;0;<BV64 x0>;64;[];[];['<BV64 x0>'];[];['<BV64 x0>'];[];[];0.0;1.8446744073709552e+19;1.8446744073709552e+19;1.0;;;True;0.0;1.8446744073709552e+19;1.8446744073709552e+19;1.0;;;True;ControlType.CONTROLLED;0;<BV64 x0>;64;[];[];[];[];[];[];[];0;0;0;;;;False;0;0;0;;;;False;ControlType.UNKNOWN;0;[('0x16bf4', <Bool x2 != 0x0>, 'Taken'), ('0x16c0c', <Bool LOAD_32[<BV64 x1>]_29 == 0x1>, 'Taken'), ('0x16d14', <Bool True>, 'Taken')];"{'regs': ['<BV64 x1>', '<BV64 x2>'], 'indirect_regs': [""<BV64 x1>: ['0x0']""], 'direct_regs': ['<BV64 x2>'], 'mem': ['<BV64 x1>'], 'const_mem': []}";[];{'regs': [], 'indirect_regs': [], 'direct_regs': [], 'mem': [], 'const_mem': []};{'regs': ['<BV64 x0>'], 'indirect_regs': [], 'direct_regs': ['<BV64 x0>'], 'mem': [], 'const_mem': []};"{'regs': ['<BV64 x0>', '<BV64 x1>', '<BV64 x2>'], 'indirect_regs': [""<BV64 x1>: ['0x0']""], 'direct_regs': ['<BV64 x0>', '<BV64 x2>'], 'mem': ['<BV64 x1>'], 'const_mem': []}";63.0;0.0;64.0;64.0;[];;;;BaseControlType.CONSTANT_BASE;BaseControlType.CONSTANT_BASE;BaseControlType.CONSTANT_BASE;3;BranchControlType.BRANCH_INDEPENDENT_FROM_SECRET;BranchControlType.BRANCH_INDEPENDENT_FROM_SECRET;90168;True;False;True;True;True;False;False;True;True;False;False;False;True;False;True;False;True;False;True;False;[];['has_valid_base'];True;False;True;True;True;False;False;True;True;False;False;False;True;False;True;False;True;False;True;False;[];['has_valid_base']
c0eb6a07-214b-4b61-882b-ecdb2fae3102;ZSTD_copyCCtx;0x16bc0;0x16040;0x0;TransmitterType.STORE;91;0;False;['0x16bc0', '0x16bf8', '0x16c5c', '0x15fe4'];<BV64 0x128 + x0>;64;[];[];['<BV64 x0>'];[];['<BV64 x0>'];[];[];0;18446744073709551615;18446744073709551615;1;;;True;0;18446744073709551615;18446744073709551615;1;;;True;ControlType.CONTROLLED;0;<BV64 0x128>;64;[];[];[];[];[];[];[];296.0;296.0;0.0;1.0;;;True;296.0;296.0;0.0;1.0;;;True;ControlType.NO_CONTROL;0;<BV64 0x128>;64;[];[];[];[];[];[];[];296;296;0;1.0;;;True;296.0;296.0;0.0;1.0;;;True;ControlType.NO_CONTROL;0;<BV64 x0>;64;[];[];['<BV64 x0>'];[];['<BV64 x0>'];[];[];0.0;1.8446744073709552e+19;18446744073709551615;1;;;True;0.0;1.8446744073709552e+19;18446744073709551615;1;;;True;ControlType.CONTROLLED;0;<BV64 x0>;64;[];[];['<BV64 x0>'];[];['<BV64 x0>'];[];[];0.0;1.8446744073709552e+19;1.8446744073709552e+19;1.0;;;True;0.0;1.8446744073709552e+19;1.8446744073709552e+19;1.0;;;True;ControlType.CONTROLLED;0;<BV64 x0>;64;[];[];[];[];[];[];[];0;0;0;;;;False;0;0;0;;;;False;ControlType.UNKNOWN;0;[('0x16bf4', <Bool x2 != 0x0>, 'Taken'), ('0x16c0c', <Bool LOAD_32[<BV64 x1>]_29 == 0x1>, 'Taken'), ('0x16d14', <Bool True>, 'Taken')];"{'regs': ['<BV64 x1>', '<BV64 x2>'], 'indirect_regs': [""<BV64 x1>: ['0x0']""], 'direct_regs': ['<BV64 x2>'], 'mem': ['<BV64 x1>'], 'const_mem': []}";[];{'regs': [], 'indirect_regs': [], 'direct_regs': [], 'mem': [], 'const_mem': []};{'regs': ['<BV64 x0>'], 'indirect_regs': [], 'direct_regs': ['<BV64 x0>'], 'mem': [], 'const_mem': []};"{'regs': ['<BV64 x0>', '<BV64 x1>', '<BV64 x2>'], 'indirect_regs': [""<BV64 x1>: ['0x0']""], 'direct_regs': ['<BV64 x0>', '<BV64 x2>'], 'mem': ['<BV64 x1>'], 'const_mem': []}";63.0;0.0;64.0;64.0;[];;;;BaseControlType.CONSTANT_BASE;BaseControlType.CONSTANT_BASE;BaseControlType.CONSTANT_BASE;3;BranchControlType.BRANCH_INDEPENDENT_FROM_SECRET;BranchControlType.BRANCH_INDEPENDENT_FROM_SECRET;90176;True;False;True;True;True;False;False;True;True;False;False;False;True;False;True;False;True;False;True;False;[];['has_valid_base'];True;False;True;True;True;False;False;True;True;False;False;False;True;False;True;False;True;False;True;False;[];['has_valid_base']
b25b8f46-d21d-43d1-b478-2b6683ac3c67;ZSTD_copyCCtx;0x16bc0;0x16040;0x0;TransmitterType.STORE;91;0;False;['0x16bc0', '0x16bf8', '0x16c5c', '0x15fe4'];<BV64 0x138 + x0>;64;[];[];['<BV64 x0>'];[];['<BV64 x0>'];[];[];0;18446744073709551615;18446744073709551615;1;;;True;0;18446744073709551615;18446744073709551615;1;;;True;ControlType.CONTROLLED;0;<BV64 0x138>;64;[];[];[];[];[];[];[];312.0;312.0;0.0;1.0;;;True;312.0;312.0;0.0;1.0;;;True;ControlType.NO_CONTROL;0;<BV64 0x138>;64;[];[];[];[];[];[];[];312;312;0;1.0;;;True;312.0;312.0;0.0;1.0;;;True;ControlType.NO_CONTROL;0;<BV64 x0>;64;[];[];['<BV64 x0>'];[];['<BV64 x0>'];[];[];0.0;1.8446744073709552e+19;18446744073709551615;1;;;True;0.0;1.8446744073709552e+19;18446744073709551615;1;;;True;ControlType.CONTROLLED;0;<BV64 x0>;64;[];[];['<BV64 x0>'];[];['<BV64 x0>'];[];[];0.0;1.8446744073709552e+19;1.8446744073709552e+19;1.0;;;True;0.0;1.8446744073709552e+19;1.8446744073709552e+19;1.0;;;True;ControlType.CONTROLLED;0;<BV64 x0>;64;[];[];[];[];[];[];[];0;0;0;;;;False;0;0;0;;;;False;ControlType.UNKNOWN;0;[('0x16bf4', <Bool x2 != 0x0>, 'Taken'), ('0x16c0c', <Bool LOAD_32[<BV64 x1>]_29 == 0x1>, 'Taken'), ('0x16d14', <Bool True>, 'Taken')];"{'regs': ['<BV64 x1>', '<BV64 x2>'], 'indirect_regs': [""<BV64 x1>: ['0x0']""], 'direct_regs': ['<BV64 x2>'], 'mem': ['<BV64 x1>'], 'const_mem': []}";[];{'regs': [], 'indirect_regs': [], 'direct_regs': [], 'mem': [], 'const_mem': []};{'regs': ['<BV64 x0>'], 'indirect_regs': [], 'direct_regs': ['<BV64 x0>'], 'mem': [], 'const_mem': []};"{'regs': ['<BV64 x0>', '<BV64 x1>', '<BV64 x2>'], 'indirect_regs': [""<BV64 x1>: ['0x0']""], 'direct_regs': ['<BV64 x0>', '<BV64 x2>'], 'mem': ['<BV64 x1>'], 'const_mem': []}";63.0;0.0;64.0;64.0;[];;;;BaseControlType.CONSTANT_BASE;BaseControlType.CONSTANT_BASE;BaseControlType.CONSTANT_BASE;3;BranchControlType.BRANCH_INDEPENDENT_FROM_SECRET;BranchControlType.BRANCH_INDEPENDENT_FROM_SECRET;90176;True;False;True;True;True;False;False;True;True;False;False;False;True;False;True;False;True;False;True;False;[];['has_valid_base'];True;False;True;True;True;False;False;True;True;False;False;False;True;False;True;False;True;False;True;False;[];['has_valid_base']
860fab23-8313-4de5-b7b5-2a95ede0c1dc;ZSTD_copyCCtx;0x16bc0;0x16048;0x0;TransmitterType.STORE;93;0;False;['0x16bc0', '0x16bf8', '0x16c5c', '0x15fe4'];<BV64 0x148 + x0>;64;[];[];['<BV64 x0>'];[];['<BV64 x0>'];[];[];0;18446744073709551615;18446744073709551615;1;;;True;0;18446744073709551615;18446744073709551615;1;;;True;ControlType.CONTROLLED;0;<BV64 0x148>;64;[];[];[];[];[];[];[];328.0;328.0;0.0;1.0;;;True;328.0;328.0;0.0;1.0;;;True;ControlType.NO_CONTROL;0;<BV64 0x148>;64;[];[];[];[];[];[];[];328;328;0;1.0;;;True;328.0;328.0;0.0;1.0;;;True;ControlType.NO_CONTROL;0;<BV64 x0>;64;[];[];['<BV64 x0>'];[];['<BV64 x0>'];[];[];0.0;1.8446744073709552e+19;18446744073709551615;1;;;True;0.0;1.8446744073709552e+19;18446744073709551615;1;;;True;ControlType.CONTROLLED;0;<BV64 x0>;64;[];[];['<BV64 x0>'];[];['<BV64 x0>'];[];[];0.0;1.8446744073709552e+19;1.8446744073709552e+19;1.0;;;True;0.0;1.8446744073709552e+19;1.8446744073709552e+19;1.0;;;True;ControlType.CONTROLLED;0;<BV64 x0>;64;[];[];[];[];[];[];[];0;0;0;;;;False;0;0;0;;;;False;ControlType.UNKNOWN;0;[('0x16bf4', <Bool x2 != 0x0>, 'Taken'), ('0x16c0c', <Bool LOAD_32[<BV64 x1>]_29 == 0x1>, 'Taken'), ('0x16d14', <Bool True>, 'Taken')];"{'regs': ['<BV64 x1>', '<BV64 x2>'], 'indirect_regs': [""<BV64 x1>: ['0x0']""], 'direct_regs': ['<BV64 x2>'], 'mem': ['<BV64 x1>'], 'const_mem': []}";[];{'regs': [], 'indirect_regs': [], 'direct_regs': [], 'mem': [], 'const_mem': []};{'regs': ['<BV64 x0>'], 'indirect_regs': [], 'direct_regs': ['<BV64 x0>'], 'mem': [], 'const_mem': []};"{'regs': ['<BV64 x0>', '<BV64 x1>', '<BV64 x2>'], 'indirect_regs': [""<BV64 x1>: ['0x0']""], 'direct_regs': ['<BV64 x0>', '<BV64 x2>'], 'mem': ['<BV64 x1>'], 'const_mem': []}";63.0;0.0;64.0;64.0;[];;;;BaseControlType.CONSTANT_BASE;BaseControlType.CONSTANT_BASE;BaseControlType.CONSTANT_BASE;3;BranchControlType.BRANCH_INDEPENDENT_FROM_SECRET;BranchControlType.BRANCH_INDEPENDENT_FROM_SECRET;90184;True;False;True;True;True;False;False;True;True;False;False;False;True;False;True;False;True;False;True;False;[];['has_valid_base'];True;False;True;True;True;False;False;True;True;False;False;False;True;False;True;False;True;False;True;False;[];['has_valid_base']
1b2bd17a-901b-4939-a945-33e33c156c0a;ZSTD_copyCCtx;0x16bc0;0x16048;0x0;TransmitterType.STORE;93;0;False;['0x16bc0', '0x16bf8', '0x16c5c', '0x15fe4'];<BV64 0x158 + x0>;64;[];[];['<BV64 x0>'];[];['<BV64 x0>'];[];[];0;18446744073709551615;18446744073709551615;1;;;True;0;18446744073709551615;18446744073709551615;1;;;True;ControlType.CONTROLLED;0;<BV64 0x158>;64;[];[];[];[];[];[];[];344.0;344.0;0.0;1.0;;;True;344.0;344.0;0.0;1.0;;;True;ControlType.NO_CONTROL;0;<BV64 0x158>;64;[];[];[];[];[];[];[];344;344;0;1.0;;;True;344.0;344.0;0.0;1.0;;;True;ControlType.NO_CONTROL;0;<BV64 x0>;64;[];[];['<BV64 x0>'];[];['<BV64 x0>'];[];[];0.0;1.8446744073709552e+19;18446744073709551615;1;;;True;0.0;1.8446744073709552e+19;18446744073709551615;1;;;True;ControlType.CONTROLLED;0;<BV64 x0>;64;[];[];['<BV64 x0>'];[];['<BV64 x0>'];[];[];0.0;1.8446744073709552e+19;1.8446744073709552e+19;1.0;;;True;0.0;1.8446744073709552e+19;1.8446744073709552e+19;1.0;;;True;ControlType.CONTROLLED;0;<BV64 x0>;64;[];[];[];[];[];[];[];0;0;0;;;;False;0;0;0;;;;False;ControlType.UNKNOWN;0;[('0x16bf4', <Bool x2 != 0x0>, 'Taken'), ('0x16c0c', <Bool LOAD_32[<BV64 x1>]_29 == 0x1>, 'Taken'), ('0x16d14', <Bool True>, 'Taken')];"{'regs': ['<BV64 x1>', '<BV64 x2>'], 'indirect_regs': [""<BV64 x1>: ['0x0']""], 'direct_regs': ['<BV64 x2>'], 'mem': ['<BV64 x1>'], 'const_mem': []}";[];{'regs': [], 'indirect_regs': [], 'direct_regs': [], 'mem': [], 'const_mem': []};{'regs': ['<BV64 x0>'], 'indirect_regs': [], 'direct_regs': ['<BV64 x0>'], 'mem': [], 'const_mem': []};"{'regs': ['<BV64 x0>', '<BV64 x1>', '<BV64 x2>'], 'indirect_regs': [""<BV64 x1>: ['0x0']""], 'direct_regs': ['<BV64 x0>', '<BV64 x2>'], 'mem': ['<BV64 x1>'], 'const_mem': []}";63.0;0.0;64.0;64.0;[];;;;BaseControlType.CONSTANT_BASE;BaseControlType.CONSTANT_BASE;BaseControlType.CONSTANT_BASE;3;BranchControlType.BRANCH_INDEPENDENT_FROM_SECRET;BranchControlType.BRANCH_INDEPENDENT_FROM_SECRET;90184;True;False;True;True;True;False;False;True;True;False;False;False;True;False;True;False;True;False;True;False;[];['has_valid_base'];True;False;True;True;True;False;False;True;True;False;False;False;True;False;True;False;True;False;True;False;[];['has_valid_base']
1c7fd49d-2f48-4ca6-835c-8ef51f8a12de;ZSTD_copyCCtx;0x16bc0;0x1604c;0x0;TransmitterType.LOAD;94;0;False;['0x16bc0', '0x16bf8', '0x16c5c', '0x15fe4'];<BV64 0x148 + x0>;64;[];[];['<BV64 x0>'];[];['<BV64 x0>'];[];[];0;18446744073709551615;18446744073709551615;1;;;True;0;18446744073709551615;18446744073709551615;1;;;True;ControlType.CONTROLLED;0;<BV64 0x148>;64;[];[];[];[];[];[];[];328.0;328.0;0.0;1.0;;;True;328.0;328.0;0.0;1.0;;;True;ControlType.NO_CONTROL;0;<BV64 0x148>;64;[];[];[];[];[];[];[];328;328;0;1.0;;;True;328.0;328.0;0.0;1.0;;;True;ControlType.NO_CONTROL;0;<BV64 x0>;64;[];[];['<BV64 x0>'];[];['<BV64 x0>'];[];[];0.0;1.8446744073709552e+19;18446744073709551615;1;;;True;0.0;1.8446744073709552e+19;18446744073709551615;1;;;True;ControlType.CONTROLLED;0;<BV64 x0>;64;[];[];['<BV64 x0>'];[];['<BV64 x0>'];[];[];0.0;1.8446744073709552e+19;1.8446744073709552e+19;1.0;;;True;0.0;1.8446744073709552e+19;1.8446744073709552e+19;1.0;;;True;ControlType.CONTROLLED;0;<BV64 x0>;64;[];[];[];[];[];[];[];0;0;0;;;;False;0;0;0;;;;False;ControlType.UNKNOWN;0;[('0x16bf4', <Bool x2 != 0x0>, 'Taken'), ('0x16c0c', <Bool LOAD_32[<BV64 x1>]_29 == 0x1>, 'Taken'), ('0x16d14', <Bool True>, 'Taken')];"{'regs': ['<BV64 x1>', '<BV64 x2>'], 'indirect_regs': [""<BV64 x1>: ['0x0']""], 'direct_regs': ['<BV64 x2>'], 'mem': ['<BV64 x1>'], 'const_mem': []}";[];{'regs': [], 'indirect_regs': [], 'direct_regs': [], 'mem': [], 'const_mem': []};{'regs': ['<BV64 x0>'], 'indirect_regs': [], 'direct_regs': ['<BV64 x0>'], 'mem': [], 'const_mem': []};"{'regs': ['<BV64 x0>', '<BV64 x1>', '<BV64 x2>'], 'indirect_regs': [""<BV64 x1>: ['0x0']""], 'direct_regs': ['<BV64 x0>', '<BV64 x2>'], 'mem': ['<BV64 x1>'], 'const_mem': []}";63.0;0.0;64.0;64.0;[];;;;BaseControlType.CONSTANT_BASE;BaseControlType.CONSTANT_BASE;BaseControlType.CONSTANT_BASE;3;BranchControlType.BRANCH_INDEPENDENT_FROM_SECRET;BranchControlType.BRANCH_INDEPENDENT_FROM_SECRET;90188;True;False;True;True;True;False;False;True;True;False;False;False;True;False;True;False;True;False;True;False;[];['has_valid_base'];True;False;True;True;True;False;False;True;True;False;False;False;True;False;True;False;True;False;True;False;[];['has_valid_base']
e2d8bc15-75f0-4451-9aa6-95e9a31b7b45;ZSTD_copyCCtx;0x16bc0;0x16054;0x0;TransmitterType.STORE;96;0;False;['0x16bc0', '0x16bf8', '0x16c5c', '0x15fe4'];<BV64 0x168 + x0>;64;[];[];['<BV64 x0>'];[];['<BV64 x0>'];[];[];0;18446744073709551615;18446744073709551615;1;;;True;0;18446744073709551615;18446744073709551615;1;;;True;ControlType.CONTROLLED;0;<BV64 0x168>;64;[];[];[];[];[];[];[];360.0;360.0;0.0;1.0;;;True;360.0;360.0;0.0;1.0;;;True;ControlType.NO_CONTROL;0;<BV64 0x168>;64;[];[];[];[];[];[];[];360;360;0;1.0;;;True;360.0;360.0;0.0;1.0;;;True;ControlType.NO_CONTROL;0;<BV64 x0>;64;[];[];['<BV64 x0>'];[];['<BV64 x0>'];[];[];0.0;1.8446744073709552e+19;18446744073709551615;1;;;True;0.0;1.8446744073709552e+19;18446744073709551615;1;;;True;ControlType.CONTROLLED;0;<BV64 x0>;64;[];[];['<BV64 x0>'];[];['<BV64 x0>'];[];[];0.0;1.8446744073709552e+19;1.8446744073709552e+19;1.0;;;True;0.0;1.8446744073709552e+19;1.8446744073709552e+19;1.0;;;True;ControlType.CONTROLLED;0;<BV64 x0>;64;[];[];[];[];[];[];[];0;0;0;;;;False;0;0;0;;;;False;ControlType.UNKNOWN;0;[('0x16bf4', <Bool x2 != 0x0>, 'Taken'), ('0x16c0c', <Bool LOAD_32[<BV64 x1>]_29 == 0x1>, 'Taken'), ('0x16d14', <Bool True>, 'Taken')];"{'regs': ['<BV64 x1>', '<BV64 x2>'], 'indirect_regs': [""<BV64 x1>: ['0x0']""], 'direct_regs': ['<BV64 x2>'], 'mem': ['<BV64 x1>'], 'const_mem': []}";[];{'regs': [], 'indirect_regs': [], 'direct_regs': [], 'mem': [], 'const_mem': []};{'regs': ['<BV64 x0>'], 'indirect_regs': [], 'direct_regs': ['<BV64 x0>'], 'mem': [], 'const_mem': []};"{'regs': ['<BV64 x0>', '<BV64 x1>', '<BV64 x2>'], 'indirect_regs': [""<BV64 x1>: ['0x0']""], 'direct_regs': ['<BV64 x0>', '<BV64 x2>'], 'mem': ['<BV64 x1>'], 'const_mem': []}";63.0;0.0;64.0;64.0;[];;;;BaseControlType.CONSTANT_BASE;BaseControlType.CONSTANT_BASE;BaseControlType.CONSTANT_BASE;3;BranchControlType.BRANCH_INDEPENDENT_FROM_SECRET;BranchControlType.BRANCH_INDEPENDENT_FROM_SECRET;90196;True;False;True;True;True;False;False;True;True;False;False;False;True;False;True;False;True;False;True;False;[];['has_valid_base'];True;False;True;True;True;False;False;True;True;False;False;False;True;False;True;False;True;False;True;False;[];['has_valid_base']
18cbe032-56d2-406d-a69a-48b77e3c011a;ZSTD_copyCCtx;0x16bc0;0x16054;0x0;TransmitterType.STORE;96;0;False;['0x16bc0', '0x16bf8', '0x16c5c', '0x15fe4'];<BV64 0x178 + x0>;64;[];[];['<BV64 x0>'];[];['<BV64 x0>'];[];[];0;18446744073709551615;18446744073709551615;1;;;True;0;18446744073709551615;18446744073709551615;1;;;True;ControlType.CONTROLLED;0;<BV64 0x178>;64;[];[];[];[];[];[];[];376.0;376.0;0.0;1.0;;;True;376.0;376.0;0.0;1.0;;;True;ControlType.NO_CONTROL;0;<BV64 0x178>;64;[];[];[];[];[];[];[];376;376;0;1.0;;;True;376.0;376.0;0.0;1.0;;;True;ControlType.NO_CONTROL;0;<BV64 x0>;64;[];[];['<BV64 x0>'];[];['<BV64 x0>'];[];[];0.0;1.8446744073709552e+19;18446744073709551615;1;;;True;0.0;1.8446744073709552e+19;18446744073709551615;1;;;True;ControlType.CONTROLLED;0;<BV64 x0>;64;[];[];['<BV64 x0>'];[];['<BV64 x0>'];[];[];0.0;1.8446744073709552e+19;1.8446744073709552e+19;1.0;;;True;0.0;1.8446744073709552e+19;1.8446744073709552e+19;1.0;;;True;ControlType.CONTROLLED;0;<BV64 x0>;64;[];[];[];[];[];[];[];0;0;0;;;;False;0;0;0;;;;False;ControlType.UNKNOWN;0;[('0x16bf4', <Bool x2 != 0x0>, 'Taken'), ('0x16c0c', <Bool LOAD_32[<BV64 x1>]_29 == 0x1>, 'Taken'), ('0x16d14', <Bool True>, 'Taken')];"{'regs': ['<BV64 x1>', '<BV64 x2>'], 'indirect_regs': [""<BV64 x1>: ['0x0']""], 'direct_regs': ['<BV64 x2>'], 'mem': ['<BV64 x1>'], 'const_mem': []}";[];{'regs': [], 'indirect_regs': [], 'direct_regs': [], 'mem': [], 'const_mem': []};{'regs': ['<BV64 x0>'], 'indirect_regs': [], 'direct_regs': ['<BV64 x0>'], 'mem': [], 'const_mem': []};"{'regs': ['<BV64 x0>', '<BV64 x1>', '<BV64 x2>'], 'indirect_regs': [""<BV64 x1>: ['0x0']""], 'direct_regs': ['<BV64 x0>', '<BV64 x2>'], 'mem': ['<BV64 x1>'], 'const_mem': []}";63.0;0.0;64.0;64.0;[];;;;BaseControlType.CONSTANT_BASE;BaseControlType.CONSTANT_BASE;BaseControlType.CONSTANT_BASE;3;BranchControlType.BRANCH_INDEPENDENT_FROM_SECRET;BranchControlType.BRANCH_INDEPENDENT_FROM_SECRET;90196;True;False;True;True;True;False;False;True;True;False;False;False;True;False;True;False;True;False;True;False;[];['has_valid_base'];True;False;True;True;True;False;False;True;True;False;False;False;True;False;True;False;True;False;True;False;[];['has_valid_base']
ea0e95ae-133d-4164-9743-27dcb4328839;ZSTD_copyCCtx;0x16bc0;0x1605c;0x0;TransmitterType.STORE;98;0;False;['0x16bc0', '0x16bf8', '0x16c5c', '0x15fe4'];<BV64 0x188 + x0>;64;[];[];['<BV64 x0>'];[];['<BV64 x0>'];[];[];0;18446744073709551615;18446744073709551615;1;;;True;0;18446744073709551615;18446744073709551615;1;;;True;ControlType.CONTROLLED;0;<BV64 0x188>;64;[];[];[];[];[];[];[];392.0;392.0;0.0;1.0;;;True;392.0;392.0;0.0;1.0;;;True;ControlType.NO_CONTROL;0;<BV64 0x188>;64;[];[];[];[];[];[];[];392;392;0;1.0;;;True;392.0;392.0;0.0;1.0;;;True;ControlType.NO_CONTROL;0;<BV64 x0>;64;[];[];['<BV64 x0>'];[];['<BV64 x0>'];[];[];0.0;1.8446744073709552e+19;18446744073709551615;1;;;True;0.0;1.8446744073709552e+19;18446744073709551615;1;;;True;ControlType.CONTROLLED;0;<BV64 x0>;64;[];[];['<BV64 x0>'];[];['<BV64 x0>'];[];[];0.0;1.8446744073709552e+19;1.8446744073709552e+19;1.0;;;True;0.0;1.8446744073709552e+19;1.8446744073709552e+19;1.0;;;True;ControlType.CONTROLLED;0;<BV64 x0>;64;[];[];[];[];[];[];[];0;0;0;;;;False;0;0;0;;;;False;ControlType.UNKNOWN;0;[('0x16bf4', <Bool x2 != 0x0>, 'Taken'), ('0x16c0c', <Bool LOAD_32[<BV64 x1>]_29 == 0x1>, 'Taken'), ('0x16d14', <Bool True>, 'Taken')];"{'regs': ['<BV64 x1>', '<BV64 x2>'], 'indirect_regs': [""<BV64 x1>: ['0x0']""], 'direct_regs': ['<BV64 x2>'], 'mem': ['<BV64 x1>'], 'const_mem': []}";[];{'regs': [], 'indirect_regs': [], 'direct_regs': [], 'mem': [], 'const_mem': []};{'regs': ['<BV64 x0>'], 'indirect_regs': [], 'direct_regs': ['<BV64 x0>'], 'mem': [], 'const_mem': []};"{'regs': ['<BV64 x0>', '<BV64 x1>', '<BV64 x2>'], 'indirect_regs': [""<BV64 x1>: ['0x0']""], 'direct_regs': ['<BV64 x0>', '<BV64 x2>'], 'mem': ['<BV64 x1>'], 'const_mem': []}";63.0;0.0;64.0;64.0;[];;;;BaseControlType.CONSTANT_BASE;BaseControlType.CONSTANT_BASE;BaseControlType.CONSTANT_BASE;3;BranchControlType.BRANCH_INDEPENDENT_FROM_SECRET;BranchControlType.BRANCH_INDEPENDENT_FROM_SECRET;90204;True;False;True;True;True;False;False;True;True;False;False;False;True;False;True;False;True;False;True;False;[];['has_valid_base'];True;False;True;True;True;False;False;True;True;False;False;False;True;False;True;False;True;False;True;False;[];['has_valid_base']
3039c1cb-73e4-47b2-a473-b2d72c3e2414;ZSTD_copyCCtx;0x16bc0;0x1605c;0x0;TransmitterType.STORE;98;0;False;['0x16bc0', '0x16bf8', '0x16c5c', '0x15fe4'];<BV64 0x198 + x0>;64;[];[];['<BV64 x0>'];[];['<BV64 x0>'];[];[];0;18446744073709551615;18446744073709551615;1;;;True;0;18446744073709551615;18446744073709551615;1;;;True;ControlType.CONTROLLED;0;<BV64 0x198>;64;[];[];[];[];[];[];[];408.0;408.0;0.0;1.0;;;True;408.0;408.0;0.0;1.0;;;True;ControlType.NO_CONTROL;0;<BV64 0x198>;64;[];[];[];[];[];[];[];408;408;0;1.0;;;True;408.0;408.0;0.0;1.0;;;True;ControlType.NO_CONTROL;0;<BV64 x0>;64;[];[];['<BV64 x0>'];[];['<BV64 x0>'];[];[];0.0;1.8446744073709552e+19;18446744073709551615;1;;;True;0.0;1.8446744073709552e+19;18446744073709551615;1;;;True;ControlType.CONTROLLED;0;<BV64 x0>;64;[];[];['<BV64 x0>'];[];['<BV64 x0>'];[];[];0.0;1.8446744073709552e+19;1.8446744073709552e+19;1.0;;;True;0.0;1.8446744073709552e+19;1.8446744073709552e+19;1.0;;;True;ControlType.CONTROLLED;0;<BV64 x0>;64;[];[];[];[];[];[];[];0;0;0;;;;False;0;0;0;;;;False;ControlType.UNKNOWN;0;[('0x16bf4', <Bool x2 != 0x0>, 'Taken'), ('0x16c0c', <Bool LOAD_32[<BV64 x1>]_29 == 0x1>, 'Taken'), ('0x16d14', <Bool True>, 'Taken')];"{'regs': ['<BV64 x1>', '<BV64 x2>'], 'indirect_regs': [""<BV64 x1>: ['0x0']""], 'direct_regs': ['<BV64 x2>'], 'mem': ['<BV64 x1>'], 'const_mem': []}";[];{'regs': [], 'indirect_regs': [], 'direct_regs': [], 'mem': [], 'const_mem': []};{'regs': ['<BV64 x0>'], 'indirect_regs': [], 'direct_regs': ['<BV64 x0>'], 'mem': [], 'const_mem': []};"{'regs': ['<BV64 x0>', '<BV64 x1>', '<BV64 x2>'], 'indirect_regs': [""<BV64 x1>: ['0x0']""], 'direct_regs': ['<BV64 x0>', '<BV64 x2>'], 'mem': ['<BV64 x1>'], 'const_mem': []}";63.0;0.0;64.0;64.0;[];;;;BaseControlType.CONSTANT_BASE;BaseControlType.CONSTANT_BASE;BaseControlType.CONSTANT_BASE;3;BranchControlType.BRANCH_INDEPENDENT_FROM_SECRET;BranchControlType.BRANCH_INDEPENDENT_FROM_SECRET;90204;True;False;True;True;True;False;False;True;True;False;False;False;True;False;True;False;True;False;True;False;[];['has_valid_base'];True;False;True;True;True;False;False;True;True;False;False;False;True;False;True;False;True;False;True;False;[];['has_valid_base']
52d7f9a9-2ab2-45ec-bdd9-9848b0d79581;ZSTD_copyCCtx;0x16bc0;0x16064;0x0;TransmitterType.STORE;100;0;False;['0x16bc0', '0x16bf8', '0x16c5c', '0x15fe4'];<BV64 0x1a8 + x0>;64;[];[];['<BV64 x0>'];[];['<BV64 x0>'];[];[];0;18446744073709551615;18446744073709551615;1;;;True;0;18446744073709551615;18446744073709551615;1;;;True;ControlType.CONTROLLED;0;<BV64 0x1a8>;64;[];[];[];[];[];[];[];424.0;424.0;0.0;1.0;;;True;424.0;424.0;0.0;1.0;;;True;ControlType.NO_CONTROL;0;<BV64 0x1a8>;64;[];[];[];[];[];[];[];424;424;0;1.0;;;True;424.0;424.0;0.0;1.0;;;True;ControlType.NO_CONTROL;0;<BV64 x0>;64;[];[];['<BV64 x0>'];[];['<BV64 x0>'];[];[];0.0;1.8446744073709552e+19;18446744073709551615;1;;;True;0.0;1.8446744073709552e+19;18446744073709551615;1;;;True;ControlType.CONTROLLED;0;<BV64 x0>;64;[];[];['<BV64 x0>'];[];['<BV64 x0>'];[];[];0.0;1.8446744073709552e+19;1.8446744073709552e+19;1.0;;;True;0.0;1.8446744073709552e+19;1.8446744073709552e+19;1.0;;;True;ControlType.CONTROLLED;0;<BV64 x0>;64;[];[];[];[];[];[];[];0;0;0;;;;False;0;0;0;;;;False;ControlType.UNKNOWN;0;[('0x16bf4', <Bool x2 != 0x0>, 'Taken'), ('0x16c0c', <Bool LOAD_32[<BV64 x1>]_29 == 0x1>, 'Taken'), ('0x16d14', <Bool True>, 'Taken')];"{'regs': ['<BV64 x1>', '<BV64 x2>'], 'indirect_regs': [""<BV64 x1>: ['0x0']""], 'direct_regs': ['<BV64 x2>'], 'mem': ['<BV64 x1>'], 'const_mem': []}";[];{'regs': [], 'indirect_regs': [], 'direct_regs': [], 'mem': [], 'const_mem': []};{'regs': ['<BV64 x0>'], 'indirect_regs': [], 'direct_regs': ['<BV64 x0>'], 'mem': [], 'const_mem': []};"{'regs': ['<BV64 x0>', '<BV64 x1>', '<BV64 x2>'], 'indirect_regs': [""<BV64 x1>: ['0x0']""], 'direct_regs': ['<BV64 x0>', '<BV64 x2>'], 'mem': ['<BV64 x1>'], 'const_mem': []}";63.0;0.0;64.0;64.0;[];;;;BaseControlType.CONSTANT_BASE;BaseControlType.CONSTANT_BASE;BaseControlType.CONSTANT_BASE;3;BranchControlType.BRANCH_INDEPENDENT_FROM_SECRET;BranchControlType.BRANCH_INDEPENDENT_FROM_SECRET;90212;True;False;True;True;True;False;False;True;True;False;False;False;True;False;True;False;True;False;True;False;[];['has_valid_base'];True;False;True;True;True;False;False;True;True;False;False;False;True;False;True;False;True;False;True;False;[];['has_valid_base']
9aa83167-9918-4ba2-8aca-b9a08354661a;ZSTD_copyCCtx;0x16bc0;0x1606c;0x0;TransmitterType.STORE;102;0;False;['0x16bc0', '0x16bf8', '0x16c5c', '0x15fe4'];<BV64 0x1b8 + x0>;64;[];[];['<BV64 x0>'];[];['<BV64 x0>'];[];[];0;18446744073709551615;18446744073709551615;1;;;True;0;18446744073709551615;18446744073709551615;1;;;True;ControlType.CONTROLLED;0;<BV64 0x1b8>;64;[];[];[];[];[];[];[];440.0;440.0;0.0;1.0;;;True;440.0;440.0;0.0;1.0;;;True;ControlType.NO_CONTROL;0;<BV64 0x1b8>;64;[];[];[];[];[];[];[];440;440;0;1.0;;;True;440.0;440.0;0.0;1.0;;;True;ControlType.NO_CONTROL;0;<BV64 x0>;64;[];[];['<BV64 x0>'];[];['<BV64 x0>'];[];[];0.0;1.8446744073709552e+19;18446744073709551615;1;;;True;0.0;1.8446744073709552e+19;18446744073709551615;1;;;True;ControlType.CONTROLLED;0;<BV64 x0>;64;[];[];['<BV64 x0>'];[];['<BV64 x0>'];[];[];0.0;1.8446744073709552e+19;1.8446744073709552e+19;1.0;;;True;0.0;1.8446744073709552e+19;1.8446744073709552e+19;1.0;;;True;ControlType.CONTROLLED;0;<BV64 x0>;64;[];[];[];[];[];[];[];0;0;0;;;;False;0;0;0;;;;False;ControlType.UNKNOWN;0;[('0x16bf4', <Bool x2 != 0x0>, 'Taken'), ('0x16c0c', <Bool LOAD_32[<BV64 x1>]_29 == 0x1>, 'Taken'), ('0x16d14', <Bool True>, 'Taken')];"{'regs': ['<BV64 x1>', '<BV64 x2>'], 'indirect_regs': [""<BV64 x1>: ['0x0']""], 'direct_regs': ['<BV64 x2>'], 'mem': ['<BV64 x1>'], 'const_mem': []}";[];{'regs': [], 'indirect_regs': [], 'direct_regs': [], 'mem': [], 'const_mem': []};{'regs': ['<BV64 x0>'], 'indirect_regs': [], 'direct_regs': ['<BV64 x0>'], 'mem': [], 'const_mem': []};"{'regs': ['<BV64 x0>', '<BV64 x1>', '<BV64 x2>'], 'indirect_regs': [""<BV64 x1>: ['0x0']""], 'direct_regs': ['<BV64 x0>', '<BV64 x2>'], 'mem': ['<BV64 x1>'], 'const_mem': []}";63.0;0.0;64.0;64.0;[];;;;BaseControlType.CONSTANT_BASE;BaseControlType.CONSTANT_BASE;BaseControlType.CONSTANT_BASE;3;BranchControlType.BRANCH_INDEPENDENT_FROM_SECRET;BranchControlType.BRANCH_INDEPENDENT_FROM_SECRET;90220;True;False;True;True;True;False;False;True;True;False;False;False;True;False;True;False;True;False;True;False;[];['has_valid_base'];True;False;True;True;True;False;False;True;True;False;False;False;True;False;True;False;True;False;True;False;[];['has_valid_base']
8e5086f5-c4f0-4c5d-af34-44402addb2fe;ZSTD_copyCCtx;0x16bc0;0x16078;0x0;TransmitterType.LOAD;105;0;False;['0x16bc0', '0x16bf8', '0x16c5c', '0x15fe4', '0x16078'];<BV64 0xec + x0>;64;[];[];['<BV64 x0>'];[];['<BV64 x0>'];[];[];0;18446744073709551615;18446744073709551615;1;;;True;0;18446744073709551615;18446744073709551615;1;;;True;ControlType.CONTROLLED;0;<BV64 0xec>;64;[];[];[];[];[];[];[];236.0;236.0;0.0;1.0;;;True;236.0;236.0;0.0;1.0;;;True;ControlType.NO_CONTROL;0;<BV64 0xec>;64;[];[];[];[];[];[];[];236;236;0;1.0;;;True;236.0;236.0;0.0;1.0;;;True;ControlType.NO_CONTROL;0;<BV64 x0>;64;[];[];['<BV64 x0>'];[];['<BV64 x0>'];[];[];0.0;1.8446744073709552e+19;18446744073709551615;1;;;True;0.0;1.8446744073709552e+19;18446744073709551615;1;;;True;ControlType.CONTROLLED;0;<BV64 x0>;64;[];[];['<BV64 x0>'];[];['<BV64 x0>'];[];[];0.0;1.8446744073709552e+19;1.8446744073709552e+19;1.0;;;True;0.0;1.8446744073709552e+19;1.8446744073709552e+19;1.0;;;True;ControlType.CONTROLLED;0;<BV64 x0>;64;[];[];[];[];[];[];[];0;0;0;;;;False;0;0;0;;;;False;ControlType.UNKNOWN;0;[('0x16074', <Bool LOAD_64[<BV64 x1 + 0x148>]_77[31:0] != 0x1>, 'Taken'), ('0x16bf4', <Bool x2 != 0x0>, 'Taken'), ('0x16c0c', <Bool LOAD_32[<BV64 x1>]_29 == 0x1>, 'Taken'), ('0x16d14', <Bool True>, 'Taken')];"{'regs': ['<BV64 x1>', '<BV64 x2>'], 'indirect_regs': [""<BV64 x1>: ['0x0', '0x148']""], 'direct_regs': ['<BV64 x2>'], 'mem': ['<BV64 x1 + 0x148>', '<BV64 x1>'], 'const_mem': []}";[];{'regs': [], 'indirect_regs': [], 'direct_regs': [], 'mem': [], 'const_mem': []};{'regs': ['<BV64 x0>'], 'indirect_regs': [], 'direct_regs': ['<BV64 x0>'], 'mem': [], 'const_mem': []};"{'regs': ['<BV64 x0>', '<BV64 x1>', '<BV64 x2>'], 'indirect_regs': [""<BV64 x1>: ['0x0', '0x148']""], 'direct_regs': ['<BV64 x0>', '<BV64 x2>'], 'mem': ['<BV64 x1 + 0x148>', '<BV64 x1>'], 'const_mem': []}";63.0;0.0;64.0;64.0;[];;;;BaseControlType.CONSTANT_BASE;BaseControlType.CONSTANT_BASE;BaseControlType.CONSTANT_BASE;4;BranchControlType.BRANCH_INDEPENDENT_FROM_SECRET;BranchControlType.BRANCH_INDEPENDENT_FROM_SECRET;90232;True;False;True;True;True;False;False;True;True;False;False;False;True;False;True;False;True;False;True;False;[];['has_valid_base'];True;False;True;True;True;False;False;True;True;False;False;False;True;False;True;False;True;False;True;False;[];['has_valid_base']
3c2de981-b01e-4cc9-961a-032b95d84c93;ZSTD_copyCCtx;0x16bc0;0x16080;0x0;TransmitterType.LOAD;107;0;False;['0x16bc0', '0x16bf8', '0x16c5c', '0x15fe4', '0x16078'];<BV64 0x1a8 + x0>;64;[];[];['<BV64 x0>'];[];['<BV64 x0>'];[];[];0;18446744073709551615;18446744073709551615;1;;;True;0;18446744073709551615;18446744073709551615;1;;;True;ControlType.CONTROLLED;0;<BV64 0x1a8>;64;[];[];[];[];[];[];[];424.0;424.0;0.0;1.0;;;True;424.0;424.0;0.0;1.0;;;True;ControlType.NO_CONTROL;0;<BV64 0x1a8>;64;[];[];[];[];[];[];[];424;424;0;1.0;;;True;424.0;424.0;0.0;1.0;;;True;ControlType.NO_CONTROL;0;<BV64 x0>;64;[];[];['<BV64 x0>'];[];['<BV64 x0>'];[];[];0.0;1.8446744073709552e+19;18446744073709551615;1;;;True;0.0;1.8446744073709552e+19;18446744073709551615;1;;;True;ControlType.CONTROLLED;0;<BV64 x0>;64;[];[];['<BV64 x0>'];[];['<BV64 x0>'];[];[];0.0;1.8446744073709552e+19;1.8446744073709552e+19;1.0;;;True;0.0;1.8446744073709552e+19;1.8446744073709552e+19;1.0;;;True;ControlType.CONTROLLED;0;<BV64 x0>;64;[];[];[];[];[];[];[];0;0;0;;;;False;0;0;0;;;;False;ControlType.UNKNOWN;0;[('0x16074', <Bool LOAD_64[<BV64 x1 + 0x148>]_77[31:0] != 0x1>, 'Taken'), ('0x16bf4', <Bool x2 != 0x0>, 'Taken'), ('0x16c0c', <Bool LOAD_32[<BV64 x1>]_29 == 0x1>, 'Taken'), ('0x16d14', <Bool True>, 'Taken')];"{'regs': ['<BV64 x1>', '<BV64 x2>'], 'indirect_regs': [""<BV64 x1>: ['0x0', '0x148']""], 'direct_regs': ['<BV64 x2>'], 'mem': ['<BV64 x1 + 0x148>', '<BV64 x1>'], 'const_mem': []}";[];{'regs': [], 'indirect_regs': [], 'direct_regs': [], 'mem': [], 'const_mem': []};{'regs': ['<BV64 x0>'], 'indirect_regs': [], 'direct_regs': ['<BV64 x0>'], 'mem': [], 'const_mem': []};"{'regs': ['<BV64 x0>', '<BV64 x1>', '<BV64 x2>'], 'indirect_regs': [""<BV64 x1>: ['0x0', '0x148']""], 'direct_regs': ['<BV64 x0>', '<BV64 x2>'], 'mem': ['<BV64 x1 + 0x148>', '<BV64 x1>'], 'const_mem': []}";63.0;0.0;64.0;64.0;[];;;;BaseControlType.CONSTANT_BASE;BaseControlType.CONSTANT_BASE;BaseControlType.CONSTANT_BASE;4;BranchControlType.BRANCH_INDEPENDENT_FROM_SECRET;BranchControlType.BRANCH_INDEPENDENT_FROM_SECRET;90240;True;False;True;True;True;False;False;True;True;False;False;False;True;False;True;False;True;False;True;False;[];['has_valid_base'];True;False;True;True;True;False;False;True;True;False;False;False;True;False;True;False;True;False;True;False;[];['has_valid_base']
9dc4094f-7c2e-4a30-b7b2-3c3dc6a64b1f;ZSTD_copyCCtx;0x16bc0;0x16080;0x0;TransmitterType.LOAD;107;0;False;['0x16bc0', '0x16bf8', '0x16c5c', '0x15fe4', '0x16078'];<BV64 0x1b0 + x0>;64;[];[];['<BV64 x0>'];[];['<BV64 x0>'];[];[];0;18446744073709551615;18446744073709551615;1;;;True;0;18446744073709551615;18446744073709551615;1;;;True;ControlType.CONTROLLED;0;<BV64 0x1b0>;64;[];[];[];[];[];[];[];432.0;432.0;0.0;1.0;;;True;432.0;432.0;0.0;1.0;;;True;ControlType.NO_CONTROL;0;<BV64 0x1b0>;64;[];[];[];[];[];[];[];432;432;0;1.0;;;True;432.0;432.0;0.0;1.0;;;True;ControlType.NO_CONTROL;0;<BV64 x0>;64;[];[];['<BV64 x0>'];[];['<BV64 x0>'];[];[];0.0;1.8446744073709552e+19;18446744073709551615;1;;;True;0.0;1.8446744073709552e+19;18446744073709551615;1;;;True;ControlType.CONTROLLED;0;<BV64 x0>;64;[];[];['<BV64 x0>'];[];['<BV64 x0>'];[];[];0.0;1.8446744073709552e+19;1.8446744073709552e+19;1.0;;;True;0.0;1.8446744073709552e+19;1.8446744073709552e+19;1.0;;;True;ControlType.CONTROLLED;0;<BV64 x0>;64;[];[];[];[];[];[];[];0;0;0;;;;False;0;0;0;;;;False;ControlType.UNKNOWN;0;[('0x16074', <Bool LOAD_64[<BV64 x1 + 0x148>]_77[31:0] != 0x1>, 'Taken'), ('0x16bf4', <Bool x2 != 0x0>, 'Taken'), ('0x16c0c', <Bool LOAD_32[<BV64 x1>]_29 == 0x1>, 'Taken'), ('0x16d14', <Bool True>, 'Taken')];"{'regs': ['<BV64 x1>', '<BV64 x2>'], 'indirect_regs': [""<BV64 x1>: ['0x0', '0x148']""], 'direct_regs': ['<BV64 x2>'], 'mem': ['<BV64 x1 + 0x148>', '<BV64 x1>'], 'const_mem': []}";[];{'regs': [], 'indirect_regs': [], 'direct_regs': [], 'mem': [], 'const_mem': []};{'regs': ['<BV64 x0>'], 'indirect_regs': [], 'direct_regs': ['<BV64 x0>'], 'mem': [], 'const_mem': []};"{'regs': ['<BV64 x0>', '<BV64 x1>', '<BV64 x2>'], 'indirect_regs': [""<BV64 x1>: ['0x0', '0x148']""], 'direct_regs': ['<BV64 x0>', '<BV64 x2>'], 'mem': ['<BV64 x1 + 0x148>', '<BV64 x1>'], 'const_mem': []}";63.0;0.0;64.0;64.0;[];;;;BaseControlType.CONSTANT_BASE;BaseControlType.CONSTANT_BASE;BaseControlType.CONSTANT_BASE;4;BranchControlType.BRANCH_INDEPENDENT_FROM_SECRET;BranchControlType.BRANCH_INDEPENDENT_FROM_SECRET;90240;True;False;True;True;True;False;False;True;True;False;False;False;True;False;True;False;True;False;True;False;[];['has_valid_base'];True;False;True;True;True;False;False;True;True;False;False;False;True;False;True;False;True;False;True;False;[];['has_valid_base']
3934c129-165e-4c1b-8f06-2554712342b7;ZSTD_copyCCtx;0x16bc0;0x16090;0x0;TransmitterType.LOAD;111;0;False;['0x16bc0', '0x16bf8', '0x16c5c', '0x15fe4', '0x16078'];<BV64 0xfc + x0>;64;[];[];['<BV64 x0>'];[];['<BV64 x0>'];[];[];0;18446744073709551615;18446744073709551615;1;;;True;0;18446744073709551615;18446744073709551615;1;;;True;ControlType.CONTROLLED;0;<BV64 0xfc>;64;[];[];[];[];[];[];[];252.0;252.0;0.0;1.0;;;True;252.0;252.0;0.0;1.0;;;True;ControlType.NO_CONTROL;0;<BV64 0xfc>;64;[];[];[];[];[];[];[];252;252;0;1.0;;;True;252.0;252.0;0.0;1.0;;;True;ControlType.NO_CONTROL;0;<BV64 x0>;64;[];[];['<BV64 x0>'];[];['<BV64 x0>'];[];[];0.0;1.8446744073709552e+19;18446744073709551615;1;;;True;0.0;1.8446744073709552e+19;18446744073709551615;1;;;True;ControlType.CONTROLLED;0;<BV64 x0>;64;[];[];['<BV64 x0>'];[];['<BV64 x0>'];[];[];0.0;1.8446744073709552e+19;1.8446744073709552e+19;1.0;;;True;0.0;1.8446744073709552e+19;1.8446744073709552e+19;1.0;;;True;ControlType.CONTROLLED;0;<BV64 x0>;64;[];[];[];[];[];[];[];0;0;0;;;;False;0;0;0;;;;False;ControlType.UNKNOWN;0;[('0x16074', <Bool LOAD_64[<BV64 x1 + 0x148>]_77[31:0] != 0x1>, 'Taken'), ('0x16bf4', <Bool x2 != 0x0>, 'Taken'), ('0x16c0c', <Bool LOAD_32[<BV64 x1>]_29 == 0x1>, 'Taken'), ('0x16d14', <Bool True>, 'Taken')];"{'regs': ['<BV64 x1>', '<BV64 x2>'], 'indirect_regs': [""<BV64 x1>: ['0x0', '0x148']""], 'direct_regs': ['<BV64 x2>'], 'mem': ['<BV64 x1 + 0x148>', '<BV64 x1>'], 'const_mem': []}";[];{'regs': [], 'indirect_regs': [], 'direct_regs': [], 'mem': [], 'const_mem': []};{'regs': ['<BV64 x0>'], 'indirect_regs': [], 'direct_regs': ['<BV64 x0>'], 'mem': [], 'const_mem': []};"{'regs': ['<BV64 x0>', '<BV64 x1>', '<BV64 x2>'], 'indirect_regs': [""<BV64 x1>: ['0x0', '0x148']""], 'direct_regs': ['<BV64 x0>', '<BV64 x2>'], 'mem': ['<BV64 x1 + 0x148>', '<BV64 x1>'], 'const_mem': []}";63.0;0.0;64.0;64.0;[];;;;BaseControlType.CONSTANT_BASE;BaseControlType.CONSTANT_BASE;BaseControlType.CONSTANT_BASE;4;BranchControlType.BRANCH_INDEPENDENT_FROM_SECRET;BranchControlType.BRANCH_INDEPENDENT_FROM_SECRET;90256;True;False;True;True;True;False;False;True;True;False;False;False;True;False;True;False;True;False;True;False;[];['has_valid_base'];True;False;True;True;True;False;False;True;True;False;False;False;True;False;True;False;True;False;True;False;[];['has_valid_base']
9c6b09cc-c5b6-4553-8922-a3d5c9271cb1;ZSTD_copyCCtx;0x16bc0;0x16678;0x0;TransmitterType.LOAD;105;0;False;['0x16bc0', '0x16bf8', '0x16c5c', '0x15fe4', '0x16678'];<BV64 0xec + x0>;64;[];[];['<BV64 x0>'];[];['<BV64 x0>'];[];[];0;18446744073709551615;18446744073709551615;1;;;True;0;18446744073709551615;18446744073709551615;1;;;True;ControlType.CONTROLLED;0;<BV64 0xec>;64;[];[];[];[];[];[];[];236.0;236.0;0.0;1.0;;;True;236.0;236.0;0.0;1.0;;;True;ControlType.NO_CONTROL;0;<BV64 0xec>;64;[];[];[];[];[];[];[];236;236;0;1.0;;;True;236.0;236.0;0.0;1.0;;;True;ControlType.NO_CONTROL;0;<BV64 x0>;64;[];[];['<BV64 x0>'];[];['<BV64 x0>'];[];[];0.0;1.8446744073709552e+19;18446744073709551615;1;;;True;0.0;1.8446744073709552e+19;18446744073709551615;1;;;True;ControlType.CONTROLLED;0;<BV64 x0>;64;[];[];['<BV64 x0>'];[];['<BV64 x0>'];[];[];0.0;1.8446744073709552e+19;1.8446744073709552e+19;1.0;;;True;0.0;1.8446744073709552e+19;1.8446744073709552e+19;1.0;;;True;ControlType.CONTROLLED;0;<BV64 x0>;64;[];[];[];[];[];[];[];0;0;0;;;;False;0;0;0;;;;False;ControlType.UNKNOWN;0;[('0x16074', <Bool LOAD_64[<BV64 x1 + 0x148>]_77[31:0] == 0x1>, 'Taken'), ('0x16bf4', <Bool x2 != 0x0>, 'Taken'), ('0x16c0c', <Bool LOAD_32[<BV64 x1>]_29 == 0x1>, 'Taken'), ('0x16d14', <Bool True>, 'Taken')];"{'regs': ['<BV64 x1>', '<BV64 x2>'], 'indirect_regs': [""<BV64 x1>: ['0x0', '0x148']""], 'direct_regs': ['<BV64 x2>'], 'mem': ['<BV64 x1 + 0x148>', '<BV64 x1>'], 'const_mem': []}";[];{'regs': [], 'indirect_regs': [], 'direct_regs': [], 'mem': [], 'const_mem': []};{'regs': ['<BV64 x0>'], 'indirect_regs': [], 'direct_regs': ['<BV64 x0>'], 'mem': [], 'const_mem': []};"{'regs': ['<BV64 x0>', '<BV64 x1>', '<BV64 x2>'], 'indirect_regs': [""<BV64 x1>: ['0x0', '0x148']""], 'direct_regs': ['<BV64 x0>', '<BV64 x2>'], 'mem': ['<BV64 x1 + 0x148>', '<BV64 x1>'], 'const_mem': []}";63.0;0.0;64.0;64.0;[];;;;BaseControlType.CONSTANT_BASE;BaseControlType.CONSTANT_BASE;BaseControlType.CONSTANT_BASE;4;BranchControlType.BRANCH_INDEPENDENT_FROM_SECRET;BranchControlType.BRANCH_INDEPENDENT_FROM_SECRET;91768;True;False;True;True;True;False;False;True;True;False;False;False;True;False;True;False;True;False;True;False;[];['has_valid_base'];True;False;True;True;True;False;False;True;True;False;False;False;True;False;True;False;True;False;True;False;[];['has_valid_base']
f82305eb-df7c-4d7f-bf49-3408874a2b05;ZSTD_copyCCtx;0x16bc0;0x16c78;0x0;TransmitterType.STORE;28;0;False;['0x16bc0', '0x16c44', '0x16c5c'];<BV64 0x368 + x0>;64;[];[];['<BV64 x0>'];[];['<BV64 x0>'];[];[];0;18446744073709551615;18446744073709551615;1;;;True;0;18446744073709551615;18446744073709551615;1;;;True;ControlType.CONTROLLED;0;<BV64 0x368>;64;[];[];[];[];[];[];[];872.0;872.0;0.0;1.0;;;True;872.0;872.0;0.0;1.0;;;True;ControlType.NO_CONTROL;0;<BV64 0x368>;64;[];[];[];[];[];[];[];872;872;0;1.0;;;True;872.0;872.0;0.0;1.0;;;True;ControlType.NO_CONTROL;0;<BV64 x0>;64;[];[];['<BV64 x0>'];[];['<BV64 x0>'];[];[];0.0;1.8446744073709552e+19;18446744073709551615;1;;;True;0.0;1.8446744073709552e+19;18446744073709551615;1;;;True;ControlType.CONTROLLED;0;<BV64 x0>;64;[];[];['<BV64 x0>'];[];['<BV64 x0>'];[];[];0.0;1.8446744073709552e+19;1.8446744073709552e+19;1.0;;;True;0.0;1.8446744073709552e+19;1.8446744073709552e+19;1.0;;;True;ControlType.CONTROLLED;0;<BV64 x0>;64;[];[];[];[];[];[];[];0;0;0;;;;False;0;0;0;;;;False;ControlType.UNKNOWN;0;[('0x16bf4', <Bool x2 == 0x0>, 'Taken'), ('0x16c58', <Bool LOAD_32[<BV64 x1>]_144 == 0x1>, 'Taken')];"{'regs': ['<BV64 x1>', '<BV64 x2>'], 'indirect_regs': [""<BV64 x1>: ['0x0']""], 'direct_regs': ['<BV64 x2>'], 'mem': ['<BV64 x1>'], 'const_mem': []}";[];{'regs': [], 'indirect_regs': [], 'direct_regs': [], 'mem': [], 'const_mem': []};{'regs': ['<BV64 x0>'], 'indirect_regs': [], 'direct_regs': ['<BV64 x0>'], 'mem': [], 'const_mem': []};"{'regs': ['<BV64 x0>', '<BV64 x1>', '<BV64 x2>'], 'indirect_regs': [""<BV64 x1>: ['0x0']""], 'direct_regs': ['<BV64 x0>', '<BV64 x2>'], 'mem': ['<BV64 x1>'], 'const_mem': []}";63.0;0.0;64.0;64.0;[];;;;BaseControlType.CONSTANT_BASE;BaseControlType.CONSTANT_BASE;BaseControlType.CONSTANT_BASE;2;BranchControlType.BRANCH_INDEPENDENT_FROM_SECRET;BranchControlType.BRANCH_INDEPENDENT_FROM_SECRET;93304;True;False;True;True;True;False;False;True;True;False;False;False;True;False;True;False;True;False;True;False;[];['has_valid_base'];True;False;True;True;True;False;False;True;True;False;False;False;True;False;True;False;True;False;True;False;[];['has_valid_base']
12d13511-fa33-491d-87ba-d79d66869b06;ZSTD_copyCCtx;0x16bc0;0x16c78;0x0;TransmitterType.STORE;28;0;False;['0x16bc0', '0x16c44', '0x16c5c'];<BV64 0x370 + x0>;64;[];[];['<BV64 x0>'];[];['<BV64 x0>'];[];[];0;18446744073709551615;18446744073709551615;1;;;True;0;18446744073709551615;18446744073709551615;1;;;True;ControlType.CONTROLLED;0;<BV64 0x370>;64;[];[];[];[];[];[];[];880.0;880.0;0.0;1.0;;;True;880.0;880.0;0.0;1.0;;;True;ControlType.NO_CONTROL;0;<BV64 0x370>;64;[];[];[];[];[];[];[];880;880;0;1.0;;;True;880.0;880.0;0.0;1.0;;;True;ControlType.NO_CONTROL;0;<BV64 x0>;64;[];[];['<BV64 x0>'];[];['<BV64 x0>'];[];[];0.0;1.8446744073709552e+19;18446744073709551615;1;;;True;0.0;1.8446744073709552e+19;18446744073709551615;1;;;True;ControlType.CONTROLLED;0;<BV64 x0>;64;[];[];['<BV64 x0>'];[];['<BV64 x0>'];[];[];0.0;1.8446744073709552e+19;1.8446744073709552e+19;1.0;;;True;0.0;1.8446744073709552e+19;1.8446744073709552e+19;1.0;;;True;ControlType.CONTROLLED;0;<BV64 x0>;64;[];[];[];[];[];[];[];0;0;0;;;;False;0;0;0;;;;False;ControlType.UNKNOWN;0;[('0x16bf4', <Bool x2 == 0x0>, 'Taken'), ('0x16c58', <Bool LOAD_32[<BV64 x1>]_144 == 0x1>, 'Taken')];"{'regs': ['<BV64 x1>', '<BV64 x2>'], 'indirect_regs': [""<BV64 x1>: ['0x0']""], 'direct_regs': ['<BV64 x2>'], 'mem': ['<BV64 x1>'], 'const_mem': []}";[];{'regs': [], 'indirect_regs': [], 'direct_regs': [], 'mem': [], 'const_mem': []};{'regs': ['<BV64 x0>'], 'indirect_regs': [], 'direct_regs': ['<BV64 x0>'], 'mem': [], 'const_mem': []};"{'regs': ['<BV64 x0>', '<BV64 x1>', '<BV64 x2>'], 'indirect_regs': [""<BV64 x1>: ['0x0']""], 'direct_regs': ['<BV64 x0>', '<BV64 x2>'], 'mem': ['<BV64 x1>'], 'const_mem': []}";63.0;0.0;64.0;64.0;[];;;;BaseControlType.CONSTANT_BASE;BaseControlType.CONSTANT_BASE;BaseControlType.CONSTANT_BASE;2;BranchControlType.BRANCH_INDEPENDENT_FROM_SECRET;BranchControlType.BRANCH_INDEPENDENT_FROM_SECRET;93304;True;False;True;True;True;False;False;True;True;False;False;False;True;False;True;False;True;False;True;False;[];['has_valid_base'];True;False;True;True;True;False;False;True;True;False;False;False;True;False;True;False;True;False;True;False;[];['has_valid_base']
efb2c623-1445-44bc-9d75-79452b7d0056;ZSTD_copyCCtx;0x16bc0;0x16c84;0x0;TransmitterType.STORE;31;0;False;['0x16bc0', '0x16c44', '0x16c5c'];<BV64 0x378 + x0>;64;[];[];['<BV64 x0>'];[];['<BV64 x0>'];[];[];0;18446744073709551615;18446744073709551615;1;;;True;0;18446744073709551615;18446744073709551615;1;;;True;ControlType.CONTROLLED;0;<BV64 0x378>;64;[];[];[];[];[];[];[];888.0;888.0;0.0;1.0;;;True;888.0;888.0;0.0;1.0;;;True;ControlType.NO_CONTROL;0;<BV64 0x378>;64;[];[];[];[];[];[];[];888;888;0;1.0;;;True;888.0;888.0;0.0;1.0;;;True;ControlType.NO_CONTROL;0;<BV64 x0>;64;[];[];['<BV64 x0>'];[];['<BV64 x0>'];[];[];0.0;1.8446744073709552e+19;18446744073709551615;1;;;True;0.0;1.8446744073709552e+19;18446744073709551615;1;;;True;ControlType.CONTROLLED;0;<BV64 x0>;64;[];[];['<BV64 x0>'];[];['<BV64 x0>'];[];[];0.0;1.8446744073709552e+19;1.8446744073709552e+19;1.0;;;True;0.0;1.8446744073709552e+19;1.8446744073709552e+19;1.0;;;True;ControlType.CONTROLLED;0;<BV64 x0>;64;[];[];[];[];[];[];[];0;0;0;;;;False;0;0;0;;;;False;ControlType.UNKNOWN;0;[('0x16bf4', <Bool x2 == 0x0>, 'Taken'), ('0x16c58', <Bool LOAD_32[<BV64 x1>]_144 == 0x1>, 'Taken')];"{'regs': ['<BV64 x1>', '<BV64 x2>'], 'indirect_regs': [""<BV64 x1>: ['0x0']""], 'direct_regs': ['<BV64 x2>'], 'mem': ['<BV64 x1>'], 'const_mem': []}";[];{'regs': [], 'indirect_regs': [], 'direct_regs': [], 'mem': [], 'const_mem': []};{'regs': ['<BV64 x0>'], 'indirect_regs': [], 'direct_regs': ['<BV64 x0>'], 'mem': [], 'const_mem': []};"{'regs': ['<BV64 x0>', '<BV64 x1>', '<BV64 x2>'], 'indirect_regs': [""<BV64 x1>: ['0x0']""], 'direct_regs': ['<BV64 x0>', '<BV64 x2>'], 'mem': ['<BV64 x1>'], 'const_mem': []}";63.0;0.0;64.0;64.0;[];;;;BaseControlType.CONSTANT_BASE;BaseControlType.CONSTANT_BASE;BaseControlType.CONSTANT_BASE;2;BranchControlType.BRANCH_INDEPENDENT_FROM_SECRET;BranchControlType.BRANCH_INDEPENDENT_FROM_SECRET;93316;True;False;True;True;True;False;False;True;True;False;False;False;True;False;True;False;True;False;True;False;[];['has_valid_base'];True;False;True;True;True;False;False;True;True;False;False;False;True;False;True;False;True;False;True;False;[];['has_valid_base']
fd4a6481-7814-4f2d-a5aa-2cf77e726f5f;ZSTD_copyCCtx;0x16bc0;0x16c90;0x0;TransmitterType.LOAD;34;0;False;['0x16bc0', '0x16c44', '0x16c5c'];<BV64 0x10 + x0>;64;[];[];['<BV64 x0>'];[];['<BV64 x0>'];[];[];0;18446744073709551615;18446744073709551615;1;;;True;0;18446744073709551615;18446744073709551615;1;;;True;ControlType.CONTROLLED;0;<BV64 0x10>;64;[];[];[];[];[];[];[];16.0;16.0;0.0;1.0;;;True;16.0;16.0;0.0;1.0;;;True;ControlType.NO_CONTROL;0;<BV64 0x10>;64;[];[];[];[];[];[];[];16;16;0;1.0;;;True;16.0;16.0;0.0;1.0;;;True;ControlType.NO_CONTROL;0;<BV64 x0>;64;[];[];['<BV64 x0>'];[];['<BV64 x0>'];[];[];0.0;1.8446744073709552e+19;18446744073709551615;1;;;True;0.0;1.8446744073709552e+19;18446744073709551615;1;;;True;ControlType.CONTROLLED;0;<BV64 x0>;64;[];[];['<BV64 x0>'];[];['<BV64 x0>'];[];[];0.0;1.8446744073709552e+19;1.8446744073709552e+19;1.0;;;True;0.0;1.8446744073709552e+19;1.8446744073709552e+19;1.0;;;True;ControlType.CONTROLLED;0;<BV64 x0>;64;[];[];[];[];[];[];[];0;0;0;;;;False;0;0;0;;;;False;ControlType.UNKNOWN;0;[('0x16bf4', <Bool x2 == 0x0>, 'Taken'), ('0x16c58', <Bool LOAD_32[<BV64 x1>]_144 == 0x1>, 'Taken')];"{'regs': ['<BV64 x1>', '<BV64 x2>'], 'indirect_regs': [""<BV64 x1>: ['0x0']""], 'direct_regs': ['<BV64 x2>'], 'mem': ['<BV64 x1>'], 'const_mem': []}";[];{'regs': [], 'indirect_regs': [], 'direct_regs': [], 'mem': [], 'const_mem': []};{'regs': ['<BV64 x0>'], 'indirect_regs': [], 'direct_regs': ['<BV64 x0>'], 'mem': [], 'const_mem': []};"{'regs': ['<BV64 x0>', '<BV64 x1>', '<BV64 x2>'], 'indirect_regs': [""<BV64 x1>: ['0x0']""], 'direct_regs': ['<BV64 x0>', '<BV64 x2>'], 'mem': ['<BV64 x1>'], 'const_mem': []}";63.0;0.0;64.0;64.0;[];;;;BaseControlType.CONSTANT_BASE;BaseControlType.CONSTANT_BASE;BaseControlType.CONSTANT_BASE;2;BranchControlType.BRANCH_INDEPENDENT_FROM_SECRET;BranchControlType.BRANCH_INDEPENDENT_FROM_SECRET;93328;True;False;True;True;True;False;False;True;True;False;False;False;True;False;True;False;True;False;True;False;[];['has_valid_base'];True;False;True;True;True;False;False;True;True;False;False;False;True;False;True;False;True;False;True;False;[];['has_valid_base']
7341714a-a596-497d-aeae-74ff1af74076;ZSTD_copyCCtx;0x16bc0;0x16c90;0x0;TransmitterType.LOAD;34;0;False;['0x16bc0', '0x16c44', '0x16c5c'];<BV64 0x20 + x0>;64;[];[];['<BV64 x0>'];[];['<BV64 x0>'];[];[];0;18446744073709551615;18446744073709551615;1;;;True;0;18446744073709551615;18446744073709551615;1;;;True;ControlType.CONTROLLED;0;<BV64 0x20>;64;[];[];[];[];[];[];[];32.0;32.0;0.0;1.0;;;True;32.0;32.0;0.0;1.0;;;True;ControlType.NO_CONTROL;0;<BV64 0x20>;64;[];[];[];[];[];[];[];32;32;0;1.0;;;True;32.0;32.0;0.0;1.0;;;True;ControlType.NO_CONTROL;0;<BV64 x0>;64;[];[];['<BV64 x0>'];[];['<BV64 x0>'];[];[];0.0;1.8446744073709552e+19;18446744073709551615;1;;;True;0.0;1.8446744073709552e+19;18446744073709551615;1;;;True;ControlType.CONTROLLED;0;<BV64 x0>;64;[];[];['<BV64 x0>'];[];['<BV64 x0>'];[];[];0.0;1.8446744073709552e+19;1.8446744073709552e+19;1.0;;;True;0.0;1.8446744073709552e+19;1.8446744073709552e+19;1.0;;;True;ControlType.CONTROLLED;0;<BV64 x0>;64;[];[];[];[];[];[];[];0;0;0;;;;False;0;0;0;;;;False;ControlType.UNKNOWN;0;[('0x16bf4', <Bool x2 == 0x0>, 'Taken'), ('0x16c58', <Bool LOAD_32[<BV64 x1>]_144 == 0x1>, 'Taken')];"{'regs': ['<BV64 x1>', '<BV64 x2>'], 'indirect_regs': [""<BV64 x1>: ['0x0']""], 'direct_regs': ['<BV64 x2>'], 'mem': ['<BV64 x1>'], 'const_mem': []}";[];{'regs': [], 'indirect_regs': [], 'direct_regs': [], 'mem': [], 'const_mem': []};{'regs': ['<BV64 x0>'], 'indirect_regs': [], 'direct_regs': ['<BV64 x0>'], 'mem': [], 'const_mem': []};"{'regs': ['<BV64 x0>', '<BV64 x1>', '<BV64 x2>'], 'indirect_regs': [""<BV64 x1>: ['0x0']""], 'direct_regs': ['<BV64 x0>', '<BV64 x2>'], 'mem': ['<BV64 x1>'], 'const_mem': []}";63.0;0.0;64.0;64.0;[];;;;BaseControlType.CONSTANT_BASE;BaseControlType.CONSTANT_BASE;BaseControlType.CONSTANT_BASE;2;BranchControlType.BRANCH_INDEPENDENT_FROM_SECRET;BranchControlType.BRANCH_INDEPENDENT_FROM_SECRET;93328;True;False;True;True;True;False;False;True;True;False;False;False;True;False;True;False;True;False;True;False;[];['has_valid_base'];True;False;True;True;True;False;False;True;True;False;False;False;True;False;True;False;True;False;True;False;[];['has_valid_base']
5fe40dd4-d06b-469d-9c9d-e578789099ba;ZSTD_copyCCtx;0x16bc0;0x16c98;0x0;TransmitterType.LOAD;36;0;False;['0x16bc0', '0x16c44', '0x16c5c'];<BV64 0x30 + x0>;64;[];[];['<BV64 x0>'];[];['<BV64 x0>'];[];[];0;18446744073709551615;18446744073709551615;1;;;True;0;18446744073709551615;18446744073709551615;1;;;True;ControlType.CONTROLLED;0;<BV64 0x30>;64;[];[];[];[];[];[];[];48.0;48.0;0.0;1.0;;;True;48.0;48.0;0.0;1.0;;;True;ControlType.NO_CONTROL;0;<BV64 0x30>;64;[];[];[];[];[];[];[];48;48;0;1.0;;;True;48.0;48.0;0.0;1.0;;;True;ControlType.NO_CONTROL;0;<BV64 x0>;64;[];[];['<BV64 x0>'];[];['<BV64 x0>'];[];[];0.0;1.8446744073709552e+19;18446744073709551615;1;;;True;0.0;1.8446744073709552e+19;18446744073709551615;1;;;True;ControlType.CONTROLLED;0;<BV64 x0>;64;[];[];['<BV64 x0>'];[];['<BV64 x0>'];[];[];0.0;1.8446744073709552e+19;1.8446744073709552e+19;1.0;;;True;0.0;1.8446744073709552e+19;1.8446744073709552e+19;1.0;;;True;ControlType.CONTROLLED;0;<BV64 x0>;64;[];[];[];[];[];[];[];0;0;0;;;;False;0;0;0;;;;False;ControlType.UNKNOWN;0;[('0x16bf4', <Bool x2 == 0x0>, 'Taken'), ('0x16c58', <Bool LOAD_32[<BV64 x1>]_144 == 0x1>, 'Taken')];"{'regs': ['<BV64 x1>', '<BV64 x2>'], 'indirect_regs': [""<BV64 x1>: ['0x0']""], 'direct_regs': ['<BV64 x2>'], 'mem': ['<BV64 x1>'], 'const_mem': []}";[];{'regs': [], 'indirect_regs': [], 'direct_regs': [], 'mem': [], 'const_mem': []};{'regs': ['<BV64 x0>'], 'indirect_regs': [], 'direct_regs': ['<BV64 x0>'], 'mem': [], 'const_mem': []};"{'regs': ['<BV64 x0>', '<BV64 x1>', '<BV64 x2>'], 'indirect_regs': [""<BV64 x1>: ['0x0']""], 'direct_regs': ['<BV64 x0>', '<BV64 x2>'], 'mem': ['<BV64 x1>'], 'const_mem': []}";63.0;0.0;64.0;64.0;[];;;;BaseControlType.CONSTANT_BASE;BaseControlType.CONSTANT_BASE;BaseControlType.CONSTANT_BASE;2;BranchControlType.BRANCH_INDEPENDENT_FROM_SECRET;BranchControlType.BRANCH_INDEPENDENT_FROM_SECRET;93336;True;False;True;True;True;False;False;True;True;False;False;False;True;False;True;False;True;False;True;False;[];['has_valid_base'];True;False;True;True;True;False;False;True;True;False;False;False;True;False;True;False;True;False;True;False;[];['has_valid_base']
13550f05-d28e-4c6f-b733-e72fd8d9578a;ZSTD_copyCCtx;0x16bc0;0x16c98;0x0;TransmitterType.LOAD;36;0;False;['0x16bc0', '0x16c44', '0x16c5c'];<BV64 0x40 + x0>;64;[];[];['<BV64 x0>'];[];['<BV64 x0>'];[];[];0;18446744073709551615;18446744073709551615;1;;;True;0;18446744073709551615;18446744073709551615;1;;;True;ControlType.CONTROLLED;0;<BV64 0x40>;64;[];[];[];[];[];[];[];64.0;64.0;0.0;1.0;;;True;64.0;64.0;0.0;1.0;;;True;ControlType.NO_CONTROL;0;<BV64 0x40>;64;[];[];[];[];[];[];[];64;64;0;1.0;;;True;64.0;64.0;0.0;1.0;;;True;ControlType.NO_CONTROL;0;<BV64 x0>;64;[];[];['<BV64 x0>'];[];['<BV64 x0>'];[];[];0.0;1.8446744073709552e+19;18446744073709551615;1;;;True;0.0;1.8446744073709552e+19;18446744073709551615;1;;;True;ControlType.CONTROLLED;0;<BV64 x0>;64;[];[];['<BV64 x0>'];[];['<BV64 x0>'];[];[];0.0;1.8446744073709552e+19;1.8446744073709552e+19;1.0;;;True;0.0;1.8446744073709552e+19;1.8446744073709552e+19;1.0;;;True;ControlType.CONTROLLED;0;<BV64 x0>;64;[];[];[];[];[];[];[];0;0;0;;;;False;0;0;0;;;;False;ControlType.UNKNOWN;0;[('0x16bf4', <Bool x2 == 0x0>, 'Taken'), ('0x16c58', <Bool LOAD_32[<BV64 x1>]_144 == 0x1>, 'Taken')];"{'regs': ['<BV64 x1>', '<BV64 x2>'], 'indirect_regs': [""<BV64 x1>: ['0x0']""], 'direct_regs': ['<BV64 x2>'], 'mem': ['<BV64 x1>'], 'const_mem': []}";[];{'regs': [], 'indirect_regs': [], 'direct_regs': [], 'mem': [], 'const_mem': []};{'regs': ['<BV64 x0>'], 'indirect_regs': [], 'direct_regs': ['<BV64 x0>'], 'mem': [], 'const_mem': []};"{'regs': ['<BV64 x0>', '<BV64 x1>', '<BV64 x2>'], 'indirect_regs': [""<BV64 x1>: ['0x0']""], 'direct_regs': ['<BV64 x0>', '<BV64 x2>'], 'mem': ['<BV64 x1>'], 'const_mem': []}";63.0;0.0;64.0;64.0;[];;;;BaseControlType.CONSTANT_BASE;BaseControlType.CONSTANT_BASE;BaseControlType.CONSTANT_BASE;2;BranchControlType.BRANCH_INDEPENDENT_FROM_SECRET;BranchControlType.BRANCH_INDEPENDENT_FROM_SECRET;93336;True;False;True;True;True;False;False;True;True;False;False;False;True;False;True;False;True;False;True;False;[];['has_valid_base'];True;False;True;True;True;False;False;True;True;False;False;False;True;False;True;False;True;False;True;False;[];['has_valid_base']
66b347a8-9800-425e-a338-e96d0729411a;ZSTD_copyCCtx;0x16bc0;0x16ca0;0x0;TransmitterType.LOAD;38;0;False;['0x16bc0', '0x16c44', '0x16c5c'];<BV64 0x50 + x0>;64;[];[];['<BV64 x0>'];[];['<BV64 x0>'];[];[];0;18446744073709551615;18446744073709551615;1;;;True;0;18446744073709551615;18446744073709551615;1;;;True;ControlType.CONTROLLED;0;<BV64 0x50>;64;[];[];[];[];[];[];[];80.0;80.0;0.0;1.0;;;True;80.0;80.0;0.0;1.0;;;True;ControlType.NO_CONTROL;0;<BV64 0x50>;64;[];[];[];[];[];[];[];80;80;0;1.0;;;True;80.0;80.0;0.0;1.0;;;True;ControlType.NO_CONTROL;0;<BV64 x0>;64;[];[];['<BV64 x0>'];[];['<BV64 x0>'];[];[];0.0;1.8446744073709552e+19;18446744073709551615;1;;;True;0.0;1.8446744073709552e+19;18446744073709551615;1;;;True;ControlType.CONTROLLED;0;<BV64 x0>;64;[];[];['<BV64 x0>'];[];['<BV64 x0>'];[];[];0.0;1.8446744073709552e+19;1.8446744073709552e+19;1.0;;;True;0.0;1.8446744073709552e+19;1.8446744073709552e+19;1.0;;;True;ControlType.CONTROLLED;0;<BV64 x0>;64;[];[];[];[];[];[];[];0;0;0;;;;False;0;0;0;;;;False;ControlType.UNKNOWN;0;[('0x16bf4', <Bool x2 == 0x0>, 'Taken'), ('0x16c58', <Bool LOAD_32[<BV64 x1>]_144 == 0x1>, 'Taken')];"{'regs': ['<BV64 x1>', '<BV64 x2>'], 'indirect_regs': [""<BV64 x1>: ['0x0']""], 'direct_regs': ['<BV64 x2>'], 'mem': ['<BV64 x1>'], 'const_mem': []}";[];{'regs': [], 'indirect_regs': [], 'direct_regs': [], 'mem': [], 'const_mem': []};{'regs': ['<BV64 x0>'], 'indirect_regs': [], 'direct_regs': ['<BV64 x0>'], 'mem': [], 'const_mem': []};"{'regs': ['<BV64 x0>', '<BV64 x1>', '<BV64 x2>'], 'indirect_regs': [""<BV64 x1>: ['0x0']""], 'direct_regs': ['<BV64 x0>', '<BV64 x2>'], 'mem': ['<BV64 x1>'], 'const_mem': []}";63.0;0.0;64.0;64.0;[];;;;BaseControlType.CONSTANT_BASE;BaseControlType.CONSTANT_BASE;BaseControlType.CONSTANT_BASE;2;BranchControlType.BRANCH_INDEPENDENT_FROM_SECRET;BranchControlType.BRANCH_INDEPENDENT_FROM_SECRET;93344;True;False;True;True;True;False;False;True;True;False;False;False;True;False;True;False;True;False;True;False;[];['has_valid_base'];True;False;True;True;True;False;False;True;True;False;False;False;True;False;True;False;True;False;True;False;[];['has_valid_base']
ccc090f6-fe82-4231-be9a-4d90f02634af;ZSTD_copyCCtx;0x16bc0;0x16ca0;0x0;TransmitterType.LOAD;38;0;False;['0x16bc0', '0x16c44', '0x16c5c'];<BV64 0x60 + x0>;64;[];[];['<BV64 x0>'];[];['<BV64 x0>'];[];[];0;18446744073709551615;18446744073709551615;1;;;True;0;18446744073709551615;18446744073709551615;1;;;True;ControlType.CONTROLLED;0;<BV64 0x60>;64;[];[];[];[];[];[];[];96.0;96.0;0.0;1.0;;;True;96.0;96.0;0.0;1.0;;;True;ControlType.NO_CONTROL;0;<BV64 0x60>;64;[];[];[];[];[];[];[];96;96;0;1.0;;;True;96.0;96.0;0.0;1.0;;;True;ControlType.NO_CONTROL;0;<BV64 x0>;64;[];[];['<BV64 x0>'];[];['<BV64 x0>'];[];[];0.0;1.8446744073709552e+19;18446744073709551615;1;;;True;0.0;1.8446744073709552e+19;18446744073709551615;1;;;True;ControlType.CONTROLLED;0;<BV64 x0>;64;[];[];['<BV64 x0>'];[];['<BV64 x0>'];[];[];0.0;1.8446744073709552e+19;1.8446744073709552e+19;1.0;;;True;0.0;1.8446744073709552e+19;1.8446744073709552e+19;1.0;;;True;ControlType.CONTROLLED;0;<BV64 x0>;64;[];[];[];[];[];[];[];0;0;0;;;;False;0;0;0;;;;False;ControlType.UNKNOWN;0;[('0x16bf4', <Bool x2 == 0x0>, 'Taken'), ('0x16c58', <Bool LOAD_32[<BV64 x1>]_144 == 0x1>, 'Taken')];"{'regs': ['<BV64 x1>', '<BV64 x2>'], 'indirect_regs': [""<BV64 x1>: ['0x0']""], 'direct_regs': ['<BV64 x2>'], 'mem': ['<BV64 x1>'], 'const_mem': []}";[];{'regs': [], 'indirect_regs': [], 'direct_regs': [], 'mem': [], 'const_mem': []};{'regs': ['<BV64 x0>'], 'indirect_regs': [], 'direct_regs': ['<BV64 x0>'], 'mem': [], 'const_mem': []};"{'regs': ['<BV64 x0>', '<BV64 x1>', '<BV64 x2>'], 'indirect_regs': [""<BV64 x1>: ['0x0']""], 'direct_regs': ['<BV64 x0>', '<BV64 x2>'], 'mem': ['<BV64 x1>'], 'const_mem': []}";63.0;0.0;64.0;64.0;[];;;;BaseControlType.CONSTANT_BASE;BaseControlType.CONSTANT_BASE;BaseControlType.CONSTANT_BASE;2;BranchControlType.BRANCH_INDEPENDENT_FROM_SECRET;BranchControlType.BRANCH_INDEPENDENT_FROM_SECRET;93344;True;False;True;True;True;False;False;True;True;False;False;False;True;False;True;False;True;False;True;False;[];['has_valid_base'];True;False;True;True;True;False;False;True;True;False;False;False;True;False;True;False;True;False;True;False;[];['has_valid_base']
7811139c-59e6-445f-b5f6-b308a5780655;ZSTD_copyCCtx;0x16bc0;0x16cac;0x0;TransmitterType.LOAD;41;0;False;['0x16bc0', '0x16c44', '0x16c5c'];<BV64 0x70 + x0>;64;[];[];['<BV64 x0>'];[];['<BV64 x0>'];[];[];0;18446744073709551615;18446744073709551615;1;;;True;0;18446744073709551615;18446744073709551615;1;;;True;ControlType.CONTROLLED;0;<BV64 0x70>;64;[];[];[];[];[];[];[];112.0;112.0;0.0;1.0;;;True;112.0;112.0;0.0;1.0;;;True;ControlType.NO_CONTROL;0;<BV64 0x70>;64;[];[];[];[];[];[];[];112;112;0;1.0;;;True;112.0;112.0;0.0;1.0;;;True;ControlType.NO_CONTROL;0;<BV64 x0>;64;[];[];['<BV64 x0>'];[];['<BV64 x0>'];[];[];0.0;1.8446744073709552e+19;18446744073709551615;1;;;True;0.0;1.8446744073709552e+19;18446744073709551615;1;;;True;ControlType.CONTROLLED;0;<BV64 x0>;64;[];[];['<BV64 x0>'];[];['<BV64 x0>'];[];[];0.0;1.8446744073709552e+19;1.8446744073709552e+19;1.0;;;True;0.0;1.8446744073709552e+19;1.8446744073709552e+19;1.0;;;True;ControlType.CONTROLLED;0;<BV64 x0>;64;[];[];[];[];[];[];[];0;0;0;;;;False;0;0;0;;;;False;ControlType.UNKNOWN;0;[('0x16bf4', <Bool x2 == 0x0>, 'Taken'), ('0x16c58', <Bool LOAD_32[<BV64 x1>]_144 == 0x1>, 'Taken')];"{'regs': ['<BV64 x1>', '<BV64 x2>'], 'indirect_regs': [""<BV64 x1>: ['0x0']""], 'direct_regs': ['<BV64 x2>'], 'mem': ['<BV64 x1>'], 'const_mem': []}";[];{'regs': [], 'indirect_regs': [], 'direct_regs': [], 'mem': [], 'const_mem': []};{'regs': ['<BV64 x0>'], 'indirect_regs': [], 'direct_regs': ['<BV64 x0>'], 'mem': [], 'const_mem': []};"{'regs': ['<BV64 x0>', '<BV64 x1>', '<BV64 x2>'], 'indirect_regs': [""<BV64 x1>: ['0x0']""], 'direct_regs': ['<BV64 x0>', '<BV64 x2>'], 'mem': ['<BV64 x1>'], 'const_mem': []}";63.0;0.0;64.0;64.0;[];;;;BaseControlType.CONSTANT_BASE;BaseControlType.CONSTANT_BASE;BaseControlType.CONSTANT_BASE;2;BranchControlType.BRANCH_INDEPENDENT_FROM_SECRET;BranchControlType.BRANCH_INDEPENDENT_FROM_SECRET;93356;True;False;True;True;True;False;False;True;True;False;False;False;True;False;True;False;True;False;True;False;[];['has_valid_base'];True;False;True;True;True;False;False;True;True;False;False;False;True;False;True;False;True;False;True;False;[];['has_valid_base']
0140641d-b06b-442c-8083-b284445dc5d3;ZSTD_copyCCtx;0x16bc0;0x16cac;0x0;TransmitterType.LOAD;41;0;False;['0x16bc0', '0x16c44', '0x16c5c'];<BV64 0x80 + x0>;64;[];[];['<BV64 x0>'];[];['<BV64 x0>'];[];[];0;18446744073709551615;18446744073709551615;1;;;True;0;18446744073709551615;18446744073709551615;1;;;True;ControlType.CONTROLLED;0;<BV64 0x80>;64;[];[];[];[];[];[];[];128.0;128.0;0.0;1.0;;;True;128.0;128.0;0.0;1.0;;;True;ControlType.NO_CONTROL;0;<BV64 0x80>;64;[];[];[];[];[];[];[];128;128;0;1.0;;;True;128.0;128.0;0.0;1.0;;;True;ControlType.NO_CONTROL;0;<BV64 x0>;64;[];[];['<BV64 x0>'];[];['<BV64 x0>'];[];[];0.0;1.8446744073709552e+19;18446744073709551615;1;;;True;0.0;1.8446744073709552e+19;18446744073709551615;1;;;True;ControlType.CONTROLLED;0;<BV64 x0>;64;[];[];['<BV64 x0>'];[];['<BV64 x0>'];[];[];0.0;1.8446744073709552e+19;1.8446744073709552e+19;1.0;;;True;0.0;1.8446744073709552e+19;1.8446744073709552e+19;1.0;;;True;ControlType.CONTROLLED;0;<BV64 x0>;64;[];[];[];[];[];[];[];0;0;0;;;;False;0;0;0;;;;False;ControlType.UNKNOWN;0;[('0x16bf4', <Bool x2 == 0x0>, 'Taken'), ('0x16c58', <Bool LOAD_32[<BV64 x1>]_144 == 0x1>, 'Taken')];"{'regs': ['<BV64 x1>', '<BV64 x2>'], 'indirect_regs': [""<BV64 x1>: ['0x0']""], 'direct_regs': ['<BV64 x2>'], 'mem': ['<BV64 x1>'], 'const_mem': []}";[];{'regs': [], 'indirect_regs': [], 'direct_regs': [], 'mem': [], 'const_mem': []};{'regs': ['<BV64 x0>'], 'indirect_regs': [], 'direct_regs': ['<BV64 x0>'], 'mem': [], 'const_mem': []};"{'regs': ['<BV64 x0>', '<BV64 x1>', '<BV64 x2>'], 'indirect_regs': [""<BV64 x1>: ['0x0']""], 'direct_regs': ['<BV64 x0>', '<BV64 x2>'], 'mem': ['<BV64 x1>'], 'const_mem': []}";63.0;0.0;64.0;64.0;[];;;;BaseControlType.CONSTANT_BASE;BaseControlType.CONSTANT_BASE;BaseControlType.CONSTANT_BASE;2;BranchControlType.BRANCH_INDEPENDENT_FROM_SECRET;BranchControlType.BRANCH_INDEPENDENT_FROM_SECRET;93356;True;False;True;True;True;False;False;True;True;False;False;False;True;False;True;False;True;False;True;False;[];['has_valid_base'];True;False;True;True;True;False;False;True;True;False;False;False;True;False;True;False;True;False;True;False;[];['has_valid_base']
67376aca-d7b9-45ed-aa1b-e2f4d192b347;ZSTD_copyCCtx;0x16bc0;0x16cb4;0x0;TransmitterType.LOAD;43;0;False;['0x16bc0', '0x16c44', '0x16c5c'];<BV64 0x90 + x0>;64;[];[];['<BV64 x0>'];[];['<BV64 x0>'];[];[];0;18446744073709551615;18446744073709551615;1;;;True;0;18446744073709551615;18446744073709551615;1;;;True;ControlType.CONTROLLED;0;<BV64 0x90>;64;[];[];[];[];[];[];[];144.0;144.0;0.0;1.0;;;True;144.0;144.0;0.0;1.0;;;True;ControlType.NO_CONTROL;0;<BV64 0x90>;64;[];[];[];[];[];[];[];144;144;0;1.0;;;True;144.0;144.0;0.0;1.0;;;True;ControlType.NO_CONTROL;0;<BV64 x0>;64;[];[];['<BV64 x0>'];[];['<BV64 x0>'];[];[];0.0;1.8446744073709552e+19;18446744073709551615;1;;;True;0.0;1.8446744073709552e+19;18446744073709551615;1;;;True;ControlType.CONTROLLED;0;<BV64 x0>;64;[];[];['<BV64 x0>'];[];['<BV64 x0>'];[];[];0.0;1.8446744073709552e+19;1.8446744073709552e+19;1.0;;;True;0.0;1.8446744073709552e+19;1.8446744073709552e+19;1.0;;;True;ControlType.CONTROLLED;0;<BV64 x0>;64;[];[];[];[];[];[];[];0;0;0;;;;False;0;0;0;;;;False;ControlType.UNKNOWN;0;[('0x16bf4', <Bool x2 == 0x0>, 'Taken'), ('0x16c58', <Bool LOAD_32[<BV64 x1>]_144 == 0x1>, 'Taken')];"{'regs': ['<BV64 x1>', '<BV64 x2>'], 'indirect_regs': [""<BV64 x1>: ['0x0']""], 'direct_regs': ['<BV64 x2>'], 'mem': ['<BV64 x1>'], 'const_mem': []}";[];{'regs': [], 'indirect_regs': [], 'direct_regs': [], 'mem': [], 'const_mem': []};{'regs': ['<BV64 x0>'], 'indirect_regs': [], 'direct_regs': ['<BV64 x0>'], 'mem': [], 'const_mem': []};"{'regs': ['<BV64 x0>', '<BV64 x1>', '<BV64 x2>'], 'indirect_regs': [""<BV64 x1>: ['0x0']""], 'direct_regs': ['<BV64 x0>', '<BV64 x2>'], 'mem': ['<BV64 x1>'], 'const_mem': []}";63.0;0.0;64.0;64.0;[];;;;BaseControlType.CONSTANT_BASE;BaseControlType.CONSTANT_BASE;BaseControlType.CONSTANT_BASE;2;BranchControlType.BRANCH_INDEPENDENT_FROM_SECRET;BranchControlType.BRANCH_INDEPENDENT_FROM_SECRET;93364;True;False;True;True;True;False;False;True;True;False;False;False;True;False;True;False;True;False;True;False;[];['has_valid_base'];True;False;True;True;True;False;False;True;True;False;False;False;True;False;True;False;True;False;True;False;[];['has_valid_base']
9e41ea96-cc57-4be8-a36a-aa0e00965db6;ZSTD_copyCCtx;0x16bc0;0x16cb4;0x0;TransmitterType.LOAD;43;0;False;['0x16bc0', '0x16c44', '0x16c5c'];<BV64 0xa0 + x0>;64;[];[];['<BV64 x0>'];[];['<BV64 x0>'];[];[];0;18446744073709551615;18446744073709551615;1;;;True;0;18446744073709551615;18446744073709551615;1;;;True;ControlType.CONTROLLED;0;<BV64 0xa0>;64;[];[];[];[];[];[];[];160.0;160.0;0.0;1.0;;;True;160.0;160.0;0.0;1.0;;;True;ControlType.NO_CONTROL;0;<BV64 0xa0>;64;[];[];[];[];[];[];[];160;160;0;1.0;;;True;160.0;160.0;0.0;1.0;;;True;ControlType.NO_CONTROL;0;<BV64 x0>;64;[];[];['<BV64 x0>'];[];['<BV64 x0>'];[];[];0.0;1.8446744073709552e+19;18446744073709551615;1;;;True;0.0;1.8446744073709552e+19;18446744073709551615;1;;;True;ControlType.CONTROLLED;0;<BV64 x0>;64;[];[];['<BV64 x0>'];[];['<BV64 x0>'];[];[];0.0;1.8446744073709552e+19;1.8446744073709552e+19;1.0;;;True;0.0;1.8446744073709552e+19;1.8446744073709552e+19;1.0;;;True;ControlType.CONTROLLED;0;<BV64 x0>;64;[];[];[];[];[];[];[];0;0;0;;;;False;0;0;0;;;;False;ControlType.UNKNOWN;0;[('0x16bf4', <Bool x2 == 0x0>, 'Taken'), ('0x16c58', <Bool LOAD_32[<BV64 x1>]_144 == 0x1>, 'Taken')];"{'regs': ['<BV64 x1>', '<BV64 x2>'], 'indirect_regs': [""<BV64 x1>: ['0x0']""], 'direct_regs': ['<BV64 x2>'], 'mem': ['<BV64 x1>'], 'const_mem': []}";[];{'regs': [], 'indirect_regs': [], 'direct_regs': [], 'mem': [], 'const_mem': []};{'regs': ['<BV64 x0>'], 'indirect_regs': [], 'direct_regs': ['<BV64 x0>'], 'mem': [], 'const_mem': []};"{'regs': ['<BV64 x0>', '<BV64 x1>', '<BV64 x2>'], 'indirect_regs': [""<BV64 x1>: ['0x0']""], 'direct_regs': ['<BV64 x0>', '<BV64 x2>'], 'mem': ['<BV64 x1>'], 'const_mem': []}";63.0;0.0;64.0;64.0;[];;;;BaseControlType.CONSTANT_BASE;BaseControlType.CONSTANT_BASE;BaseControlType.CONSTANT_BASE;2;BranchControlType.BRANCH_INDEPENDENT_FROM_SECRET;BranchControlType.BRANCH_INDEPENDENT_FROM_SECRET;93364;True;False;True;True;True;False;False;True;True;False;False;False;True;False;True;False;True;False;True;False;[];['has_valid_base'];True;False;True;True;True;False;False;True;True;False;False;False;True;False;True;False;True;False;True;False;[];['has_valid_base']
013752f4-2266-4c90-9768-91aee608e241;ZSTD_copyCCtx;0x16bc0;0x16cbc;0x0;TransmitterType.LOAD;45;0;False;['0x16bc0', '0x16c44', '0x16c5c'];<BV64 0xb0 + x0>;64;[];[];['<BV64 x0>'];[];['<BV64 x0>'];[];[];0;18446744073709551615;18446744073709551615;1;;;True;0;18446744073709551615;18446744073709551615;1;;;True;ControlType.CONTROLLED;0;<BV64 0xb0>;64;[];[];[];[];[];[];[];176.0;176.0;0.0;1.0;;;True;176.0;176.0;0.0;1.0;;;True;ControlType.NO_CONTROL;0;<BV64 0xb0>;64;[];[];[];[];[];[];[];176;176;0;1.0;;;True;176.0;176.0;0.0;1.0;;;True;ControlType.NO_CONTROL;0;<BV64 x0>;64;[];[];['<BV64 x0>'];[];['<BV64 x0>'];[];[];0.0;1.8446744073709552e+19;18446744073709551615;1;;;True;0.0;1.8446744073709552e+19;18446744073709551615;1;;;True;ControlType.CONTROLLED;0;<BV64 x0>;64;[];[];['<BV64 x0>'];[];['<BV64 x0>'];[];[];0.0;1.8446744073709552e+19;1.8446744073709552e+19;1.0;;;True;0.0;1.8446744073709552e+19;1.8446744073709552e+19;1.0;;;True;ControlType.CONTROLLED;0;<BV64 x0>;64;[];[];[];[];[];[];[];0;0;0;;;;False;0;0;0;;;;False;ControlType.UNKNOWN;0;[('0x16bf4', <Bool x2 == 0x0>, 'Taken'), ('0x16c58', <Bool LOAD_32[<BV64 x1>]_144 == 0x1>, 'Taken')];"{'regs': ['<BV64 x1>', '<BV64 x2>'], 'indirect_regs': [""<BV64 x1>: ['0x0']""], 'direct_regs': ['<BV64 x2>'], 'mem': ['<BV64 x1>'], 'const_mem': []}";[];{'regs': [], 'indirect_regs': [], 'direct_regs': [], 'mem': [], 'const_mem': []};{'regs': ['<BV64 x0>'], 'indirect_regs': [], 'direct_regs': ['<BV64 x0>'], 'mem': [], 'const_mem': []};"{'regs': ['<BV64 x0>', '<BV64 x1>', '<BV64 x2>'], 'indirect_regs': [""<BV64 x1>: ['0x0']""], 'direct_regs': ['<BV64 x0>', '<BV64 x2>'], 'mem': ['<BV64 x1>'], 'const_mem': []}";63.0;0.0;64.0;64.0;[];;;;BaseControlType.CONSTANT_BASE;BaseControlType.CONSTANT_BASE;BaseControlType.CONSTANT_BASE;2;BranchControlType.BRANCH_INDEPENDENT_FROM_SECRET;BranchControlType.BRANCH_INDEPENDENT_FROM_SECRET;93372;True;False;True;True;True;False;False;True;True;False;False;False;True;False;True;False;True;False;True;False;[];['has_valid_base'];True;False;True;True;True;False;False;True;True;False;False;False;True;False;True;False;True;False;True;False;[];['has_valid_base']
44f0b217-ab8d-4705-9744-b8a1f02dc2bb;ZSTD_copyCCtx;0x16bc0;0x16cbc;0x0;TransmitterType.LOAD;45;0;False;['0x16bc0', '0x16c44', '0x16c5c'];<BV64 0xc0 + x0>;64;[];[];['<BV64 x0>'];[];['<BV64 x0>'];[];[];0;18446744073709551615;18446744073709551615;1;;;True;0;18446744073709551615;18446744073709551615;1;;;True;ControlType.CONTROLLED;0;<BV64 0xc0>;64;[];[];[];[];[];[];[];192.0;192.0;0.0;1.0;;;True;192.0;192.0;0.0;1.0;;;True;ControlType.NO_CONTROL;0;<BV64 0xc0>;64;[];[];[];[];[];[];[];192;192;0;1.0;;;True;192.0;192.0;0.0;1.0;;;True;ControlType.NO_CONTROL;0;<BV64 x0>;64;[];[];['<BV64 x0>'];[];['<BV64 x0>'];[];[];0.0;1.8446744073709552e+19;18446744073709551615;1;;;True;0.0;1.8446744073709552e+19;18446744073709551615;1;;;True;ControlType.CONTROLLED;0;<BV64 x0>;64;[];[];['<BV64 x0>'];[];['<BV64 x0>'];[];[];0.0;1.8446744073709552e+19;1.8446744073709552e+19;1.0;;;True;0.0;1.8446744073709552e+19;1.8446744073709552e+19;1.0;;;True;ControlType.CONTROLLED;0;<BV64 x0>;64;[];[];[];[];[];[];[];0;0;0;;;;False;0;0;0;;;;False;ControlType.UNKNOWN;0;[('0x16bf4', <Bool x2 == 0x0>, 'Taken'), ('0x16c58', <Bool LOAD_32[<BV64 x1>]_144 == 0x1>, 'Taken')];"{'regs': ['<BV64 x1>', '<BV64 x2>'], 'indirect_regs': [""<BV64 x1>: ['0x0']""], 'direct_regs': ['<BV64 x2>'], 'mem': ['<BV64 x1>'], 'const_mem': []}";[];{'regs': [], 'indirect_regs': [], 'direct_regs': [], 'mem': [], 'const_mem': []};{'regs': ['<BV64 x0>'], 'indirect_regs': [], 'direct_regs': ['<BV64 x0>'], 'mem': [], 'const_mem': []};"{'regs': ['<BV64 x0>', '<BV64 x1>', '<BV64 x2>'], 'indirect_regs': [""<BV64 x1>: ['0x0']""], 'direct_regs': ['<BV64 x0>', '<BV64 x2>'], 'mem': ['<BV64 x1>'], 'const_mem': []}";63.0;0.0;64.0;64.0;[];;;;BaseControlType.CONSTANT_BASE;BaseControlType.CONSTANT_BASE;BaseControlType.CONSTANT_BASE;2;BranchControlType.BRANCH_INDEPENDENT_FROM_SECRET;BranchControlType.BRANCH_INDEPENDENT_FROM_SECRET;93372;True;False;True;True;True;False;False;True;True;False;False;False;True;False;True;False;True;False;True;False;[];['has_valid_base'];True;False;True;True;True;False;False;True;True;False;False;False;True;False;True;False;True;False;True;False;[];['has_valid_base']
f1ec2f91-575b-4509-9127-d52781acda67;ZSTD_copyCCtx;0x16bc0;0x16cc4;0x0;TransmitterType.LOAD;47;0;False;['0x16bc0', '0x16c44', '0x16c5c'];<BV64 0xd0 + x0>;64;[];[];['<BV64 x0>'];[];['<BV64 x0>'];[];[];0;18446744073709551615;18446744073709551615;1;;;True;0;18446744073709551615;18446744073709551615;1;;;True;ControlType.CONTROLLED;0;<BV64 0xd0>;64;[];[];[];[];[];[];[];208.0;208.0;0.0;1.0;;;True;208.0;208.0;0.0;1.0;;;True;ControlType.NO_CONTROL;0;<BV64 0xd0>;64;[];[];[];[];[];[];[];208;208;0;1.0;;;True;208.0;208.0;0.0;1.0;;;True;ControlType.NO_CONTROL;0;<BV64 x0>;64;[];[];['<BV64 x0>'];[];['<BV64 x0>'];[];[];0.0;1.8446744073709552e+19;18446744073709551615;1;;;True;0.0;1.8446744073709552e+19;18446744073709551615;1;;;True;ControlType.CONTROLLED;0;<BV64 x0>;64;[];[];['<BV64 x0>'];[];['<BV64 x0>'];[];[];0.0;1.8446744073709552e+19;1.8446744073709552e+19;1.0;;;True;0.0;1.8446744073709552e+19;1.8446744073709552e+19;1.0;;;True;ControlType.CONTROLLED;0;<BV64 x0>;64;[];[];[];[];[];[];[];0;0;0;;;;False;0;0;0;;;;False;ControlType.UNKNOWN;0;[('0x16bf4', <Bool x2 == 0x0>, 'Taken'), ('0x16c58', <Bool LOAD_32[<BV64 x1>]_144 == 0x1>, 'Taken')];"{'regs': ['<BV64 x1>', '<BV64 x2>'], 'indirect_regs': [""<BV64 x1>: ['0x0']""], 'direct_regs': ['<BV64 x2>'], 'mem': ['<BV64 x1>'], 'const_mem': []}";[];{'regs': [], 'indirect_regs': [], 'direct_regs': [], 'mem': [], 'const_mem': []};{'regs': ['<BV64 x0>'], 'indirect_regs': [], 'direct_regs': ['<BV64 x0>'], 'mem': [], 'const_mem': []};"{'regs': ['<BV64 x0>', '<BV64 x1>', '<BV64 x2>'], 'indirect_regs': [""<BV64 x1>: ['0x0']""], 'direct_regs': ['<BV64 x0>', '<BV64 x2>'], 'mem': ['<BV64 x1>'], 'const_mem': []}";63.0;0.0;64.0;64.0;[];;;;BaseControlType.CONSTANT_BASE;BaseControlType.CONSTANT_BASE;BaseControlType.CONSTANT_BASE;2;BranchControlType.BRANCH_INDEPENDENT_FROM_SECRET;BranchControlType.BRANCH_INDEPENDENT_FROM_SECRET;93380;True;False;True;True;True;False;False;True;True;False;False;False;True;False;True;False;True;False;True;False;[];['has_valid_base'];True;False;True;True;True;False;False;True;True;False;False;False;True;False;True;False;True;False;True;False;[];['has_valid_base']
e30b2a2d-f55e-4cdc-a66b-f8b61f4cb0fb;ZSTD_copyCCtx;0x16bc0;0x16cd0;0x0;TransmitterType.LOAD;50;0;False;['0x16bc0', '0x16c44', '0x16c5c'];<BV64 0xe0 + x0>;64;[];[];['<BV64 x0>'];[];['<BV64 x0>'];[];[];0;18446744073709551615;18446744073709551615;1;;;True;0;18446744073709551615;18446744073709551615;1;;;True;ControlType.CONTROLLED;0;<BV64 0xe0>;64;[];[];[];[];[];[];[];224.0;224.0;0.0;1.0;;;True;224.0;224.0;0.0;1.0;;;True;ControlType.NO_CONTROL;0;<BV64 0xe0>;64;[];[];[];[];[];[];[];224;224;0;1.0;;;True;224.0;224.0;0.0;1.0;;;True;ControlType.NO_CONTROL;0;<BV64 x0>;64;[];[];['<BV64 x0>'];[];['<BV64 x0>'];[];[];0.0;1.8446744073709552e+19;18446744073709551615;1;;;True;0.0;1.8446744073709552e+19;18446744073709551615;1;;;True;ControlType.CONTROLLED;0;<BV64 x0>;64;[];[];['<BV64 x0>'];[];['<BV64 x0>'];[];[];0.0;1.8446744073709552e+19;1.8446744073709552e+19;1.0;;;True;0.0;1.8446744073709552e+19;1.8446744073709552e+19;1.0;;;True;ControlType.CONTROLLED;0;<BV64 x0>;64;[];[];[];[];[];[];[];0;0;0;;;;False;0;0;0;;;;False;ControlType.UNKNOWN;0;[('0x16bf4', <Bool x2 == 0x0>, 'Taken'), ('0x16c58', <Bool LOAD_32[<BV64 x1>]_144 == 0x1>, 'Taken')];"{'regs': ['<BV64 x1>', '<BV64 x2>'], 'indirect_regs': [""<BV64 x1>: ['0x0']""], 'direct_regs': ['<BV64 x2>'], 'mem': ['<BV64 x1>'], 'const_mem': []}";[];{'regs': [], 'indirect_regs': [], 'direct_regs': [], 'mem': [], 'const_mem': []};{'regs': ['<BV64 x0>'], 'indirect_regs': [], 'direct_regs': ['<BV64 x0>'], 'mem': [], 'const_mem': []};"{'regs': ['<BV64 x0>', '<BV64 x1>', '<BV64 x2>'], 'indirect_regs': [""<BV64 x1>: ['0x0']""], 'direct_regs': ['<BV64 x0>', '<BV64 x2>'], 'mem': ['<BV64 x1>'], 'const_mem': []}";63.0;0.0;64.0;64.0;[];;;;BaseControlType.CONSTANT_BASE;BaseControlType.CONSTANT_BASE;BaseControlType.CONSTANT_BASE;2;BranchControlType.BRANCH_INDEPENDENT_FROM_SECRET;BranchControlType.BRANCH_INDEPENDENT_FROM_SECRET;93392;True;False;True;True;True;False;False;True;True;False;False;False;True;False;True;False;True;False;True;False;[];['has_valid_base'];True;False;True;True;True;False;False;True;True;False;False;False;True;False;True;False;True;False;True;False;[];['has_valid_base']
5ec5da14-5ad1-4412-9970-ceafe79f8169;ZSTD_copyCCtx;0x16bc0;0x16024;0x0;TransmitterType.STORE;84;0;False;['0x16bc0', '0x16c44', '0x16c5c', '0x15fe4'];<BV64 0x3b0 + x0>;64;[];[];['<BV64 x0>'];[];['<BV64 x0>'];[];[];0;18446744073709551615;18446744073709551615;1;;;True;0;18446744073709551615;18446744073709551615;1;;;True;ControlType.CONTROLLED;0;<BV64 0x3b0>;64;[];[];[];[];[];[];[];944.0;944.0;0.0;1.0;;;True;944.0;944.0;0.0;1.0;;;True;ControlType.NO_CONTROL;0;<BV64 0x3b0>;64;[];[];[];[];[];[];[];944;944;0;1.0;;;True;944.0;944.0;0.0;1.0;;;True;ControlType.NO_CONTROL;0;<BV64 x0>;64;[];[];['<BV64 x0>'];[];['<BV64 x0>'];[];[];0.0;1.8446744073709552e+19;18446744073709551615;1;;;True;0.0;1.8446744073709552e+19;18446744073709551615;1;;;True;ControlType.CONTROLLED;0;<BV64 x0>;64;[];[];['<BV64 x0>'];[];['<BV64 x0>'];[];[];0.0;1.8446744073709552e+19;1.8446744073709552e+19;1.0;;;True;0.0;1.8446744073709552e+19;1.8446744073709552e+19;1.0;;;True;ControlType.CONTROLLED;0;<BV64 x0>;64;[];[];[];[];[];[];[];0;0;0;;;;False;0;0;0;;;;False;ControlType.UNKNOWN;0;[('0x16bf4', <Bool x2 == 0x0>, 'Taken'), ('0x16c58', <Bool LOAD_32[<BV64 x1>]_144 == 0x1>, 'Taken'), ('0x16d14', <Bool True>, 'Taken')];"{'regs': ['<BV64 x1>', '<BV64 x2>'], 'indirect_regs': [""<BV64 x1>: ['0x0']""], 'direct_regs': ['<BV64 x2>'], 'mem': ['<BV64 x1>'], 'const_mem': []}";[];{'regs': [], 'indirect_regs': [], 'direct_regs': [], 'mem': [], 'const_mem': []};{'regs': ['<BV64 x0>'], 'indirect_regs': [], 'direct_regs': ['<BV64 x0>'], 'mem': [], 'const_mem': []};"{'regs': ['<BV64 x0>', '<BV64 x1>', '<BV64 x2>'], 'indirect_regs': [""<BV64 x1>: ['0x0']""], 'direct_regs': ['<BV64 x0>', '<BV64 x2>'], 'mem': ['<BV64 x1>'], 'const_mem': []}";63.0;0.0;64.0;64.0;[];;;;BaseControlType.CONSTANT_BASE;BaseControlType.CONSTANT_BASE;BaseControlType.CONSTANT_BASE;3;BranchControlType.BRANCH_INDEPENDENT_FROM_SECRET;BranchControlType.BRANCH_INDEPENDENT_FROM_SECRET;90148;True;False;True;True;True;False;False;True;True;False;False;False;True;False;True;False;True;False;True;False;[];['has_valid_base'];True;False;True;True;True;False;False;True;True;False;False;False;True;False;True;False;True;False;True;False;[];['has_valid_base']
9dd93581-1985-4d9a-9e2c-8c54692ac33f;ZSTD_copyCCtx;0x16bc0;0x1602c;0x0;TransmitterType.STORE;86;0;False;['0x16bc0', '0x16c44', '0x16c5c', '0x15fe4'];<BV64 0xe8 + x0>;64;[];[];['<BV64 x0>'];[];['<BV64 x0>'];[];[];0;18446744073709551615;18446744073709551615;1;;;True;0;18446744073709551615;18446744073709551615;1;;;True;ControlType.CONTROLLED;0;<BV64 0xe8>;64;[];[];[];[];[];[];[];232.0;232.0;0.0;1.0;;;True;232.0;232.0;0.0;1.0;;;True;ControlType.NO_CONTROL;0;<BV64 0xe8>;64;[];[];[];[];[];[];[];232;232;0;1.0;;;True;232.0;232.0;0.0;1.0;;;True;ControlType.NO_CONTROL;0;<BV64 x0>;64;[];[];['<BV64 x0>'];[];['<BV64 x0>'];[];[];0.0;1.8446744073709552e+19;18446744073709551615;1;;;True;0.0;1.8446744073709552e+19;18446744073709551615;1;;;True;ControlType.CONTROLLED;0;<BV64 x0>;64;[];[];['<BV64 x0>'];[];['<BV64 x0>'];[];[];0.0;1.8446744073709552e+19;1.8446744073709552e+19;1.0;;;True;0.0;1.8446744073709552e+19;1.8446744073709552e+19;1.0;;;True;ControlType.CONTROLLED;0;<BV64 x0>;64;[];[];[];[];[];[];[];0;0;0;;;;False;0;0;0;;;;False;ControlType.UNKNOWN;0;[('0x16bf4', <Bool x2 == 0x0>, 'Taken'), ('0x16c58', <Bool LOAD_32[<BV64 x1>]_144 == 0x1>, 'Taken'), ('0x16d14', <Bool True>, 'Taken')];"{'regs': ['<BV64 x1>', '<BV64 x2>'], 'indirect_regs': [""<BV64 x1>: ['0x0']""], 'direct_regs': ['<BV64 x2>'], 'mem': ['<BV64 x1>'], 'const_mem': []}";[];{'regs': [], 'indirect_regs': [], 'direct_regs': [], 'mem': [], 'const_mem': []};{'regs': ['<BV64 x0>'], 'indirect_regs': [], 'direct_regs': ['<BV64 x0>'], 'mem': [], 'const_mem': []};"{'regs': ['<BV64 x0>', '<BV64 x1>', '<BV64 x2>'], 'indirect_regs': [""<BV64 x1>: ['0x0']""], 'direct_regs': ['<BV64 x0>', '<BV64 x2>'], 'mem': ['<BV64 x1>'], 'const_mem': []}";63.0;0.0;64.0;64.0;[];;;;BaseControlType.CONSTANT_BASE;BaseControlType.CONSTANT_BASE;BaseControlType.CONSTANT_BASE;3;BranchControlType.BRANCH_INDEPENDENT_FROM_SECRET;BranchControlType.BRANCH_INDEPENDENT_FROM_SECRET;90156;True;False;True;True;True;False;False;True;True;False;False;False;True;False;True;False;True;False;True;False;[];['has_valid_base'];True;False;True;True;True;False;False;True;True;False;False;False;True;False;True;False;True;False;True;False;[];['has_valid_base']
cc68ee9c-3015-4fb5-b30d-efd8a255b874;ZSTD_copyCCtx;0x16bc0;0x1602c;0x0;TransmitterType.STORE;86;0;False;['0x16bc0', '0x16c44', '0x16c5c', '0x15fe4'];<BV64 0xf8 + x0>;64;[];[];['<BV64 x0>'];[];['<BV64 x0>'];[];[];0;18446744073709551615;18446744073709551615;1;;;True;0;18446744073709551615;18446744073709551615;1;;;True;ControlType.CONTROLLED;0;<BV64 0xf8>;64;[];[];[];[];[];[];[];248.0;248.0;0.0;1.0;;;True;248.0;248.0;0.0;1.0;;;True;ControlType.NO_CONTROL;0;<BV64 0xf8>;64;[];[];[];[];[];[];[];248;248;0;1.0;;;True;248.0;248.0;0.0;1.0;;;True;ControlType.NO_CONTROL;0;<BV64 x0>;64;[];[];['<BV64 x0>'];[];['<BV64 x0>'];[];[];0.0;1.8446744073709552e+19;18446744073709551615;1;;;True;0.0;1.8446744073709552e+19;18446744073709551615;1;;;True;ControlType.CONTROLLED;0;<BV64 x0>;64;[];[];['<BV64 x0>'];[];['<BV64 x0>'];[];[];0.0;1.8446744073709552e+19;1.8446744073709552e+19;1.0;;;True;0.0;1.8446744073709552e+19;1.8446744073709552e+19;1.0;;;True;ControlType.CONTROLLED;0;<BV64 x0>;64;[];[];[];[];[];[];[];0;0;0;;;;False;0;0;0;;;;False;ControlType.UNKNOWN;0;[('0x16bf4', <Bool x2 == 0x0>, 'Taken'), ('0x16c58', <Bool LOAD_32[<BV64 x1>]_144 == 0x1>, 'Taken'), ('0x16d14', <Bool True>, 'Taken')];"{'regs': ['<BV64 x1>', '<BV64 x2>'], 'indirect_regs': [""<BV64 x1>: ['0x0']""], 'direct_regs': ['<BV64 x2>'], 'mem': ['<BV64 x1>'], 'const_mem': []}";[];{'regs': [], 'indirect_regs': [], 'direct_regs': [], 'mem': [], 'const_mem': []};{'regs': ['<BV64 x0>'], 'indirect_regs': [], 'direct_regs': ['<BV64 x0>'], 'mem': [], 'const_mem': []};"{'regs': ['<BV64 x0>', '<BV64 x1>', '<BV64 x2>'], 'indirect_regs': [""<BV64 x1>: ['0x0']""], 'direct_regs': ['<BV64 x0>', '<BV64 x2>'], 'mem': ['<BV64 x1>'], 'const_mem': []}";63.0;0.0;64.0;64.0;[];;;;BaseControlType.CONSTANT_BASE;BaseControlType.CONSTANT_BASE;BaseControlType.CONSTANT_BASE;3;BranchControlType.BRANCH_INDEPENDENT_FROM_SECRET;BranchControlType.BRANCH_INDEPENDENT_FROM_SECRET;90156;True;False;True;True;True;False;False;True;True;False;False;False;True;False;True;False;True;False;True;False;[];['has_valid_base'];True;False;True;True;True;False;False;True;True;False;False;False;True;False;True;False;True;False;True;False;[];['has_valid_base']
3d2ac908-a8a2-489f-8b80-f83fdeb6363b;ZSTD_copyCCtx;0x16bc0;0x16038;0x0;TransmitterType.STORE;89;0;False;['0x16bc0', '0x16c44', '0x16c5c', '0x15fe4'];<BV64 0x108 + x0>;64;[];[];['<BV64 x0>'];[];['<BV64 x0>'];[];[];0;18446744073709551615;18446744073709551615;1;;;True;0;18446744073709551615;18446744073709551615;1;;;True;ControlType.CONTROLLED;0;<BV64 0x108>;64;[];[];[];[];[];[];[];264.0;264.0;0.0;1.0;;;True;264.0;264.0;0.0;1.0;;;True;ControlType.NO_CONTROL;0;<BV64 0x108>;64;[];[];[];[];[];[];[];264;264;0;1.0;;;True;264.0;264.0;0.0;1.0;;;True;ControlType.NO_CONTROL;0;<BV64 x0>;64;[];[];['<BV64 x0>'];[];['<BV64 x0>'];[];[];0.0;1.8446744073709552e+19;18446744073709551615;1;;;True;0.0;1.8446744073709552e+19;18446744073709551615;1;;;True;ControlType.CONTROLLED;0;<BV64 x0>;64;[];[];['<BV64 x0>'];[];['<BV64 x0>'];[];[];0.0;1.8446744073709552e+19;1.8446744073709552e+19;1.0;;;True;0.0;1.8446744073709552e+19;1.8446744073709552e+19;1.0;;;True;ControlType.CONTROLLED;0;<BV64 x0>;64;[];[];[];[];[];[];[];0;0;0;;;;False;0;0;0;;;;False;ControlType.UNKNOWN;0;[('0x16bf4', <Bool x2 == 0x0>, 'Taken'), ('0x16c58', <Bool LOAD_32[<BV64 x1>]_144 == 0x1>, 'Taken'), ('0x16d14', <Bool True>, 'Taken')];"{'regs': ['<BV64 x1>', '<BV64 x2>'], 'indirect_regs': [""<BV64 x1>: ['0x0']""], 'direct_regs': ['<BV64 x2>'], 'mem': ['<BV64 x1>'], 'const_mem': []}";[];{'regs': [], 'indirect_regs': [], 'direct_regs': [], 'mem': [], 'const_mem': []};{'regs': ['<BV64 x0>'], 'indirect_regs': [], 'direct_regs': ['<BV64 x0>'], 'mem': [], 'const_mem': []};"{'regs': ['<BV64 x0>', '<BV64 x1>', '<BV64 x2>'], 'indirect_regs': [""<BV64 x1>: ['0x0']""], 'direct_regs': ['<BV64 x0>', '<BV64 x2>'], 'mem': ['<BV64 x1>'], 'const_mem': []}";63.0;0.0;64.0;64.0;[];;;;BaseControlType.CONSTANT_BASE;BaseControlType.CONSTANT_BASE;BaseControlType.CONSTANT_BASE;3;BranchControlType.BRANCH_INDEPENDENT_FROM_SECRET;BranchControlType.BRANCH_INDEPENDENT_FROM_SECRET;90168;True;False;True;True;True;False;False;True;True;False;False;False;True;False;True;False;True;False;True;False;[];['has_valid_base'];True;False;True;True;True;False;False;True;True;False;False;False;True;False;True;False;True;False;True;False;[];['has_valid_base']
ffe87833-1a5f-4b8c-bbf1-9b925c2c8e2d;ZSTD_copyCCtx;0x16bc0;0x16038;0x0;TransmitterType.STORE;89;0;False;['0x16bc0', '0x16c44', '0x16c5c', '0x15fe4'];<BV64 0x118 + x0>;64;[];[];['<BV64 x0>'];[];['<BV64 x0>'];[];[];0;18446744073709551615;18446744073709551615;1;;;True;0;18446744073709551615;18446744073709551615;1;;;True;ControlType.CONTROLLED;0;<BV64 0x118>;64;[];[];[];[];[];[];[];280.0;280.0;0.0;1.0;;;True;280.0;280.0;0.0;1.0;;;True;ControlType.NO_CONTROL;0;<BV64 0x118>;64;[];[];[];[];[];[];[];280;280;0;1.0;;;True;280.0;280.0;0.0;1.0;;;True;ControlType.NO_CONTROL;0;<BV64 x0>;64;[];[];['<BV64 x0>'];[];['<BV64 x0>'];[];[];0.0;1.8446744073709552e+19;18446744073709551615;1;;;True;0.0;1.8446744073709552e+19;18446744073709551615;1;;;True;ControlType.CONTROLLED;0;<BV64 x0>;64;[];[];['<BV64 x0>'];[];['<BV64 x0>'];[];[];0.0;1.8446744073709552e+19;1.8446744073709552e+19;1.0;;;True;0.0;1.8446744073709552e+19;1.8446744073709552e+19;1.0;;;True;ControlType.CONTROLLED;0;<BV64 x0>;64;[];[];[];[];[];[];[];0;0;0;;;;False;0;0;0;;;;False;ControlType.UNKNOWN;0;[('0x16bf4', <Bool x2 == 0x0>, 'Taken'), ('0x16c58', <Bool LOAD_32[<BV64 x1>]_144 == 0x1>, 'Taken'), ('0x16d14', <Bool True>, 'Taken')];"{'regs': ['<BV64 x1>', '<BV64 x2>'], 'indirect_regs': [""<BV64 x1>: ['0x0']""], 'direct_regs': ['<BV64 x2>'], 'mem': ['<BV64 x1>'], 'const_mem': []}";[];{'regs': [], 'indirect_regs': [], 'direct_regs': [], 'mem': [], 'const_mem': []};{'regs': ['<BV64 x0>'], 'indirect_regs': [], 'direct_regs': ['<BV64 x0>'], 'mem': [], 'const_mem': []};"{'regs': ['<BV64 x0>', '<BV64 x1>', '<BV64 x2>'], 'indirect_regs': [""<BV64 x1>: ['0x0']""], 'direct_regs': ['<BV64 x0>', '<BV64 x2>'], 'mem': ['<BV64 x1>'], 'const_mem': []}";63.0;0.0;64.0;64.0;[];;;;BaseControlType.CONSTANT_BASE;BaseControlType.CONSTANT_BASE;BaseControlType.CONSTANT_BASE;3;BranchControlType.BRANCH_INDEPENDENT_FROM_SECRET;BranchControlType.BRANCH_INDEPENDENT_FROM_SECRET;90168;True;False;True;True;True;False;False;True;True;False;False;False;True;False;True;False;True;False;True;False;[];['has_valid_base'];True;False;True;True;True;False;False;True;True;False;False;False;True;False;True;False;True;False;True;False;[];['has_valid_base']
a80c0ecd-4b46-406c-b367-4899fff8e1d2;ZSTD_copyCCtx;0x16bc0;0x16040;0x0;TransmitterType.STORE;91;0;False;['0x16bc0', '0x16c44', '0x16c5c', '0x15fe4'];<BV64 0x128 + x0>;64;[];[];['<BV64 x0>'];[];['<BV64 x0>'];[];[];0;18446744073709551615;18446744073709551615;1;;;True;0;18446744073709551615;18446744073709551615;1;;;True;ControlType.CONTROLLED;0;<BV64 0x128>;64;[];[];[];[];[];[];[];296.0;296.0;0.0;1.0;;;True;296.0;296.0;0.0;1.0;;;True;ControlType.NO_CONTROL;0;<BV64 0x128>;64;[];[];[];[];[];[];[];296;296;0;1.0;;;True;296.0;296.0;0.0;1.0;;;True;ControlType.NO_CONTROL;0;<BV64 x0>;64;[];[];['<BV64 x0>'];[];['<BV64 x0>'];[];[];0.0;1.8446744073709552e+19;18446744073709551615;1;;;True;0.0;1.8446744073709552e+19;18446744073709551615;1;;;True;ControlType.CONTROLLED;0;<BV64 x0>;64;[];[];['<BV64 x0>'];[];['<BV64 x0>'];[];[];0.0;1.8446744073709552e+19;1.8446744073709552e+19;1.0;;;True;0.0;1.8446744073709552e+19;1.8446744073709552e+19;1.0;;;True;ControlType.CONTROLLED;0;<BV64 x0>;64;[];[];[];[];[];[];[];0;0;0;;;;False;0;0;0;;;;False;ControlType.UNKNOWN;0;[('0x16bf4', <Bool x2 == 0x0>, 'Taken'), ('0x16c58', <Bool LOAD_32[<BV64 x1>]_144 == 0x1>, 'Taken'), ('0x16d14', <Bool True>, 'Taken')];"{'regs': ['<BV64 x1>', '<BV64 x2>'], 'indirect_regs': [""<BV64 x1>: ['0x0']""], 'direct_regs': ['<BV64 x2>'], 'mem': ['<BV64 x1>'], 'const_mem': []}";[];{'regs': [], 'indirect_regs': [], 'direct_regs': [], 'mem': [], 'const_mem': []};{'regs': ['<BV64 x0>'], 'indirect_regs': [], 'direct_regs': ['<BV64 x0>'], 'mem': [], 'const_mem': []};"{'regs': ['<BV64 x0>', '<BV64 x1>', '<BV64 x2>'], 'indirect_regs': [""<BV64 x1>: ['0x0']""], 'direct_regs': ['<BV64 x0>', '<BV64 x2>'], 'mem': ['<BV64 x1>'], 'const_mem': []}";63.0;0.0;64.0;64.0;[];;;;BaseControlType.CONSTANT_BASE;BaseControlType.CONSTANT_BASE;BaseControlType.CONSTANT_BASE;3;BranchControlType.BRANCH_INDEPENDENT_FROM_SECRET;BranchControlType.BRANCH_INDEPENDENT_FROM_SECRET;90176;True;False;True;True;True;False;False;True;True;False;False;False;True;False;True;False;True;False;True;False;[];['has_valid_base'];True;False;True;True;True;False;False;True;True;False;False;False;True;False;True;False;True;False;True;False;[];['has_valid_base']
c1efb63a-cf72-473b-a095-003d62951305;ZSTD_copyCCtx;0x16bc0;0x16040;0x0;TransmitterType.STORE;91;0;False;['0x16bc0', '0x16c44', '0x16c5c', '0x15fe4'];<BV64 0x138 + x0>;64;[];[];['<BV64 x0>'];[];['<BV64 x0>'];[];[];0;18446744073709551615;18446744073709551615;1;;;True;0;18446744073709551615;18446744073709551615;1;;;True;ControlType.CONTROLLED;0;<BV64 0x138>;64;[];[];[];[];[];[];[];312.0;312.0;0.0;1.0;;;True;312.0;312.0;0.0;1.0;;;True;ControlType.NO_CONTROL;0;<BV64 0x138>;64;[];[];[];[];[];[];[];312;312;0;1.0;;;True;312.0;312.0;0.0;1.0;;;True;ControlType.NO_CONTROL;0;<BV64 x0>;64;[];[];['<BV64 x0>'];[];['<BV64 x0>'];[];[];0.0;1.8446744073709552e+19;18446744073709551615;1;;;True;0.0;1.8446744073709552e+19;18446744073709551615;1;;;True;ControlType.CONTROLLED;0;<BV64 x0>;64;[];[];['<BV64 x0>'];[];['<BV64 x0>'];[];[];0.0;1.8446744073709552e+19;1.8446744073709552e+19;1.0;;;True;0.0;1.8446744073709552e+19;1.8446744073709552e+19;1.0;;;True;ControlType.CONTROLLED;0;<BV64 x0>;64;[];[];[];[];[];[];[];0;0;0;;;;False;0;0;0;;;;False;ControlType.UNKNOWN;0;[('0x16bf4', <Bool x2 == 0x0>, 'Taken'), ('0x16c58', <Bool LOAD_32[<BV64 x1>]_144 == 0x1>, 'Taken'), ('0x16d14', <Bool True>, 'Taken')];"{'regs': ['<BV64 x1>', '<BV64 x2>'], 'indirect_regs': [""<BV64 x1>: ['0x0']""], 'direct_regs': ['<BV64 x2>'], 'mem': ['<BV64 x1>'], 'const_mem': []}";[];{'regs': [], 'indirect_regs': [], 'direct_regs': [], 'mem': [], 'const_mem': []};{'regs': ['<BV64 x0>'], 'indirect_regs': [], 'direct_regs': ['<BV64 x0>'], 'mem': [], 'const_mem': []};"{'regs': ['<BV64 x0>', '<BV64 x1>', '<BV64 x2>'], 'indirect_regs': [""<BV64 x1>: ['0x0']""], 'direct_regs': ['<BV64 x0>', '<BV64 x2>'], 'mem': ['<BV64 x1>'], 'const_mem': []}";63.0;0.0;64.0;64.0;[];;;;BaseControlType.CONSTANT_BASE;BaseControlType.CONSTANT_BASE;BaseControlType.CONSTANT_BASE;3;BranchControlType.BRANCH_INDEPENDENT_FROM_SECRET;BranchControlType.BRANCH_INDEPENDENT_FROM_SECRET;90176;True;False;True;True;True;False;False;True;True;False;False;False;True;False;True;False;True;False;True;False;[];['has_valid_base'];True;False;True;True;True;False;False;True;True;False;False;False;True;False;True;False;True;False;True;False;[];['has_valid_base']
43e14b73-42e0-4f9d-a315-ca03f32af741;ZSTD_copyCCtx;0x16bc0;0x16048;0x0;TransmitterType.STORE;93;0;False;['0x16bc0', '0x16c44', '0x16c5c', '0x15fe4'];<BV64 0x148 + x0>;64;[];[];['<BV64 x0>'];[];['<BV64 x0>'];[];[];0;18446744073709551615;18446744073709551615;1;;;True;0;18446744073709551615;18446744073709551615;1;;;True;ControlType.CONTROLLED;0;<BV64 0x148>;64;[];[];[];[];[];[];[];328.0;328.0;0.0;1.0;;;True;328.0;328.0;0.0;1.0;;;True;ControlType.NO_CONTROL;0;<BV64 0x148>;64;[];[];[];[];[];[];[];328;328;0;1.0;;;True;328.0;328.0;0.0;1.0;;;True;ControlType.NO_CONTROL;0;<BV64 x0>;64;[];[];['<BV64 x0>'];[];['<BV64 x0>'];[];[];0.0;1.8446744073709552e+19;18446744073709551615;1;;;True;0.0;1.8446744073709552e+19;18446744073709551615;1;;;True;ControlType.CONTROLLED;0;<BV64 x0>;64;[];[];['<BV64 x0>'];[];['<BV64 x0>'];[];[];0.0;1.8446744073709552e+19;1.8446744073709552e+19;1.0;;;True;0.0;1.8446744073709552e+19;1.8446744073709552e+19;1.0;;;True;ControlType.CONTROLLED;0;<BV64 x0>;64;[];[];[];[];[];[];[];0;0;0;;;;False;0;0;0;;;;False;ControlType.UNKNOWN;0;[('0x16bf4', <Bool x2 == 0x0>, 'Taken'), ('0x16c58', <Bool LOAD_32[<BV64 x1>]_144 == 0x1>, 'Taken'), ('0x16d14', <Bool True>, 'Taken')];"{'regs': ['<BV64 x1>', '<BV64 x2>'], 'indirect_regs': [""<BV64 x1>: ['0x0']""], 'direct_regs': ['<BV64 x2>'], 'mem': ['<BV64 x1>'], 'const_mem': []}";[];{'regs': [], 'indirect_regs': [], 'direct_regs': [], 'mem': [], 'const_mem': []};{'regs': ['<BV64 x0>'], 'indirect_regs': [], 'direct_regs': ['<BV64 x0>'], 'mem': [], 'const_mem': []};"{'regs': ['<BV64 x0>', '<BV64 x1>', '<BV64 x2>'], 'indirect_regs': [""<BV64 x1>: ['0x0']""], 'direct_regs': ['<BV64 x0>', '<BV64 x2>'], 'mem': ['<BV64 x1>'], 'const_mem': []}";63.0;0.0;64.0;64.0;[];;;;BaseControlType.CONSTANT_BASE;BaseControlType.CONSTANT_BASE;BaseControlType.CONSTANT_BASE;3;BranchControlType.BRANCH_INDEPENDENT_FROM_SECRET;BranchControlType.BRANCH_INDEPENDENT_FROM_SECRET;90184;True;False;True;True;True;False;False;True;True;False;False;False;True;False;True;False;True;False;True;False;[];['has_valid_base'];True;False;True;True;True;False;False;True;True;False;False;False;True;False;True;False;True;False;True;False;[];['has_valid_base']
f5b75594-c623-4f45-bbb6-5003131581dd;ZSTD_copyCCtx;0x16bc0;0x16048;0x0;TransmitterType.STORE;93;0;False;['0x16bc0', '0x16c44', '0x16c5c', '0x15fe4'];<BV64 0x158 + x0>;64;[];[];['<BV64 x0>'];[];['<BV64 x0>'];[];[];0;18446744073709551615;18446744073709551615;1;;;True;0;18446744073709551615;18446744073709551615;1;;;True;ControlType.CONTROLLED;0;<BV64 0x158>;64;[];[];[];[];[];[];[];344.0;344.0;0.0;1.0;;;True;344.0;344.0;0.0;1.0;;;True;ControlType.NO_CONTROL;0;<BV64 0x158>;64;[];[];[];[];[];[];[];344;344;0;1.0;;;True;344.0;344.0;0.0;1.0;;;True;ControlType.NO_CONTROL;0;<BV64 x0>;64;[];[];['<BV64 x0>'];[];['<BV64 x0>'];[];[];0.0;1.8446744073709552e+19;18446744073709551615;1;;;True;0.0;1.8446744073709552e+19;18446744073709551615;1;;;True;ControlType.CONTROLLED;0;<BV64 x0>;64;[];[];['<BV64 x0>'];[];['<BV64 x0>'];[];[];0.0;1.8446744073709552e+19;1.8446744073709552e+19;1.0;;;True;0.0;1.8446744073709552e+19;1.8446744073709552e+19;1.0;;;True;ControlType.CONTROLLED;0;<BV64 x0>;64;[];[];[];[];[];[];[];0;0;0;;;;False;0;0;0;;;;False;ControlType.UNKNOWN;0;[('0x16bf4', <Bool x2 == 0x0>, 'Taken'), ('0x16c58', <Bool LOAD_32[<BV64 x1>]_144 == 0x1>, 'Taken'), ('0x16d14', <Bool True>, 'Taken')];"{'regs': ['<BV64 x1>', '<BV64 x2>'], 'indirect_regs': [""<BV64 x1>: ['0x0']""], 'direct_regs': ['<BV64 x2>'], 'mem': ['<BV64 x1>'], 'const_mem': []}";[];{'regs': [], 'indirect_regs': [], 'direct_regs': [], 'mem': [], 'const_mem': []};{'regs': ['<BV64 x0>'], 'indirect_regs': [], 'direct_regs': ['<BV64 x0>'], 'mem': [], 'const_mem': []};"{'regs': ['<BV64 x0>', '<BV64 x1>', '<BV64 x2>'], 'indirect_regs': [""<BV64 x1>: ['0x0']""], 'direct_regs': ['<BV64 x0>', '<BV64 x2>'], 'mem': ['<BV64 x1>'], 'const_mem': []}";63.0;0.0;64.0;64.0;[];;;;BaseControlType.CONSTANT_BASE;BaseControlType.CONSTANT_BASE;BaseControlType.CONSTANT_BASE;3;BranchControlType.BRANCH_INDEPENDENT_FROM_SECRET;BranchControlType.BRANCH_INDEPENDENT_FROM_SECRET;90184;True;False;True;True;True;False;False;True;True;False;False;False;True;False;True;False;True;False;True;False;[];['has_valid_base'];True;False;True;True;True;False;False;True;True;False;False;False;True;False;True;False;True;False;True;False;[];['has_valid_base']
f3131f8e-47cf-4c86-9586-faba778b3735;ZSTD_copyCCtx;0x16bc0;0x1604c;0x0;TransmitterType.LOAD;94;0;False;['0x16bc0', '0x16c44', '0x16c5c', '0x15fe4'];<BV64 0x148 + x0>;64;[];[];['<BV64 x0>'];[];['<BV64 x0>'];[];[];0;18446744073709551615;18446744073709551615;1;;;True;0;18446744073709551615;18446744073709551615;1;;;True;ControlType.CONTROLLED;0;<BV64 0x148>;64;[];[];[];[];[];[];[];328.0;328.0;0.0;1.0;;;True;328.0;328.0;0.0;1.0;;;True;ControlType.NO_CONTROL;0;<BV64 0x148>;64;[];[];[];[];[];[];[];328;328;0;1.0;;;True;328.0;328.0;0.0;1.0;;;True;ControlType.NO_CONTROL;0;<BV64 x0>;64;[];[];['<BV64 x0>'];[];['<BV64 x0>'];[];[];0.0;1.8446744073709552e+19;18446744073709551615;1;;;True;0.0;1.8446744073709552e+19;18446744073709551615;1;;;True;ControlType.CONTROLLED;0;<BV64 x0>;64;[];[];['<BV64 x0>'];[];['<BV64 x0>'];[];[];0.0;1.8446744073709552e+19;1.8446744073709552e+19;1.0;;;True;0.0;1.8446744073709552e+19;1.8446744073709552e+19;1.0;;;True;ControlType.CONTROLLED;0;<BV64 x0>;64;[];[];[];[];[];[];[];0;0;0;;;;False;0;0;0;;;;False;ControlType.UNKNOWN;0;[('0x16bf4', <Bool x2 == 0x0>, 'Taken'), ('0x16c58', <Bool LOAD_32[<BV64 x1>]_144 == 0x1>, 'Taken'), ('0x16d14', <Bool True>, 'Taken')];"{'regs': ['<BV64 x1>', '<BV64 x2>'], 'indirect_regs': [""<BV64 x1>: ['0x0']""], 'direct_regs': ['<BV64 x2>'], 'mem': ['<BV64 x1>'], 'const_mem': []}";[];{'regs': [], 'indirect_regs': [], 'direct_regs': [], 'mem': [], 'const_mem': []};{'regs': ['<BV64 x0>'], 'indirect_regs': [], 'direct_regs': ['<BV64 x0>'], 'mem': [], 'const_mem': []};"{'regs': ['<BV64 x0>', '<BV64 x1>', '<BV64 x2>'], 'indirect_regs': [""<BV64 x1>: ['0x0']""], 'direct_regs': ['<BV64 x0>', '<BV64 x2>'], 'mem': ['<BV64 x1>'], 'const_mem': []}";63.0;0.0;64.0;64.0;[];;;;BaseControlType.CONSTANT_BASE;BaseControlType.CONSTANT_BASE;BaseControlType.CONSTANT_BASE;3;BranchControlType.BRANCH_INDEPENDENT_FROM_SECRET;BranchControlType.BRANCH_INDEPENDENT_FROM_SECRET;90188;True;False;True;True;True;False;False;True;True;False;False;False;True;False;True;False;True;False;True;False;[];['has_valid_base'];True;False;True;True;True;False;False;True;True;False;False;False;True;False;True;False;True;False;True;False;[];['has_valid_base']
06639351-d67e-437f-b562-0fbb61f4526e;ZSTD_copyCCtx;0x16bc0;0x16054;0x0;TransmitterType.STORE;96;0;False;['0x16bc0', '0x16c44', '0x16c5c', '0x15fe4'];<BV64 0x168 + x0>;64;[];[];['<BV64 x0>'];[];['<BV64 x0>'];[];[];0;18446744073709551615;18446744073709551615;1;;;True;0;18446744073709551615;18446744073709551615;1;;;True;ControlType.CONTROLLED;0;<BV64 0x168>;64;[];[];[];[];[];[];[];360.0;360.0;0.0;1.0;;;True;360.0;360.0;0.0;1.0;;;True;ControlType.NO_CONTROL;0;<BV64 0x168>;64;[];[];[];[];[];[];[];360;360;0;1.0;;;True;360.0;360.0;0.0;1.0;;;True;ControlType.NO_CONTROL;0;<BV64 x0>;64;[];[];['<BV64 x0>'];[];['<BV64 x0>'];[];[];0.0;1.8446744073709552e+19;18446744073709551615;1;;;True;0.0;1.8446744073709552e+19;18446744073709551615;1;;;True;ControlType.CONTROLLED;0;<BV64 x0>;64;[];[];['<BV64 x0>'];[];['<BV64 x0>'];[];[];0.0;1.8446744073709552e+19;1.8446744073709552e+19;1.0;;;True;0.0;1.8446744073709552e+19;1.8446744073709552e+19;1.0;;;True;ControlType.CONTROLLED;0;<BV64 x0>;64;[];[];[];[];[];[];[];0;0;0;;;;False;0;0;0;;;;False;ControlType.UNKNOWN;0;[('0x16bf4', <Bool x2 == 0x0>, 'Taken'), ('0x16c58', <Bool LOAD_32[<BV64 x1>]_144 == 0x1>, 'Taken'), ('0x16d14', <Bool True>, 'Taken')];"{'regs': ['<BV64 x1>', '<BV64 x2>'], 'indirect_regs': [""<BV64 x1>: ['0x0']""], 'direct_regs': ['<BV64 x2>'], 'mem': ['<BV64 x1>'], 'const_mem': []}";[];{'regs': [], 'indirect_regs': [], 'direct_regs': [], 'mem': [], 'const_mem': []};{'regs': ['<BV64 x0>'], 'indirect_regs': [], 'direct_regs': ['<BV64 x0>'], 'mem': [], 'const_mem': []};"{'regs': ['<BV64 x0>', '<BV64 x1>', '<BV64 x2>'], 'indirect_regs': [""<BV64 x1>: ['0x0']""], 'direct_regs': ['<BV64 x0>', '<BV64 x2>'], 'mem': ['<BV64 x1>'], 'const_mem': []}";63.0;0.0;64.0;64.0;[];;;;BaseControlType.CONSTANT_BASE;BaseControlType.CONSTANT_BASE;BaseControlType.CONSTANT_BASE;3;BranchControlType.BRANCH_INDEPENDENT_FROM_SECRET;BranchControlType.BRANCH_INDEPENDENT_FROM_SECRET;90196;True;False;True;True;True;False;False;True;True;False;False;False;True;False;True;False;True;False;True;False;[];['has_valid_base'];True;False;True;True;True;False;False;True;True;False;False;False;True;False;True;False;True;False;True;False;[];['has_valid_base']
f6827815-c41d-4832-9836-55f525e006b3;ZSTD_copyCCtx;0x16bc0;0x16054;0x0;TransmitterType.STORE;96;0;False;['0x16bc0', '0x16c44', '0x16c5c', '0x15fe4'];<BV64 0x178 + x0>;64;[];[];['<BV64 x0>'];[];['<BV64 x0>'];[];[];0;18446744073709551615;18446744073709551615;1;;;True;0;18446744073709551615;18446744073709551615;1;;;True;ControlType.CONTROLLED;0;<BV64 0x178>;64;[];[];[];[];[];[];[];376.0;376.0;0.0;1.0;;;True;376.0;376.0;0.0;1.0;;;True;ControlType.NO_CONTROL;0;<BV64 0x178>;64;[];[];[];[];[];[];[];376;376;0;1.0;;;True;376.0;376.0;0.0;1.0;;;True;ControlType.NO_CONTROL;0;<BV64 x0>;64;[];[];['<BV64 x0>'];[];['<BV64 x0>'];[];[];0.0;1.8446744073709552e+19;18446744073709551615;1;;;True;0.0;1.8446744073709552e+19;18446744073709551615;1;;;True;ControlType.CONTROLLED;0;<BV64 x0>;64;[];[];['<BV64 x0>'];[];['<BV64 x0>'];[];[];0.0;1.8446744073709552e+19;1.8446744073709552e+19;1.0;;;True;0.0;1.8446744073709552e+19;1.8446744073709552e+19;1.0;;;True;ControlType.CONTROLLED;0;<BV64 x0>;64;[];[];[];[];[];[];[];0;0;0;;;;False;0;0;0;;;;False;ControlType.UNKNOWN;0;[('0x16bf4', <Bool x2 == 0x0>, 'Taken'), ('0x16c58', <Bool LOAD_32[<BV64 x1>]_144 == 0x1>, 'Taken'), ('0x16d14', <Bool True>, 'Taken')];"{'regs': ['<BV64 x1>', '<BV64 x2>'], 'indirect_regs': [""<BV64 x1>: ['0x0']""], 'direct_regs': ['<BV64 x2>'], 'mem': ['<BV64 x1>'], 'const_mem': []}";[];{'regs': [], 'indirect_regs': [], 'direct_regs': [], 'mem': [], 'const_mem': []};{'regs': ['<BV64 x0>'], 'indirect_regs': [], 'direct_regs': ['<BV64 x0>'], 'mem': [], 'const_mem': []};"{'regs': ['<BV64 x0>', '<BV64 x1>', '<BV64 x2>'], 'indirect_regs': [""<BV64 x1>: ['0x0']""], 'direct_regs': ['<BV64 x0>', '<BV64 x2>'], 'mem': ['<BV64 x1>'], 'const_mem': []}";63.0;0.0;64.0;64.0;[];;;;BaseControlType.CONSTANT_BASE;BaseControlType.CONSTANT_BASE;BaseControlType.CONSTANT_BASE;3;BranchControlType.BRANCH_INDEPENDENT_FROM_SECRET;BranchControlType.BRANCH_INDEPENDENT_FROM_SECRET;90196;True;False;True;True;True;False;False;True;True;False;False;False;True;False;True;False;True;False;True;False;[];['has_valid_base'];True;False;True;True;True;False;False;True;True;False;False;False;True;False;True;False;True;False;True;False;[];['has_valid_base']
96a98a66-2a1d-4e6d-921a-27ad0e68eeea;ZSTD_copyCCtx;0x16bc0;0x1605c;0x0;TransmitterType.STORE;98;0;False;['0x16bc0', '0x16c44', '0x16c5c', '0x15fe4'];<BV64 0x188 + x0>;64;[];[];['<BV64 x0>'];[];['<BV64 x0>'];[];[];0;18446744073709551615;18446744073709551615;1;;;True;0;18446744073709551615;18446744073709551615;1;;;True;ControlType.CONTROLLED;0;<BV64 0x188>;64;[];[];[];[];[];[];[];392.0;392.0;0.0;1.0;;;True;392.0;392.0;0.0;1.0;;;True;ControlType.NO_CONTROL;0;<BV64 0x188>;64;[];[];[];[];[];[];[];392;392;0;1.0;;;True;392.0;392.0;0.0;1.0;;;True;ControlType.NO_CONTROL;0;<BV64 x0>;64;[];[];['<BV64 x0>'];[];['<BV64 x0>'];[];[];0.0;1.8446744073709552e+19;18446744073709551615;1;;;True;0.0;1.8446744073709552e+19;18446744073709551615;1;;;True;ControlType.CONTROLLED;0;<BV64 x0>;64;[];[];['<BV64 x0>'];[];['<BV64 x0>'];[];[];0.0;1.8446744073709552e+19;1.8446744073709552e+19;1.0;;;True;0.0;1.8446744073709552e+19;1.8446744073709552e+19;1.0;;;True;ControlType.CONTROLLED;0;<BV64 x0>;64;[];[];[];[];[];[];[];0;0;0;;;;False;0;0;0;;;;False;ControlType.UNKNOWN;0;[('0x16bf4', <Bool x2 == 0x0>, 'Taken'), ('0x16c58', <Bool LOAD_32[<BV64 x1>]_144 == 0x1>, 'Taken'), ('0x16d14', <Bool True>, 'Taken')];"{'regs': ['<BV64 x1>', '<BV64 x2>'], 'indirect_regs': [""<BV64 x1>: ['0x0']""], 'direct_regs': ['<BV64 x2>'], 'mem': ['<BV64 x1>'], 'const_mem': []}";[];{'regs': [], 'indirect_regs': [], 'direct_regs': [], 'mem': [], 'const_mem': []};{'regs': ['<BV64 x0>'], 'indirect_regs': [], 'direct_regs': ['<BV64 x0>'], 'mem': [], 'const_mem': []};"{'regs': ['<BV64 x0>', '<BV64 x1>', '<BV64 x2>'], 'indirect_regs': [""<BV64 x1>: ['0x0']""], 'direct_regs': ['<BV64 x0>', '<BV64 x2>'], 'mem': ['<BV64 x1>'], 'const_mem': []}";63.0;0.0;64.0;64.0;[];;;;BaseControlType.CONSTANT_BASE;BaseControlType.CONSTANT_BASE;BaseControlType.CONSTANT_BASE;3;BranchControlType.BRANCH_INDEPENDENT_FROM_SECRET;BranchControlType.BRANCH_INDEPENDENT_FROM_SECRET;90204;True;False;True;True;True;False;False;True;True;False;False;False;True;False;True;False;True;False;True;False;[];['has_valid_base'];True;False;True;True;True;False;False;True;True;False;False;False;True;False;True;False;True;False;True;False;[];['has_valid_base']
dced7203-378c-4b81-b661-dcc4c5c1e4c5;ZSTD_copyCCtx;0x16bc0;0x1605c;0x0;TransmitterType.STORE;98;0;False;['0x16bc0', '0x16c44', '0x16c5c', '0x15fe4'];<BV64 0x198 + x0>;64;[];[];['<BV64 x0>'];[];['<BV64 x0>'];[];[];0;18446744073709551615;18446744073709551615;1;;;True;0;18446744073709551615;18446744073709551615;1;;;True;ControlType.CONTROLLED;0;<BV64 0x198>;64;[];[];[];[];[];[];[];408.0;408.0;0.0;1.0;;;True;408.0;408.0;0.0;1.0;;;True;ControlType.NO_CONTROL;0;<BV64 0x198>;64;[];[];[];[];[];[];[];408;408;0;1.0;;;True;408.0;408.0;0.0;1.0;;;True;ControlType.NO_CONTROL;0;<BV64 x0>;64;[];[];['<BV64 x0>'];[];['<BV64 x0>'];[];[];0.0;1.8446744073709552e+19;18446744073709551615;1;;;True;0.0;1.8446744073709552e+19;18446744073709551615;1;;;True;ControlType.CONTROLLED;0;<BV64 x0>;64;[];[];['<BV64 x0>'];[];['<BV64 x0>'];[];[];0.0;1.8446744073709552e+19;1.8446744073709552e+19;1.0;;;True;0.0;1.8446744073709552e+19;1.8446744073709552e+19;1.0;;;True;ControlType.CONTROLLED;0;<BV64 x0>;64;[];[];[];[];[];[];[];0;0;0;;;;False;0;0;0;;;;False;ControlType.UNKNOWN;0;[('0x16bf4', <Bool x2 == 0x0>, 'Taken'), ('0x16c58', <Bool LOAD_32[<BV64 x1>]_144 == 0x1>, 'Taken'), ('0x16d14', <Bool True>, 'Taken')];"{'regs': ['<BV64 x1>', '<BV64 x2>'], 'indirect_regs': [""<BV64 x1>: ['0x0']""], 'direct_regs': ['<BV64 x2>'], 'mem': ['<BV64 x1>'], 'const_mem': []}";[];{'regs': [], 'indirect_regs': [], 'direct_regs': [], 'mem': [], 'const_mem': []};{'regs': ['<BV64 x0>'], 'indirect_regs': [], 'direct_regs': ['<BV64 x0>'], 'mem': [], 'const_mem': []};"{'regs': ['<BV64 x0>', '<BV64 x1>', '<BV64 x2>'], 'indirect_regs': [""<BV64 x1>: ['0x0']""], 'direct_regs': ['<BV64 x0>', '<BV64 x2>'], 'mem': ['<BV64 x1>'], 'const_mem': []}";63.0;0.0;64.0;64.0;[];;;;BaseControlType.CONSTANT_BASE;BaseControlType.CONSTANT_BASE;BaseControlType.CONSTANT_BASE;3;BranchControlType.BRANCH_INDEPENDENT_FROM_SECRET;BranchControlType.BRANCH_INDEPENDENT_FROM_SECRET;90204;True;False;True;True;True;False;False;True;True;False;False;False;True;False;True;False;True;False;True;False;[];['has_valid_base'];True;False;True;True;True;False;False;True;True;False;False;False;True;False;True;False;True;False;True;False;[];['has_valid_base']
a4f51d12-5393-4b9f-89ce-ea441d112225;ZSTD_copyCCtx;0x16bc0;0x16064;0x0;TransmitterType.STORE;100;0;False;['0x16bc0', '0x16c44', '0x16c5c', '0x15fe4'];<BV64 0x1a8 + x0>;64;[];[];['<BV64 x0>'];[];['<BV64 x0>'];[];[];0;18446744073709551615;18446744073709551615;1;;;True;0;18446744073709551615;18446744073709551615;1;;;True;ControlType.CONTROLLED;0;<BV64 0x1a8>;64;[];[];[];[];[];[];[];424.0;424.0;0.0;1.0;;;True;424.0;424.0;0.0;1.0;;;True;ControlType.NO_CONTROL;0;<BV64 0x1a8>;64;[];[];[];[];[];[];[];424;424;0;1.0;;;True;424.0;424.0;0.0;1.0;;;True;ControlType.NO_CONTROL;0;<BV64 x0>;64;[];[];['<BV64 x0>'];[];['<BV64 x0>'];[];[];0.0;1.8446744073709552e+19;18446744073709551615;1;;;True;0.0;1.8446744073709552e+19;18446744073709551615;1;;;True;ControlType.CONTROLLED;0;<BV64 x0>;64;[];[];['<BV64 x0>'];[];['<BV64 x0>'];[];[];0.0;1.8446744073709552e+19;1.8446744073709552e+19;1.0;;;True;0.0;1.8446744073709552e+19;1.8446744073709552e+19;1.0;;;True;ControlType.CONTROLLED;0;<BV64 x0>;64;[];[];[];[];[];[];[];0;0;0;;;;False;0;0;0;;;;False;ControlType.UNKNOWN;0;[('0x16bf4', <Bool x2 == 0x0>, 'Taken'), ('0x16c58', <Bool LOAD_32[<BV64 x1>]_144 == 0x1>, 'Taken'), ('0x16d14', <Bool True>, 'Taken')];"{'regs': ['<BV64 x1>', '<BV64 x2>'], 'indirect_regs': [""<BV64 x1>: ['0x0']""], 'direct_regs': ['<BV64 x2>'], 'mem': ['<BV64 x1>'], 'const_mem': []}";[];{'regs': [], 'indirect_regs': [], 'direct_regs': [], 'mem': [], 'const_mem': []};{'regs': ['<BV64 x0>'], 'indirect_regs': [], 'direct_regs': ['<BV64 x0>'], 'mem': [], 'const_mem': []};"{'regs': ['<BV64 x0>', '<BV64 x1>', '<BV64 x2>'], 'indirect_regs': [""<BV64 x1>: ['0x0']""], 'direct_regs': ['<BV64 x0>', '<BV64 x2>'], 'mem': ['<BV64 x1>'], 'const_mem': []}";63.0;0.0;64.0;64.0;[];;;;BaseControlType.CONSTANT_BASE;BaseControlType.CONSTANT_BASE;BaseControlType.CONSTANT_BASE;3;BranchControlType.BRANCH_INDEPENDENT_FROM_SECRET;BranchControlType.BRANCH_INDEPENDENT_FROM_SECRET;90212;True;False;True;True;True;False;False;True;True;False;False;False;True;False;True;False;True;False;True;False;[];['has_valid_base'];True;False;True;True;True;False;False;True;True;False;False;False;True;False;True;False;True;False;True;False;[];['has_valid_base']
9af26146-7cbe-4e87-ab61-def289037b6e;ZSTD_copyCCtx;0x16bc0;0x1606c;0x0;TransmitterType.STORE;102;0;False;['0x16bc0', '0x16c44', '0x16c5c', '0x15fe4'];<BV64 0x1b8 + x0>;64;[];[];['<BV64 x0>'];[];['<BV64 x0>'];[];[];0;18446744073709551615;18446744073709551615;1;;;True;0;18446744073709551615;18446744073709551615;1;;;True;ControlType.CONTROLLED;0;<BV64 0x1b8>;64;[];[];[];[];[];[];[];440.0;440.0;0.0;1.0;;;True;440.0;440.0;0.0;1.0;;;True;ControlType.NO_CONTROL;0;<BV64 0x1b8>;64;[];[];[];[];[];[];[];440;440;0;1.0;;;True;440.0;440.0;0.0;1.0;;;True;ControlType.NO_CONTROL;0;<BV64 x0>;64;[];[];['<BV64 x0>'];[];['<BV64 x0>'];[];[];0.0;1.8446744073709552e+19;18446744073709551615;1;;;True;0.0;1.8446744073709552e+19;18446744073709551615;1;;;True;ControlType.CONTROLLED;0;<BV64 x0>;64;[];[];['<BV64 x0>'];[];['<BV64 x0>'];[];[];0.0;1.8446744073709552e+19;1.8446744073709552e+19;1.0;;;True;0.0;1.8446744073709552e+19;1.8446744073709552e+19;1.0;;;True;ControlType.CONTROLLED;0;<BV64 x0>;64;[];[];[];[];[];[];[];0;0;0;;;;False;0;0;0;;;;False;ControlType.UNKNOWN;0;[('0x16bf4', <Bool x2 == 0x0>, 'Taken'), ('0x16c58', <Bool LOAD_32[<BV64 x1>]_144 == 0x1>, 'Taken'), ('0x16d14', <Bool True>, 'Taken')];"{'regs': ['<BV64 x1>', '<BV64 x2>'], 'indirect_regs': [""<BV64 x1>: ['0x0']""], 'direct_regs': ['<BV64 x2>'], 'mem': ['<BV64 x1>'], 'const_mem': []}";[];{'regs': [], 'indirect_regs': [], 'direct_regs': [], 'mem': [], 'const_mem': []};{'regs': ['<BV64 x0>'], 'indirect_regs': [], 'direct_regs': ['<BV64 x0>'], 'mem': [], 'const_mem': []};"{'regs': ['<BV64 x0>', '<BV64 x1>', '<BV64 x2>'], 'indirect_regs': [""<BV64 x1>: ['0x0']""], 'direct_regs': ['<BV64 x0>', '<BV64 x2>'], 'mem': ['<BV64 x1>'], 'const_mem': []}";63.0;0.0;64.0;64.0;[];;;;BaseControlType.CONSTANT_BASE;BaseControlType.CONSTANT_BASE;BaseControlType.CONSTANT_BASE;3;BranchControlType.BRANCH_INDEPENDENT_FROM_SECRET;BranchControlType.BRANCH_INDEPENDENT_FROM_SECRET;90220;True;False;True;True;True;False;False;True;True;False;False;False;True;False;True;False;True;False;True;False;[];['has_valid_base'];True;False;True;True;True;False;False;True;True;False;False;False;True;False;True;False;True;False;True;False;[];['has_valid_base']
072c476b-f95b-4a2a-8d06-474db93bcff6;ZSTD_copyCCtx;0x16bc0;0x16078;0x0;TransmitterType.LOAD;105;0;False;['0x16bc0', '0x16c44', '0x16c5c', '0x15fe4', '0x16078'];<BV64 0xec + x0>;64;[];[];['<BV64 x0>'];[];['<BV64 x0>'];[];[];0;18446744073709551615;18446744073709551615;1;;;True;0;18446744073709551615;18446744073709551615;1;;;True;ControlType.CONTROLLED;0;<BV64 0xec>;64;[];[];[];[];[];[];[];236.0;236.0;0.0;1.0;;;True;236.0;236.0;0.0;1.0;;;True;ControlType.NO_CONTROL;0;<BV64 0xec>;64;[];[];[];[];[];[];[];236;236;0;1.0;;;True;236.0;236.0;0.0;1.0;;;True;ControlType.NO_CONTROL;0;<BV64 x0>;64;[];[];['<BV64 x0>'];[];['<BV64 x0>'];[];[];0.0;1.8446744073709552e+19;18446744073709551615;1;;;True;0.0;1.8446744073709552e+19;18446744073709551615;1;;;True;ControlType.CONTROLLED;0;<BV64 x0>;64;[];[];['<BV64 x0>'];[];['<BV64 x0>'];[];[];0.0;1.8446744073709552e+19;1.8446744073709552e+19;1.0;;;True;0.0;1.8446744073709552e+19;1.8446744073709552e+19;1.0;;;True;ControlType.CONTROLLED;0;<BV64 x0>;64;[];[];[];[];[];[];[];0;0;0;;;;False;0;0;0;;;;False;ControlType.UNKNOWN;0;[('0x16074', <Bool LOAD_64[<BV64 x1 + 0x148>]_181[31:0] != 0x1>, 'Taken'), ('0x16bf4', <Bool x2 == 0x0>, 'Taken'), ('0x16c58', <Bool LOAD_32[<BV64 x1>]_144 == 0x1>, 'Taken'), ('0x16d14', <Bool True>, 'Taken')];"{'regs': ['<BV64 x1>', '<BV64 x2>'], 'indirect_regs': [""<BV64 x1>: ['0x0', '0x148']""], 'direct_regs': ['<BV64 x2>'], 'mem': ['<BV64 x1 + 0x148>', '<BV64 x1>'], 'const_mem': []}";[];{'regs': [], 'indirect_regs': [], 'direct_regs': [], 'mem': [], 'const_mem': []};{'regs': ['<BV64 x0>'], 'indirect_regs': [], 'direct_regs': ['<BV64 x0>'], 'mem': [], 'const_mem': []};"{'regs': ['<BV64 x0>', '<BV64 x1>', '<BV64 x2>'], 'indirect_regs': [""<BV64 x1>: ['0x0', '0x148']""], 'direct_regs': ['<BV64 x0>', '<BV64 x2>'], 'mem': ['<BV64 x1 + 0x148>', '<BV64 x1>'], 'const_mem': []}";63.0;0.0;64.0;64.0;[];;;;BaseControlType.CONSTANT_BASE;BaseControlType.CONSTANT_BASE;BaseControlType.CONSTANT_BASE;4;BranchControlType.BRANCH_INDEPENDENT_FROM_SECRET;BranchControlType.BRANCH_INDEPENDENT_FROM_SECRET;90232;True;False;True;True;True;False;False;True;True;False;False;False;True;False;True;False;True;False;True;False;[];['has_valid_base'];True;False;True;True;True;False;False;True;True;False;False;False;True;False;True;False;True;False;True;False;[];['has_valid_base']
fbbd530f-72c0-4680-9d40-e3c2a4c77448;ZSTD_copyCCtx;0x16bc0;0x16080;0x0;TransmitterType.LOAD;107;0;False;['0x16bc0', '0x16c44', '0x16c5c', '0x15fe4', '0x16078'];<BV64 0x1a8 + x0>;64;[];[];['<BV64 x0>'];[];['<BV64 x0>'];[];[];0;18446744073709551615;18446744073709551615;1;;;True;0;18446744073709551615;18446744073709551615;1;;;True;ControlType.CONTROLLED;0;<BV64 0x1a8>;64;[];[];[];[];[];[];[];424.0;424.0;0.0;1.0;;;True;424.0;424.0;0.0;1.0;;;True;ControlType.NO_CONTROL;0;<BV64 0x1a8>;64;[];[];[];[];[];[];[];424;424;0;1.0;;;True;424.0;424.0;0.0;1.0;;;True;ControlType.NO_CONTROL;0;<BV64 x0>;64;[];[];['<BV64 x0>'];[];['<BV64 x0>'];[];[];0.0;1.8446744073709552e+19;18446744073709551615;1;;;True;0.0;1.8446744073709552e+19;18446744073709551615;1;;;True;ControlType.CONTROLLED;0;<BV64 x0>;64;[];[];['<BV64 x0>'];[];['<BV64 x0>'];[];[];0.0;1.8446744073709552e+19;1.8446744073709552e+19;1.0;;;True;0.0;1.8446744073709552e+19;1.8446744073709552e+19;1.0;;;True;ControlType.CONTROLLED;0;<BV64 x0>;64;[];[];[];[];[];[];[];0;0;0;;;;False;0;0;0;;;;False;ControlType.UNKNOWN;0;[('0x16074', <Bool LOAD_64[<BV64 x1 + 0x148>]_181[31:0] != 0x1>, 'Taken'), ('0x16bf4', <Bool x2 == 0x0>, 'Taken'), ('0x16c58', <Bool LOAD_32[<BV64 x1>]_144 == 0x1>, 'Taken'), ('0x16d14', <Bool True>, 'Taken')];"{'regs': ['<BV64 x1>', '<BV64 x2>'], 'indirect_regs': [""<BV64 x1>: ['0x0', '0x148']""], 'direct_regs': ['<BV64 x2>'], 'mem': ['<BV64 x1 + 0x148>', '<BV64 x1>'], 'const_mem': []}";[];{'regs': [], 'indirect_regs': [], 'direct_regs': [], 'mem': [], 'const_mem': []};{'regs': ['<BV64 x0>'], 'indirect_regs': [], 'direct_regs': ['<BV64 x0>'], 'mem': [], 'const_mem': []};"{'regs': ['<BV64 x0>', '<BV64 x1>', '<BV64 x2>'], 'indirect_regs': [""<BV64 x1>: ['0x0', '0x148']""], 'direct_regs': ['<BV64 x0>', '<BV64 x2>'], 'mem': ['<BV64 x1 + 0x148>', '<BV64 x1>'], 'const_mem': []}";63.0;0.0;64.0;64.0;[];;;;BaseControlType.CONSTANT_BASE;BaseControlType.CONSTANT_BASE;BaseControlType.CONSTANT_BASE;4;BranchControlType.BRANCH_INDEPENDENT_FROM_SECRET;BranchControlType.BRANCH_INDEPENDENT_FROM_SECRET;90240;True;False;True;True;True;False;False;True;True;False;False;False;True;False;True;False;True;False;True;False;[];['has_valid_base'];True;False;True;True;True;False;False;True;True;False;False;False;True;False;True;False;True;False;True;False;[];['has_valid_base']
7ff45eeb-ce8d-43c9-8379-29b624f5d9c3;ZSTD_copyCCtx;0x16bc0;0x16080;0x0;TransmitterType.LOAD;107;0;False;['0x16bc0', '0x16c44', '0x16c5c', '0x15fe4', '0x16078'];<BV64 0x1b0 + x0>;64;[];[];['<BV64 x0>'];[];['<BV64 x0>'];[];[];0;18446744073709551615;18446744073709551615;1;;;True;0;18446744073709551615;18446744073709551615;1;;;True;ControlType.CONTROLLED;0;<BV64 0x1b0>;64;[];[];[];[];[];[];[];432.0;432.0;0.0;1.0;;;True;432.0;432.0;0.0;1.0;;;True;ControlType.NO_CONTROL;0;<BV64 0x1b0>;64;[];[];[];[];[];[];[];432;432;0;1.0;;;True;432.0;432.0;0.0;1.0;;;True;ControlType.NO_CONTROL;0;<BV64 x0>;64;[];[];['<BV64 x0>'];[];['<BV64 x0>'];[];[];0.0;1.8446744073709552e+19;18446744073709551615;1;;;True;0.0;1.8446744073709552e+19;18446744073709551615;1;;;True;ControlType.CONTROLLED;0;<BV64 x0>;64;[];[];['<BV64 x0>'];[];['<BV64 x0>'];[];[];0.0;1.8446744073709552e+19;1.8446744073709552e+19;1.0;;;True;0.0;1.8446744073709552e+19;1.8446744073709552e+19;1.0;;;True;ControlType.CONTROLLED;0;<BV64 x0>;64;[];[];[];[];[];[];[];0;0;0;;;;False;0;0;0;;;;False;ControlType.UNKNOWN;0;[('0x16074', <Bool LOAD_64[<BV64 x1 + 0x148>]_181[31:0] != 0x1>, 'Taken'), ('0x16bf4', <Bool x2 == 0x0>, 'Taken'), ('0x16c58', <Bool LOAD_32[<BV64 x1>]_144 == 0x1>, 'Taken'), ('0x16d14', <Bool True>, 'Taken')];"{'regs': ['<BV64 x1>', '<BV64 x2>'], 'indirect_regs': [""<BV64 x1>: ['0x0', '0x148']""], 'direct_regs': ['<BV64 x2>'], 'mem': ['<BV64 x1 + 0x148>', '<BV64 x1>'], 'const_mem': []}";[];{'regs': [], 'indirect_regs': [], 'direct_regs': [], 'mem': [], 'const_mem': []};{'regs': ['<BV64 x0>'], 'indirect_regs': [], 'direct_regs': ['<BV64 x0>'], 'mem': [], 'const_mem': []};"{'regs': ['<BV64 x0>', '<BV64 x1>', '<BV64 x2>'], 'indirect_regs': [""<BV64 x1>: ['0x0', '0x148']""], 'direct_regs': ['<BV64 x0>', '<BV64 x2>'], 'mem': ['<BV64 x1 + 0x148>', '<BV64 x1>'], 'const_mem': []}";63.0;0.0;64.0;64.0;[];;;;BaseControlType.CONSTANT_BASE;BaseControlType.CONSTANT_BASE;BaseControlType.CONSTANT_BASE;4;BranchControlType.BRANCH_INDEPENDENT_FROM_SECRET;BranchControlType.BRANCH_INDEPENDENT_FROM_SECRET;90240;True;False;True;True;True;False;False;True;True;False;False;False;True;False;True;False;True;False;True;False;[];['has_valid_base'];True;False;True;True;True;False;False;True;True;False;False;False;True;False;True;False;True;False;True;False;[];['has_valid_base']
7dce15f4-4421-4c9f-a847-ae6122cc058e;ZSTD_copyCCtx;0x16bc0;0x16090;0x0;TransmitterType.LOAD;111;0;False;['0x16bc0', '0x16c44', '0x16c5c', '0x15fe4', '0x16078'];<BV64 0xfc + x0>;64;[];[];['<BV64 x0>'];[];['<BV64 x0>'];[];[];0;18446744073709551615;18446744073709551615;1;;;True;0;18446744073709551615;18446744073709551615;1;;;True;ControlType.CONTROLLED;0;<BV64 0xfc>;64;[];[];[];[];[];[];[];252.0;252.0;0.0;1.0;;;True;252.0;252.0;0.0;1.0;;;True;ControlType.NO_CONTROL;0;<BV64 0xfc>;64;[];[];[];[];[];[];[];252;252;0;1.0;;;True;252.0;252.0;0.0;1.0;;;True;ControlType.NO_CONTROL;0;<BV64 x0>;64;[];[];['<BV64 x0>'];[];['<BV64 x0>'];[];[];0.0;1.8446744073709552e+19;18446744073709551615;1;;;True;0.0;1.8446744073709552e+19;18446744073709551615;1;;;True;ControlType.CONTROLLED;0;<BV64 x0>;64;[];[];['<BV64 x0>'];[];['<BV64 x0>'];[];[];0.0;1.8446744073709552e+19;1.8446744073709552e+19;1.0;;;True;0.0;1.8446744073709552e+19;1.8446744073709552e+19;1.0;;;True;ControlType.CONTROLLED;0;<BV64 x0>;64;[];[];[];[];[];[];[];0;0;0;;;;False;0;0;0;;;;False;ControlType.UNKNOWN;0;[('0x16074', <Bool LOAD_64[<BV64 x1 + 0x148>]_181[31:0] != 0x1>, 'Taken'), ('0x16bf4', <Bool x2 == 0x0>, 'Taken'), ('0x16c58', <Bool LOAD_32[<BV64 x1>]_144 == 0x1>, 'Taken'), ('0x16d14', <Bool True>, 'Taken')];"{'regs': ['<BV64 x1>', '<BV64 x2>'], 'indirect_regs': [""<BV64 x1>: ['0x0', '0x148']""], 'direct_regs': ['<BV64 x2>'], 'mem': ['<BV64 x1 + 0x148>', '<BV64 x1>'], 'const_mem': []}";[];{'regs': [], 'indirect_regs': [], 'direct_regs': [], 'mem': [], 'const_mem': []};{'regs': ['<BV64 x0>'], 'indirect_regs': [], 'direct_regs': ['<BV64 x0>'], 'mem': [], 'const_mem': []};"{'regs': ['<BV64 x0>', '<BV64 x1>', '<BV64 x2>'], 'indirect_regs': [""<BV64 x1>: ['0x0', '0x148']""], 'direct_regs': ['<BV64 x0>', '<BV64 x2>'], 'mem': ['<BV64 x1 + 0x148>', '<BV64 x1>'], 'const_mem': []}";63.0;0.0;64.0;64.0;[];;;;BaseControlType.CONSTANT_BASE;BaseControlType.CONSTANT_BASE;BaseControlType.CONSTANT_BASE;4;BranchControlType.BRANCH_INDEPENDENT_FROM_SECRET;BranchControlType.BRANCH_INDEPENDENT_FROM_SECRET;90256;True;False;True;True;True;False;False;True;True;False;False;False;True;False;True;False;True;False;True;False;[];['has_valid_base'];True;False;True;True;True;False;False;True;True;False;False;False;True;False;True;False;True;False;True;False;[];['has_valid_base']
6a85a850-3c67-400b-b9b9-29fd3e86277e;ZSTD_copyCCtx;0x16bc0;0x16678;0x0;TransmitterType.LOAD;105;0;False;['0x16bc0', '0x16c44', '0x16c5c', '0x15fe4', '0x16678'];<BV64 0xec + x0>;64;[];[];['<BV64 x0>'];[];['<BV64 x0>'];[];[];0;18446744073709551615;18446744073709551615;1;;;True;0;18446744073709551615;18446744073709551615;1;;;True;ControlType.CONTROLLED;0;<BV64 0xec>;64;[];[];[];[];[];[];[];236.0;236.0;0.0;1.0;;;True;236.0;236.0;0.0;1.0;;;True;ControlType.NO_CONTROL;0;<BV64 0xec>;64;[];[];[];[];[];[];[];236;236;0;1.0;;;True;236.0;236.0;0.0;1.0;;;True;ControlType.NO_CONTROL;0;<BV64 x0>;64;[];[];['<BV64 x0>'];[];['<BV64 x0>'];[];[];0.0;1.8446744073709552e+19;18446744073709551615;1;;;True;0.0;1.8446744073709552e+19;18446744073709551615;1;;;True;ControlType.CONTROLLED;0;<BV64 x0>;64;[];[];['<BV64 x0>'];[];['<BV64 x0>'];[];[];0.0;1.8446744073709552e+19;1.8446744073709552e+19;1.0;;;True;0.0;1.8446744073709552e+19;1.8446744073709552e+19;1.0;;;True;ControlType.CONTROLLED;0;<BV64 x0>;64;[];[];[];[];[];[];[];0;0;0;;;;False;0;0;0;;;;False;ControlType.UNKNOWN;0;[('0x16074', <Bool LOAD_64[<BV64 x1 + 0x148>]_181[31:0] == 0x1>, 'Taken'), ('0x16bf4', <Bool x2 == 0x0>, 'Taken'), ('0x16c58', <Bool LOAD_32[<BV64 x1>]_144 == 0x1>, 'Taken'), ('0x16d14', <Bool True>, 'Taken')];"{'regs': ['<BV64 x1>', '<BV64 x2>'], 'indirect_regs': [""<BV64 x1>: ['0x0', '0x148']""], 'direct_regs': ['<BV64 x2>'], 'mem': ['<BV64 x1 + 0x148>', '<BV64 x1>'], 'const_mem': []}";[];{'regs': [], 'indirect_regs': [], 'direct_regs': [], 'mem': [], 'const_mem': []};{'regs': ['<BV64 x0>'], 'indirect_regs': [], 'direct_regs': ['<BV64 x0>'], 'mem': [], 'const_mem': []};"{'regs': ['<BV64 x0>', '<BV64 x1>', '<BV64 x2>'], 'indirect_regs': [""<BV64 x1>: ['0x0', '0x148']""], 'direct_regs': ['<BV64 x0>', '<BV64 x2>'], 'mem': ['<BV64 x1 + 0x148>', '<BV64 x1>'], 'const_mem': []}";63.0;0.0;64.0;64.0;[];;;;BaseControlType.CONSTANT_BASE;BaseControlType.CONSTANT_BASE;BaseControlType.CONSTANT_BASE;4;BranchControlType.BRANCH_INDEPENDENT_FROM_SECRET;BranchControlType.BRANCH_INDEPENDENT_FROM_SECRET;91768;True;False;True;True;True;False;False;True;True;False;False;False;True;False;True;False;True;False;True;False;[];['has_valid_base'];True;False;True;True;True;False;False;True;True;False;False;False;True;False;True;False;True;False;True;False;[];['has_valid_base']
11064192-af99-4555-ae07-afaec4a3c2fd;ZSTD_CCtxParams_init;0x14b70;0x14b90;0x0;TransmitterType.STORE;9;0;False;['0x14b70', '0x14b80'];<BV64 0xd0 + x0>;64;[];[];['<BV64 x0>'];[];['<BV64 x0>'];[];[];0;18446744073709551615;18446744073709551615;1;;;True;0;18446744073709551615;18446744073709551615;1;;;True;ControlType.CONTROLLED;0;<BV64 0xd0>;64;[];[];[];[];[];[];[];208.0;208.0;0.0;1.0;;;True;208.0;208.0;0.0;1.0;;;True;ControlType.NO_CONTROL;0;<BV64 0xd0>;64;[];[];[];[];[];[];[];208;208;0;1.0;;;True;208.0;208.0;0.0;1.0;;;True;ControlType.NO_CONTROL;0;<BV64 x0>;64;[];[];['<BV64 x0>'];[];['<BV64 x0>'];[];[];0.0;1.8446744073709552e+19;18446744073709551615;1;;;True;1.0;1.8446744073709552e+19;18446744073709551614;1;;;True;ControlType.CONTROLLED;0;<BV64 x0>;64;[];[];['<BV64 x0>'];[];['<BV64 x0>'];[];[];0.0;1.8446744073709552e+19;1.8446744073709552e+19;1.0;;;True;1.0;1.8446744073709552e+19;1.8446744073709552e+19;1.0;;;True;ControlType.CONTROLLED;0;<BV64 x0>;64;[];[];[];[];[];[];[];0;0;0;;;;False;0;0;0;;;;False;ControlType.UNKNOWN;0;[('0x14b7c', <Bool x0 != 0x0>, 'Taken')];{'regs': ['<BV64 x0>'], 'indirect_regs': [], 'direct_regs': ['<BV64 x0>'], 'mem': [], 'const_mem': []};[];{'regs': [], 'indirect_regs': [], 'direct_regs': [], 'mem': [], 'const_mem': []};{'regs': ['<BV64 x0>'], 'indirect_regs': [], 'direct_regs': ['<BV64 x0>'], 'mem': [], 'const_mem': []};{'regs': ['<BV64 x0>', '<BV64 x0>'], 'indirect_regs': [], 'direct_regs': ['<BV64 x0>', '<BV64 x0>'], 'mem': [], 'const_mem': []};63.0;0.0;64.0;64.0;[];;;;BaseControlType.CONSTANT_BASE;BaseControlType.CONSTANT_BASE;BaseControlType.CONSTANT_BASE;1;BranchControlType.BRANCH_INDEPENDENT_FROM_SECRET;BranchControlType.BRANCH_INDEPENDENT_FROM_SECRET;84880;True;False;True;True;True;False;False;True;True;False;False;False;True;False;True;False;True;False;True;False;[];['has_valid_base'];True;False;True;True;True;False;False;True;True;False;False;False;True;False;True;False;True;False;True;False;[];['has_valid_base']
9b5fb1c9-5040-462d-8b79-311ced9b7c3f;ZSTD_CCtxParams_init;0x14b70;0x14b94;0x0;TransmitterType.STORE;10;0;False;['0x14b70', '0x14b80'];<BV64 0x20 + x0>;64;[];[];['<BV64 x0>'];[];['<BV64 x0>'];[];[];0;18446744073709551615;18446744073709551615;1;;;True;0;18446744073709551615;18446744073709551615;1;;;True;ControlType.CONTROLLED;0;<BV64 0x20>;64;[];[];[];[];[];[];[];32.0;32.0;0.0;1.0;;;True;32.0;32.0;0.0;1.0;;;True;ControlType.NO_CONTROL;0;<BV64 0x20>;64;[];[];[];[];[];[];[];32;32;0;1.0;;;True;32.0;32.0;0.0;1.0;;;True;ControlType.NO_CONTROL;0;<BV64 x0>;64;[];[];['<BV64 x0>'];[];['<BV64 x0>'];[];[];0.0;1.8446744073709552e+19;18446744073709551615;1;;;True;1.0;1.8446744073709552e+19;18446744073709551614;1;;;True;ControlType.CONTROLLED;0;<BV64 x0>;64;[];[];['<BV64 x0>'];[];['<BV64 x0>'];[];[];0.0;1.8446744073709552e+19;1.8446744073709552e+19;1.0;;;True;1.0;1.8446744073709552e+19;1.8446744073709552e+19;1.0;;;True;ControlType.CONTROLLED;0;<BV64 x0>;64;[];[];[];[];[];[];[];0;0;0;;;;False;0;0;0;;;;False;ControlType.UNKNOWN;0;[('0x14b7c', <Bool x0 != 0x0>, 'Taken')];{'regs': ['<BV64 x0>'], 'indirect_regs': [], 'direct_regs': ['<BV64 x0>'], 'mem': [], 'const_mem': []};[];{'regs': [], 'indirect_regs': [], 'direct_regs': [], 'mem': [], 'const_mem': []};{'regs': ['<BV64 x0>'], 'indirect_regs': [], 'direct_regs': ['<BV64 x0>'], 'mem': [], 'const_mem': []};{'regs': ['<BV64 x0>', '<BV64 x0>'], 'indirect_regs': [], 'direct_regs': ['<BV64 x0>', '<BV64 x0>'], 'mem': [], 'const_mem': []};63.0;0.0;64.0;64.0;[];;;;BaseControlType.CONSTANT_BASE;BaseControlType.CONSTANT_BASE;BaseControlType.CONSTANT_BASE;1;BranchControlType.BRANCH_INDEPENDENT_FROM_SECRET;BranchControlType.BRANCH_INDEPENDENT_FROM_SECRET;84884;True;False;True;True;True;False;False;True;True;False;False;False;True;False;True;False;True;False;True;False;[];['has_valid_base'];True;False;True;True;True;False;False;True;True;False;False;False;True;False;True;False;True;False;True;False;[];['has_valid_base']
e14a4fb0-45c7-447a-b010-2520749adc3e;ZSTD_CCtxParams_init;0x14b70;0x14b94;0x0;TransmitterType.STORE;10;0;False;['0x14b70', '0x14b80'];<BV64 0x30 + x0>;64;[];[];['<BV64 x0>'];[];['<BV64 x0>'];[];[];0;18446744073709551615;18446744073709551615;1;;;True;0;18446744073709551615;18446744073709551615;1;;;True;ControlType.CONTROLLED;0;<BV64 0x30>;64;[];[];[];[];[];[];[];48.0;48.0;0.0;1.0;;;True;48.0;48.0;0.0;1.0;;;True;ControlType.NO_CONTROL;0;<BV64 0x30>;64;[];[];[];[];[];[];[];48;48;0;1.0;;;True;48.0;48.0;0.0;1.0;;;True;ControlType.NO_CONTROL;0;<BV64 x0>;64;[];[];['<BV64 x0>'];[];['<BV64 x0>'];[];[];0.0;1.8446744073709552e+19;18446744073709551615;1;;;True;1.0;1.8446744073709552e+19;18446744073709551614;1;;;True;ControlType.CONTROLLED;0;<BV64 x0>;64;[];[];['<BV64 x0>'];[];['<BV64 x0>'];[];[];0.0;1.8446744073709552e+19;1.8446744073709552e+19;1.0;;;True;1.0;1.8446744073709552e+19;1.8446744073709552e+19;1.0;;;True;ControlType.CONTROLLED;0;<BV64 x0>;64;[];[];[];[];[];[];[];0;0;0;;;;False;0;0;0;;;;False;ControlType.UNKNOWN;0;[('0x14b7c', <Bool x0 != 0x0>, 'Taken')];{'regs': ['<BV64 x0>'], 'indirect_regs': [], 'direct_regs': ['<BV64 x0>'], 'mem': [], 'const_mem': []};[];{'regs': [], 'indirect_regs': [], 'direct_regs': [], 'mem': [], 'const_mem': []};{'regs': ['<BV64 x0>'], 'indirect_regs': [], 'direct_regs': ['<BV64 x0>'], 'mem': [], 'const_mem': []};{'regs': ['<BV64 x0>', '<BV64 x0>'], 'indirect_regs': [], 'direct_regs': ['<BV64 x0>', '<BV64 x0>'], 'mem': [], 'const_mem': []};63.0;0.0;64.0;64.0;[];;;;BaseControlType.CONSTANT_BASE;BaseControlType.CONSTANT_BASE;BaseControlType.CONSTANT_BASE;1;BranchControlType.BRANCH_INDEPENDENT_FROM_SECRET;BranchControlType.BRANCH_INDEPENDENT_FROM_SECRET;84884;True;False;True;True;True;False;False;True;True;False;False;False;True;False;True;False;True;False;True;False;[];['has_valid_base'];True;False;True;True;True;False;False;True;True;False;False;False;True;False;True;False;True;False;True;False;[];['has_valid_base']
5bbe7695-d49a-4063-ba74-113634e52eb3;ZSTD_CCtxParams_init;0x14b70;0x14b98;0x0;TransmitterType.STORE;11;0;False;['0x14b70', '0x14b80'];<BV64 0x20 + x0>;64;[];[];['<BV64 x0>'];[];['<BV64 x0>'];[];[];0;18446744073709551615;18446744073709551615;1;;;True;0;18446744073709551615;18446744073709551615;1;;;True;ControlType.CONTROLLED;0;<BV64 0x20>;64;[];[];[];[];[];[];[];32.0;32.0;0.0;1.0;;;True;32.0;32.0;0.0;1.0;;;True;ControlType.NO_CONTROL;0;<BV64 0x20>;64;[];[];[];[];[];[];[];32;32;0;1.0;;;True;32.0;32.0;0.0;1.0;;;True;ControlType.NO_CONTROL;0;<BV64 x0>;64;[];[];['<BV64 x0>'];[];['<BV64 x0>'];[];[];0.0;1.8446744073709552e+19;18446744073709551615;1;;;True;1.0;1.8446744073709552e+19;18446744073709551614;1;;;True;ControlType.CONTROLLED;0;<BV64 x0>;64;[];[];['<BV64 x0>'];[];['<BV64 x0>'];[];[];0.0;1.8446744073709552e+19;1.8446744073709552e+19;1.0;;;True;1.0;1.8446744073709552e+19;1.8446744073709552e+19;1.0;;;True;ControlType.CONTROLLED;0;<BV64 x0>;64;[];[];[];[];[];[];[];0;0;0;;;;False;0;0;0;;;;False;ControlType.UNKNOWN;0;[('0x14b7c', <Bool x0 != 0x0>, 'Taken')];{'regs': ['<BV64 x0>'], 'indirect_regs': [], 'direct_regs': ['<BV64 x0>'], 'mem': [], 'const_mem': []};[];{'regs': [], 'indirect_regs': [], 'direct_regs': [], 'mem': [], 'const_mem': []};{'regs': ['<BV64 x0>'], 'indirect_regs': [], 'direct_regs': ['<BV64 x0>'], 'mem': [], 'const_mem': []};{'regs': ['<BV64 x0>', '<BV64 x0>'], 'indirect_regs': [], 'direct_regs': ['<BV64 x0>', '<BV64 x0>'], 'mem': [], 'const_mem': []};63.0;0.0;64.0;64.0;[];;;;BaseControlType.CONSTANT_BASE;BaseControlType.CONSTANT_BASE;BaseControlType.CONSTANT_BASE;1;BranchControlType.BRANCH_INDEPENDENT_FROM_SECRET;BranchControlType.BRANCH_INDEPENDENT_FROM_SECRET;84888;True;False;True;True;True;False;False;True;True;False;False;False;True;False;True;False;True;False;True;False;[];['has_valid_base'];True;False;True;True;True;False;False;True;True;False;False;False;True;False;True;False;True;False;True;False;[];['has_valid_base']
b0467998-0876-4c6e-b9a2-e6a9353e76da;ZSTD_CCtxParams_init;0x14b70;0x14b9c;0x0;TransmitterType.STORE;12;0;False;['0x14b70', '0x14b80'];<BV64 0x2c + x0>;64;[('0x14b7c', <Bool x0 != 0x0>, 'Taken')];[];['<BV64 x0>'];[];['<BV64 x0>'];[];[];0;18446744073709551615;18446744073709551615;1;;;True;45;43;18446744073709551614;1;;;True;ControlType.CONTROLLED;0;<BV64 0x2c>;64;[];[];[];[];[];[];[];44.0;44.0;0.0;1.0;;;True;44.0;44.0;0.0;1.0;;;True;ControlType.NO_CONTROL;0;<BV64 0x2c>;64;[];[];[];[];[];[];[];44;44;0;1.0;;;True;44.0;44.0;0.0;1.0;;;True;ControlType.NO_CONTROL;0;<BV64 x0>;64;[('0x14b7c', <Bool x0 != 0x0>, 'Taken')];[];['<BV64 x0>'];[];['<BV64 x0>'];[];[];0.0;1.8446744073709552e+19;18446744073709551615;1;;;True;1.0;1.8446744073709552e+19;18446744073709551614;1;;;True;ControlType.CONTROLLED;0;<BV64 x0>;64;[('0x14b7c', <Bool x0 != 0x0>, 'Taken')];[];['<BV64 x0>'];[];['<BV64 x0>'];[];[];0.0;1.8446744073709552e+19;1.8446744073709552e+19;1.0;;;True;1.0;1.8446744073709552e+19;1.8446744073709552e+19;1.0;;;True;ControlType.CONTROLLED;0;<BV64 x0>;64;[];[];[];[];[];[];[];0;0;0;;;;False;0;0;0;;;;False;ControlType.UNKNOWN;0;[('0x14b7c', <Bool x0 != 0x0>, 'Taken')];{'regs': ['<BV64 x0>'], 'indirect_regs': [], 'direct_regs': ['<BV64 x0>'], 'mem': [], 'const_mem': []};[];{'regs': [], 'indirect_regs': [], 'direct_regs': [], 'mem': [], 'const_mem': []};{'regs': ['<BV64 x0>'], 'indirect_regs': [], 'direct_regs': ['<BV64 x0>'], 'mem': [], 'const_mem': []};{'regs': ['<BV64 x0>'], 'indirect_regs': [], 'direct_regs': ['<BV64 x0>'], 'mem': [], 'const_mem': []};63.0;0.0;64.0;64.0;[];;;;BaseControlType.CONSTANT_BASE;BaseControlType.CONSTANT_BASE;BaseControlType.CONSTANT_BASE;1;BranchControlType.BRANCH_DEPENDS_ON_SECRET_VALUE;BranchControlType.BRANCH_INDEPENDENT_FROM_SECRET;84892;True;False;True;True;True;False;False;True;True;False;False;False;True;False;True;True;True;False;True;False;[];['has_valid_base'];True;False;True;True;True;False;False;True;True;False;False;False;True;False;True;True;True;False;True;False;[];['has_valid_base']
a92a39cc-d49a-47d7-b478-c99183d0e077;ZSTD_CCtxParams_init;0x14b70;0x14ba0;0x0;TransmitterType.STORE;13;0;False;['0x14b70', '0x14b80'];<BV64 x0>;64;[('0x14b7c', <Bool x0 != 0x0>, 'Taken')];[];['<BV64 x0>'];[];['<BV64 x0>'];[];[];0;18446744073709551615;18446744073709551615;1;;;True;1;18446744073709551615;18446744073709551614;1;;;True;ControlType.CONTROLLED;0;;0;[];[];[];[];[];[];[];0.0;0.0;0.0;0.0;;;False;0.0;0.0;0.0;0.0;;;False;ControlType.UNKNOWN;0;;0;[];[];[];[];[];[];[];0;0;0;;;;False;0.0;0.0;0.0;0.0;;;False;ControlType.UNKNOWN;0;<BV64 x0>;64;[('0x14b7c', <Bool x0 != 0x0>, 'Taken')];[];['<BV64 x0>'];[];['<BV64 x0>'];[];[];0.0;1.8446744073709552e+19;18446744073709551615;1;;;True;1.0;1.8446744073709552e+19;18446744073709551614;1;;;True;ControlType.CONTROLLED;0;<BV64 x0>;64;[('0x14b7c', <Bool x0 != 0x0>, 'Taken')];[];['<BV64 x0>'];[];['<BV64 x0>'];[];[];0.0;1.8446744073709552e+19;1.8446744073709552e+19;1.0;;;True;1.0;1.8446744073709552e+19;1.8446744073709552e+19;1.0;;;True;ControlType.CONTROLLED;0;<BV64 x0>;64;[];[];[];[];[];[];[];0;0;0;;;;False;0;0;0;;;;False;ControlType.UNKNOWN;0;[('0x14b7c', <Bool x0 != 0x0>, 'Taken')];{'regs': ['<BV64 x0>'], 'indirect_regs': [], 'direct_regs': ['<BV64 x0>'], 'mem': [], 'const_mem': []};[];{'regs': [], 'indirect_regs': [], 'direct_regs': [], 'mem': [], 'const_mem': []};{'regs': ['<BV64 x0>'], 'indirect_regs': [], 'direct_regs': ['<BV64 x0>'], 'mem': [], 'const_mem': []};{'regs': ['<BV64 x0>'], 'indirect_regs': [], 'direct_regs': ['<BV64 x0>'], 'mem': [], 'const_mem': []};63.0;0.0;64.0;64.0;[];;;;BaseControlType.NO_BASE;BaseControlType.NO_BASE;BaseControlType.NO_BASE;1;BranchControlType.BRANCH_DEPENDS_ON_SECRET_VALUE;BranchControlType.BRANCH_INDEPENDENT_FROM_SECRET;84896;True;False;True;True;True;False;False;True;True;False;False;False;True;False;True;True;True;False;True;False;[];['has_valid_base'];True;False;True;True;True;False;False;True;True;False;False;False;True;False;True;True;True;False;True;False;[];['has_valid_base']
e98d3cdd-afd0-4d10-9b68-4fd01c649a56;ZSTD_CCtxParams_init;0x14b70;0x14ba0;0x0;TransmitterType.STORE;13;0;False;['0x14b70', '0x14b80'];<BV64 0x10 + x0>;64;[];[];['<BV64 x0>'];[];['<BV64 x0>'];[];[];0;18446744073709551615;18446744073709551615;1;;;True;0;18446744073709551615;18446744073709551615;1;;;True;ControlType.CONTROLLED;0;<BV64 0x10>;64;[];[];[];[];[];[];[];16.0;16.0;0.0;1.0;;;True;16.0;16.0;0.0;1.0;;;True;ControlType.NO_CONTROL;0;<BV64 0x10>;64;[];[];[];[];[];[];[];16;16;0;1.0;;;True;16.0;16.0;0.0;1.0;;;True;ControlType.NO_CONTROL;0;<BV64 x0>;64;[];[];['<BV64 x0>'];[];['<BV64 x0>'];[];[];0.0;1.8446744073709552e+19;18446744073709551615;1;;;True;1.0;1.8446744073709552e+19;18446744073709551614;1;;;True;ControlType.CONTROLLED;0;<BV64 x0>;64;[];[];['<BV64 x0>'];[];['<BV64 x0>'];[];[];0.0;1.8446744073709552e+19;1.8446744073709552e+19;1.0;;;True;1.0;1.8446744073709552e+19;1.8446744073709552e+19;1.0;;;True;ControlType.CONTROLLED;0;<BV64 x0>;64;[];[];[];[];[];[];[];0;0;0;;;;False;0;0;0;;;;False;ControlType.UNKNOWN;0;[('0x14b7c', <Bool x0 != 0x0>, 'Taken')];{'regs': ['<BV64 x0>'], 'indirect_regs': [], 'direct_regs': ['<BV64 x0>'], 'mem': [], 'const_mem': []};[];{'regs': [], 'indirect_regs': [], 'direct_regs': [], 'mem': [], 'const_mem': []};{'regs': ['<BV64 x0>'], 'indirect_regs': [], 'direct_regs': ['<BV64 x0>'], 'mem': [], 'const_mem': []};{'regs': ['<BV64 x0>', '<BV64 x0>'], 'indirect_regs': [], 'direct_regs': ['<BV64 x0>', '<BV64 x0>'], 'mem': [], 'const_mem': []};63.0;0.0;64.0;64.0;[];;;;BaseControlType.CONSTANT_BASE;BaseControlType.CONSTANT_BASE;BaseControlType.CONSTANT_BASE;1;BranchControlType.BRANCH_INDEPENDENT_FROM_SECRET;BranchControlType.BRANCH_INDEPENDENT_FROM_SECRET;84896;True;False;True;True;True;False;False;True;True;False;False;False;True;False;True;False;True;False;True;False;[];['has_valid_base'];True;False;True;True;True;False;False;True;True;False;False;False;True;False;True;False;True;False;True;False;[];['has_valid_base']
508afb45-a266-410b-8990-f391c4560cae;ZSTD_CCtxParams_init;0x14b70;0x14ba4;0x0;TransmitterType.STORE;14;0;False;['0x14b70', '0x14b80'];<BV64 0x40 + x0>;64;[];[];['<BV64 x0>'];[];['<BV64 x0>'];[];[];0;18446744073709551615;18446744073709551615;1;;;True;0;18446744073709551615;18446744073709551615;1;;;True;ControlType.CONTROLLED;0;<BV64 0x40>;64;[];[];[];[];[];[];[];64.0;64.0;0.0;1.0;;;True;64.0;64.0;0.0;1.0;;;True;ControlType.NO_CONTROL;0;<BV64 0x40>;64;[];[];[];[];[];[];[];64;64;0;1.0;;;True;64.0;64.0;0.0;1.0;;;True;ControlType.NO_CONTROL;0;<BV64 x0>;64;[];[];['<BV64 x0>'];[];['<BV64 x0>'];[];[];0.0;1.8446744073709552e+19;18446744073709551615;1;;;True;1.0;1.8446744073709552e+19;18446744073709551614;1;;;True;ControlType.CONTROLLED;0;<BV64 x0>;64;[];[];['<BV64 x0>'];[];['<BV64 x0>'];[];[];0.0;1.8446744073709552e+19;1.8446744073709552e+19;1.0;;;True;1.0;1.8446744073709552e+19;1.8446744073709552e+19;1.0;;;True;ControlType.CONTROLLED;0;<BV64 x0>;64;[];[];[];[];[];[];[];0;0;0;;;;False;0;0;0;;;;False;ControlType.UNKNOWN;0;[('0x14b7c', <Bool x0 != 0x0>, 'Taken')];{'regs': ['<BV64 x0>'], 'indirect_regs': [], 'direct_regs': ['<BV64 x0>'], 'mem': [], 'const_mem': []};[];{'regs': [], 'indirect_regs': [], 'direct_regs': [], 'mem': [], 'const_mem': []};{'regs': ['<BV64 x0>'], 'indirect_regs': [], 'direct_regs': ['<BV64 x0>'], 'mem': [], 'const_mem': []};{'regs': ['<BV64 x0>', '<BV64 x0>'], 'indirect_regs': [], 'direct_regs': ['<BV64 x0>', '<BV64 x0>'], 'mem': [], 'const_mem': []};63.0;0.0;64.0;64.0;[];;;;BaseControlType.CONSTANT_BASE;BaseControlType.CONSTANT_BASE;BaseControlType.CONSTANT_BASE;1;BranchControlType.BRANCH_INDEPENDENT_FROM_SECRET;BranchControlType.BRANCH_INDEPENDENT_FROM_SECRET;84900;True;False;True;True;True;False;False;True;True;False;False;False;True;False;True;False;True;False;True;False;[];['has_valid_base'];True;False;True;True;True;False;False;True;True;False;False;False;True;False;True;False;True;False;True;False;[];['has_valid_base']
702388fc-b546-451f-b50c-dfaee3a1d2e2;ZSTD_CCtxParams_init;0x14b70;0x14ba4;0x0;TransmitterType.STORE;14;0;False;['0x14b70', '0x14b80'];<BV64 0x50 + x0>;64;[];[];['<BV64 x0>'];[];['<BV64 x0>'];[];[];0;18446744073709551615;18446744073709551615;1;;;True;0;18446744073709551615;18446744073709551615;1;;;True;ControlType.CONTROLLED;0;<BV64 0x50>;64;[];[];[];[];[];[];[];80.0;80.0;0.0;1.0;;;True;80.0;80.0;0.0;1.0;;;True;ControlType.NO_CONTROL;0;<BV64 0x50>;64;[];[];[];[];[];[];[];80;80;0;1.0;;;True;80.0;80.0;0.0;1.0;;;True;ControlType.NO_CONTROL;0;<BV64 x0>;64;[];[];['<BV64 x0>'];[];['<BV64 x0>'];[];[];0.0;1.8446744073709552e+19;18446744073709551615;1;;;True;1.0;1.8446744073709552e+19;18446744073709551614;1;;;True;ControlType.CONTROLLED;0;<BV64 x0>;64;[];[];['<BV64 x0>'];[];['<BV64 x0>'];[];[];0.0;1.8446744073709552e+19;1.8446744073709552e+19;1.0;;;True;1.0;1.8446744073709552e+19;1.8446744073709552e+19;1.0;;;True;ControlType.CONTROLLED;0;<BV64 x0>;64;[];[];[];[];[];[];[];0;0;0;;;;False;0;0;0;;;;False;ControlType.UNKNOWN;0;[('0x14b7c', <Bool x0 != 0x0>, 'Taken')];{'regs': ['<BV64 x0>'], 'indirect_regs': [], 'direct_regs': ['<BV64 x0>'], 'mem': [], 'const_mem': []};[];{'regs': [], 'indirect_regs': [], 'direct_regs': [], 'mem': [], 'const_mem': []};{'regs': ['<BV64 x0>'], 'indirect_regs': [], 'direct_regs': ['<BV64 x0>'], 'mem': [], 'const_mem': []};{'regs': ['<BV64 x0>', '<BV64 x0>'], 'indirect_regs': [], 'direct_regs': ['<BV64 x0>', '<BV64 x0>'], 'mem': [], 'const_mem': []};63.0;0.0;64.0;64.0;[];;;;BaseControlType.CONSTANT_BASE;BaseControlType.CONSTANT_BASE;BaseControlType.CONSTANT_BASE;1;BranchControlType.BRANCH_INDEPENDENT_FROM_SECRET;BranchControlType.BRANCH_INDEPENDENT_FROM_SECRET;84900;True;False;True;True;True;False;False;True;True;False;False;False;True;False;True;False;True;False;True;False;[];['has_valid_base'];True;False;True;True;True;False;False;True;True;False;False;False;True;False;True;False;True;False;True;False;[];['has_valid_base']
41c3efdf-25c3-4f5a-b781-5a4ddd9567e3;ZSTD_CCtxParams_init;0x14b70;0x14ba8;0x0;TransmitterType.STORE;15;0;False;['0x14b70', '0x14b80'];<BV64 0x60 + x0>;64;[];[];['<BV64 x0>'];[];['<BV64 x0>'];[];[];0;18446744073709551615;18446744073709551615;1;;;True;0;18446744073709551615;18446744073709551615;1;;;True;ControlType.CONTROLLED;0;<BV64 0x60>;64;[];[];[];[];[];[];[];96.0;96.0;0.0;1.0;;;True;96.0;96.0;0.0;1.0;;;True;ControlType.NO_CONTROL;0;<BV64 0x60>;64;[];[];[];[];[];[];[];96;96;0;1.0;;;True;96.0;96.0;0.0;1.0;;;True;ControlType.NO_CONTROL;0;<BV64 x0>;64;[];[];['<BV64 x0>'];[];['<BV64 x0>'];[];[];0.0;1.8446744073709552e+19;18446744073709551615;1;;;True;1.0;1.8446744073709552e+19;18446744073709551614;1;;;True;ControlType.CONTROLLED;0;<BV64 x0>;64;[];[];['<BV64 x0>'];[];['<BV64 x0>'];[];[];0.0;1.8446744073709552e+19;1.8446744073709552e+19;1.0;;;True;1.0;1.8446744073709552e+19;1.8446744073709552e+19;1.0;;;True;ControlType.CONTROLLED;0;<BV64 x0>;64;[];[];[];[];[];[];[];0;0;0;;;;False;0;0;0;;;;False;ControlType.UNKNOWN;0;[('0x14b7c', <Bool x0 != 0x0>, 'Taken')];{'regs': ['<BV64 x0>'], 'indirect_regs': [], 'direct_regs': ['<BV64 x0>'], 'mem': [], 'const_mem': []};[];{'regs': [], 'indirect_regs': [], 'direct_regs': [], 'mem': [], 'const_mem': []};{'regs': ['<BV64 x0>'], 'indirect_regs': [], 'direct_regs': ['<BV64 x0>'], 'mem': [], 'const_mem': []};{'regs': ['<BV64 x0>', '<BV64 x0>'], 'indirect_regs': [], 'direct_regs': ['<BV64 x0>', '<BV64 x0>'], 'mem': [], 'const_mem': []};63.0;0.0;64.0;64.0;[];;;;BaseControlType.CONSTANT_BASE;BaseControlType.CONSTANT_BASE;BaseControlType.CONSTANT_BASE;1;BranchControlType.BRANCH_INDEPENDENT_FROM_SECRET;BranchControlType.BRANCH_INDEPENDENT_FROM_SECRET;84904;True;False;True;True;True;False;False;True;True;False;False;False;True;False;True;False;True;False;True;False;[];['has_valid_base'];True;False;True;True;True;False;False;True;True;False;False;False;True;False;True;False;True;False;True;False;[];['has_valid_base']
187b9409-e390-477f-bb08-207a024feed9;ZSTD_CCtxParams_init;0x14b70;0x14ba8;0x0;TransmitterType.STORE;15;0;False;['0x14b70', '0x14b80'];<BV64 0x70 + x0>;64;[];[];['<BV64 x0>'];[];['<BV64 x0>'];[];[];0;18446744073709551615;18446744073709551615;1;;;True;0;18446744073709551615;18446744073709551615;1;;;True;ControlType.CONTROLLED;0;<BV64 0x70>;64;[];[];[];[];[];[];[];112.0;112.0;0.0;1.0;;;True;112.0;112.0;0.0;1.0;;;True;ControlType.NO_CONTROL;0;<BV64 0x70>;64;[];[];[];[];[];[];[];112;112;0;1.0;;;True;112.0;112.0;0.0;1.0;;;True;ControlType.NO_CONTROL;0;<BV64 x0>;64;[];[];['<BV64 x0>'];[];['<BV64 x0>'];[];[];0.0;1.8446744073709552e+19;18446744073709551615;1;;;True;1.0;1.8446744073709552e+19;18446744073709551614;1;;;True;ControlType.CONTROLLED;0;<BV64 x0>;64;[];[];['<BV64 x0>'];[];['<BV64 x0>'];[];[];0.0;1.8446744073709552e+19;1.8446744073709552e+19;1.0;;;True;1.0;1.8446744073709552e+19;1.8446744073709552e+19;1.0;;;True;ControlType.CONTROLLED;0;<BV64 x0>;64;[];[];[];[];[];[];[];0;0;0;;;;False;0;0;0;;;;False;ControlType.UNKNOWN;0;[('0x14b7c', <Bool x0 != 0x0>, 'Taken')];{'regs': ['<BV64 x0>'], 'indirect_regs': [], 'direct_regs': ['<BV64 x0>'], 'mem': [], 'const_mem': []};[];{'regs': [], 'indirect_regs': [], 'direct_regs': [], 'mem': [], 'const_mem': []};{'regs': ['<BV64 x0>'], 'indirect_regs': [], 'direct_regs': ['<BV64 x0>'], 'mem': [], 'const_mem': []};{'regs': ['<BV64 x0>', '<BV64 x0>'], 'indirect_regs': [], 'direct_regs': ['<BV64 x0>', '<BV64 x0>'], 'mem': [], 'const_mem': []};63.0;0.0;64.0;64.0;[];;;;BaseControlType.CONSTANT_BASE;BaseControlType.CONSTANT_BASE;BaseControlType.CONSTANT_BASE;1;BranchControlType.BRANCH_INDEPENDENT_FROM_SECRET;BranchControlType.BRANCH_INDEPENDENT_FROM_SECRET;84904;True;False;True;True;True;False;False;True;True;False;False;False;True;False;True;False;True;False;True;False;[];['has_valid_base'];True;False;True;True;True;False;False;True;True;False;False;False;True;False;True;False;True;False;True;False;[];['has_valid_base']
c0f89836-d99e-4547-b001-7c254fdca94f;ZSTD_CCtxParams_init;0x14b70;0x14bac;0x0;TransmitterType.STORE;16;0;False;['0x14b70', '0x14b80'];<BV64 0x80 + x0>;64;[];[];['<BV64 x0>'];[];['<BV64 x0>'];[];[];0;18446744073709551615;18446744073709551615;1;;;True;0;18446744073709551615;18446744073709551615;1;;;True;ControlType.CONTROLLED;0;<BV64 0x80>;64;[];[];[];[];[];[];[];128.0;128.0;0.0;1.0;;;True;128.0;128.0;0.0;1.0;;;True;ControlType.NO_CONTROL;0;<BV64 0x80>;64;[];[];[];[];[];[];[];128;128;0;1.0;;;True;128.0;128.0;0.0;1.0;;;True;ControlType.NO_CONTROL;0;<BV64 x0>;64;[];[];['<BV64 x0>'];[];['<BV64 x0>'];[];[];0.0;1.8446744073709552e+19;18446744073709551615;1;;;True;1.0;1.8446744073709552e+19;18446744073709551614;1;;;True;ControlType.CONTROLLED;0;<BV64 x0>;64;[];[];['<BV64 x0>'];[];['<BV64 x0>'];[];[];0.0;1.8446744073709552e+19;1.8446744073709552e+19;1.0;;;True;1.0;1.8446744073709552e+19;1.8446744073709552e+19;1.0;;;True;ControlType.CONTROLLED;0;<BV64 x0>;64;[];[];[];[];[];[];[];0;0;0;;;;False;0;0;0;;;;False;ControlType.UNKNOWN;0;[('0x14b7c', <Bool x0 != 0x0>, 'Taken')];{'regs': ['<BV64 x0>'], 'indirect_regs': [], 'direct_regs': ['<BV64 x0>'], 'mem': [], 'const_mem': []};[];{'regs': [], 'indirect_regs': [], 'direct_regs': [], 'mem': [], 'const_mem': []};{'regs': ['<BV64 x0>'], 'indirect_regs': [], 'direct_regs': ['<BV64 x0>'], 'mem': [], 'const_mem': []};{'regs': ['<BV64 x0>', '<BV64 x0>'], 'indirect_regs': [], 'direct_regs': ['<BV64 x0>', '<BV64 x0>'], 'mem': [], 'const_mem': []};63.0;0.0;64.0;64.0;[];;;;BaseControlType.CONSTANT_BASE;BaseControlType.CONSTANT_BASE;BaseControlType.CONSTANT_BASE;1;BranchControlType.BRANCH_INDEPENDENT_FROM_SECRET;BranchControlType.BRANCH_INDEPENDENT_FROM_SECRET;84908;True;False;True;True;True;False;False;True;True;False;False;False;True;False;True;False;True;False;True;False;[];['has_valid_base'];True;False;True;True;True;False;False;True;True;False;False;False;True;False;True;False;True;False;True;False;[];['has_valid_base']
6229baae-2b4b-427b-95bc-4e2127d9d72c;ZSTD_CCtxParams_init;0x14b70;0x14bac;0x0;TransmitterType.STORE;16;0;False;['0x14b70', '0x14b80'];<BV64 0x90 + x0>;64;[];[];['<BV64 x0>'];[];['<BV64 x0>'];[];[];0;18446744073709551615;18446744073709551615;1;;;True;0;18446744073709551615;18446744073709551615;1;;;True;ControlType.CONTROLLED;0;<BV64 0x90>;64;[];[];[];[];[];[];[];144.0;144.0;0.0;1.0;;;True;144.0;144.0;0.0;1.0;;;True;ControlType.NO_CONTROL;0;<BV64 0x90>;64;[];[];[];[];[];[];[];144;144;0;1.0;;;True;144.0;144.0;0.0;1.0;;;True;ControlType.NO_CONTROL;0;<BV64 x0>;64;[];[];['<BV64 x0>'];[];['<BV64 x0>'];[];[];0.0;1.8446744073709552e+19;18446744073709551615;1;;;True;1.0;1.8446744073709552e+19;18446744073709551614;1;;;True;ControlType.CONTROLLED;0;<BV64 x0>;64;[];[];['<BV64 x0>'];[];['<BV64 x0>'];[];[];0.0;1.8446744073709552e+19;1.8446744073709552e+19;1.0;;;True;1.0;1.8446744073709552e+19;1.8446744073709552e+19;1.0;;;True;ControlType.CONTROLLED;0;<BV64 x0>;64;[];[];[];[];[];[];[];0;0;0;;;;False;0;0;0;;;;False;ControlType.UNKNOWN;0;[('0x14b7c', <Bool x0 != 0x0>, 'Taken')];{'regs': ['<BV64 x0>'], 'indirect_regs': [], 'direct_regs': ['<BV64 x0>'], 'mem': [], 'const_mem': []};[];{'regs': [], 'indirect_regs': [], 'direct_regs': [], 'mem': [], 'const_mem': []};{'regs': ['<BV64 x0>'], 'indirect_regs': [], 'direct_regs': ['<BV64 x0>'], 'mem': [], 'const_mem': []};{'regs': ['<BV64 x0>', '<BV64 x0>'], 'indirect_regs': [], 'direct_regs': ['<BV64 x0>', '<BV64 x0>'], 'mem': [], 'const_mem': []};63.0;0.0;64.0;64.0;[];;;;BaseControlType.CONSTANT_BASE;BaseControlType.CONSTANT_BASE;BaseControlType.CONSTANT_BASE;1;BranchControlType.BRANCH_INDEPENDENT_FROM_SECRET;BranchControlType.BRANCH_INDEPENDENT_FROM_SECRET;84908;True;False;True;True;True;False;False;True;True;False;False;False;True;False;True;False;True;False;True;False;[];['has_valid_base'];True;False;True;True;True;False;False;True;True;False;False;False;True;False;True;False;True;False;True;False;[];['has_valid_base']
460df749-788b-4f22-94a4-ba0f74106b33;ZSTD_CCtxParams_init;0x14b70;0x14bb0;0x0;TransmitterType.STORE;17;0;False;['0x14b70', '0x14b80'];<BV64 0xa0 + x0>;64;[];[];['<BV64 x0>'];[];['<BV64 x0>'];[];[];0;18446744073709551615;18446744073709551615;1;;;True;0;18446744073709551615;18446744073709551615;1;;;True;ControlType.CONTROLLED;0;<BV64 0xa0>;64;[];[];[];[];[];[];[];160.0;160.0;0.0;1.0;;;True;160.0;160.0;0.0;1.0;;;True;ControlType.NO_CONTROL;0;<BV64 0xa0>;64;[];[];[];[];[];[];[];160;160;0;1.0;;;True;160.0;160.0;0.0;1.0;;;True;ControlType.NO_CONTROL;0;<BV64 x0>;64;[];[];['<BV64 x0>'];[];['<BV64 x0>'];[];[];0.0;1.8446744073709552e+19;18446744073709551615;1;;;True;1.0;1.8446744073709552e+19;18446744073709551614;1;;;True;ControlType.CONTROLLED;0;<BV64 x0>;64;[];[];['<BV64 x0>'];[];['<BV64 x0>'];[];[];0.0;1.8446744073709552e+19;1.8446744073709552e+19;1.0;;;True;1.0;1.8446744073709552e+19;1.8446744073709552e+19;1.0;;;True;ControlType.CONTROLLED;0;<BV64 x0>;64;[];[];[];[];[];[];[];0;0;0;;;;False;0;0;0;;;;False;ControlType.UNKNOWN;0;[('0x14b7c', <Bool x0 != 0x0>, 'Taken')];{'regs': ['<BV64 x0>'], 'indirect_regs': [], 'direct_regs': ['<BV64 x0>'], 'mem': [], 'const_mem': []};[];{'regs': [], 'indirect_regs': [], 'direct_regs': [], 'mem': [], 'const_mem': []};{'regs': ['<BV64 x0>'], 'indirect_regs': [], 'direct_regs': ['<BV64 x0>'], 'mem': [], 'const_mem': []};{'regs': ['<BV64 x0>', '<BV64 x0>'], 'indirect_regs': [], 'direct_regs': ['<BV64 x0>', '<BV64 x0>'], 'mem': [], 'const_mem': []};63.0;0.0;64.0;64.0;[];;;;BaseControlType.CONSTANT_BASE;BaseControlType.CONSTANT_BASE;BaseControlType.CONSTANT_BASE;1;BranchControlType.BRANCH_INDEPENDENT_FROM_SECRET;BranchControlType.BRANCH_INDEPENDENT_FROM_SECRET;84912;True;False;True;True;True;False;False;True;True;False;False;False;True;False;True;False;True;False;True;False;[];['has_valid_base'];True;False;True;True;True;False;False;True;True;False;False;False;True;False;True;False;True;False;True;False;[];['has_valid_base']
7d2aee47-8a2c-4d11-919d-32d37d986d0c;ZSTD_CCtxParams_init;0x14b70;0x14bb0;0x0;TransmitterType.STORE;17;0;False;['0x14b70', '0x14b80'];<BV64 0xb0 + x0>;64;[];[];['<BV64 x0>'];[];['<BV64 x0>'];[];[];0;18446744073709551615;18446744073709551615;1;;;True;0;18446744073709551615;18446744073709551615;1;;;True;ControlType.CONTROLLED;0;<BV64 0xb0>;64;[];[];[];[];[];[];[];176.0;176.0;0.0;1.0;;;True;176.0;176.0;0.0;1.0;;;True;ControlType.NO_CONTROL;0;<BV64 0xb0>;64;[];[];[];[];[];[];[];176;176;0;1.0;;;True;176.0;176.0;0.0;1.0;;;True;ControlType.NO_CONTROL;0;<BV64 x0>;64;[];[];['<BV64 x0>'];[];['<BV64 x0>'];[];[];0.0;1.8446744073709552e+19;18446744073709551615;1;;;True;1.0;1.8446744073709552e+19;18446744073709551614;1;;;True;ControlType.CONTROLLED;0;<BV64 x0>;64;[];[];['<BV64 x0>'];[];['<BV64 x0>'];[];[];0.0;1.8446744073709552e+19;1.8446744073709552e+19;1.0;;;True;1.0;1.8446744073709552e+19;1.8446744073709552e+19;1.0;;;True;ControlType.CONTROLLED;0;<BV64 x0>;64;[];[];[];[];[];[];[];0;0;0;;;;False;0;0;0;;;;False;ControlType.UNKNOWN;0;[('0x14b7c', <Bool x0 != 0x0>, 'Taken')];{'regs': ['<BV64 x0>'], 'indirect_regs': [], 'direct_regs': ['<BV64 x0>'], 'mem': [], 'const_mem': []};[];{'regs': [], 'indirect_regs': [], 'direct_regs': [], 'mem': [], 'const_mem': []};{'regs': ['<BV64 x0>'], 'indirect_regs': [], 'direct_regs': ['<BV64 x0>'], 'mem': [], 'const_mem': []};{'regs': ['<BV64 x0>', '<BV64 x0>'], 'indirect_regs': [], 'direct_regs': ['<BV64 x0>', '<BV64 x0>'], 'mem': [], 'const_mem': []};63.0;0.0;64.0;64.0;[];;;;BaseControlType.CONSTANT_BASE;BaseControlType.CONSTANT_BASE;BaseControlType.CONSTANT_BASE;1;BranchControlType.BRANCH_INDEPENDENT_FROM_SECRET;BranchControlType.BRANCH_INDEPENDENT_FROM_SECRET;84912;True;False;True;True;True;False;False;True;True;False;False;False;True;False;True;False;True;False;True;False;[];['has_valid_base'];True;False;True;True;True;False;False;True;True;False;False;False;True;False;True;False;True;False;True;False;[];['has_valid_base']
8174aaee-fa97-459e-a44d-5996a95494be;ZSTD_CCtxParams_init;0x14b70;0x14bb4;0x0;TransmitterType.STORE;18;0;False;['0x14b70', '0x14b80'];<BV64 0xc0 + x0>;64;[];[];['<BV64 x0>'];[];['<BV64 x0>'];[];[];0;18446744073709551615;18446744073709551615;1;;;True;0;18446744073709551615;18446744073709551615;1;;;True;ControlType.CONTROLLED;0;<BV64 0xc0>;64;[];[];[];[];[];[];[];192.0;192.0;0.0;1.0;;;True;192.0;192.0;0.0;1.0;;;True;ControlType.NO_CONTROL;0;<BV64 0xc0>;64;[];[];[];[];[];[];[];192;192;0;1.0;;;True;192.0;192.0;0.0;1.0;;;True;ControlType.NO_CONTROL;0;<BV64 x0>;64;[];[];['<BV64 x0>'];[];['<BV64 x0>'];[];[];0.0;1.8446744073709552e+19;18446744073709551615;1;;;True;1.0;1.8446744073709552e+19;18446744073709551614;1;;;True;ControlType.CONTROLLED;0;<BV64 x0>;64;[];[];['<BV64 x0>'];[];['<BV64 x0>'];[];[];0.0;1.8446744073709552e+19;1.8446744073709552e+19;1.0;;;True;1.0;1.8446744073709552e+19;1.8446744073709552e+19;1.0;;;True;ControlType.CONTROLLED;0;<BV64 x0>;64;[];[];[];[];[];[];[];0;0;0;;;;False;0;0;0;;;;False;ControlType.UNKNOWN;0;[('0x14b7c', <Bool x0 != 0x0>, 'Taken')];{'regs': ['<BV64 x0>'], 'indirect_regs': [], 'direct_regs': ['<BV64 x0>'], 'mem': [], 'const_mem': []};[];{'regs': [], 'indirect_regs': [], 'direct_regs': [], 'mem': [], 'const_mem': []};{'regs': ['<BV64 x0>'], 'indirect_regs': [], 'direct_regs': ['<BV64 x0>'], 'mem': [], 'const_mem': []};{'regs': ['<BV64 x0>', '<BV64 x0>'], 'indirect_regs': [], 'direct_regs': ['<BV64 x0>', '<BV64 x0>'], 'mem': [], 'const_mem': []};63.0;0.0;64.0;64.0;[];;;;BaseControlType.CONSTANT_BASE;BaseControlType.CONSTANT_BASE;BaseControlType.CONSTANT_BASE;1;BranchControlType.BRANCH_INDEPENDENT_FROM_SECRET;BranchControlType.BRANCH_INDEPENDENT_FROM_SECRET;84916;True;False;True;True;True;False;False;True;True;False;False;False;True;False;True;False;True;False;True;False;[];['has_valid_base'];True;False;True;True;True;False;False;True;True;False;False;False;True;False;True;False;True;False;True;False;[];['has_valid_base']
e1db1736-ed17-4ad8-9e82-d7621595e559;ZSTD_sizeof_DCtx;0x543b0;0x543cc;0x0;TransmitterType.LOAD;8;0;False;['0x543b0', '0x543b8'];<BV64 0x75e8 + x0>;64;[];[];['<BV64 x0>'];[];['<BV64 x0>'];[];[];0;18446744073709551615;18446744073709551615;1;;;True;0;18446744073709551615;18446744073709551615;1;;;True;ControlType.CONTROLLED;0;<BV64 0x75e8>;64;[];[];[];[];[];[];[];30184.0;30184.0;0.0;1.0;;;True;30184.0;30184.0;0.0;1.0;;;True;ControlType.NO_CONTROL;0;<BV64 0x75e8>;64;[];[];[];[];[];[];[];30184;30184;0;1.0;;;True;30184.0;30184.0;0.0;1.0;;;True;ControlType.NO_CONTROL;0;<BV64 x0>;64;[];[];['<BV64 x0>'];[];['<BV64 x0>'];[];[];0.0;1.8446744073709552e+19;18446744073709551615;1;;;True;1.0;1.8446744073709552e+19;18446744073709551614;1;;;True;ControlType.CONTROLLED;0;<BV64 x0>;64;[];[];['<BV64 x0>'];[];['<BV64 x0>'];[];[];0.0;1.8446744073709552e+19;1.8446744073709552e+19;1.0;;;True;1.0;1.8446744073709552e+19;1.8446744073709552e+19;1.0;;;True;ControlType.CONTROLLED;0;<BV64 x0>;64;[];[];[];[];[];[];[];0;0;0;;;;False;0;0;0;;;;False;ControlType.UNKNOWN;0;[('0x543b4', <Bool x0 != 0x0>, 'Taken')];{'regs': ['<BV64 x0>'], 'indirect_regs': [], 'direct_regs': ['<BV64 x0>'], 'mem': [], 'const_mem': []};[];{'regs': [], 'indirect_regs': [], 'direct_regs': [], 'mem': [], 'const_mem': []};{'regs': ['<BV64 x0>'], 'indirect_regs': [], 'direct_regs': ['<BV64 x0>'], 'mem': [], 'const_mem': []};{'regs': ['<BV64 x0>', '<BV64 x0>'], 'indirect_regs': [], 'direct_regs': ['<BV64 x0>', '<BV64 x0>'], 'mem': [], 'const_mem': []};63.0;0.0;64.0;64.0;[];;;;BaseControlType.CONSTANT_BASE;BaseControlType.CONSTANT_BASE;BaseControlType.CONSTANT_BASE;1;BranchControlType.BRANCH_INDEPENDENT_FROM_SECRET;BranchControlType.BRANCH_INDEPENDENT_FROM_SECRET;345036;True;False;True;True;True;False;False;True;True;False;False;False;True;False;True;False;True;False;True;False;[];['has_valid_base'];True;False;True;True;True;False;False;True;True;False;False;False;True;False;True;False;True;False;True;False;[];['has_valid_base']
bd018ef9-7e7b-4eab-aaa8-5f28e5a69d8e;ZSTD_sizeof_DCtx;0x543b0;0x54210;0x543cc;TransmitterType.LOAD;14;1;False;['0x543b0', '0x543b8', '0x54200', '0x54210'];<BV64 LOAD_64[<BV64 x0 + 0x75e8>]_23>;64;[('0x5420c', <Bool LOAD_64[<BV64 x0 + 0x75e8>]_23 != 0x0>, 'Taken')];[];['<BV64 x0>'];"[""<BV64 x0>: ['0x75e8']""]";[];['<BV64 x0 + 0x75e8>'];[];0;18446744073709551615;18446744073709551615;1;;;True;1;18446744073709551615;18446744073709551614;1;;;True;ControlType.CONTROLLED;1;;0;[];[];[];[];[];[];[];0.0;0.0;0.0;0.0;;;False;0.0;0.0;0.0;0.0;;;False;ControlType.UNKNOWN;0;;0;[];[];[];[];[];[];[];0;0;0;;;;False;0.0;0.0;0.0;0.0;;;False;ControlType.UNKNOWN;0;<BV64 LOAD_64[<BV64 x0 + 0x75e8>]_23>;64;[('0x5420c', <Bool LOAD_64[<BV64 x0 + 0x75e8>]_23 != 0x0>, 'Taken')];[];['<BV64 x0>'];"[""<BV64 x0>: ['0x75e8']""]";[];['<BV64 x0 + 0x75e8>'];[];0.0;1.8446744073709552e+19;18446744073709551615;1;;;True;1.0;1.8446744073709552e+19;18446744073709551614;1;;;True;ControlType.CONTROLLED;1;<BV64 x0 + 0x75e8>;64;[('0x543b4', <Bool x0 != 0x0>, 'Taken')];[];['<BV64 x0>'];[];['<BV64 x0>'];[];[];0.0;1.8446744073709552e+19;1.8446744073709552e+19;1.0;;;True;30185.0;30183.0;1.8446744073709552e+19;1.0;;;True;ControlType.CONTROLLED;0;<BV64 LOAD_64[<BV64 x0 + 0x75e8>]_23>;64;[];[];[];[];[];[];[];0;0;0;;;;False;0;0;0;;;;False;ControlType.UNKNOWN;1;[('0x5420c', <Bool LOAD_64[<BV64 x0 + 0x75e8>]_23 != 0x0>, 'Taken'), ('0x543b4', <Bool x0 != 0x0>, 'Taken'), ('0x543d0', <Bool True>, 'Taken')];{'regs': ['<BV64 x0>'], 'indirect_regs': [], 'direct_regs': ['<BV64 x0>'], 'mem': ['<BV64 x0 + 0x75e8>'], 'const_mem': []};[];{'regs': [], 'indirect_regs': [], 'direct_regs': [], 'mem': [], 'const_mem': []};{'regs': ['<BV64 x0>'], 'indirect_regs': [], 'direct_regs': ['<BV64 x0>'], 'mem': ['<BV64 x0 + 0x75e8>'], 'const_mem': []};{'regs': ['<BV64 x0>'], 'indirect_regs': [], 'direct_regs': ['<BV64 x0>'], 'mem': ['<BV64 x0 + 0x75e8>'], 'const_mem': []};63.0;0.0;64.0;64.0;[];;;;BaseControlType.NO_BASE;BaseControlType.NO_BASE;BaseControlType.NO_BASE;3;BranchControlType.BRANCH_DEPENDS_ON_SECRET_VALUE;BranchControlType.BRANCH_INDEPENDENT_FROM_SECRET;344592;True;False;True;True;True;False;False;True;True;False;False;False;True;False;True;True;True;False;True;False;[];['has_valid_base'];True;False;True;True;True;False;False;True;True;False;False;False;True;False;True;True;True;False;True;False;[];['has_valid_base']
37efcdad-41f4-439e-b683-b7ed96e15796;ZSTD_sizeof_DCtx;0x543b0;0x54218;0x543cc;TransmitterType.LOAD;16;1;False;['0x543b0', '0x543b8', '0x54200', '0x54210', '0x54218'];<BV64 0x10 + LOAD_64[<BV64 x0 + 0x75e8>]_23>;64;[('0x5420c', <Bool LOAD_64[<BV64 x0 + 0x75e8>]_23 != 0x0>, 'Taken')];[];['<BV64 x0>'];"[""<BV64 x0>: ['0x75e8']""]";[];['<BV64 x0 + 0x75e8>'];[];0;18446744073709551615;18446744073709551615;1;;;True;17;15;18446744073709551614;1;;;True;ControlType.CONTROLLED;1;<BV64 0x10>;64;[];[];[];[];[];[];[];16.0;16.0;0.0;1.0;;;True;16.0;16.0;0.0;1.0;;;True;ControlType.NO_CONTROL;0;<BV64 0x10>;64;[];[];[];[];[];[];[];16;16;0;1.0;;;True;16.0;16.0;0.0;1.0;;;True;ControlType.NO_CONTROL;0;<BV64 LOAD_64[<BV64 x0 + 0x75e8>]_23>;64;[('0x5420c', <Bool LOAD_64[<BV64 x0 + 0x75e8>]_23 != 0x0>, 'Taken')];[];['<BV64 x0>'];"[""<BV64 x0>: ['0x75e8']""]";[];['<BV64 x0 + 0x75e8>'];[];0.0;1.8446744073709552e+19;18446744073709551615;1;;;True;1.0;1.8446744073709552e+19;18446744073709551614;1;;;True;ControlType.CONTROLLED;1;<BV64 x0 + 0x75e8>;64;[('0x543b4', <Bool x0 != 0x0>, 'Taken')];[];['<BV64 x0>'];[];['<BV64 x0>'];[];[];0.0;1.8446744073709552e+19;1.8446744073709552e+19;1.0;;;True;30185.0;30183.0;1.8446744073709552e+19;1.0;;;True;ControlType.CONTROLLED;0;<BV64 LOAD_64[<BV64 x0 + 0x75e8>]_23>;64;[];[];[];[];[];[];[];0;0;0;;;;False;0;0;0;;;;False;ControlType.UNKNOWN;1;[('0x5420c', <Bool LOAD_64[<BV64 x0 + 0x75e8>]_23 != 0x0>, 'Taken'), ('0x54214', <Bool LOAD_64[<BV64 LOAD_64[<BV64 x0 + 0x75e8>]_23>]_26 != 0x0>, 'Taken'), ('0x543b4', <Bool x0 != 0x0>, 'Taken'), ('0x543d0', <Bool True>, 'Taken')];{'regs': ['<BV64 x0>'], 'indirect_regs': [], 'direct_regs': ['<BV64 x0>'], 'mem': ['<BV64 LOAD_64[<BV64 x0 + 0x75e8>]_23>', '<BV64 x0 + 0x75e8>'], 'const_mem': []};[];{'regs': [], 'indirect_regs': [], 'direct_regs': [], 'mem': [], 'const_mem': []};{'regs': ['<BV64 x0>'], 'indirect_regs': [], 'direct_regs': ['<BV64 x0>'], 'mem': ['<BV64 x0 + 0x75e8>'], 'const_mem': []};{'regs': ['<BV64 x0>'], 'indirect_regs': [], 'direct_regs': ['<BV64 x0>'], 'mem': ['<BV64 LOAD_64[<BV64 x0 + 0x75e8>]_23>', '<BV64 x0 + 0x75e8>'], 'const_mem': []};63.0;0.0;64.0;64.0;[];;;;BaseControlType.CONSTANT_BASE;BaseControlType.CONSTANT_BASE;BaseControlType.CONSTANT_BASE;4;BranchControlType.BRANCH_DEPENDS_ON_SECRET_VALUE;BranchControlType.BRANCH_INDEPENDENT_FROM_SECRET;344600;True;False;True;True;True;False;False;True;True;False;False;False;True;False;True;True;True;False;True;False;[];['has_valid_base'];True;False;True;True;True;False;False;True;True;False;False;False;True;False;True;True;True;False;True;False;[];['has_valid_base']
16db46fc-ad5d-4202-a31f-9f834a29ea43;ZSTD_sizeof_DCtx;0x543b0;0x543d8;0x0;TransmitterType.LOAD;20;0;False;['0x543b0', '0x543b8', '0x54200', '0x54230', '0x543d4'];<BV64 0x7628 + x0>;64;[('0x543b4', <Bool x0 != 0x0>, 'Taken')];[];['<BV64 x0>'];[];['<BV64 x0>'];[];[];0;18446744073709551615;18446744073709551615;1;;;True;30249;30247;18446744073709551614;1;;;True;ControlType.CONTROLLED;0;<BV64 0x7628>;64;[];[];[];[];[];[];[];30248.0;30248.0;0.0;1.0;;;True;30248.0;30248.0;0.0;1.0;;;True;ControlType.NO_CONTROL;0;<BV64 0x7628>;64;[];[];[];[];[];[];[];30248;30248;0;1.0;;;True;30248.0;30248.0;0.0;1.0;;;True;ControlType.NO_CONTROL;0;<BV64 x0>;64;[('0x543b4', <Bool x0 != 0x0>, 'Taken')];[];['<BV64 x0>'];[];['<BV64 x0>'];[];[];0.0;1.8446744073709552e+19;18446744073709551615;1;;;True;1.0;1.8446744073709552e+19;18446744073709551614;1;;;True;ControlType.CONTROLLED;0;<BV64 x0>;64;[('0x543b4', <Bool x0 != 0x0>, 'Taken')];[];['<BV64 x0>'];[];['<BV64 x0>'];[];[];0.0;1.8446744073709552e+19;1.8446744073709552e+19;1.0;;;True;1.0;1.8446744073709552e+19;1.8446744073709552e+19;1.0;;;True;ControlType.CONTROLLED;0;<BV64 x0>;64;[];[];[];[];[];[];[];0;0;0;;;;False;0;0;0;;;;False;ControlType.UNKNOWN;0;[('0x5420c', <Bool LOAD_64[<BV64 x0 + 0x75e8>]_23 == 0x0>, 'Taken'), ('0x5423c', <Bool True>, 'Taken'), ('0x543b4', <Bool x0 != 0x0>, 'Taken'), ('0x543d0', <Bool True>, 'Taken')];{'regs': ['<BV64 x0>'], 'indirect_regs': [], 'direct_regs': ['<BV64 x0>'], 'mem': ['<BV64 x0 + 0x75e8>'], 'const_mem': []};[];{'regs': [], 'indirect_regs': [], 'direct_regs': [], 'mem': [], 'const_mem': []};{'regs': ['<BV64 x0>'], 'indirect_regs': [], 'direct_regs': ['<BV64 x0>'], 'mem': [], 'const_mem': []};{'regs': ['<BV64 x0>'], 'indirect_regs': [], 'direct_regs': ['<BV64 x0>'], 'mem': ['<BV64 x0 + 0x75e8>'], 'const_mem': []};63.0;0.0;64.0;64.0;[];;;;BaseControlType.CONSTANT_BASE;BaseControlType.CONSTANT_BASE;BaseControlType.CONSTANT_BASE;4;BranchControlType.BRANCH_DEPENDS_ON_SECRET_VALUE;BranchControlType.BRANCH_INDEPENDENT_FROM_SECRET;345048;True;False;True;True;True;False;False;True;True;False;False;False;True;False;True;True;True;False;True;False;[];['has_valid_base'];True;False;True;True;True;False;False;True;True;False;False;False;True;False;True;True;True;False;True;False;[];['has_valid_base']
906b6d41-c49f-4a24-8a78-012391433038;ZSTD_sizeof_DCtx;0x543b0;0x543e0;0x0;TransmitterType.LOAD;22;0;False;['0x543b0', '0x543b8', '0x54200', '0x54230', '0x543d4'];<BV64 0x7648 + x0>;64;[('0x543b4', <Bool x0 != 0x0>, 'Taken')];[];['<BV64 x0>'];[];['<BV64 x0>'];[];[];0;18446744073709551615;18446744073709551615;1;;;True;30281;30279;18446744073709551614;1;;;True;ControlType.CONTROLLED;0;<BV64 0x7648>;64;[];[];[];[];[];[];[];30280.0;30280.0;0.0;1.0;;;True;30280.0;30280.0;0.0;1.0;;;True;ControlType.NO_CONTROL;0;<BV64 0x7648>;64;[];[];[];[];[];[];[];30280;30280;0;1.0;;;True;30280.0;30280.0;0.0;1.0;;;True;ControlType.NO_CONTROL;0;<BV64 x0>;64;[('0x543b4', <Bool x0 != 0x0>, 'Taken')];[];['<BV64 x0>'];[];['<BV64 x0>'];[];[];0.0;1.8446744073709552e+19;18446744073709551615;1;;;True;1.0;1.8446744073709552e+19;18446744073709551614;1;;;True;ControlType.CONTROLLED;0;<BV64 x0>;64;[('0x543b4', <Bool x0 != 0x0>, 'Taken')];[];['<BV64 x0>'];[];['<BV64 x0>'];[];[];0.0;1.8446744073709552e+19;1.8446744073709552e+19;1.0;;;True;1.0;1.8446744073709552e+19;1.8446744073709552e+19;1.0;;;True;ControlType.CONTROLLED;0;<BV64 x0>;64;[];[];[];[];[];[];[];0;0;0;;;;False;0;0;0;;;;False;ControlType.UNKNOWN;0;[('0x5420c', <Bool LOAD_64[<BV64 x0 + 0x75e8>]_23 == 0x0>, 'Taken'), ('0x5423c', <Bool True>, 'Taken'), ('0x543b4', <Bool x0 != 0x0>, 'Taken'), ('0x543d0', <Bool True>, 'Taken')];{'regs': ['<BV64 x0>'], 'indirect_regs': [], 'direct_regs': ['<BV64 x0>'], 'mem': ['<BV64 x0 + 0x75e8>'], 'const_mem': []};[];{'regs': [], 'indirect_regs': [], 'direct_regs': [], 'mem': [], 'const_mem': []};{'regs': ['<BV64 x0>'], 'indirect_regs': [], 'direct_regs': ['<BV64 x0>'], 'mem': [], 'const_mem': []};{'regs': ['<BV64 x0>'], 'indirect_regs': [], 'direct_regs': ['<BV64 x0>'], 'mem': ['<BV64 x0 + 0x75e8>'], 'const_mem': []};63.0;0.0;64.0;64.0;[];;;;BaseControlType.CONSTANT_BASE;BaseControlType.CONSTANT_BASE;BaseControlType.CONSTANT_BASE;4;BranchControlType.BRANCH_DEPENDS_ON_SECRET_VALUE;BranchControlType.BRANCH_INDEPENDENT_FROM_SECRET;345056;True;False;True;True;True;False;False;True;True;False;False;False;True;False;True;True;True;False;True;False;[];['has_valid_base'];True;False;True;True;True;False;False;True;True;False;False;False;True;False;True;True;True;False;True;False;[];['has_valid_base']
13ffa00a-7591-4379-85bd-d727f661bf7b;ZSTD_sizeof_CStream;0x19604;0x19414;0x0;TransmitterType.LOAD;16;0;False;['0x19604', '0x193f4', '0x19408'];<BV64 0x2a8 + x0>;64;[];[];['<BV64 x0>'];[];['<BV64 x0>'];[];[];0;18446744073709551615;18446744073709551615;1;;;True;0;18446744073709551615;18446744073709551615;1;;;True;ControlType.CONTROLLED;0;<BV64 0x2a8>;64;[];[];[];[];[];[];[];680.0;680.0;0.0;1.0;;;True;680.0;680.0;0.0;1.0;;;True;ControlType.NO_CONTROL;0;<BV64 0x2a8>;64;[];[];[];[];[];[];[];680;680;0;1.0;;;True;680.0;680.0;0.0;1.0;;;True;ControlType.NO_CONTROL;0;<BV64 x0>;64;[];[];['<BV64 x0>'];[];['<BV64 x0>'];[];[];0.0;1.8446744073709552e+19;18446744073709551615;1;;;True;1.0;1.8446744073709552e+19;18446744073709551614;1;;;True;ControlType.CONTROLLED;0;<BV64 x0>;64;[];[];['<BV64 x0>'];[];['<BV64 x0>'];[];[];0.0;1.8446744073709552e+19;1.8446744073709552e+19;1.0;;;True;1.0;1.8446744073709552e+19;1.8446744073709552e+19;1.0;;;True;ControlType.CONTROLLED;0;<BV64 x0>;64;[];[];[];[];[];[];[];0;0;0;;;;False;0;0;0;;;;False;ControlType.UNKNOWN;0;[('0x19404', <Bool x0 != 0x0>, 'Taken'), ('0x19618', <Bool True>, 'Taken')];{'regs': ['<BV64 x0>'], 'indirect_regs': [], 'direct_regs': ['<BV64 x0>'], 'mem': [], 'const_mem': []};[];{'regs': [], 'indirect_regs': [], 'direct_regs': [], 'mem': [], 'const_mem': []};{'regs': ['<BV64 x0>'], 'indirect_regs': [], 'direct_regs': ['<BV64 x0>'], 'mem': [], 'const_mem': []};{'regs': ['<BV64 x0>', '<BV64 x0>'], 'indirect_regs': [], 'direct_regs': ['<BV64 x0>', '<BV64 x0>'], 'mem': [], 'const_mem': []};63.0;0.0;64.0;64.0;[];;;;BaseControlType.CONSTANT_BASE;BaseControlType.CONSTANT_BASE;BaseControlType.CONSTANT_BASE;2;BranchControlType.BRANCH_INDEPENDENT_FROM_SECRET;BranchControlType.BRANCH_INDEPENDENT_FROM_SECRET;103444;True;False;True;True;True;False;False;True;True;False;False;False;True;False;True;False;True;False;True;False;[];['has_valid_base'];True;False;True;True;True;False;False;True;True;False;False;False;True;False;True;False;True;False;True;False;[];['has_valid_base']
741447c7-61b8-4779-bf9b-25024a459fe0;ZSTD_sizeof_CStream;0x19604;0x19418;0x0;TransmitterType.LOAD;17;0;False;['0x19604', '0x193f4', '0x19408'];<BV64 0x2b0 + x0>;64;[('0x19404', <Bool x0 != 0x0>, 'Taken')];[];['<BV64 x0>'];[];['<BV64 x0>'];[];[];0;18446744073709551615;18446744073709551615;1;;;True;689;687;18446744073709551614;1;;;True;ControlType.CONTROLLED;0;<BV64 0x2b0>;64;[];[];[];[];[];[];[];688.0;688.0;0.0;1.0;;;True;688.0;688.0;0.0;1.0;;;True;ControlType.NO_CONTROL;0;<BV64 0x2b0>;64;[];[];[];[];[];[];[];688;688;0;1.0;;;True;688.0;688.0;0.0;1.0;;;True;ControlType.NO_CONTROL;0;<BV64 x0>;64;[('0x19404', <Bool x0 != 0x0>, 'Taken')];[];['<BV64 x0>'];[];['<BV64 x0>'];[];[];0.0;1.8446744073709552e+19;18446744073709551615;1;;;True;1.0;1.8446744073709552e+19;18446744073709551614;1;;;True;ControlType.CONTROLLED;0;<BV64 x0>;64;[('0x19404', <Bool x0 != 0x0>, 'Taken')];[];['<BV64 x0>'];[];['<BV64 x0>'];[];[];0.0;1.8446744073709552e+19;1.8446744073709552e+19;1.0;;;True;1.0;1.8446744073709552e+19;1.8446744073709552e+19;1.0;;;True;ControlType.CONTROLLED;0;<BV64 x0>;64;[];[];[];[];[];[];[];0;0;0;;;;False;0;0;0;;;;False;ControlType.UNKNOWN;0;[('0x19404', <Bool x0 != 0x0>, 'Taken'), ('0x19618', <Bool True>, 'Taken')];{'regs': ['<BV64 x0>'], 'indirect_regs': [], 'direct_regs': ['<BV64 x0>'], 'mem': [], 'const_mem': []};[];{'regs': [], 'indirect_regs': [], 'direct_regs': [], 'mem': [], 'const_mem': []};{'regs': ['<BV64 x0>'], 'indirect_regs': [], 'direct_regs': ['<BV64 x0>'], 'mem': [], 'const_mem': []};{'regs': ['<BV64 x0>'], 'indirect_regs': [], 'direct_regs': ['<BV64 x0>'], 'mem': [], 'const_mem': []};63.0;0.0;64.0;64.0;[];;;;BaseControlType.CONSTANT_BASE;BaseControlType.CONSTANT_BASE;BaseControlType.CONSTANT_BASE;2;BranchControlType.BRANCH_DEPENDS_ON_SECRET_VALUE;BranchControlType.BRANCH_INDEPENDENT_FROM_SECRET;103448;True;False;True;True;True;False;False;True;True;False;False;False;True;False;True;True;True;False;True;False;[];['has_valid_base'];True;False;True;True;True;False;False;True;True;False;False;False;True;False;True;True;True;False;True;False;[];['has_valid_base']
4fd5c54c-3025-4260-93b5-0bf7d40efb17;ZSTD_sizeof_CStream;0x19604;0x19420;0x0;TransmitterType.LOAD;19;0;False;['0x19604', '0x193f4', '0x19408'];<BV64 0xe48 + x0>;64;[('0x19404', <Bool x0 != 0x0>, 'Taken')];[];['<BV64 x0>'];[];['<BV64 x0>'];[];[];0;18446744073709551615;18446744073709551615;1;;;True;3657;3655;18446744073709551614;1;;;True;ControlType.CONTROLLED;0;<BV64 0xe48>;64;[];[];[];[];[];[];[];3656.0;3656.0;0.0;1.0;;;True;3656.0;3656.0;0.0;1.0;;;True;ControlType.NO_CONTROL;0;<BV64 0xe48>;64;[];[];[];[];[];[];[];3656;3656;0;1.0;;;True;3656.0;3656.0;0.0;1.0;;;True;ControlType.NO_CONTROL;0;<BV64 x0>;64;[('0x19404', <Bool x0 != 0x0>, 'Taken')];[];['<BV64 x0>'];[];['<BV64 x0>'];[];[];0.0;1.8446744073709552e+19;18446744073709551615;1;;;True;1.0;1.8446744073709552e+19;18446744073709551614;1;;;True;ControlType.CONTROLLED;0;<BV64 x0>;64;[('0x19404', <Bool x0 != 0x0>, 'Taken')];[];['<BV64 x0>'];[];['<BV64 x0>'];[];[];0.0;1.8446744073709552e+19;1.8446744073709552e+19;1.0;;;True;1.0;1.8446744073709552e+19;1.8446744073709552e+19;1.0;;;True;ControlType.CONTROLLED;0;<BV64 x0>;64;[];[];[];[];[];[];[];0;0;0;;;;False;0;0;0;;;;False;ControlType.UNKNOWN;0;[('0x19404', <Bool x0 != 0x0>, 'Taken'), ('0x19618', <Bool True>, 'Taken')];{'regs': ['<BV64 x0>'], 'indirect_regs': [], 'direct_regs': ['<BV64 x0>'], 'mem': [], 'const_mem': []};[];{'regs': [], 'indirect_regs': [], 'direct_regs': [], 'mem': [], 'const_mem': []};{'regs': ['<BV64 x0>'], 'indirect_regs': [], 'direct_regs': ['<BV64 x0>'], 'mem': [], 'const_mem': []};{'regs': ['<BV64 x0>'], 'indirect_regs': [], 'direct_regs': ['<BV64 x0>'], 'mem': [], 'const_mem': []};63.0;0.0;64.0;64.0;[];;;;BaseControlType.CONSTANT_BASE;BaseControlType.CONSTANT_BASE;BaseControlType.CONSTANT_BASE;2;BranchControlType.BRANCH_DEPENDS_ON_SECRET_VALUE;BranchControlType.BRANCH_INDEPENDENT_FROM_SECRET;103456;True;False;True;True;True;False;False;True;True;False;False;False;True;False;True;True;True;False;True;False;[];['has_valid_base'];True;False;True;True;True;False;False;True;True;False;False;False;True;False;True;True;True;False;True;False;[];['has_valid_base']
e47f63a3-e116-4484-9ef2-aa7c0018efa2;ZSTD_sizeof_CStream;0x19604;0x19428;0x0;TransmitterType.LOAD;21;0;False;['0x19604', '0x193f4', '0x19408'];<BV64 0xe58 + x0>;64;[('0x19404', <Bool x0 != 0x0>, 'Taken')];[];['<BV64 x0>'];[];['<BV64 x0>'];[];[];0;18446744073709551615;18446744073709551615;1;;;True;3673;3671;18446744073709551614;1;;;True;ControlType.CONTROLLED;0;<BV64 0xe58>;64;[];[];[];[];[];[];[];3672.0;3672.0;0.0;1.0;;;True;3672.0;3672.0;0.0;1.0;;;True;ControlType.NO_CONTROL;0;<BV64 0xe58>;64;[];[];[];[];[];[];[];3672;3672;0;1.0;;;True;3672.0;3672.0;0.0;1.0;;;True;ControlType.NO_CONTROL;0;<BV64 x0>;64;[('0x19404', <Bool x0 != 0x0>, 'Taken')];[];['<BV64 x0>'];[];['<BV64 x0>'];[];[];0.0;1.8446744073709552e+19;18446744073709551615;1;;;True;1.0;1.8446744073709552e+19;18446744073709551614;1;;;True;ControlType.CONTROLLED;0;<BV64 x0>;64;[('0x19404', <Bool x0 != 0x0>, 'Taken')];[];['<BV64 x0>'];[];['<BV64 x0>'];[];[];0.0;1.8446744073709552e+19;1.8446744073709552e+19;1.0;;;True;1.0;1.8446744073709552e+19;1.8446744073709552e+19;1.0;;;True;ControlType.CONTROLLED;0;<BV64 x0>;64;[];[];[];[];[];[];[];0;0;0;;;;False;0;0;0;;;;False;ControlType.UNKNOWN;0;[('0x19404', <Bool x0 != 0x0>, 'Taken'), ('0x19618', <Bool True>, 'Taken')];{'regs': ['<BV64 x0>'], 'indirect_regs': [], 'direct_regs': ['<BV64 x0>'], 'mem': [], 'const_mem': []};[];{'regs': [], 'indirect_regs': [], 'direct_regs': [], 'mem': [], 'const_mem': []};{'regs': ['<BV64 x0>'], 'indirect_regs': [], 'direct_regs': ['<BV64 x0>'], 'mem': [], 'const_mem': []};{'regs': ['<BV64 x0>'], 'indirect_regs': [], 'direct_regs': ['<BV64 x0>'], 'mem': [], 'const_mem': []};63.0;0.0;64.0;64.0;[];;;;BaseControlType.CONSTANT_BASE;BaseControlType.CONSTANT_BASE;BaseControlType.CONSTANT_BASE;2;BranchControlType.BRANCH_DEPENDS_ON_SECRET_VALUE;BranchControlType.BRANCH_INDEPENDENT_FROM_SECRET;103464;True;False;True;True;True;False;False;True;True;False;False;False;True;False;True;True;True;False;True;False;[];['has_valid_base'];True;False;True;True;True;False;False;True;True;False;False;False;True;False;True;True;True;False;True;False;[];['has_valid_base']
379d9709-eff3-4ed7-8646-acef661751ba;ZSTD_sizeof_CStream;0x19604;0x19430;0x0;TransmitterType.LOAD;23;0;False;['0x19604', '0x193f4', '0x19408'];<BV64 0xe68 + x0>;64;[('0x19404', <Bool x0 != 0x0>, 'Taken')];[];['<BV64 x0>'];[];['<BV64 x0>'];[];[];0;18446744073709551615;18446744073709551615;1;;;True;3689;3687;18446744073709551614;1;;;True;ControlType.CONTROLLED;0;<BV64 0xe68>;64;[];[];[];[];[];[];[];3688.0;3688.0;0.0;1.0;;;True;3688.0;3688.0;0.0;1.0;;;True;ControlType.NO_CONTROL;0;<BV64 0xe68>;64;[];[];[];[];[];[];[];3688;3688;0;1.0;;;True;3688.0;3688.0;0.0;1.0;;;True;ControlType.NO_CONTROL;0;<BV64 x0>;64;[('0x19404', <Bool x0 != 0x0>, 'Taken')];[];['<BV64 x0>'];[];['<BV64 x0>'];[];[];0.0;1.8446744073709552e+19;18446744073709551615;1;;;True;1.0;1.8446744073709552e+19;18446744073709551614;1;;;True;ControlType.CONTROLLED;0;<BV64 x0>;64;[('0x19404', <Bool x0 != 0x0>, 'Taken')];[];['<BV64 x0>'];[];['<BV64 x0>'];[];[];0.0;1.8446744073709552e+19;1.8446744073709552e+19;1.0;;;True;1.0;1.8446744073709552e+19;1.8446744073709552e+19;1.0;;;True;ControlType.CONTROLLED;0;<BV64 x0>;64;[];[];[];[];[];[];[];0;0;0;;;;False;0;0;0;;;;False;ControlType.UNKNOWN;0;[('0x19404', <Bool x0 != 0x0>, 'Taken'), ('0x19618', <Bool True>, 'Taken')];{'regs': ['<BV64 x0>'], 'indirect_regs': [], 'direct_regs': ['<BV64 x0>'], 'mem': [], 'const_mem': []};[];{'regs': [], 'indirect_regs': [], 'direct_regs': [], 'mem': [], 'const_mem': []};{'regs': ['<BV64 x0>'], 'indirect_regs': [], 'direct_regs': ['<BV64 x0>'], 'mem': [], 'const_mem': []};{'regs': ['<BV64 x0>'], 'indirect_regs': [], 'direct_regs': ['<BV64 x0>'], 'mem': [], 'const_mem': []};63.0;0.0;64.0;64.0;[];;;;BaseControlType.CONSTANT_BASE;BaseControlType.CONSTANT_BASE;BaseControlType.CONSTANT_BASE;2;BranchControlType.BRANCH_DEPENDS_ON_SECRET_VALUE;BranchControlType.BRANCH_INDEPENDENT_FROM_SECRET;103472;True;False;True;True;True;False;False;True;True;False;False;False;True;False;True;True;True;False;True;False;[];['has_valid_base'];True;False;True;True;True;False;False;True;True;False;False;False;True;False;True;True;True;False;True;False;[];['has_valid_base']
d3fcd5a9-2120-4a34-8817-532a09b76cef;ZSTD_sizeof_CStream;0x19604;0x193c0;0x19430;TransmitterType.LOAD;33;1;False;['0x19604', '0x193f4', '0x19408', '0x193b0', '0x193c0'];<BV64 0x20 + LOAD_64[<BV64 x0 + 0xe68>]_34>;64;[('0x193bc', <Bool LOAD_64[<BV64 x0 + 0xe68>]_34 != 0x0>, 'Taken')];[];['<BV64 x0>'];"[""<BV64 x0>: ['0xe68']""]";[];['<BV64 x0 + 0xe68>'];[];0;18446744073709551615;18446744073709551615;1;;;True;33;31;18446744073709551614;1;;;True;ControlType.CONTROLLED;1;<BV64 0x20>;64;[];[];[];[];[];[];[];32.0;32.0;0.0;1.0;;;True;32.0;32.0;0.0;1.0;;;True;ControlType.NO_CONTROL;0;<BV64 0x20>;64;[];[];[];[];[];[];[];32;32;0;1.0;;;True;32.0;32.0;0.0;1.0;;;True;ControlType.NO_CONTROL;0;<BV64 LOAD_64[<BV64 x0 + 0xe68>]_34>;64;[('0x193bc', <Bool LOAD_64[<BV64 x0 + 0xe68>]_34 != 0x0>, 'Taken')];[];['<BV64 x0>'];"[""<BV64 x0>: ['0xe68']""]";[];['<BV64 x0 + 0xe68>'];[];0.0;1.8446744073709552e+19;18446744073709551615;1;;;True;1.0;1.8446744073709552e+19;18446744073709551614;1;;;True;ControlType.CONTROLLED;1;<BV64 x0 + 0xe68>;64;[('0x19404', <Bool x0 != 0x0>, 'Taken')];[];['<BV64 x0>'];[];['<BV64 x0>'];[];[];0.0;1.8446744073709552e+19;1.8446744073709552e+19;1.0;;;True;3689.0;3687.0;1.8446744073709552e+19;1.0;;;True;ControlType.CONTROLLED;0;<BV64 LOAD_64[<BV64 x0 + 0xe68>]_34>;64;[];[];[];[];[];[];[];0;0;0;;;;False;0;0;0;;;;False;ControlType.UNKNOWN;1;[('0x193bc', <Bool LOAD_64[<BV64 x0 + 0xe68>]_34 != 0x0>, 'Taken'), ('0x19404', <Bool x0 != 0x0>, 'Taken'), ('0x19444', <Bool True>, 'Taken'), ('0x19618', <Bool True>, 'Taken')];{'regs': ['<BV64 x0>'], 'indirect_regs': [], 'direct_regs': ['<BV64 x0>'], 'mem': ['<BV64 x0 + 0xe68>'], 'const_mem': []};[];{'regs': [], 'indirect_regs': [], 'direct_regs': [], 'mem': [], 'const_mem': []};{'regs': ['<BV64 x0>'], 'indirect_regs': [], 'direct_regs': ['<BV64 x0>'], 'mem': ['<BV64 x0 + 0xe68>'], 'const_mem': []};{'regs': ['<BV64 x0>'], 'indirect_regs': [], 'direct_regs': ['<BV64 x0>'], 'mem': ['<BV64 x0 + 0xe68>'], 'const_mem': []};63.0;0.0;64.0;64.0;[];;;;BaseControlType.CONSTANT_BASE;BaseControlType.CONSTANT_BASE;BaseControlType.CONSTANT_BASE;4;BranchControlType.BRANCH_DEPENDS_ON_SECRET_VALUE;BranchControlType.BRANCH_INDEPENDENT_FROM_SECRET;103360;True;False;True;True;True;False;False;True;True;False;False;False;True;False;True;True;True;False;True;False;[];['has_valid_base'];True;False;True;True;True;False;False;True;True;False;False;False;True;False;True;True;True;False;True;False;[];['has_valid_base']
2d6e3f08-8c54-4a01-99aa-a9d2542a0ad2;ZSTD_sizeof_CStream;0x19604;0x193c0;0x19430;TransmitterType.LOAD;33;1;False;['0x19604', '0x193f4', '0x19408', '0x193b0', '0x193c0'];<BV64 0x28 + LOAD_64[<BV64 x0 + 0xe68>]_34>;64;[('0x193bc', <Bool LOAD_64[<BV64 x0 + 0xe68>]_34 != 0x0>, 'Taken')];[];['<BV64 x0>'];"[""<BV64 x0>: ['0xe68']""]";[];['<BV64 x0 + 0xe68>'];[];0;18446744073709551615;18446744073709551615;1;;;True;41;39;18446744073709551614;1;;;True;ControlType.CONTROLLED;1;<BV64 0x28>;64;[];[];[];[];[];[];[];40.0;40.0;0.0;1.0;;;True;40.0;40.0;0.0;1.0;;;True;ControlType.NO_CONTROL;0;<BV64 0x28>;64;[];[];[];[];[];[];[];40;40;0;1.0;;;True;40.0;40.0;0.0;1.0;;;True;ControlType.NO_CONTROL;0;<BV64 LOAD_64[<BV64 x0 + 0xe68>]_34>;64;[('0x193bc', <Bool LOAD_64[<BV64 x0 + 0xe68>]_34 != 0x0>, 'Taken')];[];['<BV64 x0>'];"[""<BV64 x0>: ['0xe68']""]";[];['<BV64 x0 + 0xe68>'];[];0.0;1.8446744073709552e+19;18446744073709551615;1;;;True;1.0;1.8446744073709552e+19;18446744073709551614;1;;;True;ControlType.CONTROLLED;1;<BV64 x0 + 0xe68>;64;[('0x19404', <Bool x0 != 0x0>, 'Taken')];[];['<BV64 x0>'];[];['<BV64 x0>'];[];[];0.0;1.8446744073709552e+19;1.8446744073709552e+19;1.0;;;True;3689.0;3687.0;1.8446744073709552e+19;1.0;;;True;ControlType.CONTROLLED;0;<BV64 LOAD_64[<BV64 x0 + 0xe68>]_34>;64;[];[];[];[];[];[];[];0;0;0;;;;False;0;0;0;;;;False;ControlType.UNKNOWN;1;[('0x193bc', <Bool LOAD_64[<BV64 x0 + 0xe68>]_34 != 0x0>, 'Taken'), ('0x19404', <Bool x0 != 0x0>, 'Taken'), ('0x19444', <Bool True>, 'Taken'), ('0x19618', <Bool True>, 'Taken')];{'regs': ['<BV64 x0>'], 'indirect_regs': [], 'direct_regs': ['<BV64 x0>'], 'mem': ['<BV64 x0 + 0xe68>'], 'const_mem': []};[];{'regs': [], 'indirect_regs': [], 'direct_regs': [], 'mem': [], 'const_mem': []};{'regs': ['<BV64 x0>'], 'indirect_regs': [], 'direct_regs': ['<BV64 x0>'], 'mem': ['<BV64 x0 + 0xe68>'], 'const_mem': []};{'regs': ['<BV64 x0>'], 'indirect_regs': [], 'direct_regs': ['<BV64 x0>'], 'mem': ['<BV64 x0 + 0xe68>'], 'const_mem': []};63.0;0.0;64.0;64.0;[];;;;BaseControlType.CONSTANT_BASE;BaseControlType.CONSTANT_BASE;BaseControlType.CONSTANT_BASE;4;BranchControlType.BRANCH_DEPENDS_ON_SECRET_VALUE;BranchControlType.BRANCH_INDEPENDENT_FROM_SECRET;103360;True;False;True;True;True;False;False;True;True;False;False;False;True;False;True;True;True;False;True;False;[];['has_valid_base'];True;False;True;True;True;False;False;True;True;False;False;False;True;False;True;True;True;False;True;False;[];['has_valid_base']
fd4d51bf-ef8f-431e-b3c2-bcf36f2d391f;ZSTD_initCStream_usingDict;0x1b5c0;0x199f4;0x0;TransmitterType.STORE;21;0;False;['0x1b5c0', '0x199d0', '0x199f4'];<BV64 0x2f8 + x0>;64;[];[];['<BV64 x0>'];[];['<BV64 x0>'];[];[];0;18446744073709551615;18446744073709551615;1;;;True;0;18446744073709551615;18446744073709551615;1;;;True;ControlType.CONTROLLED;0;<BV64 0x2f8>;64;[];[];[];[];[];[];[];760.0;760.0;0.0;1.0;;;True;760.0;760.0;0.0;1.0;;;True;ControlType.NO_CONTROL;0;<BV64 0x2f8>;64;[];[];[];[];[];[];[];760;760;0;1.0;;;True;760.0;760.0;0.0;1.0;;;True;ControlType.NO_CONTROL;0;<BV64 x0>;64;[];[];['<BV64 x0>'];[];['<BV64 x0>'];[];[];0.0;1.8446744073709552e+19;18446744073709551615;1;;;True;0.0;1.8446744073709552e+19;18446744073709551615;1;;;True;ControlType.CONTROLLED;0;<BV64 x0>;64;[];[];['<BV64 x0>'];[];['<BV64 x0>'];[];[];0.0;1.8446744073709552e+19;1.8446744073709552e+19;1.0;;;True;0.0;1.8446744073709552e+19;1.8446744073709552e+19;1.0;;;True;ControlType.CONTROLLED;0;<BV64 x0>;64;[];[];[];[];[];[];[];0;0;0;;;;False;0;0;0;;;;False;ControlType.UNKNOWN;0;[('0x199f0', <Bool True>, 'Taken'), ('0x1b5e8', <Bool True>, 'Taken')];{'regs': [], 'indirect_regs': [], 'direct_regs': [], 'mem': [], 'const_mem': []};[];{'regs': [], 'indirect_regs': [], 'direct_regs': [], 'mem': [], 'const_mem': []};{'regs': ['<BV64 x0>'], 'indirect_regs': [], 'direct_regs': ['<BV64 x0>'], 'mem': [], 'const_mem': []};{'regs': ['<BV64 x0>'], 'indirect_regs': [], 'direct_regs': ['<BV64 x0>'], 'mem': [], 'const_mem': []};63.0;0.0;64.0;64.0;[];;;;BaseControlType.CONSTANT_BASE;BaseControlType.CONSTANT_BASE;BaseControlType.CONSTANT_BASE;2;BranchControlType.BRANCH_INDEPENDENT_FROM_SECRET;BranchControlType.BRANCH_INDEPENDENT_FROM_SECRET;104948;True;False;True;True;True;False;False;True;True;False;False;False;True;False;True;False;True;False;True;False;[];['has_valid_base'];True;False;True;True;True;False;False;True;True;False;False;False;True;False;True;False;True;False;True;False;[];['has_valid_base']
676b9dae-ac6b-41e9-bad9-a7f835df545d;ZSTD_initCStream_usingDict;0x1b5c0;0x199f8;0x0;TransmitterType.STORE;22;0;False;['0x1b5c0', '0x199d0', '0x199f4'];<BV64 0xe18 + x0>;64;[];[];['<BV64 x0>'];[];['<BV64 x0>'];[];[];0;18446744073709551615;18446744073709551615;1;;;True;0;18446744073709551615;18446744073709551615;1;;;True;ControlType.CONTROLLED;0;<BV64 0xe18>;64;[];[];[];[];[];[];[];3608.0;3608.0;0.0;1.0;;;True;3608.0;3608.0;0.0;1.0;;;True;ControlType.NO_CONTROL;0;<BV64 0xe18>;64;[];[];[];[];[];[];[];3608;3608;0;1.0;;;True;3608.0;3608.0;0.0;1.0;;;True;ControlType.NO_CONTROL;0;<BV64 x0>;64;[];[];['<BV64 x0>'];[];['<BV64 x0>'];[];[];0.0;1.8446744073709552e+19;18446744073709551615;1;;;True;0.0;1.8446744073709552e+19;18446744073709551615;1;;;True;ControlType.CONTROLLED;0;<BV64 x0>;64;[];[];['<BV64 x0>'];[];['<BV64 x0>'];[];[];0.0;1.8446744073709552e+19;1.8446744073709552e+19;1.0;;;True;0.0;1.8446744073709552e+19;1.8446744073709552e+19;1.0;;;True;ControlType.CONTROLLED;0;<BV64 x0>;64;[];[];[];[];[];[];[];0;0;0;;;;False;0;0;0;;;;False;ControlType.UNKNOWN;0;[('0x199f0', <Bool True>, 'Taken'), ('0x1b5e8', <Bool True>, 'Taken')];{'regs': [], 'indirect_regs': [], 'direct_regs': [], 'mem': [], 'const_mem': []};[];{'regs': [], 'indirect_regs': [], 'direct_regs': [], 'mem': [], 'const_mem': []};{'regs': ['<BV64 x0>'], 'indirect_regs': [], 'direct_regs': ['<BV64 x0>'], 'mem': [], 'const_mem': []};{'regs': ['<BV64 x0>'], 'indirect_regs': [], 'direct_regs': ['<BV64 x0>'], 'mem': [], 'const_mem': []};63.0;0.0;64.0;64.0;[];;;;BaseControlType.CONSTANT_BASE;BaseControlType.CONSTANT_BASE;BaseControlType.CONSTANT_BASE;2;BranchControlType.BRANCH_INDEPENDENT_FROM_SECRET;BranchControlType.BRANCH_INDEPENDENT_FROM_SECRET;104952;True;False;True;True;True;False;False;True;True;False;False;False;True;False;True;False;True;False;True;False;[];['has_valid_base'];True;False;True;True;True;False;False;True;True;False;False;False;True;False;True;False;True;False;True;False;[];['has_valid_base']
925ab6d7-ee13-400c-9bcb-063e41e81768;ZSTD_freeCCtx;0x19784;0x1979c;0x0;TransmitterType.LOAD;7;0;False;['0x19784', '0x1978c'];<BV64 0x388 + x0>;64;[('0x19788', <Bool x0 != 0x0>, 'Taken')];[];['<BV64 x0>'];[];['<BV64 x0>'];[];[];0;18446744073709551615;18446744073709551615;1;;;True;905;903;18446744073709551614;1;;;True;ControlType.CONTROLLED;0;<BV64 0x388>;64;[];[];[];[];[];[];[];904.0;904.0;0.0;1.0;;;True;904.0;904.0;0.0;1.0;;;True;ControlType.NO_CONTROL;0;<BV64 0x388>;64;[];[];[];[];[];[];[];904;904;0;1.0;;;True;904.0;904.0;0.0;1.0;;;True;ControlType.NO_CONTROL;0;<BV64 x0>;64;[('0x19788', <Bool x0 != 0x0>, 'Taken')];[];['<BV64 x0>'];[];['<BV64 x0>'];[];[];0.0;1.8446744073709552e+19;18446744073709551615;1;;;True;1.0;1.8446744073709552e+19;18446744073709551614;1;;;True;ControlType.CONTROLLED;0;<BV64 x0>;64;[('0x19788', <Bool x0 != 0x0>, 'Taken')];[];['<BV64 x0>'];[];['<BV64 x0>'];[];[];0.0;1.8446744073709552e+19;1.8446744073709552e+19;1.0;;;True;1.0;1.8446744073709552e+19;1.8446744073709552e+19;1.0;;;True;ControlType.CONTROLLED;0;<BV64 x0>;64;[];[];[];[];[];[];[];0;0;0;;;;False;0;0;0;;;;False;ControlType.UNKNOWN;0;[('0x19788', <Bool x0 != 0x0>, 'Taken')];{'regs': ['<BV64 x0>'], 'indirect_regs': [], 'direct_regs': ['<BV64 x0>'], 'mem': [], 'const_mem': []};[];{'regs': [], 'indirect_regs': [], 'direct_regs': [], 'mem': [], 'const_mem': []};{'regs': ['<BV64 x0>'], 'indirect_regs': [], 'direct_regs': ['<BV64 x0>'], 'mem': [], 'const_mem': []};{'regs': ['<BV64 x0>'], 'indirect_regs': [], 'direct_regs': ['<BV64 x0>'], 'mem': [], 'const_mem': []};63.0;0.0;64.0;64.0;[];;;;BaseControlType.CONSTANT_BASE;BaseControlType.CONSTANT_BASE;BaseControlType.CONSTANT_BASE;1;BranchControlType.BRANCH_DEPENDS_ON_SECRET_VALUE;BranchControlType.BRANCH_INDEPENDENT_FROM_SECRET;104348;True;False;True;True;True;False;False;True;True;False;False;False;True;False;True;True;True;False;True;False;[];['has_valid_base'];True;False;True;True;True;False;False;True;True;False;False;False;True;False;True;True;True;False;True;False;[];['has_valid_base']
646f7c77-d4d3-4ec8-a16b-2603628ec4dd;ZSTD_freeCCtx;0x19784;0x197ac;0x0;TransmitterType.LOAD;11;0;False;['0x19784', '0x1978c', '0x197ac'];<BV64 0x2a8 + x0>;64;[('0x19788', <Bool x0 != 0x0>, 'Taken')];[];['<BV64 x0>'];[];['<BV64 x0>'];[];[];0;18446744073709551615;18446744073709551615;1;;;True;681;679;18446744073709551614;1;;;True;ControlType.CONTROLLED;0;<BV64 0x2a8>;64;[];[];[];[];[];[];[];680.0;680.0;0.0;1.0;;;True;680.0;680.0;0.0;1.0;;;True;ControlType.NO_CONTROL;0;<BV64 0x2a8>;64;[];[];[];[];[];[];[];680;680;0;1.0;;;True;680.0;680.0;0.0;1.0;;;True;ControlType.NO_CONTROL;0;<BV64 x0>;64;[('0x19788', <Bool x0 != 0x0>, 'Taken')];[];['<BV64 x0>'];[];['<BV64 x0>'];[];[];0.0;1.8446744073709552e+19;18446744073709551615;1;;;True;1.0;1.8446744073709552e+19;18446744073709551614;1;;;True;ControlType.CONTROLLED;0;<BV64 x0>;64;[('0x19788', <Bool x0 != 0x0>, 'Taken')];[];['<BV64 x0>'];[];['<BV64 x0>'];[];[];0.0;1.8446744073709552e+19;1.8446744073709552e+19;1.0;;;True;1.0;1.8446744073709552e+19;1.8446744073709552e+19;1.0;;;True;ControlType.CONTROLLED;0;<BV64 x0>;64;[];[];[];[];[];[];[];0;0;0;;;;False;0;0;0;;;;False;ControlType.UNKNOWN;0;[('0x19788', <Bool x0 != 0x0>, 'Taken'), ('0x197a8', <Bool LOAD_64[<BV64 x0 + 0x388>]_22 == 0x0>, 'Taken')];{'regs': ['<BV64 x0>'], 'indirect_regs': [], 'direct_regs': ['<BV64 x0>'], 'mem': ['<BV64 x0 + 0x388>'], 'const_mem': []};[];{'regs': [], 'indirect_regs': [], 'direct_regs': [], 'mem': [], 'const_mem': []};{'regs': ['<BV64 x0>'], 'indirect_regs': [], 'direct_regs': ['<BV64 x0>'], 'mem': [], 'const_mem': []};{'regs': ['<BV64 x0>'], 'indirect_regs': [], 'direct_regs': ['<BV64 x0>'], 'mem': ['<BV64 x0 + 0x388>'], 'const_mem': []};63.0;0.0;64.0;64.0;[];;;;BaseControlType.CONSTANT_BASE;BaseControlType.CONSTANT_BASE;BaseControlType.CONSTANT_BASE;2;BranchControlType.BRANCH_DEPENDS_ON_SECRET_VALUE;BranchControlType.BRANCH_INDEPENDENT_FROM_SECRET;104364;True;False;True;True;True;False;False;True;True;False;False;False;True;False;True;True;True;False;True;False;[];['has_valid_base'];True;False;True;True;True;False;False;True;True;False;False;False;True;False;True;True;True;False;True;False;[];['has_valid_base']
ceb183c0-0510-4bba-a7d6-86f3a3d5e949;ZSTD_freeCCtx;0x19784;0x197c0;0x0;TransmitterType.LOAD;16;0;False;['0x19784', '0x1978c', '0x197ac', '0x197c0'];<BV64 0x2b0 + x0>;64;[('0x19788', <Bool x0 != 0x0>, 'Taken'), ('0x197bc', <Bool x0 >= LOAD_64[<BV64 x0 + 0x2a8>]_25>, 'Taken')];[];['<BV64 x0>'];[];['<BV64 x0>'];[];[];0;18446744073709551615;18446744073709551615;1;;;True;0;18446744073709551615;18446744073709551615;1;;;False;ControlType.CONTROLLED;0;<BV64 0x2b0>;64;[];[];[];[];[];[];[];688.0;688.0;0.0;1.0;;;True;688.0;688.0;0.0;1.0;;;True;ControlType.NO_CONTROL;0;<BV64 0x2b0>;64;[];[];[];[];[];[];[];688;688;0;1.0;;;True;688.0;688.0;0.0;1.0;;;True;ControlType.NO_CONTROL;0;<BV64 x0>;64;[('0x19788', <Bool x0 != 0x0>, 'Taken'), ('0x197bc', <Bool x0 >= LOAD_64[<BV64 x0 + 0x2a8>]_25>, 'Taken')];[];['<BV64 x0>'];[];['<BV64 x0>'];[];[];0.0;1.8446744073709552e+19;18446744073709551615;1;;;True;1.0;1.8446744073709552e+19;18446744073709551614;1;;;False;ControlType.CONTROLLED;0;<BV64 x0>;64;[('0x19788', <Bool x0 != 0x0>, 'Taken'), ('0x197bc', <Bool x0 >= LOAD_64[<BV64 x0 + 0x2a8>]_25>, 'Taken')];[];['<BV64 x0>'];[];['<BV64 x0>'];[];[];0.0;1.8446744073709552e+19;1.8446744073709552e+19;1.0;;;True;1.0;1.8446744073709552e+19;1.8446744073709552e+19;1.0;;;False;ControlType.CONTROLLED;0;<BV64 x0>;64;[];[];[];[];[];[];[];0;0;0;;;;False;0;0;0;;;;False;ControlType.UNKNOWN;0;[('0x19788', <Bool x0 != 0x0>, 'Taken'), ('0x197a8', <Bool LOAD_64[<BV64 x0 + 0x388>]_22 == 0x0>, 'Taken'), ('0x197bc', <Bool x0 >= LOAD_64[<BV64 x0 + 0x2a8>]_25>, 'Taken')];{'regs': ['<BV64 x0>'], 'indirect_regs': [], 'direct_regs': ['<BV64 x0>'], 'mem': ['<BV64 x0 + 0x2a8>', '<BV64 x0 + 0x388>'], 'const_mem': []};[];{'regs': [], 'indirect_regs': [], 'direct_regs': [], 'mem': [], 'const_mem': []};{'regs': ['<BV64 x0>'], 'indirect_regs': [], 'direct_regs': ['<BV64 x0>'], 'mem': [], 'const_mem': []};{'regs': ['<BV64 x0>'], 'indirect_regs': [], 'direct_regs': ['<BV64 x0>'], 'mem': ['<BV64 x0 + 0x2a8>', '<BV64 x0 + 0x388>'], 'const_mem': []};63.0;0.0;64.0;64.0;[];;;;BaseControlType.CONSTANT_BASE;BaseControlType.CONSTANT_BASE;BaseControlType.CONSTANT_BASE;3;BranchControlType.BRANCH_DEPENDS_ON_SECRET_VALUE;BranchControlType.BRANCH_INDEPENDENT_FROM_SECRET;104384;True;False;True;True;True;False;False;True;True;False;False;False;True;False;True;True;True;False;True;False;[];['has_valid_base'];True;False;True;True;True;False;False;True;True;False;False;False;True;False;True;True;True;False;True;False;[];['has_valid_base']
22145b47-2aa3-4c47-9bf4-ee46aef187c6;ZSTD_freeCCtx;0x19784;0x19720;0x0;TransmitterType.LOAD;23;0;False;['0x19784', '0x1978c', '0x197ac', '0x197c0', '0x19714'];<BV64 0xe48 + x0>;64;[('0x19788', <Bool x0 != 0x0>, 'Taken'), ('0x197bc', <Bool x0 >= LOAD_64[<BV64 x0 + 0x2a8>]_25>, 'Taken')];[];['<BV64 x0>'];[];['<BV64 x0>'];[];[];0;18446744073709551615;18446744073709551615;1;;;True;0;18446744073709551615;18446744073709551615;1;;;False;ControlType.CONTROLLED;0;<BV64 0xe48>;64;[];[];[];[];[];[];[];3656.0;3656.0;0.0;1.0;;;True;3656.0;3656.0;0.0;1.0;;;True;ControlType.NO_CONTROL;0;<BV64 0xe48>;64;[];[];[];[];[];[];[];3656;3656;0;1.0;;;True;3656.0;3656.0;0.0;1.0;;;True;ControlType.NO_CONTROL;0;<BV64 x0>;64;[('0x19788', <Bool x0 != 0x0>, 'Taken'), ('0x197bc', <Bool x0 >= LOAD_64[<BV64 x0 + 0x2a8>]_25>, 'Taken')];[];['<BV64 x0>'];[];['<BV64 x0>'];[];[];0.0;1.8446744073709552e+19;18446744073709551615;1;;;True;1.0;1.8446744073709552e+19;18446744073709551614;1;;;False;ControlType.CONTROLLED;0;<BV64 x0>;64;[('0x19788', <Bool x0 != 0x0>, 'Taken'), ('0x197bc', <Bool x0 >= LOAD_64[<BV64 x0 + 0x2a8>]_25>, 'Taken')];[];['<BV64 x0>'];[];['<BV64 x0>'];[];[];0.0;1.8446744073709552e+19;1.8446744073709552e+19;1.0;;;True;1.0;1.8446744073709552e+19;1.8446744073709552e+19;1.0;;;False;ControlType.CONTROLLED;0;<BV64 x0>;64;[];[];[];[];[];[];[];0;0;0;;;;False;0;0;0;;;;False;ControlType.UNKNOWN;0;[('0x19788', <Bool x0 != 0x0>, 'Taken'), ('0x197a8', <Bool LOAD_64[<BV64 x0 + 0x388>]_22 == 0x0>, 'Taken'), ('0x197bc', <Bool x0 >= LOAD_64[<BV64 x0 + 0x2a8>]_25>, 'Taken'), ('0x197cc', <Bool True>, 'Taken')];{'regs': ['<BV64 x0>'], 'indirect_regs': [], 'direct_regs': ['<BV64 x0>'], 'mem': ['<BV64 x0 + 0x2a8>', '<BV64 x0 + 0x388>'], 'const_mem': []};[];{'regs': [], 'indirect_regs': [], 'direct_regs': [], 'mem': [], 'const_mem': []};{'regs': ['<BV64 x0>'], 'indirect_regs': [], 'direct_regs': ['<BV64 x0>'], 'mem': [], 'const_mem': []};{'regs': ['<BV64 x0>'], 'indirect_regs': [], 'direct_regs': ['<BV64 x0>'], 'mem': ['<BV64 x0 + 0x2a8>', '<BV64 x0 + 0x388>'], 'const_mem': []};63.0;0.0;64.0;64.0;[];;;;BaseControlType.CONSTANT_BASE;BaseControlType.CONSTANT_BASE;BaseControlType.CONSTANT_BASE;4;BranchControlType.BRANCH_DEPENDS_ON_SECRET_VALUE;BranchControlType.BRANCH_INDEPENDENT_FROM_SECRET;104224;True;False;True;True;True;False;False;True;True;False;False;False;True;False;True;True;True;False;True;False;[];['has_valid_base'];True;False;True;True;True;False;False;True;True;False;False;False;True;False;True;True;True;False;True;False;[];['has_valid_base']
60234979-6624-410f-a659-37e1efb69659;ZSTD_freeCCtx;0x19784;0x19720;0x0;TransmitterType.LOAD;20;0;False;['0x19784', '0x1978c', '0x197ac', '0x19824', '0x19714'];<BV64 0xe48 + x0>;64;[('0x19788', <Bool x0 != 0x0>, 'Taken'), ('0x197bc', <Bool x0 < LOAD_64[<BV64 x0 + 0x2a8>]_25>, 'Taken')];[];['<BV64 x0>'];[];['<BV64 x0>'];[];[];0;18446744073709551615;18446744073709551615;1;;;True;0;18446744073709551615;18446744073709551615;1;;;False;ControlType.CONTROLLED;0;<BV64 0xe48>;64;[];[];[];[];[];[];[];3656.0;3656.0;0.0;1.0;;;True;3656.0;3656.0;0.0;1.0;;;True;ControlType.NO_CONTROL;0;<BV64 0xe48>;64;[];[];[];[];[];[];[];3656;3656;0;1.0;;;True;3656.0;3656.0;0.0;1.0;;;True;ControlType.NO_CONTROL;0;<BV64 x0>;64;[('0x19788', <Bool x0 != 0x0>, 'Taken'), ('0x197bc', <Bool x0 < LOAD_64[<BV64 x0 + 0x2a8>]_25>, 'Taken')];[];['<BV64 x0>'];[];['<BV64 x0>'];[];[];0.0;1.8446744073709552e+19;18446744073709551615;1;;;True;1.0;1.8446744073709552e+19;18446744073709551613;1;;;False;ControlType.CONTROLLED;0;<BV64 x0>;64;[('0x19788', <Bool x0 != 0x0>, 'Taken'), ('0x197bc', <Bool x0 < LOAD_64[<BV64 x0 + 0x2a8>]_25>, 'Taken')];[];['<BV64 x0>'];[];['<BV64 x0>'];[];[];0.0;1.8446744073709552e+19;1.8446744073709552e+19;1.0;;;True;1.0;1.8446744073709552e+19;1.8446744073709552e+19;1.0;;;False;ControlType.CONTROLLED;0;<BV64 x0>;64;[];[];[];[];[];[];[];0;0;0;;;;False;0;0;0;;;;False;ControlType.UNKNOWN;0;[('0x19788', <Bool x0 != 0x0>, 'Taken'), ('0x197a8', <Bool LOAD_64[<BV64 x0 + 0x388>]_22 == 0x0>, 'Taken'), ('0x197bc', <Bool x0 < LOAD_64[<BV64 x0 + 0x2a8>]_25>, 'Taken'), ('0x19824', <Bool True>, 'Taken')];{'regs': ['<BV64 x0>'], 'indirect_regs': [], 'direct_regs': ['<BV64 x0>'], 'mem': ['<BV64 x0 + 0x2a8>', '<BV64 x0 + 0x388>'], 'const_mem': []};[];{'regs': [], 'indirect_regs': [], 'direct_regs': [], 'mem': [], 'const_mem': []};{'regs': ['<BV64 x0>'], 'indirect_regs': [], 'direct_regs': ['<BV64 x0>'], 'mem': [], 'const_mem': []};{'regs': ['<BV64 x0>'], 'indirect_regs': [], 'direct_regs': ['<BV64 x0>'], 'mem': ['<BV64 x0 + 0x2a8>', '<BV64 x0 + 0x388>'], 'const_mem': []};63.0;0.0;64.0;64.0;[];;;;BaseControlType.CONSTANT_BASE;BaseControlType.CONSTANT_BASE;BaseControlType.CONSTANT_BASE;4;BranchControlType.BRANCH_DEPENDS_ON_SECRET_VALUE;BranchControlType.BRANCH_INDEPENDENT_FROM_SECRET;104224;True;False;True;True;True;False;False;True;True;False;False;False;True;False;True;True;True;False;True;False;[];['has_valid_base'];True;False;True;True;True;False;False;True;True;False;False;False;True;False;True;True;True;False;True;False;[];['has_valid_base']
af3bb30d-a1ad-4074-b323-f8e0c79295ad;ZSTD_createDCtx_advanced;0x544d0;0x544e0;0x0;TransmitterType.LOAD;5;0;False;['0x544d0'];<BV64 x0>;64;[];[];['<BV64 x0>'];[];['<BV64 x0>'];[];[];0;18446744073709551615;18446744073709551615;1;;;True;0;18446744073709551615;18446744073709551615;1;;;True;ControlType.CONTROLLED;0;;0;[];[];[];[];[];[];[];0.0;0.0;0.0;0.0;;;False;0.0;0.0;0.0;0.0;;;False;ControlType.UNKNOWN;0;;0;[];[];[];[];[];[];[];0;0;0;;;;False;0.0;0.0;0.0;0.0;;;False;ControlType.UNKNOWN;0;<BV64 x0>;64;[];[];['<BV64 x0>'];[];['<BV64 x0>'];[];[];0.0;1.8446744073709552e+19;18446744073709551615;1;;;True;0.0;1.8446744073709552e+19;18446744073709551615;1;;;True;ControlType.CONTROLLED;0;<BV64 x0>;64;[];[];['<BV64 x0>'];[];['<BV64 x0>'];[];[];0.0;1.8446744073709552e+19;1.8446744073709552e+19;1.0;;;True;0.0;1.8446744073709552e+19;1.8446744073709552e+19;1.0;;;True;ControlType.CONTROLLED;0;<BV64 x0>;64;[];[];[];[];[];[];[];0;0;0;;;;False;0;0;0;;;;False;ControlType.UNKNOWN;0;[];{'regs': [], 'indirect_regs': [], 'direct_regs': [], 'mem': [], 'const_mem': []};[];{'regs': [], 'indirect_regs': [], 'direct_regs': [], 'mem': [], 'const_mem': []};{'regs': ['<BV64 x0>'], 'indirect_regs': [], 'direct_regs': ['<BV64 x0>'], 'mem': [], 'const_mem': []};{'regs': ['<BV64 x0>'], 'indirect_regs': [], 'direct_regs': ['<BV64 x0>'], 'mem': [], 'const_mem': []};63.0;0.0;64.0;64.0;[];;;;BaseControlType.NO_BASE;BaseControlType.NO_BASE;BaseControlType.NO_BASE;0;BranchControlType.BRANCH_INDEPENDENT_FROM_SECRET;BranchControlType.BRANCH_INDEPENDENT_FROM_SECRET;345312;True;False;True;True;True;False;False;True;True;False;False;False;True;False;True;False;True;False;True;False;[];['has_valid_base'];True;False;True;True;True;False;False;True;True;False;False;False;True;False;True;False;True;False;True;False;[];['has_valid_base']
c628647a-6efb-4fcc-a570-a6bfead71ab4;ZSTD_createDCtx_advanced;0x544d0;0x544e0;0x0;TransmitterType.LOAD;5;0;False;['0x544d0'];<BV64 0x8 + x0>;64;[];[];['<BV64 x0>'];[];['<BV64 x0>'];[];[];0;18446744073709551615;18446744073709551615;1;;;True;0;18446744073709551615;18446744073709551615;1;;;True;ControlType.CONTROLLED;0;<BV64 0x8>;64;[];[];[];[];[];[];[];8.0;8.0;0.0;1.0;;;True;8.0;8.0;0.0;1.0;;;True;ControlType.NO_CONTROL;0;<BV64 0x8>;64;[];[];[];[];[];[];[];8;8;0;1.0;;;True;8.0;8.0;0.0;1.0;;;True;ControlType.NO_CONTROL;0;<BV64 x0>;64;[];[];['<BV64 x0>'];[];['<BV64 x0>'];[];[];0.0;1.8446744073709552e+19;18446744073709551615;1;;;True;0.0;1.8446744073709552e+19;18446744073709551615;1;;;True;ControlType.CONTROLLED;0;<BV64 x0>;64;[];[];['<BV64 x0>'];[];['<BV64 x0>'];[];[];0.0;1.8446744073709552e+19;1.8446744073709552e+19;1.0;;;True;0.0;1.8446744073709552e+19;1.8446744073709552e+19;1.0;;;True;ControlType.CONTROLLED;0;<BV64 x0>;64;[];[];[];[];[];[];[];0;0;0;;;;False;0;0;0;;;;False;ControlType.UNKNOWN;0;[];{'regs': [], 'indirect_regs': [], 'direct_regs': [], 'mem': [], 'const_mem': []};[];{'regs': [], 'indirect_regs': [], 'direct_regs': [], 'mem': [], 'const_mem': []};{'regs': ['<BV64 x0>'], 'indirect_regs': [], 'direct_regs': ['<BV64 x0>'], 'mem': [], 'const_mem': []};{'regs': ['<BV64 x0>'], 'indirect_regs': [], 'direct_regs': ['<BV64 x0>'], 'mem': [], 'const_mem': []};63.0;0.0;64.0;64.0;[];;;;BaseControlType.CONSTANT_BASE;BaseControlType.CONSTANT_BASE;BaseControlType.CONSTANT_BASE;0;BranchControlType.BRANCH_INDEPENDENT_FROM_SECRET;BranchControlType.BRANCH_INDEPENDENT_FROM_SECRET;345312;True;False;True;True;True;False;False;True;True;False;False;False;True;False;True;False;True;False;True;False;[];['has_valid_base'];True;False;True;True;True;False;False;True;True;False;False;False;True;False;True;False;True;False;True;False;[];['has_valid_base']
e5155f96-a65d-4a4a-bc10-3a37c1bde952;ZSTD_createDCtx_advanced;0x544d0;0x54500;0x0;TransmitterType.LOAD;13;0;False;['0x544d0', '0x544fc'];<BV64 0x10 + x0>;64;[];[];['<BV64 x0>'];[];['<BV64 x0>'];[];[];0;18446744073709551615;18446744073709551615;1;;;True;0;18446744073709551615;18446744073709551615;1;;;True;ControlType.CONTROLLED;0;<BV64 0x10>;64;[];[];[];[];[];[];[];16.0;16.0;0.0;1.0;;;True;16.0;16.0;0.0;1.0;;;True;ControlType.NO_CONTROL;0;<BV64 0x10>;64;[];[];[];[];[];[];[];16;16;0;1.0;;;True;16.0;16.0;0.0;1.0;;;True;ControlType.NO_CONTROL;0;<BV64 x0>;64;[];[];['<BV64 x0>'];[];['<BV64 x0>'];[];[];0.0;1.8446744073709552e+19;18446744073709551615;1;;;True;0.0;1.8446744073709552e+19;18446744073709551615;1;;;True;ControlType.CONTROLLED;0;<BV64 x0>;64;[];[];['<BV64 x0>'];[];['<BV64 x0>'];[];[];0.0;1.8446744073709552e+19;1.8446744073709552e+19;1.0;;;True;0.0;1.8446744073709552e+19;1.8446744073709552e+19;1.0;;;True;ControlType.CONTROLLED;0;<BV64 x0>;64;[];[];[];[];[];[];[];0;0;0;;;;False;0;0;0;;;;False;ControlType.UNKNOWN;0;[('0x544f8', <Bool True>, 'Taken')];{'regs': [], 'indirect_regs': [], 'direct_regs': [], 'mem': [], 'const_mem': []};[('0x544e8', <Bool LOAD_64[<BV64 x0>]_24 == 0x0>, 'ConditionType.CMOVE'), ('0x544f0', <Bool LOAD_64[<BV64 x0 + 0x8>]_25 == 0x0>, 'ConditionType.CMOVE')];"{'regs': ['<BV64 x0>'], 'indirect_regs': [""<BV64 x0>: ['0x0', '0x8']""], 'direct_regs': [], 'mem': ['<BV64 x0 + 0x8>', '<BV64 x0>'], 'const_mem': []}";{'regs': ['<BV64 x0>'], 'indirect_regs': [], 'direct_regs': ['<BV64 x0>'], 'mem': ['<BV64 x0 + 0x8>', '<BV64 x0>'], 'const_mem': []};{'regs': ['<BV64 x0>'], 'indirect_regs': [], 'direct_regs': ['<BV64 x0>'], 'mem': ['<BV64 x0 + 0x8>', '<BV64 x0>'], 'const_mem': []};63.0;0.0;64.0;64.0;[];;;;BaseControlType.CONSTANT_BASE;BaseControlType.CONSTANT_BASE;BaseControlType.CONSTANT_BASE;1;BranchControlType.BRANCH_INDEPENDENT_FROM_SECRET;BranchControlType.BRANCH_DEPENDS_ON_SECRET_VALUE;345344;True;False;True;False;True;False;False;True;True;False;False;False;True;False;True;False;True;False;True;False;[];['has_valid_base', 'is_cmove_independent_from_secret'];True;False;True;False;True;False;False;True;True;False;False;False;True;False;True;False;True;False;True;False;[];['has_valid_base', 'is_cmove_independent_from_secret']
7be3cdd6-5b3d-47cd-b878-c9d6043eb647;ZSTD_createDCtx_advanced;0x544d0;0x54500;0x0;TransmitterType.LOAD;13;0;False;['0x544d0', '0x544fc'];<BV64 0x10 + x0>;64;[];[];['<BV64 x0>'];[];['<BV64 x0>'];[];[];0;18446744073709551615;18446744073709551615;1;;;True;0;18446744073709551615;18446744073709551615;1;;;True;ControlType.CONTROLLED;0;<BV64 0x10>;64;[];[];[];[];[];[];[];16.0;16.0;0.0;1.0;;;True;16.0;16.0;0.0;1.0;;;True;ControlType.NO_CONTROL;0;<BV64 0x10>;64;[];[];[];[];[];[];[];16;16;0;1.0;;;True;16.0;16.0;0.0;1.0;;;True;ControlType.NO_CONTROL;0;<BV64 x0>;64;[];[];['<BV64 x0>'];[];['<BV64 x0>'];[];[];0.0;1.8446744073709552e+19;18446744073709551615;1;;;True;0.0;1.8446744073709552e+19;18446744073709551615;1;;;True;ControlType.CONTROLLED;0;<BV64 x0>;64;[];[];['<BV64 x0>'];[];['<BV64 x0>'];[];[];0.0;1.8446744073709552e+19;1.8446744073709552e+19;1.0;;;True;0.0;1.8446744073709552e+19;1.8446744073709552e+19;1.0;;;True;ControlType.CONTROLLED;0;<BV64 x0>;64;[];[];[];[];[];[];[];0;0;0;;;;False;0;0;0;;;;False;ControlType.UNKNOWN;0;[('0x544f8', <Bool True>, 'Taken')];{'regs': [], 'indirect_regs': [], 'direct_regs': [], 'mem': [], 'const_mem': []};[('0x544e8', <Bool LOAD_64[<BV64 x0>]_24 != 0x0>, 'ConditionType.CMOVE'), ('0x544f0', <Bool LOAD_64[<BV64 x0 + 0x8>]_25 != 0x0>, 'ConditionType.CMOVE')];"{'regs': ['<BV64 x0>'], 'indirect_regs': [""<BV64 x0>: ['0x0', '0x8']""], 'direct_regs': [], 'mem': ['<BV64 x0 + 0x8>', '<BV64 x0>'], 'const_mem': []}";{'regs': ['<BV64 x0>'], 'indirect_regs': [], 'direct_regs': ['<BV64 x0>'], 'mem': ['<BV64 x0 + 0x8>', '<BV64 x0>'], 'const_mem': []};{'regs': ['<BV64 x0>'], 'indirect_regs': [], 'direct_regs': ['<BV64 x0>'], 'mem': ['<BV64 x0 + 0x8>', '<BV64 x0>'], 'const_mem': []};63.0;0.0;64.0;64.0;[];;;;BaseControlType.CONSTANT_BASE;BaseControlType.CONSTANT_BASE;BaseControlType.CONSTANT_BASE;1;BranchControlType.BRANCH_INDEPENDENT_FROM_SECRET;BranchControlType.BRANCH_DEPENDS_ON_SECRET_VALUE;345344;True;False;True;False;True;False;False;True;True;False;False;False;True;False;True;False;True;False;True;False;[];['has_valid_base', 'is_cmove_independent_from_secret'];True;False;True;False;True;False;False;True;True;False;False;False;True;False;True;False;True;False;True;False;[];['has_valid_base', 'is_cmove_independent_from_secret']
989afc19-d9f3-4d73-b523-3ba9e27fb99d;ZSTD_createDCtx_advanced;0x544d0;0x54514;0x544e0;TransmitterType.CODE_LOAD;18;1;False;['0x544d0', '0x544fc', '0x54508'];<BV64 LOAD_64[<BV64 x0>]_24>;64;[('0x54504', <Bool LOAD_64[<BV64 x0>]_24 != 0x0>, 'Taken')];[('0x544e8', <Bool LOAD_64[<BV64 x0>]_24 != 0x0>, 'ConditionType.CMOVE')];['<BV64 x0>'];"[""<BV64 x0>: ['0x0']""]";[];['<BV64 x0>'];[];1;18446744073709551615;18446744073709551614;1;;;True;1;18446744073709551615;18446744073709551614;1;;;True;ControlType.CONTROLLED;1;;0;[];[];[];[];[];[];[];0.0;0.0;0.0;0.0;;;False;0.0;0.0;0.0;0.0;;;False;ControlType.UNKNOWN;0;;0;[];[];[];[];[];[];[];0;0;0;;;;False;0.0;0.0;0.0;0.0;;;False;ControlType.UNKNOWN;0;<BV64 LOAD_64[<BV64 x0>]_24>;64;[('0x54504', <Bool LOAD_64[<BV64 x0>]_24 != 0x0>, 'Taken')];[('0x544e8', <Bool LOAD_64[<BV64 x0>]_24 != 0x0>, 'ConditionType.CMOVE')];['<BV64 x0>'];"[""<BV64 x0>: ['0x0']""]";[];['<BV64 x0>'];[];1.0;1.8446744073709552e+19;18446744073709551614;1;;;True;1.0;1.8446744073709552e+19;18446744073709551614;1;;;True;ControlType.CONTROLLED;1;<BV64 x0>;64;[];[];['<BV64 x0>'];[];['<BV64 x0>'];[];[];0.0;1.8446744073709552e+19;1.8446744073709552e+19;1.0;;;True;0.0;1.8446744073709552e+19;1.8446744073709552e+19;1.0;;;True;ControlType.CONTROLLED;0;<BV64 LOAD_64[<BV64 x0>]_24>;64;[];[];[];[];[];[];[];0;0;0;;;;False;0;0;0;;;;False;ControlType.UNKNOWN;1;[('0x544f8', <Bool True>, 'Taken'), ('0x54504', <Bool LOAD_64[<BV64 x0>]_24 != 0x0>, 'Taken')];"{'regs': ['<BV64 x0>'], 'indirect_regs': [""<BV64 x0>: ['0x0']""], 'direct_regs': [], 'mem': ['<BV64 x0>'], 'const_mem': []}";[('0x544e8', <Bool LOAD_64[<BV64 x0>]_24 != 0x0>, 'ConditionType.CMOVE'), ('0x544f0', <Bool LOAD_64[<BV64 x0 + 0x8>]_25 != 0x0>, 'ConditionType.CMOVE')];"{'regs': ['<BV64 x0>'], 'indirect_regs': [""<BV64 x0>: ['0x0', '0x8']""], 'direct_regs': [], 'mem': ['<BV64 x0 + 0x8>', '<BV64 x0>'], 'const_mem': []}";{'regs': ['<BV64 x0>'], 'indirect_regs': [], 'direct_regs': ['<BV64 x0>'], 'mem': ['<BV64 x0 + 0x8>', '<BV64 x0>'], 'const_mem': []};{'regs': ['<BV64 x0>'], 'indirect_regs': [], 'direct_regs': ['<BV64 x0>'], 'mem': ['<BV64 x0 + 0x8>', '<BV64 x0>'], 'const_mem': []};63.0;0.0;64.0;64.0;[];;;;BaseControlType.NO_BASE;BaseControlType.NO_BASE;BaseControlType.NO_BASE;2;BranchControlType.BRANCH_DEPENDS_ON_SECRET_VALUE;BranchControlType.BRANCH_DEPENDS_ON_SECRET_VALUE;345364;True;False;True;False;True;False;False;True;True;False;False;False;True;False;True;True;True;False;True;False;[];['has_valid_base', 'is_cmove_independent_from_secret'];True;False;True;False;True;False;False;True;True;False;False;False;True;False;True;True;True;False;True;False;[];['has_valid_base', 'is_cmove_independent_from_secret']
5acc7d0d-ed99-499d-a60f-a7f7ef3ac5c9;ZSTD_CCtx_refPrefix_advanced;0x19bd4;0x19be8;0x0;TransmitterType.LOAD;6;0;False;['0x19bd4'];<BV64 0xe18 + x0>;64;[];[];['<BV64 x0>'];[];['<BV64 x0>'];[];[];0;18446744073709551615;18446744073709551615;1;;;True;0;18446744073709551615;18446744073709551615;1;;;True;ControlType.CONTROLLED;0;<BV64 0xe18>;64;[];[];[];[];[];[];[];3608.0;3608.0;0.0;1.0;;;True;3608.0;3608.0;0.0;1.0;;;True;ControlType.NO_CONTROL;0;<BV64 0xe18>;64;[];[];[];[];[];[];[];3608;3608;0;1.0;;;True;3608.0;3608.0;0.0;1.0;;;True;ControlType.NO_CONTROL;0;<BV64 x0>;64;[];[];['<BV64 x0>'];[];['<BV64 x0>'];[];[];0.0;1.8446744073709552e+19;18446744073709551615;1;;;True;0.0;1.8446744073709552e+19;18446744073709551615;1;;;True;ControlType.CONTROLLED;0;<BV64 x0>;64;[];[];['<BV64 x0>'];[];['<BV64 x0>'];[];[];0.0;1.8446744073709552e+19;1.8446744073709552e+19;1.0;;;True;0.0;1.8446744073709552e+19;1.8446744073709552e+19;1.0;;;True;ControlType.CONTROLLED;0;<BV64 x0>;64;[];[];[];[];[];[];[];0;0;0;;;;False;0;0;0;;;;False;ControlType.UNKNOWN;0;[];{'regs': [], 'indirect_regs': [], 'direct_regs': [], 'mem': [], 'const_mem': []};[];{'regs': [], 'indirect_regs': [], 'direct_regs': [], 'mem': [], 'const_mem': []};{'regs': ['<BV64 x0>'], 'indirect_regs': [], 'direct_regs': ['<BV64 x0>'], 'mem': [], 'const_mem': []};{'regs': ['<BV64 x0>'], 'indirect_regs': [], 'direct_regs': ['<BV64 x0>'], 'mem': [], 'const_mem': []};63.0;0.0;64.0;64.0;[];;;;BaseControlType.CONSTANT_BASE;BaseControlType.CONSTANT_BASE;BaseControlType.CONSTANT_BASE;0;BranchControlType.BRANCH_INDEPENDENT_FROM_SECRET;BranchControlType.BRANCH_INDEPENDENT_FROM_SECRET;105448;True;False;True;True;True;False;False;True;True;False;False;False;True;False;True;False;True;False;True;False;[];['has_valid_base'];True;False;True;True;True;False;False;True;True;False;False;False;True;False;True;False;True;False;True;False;[];['has_valid_base']
ce7be019-9b77-483b-a42d-68e7ebe8d50c;ZSTD_CCtx_refPrefix_advanced;0x19bd4;0x19bfc;0x0;TransmitterType.LOAD;11;0;False;['0x19bd4', '0x19bf0'];<BV64 0xe48 + x0>;64;[];[];['<BV64 x0>'];[];['<BV64 x0>'];[];[];0;18446744073709551615;18446744073709551615;1;;;True;0;18446744073709551615;18446744073709551615;1;;;True;ControlType.CONTROLLED;0;<BV64 0xe48>;64;[];[];[];[];[];[];[];3656.0;3656.0;0.0;1.0;;;True;3656.0;3656.0;0.0;1.0;;;True;ControlType.NO_CONTROL;0;<BV64 0xe48>;64;[];[];[];[];[];[];[];3656;3656;0;1.0;;;True;3656.0;3656.0;0.0;1.0;;;True;ControlType.NO_CONTROL;0;<BV64 x0>;64;[];[];['<BV64 x0>'];[];['<BV64 x0>'];[];[];0.0;1.8446744073709552e+19;18446744073709551615;1;;;True;0.0;1.8446744073709552e+19;18446744073709551615;1;;;True;ControlType.CONTROLLED;0;<BV64 x0>;64;[];[];['<BV64 x0>'];[];['<BV64 x0>'];[];[];0.0;1.8446744073709552e+19;1.8446744073709552e+19;1.0;;;True;0.0;1.8446744073709552e+19;1.8446744073709552e+19;1.0;;;True;ControlType.CONTROLLED;0;<BV64 x0>;64;[];[];[];[];[];[];[];0;0;0;;;;False;0;0;0;;;;False;ControlType.UNKNOWN;0;[('0x19bec', <Bool LOAD_32[<BV64 x0 + 0xe18>]_24 == 0x0>, 'Taken')];"{'regs': ['<BV64 x0>'], 'indirect_regs': [""<BV64 x0>: ['0xe18']""], 'direct_regs': [], 'mem': ['<BV64 x0 + 0xe18>'], 'const_mem': []}";[];{'regs': [], 'indirect_regs': [], 'direct_regs': [], 'mem': [], 'const_mem': []};{'regs': ['<BV64 x0>'], 'indirect_regs': [], 'direct_regs': ['<BV64 x0>'], 'mem': [], 'const_mem': []};"{'regs': ['<BV64 x0>', '<BV64 x0>'], 'indirect_regs': [""<BV64 x0>: ['0xe18']""], 'direct_regs': ['<BV64 x0>'], 'mem': ['<BV64 x0 + 0xe18>'], 'const_mem': []}";63.0;0.0;64.0;64.0;[];;;;BaseControlType.CONSTANT_BASE;BaseControlType.CONSTANT_BASE;BaseControlType.CONSTANT_BASE;1;BranchControlType.BRANCH_INDEPENDENT_FROM_SECRET;BranchControlType.BRANCH_INDEPENDENT_FROM_SECRET;105468;True;False;True;True;True;False;False;True;True;False;False;False;True;False;True;False;True;False;True;False;[];['has_valid_base'];True;False;True;True;True;False;False;True;True;False;False;False;True;False;True;False;True;False;True;False;[];['has_valid_base']
f00194c3-d6b3-4aa3-9bc1-88e0ff552a87;ZSTD_CCtx_refPrefix_advanced;0x19bd4;0x19c08;0x0;TransmitterType.LOAD;14;0;False;['0x19bd4', '0x19bf0', '0x19c08'];<BV64 0x370 + x0>;64;[];[];['<BV64 x0>'];[];['<BV64 x0>'];[];[];0;18446744073709551615;18446744073709551615;1;;;True;0;18446744073709551615;18446744073709551615;1;;;True;ControlType.CONTROLLED;0;<BV64 0x370>;64;[];[];[];[];[];[];[];880.0;880.0;0.0;1.0;;;True;880.0;880.0;0.0;1.0;;;True;ControlType.NO_CONTROL;0;<BV64 0x370>;64;[];[];[];[];[];[];[];880;880;0;1.0;;;True;880.0;880.0;0.0;1.0;;;True;ControlType.NO_CONTROL;0;<BV64 x0>;64;[];[];['<BV64 x0>'];[];['<BV64 x0>'];[];[];0.0;1.8446744073709552e+19;18446744073709551615;1;;;True;0.0;1.8446744073709552e+19;18446744073709551615;1;;;True;ControlType.CONTROLLED;0;<BV64 x0>;64;[];[];['<BV64 x0>'];[];['<BV64 x0>'];[];[];0.0;1.8446744073709552e+19;1.8446744073709552e+19;1.0;;;True;0.0;1.8446744073709552e+19;1.8446744073709552e+19;1.0;;;True;ControlType.CONTROLLED;0;<BV64 x0>;64;[];[];[];[];[];[];[];0;0;0;;;;False;0;0;0;;;;False;ControlType.UNKNOWN;0;[('0x19bec', <Bool LOAD_32[<BV64 x0 + 0xe18>]_24 == 0x0>, 'Taken'), ('0x19c04', <Bool LOAD_64[<BV64 x0 + 0xe48>]_27 != 0x0>, 'Taken')];"{'regs': ['<BV64 x0>'], 'indirect_regs': [""<BV64 x0>: ['0xe18', '0xe48']""], 'direct_regs': [], 'mem': ['<BV64 x0 + 0xe18>', '<BV64 x0 + 0xe48>'], 'const_mem': []}";[];{'regs': [], 'indirect_regs': [], 'direct_regs': [], 'mem': [], 'const_mem': []};{'regs': ['<BV64 x0>'], 'indirect_regs': [], 'direct_regs': ['<BV64 x0>'], 'mem': [], 'const_mem': []};{'regs': ['<BV64 x0>'], 'indirect_regs': [], 'direct_regs': ['<BV64 x0>'], 'mem': ['<BV64 x0 + 0xe18>', '<BV64 x0 + 0xe48>'], 'const_mem': []};63.0;0.0;64.0;64.0;[];;;;BaseControlType.CONSTANT_BASE;BaseControlType.CONSTANT_BASE;BaseControlType.CONSTANT_BASE;2;BranchControlType.BRANCH_DEPENDS_ON_SECRET_VALUE;BranchControlType.BRANCH_INDEPENDENT_FROM_SECRET;105480;True;False;True;True;True;False;False;True;True;False;False;False;True;False;True;True;True;False;True;False;[];['has_valid_base'];True;False;True;True;True;False;False;True;True;False;False;False;True;False;True;True;True;False;True;False;[];['has_valid_base']
c2a16870-d712-471e-bb44-0ad05ab856a4;ZSTD_CCtx_refPrefix_advanced;0x19bd4;0x19c0c;0x0;TransmitterType.LOAD;15;0;False;['0x19bd4', '0x19bf0', '0x19c08'];<BV64 0x378 + x0>;64;[];[];['<BV64 x0>'];[];['<BV64 x0>'];[];[];0;18446744073709551615;18446744073709551615;1;;;True;0;18446744073709551615;18446744073709551615;1;;;True;ControlType.CONTROLLED;0;<BV64 0x378>;64;[];[];[];[];[];[];[];888.0;888.0;0.0;1.0;;;True;888.0;888.0;0.0;1.0;;;True;ControlType.NO_CONTROL;0;<BV64 0x378>;64;[];[];[];[];[];[];[];888;888;0;1.0;;;True;888.0;888.0;0.0;1.0;;;True;ControlType.NO_CONTROL;0;<BV64 x0>;64;[];[];['<BV64 x0>'];[];['<BV64 x0>'];[];[];0.0;1.8446744073709552e+19;18446744073709551615;1;;;True;0.0;1.8446744073709552e+19;18446744073709551615;1;;;True;ControlType.CONTROLLED;0;<BV64 x0>;64;[];[];['<BV64 x0>'];[];['<BV64 x0>'];[];[];0.0;1.8446744073709552e+19;1.8446744073709552e+19;1.0;;;True;0.0;1.8446744073709552e+19;1.8446744073709552e+19;1.0;;;True;ControlType.CONTROLLED;0;<BV64 x0>;64;[];[];[];[];[];[];[];0;0;0;;;;False;0;0;0;;;;False;ControlType.UNKNOWN;0;[('0x19bec', <Bool LOAD_32[<BV64 x0 + 0xe18>]_24 == 0x0>, 'Taken'), ('0x19c04', <Bool LOAD_64[<BV64 x0 + 0xe48>]_27 != 0x0>, 'Taken')];"{'regs': ['<BV64 x0>'], 'indirect_regs': [""<BV64 x0>: ['0xe18', '0xe48']""], 'direct_regs': [], 'mem': ['<BV64 x0 + 0xe18>', '<BV64 x0 + 0xe48>'], 'const_mem': []}";[];{'regs': [], 'indirect_regs': [], 'direct_regs': [], 'mem': [], 'const_mem': []};{'regs': ['<BV64 x0>'], 'indirect_regs': [], 'direct_regs': ['<BV64 x0>'], 'mem': [], 'const_mem': []};{'regs': ['<BV64 x0>'], 'indirect_regs': [], 'direct_regs': ['<BV64 x0>'], 'mem': ['<BV64 x0 + 0xe18>', '<BV64 x0 + 0xe48>'], 'const_mem': []};63.0;0.0;64.0;64.0;[];;;;BaseControlType.CONSTANT_BASE;BaseControlType.CONSTANT_BASE;BaseControlType.CONSTANT_BASE;2;BranchControlType.BRANCH_DEPENDS_ON_SECRET_VALUE;BranchControlType.BRANCH_INDEPENDENT_FROM_SECRET;105484;True;False;True;True;True;False;False;True;True;False;False;False;True;False;True;True;True;False;True;False;[];['has_valid_base'];True;False;True;True;True;False;False;True;True;False;False;False;True;False;True;True;True;False;True;False;[];['has_valid_base']
d25b5200-b8ce-403b-89f2-2a2ae0f526a5;ZSTD_CCtx_refPrefix_advanced;0x19bd4;0x19c14;0x19c08;TransmitterType.CODE_LOAD;17;1;False;['0x19bd4', '0x19bf0', '0x19c08', '0x19c14'];<BV64 LOAD_64[<BV64 x0 + 0x370>]_28>;64;[('0x19c10', <Bool LOAD_64[<BV64 x0 + 0x370>]_28 != 0x0>, 'Taken')];[];['<BV64 x0>'];"[""<BV64 x0>: ['0x370']""]";[];['<BV64 x0 + 0x370>'];[];0;18446744073709551615;18446744073709551615;1;;;True;1;18446744073709551615;18446744073709551614;1;;;True;ControlType.CONTROLLED;1;;0;[];[];[];[];[];[];[];0.0;0.0;0.0;0.0;;;False;0.0;0.0;0.0;0.0;;;False;ControlType.UNKNOWN;0;;0;[];[];[];[];[];[];[];0;0;0;;;;False;0.0;0.0;0.0;0.0;;;False;ControlType.UNKNOWN;0;<BV64 LOAD_64[<BV64 x0 + 0x370>]_28>;64;[('0x19c10', <Bool LOAD_64[<BV64 x0 + 0x370>]_28 != 0x0>, 'Taken')];[];['<BV64 x0>'];"[""<BV64 x0>: ['0x370']""]";[];['<BV64 x0 + 0x370>'];[];0.0;1.8446744073709552e+19;18446744073709551615;1;;;True;1.0;1.8446744073709552e+19;18446744073709551614;1;;;True;ControlType.CONTROLLED;1;<BV64 x0 + 0x370>;64;[];[];['<BV64 x0>'];[];['<BV64 x0>'];[];[];0.0;1.8446744073709552e+19;1.8446744073709552e+19;1.0;;;True;0.0;1.8446744073709552e+19;1.8446744073709552e+19;1.0;;;True;ControlType.CONTROLLED;0;<BV64 LOAD_64[<BV64 x0 + 0x370>]_28>;64;[];[];[];[];[];[];[];0;0;0;;;;False;0;0;0;;;;False;ControlType.UNKNOWN;1;[('0x19bec', <Bool LOAD_32[<BV64 x0 + 0xe18>]_24 == 0x0>, 'Taken'), ('0x19c04', <Bool LOAD_64[<BV64 x0 + 0xe48>]_27 != 0x0>, 'Taken'), ('0x19c10', <Bool LOAD_64[<BV64 x0 + 0x370>]_28 != 0x0>, 'Taken')];"{'regs': ['<BV64 x0>'], 'indirect_regs': [""<BV64 x0>: ['0x370', '0xe18', '0xe48']""], 'direct_regs': [], 'mem': ['<BV64 x0 + 0x370>', '<BV64 x0 + 0xe18>', '<BV64 x0 + 0xe48>'], 'const_mem': []}";[];{'regs': [], 'indirect_regs': [], 'direct_regs': [], 'mem': [], 'const_mem': []};{'regs': ['<BV64 x0>'], 'indirect_regs': [], 'direct_regs': ['<BV64 x0>'], 'mem': ['<BV64 x0 + 0x370>'], 'const_mem': []};{'regs': ['<BV64 x0>'], 'indirect_regs': [], 'direct_regs': ['<BV64 x0>'], 'mem': ['<BV64 x0 + 0x370>', '<BV64 x0 + 0xe18>', '<BV64 x0 + 0xe48>'], 'const_mem': []};63.0;0.0;64.0;64.0;[];;;;BaseControlType.NO_BASE;BaseControlType.NO_BASE;BaseControlType.NO_BASE;3;BranchControlType.BRANCH_DEPENDS_ON_SECRET_VALUE;BranchControlType.BRANCH_INDEPENDENT_FROM_SECRET;105492;True;False;True;True;True;False;False;True;True;False;False;False;True;False;True;True;True;False;True;False;[];['has_valid_base'];True;False;True;True;True;False;False;True;True;False;False;False;True;False;True;True;True;False;True;False;[];['has_valid_base']
b33ea1c0-25f5-43af-aa77-5e4ab45b4402;ZSTD_CCtx_refPrefix_advanced;0x19bd4;0x19c18;0x0;TransmitterType.LOAD;14;0;False;['0x19bd4', '0x19bf0', '0x19c18'];<BV64 0xe68 + x0>;64;[];[];['<BV64 x0>'];[];['<BV64 x0>'];[];[];0;18446744073709551615;18446744073709551615;1;;;True;0;18446744073709551615;18446744073709551615;1;;;True;ControlType.CONTROLLED;0;<BV64 0xe68>;64;[];[];[];[];[];[];[];3688.0;3688.0;0.0;1.0;;;True;3688.0;3688.0;0.0;1.0;;;True;ControlType.NO_CONTROL;0;<BV64 0xe68>;64;[];[];[];[];[];[];[];3688;3688;0;1.0;;;True;3688.0;3688.0;0.0;1.0;;;True;ControlType.NO_CONTROL;0;<BV64 x0>;64;[];[];['<BV64 x0>'];[];['<BV64 x0>'];[];[];0.0;1.8446744073709552e+19;18446744073709551615;1;;;True;0.0;1.8446744073709552e+19;18446744073709551615;1;;;True;ControlType.CONTROLLED;0;<BV64 x0>;64;[];[];['<BV64 x0>'];[];['<BV64 x0>'];[];[];0.0;1.8446744073709552e+19;1.8446744073709552e+19;1.0;;;True;0.0;1.8446744073709552e+19;1.8446744073709552e+19;1.0;;;True;ControlType.CONTROLLED;0;<BV64 x0>;64;[];[];[];[];[];[];[];0;0;0;;;;False;0;0;0;;;;False;ControlType.UNKNOWN;0;[('0x19bec', <Bool LOAD_32[<BV64 x0 + 0xe18>]_24 == 0x0>, 'Taken'), ('0x19c04', <Bool LOAD_64[<BV64 x0 + 0xe48>]_27 == 0x0>, 'Taken')];"{'regs': ['<BV64 x0>'], 'indirect_regs': [""<BV64 x0>: ['0xe18', '0xe48']""], 'direct_regs': [], 'mem': ['<BV64 x0 + 0xe18>', '<BV64 x0 + 0xe48>'], 'const_mem': []}";[];{'regs': [], 'indirect_regs': [], 'direct_regs': [], 'mem': [], 'const_mem': []};{'regs': ['<BV64 x0>'], 'indirect_regs': [], 'direct_regs': ['<BV64 x0>'], 'mem': [], 'const_mem': []};{'regs': ['<BV64 x0>'], 'indirect_regs': [], 'direct_regs': ['<BV64 x0>'], 'mem': ['<BV64 x0 + 0xe18>', '<BV64 x0 + 0xe48>'], 'const_mem': []};63.0;0.0;64.0;64.0;[];;;;BaseControlType.CONSTANT_BASE;BaseControlType.CONSTANT_BASE;BaseControlType.CONSTANT_BASE;2;BranchControlType.BRANCH_DEPENDS_ON_SECRET_VALUE;BranchControlType.BRANCH_INDEPENDENT_FROM_SECRET;105496;True;False;True;True;True;False;False;True;True;False;False;False;True;False;True;True;True;False;True;False;[];['has_valid_base'];True;False;True;True;True;False;False;True;True;False;False;False;True;False;True;True;True;False;True;False;[];['has_valid_base']
07978f0c-c60b-4196-8a2e-0d2bd57ae34a;ZSTD_CCtx_refPrefix_advanced;0x19bd4;0x1963c;0x19c18;TransmitterType.LOAD;23;1;False;['0x19bd4', '0x19bf0', '0x19c18', '0x19620', '0x19628'];<BV64 0x20 + LOAD_64[<BV64 x0 + 0xe68>]_31>;64;[('0x19624', <Bool LOAD_64[<BV64 x0 + 0xe68>]_31 != 0x0>, 'Taken')];[];['<BV64 x0>'];"[""<BV64 x0>: ['0xe68']""]";[];['<BV64 x0 + 0xe68>'];[];0;18446744073709551615;18446744073709551615;1;;;True;33;31;18446744073709551614;1;;;True;ControlType.CONTROLLED;1;<BV64 0x20>;64;[];[];[];[];[];[];[];32.0;32.0;0.0;1.0;;;True;32.0;32.0;0.0;1.0;;;True;ControlType.NO_CONTROL;0;<BV64 0x20>;64;[];[];[];[];[];[];[];32;32;0;1.0;;;True;32.0;32.0;0.0;1.0;;;True;ControlType.NO_CONTROL;0;<BV64 LOAD_64[<BV64 x0 + 0xe68>]_31>;64;[('0x19624', <Bool LOAD_64[<BV64 x0 + 0xe68>]_31 != 0x0>, 'Taken')];[];['<BV64 x0>'];"[""<BV64 x0>: ['0xe68']""]";[];['<BV64 x0 + 0xe68>'];[];0.0;1.8446744073709552e+19;18446744073709551615;1;;;True;1.0;1.8446744073709552e+19;18446744073709551614;1;;;True;ControlType.CONTROLLED;1;<BV64 x0 + 0xe68>;64;[];[];['<BV64 x0>'];[];['<BV64 x0>'];[];[];0.0;1.8446744073709552e+19;1.8446744073709552e+19;1.0;;;True;0.0;1.8446744073709552e+19;1.8446744073709552e+19;1.0;;;True;ControlType.CONTROLLED;0;<BV64 LOAD_64[<BV64 x0 + 0xe68>]_31>;64;[];[];[];[];[];[];[];0;0;0;;;;False;0;0;0;;;;False;ControlType.UNKNOWN;1;[('0x19624', <Bool LOAD_64[<BV64 x0 + 0xe68>]_31 != 0x0>, 'Taken'), ('0x19bec', <Bool LOAD_32[<BV64 x0 + 0xe18>]_24 == 0x0>, 'Taken'), ('0x19c04', <Bool LOAD_64[<BV64 x0 + 0xe48>]_27 == 0x0>, 'Taken'), ('0x19c1c', <Bool True>, 'Taken')];"{'regs': ['<BV64 x0>'], 'indirect_regs': [""<BV64 x0>: ['0xe18', '0xe48', '0xe68']""], 'direct_regs': [], 'mem': ['<BV64 x0 + 0xe18>', '<BV64 x0 + 0xe48>', '<BV64 x0 + 0xe68>'], 'const_mem': []}";[];{'regs': [], 'indirect_regs': [], 'direct_regs': [], 'mem': [], 'const_mem': []};{'regs': ['<BV64 x0>'], 'indirect_regs': [], 'direct_regs': ['<BV64 x0>'], 'mem': ['<BV64 x0 + 0xe68>'], 'const_mem': []};{'regs': ['<BV64 x0>'], 'indirect_regs': [], 'direct_regs': ['<BV64 x0>'], 'mem': ['<BV64 x0 + 0xe18>', '<BV64 x0 + 0xe48>', '<BV64 x0 + 0xe68>'], 'const_mem': []};63.0;0.0;64.0;64.0;[];;;;BaseControlType.CONSTANT_BASE;BaseControlType.CONSTANT_BASE;BaseControlType.CONSTANT_BASE;4;BranchControlType.BRANCH_DEPENDS_ON_SECRET_VALUE;BranchControlType.BRANCH_INDEPENDENT_FROM_SECRET;103996;True;False;True;True;True;False;False;True;True;False;False;False;True;False;True;True;True;False;True;False;[];['has_valid_base'];True;False;True;True;True;False;False;True;True;False;False;False;True;False;True;True;True;False;True;False;[];['has_valid_base']
a3187f72-a72a-4806-9cc8-4b7e7644c93c;ZSTD_CCtx_refPrefix_advanced;0x19bd4;0x1964c;0x19c18;TransmitterType.LOAD;27;1;False;['0x19bd4', '0x19bf0', '0x19c18', '0x19620', '0x19628'];<BV64 0x17a0 + LOAD_64[<BV64 x0 + 0xe68>]_31>;64;[('0x19624', <Bool LOAD_64[<BV64 x0 + 0xe68>]_31 != 0x0>, 'Taken')];[];['<BV64 x0>'];"[""<BV64 x0>: ['0xe68']""]";[];['<BV64 x0 + 0xe68>'];[];0;18446744073709551615;18446744073709551615;1;;;True;6049;6047;18446744073709551614;1;;;True;ControlType.CONTROLLED;1;<BV64 0x17a0>;64;[];[];[];[];[];[];[];6048.0;6048.0;0.0;1.0;;;True;6048.0;6048.0;0.0;1.0;;;True;ControlType.NO_CONTROL;0;<BV64 0x17a0>;64;[];[];[];[];[];[];[];6048;6048;0;1.0;;;True;6048.0;6048.0;0.0;1.0;;;True;ControlType.NO_CONTROL;0;<BV64 LOAD_64[<BV64 x0 + 0xe68>]_31>;64;[('0x19624', <Bool LOAD_64[<BV64 x0 + 0xe68>]_31 != 0x0>, 'Taken')];[];['<BV64 x0>'];"[""<BV64 x0>: ['0xe68']""]";[];['<BV64 x0 + 0xe68>'];[];0.0;1.8446744073709552e+19;18446744073709551615;1;;;True;1.0;1.8446744073709552e+19;18446744073709551614;1;;;True;ControlType.CONTROLLED;1;<BV64 x0 + 0xe68>;64;[];[];['<BV64 x0>'];[];['<BV64 x0>'];[];[];0.0;1.8446744073709552e+19;1.8446744073709552e+19;1.0;;;True;0.0;1.8446744073709552e+19;1.8446744073709552e+19;1.0;;;True;ControlType.CONTROLLED;0;<BV64 LOAD_64[<BV64 x0 + 0xe68>]_31>;64;[];[];[];[];[];[];[];0;0;0;;;;False;0;0;0;;;;False;ControlType.UNKNOWN;1;[('0x19624', <Bool LOAD_64[<BV64 x0 + 0xe68>]_31 != 0x0>, 'Taken'), ('0x19bec', <Bool LOAD_32[<BV64 x0 + 0xe18>]_24 == 0x0>, 'Taken'), ('0x19c04', <Bool LOAD_64[<BV64 x0 + 0xe48>]_27 == 0x0>, 'Taken'), ('0x19c1c', <Bool True>, 'Taken')];"{'regs': ['<BV64 x0>'], 'indirect_regs': [""<BV64 x0>: ['0xe18', '0xe48', '0xe68']""], 'direct_regs': [], 'mem': ['<BV64 x0 + 0xe18>', '<BV64 x0 + 0xe48>', '<BV64 x0 + 0xe68>'], 'const_mem': []}";[];{'regs': [], 'indirect_regs': [], 'direct_regs': [], 'mem': [], 'const_mem': []};{'regs': ['<BV64 x0>'], 'indirect_regs': [], 'direct_regs': ['<BV64 x0>'], 'mem': ['<BV64 x0 + 0xe68>'], 'const_mem': []};{'regs': ['<BV64 x0>'], 'indirect_regs': [], 'direct_regs': ['<BV64 x0>'], 'mem': ['<BV64 x0 + 0xe18>', '<BV64 x0 + 0xe48>', '<BV64 x0 + 0xe68>'], 'const_mem': []};63.0;0.0;64.0;64.0;[];;;;BaseControlType.CONSTANT_BASE;BaseControlType.CONSTANT_BASE;BaseControlType.CONSTANT_BASE;4;BranchControlType.BRANCH_DEPENDS_ON_SECRET_VALUE;BranchControlType.BRANCH_INDEPENDENT_FROM_SECRET;104012;True;False;True;True;True;False;False;True;True;False;False;False;True;False;True;True;True;False;True;False;[];['has_valid_base'];True;False;True;True;True;False;False;True;True;False;False;False;True;False;True;True;True;False;True;False;[];['has_valid_base']
4f6ad73b-0ead-42cd-9f94-a2d2fa6c4864;ZSTD_CCtx_refPrefix_advanced;0x19bd4;0x19650;0x19c18;TransmitterType.LOAD;28;1;False;['0x19bd4', '0x19bf0', '0x19c18', '0x19620', '0x19628'];<BV64 0x17a8 + LOAD_64[<BV64 x0 + 0xe68>]_31>;64;[('0x19624', <Bool LOAD_64[<BV64 x0 + 0xe68>]_31 != 0x0>, 'Taken')];[];['<BV64 x0>'];"[""<BV64 x0>: ['0xe68']""]";[];['<BV64 x0 + 0xe68>'];[];0;18446744073709551615;18446744073709551615;1;;;True;6057;6055;18446744073709551614;1;;;True;ControlType.CONTROLLED;1;<BV64 0x17a8>;64;[];[];[];[];[];[];[];6056.0;6056.0;0.0;1.0;;;True;6056.0;6056.0;0.0;1.0;;;True;ControlType.NO_CONTROL;0;<BV64 0x17a8>;64;[];[];[];[];[];[];[];6056;6056;0;1.0;;;True;6056.0;6056.0;0.0;1.0;;;True;ControlType.NO_CONTROL;0;<BV64 LOAD_64[<BV64 x0 + 0xe68>]_31>;64;[('0x19624', <Bool LOAD_64[<BV64 x0 + 0xe68>]_31 != 0x0>, 'Taken')];[];['<BV64 x0>'];"[""<BV64 x0>: ['0xe68']""]";[];['<BV64 x0 + 0xe68>'];[];0.0;1.8446744073709552e+19;18446744073709551615;1;;;True;1.0;1.8446744073709552e+19;18446744073709551614;1;;;True;ControlType.CONTROLLED;1;<BV64 x0 + 0xe68>;64;[];[];['<BV64 x0>'];[];['<BV64 x0>'];[];[];0.0;1.8446744073709552e+19;1.8446744073709552e+19;1.0;;;True;0.0;1.8446744073709552e+19;1.8446744073709552e+19;1.0;;;True;ControlType.CONTROLLED;0;<BV64 LOAD_64[<BV64 x0 + 0xe68>]_31>;64;[];[];[];[];[];[];[];0;0;0;;;;False;0;0;0;;;;False;ControlType.UNKNOWN;1;[('0x19624', <Bool LOAD_64[<BV64 x0 + 0xe68>]_31 != 0x0>, 'Taken'), ('0x19bec', <Bool LOAD_32[<BV64 x0 + 0xe18>]_24 == 0x0>, 'Taken'), ('0x19c04', <Bool LOAD_64[<BV64 x0 + 0xe48>]_27 == 0x0>, 'Taken'), ('0x19c1c', <Bool True>, 'Taken')];"{'regs': ['<BV64 x0>'], 'indirect_regs': [""<BV64 x0>: ['0xe18', '0xe48', '0xe68']""], 'direct_regs': [], 'mem': ['<BV64 x0 + 0xe18>', '<BV64 x0 + 0xe48>', '<BV64 x0 + 0xe68>'], 'const_mem': []}";[];{'regs': [], 'indirect_regs': [], 'direct_regs': [], 'mem': [], 'const_mem': []};{'regs': ['<BV64 x0>'], 'indirect_regs': [], 'direct_regs': ['<BV64 x0>'], 'mem': ['<BV64 x0 + 0xe68>'], 'const_mem': []};{'regs': ['<BV64 x0>'], 'indirect_regs': [], 'direct_regs': ['<BV64 x0>'], 'mem': ['<BV64 x0 + 0xe18>', '<BV64 x0 + 0xe48>', '<BV64 x0 + 0xe68>'], 'const_mem': []};63.0;0.0;64.0;64.0;[];;;;BaseControlType.CONSTANT_BASE;BaseControlType.CONSTANT_BASE;BaseControlType.CONSTANT_BASE;4;BranchControlType.BRANCH_DEPENDS_ON_SECRET_VALUE;BranchControlType.BRANCH_INDEPENDENT_FROM_SECRET;104016;True;False;True;True;True;False;False;True;True;False;False;False;True;False;True;True;True;False;True;False;[];['has_valid_base'];True;False;True;True;True;False;False;True;True;False;False;False;True;False;True;True;True;False;True;False;[];['has_valid_base']
5be0b406-50f8-4d92-9cc8-0020597330ae;ZSTD_CCtx_refPrefix_advanced;0x19bd4;0x19654;0x19c18;TransmitterType.STORE;29;1;False;['0x19bd4', '0x19bf0', '0x19c18', '0x19620', '0x19628'];<BV64 0x60 + LOAD_64[<BV64 x0 + 0xe68>]_31>;64;[('0x19624', <Bool LOAD_64[<BV64 x0 + 0xe68>]_31 != 0x0>, 'Taken')];[];['<BV64 x0>'];"[""<BV64 x0>: ['0xe68']""]";[];['<BV64 x0 + 0xe68>'];[];0;18446744073709551615;18446744073709551615;1;;;True;97;95;18446744073709551614;1;;;True;ControlType.CONTROLLED;1;<BV64 0x60>;64;[];[];[];[];[];[];[];96.0;96.0;0.0;1.0;;;True;96.0;96.0;0.0;1.0;;;True;ControlType.NO_CONTROL;0;<BV64 0x60>;64;[];[];[];[];[];[];[];96;96;0;1.0;;;True;96.0;96.0;0.0;1.0;;;True;ControlType.NO_CONTROL;0;<BV64 LOAD_64[<BV64 x0 + 0xe68>]_31>;64;[('0x19624', <Bool LOAD_64[<BV64 x0 + 0xe68>]_31 != 0x0>, 'Taken')];[];['<BV64 x0>'];"[""<BV64 x0>: ['0xe68']""]";[];['<BV64 x0 + 0xe68>'];[];0.0;1.8446744073709552e+19;18446744073709551615;1;;;True;1.0;1.8446744073709552e+19;18446744073709551614;1;;;True;ControlType.CONTROLLED;1;<BV64 x0 + 0xe68>;64;[];[];['<BV64 x0>'];[];['<BV64 x0>'];[];[];0.0;1.8446744073709552e+19;1.8446744073709552e+19;1.0;;;True;0.0;1.8446744073709552e+19;1.8446744073709552e+19;1.0;;;True;ControlType.CONTROLLED;0;<BV64 LOAD_64[<BV64 x0 + 0xe68>]_31>;64;[];[];[];[];[];[];[];0;0;0;;;;False;0;0;0;;;;False;ControlType.UNKNOWN;1;[('0x19624', <Bool LOAD_64[<BV64 x0 + 0xe68>]_31 != 0x0>, 'Taken'), ('0x19bec', <Bool LOAD_32[<BV64 x0 + 0xe18>]_24 == 0x0>, 'Taken'), ('0x19c04', <Bool LOAD_64[<BV64 x0 + 0xe48>]_27 == 0x0>, 'Taken'), ('0x19c1c', <Bool True>, 'Taken')];"{'regs': ['<BV64 x0>'], 'indirect_regs': [""<BV64 x0>: ['0xe18', '0xe48', '0xe68']""], 'direct_regs': [], 'mem': ['<BV64 x0 + 0xe18>', '<BV64 x0 + 0xe48>', '<BV64 x0 + 0xe68>'], 'const_mem': []}";[];{'regs': [], 'indirect_regs': [], 'direct_regs': [], 'mem': [], 'const_mem': []};{'regs': ['<BV64 x0>'], 'indirect_regs': [], 'direct_regs': ['<BV64 x0>'], 'mem': ['<BV64 x0 + 0xe68>'], 'const_mem': []};{'regs': ['<BV64 x0>'], 'indirect_regs': [], 'direct_regs': ['<BV64 x0>'], 'mem': ['<BV64 x0 + 0xe18>', '<BV64 x0 + 0xe48>', '<BV64 x0 + 0xe68>'], 'const_mem': []};63.0;0.0;64.0;64.0;[];;;;BaseControlType.CONSTANT_BASE;BaseControlType.CONSTANT_BASE;BaseControlType.CONSTANT_BASE;4;BranchControlType.BRANCH_DEPENDS_ON_SECRET_VALUE;BranchControlType.BRANCH_INDEPENDENT_FROM_SECRET;104020;True;False;True;True;True;False;False;True;True;False;False;False;True;False;True;True;True;False;True;False;[];['has_valid_base'];True;False;True;True;True;False;False;True;True;False;False;False;True;False;True;True;True;False;True;False;[];['has_valid_base']
f2b752ad-fb10-4715-aba7-1d3bea950e47;ZSTD_DCtx_loadDictionary_advanced;0x562e0;0x562fc;0x0;TransmitterType.LOAD;8;0;False;['0x562e0'];<BV64 0x761c + x0>;64;[];[];['<BV64 x0>'];[];['<BV64 x0>'];[];[];0;18446744073709551615;18446744073709551615;1;;;True;0;18446744073709551615;18446744073709551615;1;;;True;ControlType.CONTROLLED;0;<BV64 0x761c>;64;[];[];[];[];[];[];[];30236.0;30236.0;0.0;1.0;;;True;30236.0;30236.0;0.0;1.0;;;True;ControlType.NO_CONTROL;0;<BV64 0x761c>;64;[];[];[];[];[];[];[];30236;30236;0;1.0;;;True;30236.0;30236.0;0.0;1.0;;;True;ControlType.NO_CONTROL;0;<BV64 x0>;64;[];[];['<BV64 x0>'];[];['<BV64 x0>'];[];[];0.0;1.8446744073709552e+19;18446744073709551615;1;;;True;0.0;1.8446744073709552e+19;18446744073709551615;1;;;True;ControlType.CONTROLLED;0;<BV64 x0>;64;[];[];['<BV64 x0>'];[];['<BV64 x0>'];[];[];0.0;1.8446744073709552e+19;1.8446744073709552e+19;1.0;;;True;0.0;1.8446744073709552e+19;1.8446744073709552e+19;1.0;;;True;ControlType.CONTROLLED;0;<BV64 x0>;64;[];[];[];[];[];[];[];0;0;0;;;;False;0;0;0;;;;False;ControlType.UNKNOWN;0;[];{'regs': [], 'indirect_regs': [], 'direct_regs': [], 'mem': [], 'const_mem': []};[];{'regs': [], 'indirect_regs': [], 'direct_regs': [], 'mem': [], 'const_mem': []};{'regs': ['<BV64 x0>'], 'indirect_regs': [], 'direct_regs': ['<BV64 x0>'], 'mem': [], 'const_mem': []};{'regs': ['<BV64 x0>'], 'indirect_regs': [], 'direct_regs': ['<BV64 x0>'], 'mem': [], 'const_mem': []};63.0;0.0;64.0;64.0;[];;;;BaseControlType.CONSTANT_BASE;BaseControlType.CONSTANT_BASE;BaseControlType.CONSTANT_BASE;0;BranchControlType.BRANCH_INDEPENDENT_FROM_SECRET;BranchControlType.BRANCH_INDEPENDENT_FROM_SECRET;353020;True;False;True;True;True;False;False;True;True;False;False;False;True;False;True;False;True;False;True;False;[];['has_valid_base'];True;False;True;True;True;False;False;True;True;False;False;False;True;False;True;False;True;False;True;False;[];['has_valid_base']
2ae9bae2-a14f-4a10-afb8-0f6d5c610cb6;ZSTD_DCtx_loadDictionary_advanced;0x562e0;0x56304;0x0;TransmitterType.LOAD;10;0;False;['0x562e0', '0x56304'];<BV64 0x75e8 + x0>;64;[];[];['<BV64 x0>'];[];['<BV64 x0>'];[];[];0;18446744073709551615;18446744073709551615;1;;;True;0;18446744073709551615;18446744073709551615;1;;;True;ControlType.CONTROLLED;0;<BV64 0x75e8>;64;[];[];[];[];[];[];[];30184.0;30184.0;0.0;1.0;;;True;30184.0;30184.0;0.0;1.0;;;True;ControlType.NO_CONTROL;0;<BV64 0x75e8>;64;[];[];[];[];[];[];[];30184;30184;0;1.0;;;True;30184.0;30184.0;0.0;1.0;;;True;ControlType.NO_CONTROL;0;<BV64 x0>;64;[];[];['<BV64 x0>'];[];['<BV64 x0>'];[];[];0.0;1.8446744073709552e+19;18446744073709551615;1;;;True;0.0;1.8446744073709552e+19;18446744073709551615;1;;;True;ControlType.CONTROLLED;0;<BV64 x0>;64;[];[];['<BV64 x0>'];[];['<BV64 x0>'];[];[];0.0;1.8446744073709552e+19;1.8446744073709552e+19;1.0;;;True;0.0;1.8446744073709552e+19;1.8446744073709552e+19;1.0;;;True;ControlType.CONTROLLED;0;<BV64 x0>;64;[];[];[];[];[];[];[];0;0;0;;;;False;0;0;0;;;;False;ControlType.UNKNOWN;0;[('0x56300', <Bool LOAD_32[<BV64 x0 + 0x761c>]_26 == 0x0>, 'Taken')];"{'regs': ['<BV64 x0>'], 'indirect_regs': [""<BV64 x0>: ['0x761c']""], 'direct_regs': [], 'mem': ['<BV64 x0 + 0x761c>'], 'const_mem': []}";[];{'regs': [], 'indirect_regs': [], 'direct_regs': [], 'mem': [], 'const_mem': []};{'regs': ['<BV64 x0>'], 'indirect_regs': [], 'direct_regs': ['<BV64 x0>'], 'mem': [], 'const_mem': []};{'regs': ['<BV64 x0>'], 'indirect_regs': [], 'direct_regs': ['<BV64 x0>'], 'mem': ['<BV64 x0 + 0x761c>'], 'const_mem': []};63.0;0.0;64.0;64.0;[];;;;BaseControlType.CONSTANT_BASE;BaseControlType.CONSTANT_BASE;BaseControlType.CONSTANT_BASE;1;BranchControlType.BRANCH_DEPENDS_ON_SECRET_VALUE;BranchControlType.BRANCH_INDEPENDENT_FROM_SECRET;353028;True;False;True;True;True;False;False;True;True;False;False;False;True;False;True;True;True;False;True;False;[];['has_valid_base'];True;False;True;True;True;False;False;True;True;False;False;False;True;False;True;True;True;False;True;False;[];['has_valid_base']
ce281cfc-9aa8-47c6-8fb9-55343e0e0af4;ZSTD_DCtx_loadDictionary_advanced;0x562e0;0x54008;0x56304;TransmitterType.LOAD;22;1;False;['0x562e0', '0x56304', '0x53ff4', '0x53ffc'];<BV64 LOAD_64[<BV64 x0 + 0x75e8>]_27>;64;[('0x53ff8', <Bool LOAD_64[<BV64 x0 + 0x75e8>]_27 != 0x0>, 'Taken')];[];['<BV64 x0>'];"[""<BV64 x0>: ['0x75e8']""]";[];['<BV64 x0 + 0x75e8>'];[];0;18446744073709551615;18446744073709551615;1;;;True;1;18446744073709551615;18446744073709551614;1;;;True;ControlType.CONTROLLED;1;;0;[];[];[];[];[];[];[];0.0;0.0;0.0;0.0;;;False;0.0;0.0;0.0;0.0;;;False;ControlType.UNKNOWN;0;;0;[];[];[];[];[];[];[];0;0;0;;;;False;0.0;0.0;0.0;0.0;;;False;ControlType.UNKNOWN;0;<BV64 LOAD_64[<BV64 x0 + 0x75e8>]_27>;64;[('0x53ff8', <Bool LOAD_64[<BV64 x0 + 0x75e8>]_27 != 0x0>, 'Taken')];[];['<BV64 x0>'];"[""<BV64 x0>: ['0x75e8']""]";[];['<BV64 x0 + 0x75e8>'];[];0.0;1.8446744073709552e+19;18446744073709551615;1;;;True;1.0;1.8446744073709552e+19;18446744073709551614;1;;;True;ControlType.CONTROLLED;1;<BV64 x0 + 0x75e8>;64;[];[];['<BV64 x0>'];[];['<BV64 x0>'];[];[];0.0;1.8446744073709552e+19;1.8446744073709552e+19;1.0;;;True;0.0;1.8446744073709552e+19;1.8446744073709552e+19;1.0;;;True;ControlType.CONTROLLED;0;<BV64 LOAD_64[<BV64 x0 + 0x75e8>]_27>;64;[];[];[];[];[];[];[];0;0;0;;;;False;0;0;0;;;;False;ControlType.UNKNOWN;1;[('0x53ff8', <Bool LOAD_64[<BV64 x0 + 0x75e8>]_27 != 0x0>, 'Taken'), ('0x56300', <Bool LOAD_32[<BV64 x0 + 0x761c>]_26 == 0x0>, 'Taken'), ('0x5631c', <Bool True>, 'Taken')];"{'regs': ['<BV64 x0>'], 'indirect_regs': [""<BV64 x0>: ['0x75e8', '0x761c']""], 'direct_regs': [], 'mem': ['<BV64 x0 + 0x75e8>', '<BV64 x0 + 0x761c>'], 'const_mem': []}";[];{'regs': [], 'indirect_regs': [], 'direct_regs': [], 'mem': [], 'const_mem': []};{'regs': ['<BV64 x0>'], 'indirect_regs': [], 'direct_regs': ['<BV64 x0>'], 'mem': ['<BV64 x0 + 0x75e8>'], 'const_mem': []};{'regs': ['<BV64 x0>'], 'indirect_regs': [], 'direct_regs': ['<BV64 x0>'], 'mem': ['<BV64 x0 + 0x75e8>', '<BV64 x0 + 0x761c>'], 'const_mem': []};63.0;0.0;64.0;64.0;[];;;;BaseControlType.NO_BASE;BaseControlType.NO_BASE;BaseControlType.NO_BASE;3;BranchControlType.BRANCH_DEPENDS_ON_SECRET_VALUE;BranchControlType.BRANCH_INDEPENDENT_FROM_SECRET;344072;True;False;True;True;True;False;False;True;True;False;False;False;True;False;True;True;True;False;True;False;[];['has_valid_base'];True;False;True;True;True;False;False;True;True;False;False;False;True;False;True;True;True;False;True;False;[];['has_valid_base']
30be3b56-5d2c-4797-9123-8ad3866aca71;ZSTD_DCtx_loadDictionary_advanced;0x562e0;0x54014;0x56304;TransmitterType.LOAD;25;1;False;['0x562e0', '0x56304', '0x53ff4', '0x53ffc'];<BV64 0x6ac8 + LOAD_64[<BV64 x0 + 0x75e8>]_27>;64;[('0x53ff8', <Bool LOAD_64[<BV64 x0 + 0x75e8>]_27 != 0x0>, 'Taken')];[];['<BV64 x0>'];"[""<BV64 x0>: ['0x75e8']""]";[];['<BV64 x0 + 0x75e8>'];[];0;18446744073709551615;18446744073709551615;1;;;True;27337;27335;18446744073709551614;1;;;True;ControlType.CONTROLLED;1;<BV64 0x6ac8>;64;[];[];[];[];[];[];[];27336.0;27336.0;0.0;1.0;;;True;27336.0;27336.0;0.0;1.0;;;True;ControlType.NO_CONTROL;0;<BV64 0x6ac8>;64;[];[];[];[];[];[];[];27336;27336;0;1.0;;;True;27336.0;27336.0;0.0;1.0;;;True;ControlType.NO_CONTROL;0;<BV64 LOAD_64[<BV64 x0 + 0x75e8>]_27>;64;[('0x53ff8', <Bool LOAD_64[<BV64 x0 + 0x75e8>]_27 != 0x0>, 'Taken')];[];['<BV64 x0>'];"[""<BV64 x0>: ['0x75e8']""]";[];['<BV64 x0 + 0x75e8>'];[];0.0;1.8446744073709552e+19;18446744073709551615;1;;;True;1.0;1.8446744073709552e+19;18446744073709551614;1;;;True;ControlType.CONTROLLED;1;<BV64 x0 + 0x75e8>;64;[];[];['<BV64 x0>'];[];['<BV64 x0>'];[];[];0.0;1.8446744073709552e+19;1.8446744073709552e+19;1.0;;;True;0.0;1.8446744073709552e+19;1.8446744073709552e+19;1.0;;;True;ControlType.CONTROLLED;0;<BV64 LOAD_64[<BV64 x0 + 0x75e8>]_27>;64;[];[];[];[];[];[];[];0;0;0;;;;False;0;0;0;;;;False;ControlType.UNKNOWN;1;[('0x53ff8', <Bool LOAD_64[<BV64 x0 + 0x75e8>]_27 != 0x0>, 'Taken'), ('0x56300', <Bool LOAD_32[<BV64 x0 + 0x761c>]_26 == 0x0>, 'Taken'), ('0x5631c', <Bool True>, 'Taken')];"{'regs': ['<BV64 x0>'], 'indirect_regs': [""<BV64 x0>: ['0x75e8', '0x761c']""], 'direct_regs': [], 'mem': ['<BV64 x0 + 0x75e8>', '<BV64 x0 + 0x761c>'], 'const_mem': []}";[];{'regs': [], 'indirect_regs': [], 'direct_regs': [], 'mem': [], 'const_mem': []};{'regs': ['<BV64 x0>'], 'indirect_regs': [], 'direct_regs': ['<BV64 x0>'], 'mem': ['<BV64 x0 + 0x75e8>'], 'const_mem': []};{'regs': ['<BV64 x0>'], 'indirect_regs': [], 'direct_regs': ['<BV64 x0>'], 'mem': ['<BV64 x0 + 0x75e8>', '<BV64 x0 + 0x761c>'], 'const_mem': []};63.0;0.0;64.0;64.0;[];;;;BaseControlType.CONSTANT_BASE;BaseControlType.CONSTANT_BASE;BaseControlType.CONSTANT_BASE;3;BranchControlType.BRANCH_DEPENDS_ON_SECRET_VALUE;BranchControlType.BRANCH_INDEPENDENT_FROM_SECRET;344084;True;False;True;True;True;False;False;True;True;False;False;False;True;False;True;True;True;False;True;False;[];['has_valid_base'];True;False;True;True;True;False;False;True;True;False;False;False;True;False;True;True;True;False;True;False;[];['has_valid_base']
612470a1-5915-43ea-9d2a-c1e60714c725;ZSTD_DCtx_loadDictionary_advanced;0x562e0;0x5401c;0x56304;TransmitterType.LOAD;27;1;False;['0x562e0', '0x56304', '0x53ff4', '0x53ffc'];<BV64 0x6ad0 + LOAD_64[<BV64 x0 + 0x75e8>]_27>;64;[('0x53ff8', <Bool LOAD_64[<BV64 x0 + 0x75e8>]_27 != 0x0>, 'Taken')];[];['<BV64 x0>'];"[""<BV64 x0>: ['0x75e8']""]";[];['<BV64 x0 + 0x75e8>'];[];0;18446744073709551615;18446744073709551615;1;;;True;27345;27343;18446744073709551614;1;;;True;ControlType.CONTROLLED;1;<BV64 0x6ad0>;64;[];[];[];[];[];[];[];27344.0;27344.0;0.0;1.0;;;True;27344.0;27344.0;0.0;1.0;;;True;ControlType.NO_CONTROL;0;<BV64 0x6ad0>;64;[];[];[];[];[];[];[];27344;27344;0;1.0;;;True;27344.0;27344.0;0.0;1.0;;;True;ControlType.NO_CONTROL;0;<BV64 LOAD_64[<BV64 x0 + 0x75e8>]_27>;64;[('0x53ff8', <Bool LOAD_64[<BV64 x0 + 0x75e8>]_27 != 0x0>, 'Taken')];[];['<BV64 x0>'];"[""<BV64 x0>: ['0x75e8']""]";[];['<BV64 x0 + 0x75e8>'];[];0.0;1.8446744073709552e+19;18446744073709551615;1;;;True;1.0;1.8446744073709552e+19;18446744073709551614;1;;;True;ControlType.CONTROLLED;1;<BV64 x0 + 0x75e8>;64;[];[];['<BV64 x0>'];[];['<BV64 x0>'];[];[];0.0;1.8446744073709552e+19;1.8446744073709552e+19;1.0;;;True;0.0;1.8446744073709552e+19;1.8446744073709552e+19;1.0;;;True;ControlType.CONTROLLED;0;<BV64 LOAD_64[<BV64 x0 + 0x75e8>]_27>;64;[];[];[];[];[];[];[];0;0;0;;;;False;0;0;0;;;;False;ControlType.UNKNOWN;1;[('0x53ff8', <Bool LOAD_64[<BV64 x0 + 0x75e8>]_27 != 0x0>, 'Taken'), ('0x56300', <Bool LOAD_32[<BV64 x0 + 0x761c>]_26 == 0x0>, 'Taken'), ('0x5631c', <Bool True>, 'Taken')];"{'regs': ['<BV64 x0>'], 'indirect_regs': [""<BV64 x0>: ['0x75e8', '0x761c']""], 'direct_regs': [], 'mem': ['<BV64 x0 + 0x75e8>', '<BV64 x0 + 0x761c>'], 'const_mem': []}";[];{'regs': [], 'indirect_regs': [], 'direct_regs': [], 'mem': [], 'const_mem': []};{'regs': ['<BV64 x0>'], 'indirect_regs': [], 'direct_regs': ['<BV64 x0>'], 'mem': ['<BV64 x0 + 0x75e8>'], 'const_mem': []};{'regs': ['<BV64 x0>'], 'indirect_regs': [], 'direct_regs': ['<BV64 x0>'], 'mem': ['<BV64 x0 + 0x75e8>', '<BV64 x0 + 0x761c>'], 'const_mem': []};63.0;0.0;64.0;64.0;[];;;;BaseControlType.CONSTANT_BASE;BaseControlType.CONSTANT_BASE;BaseControlType.CONSTANT_BASE;3;BranchControlType.BRANCH_DEPENDS_ON_SECRET_VALUE;BranchControlType.BRANCH_INDEPENDENT_FROM_SECRET;344092;True;False;True;True;True;False;False;True;True;False;False;False;True;False;True;True;True;False;True;False;[];['has_valid_base'];True;False;True;True;True;False;False;True;True;False;False;False;True;False;True;True;True;False;True;False;[];['has_valid_base']
725c87c6-6062-4f66-a5fd-10b671825e6c;ZSTD_DCtx_loadDictionary_advanced;0x562e0;0x56330;0x0;TransmitterType.STORE;25;0;False;['0x562e0', '0x56304', '0x53ff4', '0x54064', '0x56320'];<BV64 0x75e8 + x0>;64;[];[];['<BV64 x0>'];[];['<BV64 x0>'];[];[];0;18446744073709551615;18446744073709551615;1;;;True;0;18446744073709551615;18446744073709551615;1;;;True;ControlType.CONTROLLED;0;<BV64 0x75e8>;64;[];[];[];[];[];[];[];30184.0;30184.0;0.0;1.0;;;True;30184.0;30184.0;0.0;1.0;;;True;ControlType.NO_CONTROL;0;<BV64 0x75e8>;64;[];[];[];[];[];[];[];30184;30184;0;1.0;;;True;30184.0;30184.0;0.0;1.0;;;True;ControlType.NO_CONTROL;0;<BV64 x0>;64;[];[];['<BV64 x0>'];[];['<BV64 x0>'];[];[];0.0;1.8446744073709552e+19;18446744073709551615;1;;;True;0.0;1.8446744073709552e+19;18446744073709551615;1;;;True;ControlType.CONTROLLED;0;<BV64 x0>;64;[];[];['<BV64 x0>'];[];['<BV64 x0>'];[];[];0.0;1.8446744073709552e+19;1.8446744073709552e+19;1.0;;;True;0.0;1.8446744073709552e+19;1.8446744073709552e+19;1.0;;;True;ControlType.CONTROLLED;0;<BV64 x0>;64;[];[];[];[];[];[];[];0;0;0;;;;False;0;0;0;;;;False;ControlType.UNKNOWN;0;[('0x53ff8', <Bool LOAD_64[<BV64 x0 + 0x75e8>]_27 == 0x0>, 'Taken'), ('0x54068', <Bool True>, 'Taken'), ('0x56300', <Bool LOAD_32[<BV64 x0 + 0x761c>]_26 == 0x0>, 'Taken'), ('0x5631c', <Bool True>, 'Taken')];"{'regs': ['<BV64 x0>'], 'indirect_regs': [""<BV64 x0>: ['0x75e8', '0x761c']""], 'direct_regs': [], 'mem': ['<BV64 x0 + 0x75e8>', '<BV64 x0 + 0x761c>'], 'const_mem': []}";[];{'regs': [], 'indirect_regs': [], 'direct_regs': [], 'mem': [], 'const_mem': []};{'regs': ['<BV64 x0>'], 'indirect_regs': [], 'direct_regs': ['<BV64 x0>'], 'mem': [], 'const_mem': []};{'regs': ['<BV64 x0>'], 'indirect_regs': [], 'direct_regs': ['<BV64 x0>'], 'mem': ['<BV64 x0 + 0x75e8>', '<BV64 x0 + 0x761c>'], 'const_mem': []};63.0;0.0;64.0;64.0;[];;;;BaseControlType.CONSTANT_BASE;BaseControlType.CONSTANT_BASE;BaseControlType.CONSTANT_BASE;4;BranchControlType.BRANCH_DEPENDS_ON_SECRET_VALUE;BranchControlType.BRANCH_INDEPENDENT_FROM_SECRET;353072;True;False;True;True;True;False;False;True;True;False;False;False;True;False;True;True;True;False;True;False;[];['has_valid_base'];True;False;True;True;True;False;False;True;True;False;False;False;True;False;True;True;True;False;True;False;[];['has_valid_base']
669a96ce-4383-4e6b-8e76-288ec1d29370;ZSTD_DCtx_loadDictionary_advanced;0x562e0;0x56330;0x0;TransmitterType.STORE;25;0;False;['0x562e0', '0x56304', '0x53ff4', '0x54064', '0x56320'];<BV64 0x75f0 + x0>;64;[];[];['<BV64 x0>'];[];['<BV64 x0>'];[];[];0;18446744073709551615;18446744073709551615;1;;;True;0;18446744073709551615;18446744073709551615;1;;;True;ControlType.CONTROLLED;0;<BV64 0x75f0>;64;[];[];[];[];[];[];[];30192.0;30192.0;0.0;1.0;;;True;30192.0;30192.0;0.0;1.0;;;True;ControlType.NO_CONTROL;0;<BV64 0x75f0>;64;[];[];[];[];[];[];[];30192;30192;0;1.0;;;True;30192.0;30192.0;0.0;1.0;;;True;ControlType.NO_CONTROL;0;<BV64 x0>;64;[];[];['<BV64 x0>'];[];['<BV64 x0>'];[];[];0.0;1.8446744073709552e+19;18446744073709551615;1;;;True;0.0;1.8446744073709552e+19;18446744073709551615;1;;;True;ControlType.CONTROLLED;0;<BV64 x0>;64;[];[];['<BV64 x0>'];[];['<BV64 x0>'];[];[];0.0;1.8446744073709552e+19;1.8446744073709552e+19;1.0;;;True;0.0;1.8446744073709552e+19;1.8446744073709552e+19;1.0;;;True;ControlType.CONTROLLED;0;<BV64 x0>;64;[];[];[];[];[];[];[];0;0;0;;;;False;0;0;0;;;;False;ControlType.UNKNOWN;0;[('0x53ff8', <Bool LOAD_64[<BV64 x0 + 0x75e8>]_27 == 0x0>, 'Taken'), ('0x54068', <Bool True>, 'Taken'), ('0x56300', <Bool LOAD_32[<BV64 x0 + 0x761c>]_26 == 0x0>, 'Taken'), ('0x5631c', <Bool True>, 'Taken')];"{'regs': ['<BV64 x0>'], 'indirect_regs': [""<BV64 x0>: ['0x75e8', '0x761c']""], 'direct_regs': [], 'mem': ['<BV64 x0 + 0x75e8>', '<BV64 x0 + 0x761c>'], 'const_mem': []}";[];{'regs': [], 'indirect_regs': [], 'direct_regs': [], 'mem': [], 'const_mem': []};{'regs': ['<BV64 x0>'], 'indirect_regs': [], 'direct_regs': ['<BV64 x0>'], 'mem': [], 'const_mem': []};{'regs': ['<BV64 x0>'], 'indirect_regs': [], 'direct_regs': ['<BV64 x0>'], 'mem': ['<BV64 x0 + 0x75e8>', '<BV64 x0 + 0x761c>'], 'const_mem': []};63.0;0.0;64.0;64.0;[];;;;BaseControlType.CONSTANT_BASE;BaseControlType.CONSTANT_BASE;BaseControlType.CONSTANT_BASE;4;BranchControlType.BRANCH_DEPENDS_ON_SECRET_VALUE;BranchControlType.BRANCH_INDEPENDENT_FROM_SECRET;353072;True;False;True;True;True;False;False;True;True;False;False;False;True;False;True;True;True;False;True;False;[];['has_valid_base'];True;False;True;True;True;False;False;True;True;False;False;False;True;False;True;True;True;False;True;False;[];['has_valid_base']
d002b7db-8482-431e-9bca-915aeb983f04;ZSTD_DCtx_loadDictionary_advanced;0x562e0;0x56334;0x0;TransmitterType.STORE;26;0;False;['0x562e0', '0x56304', '0x53ff4', '0x54064', '0x56320'];<BV64 0x7600 + x0>;64;[];[];['<BV64 x0>'];[];['<BV64 x0>'];[];[];0;18446744073709551615;18446744073709551615;1;;;True;0;18446744073709551615;18446744073709551615;1;;;True;ControlType.CONTROLLED;0;<BV64 0x7600>;64;[];[];[];[];[];[];[];30208.0;30208.0;0.0;1.0;;;True;30208.0;30208.0;0.0;1.0;;;True;ControlType.NO_CONTROL;0;<BV64 0x7600>;64;[];[];[];[];[];[];[];30208;30208;0;1.0;;;True;30208.0;30208.0;0.0;1.0;;;True;ControlType.NO_CONTROL;0;<BV64 x0>;64;[];[];['<BV64 x0>'];[];['<BV64 x0>'];[];[];0.0;1.8446744073709552e+19;18446744073709551615;1;;;True;0.0;1.8446744073709552e+19;18446744073709551615;1;;;True;ControlType.CONTROLLED;0;<BV64 x0>;64;[];[];['<BV64 x0>'];[];['<BV64 x0>'];[];[];0.0;1.8446744073709552e+19;1.8446744073709552e+19;1.0;;;True;0.0;1.8446744073709552e+19;1.8446744073709552e+19;1.0;;;True;ControlType.CONTROLLED;0;<BV64 x0>;64;[];[];[];[];[];[];[];0;0;0;;;;False;0;0;0;;;;False;ControlType.UNKNOWN;0;[('0x53ff8', <Bool LOAD_64[<BV64 x0 + 0x75e8>]_27 == 0x0>, 'Taken'), ('0x54068', <Bool True>, 'Taken'), ('0x56300', <Bool LOAD_32[<BV64 x0 + 0x761c>]_26 == 0x0>, 'Taken'), ('0x5631c', <Bool True>, 'Taken')];"{'regs': ['<BV64 x0>'], 'indirect_regs': [""<BV64 x0>: ['0x75e8', '0x761c']""], 'direct_regs': [], 'mem': ['<BV64 x0 + 0x75e8>', '<BV64 x0 + 0x761c>'], 'const_mem': []}";[];{'regs': [], 'indirect_regs': [], 'direct_regs': [], 'mem': [], 'const_mem': []};{'regs': ['<BV64 x0>'], 'indirect_regs': [], 'direct_regs': ['<BV64 x0>'], 'mem': [], 'const_mem': []};{'regs': ['<BV64 x0>'], 'indirect_regs': [], 'direct_regs': ['<BV64 x0>'], 'mem': ['<BV64 x0 + 0x75e8>', '<BV64 x0 + 0x761c>'], 'const_mem': []};63.0;0.0;64.0;64.0;[];;;;BaseControlType.CONSTANT_BASE;BaseControlType.CONSTANT_BASE;BaseControlType.CONSTANT_BASE;4;BranchControlType.BRANCH_DEPENDS_ON_SECRET_VALUE;BranchControlType.BRANCH_INDEPENDENT_FROM_SECRET;353076;True;False;True;True;True;False;False;True;True;False;False;False;True;False;True;True;True;False;True;False;[];['has_valid_base'];True;False;True;True;True;False;False;True;True;False;False;False;True;False;True;True;True;False;True;False;[];['has_valid_base']
546fb322-1196-44d3-8a65-072a5e082961;ZSTD_CCtx_getParameter;0x15190;0x15180;0x0;TransmitterType.LOAD;14;0;False;['0x15190', '0x14df0', '0x15180'];<BV64 0x60 + x0>;64;[];[];['<BV64 x0>'];[];['<BV64 x0>'];[];[];0;18446744073709551615;18446744073709551615;1;;;True;0;18446744073709551615;18446744073709551615;1;;;True;ControlType.CONTROLLED;0;<BV64 0x60>;64;[];[];[];[];[];[];[];96.0;96.0;0.0;1.0;;;True;96.0;96.0;0.0;1.0;;;True;ControlType.NO_CONTROL;0;<BV64 0x60>;64;[];[];[];[];[];[];[];96;96;0;1.0;;;True;96.0;96.0;0.0;1.0;;;True;ControlType.NO_CONTROL;0;<BV64 x0>;64;[];[];['<BV64 x0>'];[];['<BV64 x0>'];[];[];0.0;1.8446744073709552e+19;18446744073709551615;1;;;True;0.0;1.8446744073709552e+19;18446744073709551615;1;;;True;ControlType.CONTROLLED;0;<BV64 x0>;64;[];[];['<BV64 x0>'];[];['<BV64 x0>'];[];[];0.0;1.8446744073709552e+19;1.8446744073709552e+19;1.0;;;True;0.0;1.8446744073709552e+19;1.8446744073709552e+19;1.0;;;True;ControlType.CONTROLLED;0;<BV64 x0>;64;[];[];[];[];[];[];[];0;0;0;;;;False;0;0;0;;;;False;ControlType.UNKNOWN;0;[('0x14e00', <Bool x1[31:0] == 0x191>, 'Taken'), ('0x151a8', <Bool True>, 'Taken')];{'regs': ['<BV64 x1>'], 'indirect_regs': [], 'direct_regs': ['<BV64 x1>'], 'mem': [], 'const_mem': []};[];{'regs': [], 'indirect_regs': [], 'direct_regs': [], 'mem': [], 'const_mem': []};{'regs': ['<BV64 x0>'], 'indirect_regs': [], 'direct_regs': ['<BV64 x0>'], 'mem': [], 'const_mem': []};{'regs': ['<BV64 x0>', '<BV64 x1>'], 'indirect_regs': [], 'direct_regs': ['<BV64 x0>', '<BV64 x1>'], 'mem': [], 'const_mem': []};63.0;0.0;64.0;64.0;[];;;;BaseControlType.CONSTANT_BASE;BaseControlType.CONSTANT_BASE;BaseControlType.CONSTANT_BASE;2;BranchControlType.BRANCH_INDEPENDENT_FROM_SECRET;BranchControlType.BRANCH_INDEPENDENT_FROM_SECRET;86400;True;False;True;True;True;False;False;True;True;False;False;False;True;False;True;False;True;False;True;False;[];['has_valid_base'];True;False;True;True;True;False;False;True;True;False;False;False;True;False;True;False;True;False;True;False;[];['has_valid_base']
32cfe364-2706-4a2e-8b26-22f31fdcc9d8;ZSTD_decompressBegin;0x55cc0;0x55d04;0x0;TransmitterType.LOAD;16;0;False;['0x55cc0', '0x55cec'];<BV64 0x7598 + x0>;64;[];[];['<BV64 x0>'];[];['<BV64 x0>'];[];[];0;18446744073709551615;18446744073709551615;1;;;True;0;18446744073709551615;18446744073709551615;1;;;True;ControlType.CONTROLLED;0;<BV64 0x7598>;64;[];[];[];[];[];[];[];30104.0;30104.0;0.0;1.0;;;True;30104.0;30104.0;0.0;1.0;;;True;ControlType.NO_CONTROL;0;<BV64 0x7598>;64;[];[];[];[];[];[];[];30104;30104;0;1.0;;;True;30104.0;30104.0;0.0;1.0;;;True;ControlType.NO_CONTROL;0;<BV64 x0>;64;[];[];['<BV64 x0>'];[];['<BV64 x0>'];[];[];0.0;1.8446744073709552e+19;18446744073709551615;1;;;True;0.0;1.8446744073709552e+19;18446744073709551615;1;;;True;ControlType.CONTROLLED;0;<BV64 x0>;64;[];[];['<BV64 x0>'];[];['<BV64 x0>'];[];[];0.0;1.8446744073709552e+19;1.8446744073709552e+19;1.0;;;True;0.0;1.8446744073709552e+19;1.8446744073709552e+19;1.0;;;True;ControlType.CONTROLLED;0;<BV64 x0>;64;[];[];[];[];[];[];[];0;0;0;;;;False;0;0;0;;;;False;ControlType.UNKNOWN;0;[('0x55ce0', <Bool LOAD_64[<BV64 0xafff8>]_22 == 0x0>, 'Taken')];{'regs': [], 'indirect_regs': [], 'direct_regs': [], 'mem': [], 'const_mem': ['<BV64 0xafff8>']};[];{'regs': [], 'indirect_regs': [], 'direct_regs': [], 'mem': [], 'const_mem': []};{'regs': ['<BV64 x0>'], 'indirect_regs': [], 'direct_regs': ['<BV64 x0>'], 'mem': [], 'const_mem': []};{'regs': ['<BV64 x0>'], 'indirect_regs': [], 'direct_regs': ['<BV64 x0>'], 'mem': [], 'const_mem': ['<BV64 0xafff8>']};63.0;0.0;64.0;64.0;[];;;;BaseControlType.CONSTANT_BASE;BaseControlType.CONSTANT_BASE;BaseControlType.CONSTANT_BASE;1;BranchControlType.BRANCH_DEPENDS_ON_UNCONTROLLED;BranchControlType.BRANCH_INDEPENDENT_FROM_SECRET;351492;True;False;True;True;True;False;False;True;True;False;False;False;True;False;True;False;True;True;True;False;[];['has_valid_base'];True;False;True;True;True;False;False;True;True;False;False;False;True;False;True;False;True;True;True;False;[];['has_valid_base']
3235dfb2-9e96-4b1a-970f-b9d80832442c;ZSTD_decompressBegin;0x55cc0;0x55d0c;0x0;TransmitterType.STORE;18;0;False;['0x55cc0', '0x55cec'];<BV64 0x176f0 + x0>;64;[];[];['<BV64 x0>'];[];['<BV64 x0>'];[];[];0;18446744073709551615;18446744073709551615;1;;;True;0;18446744073709551615;18446744073709551615;1;;;True;ControlType.CONTROLLED;0;<BV64 0x176f0>;64;[];[];[];[];[];[];[];95984.0;95984.0;0.0;1.0;;;True;95984.0;95984.0;0.0;1.0;;;True;ControlType.NO_CONTROL;0;<BV64 0x176f0>;64;[];[];[];[];[];[];[];95984;95984;0;1.0;;;True;95984.0;95984.0;0.0;1.0;;;True;ControlType.NO_CONTROL;0;<BV64 x0>;64;[];[];['<BV64 x0>'];[];['<BV64 x0>'];[];[];0.0;1.8446744073709552e+19;18446744073709551615;1;;;True;0.0;1.8446744073709552e+19;18446744073709551615;1;;;True;ControlType.CONTROLLED;0;<BV64 x0>;64;[];[];['<BV64 x0>'];[];['<BV64 x0>'];[];[];0.0;1.8446744073709552e+19;1.8446744073709552e+19;1.0;;;True;0.0;1.8446744073709552e+19;1.8446744073709552e+19;1.0;;;True;ControlType.CONTROLLED;0;<BV64 x0>;64;[];[];[];[];[];[];[];0;0;0;;;;False;0;0;0;;;;False;ControlType.UNKNOWN;0;[('0x55ce0', <Bool LOAD_64[<BV64 0xafff8>]_22 == 0x0>, 'Taken')];{'regs': [], 'indirect_regs': [], 'direct_regs': [], 'mem': [], 'const_mem': ['<BV64 0xafff8>']};[];{'regs': [], 'indirect_regs': [], 'direct_regs': [], 'mem': [], 'const_mem': []};{'regs': ['<BV64 x0>'], 'indirect_regs': [], 'direct_regs': ['<BV64 x0>'], 'mem': [], 'const_mem': []};{'regs': ['<BV64 x0>'], 'indirect_regs': [], 'direct_regs': ['<BV64 x0>'], 'mem': [], 'const_mem': ['<BV64 0xafff8>']};63.0;0.0;64.0;64.0;[];;;;BaseControlType.CONSTANT_BASE;BaseControlType.CONSTANT_BASE;BaseControlType.CONSTANT_BASE;1;BranchControlType.BRANCH_DEPENDS_ON_UNCONTROLLED;BranchControlType.BRANCH_INDEPENDENT_FROM_SECRET;351500;True;False;True;True;True;False;False;True;True;False;False;False;True;False;True;False;True;True;True;False;[];['has_valid_base'];True;False;True;True;True;False;False;True;True;False;False;False;True;False;True;False;True;True;True;False;[];['has_valid_base']
8640a988-555d-41e3-aa86-80f33b9a06a7;ZSTD_decompressBegin;0x55cc0;0x55d20;0x0;TransmitterType.STORE;23;0;False;['0x55cc0', '0x55cec'];<BV64 0x74e0 + x0>;64;[];[];['<BV64 x0>'];[];['<BV64 x0>'];[];[];0;18446744073709551615;18446744073709551615;1;;;True;0;18446744073709551615;18446744073709551615;1;;;True;ControlType.CONTROLLED;0;<BV64 0x74e0>;64;[];[];[];[];[];[];[];29920.0;29920.0;0.0;1.0;;;True;29920.0;29920.0;0.0;1.0;;;True;ControlType.NO_CONTROL;0;<BV64 0x74e0>;64;[];[];[];[];[];[];[];29920;29920;0;1.0;;;True;29920.0;29920.0;0.0;1.0;;;True;ControlType.NO_CONTROL;0;<BV64 x0>;64;[];[];['<BV64 x0>'];[];['<BV64 x0>'];[];[];0.0;1.8446744073709552e+19;18446744073709551615;1;;;True;0.0;1.8446744073709552e+19;18446744073709551615;1;;;True;ControlType.CONTROLLED;0;<BV64 x0>;64;[];[];['<BV64 x0>'];[];['<BV64 x0>'];[];[];0.0;1.8446744073709552e+19;1.8446744073709552e+19;1.0;;;True;0.0;1.8446744073709552e+19;1.8446744073709552e+19;1.0;;;True;ControlType.CONTROLLED;0;<BV64 x0>;64;[];[];[];[];[];[];[];0;0;0;;;;False;0;0;0;;;;False;ControlType.UNKNOWN;0;[('0x55ce0', <Bool LOAD_64[<BV64 0xafff8>]_22 == 0x0>, 'Taken')];{'regs': [], 'indirect_regs': [], 'direct_regs': [], 'mem': [], 'const_mem': ['<BV64 0xafff8>']};[];{'regs': [], 'indirect_regs': [], 'direct_regs': [], 'mem': [], 'const_mem': []};{'regs': ['<BV64 x0>'], 'indirect_regs': [], 'direct_regs': ['<BV64 x0>'], 'mem': [], 'const_mem': []};{'regs': ['<BV64 x0>'], 'indirect_regs': [], 'direct_regs': ['<BV64 x0>'], 'mem': [], 'const_mem': ['<BV64 0xafff8>']};63.0;0.0;64.0;64.0;[];;;;BaseControlType.CONSTANT_BASE;BaseControlType.CONSTANT_BASE;BaseControlType.CONSTANT_BASE;1;BranchControlType.BRANCH_DEPENDS_ON_UNCONTROLLED;BranchControlType.BRANCH_INDEPENDENT_FROM_SECRET;351520;True;False;True;True;True;False;False;True;True;False;False;False;True;False;True;False;True;True;True;False;[];['has_valid_base'];True;False;True;True;True;False;False;True;True;False;False;False;True;False;True;False;True;True;True;False;[];['has_valid_base']
63590461-ec87-4666-af2e-604925f79408;ZSTD_decompressBegin;0x55cc0;0x55d2c;0x0;TransmitterType.STORE;26;0;False;['0x55cc0', '0x55cec'];<BV64 0x7518 + x0>;64;[];[];['<BV64 x0>'];[];['<BV64 x0>'];[];[];0;18446744073709551615;18446744073709551615;1;;;True;0;18446744073709551615;18446744073709551615;1;;;True;ControlType.CONTROLLED;0;<BV64 0x7518>;64;[];[];[];[];[];[];[];29976.0;29976.0;0.0;1.0;;;True;29976.0;29976.0;0.0;1.0;;;True;ControlType.NO_CONTROL;0;<BV64 0x7518>;64;[];[];[];[];[];[];[];29976;29976;0;1.0;;;True;29976.0;29976.0;0.0;1.0;;;True;ControlType.NO_CONTROL;0;<BV64 x0>;64;[];[];['<BV64 x0>'];[];['<BV64 x0>'];[];[];0.0;1.8446744073709552e+19;18446744073709551615;1;;;True;0.0;1.8446744073709552e+19;18446744073709551615;1;;;True;ControlType.CONTROLLED;0;<BV64 x0>;64;[];[];['<BV64 x0>'];[];['<BV64 x0>'];[];[];0.0;1.8446744073709552e+19;1.8446744073709552e+19;1.0;;;True;0.0;1.8446744073709552e+19;1.8446744073709552e+19;1.0;;;True;ControlType.CONTROLLED;0;<BV64 x0>;64;[];[];[];[];[];[];[];0;0;0;;;;False;0;0;0;;;;False;ControlType.UNKNOWN;0;[('0x55ce0', <Bool LOAD_64[<BV64 0xafff8>]_22 == 0x0>, 'Taken')];{'regs': [], 'indirect_regs': [], 'direct_regs': [], 'mem': [], 'const_mem': ['<BV64 0xafff8>']};[];{'regs': [], 'indirect_regs': [], 'direct_regs': [], 'mem': [], 'const_mem': []};{'regs': ['<BV64 x0>'], 'indirect_regs': [], 'direct_regs': ['<BV64 x0>'], 'mem': [], 'const_mem': []};{'regs': ['<BV64 x0>'], 'indirect_regs': [], 'direct_regs': ['<BV64 x0>'], 'mem': [], 'const_mem': ['<BV64 0xafff8>']};63.0;0.0;64.0;64.0;[];;;;BaseControlType.CONSTANT_BASE;BaseControlType.CONSTANT_BASE;BaseControlType.CONSTANT_BASE;1;BranchControlType.BRANCH_DEPENDS_ON_UNCONTROLLED;BranchControlType.BRANCH_INDEPENDENT_FROM_SECRET;351532;True;False;True;True;True;False;False;True;True;False;False;False;True;False;True;False;True;True;True;False;[];['has_valid_base'];True;False;True;True;True;False;False;True;True;False;False;False;True;False;True;False;True;True;True;False;[];['has_valid_base']
592c386d-6464-44f1-9263-e41ff5c97b6f;ZSTD_decompressBegin;0x55cc0;0x55d3c;0x0;TransmitterType.STORE;30;0;False;['0x55cc0', '0x55cec'];<BV64 0x2838 + x0>;64;[];[];['<BV64 x0>'];[];['<BV64 x0>'];[];[];0;18446744073709551615;18446744073709551615;1;;;True;0;18446744073709551615;18446744073709551615;1;;;True;ControlType.CONTROLLED;0;<BV64 0x2838>;64;[];[];[];[];[];[];[];10296.0;10296.0;0.0;1.0;;;True;10296.0;10296.0;0.0;1.0;;;True;ControlType.NO_CONTROL;0;<BV64 0x2838>;64;[];[];[];[];[];[];[];10296;10296;0;1.0;;;True;10296.0;10296.0;0.0;1.0;;;True;ControlType.NO_CONTROL;0;<BV64 x0>;64;[];[];['<BV64 x0>'];[];['<BV64 x0>'];[];[];0.0;1.8446744073709552e+19;18446744073709551615;1;;;True;0.0;1.8446744073709552e+19;18446744073709551615;1;;;True;ControlType.CONTROLLED;0;<BV64 x0>;64;[];[];['<BV64 x0>'];[];['<BV64 x0>'];[];[];0.0;1.8446744073709552e+19;1.8446744073709552e+19;1.0;;;True;0.0;1.8446744073709552e+19;1.8446744073709552e+19;1.0;;;True;ControlType.CONTROLLED;0;<BV64 x0>;64;[];[];[];[];[];[];[];0;0;0;;;;False;0;0;0;;;;False;ControlType.UNKNOWN;0;[('0x55ce0', <Bool LOAD_64[<BV64 0xafff8>]_22 == 0x0>, 'Taken')];{'regs': [], 'indirect_regs': [], 'direct_regs': [], 'mem': [], 'const_mem': ['<BV64 0xafff8>']};[];{'regs': [], 'indirect_regs': [], 'direct_regs': [], 'mem': [], 'const_mem': []};{'regs': ['<BV64 x0>'], 'indirect_regs': [], 'direct_regs': ['<BV64 x0>'], 'mem': [], 'const_mem': []};{'regs': ['<BV64 x0>'], 'indirect_regs': [], 'direct_regs': ['<BV64 x0>'], 'mem': [], 'const_mem': ['<BV64 0xafff8>']};63.0;0.0;64.0;64.0;[];;;;BaseControlType.CONSTANT_BASE;BaseControlType.CONSTANT_BASE;BaseControlType.CONSTANT_BASE;1;BranchControlType.BRANCH_DEPENDS_ON_UNCONTROLLED;BranchControlType.BRANCH_INDEPENDENT_FROM_SECRET;351548;True;False;True;True;True;False;False;True;True;False;False;False;True;False;True;False;True;True;True;False;[];['has_valid_base'];True;False;True;True;True;False;False;True;True;False;False;False;True;False;True;False;True;True;True;False;[];['has_valid_base']
9b0e0ad4-31ad-4653-81b0-636eb71052be;ZSTD_decompressBegin;0x55cc0;0x55d40;0x0;TransmitterType.STORE;31;0;False;['0x55cc0', '0x55cec'];<BV64 0x74c0 + x0>;64;[];[];['<BV64 x0>'];[];['<BV64 x0>'];[];[];0;18446744073709551615;18446744073709551615;1;;;True;0;18446744073709551615;18446744073709551615;1;;;True;ControlType.CONTROLLED;0;<BV64 0x74c0>;64;[];[];[];[];[];[];[];29888.0;29888.0;0.0;1.0;;;True;29888.0;29888.0;0.0;1.0;;;True;ControlType.NO_CONTROL;0;<BV64 0x74c0>;64;[];[];[];[];[];[];[];29888;29888;0;1.0;;;True;29888.0;29888.0;0.0;1.0;;;True;ControlType.NO_CONTROL;0;<BV64 x0>;64;[];[];['<BV64 x0>'];[];['<BV64 x0>'];[];[];0.0;1.8446744073709552e+19;18446744073709551615;1;;;True;0.0;1.8446744073709552e+19;18446744073709551615;1;;;True;ControlType.CONTROLLED;0;<BV64 x0>;64;[];[];['<BV64 x0>'];[];['<BV64 x0>'];[];[];0.0;1.8446744073709552e+19;1.8446744073709552e+19;1.0;;;True;0.0;1.8446744073709552e+19;1.8446744073709552e+19;1.0;;;True;ControlType.CONTROLLED;0;<BV64 x0>;64;[];[];[];[];[];[];[];0;0;0;;;;False;0;0;0;;;;False;ControlType.UNKNOWN;0;[('0x55ce0', <Bool LOAD_64[<BV64 0xafff8>]_22 == 0x0>, 'Taken')];{'regs': [], 'indirect_regs': [], 'direct_regs': [], 'mem': [], 'const_mem': ['<BV64 0xafff8>']};[];{'regs': [], 'indirect_regs': [], 'direct_regs': [], 'mem': [], 'const_mem': []};{'regs': ['<BV64 x0>'], 'indirect_regs': [], 'direct_regs': ['<BV64 x0>'], 'mem': [], 'const_mem': []};{'regs': ['<BV64 x0>'], 'indirect_regs': [], 'direct_regs': ['<BV64 x0>'], 'mem': [], 'const_mem': ['<BV64 0xafff8>']};63.0;0.0;64.0;64.0;[];;;;BaseControlType.CONSTANT_BASE;BaseControlType.CONSTANT_BASE;BaseControlType.CONSTANT_BASE;1;BranchControlType.BRANCH_DEPENDS_ON_UNCONTROLLED;BranchControlType.BRANCH_INDEPENDENT_FROM_SECRET;351552;True;False;True;True;True;False;False;True;True;False;False;False;True;False;True;False;True;True;True;False;[];['has_valid_base'];True;False;True;True;True;False;False;True;True;False;False;False;True;False;True;False;True;True;True;False;[];['has_valid_base']
beb95db0-ba4e-45d1-bcbb-cd2f18e47785;ZSTD_decompressBegin;0x55cc0;0x55d4c;0x0;TransmitterType.STORE;34;0;False;['0x55cc0', '0x55cec'];<BV64 0x74d0 + x0>;64;[];[];['<BV64 x0>'];[];['<BV64 x0>'];[];[];0;18446744073709551615;18446744073709551615;1;;;True;0;18446744073709551615;18446744073709551615;1;;;True;ControlType.CONTROLLED;0;<BV64 0x74d0>;64;[];[];[];[];[];[];[];29904.0;29904.0;0.0;1.0;;;True;29904.0;29904.0;0.0;1.0;;;True;ControlType.NO_CONTROL;0;<BV64 0x74d0>;64;[];[];[];[];[];[];[];29904;29904;0;1.0;;;True;29904.0;29904.0;0.0;1.0;;;True;ControlType.NO_CONTROL;0;<BV64 x0>;64;[];[];['<BV64 x0>'];[];['<BV64 x0>'];[];[];0.0;1.8446744073709552e+19;18446744073709551615;1;;;True;0.0;1.8446744073709552e+19;18446744073709551615;1;;;True;ControlType.CONTROLLED;0;<BV64 x0>;64;[];[];['<BV64 x0>'];[];['<BV64 x0>'];[];[];0.0;1.8446744073709552e+19;1.8446744073709552e+19;1.0;;;True;0.0;1.8446744073709552e+19;1.8446744073709552e+19;1.0;;;True;ControlType.CONTROLLED;0;<BV64 x0>;64;[];[];[];[];[];[];[];0;0;0;;;;False;0;0;0;;;;False;ControlType.UNKNOWN;0;[('0x55ce0', <Bool LOAD_64[<BV64 0xafff8>]_22 == 0x0>, 'Taken')];{'regs': [], 'indirect_regs': [], 'direct_regs': [], 'mem': [], 'const_mem': ['<BV64 0xafff8>']};[];{'regs': [], 'indirect_regs': [], 'direct_regs': [], 'mem': [], 'const_mem': []};{'regs': ['<BV64 x0>'], 'indirect_regs': [], 'direct_regs': ['<BV64 x0>'], 'mem': [], 'const_mem': []};{'regs': ['<BV64 x0>'], 'indirect_regs': [], 'direct_regs': ['<BV64 x0>'], 'mem': [], 'const_mem': ['<BV64 0xafff8>']};63.0;0.0;64.0;64.0;[];;;;BaseControlType.CONSTANT_BASE;BaseControlType.CONSTANT_BASE;BaseControlType.CONSTANT_BASE;1;BranchControlType.BRANCH_DEPENDS_ON_UNCONTROLLED;BranchControlType.BRANCH_INDEPENDENT_FROM_SECRET;351564;True;False;True;True;True;False;False;True;True;False;False;False;True;False;True;False;True;True;True;False;[];['has_valid_base'];True;False;True;True;True;False;False;True;True;False;False;False;True;False;True;False;True;True;True;False;[];['has_valid_base']
863f7285-0422-4343-a36a-e4118882c65a;ZSTD_decompressBegin;0x55cc0;0x55d58;0x0;TransmitterType.STORE;37;0;False;['0x55cc0', '0x55cec'];<BV64 0x75f8 + x0>;64;[];[];['<BV64 x0>'];[];['<BV64 x0>'];[];[];0;18446744073709551615;18446744073709551615;1;;;True;0;18446744073709551615;18446744073709551615;1;;;True;ControlType.CONTROLLED;0;<BV64 0x75f8>;64;[];[];[];[];[];[];[];30200.0;30200.0;0.0;1.0;;;True;30200.0;30200.0;0.0;1.0;;;True;ControlType.NO_CONTROL;0;<BV64 0x75f8>;64;[];[];[];[];[];[];[];30200;30200;0;1.0;;;True;30200.0;30200.0;0.0;1.0;;;True;ControlType.NO_CONTROL;0;<BV64 x0>;64;[];[];['<BV64 x0>'];[];['<BV64 x0>'];[];[];0.0;1.8446744073709552e+19;18446744073709551615;1;;;True;0.0;1.8446744073709552e+19;18446744073709551615;1;;;True;ControlType.CONTROLLED;0;<BV64 x0>;64;[];[];['<BV64 x0>'];[];['<BV64 x0>'];[];[];0.0;1.8446744073709552e+19;1.8446744073709552e+19;1.0;;;True;0.0;1.8446744073709552e+19;1.8446744073709552e+19;1.0;;;True;ControlType.CONTROLLED;0;<BV64 x0>;64;[];[];[];[];[];[];[];0;0;0;;;;False;0;0;0;;;;False;ControlType.UNKNOWN;0;[('0x55ce0', <Bool LOAD_64[<BV64 0xafff8>]_22 == 0x0>, 'Taken')];{'regs': [], 'indirect_regs': [], 'direct_regs': [], 'mem': [], 'const_mem': ['<BV64 0xafff8>']};[];{'regs': [], 'indirect_regs': [], 'direct_regs': [], 'mem': [], 'const_mem': []};{'regs': ['<BV64 x0>'], 'indirect_regs': [], 'direct_regs': ['<BV64 x0>'], 'mem': [], 'const_mem': []};{'regs': ['<BV64 x0>'], 'indirect_regs': [], 'direct_regs': ['<BV64 x0>'], 'mem': [], 'const_mem': ['<BV64 0xafff8>']};63.0;0.0;64.0;64.0;[];;;;BaseControlType.CONSTANT_BASE;BaseControlType.CONSTANT_BASE;BaseControlType.CONSTANT_BASE;1;BranchControlType.BRANCH_DEPENDS_ON_UNCONTROLLED;BranchControlType.BRANCH_INDEPENDENT_FROM_SECRET;351576;True;False;True;True;True;False;False;True;True;False;False;False;True;False;True;False;True;True;True;False;[];['has_valid_base'];True;False;True;True;True;False;False;True;True;False;False;False;True;False;True;False;True;True;True;False;[];['has_valid_base']
87200d29-7775-4509-91f6-1fbd133911c4;ZSTD_decompressBegin;0x55cc0;0x55d64;0x0;TransmitterType.STORE;40;0;False;['0x55cc0', '0x55cec'];<BV64 0x7528 + x0>;64;[];[];['<BV64 x0>'];[];['<BV64 x0>'];[];[];0;18446744073709551615;18446744073709551615;1;;;True;0;18446744073709551615;18446744073709551615;1;;;True;ControlType.CONTROLLED;0;<BV64 0x7528>;64;[];[];[];[];[];[];[];29992.0;29992.0;0.0;1.0;;;True;29992.0;29992.0;0.0;1.0;;;True;ControlType.NO_CONTROL;0;<BV64 0x7528>;64;[];[];[];[];[];[];[];29992;29992;0;1.0;;;True;29992.0;29992.0;0.0;1.0;;;True;ControlType.NO_CONTROL;0;<BV64 x0>;64;[];[];['<BV64 x0>'];[];['<BV64 x0>'];[];[];0.0;1.8446744073709552e+19;18446744073709551615;1;;;True;0.0;1.8446744073709552e+19;18446744073709551615;1;;;True;ControlType.CONTROLLED;0;<BV64 x0>;64;[];[];['<BV64 x0>'];[];['<BV64 x0>'];[];[];0.0;1.8446744073709552e+19;1.8446744073709552e+19;1.0;;;True;0.0;1.8446744073709552e+19;1.8446744073709552e+19;1.0;;;True;ControlType.CONTROLLED;0;<BV64 x0>;64;[];[];[];[];[];[];[];0;0;0;;;;False;0;0;0;;;;False;ControlType.UNKNOWN;0;[('0x55ce0', <Bool LOAD_64[<BV64 0xafff8>]_22 == 0x0>, 'Taken')];{'regs': [], 'indirect_regs': [], 'direct_regs': [], 'mem': [], 'const_mem': ['<BV64 0xafff8>']};[];{'regs': [], 'indirect_regs': [], 'direct_regs': [], 'mem': [], 'const_mem': []};{'regs': ['<BV64 x0>'], 'indirect_regs': [], 'direct_regs': ['<BV64 x0>'], 'mem': [], 'const_mem': []};{'regs': ['<BV64 x0>'], 'indirect_regs': [], 'direct_regs': ['<BV64 x0>'], 'mem': [], 'const_mem': ['<BV64 0xafff8>']};63.0;0.0;64.0;64.0;[];;;;BaseControlType.CONSTANT_BASE;BaseControlType.CONSTANT_BASE;BaseControlType.CONSTANT_BASE;1;BranchControlType.BRANCH_DEPENDS_ON_UNCONTROLLED;BranchControlType.BRANCH_INDEPENDENT_FROM_SECRET;351588;True;False;True;True;True;False;False;True;True;False;False;False;True;False;True;False;True;True;True;False;[];['has_valid_base'];True;False;True;True;True;False;False;True;True;False;False;False;True;False;True;False;True;True;True;False;[];['has_valid_base']
ac199eb1-009c-408f-a2b0-92bf957dd425;ZSTD_decompressBegin;0x55cc0;0x55d6c;0x0;TransmitterType.STORE;42;0;False;['0x55cc0', '0x55cec'];<BV64 0x75e0 + x0>;64;[];[];['<BV64 x0>'];[];['<BV64 x0>'];[];[];0;18446744073709551615;18446744073709551615;1;;;True;0;18446744073709551615;18446744073709551615;1;;;True;ControlType.CONTROLLED;0;<BV64 0x75e0>;64;[];[];[];[];[];[];[];30176.0;30176.0;0.0;1.0;;;True;30176.0;30176.0;0.0;1.0;;;True;ControlType.NO_CONTROL;0;<BV64 0x75e0>;64;[];[];[];[];[];[];[];30176;30176;0;1.0;;;True;30176.0;30176.0;0.0;1.0;;;True;ControlType.NO_CONTROL;0;<BV64 x0>;64;[];[];['<BV64 x0>'];[];['<BV64 x0>'];[];[];0.0;1.8446744073709552e+19;18446744073709551615;1;;;True;0.0;1.8446744073709552e+19;18446744073709551615;1;;;True;ControlType.CONTROLLED;0;<BV64 x0>;64;[];[];['<BV64 x0>'];[];['<BV64 x0>'];[];[];0.0;1.8446744073709552e+19;1.8446744073709552e+19;1.0;;;True;0.0;1.8446744073709552e+19;1.8446744073709552e+19;1.0;;;True;ControlType.CONTROLLED;0;<BV64 x0>;64;[];[];[];[];[];[];[];0;0;0;;;;False;0;0;0;;;;False;ControlType.UNKNOWN;0;[('0x55ce0', <Bool LOAD_64[<BV64 0xafff8>]_22 == 0x0>, 'Taken')];{'regs': [], 'indirect_regs': [], 'direct_regs': [], 'mem': [], 'const_mem': ['<BV64 0xafff8>']};[];{'regs': [], 'indirect_regs': [], 'direct_regs': [], 'mem': [], 'const_mem': []};{'regs': ['<BV64 x0>'], 'indirect_regs': [], 'direct_regs': ['<BV64 x0>'], 'mem': [], 'const_mem': []};{'regs': ['<BV64 x0>'], 'indirect_regs': [], 'direct_regs': ['<BV64 x0>'], 'mem': [], 'const_mem': ['<BV64 0xafff8>']};63.0;0.0;64.0;64.0;[];;;;BaseControlType.CONSTANT_BASE;BaseControlType.CONSTANT_BASE;BaseControlType.CONSTANT_BASE;1;BranchControlType.BRANCH_DEPENDS_ON_UNCONTROLLED;BranchControlType.BRANCH_INDEPENDENT_FROM_SECRET;351596;True;False;True;True;True;False;False;True;True;False;False;False;True;False;True;False;True;True;True;False;[];['has_valid_base'];True;False;True;True;True;False;False;True;True;False;False;False;True;False;True;False;True;True;True;False;[];['has_valid_base']
1e8cc39c-b237-4c55-81e6-57d23122305d;ZSTD_decompressBegin;0x55cc0;0x55d74;0x0;TransmitterType.STORE;44;0;False;['0x55cc0', '0x55cec'];<BV64 0x683c + x0>;64;[];[];['<BV64 x0>'];[];['<BV64 x0>'];[];[];0;18446744073709551615;18446744073709551615;1;;;True;0;18446744073709551615;18446744073709551615;1;;;True;ControlType.CONTROLLED;0;<BV64 0x683c>;64;[];[];[];[];[];[];[];26684.0;26684.0;0.0;1.0;;;True;26684.0;26684.0;0.0;1.0;;;True;ControlType.NO_CONTROL;0;<BV64 0x683c>;64;[];[];[];[];[];[];[];26684;26684;0;1.0;;;True;26684.0;26684.0;0.0;1.0;;;True;ControlType.NO_CONTROL;0;<BV64 x0>;64;[];[];['<BV64 x0>'];[];['<BV64 x0>'];[];[];0.0;1.8446744073709552e+19;18446744073709551615;1;;;True;0.0;1.8446744073709552e+19;18446744073709551615;1;;;True;ControlType.CONTROLLED;0;<BV64 x0>;64;[];[];['<BV64 x0>'];[];['<BV64 x0>'];[];[];0.0;1.8446744073709552e+19;1.8446744073709552e+19;1.0;;;True;0.0;1.8446744073709552e+19;1.8446744073709552e+19;1.0;;;True;ControlType.CONTROLLED;0;<BV64 x0>;64;[];[];[];[];[];[];[];0;0;0;;;;False;0;0;0;;;;False;ControlType.UNKNOWN;0;[('0x55ce0', <Bool LOAD_64[<BV64 0xafff8>]_22 == 0x0>, 'Taken')];{'regs': [], 'indirect_regs': [], 'direct_regs': [], 'mem': [], 'const_mem': ['<BV64 0xafff8>']};[];{'regs': [], 'indirect_regs': [], 'direct_regs': [], 'mem': [], 'const_mem': []};{'regs': ['<BV64 x0>'], 'indirect_regs': [], 'direct_regs': ['<BV64 x0>'], 'mem': [], 'const_mem': []};{'regs': ['<BV64 x0>'], 'indirect_regs': [], 'direct_regs': ['<BV64 x0>'], 'mem': [], 'const_mem': ['<BV64 0xafff8>']};63.0;0.0;64.0;64.0;[];;;;BaseControlType.CONSTANT_BASE;BaseControlType.CONSTANT_BASE;BaseControlType.CONSTANT_BASE;1;BranchControlType.BRANCH_DEPENDS_ON_UNCONTROLLED;BranchControlType.BRANCH_INDEPENDENT_FROM_SECRET;351604;True;False;True;True;True;False;False;True;True;False;False;False;True;False;True;False;True;True;True;False;[];['has_valid_base'];True;False;True;True;True;False;False;True;True;False;False;False;True;False;True;False;True;True;True;False;[];['has_valid_base']
a7289707-ab81-46e7-859c-013eca2a9d8e;ZSTD_decompressBegin;0x55cc0;0x55d7c;0x0;TransmitterType.STORE;46;0;False;['0x55cc0', '0x55cec'];<BV64 0x6844 + x0>;64;[];[];['<BV64 x0>'];[];['<BV64 x0>'];[];[];0;18446744073709551615;18446744073709551615;1;;;True;0;18446744073709551615;18446744073709551615;1;;;True;ControlType.CONTROLLED;0;<BV64 0x6844>;64;[];[];[];[];[];[];[];26692.0;26692.0;0.0;1.0;;;True;26692.0;26692.0;0.0;1.0;;;True;ControlType.NO_CONTROL;0;<BV64 0x6844>;64;[];[];[];[];[];[];[];26692;26692;0;1.0;;;True;26692.0;26692.0;0.0;1.0;;;True;ControlType.NO_CONTROL;0;<BV64 x0>;64;[];[];['<BV64 x0>'];[];['<BV64 x0>'];[];[];0.0;1.8446744073709552e+19;18446744073709551615;1;;;True;0.0;1.8446744073709552e+19;18446744073709551615;1;;;True;ControlType.CONTROLLED;0;<BV64 x0>;64;[];[];['<BV64 x0>'];[];['<BV64 x0>'];[];[];0.0;1.8446744073709552e+19;1.8446744073709552e+19;1.0;;;True;0.0;1.8446744073709552e+19;1.8446744073709552e+19;1.0;;;True;ControlType.CONTROLLED;0;<BV64 x0>;64;[];[];[];[];[];[];[];0;0;0;;;;False;0;0;0;;;;False;ControlType.UNKNOWN;0;[('0x55ce0', <Bool LOAD_64[<BV64 0xafff8>]_22 == 0x0>, 'Taken')];{'regs': [], 'indirect_regs': [], 'direct_regs': [], 'mem': [], 'const_mem': ['<BV64 0xafff8>']};[];{'regs': [], 'indirect_regs': [], 'direct_regs': [], 'mem': [], 'const_mem': []};{'regs': ['<BV64 x0>'], 'indirect_regs': [], 'direct_regs': ['<BV64 x0>'], 'mem': [], 'const_mem': []};{'regs': ['<BV64 x0>'], 'indirect_regs': [], 'direct_regs': ['<BV64 x0>'], 'mem': [], 'const_mem': ['<BV64 0xafff8>']};63.0;0.0;64.0;64.0;[];;;;BaseControlType.CONSTANT_BASE;BaseControlType.CONSTANT_BASE;BaseControlType.CONSTANT_BASE;1;BranchControlType.BRANCH_DEPENDS_ON_UNCONTROLLED;BranchControlType.BRANCH_INDEPENDENT_FROM_SECRET;351612;True;False;True;True;True;False;False;True;True;False;False;False;True;False;True;False;True;True;True;False;[];['has_valid_base'];True;False;True;True;True;False;False;True;True;False;False;False;True;False;True;False;True;True;True;False;[];['has_valid_base']
af63cb0c-d9ec-430f-8f26-fa2bb5872e65;ZSTD_decompressBegin;0x55cc0;0x55d84;0x0;TransmitterType.STORE;48;0;False;['0x55cc0', '0x55cec'];<BV64 x0>;64;[];[];['<BV64 x0>'];[];['<BV64 x0>'];[];[];0;18446744073709551615;18446744073709551615;1;;;True;0;18446744073709551615;18446744073709551615;1;;;True;ControlType.CONTROLLED;0;;0;[];[];[];[];[];[];[];0.0;0.0;0.0;0.0;;;False;0.0;0.0;0.0;0.0;;;False;ControlType.UNKNOWN;0;;0;[];[];[];[];[];[];[];0;0;0;;;;False;0.0;0.0;0.0;0.0;;;False;ControlType.UNKNOWN;0;<BV64 x0>;64;[];[];['<BV64 x0>'];[];['<BV64 x0>'];[];[];0.0;1.8446744073709552e+19;18446744073709551615;1;;;True;0.0;1.8446744073709552e+19;18446744073709551615;1;;;True;ControlType.CONTROLLED;0;<BV64 x0>;64;[];[];['<BV64 x0>'];[];['<BV64 x0>'];[];[];0.0;1.8446744073709552e+19;1.8446744073709552e+19;1.0;;;True;0.0;1.8446744073709552e+19;1.8446744073709552e+19;1.0;;;True;ControlType.CONTROLLED;0;<BV64 x0>;64;[];[];[];[];[];[];[];0;0;0;;;;False;0;0;0;;;;False;ControlType.UNKNOWN;0;[('0x55ce0', <Bool LOAD_64[<BV64 0xafff8>]_22 == 0x0>, 'Taken')];{'regs': [], 'indirect_regs': [], 'direct_regs': [], 'mem': [], 'const_mem': ['<BV64 0xafff8>']};[];{'regs': [], 'indirect_regs': [], 'direct_regs': [], 'mem': [], 'const_mem': []};{'regs': ['<BV64 x0>'], 'indirect_regs': [], 'direct_regs': ['<BV64 x0>'], 'mem': [], 'const_mem': []};{'regs': ['<BV64 x0>'], 'indirect_regs': [], 'direct_regs': ['<BV64 x0>'], 'mem': [], 'const_mem': ['<BV64 0xafff8>']};63.0;0.0;64.0;64.0;[];;;;BaseControlType.NO_BASE;BaseControlType.NO_BASE;BaseControlType.NO_BASE;1;BranchControlType.BRANCH_DEPENDS_ON_UNCONTROLLED;BranchControlType.BRANCH_INDEPENDENT_FROM_SECRET;351620;True;False;True;True;True;False;False;True;True;False;False;False;True;False;True;False;True;True;True;False;[];['has_valid_base'];True;False;True;True;True;False;False;True;True;False;False;False;True;False;True;False;True;True;True;False;[];['has_valid_base']
66b752b4-9597-4e67-9eb6-6316d5f47787;ZSTD_decompressBegin;0x55cc0;0x55d84;0x0;TransmitterType.STORE;48;0;False;['0x55cc0', '0x55cec'];<BV64 0x8 + x0>;64;[];[];['<BV64 x0>'];[];['<BV64 x0>'];[];[];0;18446744073709551615;18446744073709551615;1;;;True;0;18446744073709551615;18446744073709551615;1;;;True;ControlType.CONTROLLED;0;<BV64 0x8>;64;[];[];[];[];[];[];[];8.0;8.0;0.0;1.0;;;True;8.0;8.0;0.0;1.0;;;True;ControlType.NO_CONTROL;0;<BV64 0x8>;64;[];[];[];[];[];[];[];8;8;0;1.0;;;True;8.0;8.0;0.0;1.0;;;True;ControlType.NO_CONTROL;0;<BV64 x0>;64;[];[];['<BV64 x0>'];[];['<BV64 x0>'];[];[];0.0;1.8446744073709552e+19;18446744073709551615;1;;;True;0.0;1.8446744073709552e+19;18446744073709551615;1;;;True;ControlType.CONTROLLED;0;<BV64 x0>;64;[];[];['<BV64 x0>'];[];['<BV64 x0>'];[];[];0.0;1.8446744073709552e+19;1.8446744073709552e+19;1.0;;;True;0.0;1.8446744073709552e+19;1.8446744073709552e+19;1.0;;;True;ControlType.CONTROLLED;0;<BV64 x0>;64;[];[];[];[];[];[];[];0;0;0;;;;False;0;0;0;;;;False;ControlType.UNKNOWN;0;[('0x55ce0', <Bool LOAD_64[<BV64 0xafff8>]_22 == 0x0>, 'Taken')];{'regs': [], 'indirect_regs': [], 'direct_regs': [], 'mem': [], 'const_mem': ['<BV64 0xafff8>']};[];{'regs': [], 'indirect_regs': [], 'direct_regs': [], 'mem': [], 'const_mem': []};{'regs': ['<BV64 x0>'], 'indirect_regs': [], 'direct_regs': ['<BV64 x0>'], 'mem': [], 'const_mem': []};{'regs': ['<BV64 x0>'], 'indirect_regs': [], 'direct_regs': ['<BV64 x0>'], 'mem': [], 'const_mem': ['<BV64 0xafff8>']};63.0;0.0;64.0;64.0;[];;;;BaseControlType.CONSTANT_BASE;BaseControlType.CONSTANT_BASE;BaseControlType.CONSTANT_BASE;1;BranchControlType.BRANCH_DEPENDS_ON_UNCONTROLLED;BranchControlType.BRANCH_INDEPENDENT_FROM_SECRET;351620;True;False;True;True;True;False;False;True;True;False;False;False;True;False;True;False;True;True;True;False;[];['has_valid_base'];True;False;True;True;True;False;False;True;True;False;False;False;True;False;True;False;True;True;True;False;[];['has_valid_base']
998f67a7-2c31-495d-bf68-27cc57ddd6ee;ZSTD_decompressBegin;0x55cc0;0x55d8c;0x0;TransmitterType.STORE;50;0;False;['0x55cc0', '0x55cec'];<BV64 0x10 + x0>;64;[];[];['<BV64 x0>'];[];['<BV64 x0>'];[];[];0;18446744073709551615;18446744073709551615;1;;;True;0;18446744073709551615;18446744073709551615;1;;;True;ControlType.CONTROLLED;0;<BV64 0x10>;64;[];[];[];[];[];[];[];16.0;16.0;0.0;1.0;;;True;16.0;16.0;0.0;1.0;;;True;ControlType.NO_CONTROL;0;<BV64 0x10>;64;[];[];[];[];[];[];[];16;16;0;1.0;;;True;16.0;16.0;0.0;1.0;;;True;ControlType.NO_CONTROL;0;<BV64 x0>;64;[];[];['<BV64 x0>'];[];['<BV64 x0>'];[];[];0.0;1.8446744073709552e+19;18446744073709551615;1;;;True;0.0;1.8446744073709552e+19;18446744073709551615;1;;;True;ControlType.CONTROLLED;0;<BV64 x0>;64;[];[];['<BV64 x0>'];[];['<BV64 x0>'];[];[];0.0;1.8446744073709552e+19;1.8446744073709552e+19;1.0;;;True;0.0;1.8446744073709552e+19;1.8446744073709552e+19;1.0;;;True;ControlType.CONTROLLED;0;<BV64 x0>;64;[];[];[];[];[];[];[];0;0;0;;;;False;0;0;0;;;;False;ControlType.UNKNOWN;0;[('0x55ce0', <Bool LOAD_64[<BV64 0xafff8>]_22 == 0x0>, 'Taken')];{'regs': [], 'indirect_regs': [], 'direct_regs': [], 'mem': [], 'const_mem': ['<BV64 0xafff8>']};[];{'regs': [], 'indirect_regs': [], 'direct_regs': [], 'mem': [], 'const_mem': []};{'regs': ['<BV64 x0>'], 'indirect_regs': [], 'direct_regs': ['<BV64 x0>'], 'mem': [], 'const_mem': []};{'regs': ['<BV64 x0>'], 'indirect_regs': [], 'direct_regs': ['<BV64 x0>'], 'mem': [], 'const_mem': ['<BV64 0xafff8>']};63.0;0.0;64.0;64.0;[];;;;BaseControlType.CONSTANT_BASE;BaseControlType.CONSTANT_BASE;BaseControlType.CONSTANT_BASE;1;BranchControlType.BRANCH_DEPENDS_ON_UNCONTROLLED;BranchControlType.BRANCH_INDEPENDENT_FROM_SECRET;351628;True;False;True;True;True;False;False;True;True;False;False;False;True;False;True;False;True;True;True;False;[];['has_valid_base'];True;False;True;True;True;False;False;True;True;False;False;False;True;False;True;False;True;True;True;False;[];['has_valid_base']
0725df8b-564c-4f6a-80f6-6b1de2788728;ZSTD_decompressBegin;0x55cc0;0x55d8c;0x0;TransmitterType.STORE;50;0;False;['0x55cc0', '0x55cec'];<BV64 0x18 + x0>;64;[];[];['<BV64 x0>'];[];['<BV64 x0>'];[];[];0;18446744073709551615;18446744073709551615;1;;;True;0;18446744073709551615;18446744073709551615;1;;;True;ControlType.CONTROLLED;0;<BV64 0x18>;64;[];[];[];[];[];[];[];24.0;24.0;0.0;1.0;;;True;24.0;24.0;0.0;1.0;;;True;ControlType.NO_CONTROL;0;<BV64 0x18>;64;[];[];[];[];[];[];[];24;24;0;1.0;;;True;24.0;24.0;0.0;1.0;;;True;ControlType.NO_CONTROL;0;<BV64 x0>;64;[];[];['<BV64 x0>'];[];['<BV64 x0>'];[];[];0.0;1.8446744073709552e+19;18446744073709551615;1;;;True;0.0;1.8446744073709552e+19;18446744073709551615;1;;;True;ControlType.CONTROLLED;0;<BV64 x0>;64;[];[];['<BV64 x0>'];[];['<BV64 x0>'];[];[];0.0;1.8446744073709552e+19;1.8446744073709552e+19;1.0;;;True;0.0;1.8446744073709552e+19;1.8446744073709552e+19;1.0;;;True;ControlType.CONTROLLED;0;<BV64 x0>;64;[];[];[];[];[];[];[];0;0;0;;;;False;0;0;0;;;;False;ControlType.UNKNOWN;0;[('0x55ce0', <Bool LOAD_64[<BV64 0xafff8>]_22 == 0x0>, 'Taken')];{'regs': [], 'indirect_regs': [], 'direct_regs': [], 'mem': [], 'const_mem': ['<BV64 0xafff8>']};[];{'regs': [], 'indirect_regs': [], 'direct_regs': [], 'mem': [], 'const_mem': []};{'regs': ['<BV64 x0>'], 'indirect_regs': [], 'direct_regs': ['<BV64 x0>'], 'mem': [], 'const_mem': []};{'regs': ['<BV64 x0>'], 'indirect_regs': [], 'direct_regs': ['<BV64 x0>'], 'mem': [], 'const_mem': ['<BV64 0xafff8>']};63.0;0.0;64.0;64.0;[];;;;BaseControlType.CONSTANT_BASE;BaseControlType.CONSTANT_BASE;BaseControlType.CONSTANT_BASE;1;BranchControlType.BRANCH_DEPENDS_ON_UNCONTROLLED;BranchControlType.BRANCH_INDEPENDENT_FROM_SECRET;351628;True;False;True;True;True;False;False;True;True;False;False;False;True;False;True;False;True;True;True;False;[];['has_valid_base'];True;False;True;True;True;False;False;True;True;False;False;False;True;False;True;False;True;True;True;False;[];['has_valid_base']
931ee143-53b7-454a-a072-0941099a09e8;ZSTD_estimateCStreamSize_usingCCtxParams;0x15d00;0x15d1c;0x0;TransmitterType.LOAD;8;0;False;['0x15d00'];<BV64 0x4c + x0>;64;[];[];['<BV64 x0>'];[];['<BV64 x0>'];[];[];0;18446744073709551615;18446744073709551615;1;;;True;0;18446744073709551615;18446744073709551615;1;;;True;ControlType.CONTROLLED;0;<BV64 0x4c>;64;[];[];[];[];[];[];[];76.0;76.0;0.0;1.0;;;True;76.0;76.0;0.0;1.0;;;True;ControlType.NO_CONTROL;0;<BV64 0x4c>;64;[];[];[];[];[];[];[];76;76;0;1.0;;;True;76.0;76.0;0.0;1.0;;;True;ControlType.NO_CONTROL;0;<BV64 x0>;64;[];[];['<BV64 x0>'];[];['<BV64 x0>'];[];[];0.0;1.8446744073709552e+19;18446744073709551615;1;;;True;0.0;1.8446744073709552e+19;18446744073709551615;1;;;True;ControlType.CONTROLLED;0;<BV64 x0>;64;[];[];['<BV64 x0>'];[];['<BV64 x0>'];[];[];0.0;1.8446744073709552e+19;1.8446744073709552e+19;1.0;;;True;0.0;1.8446744073709552e+19;1.8446744073709552e+19;1.0;;;True;ControlType.CONTROLLED;0;<BV64 x0>;64;[];[];[];[];[];[];[];0;0;0;;;;False;0;0;0;;;;False;ControlType.UNKNOWN;0;[];{'regs': [], 'indirect_regs': [], 'direct_regs': [], 'mem': [], 'const_mem': []};[];{'regs': [], 'indirect_regs': [], 'direct_regs': [], 'mem': [], 'const_mem': []};{'regs': ['<BV64 x0>'], 'indirect_regs': [], 'direct_regs': ['<BV64 x0>'], 'mem': [], 'const_mem': []};{'regs': ['<BV64 x0>'], 'indirect_regs': [], 'direct_regs': ['<BV64 x0>'], 'mem': [], 'const_mem': []};63.0;0.0;64.0;64.0;[];;;;BaseControlType.CONSTANT_BASE;BaseControlType.CONSTANT_BASE;BaseControlType.CONSTANT_BASE;0;BranchControlType.BRANCH_INDEPENDENT_FROM_SECRET;BranchControlType.BRANCH_INDEPENDENT_FROM_SECRET;89372;True;False;True;True;True;False;False;True;True;False;False;False;True;False;True;False;True;False;True;False;[];['has_valid_base'];True;False;True;True;True;False;False;True;True;False;False;False;True;False;True;False;True;False;True;False;[];['has_valid_base']
1b0f3cc2-875c-472a-8697-3b754b1f0597;ZSTD_estimateCStreamSize_usingCCtxParams;0x15d00;0x154f0;0x0;TransmitterType.LOAD;41;0;False;['0x15d00', '0x15d34', '0x154a4', '0x154f0'];<BV64 0x40 + x0>;64;[];[];['<BV64 x0>'];[];['<BV64 x0>'];[];[];0;18446744073709551615;18446744073709551615;1;;;True;0;18446744073709551615;18446744073709551615;1;;;True;ControlType.CONTROLLED;0;<BV64 0x40>;64;[];[];[];[];[];[];[];64.0;64.0;0.0;1.0;;;True;64.0;64.0;0.0;1.0;;;True;ControlType.NO_CONTROL;0;<BV64 0x40>;64;[];[];[];[];[];[];[];64;64;0;1.0;;;True;64.0;64.0;0.0;1.0;;;True;ControlType.NO_CONTROL;0;<BV64 x0>;64;[];[];['<BV64 x0>'];[];['<BV64 x0>'];[];[];0.0;1.8446744073709552e+19;18446744073709551615;1;;;True;0.0;1.8446744073709552e+19;18446744073709551615;1;;;True;ControlType.CONTROLLED;0;<BV64 x0>;64;[];[];['<BV64 x0>'];[];['<BV64 x0>'];[];[];0.0;1.8446744073709552e+19;1.8446744073709552e+19;1.0;;;True;0.0;1.8446744073709552e+19;1.8446744073709552e+19;1.0;;;True;ControlType.CONTROLLED;0;<BV64 x0>;64;[];[];[];[];[];[];[];0;0;0;;;;False;0;0;0;;;;False;ControlType.UNKNOWN;0;[('0x154ec', <Bool True>, 'Taken'), ('0x15d30', <Bool 0x0 >=s LOAD_32[<BV64 x0 + 0x4c>]_23>, 'Taken'), ('0x15d50', <Bool True>, 'Taken')];"{'regs': ['<BV64 x0>'], 'indirect_regs': [""<BV64 x0>: ['0x4c']""], 'direct_regs': [], 'mem': ['<BV64 x0 + 0x4c>'], 'const_mem': []}";[];{'regs': [], 'indirect_regs': [], 'direct_regs': [], 'mem': [], 'const_mem': []};{'regs': ['<BV64 x0>'], 'indirect_regs': [], 'direct_regs': ['<BV64 x0>'], 'mem': [], 'const_mem': []};{'regs': ['<BV64 x0>'], 'indirect_regs': [], 'direct_regs': ['<BV64 x0>'], 'mem': ['<BV64 x0 + 0x4c>'], 'const_mem': []};63.0;0.0;64.0;64.0;[];;;;BaseControlType.CONSTANT_BASE;BaseControlType.CONSTANT_BASE;BaseControlType.CONSTANT_BASE;3;BranchControlType.BRANCH_DEPENDS_ON_SECRET_VALUE;BranchControlType.BRANCH_INDEPENDENT_FROM_SECRET;87280;True;False;True;True;True;False;False;True;True;False;False;False;True;False;True;True;True;False;True;False;[];['has_valid_base'];True;False;True;True;True;False;False;True;True;False;False;False;True;False;True;True;True;False;True;False;[];['has_valid_base']
a5883121-908b-4e17-9e0b-7f22df03a5d9;ZSTD_estimateCStreamSize_usingCCtxParams;0x15d00;0x15500;0x0;TransmitterType.LOAD;45;0;False;['0x15d00', '0x15d34', '0x154a4', '0x154f0'];<BV64 0x2c + x0>;64;[];[];['<BV64 x0>'];[];['<BV64 x0>'];[];[];0;18446744073709551615;18446744073709551615;1;;;True;0;18446744073709551615;18446744073709551615;1;;;True;ControlType.CONTROLLED;0;<BV64 0x2c>;64;[];[];[];[];[];[];[];44.0;44.0;0.0;1.0;;;True;44.0;44.0;0.0;1.0;;;True;ControlType.NO_CONTROL;0;<BV64 0x2c>;64;[];[];[];[];[];[];[];44;44;0;1.0;;;True;44.0;44.0;0.0;1.0;;;True;ControlType.NO_CONTROL;0;<BV64 x0>;64;[];[];['<BV64 x0>'];[];['<BV64 x0>'];[];[];0.0;1.8446744073709552e+19;18446744073709551615;1;;;True;0.0;1.8446744073709552e+19;18446744073709551615;1;;;True;ControlType.CONTROLLED;0;<BV64 x0>;64;[];[];['<BV64 x0>'];[];['<BV64 x0>'];[];[];0.0;1.8446744073709552e+19;1.8446744073709552e+19;1.0;;;True;0.0;1.8446744073709552e+19;1.8446744073709552e+19;1.0;;;True;ControlType.CONTROLLED;0;<BV64 x0>;64;[];[];[];[];[];[];[];0;0;0;;;;False;0;0;0;;;;False;ControlType.UNKNOWN;0;[('0x154ec', <Bool True>, 'Taken'), ('0x15d30', <Bool 0x0 >=s LOAD_32[<BV64 x0 + 0x4c>]_23>, 'Taken'), ('0x15d50', <Bool True>, 'Taken')];"{'regs': ['<BV64 x0>'], 'indirect_regs': [""<BV64 x0>: ['0x4c']""], 'direct_regs': [], 'mem': ['<BV64 x0 + 0x4c>'], 'const_mem': []}";[];{'regs': [], 'indirect_regs': [], 'direct_regs': [], 'mem': [], 'const_mem': []};{'regs': ['<BV64 x0>'], 'indirect_regs': [], 'direct_regs': ['<BV64 x0>'], 'mem': [], 'const_mem': []};{'regs': ['<BV64 x0>'], 'indirect_regs': [], 'direct_regs': ['<BV64 x0>'], 'mem': ['<BV64 x0 + 0x4c>'], 'const_mem': []};63.0;0.0;64.0;64.0;[];;;;BaseControlType.CONSTANT_BASE;BaseControlType.CONSTANT_BASE;BaseControlType.CONSTANT_BASE;3;BranchControlType.BRANCH_DEPENDS_ON_SECRET_VALUE;BranchControlType.BRANCH_INDEPENDENT_FROM_SECRET;87296;True;False;True;True;True;False;False;True;True;False;False;False;True;False;True;True;True;False;True;False;[];['has_valid_base'];True;False;True;True;True;False;False;True;True;False;False;False;True;False;True;True;True;False;True;False;[];['has_valid_base']
379b4721-54a9-4087-bc42-7fc4fa695ecf;ZSTD_isFrame;0x54870;0x54884;0x0;TransmitterType.LOAD;6;0;False;['0x54870', '0x54884'];<BV64 x0>;64;[];[];['<BV64 x0>'];[];['<BV64 x0>'];[];[];0;18446744073709551615;18446744073709551615;1;;;True;0;18446744073709551615;18446744073709551615;1;;;True;ControlType.CONTROLLED;0;;0;[];[];[];[];[];[];[];0.0;0.0;0.0;0.0;;;False;0.0;0.0;0.0;0.0;;;False;ControlType.UNKNOWN;0;;0;[];[];[];[];[];[];[];0;0;0;;;;False;0.0;0.0;0.0;0.0;;;False;ControlType.UNKNOWN;0;<BV64 x0>;64;[];[];['<BV64 x0>'];[];['<BV64 x0>'];[];[];0.0;1.8446744073709552e+19;18446744073709551615;1;;;True;0.0;1.8446744073709552e+19;18446744073709551615;1;;;True;ControlType.CONTROLLED;0;<BV64 x0>;64;[];[];['<BV64 x0>'];[];['<BV64 x0>'];[];[];0.0;1.8446744073709552e+19;1.8446744073709552e+19;1.0;;;True;0.0;1.8446744073709552e+19;1.8446744073709552e+19;1.0;;;True;ControlType.CONTROLLED;0;<BV64 x0>;64;[];[];[];[];[];[];[];0;0;0;;;;False;0;0;0;;;;False;ControlType.UNKNOWN;0;[('0x54880', <Bool x1 > 0x3>, 'Taken')];{'regs': ['<BV64 x1>'], 'indirect_regs': [], 'direct_regs': ['<BV64 x1>'], 'mem': [], 'const_mem': []};[];{'regs': [], 'indirect_regs': [], 'direct_regs': [], 'mem': [], 'const_mem': []};{'regs': ['<BV64 x0>'], 'indirect_regs': [], 'direct_regs': ['<BV64 x0>'], 'mem': [], 'const_mem': []};{'regs': ['<BV64 x0>', '<BV64 x1>'], 'indirect_regs': [], 'direct_regs': ['<BV64 x0>', '<BV64 x1>'], 'mem': [], 'const_mem': []};63.0;0.0;64.0;64.0;[];;;;BaseControlType.NO_BASE;BaseControlType.NO_BASE;BaseControlType.NO_BASE;1;BranchControlType.BRANCH_INDEPENDENT_FROM_SECRET;BranchControlType.BRANCH_INDEPENDENT_FROM_SECRET;346244;True;False;True;True;True;False;False;True;True;False;False;False;True;False;True;False;True;False;True;False;[];['has_valid_base'];True;False;True;True;True;False;False;True;True;False;False;False;True;False;True;False;True;False;True;False;[];['has_valid_base']
ede25d7c-5a13-42b8-b45d-b6ae6da191f3;ZSTD_compressBlock;0x18400;0x18410;0x0;TransmitterType.LOAD;5;0;False;['0x18400'];<BV64 0x1b0 + x0>;64;[];[];['<BV64 x0>'];[];['<BV64 x0>'];[];[];0;18446744073709551615;18446744073709551615;1;;;True;0;18446744073709551615;18446744073709551615;1;;;True;ControlType.CONTROLLED;0;<BV64 0x1b0>;64;[];[];[];[];[];[];[];432.0;432.0;0.0;1.0;;;True;432.0;432.0;0.0;1.0;;;True;ControlType.NO_CONTROL;0;<BV64 0x1b0>;64;[];[];[];[];[];[];[];432;432;0;1.0;;;True;432.0;432.0;0.0;1.0;;;True;ControlType.NO_CONTROL;0;<BV64 x0>;64;[];[];['<BV64 x0>'];[];['<BV64 x0>'];[];[];0.0;1.8446744073709552e+19;18446744073709551615;1;;;True;0.0;1.8446744073709552e+19;18446744073709551615;1;;;True;ControlType.CONTROLLED;0;<BV64 x0>;64;[];[];['<BV64 x0>'];[];['<BV64 x0>'];[];[];0.0;1.8446744073709552e+19;1.8446744073709552e+19;1.0;;;True;0.0;1.8446744073709552e+19;1.8446744073709552e+19;1.0;;;True;ControlType.CONTROLLED;0;<BV64 x0>;64;[];[];[];[];[];[];[];0;0;0;;;;False;0;0;0;;;;False;ControlType.UNKNOWN;0;[];{'regs': [], 'indirect_regs': [], 'direct_regs': [], 'mem': [], 'const_mem': []};[];{'regs': [], 'indirect_regs': [], 'direct_regs': [], 'mem': [], 'const_mem': []};{'regs': ['<BV64 x0>'], 'indirect_regs': [], 'direct_regs': ['<BV64 x0>'], 'mem': [], 'const_mem': []};{'regs': ['<BV64 x0>'], 'indirect_regs': [], 'direct_regs': ['<BV64 x0>'], 'mem': [], 'const_mem': []};63.0;0.0;64.0;64.0;[];;;;BaseControlType.CONSTANT_BASE;BaseControlType.CONSTANT_BASE;BaseControlType.CONSTANT_BASE;0;BranchControlType.BRANCH_INDEPENDENT_FROM_SECRET;BranchControlType.BRANCH_INDEPENDENT_FROM_SECRET;99344;True;False;True;True;True;False;False;True;True;False;False;False;True;False;True;False;True;False;True;False;[];['has_valid_base'];True;False;True;True;True;False;False;True;True;False;False;False;True;False;True;False;True;False;True;False;[];['has_valid_base']
7074f934-8a1f-46cc-a366-3531fcf6a95a;ZSTD_compressBlock;0x18400;0x18414;0x0;TransmitterType.LOAD;6;0;False;['0x18400'];<BV64 0xec + x0>;64;[];[];['<BV64 x0>'];[];['<BV64 x0>'];[];[];0;18446744073709551615;18446744073709551615;1;;;True;0;18446744073709551615;18446744073709551615;1;;;True;ControlType.CONTROLLED;0;<BV64 0xec>;64;[];[];[];[];[];[];[];236.0;236.0;0.0;1.0;;;True;236.0;236.0;0.0;1.0;;;True;ControlType.NO_CONTROL;0;<BV64 0xec>;64;[];[];[];[];[];[];[];236;236;0;1.0;;;True;236.0;236.0;0.0;1.0;;;True;ControlType.NO_CONTROL;0;<BV64 x0>;64;[];[];['<BV64 x0>'];[];['<BV64 x0>'];[];[];0.0;1.8446744073709552e+19;18446744073709551615;1;;;True;0.0;1.8446744073709552e+19;18446744073709551615;1;;;True;ControlType.CONTROLLED;0;<BV64 x0>;64;[];[];['<BV64 x0>'];[];['<BV64 x0>'];[];[];0.0;1.8446744073709552e+19;1.8446744073709552e+19;1.0;;;True;0.0;1.8446744073709552e+19;1.8446744073709552e+19;1.0;;;True;ControlType.CONTROLLED;0;<BV64 x0>;64;[];[];[];[];[];[];[];0;0;0;;;;False;0;0;0;;;;False;ControlType.UNKNOWN;0;[];{'regs': [], 'indirect_regs': [], 'direct_regs': [], 'mem': [], 'const_mem': []};[];{'regs': [], 'indirect_regs': [], 'direct_regs': [], 'mem': [], 'const_mem': []};{'regs': ['<BV64 x0>'], 'indirect_regs': [], 'direct_regs': ['<BV64 x0>'], 'mem': [], 'const_mem': []};{'regs': ['<BV64 x0>'], 'indirect_regs': [], 'direct_regs': ['<BV64 x0>'], 'mem': [], 'const_mem': []};63.0;0.0;64.0;64.0;[];;;;BaseControlType.CONSTANT_BASE;BaseControlType.CONSTANT_BASE;BaseControlType.CONSTANT_BASE;0;BranchControlType.BRANCH_INDEPENDENT_FROM_SECRET;BranchControlType.BRANCH_INDEPENDENT_FROM_SECRET;99348;True;False;True;True;True;False;False;True;True;False;False;False;True;False;True;False;True;False;True;False;[];['has_valid_base'];True;False;True;True;True;False;False;True;True;False;False;False;True;False;True;False;True;False;True;False;[];['has_valid_base']
31e19045-bdef-4c65-a4b7-7286dce6fbca;ZSTD_compressBlock;0x18400;0x17964;0x0;TransmitterType.LOAD;28;0;False;['0x18400', '0x18430', '0x17940'];<BV64 x0>;64;[];[];['<BV64 x0>'];[];['<BV64 x0>'];[];[];0;18446744073709551615;18446744073709551615;1;;;True;0;18446744073709551615;18446744073709551615;1;;;True;ControlType.CONTROLLED;0;;0;[];[];[];[];[];[];[];0.0;0.0;0.0;0.0;;;False;0.0;0.0;0.0;0.0;;;False;ControlType.UNKNOWN;0;;0;[];[];[];[];[];[];[];0;0;0;;;;False;0.0;0.0;0.0;0.0;;;False;ControlType.UNKNOWN;0;<BV64 x0>;64;[];[];['<BV64 x0>'];[];['<BV64 x0>'];[];[];0.0;1.8446744073709552e+19;18446744073709551615;1;;;True;0.0;1.8446744073709552e+19;18446744073709551615;1;;;True;ControlType.CONTROLLED;0;<BV64 x0>;64;[];[];['<BV64 x0>'];[];['<BV64 x0>'];[];[];0.0;1.8446744073709552e+19;1.8446744073709552e+19;1.0;;;True;0.0;1.8446744073709552e+19;1.8446744073709552e+19;1.0;;;True;ControlType.CONTROLLED;0;<BV64 x0>;64;[];[];[];[];[];[];[];0;0;0;;;;False;0;0;0;;;;False;ControlType.UNKNOWN;0;[('0x1842c', <Bool LOAD_64[<BV64 x0 + 0x1b0>]_22 >= x4>, 'Taken'), ('0x18440', <Bool True>, 'Taken')];"{'regs': ['<BV64 x0>', '<BV64 x4>'], 'indirect_regs': [""<BV64 x0>: ['0x1b0']""], 'direct_regs': ['<BV64 x4>'], 'mem': ['<BV64 x0 + 0x1b0>'], 'const_mem': []}";[('0x18424', <Bool LShR(LOAD_64[<BV64 x0 + 0x1b0>]_22, (0#56 .. LOAD_32[<BV64 x0 + 0xec>]_23[7:0] & 63)) == 0x0>, 'ConditionType.CMOVE')];"{'regs': ['<BV64 x0>'], 'indirect_regs': [""<BV64 x0>: ['0x1b0', '0xec']""], 'direct_regs': [], 'mem': ['<BV64 x0 + 0x1b0>', '<BV64 x0 + 0xec>'], 'const_mem': []}";{'regs': ['<BV64 x0>'], 'indirect_regs': [], 'direct_regs': ['<BV64 x0>'], 'mem': ['<BV64 x0 + 0x1b0>', '<BV64 x0 + 0xec>'], 'const_mem': []};{'regs': ['<BV64 x0>', '<BV64 x4>'], 'indirect_regs': [], 'direct_regs': ['<BV64 x0>', '<BV64 x4>'], 'mem': ['<BV64 x0 + 0x1b0>', '<BV64 x0 + 0xec>'], 'const_mem': []};63.0;0.0;64.0;64.0;[];;;;BaseControlType.NO_BASE;BaseControlType.NO_BASE;BaseControlType.NO_BASE;2;BranchControlType.BRANCH_DEPENDS_ON_SECRET_VALUE;BranchControlType.BRANCH_DEPENDS_ON_SECRET_VALUE;96612;True;False;True;False;True;False;False;True;True;False;False;False;True;False;True;True;True;False;True;False;[];['has_valid_base', 'is_cmove_independent_from_secret'];True;False;True;False;True;False;False;True;True;False;False;False;True;False;True;True;True;False;True;False;[];['has_valid_base', 'is_cmove_independent_from_secret']
50cda496-8b9c-45d0-91fe-b88f84af6192;ZSTD_compressBlock;0x18400;0x17964;0x0;TransmitterType.LOAD;28;0;False;['0x18400', '0x18430', '0x17940'];<BV64 x0>;64;[];[];['<BV64 x0>'];[];['<BV64 x0>'];[];[];0;18446744073709551615;18446744073709551615;1;;;True;0;18446744073709551615;18446744073709551615;1;;;True;ControlType.CONTROLLED;0;;0;[];[];[];[];[];[];[];0.0;0.0;0.0;0.0;;;False;0.0;0.0;0.0;0.0;;;False;ControlType.UNKNOWN;0;;0;[];[];[];[];[];[];[];0;0;0;;;;False;0.0;0.0;0.0;0.0;;;False;ControlType.UNKNOWN;0;<BV64 x0>;64;[];[];['<BV64 x0>'];[];['<BV64 x0>'];[];[];0.0;1.8446744073709552e+19;18446744073709551615;1;;;True;0.0;1.8446744073709552e+19;18446744073709551615;1;;;True;ControlType.CONTROLLED;0;<BV64 x0>;64;[];[];['<BV64 x0>'];[];['<BV64 x0>'];[];[];0.0;1.8446744073709552e+19;1.8446744073709552e+19;1.0;;;True;0.0;1.8446744073709552e+19;1.8446744073709552e+19;1.0;;;True;ControlType.CONTROLLED;0;<BV64 x0>;64;[];[];[];[];[];[];[];0;0;0;;;;False;0;0;0;;;;False;ControlType.UNKNOWN;0;[('0x1842c', <Bool 0x1 << (0#56 .. LOAD_32[<BV64 x0 + 0xec>]_23[7:0] & 63) >= x4>, 'Taken'), ('0x18440', <Bool True>, 'Taken')];"{'regs': ['<BV64 x0>', '<BV64 x4>'], 'indirect_regs': [""<BV64 x0>: ['0xec']""], 'direct_regs': ['<BV64 x4>'], 'mem': ['<BV64 x0 + 0xec>'], 'const_mem': []}";[('0x18424', <Bool LShR(LOAD_64[<BV64 x0 + 0x1b0>]_22, (0#56 .. LOAD_32[<BV64 x0 + 0xec>]_23[7:0] & 63)) != 0x0>, 'ConditionType.CMOVE')];"{'regs': ['<BV64 x0>'], 'indirect_regs': [""<BV64 x0>: ['0x1b0', '0xec']""], 'direct_regs': [], 'mem': ['<BV64 x0 + 0x1b0>', '<BV64 x0 + 0xec>'], 'const_mem': []}";{'regs': ['<BV64 x0>'], 'indirect_regs': [], 'direct_regs': ['<BV64 x0>'], 'mem': ['<BV64 x0 + 0x1b0>', '<BV64 x0 + 0xec>'], 'const_mem': []};{'regs': ['<BV64 x0>', '<BV64 x4>'], 'indirect_regs': [], 'direct_regs': ['<BV64 x0>', '<BV64 x4>'], 'mem': ['<BV64 x0 + 0x1b0>', '<BV64 x0 + 0xec>'], 'const_mem': []};63.0;0.0;64.0;64.0;[];;;;BaseControlType.NO_BASE;BaseControlType.NO_BASE;BaseControlType.NO_BASE;2;BranchControlType.BRANCH_DEPENDS_ON_SECRET_VALUE;BranchControlType.BRANCH_DEPENDS_ON_SECRET_VALUE;96612;True;False;True;False;True;False;False;True;True;False;False;False;True;False;True;True;True;False;True;False;[];['has_valid_base', 'is_cmove_independent_from_secret'];True;False;True;False;True;False;False;True;True;False;False;False;True;False;True;True;True;False;True;False;[];['has_valid_base', 'is_cmove_independent_from_secret']
72dc8db8-f36d-4c2c-9f97-9e1cae1211a1;ZSTD_CCtx_refThreadPool;0x15280;0x15290;0x0;TransmitterType.LOAD;5;0;False;['0x15280'];<BV64 0xe18 + x0>;64;[];[];['<BV64 x0>'];[];['<BV64 x0>'];[];[];0;18446744073709551615;18446744073709551615;1;;;True;0;18446744073709551615;18446744073709551615;1;;;True;ControlType.CONTROLLED;0;<BV64 0xe18>;64;[];[];[];[];[];[];[];3608.0;3608.0;0.0;1.0;;;True;3608.0;3608.0;0.0;1.0;;;True;ControlType.NO_CONTROL;0;<BV64 0xe18>;64;[];[];[];[];[];[];[];3608;3608;0;1.0;;;True;3608.0;3608.0;0.0;1.0;;;True;ControlType.NO_CONTROL;0;<BV64 x0>;64;[];[];['<BV64 x0>'];[];['<BV64 x0>'];[];[];0.0;1.8446744073709552e+19;18446744073709551615;1;;;True;0.0;1.8446744073709552e+19;18446744073709551615;1;;;True;ControlType.CONTROLLED;0;<BV64 x0>;64;[];[];['<BV64 x0>'];[];['<BV64 x0>'];[];[];0.0;1.8446744073709552e+19;1.8446744073709552e+19;1.0;;;True;0.0;1.8446744073709552e+19;1.8446744073709552e+19;1.0;;;True;ControlType.CONTROLLED;0;<BV64 x0>;64;[];[];[];[];[];[];[];0;0;0;;;;False;0;0;0;;;;False;ControlType.UNKNOWN;0;[];{'regs': [], 'indirect_regs': [], 'direct_regs': [], 'mem': [], 'const_mem': []};[];{'regs': [], 'indirect_regs': [], 'direct_regs': [], 'mem': [], 'const_mem': []};{'regs': ['<BV64 x0>'], 'indirect_regs': [], 'direct_regs': ['<BV64 x0>'], 'mem': [], 'const_mem': []};{'regs': ['<BV64 x0>'], 'indirect_regs': [], 'direct_regs': ['<BV64 x0>'], 'mem': [], 'const_mem': []};63.0;0.0;64.0;64.0;[];;;;BaseControlType.CONSTANT_BASE;BaseControlType.CONSTANT_BASE;BaseControlType.CONSTANT_BASE;0;BranchControlType.BRANCH_INDEPENDENT_FROM_SECRET;BranchControlType.BRANCH_INDEPENDENT_FROM_SECRET;86672;True;False;True;True;True;False;False;True;True;False;False;False;True;False;True;False;True;False;True;False;[];['has_valid_base'];True;False;True;True;True;False;False;True;True;False;False;False;True;False;True;False;True;False;True;False;[];['has_valid_base']
fd930399-2cda-4605-b6a9-a2c19287376c;ZSTD_CCtx_refThreadPool;0x15280;0x15298;0x0;TransmitterType.STORE;7;0;False;['0x15280', '0x15298'];<BV64 0x380 + x0>;64;[];[];['<BV64 x0>'];[];['<BV64 x0>'];[];[];0;18446744073709551615;18446744073709551615;1;;;True;0;18446744073709551615;18446744073709551615;1;;;True;ControlType.CONTROLLED;0;<BV64 0x380>;64;[];[];[];[];[];[];[];896.0;896.0;0.0;1.0;;;True;896.0;896.0;0.0;1.0;;;True;ControlType.NO_CONTROL;0;<BV64 0x380>;64;[];[];[];[];[];[];[];896;896;0;1.0;;;True;896.0;896.0;0.0;1.0;;;True;ControlType.NO_CONTROL;0;<BV64 x0>;64;[];[];['<BV64 x0>'];[];['<BV64 x0>'];[];[];0.0;1.8446744073709552e+19;18446744073709551615;1;;;True;0.0;1.8446744073709552e+19;18446744073709551615;1;;;True;ControlType.CONTROLLED;0;<BV64 x0>;64;[];[];['<BV64 x0>'];[];['<BV64 x0>'];[];[];0.0;1.8446744073709552e+19;1.8446744073709552e+19;1.0;;;True;0.0;1.8446744073709552e+19;1.8446744073709552e+19;1.0;;;True;ControlType.CONTROLLED;0;<BV64 x0>;64;[];[];[];[];[];[];[];0;0;0;;;;False;0;0;0;;;;False;ControlType.UNKNOWN;0;[('0x15294', <Bool LOAD_32[<BV64 x0 + 0xe18>]_22 == 0x0>, 'Taken')];"{'regs': ['<BV64 x0>'], 'indirect_regs': [""<BV64 x0>: ['0xe18']""], 'direct_regs': [], 'mem': ['<BV64 x0 + 0xe18>'], 'const_mem': []}";[];{'regs': [], 'indirect_regs': [], 'direct_regs': [], 'mem': [], 'const_mem': []};{'regs': ['<BV64 x0>'], 'indirect_regs': [], 'direct_regs': ['<BV64 x0>'], 'mem': [], 'const_mem': []};{'regs': ['<BV64 x0>'], 'indirect_regs': [], 'direct_regs': ['<BV64 x0>'], 'mem': ['<BV64 x0 + 0xe18>'], 'const_mem': []};63.0;0.0;64.0;64.0;[];;;;BaseControlType.CONSTANT_BASE;BaseControlType.CONSTANT_BASE;BaseControlType.CONSTANT_BASE;1;BranchControlType.BRANCH_DEPENDS_ON_SECRET_VALUE;BranchControlType.BRANCH_INDEPENDENT_FROM_SECRET;86680;True;False;True;True;True;False;False;True;True;False;False;False;True;False;True;True;True;False;True;False;[];['has_valid_base'];True;False;True;True;True;False;False;True;True;False;False;False;True;False;True;True;True;False;True;False;[];['has_valid_base']
0ebcc901-6719-48f9-8f7e-1a65d3caf618;ZSTD_CCtx_loadDictionary_byReference;0x19990;0x198b4;0x0;TransmitterType.LOAD;15;0;False;['0x19990', '0x198a0'];<BV64 0xe18 + x0>;64;[];[];['<BV64 x0>'];[];['<BV64 x0>'];[];[];0;18446744073709551615;18446744073709551615;1;;;True;0;18446744073709551615;18446744073709551615;1;;;True;ControlType.CONTROLLED;0;<BV64 0xe18>;64;[];[];[];[];[];[];[];3608.0;3608.0;0.0;1.0;;;True;3608.0;3608.0;0.0;1.0;;;True;ControlType.NO_CONTROL;0;<BV64 0xe18>;64;[];[];[];[];[];[];[];3608;3608;0;1.0;;;True;3608.0;3608.0;0.0;1.0;;;True;ControlType.NO_CONTROL;0;<BV64 x0>;64;[];[];['<BV64 x0>'];[];['<BV64 x0>'];[];[];0.0;1.8446744073709552e+19;18446744073709551615;1;;;True;0.0;1.8446744073709552e+19;18446744073709551615;1;;;True;ControlType.CONTROLLED;0;<BV64 x0>;64;[];[];['<BV64 x0>'];[];['<BV64 x0>'];[];[];0.0;1.8446744073709552e+19;1.8446744073709552e+19;1.0;;;True;0.0;1.8446744073709552e+19;1.8446744073709552e+19;1.0;;;True;ControlType.CONTROLLED;0;<BV64 x0>;64;[];[];[];[];[];[];[];0;0;0;;;;False;0;0;0;;;;False;ControlType.UNKNOWN;0;[('0x199ac', <Bool True>, 'Taken')];{'regs': [], 'indirect_regs': [], 'direct_regs': [], 'mem': [], 'const_mem': []};[];{'regs': [], 'indirect_regs': [], 'direct_regs': [], 'mem': [], 'const_mem': []};{'regs': ['<BV64 x0>'], 'indirect_regs': [], 'direct_regs': ['<BV64 x0>'], 'mem': [], 'const_mem': []};{'regs': ['<BV64 x0>'], 'indirect_regs': [], 'direct_regs': ['<BV64 x0>'], 'mem': [], 'const_mem': []};63.0;0.0;64.0;64.0;[];;;;BaseControlType.CONSTANT_BASE;BaseControlType.CONSTANT_BASE;BaseControlType.CONSTANT_BASE;1;BranchControlType.BRANCH_INDEPENDENT_FROM_SECRET;BranchControlType.BRANCH_INDEPENDENT_FROM_SECRET;104628;True;False;True;True;True;False;False;True;True;False;False;False;True;False;True;False;True;False;True;False;[];['has_valid_base'];True;False;True;True;True;False;False;True;True;False;False;False;True;False;True;False;True;False;True;False;[];['has_valid_base']
d3840a28-5380-457a-8cf2-b0cd9c6b7ceb;ZSTD_CCtx_loadDictionary_byReference;0x19990;0x19720;0x0;TransmitterType.LOAD;27;0;False;['0x19990', '0x198a0', '0x198bc', '0x19714'];<BV64 0xe48 + x0>;64;[];[];['<BV64 x0>'];[];['<BV64 x0>'];[];[];0;18446744073709551615;18446744073709551615;1;;;True;0;18446744073709551615;18446744073709551615;1;;;True;ControlType.CONTROLLED;0;<BV64 0xe48>;64;[];[];[];[];[];[];[];3656.0;3656.0;0.0;1.0;;;True;3656.0;3656.0;0.0;1.0;;;True;ControlType.NO_CONTROL;0;<BV64 0xe48>;64;[];[];[];[];[];[];[];3656;3656;0;1.0;;;True;3656.0;3656.0;0.0;1.0;;;True;ControlType.NO_CONTROL;0;<BV64 x0>;64;[];[];['<BV64 x0>'];[];['<BV64 x0>'];[];[];0.0;1.8446744073709552e+19;18446744073709551615;1;;;True;0.0;1.8446744073709552e+19;18446744073709551615;1;;;True;ControlType.CONTROLLED;0;<BV64 x0>;64;[];[];['<BV64 x0>'];[];['<BV64 x0>'];[];[];0.0;1.8446744073709552e+19;1.8446744073709552e+19;1.0;;;True;0.0;1.8446744073709552e+19;1.8446744073709552e+19;1.0;;;True;ControlType.CONTROLLED;0;<BV64 x0>;64;[];[];[];[];[];[];[];0;0;0;;;;False;0;0;0;;;;False;ControlType.UNKNOWN;0;[('0x198b8', <Bool LOAD_32[<BV64 x0 + 0xe18>]_28 == 0x0>, 'Taken'), ('0x198d4', <Bool True>, 'Taken'), ('0x199ac', <Bool True>, 'Taken')];"{'regs': ['<BV64 x0>'], 'indirect_regs': [""<BV64 x0>: ['0xe18']""], 'direct_regs': [], 'mem': ['<BV64 x0 + 0xe18>'], 'const_mem': []}";[];{'regs': [], 'indirect_regs': [], 'direct_regs': [], 'mem': [], 'const_mem': []};{'regs': ['<BV64 x0>'], 'indirect_regs': [], 'direct_regs': ['<BV64 x0>'], 'mem': [], 'const_mem': []};"{'regs': ['<BV64 x0>', '<BV64 x0>'], 'indirect_regs': [""<BV64 x0>: ['0xe18']""], 'direct_regs': ['<BV64 x0>'], 'mem': ['<BV64 x0 + 0xe18>'], 'const_mem': []}";63.0;0.0;64.0;64.0;[];;;;BaseControlType.CONSTANT_BASE;BaseControlType.CONSTANT_BASE;BaseControlType.CONSTANT_BASE;3;BranchControlType.BRANCH_INDEPENDENT_FROM_SECRET;BranchControlType.BRANCH_INDEPENDENT_FROM_SECRET;104224;True;False;True;True;True;False;False;True;True;False;False;False;True;False;True;False;True;False;True;False;[];['has_valid_base'];True;False;True;True;True;False;False;True;True;False;False;False;True;False;True;False;True;False;True;False;[];['has_valid_base']
3bd70aa5-4caa-437e-a30e-206e3c72cba2;ZSTD_CCtx_loadDictionary_byReference;0x19990;0x19730;0x0;TransmitterType.LOAD;31;0;False;['0x19990', '0x198a0', '0x198bc', '0x19714', '0x19730'];<BV64 0x370 + x0>;64;[];[];['<BV64 x0>'];[];['<BV64 x0>'];[];[];0;18446744073709551615;18446744073709551615;1;;;True;0;18446744073709551615;18446744073709551615;1;;;True;ControlType.CONTROLLED;0;<BV64 0x370>;64;[];[];[];[];[];[];[];880.0;880.0;0.0;1.0;;;True;880.0;880.0;0.0;1.0;;;True;ControlType.NO_CONTROL;0;<BV64 0x370>;64;[];[];[];[];[];[];[];880;880;0;1.0;;;True;880.0;880.0;0.0;1.0;;;True;ControlType.NO_CONTROL;0;<BV64 x0>;64;[];[];['<BV64 x0>'];[];['<BV64 x0>'];[];[];0.0;1.8446744073709552e+19;18446744073709551615;1;;;True;0.0;1.8446744073709552e+19;18446744073709551615;1;;;True;ControlType.CONTROLLED;0;<BV64 x0>;64;[];[];['<BV64 x0>'];[];['<BV64 x0>'];[];[];0.0;1.8446744073709552e+19;1.8446744073709552e+19;1.0;;;True;0.0;1.8446744073709552e+19;1.8446744073709552e+19;1.0;;;True;ControlType.CONTROLLED;0;<BV64 x0>;64;[];[];[];[];[];[];[];0;0;0;;;;False;0;0;0;;;;False;ControlType.UNKNOWN;0;[('0x1972c', <Bool LOAD_64[<BV64 x0 + 0xe48>]_34 != 0x0>, 'Taken'), ('0x198b8', <Bool LOAD_32[<BV64 x0 + 0xe18>]_28 == 0x0>, 'Taken'), ('0x198d4', <Bool True>, 'Taken'), ('0x199ac', <Bool True>, 'Taken')];"{'regs': ['<BV64 x0>'], 'indirect_regs': [""<BV64 x0>: ['0xe18', '0xe48']""], 'direct_regs': [], 'mem': ['<BV64 x0 + 0xe18>', '<BV64 x0 + 0xe48>'], 'const_mem': []}";[];{'regs': [], 'indirect_regs': [], 'direct_regs': [], 'mem': [], 'const_mem': []};{'regs': ['<BV64 x0>'], 'indirect_regs': [], 'direct_regs': ['<BV64 x0>'], 'mem': [], 'const_mem': []};"{'regs': ['<BV64 x0>', '<BV64 x0>'], 'indirect_regs': [""<BV64 x0>: ['0xe18', '0xe48']""], 'direct_regs': ['<BV64 x0>'], 'mem': ['<BV64 x0 + 0xe18>', '<BV64 x0 + 0xe48>'], 'const_mem': []}";63.0;0.0;64.0;64.0;[];;;;BaseControlType.CONSTANT_BASE;BaseControlType.CONSTANT_BASE;BaseControlType.CONSTANT_BASE;4;BranchControlType.BRANCH_INDEPENDENT_FROM_SECRET;BranchControlType.BRANCH_INDEPENDENT_FROM_SECRET;104240;True;False;True;True;True;False;False;True;True;False;False;False;True;False;True;False;True;False;True;False;[];['has_valid_base'];True;False;True;True;True;False;False;True;True;False;False;False;True;False;True;False;True;False;True;False;[];['has_valid_base']
00400dad-ea74-47a8-854a-4af3a0c4d6c6;ZSTD_CCtx_loadDictionary_byReference;0x19990;0x19734;0x0;TransmitterType.LOAD;32;0;False;['0x19990', '0x198a0', '0x198bc', '0x19714', '0x19730'];<BV64 0x378 + x0>;64;[];[];['<BV64 x0>'];[];['<BV64 x0>'];[];[];0;18446744073709551615;18446744073709551615;1;;;True;0;18446744073709551615;18446744073709551615;1;;;True;ControlType.CONTROLLED;0;<BV64 0x378>;64;[];[];[];[];[];[];[];888.0;888.0;0.0;1.0;;;True;888.0;888.0;0.0;1.0;;;True;ControlType.NO_CONTROL;0;<BV64 0x378>;64;[];[];[];[];[];[];[];888;888;0;1.0;;;True;888.0;888.0;0.0;1.0;;;True;ControlType.NO_CONTROL;0;<BV64 x0>;64;[];[];['<BV64 x0>'];[];['<BV64 x0>'];[];[];0.0;1.8446744073709552e+19;18446744073709551615;1;;;True;0.0;1.8446744073709552e+19;18446744073709551615;1;;;True;ControlType.CONTROLLED;0;<BV64 x0>;64;[];[];['<BV64 x0>'];[];['<BV64 x0>'];[];[];0.0;1.8446744073709552e+19;1.8446744073709552e+19;1.0;;;True;0.0;1.8446744073709552e+19;1.8446744073709552e+19;1.0;;;True;ControlType.CONTROLLED;0;<BV64 x0>;64;[];[];[];[];[];[];[];0;0;0;;;;False;0;0;0;;;;False;ControlType.UNKNOWN;0;[('0x1972c', <Bool LOAD_64[<BV64 x0 + 0xe48>]_34 != 0x0>, 'Taken'), ('0x198b8', <Bool LOAD_32[<BV64 x0 + 0xe18>]_28 == 0x0>, 'Taken'), ('0x198d4', <Bool True>, 'Taken'), ('0x199ac', <Bool True>, 'Taken')];"{'regs': ['<BV64 x0>'], 'indirect_regs': [""<BV64 x0>: ['0xe18', '0xe48']""], 'direct_regs': [], 'mem': ['<BV64 x0 + 0xe18>', '<BV64 x0 + 0xe48>'], 'const_mem': []}";[];{'regs': [], 'indirect_regs': [], 'direct_regs': [], 'mem': [], 'const_mem': []};{'regs': ['<BV64 x0>'], 'indirect_regs': [], 'direct_regs': ['<BV64 x0>'], 'mem': [], 'const_mem': []};"{'regs': ['<BV64 x0>', '<BV64 x0>'], 'indirect_regs': [""<BV64 x0>: ['0xe18', '0xe48']""], 'direct_regs': ['<BV64 x0>'], 'mem': ['<BV64 x0 + 0xe18>', '<BV64 x0 + 0xe48>'], 'const_mem': []}";63.0;0.0;64.0;64.0;[];;;;BaseControlType.CONSTANT_BASE;BaseControlType.CONSTANT_BASE;BaseControlType.CONSTANT_BASE;4;BranchControlType.BRANCH_INDEPENDENT_FROM_SECRET;BranchControlType.BRANCH_INDEPENDENT_FROM_SECRET;104244;True;False;True;True;True;False;False;True;True;False;False;False;True;False;True;False;True;False;True;False;[];['has_valid_base'];True;False;True;True;True;False;False;True;True;False;False;False;True;False;True;False;True;False;True;False;[];['has_valid_base']
f6bca8ea-1ad1-4c83-ad4b-06c28c4f6b35;ZSTD_CCtx_loadDictionary_byReference;0x19990;0x19740;0x0;TransmitterType.LOAD;31;0;False;['0x19990', '0x198a0', '0x198bc', '0x19714', '0x19740'];<BV64 0xe68 + x0>;64;[];[];['<BV64 x0>'];[];['<BV64 x0>'];[];[];0;18446744073709551615;18446744073709551615;1;;;True;0;18446744073709551615;18446744073709551615;1;;;True;ControlType.CONTROLLED;0;<BV64 0xe68>;64;[];[];[];[];[];[];[];3688.0;3688.0;0.0;1.0;;;True;3688.0;3688.0;0.0;1.0;;;True;ControlType.NO_CONTROL;0;<BV64 0xe68>;64;[];[];[];[];[];[];[];3688;3688;0;1.0;;;True;3688.0;3688.0;0.0;1.0;;;True;ControlType.NO_CONTROL;0;<BV64 x0>;64;[];[];['<BV64 x0>'];[];['<BV64 x0>'];[];[];0.0;1.8446744073709552e+19;18446744073709551615;1;;;True;0.0;1.8446744073709552e+19;18446744073709551615;1;;;True;ControlType.CONTROLLED;0;<BV64 x0>;64;[];[];['<BV64 x0>'];[];['<BV64 x0>'];[];[];0.0;1.8446744073709552e+19;1.8446744073709552e+19;1.0;;;True;0.0;1.8446744073709552e+19;1.8446744073709552e+19;1.0;;;True;ControlType.CONTROLLED;0;<BV64 x0>;64;[];[];[];[];[];[];[];0;0;0;;;;False;0;0;0;;;;False;ControlType.UNKNOWN;0;[('0x1972c', <Bool LOAD_64[<BV64 x0 + 0xe48>]_34 == 0x0>, 'Taken'), ('0x198b8', <Bool LOAD_32[<BV64 x0 + 0xe18>]_28 == 0x0>, 'Taken'), ('0x198d4', <Bool True>, 'Taken'), ('0x199ac', <Bool True>, 'Taken')];"{'regs': ['<BV64 x0>'], 'indirect_regs': [""<BV64 x0>: ['0xe18', '0xe48']""], 'direct_regs': [], 'mem': ['<BV64 x0 + 0xe18>', '<BV64 x0 + 0xe48>'], 'const_mem': []}";[];{'regs': [], 'indirect_regs': [], 'direct_regs': [], 'mem': [], 'const_mem': []};{'regs': ['<BV64 x0>'], 'indirect_regs': [], 'direct_regs': ['<BV64 x0>'], 'mem': [], 'const_mem': []};"{'regs': ['<BV64 x0>', '<BV64 x0>'], 'indirect_regs': [""<BV64 x0>: ['0xe18', '0xe48']""], 'direct_regs': ['<BV64 x0>'], 'mem': ['<BV64 x0 + 0xe18>', '<BV64 x0 + 0xe48>'], 'const_mem': []}";63.0;0.0;64.0;64.0;[];;;;BaseControlType.CONSTANT_BASE;BaseControlType.CONSTANT_BASE;BaseControlType.CONSTANT_BASE;4;BranchControlType.BRANCH_INDEPENDENT_FROM_SECRET;BranchControlType.BRANCH_INDEPENDENT_FROM_SECRET;104256;True;False;True;True;True;False;False;True;True;False;False;False;True;False;True;False;True;False;True;False;[];['has_valid_base'];True;False;True;True;True;False;False;True;True;False;False;False;True;False;True;False;True;False;True;False;[];['has_valid_base']
3b8cab9a-c914-404b-9dc1-320e73617f70;ZSTD_CCtx_refCDict;0x19b40;0x19b54;0x0;TransmitterType.LOAD;6;0;False;['0x19b40'];<BV64 0xe18 + x0>;64;[];[];['<BV64 x0>'];[];['<BV64 x0>'];[];[];0;18446744073709551615;18446744073709551615;1;;;True;0;18446744073709551615;18446744073709551615;1;;;True;ControlType.CONTROLLED;0;<BV64 0xe18>;64;[];[];[];[];[];[];[];3608.0;3608.0;0.0;1.0;;;True;3608.0;3608.0;0.0;1.0;;;True;ControlType.NO_CONTROL;0;<BV64 0xe18>;64;[];[];[];[];[];[];[];3608;3608;0;1.0;;;True;3608.0;3608.0;0.0;1.0;;;True;ControlType.NO_CONTROL;0;<BV64 x0>;64;[];[];['<BV64 x0>'];[];['<BV64 x0>'];[];[];0.0;1.8446744073709552e+19;18446744073709551615;1;;;True;0.0;1.8446744073709552e+19;18446744073709551615;1;;;True;ControlType.CONTROLLED;0;<BV64 x0>;64;[];[];['<BV64 x0>'];[];['<BV64 x0>'];[];[];0.0;1.8446744073709552e+19;1.8446744073709552e+19;1.0;;;True;0.0;1.8446744073709552e+19;1.8446744073709552e+19;1.0;;;True;ControlType.CONTROLLED;0;<BV64 x0>;64;[];[];[];[];[];[];[];0;0;0;;;;False;0;0;0;;;;False;ControlType.UNKNOWN;0;[];{'regs': [], 'indirect_regs': [], 'direct_regs': [], 'mem': [], 'const_mem': []};[];{'regs': [], 'indirect_regs': [], 'direct_regs': [], 'mem': [], 'const_mem': []};{'regs': ['<BV64 x0>'], 'indirect_regs': [], 'direct_regs': ['<BV64 x0>'], 'mem': [], 'const_mem': []};{'regs': ['<BV64 x0>'], 'indirect_regs': [], 'direct_regs': ['<BV64 x0>'], 'mem': [], 'const_mem': []};63.0;0.0;64.0;64.0;[];;;;BaseControlType.CONSTANT_BASE;BaseControlType.CONSTANT_BASE;BaseControlType.CONSTANT_BASE;0;BranchControlType.BRANCH_INDEPENDENT_FROM_SECRET;BranchControlType.BRANCH_INDEPENDENT_FROM_SECRET;105300;True;False;True;True;True;False;False;True;True;False;False;False;True;False;True;False;True;False;True;False;[];['has_valid_base'];True;False;True;True;True;False;False;True;True;False;False;False;True;False;True;False;True;False;True;False;[];['has_valid_base']
ee8db4e0-9cf9-48ba-baf1-e6a5968e8e45;ZSTD_CCtx_refCDict;0x19b40;0x19b60;0x0;TransmitterType.LOAD;9;0;False;['0x19b40', '0x19b5c'];<BV64 0xe48 + x0>;64;[];[];['<BV64 x0>'];[];['<BV64 x0>'];[];[];0;18446744073709551615;18446744073709551615;1;;;True;0;18446744073709551615;18446744073709551615;1;;;True;ControlType.CONTROLLED;0;<BV64 0xe48>;64;[];[];[];[];[];[];[];3656.0;3656.0;0.0;1.0;;;True;3656.0;3656.0;0.0;1.0;;;True;ControlType.NO_CONTROL;0;<BV64 0xe48>;64;[];[];[];[];[];[];[];3656;3656;0;1.0;;;True;3656.0;3656.0;0.0;1.0;;;True;ControlType.NO_CONTROL;0;<BV64 x0>;64;[];[];['<BV64 x0>'];[];['<BV64 x0>'];[];[];0.0;1.8446744073709552e+19;18446744073709551615;1;;;True;0.0;1.8446744073709552e+19;18446744073709551615;1;;;True;ControlType.CONTROLLED;0;<BV64 x0>;64;[];[];['<BV64 x0>'];[];['<BV64 x0>'];[];[];0.0;1.8446744073709552e+19;1.8446744073709552e+19;1.0;;;True;0.0;1.8446744073709552e+19;1.8446744073709552e+19;1.0;;;True;ControlType.CONTROLLED;0;<BV64 x0>;64;[];[];[];[];[];[];[];0;0;0;;;;False;0;0;0;;;;False;ControlType.UNKNOWN;0;[('0x19b58', <Bool LOAD_32[<BV64 x0 + 0xe18>]_24 == 0x0>, 'Taken')];"{'regs': ['<BV64 x0>'], 'indirect_regs': [""<BV64 x0>: ['0xe18']""], 'direct_regs': [], 'mem': ['<BV64 x0 + 0xe18>'], 'const_mem': []}";[];{'regs': [], 'indirect_regs': [], 'direct_regs': [], 'mem': [], 'const_mem': []};{'regs': ['<BV64 x0>'], 'indirect_regs': [], 'direct_regs': ['<BV64 x0>'], 'mem': [], 'const_mem': []};"{'regs': ['<BV64 x0>', '<BV64 x0>'], 'indirect_regs': [""<BV64 x0>: ['0xe18']""], 'direct_regs': ['<BV64 x0>'], 'mem': ['<BV64 x0 + 0xe18>'], 'const_mem': []}";63.0;0.0;64.0;64.0;[];;;;BaseControlType.CONSTANT_BASE;BaseControlType.CONSTANT_BASE;BaseControlType.CONSTANT_BASE;1;BranchControlType.BRANCH_INDEPENDENT_FROM_SECRET;BranchControlType.BRANCH_INDEPENDENT_FROM_SECRET;105312;True;False;True;True;True;False;False;True;True;False;False;False;True;False;True;False;True;False;True;False;[];['has_valid_base'];True;False;True;True;True;False;False;True;True;False;False;False;True;False;True;False;True;False;True;False;[];['has_valid_base']
5ee0e962-4341-4b2d-8952-b769c310a1f0;ZSTD_CCtx_refCDict;0x19b40;0x19b68;0x0;TransmitterType.LOAD;11;0;False;['0x19b40', '0x19b5c', '0x19b68'];<BV64 0x370 + x0>;64;[];[];['<BV64 x0>'];[];['<BV64 x0>'];[];[];0;18446744073709551615;18446744073709551615;1;;;True;0;18446744073709551615;18446744073709551615;1;;;True;ControlType.CONTROLLED;0;<BV64 0x370>;64;[];[];[];[];[];[];[];880.0;880.0;0.0;1.0;;;True;880.0;880.0;0.0;1.0;;;True;ControlType.NO_CONTROL;0;<BV64 0x370>;64;[];[];[];[];[];[];[];880;880;0;1.0;;;True;880.0;880.0;0.0;1.0;;;True;ControlType.NO_CONTROL;0;<BV64 x0>;64;[];[];['<BV64 x0>'];[];['<BV64 x0>'];[];[];0.0;1.8446744073709552e+19;18446744073709551615;1;;;True;0.0;1.8446744073709552e+19;18446744073709551615;1;;;True;ControlType.CONTROLLED;0;<BV64 x0>;64;[];[];['<BV64 x0>'];[];['<BV64 x0>'];[];[];0.0;1.8446744073709552e+19;1.8446744073709552e+19;1.0;;;True;0.0;1.8446744073709552e+19;1.8446744073709552e+19;1.0;;;True;ControlType.CONTROLLED;0;<BV64 x0>;64;[];[];[];[];[];[];[];0;0;0;;;;False;0;0;0;;;;False;ControlType.UNKNOWN;0;[('0x19b58', <Bool LOAD_32[<BV64 x0 + 0xe18>]_24 == 0x0>, 'Taken'), ('0x19b64', <Bool LOAD_64[<BV64 x0 + 0xe48>]_25 != 0x0>, 'Taken')];"{'regs': ['<BV64 x0>'], 'indirect_regs': [""<BV64 x0>: ['0xe18', '0xe48']""], 'direct_regs': [], 'mem': ['<BV64 x0 + 0xe18>', '<BV64 x0 + 0xe48>'], 'const_mem': []}";[];{'regs': [], 'indirect_regs': [], 'direct_regs': [], 'mem': [], 'const_mem': []};{'regs': ['<BV64 x0>'], 'indirect_regs': [], 'direct_regs': ['<BV64 x0>'], 'mem': [], 'const_mem': []};"{'regs': ['<BV64 x0>', '<BV64 x0>'], 'indirect_regs': [""<BV64 x0>: ['0xe18', '0xe48']""], 'direct_regs': ['<BV64 x0>'], 'mem': ['<BV64 x0 + 0xe18>', '<BV64 x0 + 0xe48>'], 'const_mem': []}";63.0;0.0;64.0;64.0;[];;;;BaseControlType.CONSTANT_BASE;BaseControlType.CONSTANT_BASE;BaseControlType.CONSTANT_BASE;2;BranchControlType.BRANCH_INDEPENDENT_FROM_SECRET;BranchControlType.BRANCH_INDEPENDENT_FROM_SECRET;105320;True;False;True;True;True;False;False;True;True;False;False;False;True;False;True;False;True;False;True;False;[];['has_valid_base'];True;False;True;True;True;False;False;True;True;False;False;False;True;False;True;False;True;False;True;False;[];['has_valid_base']
78175425-b12a-4632-a27a-e428f8d40296;ZSTD_CCtx_refCDict;0x19b40;0x19b6c;0x0;TransmitterType.LOAD;12;0;False;['0x19b40', '0x19b5c', '0x19b68'];<BV64 0x378 + x0>;64;[];[];['<BV64 x0>'];[];['<BV64 x0>'];[];[];0;18446744073709551615;18446744073709551615;1;;;True;0;18446744073709551615;18446744073709551615;1;;;True;ControlType.CONTROLLED;0;<BV64 0x378>;64;[];[];[];[];[];[];[];888.0;888.0;0.0;1.0;;;True;888.0;888.0;0.0;1.0;;;True;ControlType.NO_CONTROL;0;<BV64 0x378>;64;[];[];[];[];[];[];[];888;888;0;1.0;;;True;888.0;888.0;0.0;1.0;;;True;ControlType.NO_CONTROL;0;<BV64 x0>;64;[];[];['<BV64 x0>'];[];['<BV64 x0>'];[];[];0.0;1.8446744073709552e+19;18446744073709551615;1;;;True;0.0;1.8446744073709552e+19;18446744073709551615;1;;;True;ControlType.CONTROLLED;0;<BV64 x0>;64;[];[];['<BV64 x0>'];[];['<BV64 x0>'];[];[];0.0;1.8446744073709552e+19;1.8446744073709552e+19;1.0;;;True;0.0;1.8446744073709552e+19;1.8446744073709552e+19;1.0;;;True;ControlType.CONTROLLED;0;<BV64 x0>;64;[];[];[];[];[];[];[];0;0;0;;;;False;0;0;0;;;;False;ControlType.UNKNOWN;0;[('0x19b58', <Bool LOAD_32[<BV64 x0 + 0xe18>]_24 == 0x0>, 'Taken'), ('0x19b64', <Bool LOAD_64[<BV64 x0 + 0xe48>]_25 != 0x0>, 'Taken')];"{'regs': ['<BV64 x0>'], 'indirect_regs': [""<BV64 x0>: ['0xe18', '0xe48']""], 'direct_regs': [], 'mem': ['<BV64 x0 + 0xe18>', '<BV64 x0 + 0xe48>'], 'const_mem': []}";[];{'regs': [], 'indirect_regs': [], 'direct_regs': [], 'mem': [], 'const_mem': []};{'regs': ['<BV64 x0>'], 'indirect_regs': [], 'direct_regs': ['<BV64 x0>'], 'mem': [], 'const_mem': []};"{'regs': ['<BV64 x0>', '<BV64 x0>'], 'indirect_regs': [""<BV64 x0>: ['0xe18', '0xe48']""], 'direct_regs': ['<BV64 x0>'], 'mem': ['<BV64 x0 + 0xe18>', '<BV64 x0 + 0xe48>'], 'const_mem': []}";63.0;0.0;64.0;64.0;[];;;;BaseControlType.CONSTANT_BASE;BaseControlType.CONSTANT_BASE;BaseControlType.CONSTANT_BASE;2;BranchControlType.BRANCH_INDEPENDENT_FROM_SECRET;BranchControlType.BRANCH_INDEPENDENT_FROM_SECRET;105324;True;False;True;True;True;False;False;True;True;False;False;False;True;False;True;False;True;False;True;False;[];['has_valid_base'];True;False;True;True;True;False;False;True;True;False;False;False;True;False;True;False;True;False;True;False;[];['has_valid_base']
abc90efd-8450-41f2-9033-c39ae37cea00;ZSTD_CCtx_refCDict;0x19b40;0x19b74;0x19b68;TransmitterType.CODE_LOAD;14;1;False;['0x19b40', '0x19b5c', '0x19b68', '0x19b74'];<BV64 LOAD_64[<BV64 x0 + 0x370>]_26>;64;[('0x19b70', <Bool LOAD_64[<BV64 x0 + 0x370>]_26 != 0x0>, 'Taken')];[];['<BV64 x0>'];"[""<BV64 x0>: ['0x370']""]";[];['<BV64 x0 + 0x370>'];[];0;18446744073709551615;18446744073709551615;1;;;True;1;18446744073709551615;18446744073709551614;1;;;True;ControlType.CONTROLLED;1;;0;[];[];[];[];[];[];[];0.0;0.0;0.0;0.0;;;False;0.0;0.0;0.0;0.0;;;False;ControlType.UNKNOWN;0;;0;[];[];[];[];[];[];[];0;0;0;;;;False;0.0;0.0;0.0;0.0;;;False;ControlType.UNKNOWN;0;<BV64 LOAD_64[<BV64 x0 + 0x370>]_26>;64;[('0x19b70', <Bool LOAD_64[<BV64 x0 + 0x370>]_26 != 0x0>, 'Taken')];[];['<BV64 x0>'];"[""<BV64 x0>: ['0x370']""]";[];['<BV64 x0 + 0x370>'];[];0.0;1.8446744073709552e+19;18446744073709551615;1;;;True;1.0;1.8446744073709552e+19;18446744073709551614;1;;;True;ControlType.CONTROLLED;1;<BV64 x0 + 0x370>;64;[];[];['<BV64 x0>'];[];['<BV64 x0>'];[];[];0.0;1.8446744073709552e+19;1.8446744073709552e+19;1.0;;;True;0.0;1.8446744073709552e+19;1.8446744073709552e+19;1.0;;;True;ControlType.CONTROLLED;0;<BV64 LOAD_64[<BV64 x0 + 0x370>]_26>;64;[];[];[];[];[];[];[];0;0;0;;;;False;0;0;0;;;;False;ControlType.UNKNOWN;1;[('0x19b58', <Bool LOAD_32[<BV64 x0 + 0xe18>]_24 == 0x0>, 'Taken'), ('0x19b64', <Bool LOAD_64[<BV64 x0 + 0xe48>]_25 != 0x0>, 'Taken'), ('0x19b70', <Bool LOAD_64[<BV64 x0 + 0x370>]_26 != 0x0>, 'Taken')];"{'regs': ['<BV64 x0>'], 'indirect_regs': [""<BV64 x0>: ['0x370', '0xe18', '0xe48']""], 'direct_regs': [], 'mem': ['<BV64 x0 + 0x370>', '<BV64 x0 + 0xe18>', '<BV64 x0 + 0xe48>'], 'const_mem': []}";[];{'regs': [], 'indirect_regs': [], 'direct_regs': [], 'mem': [], 'const_mem': []};{'regs': ['<BV64 x0>'], 'indirect_regs': [], 'direct_regs': ['<BV64 x0>'], 'mem': ['<BV64 x0 + 0x370>'], 'const_mem': []};{'regs': ['<BV64 x0>'], 'indirect_regs': [], 'direct_regs': ['<BV64 x0>'], 'mem': ['<BV64 x0 + 0x370>', '<BV64 x0 + 0xe18>', '<BV64 x0 + 0xe48>'], 'const_mem': []};63.0;0.0;64.0;64.0;[];;;;BaseControlType.NO_BASE;BaseControlType.NO_BASE;BaseControlType.NO_BASE;3;BranchControlType.BRANCH_DEPENDS_ON_SECRET_VALUE;BranchControlType.BRANCH_INDEPENDENT_FROM_SECRET;105332;True;False;True;True;True;False;False;True;True;False;False;False;True;False;True;True;True;False;True;False;[];['has_valid_base'];True;False;True;True;True;False;False;True;True;False;False;False;True;False;True;True;True;False;True;False;[];['has_valid_base']
761e01d1-8587-47c4-b655-6b6ad8e72ffa;ZSTD_CCtx_refCDict;0x19b40;0x19b78;0x0;TransmitterType.LOAD;11;0;False;['0x19b40', '0x19b5c', '0x19b78'];<BV64 0xe68 + x0>;64;[];[];['<BV64 x0>'];[];['<BV64 x0>'];[];[];0;18446744073709551615;18446744073709551615;1;;;True;0;18446744073709551615;18446744073709551615;1;;;True;ControlType.CONTROLLED;0;<BV64 0xe68>;64;[];[];[];[];[];[];[];3688.0;3688.0;0.0;1.0;;;True;3688.0;3688.0;0.0;1.0;;;True;ControlType.NO_CONTROL;0;<BV64 0xe68>;64;[];[];[];[];[];[];[];3688;3688;0;1.0;;;True;3688.0;3688.0;0.0;1.0;;;True;ControlType.NO_CONTROL;0;<BV64 x0>;64;[];[];['<BV64 x0>'];[];['<BV64 x0>'];[];[];0.0;1.8446744073709552e+19;18446744073709551615;1;;;True;0.0;1.8446744073709552e+19;18446744073709551615;1;;;True;ControlType.CONTROLLED;0;<BV64 x0>;64;[];[];['<BV64 x0>'];[];['<BV64 x0>'];[];[];0.0;1.8446744073709552e+19;1.8446744073709552e+19;1.0;;;True;0.0;1.8446744073709552e+19;1.8446744073709552e+19;1.0;;;True;ControlType.CONTROLLED;0;<BV64 x0>;64;[];[];[];[];[];[];[];0;0;0;;;;False;0;0;0;;;;False;ControlType.UNKNOWN;0;[('0x19b58', <Bool LOAD_32[<BV64 x0 + 0xe18>]_24 == 0x0>, 'Taken'), ('0x19b64', <Bool LOAD_64[<BV64 x0 + 0xe48>]_25 == 0x0>, 'Taken')];"{'regs': ['<BV64 x0>'], 'indirect_regs': [""<BV64 x0>: ['0xe18', '0xe48']""], 'direct_regs': [], 'mem': ['<BV64 x0 + 0xe18>', '<BV64 x0 + 0xe48>'], 'const_mem': []}";[];{'regs': [], 'indirect_regs': [], 'direct_regs': [], 'mem': [], 'const_mem': []};{'regs': ['<BV64 x0>'], 'indirect_regs': [], 'direct_regs': ['<BV64 x0>'], 'mem': [], 'const_mem': []};"{'regs': ['<BV64 x0>', '<BV64 x0>'], 'indirect_regs': [""<BV64 x0>: ['0xe18', '0xe48']""], 'direct_regs': ['<BV64 x0>'], 'mem': ['<BV64 x0 + 0xe18>', '<BV64 x0 + 0xe48>'], 'const_mem': []}";63.0;0.0;64.0;64.0;[];;;;BaseControlType.CONSTANT_BASE;BaseControlType.CONSTANT_BASE;BaseControlType.CONSTANT_BASE;2;BranchControlType.BRANCH_INDEPENDENT_FROM_SECRET;BranchControlType.BRANCH_INDEPENDENT_FROM_SECRET;105336;True;False;True;True;True;False;False;True;True;False;False;False;True;False;True;False;True;False;True;False;[];['has_valid_base'];True;False;True;True;True;False;False;True;True;False;False;False;True;False;True;False;True;False;True;False;[];['has_valid_base']
953bebd7-2ad8-4336-878c-844f32123697;ZSTD_CCtx_refCDict;0x19b40;0x1963c;0x19b78;TransmitterType.LOAD;20;1;False;['0x19b40', '0x19b5c', '0x19b78', '0x19620', '0x19628'];<BV64 0x20 + LOAD_64[<BV64 x0 + 0xe68>]_29>;64;[('0x19624', <Bool LOAD_64[<BV64 x0 + 0xe68>]_29 != 0x0>, 'Taken')];[];['<BV64 x0>'];"[""<BV64 x0>: ['0xe68']""]";[];['<BV64 x0 + 0xe68>'];[];0;18446744073709551615;18446744073709551615;1;;;True;33;31;18446744073709551614;1;;;True;ControlType.CONTROLLED;1;<BV64 0x20>;64;[];[];[];[];[];[];[];32.0;32.0;0.0;1.0;;;True;32.0;32.0;0.0;1.0;;;True;ControlType.NO_CONTROL;0;<BV64 0x20>;64;[];[];[];[];[];[];[];32;32;0;1.0;;;True;32.0;32.0;0.0;1.0;;;True;ControlType.NO_CONTROL;0;<BV64 LOAD_64[<BV64 x0 + 0xe68>]_29>;64;[('0x19624', <Bool LOAD_64[<BV64 x0 + 0xe68>]_29 != 0x0>, 'Taken')];[];['<BV64 x0>'];"[""<BV64 x0>: ['0xe68']""]";[];['<BV64 x0 + 0xe68>'];[];0.0;1.8446744073709552e+19;18446744073709551615;1;;;True;1.0;1.8446744073709552e+19;18446744073709551614;1;;;True;ControlType.CONTROLLED;1;<BV64 x0 + 0xe68>;64;[];[];['<BV64 x0>'];[];['<BV64 x0>'];[];[];0.0;1.8446744073709552e+19;1.8446744073709552e+19;1.0;;;True;0.0;1.8446744073709552e+19;1.8446744073709552e+19;1.0;;;True;ControlType.CONTROLLED;0;<BV64 LOAD_64[<BV64 x0 + 0xe68>]_29>;64;[];[];[];[];[];[];[];0;0;0;;;;False;0;0;0;;;;False;ControlType.UNKNOWN;1;[('0x19624', <Bool LOAD_64[<BV64 x0 + 0xe68>]_29 != 0x0>, 'Taken'), ('0x19b58', <Bool LOAD_32[<BV64 x0 + 0xe18>]_24 == 0x0>, 'Taken'), ('0x19b64', <Bool LOAD_64[<BV64 x0 + 0xe48>]_25 == 0x0>, 'Taken'), ('0x19b7c', <Bool True>, 'Taken')];"{'regs': ['<BV64 x0>'], 'indirect_regs': [""<BV64 x0>: ['0xe18', '0xe48', '0xe68']""], 'direct_regs': [], 'mem': ['<BV64 x0 + 0xe18>', '<BV64 x0 + 0xe48>', '<BV64 x0 + 0xe68>'], 'const_mem': []}";[];{'regs': [], 'indirect_regs': [], 'direct_regs': [], 'mem': [], 'const_mem': []};{'regs': ['<BV64 x0>'], 'indirect_regs': [], 'direct_regs': ['<BV64 x0>'], 'mem': ['<BV64 x0 + 0xe68>'], 'const_mem': []};{'regs': ['<BV64 x0>'], 'indirect_regs': [], 'direct_regs': ['<BV64 x0>'], 'mem': ['<BV64 x0 + 0xe18>', '<BV64 x0 + 0xe48>', '<BV64 x0 + 0xe68>'], 'const_mem': []};63.0;0.0;64.0;64.0;[];;;;BaseControlType.CONSTANT_BASE;BaseControlType.CONSTANT_BASE;BaseControlType.CONSTANT_BASE;4;BranchControlType.BRANCH_DEPENDS_ON_SECRET_VALUE;BranchControlType.BRANCH_INDEPENDENT_FROM_SECRET;103996;True;False;True;True;True;False;False;True;True;False;False;False;True;False;True;True;True;False;True;False;[];['has_valid_base'];True;False;True;True;True;False;False;True;True;False;False;False;True;False;True;True;True;False;True;False;[];['has_valid_base']
ad385232-850a-43bb-871b-6f561ce37e8a;ZSTD_CCtx_refCDict;0x19b40;0x1964c;0x19b78;TransmitterType.LOAD;24;1;False;['0x19b40', '0x19b5c', '0x19b78', '0x19620', '0x19628'];<BV64 0x17a0 + LOAD_64[<BV64 x0 + 0xe68>]_29>;64;[('0x19624', <Bool LOAD_64[<BV64 x0 + 0xe68>]_29 != 0x0>, 'Taken')];[];['<BV64 x0>'];"[""<BV64 x0>: ['0xe68']""]";[];['<BV64 x0 + 0xe68>'];[];0;18446744073709551615;18446744073709551615;1;;;True;6049;6047;18446744073709551614;1;;;True;ControlType.CONTROLLED;1;<BV64 0x17a0>;64;[];[];[];[];[];[];[];6048.0;6048.0;0.0;1.0;;;True;6048.0;6048.0;0.0;1.0;;;True;ControlType.NO_CONTROL;0;<BV64 0x17a0>;64;[];[];[];[];[];[];[];6048;6048;0;1.0;;;True;6048.0;6048.0;0.0;1.0;;;True;ControlType.NO_CONTROL;0;<BV64 LOAD_64[<BV64 x0 + 0xe68>]_29>;64;[('0x19624', <Bool LOAD_64[<BV64 x0 + 0xe68>]_29 != 0x0>, 'Taken')];[];['<BV64 x0>'];"[""<BV64 x0>: ['0xe68']""]";[];['<BV64 x0 + 0xe68>'];[];0.0;1.8446744073709552e+19;18446744073709551615;1;;;True;1.0;1.8446744073709552e+19;18446744073709551614;1;;;True;ControlType.CONTROLLED;1;<BV64 x0 + 0xe68>;64;[];[];['<BV64 x0>'];[];['<BV64 x0>'];[];[];0.0;1.8446744073709552e+19;1.8446744073709552e+19;1.0;;;True;0.0;1.8446744073709552e+19;1.8446744073709552e+19;1.0;;;True;ControlType.CONTROLLED;0;<BV64 LOAD_64[<BV64 x0 + 0xe68>]_29>;64;[];[];[];[];[];[];[];0;0;0;;;;False;0;0;0;;;;False;ControlType.UNKNOWN;1;[('0x19624', <Bool LOAD_64[<BV64 x0 + 0xe68>]_29 != 0x0>, 'Taken'), ('0x19b58', <Bool LOAD_32[<BV64 x0 + 0xe18>]_24 == 0x0>, 'Taken'), ('0x19b64', <Bool LOAD_64[<BV64 x0 + 0xe48>]_25 == 0x0>, 'Taken'), ('0x19b7c', <Bool True>, 'Taken')];"{'regs': ['<BV64 x0>'], 'indirect_regs': [""<BV64 x0>: ['0xe18', '0xe48', '0xe68']""], 'direct_regs': [], 'mem': ['<BV64 x0 + 0xe18>', '<BV64 x0 + 0xe48>', '<BV64 x0 + 0xe68>'], 'const_mem': []}";[];{'regs': [], 'indirect_regs': [], 'direct_regs': [], 'mem': [], 'const_mem': []};{'regs': ['<BV64 x0>'], 'indirect_regs': [], 'direct_regs': ['<BV64 x0>'], 'mem': ['<BV64 x0 + 0xe68>'], 'const_mem': []};{'regs': ['<BV64 x0>'], 'indirect_regs': [], 'direct_regs': ['<BV64 x0>'], 'mem': ['<BV64 x0 + 0xe18>', '<BV64 x0 + 0xe48>', '<BV64 x0 + 0xe68>'], 'const_mem': []};63.0;0.0;64.0;64.0;[];;;;BaseControlType.CONSTANT_BASE;BaseControlType.CONSTANT_BASE;BaseControlType.CONSTANT_BASE;4;BranchControlType.BRANCH_DEPENDS_ON_SECRET_VALUE;BranchControlType.BRANCH_INDEPENDENT_FROM_SECRET;104012;True;False;True;True;True;False;False;True;True;False;False;False;True;False;True;True;True;False;True;False;[];['has_valid_base'];True;False;True;True;True;False;False;True;True;False;False;False;True;False;True;True;True;False;True;False;[];['has_valid_base']
97819301-d0ae-4875-bde0-ed3d220e245e;ZSTD_CCtx_refCDict;0x19b40;0x19650;0x19b78;TransmitterType.LOAD;25;1;False;['0x19b40', '0x19b5c', '0x19b78', '0x19620', '0x19628'];<BV64 0x17a8 + LOAD_64[<BV64 x0 + 0xe68>]_29>;64;[('0x19624', <Bool LOAD_64[<BV64 x0 + 0xe68>]_29 != 0x0>, 'Taken')];[];['<BV64 x0>'];"[""<BV64 x0>: ['0xe68']""]";[];['<BV64 x0 + 0xe68>'];[];0;18446744073709551615;18446744073709551615;1;;;True;6057;6055;18446744073709551614;1;;;True;ControlType.CONTROLLED;1;<BV64 0x17a8>;64;[];[];[];[];[];[];[];6056.0;6056.0;0.0;1.0;;;True;6056.0;6056.0;0.0;1.0;;;True;ControlType.NO_CONTROL;0;<BV64 0x17a8>;64;[];[];[];[];[];[];[];6056;6056;0;1.0;;;True;6056.0;6056.0;0.0;1.0;;;True;ControlType.NO_CONTROL;0;<BV64 LOAD_64[<BV64 x0 + 0xe68>]_29>;64;[('0x19624', <Bool LOAD_64[<BV64 x0 + 0xe68>]_29 != 0x0>, 'Taken')];[];['<BV64 x0>'];"[""<BV64 x0>: ['0xe68']""]";[];['<BV64 x0 + 0xe68>'];[];0.0;1.8446744073709552e+19;18446744073709551615;1;;;True;1.0;1.8446744073709552e+19;18446744073709551614;1;;;True;ControlType.CONTROLLED;1;<BV64 x0 + 0xe68>;64;[];[];['<BV64 x0>'];[];['<BV64 x0>'];[];[];0.0;1.8446744073709552e+19;1.8446744073709552e+19;1.0;;;True;0.0;1.8446744073709552e+19;1.8446744073709552e+19;1.0;;;True;ControlType.CONTROLLED;0;<BV64 LOAD_64[<BV64 x0 + 0xe68>]_29>;64;[];[];[];[];[];[];[];0;0;0;;;;False;0;0;0;;;;False;ControlType.UNKNOWN;1;[('0x19624', <Bool LOAD_64[<BV64 x0 + 0xe68>]_29 != 0x0>, 'Taken'), ('0x19b58', <Bool LOAD_32[<BV64 x0 + 0xe18>]_24 == 0x0>, 'Taken'), ('0x19b64', <Bool LOAD_64[<BV64 x0 + 0xe48>]_25 == 0x0>, 'Taken'), ('0x19b7c', <Bool True>, 'Taken')];"{'regs': ['<BV64 x0>'], 'indirect_regs': [""<BV64 x0>: ['0xe18', '0xe48', '0xe68']""], 'direct_regs': [], 'mem': ['<BV64 x0 + 0xe18>', '<BV64 x0 + 0xe48>', '<BV64 x0 + 0xe68>'], 'const_mem': []}";[];{'regs': [], 'indirect_regs': [], 'direct_regs': [], 'mem': [], 'const_mem': []};{'regs': ['<BV64 x0>'], 'indirect_regs': [], 'direct_regs': ['<BV64 x0>'], 'mem': ['<BV64 x0 + 0xe68>'], 'const_mem': []};{'regs': ['<BV64 x0>'], 'indirect_regs': [], 'direct_regs': ['<BV64 x0>'], 'mem': ['<BV64 x0 + 0xe18>', '<BV64 x0 + 0xe48>', '<BV64 x0 + 0xe68>'], 'const_mem': []};63.0;0.0;64.0;64.0;[];;;;BaseControlType.CONSTANT_BASE;BaseControlType.CONSTANT_BASE;BaseControlType.CONSTANT_BASE;4;BranchControlType.BRANCH_DEPENDS_ON_SECRET_VALUE;BranchControlType.BRANCH_INDEPENDENT_FROM_SECRET;104016;True;False;True;True;True;False;False;True;True;False;False;False;True;False;True;True;True;False;True;False;[];['has_valid_base'];True;False;True;True;True;False;False;True;True;False;False;False;True;False;True;True;True;False;True;False;[];['has_valid_base']
a6fcb6ca-9b61-4b4b-85b5-051d404d98c2;ZSTD_CCtx_refCDict;0x19b40;0x19654;0x19b78;TransmitterType.STORE;26;1;False;['0x19b40', '0x19b5c', '0x19b78', '0x19620', '0x19628'];<BV64 0x60 + LOAD_64[<BV64 x0 + 0xe68>]_29>;64;[('0x19624', <Bool LOAD_64[<BV64 x0 + 0xe68>]_29 != 0x0>, 'Taken')];[];['<BV64 x0>'];"[""<BV64 x0>: ['0xe68']""]";[];['<BV64 x0 + 0xe68>'];[];0;18446744073709551615;18446744073709551615;1;;;True;97;95;18446744073709551614;1;;;True;ControlType.CONTROLLED;1;<BV64 0x60>;64;[];[];[];[];[];[];[];96.0;96.0;0.0;1.0;;;True;96.0;96.0;0.0;1.0;;;True;ControlType.NO_CONTROL;0;<BV64 0x60>;64;[];[];[];[];[];[];[];96;96;0;1.0;;;True;96.0;96.0;0.0;1.0;;;True;ControlType.NO_CONTROL;0;<BV64 LOAD_64[<BV64 x0 + 0xe68>]_29>;64;[('0x19624', <Bool LOAD_64[<BV64 x0 + 0xe68>]_29 != 0x0>, 'Taken')];[];['<BV64 x0>'];"[""<BV64 x0>: ['0xe68']""]";[];['<BV64 x0 + 0xe68>'];[];0.0;1.8446744073709552e+19;18446744073709551615;1;;;True;1.0;1.8446744073709552e+19;18446744073709551614;1;;;True;ControlType.CONTROLLED;1;<BV64 x0 + 0xe68>;64;[];[];['<BV64 x0>'];[];['<BV64 x0>'];[];[];0.0;1.8446744073709552e+19;1.8446744073709552e+19;1.0;;;True;0.0;1.8446744073709552e+19;1.8446744073709552e+19;1.0;;;True;ControlType.CONTROLLED;0;<BV64 LOAD_64[<BV64 x0 + 0xe68>]_29>;64;[];[];[];[];[];[];[];0;0;0;;;;False;0;0;0;;;;False;ControlType.UNKNOWN;1;[('0x19624', <Bool LOAD_64[<BV64 x0 + 0xe68>]_29 != 0x0>, 'Taken'), ('0x19b58', <Bool LOAD_32[<BV64 x0 + 0xe18>]_24 == 0x0>, 'Taken'), ('0x19b64', <Bool LOAD_64[<BV64 x0 + 0xe48>]_25 == 0x0>, 'Taken'), ('0x19b7c', <Bool True>, 'Taken')];"{'regs': ['<BV64 x0>'], 'indirect_regs': [""<BV64 x0>: ['0xe18', '0xe48', '0xe68']""], 'direct_regs': [], 'mem': ['<BV64 x0 + 0xe18>', '<BV64 x0 + 0xe48>', '<BV64 x0 + 0xe68>'], 'const_mem': []}";[];{'regs': [], 'indirect_regs': [], 'direct_regs': [], 'mem': [], 'const_mem': []};{'regs': ['<BV64 x0>'], 'indirect_regs': [], 'direct_regs': ['<BV64 x0>'], 'mem': ['<BV64 x0 + 0xe68>'], 'const_mem': []};{'regs': ['<BV64 x0>'], 'indirect_regs': [], 'direct_regs': ['<BV64 x0>'], 'mem': ['<BV64 x0 + 0xe18>', '<BV64 x0 + 0xe48>', '<BV64 x0 + 0xe68>'], 'const_mem': []};63.0;0.0;64.0;64.0;[];;;;BaseControlType.CONSTANT_BASE;BaseControlType.CONSTANT_BASE;BaseControlType.CONSTANT_BASE;4;BranchControlType.BRANCH_DEPENDS_ON_SECRET_VALUE;BranchControlType.BRANCH_INDEPENDENT_FROM_SECRET;104020;True;False;True;True;True;False;False;True;True;False;False;False;True;False;True;True;True;False;True;False;[];['has_valid_base'];True;False;True;True;True;False;False;True;True;False;False;False;True;False;True;True;True;False;True;False;[];['has_valid_base']
02e13bc8-e8b4-46af-8ace-4b993506f084;ZSTD_compressSequences;0x1ed90;0x1b798;0x0;TransmitterType.LOAD;37;0;False;['0x1ed90', '0x1b764'];<BV64 0x10 + x0>;64;[];[];['<BV64 x0>'];[];['<BV64 x0>'];[];[];0;18446744073709551615;18446744073709551615;1;;;True;0;18446744073709551615;18446744073709551615;1;;;True;ControlType.CONTROLLED;0;<BV64 0x10>;64;[];[];[];[];[];[];[];16.0;16.0;0.0;1.0;;;True;16.0;16.0;0.0;1.0;;;True;ControlType.NO_CONTROL;0;<BV64 0x10>;64;[];[];[];[];[];[];[];16;16;0;1.0;;;True;16.0;16.0;0.0;1.0;;;True;ControlType.NO_CONTROL;0;<BV64 x0>;64;[];[];['<BV64 x0>'];[];['<BV64 x0>'];[];[];0.0;1.8446744073709552e+19;18446744073709551615;1;;;True;0.0;1.8446744073709552e+19;18446744073709551615;1;;;True;ControlType.CONTROLLED;0;<BV64 x0>;64;[];[];['<BV64 x0>'];[];['<BV64 x0>'];[];[];0.0;1.8446744073709552e+19;1.8446744073709552e+19;1.0;;;True;0.0;1.8446744073709552e+19;1.8446744073709552e+19;1.0;;;True;ControlType.CONTROLLED;0;<BV64 x0>;64;[];[];[];[];[];[];[];0;0;0;;;;False;0;0;0;;;;False;ControlType.UNKNOWN;0;[('0x1ede8', <Bool True>, 'Taken')];{'regs': [], 'indirect_regs': [], 'direct_regs': [], 'mem': [], 'const_mem': []};[];{'regs': [], 'indirect_regs': [], 'direct_regs': [], 'mem': [], 'const_mem': []};{'regs': ['<BV64 x0>'], 'indirect_regs': [], 'direct_regs': ['<BV64 x0>'], 'mem': [], 'const_mem': []};{'regs': ['<BV64 x0>'], 'indirect_regs': [], 'direct_regs': ['<BV64 x0>'], 'mem': [], 'const_mem': []};63.0;0.0;64.0;64.0;[];;;;BaseControlType.CONSTANT_BASE;BaseControlType.CONSTANT_BASE;BaseControlType.CONSTANT_BASE;1;BranchControlType.BRANCH_INDEPENDENT_FROM_SECRET;BranchControlType.BRANCH_INDEPENDENT_FROM_SECRET;112536;True;False;True;True;True;False;False;True;True;False;False;False;True;False;True;False;True;False;True;False;[];['has_valid_base'];True;False;True;True;True;False;False;True;True;False;False;False;True;False;True;False;True;False;True;False;[];['has_valid_base']
fe1fe34d-7342-4685-b6b1-913b6eb4bbe1;ZSTD_compressSequences;0x1ed90;0x1b798;0x0;TransmitterType.LOAD;37;0;False;['0x1ed90', '0x1b764'];<BV64 0x20 + x0>;64;[];[];['<BV64 x0>'];[];['<BV64 x0>'];[];[];0;18446744073709551615;18446744073709551615;1;;;True;0;18446744073709551615;18446744073709551615;1;;;True;ControlType.CONTROLLED;0;<BV64 0x20>;64;[];[];[];[];[];[];[];32.0;32.0;0.0;1.0;;;True;32.0;32.0;0.0;1.0;;;True;ControlType.NO_CONTROL;0;<BV64 0x20>;64;[];[];[];[];[];[];[];32;32;0;1.0;;;True;32.0;32.0;0.0;1.0;;;True;ControlType.NO_CONTROL;0;<BV64 x0>;64;[];[];['<BV64 x0>'];[];['<BV64 x0>'];[];[];0.0;1.8446744073709552e+19;18446744073709551615;1;;;True;0.0;1.8446744073709552e+19;18446744073709551615;1;;;True;ControlType.CONTROLLED;0;<BV64 x0>;64;[];[];['<BV64 x0>'];[];['<BV64 x0>'];[];[];0.0;1.8446744073709552e+19;1.8446744073709552e+19;1.0;;;True;0.0;1.8446744073709552e+19;1.8446744073709552e+19;1.0;;;True;ControlType.CONTROLLED;0;<BV64 x0>;64;[];[];[];[];[];[];[];0;0;0;;;;False;0;0;0;;;;False;ControlType.UNKNOWN;0;[('0x1ede8', <Bool True>, 'Taken')];{'regs': [], 'indirect_regs': [], 'direct_regs': [], 'mem': [], 'const_mem': []};[];{'regs': [], 'indirect_regs': [], 'direct_regs': [], 'mem': [], 'const_mem': []};{'regs': ['<BV64 x0>'], 'indirect_regs': [], 'direct_regs': ['<BV64 x0>'], 'mem': [], 'const_mem': []};{'regs': ['<BV64 x0>'], 'indirect_regs': [], 'direct_regs': ['<BV64 x0>'], 'mem': [], 'const_mem': []};63.0;0.0;64.0;64.0;[];;;;BaseControlType.CONSTANT_BASE;BaseControlType.CONSTANT_BASE;BaseControlType.CONSTANT_BASE;1;BranchControlType.BRANCH_INDEPENDENT_FROM_SECRET;BranchControlType.BRANCH_INDEPENDENT_FROM_SECRET;112536;True;False;True;True;True;False;False;True;True;False;False;False;True;False;True;False;True;False;True;False;[];['has_valid_base'];True;False;True;True;True;False;False;True;True;False;False;False;True;False;True;False;True;False;True;False;[];['has_valid_base']
ebd3ead8-ae5e-49b6-a174-c0d52dbc2d74;ZSTD_compressSequences;0x1ed90;0x1b7a8;0x0;TransmitterType.LOAD;41;0;False;['0x1ed90', '0x1b764'];<BV64 0x30 + x0>;64;[];[];['<BV64 x0>'];[];['<BV64 x0>'];[];[];0;18446744073709551615;18446744073709551615;1;;;True;0;18446744073709551615;18446744073709551615;1;;;True;ControlType.CONTROLLED;0;<BV64 0x30>;64;[];[];[];[];[];[];[];48.0;48.0;0.0;1.0;;;True;48.0;48.0;0.0;1.0;;;True;ControlType.NO_CONTROL;0;<BV64 0x30>;64;[];[];[];[];[];[];[];48;48;0;1.0;;;True;48.0;48.0;0.0;1.0;;;True;ControlType.NO_CONTROL;0;<BV64 x0>;64;[];[];['<BV64 x0>'];[];['<BV64 x0>'];[];[];0.0;1.8446744073709552e+19;18446744073709551615;1;;;True;0.0;1.8446744073709552e+19;18446744073709551615;1;;;True;ControlType.CONTROLLED;0;<BV64 x0>;64;[];[];['<BV64 x0>'];[];['<BV64 x0>'];[];[];0.0;1.8446744073709552e+19;1.8446744073709552e+19;1.0;;;True;0.0;1.8446744073709552e+19;1.8446744073709552e+19;1.0;;;True;ControlType.CONTROLLED;0;<BV64 x0>;64;[];[];[];[];[];[];[];0;0;0;;;;False;0;0;0;;;;False;ControlType.UNKNOWN;0;[('0x1ede8', <Bool True>, 'Taken')];{'regs': [], 'indirect_regs': [], 'direct_regs': [], 'mem': [], 'const_mem': []};[];{'regs': [], 'indirect_regs': [], 'direct_regs': [], 'mem': [], 'const_mem': []};{'regs': ['<BV64 x0>'], 'indirect_regs': [], 'direct_regs': ['<BV64 x0>'], 'mem': [], 'const_mem': []};{'regs': ['<BV64 x0>'], 'indirect_regs': [], 'direct_regs': ['<BV64 x0>'], 'mem': [], 'const_mem': []};63.0;0.0;64.0;64.0;[];;;;BaseControlType.CONSTANT_BASE;BaseControlType.CONSTANT_BASE;BaseControlType.CONSTANT_BASE;1;BranchControlType.BRANCH_INDEPENDENT_FROM_SECRET;BranchControlType.BRANCH_INDEPENDENT_FROM_SECRET;112552;True;False;True;True;True;False;False;True;True;False;False;False;True;False;True;False;True;False;True;False;[];['has_valid_base'];True;False;True;True;True;False;False;True;True;False;False;False;True;False;True;False;True;False;True;False;[];['has_valid_base']
fb8eff51-b352-43e2-885b-1ce7ac04167e;ZSTD_compressSequences;0x1ed90;0x1b7a8;0x0;TransmitterType.LOAD;41;0;False;['0x1ed90', '0x1b764'];<BV64 0x40 + x0>;64;[];[];['<BV64 x0>'];[];['<BV64 x0>'];[];[];0;18446744073709551615;18446744073709551615;1;;;True;0;18446744073709551615;18446744073709551615;1;;;True;ControlType.CONTROLLED;0;<BV64 0x40>;64;[];[];[];[];[];[];[];64.0;64.0;0.0;1.0;;;True;64.0;64.0;0.0;1.0;;;True;ControlType.NO_CONTROL;0;<BV64 0x40>;64;[];[];[];[];[];[];[];64;64;0;1.0;;;True;64.0;64.0;0.0;1.0;;;True;ControlType.NO_CONTROL;0;<BV64 x0>;64;[];[];['<BV64 x0>'];[];['<BV64 x0>'];[];[];0.0;1.8446744073709552e+19;18446744073709551615;1;;;True;0.0;1.8446744073709552e+19;18446744073709551615;1;;;True;ControlType.CONTROLLED;0;<BV64 x0>;64;[];[];['<BV64 x0>'];[];['<BV64 x0>'];[];[];0.0;1.8446744073709552e+19;1.8446744073709552e+19;1.0;;;True;0.0;1.8446744073709552e+19;1.8446744073709552e+19;1.0;;;True;ControlType.CONTROLLED;0;<BV64 x0>;64;[];[];[];[];[];[];[];0;0;0;;;;False;0;0;0;;;;False;ControlType.UNKNOWN;0;[('0x1ede8', <Bool True>, 'Taken')];{'regs': [], 'indirect_regs': [], 'direct_regs': [], 'mem': [], 'const_mem': []};[];{'regs': [], 'indirect_regs': [], 'direct_regs': [], 'mem': [], 'const_mem': []};{'regs': ['<BV64 x0>'], 'indirect_regs': [], 'direct_regs': ['<BV64 x0>'], 'mem': [], 'const_mem': []};{'regs': ['<BV64 x0>'], 'indirect_regs': [], 'direct_regs': ['<BV64 x0>'], 'mem': [], 'const_mem': []};63.0;0.0;64.0;64.0;[];;;;BaseControlType.CONSTANT_BASE;BaseControlType.CONSTANT_BASE;BaseControlType.CONSTANT_BASE;1;BranchControlType.BRANCH_INDEPENDENT_FROM_SECRET;BranchControlType.BRANCH_INDEPENDENT_FROM_SECRET;112552;True;False;True;True;True;False;False;True;True;False;False;False;True;False;True;False;True;False;True;False;[];['has_valid_base'];True;False;True;True;True;False;False;True;True;False;False;False;True;False;True;False;True;False;True;False;[];['has_valid_base']
59734cd2-16ed-4016-bc37-d6a2518b5319;ZSTD_compressSequences;0x1ed90;0x1b7b8;0x0;TransmitterType.LOAD;45;0;False;['0x1ed90', '0x1b764'];<BV64 0x50 + x0>;64;[];[];['<BV64 x0>'];[];['<BV64 x0>'];[];[];0;18446744073709551615;18446744073709551615;1;;;True;0;18446744073709551615;18446744073709551615;1;;;True;ControlType.CONTROLLED;0;<BV64 0x50>;64;[];[];[];[];[];[];[];80.0;80.0;0.0;1.0;;;True;80.0;80.0;0.0;1.0;;;True;ControlType.NO_CONTROL;0;<BV64 0x50>;64;[];[];[];[];[];[];[];80;80;0;1.0;;;True;80.0;80.0;0.0;1.0;;;True;ControlType.NO_CONTROL;0;<BV64 x0>;64;[];[];['<BV64 x0>'];[];['<BV64 x0>'];[];[];0.0;1.8446744073709552e+19;18446744073709551615;1;;;True;0.0;1.8446744073709552e+19;18446744073709551615;1;;;True;ControlType.CONTROLLED;0;<BV64 x0>;64;[];[];['<BV64 x0>'];[];['<BV64 x0>'];[];[];0.0;1.8446744073709552e+19;1.8446744073709552e+19;1.0;;;True;0.0;1.8446744073709552e+19;1.8446744073709552e+19;1.0;;;True;ControlType.CONTROLLED;0;<BV64 x0>;64;[];[];[];[];[];[];[];0;0;0;;;;False;0;0;0;;;;False;ControlType.UNKNOWN;0;[('0x1ede8', <Bool True>, 'Taken')];{'regs': [], 'indirect_regs': [], 'direct_regs': [], 'mem': [], 'const_mem': []};[];{'regs': [], 'indirect_regs': [], 'direct_regs': [], 'mem': [], 'const_mem': []};{'regs': ['<BV64 x0>'], 'indirect_regs': [], 'direct_regs': ['<BV64 x0>'], 'mem': [], 'const_mem': []};{'regs': ['<BV64 x0>'], 'indirect_regs': [], 'direct_regs': ['<BV64 x0>'], 'mem': [], 'const_mem': []};63.0;0.0;64.0;64.0;[];;;;BaseControlType.CONSTANT_BASE;BaseControlType.CONSTANT_BASE;BaseControlType.CONSTANT_BASE;1;BranchControlType.BRANCH_INDEPENDENT_FROM_SECRET;BranchControlType.BRANCH_INDEPENDENT_FROM_SECRET;112568;True;False;True;True;True;False;False;True;True;False;False;False;True;False;True;False;True;False;True;False;[];['has_valid_base'];True;False;True;True;True;False;False;True;True;False;False;False;True;False;True;False;True;False;True;False;[];['has_valid_base']
53bb01da-f2c7-4fc2-955c-31955ecff071;ZSTD_compressSequences;0x1ed90;0x1b7b8;0x0;TransmitterType.LOAD;45;0;False;['0x1ed90', '0x1b764'];<BV64 0x60 + x0>;64;[];[];['<BV64 x0>'];[];['<BV64 x0>'];[];[];0;18446744073709551615;18446744073709551615;1;;;True;0;18446744073709551615;18446744073709551615;1;;;True;ControlType.CONTROLLED;0;<BV64 0x60>;64;[];[];[];[];[];[];[];96.0;96.0;0.0;1.0;;;True;96.0;96.0;0.0;1.0;;;True;ControlType.NO_CONTROL;0;<BV64 0x60>;64;[];[];[];[];[];[];[];96;96;0;1.0;;;True;96.0;96.0;0.0;1.0;;;True;ControlType.NO_CONTROL;0;<BV64 x0>;64;[];[];['<BV64 x0>'];[];['<BV64 x0>'];[];[];0.0;1.8446744073709552e+19;18446744073709551615;1;;;True;0.0;1.8446744073709552e+19;18446744073709551615;1;;;True;ControlType.CONTROLLED;0;<BV64 x0>;64;[];[];['<BV64 x0>'];[];['<BV64 x0>'];[];[];0.0;1.8446744073709552e+19;1.8446744073709552e+19;1.0;;;True;0.0;1.8446744073709552e+19;1.8446744073709552e+19;1.0;;;True;ControlType.CONTROLLED;0;<BV64 x0>;64;[];[];[];[];[];[];[];0;0;0;;;;False;0;0;0;;;;False;ControlType.UNKNOWN;0;[('0x1ede8', <Bool True>, 'Taken')];{'regs': [], 'indirect_regs': [], 'direct_regs': [], 'mem': [], 'const_mem': []};[];{'regs': [], 'indirect_regs': [], 'direct_regs': [], 'mem': [], 'const_mem': []};{'regs': ['<BV64 x0>'], 'indirect_regs': [], 'direct_regs': ['<BV64 x0>'], 'mem': [], 'const_mem': []};{'regs': ['<BV64 x0>'], 'indirect_regs': [], 'direct_regs': ['<BV64 x0>'], 'mem': [], 'const_mem': []};63.0;0.0;64.0;64.0;[];;;;BaseControlType.CONSTANT_BASE;BaseControlType.CONSTANT_BASE;BaseControlType.CONSTANT_BASE;1;BranchControlType.BRANCH_INDEPENDENT_FROM_SECRET;BranchControlType.BRANCH_INDEPENDENT_FROM_SECRET;112568;True;False;True;True;True;False;False;True;True;False;False;False;True;False;True;False;True;False;True;False;[];['has_valid_base'];True;False;True;True;True;False;False;True;True;False;False;False;True;False;True;False;True;False;True;False;[];['has_valid_base']
f58f1fdb-db81-4670-9337-f03240ceef60;ZSTD_compressSequences;0x1ed90;0x1b7c0;0x0;TransmitterType.LOAD;47;0;False;['0x1ed90', '0x1b764'];<BV64 0x70 + x0>;64;[];[];['<BV64 x0>'];[];['<BV64 x0>'];[];[];0;18446744073709551615;18446744073709551615;1;;;True;0;18446744073709551615;18446744073709551615;1;;;True;ControlType.CONTROLLED;0;<BV64 0x70>;64;[];[];[];[];[];[];[];112.0;112.0;0.0;1.0;;;True;112.0;112.0;0.0;1.0;;;True;ControlType.NO_CONTROL;0;<BV64 0x70>;64;[];[];[];[];[];[];[];112;112;0;1.0;;;True;112.0;112.0;0.0;1.0;;;True;ControlType.NO_CONTROL;0;<BV64 x0>;64;[];[];['<BV64 x0>'];[];['<BV64 x0>'];[];[];0.0;1.8446744073709552e+19;18446744073709551615;1;;;True;0.0;1.8446744073709552e+19;18446744073709551615;1;;;True;ControlType.CONTROLLED;0;<BV64 x0>;64;[];[];['<BV64 x0>'];[];['<BV64 x0>'];[];[];0.0;1.8446744073709552e+19;1.8446744073709552e+19;1.0;;;True;0.0;1.8446744073709552e+19;1.8446744073709552e+19;1.0;;;True;ControlType.CONTROLLED;0;<BV64 x0>;64;[];[];[];[];[];[];[];0;0;0;;;;False;0;0;0;;;;False;ControlType.UNKNOWN;0;[('0x1ede8', <Bool True>, 'Taken')];{'regs': [], 'indirect_regs': [], 'direct_regs': [], 'mem': [], 'const_mem': []};[];{'regs': [], 'indirect_regs': [], 'direct_regs': [], 'mem': [], 'const_mem': []};{'regs': ['<BV64 x0>'], 'indirect_regs': [], 'direct_regs': ['<BV64 x0>'], 'mem': [], 'const_mem': []};{'regs': ['<BV64 x0>'], 'indirect_regs': [], 'direct_regs': ['<BV64 x0>'], 'mem': [], 'const_mem': []};63.0;0.0;64.0;64.0;[];;;;BaseControlType.CONSTANT_BASE;BaseControlType.CONSTANT_BASE;BaseControlType.CONSTANT_BASE;1;BranchControlType.BRANCH_INDEPENDENT_FROM_SECRET;BranchControlType.BRANCH_INDEPENDENT_FROM_SECRET;112576;True;False;True;True;True;False;False;True;True;False;False;False;True;False;True;False;True;False;True;False;[];['has_valid_base'];True;False;True;True;True;False;False;True;True;False;False;False;True;False;True;False;True;False;True;False;[];['has_valid_base']
73ba08b4-67b3-438c-bdf1-3b8bda49094e;ZSTD_compressSequences;0x1ed90;0x1b7c0;0x0;TransmitterType.LOAD;47;0;False;['0x1ed90', '0x1b764'];<BV64 0x80 + x0>;64;[];[];['<BV64 x0>'];[];['<BV64 x0>'];[];[];0;18446744073709551615;18446744073709551615;1;;;True;0;18446744073709551615;18446744073709551615;1;;;True;ControlType.CONTROLLED;0;<BV64 0x80>;64;[];[];[];[];[];[];[];128.0;128.0;0.0;1.0;;;True;128.0;128.0;0.0;1.0;;;True;ControlType.NO_CONTROL;0;<BV64 0x80>;64;[];[];[];[];[];[];[];128;128;0;1.0;;;True;128.0;128.0;0.0;1.0;;;True;ControlType.NO_CONTROL;0;<BV64 x0>;64;[];[];['<BV64 x0>'];[];['<BV64 x0>'];[];[];0.0;1.8446744073709552e+19;18446744073709551615;1;;;True;0.0;1.8446744073709552e+19;18446744073709551615;1;;;True;ControlType.CONTROLLED;0;<BV64 x0>;64;[];[];['<BV64 x0>'];[];['<BV64 x0>'];[];[];0.0;1.8446744073709552e+19;1.8446744073709552e+19;1.0;;;True;0.0;1.8446744073709552e+19;1.8446744073709552e+19;1.0;;;True;ControlType.CONTROLLED;0;<BV64 x0>;64;[];[];[];[];[];[];[];0;0;0;;;;False;0;0;0;;;;False;ControlType.UNKNOWN;0;[('0x1ede8', <Bool True>, 'Taken')];{'regs': [], 'indirect_regs': [], 'direct_regs': [], 'mem': [], 'const_mem': []};[];{'regs': [], 'indirect_regs': [], 'direct_regs': [], 'mem': [], 'const_mem': []};{'regs': ['<BV64 x0>'], 'indirect_regs': [], 'direct_regs': ['<BV64 x0>'], 'mem': [], 'const_mem': []};{'regs': ['<BV64 x0>'], 'indirect_regs': [], 'direct_regs': ['<BV64 x0>'], 'mem': [], 'const_mem': []};63.0;0.0;64.0;64.0;[];;;;BaseControlType.CONSTANT_BASE;BaseControlType.CONSTANT_BASE;BaseControlType.CONSTANT_BASE;1;BranchControlType.BRANCH_INDEPENDENT_FROM_SECRET;BranchControlType.BRANCH_INDEPENDENT_FROM_SECRET;112576;True;False;True;True;True;False;False;True;True;False;False;False;True;False;True;False;True;False;True;False;[];['has_valid_base'];True;False;True;True;True;False;False;True;True;False;False;False;True;False;True;False;True;False;True;False;[];['has_valid_base']
7b0da90f-de38-406d-8251-798e9de2b5ce;ZSTD_compressSequences;0x1ed90;0x1b7c8;0x0;TransmitterType.LOAD;49;0;False;['0x1ed90', '0x1b764'];<BV64 0x90 + x0>;64;[];[];['<BV64 x0>'];[];['<BV64 x0>'];[];[];0;18446744073709551615;18446744073709551615;1;;;True;0;18446744073709551615;18446744073709551615;1;;;True;ControlType.CONTROLLED;0;<BV64 0x90>;64;[];[];[];[];[];[];[];144.0;144.0;0.0;1.0;;;True;144.0;144.0;0.0;1.0;;;True;ControlType.NO_CONTROL;0;<BV64 0x90>;64;[];[];[];[];[];[];[];144;144;0;1.0;;;True;144.0;144.0;0.0;1.0;;;True;ControlType.NO_CONTROL;0;<BV64 x0>;64;[];[];['<BV64 x0>'];[];['<BV64 x0>'];[];[];0.0;1.8446744073709552e+19;18446744073709551615;1;;;True;0.0;1.8446744073709552e+19;18446744073709551615;1;;;True;ControlType.CONTROLLED;0;<BV64 x0>;64;[];[];['<BV64 x0>'];[];['<BV64 x0>'];[];[];0.0;1.8446744073709552e+19;1.8446744073709552e+19;1.0;;;True;0.0;1.8446744073709552e+19;1.8446744073709552e+19;1.0;;;True;ControlType.CONTROLLED;0;<BV64 x0>;64;[];[];[];[];[];[];[];0;0;0;;;;False;0;0;0;;;;False;ControlType.UNKNOWN;0;[('0x1ede8', <Bool True>, 'Taken')];{'regs': [], 'indirect_regs': [], 'direct_regs': [], 'mem': [], 'const_mem': []};[];{'regs': [], 'indirect_regs': [], 'direct_regs': [], 'mem': [], 'const_mem': []};{'regs': ['<BV64 x0>'], 'indirect_regs': [], 'direct_regs': ['<BV64 x0>'], 'mem': [], 'const_mem': []};{'regs': ['<BV64 x0>'], 'indirect_regs': [], 'direct_regs': ['<BV64 x0>'], 'mem': [], 'const_mem': []};63.0;0.0;64.0;64.0;[];;;;BaseControlType.CONSTANT_BASE;BaseControlType.CONSTANT_BASE;BaseControlType.CONSTANT_BASE;1;BranchControlType.BRANCH_INDEPENDENT_FROM_SECRET;BranchControlType.BRANCH_INDEPENDENT_FROM_SECRET;112584;True;False;True;True;True;False;False;True;True;False;False;False;True;False;True;False;True;False;True;False;[];['has_valid_base'];True;False;True;True;True;False;False;True;True;False;False;False;True;False;True;False;True;False;True;False;[];['has_valid_base']
2795edb1-3639-4e24-9036-fbe7077c1204;ZSTD_compressSequences;0x1ed90;0x1b7c8;0x0;TransmitterType.LOAD;49;0;False;['0x1ed90', '0x1b764'];<BV64 0xa0 + x0>;64;[];[];['<BV64 x0>'];[];['<BV64 x0>'];[];[];0;18446744073709551615;18446744073709551615;1;;;True;0;18446744073709551615;18446744073709551615;1;;;True;ControlType.CONTROLLED;0;<BV64 0xa0>;64;[];[];[];[];[];[];[];160.0;160.0;0.0;1.0;;;True;160.0;160.0;0.0;1.0;;;True;ControlType.NO_CONTROL;0;<BV64 0xa0>;64;[];[];[];[];[];[];[];160;160;0;1.0;;;True;160.0;160.0;0.0;1.0;;;True;ControlType.NO_CONTROL;0;<BV64 x0>;64;[];[];['<BV64 x0>'];[];['<BV64 x0>'];[];[];0.0;1.8446744073709552e+19;18446744073709551615;1;;;True;0.0;1.8446744073709552e+19;18446744073709551615;1;;;True;ControlType.CONTROLLED;0;<BV64 x0>;64;[];[];['<BV64 x0>'];[];['<BV64 x0>'];[];[];0.0;1.8446744073709552e+19;1.8446744073709552e+19;1.0;;;True;0.0;1.8446744073709552e+19;1.8446744073709552e+19;1.0;;;True;ControlType.CONTROLLED;0;<BV64 x0>;64;[];[];[];[];[];[];[];0;0;0;;;;False;0;0;0;;;;False;ControlType.UNKNOWN;0;[('0x1ede8', <Bool True>, 'Taken')];{'regs': [], 'indirect_regs': [], 'direct_regs': [], 'mem': [], 'const_mem': []};[];{'regs': [], 'indirect_regs': [], 'direct_regs': [], 'mem': [], 'const_mem': []};{'regs': ['<BV64 x0>'], 'indirect_regs': [], 'direct_regs': ['<BV64 x0>'], 'mem': [], 'const_mem': []};{'regs': ['<BV64 x0>'], 'indirect_regs': [], 'direct_regs': ['<BV64 x0>'], 'mem': [], 'const_mem': []};63.0;0.0;64.0;64.0;[];;;;BaseControlType.CONSTANT_BASE;BaseControlType.CONSTANT_BASE;BaseControlType.CONSTANT_BASE;1;BranchControlType.BRANCH_INDEPENDENT_FROM_SECRET;BranchControlType.BRANCH_INDEPENDENT_FROM_SECRET;112584;True;False;True;True;True;False;False;True;True;False;False;False;True;False;True;False;True;False;True;False;[];['has_valid_base'];True;False;True;True;True;False;False;True;True;False;False;False;True;False;True;False;True;False;True;False;[];['has_valid_base']
2120b89d-47ea-4cbc-9d34-2ba5e6f708f2;ZSTD_compressSequences;0x1ed90;0x1b7d0;0x0;TransmitterType.LOAD;51;0;False;['0x1ed90', '0x1b764'];<BV64 0xe0 + x0>;64;[];[];['<BV64 x0>'];[];['<BV64 x0>'];[];[];0;18446744073709551615;18446744073709551615;1;;;True;0;18446744073709551615;18446744073709551615;1;;;True;ControlType.CONTROLLED;0;<BV64 0xe0>;64;[];[];[];[];[];[];[];224.0;224.0;0.0;1.0;;;True;224.0;224.0;0.0;1.0;;;True;ControlType.NO_CONTROL;0;<BV64 0xe0>;64;[];[];[];[];[];[];[];224;224;0;1.0;;;True;224.0;224.0;0.0;1.0;;;True;ControlType.NO_CONTROL;0;<BV64 x0>;64;[];[];['<BV64 x0>'];[];['<BV64 x0>'];[];[];0.0;1.8446744073709552e+19;18446744073709551615;1;;;True;0.0;1.8446744073709552e+19;18446744073709551615;1;;;True;ControlType.CONTROLLED;0;<BV64 x0>;64;[];[];['<BV64 x0>'];[];['<BV64 x0>'];[];[];0.0;1.8446744073709552e+19;1.8446744073709552e+19;1.0;;;True;0.0;1.8446744073709552e+19;1.8446744073709552e+19;1.0;;;True;ControlType.CONTROLLED;0;<BV64 x0>;64;[];[];[];[];[];[];[];0;0;0;;;;False;0;0;0;;;;False;ControlType.UNKNOWN;0;[('0x1ede8', <Bool True>, 'Taken')];{'regs': [], 'indirect_regs': [], 'direct_regs': [], 'mem': [], 'const_mem': []};[];{'regs': [], 'indirect_regs': [], 'direct_regs': [], 'mem': [], 'const_mem': []};{'regs': ['<BV64 x0>'], 'indirect_regs': [], 'direct_regs': ['<BV64 x0>'], 'mem': [], 'const_mem': []};{'regs': ['<BV64 x0>'], 'indirect_regs': [], 'direct_regs': ['<BV64 x0>'], 'mem': [], 'const_mem': []};63.0;0.0;64.0;64.0;[];;;;BaseControlType.CONSTANT_BASE;BaseControlType.CONSTANT_BASE;BaseControlType.CONSTANT_BASE;1;BranchControlType.BRANCH_INDEPENDENT_FROM_SECRET;BranchControlType.BRANCH_INDEPENDENT_FROM_SECRET;112592;True;False;True;True;True;False;False;True;True;False;False;False;True;False;True;False;True;False;True;False;[];['has_valid_base'];True;False;True;True;True;False;False;True;True;False;False;False;True;False;True;False;True;False;True;False;[];['has_valid_base']
8139d56f-18e3-4181-9090-b8e3424c7a51;ZSTD_compressSequences;0x1ed90;0x1b7d8;0x0;TransmitterType.LOAD;53;0;False;['0x1ed90', '0x1b764'];<BV64 0xb0 + x0>;64;[];[];['<BV64 x0>'];[];['<BV64 x0>'];[];[];0;18446744073709551615;18446744073709551615;1;;;True;0;18446744073709551615;18446744073709551615;1;;;True;ControlType.CONTROLLED;0;<BV64 0xb0>;64;[];[];[];[];[];[];[];176.0;176.0;0.0;1.0;;;True;176.0;176.0;0.0;1.0;;;True;ControlType.NO_CONTROL;0;<BV64 0xb0>;64;[];[];[];[];[];[];[];176;176;0;1.0;;;True;176.0;176.0;0.0;1.0;;;True;ControlType.NO_CONTROL;0;<BV64 x0>;64;[];[];['<BV64 x0>'];[];['<BV64 x0>'];[];[];0.0;1.8446744073709552e+19;18446744073709551615;1;;;True;0.0;1.8446744073709552e+19;18446744073709551615;1;;;True;ControlType.CONTROLLED;0;<BV64 x0>;64;[];[];['<BV64 x0>'];[];['<BV64 x0>'];[];[];0.0;1.8446744073709552e+19;1.8446744073709552e+19;1.0;;;True;0.0;1.8446744073709552e+19;1.8446744073709552e+19;1.0;;;True;ControlType.CONTROLLED;0;<BV64 x0>;64;[];[];[];[];[];[];[];0;0;0;;;;False;0;0;0;;;;False;ControlType.UNKNOWN;0;[('0x1ede8', <Bool True>, 'Taken')];{'regs': [], 'indirect_regs': [], 'direct_regs': [], 'mem': [], 'const_mem': []};[];{'regs': [], 'indirect_regs': [], 'direct_regs': [], 'mem': [], 'const_mem': []};{'regs': ['<BV64 x0>'], 'indirect_regs': [], 'direct_regs': ['<BV64 x0>'], 'mem': [], 'const_mem': []};{'regs': ['<BV64 x0>'], 'indirect_regs': [], 'direct_regs': ['<BV64 x0>'], 'mem': [], 'const_mem': []};63.0;0.0;64.0;64.0;[];;;;BaseControlType.CONSTANT_BASE;BaseControlType.CONSTANT_BASE;BaseControlType.CONSTANT_BASE;1;BranchControlType.BRANCH_INDEPENDENT_FROM_SECRET;BranchControlType.BRANCH_INDEPENDENT_FROM_SECRET;112600;True;False;True;True;True;False;False;True;True;False;False;False;True;False;True;False;True;False;True;False;[];['has_valid_base'];True;False;True;True;True;False;False;True;True;False;False;False;True;False;True;False;True;False;True;False;[];['has_valid_base']
01c461ac-6537-4555-ba13-de848187c88c;ZSTD_compressSequences;0x1ed90;0x1b7d8;0x0;TransmitterType.LOAD;53;0;False;['0x1ed90', '0x1b764'];<BV64 0xc0 + x0>;64;[];[];['<BV64 x0>'];[];['<BV64 x0>'];[];[];0;18446744073709551615;18446744073709551615;1;;;True;0;18446744073709551615;18446744073709551615;1;;;True;ControlType.CONTROLLED;0;<BV64 0xc0>;64;[];[];[];[];[];[];[];192.0;192.0;0.0;1.0;;;True;192.0;192.0;0.0;1.0;;;True;ControlType.NO_CONTROL;0;<BV64 0xc0>;64;[];[];[];[];[];[];[];192;192;0;1.0;;;True;192.0;192.0;0.0;1.0;;;True;ControlType.NO_CONTROL;0;<BV64 x0>;64;[];[];['<BV64 x0>'];[];['<BV64 x0>'];[];[];0.0;1.8446744073709552e+19;18446744073709551615;1;;;True;0.0;1.8446744073709552e+19;18446744073709551615;1;;;True;ControlType.CONTROLLED;0;<BV64 x0>;64;[];[];['<BV64 x0>'];[];['<BV64 x0>'];[];[];0.0;1.8446744073709552e+19;1.8446744073709552e+19;1.0;;;True;0.0;1.8446744073709552e+19;1.8446744073709552e+19;1.0;;;True;ControlType.CONTROLLED;0;<BV64 x0>;64;[];[];[];[];[];[];[];0;0;0;;;;False;0;0;0;;;;False;ControlType.UNKNOWN;0;[('0x1ede8', <Bool True>, 'Taken')];{'regs': [], 'indirect_regs': [], 'direct_regs': [], 'mem': [], 'const_mem': []};[];{'regs': [], 'indirect_regs': [], 'direct_regs': [], 'mem': [], 'const_mem': []};{'regs': ['<BV64 x0>'], 'indirect_regs': [], 'direct_regs': ['<BV64 x0>'], 'mem': [], 'const_mem': []};{'regs': ['<BV64 x0>'], 'indirect_regs': [], 'direct_regs': ['<BV64 x0>'], 'mem': [], 'const_mem': []};63.0;0.0;64.0;64.0;[];;;;BaseControlType.CONSTANT_BASE;BaseControlType.CONSTANT_BASE;BaseControlType.CONSTANT_BASE;1;BranchControlType.BRANCH_INDEPENDENT_FROM_SECRET;BranchControlType.BRANCH_INDEPENDENT_FROM_SECRET;112600;True;False;True;True;True;False;False;True;True;False;False;False;True;False;True;False;True;False;True;False;[];['has_valid_base'];True;False;True;True;True;False;False;True;True;False;False;False;True;False;True;False;True;False;True;False;[];['has_valid_base']
3ee4ae49-969d-46f4-9824-79c84f2673bc;ZSTD_compressSequences;0x1ed90;0x1b7e0;0x0;TransmitterType.LOAD;55;0;False;['0x1ed90', '0x1b764'];<BV64 0xd0 + x0>;64;[];[];['<BV64 x0>'];[];['<BV64 x0>'];[];[];0;18446744073709551615;18446744073709551615;1;;;True;0;18446744073709551615;18446744073709551615;1;;;True;ControlType.CONTROLLED;0;<BV64 0xd0>;64;[];[];[];[];[];[];[];208.0;208.0;0.0;1.0;;;True;208.0;208.0;0.0;1.0;;;True;ControlType.NO_CONTROL;0;<BV64 0xd0>;64;[];[];[];[];[];[];[];208;208;0;1.0;;;True;208.0;208.0;0.0;1.0;;;True;ControlType.NO_CONTROL;0;<BV64 x0>;64;[];[];['<BV64 x0>'];[];['<BV64 x0>'];[];[];0.0;1.8446744073709552e+19;18446744073709551615;1;;;True;0.0;1.8446744073709552e+19;18446744073709551615;1;;;True;ControlType.CONTROLLED;0;<BV64 x0>;64;[];[];['<BV64 x0>'];[];['<BV64 x0>'];[];[];0.0;1.8446744073709552e+19;1.8446744073709552e+19;1.0;;;True;0.0;1.8446744073709552e+19;1.8446744073709552e+19;1.0;;;True;ControlType.CONTROLLED;0;<BV64 x0>;64;[];[];[];[];[];[];[];0;0;0;;;;False;0;0;0;;;;False;ControlType.UNKNOWN;0;[('0x1ede8', <Bool True>, 'Taken')];{'regs': [], 'indirect_regs': [], 'direct_regs': [], 'mem': [], 'const_mem': []};[];{'regs': [], 'indirect_regs': [], 'direct_regs': [], 'mem': [], 'const_mem': []};{'regs': ['<BV64 x0>'], 'indirect_regs': [], 'direct_regs': ['<BV64 x0>'], 'mem': [], 'const_mem': []};{'regs': ['<BV64 x0>'], 'indirect_regs': [], 'direct_regs': ['<BV64 x0>'], 'mem': [], 'const_mem': []};63.0;0.0;64.0;64.0;[];;;;BaseControlType.CONSTANT_BASE;BaseControlType.CONSTANT_BASE;BaseControlType.CONSTANT_BASE;1;BranchControlType.BRANCH_INDEPENDENT_FROM_SECRET;BranchControlType.BRANCH_INDEPENDENT_FROM_SECRET;112608;True;False;True;True;True;False;False;True;True;False;False;False;True;False;True;False;True;False;True;False;[];['has_valid_base'];True;False;True;True;True;False;False;True;True;False;False;False;True;False;True;False;True;False;True;False;[];['has_valid_base']
94657170-0728-4c6c-840a-c8c11bf1994a;ZSTD_compressSequences;0x1ed90;0x1b7e8;0x0;TransmitterType.LOAD;57;0;False;['0x1ed90', '0x1b764'];<BV64 0xe88 + x0>;64;[];[];['<BV64 x0>'];[];['<BV64 x0>'];[];[];0;18446744073709551615;18446744073709551615;1;;;True;0;18446744073709551615;18446744073709551615;1;;;True;ControlType.CONTROLLED;0;<BV64 0xe88>;64;[];[];[];[];[];[];[];3720.0;3720.0;0.0;1.0;;;True;3720.0;3720.0;0.0;1.0;;;True;ControlType.NO_CONTROL;0;<BV64 0xe88>;64;[];[];[];[];[];[];[];3720;3720;0;1.0;;;True;3720.0;3720.0;0.0;1.0;;;True;ControlType.NO_CONTROL;0;<BV64 x0>;64;[];[];['<BV64 x0>'];[];['<BV64 x0>'];[];[];0.0;1.8446744073709552e+19;18446744073709551615;1;;;True;0.0;1.8446744073709552e+19;18446744073709551615;1;;;True;ControlType.CONTROLLED;0;<BV64 x0>;64;[];[];['<BV64 x0>'];[];['<BV64 x0>'];[];[];0.0;1.8446744073709552e+19;1.8446744073709552e+19;1.0;;;True;0.0;1.8446744073709552e+19;1.8446744073709552e+19;1.0;;;True;ControlType.CONTROLLED;0;<BV64 x0>;64;[];[];[];[];[];[];[];0;0;0;;;;False;0;0;0;;;;False;ControlType.UNKNOWN;0;[('0x1ede8', <Bool True>, 'Taken')];{'regs': [], 'indirect_regs': [], 'direct_regs': [], 'mem': [], 'const_mem': []};[];{'regs': [], 'indirect_regs': [], 'direct_regs': [], 'mem': [], 'const_mem': []};{'regs': ['<BV64 x0>'], 'indirect_regs': [], 'direct_regs': ['<BV64 x0>'], 'mem': [], 'const_mem': []};{'regs': ['<BV64 x0>'], 'indirect_regs': [], 'direct_regs': ['<BV64 x0>'], 'mem': [], 'const_mem': []};63.0;0.0;64.0;64.0;[];;;;BaseControlType.CONSTANT_BASE;BaseControlType.CONSTANT_BASE;BaseControlType.CONSTANT_BASE;1;BranchControlType.BRANCH_INDEPENDENT_FROM_SECRET;BranchControlType.BRANCH_INDEPENDENT_FROM_SECRET;112616;True;False;True;True;True;False;False;True;True;False;False;False;True;False;True;False;True;False;True;False;[];['has_valid_base'];True;False;True;True;True;False;False;True;True;False;False;False;True;False;True;False;True;False;True;False;[];['has_valid_base']
2856387e-f8ed-4014-b292-65a097d07983;ZSTD_compressSequences;0x1ed90;0x1b7f0;0x0;TransmitterType.LOAD;59;0;False;['0x1ed90', '0x1b764'];<BV64 0xe50 + x0>;64;[];[];['<BV64 x0>'];[];['<BV64 x0>'];[];[];0;18446744073709551615;18446744073709551615;1;;;True;0;18446744073709551615;18446744073709551615;1;;;True;ControlType.CONTROLLED;0;<BV64 0xe50>;64;[];[];[];[];[];[];[];3664.0;3664.0;0.0;1.0;;;True;3664.0;3664.0;0.0;1.0;;;True;ControlType.NO_CONTROL;0;<BV64 0xe50>;64;[];[];[];[];[];[];[];3664;3664;0;1.0;;;True;3664.0;3664.0;0.0;1.0;;;True;ControlType.NO_CONTROL;0;<BV64 x0>;64;[];[];['<BV64 x0>'];[];['<BV64 x0>'];[];[];0.0;1.8446744073709552e+19;18446744073709551615;1;;;True;0.0;1.8446744073709552e+19;18446744073709551615;1;;;True;ControlType.CONTROLLED;0;<BV64 x0>;64;[];[];['<BV64 x0>'];[];['<BV64 x0>'];[];[];0.0;1.8446744073709552e+19;1.8446744073709552e+19;1.0;;;True;0.0;1.8446744073709552e+19;1.8446744073709552e+19;1.0;;;True;ControlType.CONTROLLED;0;<BV64 x0>;64;[];[];[];[];[];[];[];0;0;0;;;;False;0;0;0;;;;False;ControlType.UNKNOWN;0;[('0x1ede8', <Bool True>, 'Taken')];{'regs': [], 'indirect_regs': [], 'direct_regs': [], 'mem': [], 'const_mem': []};[];{'regs': [], 'indirect_regs': [], 'direct_regs': [], 'mem': [], 'const_mem': []};{'regs': ['<BV64 x0>'], 'indirect_regs': [], 'direct_regs': ['<BV64 x0>'], 'mem': [], 'const_mem': []};{'regs': ['<BV64 x0>'], 'indirect_regs': [], 'direct_regs': ['<BV64 x0>'], 'mem': [], 'const_mem': []};63.0;0.0;64.0;64.0;[];;;;BaseControlType.CONSTANT_BASE;BaseControlType.CONSTANT_BASE;BaseControlType.CONSTANT_BASE;1;BranchControlType.BRANCH_INDEPENDENT_FROM_SECRET;BranchControlType.BRANCH_INDEPENDENT_FROM_SECRET;112624;True;False;True;True;True;False;False;True;True;False;False;False;True;False;True;False;True;False;True;False;[];['has_valid_base'];True;False;True;True;True;False;False;True;True;False;False;False;True;False;True;False;True;False;True;False;[];['has_valid_base']
2e21f489-2d00-4185-9513-cd2a00ab7569;ZSTD_compressSequences;0x1ed90;0x1b7fc;0x0;TransmitterType.LOAD;62;0;False;['0x1ed90', '0x1b764'];<BV64 0xe78 + x0>;64;[];[];['<BV64 x0>'];[];['<BV64 x0>'];[];[];0;18446744073709551615;18446744073709551615;1;;;True;0;18446744073709551615;18446744073709551615;1;;;True;ControlType.CONTROLLED;0;<BV64 0xe78>;64;[];[];[];[];[];[];[];3704.0;3704.0;0.0;1.0;;;True;3704.0;3704.0;0.0;1.0;;;True;ControlType.NO_CONTROL;0;<BV64 0xe78>;64;[];[];[];[];[];[];[];3704;3704;0;1.0;;;True;3704.0;3704.0;0.0;1.0;;;True;ControlType.NO_CONTROL;0;<BV64 x0>;64;[];[];['<BV64 x0>'];[];['<BV64 x0>'];[];[];0.0;1.8446744073709552e+19;18446744073709551615;1;;;True;0.0;1.8446744073709552e+19;18446744073709551615;1;;;True;ControlType.CONTROLLED;0;<BV64 x0>;64;[];[];['<BV64 x0>'];[];['<BV64 x0>'];[];[];0.0;1.8446744073709552e+19;1.8446744073709552e+19;1.0;;;True;0.0;1.8446744073709552e+19;1.8446744073709552e+19;1.0;;;True;ControlType.CONTROLLED;0;<BV64 x0>;64;[];[];[];[];[];[];[];0;0;0;;;;False;0;0;0;;;;False;ControlType.UNKNOWN;0;[('0x1ede8', <Bool True>, 'Taken')];{'regs': [], 'indirect_regs': [], 'direct_regs': [], 'mem': [], 'const_mem': []};[];{'regs': [], 'indirect_regs': [], 'direct_regs': [], 'mem': [], 'const_mem': []};{'regs': ['<BV64 x0>'], 'indirect_regs': [], 'direct_regs': ['<BV64 x0>'], 'mem': [], 'const_mem': []};{'regs': ['<BV64 x0>'], 'indirect_regs': [], 'direct_regs': ['<BV64 x0>'], 'mem': [], 'const_mem': []};63.0;0.0;64.0;64.0;[];;;;BaseControlType.CONSTANT_BASE;BaseControlType.CONSTANT_BASE;BaseControlType.CONSTANT_BASE;1;BranchControlType.BRANCH_INDEPENDENT_FROM_SECRET;BranchControlType.BRANCH_INDEPENDENT_FROM_SECRET;112636;True;False;True;True;True;False;False;True;True;False;False;False;True;False;True;False;True;False;True;False;[];['has_valid_base'];True;False;True;True;True;False;False;True;True;False;False;False;True;False;True;False;True;False;True;False;[];['has_valid_base']
0e490cc5-f810-464d-a9c2-6f7ecade32e5;ZSTD_compressSequences;0x1ed90;0x1b800;0x0;TransmitterType.LOAD;63;0;False;['0x1ed90', '0x1b764'];<BV64 0xe80 + x0>;64;[];[];['<BV64 x0>'];[];['<BV64 x0>'];[];[];0;18446744073709551615;18446744073709551615;1;;;True;0;18446744073709551615;18446744073709551615;1;;;True;ControlType.CONTROLLED;0;<BV64 0xe80>;64;[];[];[];[];[];[];[];3712.0;3712.0;0.0;1.0;;;True;3712.0;3712.0;0.0;1.0;;;True;ControlType.NO_CONTROL;0;<BV64 0xe80>;64;[];[];[];[];[];[];[];3712;3712;0;1.0;;;True;3712.0;3712.0;0.0;1.0;;;True;ControlType.NO_CONTROL;0;<BV64 x0>;64;[];[];['<BV64 x0>'];[];['<BV64 x0>'];[];[];0.0;1.8446744073709552e+19;18446744073709551615;1;;;True;0.0;1.8446744073709552e+19;18446744073709551615;1;;;True;ControlType.CONTROLLED;0;<BV64 x0>;64;[];[];['<BV64 x0>'];[];['<BV64 x0>'];[];[];0.0;1.8446744073709552e+19;1.8446744073709552e+19;1.0;;;True;0.0;1.8446744073709552e+19;1.8446744073709552e+19;1.0;;;True;ControlType.CONTROLLED;0;<BV64 x0>;64;[];[];[];[];[];[];[];0;0;0;;;;False;0;0;0;;;;False;ControlType.UNKNOWN;0;[('0x1ede8', <Bool True>, 'Taken')];{'regs': [], 'indirect_regs': [], 'direct_regs': [], 'mem': [], 'const_mem': []};[];{'regs': [], 'indirect_regs': [], 'direct_regs': [], 'mem': [], 'const_mem': []};{'regs': ['<BV64 x0>'], 'indirect_regs': [], 'direct_regs': ['<BV64 x0>'], 'mem': [], 'const_mem': []};{'regs': ['<BV64 x0>'], 'indirect_regs': [], 'direct_regs': ['<BV64 x0>'], 'mem': [], 'const_mem': []};63.0;0.0;64.0;64.0;[];;;;BaseControlType.CONSTANT_BASE;BaseControlType.CONSTANT_BASE;BaseControlType.CONSTANT_BASE;1;BranchControlType.BRANCH_INDEPENDENT_FROM_SECRET;BranchControlType.BRANCH_INDEPENDENT_FROM_SECRET;112640;True;False;True;True;True;False;False;True;True;False;False;False;True;False;True;False;True;False;True;False;[];['has_valid_base'];True;False;True;True;True;False;False;True;True;False;False;False;True;False;True;False;True;False;True;False;[];['has_valid_base']
81fb55b2-bfc5-4142-b0dd-5879e4773fc7;ZSTD_compressSequences;0x1ed90;0x1b808;0x0;TransmitterType.LOAD;65;0;False;['0x1ed90', '0x1b764', '0x1b808'];<BV64 0xe68 + x0>;64;[];[];['<BV64 x0>'];[];['<BV64 x0>'];[];[];0;18446744073709551615;18446744073709551615;1;;;True;0;18446744073709551615;18446744073709551615;1;;;True;ControlType.CONTROLLED;0;<BV64 0xe68>;64;[];[];[];[];[];[];[];3688.0;3688.0;0.0;1.0;;;True;3688.0;3688.0;0.0;1.0;;;True;ControlType.NO_CONTROL;0;<BV64 0xe68>;64;[];[];[];[];[];[];[];3688;3688;0;1.0;;;True;3688.0;3688.0;0.0;1.0;;;True;ControlType.NO_CONTROL;0;<BV64 x0>;64;[];[];['<BV64 x0>'];[];['<BV64 x0>'];[];[];0.0;1.8446744073709552e+19;18446744073709551615;1;;;True;0.0;1.8446744073709552e+19;18446744073709551615;1;;;True;ControlType.CONTROLLED;0;<BV64 x0>;64;[];[];['<BV64 x0>'];[];['<BV64 x0>'];[];[];0.0;1.8446744073709552e+19;1.8446744073709552e+19;1.0;;;True;0.0;1.8446744073709552e+19;1.8446744073709552e+19;1.0;;;True;ControlType.CONTROLLED;0;<BV64 x0>;64;[];[];[];[];[];[];[];0;0;0;;;;False;0;0;0;;;;False;ControlType.UNKNOWN;0;[('0x1b804', <Bool LOAD_64[<BV64 x0 + 0xe50>]_79 != 0x0>, 'Taken'), ('0x1ede8', <Bool True>, 'Taken')];"{'regs': ['<BV64 x0>'], 'indirect_regs': [""<BV64 x0>: ['0xe50']""], 'direct_regs': [], 'mem': ['<BV64 x0 + 0xe50>'], 'const_mem': []}";[];{'regs': [], 'indirect_regs': [], 'direct_regs': [], 'mem': [], 'const_mem': []};{'regs': ['<BV64 x0>'], 'indirect_regs': [], 'direct_regs': ['<BV64 x0>'], 'mem': [], 'const_mem': []};"{'regs': ['<BV64 x0>', '<BV64 x0>'], 'indirect_regs': [""<BV64 x0>: ['0xe50']""], 'direct_regs': ['<BV64 x0>'], 'mem': ['<BV64 x0 + 0xe50>'], 'const_mem': []}";63.0;0.0;64.0;64.0;[];;;;BaseControlType.CONSTANT_BASE;BaseControlType.CONSTANT_BASE;BaseControlType.CONSTANT_BASE;2;BranchControlType.BRANCH_INDEPENDENT_FROM_SECRET;BranchControlType.BRANCH_INDEPENDENT_FROM_SECRET;112648;True;False;True;True;True;False;False;True;True;False;False;False;True;False;True;False;True;False;True;False;[];['has_valid_base'];True;False;True;True;True;False;False;True;True;False;False;False;True;False;True;False;True;False;True;False;[];['has_valid_base']
851d7cc7-ebd6-47b2-9fa9-868916b0df4b;ZSTD_compressSequences;0x1ed90;0x1b814;0x0;TransmitterType.STORE;68;0;False;['0x1ed90', '0x1b764', '0x1b808', '0x1b810'];<BV64 0xe78 + x0>;64;[];[];['<BV64 x0>'];[];['<BV64 x0>'];[];[];0;18446744073709551615;18446744073709551615;1;;;True;0;18446744073709551615;18446744073709551615;1;;;True;ControlType.CONTROLLED;0;<BV64 0xe78>;64;[];[];[];[];[];[];[];3704.0;3704.0;0.0;1.0;;;True;3704.0;3704.0;0.0;1.0;;;True;ControlType.NO_CONTROL;0;<BV64 0xe78>;64;[];[];[];[];[];[];[];3704;3704;0;1.0;;;True;3704.0;3704.0;0.0;1.0;;;True;ControlType.NO_CONTROL;0;<BV64 x0>;64;[];[];['<BV64 x0>'];[];['<BV64 x0>'];[];[];0.0;1.8446744073709552e+19;18446744073709551615;1;;;True;0.0;1.8446744073709552e+19;18446744073709551615;1;;;True;ControlType.CONTROLLED;0;<BV64 x0>;64;[];[];['<BV64 x0>'];[];['<BV64 x0>'];[];[];0.0;1.8446744073709552e+19;1.8446744073709552e+19;1.0;;;True;0.0;1.8446744073709552e+19;1.8446744073709552e+19;1.0;;;True;ControlType.CONTROLLED;0;<BV64 x0>;64;[];[];[];[];[];[];[];0;0;0;;;;False;0;0;0;;;;False;ControlType.UNKNOWN;0;[('0x1b804', <Bool LOAD_64[<BV64 x0 + 0xe50>]_79 != 0x0>, 'Taken'), ('0x1b80c', <Bool LOAD_64[<BV64 x0 + 0xe68>]_85 != 0x0>, 'Taken'), ('0x1ede8', <Bool True>, 'Taken')];"{'regs': ['<BV64 x0>'], 'indirect_regs': [""<BV64 x0>: ['0xe50', '0xe68']""], 'direct_regs': [], 'mem': ['<BV64 x0 + 0xe50>', '<BV64 x0 + 0xe68>'], 'const_mem': []}";[];{'regs': [], 'indirect_regs': [], 'direct_regs': [], 'mem': [], 'const_mem': []};{'regs': ['<BV64 x0>'], 'indirect_regs': [], 'direct_regs': ['<BV64 x0>'], 'mem': [], 'const_mem': []};{'regs': ['<BV64 x0>'], 'indirect_regs': [], 'direct_regs': ['<BV64 x0>'], 'mem': ['<BV64 x0 + 0xe50>', '<BV64 x0 + 0xe68>'], 'const_mem': []};63.0;0.0;64.0;64.0;[];;;;BaseControlType.CONSTANT_BASE;BaseControlType.CONSTANT_BASE;BaseControlType.CONSTANT_BASE;3;BranchControlType.BRANCH_DEPENDS_ON_SECRET_VALUE;BranchControlType.BRANCH_INDEPENDENT_FROM_SECRET;112660;True;False;True;True;True;False;False;True;True;False;False;False;True;False;True;True;True;False;True;False;[];['has_valid_base'];True;False;True;True;True;False;False;True;True;False;False;False;True;False;True;True;True;False;True;False;[];['has_valid_base']
60bce63e-0924-4304-be5d-e148bf946903;ZSTD_compressSequences;0x1ed90;0x1b814;0x0;TransmitterType.STORE;68;0;False;['0x1ed90', '0x1b764', '0x1b808', '0x1b810'];<BV64 0xe80 + x0>;64;[];[];['<BV64 x0>'];[];['<BV64 x0>'];[];[];0;18446744073709551615;18446744073709551615;1;;;True;0;18446744073709551615;18446744073709551615;1;;;True;ControlType.CONTROLLED;0;<BV64 0xe80>;64;[];[];[];[];[];[];[];3712.0;3712.0;0.0;1.0;;;True;3712.0;3712.0;0.0;1.0;;;True;ControlType.NO_CONTROL;0;<BV64 0xe80>;64;[];[];[];[];[];[];[];3712;3712;0;1.0;;;True;3712.0;3712.0;0.0;1.0;;;True;ControlType.NO_CONTROL;0;<BV64 x0>;64;[];[];['<BV64 x0>'];[];['<BV64 x0>'];[];[];0.0;1.8446744073709552e+19;18446744073709551615;1;;;True;0.0;1.8446744073709552e+19;18446744073709551615;1;;;True;ControlType.CONTROLLED;0;<BV64 x0>;64;[];[];['<BV64 x0>'];[];['<BV64 x0>'];[];[];0.0;1.8446744073709552e+19;1.8446744073709552e+19;1.0;;;True;0.0;1.8446744073709552e+19;1.8446744073709552e+19;1.0;;;True;ControlType.CONTROLLED;0;<BV64 x0>;64;[];[];[];[];[];[];[];0;0;0;;;;False;0;0;0;;;;False;ControlType.UNKNOWN;0;[('0x1b804', <Bool LOAD_64[<BV64 x0 + 0xe50>]_79 != 0x0>, 'Taken'), ('0x1b80c', <Bool LOAD_64[<BV64 x0 + 0xe68>]_85 != 0x0>, 'Taken'), ('0x1ede8', <Bool True>, 'Taken')];"{'regs': ['<BV64 x0>'], 'indirect_regs': [""<BV64 x0>: ['0xe50', '0xe68']""], 'direct_regs': [], 'mem': ['<BV64 x0 + 0xe50>', '<BV64 x0 + 0xe68>'], 'const_mem': []}";[];{'regs': [], 'indirect_regs': [], 'direct_regs': [], 'mem': [], 'const_mem': []};{'regs': ['<BV64 x0>'], 'indirect_regs': [], 'direct_regs': ['<BV64 x0>'], 'mem': [], 'const_mem': []};{'regs': ['<BV64 x0>'], 'indirect_regs': [], 'direct_regs': ['<BV64 x0>'], 'mem': ['<BV64 x0 + 0xe50>', '<BV64 x0 + 0xe68>'], 'const_mem': []};63.0;0.0;64.0;64.0;[];;;;BaseControlType.CONSTANT_BASE;BaseControlType.CONSTANT_BASE;BaseControlType.CONSTANT_BASE;3;BranchControlType.BRANCH_DEPENDS_ON_SECRET_VALUE;BranchControlType.BRANCH_INDEPENDENT_FROM_SECRET;112660;True;False;True;True;True;False;False;True;True;False;False;False;True;False;True;True;True;False;True;False;[];['has_valid_base'];True;False;True;True;True;False;False;True;True;False;False;False;True;False;True;True;True;False;True;False;[];['has_valid_base']
7f0834e1-ed52-4d08-bc39-1be2509300fe;ZSTD_compressSequences;0x1ed90;0x1b818;0x0;TransmitterType.LOAD;69;0;False;['0x1ed90', '0x1b764', '0x1b808', '0x1b810'];<BV64 0xe70 + x0>;64;[];[];['<BV64 x0>'];[];['<BV64 x0>'];[];[];0;18446744073709551615;18446744073709551615;1;;;True;0;18446744073709551615;18446744073709551615;1;;;True;ControlType.CONTROLLED;0;<BV64 0xe70>;64;[];[];[];[];[];[];[];3696.0;3696.0;0.0;1.0;;;True;3696.0;3696.0;0.0;1.0;;;True;ControlType.NO_CONTROL;0;<BV64 0xe70>;64;[];[];[];[];[];[];[];3696;3696;0;1.0;;;True;3696.0;3696.0;0.0;1.0;;;True;ControlType.NO_CONTROL;0;<BV64 x0>;64;[];[];['<BV64 x0>'];[];['<BV64 x0>'];[];[];0.0;1.8446744073709552e+19;18446744073709551615;1;;;True;0.0;1.8446744073709552e+19;18446744073709551615;1;;;True;ControlType.CONTROLLED;0;<BV64 x0>;64;[];[];['<BV64 x0>'];[];['<BV64 x0>'];[];[];0.0;1.8446744073709552e+19;1.8446744073709552e+19;1.0;;;True;0.0;1.8446744073709552e+19;1.8446744073709552e+19;1.0;;;True;ControlType.CONTROLLED;0;<BV64 x0>;64;[];[];[];[];[];[];[];0;0;0;;;;False;0;0;0;;;;False;ControlType.UNKNOWN;0;[('0x1b804', <Bool LOAD_64[<BV64 x0 + 0xe50>]_79 != 0x0>, 'Taken'), ('0x1b80c', <Bool LOAD_64[<BV64 x0 + 0xe68>]_85 != 0x0>, 'Taken'), ('0x1ede8', <Bool True>, 'Taken')];"{'regs': ['<BV64 x0>'], 'indirect_regs': [""<BV64 x0>: ['0xe50', '0xe68']""], 'direct_regs': [], 'mem': ['<BV64 x0 + 0xe50>', '<BV64 x0 + 0xe68>'], 'const_mem': []}";[];{'regs': [], 'indirect_regs': [], 'direct_regs': [], 'mem': [], 'const_mem': []};{'regs': ['<BV64 x0>'], 'indirect_regs': [], 'direct_regs': ['<BV64 x0>'], 'mem': [], 'const_mem': []};{'regs': ['<BV64 x0>'], 'indirect_regs': [], 'direct_regs': ['<BV64 x0>'], 'mem': ['<BV64 x0 + 0xe50>', '<BV64 x0 + 0xe68>'], 'const_mem': []};63.0;0.0;64.0;64.0;[];;;;BaseControlType.CONSTANT_BASE;BaseControlType.CONSTANT_BASE;BaseControlType.CONSTANT_BASE;3;BranchControlType.BRANCH_DEPENDS_ON_SECRET_VALUE;BranchControlType.BRANCH_INDEPENDENT_FROM_SECRET;112664;True;False;True;True;True;False;False;True;True;False;False;False;True;False;True;True;True;False;True;False;[];['has_valid_base'];True;False;True;True;True;False;False;True;True;False;False;False;True;False;True;True;True;False;True;False;[];['has_valid_base']
aaea1722-55dd-489e-b2ff-1c92e5a3c8d1;ZSTD_compressSequences;0x1ed90;0x1b81c;0x0;TransmitterType.STORE;70;0;False;['0x1ed90', '0x1b764', '0x1b808', '0x1b810'];<BV64 0xe88 + x0>;64;[];[];['<BV64 x0>'];[];['<BV64 x0>'];[];[];0;18446744073709551615;18446744073709551615;1;;;True;0;18446744073709551615;18446744073709551615;1;;;True;ControlType.CONTROLLED;0;<BV64 0xe88>;64;[];[];[];[];[];[];[];3720.0;3720.0;0.0;1.0;;;True;3720.0;3720.0;0.0;1.0;;;True;ControlType.NO_CONTROL;0;<BV64 0xe88>;64;[];[];[];[];[];[];[];3720;3720;0;1.0;;;True;3720.0;3720.0;0.0;1.0;;;True;ControlType.NO_CONTROL;0;<BV64 x0>;64;[];[];['<BV64 x0>'];[];['<BV64 x0>'];[];[];0.0;1.8446744073709552e+19;18446744073709551615;1;;;True;0.0;1.8446744073709552e+19;18446744073709551615;1;;;True;ControlType.CONTROLLED;0;<BV64 x0>;64;[];[];['<BV64 x0>'];[];['<BV64 x0>'];[];[];0.0;1.8446744073709552e+19;1.8446744073709552e+19;1.0;;;True;0.0;1.8446744073709552e+19;1.8446744073709552e+19;1.0;;;True;ControlType.CONTROLLED;0;<BV64 x0>;64;[];[];[];[];[];[];[];0;0;0;;;;False;0;0;0;;;;False;ControlType.UNKNOWN;0;[('0x1b804', <Bool LOAD_64[<BV64 x0 + 0xe50>]_79 != 0x0>, 'Taken'), ('0x1b80c', <Bool LOAD_64[<BV64 x0 + 0xe68>]_85 != 0x0>, 'Taken'), ('0x1ede8', <Bool True>, 'Taken')];"{'regs': ['<BV64 x0>'], 'indirect_regs': [""<BV64 x0>: ['0xe50', '0xe68']""], 'direct_regs': [], 'mem': ['<BV64 x0 + 0xe50>', '<BV64 x0 + 0xe68>'], 'const_mem': []}";[];{'regs': [], 'indirect_regs': [], 'direct_regs': [], 'mem': [], 'const_mem': []};{'regs': ['<BV64 x0>'], 'indirect_regs': [], 'direct_regs': ['<BV64 x0>'], 'mem': [], 'const_mem': []};{'regs': ['<BV64 x0>'], 'indirect_regs': [], 'direct_regs': ['<BV64 x0>'], 'mem': ['<BV64 x0 + 0xe50>', '<BV64 x0 + 0xe68>'], 'const_mem': []};63.0;0.0;64.0;64.0;[];;;;BaseControlType.CONSTANT_BASE;BaseControlType.CONSTANT_BASE;BaseControlType.CONSTANT_BASE;3;BranchControlType.BRANCH_DEPENDS_ON_SECRET_VALUE;BranchControlType.BRANCH_INDEPENDENT_FROM_SECRET;112668;True;False;True;True;True;False;False;True;True;False;False;False;True;False;True;True;True;False;True;False;[];['has_valid_base'];True;False;True;True;True;False;False;True;True;False;False;False;True;False;True;True;True;False;True;False;[];['has_valid_base']
ad4b699f-fca4-4a08-af45-dc92332ffcf6;ZSTD_compressSequences;0x1ed90;0x1b824;0x0;TransmitterType.LOAD;72;0;False;['0x1ed90', '0x1b764', '0x1b808', '0x1b810', '0x1b824'];<BV64 0xe68 + x0>;64;[];[];['<BV64 x0>'];[];['<BV64 x0>'];[];[];0;18446744073709551615;18446744073709551615;1;;;True;0;18446744073709551615;18446744073709551615;1;;;True;ControlType.CONTROLLED;0;<BV64 0xe68>;64;[];[];[];[];[];[];[];3688.0;3688.0;0.0;1.0;;;True;3688.0;3688.0;0.0;1.0;;;True;ControlType.NO_CONTROL;0;<BV64 0xe68>;64;[];[];[];[];[];[];[];3688;3688;0;1.0;;;True;3688.0;3688.0;0.0;1.0;;;True;ControlType.NO_CONTROL;0;<BV64 x0>;64;[];[];['<BV64 x0>'];[];['<BV64 x0>'];[];[];0.0;1.8446744073709552e+19;18446744073709551615;1;;;True;0.0;1.8446744073709552e+19;18446744073709551615;1;;;True;ControlType.CONTROLLED;0;<BV64 x0>;64;[];[];['<BV64 x0>'];[];['<BV64 x0>'];[];[];0.0;1.8446744073709552e+19;1.8446744073709552e+19;1.0;;;True;0.0;1.8446744073709552e+19;1.8446744073709552e+19;1.0;;;True;ControlType.CONTROLLED;0;<BV64 x0>;64;[];[];[];[];[];[];[];0;0;0;;;;False;0;0;0;;;;False;ControlType.UNKNOWN;0;[('0x1b804', <Bool LOAD_64[<BV64 x0 + 0xe50>]_79 != 0x0>, 'Taken'), ('0x1b80c', <Bool LOAD_64[<BV64 x0 + 0xe68>]_85 != 0x0>, 'Taken'), ('0x1b820', <Bool LOAD_64[<BV64 x0 + 0xe70>]_88 != 0x0>, 'Taken'), ('0x1ede8', <Bool True>, 'Taken')];"{'regs': ['<BV64 x0>'], 'indirect_regs': [""<BV64 x0>: ['0xe50', '0xe68', '0xe70']""], 'direct_regs': [], 'mem': ['<BV64 x0 + 0xe50>', '<BV64 x0 + 0xe68>', '<BV64 x0 + 0xe70>'], 'const_mem': []}";[];{'regs': [], 'indirect_regs': [], 'direct_regs': [], 'mem': [], 'const_mem': []};{'regs': ['<BV64 x0>'], 'indirect_regs': [], 'direct_regs': ['<BV64 x0>'], 'mem': [], 'const_mem': []};"{'regs': ['<BV64 x0>', '<BV64 x0>'], 'indirect_regs': [""<BV64 x0>: ['0xe50', '0xe68', '0xe70']""], 'direct_regs': ['<BV64 x0>'], 'mem': ['<BV64 x0 + 0xe50>', '<BV64 x0 + 0xe68>', '<BV64 x0 + 0xe70>'], 'const_mem': []}";63.0;0.0;64.0;64.0;[];;;;BaseControlType.CONSTANT_BASE;BaseControlType.CONSTANT_BASE;BaseControlType.CONSTANT_BASE;4;BranchControlType.BRANCH_INDEPENDENT_FROM_SECRET;BranchControlType.BRANCH_INDEPENDENT_FROM_SECRET;112676;True;False;True;True;True;False;False;True;True;False;False;False;True;False;True;False;True;False;True;False;[];['has_valid_base'];True;False;True;True;True;False;False;True;True;False;False;False;True;False;True;False;True;False;True;False;[];['has_valid_base']
19b19a39-78fe-46d9-bef4-eef3630ecad3;ZSTD_compressSequences;0x1ed90;0x1ba3c;0x0;TransmitterType.LOAD;68;0;False;['0x1ed90', '0x1b764', '0x1b808', '0x1ba38'];<BV64 0xe60 + x0>;64;[];[];['<BV64 x0>'];[];['<BV64 x0>'];[];[];0;18446744073709551615;18446744073709551615;1;;;True;0;18446744073709551615;18446744073709551615;1;;;True;ControlType.CONTROLLED;0;<BV64 0xe60>;64;[];[];[];[];[];[];[];3680.0;3680.0;0.0;1.0;;;True;3680.0;3680.0;0.0;1.0;;;True;ControlType.NO_CONTROL;0;<BV64 0xe60>;64;[];[];[];[];[];[];[];3680;3680;0;1.0;;;True;3680.0;3680.0;0.0;1.0;;;True;ControlType.NO_CONTROL;0;<BV64 x0>;64;[];[];['<BV64 x0>'];[];['<BV64 x0>'];[];[];0.0;1.8446744073709552e+19;18446744073709551615;1;;;True;0.0;1.8446744073709552e+19;18446744073709551615;1;;;True;ControlType.CONTROLLED;0;<BV64 x0>;64;[];[];['<BV64 x0>'];[];['<BV64 x0>'];[];[];0.0;1.8446744073709552e+19;1.8446744073709552e+19;1.0;;;True;0.0;1.8446744073709552e+19;1.8446744073709552e+19;1.0;;;True;ControlType.CONTROLLED;0;<BV64 x0>;64;[];[];[];[];[];[];[];0;0;0;;;;False;0;0;0;;;;False;ControlType.UNKNOWN;0;[('0x1b804', <Bool LOAD_64[<BV64 x0 + 0xe50>]_79 != 0x0>, 'Taken'), ('0x1b80c', <Bool LOAD_64[<BV64 x0 + 0xe68>]_85 == 0x0>, 'Taken'), ('0x1ede8', <Bool True>, 'Taken')];"{'regs': ['<BV64 x0>'], 'indirect_regs': [""<BV64 x0>: ['0xe50', '0xe68']""], 'direct_regs': [], 'mem': ['<BV64 x0 + 0xe50>', '<BV64 x0 + 0xe68>'], 'const_mem': []}";[];{'regs': [], 'indirect_regs': [], 'direct_regs': [], 'mem': [], 'const_mem': []};{'regs': ['<BV64 x0>'], 'indirect_regs': [], 'direct_regs': ['<BV64 x0>'], 'mem': [], 'const_mem': []};{'regs': ['<BV64 x0>'], 'indirect_regs': [], 'direct_regs': ['<BV64 x0>'], 'mem': ['<BV64 x0 + 0xe50>', '<BV64 x0 + 0xe68>'], 'const_mem': []};63.0;0.0;64.0;64.0;[];;;;BaseControlType.CONSTANT_BASE;BaseControlType.CONSTANT_BASE;BaseControlType.CONSTANT_BASE;3;BranchControlType.BRANCH_DEPENDS_ON_SECRET_VALUE;BranchControlType.BRANCH_INDEPENDENT_FROM_SECRET;113212;True;False;True;True;True;False;False;True;True;False;False;False;True;False;True;True;True;False;True;False;[];['has_valid_base'];True;False;True;True;True;False;False;True;True;False;False;False;True;False;True;True;True;False;True;False;[];['has_valid_base']
4413da81-017e-4c27-8775-4346334bddb4;ZSTD_compressSequences;0x1ed90;0x1ba40;0x0;TransmitterType.LOAD;69;0;False;['0x1ed90', '0x1b764', '0x1b808', '0x1ba38'];<BV64 0xe58 + x0>;64;[];[];['<BV64 x0>'];[];['<BV64 x0>'];[];[];0;18446744073709551615;18446744073709551615;1;;;True;0;18446744073709551615;18446744073709551615;1;;;True;ControlType.CONTROLLED;0;<BV64 0xe58>;64;[];[];[];[];[];[];[];3672.0;3672.0;0.0;1.0;;;True;3672.0;3672.0;0.0;1.0;;;True;ControlType.NO_CONTROL;0;<BV64 0xe58>;64;[];[];[];[];[];[];[];3672;3672;0;1.0;;;True;3672.0;3672.0;0.0;1.0;;;True;ControlType.NO_CONTROL;0;<BV64 x0>;64;[];[];['<BV64 x0>'];[];['<BV64 x0>'];[];[];0.0;1.8446744073709552e+19;18446744073709551615;1;;;True;0.0;1.8446744073709552e+19;18446744073709551615;1;;;True;ControlType.CONTROLLED;0;<BV64 x0>;64;[];[];['<BV64 x0>'];[];['<BV64 x0>'];[];[];0.0;1.8446744073709552e+19;1.8446744073709552e+19;1.0;;;True;0.0;1.8446744073709552e+19;1.8446744073709552e+19;1.0;;;True;ControlType.CONTROLLED;0;<BV64 x0>;64;[];[];[];[];[];[];[];0;0;0;;;;False;0;0;0;;;;False;ControlType.UNKNOWN;0;[('0x1b804', <Bool LOAD_64[<BV64 x0 + 0xe50>]_79 != 0x0>, 'Taken'), ('0x1b80c', <Bool LOAD_64[<BV64 x0 + 0xe68>]_85 == 0x0>, 'Taken'), ('0x1ede8', <Bool True>, 'Taken')];"{'regs': ['<BV64 x0>'], 'indirect_regs': [""<BV64 x0>: ['0xe50', '0xe68']""], 'direct_regs': [], 'mem': ['<BV64 x0 + 0xe50>', '<BV64 x0 + 0xe68>'], 'const_mem': []}";[];{'regs': [], 'indirect_regs': [], 'direct_regs': [], 'mem': [], 'const_mem': []};{'regs': ['<BV64 x0>'], 'indirect_regs': [], 'direct_regs': ['<BV64 x0>'], 'mem': [], 'const_mem': []};{'regs': ['<BV64 x0>'], 'indirect_regs': [], 'direct_regs': ['<BV64 x0>'], 'mem': ['<BV64 x0 + 0xe50>', '<BV64 x0 + 0xe68>'], 'const_mem': []};63.0;0.0;64.0;64.0;[];;;;BaseControlType.CONSTANT_BASE;BaseControlType.CONSTANT_BASE;BaseControlType.CONSTANT_BASE;3;BranchControlType.BRANCH_DEPENDS_ON_SECRET_VALUE;BranchControlType.BRANCH_INDEPENDENT_FROM_SECRET;113216;True;False;True;True;True;False;False;True;True;False;False;False;True;False;True;True;True;False;True;False;[];['has_valid_base'];True;False;True;True;True;False;False;True;True;False;False;False;True;False;True;True;True;False;True;False;[];['has_valid_base']
5e98eb1b-028b-4247-bbb2-532ec0c96d51;ZSTD_compressSequences;0x1ed90;0x1ba48;0x0;TransmitterType.LOAD;71;0;False;['0x1ed90', '0x1b764', '0x1b808', '0x1ba38'];<BV64 0x368 + x0>;64;[];[];['<BV64 x0>'];[];['<BV64 x0>'];[];[];0;18446744073709551615;18446744073709551615;1;;;True;0;18446744073709551615;18446744073709551615;1;;;True;ControlType.CONTROLLED;0;<BV64 0x368>;64;[];[];[];[];[];[];[];872.0;872.0;0.0;1.0;;;True;872.0;872.0;0.0;1.0;;;True;ControlType.NO_CONTROL;0;<BV64 0x368>;64;[];[];[];[];[];[];[];872;872;0;1.0;;;True;872.0;872.0;0.0;1.0;;;True;ControlType.NO_CONTROL;0;<BV64 x0>;64;[];[];['<BV64 x0>'];[];['<BV64 x0>'];[];[];0.0;1.8446744073709552e+19;18446744073709551615;1;;;True;0.0;1.8446744073709552e+19;18446744073709551615;1;;;True;ControlType.CONTROLLED;0;<BV64 x0>;64;[];[];['<BV64 x0>'];[];['<BV64 x0>'];[];[];0.0;1.8446744073709552e+19;1.8446744073709552e+19;1.0;;;True;0.0;1.8446744073709552e+19;1.8446744073709552e+19;1.0;;;True;ControlType.CONTROLLED;0;<BV64 x0>;64;[];[];[];[];[];[];[];0;0;0;;;;False;0;0;0;;;;False;ControlType.UNKNOWN;0;[('0x1b804', <Bool LOAD_64[<BV64 x0 + 0xe50>]_79 != 0x0>, 'Taken'), ('0x1b80c', <Bool LOAD_64[<BV64 x0 + 0xe68>]_85 == 0x0>, 'Taken'), ('0x1ede8', <Bool True>, 'Taken')];"{'regs': ['<BV64 x0>'], 'indirect_regs': [""<BV64 x0>: ['0xe50', '0xe68']""], 'direct_regs': [], 'mem': ['<BV64 x0 + 0xe50>', '<BV64 x0 + 0xe68>'], 'const_mem': []}";[];{'regs': [], 'indirect_regs': [], 'direct_regs': [], 'mem': [], 'const_mem': []};{'regs': ['<BV64 x0>'], 'indirect_regs': [], 'direct_regs': ['<BV64 x0>'], 'mem': [], 'const_mem': []};{'regs': ['<BV64 x0>'], 'indirect_regs': [], 'direct_regs': ['<BV64 x0>'], 'mem': ['<BV64 x0 + 0xe50>', '<BV64 x0 + 0xe68>'], 'const_mem': []};63.0;0.0;64.0;64.0;[];;;;BaseControlType.CONSTANT_BASE;BaseControlType.CONSTANT_BASE;BaseControlType.CONSTANT_BASE;3;BranchControlType.BRANCH_DEPENDS_ON_SECRET_VALUE;BranchControlType.BRANCH_INDEPENDENT_FROM_SECRET;113224;True;False;True;True;True;False;False;True;True;False;False;False;True;False;True;True;True;False;True;False;[];['has_valid_base'];True;False;True;True;True;False;False;True;True;False;False;False;True;False;True;True;True;False;True;False;[];['has_valid_base']
22ca6527-4da3-4c32-814f-1ef9125efb8e;ZSTD_compressSequences;0x1ed90;0x1ba48;0x0;TransmitterType.LOAD;71;0;False;['0x1ed90', '0x1b764', '0x1b808', '0x1ba38'];<BV64 0x370 + x0>;64;[];[];['<BV64 x0>'];[];['<BV64 x0>'];[];[];0;18446744073709551615;18446744073709551615;1;;;True;0;18446744073709551615;18446744073709551615;1;;;True;ControlType.CONTROLLED;0;<BV64 0x370>;64;[];[];[];[];[];[];[];880.0;880.0;0.0;1.0;;;True;880.0;880.0;0.0;1.0;;;True;ControlType.NO_CONTROL;0;<BV64 0x370>;64;[];[];[];[];[];[];[];880;880;0;1.0;;;True;880.0;880.0;0.0;1.0;;;True;ControlType.NO_CONTROL;0;<BV64 x0>;64;[];[];['<BV64 x0>'];[];['<BV64 x0>'];[];[];0.0;1.8446744073709552e+19;18446744073709551615;1;;;True;0.0;1.8446744073709552e+19;18446744073709551615;1;;;True;ControlType.CONTROLLED;0;<BV64 x0>;64;[];[];['<BV64 x0>'];[];['<BV64 x0>'];[];[];0.0;1.8446744073709552e+19;1.8446744073709552e+19;1.0;;;True;0.0;1.8446744073709552e+19;1.8446744073709552e+19;1.0;;;True;ControlType.CONTROLLED;0;<BV64 x0>;64;[];[];[];[];[];[];[];0;0;0;;;;False;0;0;0;;;;False;ControlType.UNKNOWN;0;[('0x1b804', <Bool LOAD_64[<BV64 x0 + 0xe50>]_79 != 0x0>, 'Taken'), ('0x1b80c', <Bool LOAD_64[<BV64 x0 + 0xe68>]_85 == 0x0>, 'Taken'), ('0x1ede8', <Bool True>, 'Taken')];"{'regs': ['<BV64 x0>'], 'indirect_regs': [""<BV64 x0>: ['0xe50', '0xe68']""], 'direct_regs': [], 'mem': ['<BV64 x0 + 0xe50>', '<BV64 x0 + 0xe68>'], 'const_mem': []}";[];{'regs': [], 'indirect_regs': [], 'direct_regs': [], 'mem': [], 'const_mem': []};{'regs': ['<BV64 x0>'], 'indirect_regs': [], 'direct_regs': ['<BV64 x0>'], 'mem': [], 'const_mem': []};"{'regs': ['<BV64 x0>', '<BV64 x0>'], 'indirect_regs': [""<BV64 x0>: ['0xe50', '0xe68']""], 'direct_regs': ['<BV64 x0>'], 'mem': ['<BV64 x0 + 0xe50>', '<BV64 x0 + 0xe68>'], 'const_mem': []}";63.0;0.0;64.0;64.0;[];;;;BaseControlType.CONSTANT_BASE;BaseControlType.CONSTANT_BASE;BaseControlType.CONSTANT_BASE;3;BranchControlType.BRANCH_INDEPENDENT_FROM_SECRET;BranchControlType.BRANCH_INDEPENDENT_FROM_SECRET;113224;True;False;True;True;True;False;False;True;True;False;False;False;True;False;True;False;True;False;True;False;[];['has_valid_base'];True;False;True;True;True;False;False;True;True;False;False;False;True;False;True;False;True;False;True;False;[];['has_valid_base']
582630b4-a3a7-4057-91d3-05717c712fbd;ZSTD_compressSequences;0x1ed90;0x1ba54;0x0;TransmitterType.LOAD;74;0;False;['0x1ed90', '0x1b764', '0x1b808', '0x1ba38'];<BV64 0x378 + x0>;64;[];[];['<BV64 x0>'];[];['<BV64 x0>'];[];[];0;18446744073709551615;18446744073709551615;1;;;True;0;18446744073709551615;18446744073709551615;1;;;True;ControlType.CONTROLLED;0;<BV64 0x378>;64;[];[];[];[];[];[];[];888.0;888.0;0.0;1.0;;;True;888.0;888.0;0.0;1.0;;;True;ControlType.NO_CONTROL;0;<BV64 0x378>;64;[];[];[];[];[];[];[];888;888;0;1.0;;;True;888.0;888.0;0.0;1.0;;;True;ControlType.NO_CONTROL;0;<BV64 x0>;64;[];[];['<BV64 x0>'];[];['<BV64 x0>'];[];[];0.0;1.8446744073709552e+19;18446744073709551615;1;;;True;0.0;1.8446744073709552e+19;18446744073709551615;1;;;True;ControlType.CONTROLLED;0;<BV64 x0>;64;[];[];['<BV64 x0>'];[];['<BV64 x0>'];[];[];0.0;1.8446744073709552e+19;1.8446744073709552e+19;1.0;;;True;0.0;1.8446744073709552e+19;1.8446744073709552e+19;1.0;;;True;ControlType.CONTROLLED;0;<BV64 x0>;64;[];[];[];[];[];[];[];0;0;0;;;;False;0;0;0;;;;False;ControlType.UNKNOWN;0;[('0x1b804', <Bool LOAD_64[<BV64 x0 + 0xe50>]_79 != 0x0>, 'Taken'), ('0x1b80c', <Bool LOAD_64[<BV64 x0 + 0xe68>]_85 == 0x0>, 'Taken'), ('0x1ede8', <Bool True>, 'Taken')];"{'regs': ['<BV64 x0>'], 'indirect_regs': [""<BV64 x0>: ['0xe50', '0xe68']""], 'direct_regs': [], 'mem': ['<BV64 x0 + 0xe50>', '<BV64 x0 + 0xe68>'], 'const_mem': []}";[];{'regs': [], 'indirect_regs': [], 'direct_regs': [], 'mem': [], 'const_mem': []};{'regs': ['<BV64 x0>'], 'indirect_regs': [], 'direct_regs': ['<BV64 x0>'], 'mem': [], 'const_mem': []};"{'regs': ['<BV64 x0>', '<BV64 x0>'], 'indirect_regs': [""<BV64 x0>: ['0xe50', '0xe68']""], 'direct_regs': ['<BV64 x0>'], 'mem': ['<BV64 x0 + 0xe50>', '<BV64 x0 + 0xe68>'], 'const_mem': []}";63.0;0.0;64.0;64.0;[];;;;BaseControlType.CONSTANT_BASE;BaseControlType.CONSTANT_BASE;BaseControlType.CONSTANT_BASE;3;BranchControlType.BRANCH_INDEPENDENT_FROM_SECRET;BranchControlType.BRANCH_INDEPENDENT_FROM_SECRET;113236;True;False;True;True;True;False;False;True;True;False;False;False;True;False;True;False;True;False;True;False;[];['has_valid_base'];True;False;True;True;True;False;False;True;True;False;False;False;True;False;True;False;True;False;True;False;[];['has_valid_base']
40efd464-88a9-4627-b817-b0c584ada318;ZSTD_compressSequences;0x1ed90;0x19e6c;0x0;TransmitterType.LOAD;88;0;False;['0x1ed90', '0x1b764', '0x1b808', '0x1ba38', '0x19e44'];<BV64 0x10 + x0>;64;[];[];['<BV64 x0>'];[];['<BV64 x0>'];[];[];0;18446744073709551615;18446744073709551615;1;;;True;0;18446744073709551615;18446744073709551615;1;;;True;ControlType.CONTROLLED;0;<BV64 0x10>;64;[];[];[];[];[];[];[];16.0;16.0;0.0;1.0;;;True;16.0;16.0;0.0;1.0;;;True;ControlType.NO_CONTROL;0;<BV64 0x10>;64;[];[];[];[];[];[];[];16;16;0;1.0;;;True;16.0;16.0;0.0;1.0;;;True;ControlType.NO_CONTROL;0;<BV64 x0>;64;[];[];['<BV64 x0>'];[];['<BV64 x0>'];[];[];0.0;1.8446744073709552e+19;18446744073709551615;1;;;True;0.0;1.8446744073709552e+19;18446744073709551615;1;;;True;ControlType.CONTROLLED;0;<BV64 x0>;64;[];[];['<BV64 x0>'];[];['<BV64 x0>'];[];[];0.0;1.8446744073709552e+19;1.8446744073709552e+19;1.0;;;True;0.0;1.8446744073709552e+19;1.8446744073709552e+19;1.0;;;True;ControlType.CONTROLLED;0;<BV64 x0>;64;[];[];[];[];[];[];[];0;0;0;;;;False;0;0;0;;;;False;ControlType.UNKNOWN;0;[('0x1b804', <Bool LOAD_64[<BV64 x0 + 0xe50>]_79 != 0x0>, 'Taken'), ('0x1b80c', <Bool LOAD_64[<BV64 x0 + 0xe68>]_85 == 0x0>, 'Taken'), ('0x1ba60', <Bool True>, 'Taken'), ('0x1ede8', <Bool True>, 'Taken')];"{'regs': ['<BV64 x0>'], 'indirect_regs': [""<BV64 x0>: ['0xe50', '0xe68']""], 'direct_regs': [], 'mem': ['<BV64 x0 + 0xe50>', '<BV64 x0 + 0xe68>'], 'const_mem': []}";[];{'regs': [], 'indirect_regs': [], 'direct_regs': [], 'mem': [], 'const_mem': []};{'regs': ['<BV64 x0>'], 'indirect_regs': [], 'direct_regs': ['<BV64 x0>'], 'mem': [], 'const_mem': []};"{'regs': ['<BV64 x0>', '<BV64 x0>'], 'indirect_regs': [""<BV64 x0>: ['0xe50', '0xe68']""], 'direct_regs': ['<BV64 x0>'], 'mem': ['<BV64 x0 + 0xe50>', '<BV64 x0 + 0xe68>'], 'const_mem': []}";63.0;0.0;64.0;64.0;['<Bool LOAD_128[<BV64 x0 + 0x10>]_49 == LOAD_128[<BV64 0x10 + x0>]_109>'];;;;BaseControlType.CONSTANT_BASE;BaseControlType.CONSTANT_BASE;BaseControlType.CONSTANT_BASE;4;BranchControlType.BRANCH_INDEPENDENT_FROM_SECRET;BranchControlType.BRANCH_INDEPENDENT_FROM_SECRET;106092;True;False;True;True;True;False;False;True;True;False;False;False;True;False;True;False;True;False;True;False;[];['has_valid_base'];True;False;True;True;True;False;False;True;True;False;False;False;True;False;True;False;True;False;True;False;[];['has_valid_base']
221c1703-cc1c-401b-85b5-d827fe164d15;ZSTD_compressSequences;0x1ed90;0x19e6c;0x0;TransmitterType.LOAD;88;0;False;['0x1ed90', '0x1b764', '0x1b808', '0x1ba38', '0x19e44'];<BV64 0x20 + x0>;64;[];[];['<BV64 x0>'];[];['<BV64 x0>'];[];[];0;18446744073709551615;18446744073709551615;1;;;True;0;18446744073709551615;18446744073709551615;1;;;True;ControlType.CONTROLLED;0;<BV64 0x20>;64;[];[];[];[];[];[];[];32.0;32.0;0.0;1.0;;;True;32.0;32.0;0.0;1.0;;;True;ControlType.NO_CONTROL;0;<BV64 0x20>;64;[];[];[];[];[];[];[];32;32;0;1.0;;;True;32.0;32.0;0.0;1.0;;;True;ControlType.NO_CONTROL;0;<BV64 x0>;64;[];[];['<BV64 x0>'];[];['<BV64 x0>'];[];[];0.0;1.8446744073709552e+19;18446744073709551615;1;;;True;0.0;1.8446744073709552e+19;18446744073709551615;1;;;True;ControlType.CONTROLLED;0;<BV64 x0>;64;[];[];['<BV64 x0>'];[];['<BV64 x0>'];[];[];0.0;1.8446744073709552e+19;1.8446744073709552e+19;1.0;;;True;0.0;1.8446744073709552e+19;1.8446744073709552e+19;1.0;;;True;ControlType.CONTROLLED;0;<BV64 x0>;64;[];[];[];[];[];[];[];0;0;0;;;;False;0;0;0;;;;False;ControlType.UNKNOWN;0;[('0x1b804', <Bool LOAD_64[<BV64 x0 + 0xe50>]_79 != 0x0>, 'Taken'), ('0x1b80c', <Bool LOAD_64[<BV64 x0 + 0xe68>]_85 == 0x0>, 'Taken'), ('0x1ba60', <Bool True>, 'Taken'), ('0x1ede8', <Bool True>, 'Taken')];"{'regs': ['<BV64 x0>'], 'indirect_regs': [""<BV64 x0>: ['0xe50', '0xe68']""], 'direct_regs': [], 'mem': ['<BV64 x0 + 0xe50>', '<BV64 x0 + 0xe68>'], 'const_mem': []}";[];{'regs': [], 'indirect_regs': [], 'direct_regs': [], 'mem': [], 'const_mem': []};{'regs': ['<BV64 x0>'], 'indirect_regs': [], 'direct_regs': ['<BV64 x0>'], 'mem': [], 'const_mem': []};"{'regs': ['<BV64 x0>', '<BV64 x0>'], 'indirect_regs': [""<BV64 x0>: ['0xe50', '0xe68']""], 'direct_regs': ['<BV64 x0>'], 'mem': ['<BV64 x0 + 0xe50>', '<BV64 x0 + 0xe68>'], 'const_mem': []}";63.0;0.0;64.0;64.0;['<Bool LOAD_128[<BV64 x0 + 0x10>]_49 == LOAD_128[<BV64 0x10 + x0>]_109>', '<Bool LOAD_128[<BV64 x0 + 0x20>]_50 == LOAD_128[<BV64 x0 + 0x20>]_110>'];;;;BaseControlType.CONSTANT_BASE;BaseControlType.CONSTANT_BASE;BaseControlType.CONSTANT_BASE;4;BranchControlType.BRANCH_INDEPENDENT_FROM_SECRET;BranchControlType.BRANCH_INDEPENDENT_FROM_SECRET;106092;True;False;True;True;True;False;False;True;True;False;False;False;True;False;True;False;True;False;True;False;[];['has_valid_base'];True;False;True;True;True;False;False;True;True;False;False;False;True;False;True;False;True;False;True;False;[];['has_valid_base']
a0427283-0c69-4bef-9bf5-dd0ce496f718;ZSTD_compressSequences;0x1ed90;0x19e70;0x0;TransmitterType.LOAD;89;0;False;['0x1ed90', '0x1b764', '0x1b808', '0x1ba38', '0x19e44'];<BV64 0x30 + x0>;64;[];[];['<BV64 x0>'];[];['<BV64 x0>'];[];[];0;18446744073709551615;18446744073709551615;1;;;True;0;18446744073709551615;18446744073709551615;1;;;True;ControlType.CONTROLLED;0;<BV64 0x30>;64;[];[];[];[];[];[];[];48.0;48.0;0.0;1.0;;;True;48.0;48.0;0.0;1.0;;;True;ControlType.NO_CONTROL;0;<BV64 0x30>;64;[];[];[];[];[];[];[];48;48;0;1.0;;;True;48.0;48.0;0.0;1.0;;;True;ControlType.NO_CONTROL;0;<BV64 x0>;64;[];[];['<BV64 x0>'];[];['<BV64 x0>'];[];[];0.0;1.8446744073709552e+19;18446744073709551615;1;;;True;0.0;1.8446744073709552e+19;18446744073709551615;1;;;True;ControlType.CONTROLLED;0;<BV64 x0>;64;[];[];['<BV64 x0>'];[];['<BV64 x0>'];[];[];0.0;1.8446744073709552e+19;1.8446744073709552e+19;1.0;;;True;0.0;1.8446744073709552e+19;1.8446744073709552e+19;1.0;;;True;ControlType.CONTROLLED;0;<BV64 x0>;64;[];[];[];[];[];[];[];0;0;0;;;;False;0;0;0;;;;False;ControlType.UNKNOWN;0;[('0x1b804', <Bool LOAD_64[<BV64 x0 + 0xe50>]_79 != 0x0>, 'Taken'), ('0x1b80c', <Bool LOAD_64[<BV64 x0 + 0xe68>]_85 == 0x0>, 'Taken'), ('0x1ba60', <Bool True>, 'Taken'), ('0x1ede8', <Bool True>, 'Taken')];"{'regs': ['<BV64 x0>'], 'indirect_regs': [""<BV64 x0>: ['0xe50', '0xe68']""], 'direct_regs': [], 'mem': ['<BV64 x0 + 0xe50>', '<BV64 x0 + 0xe68>'], 'const_mem': []}";[];{'regs': [], 'indirect_regs': [], 'direct_regs': [], 'mem': [], 'const_mem': []};{'regs': ['<BV64 x0>'], 'indirect_regs': [], 'direct_regs': ['<BV64 x0>'], 'mem': [], 'const_mem': []};{'regs': ['<BV64 x0>'], 'indirect_regs': [], 'direct_regs': ['<BV64 x0>'], 'mem': ['<BV64 x0 + 0xe50>', '<BV64 x0 + 0xe68>'], 'const_mem': []};63.0;0.0;64.0;64.0;['<Bool LOAD_128[<BV64 x0 + 0x10>]_49 == LOAD_128[<BV64 0x10 + x0>]_109>', '<Bool LOAD_128[<BV64 x0 + 0x20>]_50 == LOAD_128[<BV64 x0 + 0x20>]_110>', '<Bool LOAD_128[<BV64 x0 + 0x30>]_52 == LOAD_128[<BV64 x0 + 0x30>]_111>'];;;;BaseControlType.CONSTANT_BASE;BaseControlType.CONSTANT_BASE;BaseControlType.CONSTANT_BASE;4;BranchControlType.BRANCH_DEPENDS_ON_SECRET_VALUE;BranchControlType.BRANCH_INDEPENDENT_FROM_SECRET;106096;True;False;True;True;True;False;False;True;True;False;False;False;True;False;True;True;True;False;True;False;[];['has_valid_base'];True;False;True;True;True;False;False;True;True;False;False;False;True;False;True;True;True;False;True;False;[];['has_valid_base']
758eda9b-411c-441d-a7ec-ea5ad51f602f;ZSTD_compressSequences;0x1ed90;0x19e70;0x0;TransmitterType.LOAD;89;0;False;['0x1ed90', '0x1b764', '0x1b808', '0x1ba38', '0x19e44'];<BV64 0x40 + x0>;64;[];[];['<BV64 x0>'];[];['<BV64 x0>'];[];[];0;18446744073709551615;18446744073709551615;1;;;True;0;18446744073709551615;18446744073709551615;1;;;True;ControlType.CONTROLLED;0;<BV64 0x40>;64;[];[];[];[];[];[];[];64.0;64.0;0.0;1.0;;;True;64.0;64.0;0.0;1.0;;;True;ControlType.NO_CONTROL;0;<BV64 0x40>;64;[];[];[];[];[];[];[];64;64;0;1.0;;;True;64.0;64.0;0.0;1.0;;;True;ControlType.NO_CONTROL;0;<BV64 x0>;64;[];[];['<BV64 x0>'];[];['<BV64 x0>'];[];[];0.0;1.8446744073709552e+19;18446744073709551615;1;;;True;0.0;1.8446744073709552e+19;18446744073709551615;1;;;True;ControlType.CONTROLLED;0;<BV64 x0>;64;[];[];['<BV64 x0>'];[];['<BV64 x0>'];[];[];0.0;1.8446744073709552e+19;1.8446744073709552e+19;1.0;;;True;0.0;1.8446744073709552e+19;1.8446744073709552e+19;1.0;;;True;ControlType.CONTROLLED;0;<BV64 x0>;64;[];[];[];[];[];[];[];0;0;0;;;;False;0;0;0;;;;False;ControlType.UNKNOWN;0;[('0x1b804', <Bool LOAD_64[<BV64 x0 + 0xe50>]_79 != 0x0>, 'Taken'), ('0x1b80c', <Bool LOAD_64[<BV64 x0 + 0xe68>]_85 == 0x0>, 'Taken'), ('0x1ba60', <Bool True>, 'Taken'), ('0x1ede8', <Bool True>, 'Taken')];"{'regs': ['<BV64 x0>'], 'indirect_regs': [""<BV64 x0>: ['0xe50', '0xe68']""], 'direct_regs': [], 'mem': ['<BV64 x0 + 0xe50>', '<BV64 x0 + 0xe68>'], 'const_mem': []}";[];{'regs': [], 'indirect_regs': [], 'direct_regs': [], 'mem': [], 'const_mem': []};{'regs': ['<BV64 x0>'], 'indirect_regs': [], 'direct_regs': ['<BV64 x0>'], 'mem': [], 'const_mem': []};"{'regs': ['<BV64 x0>', '<BV64 x0>'], 'indirect_regs': [""<BV64 x0>: ['0xe50', '0xe68']""], 'direct_regs': ['<BV64 x0>'], 'mem': ['<BV64 x0 + 0xe50>', '<BV64 x0 + 0xe68>'], 'const_mem': []}";63.0;0.0;64.0;64.0;['<Bool LOAD_128[<BV64 x0 + 0x10>]_49 == LOAD_128[<BV64 0x10 + x0>]_109>', '<Bool LOAD_128[<BV64 x0 + 0x20>]_50 == LOAD_128[<BV64 x0 + 0x20>]_110>', '<Bool LOAD_128[<BV64 x0 + 0x30>]_52 == LOAD_128[<BV64 x0 + 0x30>]_111>', '<Bool LOAD_128[<BV64 x0 + 0x40>]_53 == LOAD_128[<BV64 x0 + 0x40>]_112>'];;;;BaseControlType.CONSTANT_BASE;BaseControlType.CONSTANT_BASE;BaseControlType.CONSTANT_BASE;4;BranchControlType.BRANCH_INDEPENDENT_FROM_SECRET;BranchControlType.BRANCH_INDEPENDENT_FROM_SECRET;106096;True;False;True;True;True;False;False;True;True;False;False;False;True;False;True;False;True;False;True;False;[];['has_valid_base'];True;False;True;True;True;False;False;True;True;False;False;False;True;False;True;False;True;False;True;False;[];['has_valid_base']
f77218d1-5c29-4df5-9524-e48aeb39b6df;ZSTD_compressSequences;0x1ed90;0x19e74;0x0;TransmitterType.LOAD;90;0;False;['0x1ed90', '0x1b764', '0x1b808', '0x1ba38', '0x19e44'];<BV64 0x50 + x0>;64;[];[];['<BV64 x0>'];[];['<BV64 x0>'];[];[];0;18446744073709551615;18446744073709551615;1;;;True;0;18446744073709551615;18446744073709551615;1;;;True;ControlType.CONTROLLED;0;<BV64 0x50>;64;[];[];[];[];[];[];[];80.0;80.0;0.0;1.0;;;True;80.0;80.0;0.0;1.0;;;True;ControlType.NO_CONTROL;0;<BV64 0x50>;64;[];[];[];[];[];[];[];80;80;0;1.0;;;True;80.0;80.0;0.0;1.0;;;True;ControlType.NO_CONTROL;0;<BV64 x0>;64;[];[];['<BV64 x0>'];[];['<BV64 x0>'];[];[];0.0;1.8446744073709552e+19;18446744073709551615;1;;;True;0.0;1.8446744073709552e+19;18446744073709551615;1;;;True;ControlType.CONTROLLED;0;<BV64 x0>;64;[];[];['<BV64 x0>'];[];['<BV64 x0>'];[];[];0.0;1.8446744073709552e+19;1.8446744073709552e+19;1.0;;;True;0.0;1.8446744073709552e+19;1.8446744073709552e+19;1.0;;;True;ControlType.CONTROLLED;0;<BV64 x0>;64;[];[];[];[];[];[];[];0;0;0;;;;False;0;0;0;;;;False;ControlType.UNKNOWN;0;[('0x1b804', <Bool LOAD_64[<BV64 x0 + 0xe50>]_79 != 0x0>, 'Taken'), ('0x1b80c', <Bool LOAD_64[<BV64 x0 + 0xe68>]_85 == 0x0>, 'Taken'), ('0x1ba60', <Bool True>, 'Taken'), ('0x1ede8', <Bool True>, 'Taken')];"{'regs': ['<BV64 x0>'], 'indirect_regs': [""<BV64 x0>: ['0xe50', '0xe68']""], 'direct_regs': [], 'mem': ['<BV64 x0 + 0xe50>', '<BV64 x0 + 0xe68>'], 'const_mem': []}";[];{'regs': [], 'indirect_regs': [], 'direct_regs': [], 'mem': [], 'const_mem': []};{'regs': ['<BV64 x0>'], 'indirect_regs': [], 'direct_regs': ['<BV64 x0>'], 'mem': [], 'const_mem': []};{'regs': ['<BV64 x0>'], 'indirect_regs': [], 'direct_regs': ['<BV64 x0>'], 'mem': ['<BV64 x0 + 0xe50>', '<BV64 x0 + 0xe68>'], 'const_mem': []};63.0;0.0;64.0;64.0;['<Bool LOAD_128[<BV64 x0 + 0x10>]_49 == LOAD_128[<BV64 0x10 + x0>]_109>', '<Bool LOAD_128[<BV64 x0 + 0x20>]_50 == LOAD_128[<BV64 x0 + 0x20>]_110>', '<Bool LOAD_128[<BV64 x0 + 0x30>]_52 == LOAD_128[<BV64 x0 + 0x30>]_111>', '<Bool LOAD_128[<BV64 x0 + 0x40>]_53 == LOAD_128[<BV64 x0 + 0x40>]_112>', '<Bool LOAD_128[<BV64 x0 + 0x50>]_56 == LOAD_128[<BV64 x0 + 0x50>]_113>'];;;;BaseControlType.CONSTANT_BASE;BaseControlType.CONSTANT_BASE;BaseControlType.CONSTANT_BASE;4;BranchControlType.BRANCH_DEPENDS_ON_SECRET_VALUE;BranchControlType.BRANCH_INDEPENDENT_FROM_SECRET;106100;True;False;True;True;True;False;False;True;True;False;False;False;True;False;True;True;True;False;True;False;[];['has_valid_base'];True;False;True;True;True;False;False;True;True;False;False;False;True;False;True;True;True;False;True;False;[];['has_valid_base']
4ca83300-8b18-4df1-8e46-dbc79d17e3a8;ZSTD_compressSequences;0x1ed90;0x19e74;0x0;TransmitterType.LOAD;90;0;False;['0x1ed90', '0x1b764', '0x1b808', '0x1ba38', '0x19e44'];<BV64 0x60 + x0>;64;[];[];['<BV64 x0>'];[];['<BV64 x0>'];[];[];0;18446744073709551615;18446744073709551615;1;;;True;0;18446744073709551615;18446744073709551615;1;;;True;ControlType.CONTROLLED;0;<BV64 0x60>;64;[];[];[];[];[];[];[];96.0;96.0;0.0;1.0;;;True;96.0;96.0;0.0;1.0;;;True;ControlType.NO_CONTROL;0;<BV64 0x60>;64;[];[];[];[];[];[];[];96;96;0;1.0;;;True;96.0;96.0;0.0;1.0;;;True;ControlType.NO_CONTROL;0;<BV64 x0>;64;[];[];['<BV64 x0>'];[];['<BV64 x0>'];[];[];0.0;1.8446744073709552e+19;18446744073709551615;1;;;True;0.0;1.8446744073709552e+19;18446744073709551615;1;;;True;ControlType.CONTROLLED;0;<BV64 x0>;64;[];[];['<BV64 x0>'];[];['<BV64 x0>'];[];[];0.0;1.8446744073709552e+19;1.8446744073709552e+19;1.0;;;True;0.0;1.8446744073709552e+19;1.8446744073709552e+19;1.0;;;True;ControlType.CONTROLLED;0;<BV64 x0>;64;[];[];[];[];[];[];[];0;0;0;;;;False;0;0;0;;;;False;ControlType.UNKNOWN;0;[('0x1b804', <Bool LOAD_64[<BV64 x0 + 0xe50>]_79 != 0x0>, 'Taken'), ('0x1b80c', <Bool LOAD_64[<BV64 x0 + 0xe68>]_85 == 0x0>, 'Taken'), ('0x1ba60', <Bool True>, 'Taken'), ('0x1ede8', <Bool True>, 'Taken')];"{'regs': ['<BV64 x0>'], 'indirect_regs': [""<BV64 x0>: ['0xe50', '0xe68']""], 'direct_regs': [], 'mem': ['<BV64 x0 + 0xe50>', '<BV64 x0 + 0xe68>'], 'const_mem': []}";[];{'regs': [], 'indirect_regs': [], 'direct_regs': [], 'mem': [], 'const_mem': []};{'regs': ['<BV64 x0>'], 'indirect_regs': [], 'direct_regs': ['<BV64 x0>'], 'mem': [], 'const_mem': []};"{'regs': ['<BV64 x0>', '<BV64 x0>'], 'indirect_regs': [""<BV64 x0>: ['0xe50', '0xe68']""], 'direct_regs': ['<BV64 x0>'], 'mem': ['<BV64 x0 + 0xe50>', '<BV64 x0 + 0xe68>'], 'const_mem': []}";63.0;0.0;64.0;64.0;['<Bool LOAD_128[<BV64 x0 + 0x10>]_49 == LOAD_128[<BV64 0x10 + x0>]_109>', '<Bool LOAD_128[<BV64 x0 + 0x20>]_50 == LOAD_128[<BV64 x0 + 0x20>]_110>', '<Bool LOAD_128[<BV64 x0 + 0x30>]_52 == LOAD_128[<BV64 x0 + 0x30>]_111>', '<Bool LOAD_128[<BV64 x0 + 0x40>]_53 == LOAD_128[<BV64 x0 + 0x40>]_112>', '<Bool LOAD_128[<BV64 x0 + 0x50>]_56 == LOAD_128[<BV64 x0 + 0x50>]_113>'];;;;BaseControlType.CONSTANT_BASE;BaseControlType.CONSTANT_BASE;BaseControlType.CONSTANT_BASE;4;BranchControlType.BRANCH_INDEPENDENT_FROM_SECRET;BranchControlType.BRANCH_INDEPENDENT_FROM_SECRET;106100;True;False;True;True;True;False;False;True;True;False;False;False;True;False;True;False;True;False;True;False;[];['has_valid_base'];True;False;True;True;True;False;False;True;True;False;False;False;True;False;True;False;True;False;True;False;[];['has_valid_base']
a4677013-d0f3-477e-b96c-466ac1d4d2ee;ZSTD_compressSequences;0x1ed90;0x19e7c;0x0;TransmitterType.LOAD;92;0;False;['0x1ed90', '0x1b764', '0x1b808', '0x1ba38', '0x19e44'];<BV64 0x70 + x0>;64;[];[];['<BV64 x0>'];[];['<BV64 x0>'];[];[];0;18446744073709551615;18446744073709551615;1;;;True;0;18446744073709551615;18446744073709551615;1;;;True;ControlType.CONTROLLED;0;<BV64 0x70>;64;[];[];[];[];[];[];[];112.0;112.0;0.0;1.0;;;True;112.0;112.0;0.0;1.0;;;True;ControlType.NO_CONTROL;0;<BV64 0x70>;64;[];[];[];[];[];[];[];112;112;0;1.0;;;True;112.0;112.0;0.0;1.0;;;True;ControlType.NO_CONTROL;0;<BV64 x0>;64;[];[];['<BV64 x0>'];[];['<BV64 x0>'];[];[];0.0;1.8446744073709552e+19;18446744073709551615;1;;;True;0.0;1.8446744073709552e+19;18446744073709551615;1;;;True;ControlType.CONTROLLED;0;<BV64 x0>;64;[];[];['<BV64 x0>'];[];['<BV64 x0>'];[];[];0.0;1.8446744073709552e+19;1.8446744073709552e+19;1.0;;;True;0.0;1.8446744073709552e+19;1.8446744073709552e+19;1.0;;;True;ControlType.CONTROLLED;0;<BV64 x0>;64;[];[];[];[];[];[];[];0;0;0;;;;False;0;0;0;;;;False;ControlType.UNKNOWN;0;[('0x1b804', <Bool LOAD_64[<BV64 x0 + 0xe50>]_79 != 0x0>, 'Taken'), ('0x1b80c', <Bool LOAD_64[<BV64 x0 + 0xe68>]_85 == 0x0>, 'Taken'), ('0x1ba60', <Bool True>, 'Taken'), ('0x1ede8', <Bool True>, 'Taken')];"{'regs': ['<BV64 x0>'], 'indirect_regs': [""<BV64 x0>: ['0xe50', '0xe68']""], 'direct_regs': [], 'mem': ['<BV64 x0 + 0xe50>', '<BV64 x0 + 0xe68>'], 'const_mem': []}";[];{'regs': [], 'indirect_regs': [], 'direct_regs': [], 'mem': [], 'const_mem': []};{'regs': ['<BV64 x0>'], 'indirect_regs': [], 'direct_regs': ['<BV64 x0>'], 'mem': [], 'const_mem': []};{'regs': ['<BV64 x0>'], 'indirect_regs': [], 'direct_regs': ['<BV64 x0>'], 'mem': ['<BV64 x0 + 0xe50>', '<BV64 x0 + 0xe68>'], 'const_mem': []};63.0;0.0;64.0;64.0;['<Bool LOAD_128[<BV64 x0 + 0x10>]_49 == LOAD_128[<BV64 0x10 + x0>]_109>', '<Bool LOAD_128[<BV64 x0 + 0x20>]_50 == LOAD_128[<BV64 x0 + 0x20>]_110>', '<Bool LOAD_128[<BV64 x0 + 0x30>]_52 == LOAD_128[<BV64 x0 + 0x30>]_111>', '<Bool LOAD_128[<BV64 x0 + 0x40>]_53 == LOAD_128[<BV64 x0 + 0x40>]_112>', '<Bool LOAD_128[<BV64 x0 + 0x50>]_56 == LOAD_128[<BV64 x0 + 0x50>]_113>', '<Bool LOAD_128[<BV64 x0 + 0x70>]_60 == LOAD_128[<BV64 x0 + 0x70>]_115>'];;;;BaseControlType.CONSTANT_BASE;BaseControlType.CONSTANT_BASE;BaseControlType.CONSTANT_BASE;4;BranchControlType.BRANCH_DEPENDS_ON_SECRET_VALUE;BranchControlType.BRANCH_INDEPENDENT_FROM_SECRET;106108;True;False;True;True;True;False;False;True;True;False;False;False;True;False;True;True;True;False;True;False;[];['has_valid_base'];True;False;True;True;True;False;False;True;True;False;False;False;True;False;True;True;True;False;True;False;[];['has_valid_base']
22e1b75b-12aa-43fd-9fba-448f371b6361;ZSTD_compressSequences;0x1ed90;0x19e7c;0x0;TransmitterType.LOAD;92;0;False;['0x1ed90', '0x1b764', '0x1b808', '0x1ba38', '0x19e44'];<BV64 0x80 + x0>;64;[];[];['<BV64 x0>'];[];['<BV64 x0>'];[];[];0;18446744073709551615;18446744073709551615;1;;;True;0;18446744073709551615;18446744073709551615;1;;;True;ControlType.CONTROLLED;0;<BV64 0x80>;64;[];[];[];[];[];[];[];128.0;128.0;0.0;1.0;;;True;128.0;128.0;0.0;1.0;;;True;ControlType.NO_CONTROL;0;<BV64 0x80>;64;[];[];[];[];[];[];[];128;128;0;1.0;;;True;128.0;128.0;0.0;1.0;;;True;ControlType.NO_CONTROL;0;<BV64 x0>;64;[];[];['<BV64 x0>'];[];['<BV64 x0>'];[];[];0.0;1.8446744073709552e+19;18446744073709551615;1;;;True;0.0;1.8446744073709552e+19;18446744073709551615;1;;;True;ControlType.CONTROLLED;0;<BV64 x0>;64;[];[];['<BV64 x0>'];[];['<BV64 x0>'];[];[];0.0;1.8446744073709552e+19;1.8446744073709552e+19;1.0;;;True;0.0;1.8446744073709552e+19;1.8446744073709552e+19;1.0;;;True;ControlType.CONTROLLED;0;<BV64 x0>;64;[];[];[];[];[];[];[];0;0;0;;;;False;0;0;0;;;;False;ControlType.UNKNOWN;0;[('0x1b804', <Bool LOAD_64[<BV64 x0 + 0xe50>]_79 != 0x0>, 'Taken'), ('0x1b80c', <Bool LOAD_64[<BV64 x0 + 0xe68>]_85 == 0x0>, 'Taken'), ('0x1ba60', <Bool True>, 'Taken'), ('0x1ede8', <Bool True>, 'Taken')];"{'regs': ['<BV64 x0>'], 'indirect_regs': [""<BV64 x0>: ['0xe50', '0xe68']""], 'direct_regs': [], 'mem': ['<BV64 x0 + 0xe50>', '<BV64 x0 + 0xe68>'], 'const_mem': []}";[];{'regs': [], 'indirect_regs': [], 'direct_regs': [], 'mem': [], 'const_mem': []};{'regs': ['<BV64 x0>'], 'indirect_regs': [], 'direct_regs': ['<BV64 x0>'], 'mem': [], 'const_mem': []};{'regs': ['<BV64 x0>'], 'indirect_regs': [], 'direct_regs': ['<BV64 x0>'], 'mem': ['<BV64 x0 + 0xe50>', '<BV64 x0 + 0xe68>'], 'const_mem': []};63.0;0.0;64.0;64.0;['<Bool LOAD_128[<BV64 x0 + 0x10>]_49 == LOAD_128[<BV64 0x10 + x0>]_109>', '<Bool LOAD_128[<BV64 x0 + 0x20>]_50 == LOAD_128[<BV64 x0 + 0x20>]_110>', '<Bool LOAD_128[<BV64 x0 + 0x30>]_52 == LOAD_128[<BV64 x0 + 0x30>]_111>', '<Bool LOAD_128[<BV64 x0 + 0x40>]_53 == LOAD_128[<BV64 x0 + 0x40>]_112>', '<Bool LOAD_128[<BV64 x0 + 0x50>]_56 == LOAD_128[<BV64 x0 + 0x50>]_113>', '<Bool LOAD_128[<BV64 x0 + 0x70>]_60 == LOAD_128[<BV64 x0 + 0x70>]_115>'];;;;BaseControlType.CONSTANT_BASE;BaseControlType.CONSTANT_BASE;BaseControlType.CONSTANT_BASE;4;BranchControlType.BRANCH_DEPENDS_ON_SECRET_VALUE;BranchControlType.BRANCH_INDEPENDENT_FROM_SECRET;106108;True;False;True;True;True;False;False;True;True;False;False;False;True;False;True;True;True;False;True;False;[];['has_valid_base'];True;False;True;True;True;False;False;True;True;False;False;False;True;False;True;True;True;False;True;False;[];['has_valid_base']
4cf6549b-3f52-4da4-855b-2e0435634e36;ZSTD_compressSequences;0x1ed90;0x19e84;0x0;TransmitterType.LOAD;94;0;False;['0x1ed90', '0x1b764', '0x1b808', '0x1ba38', '0x19e44'];<BV64 0x90 + x0>;64;[];[];['<BV64 x0>'];[];['<BV64 x0>'];[];[];0;18446744073709551615;18446744073709551615;1;;;True;0;18446744073709551615;18446744073709551615;1;;;True;ControlType.CONTROLLED;0;<BV64 0x90>;64;[];[];[];[];[];[];[];144.0;144.0;0.0;1.0;;;True;144.0;144.0;0.0;1.0;;;True;ControlType.NO_CONTROL;0;<BV64 0x90>;64;[];[];[];[];[];[];[];144;144;0;1.0;;;True;144.0;144.0;0.0;1.0;;;True;ControlType.NO_CONTROL;0;<BV64 x0>;64;[];[];['<BV64 x0>'];[];['<BV64 x0>'];[];[];0.0;1.8446744073709552e+19;18446744073709551615;1;;;True;0.0;1.8446744073709552e+19;18446744073709551615;1;;;True;ControlType.CONTROLLED;0;<BV64 x0>;64;[];[];['<BV64 x0>'];[];['<BV64 x0>'];[];[];0.0;1.8446744073709552e+19;1.8446744073709552e+19;1.0;;;True;0.0;1.8446744073709552e+19;1.8446744073709552e+19;1.0;;;True;ControlType.CONTROLLED;0;<BV64 x0>;64;[];[];[];[];[];[];[];0;0;0;;;;False;0;0;0;;;;False;ControlType.UNKNOWN;0;[('0x1b804', <Bool LOAD_64[<BV64 x0 + 0xe50>]_79 != 0x0>, 'Taken'), ('0x1b80c', <Bool LOAD_64[<BV64 x0 + 0xe68>]_85 == 0x0>, 'Taken'), ('0x1ba60', <Bool True>, 'Taken'), ('0x1ede8', <Bool True>, 'Taken')];"{'regs': ['<BV64 x0>'], 'indirect_regs': [""<BV64 x0>: ['0xe50', '0xe68']""], 'direct_regs': [], 'mem': ['<BV64 x0 + 0xe50>', '<BV64 x0 + 0xe68>'], 'const_mem': []}";[];{'regs': [], 'indirect_regs': [], 'direct_regs': [], 'mem': [], 'const_mem': []};{'regs': ['<BV64 x0>'], 'indirect_regs': [], 'direct_regs': ['<BV64 x0>'], 'mem': [], 'const_mem': []};{'regs': ['<BV64 x0>'], 'indirect_regs': [], 'direct_regs': ['<BV64 x0>'], 'mem': ['<BV64 x0 + 0xe50>', '<BV64 x0 + 0xe68>'], 'const_mem': []};63.0;0.0;64.0;64.0;['<Bool LOAD_128[<BV64 x0 + 0x10>]_49 == LOAD_128[<BV64 0x10 + x0>]_109>', '<Bool LOAD_128[<BV64 x0 + 0x20>]_50 == LOAD_128[<BV64 x0 + 0x20>]_110>', '<Bool LOAD_128[<BV64 x0 + 0x30>]_52 == LOAD_128[<BV64 x0 + 0x30>]_111>', '<Bool LOAD_128[<BV64 x0 + 0x40>]_53 == LOAD_128[<BV64 x0 + 0x40>]_112>', '<Bool LOAD_128[<BV64 x0 + 0x50>]_56 == LOAD_128[<BV64 x0 + 0x50>]_113>', '<Bool LOAD_128[<BV64 x0 + 0x70>]_60 == LOAD_128[<BV64 x0 + 0x70>]_115>', '<Bool LOAD_128[<BV64 x0 + 0x90>]_64 == LOAD_128[<BV64 x0 + 0x90>]_117>'];;;;BaseControlType.CONSTANT_BASE;BaseControlType.CONSTANT_BASE;BaseControlType.CONSTANT_BASE;4;BranchControlType.BRANCH_DEPENDS_ON_SECRET_VALUE;BranchControlType.BRANCH_INDEPENDENT_FROM_SECRET;106116;True;False;True;True;True;False;False;True;True;False;False;False;True;False;True;True;True;False;True;False;[];['has_valid_base'];True;False;True;True;True;False;False;True;True;False;False;False;True;False;True;True;True;False;True;False;[];['has_valid_base']
0a6e583f-42d2-47ff-9505-c9aff46a8e7f;ZSTD_compressSequences;0x1ed90;0x19e84;0x0;TransmitterType.LOAD;94;0;False;['0x1ed90', '0x1b764', '0x1b808', '0x1ba38', '0x19e44'];<BV64 0xa0 + x0>;64;[];[];['<BV64 x0>'];[];['<BV64 x0>'];[];[];0;18446744073709551615;18446744073709551615;1;;;True;0;18446744073709551615;18446744073709551615;1;;;True;ControlType.CONTROLLED;0;<BV64 0xa0>;64;[];[];[];[];[];[];[];160.0;160.0;0.0;1.0;;;True;160.0;160.0;0.0;1.0;;;True;ControlType.NO_CONTROL;0;<BV64 0xa0>;64;[];[];[];[];[];[];[];160;160;0;1.0;;;True;160.0;160.0;0.0;1.0;;;True;ControlType.NO_CONTROL;0;<BV64 x0>;64;[];[];['<BV64 x0>'];[];['<BV64 x0>'];[];[];0.0;1.8446744073709552e+19;18446744073709551615;1;;;True;0.0;1.8446744073709552e+19;18446744073709551615;1;;;True;ControlType.CONTROLLED;0;<BV64 x0>;64;[];[];['<BV64 x0>'];[];['<BV64 x0>'];[];[];0.0;1.8446744073709552e+19;1.8446744073709552e+19;1.0;;;True;0.0;1.8446744073709552e+19;1.8446744073709552e+19;1.0;;;True;ControlType.CONTROLLED;0;<BV64 x0>;64;[];[];[];[];[];[];[];0;0;0;;;;False;0;0;0;;;;False;ControlType.UNKNOWN;0;[('0x1b804', <Bool LOAD_64[<BV64 x0 + 0xe50>]_79 != 0x0>, 'Taken'), ('0x1b80c', <Bool LOAD_64[<BV64 x0 + 0xe68>]_85 == 0x0>, 'Taken'), ('0x1ba60', <Bool True>, 'Taken'), ('0x1ede8', <Bool True>, 'Taken')];"{'regs': ['<BV64 x0>'], 'indirect_regs': [""<BV64 x0>: ['0xe50', '0xe68']""], 'direct_regs': [], 'mem': ['<BV64 x0 + 0xe50>', '<BV64 x0 + 0xe68>'], 'const_mem': []}";[];{'regs': [], 'indirect_regs': [], 'direct_regs': [], 'mem': [], 'const_mem': []};{'regs': ['<BV64 x0>'], 'indirect_regs': [], 'direct_regs': ['<BV64 x0>'], 'mem': [], 'const_mem': []};{'regs': ['<BV64 x0>'], 'indirect_regs': [], 'direct_regs': ['<BV64 x0>'], 'mem': ['<BV64 x0 + 0xe50>', '<BV64 x0 + 0xe68>'], 'const_mem': []};63.0;0.0;64.0;64.0;['<Bool LOAD_128[<BV64 x0 + 0x10>]_49 == LOAD_128[<BV64 0x10 + x0>]_109>', '<Bool LOAD_128[<BV64 x0 + 0x20>]_50 == LOAD_128[<BV64 x0 + 0x20>]_110>', '<Bool LOAD_128[<BV64 x0 + 0x30>]_52 == LOAD_128[<BV64 x0 + 0x30>]_111>', '<Bool LOAD_128[<BV64 x0 + 0x40>]_53 == LOAD_128[<BV64 x0 + 0x40>]_112>', '<Bool LOAD_128[<BV64 x0 + 0x50>]_56 == LOAD_128[<BV64 x0 + 0x50>]_113>', '<Bool LOAD_128[<BV64 x0 + 0x70>]_60 == LOAD_128[<BV64 x0 + 0x70>]_115>', '<Bool LOAD_128[<BV64 x0 + 0x90>]_64 == LOAD_128[<BV64 x0 + 0x90>]_117>'];;;;BaseControlType.CONSTANT_BASE;BaseControlType.CONSTANT_BASE;BaseControlType.CONSTANT_BASE;4;BranchControlType.BRANCH_DEPENDS_ON_SECRET_VALUE;BranchControlType.BRANCH_INDEPENDENT_FROM_SECRET;106116;True;False;True;True;True;False;False;True;True;False;False;False;True;False;True;True;True;False;True;False;[];['has_valid_base'];True;False;True;True;True;False;False;True;True;False;False;False;True;False;True;True;True;False;True;False;[];['has_valid_base']
d131dede-e522-4403-b22f-d20f8eccf097;ZSTD_compressSequences;0x1ed90;0x19e8c;0x0;TransmitterType.LOAD;96;0;False;['0x1ed90', '0x1b764', '0x1b808', '0x1ba38', '0x19e44'];<BV64 0xb0 + x0>;64;[];[];['<BV64 x0>'];[];['<BV64 x0>'];[];[];0;18446744073709551615;18446744073709551615;1;;;True;0;18446744073709551615;18446744073709551615;1;;;True;ControlType.CONTROLLED;0;<BV64 0xb0>;64;[];[];[];[];[];[];[];176.0;176.0;0.0;1.0;;;True;176.0;176.0;0.0;1.0;;;True;ControlType.NO_CONTROL;0;<BV64 0xb0>;64;[];[];[];[];[];[];[];176;176;0;1.0;;;True;176.0;176.0;0.0;1.0;;;True;ControlType.NO_CONTROL;0;<BV64 x0>;64;[];[];['<BV64 x0>'];[];['<BV64 x0>'];[];[];0.0;1.8446744073709552e+19;18446744073709551615;1;;;True;0.0;1.8446744073709552e+19;18446744073709551615;1;;;True;ControlType.CONTROLLED;0;<BV64 x0>;64;[];[];['<BV64 x0>'];[];['<BV64 x0>'];[];[];0.0;1.8446744073709552e+19;1.8446744073709552e+19;1.0;;;True;0.0;1.8446744073709552e+19;1.8446744073709552e+19;1.0;;;True;ControlType.CONTROLLED;0;<BV64 x0>;64;[];[];[];[];[];[];[];0;0;0;;;;False;0;0;0;;;;False;ControlType.UNKNOWN;0;[('0x1b804', <Bool LOAD_64[<BV64 x0 + 0xe50>]_79 != 0x0>, 'Taken'), ('0x1b80c', <Bool LOAD_64[<BV64 x0 + 0xe68>]_85 == 0x0>, 'Taken'), ('0x1ba60', <Bool True>, 'Taken'), ('0x1ede8', <Bool True>, 'Taken')];"{'regs': ['<BV64 x0>'], 'indirect_regs': [""<BV64 x0>: ['0xe50', '0xe68']""], 'direct_regs': [], 'mem': ['<BV64 x0 + 0xe50>', '<BV64 x0 + 0xe68>'], 'const_mem': []}";[];{'regs': [], 'indirect_regs': [], 'direct_regs': [], 'mem': [], 'const_mem': []};{'regs': ['<BV64 x0>'], 'indirect_regs': [], 'direct_regs': ['<BV64 x0>'], 'mem': [], 'const_mem': []};{'regs': ['<BV64 x0>'], 'indirect_regs': [], 'direct_regs': ['<BV64 x0>'], 'mem': ['<BV64 x0 + 0xe50>', '<BV64 x0 + 0xe68>'], 'const_mem': []};63.0;0.0;64.0;64.0;['<Bool LOAD_128[<BV64 x0 + 0x10>]_49 == LOAD_128[<BV64 0x10 + x0>]_109>', '<Bool LOAD_128[<BV64 x0 + 0x20>]_50 == LOAD_128[<BV64 x0 + 0x20>]_110>', '<Bool LOAD_128[<BV64 x0 + 0x30>]_52 == LOAD_128[<BV64 x0 + 0x30>]_111>', '<Bool LOAD_128[<BV64 x0 + 0x40>]_53 == LOAD_128[<BV64 x0 + 0x40>]_112>', '<Bool LOAD_128[<BV64 x0 + 0x50>]_56 == LOAD_128[<BV64 x0 + 0x50>]_113>', '<Bool LOAD_128[<BV64 x0 + 0x70>]_60 == LOAD_128[<BV64 x0 + 0x70>]_115>', '<Bool LOAD_128[<BV64 x0 + 0x90>]_64 == LOAD_128[<BV64 x0 + 0x90>]_117>', '<Bool LOAD_128[<BV64 x0 + 0xb0>]_71 == LOAD_128[<BV64 x0 + 0xb0>]_119>'];;;;BaseControlType.CONSTANT_BASE;BaseControlType.CONSTANT_BASE;BaseControlType.CONSTANT_BASE;4;BranchControlType.BRANCH_DEPENDS_ON_SECRET_VALUE;BranchControlType.BRANCH_INDEPENDENT_FROM_SECRET;106124;True;False;True;True;True;False;False;True;True;False;False;False;True;False;True;True;True;False;True;False;[];['has_valid_base'];True;False;True;True;True;False;False;True;True;False;False;False;True;False;True;True;True;False;True;False;[];['has_valid_base']
488033dd-d0e9-4ed0-8cc3-f7946c9a0cac;ZSTD_compressSequences;0x1ed90;0x19e8c;0x0;TransmitterType.LOAD;96;0;False;['0x1ed90', '0x1b764', '0x1b808', '0x1ba38', '0x19e44'];<BV64 0xc0 + x0>;64;[];[];['<BV64 x0>'];[];['<BV64 x0>'];[];[];0;18446744073709551615;18446744073709551615;1;;;True;0;18446744073709551615;18446744073709551615;1;;;True;ControlType.CONTROLLED;0;<BV64 0xc0>;64;[];[];[];[];[];[];[];192.0;192.0;0.0;1.0;;;True;192.0;192.0;0.0;1.0;;;True;ControlType.NO_CONTROL;0;<BV64 0xc0>;64;[];[];[];[];[];[];[];192;192;0;1.0;;;True;192.0;192.0;0.0;1.0;;;True;ControlType.NO_CONTROL;0;<BV64 x0>;64;[];[];['<BV64 x0>'];[];['<BV64 x0>'];[];[];0.0;1.8446744073709552e+19;18446744073709551615;1;;;True;0.0;1.8446744073709552e+19;18446744073709551615;1;;;True;ControlType.CONTROLLED;0;<BV64 x0>;64;[];[];['<BV64 x0>'];[];['<BV64 x0>'];[];[];0.0;1.8446744073709552e+19;1.8446744073709552e+19;1.0;;;True;0.0;1.8446744073709552e+19;1.8446744073709552e+19;1.0;;;True;ControlType.CONTROLLED;0;<BV64 x0>;64;[];[];[];[];[];[];[];0;0;0;;;;False;0;0;0;;;;False;ControlType.UNKNOWN;0;[('0x1b804', <Bool LOAD_64[<BV64 x0 + 0xe50>]_79 != 0x0>, 'Taken'), ('0x1b80c', <Bool LOAD_64[<BV64 x0 + 0xe68>]_85 == 0x0>, 'Taken'), ('0x1ba60', <Bool True>, 'Taken'), ('0x1ede8', <Bool True>, 'Taken')];"{'regs': ['<BV64 x0>'], 'indirect_regs': [""<BV64 x0>: ['0xe50', '0xe68']""], 'direct_regs': [], 'mem': ['<BV64 x0 + 0xe50>', '<BV64 x0 + 0xe68>'], 'const_mem': []}";[];{'regs': [], 'indirect_regs': [], 'direct_regs': [], 'mem': [], 'const_mem': []};{'regs': ['<BV64 x0>'], 'indirect_regs': [], 'direct_regs': ['<BV64 x0>'], 'mem': [], 'const_mem': []};{'regs': ['<BV64 x0>'], 'indirect_regs': [], 'direct_regs': ['<BV64 x0>'], 'mem': ['<BV64 x0 + 0xe50>', '<BV64 x0 + 0xe68>'], 'const_mem': []};63.0;0.0;64.0;64.0;['<Bool LOAD_128[<BV64 x0 + 0x10>]_49 == LOAD_128[<BV64 0x10 + x0>]_109>', '<Bool LOAD_128[<BV64 x0 + 0x20>]_50 == LOAD_128[<BV64 x0 + 0x20>]_110>', '<Bool LOAD_128[<BV64 x0 + 0x30>]_52 == LOAD_128[<BV64 x0 + 0x30>]_111>', '<Bool LOAD_128[<BV64 x0 + 0x40>]_53 == LOAD_128[<BV64 x0 + 0x40>]_112>', '<Bool LOAD_128[<BV64 x0 + 0x50>]_56 == LOAD_128[<BV64 x0 + 0x50>]_113>', '<Bool LOAD_128[<BV64 x0 + 0x70>]_60 == LOAD_128[<BV64 x0 + 0x70>]_115>', '<Bool LOAD_128[<BV64 x0 + 0x90>]_64 == LOAD_128[<BV64 x0 + 0x90>]_117>', '<Bool LOAD_128[<BV64 x0 + 0xb0>]_71 == LOAD_128[<BV64 x0 + 0xb0>]_119>'];;;;BaseControlType.CONSTANT_BASE;BaseControlType.CONSTANT_BASE;BaseControlType.CONSTANT_BASE;4;BranchControlType.BRANCH_DEPENDS_ON_SECRET_VALUE;BranchControlType.BRANCH_INDEPENDENT_FROM_SECRET;106124;True;False;True;True;True;False;False;True;True;False;False;False;True;False;True;True;True;False;True;False;[];['has_valid_base'];True;False;True;True;True;False;False;True;True;False;False;False;True;False;True;True;True;False;True;False;[];['has_valid_base']
e8ca4a85-6170-48fd-8af7-7a7ca861f929;ZSTD_compressSequences;0x1ed90;0x19e94;0x0;TransmitterType.LOAD;98;0;False;['0x1ed90', '0x1b764', '0x1b808', '0x1ba38', '0x19e44'];<BV64 0xd0 + x0>;64;[];[];['<BV64 x0>'];[];['<BV64 x0>'];[];[];0;18446744073709551615;18446744073709551615;1;;;True;0;18446744073709551615;18446744073709551615;1;;;True;ControlType.CONTROLLED;0;<BV64 0xd0>;64;[];[];[];[];[];[];[];208.0;208.0;0.0;1.0;;;True;208.0;208.0;0.0;1.0;;;True;ControlType.NO_CONTROL;0;<BV64 0xd0>;64;[];[];[];[];[];[];[];208;208;0;1.0;;;True;208.0;208.0;0.0;1.0;;;True;ControlType.NO_CONTROL;0;<BV64 x0>;64;[];[];['<BV64 x0>'];[];['<BV64 x0>'];[];[];0.0;1.8446744073709552e+19;18446744073709551615;1;;;True;0.0;1.8446744073709552e+19;18446744073709551615;1;;;True;ControlType.CONTROLLED;0;<BV64 x0>;64;[];[];['<BV64 x0>'];[];['<BV64 x0>'];[];[];0.0;1.8446744073709552e+19;1.8446744073709552e+19;1.0;;;True;0.0;1.8446744073709552e+19;1.8446744073709552e+19;1.0;;;True;ControlType.CONTROLLED;0;<BV64 x0>;64;[];[];[];[];[];[];[];0;0;0;;;;False;0;0;0;;;;False;ControlType.UNKNOWN;0;[('0x1b804', <Bool LOAD_64[<BV64 x0 + 0xe50>]_79 != 0x0>, 'Taken'), ('0x1b80c', <Bool LOAD_64[<BV64 x0 + 0xe68>]_85 == 0x0>, 'Taken'), ('0x1ba60', <Bool True>, 'Taken'), ('0x1ede8', <Bool True>, 'Taken')];"{'regs': ['<BV64 x0>'], 'indirect_regs': [""<BV64 x0>: ['0xe50', '0xe68']""], 'direct_regs': [], 'mem': ['<BV64 x0 + 0xe50>', '<BV64 x0 + 0xe68>'], 'const_mem': []}";[];{'regs': [], 'indirect_regs': [], 'direct_regs': [], 'mem': [], 'const_mem': []};{'regs': ['<BV64 x0>'], 'indirect_regs': [], 'direct_regs': ['<BV64 x0>'], 'mem': [], 'const_mem': []};{'regs': ['<BV64 x0>'], 'indirect_regs': [], 'direct_regs': ['<BV64 x0>'], 'mem': ['<BV64 x0 + 0xe50>', '<BV64 x0 + 0xe68>'], 'const_mem': []};63.0;0.0;64.0;64.0;['<Bool LOAD_128[<BV64 x0 + 0x10>]_49 == LOAD_128[<BV64 0x10 + x0>]_109>', '<Bool LOAD_128[<BV64 x0 + 0x20>]_50 == LOAD_128[<BV64 x0 + 0x20>]_110>', '<Bool LOAD_128[<BV64 x0 + 0x30>]_52 == LOAD_128[<BV64 x0 + 0x30>]_111>', '<Bool LOAD_128[<BV64 x0 + 0x40>]_53 == LOAD_128[<BV64 x0 + 0x40>]_112>', '<Bool LOAD_128[<BV64 x0 + 0x50>]_56 == LOAD_128[<BV64 x0 + 0x50>]_113>', '<Bool LOAD_128[<BV64 x0 + 0x70>]_60 == LOAD_128[<BV64 x0 + 0x70>]_115>', '<Bool LOAD_128[<BV64 x0 + 0x90>]_64 == LOAD_128[<BV64 x0 + 0x90>]_117>', '<Bool LOAD_128[<BV64 x0 + 0xb0>]_71 == LOAD_128[<BV64 x0 + 0xb0>]_119>'];;;;BaseControlType.CONSTANT_BASE;BaseControlType.CONSTANT_BASE;BaseControlType.CONSTANT_BASE;4;BranchControlType.BRANCH_DEPENDS_ON_SECRET_VALUE;BranchControlType.BRANCH_INDEPENDENT_FROM_SECRET;106132;True;False;True;True;True;False;False;True;True;False;False;False;True;False;True;True;True;False;True;False;[];['has_valid_base'];True;False;True;True;True;False;False;True;True;False;False;False;True;False;True;True;True;False;True;False;[];['has_valid_base']
44c1d29e-279e-4737-837a-24649c39c9de;ZSTD_compressSequences;0x1ed90;0x19ea0;0x0;TransmitterType.LOAD;101;0;False;['0x1ed90', '0x1b764', '0x1b808', '0x1ba38', '0x19e44'];<BV64 0xe0 + x0>;64;[];[];['<BV64 x0>'];[];['<BV64 x0>'];[];[];0;18446744073709551615;18446744073709551615;1;;;True;0;18446744073709551615;18446744073709551615;1;;;True;ControlType.CONTROLLED;0;<BV64 0xe0>;64;[];[];[];[];[];[];[];224.0;224.0;0.0;1.0;;;True;224.0;224.0;0.0;1.0;;;True;ControlType.NO_CONTROL;0;<BV64 0xe0>;64;[];[];[];[];[];[];[];224;224;0;1.0;;;True;224.0;224.0;0.0;1.0;;;True;ControlType.NO_CONTROL;0;<BV64 x0>;64;[];[];['<BV64 x0>'];[];['<BV64 x0>'];[];[];0.0;1.8446744073709552e+19;18446744073709551615;1;;;True;0.0;1.8446744073709552e+19;18446744073709551615;1;;;True;ControlType.CONTROLLED;0;<BV64 x0>;64;[];[];['<BV64 x0>'];[];['<BV64 x0>'];[];[];0.0;1.8446744073709552e+19;1.8446744073709552e+19;1.0;;;True;0.0;1.8446744073709552e+19;1.8446744073709552e+19;1.0;;;True;ControlType.CONTROLLED;0;<BV64 x0>;64;[];[];[];[];[];[];[];0;0;0;;;;False;0;0;0;;;;False;ControlType.UNKNOWN;0;[('0x1b804', <Bool LOAD_64[<BV64 x0 + 0xe50>]_79 != 0x0>, 'Taken'), ('0x1b80c', <Bool LOAD_64[<BV64 x0 + 0xe68>]_85 == 0x0>, 'Taken'), ('0x1ba60', <Bool True>, 'Taken'), ('0x1ede8', <Bool True>, 'Taken')];"{'regs': ['<BV64 x0>'], 'indirect_regs': [""<BV64 x0>: ['0xe50', '0xe68']""], 'direct_regs': [], 'mem': ['<BV64 x0 + 0xe50>', '<BV64 x0 + 0xe68>'], 'const_mem': []}";[];{'regs': [], 'indirect_regs': [], 'direct_regs': [], 'mem': [], 'const_mem': []};{'regs': ['<BV64 x0>'], 'indirect_regs': [], 'direct_regs': ['<BV64 x0>'], 'mem': [], 'const_mem': []};{'regs': ['<BV64 x0>'], 'indirect_regs': [], 'direct_regs': ['<BV64 x0>'], 'mem': ['<BV64 x0 + 0xe50>', '<BV64 x0 + 0xe68>'], 'const_mem': []};63.0;0.0;64.0;64.0;['<Bool LOAD_128[<BV64 x0 + 0x10>]_49 == LOAD_128[<BV64 0x10 + x0>]_109>', '<Bool LOAD_128[<BV64 x0 + 0x20>]_50 == LOAD_128[<BV64 x0 + 0x20>]_110>', '<Bool LOAD_128[<BV64 x0 + 0x30>]_52 == LOAD_128[<BV64 x0 + 0x30>]_111>', '<Bool LOAD_128[<BV64 x0 + 0x40>]_53 == LOAD_128[<BV64 x0 + 0x40>]_112>', '<Bool LOAD_128[<BV64 x0 + 0x50>]_56 == LOAD_128[<BV64 x0 + 0x50>]_113>', '<Bool LOAD_128[<BV64 x0 + 0x70>]_60 == LOAD_128[<BV64 x0 + 0x70>]_115>', '<Bool LOAD_128[<BV64 x0 + 0x90>]_64 == LOAD_128[<BV64 x0 + 0x90>]_117>', '<Bool LOAD_128[<BV64 x0 + 0xb0>]_71 == LOAD_128[<BV64 x0 + 0xb0>]_119>', '<Bool LOAD_64[<BV64 0xaffe8>]_51 == LOAD_64[<BV64 0xaffe8>]_122>'];;;;BaseControlType.CONSTANT_BASE;BaseControlType.CONSTANT_BASE;BaseControlType.CONSTANT_BASE;4;BranchControlType.BRANCH_DEPENDS_ON_SECRET_VALUE;BranchControlType.BRANCH_INDEPENDENT_FROM_SECRET;106144;True;False;True;True;True;False;False;True;True;False;False;False;True;False;True;True;True;False;True;False;[];['has_valid_base'];True;False;True;True;True;False;False;True;True;False;False;False;True;False;True;True;True;False;True;False;[];['has_valid_base']
ca15e379-a422-419c-996e-bfac9fcc6078;ZSTD_compressSequences;0x1ed90;0x1b814;0x0;TransmitterType.STORE;66;0;False;['0x1ed90', '0x1b764', '0x1b810'];<BV64 0xe78 + x0>;64;[];[];['<BV64 x0>'];[];['<BV64 x0>'];[];[];0;18446744073709551615;18446744073709551615;1;;;True;0;18446744073709551615;18446744073709551615;1;;;True;ControlType.CONTROLLED;0;<BV64 0xe78>;64;[];[];[];[];[];[];[];3704.0;3704.0;0.0;1.0;;;True;3704.0;3704.0;0.0;1.0;;;True;ControlType.NO_CONTROL;0;<BV64 0xe78>;64;[];[];[];[];[];[];[];3704;3704;0;1.0;;;True;3704.0;3704.0;0.0;1.0;;;True;ControlType.NO_CONTROL;0;<BV64 x0>;64;[];[];['<BV64 x0>'];[];['<BV64 x0>'];[];[];0.0;1.8446744073709552e+19;18446744073709551615;1;;;True;0.0;1.8446744073709552e+19;18446744073709551615;1;;;True;ControlType.CONTROLLED;0;<BV64 x0>;64;[];[];['<BV64 x0>'];[];['<BV64 x0>'];[];[];0.0;1.8446744073709552e+19;1.8446744073709552e+19;1.0;;;True;0.0;1.8446744073709552e+19;1.8446744073709552e+19;1.0;;;True;ControlType.CONTROLLED;0;<BV64 x0>;64;[];[];[];[];[];[];[];0;0;0;;;;False;0;0;0;;;;False;ControlType.UNKNOWN;0;[('0x1b804', <Bool LOAD_64[<BV64 x0 + 0xe50>]_79 == 0x0>, 'Taken'), ('0x1ede8', <Bool True>, 'Taken')];"{'regs': ['<BV64 x0>'], 'indirect_regs': [""<BV64 x0>: ['0xe50']""], 'direct_regs': [], 'mem': ['<BV64 x0 + 0xe50>'], 'const_mem': []}";[];{'regs': [], 'indirect_regs': [], 'direct_regs': [], 'mem': [], 'const_mem': []};{'regs': ['<BV64 x0>'], 'indirect_regs': [], 'direct_regs': ['<BV64 x0>'], 'mem': [], 'const_mem': []};{'regs': ['<BV64 x0>'], 'indirect_regs': [], 'direct_regs': ['<BV64 x0>'], 'mem': ['<BV64 x0 + 0xe50>'], 'const_mem': []};63.0;0.0;64.0;64.0;[];;;;BaseControlType.CONSTANT_BASE;BaseControlType.CONSTANT_BASE;BaseControlType.CONSTANT_BASE;2;BranchControlType.BRANCH_DEPENDS_ON_SECRET_VALUE;BranchControlType.BRANCH_INDEPENDENT_FROM_SECRET;112660;True;False;True;True;True;False;False;True;True;False;False;False;True;False;True;True;True;False;True;False;[];['has_valid_base'];True;False;True;True;True;False;False;True;True;False;False;False;True;False;True;True;True;False;True;False;[];['has_valid_base']
517e96a9-507f-4c0f-a92d-2415bf0399d4;ZSTD_compressSequences;0x1ed90;0x1b814;0x0;TransmitterType.STORE;66;0;False;['0x1ed90', '0x1b764', '0x1b810'];<BV64 0xe80 + x0>;64;[];[];['<BV64 x0>'];[];['<BV64 x0>'];[];[];0;18446744073709551615;18446744073709551615;1;;;True;0;18446744073709551615;18446744073709551615;1;;;True;ControlType.CONTROLLED;0;<BV64 0xe80>;64;[];[];[];[];[];[];[];3712.0;3712.0;0.0;1.0;;;True;3712.0;3712.0;0.0;1.0;;;True;ControlType.NO_CONTROL;0;<BV64 0xe80>;64;[];[];[];[];[];[];[];3712;3712;0;1.0;;;True;3712.0;3712.0;0.0;1.0;;;True;ControlType.NO_CONTROL;0;<BV64 x0>;64;[];[];['<BV64 x0>'];[];['<BV64 x0>'];[];[];0.0;1.8446744073709552e+19;18446744073709551615;1;;;True;0.0;1.8446744073709552e+19;18446744073709551615;1;;;True;ControlType.CONTROLLED;0;<BV64 x0>;64;[];[];['<BV64 x0>'];[];['<BV64 x0>'];[];[];0.0;1.8446744073709552e+19;1.8446744073709552e+19;1.0;;;True;0.0;1.8446744073709552e+19;1.8446744073709552e+19;1.0;;;True;ControlType.CONTROLLED;0;<BV64 x0>;64;[];[];[];[];[];[];[];0;0;0;;;;False;0;0;0;;;;False;ControlType.UNKNOWN;0;[('0x1b804', <Bool LOAD_64[<BV64 x0 + 0xe50>]_79 == 0x0>, 'Taken'), ('0x1ede8', <Bool True>, 'Taken')];"{'regs': ['<BV64 x0>'], 'indirect_regs': [""<BV64 x0>: ['0xe50']""], 'direct_regs': [], 'mem': ['<BV64 x0 + 0xe50>'], 'const_mem': []}";[];{'regs': [], 'indirect_regs': [], 'direct_regs': [], 'mem': [], 'const_mem': []};{'regs': ['<BV64 x0>'], 'indirect_regs': [], 'direct_regs': ['<BV64 x0>'], 'mem': [], 'const_mem': []};{'regs': ['<BV64 x0>'], 'indirect_regs': [], 'direct_regs': ['<BV64 x0>'], 'mem': ['<BV64 x0 + 0xe50>'], 'const_mem': []};63.0;0.0;64.0;64.0;[];;;;BaseControlType.CONSTANT_BASE;BaseControlType.CONSTANT_BASE;BaseControlType.CONSTANT_BASE;2;BranchControlType.BRANCH_DEPENDS_ON_SECRET_VALUE;BranchControlType.BRANCH_INDEPENDENT_FROM_SECRET;112660;True;False;True;True;True;False;False;True;True;False;False;False;True;False;True;True;True;False;True;False;[];['has_valid_base'];True;False;True;True;True;False;False;True;True;False;False;False;True;False;True;True;True;False;True;False;[];['has_valid_base']
6f8fed19-37a0-4774-9a8c-37c696b40ad9;ZSTD_compressSequences;0x1ed90;0x1b818;0x0;TransmitterType.LOAD;67;0;False;['0x1ed90', '0x1b764', '0x1b810'];<BV64 0xe70 + x0>;64;[];[];['<BV64 x0>'];[];['<BV64 x0>'];[];[];0;18446744073709551615;18446744073709551615;1;;;True;0;18446744073709551615;18446744073709551615;1;;;True;ControlType.CONTROLLED;0;<BV64 0xe70>;64;[];[];[];[];[];[];[];3696.0;3696.0;0.0;1.0;;;True;3696.0;3696.0;0.0;1.0;;;True;ControlType.NO_CONTROL;0;<BV64 0xe70>;64;[];[];[];[];[];[];[];3696;3696;0;1.0;;;True;3696.0;3696.0;0.0;1.0;;;True;ControlType.NO_CONTROL;0;<BV64 x0>;64;[];[];['<BV64 x0>'];[];['<BV64 x0>'];[];[];0.0;1.8446744073709552e+19;18446744073709551615;1;;;True;0.0;1.8446744073709552e+19;18446744073709551615;1;;;True;ControlType.CONTROLLED;0;<BV64 x0>;64;[];[];['<BV64 x0>'];[];['<BV64 x0>'];[];[];0.0;1.8446744073709552e+19;1.8446744073709552e+19;1.0;;;True;0.0;1.8446744073709552e+19;1.8446744073709552e+19;1.0;;;True;ControlType.CONTROLLED;0;<BV64 x0>;64;[];[];[];[];[];[];[];0;0;0;;;;False;0;0;0;;;;False;ControlType.UNKNOWN;0;[('0x1b804', <Bool LOAD_64[<BV64 x0 + 0xe50>]_79 == 0x0>, 'Taken'), ('0x1ede8', <Bool True>, 'Taken')];"{'regs': ['<BV64 x0>'], 'indirect_regs': [""<BV64 x0>: ['0xe50']""], 'direct_regs': [], 'mem': ['<BV64 x0 + 0xe50>'], 'const_mem': []}";[];{'regs': [], 'indirect_regs': [], 'direct_regs': [], 'mem': [], 'const_mem': []};{'regs': ['<BV64 x0>'], 'indirect_regs': [], 'direct_regs': ['<BV64 x0>'], 'mem': [], 'const_mem': []};{'regs': ['<BV64 x0>'], 'indirect_regs': [], 'direct_regs': ['<BV64 x0>'], 'mem': ['<BV64 x0 + 0xe50>'], 'const_mem': []};63.0;0.0;64.0;64.0;[];;;;BaseControlType.CONSTANT_BASE;BaseControlType.CONSTANT_BASE;BaseControlType.CONSTANT_BASE;2;BranchControlType.BRANCH_DEPENDS_ON_SECRET_VALUE;BranchControlType.BRANCH_INDEPENDENT_FROM_SECRET;112664;True;False;True;True;True;False;False;True;True;False;False;False;True;False;True;True;True;False;True;False;[];['has_valid_base'];True;False;True;True;True;False;False;True;True;False;False;False;True;False;True;True;True;False;True;False;[];['has_valid_base']
f548bbc3-3e3a-4638-9964-b61715c3f6a7;ZSTD_compressSequences;0x1ed90;0x1b81c;0x0;TransmitterType.STORE;68;0;False;['0x1ed90', '0x1b764', '0x1b810'];<BV64 0xe88 + x0>;64;[];[];['<BV64 x0>'];[];['<BV64 x0>'];[];[];0;18446744073709551615;18446744073709551615;1;;;True;0;18446744073709551615;18446744073709551615;1;;;True;ControlType.CONTROLLED;0;<BV64 0xe88>;64;[];[];[];[];[];[];[];3720.0;3720.0;0.0;1.0;;;True;3720.0;3720.0;0.0;1.0;;;True;ControlType.NO_CONTROL;0;<BV64 0xe88>;64;[];[];[];[];[];[];[];3720;3720;0;1.0;;;True;3720.0;3720.0;0.0;1.0;;;True;ControlType.NO_CONTROL;0;<BV64 x0>;64;[];[];['<BV64 x0>'];[];['<BV64 x0>'];[];[];0.0;1.8446744073709552e+19;18446744073709551615;1;;;True;0.0;1.8446744073709552e+19;18446744073709551615;1;;;True;ControlType.CONTROLLED;0;<BV64 x0>;64;[];[];['<BV64 x0>'];[];['<BV64 x0>'];[];[];0.0;1.8446744073709552e+19;1.8446744073709552e+19;1.0;;;True;0.0;1.8446744073709552e+19;1.8446744073709552e+19;1.0;;;True;ControlType.CONTROLLED;0;<BV64 x0>;64;[];[];[];[];[];[];[];0;0;0;;;;False;0;0;0;;;;False;ControlType.UNKNOWN;0;[('0x1b804', <Bool LOAD_64[<BV64 x0 + 0xe50>]_79 == 0x0>, 'Taken'), ('0x1ede8', <Bool True>, 'Taken')];"{'regs': ['<BV64 x0>'], 'indirect_regs': [""<BV64 x0>: ['0xe50']""], 'direct_regs': [], 'mem': ['<BV64 x0 + 0xe50>'], 'const_mem': []}";[];{'regs': [], 'indirect_regs': [], 'direct_regs': [], 'mem': [], 'const_mem': []};{'regs': ['<BV64 x0>'], 'indirect_regs': [], 'direct_regs': ['<BV64 x0>'], 'mem': [], 'const_mem': []};{'regs': ['<BV64 x0>'], 'indirect_regs': [], 'direct_regs': ['<BV64 x0>'], 'mem': ['<BV64 x0 + 0xe50>'], 'const_mem': []};63.0;0.0;64.0;64.0;[];;;;BaseControlType.CONSTANT_BASE;BaseControlType.CONSTANT_BASE;BaseControlType.CONSTANT_BASE;2;BranchControlType.BRANCH_DEPENDS_ON_SECRET_VALUE;BranchControlType.BRANCH_INDEPENDENT_FROM_SECRET;112668;True;False;True;True;True;False;False;True;True;False;False;False;True;False;True;True;True;False;True;False;[];['has_valid_base'];True;False;True;True;True;False;False;True;True;False;False;False;True;False;True;True;True;False;True;False;[];['has_valid_base']
18d33754-6740-4f56-b4a1-6ba6fe048a0d;ZSTD_compressSequences;0x1ed90;0x1b824;0x0;TransmitterType.LOAD;70;0;False;['0x1ed90', '0x1b764', '0x1b810', '0x1b824'];<BV64 0xe68 + x0>;64;[];[];['<BV64 x0>'];[];['<BV64 x0>'];[];[];0;18446744073709551615;18446744073709551615;1;;;True;0;18446744073709551615;18446744073709551615;1;;;True;ControlType.CONTROLLED;0;<BV64 0xe68>;64;[];[];[];[];[];[];[];3688.0;3688.0;0.0;1.0;;;True;3688.0;3688.0;0.0;1.0;;;True;ControlType.NO_CONTROL;0;<BV64 0xe68>;64;[];[];[];[];[];[];[];3688;3688;0;1.0;;;True;3688.0;3688.0;0.0;1.0;;;True;ControlType.NO_CONTROL;0;<BV64 x0>;64;[];[];['<BV64 x0>'];[];['<BV64 x0>'];[];[];0.0;1.8446744073709552e+19;18446744073709551615;1;;;True;0.0;1.8446744073709552e+19;18446744073709551615;1;;;True;ControlType.CONTROLLED;0;<BV64 x0>;64;[];[];['<BV64 x0>'];[];['<BV64 x0>'];[];[];0.0;1.8446744073709552e+19;1.8446744073709552e+19;1.0;;;True;0.0;1.8446744073709552e+19;1.8446744073709552e+19;1.0;;;True;ControlType.CONTROLLED;0;<BV64 x0>;64;[];[];[];[];[];[];[];0;0;0;;;;False;0;0;0;;;;False;ControlType.UNKNOWN;0;[('0x1b804', <Bool LOAD_64[<BV64 x0 + 0xe50>]_79 == 0x0>, 'Taken'), ('0x1b820', <Bool LOAD_64[<BV64 x0 + 0xe70>]_144 != 0x0>, 'Taken'), ('0x1ede8', <Bool True>, 'Taken')];"{'regs': ['<BV64 x0>'], 'indirect_regs': [""<BV64 x0>: ['0xe50', '0xe70']""], 'direct_regs': [], 'mem': ['<BV64 x0 + 0xe50>', '<BV64 x0 + 0xe70>'], 'const_mem': []}";[];{'regs': [], 'indirect_regs': [], 'direct_regs': [], 'mem': [], 'const_mem': []};{'regs': ['<BV64 x0>'], 'indirect_regs': [], 'direct_regs': ['<BV64 x0>'], 'mem': [], 'const_mem': []};"{'regs': ['<BV64 x0>', '<BV64 x0>'], 'indirect_regs': [""<BV64 x0>: ['0xe50', '0xe70']""], 'direct_regs': ['<BV64 x0>'], 'mem': ['<BV64 x0 + 0xe50>', '<BV64 x0 + 0xe70>'], 'const_mem': []}";63.0;0.0;64.0;64.0;[];;;;BaseControlType.CONSTANT_BASE;BaseControlType.CONSTANT_BASE;BaseControlType.CONSTANT_BASE;3;BranchControlType.BRANCH_INDEPENDENT_FROM_SECRET;BranchControlType.BRANCH_INDEPENDENT_FROM_SECRET;112676;True;False;True;True;True;False;False;True;True;False;False;False;True;False;True;False;True;False;True;False;[];['has_valid_base'];True;False;True;True;True;False;False;True;True;False;False;False;True;False;True;False;True;False;True;False;[];['has_valid_base']
0e8229f1-c827-4cb0-bdee-5e7a64e920e6;ZSTD_compressSequences;0x1ed90;0x1babc;0x1b818;TransmitterType.LOAD;72;1;False;['0x1ed90', '0x1b764', '0x1b810', '0x1b824', '0x1babc'];<BV64 0x17b4 + LOAD_64[<BV64 x0 + 0xe70>]_144>;64;[('0x1b820', <Bool LOAD_64[<BV64 x0 + 0xe70>]_144 != 0x0>, 'Taken')];[];['<BV64 x0>'];"[""<BV64 x0>: ['0xe70']""]";[];['<BV64 x0 + 0xe70>'];[];0;18446744073709551615;18446744073709551615;1;;;True;6069;6067;18446744073709551614;1;;;True;ControlType.CONTROLLED;1;<BV64 0x17b4>;64;[];[];[];[];[];[];[];6068.0;6068.0;0.0;1.0;;;True;6068.0;6068.0;0.0;1.0;;;True;ControlType.NO_CONTROL;0;<BV64 0x17b4>;64;[];[];[];[];[];[];[];6068;6068;0;1.0;;;True;6068.0;6068.0;0.0;1.0;;;True;ControlType.NO_CONTROL;0;<BV64 LOAD_64[<BV64 x0 + 0xe70>]_144>;64;[('0x1b820', <Bool LOAD_64[<BV64 x0 + 0xe70>]_144 != 0x0>, 'Taken')];[];['<BV64 x0>'];"[""<BV64 x0>: ['0xe70']""]";[];['<BV64 x0 + 0xe70>'];[];0.0;1.8446744073709552e+19;18446744073709551615;1;;;True;1.0;1.8446744073709552e+19;18446744073709551614;1;;;True;ControlType.CONTROLLED;1;<BV64 x0 + 0xe70>;64;[];[];['<BV64 x0>'];[];['<BV64 x0>'];[];[];0.0;1.8446744073709552e+19;1.8446744073709552e+19;1.0;;;True;0.0;1.8446744073709552e+19;1.8446744073709552e+19;1.0;;;True;ControlType.CONTROLLED;0;<BV64 LOAD_64[<BV64 x0 + 0xe70>]_144>;64;[];[];[];[];[];[];[];0;0;0;;;;False;0;0;0;;;;False;ControlType.UNKNOWN;1;[('0x1b804', <Bool LOAD_64[<BV64 x0 + 0xe50>]_79 == 0x0>, 'Taken'), ('0x1b820', <Bool LOAD_64[<BV64 x0 + 0xe70>]_144 != 0x0>, 'Taken'), ('0x1b828', <Bool LOAD_64[<BV64 x0 + 0xe68>]_146 == 0x0>, 'Taken'), ('0x1ede8', <Bool True>, 'Taken')];"{'regs': ['<BV64 x0>'], 'indirect_regs': [""<BV64 x0>: ['0xe50', '0xe68', '0xe70']""], 'direct_regs': [], 'mem': ['<BV64 x0 + 0xe50>', '<BV64 x0 + 0xe68>', '<BV64 x0 + 0xe70>'], 'const_mem': []}";[];{'regs': [], 'indirect_regs': [], 'direct_regs': [], 'mem': [], 'const_mem': []};{'regs': ['<BV64 x0>'], 'indirect_regs': [], 'direct_regs': ['<BV64 x0>'], 'mem': ['<BV64 x0 + 0xe70>'], 'const_mem': []};{'regs': ['<BV64 x0>'], 'indirect_regs': [], 'direct_regs': ['<BV64 x0>'], 'mem': ['<BV64 x0 + 0xe50>', '<BV64 x0 + 0xe68>', '<BV64 x0 + 0xe70>'], 'const_mem': []};63.0;0.0;64.0;64.0;[];;;;BaseControlType.CONSTANT_BASE;BaseControlType.CONSTANT_BASE;BaseControlType.CONSTANT_BASE;4;BranchControlType.BRANCH_DEPENDS_ON_SECRET_VALUE;BranchControlType.BRANCH_INDEPENDENT_FROM_SECRET;113340;True;False;True;True;True;False;False;True;True;False;False;False;True;False;True;True;True;False;True;False;[];['has_valid_base'];True;False;True;True;True;False;False;True;True;False;False;False;True;False;True;True;True;False;True;False;[];['has_valid_base']
11001f35-6244-4f2b-8921-1dbb5f4378ea;ZSTD_compressSequences;0x1ed90;0x1c6a8;0x0;TransmitterType.STORE;73;0;False;['0x1ed90', '0x1b764', '0x1b810', '0x1ba84', '0x1c6a4'];<BV64 0x2f8 + x0>;64;[];[];['<BV64 x0>'];[];['<BV64 x0>'];[];[];0;18446744073709551615;18446744073709551615;1;;;True;0;18446744073709551615;18446744073709551615;1;;;True;ControlType.CONTROLLED;0;<BV64 0x2f8>;64;[];[];[];[];[];[];[];760.0;760.0;0.0;1.0;;;True;760.0;760.0;0.0;1.0;;;True;ControlType.NO_CONTROL;0;<BV64 0x2f8>;64;[];[];[];[];[];[];[];760;760;0;1.0;;;True;760.0;760.0;0.0;1.0;;;True;ControlType.NO_CONTROL;0;<BV64 x0>;64;[];[];['<BV64 x0>'];[];['<BV64 x0>'];[];[];0.0;1.8446744073709552e+19;18446744073709551615;1;;;True;0.0;1.8446744073709552e+19;18446744073709551615;1;;;True;ControlType.CONTROLLED;0;<BV64 x0>;64;[];[];['<BV64 x0>'];[];['<BV64 x0>'];[];[];0.0;1.8446744073709552e+19;1.8446744073709552e+19;1.0;;;True;0.0;1.8446744073709552e+19;1.8446744073709552e+19;1.0;;;True;ControlType.CONTROLLED;0;<BV64 x0>;64;[];[];[];[];[];[];[];0;0;0;;;;False;0;0;0;;;;False;ControlType.UNKNOWN;0;[('0x1b804', <Bool LOAD_64[<BV64 x0 + 0xe50>]_79 == 0x0>, 'Taken'), ('0x1b820', <Bool LOAD_64[<BV64 x0 + 0xe70>]_144 == 0x0>, 'Taken'), ('0x1ba88', <Bool True>, 'Taken'), ('0x1ede8', <Bool True>, 'Taken')];"{'regs': ['<BV64 x0>'], 'indirect_regs': [""<BV64 x0>: ['0xe50', '0xe70']""], 'direct_regs': [], 'mem': ['<BV64 x0 + 0xe50>', '<BV64 x0 + 0xe70>'], 'const_mem': []}";[];{'regs': [], 'indirect_regs': [], 'direct_regs': [], 'mem': [], 'const_mem': []};{'regs': ['<BV64 x0>'], 'indirect_regs': [], 'direct_regs': ['<BV64 x0>'], 'mem': [], 'const_mem': []};"{'regs': ['<BV64 x0>', '<BV64 x0>'], 'indirect_regs': [""<BV64 x0>: ['0xe50', '0xe70']""], 'direct_regs': ['<BV64 x0>'], 'mem': ['<BV64 x0 + 0xe50>', '<BV64 x0 + 0xe70>'], 'const_mem': []}";63.0;0.0;64.0;64.0;[];;;;BaseControlType.CONSTANT_BASE;BaseControlType.CONSTANT_BASE;BaseControlType.CONSTANT_BASE;4;BranchControlType.BRANCH_INDEPENDENT_FROM_SECRET;BranchControlType.BRANCH_INDEPENDENT_FROM_SECRET;116392;True;False;True;True;True;False;False;True;True;False;False;False;True;False;True;False;True;False;True;False;[];['has_valid_base'];True;False;True;True;True;False;False;True;True;False;False;False;True;False;True;False;True;False;True;False;[];['has_valid_base']
3f1b4789-6447-476c-82c8-1f7d0f64037b;ZSTD_estimateCCtxSize_usingCCtxParams;0x15a30;0x154f0;0x0;TransmitterType.LOAD;36;0;False;['0x15a30', '0x154a4', '0x154f0'];<BV64 0x40 + x0>;64;[];[];['<BV64 x0>'];[];['<BV64 x0>'];[];[];0;18446744073709551615;18446744073709551615;1;;;True;0;18446744073709551615;18446744073709551615;1;;;True;ControlType.CONTROLLED;0;<BV64 0x40>;64;[];[];[];[];[];[];[];64.0;64.0;0.0;1.0;;;True;64.0;64.0;0.0;1.0;;;True;ControlType.NO_CONTROL;0;<BV64 0x40>;64;[];[];[];[];[];[];[];64;64;0;1.0;;;True;64.0;64.0;0.0;1.0;;;True;ControlType.NO_CONTROL;0;<BV64 x0>;64;[];[];['<BV64 x0>'];[];['<BV64 x0>'];[];[];0.0;1.8446744073709552e+19;18446744073709551615;1;;;True;0.0;1.8446744073709552e+19;18446744073709551615;1;;;True;ControlType.CONTROLLED;0;<BV64 x0>;64;[];[];['<BV64 x0>'];[];['<BV64 x0>'];[];[];0.0;1.8446744073709552e+19;1.8446744073709552e+19;1.0;;;True;0.0;1.8446744073709552e+19;1.8446744073709552e+19;1.0;;;True;ControlType.CONTROLLED;0;<BV64 x0>;64;[];[];[];[];[];[];[];0;0;0;;;;False;0;0;0;;;;False;ControlType.UNKNOWN;0;[('0x154ec', <Bool True>, 'Taken'), ('0x15a6c', <Bool True>, 'Taken')];{'regs': [], 'indirect_regs': [], 'direct_regs': [], 'mem': [], 'const_mem': []};[];{'regs': [], 'indirect_regs': [], 'direct_regs': [], 'mem': [], 'const_mem': []};{'regs': ['<BV64 x0>'], 'indirect_regs': [], 'direct_regs': ['<BV64 x0>'], 'mem': [], 'const_mem': []};{'regs': ['<BV64 x0>'], 'indirect_regs': [], 'direct_regs': ['<BV64 x0>'], 'mem': [], 'const_mem': []};63.0;0.0;64.0;64.0;[];;;;BaseControlType.CONSTANT_BASE;BaseControlType.CONSTANT_BASE;BaseControlType.CONSTANT_BASE;2;BranchControlType.BRANCH_INDEPENDENT_FROM_SECRET;BranchControlType.BRANCH_INDEPENDENT_FROM_SECRET;87280;True;False;True;True;True;False;False;True;True;False;False;False;True;False;True;False;True;False;True;False;[];['has_valid_base'];True;False;True;True;True;False;False;True;True;False;False;False;True;False;True;False;True;False;True;False;[];['has_valid_base']
5e091bf0-bfcb-432e-941d-724691721455;ZSTD_estimateCCtxSize_usingCCtxParams;0x15a30;0x15500;0x0;TransmitterType.LOAD;40;0;False;['0x15a30', '0x154a4', '0x154f0'];<BV64 0x2c + x0>;64;[];[];['<BV64 x0>'];[];['<BV64 x0>'];[];[];0;18446744073709551615;18446744073709551615;1;;;True;0;18446744073709551615;18446744073709551615;1;;;True;ControlType.CONTROLLED;0;<BV64 0x2c>;64;[];[];[];[];[];[];[];44.0;44.0;0.0;1.0;;;True;44.0;44.0;0.0;1.0;;;True;ControlType.NO_CONTROL;0;<BV64 0x2c>;64;[];[];[];[];[];[];[];44;44;0;1.0;;;True;44.0;44.0;0.0;1.0;;;True;ControlType.NO_CONTROL;0;<BV64 x0>;64;[];[];['<BV64 x0>'];[];['<BV64 x0>'];[];[];0.0;1.8446744073709552e+19;18446744073709551615;1;;;True;0.0;1.8446744073709552e+19;18446744073709551615;1;;;True;ControlType.CONTROLLED;0;<BV64 x0>;64;[];[];['<BV64 x0>'];[];['<BV64 x0>'];[];[];0.0;1.8446744073709552e+19;1.8446744073709552e+19;1.0;;;True;0.0;1.8446744073709552e+19;1.8446744073709552e+19;1.0;;;True;ControlType.CONTROLLED;0;<BV64 x0>;64;[];[];[];[];[];[];[];0;0;0;;;;False;0;0;0;;;;False;ControlType.UNKNOWN;0;[('0x154ec', <Bool True>, 'Taken'), ('0x15a6c', <Bool True>, 'Taken')];{'regs': [], 'indirect_regs': [], 'direct_regs': [], 'mem': [], 'const_mem': []};[];{'regs': [], 'indirect_regs': [], 'direct_regs': [], 'mem': [], 'const_mem': []};{'regs': ['<BV64 x0>'], 'indirect_regs': [], 'direct_regs': ['<BV64 x0>'], 'mem': [], 'const_mem': []};{'regs': ['<BV64 x0>'], 'indirect_regs': [], 'direct_regs': ['<BV64 x0>'], 'mem': [], 'const_mem': []};63.0;0.0;64.0;64.0;[];;;;BaseControlType.CONSTANT_BASE;BaseControlType.CONSTANT_BASE;BaseControlType.CONSTANT_BASE;2;BranchControlType.BRANCH_INDEPENDENT_FROM_SECRET;BranchControlType.BRANCH_INDEPENDENT_FROM_SECRET;87296;True;False;True;True;True;False;False;True;True;False;False;False;True;False;True;False;True;False;True;False;[];['has_valid_base'];True;False;True;True;True;False;False;True;True;False;False;False;True;False;True;False;True;False;True;False;[];['has_valid_base']
0e650ff4-8d17-4599-b58f-a1b9825b888f;ZSTD_initStaticDCtx;0x54424;0x54468;0x0;TransmitterType.STORE;19;0;False;['0x54424', '0x54450'];<BV64 0x75e8 + x0>;64;[];[];['<BV64 x0>'];[];['<BV64 x0>'];[];[];0;18446744073709551608;18446744073709551608;1;;;True;0;18446744073709551608;18446744073709551608;1;;;True;ControlType.CONTROLLED;0;<BV64 0x75e8>;64;[];[];[];[];[];[];[];30184.0;30184.0;0.0;1.0;;;True;30184.0;30184.0;0.0;1.0;;;True;ControlType.NO_CONTROL;0;<BV64 0x75e8>;64;[];[];[];[];[];[];[];30184;30184;0;1.0;;;True;30184.0;30184.0;0.0;1.0;;;True;ControlType.NO_CONTROL;0;<BV64 x0>;64;[];[];['<BV64 x0>'];[];['<BV64 x0>'];[];[];0.0;1.8446744073709552e+19;18446744073709551608;1;;;True;0.0;1.8446744073709552e+19;18446744073709551608;1;;;True;ControlType.CONTROLLED;0;<BV64 x0>;64;[];[];['<BV64 x0>'];[];['<BV64 x0>'];[];[];0.0;1.8446744073709552e+19;1.8446744073709552e+19;1.0;;;True;0.0;1.8446744073709552e+19;1.8446744073709552e+19;1.0;;;True;ControlType.CONTROLLED;0;<BV64 x0>;64;[];[];[];[];[];[];[];0;0;0;;;;False;0;0;0;;;;False;ControlType.UNKNOWN;0;[('0x5444c', <Bool True>, 'Taken')];{'regs': [], 'indirect_regs': [], 'direct_regs': [], 'mem': [], 'const_mem': []};[('0x54444', <Bool (x0[7:0] & 7) == 0>, 'ConditionType.CMOVE'), ('0x5444c', <Bool (x0[7:0] & 7) == 0>, 'ConditionType.CMOVE'), ('0x5444c', <Bool x1 - 0x176f7 != 0x0>, 'ConditionType.UNKNOWN'), ('0x5444c', <Bool x1 >= 0x176f7>, 'ConditionType.UNKNOWN')];{'regs': ['<BV64 x0>', '<BV64 x1>'], 'indirect_regs': [], 'direct_regs': ['<BV64 x0>', '<BV64 x1>'], 'mem': [], 'const_mem': []};{'regs': ['<BV64 x0>', '<BV64 x0>', '<BV64 x1>'], 'indirect_regs': [], 'direct_regs': ['<BV64 x0>', '<BV64 x0>', '<BV64 x1>'], 'mem': [], 'const_mem': []};{'regs': ['<BV64 x0>', '<BV64 x0>', '<BV64 x1>'], 'indirect_regs': [], 'direct_regs': ['<BV64 x0>', '<BV64 x0>', '<BV64 x1>'], 'mem': [], 'const_mem': []};63.0;0.0;64.0;64.0;[];;;;BaseControlType.CONSTANT_BASE;BaseControlType.CONSTANT_BASE;BaseControlType.CONSTANT_BASE;1;BranchControlType.BRANCH_INDEPENDENT_FROM_SECRET;BranchControlType.BRANCH_INDEPENDENT_FROM_SECRET;345192;True;False;True;True;True;False;False;True;True;False;False;False;True;False;True;False;True;False;True;False;[];['has_valid_base'];True;False;True;True;True;False;False;True;True;False;False;False;True;False;True;False;True;False;True;False;[];['has_valid_base']
5a16ca6b-3513-465a-9126-c2d62ffbe577;ZSTD_initStaticDCtx;0x54424;0x54468;0x0;TransmitterType.STORE;19;0;False;['0x54424', '0x54450'];<BV64 0x75f0 + x0>;64;[];[];['<BV64 x0>'];[];['<BV64 x0>'];[];[];0;18446744073709551608;18446744073709551608;1;;;True;0;18446744073709551608;18446744073709551608;1;;;True;ControlType.CONTROLLED;0;<BV64 0x75f0>;64;[];[];[];[];[];[];[];30192.0;30192.0;0.0;1.0;;;True;30192.0;30192.0;0.0;1.0;;;True;ControlType.NO_CONTROL;0;<BV64 0x75f0>;64;[];[];[];[];[];[];[];30192;30192;0;1.0;;;True;30192.0;30192.0;0.0;1.0;;;True;ControlType.NO_CONTROL;0;<BV64 x0>;64;[];[];['<BV64 x0>'];[];['<BV64 x0>'];[];[];0.0;1.8446744073709552e+19;18446744073709551608;1;;;True;0.0;1.8446744073709552e+19;18446744073709551608;1;;;True;ControlType.CONTROLLED;0;<BV64 x0>;64;[];[];['<BV64 x0>'];[];['<BV64 x0>'];[];[];0.0;1.8446744073709552e+19;1.8446744073709552e+19;1.0;;;True;0.0;1.8446744073709552e+19;1.8446744073709552e+19;1.0;;;True;ControlType.CONTROLLED;0;<BV64 x0>;64;[];[];[];[];[];[];[];0;0;0;;;;False;0;0;0;;;;False;ControlType.UNKNOWN;0;[('0x5444c', <Bool True>, 'Taken')];{'regs': [], 'indirect_regs': [], 'direct_regs': [], 'mem': [], 'const_mem': []};[('0x54444', <Bool (x0[7:0] & 7) == 0>, 'ConditionType.CMOVE'), ('0x5444c', <Bool (x0[7:0] & 7) == 0>, 'ConditionType.CMOVE'), ('0x5444c', <Bool x1 - 0x176f7 != 0x0>, 'ConditionType.UNKNOWN'), ('0x5444c', <Bool x1 >= 0x176f7>, 'ConditionType.UNKNOWN')];{'regs': ['<BV64 x0>', '<BV64 x1>'], 'indirect_regs': [], 'direct_regs': ['<BV64 x0>', '<BV64 x1>'], 'mem': [], 'const_mem': []};{'regs': ['<BV64 x0>', '<BV64 x0>', '<BV64 x1>'], 'indirect_regs': [], 'direct_regs': ['<BV64 x0>', '<BV64 x0>', '<BV64 x1>'], 'mem': [], 'const_mem': []};{'regs': ['<BV64 x0>', '<BV64 x0>', '<BV64 x1>'], 'indirect_regs': [], 'direct_regs': ['<BV64 x0>', '<BV64 x0>', '<BV64 x1>'], 'mem': [], 'const_mem': []};63.0;0.0;64.0;64.0;[];;;;BaseControlType.CONSTANT_BASE;BaseControlType.CONSTANT_BASE;BaseControlType.CONSTANT_BASE;1;BranchControlType.BRANCH_INDEPENDENT_FROM_SECRET;BranchControlType.BRANCH_INDEPENDENT_FROM_SECRET;345192;True;False;True;True;True;False;False;True;True;False;False;False;True;False;True;False;True;False;True;False;[];['has_valid_base'];True;False;True;True;True;False;False;True;True;False;False;False;True;False;True;False;True;False;True;False;[];['has_valid_base']
51fd0c69-6612-415b-94e9-b6529e39bf3b;ZSTD_initStaticDCtx;0x54424;0x54474;0x0;TransmitterType.STORE;22;0;False;['0x54424', '0x54450'];<BV64 0x74d8 + x0>;64;[];[('0x54444', <Bool (x0[7:0] & 7) == 0>, 'ConditionType.CMOVE'), ('0x5444c', <Bool (x0[7:0] & 7) == 0>, 'ConditionType.CMOVE')];['<BV64 x0>'];[];['<BV64 x0>'];[];[];0;18446744073709551608;18446744073709551608;8;;;False;0;18446744073709551608;18446744073709551608;8;;;False;ControlType.CONTROLLED;0;<BV64 0x74d8>;64;[];[];[];[];[];[];[];29912.0;29912.0;0.0;1.0;;;True;29912.0;29912.0;0.0;1.0;;;True;ControlType.NO_CONTROL;0;<BV64 0x74d8>;64;[];[];[];[];[];[];[];29912;29912;0;1.0;;;True;29912.0;29912.0;0.0;1.0;;;True;ControlType.NO_CONTROL;0;<BV64 x0>;64;[];[('0x54444', <Bool (x0[7:0] & 7) == 0>, 'ConditionType.CMOVE'), ('0x5444c', <Bool (x0[7:0] & 7) == 0>, 'ConditionType.CMOVE')];['<BV64 x0>'];[];['<BV64 x0>'];[];[];0.0;1.8446744073709552e+19;18446744073709551608;8;;;False;0.0;1.8446744073709552e+19;18446744073709551608;8;;;False;ControlType.CONTROLLED;0;<BV64 x0>;64;[];[('0x54444', <Bool (x0[7:0] & 7) == 0>, 'ConditionType.CMOVE'), ('0x5444c', <Bool (x0[7:0] & 7) == 0>, 'ConditionType.CMOVE')];['<BV64 x0>'];[];['<BV64 x0>'];[];[];0.0;1.8446744073709552e+19;1.8446744073709552e+19;8.0;;;False;0.0;1.8446744073709552e+19;1.8446744073709552e+19;8.0;;;False;ControlType.CONTROLLED;0;<BV64 x0>;64;[];[];[];[];[];[];[];0;0;0;;;;False;0;0;0;;;;False;ControlType.UNKNOWN;0;[('0x5444c', <Bool True>, 'Taken')];{'regs': [], 'indirect_regs': [], 'direct_regs': [], 'mem': [], 'const_mem': []};[('0x54444', <Bool (x0[7:0] & 7) == 0>, 'ConditionType.CMOVE'), ('0x5444c', <Bool (x0[7:0] & 7) == 0>, 'ConditionType.CMOVE'), ('0x5444c', <Bool x1 - 0x176f7 != 0x0>, 'ConditionType.UNKNOWN'), ('0x5444c', <Bool x1 >= 0x176f7>, 'ConditionType.UNKNOWN')];{'regs': ['<BV64 x0>', '<BV64 x1>'], 'indirect_regs': [], 'direct_regs': ['<BV64 x0>', '<BV64 x1>'], 'mem': [], 'const_mem': []};{'regs': ['<BV64 x0>', '<BV64 x1>'], 'indirect_regs': [], 'direct_regs': ['<BV64 x0>', '<BV64 x1>'], 'mem': [], 'const_mem': []};{'regs': ['<BV64 x0>', '<BV64 x1>'], 'indirect_regs': [], 'direct_regs': ['<BV64 x0>', '<BV64 x1>'], 'mem': [], 'const_mem': []};63.0;0.0;64.0;64.0;[];;;;BaseControlType.CONSTANT_BASE;BaseControlType.CONSTANT_BASE;BaseControlType.CONSTANT_BASE;1;BranchControlType.BRANCH_INDEPENDENT_FROM_SECRET;BranchControlType.BRANCH_DEPENDS_ON_SECRET_VALUE;345204;True;False;True;False;True;False;False;True;True;False;False;False;True;False;True;False;True;False;True;False;[];['has_valid_base', 'is_cmove_independent_from_secret'];True;False;True;False;True;False;False;True;True;False;False;False;True;False;True;False;True;False;True;False;[];['has_valid_base', 'is_cmove_independent_from_secret']
3e99cdf1-5e6f-4c74-b5dc-8515946d9f19;ZSTD_initStaticDCtx;0x54424;0x54484;0x0;TransmitterType.STORE;26;0;False;['0x54424', '0x54450'];<BV64 0x75fc + x0>;64;[];[('0x54444', <Bool (x0[7:0] & 7) == 0>, 'ConditionType.CMOVE'), ('0x5444c', <Bool (x0[7:0] & 7) == 0>, 'ConditionType.CMOVE')];['<BV64 x0>'];[];['<BV64 x0>'];[];[];4;18446744073709551612;18446744073709551608;8;;4.0;False;4;18446744073709551612;18446744073709551608;8;;4.0;False;ControlType.CONTROLLED;0;<BV64 0x75fc>;64;[];[];[];[];[];[];[];30204.0;30204.0;0.0;1.0;;;True;30204.0;30204.0;0.0;1.0;;;True;ControlType.NO_CONTROL;0;<BV64 0x75fc>;64;[];[];[];[];[];[];[];30204;30204;0;1.0;;;True;30204.0;30204.0;0.0;1.0;;;True;ControlType.NO_CONTROL;0;<BV64 x0>;64;[];[('0x54444', <Bool (x0[7:0] & 7) == 0>, 'ConditionType.CMOVE'), ('0x5444c', <Bool (x0[7:0] & 7) == 0>, 'ConditionType.CMOVE')];['<BV64 x0>'];[];['<BV64 x0>'];[];[];0.0;1.8446744073709552e+19;18446744073709551608;8;;;False;0.0;1.8446744073709552e+19;18446744073709551608;8;;;False;ControlType.CONTROLLED;0;<BV64 x0>;64;[];[('0x54444', <Bool (x0[7:0] & 7) == 0>, 'ConditionType.CMOVE'), ('0x5444c', <Bool (x0[7:0] & 7) == 0>, 'ConditionType.CMOVE')];['<BV64 x0>'];[];['<BV64 x0>'];[];[];0.0;1.8446744073709552e+19;1.8446744073709552e+19;8.0;;;False;0.0;1.8446744073709552e+19;1.8446744073709552e+19;8.0;;;False;ControlType.CONTROLLED;0;<BV64 x0>;64;[];[];[];[];[];[];[];0;0;0;;;;False;0;0;0;;;;False;ControlType.UNKNOWN;0;[('0x5444c', <Bool True>, 'Taken')];{'regs': [], 'indirect_regs': [], 'direct_regs': [], 'mem': [], 'const_mem': []};[('0x54444', <Bool (x0[7:0] & 7) == 0>, 'ConditionType.CMOVE'), ('0x5444c', <Bool (x0[7:0] & 7) == 0>, 'ConditionType.CMOVE'), ('0x5444c', <Bool x1 - 0x176f7 != 0x0>, 'ConditionType.UNKNOWN'), ('0x5444c', <Bool x1 >= 0x176f7>, 'ConditionType.UNKNOWN')];{'regs': ['<BV64 x0>', '<BV64 x1>'], 'indirect_regs': [], 'direct_regs': ['<BV64 x0>', '<BV64 x1>'], 'mem': [], 'const_mem': []};{'regs': ['<BV64 x0>', '<BV64 x1>'], 'indirect_regs': [], 'direct_regs': ['<BV64 x0>', '<BV64 x1>'], 'mem': [], 'const_mem': []};{'regs': ['<BV64 x0>', '<BV64 x1>'], 'indirect_regs': [], 'direct_regs': ['<BV64 x0>', '<BV64 x1>'], 'mem': [], 'const_mem': []};63.0;0.0;64.0;64.0;[];;;;BaseControlType.CONSTANT_BASE;BaseControlType.CONSTANT_BASE;BaseControlType.CONSTANT_BASE;1;BranchControlType.BRANCH_INDEPENDENT_FROM_SECRET;BranchControlType.BRANCH_DEPENDS_ON_SECRET_VALUE;345220;True;False;True;False;True;False;False;True;True;False;False;False;True;False;True;False;True;False;True;False;[];['has_valid_base', 'is_cmove_independent_from_secret'];True;False;True;False;True;False;False;True;True;False;False;False;True;False;True;False;True;False;True;False;[];['has_valid_base', 'is_cmove_independent_from_secret']
0250908c-cd84-45a3-9bee-d24c8b44bd79;ZSTD_initStaticDCtx;0x54424;0x54488;0x0;TransmitterType.STORE;27;0;False;['0x54424', '0x54450'];<BV64 0x7628 + x0>;64;[];[('0x54444', <Bool (x0[7:0] & 7) == 0>, 'ConditionType.CMOVE'), ('0x5444c', <Bool (x0[7:0] & 7) == 0>, 'ConditionType.CMOVE')];['<BV64 x0>'];[];['<BV64 x0>'];[];[];0;18446744073709551608;18446744073709551608;8;;;False;0;18446744073709551608;18446744073709551608;8;;;False;ControlType.CONTROLLED;0;<BV64 0x7628>;64;[];[];[];[];[];[];[];30248.0;30248.0;0.0;1.0;;;True;30248.0;30248.0;0.0;1.0;;;True;ControlType.NO_CONTROL;0;<BV64 0x7628>;64;[];[];[];[];[];[];[];30248;30248;0;1.0;;;True;30248.0;30248.0;0.0;1.0;;;True;ControlType.NO_CONTROL;0;<BV64 x0>;64;[];[('0x54444', <Bool (x0[7:0] & 7) == 0>, 'ConditionType.CMOVE'), ('0x5444c', <Bool (x0[7:0] & 7) == 0>, 'ConditionType.CMOVE')];['<BV64 x0>'];[];['<BV64 x0>'];[];[];0.0;1.8446744073709552e+19;18446744073709551608;8;;;False;0.0;1.8446744073709552e+19;18446744073709551608;8;;;False;ControlType.CONTROLLED;0;<BV64 x0>;64;[];[('0x54444', <Bool (x0[7:0] & 7) == 0>, 'ConditionType.CMOVE'), ('0x5444c', <Bool (x0[7:0] & 7) == 0>, 'ConditionType.CMOVE')];['<BV64 x0>'];[];['<BV64 x0>'];[];[];0.0;1.8446744073709552e+19;1.8446744073709552e+19;8.0;;;False;0.0;1.8446744073709552e+19;1.8446744073709552e+19;8.0;;;False;ControlType.CONTROLLED;0;<BV64 x0>;64;[];[];[];[];[];[];[];0;0;0;;;;False;0;0;0;;;;False;ControlType.UNKNOWN;0;[('0x5444c', <Bool True>, 'Taken')];{'regs': [], 'indirect_regs': [], 'direct_regs': [], 'mem': [], 'const_mem': []};[('0x54444', <Bool (x0[7:0] & 7) == 0>, 'ConditionType.CMOVE'), ('0x5444c', <Bool (x0[7:0] & 7) == 0>, 'ConditionType.CMOVE'), ('0x5444c', <Bool x1 - 0x176f7 != 0x0>, 'ConditionType.UNKNOWN'), ('0x5444c', <Bool x1 >= 0x176f7>, 'ConditionType.UNKNOWN')];{'regs': ['<BV64 x0>', '<BV64 x1>'], 'indirect_regs': [], 'direct_regs': ['<BV64 x0>', '<BV64 x1>'], 'mem': [], 'const_mem': []};{'regs': ['<BV64 x0>', '<BV64 x1>'], 'indirect_regs': [], 'direct_regs': ['<BV64 x0>', '<BV64 x1>'], 'mem': [], 'const_mem': []};{'regs': ['<BV64 x0>', '<BV64 x1>'], 'indirect_regs': [], 'direct_regs': ['<BV64 x0>', '<BV64 x1>'], 'mem': [], 'const_mem': []};63.0;0.0;64.0;64.0;[];;;;BaseControlType.CONSTANT_BASE;BaseControlType.CONSTANT_BASE;BaseControlType.CONSTANT_BASE;1;BranchControlType.BRANCH_INDEPENDENT_FROM_SECRET;BranchControlType.BRANCH_DEPENDS_ON_SECRET_VALUE;345224;True;False;True;False;True;False;False;True;True;False;False;False;True;False;True;False;True;False;True;False;[];['has_valid_base', 'is_cmove_independent_from_secret'];True;False;True;False;True;False;False;True;True;False;False;False;True;False;True;False;True;False;True;False;[];['has_valid_base', 'is_cmove_independent_from_secret']
b7c65ba4-0f80-49df-9a8a-ebd6d8c779c6;ZSTD_initStaticDCtx;0x54424;0x5448c;0x0;TransmitterType.STORE;28;0;False;['0x54424', '0x54450'];<BV64 0x7648 + x0>;64;[];[('0x54444', <Bool (x0[7:0] & 7) == 0>, 'ConditionType.CMOVE'), ('0x5444c', <Bool (x0[7:0] & 7) == 0>, 'ConditionType.CMOVE')];['<BV64 x0>'];[];['<BV64 x0>'];[];[];0;18446744073709551608;18446744073709551608;8;;;False;0;18446744073709551608;18446744073709551608;8;;;False;ControlType.CONTROLLED;0;<BV64 0x7648>;64;[];[];[];[];[];[];[];30280.0;30280.0;0.0;1.0;;;True;30280.0;30280.0;0.0;1.0;;;True;ControlType.NO_CONTROL;0;<BV64 0x7648>;64;[];[];[];[];[];[];[];30280;30280;0;1.0;;;True;30280.0;30280.0;0.0;1.0;;;True;ControlType.NO_CONTROL;0;<BV64 x0>;64;[];[('0x54444', <Bool (x0[7:0] & 7) == 0>, 'ConditionType.CMOVE'), ('0x5444c', <Bool (x0[7:0] & 7) == 0>, 'ConditionType.CMOVE')];['<BV64 x0>'];[];['<BV64 x0>'];[];[];0.0;1.8446744073709552e+19;18446744073709551608;8;;;False;0.0;1.8446744073709552e+19;18446744073709551608;8;;;False;ControlType.CONTROLLED;0;<BV64 x0>;64;[];[('0x54444', <Bool (x0[7:0] & 7) == 0>, 'ConditionType.CMOVE'), ('0x5444c', <Bool (x0[7:0] & 7) == 0>, 'ConditionType.CMOVE')];['<BV64 x0>'];[];['<BV64 x0>'];[];[];0.0;1.8446744073709552e+19;1.8446744073709552e+19;8.0;;;False;0.0;1.8446744073709552e+19;1.8446744073709552e+19;8.0;;;False;ControlType.CONTROLLED;0;<BV64 x0>;64;[];[];[];[];[];[];[];0;0;0;;;;False;0;0;0;;;;False;ControlType.UNKNOWN;0;[('0x5444c', <Bool True>, 'Taken')];{'regs': [], 'indirect_regs': [], 'direct_regs': [], 'mem': [], 'const_mem': []};[('0x54444', <Bool (x0[7:0] & 7) == 0>, 'ConditionType.CMOVE'), ('0x5444c', <Bool (x0[7:0] & 7) == 0>, 'ConditionType.CMOVE'), ('0x5444c', <Bool x1 - 0x176f7 != 0x0>, 'ConditionType.UNKNOWN'), ('0x5444c', <Bool x1 >= 0x176f7>, 'ConditionType.UNKNOWN')];{'regs': ['<BV64 x0>', '<BV64 x1>'], 'indirect_regs': [], 'direct_regs': ['<BV64 x0>', '<BV64 x1>'], 'mem': [], 'const_mem': []};{'regs': ['<BV64 x0>', '<BV64 x1>'], 'indirect_regs': [], 'direct_regs': ['<BV64 x0>', '<BV64 x1>'], 'mem': [], 'const_mem': []};{'regs': ['<BV64 x0>', '<BV64 x1>'], 'indirect_regs': [], 'direct_regs': ['<BV64 x0>', '<BV64 x1>'], 'mem': [], 'const_mem': []};63.0;0.0;64.0;64.0;[];;;;BaseControlType.CONSTANT_BASE;BaseControlType.CONSTANT_BASE;BaseControlType.CONSTANT_BASE;1;BranchControlType.BRANCH_INDEPENDENT_FROM_SECRET;BranchControlType.BRANCH_DEPENDS_ON_SECRET_VALUE;345228;True;False;True;False;True;False;False;True;True;False;False;False;True;False;True;False;True;False;True;False;[];['has_valid_base', 'is_cmove_independent_from_secret'];True;False;True;False;True;False;False;True;True;False;False;False;True;False;True;False;True;False;True;False;[];['has_valid_base', 'is_cmove_independent_from_secret']
6fcc74db-9a4e-4869-9033-7ef4713eb229;ZSTD_initStaticDCtx;0x54424;0x54490;0x0;TransmitterType.STORE;29;0;False;['0x54424', '0x54450'];<BV64 0x7668 + x0>;64;[];[('0x54444', <Bool (x0[7:0] & 7) == 0>, 'ConditionType.CMOVE'), ('0x5444c', <Bool (x0[7:0] & 7) == 0>, 'ConditionType.CMOVE')];['<BV64 x0>'];[];['<BV64 x0>'];[];[];0;18446744073709551608;18446744073709551608;8;;;False;0;18446744073709551608;18446744073709551608;8;;;False;ControlType.CONTROLLED;0;<BV64 0x7668>;64;[];[];[];[];[];[];[];30312.0;30312.0;0.0;1.0;;;True;30312.0;30312.0;0.0;1.0;;;True;ControlType.NO_CONTROL;0;<BV64 0x7668>;64;[];[];[];[];[];[];[];30312;30312;0;1.0;;;True;30312.0;30312.0;0.0;1.0;;;True;ControlType.NO_CONTROL;0;<BV64 x0>;64;[];[('0x54444', <Bool (x0[7:0] & 7) == 0>, 'ConditionType.CMOVE'), ('0x5444c', <Bool (x0[7:0] & 7) == 0>, 'ConditionType.CMOVE')];['<BV64 x0>'];[];['<BV64 x0>'];[];[];0.0;1.8446744073709552e+19;18446744073709551608;8;;;False;0.0;1.8446744073709552e+19;18446744073709551608;8;;;False;ControlType.CONTROLLED;0;<BV64 x0>;64;[];[('0x54444', <Bool (x0[7:0] & 7) == 0>, 'ConditionType.CMOVE'), ('0x5444c', <Bool (x0[7:0] & 7) == 0>, 'ConditionType.CMOVE')];['<BV64 x0>'];[];['<BV64 x0>'];[];[];0.0;1.8446744073709552e+19;1.8446744073709552e+19;8.0;;;False;0.0;1.8446744073709552e+19;1.8446744073709552e+19;8.0;;;False;ControlType.CONTROLLED;0;<BV64 x0>;64;[];[];[];[];[];[];[];0;0;0;;;;False;0;0;0;;;;False;ControlType.UNKNOWN;0;[('0x5444c', <Bool True>, 'Taken')];{'regs': [], 'indirect_regs': [], 'direct_regs': [], 'mem': [], 'const_mem': []};[('0x54444', <Bool (x0[7:0] & 7) == 0>, 'ConditionType.CMOVE'), ('0x5444c', <Bool (x0[7:0] & 7) == 0>, 'ConditionType.CMOVE'), ('0x5444c', <Bool x1 - 0x176f7 != 0x0>, 'ConditionType.UNKNOWN'), ('0x5444c', <Bool x1 >= 0x176f7>, 'ConditionType.UNKNOWN')];{'regs': ['<BV64 x0>', '<BV64 x1>'], 'indirect_regs': [], 'direct_regs': ['<BV64 x0>', '<BV64 x1>'], 'mem': [], 'const_mem': []};{'regs': ['<BV64 x0>', '<BV64 x1>'], 'indirect_regs': [], 'direct_regs': ['<BV64 x0>', '<BV64 x1>'], 'mem': [], 'const_mem': []};{'regs': ['<BV64 x0>', '<BV64 x1>'], 'indirect_regs': [], 'direct_regs': ['<BV64 x0>', '<BV64 x1>'], 'mem': [], 'const_mem': []};63.0;0.0;64.0;64.0;[];;;;BaseControlType.CONSTANT_BASE;BaseControlType.CONSTANT_BASE;BaseControlType.CONSTANT_BASE;1;BranchControlType.BRANCH_INDEPENDENT_FROM_SECRET;BranchControlType.BRANCH_DEPENDS_ON_SECRET_VALUE;345232;True;False;True;False;True;False;False;True;True;False;False;False;True;False;True;False;True;False;True;False;[];['has_valid_base', 'is_cmove_independent_from_secret'];True;False;True;False;True;False;False;True;True;False;False;False;True;False;True;False;True;False;True;False;[];['has_valid_base', 'is_cmove_independent_from_secret']
b03b769b-5115-46c4-9e2b-763991d55687;ZSTD_initStaticDCtx;0x54424;0x54494;0x0;TransmitterType.STORE;30;0;False;['0x54424', '0x54450'];<BV64 0x7670 + x0>;64;[];[('0x54444', <Bool (x0[7:0] & 7) == 0>, 'ConditionType.CMOVE'), ('0x5444c', <Bool (x0[7:0] & 7) == 0>, 'ConditionType.CMOVE')];['<BV64 x0>'];[];['<BV64 x0>'];[];[];0;18446744073709551608;18446744073709551608;8;;;False;0;18446744073709551608;18446744073709551608;8;;;False;ControlType.CONTROLLED;0;<BV64 0x7670>;64;[];[];[];[];[];[];[];30320.0;30320.0;0.0;1.0;;;True;30320.0;30320.0;0.0;1.0;;;True;ControlType.NO_CONTROL;0;<BV64 0x7670>;64;[];[];[];[];[];[];[];30320;30320;0;1.0;;;True;30320.0;30320.0;0.0;1.0;;;True;ControlType.NO_CONTROL;0;<BV64 x0>;64;[];[('0x54444', <Bool (x0[7:0] & 7) == 0>, 'ConditionType.CMOVE'), ('0x5444c', <Bool (x0[7:0] & 7) == 0>, 'ConditionType.CMOVE')];['<BV64 x0>'];[];['<BV64 x0>'];[];[];0.0;1.8446744073709552e+19;18446744073709551608;8;;;False;0.0;1.8446744073709552e+19;18446744073709551608;8;;;False;ControlType.CONTROLLED;0;<BV64 x0>;64;[];[('0x54444', <Bool (x0[7:0] & 7) == 0>, 'ConditionType.CMOVE'), ('0x5444c', <Bool (x0[7:0] & 7) == 0>, 'ConditionType.CMOVE')];['<BV64 x0>'];[];['<BV64 x0>'];[];[];0.0;1.8446744073709552e+19;1.8446744073709552e+19;8.0;;;False;0.0;1.8446744073709552e+19;1.8446744073709552e+19;8.0;;;False;ControlType.CONTROLLED;0;<BV64 x0>;64;[];[];[];[];[];[];[];0;0;0;;;;False;0;0;0;;;;False;ControlType.UNKNOWN;0;[('0x5444c', <Bool True>, 'Taken')];{'regs': [], 'indirect_regs': [], 'direct_regs': [], 'mem': [], 'const_mem': []};[('0x54444', <Bool (x0[7:0] & 7) == 0>, 'ConditionType.CMOVE'), ('0x5444c', <Bool (x0[7:0] & 7) == 0>, 'ConditionType.CMOVE'), ('0x5444c', <Bool x1 - 0x176f7 != 0x0>, 'ConditionType.UNKNOWN'), ('0x5444c', <Bool x1 >= 0x176f7>, 'ConditionType.UNKNOWN')];{'regs': ['<BV64 x0>', '<BV64 x1>'], 'indirect_regs': [], 'direct_regs': ['<BV64 x0>', '<BV64 x1>'], 'mem': [], 'const_mem': []};{'regs': ['<BV64 x0>', '<BV64 x1>'], 'indirect_regs': [], 'direct_regs': ['<BV64 x0>', '<BV64 x1>'], 'mem': [], 'const_mem': []};{'regs': ['<BV64 x0>', '<BV64 x1>'], 'indirect_regs': [], 'direct_regs': ['<BV64 x0>', '<BV64 x1>'], 'mem': [], 'const_mem': []};63.0;0.0;64.0;64.0;[];;;;BaseControlType.CONSTANT_BASE;BaseControlType.CONSTANT_BASE;BaseControlType.CONSTANT_BASE;1;BranchControlType.BRANCH_INDEPENDENT_FROM_SECRET;BranchControlType.BRANCH_DEPENDS_ON_SECRET_VALUE;345236;True;False;True;False;True;False;False;True;True;False;False;False;True;False;True;False;True;False;True;False;[];['has_valid_base', 'is_cmove_independent_from_secret'];True;False;True;False;True;False;False;True;True;False;False;False;True;False;True;False;True;False;True;False;[];['has_valid_base', 'is_cmove_independent_from_secret']
7b807e17-97f8-433f-9005-ef0c27cf3bc5;ZSTD_initStaticDCtx;0x54424;0x54498;0x0;TransmitterType.STORE;31;0;False;['0x54424', '0x54450'];<BV64 0x176e8 + x0>;64;[];[('0x54444', <Bool (x0[7:0] & 7) == 0>, 'ConditionType.CMOVE'), ('0x5444c', <Bool (x0[7:0] & 7) == 0>, 'ConditionType.CMOVE')];['<BV64 x0>'];[];['<BV64 x0>'];[];[];0;18446744073709551608;18446744073709551608;8;;;False;0;18446744073709551608;18446744073709551608;8;;;False;ControlType.CONTROLLED;0;<BV64 0x176e8>;64;[];[];[];[];[];[];[];95976.0;95976.0;0.0;1.0;;;True;95976.0;95976.0;0.0;1.0;;;True;ControlType.NO_CONTROL;0;<BV64 0x176e8>;64;[];[];[];[];[];[];[];95976;95976;0;1.0;;;True;95976.0;95976.0;0.0;1.0;;;True;ControlType.NO_CONTROL;0;<BV64 x0>;64;[];[('0x54444', <Bool (x0[7:0] & 7) == 0>, 'ConditionType.CMOVE'), ('0x5444c', <Bool (x0[7:0] & 7) == 0>, 'ConditionType.CMOVE')];['<BV64 x0>'];[];['<BV64 x0>'];[];[];0.0;1.8446744073709552e+19;18446744073709551608;8;;;False;0.0;1.8446744073709552e+19;18446744073709551608;8;;;False;ControlType.CONTROLLED;0;<BV64 x0>;64;[];[('0x54444', <Bool (x0[7:0] & 7) == 0>, 'ConditionType.CMOVE'), ('0x5444c', <Bool (x0[7:0] & 7) == 0>, 'ConditionType.CMOVE')];['<BV64 x0>'];[];['<BV64 x0>'];[];[];0.0;1.8446744073709552e+19;1.8446744073709552e+19;8.0;;;False;0.0;1.8446744073709552e+19;1.8446744073709552e+19;8.0;;;False;ControlType.CONTROLLED;0;<BV64 x0>;64;[];[];[];[];[];[];[];0;0;0;;;;False;0;0;0;;;;False;ControlType.UNKNOWN;0;[('0x5444c', <Bool True>, 'Taken')];{'regs': [], 'indirect_regs': [], 'direct_regs': [], 'mem': [], 'const_mem': []};[('0x54444', <Bool (x0[7:0] & 7) == 0>, 'ConditionType.CMOVE'), ('0x5444c', <Bool (x0[7:0] & 7) == 0>, 'ConditionType.CMOVE'), ('0x5444c', <Bool x1 - 0x176f7 != 0x0>, 'ConditionType.UNKNOWN'), ('0x5444c', <Bool x1 >= 0x176f7>, 'ConditionType.UNKNOWN')];{'regs': ['<BV64 x0>', '<BV64 x1>'], 'indirect_regs': [], 'direct_regs': ['<BV64 x0>', '<BV64 x1>'], 'mem': [], 'const_mem': []};{'regs': ['<BV64 x0>', '<BV64 x1>'], 'indirect_regs': [], 'direct_regs': ['<BV64 x0>', '<BV64 x1>'], 'mem': [], 'const_mem': []};{'regs': ['<BV64 x0>', '<BV64 x1>'], 'indirect_regs': [], 'direct_regs': ['<BV64 x0>', '<BV64 x1>'], 'mem': [], 'const_mem': []};63.0;0.0;64.0;64.0;[];;;;BaseControlType.CONSTANT_BASE;BaseControlType.CONSTANT_BASE;BaseControlType.CONSTANT_BASE;1;BranchControlType.BRANCH_INDEPENDENT_FROM_SECRET;BranchControlType.BRANCH_DEPENDS_ON_SECRET_VALUE;345240;True;False;True;False;True;False;False;True;True;False;False;False;True;False;True;False;True;False;True;False;[];['has_valid_base', 'is_cmove_independent_from_secret'];True;False;True;False;True;False;False;True;True;False;False;False;True;False;True;False;True;False;True;False;[];['has_valid_base', 'is_cmove_independent_from_secret']
666d3305-a306-45fc-97d0-157a3ae9b9e6;ZSTD_initStaticDCtx;0x54424;0x5449c;0x0;TransmitterType.STORE;32;0;False;['0x54424', '0x54450'];<BV64 0x75e0 + x0>;64;[];[];['<BV64 x0>'];[];['<BV64 x0>'];[];[];0;18446744073709551608;18446744073709551608;1;;;True;0;18446744073709551608;18446744073709551608;1;;;True;ControlType.CONTROLLED;0;<BV64 0x75e0>;64;[];[];[];[];[];[];[];30176.0;30176.0;0.0;1.0;;;True;30176.0;30176.0;0.0;1.0;;;True;ControlType.NO_CONTROL;0;<BV64 0x75e0>;64;[];[];[];[];[];[];[];30176;30176;0;1.0;;;True;30176.0;30176.0;0.0;1.0;;;True;ControlType.NO_CONTROL;0;<BV64 x0>;64;[];[];['<BV64 x0>'];[];['<BV64 x0>'];[];[];0.0;1.8446744073709552e+19;18446744073709551608;1;;;True;0.0;1.8446744073709552e+19;18446744073709551608;1;;;True;ControlType.CONTROLLED;0;<BV64 x0>;64;[];[];['<BV64 x0>'];[];['<BV64 x0>'];[];[];0.0;1.8446744073709552e+19;1.8446744073709552e+19;1.0;;;True;0.0;1.8446744073709552e+19;1.8446744073709552e+19;1.0;;;True;ControlType.CONTROLLED;0;<BV64 x0>;64;[];[];[];[];[];[];[];0;0;0;;;;False;0;0;0;;;;False;ControlType.UNKNOWN;0;[('0x5444c', <Bool True>, 'Taken')];{'regs': [], 'indirect_regs': [], 'direct_regs': [], 'mem': [], 'const_mem': []};[('0x54444', <Bool (x0[7:0] & 7) == 0>, 'ConditionType.CMOVE'), ('0x5444c', <Bool (x0[7:0] & 7) == 0>, 'ConditionType.CMOVE'), ('0x5444c', <Bool x1 - 0x176f7 != 0x0>, 'ConditionType.UNKNOWN'), ('0x5444c', <Bool x1 >= 0x176f7>, 'ConditionType.UNKNOWN')];{'regs': ['<BV64 x0>', '<BV64 x1>'], 'indirect_regs': [], 'direct_regs': ['<BV64 x0>', '<BV64 x1>'], 'mem': [], 'const_mem': []};{'regs': ['<BV64 x0>', '<BV64 x0>', '<BV64 x1>'], 'indirect_regs': [], 'direct_regs': ['<BV64 x0>', '<BV64 x0>', '<BV64 x1>'], 'mem': [], 'const_mem': []};{'regs': ['<BV64 x0>', '<BV64 x0>', '<BV64 x1>'], 'indirect_regs': [], 'direct_regs': ['<BV64 x0>', '<BV64 x0>', '<BV64 x1>'], 'mem': [], 'const_mem': []};63.0;0.0;64.0;64.0;[];;;;BaseControlType.CONSTANT_BASE;BaseControlType.CONSTANT_BASE;BaseControlType.CONSTANT_BASE;1;BranchControlType.BRANCH_INDEPENDENT_FROM_SECRET;BranchControlType.BRANCH_INDEPENDENT_FROM_SECRET;345244;True;False;True;True;True;False;False;True;True;False;False;False;True;False;True;False;True;False;True;False;[];['has_valid_base'];True;False;True;True;True;False;False;True;True;False;False;False;True;False;True;False;True;False;True;False;[];['has_valid_base']
fcb23c0a-6ec2-4d54-8b6b-25d40f95982e;ZSTD_initStaticDCtx;0x54424;0x544a0;0x0;TransmitterType.STORE;33;0;False;['0x54424', '0x54450'];<BV64 0x7638 + x0>;64;[];[('0x54444', <Bool (x0[7:0] & 7) == 0>, 'ConditionType.CMOVE'), ('0x5444c', <Bool (x0[7:0] & 7) == 0>, 'ConditionType.CMOVE')];['<BV64 x0>'];[];['<BV64 x0>'];[];[];0;18446744073709551608;18446744073709551608;8;;;False;0;18446744073709551608;18446744073709551608;8;;;False;ControlType.CONTROLLED;0;<BV64 0x7638>;64;[];[];[];[];[];[];[];30264.0;30264.0;0.0;1.0;;;True;30264.0;30264.0;0.0;1.0;;;True;ControlType.NO_CONTROL;0;<BV64 0x7638>;64;[];[];[];[];[];[];[];30264;30264;0;1.0;;;True;30264.0;30264.0;0.0;1.0;;;True;ControlType.NO_CONTROL;0;<BV64 x0>;64;[];[('0x54444', <Bool (x0[7:0] & 7) == 0>, 'ConditionType.CMOVE'), ('0x5444c', <Bool (x0[7:0] & 7) == 0>, 'ConditionType.CMOVE')];['<BV64 x0>'];[];['<BV64 x0>'];[];[];0.0;1.8446744073709552e+19;18446744073709551608;8;;;False;0.0;1.8446744073709552e+19;18446744073709551608;8;;;False;ControlType.CONTROLLED;0;<BV64 x0>;64;[];[('0x54444', <Bool (x0[7:0] & 7) == 0>, 'ConditionType.CMOVE'), ('0x5444c', <Bool (x0[7:0] & 7) == 0>, 'ConditionType.CMOVE')];['<BV64 x0>'];[];['<BV64 x0>'];[];[];0.0;1.8446744073709552e+19;1.8446744073709552e+19;8.0;;;False;0.0;1.8446744073709552e+19;1.8446744073709552e+19;8.0;;;False;ControlType.CONTROLLED;0;<BV64 x0>;64;[];[];[];[];[];[];[];0;0;0;;;;False;0;0;0;;;;False;ControlType.UNKNOWN;0;[('0x5444c', <Bool True>, 'Taken')];{'regs': [], 'indirect_regs': [], 'direct_regs': [], 'mem': [], 'const_mem': []};[('0x54444', <Bool (x0[7:0] & 7) == 0>, 'ConditionType.CMOVE'), ('0x5444c', <Bool (x0[7:0] & 7) == 0>, 'ConditionType.CMOVE'), ('0x5444c', <Bool x1 - 0x176f7 != 0x0>, 'ConditionType.UNKNOWN'), ('0x5444c', <Bool x1 >= 0x176f7>, 'ConditionType.UNKNOWN')];{'regs': ['<BV64 x0>', '<BV64 x1>'], 'indirect_regs': [], 'direct_regs': ['<BV64 x0>', '<BV64 x1>'], 'mem': [], 'const_mem': []};{'regs': ['<BV64 x0>', '<BV64 x1>'], 'indirect_regs': [], 'direct_regs': ['<BV64 x0>', '<BV64 x1>'], 'mem': [], 'const_mem': []};{'regs': ['<BV64 x0>', '<BV64 x1>'], 'indirect_regs': [], 'direct_regs': ['<BV64 x0>', '<BV64 x1>'], 'mem': [], 'const_mem': []};63.0;0.0;64.0;64.0;[];;;;BaseControlType.CONSTANT_BASE;BaseControlType.CONSTANT_BASE;BaseControlType.CONSTANT_BASE;1;BranchControlType.BRANCH_INDEPENDENT_FROM_SECRET;BranchControlType.BRANCH_DEPENDS_ON_SECRET_VALUE;345248;True;False;True;False;True;False;False;True;True;False;False;False;True;False;True;False;True;False;True;False;[];['has_valid_base', 'is_cmove_independent_from_secret'];True;False;True;False;True;False;False;True;True;False;False;False;True;False;True;False;True;False;True;False;[];['has_valid_base', 'is_cmove_independent_from_secret']
ec48e47d-13b7-46bc-b86f-7e19165dfbcd;ZSTD_initStaticDCtx;0x54424;0x544a4;0x0;TransmitterType.STORE;34;0;False;['0x54424', '0x54450'];<BV64 0x767c + x0>;64;[];[('0x54444', <Bool (x0[7:0] & 7) == 0>, 'ConditionType.CMOVE'), ('0x5444c', <Bool (x0[7:0] & 7) == 0>, 'ConditionType.CMOVE')];['<BV64 x0>'];[];['<BV64 x0>'];[];[];4;18446744073709551612;18446744073709551608;8;;4.0;False;4;18446744073709551612;18446744073709551608;8;;4.0;False;ControlType.CONTROLLED;0;<BV64 0x767c>;64;[];[];[];[];[];[];[];30332.0;30332.0;0.0;1.0;;;True;30332.0;30332.0;0.0;1.0;;;True;ControlType.NO_CONTROL;0;<BV64 0x767c>;64;[];[];[];[];[];[];[];30332;30332;0;1.0;;;True;30332.0;30332.0;0.0;1.0;;;True;ControlType.NO_CONTROL;0;<BV64 x0>;64;[];[('0x54444', <Bool (x0[7:0] & 7) == 0>, 'ConditionType.CMOVE'), ('0x5444c', <Bool (x0[7:0] & 7) == 0>, 'ConditionType.CMOVE')];['<BV64 x0>'];[];['<BV64 x0>'];[];[];0.0;1.8446744073709552e+19;18446744073709551608;8;;;False;0.0;1.8446744073709552e+19;18446744073709551608;8;;;False;ControlType.CONTROLLED;0;<BV64 x0>;64;[];[('0x54444', <Bool (x0[7:0] & 7) == 0>, 'ConditionType.CMOVE'), ('0x5444c', <Bool (x0[7:0] & 7) == 0>, 'ConditionType.CMOVE')];['<BV64 x0>'];[];['<BV64 x0>'];[];[];0.0;1.8446744073709552e+19;1.8446744073709552e+19;8.0;;;False;0.0;1.8446744073709552e+19;1.8446744073709552e+19;8.0;;;False;ControlType.CONTROLLED;0;<BV64 x0>;64;[];[];[];[];[];[];[];0;0;0;;;;False;0;0;0;;;;False;ControlType.UNKNOWN;0;[('0x5444c', <Bool True>, 'Taken')];{'regs': [], 'indirect_regs': [], 'direct_regs': [], 'mem': [], 'const_mem': []};[('0x54444', <Bool (x0[7:0] & 7) == 0>, 'ConditionType.CMOVE'), ('0x5444c', <Bool (x0[7:0] & 7) == 0>, 'ConditionType.CMOVE'), ('0x5444c', <Bool x1 - 0x176f7 != 0x0>, 'ConditionType.UNKNOWN'), ('0x5444c', <Bool x1 >= 0x176f7>, 'ConditionType.UNKNOWN')];{'regs': ['<BV64 x0>', '<BV64 x1>'], 'indirect_regs': [], 'direct_regs': ['<BV64 x0>', '<BV64 x1>'], 'mem': [], 'const_mem': []};{'regs': ['<BV64 x0>', '<BV64 x1>'], 'indirect_regs': [], 'direct_regs': ['<BV64 x0>', '<BV64 x1>'], 'mem': [], 'const_mem': []};{'regs': ['<BV64 x0>', '<BV64 x1>'], 'indirect_regs': [], 'direct_regs': ['<BV64 x0>', '<BV64 x1>'], 'mem': [], 'const_mem': []};63.0;0.0;64.0;64.0;[];;;;BaseControlType.CONSTANT_BASE;BaseControlType.CONSTANT_BASE;BaseControlType.CONSTANT_BASE;1;BranchControlType.BRANCH_INDEPENDENT_FROM_SECRET;BranchControlType.BRANCH_DEPENDS_ON_SECRET_VALUE;345252;True;False;True;False;True;False;False;True;True;False;False;False;True;False;True;False;True;False;True;False;[];['has_valid_base', 'is_cmove_independent_from_secret'];True;False;True;False;True;False;False;True;True;False;False;False;True;False;True;False;True;False;True;False;[];['has_valid_base', 'is_cmove_independent_from_secret']
561a69ad-eaf2-495c-b1e0-aa6e41fa4664;ZSTD_initStaticDCtx;0x54424;0x544a8;0x0;TransmitterType.STORE;35;0;False;['0x54424', '0x54450'];<BV64 0x75d8 + x0>;64;[];[('0x54444', <Bool (x0[7:0] & 7) == 0>, 'ConditionType.CMOVE'), ('0x5444c', <Bool (x0[7:0] & 7) == 0>, 'ConditionType.CMOVE')];['<BV64 x0>'];[];['<BV64 x0>'];[];[];0;18446744073709551608;18446744073709551608;8;;;False;0;18446744073709551608;18446744073709551608;8;;;False;ControlType.CONTROLLED;0;<BV64 0x75d8>;64;[];[];[];[];[];[];[];30168.0;30168.0;0.0;1.0;;;True;30168.0;30168.0;0.0;1.0;;;True;ControlType.NO_CONTROL;0;<BV64 0x75d8>;64;[];[];[];[];[];[];[];30168;30168;0;1.0;;;True;30168.0;30168.0;0.0;1.0;;;True;ControlType.NO_CONTROL;0;<BV64 x0>;64;[];[('0x54444', <Bool (x0[7:0] & 7) == 0>, 'ConditionType.CMOVE'), ('0x5444c', <Bool (x0[7:0] & 7) == 0>, 'ConditionType.CMOVE')];['<BV64 x0>'];[];['<BV64 x0>'];[];[];0.0;1.8446744073709552e+19;18446744073709551608;8;;;False;0.0;1.8446744073709552e+19;18446744073709551608;8;;;False;ControlType.CONTROLLED;0;<BV64 x0>;64;[];[('0x54444', <Bool (x0[7:0] & 7) == 0>, 'ConditionType.CMOVE'), ('0x5444c', <Bool (x0[7:0] & 7) == 0>, 'ConditionType.CMOVE')];['<BV64 x0>'];[];['<BV64 x0>'];[];[];0.0;1.8446744073709552e+19;1.8446744073709552e+19;8.0;;;False;0.0;1.8446744073709552e+19;1.8446744073709552e+19;8.0;;;False;ControlType.CONTROLLED;0;<BV64 x0>;64;[];[];[];[];[];[];[];0;0;0;;;;False;0;0;0;;;;False;ControlType.UNKNOWN;0;[('0x5444c', <Bool True>, 'Taken')];{'regs': [], 'indirect_regs': [], 'direct_regs': [], 'mem': [], 'const_mem': []};[('0x54444', <Bool (x0[7:0] & 7) == 0>, 'ConditionType.CMOVE'), ('0x5444c', <Bool (x0[7:0] & 7) == 0>, 'ConditionType.CMOVE'), ('0x5444c', <Bool x1 - 0x176f7 != 0x0>, 'ConditionType.UNKNOWN'), ('0x5444c', <Bool x1 >= 0x176f7>, 'ConditionType.UNKNOWN')];{'regs': ['<BV64 x0>', '<BV64 x1>'], 'indirect_regs': [], 'direct_regs': ['<BV64 x0>', '<BV64 x1>'], 'mem': [], 'const_mem': []};{'regs': ['<BV64 x0>', '<BV64 x1>'], 'indirect_regs': [], 'direct_regs': ['<BV64 x0>', '<BV64 x1>'], 'mem': [], 'const_mem': []};{'regs': ['<BV64 x0>', '<BV64 x1>'], 'indirect_regs': [], 'direct_regs': ['<BV64 x0>', '<BV64 x1>'], 'mem': [], 'const_mem': []};63.0;0.0;64.0;64.0;[];;;;BaseControlType.CONSTANT_BASE;BaseControlType.CONSTANT_BASE;BaseControlType.CONSTANT_BASE;1;BranchControlType.BRANCH_INDEPENDENT_FROM_SECRET;BranchControlType.BRANCH_DEPENDS_ON_SECRET_VALUE;345256;True;False;True;False;True;False;False;True;True;False;False;False;True;False;True;False;True;False;True;False;[];['has_valid_base', 'is_cmove_independent_from_secret'];True;False;True;False;True;False;False;True;True;False;False;False;True;False;True;False;True;False;True;False;[];['has_valid_base', 'is_cmove_independent_from_secret']
ba5b07fb-d551-44e0-b975-d44312282db6;ZSTD_initStaticDCtx;0x54424;0x544ac;0x0;TransmitterType.STORE;36;0;False;['0x54424', '0x54450'];<BV64 0x7608 + x0>;64;[];[('0x54444', <Bool (x0[7:0] & 7) == 0>, 'ConditionType.CMOVE'), ('0x5444c', <Bool (x0[7:0] & 7) == 0>, 'ConditionType.CMOVE')];['<BV64 x0>'];[];['<BV64 x0>'];[];[];0;18446744073709551608;18446744073709551608;8;;;False;0;18446744073709551608;18446744073709551608;8;;;False;ControlType.CONTROLLED;0;<BV64 0x7608>;64;[];[];[];[];[];[];[];30216.0;30216.0;0.0;1.0;;;True;30216.0;30216.0;0.0;1.0;;;True;ControlType.NO_CONTROL;0;<BV64 0x7608>;64;[];[];[];[];[];[];[];30216;30216;0;1.0;;;True;30216.0;30216.0;0.0;1.0;;;True;ControlType.NO_CONTROL;0;<BV64 x0>;64;[];[('0x54444', <Bool (x0[7:0] & 7) == 0>, 'ConditionType.CMOVE'), ('0x5444c', <Bool (x0[7:0] & 7) == 0>, 'ConditionType.CMOVE')];['<BV64 x0>'];[];['<BV64 x0>'];[];[];0.0;1.8446744073709552e+19;18446744073709551608;8;;;False;0.0;1.8446744073709552e+19;18446744073709551608;8;;;False;ControlType.CONTROLLED;0;<BV64 x0>;64;[];[('0x54444', <Bool (x0[7:0] & 7) == 0>, 'ConditionType.CMOVE'), ('0x5444c', <Bool (x0[7:0] & 7) == 0>, 'ConditionType.CMOVE')];['<BV64 x0>'];[];['<BV64 x0>'];[];[];0.0;1.8446744073709552e+19;1.8446744073709552e+19;8.0;;;False;0.0;1.8446744073709552e+19;1.8446744073709552e+19;8.0;;;False;ControlType.CONTROLLED;0;<BV64 x0>;64;[];[];[];[];[];[];[];0;0;0;;;;False;0;0;0;;;;False;ControlType.UNKNOWN;0;[('0x5444c', <Bool True>, 'Taken')];{'regs': [], 'indirect_regs': [], 'direct_regs': [], 'mem': [], 'const_mem': []};[('0x54444', <Bool (x0[7:0] & 7) == 0>, 'ConditionType.CMOVE'), ('0x5444c', <Bool (x0[7:0] & 7) == 0>, 'ConditionType.CMOVE'), ('0x5444c', <Bool x1 - 0x176f7 != 0x0>, 'ConditionType.UNKNOWN'), ('0x5444c', <Bool x1 >= 0x176f7>, 'ConditionType.UNKNOWN')];{'regs': ['<BV64 x0>', '<BV64 x1>'], 'indirect_regs': [], 'direct_regs': ['<BV64 x0>', '<BV64 x1>'], 'mem': [], 'const_mem': []};{'regs': ['<BV64 x0>', '<BV64 x1>'], 'indirect_regs': [], 'direct_regs': ['<BV64 x0>', '<BV64 x1>'], 'mem': [], 'const_mem': []};{'regs': ['<BV64 x0>', '<BV64 x1>'], 'indirect_regs': [], 'direct_regs': ['<BV64 x0>', '<BV64 x1>'], 'mem': [], 'const_mem': []};63.0;0.0;64.0;64.0;[];;;;BaseControlType.CONSTANT_BASE;BaseControlType.CONSTANT_BASE;BaseControlType.CONSTANT_BASE;1;BranchControlType.BRANCH_INDEPENDENT_FROM_SECRET;BranchControlType.BRANCH_DEPENDS_ON_SECRET_VALUE;345260;True;False;True;False;True;False;False;True;True;False;False;False;True;False;True;False;True;False;True;False;[];['has_valid_base', 'is_cmove_independent_from_secret'];True;False;True;False;True;False;False;True;True;False;False;False;True;False;True;False;True;False;True;False;[];['has_valid_base', 'is_cmove_independent_from_secret']
6accb4ad-3304-40a2-9d6a-0e458e2b0c2d;ZSTD_initStaticDCtx;0x54424;0x544b0;0x0;TransmitterType.STORE;37;0;False;['0x54424', '0x54450'];<BV64 0x7610 + x0>;64;[];[('0x54444', <Bool (x0[7:0] & 7) == 0>, 'ConditionType.CMOVE'), ('0x5444c', <Bool (x0[7:0] & 7) == 0>, 'ConditionType.CMOVE')];['<BV64 x0>'];[];['<BV64 x0>'];[];[];0;18446744073709551608;18446744073709551608;8;;;False;0;18446744073709551608;18446744073709551608;8;;;False;ControlType.CONTROLLED;0;<BV64 0x7610>;64;[];[];[];[];[];[];[];30224.0;30224.0;0.0;1.0;;;True;30224.0;30224.0;0.0;1.0;;;True;ControlType.NO_CONTROL;0;<BV64 0x7610>;64;[];[];[];[];[];[];[];30224;30224;0;1.0;;;True;30224.0;30224.0;0.0;1.0;;;True;ControlType.NO_CONTROL;0;<BV64 x0>;64;[];[('0x54444', <Bool (x0[7:0] & 7) == 0>, 'ConditionType.CMOVE'), ('0x5444c', <Bool (x0[7:0] & 7) == 0>, 'ConditionType.CMOVE')];['<BV64 x0>'];[];['<BV64 x0>'];[];[];0.0;1.8446744073709552e+19;18446744073709551608;8;;;False;0.0;1.8446744073709552e+19;18446744073709551608;8;;;False;ControlType.CONTROLLED;0;<BV64 x0>;64;[];[('0x54444', <Bool (x0[7:0] & 7) == 0>, 'ConditionType.CMOVE'), ('0x5444c', <Bool (x0[7:0] & 7) == 0>, 'ConditionType.CMOVE')];['<BV64 x0>'];[];['<BV64 x0>'];[];[];0.0;1.8446744073709552e+19;1.8446744073709552e+19;8.0;;;False;0.0;1.8446744073709552e+19;1.8446744073709552e+19;8.0;;;False;ControlType.CONTROLLED;0;<BV64 x0>;64;[];[];[];[];[];[];[];0;0;0;;;;False;0;0;0;;;;False;ControlType.UNKNOWN;0;[('0x5444c', <Bool True>, 'Taken')];{'regs': [], 'indirect_regs': [], 'direct_regs': [], 'mem': [], 'const_mem': []};[('0x54444', <Bool (x0[7:0] & 7) == 0>, 'ConditionType.CMOVE'), ('0x5444c', <Bool (x0[7:0] & 7) == 0>, 'ConditionType.CMOVE'), ('0x5444c', <Bool x1 - 0x176f7 != 0x0>, 'ConditionType.UNKNOWN'), ('0x5444c', <Bool x1 >= 0x176f7>, 'ConditionType.UNKNOWN')];{'regs': ['<BV64 x0>', '<BV64 x1>'], 'indirect_regs': [], 'direct_regs': ['<BV64 x0>', '<BV64 x1>'], 'mem': [], 'const_mem': []};{'regs': ['<BV64 x0>', '<BV64 x1>'], 'indirect_regs': [], 'direct_regs': ['<BV64 x0>', '<BV64 x1>'], 'mem': [], 'const_mem': []};{'regs': ['<BV64 x0>', '<BV64 x1>'], 'indirect_regs': [], 'direct_regs': ['<BV64 x0>', '<BV64 x1>'], 'mem': [], 'const_mem': []};63.0;0.0;64.0;64.0;[];;;;BaseControlType.CONSTANT_BASE;BaseControlType.CONSTANT_BASE;BaseControlType.CONSTANT_BASE;1;BranchControlType.BRANCH_INDEPENDENT_FROM_SECRET;BranchControlType.BRANCH_DEPENDS_ON_SECRET_VALUE;345264;True;False;True;False;True;False;False;True;True;False;False;False;True;False;True;False;True;False;True;False;[];['has_valid_base', 'is_cmove_independent_from_secret'];True;False;True;False;True;False;False;True;True;False;False;False;True;False;True;False;True;False;True;False;[];['has_valid_base', 'is_cmove_independent_from_secret']
f580a61a-fcbf-4da0-9eba-a74b43405c18;ZSTD_initStaticDCtx;0x54424;0x544b4;0x0;TransmitterType.STORE;38;0;False;['0x54424', '0x54450'];<BV64 0x7618 + x0>;64;[];[('0x54444', <Bool (x0[7:0] & 7) == 0>, 'ConditionType.CMOVE'), ('0x5444c', <Bool (x0[7:0] & 7) == 0>, 'ConditionType.CMOVE')];['<BV64 x0>'];[];['<BV64 x0>'];[];[];0;18446744073709551608;18446744073709551608;8;;;False;0;18446744073709551608;18446744073709551608;8;;;False;ControlType.CONTROLLED;0;<BV64 0x7618>;64;[];[];[];[];[];[];[];30232.0;30232.0;0.0;1.0;;;True;30232.0;30232.0;0.0;1.0;;;True;ControlType.NO_CONTROL;0;<BV64 0x7618>;64;[];[];[];[];[];[];[];30232;30232;0;1.0;;;True;30232.0;30232.0;0.0;1.0;;;True;ControlType.NO_CONTROL;0;<BV64 x0>;64;[];[('0x54444', <Bool (x0[7:0] & 7) == 0>, 'ConditionType.CMOVE'), ('0x5444c', <Bool (x0[7:0] & 7) == 0>, 'ConditionType.CMOVE')];['<BV64 x0>'];[];['<BV64 x0>'];[];[];0.0;1.8446744073709552e+19;18446744073709551608;8;;;False;0.0;1.8446744073709552e+19;18446744073709551608;8;;;False;ControlType.CONTROLLED;0;<BV64 x0>;64;[];[('0x54444', <Bool (x0[7:0] & 7) == 0>, 'ConditionType.CMOVE'), ('0x5444c', <Bool (x0[7:0] & 7) == 0>, 'ConditionType.CMOVE')];['<BV64 x0>'];[];['<BV64 x0>'];[];[];0.0;1.8446744073709552e+19;1.8446744073709552e+19;8.0;;;False;0.0;1.8446744073709552e+19;1.8446744073709552e+19;8.0;;;False;ControlType.CONTROLLED;0;<BV64 x0>;64;[];[];[];[];[];[];[];0;0;0;;;;False;0;0;0;;;;False;ControlType.UNKNOWN;0;[('0x5444c', <Bool True>, 'Taken')];{'regs': [], 'indirect_regs': [], 'direct_regs': [], 'mem': [], 'const_mem': []};[('0x54444', <Bool (x0[7:0] & 7) == 0>, 'ConditionType.CMOVE'), ('0x5444c', <Bool (x0[7:0] & 7) == 0>, 'ConditionType.CMOVE'), ('0x5444c', <Bool x1 - 0x176f7 != 0x0>, 'ConditionType.UNKNOWN'), ('0x5444c', <Bool x1 >= 0x176f7>, 'ConditionType.UNKNOWN')];{'regs': ['<BV64 x0>', '<BV64 x1>'], 'indirect_regs': [], 'direct_regs': ['<BV64 x0>', '<BV64 x1>'], 'mem': [], 'const_mem': []};{'regs': ['<BV64 x0>', '<BV64 x1>'], 'indirect_regs': [], 'direct_regs': ['<BV64 x0>', '<BV64 x1>'], 'mem': [], 'const_mem': []};{'regs': ['<BV64 x0>', '<BV64 x1>'], 'indirect_regs': [], 'direct_regs': ['<BV64 x0>', '<BV64 x1>'], 'mem': [], 'const_mem': []};63.0;0.0;64.0;64.0;[];;;;BaseControlType.CONSTANT_BASE;BaseControlType.CONSTANT_BASE;BaseControlType.CONSTANT_BASE;1;BranchControlType.BRANCH_INDEPENDENT_FROM_SECRET;BranchControlType.BRANCH_DEPENDS_ON_SECRET_VALUE;345268;True;False;True;False;True;False;False;True;True;False;False;False;True;False;True;False;True;False;True;False;[];['has_valid_base', 'is_cmove_independent_from_secret'];True;False;True;False;True;False;False;True;True;False;False;False;True;False;True;False;True;False;True;False;[];['has_valid_base', 'is_cmove_independent_from_secret']
86546fd0-fc7e-4673-86b1-c28d0730dfa3;ZSTD_initStaticDCtx;0x54424;0x544b8;0x0;TransmitterType.STORE;39;0;False;['0x54424', '0x54450'];<BV64 0x7620 + x0>;64;[];[('0x54444', <Bool (x0[7:0] & 7) == 0>, 'ConditionType.CMOVE'), ('0x5444c', <Bool (x0[7:0] & 7) == 0>, 'ConditionType.CMOVE')];['<BV64 x0>'];[];['<BV64 x0>'];[];[];0;18446744073709551608;18446744073709551608;8;;;False;0;18446744073709551608;18446744073709551608;8;;;False;ControlType.CONTROLLED;0;<BV64 0x7620>;64;[];[];[];[];[];[];[];30240.0;30240.0;0.0;1.0;;;True;30240.0;30240.0;0.0;1.0;;;True;ControlType.NO_CONTROL;0;<BV64 0x7620>;64;[];[];[];[];[];[];[];30240;30240;0;1.0;;;True;30240.0;30240.0;0.0;1.0;;;True;ControlType.NO_CONTROL;0;<BV64 x0>;64;[];[('0x54444', <Bool (x0[7:0] & 7) == 0>, 'ConditionType.CMOVE'), ('0x5444c', <Bool (x0[7:0] & 7) == 0>, 'ConditionType.CMOVE')];['<BV64 x0>'];[];['<BV64 x0>'];[];[];0.0;1.8446744073709552e+19;18446744073709551608;8;;;False;0.0;1.8446744073709552e+19;18446744073709551608;8;;;False;ControlType.CONTROLLED;0;<BV64 x0>;64;[];[('0x54444', <Bool (x0[7:0] & 7) == 0>, 'ConditionType.CMOVE'), ('0x5444c', <Bool (x0[7:0] & 7) == 0>, 'ConditionType.CMOVE')];['<BV64 x0>'];[];['<BV64 x0>'];[];[];0.0;1.8446744073709552e+19;1.8446744073709552e+19;8.0;;;False;0.0;1.8446744073709552e+19;1.8446744073709552e+19;8.0;;;False;ControlType.CONTROLLED;0;<BV64 x0>;64;[];[];[];[];[];[];[];0;0;0;;;;False;0;0;0;;;;False;ControlType.UNKNOWN;0;[('0x5444c', <Bool True>, 'Taken')];{'regs': [], 'indirect_regs': [], 'direct_regs': [], 'mem': [], 'const_mem': []};[('0x54444', <Bool (x0[7:0] & 7) == 0>, 'ConditionType.CMOVE'), ('0x5444c', <Bool (x0[7:0] & 7) == 0>, 'ConditionType.CMOVE'), ('0x5444c', <Bool x1 - 0x176f7 != 0x0>, 'ConditionType.UNKNOWN'), ('0x5444c', <Bool x1 >= 0x176f7>, 'ConditionType.UNKNOWN')];{'regs': ['<BV64 x0>', '<BV64 x1>'], 'indirect_regs': [], 'direct_regs': ['<BV64 x0>', '<BV64 x1>'], 'mem': [], 'const_mem': []};{'regs': ['<BV64 x0>', '<BV64 x1>'], 'indirect_regs': [], 'direct_regs': ['<BV64 x0>', '<BV64 x1>'], 'mem': [], 'const_mem': []};{'regs': ['<BV64 x0>', '<BV64 x1>'], 'indirect_regs': [], 'direct_regs': ['<BV64 x0>', '<BV64 x1>'], 'mem': [], 'const_mem': []};63.0;0.0;64.0;64.0;[];;;;BaseControlType.CONSTANT_BASE;BaseControlType.CONSTANT_BASE;BaseControlType.CONSTANT_BASE;1;BranchControlType.BRANCH_INDEPENDENT_FROM_SECRET;BranchControlType.BRANCH_DEPENDS_ON_SECRET_VALUE;345272;True;False;True;False;True;False;False;True;True;False;False;False;True;False;True;False;True;False;True;False;[];['has_valid_base', 'is_cmove_independent_from_secret'];True;False;True;False;True;False;False;True;True;False;False;False;True;False;True;False;True;False;True;False;[];['has_valid_base', 'is_cmove_independent_from_secret']
405bb579-5b2b-4e6d-bd42-9dcbb2a628aa;ZSTD_initStaticDCtx;0x54424;0x544bc;0x0;TransmitterType.STORE;40;0;False;['0x54424', '0x54450'];<BV64 0x7598 + x0>;64;[];[];['<BV64 x0>'];[];['<BV64 x0>'];[];[];0;18446744073709551608;18446744073709551608;1;;;True;0;18446744073709551608;18446744073709551608;1;;;True;ControlType.CONTROLLED;0;<BV64 0x7598>;64;[];[];[];[];[];[];[];30104.0;30104.0;0.0;1.0;;;True;30104.0;30104.0;0.0;1.0;;;True;ControlType.NO_CONTROL;0;<BV64 0x7598>;64;[];[];[];[];[];[];[];30104;30104;0;1.0;;;True;30104.0;30104.0;0.0;1.0;;;True;ControlType.NO_CONTROL;0;<BV64 x0>;64;[];[];['<BV64 x0>'];[];['<BV64 x0>'];[];[];0.0;1.8446744073709552e+19;18446744073709551608;1;;;True;0.0;1.8446744073709552e+19;18446744073709551608;1;;;True;ControlType.CONTROLLED;0;<BV64 x0>;64;[];[];['<BV64 x0>'];[];['<BV64 x0>'];[];[];0.0;1.8446744073709552e+19;1.8446744073709552e+19;1.0;;;True;0.0;1.8446744073709552e+19;1.8446744073709552e+19;1.0;;;True;ControlType.CONTROLLED;0;<BV64 x0>;64;[];[];[];[];[];[];[];0;0;0;;;;False;0;0;0;;;;False;ControlType.UNKNOWN;0;[('0x5444c', <Bool True>, 'Taken')];{'regs': [], 'indirect_regs': [], 'direct_regs': [], 'mem': [], 'const_mem': []};[('0x54444', <Bool (x0[7:0] & 7) == 0>, 'ConditionType.CMOVE'), ('0x5444c', <Bool (x0[7:0] & 7) == 0>, 'ConditionType.CMOVE'), ('0x5444c', <Bool x1 - 0x176f7 != 0x0>, 'ConditionType.UNKNOWN'), ('0x5444c', <Bool x1 >= 0x176f7>, 'ConditionType.UNKNOWN')];{'regs': ['<BV64 x0>', '<BV64 x1>'], 'indirect_regs': [], 'direct_regs': ['<BV64 x0>', '<BV64 x1>'], 'mem': [], 'const_mem': []};{'regs': ['<BV64 x0>', '<BV64 x0>', '<BV64 x1>'], 'indirect_regs': [], 'direct_regs': ['<BV64 x0>', '<BV64 x0>', '<BV64 x1>'], 'mem': [], 'const_mem': []};{'regs': ['<BV64 x0>', '<BV64 x0>', '<BV64 x1>'], 'indirect_regs': [], 'direct_regs': ['<BV64 x0>', '<BV64 x0>', '<BV64 x1>'], 'mem': [], 'const_mem': []};63.0;0.0;64.0;64.0;[];;;;BaseControlType.CONSTANT_BASE;BaseControlType.CONSTANT_BASE;BaseControlType.CONSTANT_BASE;1;BranchControlType.BRANCH_INDEPENDENT_FROM_SECRET;BranchControlType.BRANCH_INDEPENDENT_FROM_SECRET;345276;True;False;True;True;True;False;False;True;True;False;False;False;True;False;True;False;True;False;True;False;[];['has_valid_base'];True;False;True;True;True;False;False;True;True;False;False;False;True;False;True;False;True;False;True;False;[];['has_valid_base']
946a259e-ccf8-4e78-9b00-f5a292c5ebd4;ZSTD_freeCStream;0x1a750;0x1979c;0x0;TransmitterType.LOAD;14;0;False;['0x1a750', '0x19784', '0x1978c'];<BV64 0x388 + x0>;64;[];[];['<BV64 x0>'];[];['<BV64 x0>'];[];[];0;18446744073709551615;18446744073709551615;1;;;True;0;18446744073709551615;18446744073709551615;1;;;True;ControlType.CONTROLLED;0;<BV64 0x388>;64;[];[];[];[];[];[];[];904.0;904.0;0.0;1.0;;;True;904.0;904.0;0.0;1.0;;;True;ControlType.NO_CONTROL;0;<BV64 0x388>;64;[];[];[];[];[];[];[];904;904;0;1.0;;;True;904.0;904.0;0.0;1.0;;;True;ControlType.NO_CONTROL;0;<BV64 x0>;64;[];[];['<BV64 x0>'];[];['<BV64 x0>'];[];[];0.0;1.8446744073709552e+19;18446744073709551615;1;;;True;1.0;1.8446744073709552e+19;18446744073709551614;1;;;True;ControlType.CONTROLLED;0;<BV64 x0>;64;[];[];['<BV64 x0>'];[];['<BV64 x0>'];[];[];0.0;1.8446744073709552e+19;1.8446744073709552e+19;1.0;;;True;1.0;1.8446744073709552e+19;1.8446744073709552e+19;1.0;;;True;ControlType.CONTROLLED;0;<BV64 x0>;64;[];[];[];[];[];[];[];0;0;0;;;;False;0;0;0;;;;False;ControlType.UNKNOWN;0;[('0x19788', <Bool x0 != 0x0>, 'Taken'), ('0x1a764', <Bool True>, 'Taken')];{'regs': ['<BV64 x0>'], 'indirect_regs': [], 'direct_regs': ['<BV64 x0>'], 'mem': [], 'const_mem': []};[];{'regs': [], 'indirect_regs': [], 'direct_regs': [], 'mem': [], 'const_mem': []};{'regs': ['<BV64 x0>'], 'indirect_regs': [], 'direct_regs': ['<BV64 x0>'], 'mem': [], 'const_mem': []};{'regs': ['<BV64 x0>', '<BV64 x0>'], 'indirect_regs': [], 'direct_regs': ['<BV64 x0>', '<BV64 x0>'], 'mem': [], 'const_mem': []};63.0;0.0;64.0;64.0;[];;;;BaseControlType.CONSTANT_BASE;BaseControlType.CONSTANT_BASE;BaseControlType.CONSTANT_BASE;2;BranchControlType.BRANCH_INDEPENDENT_FROM_SECRET;BranchControlType.BRANCH_INDEPENDENT_FROM_SECRET;104348;True;False;True;True;True;False;False;True;True;False;False;False;True;False;True;False;True;False;True;False;[];['has_valid_base'];True;False;True;True;True;False;False;True;True;False;False;False;True;False;True;False;True;False;True;False;[];['has_valid_base']
f016886e-9806-4482-80aa-adeab7f53724;ZSTD_freeCStream;0x1a750;0x197ac;0x0;TransmitterType.LOAD;18;0;False;['0x1a750', '0x19784', '0x1978c', '0x197ac'];<BV64 0x2a8 + x0>;64;[];[];['<BV64 x0>'];[];['<BV64 x0>'];[];[];0;18446744073709551615;18446744073709551615;1;;;True;0;18446744073709551615;18446744073709551615;1;;;True;ControlType.CONTROLLED;0;<BV64 0x2a8>;64;[];[];[];[];[];[];[];680.0;680.0;0.0;1.0;;;True;680.0;680.0;0.0;1.0;;;True;ControlType.NO_CONTROL;0;<BV64 0x2a8>;64;[];[];[];[];[];[];[];680;680;0;1.0;;;True;680.0;680.0;0.0;1.0;;;True;ControlType.NO_CONTROL;0;<BV64 x0>;64;[];[];['<BV64 x0>'];[];['<BV64 x0>'];[];[];0.0;1.8446744073709552e+19;18446744073709551615;1;;;True;1.0;1.8446744073709552e+19;18446744073709551614;1;;;True;ControlType.CONTROLLED;0;<BV64 x0>;64;[];[];['<BV64 x0>'];[];['<BV64 x0>'];[];[];0.0;1.8446744073709552e+19;1.8446744073709552e+19;1.0;;;True;1.0;1.8446744073709552e+19;1.8446744073709552e+19;1.0;;;True;ControlType.CONTROLLED;0;<BV64 x0>;64;[];[];[];[];[];[];[];0;0;0;;;;False;0;0;0;;;;False;ControlType.UNKNOWN;0;[('0x19788', <Bool x0 != 0x0>, 'Taken'), ('0x197a8', <Bool LOAD_64[<BV64 x0 + 0x388>]_26 == 0x0>, 'Taken'), ('0x1a764', <Bool True>, 'Taken')];{'regs': ['<BV64 x0>'], 'indirect_regs': [], 'direct_regs': ['<BV64 x0>'], 'mem': ['<BV64 x0 + 0x388>'], 'const_mem': []};[];{'regs': [], 'indirect_regs': [], 'direct_regs': [], 'mem': [], 'const_mem': []};{'regs': ['<BV64 x0>'], 'indirect_regs': [], 'direct_regs': ['<BV64 x0>'], 'mem': [], 'const_mem': []};{'regs': ['<BV64 x0>', '<BV64 x0>'], 'indirect_regs': [], 'direct_regs': ['<BV64 x0>', '<BV64 x0>'], 'mem': ['<BV64 x0 + 0x388>'], 'const_mem': []};63.0;0.0;64.0;64.0;[];;;;BaseControlType.CONSTANT_BASE;BaseControlType.CONSTANT_BASE;BaseControlType.CONSTANT_BASE;3;BranchControlType.BRANCH_INDEPENDENT_FROM_SECRET;BranchControlType.BRANCH_INDEPENDENT_FROM_SECRET;104364;True;False;True;True;True;False;False;True;True;False;False;False;True;False;True;False;True;False;True;False;[];['has_valid_base'];True;False;True;True;True;False;False;True;True;False;False;False;True;False;True;False;True;False;True;False;[];['has_valid_base']
999d77e3-3cf7-4d07-8125-cb7c09555aa0;ZSTD_freeCStream;0x1a750;0x197c0;0x0;TransmitterType.LOAD;23;0;False;['0x1a750', '0x19784', '0x1978c', '0x197ac', '0x197c0'];<BV64 0x2b0 + x0>;64;[];[];['<BV64 x0>'];[];['<BV64 x0>'];[];[];0;18446744073709551615;18446744073709551615;1;;;True;0;18446744073709551615;18446744073709551615;1;;;True;ControlType.CONTROLLED;0;<BV64 0x2b0>;64;[];[];[];[];[];[];[];688.0;688.0;0.0;1.0;;;True;688.0;688.0;0.0;1.0;;;True;ControlType.NO_CONTROL;0;<BV64 0x2b0>;64;[];[];[];[];[];[];[];688;688;0;1.0;;;True;688.0;688.0;0.0;1.0;;;True;ControlType.NO_CONTROL;0;<BV64 x0>;64;[];[];['<BV64 x0>'];[];['<BV64 x0>'];[];[];0.0;1.8446744073709552e+19;18446744073709551615;1;;;True;1.0;1.8446744073709552e+19;18446744073709551614;1;;;True;ControlType.CONTROLLED;0;<BV64 x0>;64;[];[];['<BV64 x0>'];[];['<BV64 x0>'];[];[];0.0;1.8446744073709552e+19;1.8446744073709552e+19;1.0;;;True;1.0;1.8446744073709552e+19;1.8446744073709552e+19;1.0;;;True;ControlType.CONTROLLED;0;<BV64 x0>;64;[];[];[];[];[];[];[];0;0;0;;;;False;0;0;0;;;;False;ControlType.UNKNOWN;0;[('0x19788', <Bool x0 != 0x0>, 'Taken'), ('0x197a8', <Bool LOAD_64[<BV64 x0 + 0x388>]_26 == 0x0>, 'Taken'), ('0x197bc', <Bool x0 >= LOAD_64[<BV64 x0 + 0x2a8>]_29>, 'Taken'), ('0x1a764', <Bool True>, 'Taken')];{'regs': ['<BV64 x0>'], 'indirect_regs': [], 'direct_regs': ['<BV64 x0>'], 'mem': ['<BV64 x0 + 0x2a8>', '<BV64 x0 + 0x388>'], 'const_mem': []};[];{'regs': [], 'indirect_regs': [], 'direct_regs': [], 'mem': [], 'const_mem': []};{'regs': ['<BV64 x0>'], 'indirect_regs': [], 'direct_regs': ['<BV64 x0>'], 'mem': [], 'const_mem': []};{'regs': ['<BV64 x0>', '<BV64 x0>'], 'indirect_regs': [], 'direct_regs': ['<BV64 x0>', '<BV64 x0>'], 'mem': ['<BV64 x0 + 0x2a8>', '<BV64 x0 + 0x388>'], 'const_mem': []};63.0;0.0;64.0;64.0;[];;;;BaseControlType.CONSTANT_BASE;BaseControlType.CONSTANT_BASE;BaseControlType.CONSTANT_BASE;4;BranchControlType.BRANCH_INDEPENDENT_FROM_SECRET;BranchControlType.BRANCH_INDEPENDENT_FROM_SECRET;104384;True;False;True;True;True;False;False;True;True;False;False;False;True;False;True;False;True;False;True;False;[];['has_valid_base'];True;False;True;True;True;False;False;True;True;False;False;False;True;False;True;False;True;False;True;False;[];['has_valid_base']
b3c5e51a-1408-4199-b30a-d6650af9a29e;ZSTD_initCStream;0x1b6f0;0x199f4;0x0;TransmitterType.STORE;18;0;False;['0x1b6f0', '0x199d0', '0x199f4'];<BV64 0x2f8 + x0>;64;[];[];['<BV64 x0>'];[];['<BV64 x0>'];[];[];0;18446744073709551615;18446744073709551615;1;;;True;0;18446744073709551615;18446744073709551615;1;;;True;ControlType.CONTROLLED;0;<BV64 0x2f8>;64;[];[];[];[];[];[];[];760.0;760.0;0.0;1.0;;;True;760.0;760.0;0.0;1.0;;;True;ControlType.NO_CONTROL;0;<BV64 0x2f8>;64;[];[];[];[];[];[];[];760;760;0;1.0;;;True;760.0;760.0;0.0;1.0;;;True;ControlType.NO_CONTROL;0;<BV64 x0>;64;[];[];['<BV64 x0>'];[];['<BV64 x0>'];[];[];0.0;1.8446744073709552e+19;18446744073709551615;1;;;True;0.0;1.8446744073709552e+19;18446744073709551615;1;;;True;ControlType.CONTROLLED;0;<BV64 x0>;64;[];[];['<BV64 x0>'];[];['<BV64 x0>'];[];[];0.0;1.8446744073709552e+19;1.8446744073709552e+19;1.0;;;True;0.0;1.8446744073709552e+19;1.8446744073709552e+19;1.0;;;True;ControlType.CONTROLLED;0;<BV64 x0>;64;[];[];[];[];[];[];[];0;0;0;;;;False;0;0;0;;;;False;ControlType.UNKNOWN;0;[('0x199f0', <Bool True>, 'Taken'), ('0x1b70c', <Bool True>, 'Taken')];{'regs': [], 'indirect_regs': [], 'direct_regs': [], 'mem': [], 'const_mem': []};[];{'regs': [], 'indirect_regs': [], 'direct_regs': [], 'mem': [], 'const_mem': []};{'regs': ['<BV64 x0>'], 'indirect_regs': [], 'direct_regs': ['<BV64 x0>'], 'mem': [], 'const_mem': []};{'regs': ['<BV64 x0>'], 'indirect_regs': [], 'direct_regs': ['<BV64 x0>'], 'mem': [], 'const_mem': []};63.0;0.0;64.0;64.0;[];;;;BaseControlType.CONSTANT_BASE;BaseControlType.CONSTANT_BASE;BaseControlType.CONSTANT_BASE;2;BranchControlType.BRANCH_INDEPENDENT_FROM_SECRET;BranchControlType.BRANCH_INDEPENDENT_FROM_SECRET;104948;True;False;True;True;True;False;False;True;True;False;False;False;True;False;True;False;True;False;True;False;[];['has_valid_base'];True;False;True;True;True;False;False;True;True;False;False;False;True;False;True;False;True;False;True;False;[];['has_valid_base']
c82bdfbb-9f8a-48da-891d-0b59ed5b10e6;ZSTD_initCStream;0x1b6f0;0x199f8;0x0;TransmitterType.STORE;19;0;False;['0x1b6f0', '0x199d0', '0x199f4'];<BV64 0xe18 + x0>;64;[];[];['<BV64 x0>'];[];['<BV64 x0>'];[];[];0;18446744073709551615;18446744073709551615;1;;;True;0;18446744073709551615;18446744073709551615;1;;;True;ControlType.CONTROLLED;0;<BV64 0xe18>;64;[];[];[];[];[];[];[];3608.0;3608.0;0.0;1.0;;;True;3608.0;3608.0;0.0;1.0;;;True;ControlType.NO_CONTROL;0;<BV64 0xe18>;64;[];[];[];[];[];[];[];3608;3608;0;1.0;;;True;3608.0;3608.0;0.0;1.0;;;True;ControlType.NO_CONTROL;0;<BV64 x0>;64;[];[];['<BV64 x0>'];[];['<BV64 x0>'];[];[];0.0;1.8446744073709552e+19;18446744073709551615;1;;;True;0.0;1.8446744073709552e+19;18446744073709551615;1;;;True;ControlType.CONTROLLED;0;<BV64 x0>;64;[];[];['<BV64 x0>'];[];['<BV64 x0>'];[];[];0.0;1.8446744073709552e+19;1.8446744073709552e+19;1.0;;;True;0.0;1.8446744073709552e+19;1.8446744073709552e+19;1.0;;;True;ControlType.CONTROLLED;0;<BV64 x0>;64;[];[];[];[];[];[];[];0;0;0;;;;False;0;0;0;;;;False;ControlType.UNKNOWN;0;[('0x199f0', <Bool True>, 'Taken'), ('0x1b70c', <Bool True>, 'Taken')];{'regs': [], 'indirect_regs': [], 'direct_regs': [], 'mem': [], 'const_mem': []};[];{'regs': [], 'indirect_regs': [], 'direct_regs': [], 'mem': [], 'const_mem': []};{'regs': ['<BV64 x0>'], 'indirect_regs': [], 'direct_regs': ['<BV64 x0>'], 'mem': [], 'const_mem': []};{'regs': ['<BV64 x0>'], 'indirect_regs': [], 'direct_regs': ['<BV64 x0>'], 'mem': [], 'const_mem': []};63.0;0.0;64.0;64.0;[];;;;BaseControlType.CONSTANT_BASE;BaseControlType.CONSTANT_BASE;BaseControlType.CONSTANT_BASE;2;BranchControlType.BRANCH_INDEPENDENT_FROM_SECRET;BranchControlType.BRANCH_INDEPENDENT_FROM_SECRET;104952;True;False;True;True;True;False;False;True;True;False;False;False;True;False;True;False;True;False;True;False;[];['has_valid_base'];True;False;True;True;True;False;False;True;True;False;False;False;True;False;True;False;True;False;True;False;[];['has_valid_base']
c0c5725c-e694-4a61-9c93-f5f4bbb29de4;ZSTD_DCtx_refPrefix_advanced;0x56410;0x562fc;0x0;TransmitterType.LOAD;16;0;False;['0x56410', '0x562e0'];<BV64 0x761c + x0>;64;[];[];['<BV64 x0>'];[];['<BV64 x0>'];[];[];0;18446744073709551615;18446744073709551615;1;;;True;0;18446744073709551615;18446744073709551615;1;;;True;ControlType.CONTROLLED;0;<BV64 0x761c>;64;[];[];[];[];[];[];[];30236.0;30236.0;0.0;1.0;;;True;30236.0;30236.0;0.0;1.0;;;True;ControlType.NO_CONTROL;0;<BV64 0x761c>;64;[];[];[];[];[];[];[];30236;30236;0;1.0;;;True;30236.0;30236.0;0.0;1.0;;;True;ControlType.NO_CONTROL;0;<BV64 x0>;64;[];[];['<BV64 x0>'];[];['<BV64 x0>'];[];[];0.0;1.8446744073709552e+19;18446744073709551615;1;;;True;0.0;1.8446744073709552e+19;18446744073709551615;1;;;True;ControlType.CONTROLLED;0;<BV64 x0>;64;[];[];['<BV64 x0>'];[];['<BV64 x0>'];[];[];0.0;1.8446744073709552e+19;1.8446744073709552e+19;1.0;;;True;0.0;1.8446744073709552e+19;1.8446744073709552e+19;1.0;;;True;ControlType.CONTROLLED;0;<BV64 x0>;64;[];[];[];[];[];[];[];0;0;0;;;;False;0;0;0;;;;False;ControlType.UNKNOWN;0;[('0x5642c', <Bool True>, 'Taken')];{'regs': [], 'indirect_regs': [], 'direct_regs': [], 'mem': [], 'const_mem': []};[];{'regs': [], 'indirect_regs': [], 'direct_regs': [], 'mem': [], 'const_mem': []};{'regs': ['<BV64 x0>'], 'indirect_regs': [], 'direct_regs': ['<BV64 x0>'], 'mem': [], 'const_mem': []};{'regs': ['<BV64 x0>'], 'indirect_regs': [], 'direct_regs': ['<BV64 x0>'], 'mem': [], 'const_mem': []};63.0;0.0;64.0;64.0;[];;;;BaseControlType.CONSTANT_BASE;BaseControlType.CONSTANT_BASE;BaseControlType.CONSTANT_BASE;1;BranchControlType.BRANCH_INDEPENDENT_FROM_SECRET;BranchControlType.BRANCH_INDEPENDENT_FROM_SECRET;353020;True;False;True;True;True;False;False;True;True;False;False;False;True;False;True;False;True;False;True;False;[];['has_valid_base'];True;False;True;True;True;False;False;True;True;False;False;False;True;False;True;False;True;False;True;False;[];['has_valid_base']
1aca783f-79f1-4602-8bfb-ff46e99caed0;ZSTD_DCtx_refPrefix_advanced;0x56410;0x56304;0x0;TransmitterType.LOAD;18;0;False;['0x56410', '0x562e0', '0x56304'];<BV64 0x75e8 + x0>;64;[];[];['<BV64 x0>'];[];['<BV64 x0>'];[];[];0;18446744073709551615;18446744073709551615;1;;;True;0;18446744073709551615;18446744073709551615;1;;;True;ControlType.CONTROLLED;0;<BV64 0x75e8>;64;[];[];[];[];[];[];[];30184.0;30184.0;0.0;1.0;;;True;30184.0;30184.0;0.0;1.0;;;True;ControlType.NO_CONTROL;0;<BV64 0x75e8>;64;[];[];[];[];[];[];[];30184;30184;0;1.0;;;True;30184.0;30184.0;0.0;1.0;;;True;ControlType.NO_CONTROL;0;<BV64 x0>;64;[];[];['<BV64 x0>'];[];['<BV64 x0>'];[];[];0.0;1.8446744073709552e+19;18446744073709551615;1;;;True;0.0;1.8446744073709552e+19;18446744073709551615;1;;;True;ControlType.CONTROLLED;0;<BV64 x0>;64;[];[];['<BV64 x0>'];[];['<BV64 x0>'];[];[];0.0;1.8446744073709552e+19;1.8446744073709552e+19;1.0;;;True;0.0;1.8446744073709552e+19;1.8446744073709552e+19;1.0;;;True;ControlType.CONTROLLED;0;<BV64 x0>;64;[];[];[];[];[];[];[];0;0;0;;;;False;0;0;0;;;;False;ControlType.UNKNOWN;0;[('0x56300', <Bool LOAD_32[<BV64 x0 + 0x761c>]_29 == 0x0>, 'Taken'), ('0x5642c', <Bool True>, 'Taken')];"{'regs': ['<BV64 x0>'], 'indirect_regs': [""<BV64 x0>: ['0x761c']""], 'direct_regs': [], 'mem': ['<BV64 x0 + 0x761c>'], 'const_mem': []}";[];{'regs': [], 'indirect_regs': [], 'direct_regs': [], 'mem': [], 'const_mem': []};{'regs': ['<BV64 x0>'], 'indirect_regs': [], 'direct_regs': ['<BV64 x0>'], 'mem': [], 'const_mem': []};"{'regs': ['<BV64 x0>', '<BV64 x0>'], 'indirect_regs': [""<BV64 x0>: ['0x761c']""], 'direct_regs': ['<BV64 x0>'], 'mem': ['<BV64 x0 + 0x761c>'], 'const_mem': []}";63.0;0.0;64.0;64.0;[];;;;BaseControlType.CONSTANT_BASE;BaseControlType.CONSTANT_BASE;BaseControlType.CONSTANT_BASE;2;BranchControlType.BRANCH_INDEPENDENT_FROM_SECRET;BranchControlType.BRANCH_INDEPENDENT_FROM_SECRET;353028;True;False;True;True;True;False;False;True;True;False;False;False;True;False;True;False;True;False;True;False;[];['has_valid_base'];True;False;True;True;True;False;False;True;True;False;False;False;True;False;True;False;True;False;True;False;[];['has_valid_base']
790c5e09-f81f-40f6-a488-bd5166b943a1;ZSTD_DCtx_refPrefix_advanced;0x56410;0x54008;0x56304;TransmitterType.LOAD;30;1;False;['0x56410', '0x562e0', '0x56304', '0x53ff4', '0x53ffc'];<BV64 LOAD_64[<BV64 x0 + 0x75e8>]_30>;64;[('0x53ff8', <Bool LOAD_64[<BV64 x0 + 0x75e8>]_30 != 0x0>, 'Taken')];[];['<BV64 x0>'];"[""<BV64 x0>: ['0x75e8']""]";[];['<BV64 x0 + 0x75e8>'];[];0;18446744073709551615;18446744073709551615;1;;;True;1;18446744073709551615;18446744073709551614;1;;;True;ControlType.CONTROLLED;1;;0;[];[];[];[];[];[];[];0.0;0.0;0.0;0.0;;;False;0.0;0.0;0.0;0.0;;;False;ControlType.UNKNOWN;0;;0;[];[];[];[];[];[];[];0;0;0;;;;False;0.0;0.0;0.0;0.0;;;False;ControlType.UNKNOWN;0;<BV64 LOAD_64[<BV64 x0 + 0x75e8>]_30>;64;[('0x53ff8', <Bool LOAD_64[<BV64 x0 + 0x75e8>]_30 != 0x0>, 'Taken')];[];['<BV64 x0>'];"[""<BV64 x0>: ['0x75e8']""]";[];['<BV64 x0 + 0x75e8>'];[];0.0;1.8446744073709552e+19;18446744073709551615;1;;;True;1.0;1.8446744073709552e+19;18446744073709551614;1;;;True;ControlType.CONTROLLED;1;<BV64 x0 + 0x75e8>;64;[];[];['<BV64 x0>'];[];['<BV64 x0>'];[];[];0.0;1.8446744073709552e+19;1.8446744073709552e+19;1.0;;;True;0.0;1.8446744073709552e+19;1.8446744073709552e+19;1.0;;;True;ControlType.CONTROLLED;0;<BV64 LOAD_64[<BV64 x0 + 0x75e8>]_30>;64;[];[];[];[];[];[];[];0;0;0;;;;False;0;0;0;;;;False;ControlType.UNKNOWN;1;[('0x53ff8', <Bool LOAD_64[<BV64 x0 + 0x75e8>]_30 != 0x0>, 'Taken'), ('0x56300', <Bool LOAD_32[<BV64 x0 + 0x761c>]_29 == 0x0>, 'Taken'), ('0x5631c', <Bool True>, 'Taken'), ('0x5642c', <Bool True>, 'Taken')];"{'regs': ['<BV64 x0>'], 'indirect_regs': [""<BV64 x0>: ['0x75e8', '0x761c']""], 'direct_regs': [], 'mem': ['<BV64 x0 + 0x75e8>', '<BV64 x0 + 0x761c>'], 'const_mem': []}";[];{'regs': [], 'indirect_regs': [], 'direct_regs': [], 'mem': [], 'const_mem': []};{'regs': ['<BV64 x0>'], 'indirect_regs': [], 'direct_regs': ['<BV64 x0>'], 'mem': ['<BV64 x0 + 0x75e8>'], 'const_mem': []};{'regs': ['<BV64 x0>'], 'indirect_regs': [], 'direct_regs': ['<BV64 x0>'], 'mem': ['<BV64 x0 + 0x75e8>', '<BV64 x0 + 0x761c>'], 'const_mem': []};63.0;0.0;64.0;64.0;[];;;;BaseControlType.NO_BASE;BaseControlType.NO_BASE;BaseControlType.NO_BASE;4;BranchControlType.BRANCH_DEPENDS_ON_SECRET_VALUE;BranchControlType.BRANCH_INDEPENDENT_FROM_SECRET;344072;True;False;True;True;True;False;False;True;True;False;False;False;True;False;True;True;True;False;True;False;[];['has_valid_base'];True;False;True;True;True;False;False;True;True;False;False;False;True;False;True;True;True;False;True;False;[];['has_valid_base']
417700ee-fee9-4ee8-a18b-f9ec7e14757b;ZSTD_DCtx_refPrefix_advanced;0x56410;0x54014;0x56304;TransmitterType.LOAD;33;1;False;['0x56410', '0x562e0', '0x56304', '0x53ff4', '0x53ffc'];<BV64 0x6ac8 + LOAD_64[<BV64 x0 + 0x75e8>]_30>;64;[('0x53ff8', <Bool LOAD_64[<BV64 x0 + 0x75e8>]_30 != 0x0>, 'Taken')];[];['<BV64 x0>'];"[""<BV64 x0>: ['0x75e8']""]";[];['<BV64 x0 + 0x75e8>'];[];0;18446744073709551615;18446744073709551615;1;;;True;27337;27335;18446744073709551614;1;;;True;ControlType.CONTROLLED;1;<BV64 0x6ac8>;64;[];[];[];[];[];[];[];27336.0;27336.0;0.0;1.0;;;True;27336.0;27336.0;0.0;1.0;;;True;ControlType.NO_CONTROL;0;<BV64 0x6ac8>;64;[];[];[];[];[];[];[];27336;27336;0;1.0;;;True;27336.0;27336.0;0.0;1.0;;;True;ControlType.NO_CONTROL;0;<BV64 LOAD_64[<BV64 x0 + 0x75e8>]_30>;64;[('0x53ff8', <Bool LOAD_64[<BV64 x0 + 0x75e8>]_30 != 0x0>, 'Taken')];[];['<BV64 x0>'];"[""<BV64 x0>: ['0x75e8']""]";[];['<BV64 x0 + 0x75e8>'];[];0.0;1.8446744073709552e+19;18446744073709551615;1;;;True;1.0;1.8446744073709552e+19;18446744073709551614;1;;;True;ControlType.CONTROLLED;1;<BV64 x0 + 0x75e8>;64;[];[];['<BV64 x0>'];[];['<BV64 x0>'];[];[];0.0;1.8446744073709552e+19;1.8446744073709552e+19;1.0;;;True;0.0;1.8446744073709552e+19;1.8446744073709552e+19;1.0;;;True;ControlType.CONTROLLED;0;<BV64 LOAD_64[<BV64 x0 + 0x75e8>]_30>;64;[];[];[];[];[];[];[];0;0;0;;;;False;0;0;0;;;;False;ControlType.UNKNOWN;1;[('0x53ff8', <Bool LOAD_64[<BV64 x0 + 0x75e8>]_30 != 0x0>, 'Taken'), ('0x56300', <Bool LOAD_32[<BV64 x0 + 0x761c>]_29 == 0x0>, 'Taken'), ('0x5631c', <Bool True>, 'Taken'), ('0x5642c', <Bool True>, 'Taken')];"{'regs': ['<BV64 x0>'], 'indirect_regs': [""<BV64 x0>: ['0x75e8', '0x761c']""], 'direct_regs': [], 'mem': ['<BV64 x0 + 0x75e8>', '<BV64 x0 + 0x761c>'], 'const_mem': []}";[];{'regs': [], 'indirect_regs': [], 'direct_regs': [], 'mem': [], 'const_mem': []};{'regs': ['<BV64 x0>'], 'indirect_regs': [], 'direct_regs': ['<BV64 x0>'], 'mem': ['<BV64 x0 + 0x75e8>'], 'const_mem': []};{'regs': ['<BV64 x0>'], 'indirect_regs': [], 'direct_regs': ['<BV64 x0>'], 'mem': ['<BV64 x0 + 0x75e8>', '<BV64 x0 + 0x761c>'], 'const_mem': []};63.0;0.0;64.0;64.0;[];;;;BaseControlType.CONSTANT_BASE;BaseControlType.CONSTANT_BASE;BaseControlType.CONSTANT_BASE;4;BranchControlType.BRANCH_DEPENDS_ON_SECRET_VALUE;BranchControlType.BRANCH_INDEPENDENT_FROM_SECRET;344084;True;False;True;True;True;False;False;True;True;False;False;False;True;False;True;True;True;False;True;False;[];['has_valid_base'];True;False;True;True;True;False;False;True;True;False;False;False;True;False;True;True;True;False;True;False;[];['has_valid_base']
33e3093c-57d8-455a-aa2a-3718e08f7e6c;ZSTD_DCtx_refPrefix_advanced;0x56410;0x5401c;0x56304;TransmitterType.LOAD;35;1;False;['0x56410', '0x562e0', '0x56304', '0x53ff4', '0x53ffc'];<BV64 0x6ad0 + LOAD_64[<BV64 x0 + 0x75e8>]_30>;64;[('0x53ff8', <Bool LOAD_64[<BV64 x0 + 0x75e8>]_30 != 0x0>, 'Taken')];[];['<BV64 x0>'];"[""<BV64 x0>: ['0x75e8']""]";[];['<BV64 x0 + 0x75e8>'];[];0;18446744073709551615;18446744073709551615;1;;;True;27345;27343;18446744073709551614;1;;;True;ControlType.CONTROLLED;1;<BV64 0x6ad0>;64;[];[];[];[];[];[];[];27344.0;27344.0;0.0;1.0;;;True;27344.0;27344.0;0.0;1.0;;;True;ControlType.NO_CONTROL;0;<BV64 0x6ad0>;64;[];[];[];[];[];[];[];27344;27344;0;1.0;;;True;27344.0;27344.0;0.0;1.0;;;True;ControlType.NO_CONTROL;0;<BV64 LOAD_64[<BV64 x0 + 0x75e8>]_30>;64;[('0x53ff8', <Bool LOAD_64[<BV64 x0 + 0x75e8>]_30 != 0x0>, 'Taken')];[];['<BV64 x0>'];"[""<BV64 x0>: ['0x75e8']""]";[];['<BV64 x0 + 0x75e8>'];[];0.0;1.8446744073709552e+19;18446744073709551615;1;;;True;1.0;1.8446744073709552e+19;18446744073709551614;1;;;True;ControlType.CONTROLLED;1;<BV64 x0 + 0x75e8>;64;[];[];['<BV64 x0>'];[];['<BV64 x0>'];[];[];0.0;1.8446744073709552e+19;1.8446744073709552e+19;1.0;;;True;0.0;1.8446744073709552e+19;1.8446744073709552e+19;1.0;;;True;ControlType.CONTROLLED;0;<BV64 LOAD_64[<BV64 x0 + 0x75e8>]_30>;64;[];[];[];[];[];[];[];0;0;0;;;;False;0;0;0;;;;False;ControlType.UNKNOWN;1;[('0x53ff8', <Bool LOAD_64[<BV64 x0 + 0x75e8>]_30 != 0x0>, 'Taken'), ('0x56300', <Bool LOAD_32[<BV64 x0 + 0x761c>]_29 == 0x0>, 'Taken'), ('0x5631c', <Bool True>, 'Taken'), ('0x5642c', <Bool True>, 'Taken')];"{'regs': ['<BV64 x0>'], 'indirect_regs': [""<BV64 x0>: ['0x75e8', '0x761c']""], 'direct_regs': [], 'mem': ['<BV64 x0 + 0x75e8>', '<BV64 x0 + 0x761c>'], 'const_mem': []}";[];{'regs': [], 'indirect_regs': [], 'direct_regs': [], 'mem': [], 'const_mem': []};{'regs': ['<BV64 x0>'], 'indirect_regs': [], 'direct_regs': ['<BV64 x0>'], 'mem': ['<BV64 x0 + 0x75e8>'], 'const_mem': []};{'regs': ['<BV64 x0>'], 'indirect_regs': [], 'direct_regs': ['<BV64 x0>'], 'mem': ['<BV64 x0 + 0x75e8>', '<BV64 x0 + 0x761c>'], 'const_mem': []};63.0;0.0;64.0;64.0;[];;;;BaseControlType.CONSTANT_BASE;BaseControlType.CONSTANT_BASE;BaseControlType.CONSTANT_BASE;4;BranchControlType.BRANCH_DEPENDS_ON_SECRET_VALUE;BranchControlType.BRANCH_INDEPENDENT_FROM_SECRET;344092;True;False;True;True;True;False;False;True;True;False;False;False;True;False;True;True;True;False;True;False;[];['has_valid_base'];True;False;True;True;True;False;False;True;True;False;False;False;True;False;True;True;True;False;True;False;[];['has_valid_base']
eab227c4-a063-4159-b361-ac79b2b311cc;ZSTD_isSkippableFrame;0x548d0;0x548e4;0x0;TransmitterType.LOAD;6;0;False;['0x548d0', '0x548e4'];<BV64 x0>;64;[];[];['<BV64 x0>'];[];['<BV64 x0>'];[];[];0;18446744073709551615;18446744073709551615;1;;;True;0;18446744073709551615;18446744073709551615;1;;;True;ControlType.CONTROLLED;0;;0;[];[];[];[];[];[];[];0.0;0.0;0.0;0.0;;;False;0.0;0.0;0.0;0.0;;;False;ControlType.UNKNOWN;0;;0;[];[];[];[];[];[];[];0;0;0;;;;False;0.0;0.0;0.0;0.0;;;False;ControlType.UNKNOWN;0;<BV64 x0>;64;[];[];['<BV64 x0>'];[];['<BV64 x0>'];[];[];0.0;1.8446744073709552e+19;18446744073709551615;1;;;True;0.0;1.8446744073709552e+19;18446744073709551615;1;;;True;ControlType.CONTROLLED;0;<BV64 x0>;64;[];[];['<BV64 x0>'];[];['<BV64 x0>'];[];[];0.0;1.8446744073709552e+19;1.8446744073709552e+19;1.0;;;True;0.0;1.8446744073709552e+19;1.8446744073709552e+19;1.0;;;True;ControlType.CONTROLLED;0;<BV64 x0>;64;[];[];[];[];[];[];[];0;0;0;;;;False;0;0;0;;;;False;ControlType.UNKNOWN;0;[('0x548e0', <Bool x1 > 0x3>, 'Taken')];{'regs': ['<BV64 x1>'], 'indirect_regs': [], 'direct_regs': ['<BV64 x1>'], 'mem': [], 'const_mem': []};[];{'regs': [], 'indirect_regs': [], 'direct_regs': [], 'mem': [], 'const_mem': []};{'regs': ['<BV64 x0>'], 'indirect_regs': [], 'direct_regs': ['<BV64 x0>'], 'mem': [], 'const_mem': []};{'regs': ['<BV64 x0>', '<BV64 x1>'], 'indirect_regs': [], 'direct_regs': ['<BV64 x0>', '<BV64 x1>'], 'mem': [], 'const_mem': []};63.0;0.0;64.0;64.0;[];;;;BaseControlType.NO_BASE;BaseControlType.NO_BASE;BaseControlType.NO_BASE;1;BranchControlType.BRANCH_INDEPENDENT_FROM_SECRET;BranchControlType.BRANCH_INDEPENDENT_FROM_SECRET;346340;True;False;True;True;True;False;False;True;True;False;False;False;True;False;True;False;True;False;True;False;[];['has_valid_base'];True;False;True;True;True;False;False;True;True;False;False;False;True;False;True;False;True;False;True;False;[];['has_valid_base']
857d8510-dc01-47fa-8c21-ff45fdbc016a;ZSTD_getErrorName;0x7550;0x6b74;0x0;TransmitterType.LOAD;17;0;False;['0x7550', '0x6b40', '0x6b6c'];<BV64 0x8dee0 + (0#31 .. (0#1 .. 0xffffffff * x0[31:0]) << 0x1)>;64;[('0x6b50', <Bool 0xffffffff * x0[31:0] <= 0x6b>, 'Taken')];[];['<BV64 x0>'];[];['<BV64 x0>'];[];[];581346;581582;236;2;581630.0;581120.0;False;581346;581558;212;2;581630.0;581120.0;False;ControlType.CONTROLLED;0;<BV64 0x8dee0>;64;[];[];[];[];[];[];[];581344.0;581344.0;0.0;1.0;;;True;581344.0;581344.0;0.0;1.0;;;True;ControlType.NO_CONTROL;0;<BV64 0x8dee0>;64;[];[];[];[];[];[];[];581344;581344;0;1.0;;;True;581344.0;581344.0;0.0;1.0;;;True;ControlType.NO_CONTROL;0;<BV64 0#31 .. (0#1 .. 0xffffffff * x0[31:0]) << 0x1>;64;[('0x6b50', <Bool 0xffffffff * x0[31:0] <= 0x6b>, 'Taken')];[];['<BV64 x0>'];[];['<BV64 x0>'];[];[];2.0;238.0;236;2;;;False;2.0;214.0;212;2;;;False;ControlType.CONTROLLED;0;<BV64 x0>;64;[('0x6b50', <Bool 0xffffffff * x0[31:0] <= 0x6b>, 'Taken')];[];['<BV64 x0>'];[];['<BV64 x0>'];[];[];1.8446744073709552e+19;1.8446744073709552e+19;118.0;1.0;;;True;1.8446744073709552e+19;1.8446744073709552e+19;106.0;1.0;;;True;ControlType.CONTROLLED;0;<BV64 x0>;64;[];[];[];[];[];[];[];0;0;0;;;;False;0;0;0;;;;False;ControlType.UNKNOWN;0;[('0x6b50', <Bool 0xffffffff * x0[31:0] <= 0x6b>, 'Taken'), ('0x756c', <Bool True>, 'Taken')];{'regs': ['<BV64 x0>'], 'indirect_regs': [], 'direct_regs': ['<BV64 x0>'], 'mem': [], 'const_mem': []};[('0x6b4c', <Bool !(x0 == 0xffffffffffffff88 || x0 <= 0x78 + x0)>, 'ConditionType.CMOVE'), ('0x6b74', <Bool !(x0 == 0xffffffffffffff88 || x0 <= 0x78 + x0)>, 'ConditionType.CMOVE')];{'regs': ['<BV64 x0>'], 'indirect_regs': [], 'direct_regs': ['<BV64 x0>'], 'mem': [], 'const_mem': []};{'regs': ['<BV64 x0>', '<BV64 x0>'], 'indirect_regs': [], 'direct_regs': ['<BV64 x0>', '<BV64 x0>'], 'mem': [], 'const_mem': []};{'regs': ['<BV64 x0>', '<BV64 x0>'], 'indirect_regs': [], 'direct_regs': ['<BV64 x0>', '<BV64 x0>'], 'mem': [], 'const_mem': []};32.0;1.0;32.0;32.0;[];;;;BaseControlType.CONSTANT_BASE;BaseControlType.CONSTANT_BASE;BaseControlType.CONSTANT_BASE;2;BranchControlType.BRANCH_DEPENDS_ON_SECRET_VALUE;BranchControlType.BRANCH_INDEPENDENT_FROM_SECRET;27508;True;False;False;True;True;False;False;True;True;False;False;False;True;False;True;True;True;False;True;False;[];['has_valid_base', 'has_valid_secret_address'];True;False;False;True;True;False;False;True;True;False;False;False;True;False;True;True;True;False;True;False;[];['has_valid_base', 'has_valid_secret_address']
c66a359c-7cc8-46e2-86d3-9d54b2ba49f4;ZSTD_getErrorName;0x7550;0x6b80;0x6b74;TransmitterType.CODE_LOAD;20;1;False;['0x7550', '0x6b40', '0x6b6c'];<BV64 0x6b84 + ((0#2 .. (0#48 .. LOAD_16[<BV64 0x8dee0 + ((0#32 .. 0xffffffff * x0[31:0]) << 0x1)>]_28) << 0x30 >> 0x30[61:0]) << 0x2)>;64;[];[];['<BV64 x0>'];['<BV64 x0>: []'];[];['<BV64 0x8dee0 + ((0#32 .. 0xffffffff * x0[31:0]) << 0x1)>'];[];0;18446744073709551612;18446744073709551612;4;;;False;0;18446744073709551612;18446744073709551612;4;;;False;ControlType.CONTROLLED;1;<BV64 0x6b84>;64;[];[];[];[];[];[];[];27524.0;27524.0;0.0;1.0;;;True;27524.0;27524.0;0.0;1.0;;;True;ControlType.NO_CONTROL;0;<BV64 0x6b84>;64;[];[];[];[];[];[];[];27524;27524;0;1.0;;;True;27524.0;27524.0;0.0;1.0;;;True;ControlType.NO_CONTROL;0;<BV64 (0#2 .. (0#48 .. LOAD_16[<BV64 0x8dee0 + ((0#32 .. 0xffffffff * x0[31:0]) << 0x1)>]_28) << 0x30 >> 0x30[61:0]) << 0x2>;64;[];[];['<BV64 x0>'];['<BV64 x0>: []'];[];['<BV64 0x8dee0 + ((0#32 .. 0xffffffff * x0[31:0]) << 0x1)>'];[];0.0;1.8446744073709552e+19;18446744073709551612;4;;;False;0.0;1.8446744073709552e+19;18446744073709551612;4;;;False;ControlType.CONTROLLED;1;<BV64 0x8dee0 + ((0#32 .. 0xffffffff * x0[31:0]) << 0x1)>;64;[('0x6b50', <Bool 0xffffffff * x0[31:0] <= 0x6b>, 'Taken')];[];['<BV64 x0>'];[];['<BV64 x0>'];[];[];581346.0;581582.0;236.0;2.0;581630.0;581120.0;False;581346.0;581558.0;212.0;2.0;581630.0;581120.0;False;ControlType.CONTROLLED;0;<BV16 LOAD_16[<BV64 0x8dee0 + ((0#32 .. 0xffffffff * x0[31:0]) << 0x1)>]_28>;16;[];[];[];[];[];[];[];0;0;0;;;;False;0;0;0;;;;False;ControlType.UNKNOWN;1;[('0x6b50', <Bool 0xffffffff * x0[31:0] <= 0x6b>, 'Taken'), ('0x756c', <Bool True>, 'Taken')];{'regs': ['<BV64 x0>'], 'indirect_regs': [], 'direct_regs': ['<BV64 x0>'], 'mem': [], 'const_mem': []};[('0x6b4c', <Bool !(x0 == 0xffffffffffffff88 || x0 <= 0x78 + x0)>, 'ConditionType.CMOVE'), ('0x6b74', <Bool !(x0 == 0xffffffffffffff88 || x0 <= 0x78 + x0)>, 'ConditionType.CMOVE')];{'regs': ['<BV64 x0>'], 'indirect_regs': [], 'direct_regs': ['<BV64 x0>'], 'mem': [], 'const_mem': []};{'regs': ['<BV64 x0>', '<BV64 x0>'], 'indirect_regs': [], 'direct_regs': ['<BV64 x0>', '<BV64 x0>'], 'mem': ['<BV64 0x8dee0 + ((0#32 .. 0xffffffff * x0[31:0]) << 0x1)>'], 'const_mem': []};{'regs': ['<BV64 x0>', '<BV64 x0>'], 'indirect_regs': [], 'direct_regs': ['<BV64 x0>', '<BV64 x0>'], 'mem': ['<BV64 0x8dee0 + ((0#32 .. 0xffffffff * x0[31:0]) << 0x1)>'], 'const_mem': []};17.0;2.0;16.0;16.0;[];;;;BaseControlType.CONSTANT_BASE;BaseControlType.CONSTANT_BASE;BaseControlType.CONSTANT_BASE;2;BranchControlType.BRANCH_DEPENDS_ON_SECRET_ADDRESS;BranchControlType.BRANCH_INDEPENDENT_FROM_SECRET;27520;True;False;False;True;True;False;False;False;True;False;False;False;True;False;True;True;True;False;True;False;[];['has_valid_base', 'has_valid_secret_address'];True;False;False;True;True;False;False;False;True;False;False;False;True;False;True;True;True;False;True;False;[];['has_valid_base', 'has_valid_secret_address']
71d6f379-c264-4f44-a91a-e9d0e017430d;ZSTD_DCtx_refPrefix;0x56460;0x562fc;0x0;TransmitterType.LOAD;24;0;False;['0x56460', '0x56410', '0x562e0'];<BV64 0x761c + x0>;64;[];[];['<BV64 x0>'];[];['<BV64 x0>'];[];[];0;18446744073709551615;18446744073709551615;1;;;True;0;18446744073709551615;18446744073709551615;1;;;True;ControlType.CONTROLLED;0;<BV64 0x761c>;64;[];[];[];[];[];[];[];30236.0;30236.0;0.0;1.0;;;True;30236.0;30236.0;0.0;1.0;;;True;ControlType.NO_CONTROL;0;<BV64 0x761c>;64;[];[];[];[];[];[];[];30236;30236;0;1.0;;;True;30236.0;30236.0;0.0;1.0;;;True;ControlType.NO_CONTROL;0;<BV64 x0>;64;[];[];['<BV64 x0>'];[];['<BV64 x0>'];[];[];0.0;1.8446744073709552e+19;18446744073709551615;1;;;True;0.0;1.8446744073709552e+19;18446744073709551615;1;;;True;ControlType.CONTROLLED;0;<BV64 x0>;64;[];[];['<BV64 x0>'];[];['<BV64 x0>'];[];[];0.0;1.8446744073709552e+19;1.8446744073709552e+19;1.0;;;True;0.0;1.8446744073709552e+19;1.8446744073709552e+19;1.0;;;True;ControlType.CONTROLLED;0;<BV64 x0>;64;[];[];[];[];[];[];[];0;0;0;;;;False;0;0;0;;;;False;ControlType.UNKNOWN;0;[('0x5642c', <Bool True>, 'Taken'), ('0x56478', <Bool True>, 'Taken')];{'regs': [], 'indirect_regs': [], 'direct_regs': [], 'mem': [], 'const_mem': []};[];{'regs': [], 'indirect_regs': [], 'direct_regs': [], 'mem': [], 'const_mem': []};{'regs': ['<BV64 x0>'], 'indirect_regs': [], 'direct_regs': ['<BV64 x0>'], 'mem': [], 'const_mem': []};{'regs': ['<BV64 x0>'], 'indirect_regs': [], 'direct_regs': ['<BV64 x0>'], 'mem': [], 'const_mem': []};63.0;0.0;64.0;64.0;[];;;;BaseControlType.CONSTANT_BASE;BaseControlType.CONSTANT_BASE;BaseControlType.CONSTANT_BASE;2;BranchControlType.BRANCH_INDEPENDENT_FROM_SECRET;BranchControlType.BRANCH_INDEPENDENT_FROM_SECRET;353020;True;False;True;True;True;False;False;True;True;False;False;False;True;False;True;False;True;False;True;False;[];['has_valid_base'];True;False;True;True;True;False;False;True;True;False;False;False;True;False;True;False;True;False;True;False;[];['has_valid_base']
bc2592ab-b15d-47e5-bdf4-92a452d5c75d;ZSTD_DCtx_refPrefix;0x56460;0x56304;0x0;TransmitterType.LOAD;26;0;False;['0x56460', '0x56410', '0x562e0', '0x56304'];<BV64 0x75e8 + x0>;64;[];[];['<BV64 x0>'];[];['<BV64 x0>'];[];[];0;18446744073709551615;18446744073709551615;1;;;True;0;18446744073709551615;18446744073709551615;1;;;True;ControlType.CONTROLLED;0;<BV64 0x75e8>;64;[];[];[];[];[];[];[];30184.0;30184.0;0.0;1.0;;;True;30184.0;30184.0;0.0;1.0;;;True;ControlType.NO_CONTROL;0;<BV64 0x75e8>;64;[];[];[];[];[];[];[];30184;30184;0;1.0;;;True;30184.0;30184.0;0.0;1.0;;;True;ControlType.NO_CONTROL;0;<BV64 x0>;64;[];[];['<BV64 x0>'];[];['<BV64 x0>'];[];[];0.0;1.8446744073709552e+19;18446744073709551615;1;;;True;0.0;1.8446744073709552e+19;18446744073709551615;1;;;True;ControlType.CONTROLLED;0;<BV64 x0>;64;[];[];['<BV64 x0>'];[];['<BV64 x0>'];[];[];0.0;1.8446744073709552e+19;1.8446744073709552e+19;1.0;;;True;0.0;1.8446744073709552e+19;1.8446744073709552e+19;1.0;;;True;ControlType.CONTROLLED;0;<BV64 x0>;64;[];[];[];[];[];[];[];0;0;0;;;;False;0;0;0;;;;False;ControlType.UNKNOWN;0;[('0x56300', <Bool LOAD_32[<BV64 x0 + 0x761c>]_33 == 0x0>, 'Taken'), ('0x5642c', <Bool True>, 'Taken'), ('0x56478', <Bool True>, 'Taken')];"{'regs': ['<BV64 x0>'], 'indirect_regs': [""<BV64 x0>: ['0x761c']""], 'direct_regs': [], 'mem': ['<BV64 x0 + 0x761c>'], 'const_mem': []}";[];{'regs': [], 'indirect_regs': [], 'direct_regs': [], 'mem': [], 'const_mem': []};{'regs': ['<BV64 x0>'], 'indirect_regs': [], 'direct_regs': ['<BV64 x0>'], 'mem': [], 'const_mem': []};"{'regs': ['<BV64 x0>', '<BV64 x0>'], 'indirect_regs': [""<BV64 x0>: ['0x761c']""], 'direct_regs': ['<BV64 x0>'], 'mem': ['<BV64 x0 + 0x761c>'], 'const_mem': []}";63.0;0.0;64.0;64.0;[];;;;BaseControlType.CONSTANT_BASE;BaseControlType.CONSTANT_BASE;BaseControlType.CONSTANT_BASE;3;BranchControlType.BRANCH_INDEPENDENT_FROM_SECRET;BranchControlType.BRANCH_INDEPENDENT_FROM_SECRET;353028;True;False;True;True;True;False;False;True;True;False;False;False;True;False;True;False;True;False;True;False;[];['has_valid_base'];True;False;True;True;True;False;False;True;True;False;False;False;True;False;True;False;True;False;True;False;[];['has_valid_base']
7cdae9a1-5dde-4277-9276-4fe00eb6d7f0;ZSTD_initStaticDDict;0x53f30;0x4dbe8;0x0;TransmitterType.STORE;36;0;False;['0x53f30', '0x53fc8', '0x53f94', '0x4db74', '0x4dbe8'];<BV64 x0>;64;[];[];['<BV64 x0>'];[];['<BV64 x0>'];[];[];0;18446744073709551608;18446744073709551608;1;;;True;0;18446744073709551608;18446744073709551608;1;;;True;ControlType.CONTROLLED;0;;0;[];[];[];[];[];[];[];0.0;0.0;0.0;0.0;;;False;0.0;0.0;0.0;0.0;;;False;ControlType.UNKNOWN;0;;0;[];[];[];[];[];[];[];0;0;0;;;;False;0.0;0.0;0.0;0.0;;;False;ControlType.UNKNOWN;0;<BV64 x0>;64;[];[];['<BV64 x0>'];[];['<BV64 x0>'];[];[];0.0;1.8446744073709552e+19;18446744073709551608;1;;;True;0.0;1.8446744073709552e+19;18446744073709551608;1;;;True;ControlType.CONTROLLED;0;<BV64 x0>;64;[];[];['<BV64 x0>'];[];['<BV64 x0>'];[];[];0.0;1.8446744073709552e+19;1.8446744073709552e+19;1.0;;;True;0.0;1.8446744073709552e+19;1.8446744073709552e+19;1.0;;;True;ControlType.CONTROLLED;0;<BV64 x0>;64;[];[];[];[];[];[];[];0;0;0;;;;False;0;0;0;;;;False;ControlType.UNKNOWN;0;[('0x4dba0', <Bool True>, 'Taken'), ('0x53f64', <Bool x4[31:0] == 0x1>, 'Taken'), ('0x53fa4', <Bool True>, 'Taken'), ('0x53fd4', <Bool True>, 'Taken')];{'regs': ['<BV64 x4>'], 'indirect_regs': [], 'direct_regs': ['<BV64 x4>'], 'mem': [], 'const_mem': []};[('0x4db88', <Bool x2 == 0x0>, 'ConditionType.CMOVE'), ('0x4dba0', <Bool x2 == 0x0>, 'ConditionType.CMOVE'), ('0x53fd0', <Bool x0[2:0] == 0>, 'ConditionType.CMOVE'), ('0x53fd4', <Bool x0[2:0] == 0>, 'ConditionType.CMOVE'), ('0x53fd4', <Bool x1 - 0x6ad7 != 0x0>, 'ConditionType.UNKNOWN'), ('0x53fd4', <Bool x1 >= 0x6ad7>, 'ConditionType.UNKNOWN')];{'regs': ['<BV64 x0>', '<BV64 x1>', '<BV64 x2>'], 'indirect_regs': [], 'direct_regs': ['<BV64 x0>', '<BV64 x1>', '<BV64 x2>'], 'mem': [], 'const_mem': []};{'regs': ['<BV64 x0>', '<BV64 x0>', '<BV64 x1>', '<BV64 x2>'], 'indirect_regs': [], 'direct_regs': ['<BV64 x0>', '<BV64 x0>', '<BV64 x1>', '<BV64 x2>'], 'mem': [], 'const_mem': []};{'regs': ['<BV64 x0>', '<BV64 x0>', '<BV64 x1>', '<BV64 x2>', '<BV64 x4>'], 'indirect_regs': [], 'direct_regs': ['<BV64 x0>', '<BV64 x0>', '<BV64 x1>', '<BV64 x2>', '<BV64 x4>'], 'mem': [], 'const_mem': []};63.0;0.0;64.0;64.0;[];;;;BaseControlType.NO_BASE;BaseControlType.NO_BASE;BaseControlType.NO_BASE;4;BranchControlType.BRANCH_INDEPENDENT_FROM_SECRET;BranchControlType.BRANCH_INDEPENDENT_FROM_SECRET;318440;True;False;True;True;True;False;False;True;True;False;False;False;True;False;True;False;True;False;True;False;[];['has_valid_base'];True;False;True;True;True;False;False;True;True;False;False;False;True;False;True;False;True;False;True;False;[];['has_valid_base']
6e06b629-9679-4c7b-98d6-c099d229ff3a;ZSTD_initStaticDDict;0x53f30;0x4dbe8;0x0;TransmitterType.STORE;36;0;False;['0x53f30', '0x53fc8', '0x53f94', '0x4db74', '0x4dbe8'];<BV64 0x8 + x0>;64;[];[];['<BV64 x0>'];[];['<BV64 x0>'];[];[];0;18446744073709551608;18446744073709551608;1;;;True;0;18446744073709551608;18446744073709551608;1;;;True;ControlType.CONTROLLED;0;<BV64 0x8>;64;[];[];[];[];[];[];[];8.0;8.0;0.0;1.0;;;True;8.0;8.0;0.0;1.0;;;True;ControlType.NO_CONTROL;0;<BV64 0x8>;64;[];[];[];[];[];[];[];8;8;0;1.0;;;True;8.0;8.0;0.0;1.0;;;True;ControlType.NO_CONTROL;0;<BV64 x0>;64;[];[];['<BV64 x0>'];[];['<BV64 x0>'];[];[];0.0;1.8446744073709552e+19;18446744073709551608;1;;;True;0.0;1.8446744073709552e+19;18446744073709551608;1;;;True;ControlType.CONTROLLED;0;<BV64 x0>;64;[];[];['<BV64 x0>'];[];['<BV64 x0>'];[];[];0.0;1.8446744073709552e+19;1.8446744073709552e+19;1.0;;;True;0.0;1.8446744073709552e+19;1.8446744073709552e+19;1.0;;;True;ControlType.CONTROLLED;0;<BV64 x0>;64;[];[];[];[];[];[];[];0;0;0;;;;False;0;0;0;;;;False;ControlType.UNKNOWN;0;[('0x4dba0', <Bool True>, 'Taken'), ('0x53f64', <Bool x4[31:0] == 0x1>, 'Taken'), ('0x53fa4', <Bool True>, 'Taken'), ('0x53fd4', <Bool True>, 'Taken')];{'regs': ['<BV64 x4>'], 'indirect_regs': [], 'direct_regs': ['<BV64 x4>'], 'mem': [], 'const_mem': []};[('0x4db88', <Bool x2 == 0x0>, 'ConditionType.CMOVE'), ('0x4dba0', <Bool x2 == 0x0>, 'ConditionType.CMOVE'), ('0x53fd0', <Bool x0[2:0] == 0>, 'ConditionType.CMOVE'), ('0x53fd4', <Bool x0[2:0] == 0>, 'ConditionType.CMOVE'), ('0x53fd4', <Bool x1 - 0x6ad7 != 0x0>, 'ConditionType.UNKNOWN'), ('0x53fd4', <Bool x1 >= 0x6ad7>, 'ConditionType.UNKNOWN')];{'regs': ['<BV64 x0>', '<BV64 x1>', '<BV64 x2>'], 'indirect_regs': [], 'direct_regs': ['<BV64 x0>', '<BV64 x1>', '<BV64 x2>'], 'mem': [], 'const_mem': []};{'regs': ['<BV64 x0>', '<BV64 x0>', '<BV64 x1>', '<BV64 x2>'], 'indirect_regs': [], 'direct_regs': ['<BV64 x0>', '<BV64 x0>', '<BV64 x1>', '<BV64 x2>'], 'mem': [], 'const_mem': []};{'regs': ['<BV64 x0>', '<BV64 x0>', '<BV64 x1>', '<BV64 x2>', '<BV64 x4>'], 'indirect_regs': [], 'direct_regs': ['<BV64 x0>', '<BV64 x0>', '<BV64 x1>', '<BV64 x2>', '<BV64 x4>'], 'mem': [], 'const_mem': []};63.0;0.0;64.0;64.0;[];;;;BaseControlType.CONSTANT_BASE;BaseControlType.CONSTANT_BASE;BaseControlType.CONSTANT_BASE;4;BranchControlType.BRANCH_INDEPENDENT_FROM_SECRET;BranchControlType.BRANCH_INDEPENDENT_FROM_SECRET;318440;True;False;True;True;True;False;False;True;True;False;False;False;True;False;True;False;True;False;True;False;[];['has_valid_base'];True;False;True;True;True;False;False;True;True;False;False;False;True;False;True;False;True;False;True;False;[];['has_valid_base']
9eadc0d8-0844-4c48-a2c4-c8c14e02f733;ZSTD_initStaticDDict;0x53f30;0x4dbe8;0x0;TransmitterType.STORE;36;0;False;['0x53f30', '0x53fc8', '0x53f94', '0x4db74', '0x4dbe8'];<BV64 x0>;64;[];[];['<BV64 x0>'];[];['<BV64 x0>'];[];[];0;18446744073709551608;18446744073709551608;1;;;True;0;18446744073709551608;18446744073709551608;1;;;True;ControlType.CONTROLLED;0;;0;[];[];[];[];[];[];[];0.0;0.0;0.0;0.0;;;False;0.0;0.0;0.0;0.0;;;False;ControlType.UNKNOWN;0;;0;[];[];[];[];[];[];[];0;0;0;;;;False;0.0;0.0;0.0;0.0;;;False;ControlType.UNKNOWN;0;<BV64 x0>;64;[];[];['<BV64 x0>'];[];['<BV64 x0>'];[];[];0.0;1.8446744073709552e+19;18446744073709551608;1;;;True;0.0;1.8446744073709552e+19;18446744073709551608;1;;;True;ControlType.CONTROLLED;0;<BV64 x0>;64;[];[];['<BV64 x0>'];[];['<BV64 x0>'];[];[];0.0;1.8446744073709552e+19;1.8446744073709552e+19;1.0;;;True;0.0;1.8446744073709552e+19;1.8446744073709552e+19;1.0;;;True;ControlType.CONTROLLED;0;<BV64 x0>;64;[];[];[];[];[];[];[];0;0;0;;;;False;0;0;0;;;;False;ControlType.UNKNOWN;0;[('0x4dba0', <Bool True>, 'Taken'), ('0x53f64', <Bool x4[31:0] == 0x1>, 'Taken'), ('0x53fa4', <Bool True>, 'Taken'), ('0x53fd4', <Bool True>, 'Taken')];{'regs': ['<BV64 x4>'], 'indirect_regs': [], 'direct_regs': ['<BV64 x4>'], 'mem': [], 'const_mem': []};[('0x4dba0', <Bool x2 != 0x0>, 'ConditionType.UNKNOWN'), ('0x4dba0', <Bool True>, 'ConditionType.UNKNOWN'), ('0x4dba0', <Bool x2 != 0x0>, 'ConditionType.CMOVE'), ('0x53fd0', <Bool x0[2:0] == 0>, 'ConditionType.CMOVE'), ('0x53fd4', <Bool x0[2:0] == 0>, 'ConditionType.CMOVE'), ('0x53fd4', <Bool x1 - 0x6ad7 != 0x0>, 'ConditionType.UNKNOWN'), ('0x53fd4', <Bool x1 >= 0x6ad7>, 'ConditionType.UNKNOWN')];{'regs': ['<BV64 x0>', '<BV64 x1>', '<BV64 x2>'], 'indirect_regs': [], 'direct_regs': ['<BV64 x0>', '<BV64 x1>', '<BV64 x2>'], 'mem': [], 'const_mem': []};{'regs': ['<BV64 x0>', '<BV64 x0>', '<BV64 x1>', '<BV64 x2>'], 'indirect_regs': [], 'direct_regs': ['<BV64 x0>', '<BV64 x0>', '<BV64 x1>', '<BV64 x2>'], 'mem': [], 'const_mem': []};{'regs': ['<BV64 x0>', '<BV64 x0>', '<BV64 x1>', '<BV64 x2>', '<BV64 x4>'], 'indirect_regs': [], 'direct_regs': ['<BV64 x0>', '<BV64 x0>', '<BV64 x1>', '<BV64 x2>', '<BV64 x4>'], 'mem': [], 'const_mem': []};63.0;0.0;64.0;64.0;[];;;;BaseControlType.NO_BASE;BaseControlType.NO_BASE;BaseControlType.NO_BASE;4;BranchControlType.BRANCH_INDEPENDENT_FROM_SECRET;BranchControlType.BRANCH_INDEPENDENT_FROM_SECRET;318440;True;False;True;True;True;False;False;True;True;False;False;False;True;False;True;False;True;False;True;False;[];['has_valid_base'];True;False;True;True;True;False;False;True;True;False;False;False;True;False;True;False;True;False;True;False;[];['has_valid_base']
d7505c09-05a7-4f46-8707-4e045ae794b7;ZSTD_initStaticDDict;0x53f30;0x4dbe8;0x0;TransmitterType.STORE;36;0;False;['0x53f30', '0x53fc8', '0x53f94', '0x4db74', '0x4dbe8'];<BV64 0x8 + x0>;64;[];[];['<BV64 x0>'];[];['<BV64 x0>'];[];[];0;18446744073709551608;18446744073709551608;1;;;True;0;18446744073709551608;18446744073709551608;1;;;True;ControlType.CONTROLLED;0;<BV64 0x8>;64;[];[];[];[];[];[];[];8.0;8.0;0.0;1.0;;;True;8.0;8.0;0.0;1.0;;;True;ControlType.NO_CONTROL;0;<BV64 0x8>;64;[];[];[];[];[];[];[];8;8;0;1.0;;;True;8.0;8.0;0.0;1.0;;;True;ControlType.NO_CONTROL;0;<BV64 x0>;64;[];[];['<BV64 x0>'];[];['<BV64 x0>'];[];[];0.0;1.8446744073709552e+19;18446744073709551608;1;;;True;0.0;1.8446744073709552e+19;18446744073709551608;1;;;True;ControlType.CONTROLLED;0;<BV64 x0>;64;[];[];['<BV64 x0>'];[];['<BV64 x0>'];[];[];0.0;1.8446744073709552e+19;1.8446744073709552e+19;1.0;;;True;0.0;1.8446744073709552e+19;1.8446744073709552e+19;1.0;;;True;ControlType.CONTROLLED;0;<BV64 x0>;64;[];[];[];[];[];[];[];0;0;0;;;;False;0;0;0;;;;False;ControlType.UNKNOWN;0;[('0x4dba0', <Bool True>, 'Taken'), ('0x53f64', <Bool x4[31:0] == 0x1>, 'Taken'), ('0x53fa4', <Bool True>, 'Taken'), ('0x53fd4', <Bool True>, 'Taken')];{'regs': ['<BV64 x4>'], 'indirect_regs': [], 'direct_regs': ['<BV64 x4>'], 'mem': [], 'const_mem': []};[('0x4dba0', <Bool x2 != 0x0>, 'ConditionType.UNKNOWN'), ('0x4dba0', <Bool True>, 'ConditionType.UNKNOWN'), ('0x4dba0', <Bool x2 != 0x0>, 'ConditionType.CMOVE'), ('0x53fd0', <Bool x0[2:0] == 0>, 'ConditionType.CMOVE'), ('0x53fd4', <Bool x0[2:0] == 0>, 'ConditionType.CMOVE'), ('0x53fd4', <Bool x1 - 0x6ad7 != 0x0>, 'ConditionType.UNKNOWN'), ('0x53fd4', <Bool x1 >= 0x6ad7>, 'ConditionType.UNKNOWN')];{'regs': ['<BV64 x0>', '<BV64 x1>', '<BV64 x2>'], 'indirect_regs': [], 'direct_regs': ['<BV64 x0>', '<BV64 x1>', '<BV64 x2>'], 'mem': [], 'const_mem': []};{'regs': ['<BV64 x0>', '<BV64 x0>', '<BV64 x1>', '<BV64 x2>'], 'indirect_regs': [], 'direct_regs': ['<BV64 x0>', '<BV64 x0>', '<BV64 x1>', '<BV64 x2>'], 'mem': [], 'const_mem': []};{'regs': ['<BV64 x0>', '<BV64 x0>', '<BV64 x1>', '<BV64 x2>', '<BV64 x4>'], 'indirect_regs': [], 'direct_regs': ['<BV64 x0>', '<BV64 x0>', '<BV64 x1>', '<BV64 x2>', '<BV64 x4>'], 'mem': [], 'const_mem': []};63.0;0.0;64.0;64.0;[];;;;BaseControlType.CONSTANT_BASE;BaseControlType.CONSTANT_BASE;BaseControlType.CONSTANT_BASE;4;BranchControlType.BRANCH_INDEPENDENT_FROM_SECRET;BranchControlType.BRANCH_INDEPENDENT_FROM_SECRET;318440;True;False;True;True;True;False;False;True;True;False;False;False;True;False;True;False;True;False;True;False;[];['has_valid_base'];True;False;True;True;True;False;False;True;True;False;False;False;True;False;True;False;True;False;True;False;[];['has_valid_base']
32604252-4df3-41c7-939f-c611af891696;ZSTD_freeDDict;0x53ff4;0x54008;0x0;TransmitterType.LOAD;6;0;False;['0x53ff4', '0x53ffc'];<BV64 x0>;64;[('0x53ff8', <Bool x0 != 0x0>, 'Taken')];[];['<BV64 x0>'];[];['<BV64 x0>'];[];[];0;18446744073709551615;18446744073709551615;1;;;True;1;18446744073709551615;18446744073709551614;1;;;True;ControlType.CONTROLLED;0;;0;[];[];[];[];[];[];[];0.0;0.0;0.0;0.0;;;False;0.0;0.0;0.0;0.0;;;False;ControlType.UNKNOWN;0;;0;[];[];[];[];[];[];[];0;0;0;;;;False;0.0;0.0;0.0;0.0;;;False;ControlType.UNKNOWN;0;<BV64 x0>;64;[('0x53ff8', <Bool x0 != 0x0>, 'Taken')];[];['<BV64 x0>'];[];['<BV64 x0>'];[];[];0.0;1.8446744073709552e+19;18446744073709551615;1;;;True;1.0;1.8446744073709552e+19;18446744073709551614;1;;;True;ControlType.CONTROLLED;0;<BV64 x0>;64;[('0x53ff8', <Bool x0 != 0x0>, 'Taken')];[];['<BV64 x0>'];[];['<BV64 x0>'];[];[];0.0;1.8446744073709552e+19;1.8446744073709552e+19;1.0;;;True;1.0;1.8446744073709552e+19;1.8446744073709552e+19;1.0;;;True;ControlType.CONTROLLED;0;<BV64 x0>;64;[];[];[];[];[];[];[];0;0;0;;;;False;0;0;0;;;;False;ControlType.UNKNOWN;0;[('0x53ff8', <Bool x0 != 0x0>, 'Taken')];{'regs': ['<BV64 x0>'], 'indirect_regs': [], 'direct_regs': ['<BV64 x0>'], 'mem': [], 'const_mem': []};[];{'regs': [], 'indirect_regs': [], 'direct_regs': [], 'mem': [], 'const_mem': []};{'regs': ['<BV64 x0>'], 'indirect_regs': [], 'direct_regs': ['<BV64 x0>'], 'mem': [], 'const_mem': []};{'regs': ['<BV64 x0>'], 'indirect_regs': [], 'direct_regs': ['<BV64 x0>'], 'mem': [], 'const_mem': []};63.0;0.0;64.0;64.0;[];;;;BaseControlType.NO_BASE;BaseControlType.NO_BASE;BaseControlType.NO_BASE;1;BranchControlType.BRANCH_DEPENDS_ON_SECRET_VALUE;BranchControlType.BRANCH_INDEPENDENT_FROM_SECRET;344072;True;False;True;True;True;False;False;True;True;False;False;False;True;False;True;True;True;False;True;False;[];['has_valid_base'];True;False;True;True;True;False;False;True;True;False;False;False;True;False;True;True;True;False;True;False;[];['has_valid_base']
3db28f43-968f-4fd9-a14f-f43b617006c7;ZSTD_freeDDict;0x53ff4;0x54014;0x0;TransmitterType.LOAD;9;0;False;['0x53ff4', '0x53ffc'];<BV64 0x6ac8 + x0>;64;[('0x53ff8', <Bool x0 != 0x0>, 'Taken')];[];['<BV64 x0>'];[];['<BV64 x0>'];[];[];0;18446744073709551615;18446744073709551615;1;;;True;27337;27335;18446744073709551614;1;;;True;ControlType.CONTROLLED;0;<BV64 0x6ac8>;64;[];[];[];[];[];[];[];27336.0;27336.0;0.0;1.0;;;True;27336.0;27336.0;0.0;1.0;;;True;ControlType.NO_CONTROL;0;<BV64 0x6ac8>;64;[];[];[];[];[];[];[];27336;27336;0;1.0;;;True;27336.0;27336.0;0.0;1.0;;;True;ControlType.NO_CONTROL;0;<BV64 x0>;64;[('0x53ff8', <Bool x0 != 0x0>, 'Taken')];[];['<BV64 x0>'];[];['<BV64 x0>'];[];[];0.0;1.8446744073709552e+19;18446744073709551615;1;;;True;1.0;1.8446744073709552e+19;18446744073709551614;1;;;True;ControlType.CONTROLLED;0;<BV64 x0>;64;[('0x53ff8', <Bool x0 != 0x0>, 'Taken')];[];['<BV64 x0>'];[];['<BV64 x0>'];[];[];0.0;1.8446744073709552e+19;1.8446744073709552e+19;1.0;;;True;1.0;1.8446744073709552e+19;1.8446744073709552e+19;1.0;;;True;ControlType.CONTROLLED;0;<BV64 x0>;64;[];[];[];[];[];[];[];0;0;0;;;;False;0;0;0;;;;False;ControlType.UNKNOWN;0;[('0x53ff8', <Bool x0 != 0x0>, 'Taken')];{'regs': ['<BV64 x0>'], 'indirect_regs': [], 'direct_regs': ['<BV64 x0>'], 'mem': [], 'const_mem': []};[];{'regs': [], 'indirect_regs': [], 'direct_regs': [], 'mem': [], 'const_mem': []};{'regs': ['<BV64 x0>'], 'indirect_regs': [], 'direct_regs': ['<BV64 x0>'], 'mem': [], 'const_mem': []};{'regs': ['<BV64 x0>'], 'indirect_regs': [], 'direct_regs': ['<BV64 x0>'], 'mem': [], 'const_mem': []};63.0;0.0;64.0;64.0;[];;;;BaseControlType.CONSTANT_BASE;BaseControlType.CONSTANT_BASE;BaseControlType.CONSTANT_BASE;1;BranchControlType.BRANCH_DEPENDS_ON_SECRET_VALUE;BranchControlType.BRANCH_INDEPENDENT_FROM_SECRET;344084;True;False;True;True;True;False;False;True;True;False;False;False;True;False;True;True;True;False;True;False;[];['has_valid_base'];True;False;True;True;True;False;False;True;True;False;False;False;True;False;True;True;True;False;True;False;[];['has_valid_base']
113f583a-24a1-443f-92a6-7f7a12dd8087;ZSTD_freeDDict;0x53ff4;0x5401c;0x0;TransmitterType.LOAD;11;0;False;['0x53ff4', '0x53ffc'];<BV64 0x6ad0 + x0>;64;[('0x53ff8', <Bool x0 != 0x0>, 'Taken')];[];['<BV64 x0>'];[];['<BV64 x0>'];[];[];0;18446744073709551615;18446744073709551615;1;;;True;27345;27343;18446744073709551614;1;;;True;ControlType.CONTROLLED;0;<BV64 0x6ad0>;64;[];[];[];[];[];[];[];27344.0;27344.0;0.0;1.0;;;True;27344.0;27344.0;0.0;1.0;;;True;ControlType.NO_CONTROL;0;<BV64 0x6ad0>;64;[];[];[];[];[];[];[];27344;27344;0;1.0;;;True;27344.0;27344.0;0.0;1.0;;;True;ControlType.NO_CONTROL;0;<BV64 x0>;64;[('0x53ff8', <Bool x0 != 0x0>, 'Taken')];[];['<BV64 x0>'];[];['<BV64 x0>'];[];[];0.0;1.8446744073709552e+19;18446744073709551615;1;;;True;1.0;1.8446744073709552e+19;18446744073709551614;1;;;True;ControlType.CONTROLLED;0;<BV64 x0>;64;[('0x53ff8', <Bool x0 != 0x0>, 'Taken')];[];['<BV64 x0>'];[];['<BV64 x0>'];[];[];0.0;1.8446744073709552e+19;1.8446744073709552e+19;1.0;;;True;1.0;1.8446744073709552e+19;1.8446744073709552e+19;1.0;;;True;ControlType.CONTROLLED;0;<BV64 x0>;64;[];[];[];[];[];[];[];0;0;0;;;;False;0;0;0;;;;False;ControlType.UNKNOWN;0;[('0x53ff8', <Bool x0 != 0x0>, 'Taken')];{'regs': ['<BV64 x0>'], 'indirect_regs': [], 'direct_regs': ['<BV64 x0>'], 'mem': [], 'const_mem': []};[];{'regs': [], 'indirect_regs': [], 'direct_regs': [], 'mem': [], 'const_mem': []};{'regs': ['<BV64 x0>'], 'indirect_regs': [], 'direct_regs': ['<BV64 x0>'], 'mem': [], 'const_mem': []};{'regs': ['<BV64 x0>'], 'indirect_regs': [], 'direct_regs': ['<BV64 x0>'], 'mem': [], 'const_mem': []};63.0;0.0;64.0;64.0;[];;;;BaseControlType.CONSTANT_BASE;BaseControlType.CONSTANT_BASE;BaseControlType.CONSTANT_BASE;1;BranchControlType.BRANCH_DEPENDS_ON_SECRET_VALUE;BranchControlType.BRANCH_INDEPENDENT_FROM_SECRET;344092;True;False;True;True;True;False;False;True;True;False;False;False;True;False;True;True;True;False;True;False;[];['has_valid_base'];True;False;True;True;True;False;False;True;True;False;False;False;True;False;True;True;True;False;True;False;[];['has_valid_base']
fb689ee2-64d0-4792-9aec-3ea7d90d30e5;ZSTD_freeDDict;0x53ff4;0x5402c;0x54014;TransmitterType.CODE_LOAD;15;1;False;['0x53ff4', '0x53ffc', '0x54024', '0x54028'];<BV64 LOAD_64[<BV64 x0 + 0x6ac8>]_25>;64;[('0x54024', <Bool LOAD_64[<BV64 x0 + 0x6ac8>]_25 != 0x0>, 'Taken')];[];['<BV64 x0>'];"[""<BV64 x0>: ['0x6ac8']""]";[];['<BV64 x0 + 0x6ac8>'];[];0;18446744073709551615;18446744073709551615;1;;;True;1;18446744073709551615;18446744073709551614;1;;;True;ControlType.CONTROLLED;1;;0;[];[];[];[];[];[];[];0.0;0.0;0.0;0.0;;;False;0.0;0.0;0.0;0.0;;;False;ControlType.UNKNOWN;0;;0;[];[];[];[];[];[];[];0;0;0;;;;False;0.0;0.0;0.0;0.0;;;False;ControlType.UNKNOWN;0;<BV64 LOAD_64[<BV64 x0 + 0x6ac8>]_25>;64;[('0x54024', <Bool LOAD_64[<BV64 x0 + 0x6ac8>]_25 != 0x0>, 'Taken')];[];['<BV64 x0>'];"[""<BV64 x0>: ['0x6ac8']""]";[];['<BV64 x0 + 0x6ac8>'];[];0.0;1.8446744073709552e+19;18446744073709551615;1;;;True;1.0;1.8446744073709552e+19;18446744073709551614;1;;;True;ControlType.CONTROLLED;1;<BV64 x0 + 0x6ac8>;64;[('0x53ff8', <Bool x0 != 0x0>, 'Taken')];[];['<BV64 x0>'];[];['<BV64 x0>'];[];[];0.0;1.8446744073709552e+19;1.8446744073709552e+19;1.0;;;True;27337.0;27335.0;1.8446744073709552e+19;1.0;;;True;ControlType.CONTROLLED;0;<BV64 LOAD_64[<BV64 x0 + 0x6ac8>]_25>;64;[];[];[];[];[];[];[];0;0;0;;;;False;0;0;0;;;;False;ControlType.UNKNOWN;1;[('0x53ff8', <Bool x0 != 0x0>, 'Taken'), ('0x54020', <Bool LOAD_64[<BV64 x0>]_22 != 0x0>, 'Taken'), ('0x54024', <Bool LOAD_64[<BV64 x0 + 0x6ac8>]_25 != 0x0>, 'Taken')];{'regs': ['<BV64 x0>'], 'indirect_regs': [], 'direct_regs': ['<BV64 x0>'], 'mem': ['<BV64 x0 + 0x6ac8>', '<BV64 x0>'], 'const_mem': []};[];{'regs': [], 'indirect_regs': [], 'direct_regs': [], 'mem': [], 'const_mem': []};{'regs': ['<BV64 x0>'], 'indirect_regs': [], 'direct_regs': ['<BV64 x0>'], 'mem': ['<BV64 x0 + 0x6ac8>'], 'const_mem': []};{'regs': ['<BV64 x0>'], 'indirect_regs': [], 'direct_regs': ['<BV64 x0>'], 'mem': ['<BV64 x0 + 0x6ac8>', '<BV64 x0>'], 'const_mem': []};63.0;0.0;64.0;64.0;[];;;;BaseControlType.NO_BASE;BaseControlType.NO_BASE;BaseControlType.NO_BASE;3;BranchControlType.BRANCH_DEPENDS_ON_SECRET_VALUE;BranchControlType.BRANCH_INDEPENDENT_FROM_SECRET;344108;True;False;True;True;True;False;False;True;True;False;False;False;True;False;True;True;True;False;True;False;[];['has_valid_base'];True;False;True;True;True;False;False;True;True;False;False;False;True;False;True;True;True;False;True;False;[];['has_valid_base']
25a6566a-be85-4d1b-a896-d4d9369d9274;ZSTD_freeDDict;0x53ff4;0x54038;0x54014;TransmitterType.CODE_LOAD;16;1;False;['0x53ff4', '0x53ffc', '0x54054', '0x54030'];<BV64 LOAD_64[<BV64 x0 + 0x6ac8>]_25>;64;[('0x54054', <Bool LOAD_64[<BV64 x0 + 0x6ac8>]_25 != 0x0>, 'Taken')];[];['<BV64 x0>'];"[""<BV64 x0>: ['0x6ac8']""]";[];['<BV64 x0 + 0x6ac8>'];[];0;18446744073709551615;18446744073709551615;1;;;True;1;18446744073709551615;18446744073709551614;1;;;True;ControlType.CONTROLLED;1;;0;[];[];[];[];[];[];[];0.0;0.0;0.0;0.0;;;False;0.0;0.0;0.0;0.0;;;False;ControlType.UNKNOWN;0;;0;[];[];[];[];[];[];[];0;0;0;;;;False;0.0;0.0;0.0;0.0;;;False;ControlType.UNKNOWN;0;<BV64 LOAD_64[<BV64 x0 + 0x6ac8>]_25>;64;[('0x54054', <Bool LOAD_64[<BV64 x0 + 0x6ac8>]_25 != 0x0>, 'Taken')];[];['<BV64 x0>'];"[""<BV64 x0>: ['0x6ac8']""]";[];['<BV64 x0 + 0x6ac8>'];[];0.0;1.8446744073709552e+19;18446744073709551615;1;;;True;1.0;1.8446744073709552e+19;18446744073709551614;1;;;True;ControlType.CONTROLLED;1;<BV64 x0 + 0x6ac8>;64;[('0x53ff8', <Bool x0 != 0x0>, 'Taken')];[];['<BV64 x0>'];[];['<BV64 x0>'];[];[];0.0;1.8446744073709552e+19;1.8446744073709552e+19;1.0;;;True;27337.0;27335.0;1.8446744073709552e+19;1.0;;;True;ControlType.CONTROLLED;0;<BV64 LOAD_64[<BV64 x0 + 0x6ac8>]_25>;64;[];[];[];[];[];[];[];0;0;0;;;;False;0;0;0;;;;False;ControlType.UNKNOWN;1;[('0x53ff8', <Bool x0 != 0x0>, 'Taken'), ('0x54020', <Bool LOAD_64[<BV64 x0>]_22 == 0x0>, 'Taken'), ('0x54054', <Bool LOAD_64[<BV64 x0 + 0x6ac8>]_25 != 0x0>, 'Taken')];{'regs': ['<BV64 x0>'], 'indirect_regs': [], 'direct_regs': ['<BV64 x0>'], 'mem': ['<BV64 x0 + 0x6ac8>', '<BV64 x0>'], 'const_mem': []};[];{'regs': [], 'indirect_regs': [], 'direct_regs': [], 'mem': [], 'const_mem': []};{'regs': ['<BV64 x0>'], 'indirect_regs': [], 'direct_regs': ['<BV64 x0>'], 'mem': ['<BV64 x0 + 0x6ac8>'], 'const_mem': []};{'regs': ['<BV64 x0>'], 'indirect_regs': [], 'direct_regs': ['<BV64 x0>'], 'mem': ['<BV64 x0 + 0x6ac8>', '<BV64 x0>'], 'const_mem': []};63.0;0.0;64.0;64.0;[];;;;BaseControlType.NO_BASE;BaseControlType.NO_BASE;BaseControlType.NO_BASE;3;BranchControlType.BRANCH_DEPENDS_ON_SECRET_VALUE;BranchControlType.BRANCH_INDEPENDENT_FROM_SECRET;344120;True;False;True;True;True;False;False;True;True;False;False;False;True;False;True;True;True;False;True;False;[];['has_valid_base'];True;False;True;True;True;False;False;True;True;False;False;False;True;False;True;True;True;False;True;False;[];['has_valid_base']
9fb5b1e8-f86a-43a1-9cc0-59dcd91aa353;ZSTD_CCtx_setPledgedSrcSize;0x15240;0x15250;0x0;TransmitterType.LOAD;5;0;False;['0x15240'];<BV64 0xe18 + x0>;64;[];[];['<BV64 x0>'];[];['<BV64 x0>'];[];[];0;18446744073709551615;18446744073709551615;1;;;True;0;18446744073709551615;18446744073709551615;1;;;True;ControlType.CONTROLLED;0;<BV64 0xe18>;64;[];[];[];[];[];[];[];3608.0;3608.0;0.0;1.0;;;True;3608.0;3608.0;0.0;1.0;;;True;ControlType.NO_CONTROL;0;<BV64 0xe18>;64;[];[];[];[];[];[];[];3608;3608;0;1.0;;;True;3608.0;3608.0;0.0;1.0;;;True;ControlType.NO_CONTROL;0;<BV64 x0>;64;[];[];['<BV64 x0>'];[];['<BV64 x0>'];[];[];0.0;1.8446744073709552e+19;18446744073709551615;1;;;True;0.0;1.8446744073709552e+19;18446744073709551615;1;;;True;ControlType.CONTROLLED;0;<BV64 x0>;64;[];[];['<BV64 x0>'];[];['<BV64 x0>'];[];[];0.0;1.8446744073709552e+19;1.8446744073709552e+19;1.0;;;True;0.0;1.8446744073709552e+19;1.8446744073709552e+19;1.0;;;True;ControlType.CONTROLLED;0;<BV64 x0>;64;[];[];[];[];[];[];[];0;0;0;;;;False;0;0;0;;;;False;ControlType.UNKNOWN;0;[];{'regs': [], 'indirect_regs': [], 'direct_regs': [], 'mem': [], 'const_mem': []};[];{'regs': [], 'indirect_regs': [], 'direct_regs': [], 'mem': [], 'const_mem': []};{'regs': ['<BV64 x0>'], 'indirect_regs': [], 'direct_regs': ['<BV64 x0>'], 'mem': [], 'const_mem': []};{'regs': ['<BV64 x0>'], 'indirect_regs': [], 'direct_regs': ['<BV64 x0>'], 'mem': [], 'const_mem': []};63.0;0.0;64.0;64.0;[];;;;BaseControlType.CONSTANT_BASE;BaseControlType.CONSTANT_BASE;BaseControlType.CONSTANT_BASE;0;BranchControlType.BRANCH_INDEPENDENT_FROM_SECRET;BranchControlType.BRANCH_INDEPENDENT_FROM_SECRET;86608;True;False;True;True;True;False;False;True;True;False;False;False;True;False;True;False;True;False;True;False;[];['has_valid_base'];True;False;True;True;True;False;False;True;True;False;False;False;True;False;True;False;True;False;True;False;[];['has_valid_base']
a6bc6fab-2b3a-4d81-b4f0-996d880ca9a4;ZSTD_CCtx_setPledgedSrcSize;0x15240;0x1525c;0x0;TransmitterType.STORE;8;0;False;['0x15240', '0x15258'];<BV64 0x2f8 + x0>;64;[];[];['<BV64 x0>'];[];['<BV64 x0>'];[];[];0;18446744073709551615;18446744073709551615;1;;;True;0;18446744073709551615;18446744073709551615;1;;;True;ControlType.CONTROLLED;0;<BV64 0x2f8>;64;[];[];[];[];[];[];[];760.0;760.0;0.0;1.0;;;True;760.0;760.0;0.0;1.0;;;True;ControlType.NO_CONTROL;0;<BV64 0x2f8>;64;[];[];[];[];[];[];[];760;760;0;1.0;;;True;760.0;760.0;0.0;1.0;;;True;ControlType.NO_CONTROL;0;<BV64 x0>;64;[];[];['<BV64 x0>'];[];['<BV64 x0>'];[];[];0.0;1.8446744073709552e+19;18446744073709551615;1;;;True;0.0;1.8446744073709552e+19;18446744073709551615;1;;;True;ControlType.CONTROLLED;0;<BV64 x0>;64;[];[];['<BV64 x0>'];[];['<BV64 x0>'];[];[];0.0;1.8446744073709552e+19;1.8446744073709552e+19;1.0;;;True;0.0;1.8446744073709552e+19;1.8446744073709552e+19;1.0;;;True;ControlType.CONTROLLED;0;<BV64 x0>;64;[];[];[];[];[];[];[];0;0;0;;;;False;0;0;0;;;;False;ControlType.UNKNOWN;0;[('0x15254', <Bool LOAD_32[<BV64 x0 + 0xe18>]_22 == 0x0>, 'Taken')];"{'regs': ['<BV64 x0>'], 'indirect_regs': [""<BV64 x0>: ['0xe18']""], 'direct_regs': [], 'mem': ['<BV64 x0 + 0xe18>'], 'const_mem': []}";[];{'regs': [], 'indirect_regs': [], 'direct_regs': [], 'mem': [], 'const_mem': []};{'regs': ['<BV64 x0>'], 'indirect_regs': [], 'direct_regs': ['<BV64 x0>'], 'mem': [], 'const_mem': []};"{'regs': ['<BV64 x0>', '<BV64 x0>'], 'indirect_regs': [""<BV64 x0>: ['0xe18']""], 'direct_regs': ['<BV64 x0>'], 'mem': ['<BV64 x0 + 0xe18>'], 'const_mem': []}";63.0;0.0;64.0;64.0;[];;;;BaseControlType.CONSTANT_BASE;BaseControlType.CONSTANT_BASE;BaseControlType.CONSTANT_BASE;1;BranchControlType.BRANCH_INDEPENDENT_FROM_SECRET;BranchControlType.BRANCH_INDEPENDENT_FROM_SECRET;86620;True;False;True;True;True;False;False;True;True;False;False;False;True;False;True;False;True;False;True;False;[];['has_valid_base'];True;False;True;True;True;False;False;True;True;False;False;False;True;False;True;False;True;False;True;False;[];['has_valid_base']
4b91daae-bf1b-4db2-8a2d-92cbd998cbe1;ZSTD_frameHeaderSize;0x54920;0x54934;0x0;TransmitterType.LOAD;6;0;False;['0x54920', '0x54934'];<BV64 0x4 + x0>;64;[];[];['<BV64 x0>'];[];['<BV64 x0>'];[];[];0;18446744073709551615;18446744073709551615;1;;;True;0;18446744073709551615;18446744073709551615;1;;;True;ControlType.CONTROLLED;0;<BV64 0x4>;64;[];[];[];[];[];[];[];4.0;4.0;0.0;1.0;;;True;4.0;4.0;0.0;1.0;;;True;ControlType.NO_CONTROL;0;<BV64 0x4>;64;[];[];[];[];[];[];[];4;4;0;1.0;;;True;4.0;4.0;0.0;1.0;;;True;ControlType.NO_CONTROL;0;<BV64 x0>;64;[];[];['<BV64 x0>'];[];['<BV64 x0>'];[];[];0.0;1.8446744073709552e+19;18446744073709551615;1;;;True;0.0;1.8446744073709552e+19;18446744073709551615;1;;;True;ControlType.CONTROLLED;0;<BV64 x0>;64;[];[];['<BV64 x0>'];[];['<BV64 x0>'];[];[];0.0;1.8446744073709552e+19;1.8446744073709552e+19;1.0;;;True;0.0;1.8446744073709552e+19;1.8446744073709552e+19;1.0;;;True;ControlType.CONTROLLED;0;<BV64 x0>;64;[];[];[];[];[];[];[];0;0;0;;;;False;0;0;0;;;;False;ControlType.UNKNOWN;0;[('0x54930', <Bool x1 > 0x4>, 'Taken')];{'regs': ['<BV64 x1>'], 'indirect_regs': [], 'direct_regs': ['<BV64 x1>'], 'mem': [], 'const_mem': []};[];{'regs': [], 'indirect_regs': [], 'direct_regs': [], 'mem': [], 'const_mem': []};{'regs': ['<BV64 x0>'], 'indirect_regs': [], 'direct_regs': ['<BV64 x0>'], 'mem': [], 'const_mem': []};{'regs': ['<BV64 x0>', '<BV64 x1>'], 'indirect_regs': [], 'direct_regs': ['<BV64 x0>', '<BV64 x1>'], 'mem': [], 'const_mem': []};63.0;0.0;64.0;64.0;[];;;;BaseControlType.CONSTANT_BASE;BaseControlType.CONSTANT_BASE;BaseControlType.CONSTANT_BASE;1;BranchControlType.BRANCH_INDEPENDENT_FROM_SECRET;BranchControlType.BRANCH_INDEPENDENT_FROM_SECRET;346420;True;False;True;True;True;False;False;True;True;False;False;False;True;False;True;False;True;False;True;False;[];['has_valid_base'];True;False;True;True;True;False;False;True;True;False;False;False;True;False;True;False;True;False;True;False;[];['has_valid_base']
4e6b8950-965d-4ac8-8d1a-e79d781b7c91;ZSTD_frameHeaderSize;0x54920;0x5495c;0x54934;TransmitterType.LOAD;16;1;False;['0x54920', '0x54934'];<BV64 0x8dfe0 + (0#59 .. (0#3 .. LOAD_8[<BV64 x0 + 0x4>]_22[1:0]) << 3)>;64;[];[];['<BV64 x0>'];"[""<BV64 x0>: ['0x4']""]";[];['<BV64 x0 + 0x4>'];[];581600;581624;24;8;;;True;581600;581624;24;8;;;True;ControlType.CONTROLLED;1;<BV64 0x8dfe0>;64;[];[];[];[];[];[];[];581600.0;581600.0;0.0;1.0;;;True;581600.0;581600.0;0.0;1.0;;;True;ControlType.NO_CONTROL;0;<BV64 0x8dfe0>;64;[];[];[];[];[];[];[];581600;581600;0;1.0;;;True;581600.0;581600.0;0.0;1.0;;;True;ControlType.NO_CONTROL;0;<BV64 0#59 .. (0#3 .. LOAD_8[<BV64 x0 + 0x4>]_22[1:0]) << 3>;64;[];[];['<BV64 x0>'];"[""<BV64 x0>: ['0x4']""]";[];['<BV64 x0 + 0x4>'];[];0.0;24.0;24;8;;;True;0.0;24.0;24;8;;;True;ControlType.CONTROLLED;1;<BV64 x0 + 0x4>;64;[];[];['<BV64 x0>'];[];['<BV64 x0>'];[];[];0.0;1.8446744073709552e+19;1.8446744073709552e+19;1.0;;;True;0.0;1.8446744073709552e+19;1.8446744073709552e+19;1.0;;;True;ControlType.CONTROLLED;0;<BV8 LOAD_8[<BV64 x0 + 0x4>]_22>;8;[];[];[];[];[];[];[];0;0;0;;;;False;0;0;0;;;;False;ControlType.UNKNOWN;1;[('0x54930', <Bool x1 > 0x4>, 'Taken')];{'regs': ['<BV64 x1>'], 'indirect_regs': [], 'direct_regs': ['<BV64 x1>'], 'mem': [], 'const_mem': []};[];{'regs': [], 'indirect_regs': [], 'direct_regs': [], 'mem': [], 'const_mem': []};{'regs': ['<BV64 x0>'], 'indirect_regs': [], 'direct_regs': ['<BV64 x0>'], 'mem': ['<BV64 x0 + 0x4>'], 'const_mem': []};{'regs': ['<BV64 x0>', '<BV64 x1>'], 'indirect_regs': [], 'direct_regs': ['<BV64 x0>', '<BV64 x1>'], 'mem': ['<BV64 x0 + 0x4>'], 'const_mem': []};4.0;3.0;2.0;2.0;[];;;;BaseControlType.CONSTANT_BASE;BaseControlType.CONSTANT_BASE;BaseControlType.CONSTANT_BASE;1;BranchControlType.BRANCH_INDEPENDENT_FROM_SECRET;BranchControlType.BRANCH_INDEPENDENT_FROM_SECRET;346460;True;False;True;True;True;True;False;False;True;False;False;False;True;False;False;False;True;False;True;False;[];['has_valid_base', 'secret_below_cache_granularity'];True;False;True;True;True;True;False;False;True;False;False;False;True;False;False;False;True;False;True;False;[];['has_valid_base', 'secret_below_cache_granularity']
9ac20bb5-5db6-4272-85af-6d09730d5245;ZSTD_frameHeaderSize;0x54920;0x54964;0x54934;TransmitterType.LOAD;18;1;False;['0x54920', '0x54934'];<BV64 0x8dfc0 + (0#59 .. (0#3 .. LOAD_8[<BV64 x0 + 0x4>]_22[7:6]) << 3)>;64;[];[];['<BV64 x0>'];"[""<BV64 x0>: ['0x4']""]";[];['<BV64 x0 + 0x4>'];[];581568;581592;24;8;;;True;581568;581592;24;8;;;True;ControlType.CONTROLLED;1;<BV64 0x8dfc0>;64;[];[];[];[];[];[];[];581568.0;581568.0;0.0;1.0;;;True;581568.0;581568.0;0.0;1.0;;;True;ControlType.NO_CONTROL;0;<BV64 0x8dfc0>;64;[];[];[];[];[];[];[];581568;581568;0;1.0;;;True;581568.0;581568.0;0.0;1.0;;;True;ControlType.NO_CONTROL;0;<BV64 0#59 .. (0#3 .. LOAD_8[<BV64 x0 + 0x4>]_22[7:6]) << 3>;64;[];[];['<BV64 x0>'];"[""<BV64 x0>: ['0x4']""]";[];['<BV64 x0 + 0x4>'];[];0.0;24.0;24;8;;;True;0.0;24.0;24;8;;;True;ControlType.CONTROLLED;1;<BV64 x0 + 0x4>;64;[];[];['<BV64 x0>'];[];['<BV64 x0>'];[];[];0.0;1.8446744073709552e+19;1.8446744073709552e+19;1.0;;;True;0.0;1.8446744073709552e+19;1.8446744073709552e+19;1.0;;;True;ControlType.CONTROLLED;0;<BV8 LOAD_8[<BV64 x0 + 0x4>]_22>;8;[];[];[];[];[];[];[];0;0;0;;;;False;0;0;0;;;;False;ControlType.UNKNOWN;1;[('0x54930', <Bool x1 > 0x4>, 'Taken')];{'regs': ['<BV64 x1>'], 'indirect_regs': [], 'direct_regs': ['<BV64 x1>'], 'mem': [], 'const_mem': []};[];{'regs': [], 'indirect_regs': [], 'direct_regs': [], 'mem': [], 'const_mem': []};{'regs': ['<BV64 x0>'], 'indirect_regs': [], 'direct_regs': ['<BV64 x0>'], 'mem': ['<BV64 x0 + 0x4>'], 'const_mem': []};{'regs': ['<BV64 x0>', '<BV64 x1>'], 'indirect_regs': [], 'direct_regs': ['<BV64 x0>', '<BV64 x1>'], 'mem': ['<BV64 x0 + 0x4>'], 'const_mem': []};4.0;3.0;2.0;2.0;[];;;;BaseControlType.CONSTANT_BASE;BaseControlType.CONSTANT_BASE;BaseControlType.CONSTANT_BASE;1;BranchControlType.BRANCH_INDEPENDENT_FROM_SECRET;BranchControlType.BRANCH_INDEPENDENT_FROM_SECRET;346468;True;False;True;True;True;True;False;False;True;False;False;False;True;False;False;False;True;False;True;False;[];['has_valid_base', 'secret_below_cache_granularity'];True;False;True;True;True;True;False;False;True;False;False;False;True;False;False;False;True;False;True;False;[];['has_valid_base', 'secret_below_cache_granularity']
f4d88904-565f-4f34-be0b-1f988f177bba;ZSTD_DCtx_loadDictionary;0x563f0;0x562fc;0x0;TransmitterType.LOAD;17;0;False;['0x563f0', '0x562e0'];<BV64 0x761c + x0>;64;[];[];['<BV64 x0>'];[];['<BV64 x0>'];[];[];0;18446744073709551615;18446744073709551615;1;;;True;0;18446744073709551615;18446744073709551615;1;;;True;ControlType.CONTROLLED;0;<BV64 0x761c>;64;[];[];[];[];[];[];[];30236.0;30236.0;0.0;1.0;;;True;30236.0;30236.0;0.0;1.0;;;True;ControlType.NO_CONTROL;0;<BV64 0x761c>;64;[];[];[];[];[];[];[];30236;30236;0;1.0;;;True;30236.0;30236.0;0.0;1.0;;;True;ControlType.NO_CONTROL;0;<BV64 x0>;64;[];[];['<BV64 x0>'];[];['<BV64 x0>'];[];[];0.0;1.8446744073709552e+19;18446744073709551615;1;;;True;0.0;1.8446744073709552e+19;18446744073709551615;1;;;True;ControlType.CONTROLLED;0;<BV64 x0>;64;[];[];['<BV64 x0>'];[];['<BV64 x0>'];[];[];0.0;1.8446744073709552e+19;1.8446744073709552e+19;1.0;;;True;0.0;1.8446744073709552e+19;1.8446744073709552e+19;1.0;;;True;ControlType.CONTROLLED;0;<BV64 x0>;64;[];[];[];[];[];[];[];0;0;0;;;;False;0;0;0;;;;False;ControlType.UNKNOWN;0;[('0x5640c', <Bool True>, 'Taken')];{'regs': [], 'indirect_regs': [], 'direct_regs': [], 'mem': [], 'const_mem': []};[];{'regs': [], 'indirect_regs': [], 'direct_regs': [], 'mem': [], 'const_mem': []};{'regs': ['<BV64 x0>'], 'indirect_regs': [], 'direct_regs': ['<BV64 x0>'], 'mem': [], 'const_mem': []};{'regs': ['<BV64 x0>'], 'indirect_regs': [], 'direct_regs': ['<BV64 x0>'], 'mem': [], 'const_mem': []};63.0;0.0;64.0;64.0;[];;;;BaseControlType.CONSTANT_BASE;BaseControlType.CONSTANT_BASE;BaseControlType.CONSTANT_BASE;1;BranchControlType.BRANCH_INDEPENDENT_FROM_SECRET;BranchControlType.BRANCH_INDEPENDENT_FROM_SECRET;353020;True;False;True;True;True;False;False;True;True;False;False;False;True;False;True;False;True;False;True;False;[];['has_valid_base'];True;False;True;True;True;False;False;True;True;False;False;False;True;False;True;False;True;False;True;False;[];['has_valid_base']
4c70f59a-f0df-461b-ab97-c5186aa1e030;ZSTD_DCtx_loadDictionary;0x563f0;0x56304;0x0;TransmitterType.LOAD;19;0;False;['0x563f0', '0x562e0', '0x56304'];<BV64 0x75e8 + x0>;64;[];[];['<BV64 x0>'];[];['<BV64 x0>'];[];[];0;18446744073709551615;18446744073709551615;1;;;True;0;18446744073709551615;18446744073709551615;1;;;True;ControlType.CONTROLLED;0;<BV64 0x75e8>;64;[];[];[];[];[];[];[];30184.0;30184.0;0.0;1.0;;;True;30184.0;30184.0;0.0;1.0;;;True;ControlType.NO_CONTROL;0;<BV64 0x75e8>;64;[];[];[];[];[];[];[];30184;30184;0;1.0;;;True;30184.0;30184.0;0.0;1.0;;;True;ControlType.NO_CONTROL;0;<BV64 x0>;64;[];[];['<BV64 x0>'];[];['<BV64 x0>'];[];[];0.0;1.8446744073709552e+19;18446744073709551615;1;;;True;0.0;1.8446744073709552e+19;18446744073709551615;1;;;True;ControlType.CONTROLLED;0;<BV64 x0>;64;[];[];['<BV64 x0>'];[];['<BV64 x0>'];[];[];0.0;1.8446744073709552e+19;1.8446744073709552e+19;1.0;;;True;0.0;1.8446744073709552e+19;1.8446744073709552e+19;1.0;;;True;ControlType.CONTROLLED;0;<BV64 x0>;64;[];[];[];[];[];[];[];0;0;0;;;;False;0;0;0;;;;False;ControlType.UNKNOWN;0;[('0x56300', <Bool LOAD_32[<BV64 x0 + 0x761c>]_30 == 0x0>, 'Taken'), ('0x5640c', <Bool True>, 'Taken')];"{'regs': ['<BV64 x0>'], 'indirect_regs': [""<BV64 x0>: ['0x761c']""], 'direct_regs': [], 'mem': ['<BV64 x0 + 0x761c>'], 'const_mem': []}";[];{'regs': [], 'indirect_regs': [], 'direct_regs': [], 'mem': [], 'const_mem': []};{'regs': ['<BV64 x0>'], 'indirect_regs': [], 'direct_regs': ['<BV64 x0>'], 'mem': [], 'const_mem': []};"{'regs': ['<BV64 x0>', '<BV64 x0>'], 'indirect_regs': [""<BV64 x0>: ['0x761c']""], 'direct_regs': ['<BV64 x0>'], 'mem': ['<BV64 x0 + 0x761c>'], 'const_mem': []}";63.0;0.0;64.0;64.0;[];;;;BaseControlType.CONSTANT_BASE;BaseControlType.CONSTANT_BASE;BaseControlType.CONSTANT_BASE;2;BranchControlType.BRANCH_INDEPENDENT_FROM_SECRET;BranchControlType.BRANCH_INDEPENDENT_FROM_SECRET;353028;True;False;True;True;True;False;False;True;True;False;False;False;True;False;True;False;True;False;True;False;[];['has_valid_base'];True;False;True;True;True;False;False;True;True;False;False;False;True;False;True;False;True;False;True;False;[];['has_valid_base']
191da270-0f85-4799-b658-de31725132d8;ZSTD_DCtx_loadDictionary;0x563f0;0x54008;0x56304;TransmitterType.LOAD;31;1;False;['0x563f0', '0x562e0', '0x56304', '0x53ff4', '0x53ffc'];<BV64 LOAD_64[<BV64 x0 + 0x75e8>]_31>;64;[('0x53ff8', <Bool LOAD_64[<BV64 x0 + 0x75e8>]_31 != 0x0>, 'Taken')];[];['<BV64 x0>'];"[""<BV64 x0>: ['0x75e8']""]";[];['<BV64 x0 + 0x75e8>'];[];0;18446744073709551615;18446744073709551615;1;;;True;1;18446744073709551615;18446744073709551614;1;;;True;ControlType.CONTROLLED;1;;0;[];[];[];[];[];[];[];0.0;0.0;0.0;0.0;;;False;0.0;0.0;0.0;0.0;;;False;ControlType.UNKNOWN;0;;0;[];[];[];[];[];[];[];0;0;0;;;;False;0.0;0.0;0.0;0.0;;;False;ControlType.UNKNOWN;0;<BV64 LOAD_64[<BV64 x0 + 0x75e8>]_31>;64;[('0x53ff8', <Bool LOAD_64[<BV64 x0 + 0x75e8>]_31 != 0x0>, 'Taken')];[];['<BV64 x0>'];"[""<BV64 x0>: ['0x75e8']""]";[];['<BV64 x0 + 0x75e8>'];[];0.0;1.8446744073709552e+19;18446744073709551615;1;;;True;1.0;1.8446744073709552e+19;18446744073709551614;1;;;True;ControlType.CONTROLLED;1;<BV64 x0 + 0x75e8>;64;[];[];['<BV64 x0>'];[];['<BV64 x0>'];[];[];0.0;1.8446744073709552e+19;1.8446744073709552e+19;1.0;;;True;0.0;1.8446744073709552e+19;1.8446744073709552e+19;1.0;;;True;ControlType.CONTROLLED;0;<BV64 LOAD_64[<BV64 x0 + 0x75e8>]_31>;64;[];[];[];[];[];[];[];0;0;0;;;;False;0;0;0;;;;False;ControlType.UNKNOWN;1;[('0x53ff8', <Bool LOAD_64[<BV64 x0 + 0x75e8>]_31 != 0x0>, 'Taken'), ('0x56300', <Bool LOAD_32[<BV64 x0 + 0x761c>]_30 == 0x0>, 'Taken'), ('0x5631c', <Bool True>, 'Taken'), ('0x5640c', <Bool True>, 'Taken')];"{'regs': ['<BV64 x0>'], 'indirect_regs': [""<BV64 x0>: ['0x75e8', '0x761c']""], 'direct_regs': [], 'mem': ['<BV64 x0 + 0x75e8>', '<BV64 x0 + 0x761c>'], 'const_mem': []}";[];{'regs': [], 'indirect_regs': [], 'direct_regs': [], 'mem': [], 'const_mem': []};{'regs': ['<BV64 x0>'], 'indirect_regs': [], 'direct_regs': ['<BV64 x0>'], 'mem': ['<BV64 x0 + 0x75e8>'], 'const_mem': []};{'regs': ['<BV64 x0>'], 'indirect_regs': [], 'direct_regs': ['<BV64 x0>'], 'mem': ['<BV64 x0 + 0x75e8>', '<BV64 x0 + 0x761c>'], 'const_mem': []};63.0;0.0;64.0;64.0;[];;;;BaseControlType.NO_BASE;BaseControlType.NO_BASE;BaseControlType.NO_BASE;4;BranchControlType.BRANCH_DEPENDS_ON_SECRET_VALUE;BranchControlType.BRANCH_INDEPENDENT_FROM_SECRET;344072;True;False;True;True;True;False;False;True;True;False;False;False;True;False;True;True;True;False;True;False;[];['has_valid_base'];True;False;True;True;True;False;False;True;True;False;False;False;True;False;True;True;True;False;True;False;[];['has_valid_base']
5176d436-0e11-4e96-a472-91860e386fb5;ZSTD_DCtx_loadDictionary;0x563f0;0x54014;0x56304;TransmitterType.LOAD;34;1;False;['0x563f0', '0x562e0', '0x56304', '0x53ff4', '0x53ffc'];<BV64 0x6ac8 + LOAD_64[<BV64 x0 + 0x75e8>]_31>;64;[('0x53ff8', <Bool LOAD_64[<BV64 x0 + 0x75e8>]_31 != 0x0>, 'Taken')];[];['<BV64 x0>'];"[""<BV64 x0>: ['0x75e8']""]";[];['<BV64 x0 + 0x75e8>'];[];0;18446744073709551615;18446744073709551615;1;;;True;27337;27335;18446744073709551614;1;;;True;ControlType.CONTROLLED;1;<BV64 0x6ac8>;64;[];[];[];[];[];[];[];27336.0;27336.0;0.0;1.0;;;True;27336.0;27336.0;0.0;1.0;;;True;ControlType.NO_CONTROL;0;<BV64 0x6ac8>;64;[];[];[];[];[];[];[];27336;27336;0;1.0;;;True;27336.0;27336.0;0.0;1.0;;;True;ControlType.NO_CONTROL;0;<BV64 LOAD_64[<BV64 x0 + 0x75e8>]_31>;64;[('0x53ff8', <Bool LOAD_64[<BV64 x0 + 0x75e8>]_31 != 0x0>, 'Taken')];[];['<BV64 x0>'];"[""<BV64 x0>: ['0x75e8']""]";[];['<BV64 x0 + 0x75e8>'];[];0.0;1.8446744073709552e+19;18446744073709551615;1;;;True;1.0;1.8446744073709552e+19;18446744073709551614;1;;;True;ControlType.CONTROLLED;1;<BV64 x0 + 0x75e8>;64;[];[];['<BV64 x0>'];[];['<BV64 x0>'];[];[];0.0;1.8446744073709552e+19;1.8446744073709552e+19;1.0;;;True;0.0;1.8446744073709552e+19;1.8446744073709552e+19;1.0;;;True;ControlType.CONTROLLED;0;<BV64 LOAD_64[<BV64 x0 + 0x75e8>]_31>;64;[];[];[];[];[];[];[];0;0;0;;;;False;0;0;0;;;;False;ControlType.UNKNOWN;1;[('0x53ff8', <Bool LOAD_64[<BV64 x0 + 0x75e8>]_31 != 0x0>, 'Taken'), ('0x56300', <Bool LOAD_32[<BV64 x0 + 0x761c>]_30 == 0x0>, 'Taken'), ('0x5631c', <Bool True>, 'Taken'), ('0x5640c', <Bool True>, 'Taken')];"{'regs': ['<BV64 x0>'], 'indirect_regs': [""<BV64 x0>: ['0x75e8', '0x761c']""], 'direct_regs': [], 'mem': ['<BV64 x0 + 0x75e8>', '<BV64 x0 + 0x761c>'], 'const_mem': []}";[];{'regs': [], 'indirect_regs': [], 'direct_regs': [], 'mem': [], 'const_mem': []};{'regs': ['<BV64 x0>'], 'indirect_regs': [], 'direct_regs': ['<BV64 x0>'], 'mem': ['<BV64 x0 + 0x75e8>'], 'const_mem': []};{'regs': ['<BV64 x0>'], 'indirect_regs': [], 'direct_regs': ['<BV64 x0>'], 'mem': ['<BV64 x0 + 0x75e8>', '<BV64 x0 + 0x761c>'], 'const_mem': []};63.0;0.0;64.0;64.0;[];;;;BaseControlType.CONSTANT_BASE;BaseControlType.CONSTANT_BASE;BaseControlType.CONSTANT_BASE;4;BranchControlType.BRANCH_DEPENDS_ON_SECRET_VALUE;BranchControlType.BRANCH_INDEPENDENT_FROM_SECRET;344084;True;False;True;True;True;False;False;True;True;False;False;False;True;False;True;True;True;False;True;False;[];['has_valid_base'];True;False;True;True;True;False;False;True;True;False;False;False;True;False;True;True;True;False;True;False;[];['has_valid_base']
44093b25-576d-4a4d-9904-454ac7b6c644;ZSTD_DCtx_loadDictionary;0x563f0;0x5401c;0x56304;TransmitterType.LOAD;36;1;False;['0x563f0', '0x562e0', '0x56304', '0x53ff4', '0x53ffc'];<BV64 0x6ad0 + LOAD_64[<BV64 x0 + 0x75e8>]_31>;64;[('0x53ff8', <Bool LOAD_64[<BV64 x0 + 0x75e8>]_31 != 0x0>, 'Taken')];[];['<BV64 x0>'];"[""<BV64 x0>: ['0x75e8']""]";[];['<BV64 x0 + 0x75e8>'];[];0;18446744073709551615;18446744073709551615;1;;;True;27345;27343;18446744073709551614;1;;;True;ControlType.CONTROLLED;1;<BV64 0x6ad0>;64;[];[];[];[];[];[];[];27344.0;27344.0;0.0;1.0;;;True;27344.0;27344.0;0.0;1.0;;;True;ControlType.NO_CONTROL;0;<BV64 0x6ad0>;64;[];[];[];[];[];[];[];27344;27344;0;1.0;;;True;27344.0;27344.0;0.0;1.0;;;True;ControlType.NO_CONTROL;0;<BV64 LOAD_64[<BV64 x0 + 0x75e8>]_31>;64;[('0x53ff8', <Bool LOAD_64[<BV64 x0 + 0x75e8>]_31 != 0x0>, 'Taken')];[];['<BV64 x0>'];"[""<BV64 x0>: ['0x75e8']""]";[];['<BV64 x0 + 0x75e8>'];[];0.0;1.8446744073709552e+19;18446744073709551615;1;;;True;1.0;1.8446744073709552e+19;18446744073709551614;1;;;True;ControlType.CONTROLLED;1;<BV64 x0 + 0x75e8>;64;[];[];['<BV64 x0>'];[];['<BV64 x0>'];[];[];0.0;1.8446744073709552e+19;1.8446744073709552e+19;1.0;;;True;0.0;1.8446744073709552e+19;1.8446744073709552e+19;1.0;;;True;ControlType.CONTROLLED;0;<BV64 LOAD_64[<BV64 x0 + 0x75e8>]_31>;64;[];[];[];[];[];[];[];0;0;0;;;;False;0;0;0;;;;False;ControlType.UNKNOWN;1;[('0x53ff8', <Bool LOAD_64[<BV64 x0 + 0x75e8>]_31 != 0x0>, 'Taken'), ('0x56300', <Bool LOAD_32[<BV64 x0 + 0x761c>]_30 == 0x0>, 'Taken'), ('0x5631c', <Bool True>, 'Taken'), ('0x5640c', <Bool True>, 'Taken')];"{'regs': ['<BV64 x0>'], 'indirect_regs': [""<BV64 x0>: ['0x75e8', '0x761c']""], 'direct_regs': [], 'mem': ['<BV64 x0 + 0x75e8>', '<BV64 x0 + 0x761c>'], 'const_mem': []}";[];{'regs': [], 'indirect_regs': [], 'direct_regs': [], 'mem': [], 'const_mem': []};{'regs': ['<BV64 x0>'], 'indirect_regs': [], 'direct_regs': ['<BV64 x0>'], 'mem': ['<BV64 x0 + 0x75e8>'], 'const_mem': []};{'regs': ['<BV64 x0>'], 'indirect_regs': [], 'direct_regs': ['<BV64 x0>'], 'mem': ['<BV64 x0 + 0x75e8>', '<BV64 x0 + 0x761c>'], 'const_mem': []};63.0;0.0;64.0;64.0;[];;;;BaseControlType.CONSTANT_BASE;BaseControlType.CONSTANT_BASE;BaseControlType.CONSTANT_BASE;4;BranchControlType.BRANCH_DEPENDS_ON_SECRET_VALUE;BranchControlType.BRANCH_INDEPENDENT_FROM_SECRET;344092;True;False;True;True;True;False;False;True;True;False;False;False;True;False;True;True;True;False;True;False;[];['has_valid_base'];True;False;True;True;True;False;False;True;True;False;False;False;True;False;True;True;True;False;True;False;[];['has_valid_base']
19d2bbbd-df3e-47cd-9397-377919ee5922;ZSTD_DCtx_refDDict;0x56480;0x5649c;0x0;TransmitterType.LOAD;8;0;False;['0x56480'];<BV64 0x761c + x0>;64;[];[];['<BV64 x0>'];[];['<BV64 x0>'];[];[];0;18446744073709551615;18446744073709551615;1;;;True;0;18446744073709551615;18446744073709551615;1;;;True;ControlType.CONTROLLED;0;<BV64 0x761c>;64;[];[];[];[];[];[];[];30236.0;30236.0;0.0;1.0;;;True;30236.0;30236.0;0.0;1.0;;;True;ControlType.NO_CONTROL;0;<BV64 0x761c>;64;[];[];[];[];[];[];[];30236;30236;0;1.0;;;True;30236.0;30236.0;0.0;1.0;;;True;ControlType.NO_CONTROL;0;<BV64 x0>;64;[];[];['<BV64 x0>'];[];['<BV64 x0>'];[];[];0.0;1.8446744073709552e+19;18446744073709551615;1;;;True;0.0;1.8446744073709552e+19;18446744073709551615;1;;;True;ControlType.CONTROLLED;0;<BV64 x0>;64;[];[];['<BV64 x0>'];[];['<BV64 x0>'];[];[];0.0;1.8446744073709552e+19;1.8446744073709552e+19;1.0;;;True;0.0;1.8446744073709552e+19;1.8446744073709552e+19;1.0;;;True;ControlType.CONTROLLED;0;<BV64 x0>;64;[];[];[];[];[];[];[];0;0;0;;;;False;0;0;0;;;;False;ControlType.UNKNOWN;0;[];{'regs': [], 'indirect_regs': [], 'direct_regs': [], 'mem': [], 'const_mem': []};[];{'regs': [], 'indirect_regs': [], 'direct_regs': [], 'mem': [], 'const_mem': []};{'regs': ['<BV64 x0>'], 'indirect_regs': [], 'direct_regs': ['<BV64 x0>'], 'mem': [], 'const_mem': []};{'regs': ['<BV64 x0>'], 'indirect_regs': [], 'direct_regs': ['<BV64 x0>'], 'mem': [], 'const_mem': []};63.0;0.0;64.0;64.0;[];;;;BaseControlType.CONSTANT_BASE;BaseControlType.CONSTANT_BASE;BaseControlType.CONSTANT_BASE;0;BranchControlType.BRANCH_INDEPENDENT_FROM_SECRET;BranchControlType.BRANCH_INDEPENDENT_FROM_SECRET;353436;True;False;True;True;True;False;False;True;True;False;False;False;True;False;True;False;True;False;True;False;[];['has_valid_base'];True;False;True;True;True;False;False;True;True;False;False;False;True;False;True;False;True;False;True;False;[];['has_valid_base']
8891b541-a9df-440a-a050-cfafbc60325d;ZSTD_DCtx_refDDict;0x56480;0x564a4;0x0;TransmitterType.LOAD;10;0;False;['0x56480', '0x564a4'];<BV64 0x75e8 + x0>;64;[];[];['<BV64 x0>'];[];['<BV64 x0>'];[];[];0;18446744073709551615;18446744073709551615;1;;;True;0;18446744073709551615;18446744073709551615;1;;;True;ControlType.CONTROLLED;0;<BV64 0x75e8>;64;[];[];[];[];[];[];[];30184.0;30184.0;0.0;1.0;;;True;30184.0;30184.0;0.0;1.0;;;True;ControlType.NO_CONTROL;0;<BV64 0x75e8>;64;[];[];[];[];[];[];[];30184;30184;0;1.0;;;True;30184.0;30184.0;0.0;1.0;;;True;ControlType.NO_CONTROL;0;<BV64 x0>;64;[];[];['<BV64 x0>'];[];['<BV64 x0>'];[];[];0.0;1.8446744073709552e+19;18446744073709551615;1;;;True;0.0;1.8446744073709552e+19;18446744073709551615;1;;;True;ControlType.CONTROLLED;0;<BV64 x0>;64;[];[];['<BV64 x0>'];[];['<BV64 x0>'];[];[];0.0;1.8446744073709552e+19;1.8446744073709552e+19;1.0;;;True;0.0;1.8446744073709552e+19;1.8446744073709552e+19;1.0;;;True;ControlType.CONTROLLED;0;<BV64 x0>;64;[];[];[];[];[];[];[];0;0;0;;;;False;0;0;0;;;;False;ControlType.UNKNOWN;0;[('0x564a0', <Bool LOAD_32[<BV64 x0 + 0x761c>]_26 == 0x0>, 'Taken')];"{'regs': ['<BV64 x0>'], 'indirect_regs': [""<BV64 x0>: ['0x761c']""], 'direct_regs': [], 'mem': ['<BV64 x0 + 0x761c>'], 'const_mem': []}";[];{'regs': [], 'indirect_regs': [], 'direct_regs': [], 'mem': [], 'const_mem': []};{'regs': ['<BV64 x0>'], 'indirect_regs': [], 'direct_regs': ['<BV64 x0>'], 'mem': [], 'const_mem': []};{'regs': ['<BV64 x0>'], 'indirect_regs': [], 'direct_regs': ['<BV64 x0>'], 'mem': ['<BV64 x0 + 0x761c>'], 'const_mem': []};63.0;0.0;64.0;64.0;[];;;;BaseControlType.CONSTANT_BASE;BaseControlType.CONSTANT_BASE;BaseControlType.CONSTANT_BASE;1;BranchControlType.BRANCH_DEPENDS_ON_SECRET_VALUE;BranchControlType.BRANCH_INDEPENDENT_FROM_SECRET;353444;True;False;True;True;True;False;False;True;True;False;False;False;True;False;True;True;True;False;True;False;[];['has_valid_base'];True;False;True;True;True;False;False;True;True;False;False;False;True;False;True;True;True;False;True;False;[];['has_valid_base']
24558508-9ba2-4162-8bbe-25f9b94d40d7;ZSTD_DCtx_refDDict;0x56480;0x54008;0x564a4;TransmitterType.LOAD;18;1;False;['0x56480', '0x564a4', '0x53ff4', '0x53ffc'];<BV64 LOAD_64[<BV64 x0 + 0x75e8>]_27>;64;[('0x53ff8', <Bool LOAD_64[<BV64 x0 + 0x75e8>]_27 != 0x0>, 'Taken')];[];['<BV64 x0>'];"[""<BV64 x0>: ['0x75e8']""]";[];['<BV64 x0 + 0x75e8>'];[];0;18446744073709551615;18446744073709551615;1;;;True;1;18446744073709551615;18446744073709551614;1;;;True;ControlType.CONTROLLED;1;;0;[];[];[];[];[];[];[];0.0;0.0;0.0;0.0;;;False;0.0;0.0;0.0;0.0;;;False;ControlType.UNKNOWN;0;;0;[];[];[];[];[];[];[];0;0;0;;;;False;0.0;0.0;0.0;0.0;;;False;ControlType.UNKNOWN;0;<BV64 LOAD_64[<BV64 x0 + 0x75e8>]_27>;64;[('0x53ff8', <Bool LOAD_64[<BV64 x0 + 0x75e8>]_27 != 0x0>, 'Taken')];[];['<BV64 x0>'];"[""<BV64 x0>: ['0x75e8']""]";[];['<BV64 x0 + 0x75e8>'];[];0.0;1.8446744073709552e+19;18446744073709551615;1;;;True;1.0;1.8446744073709552e+19;18446744073709551614;1;;;True;ControlType.CONTROLLED;1;<BV64 x0 + 0x75e8>;64;[];[];['<BV64 x0>'];[];['<BV64 x0>'];[];[];0.0;1.8446744073709552e+19;1.8446744073709552e+19;1.0;;;True;0.0;1.8446744073709552e+19;1.8446744073709552e+19;1.0;;;True;ControlType.CONTROLLED;0;<BV64 LOAD_64[<BV64 x0 + 0x75e8>]_27>;64;[];[];[];[];[];[];[];0;0;0;;;;False;0;0;0;;;;False;ControlType.UNKNOWN;1;[('0x53ff8', <Bool LOAD_64[<BV64 x0 + 0x75e8>]_27 != 0x0>, 'Taken'), ('0x564a0', <Bool LOAD_32[<BV64 x0 + 0x761c>]_26 == 0x0>, 'Taken'), ('0x564ac', <Bool True>, 'Taken')];"{'regs': ['<BV64 x0>'], 'indirect_regs': [""<BV64 x0>: ['0x75e8', '0x761c']""], 'direct_regs': [], 'mem': ['<BV64 x0 + 0x75e8>', '<BV64 x0 + 0x761c>'], 'const_mem': []}";[];{'regs': [], 'indirect_regs': [], 'direct_regs': [], 'mem': [], 'const_mem': []};{'regs': ['<BV64 x0>'], 'indirect_regs': [], 'direct_regs': ['<BV64 x0>'], 'mem': ['<BV64 x0 + 0x75e8>'], 'const_mem': []};{'regs': ['<BV64 x0>'], 'indirect_regs': [], 'direct_regs': ['<BV64 x0>'], 'mem': ['<BV64 x0 + 0x75e8>', '<BV64 x0 + 0x761c>'], 'const_mem': []};63.0;0.0;64.0;64.0;[];;;;BaseControlType.NO_BASE;BaseControlType.NO_BASE;BaseControlType.NO_BASE;3;BranchControlType.BRANCH_DEPENDS_ON_SECRET_VALUE;BranchControlType.BRANCH_INDEPENDENT_FROM_SECRET;344072;True;False;True;True;True;False;False;True;True;False;False;False;True;False;True;True;True;False;True;False;[];['has_valid_base'];True;False;True;True;True;False;False;True;True;False;False;False;True;False;True;True;True;False;True;False;[];['has_valid_base']
1d67f0cf-5648-4e83-864e-8169d1643110;ZSTD_DCtx_refDDict;0x56480;0x54014;0x564a4;TransmitterType.LOAD;21;1;False;['0x56480', '0x564a4', '0x53ff4', '0x53ffc'];<BV64 0x6ac8 + LOAD_64[<BV64 x0 + 0x75e8>]_27>;64;[('0x53ff8', <Bool LOAD_64[<BV64 x0 + 0x75e8>]_27 != 0x0>, 'Taken')];[];['<BV64 x0>'];"[""<BV64 x0>: ['0x75e8']""]";[];['<BV64 x0 + 0x75e8>'];[];0;18446744073709551615;18446744073709551615;1;;;True;27337;27335;18446744073709551614;1;;;True;ControlType.CONTROLLED;1;<BV64 0x6ac8>;64;[];[];[];[];[];[];[];27336.0;27336.0;0.0;1.0;;;True;27336.0;27336.0;0.0;1.0;;;True;ControlType.NO_CONTROL;0;<BV64 0x6ac8>;64;[];[];[];[];[];[];[];27336;27336;0;1.0;;;True;27336.0;27336.0;0.0;1.0;;;True;ControlType.NO_CONTROL;0;<BV64 LOAD_64[<BV64 x0 + 0x75e8>]_27>;64;[('0x53ff8', <Bool LOAD_64[<BV64 x0 + 0x75e8>]_27 != 0x0>, 'Taken')];[];['<BV64 x0>'];"[""<BV64 x0>: ['0x75e8']""]";[];['<BV64 x0 + 0x75e8>'];[];0.0;1.8446744073709552e+19;18446744073709551615;1;;;True;1.0;1.8446744073709552e+19;18446744073709551614;1;;;True;ControlType.CONTROLLED;1;<BV64 x0 + 0x75e8>;64;[];[];['<BV64 x0>'];[];['<BV64 x0>'];[];[];0.0;1.8446744073709552e+19;1.8446744073709552e+19;1.0;;;True;0.0;1.8446744073709552e+19;1.8446744073709552e+19;1.0;;;True;ControlType.CONTROLLED;0;<BV64 LOAD_64[<BV64 x0 + 0x75e8>]_27>;64;[];[];[];[];[];[];[];0;0;0;;;;False;0;0;0;;;;False;ControlType.UNKNOWN;1;[('0x53ff8', <Bool LOAD_64[<BV64 x0 + 0x75e8>]_27 != 0x0>, 'Taken'), ('0x564a0', <Bool LOAD_32[<BV64 x0 + 0x761c>]_26 == 0x0>, 'Taken'), ('0x564ac', <Bool True>, 'Taken')];"{'regs': ['<BV64 x0>'], 'indirect_regs': [""<BV64 x0>: ['0x75e8', '0x761c']""], 'direct_regs': [], 'mem': ['<BV64 x0 + 0x75e8>', '<BV64 x0 + 0x761c>'], 'const_mem': []}";[];{'regs': [], 'indirect_regs': [], 'direct_regs': [], 'mem': [], 'const_mem': []};{'regs': ['<BV64 x0>'], 'indirect_regs': [], 'direct_regs': ['<BV64 x0>'], 'mem': ['<BV64 x0 + 0x75e8>'], 'const_mem': []};{'regs': ['<BV64 x0>'], 'indirect_regs': [], 'direct_regs': ['<BV64 x0>'], 'mem': ['<BV64 x0 + 0x75e8>', '<BV64 x0 + 0x761c>'], 'const_mem': []};63.0;0.0;64.0;64.0;[];;;;BaseControlType.CONSTANT_BASE;BaseControlType.CONSTANT_BASE;BaseControlType.CONSTANT_BASE;3;BranchControlType.BRANCH_DEPENDS_ON_SECRET_VALUE;BranchControlType.BRANCH_INDEPENDENT_FROM_SECRET;344084;True;False;True;True;True;False;False;True;True;False;False;False;True;False;True;True;True;False;True;False;[];['has_valid_base'];True;False;True;True;True;False;False;True;True;False;False;False;True;False;True;True;True;False;True;False;[];['has_valid_base']
c6d4eb6e-1095-40d8-8038-a43b875cf387;ZSTD_DCtx_refDDict;0x56480;0x5401c;0x564a4;TransmitterType.LOAD;23;1;False;['0x56480', '0x564a4', '0x53ff4', '0x53ffc'];<BV64 0x6ad0 + LOAD_64[<BV64 x0 + 0x75e8>]_27>;64;[('0x53ff8', <Bool LOAD_64[<BV64 x0 + 0x75e8>]_27 != 0x0>, 'Taken')];[];['<BV64 x0>'];"[""<BV64 x0>: ['0x75e8']""]";[];['<BV64 x0 + 0x75e8>'];[];0;18446744073709551615;18446744073709551615;1;;;True;27345;27343;18446744073709551614;1;;;True;ControlType.CONTROLLED;1;<BV64 0x6ad0>;64;[];[];[];[];[];[];[];27344.0;27344.0;0.0;1.0;;;True;27344.0;27344.0;0.0;1.0;;;True;ControlType.NO_CONTROL;0;<BV64 0x6ad0>;64;[];[];[];[];[];[];[];27344;27344;0;1.0;;;True;27344.0;27344.0;0.0;1.0;;;True;ControlType.NO_CONTROL;0;<BV64 LOAD_64[<BV64 x0 + 0x75e8>]_27>;64;[('0x53ff8', <Bool LOAD_64[<BV64 x0 + 0x75e8>]_27 != 0x0>, 'Taken')];[];['<BV64 x0>'];"[""<BV64 x0>: ['0x75e8']""]";[];['<BV64 x0 + 0x75e8>'];[];0.0;1.8446744073709552e+19;18446744073709551615;1;;;True;1.0;1.8446744073709552e+19;18446744073709551614;1;;;True;ControlType.CONTROLLED;1;<BV64 x0 + 0x75e8>;64;[];[];['<BV64 x0>'];[];['<BV64 x0>'];[];[];0.0;1.8446744073709552e+19;1.8446744073709552e+19;1.0;;;True;0.0;1.8446744073709552e+19;1.8446744073709552e+19;1.0;;;True;ControlType.CONTROLLED;0;<BV64 LOAD_64[<BV64 x0 + 0x75e8>]_27>;64;[];[];[];[];[];[];[];0;0;0;;;;False;0;0;0;;;;False;ControlType.UNKNOWN;1;[('0x53ff8', <Bool LOAD_64[<BV64 x0 + 0x75e8>]_27 != 0x0>, 'Taken'), ('0x564a0', <Bool LOAD_32[<BV64 x0 + 0x761c>]_26 == 0x0>, 'Taken'), ('0x564ac', <Bool True>, 'Taken')];"{'regs': ['<BV64 x0>'], 'indirect_regs': [""<BV64 x0>: ['0x75e8', '0x761c']""], 'direct_regs': [], 'mem': ['<BV64 x0 + 0x75e8>', '<BV64 x0 + 0x761c>'], 'const_mem': []}";[];{'regs': [], 'indirect_regs': [], 'direct_regs': [], 'mem': [], 'const_mem': []};{'regs': ['<BV64 x0>'], 'indirect_regs': [], 'direct_regs': ['<BV64 x0>'], 'mem': ['<BV64 x0 + 0x75e8>'], 'const_mem': []};{'regs': ['<BV64 x0>'], 'indirect_regs': [], 'direct_regs': ['<BV64 x0>'], 'mem': ['<BV64 x0 + 0x75e8>', '<BV64 x0 + 0x761c>'], 'const_mem': []};63.0;0.0;64.0;64.0;[];;;;BaseControlType.CONSTANT_BASE;BaseControlType.CONSTANT_BASE;BaseControlType.CONSTANT_BASE;3;BranchControlType.BRANCH_DEPENDS_ON_SECRET_VALUE;BranchControlType.BRANCH_INDEPENDENT_FROM_SECRET;344092;True;False;True;True;True;False;False;True;True;False;False;False;True;False;True;True;True;False;True;False;[];['has_valid_base'];True;False;True;True;True;False;False;True;True;False;False;False;True;False;True;True;True;False;True;False;[];['has_valid_base']
38fd0995-83cd-4a1f-9aee-59ef1a814cca;ZSTD_DCtx_refDDict;0x56480;0x564b8;0x0;TransmitterType.STORE;19;0;False;['0x56480', '0x564a4', '0x53ff4', '0x54064', '0x564b0'];<BV64 0x75e8 + x0>;64;[];[];['<BV64 x0>'];[];['<BV64 x0>'];[];[];0;18446744073709551615;18446744073709551615;1;;;True;0;18446744073709551615;18446744073709551615;1;;;True;ControlType.CONTROLLED;0;<BV64 0x75e8>;64;[];[];[];[];[];[];[];30184.0;30184.0;0.0;1.0;;;True;30184.0;30184.0;0.0;1.0;;;True;ControlType.NO_CONTROL;0;<BV64 0x75e8>;64;[];[];[];[];[];[];[];30184;30184;0;1.0;;;True;30184.0;30184.0;0.0;1.0;;;True;ControlType.NO_CONTROL;0;<BV64 x0>;64;[];[];['<BV64 x0>'];[];['<BV64 x0>'];[];[];0.0;1.8446744073709552e+19;18446744073709551615;1;;;True;0.0;1.8446744073709552e+19;18446744073709551615;1;;;True;ControlType.CONTROLLED;0;<BV64 x0>;64;[];[];['<BV64 x0>'];[];['<BV64 x0>'];[];[];0.0;1.8446744073709552e+19;1.8446744073709552e+19;1.0;;;True;0.0;1.8446744073709552e+19;1.8446744073709552e+19;1.0;;;True;ControlType.CONTROLLED;0;<BV64 x0>;64;[];[];[];[];[];[];[];0;0;0;;;;False;0;0;0;;;;False;ControlType.UNKNOWN;0;[('0x53ff8', <Bool LOAD_64[<BV64 x0 + 0x75e8>]_27 == 0x0>, 'Taken'), ('0x54068', <Bool True>, 'Taken'), ('0x564a0', <Bool LOAD_32[<BV64 x0 + 0x761c>]_26 == 0x0>, 'Taken'), ('0x564ac', <Bool True>, 'Taken')];"{'regs': ['<BV64 x0>'], 'indirect_regs': [""<BV64 x0>: ['0x75e8', '0x761c']""], 'direct_regs': [], 'mem': ['<BV64 x0 + 0x75e8>', '<BV64 x0 + 0x761c>'], 'const_mem': []}";[];{'regs': [], 'indirect_regs': [], 'direct_regs': [], 'mem': [], 'const_mem': []};{'regs': ['<BV64 x0>'], 'indirect_regs': [], 'direct_regs': ['<BV64 x0>'], 'mem': [], 'const_mem': []};{'regs': ['<BV64 x0>'], 'indirect_regs': [], 'direct_regs': ['<BV64 x0>'], 'mem': ['<BV64 x0 + 0x75e8>', '<BV64 x0 + 0x761c>'], 'const_mem': []};63.0;0.0;64.0;64.0;[];;;;BaseControlType.CONSTANT_BASE;BaseControlType.CONSTANT_BASE;BaseControlType.CONSTANT_BASE;4;BranchControlType.BRANCH_DEPENDS_ON_SECRET_VALUE;BranchControlType.BRANCH_INDEPENDENT_FROM_SECRET;353464;True;False;True;True;True;False;False;True;True;False;False;False;True;False;True;True;True;False;True;False;[];['has_valid_base'];True;False;True;True;True;False;False;True;True;False;False;False;True;False;True;True;True;False;True;False;[];['has_valid_base']
5ab7baa9-80e9-40c2-9752-27800439f866;ZSTD_DCtx_refDDict;0x56480;0x564b8;0x0;TransmitterType.STORE;19;0;False;['0x56480', '0x564a4', '0x53ff4', '0x54064', '0x564b0'];<BV64 0x75f0 + x0>;64;[];[];['<BV64 x0>'];[];['<BV64 x0>'];[];[];0;18446744073709551615;18446744073709551615;1;;;True;0;18446744073709551615;18446744073709551615;1;;;True;ControlType.CONTROLLED;0;<BV64 0x75f0>;64;[];[];[];[];[];[];[];30192.0;30192.0;0.0;1.0;;;True;30192.0;30192.0;0.0;1.0;;;True;ControlType.NO_CONTROL;0;<BV64 0x75f0>;64;[];[];[];[];[];[];[];30192;30192;0;1.0;;;True;30192.0;30192.0;0.0;1.0;;;True;ControlType.NO_CONTROL;0;<BV64 x0>;64;[];[];['<BV64 x0>'];[];['<BV64 x0>'];[];[];0.0;1.8446744073709552e+19;18446744073709551615;1;;;True;0.0;1.8446744073709552e+19;18446744073709551615;1;;;True;ControlType.CONTROLLED;0;<BV64 x0>;64;[];[];['<BV64 x0>'];[];['<BV64 x0>'];[];[];0.0;1.8446744073709552e+19;1.8446744073709552e+19;1.0;;;True;0.0;1.8446744073709552e+19;1.8446744073709552e+19;1.0;;;True;ControlType.CONTROLLED;0;<BV64 x0>;64;[];[];[];[];[];[];[];0;0;0;;;;False;0;0;0;;;;False;ControlType.UNKNOWN;0;[('0x53ff8', <Bool LOAD_64[<BV64 x0 + 0x75e8>]_27 == 0x0>, 'Taken'), ('0x54068', <Bool True>, 'Taken'), ('0x564a0', <Bool LOAD_32[<BV64 x0 + 0x761c>]_26 == 0x0>, 'Taken'), ('0x564ac', <Bool True>, 'Taken')];"{'regs': ['<BV64 x0>'], 'indirect_regs': [""<BV64 x0>: ['0x75e8', '0x761c']""], 'direct_regs': [], 'mem': ['<BV64 x0 + 0x75e8>', '<BV64 x0 + 0x761c>'], 'const_mem': []}";[];{'regs': [], 'indirect_regs': [], 'direct_regs': [], 'mem': [], 'const_mem': []};{'regs': ['<BV64 x0>'], 'indirect_regs': [], 'direct_regs': ['<BV64 x0>'], 'mem': [], 'const_mem': []};{'regs': ['<BV64 x0>'], 'indirect_regs': [], 'direct_regs': ['<BV64 x0>'], 'mem': ['<BV64 x0 + 0x75e8>', '<BV64 x0 + 0x761c>'], 'const_mem': []};63.0;0.0;64.0;64.0;[];;;;BaseControlType.CONSTANT_BASE;BaseControlType.CONSTANT_BASE;BaseControlType.CONSTANT_BASE;4;BranchControlType.BRANCH_DEPENDS_ON_SECRET_VALUE;BranchControlType.BRANCH_INDEPENDENT_FROM_SECRET;353464;True;False;True;True;True;False;False;True;True;False;False;False;True;False;True;True;True;False;True;False;[];['has_valid_base'];True;False;True;True;True;False;False;True;True;False;False;False;True;False;True;True;True;False;True;False;[];['has_valid_base']
f7ab60fc-5536-4487-bba8-e1ac3991f5d2;ZSTD_DCtx_refDDict;0x56480;0x564bc;0x0;TransmitterType.STORE;20;0;False;['0x56480', '0x564a4', '0x53ff4', '0x54064', '0x564b0'];<BV64 0x7600 + x0>;64;[];[];['<BV64 x0>'];[];['<BV64 x0>'];[];[];0;18446744073709551615;18446744073709551615;1;;;True;0;18446744073709551615;18446744073709551615;1;;;True;ControlType.CONTROLLED;0;<BV64 0x7600>;64;[];[];[];[];[];[];[];30208.0;30208.0;0.0;1.0;;;True;30208.0;30208.0;0.0;1.0;;;True;ControlType.NO_CONTROL;0;<BV64 0x7600>;64;[];[];[];[];[];[];[];30208;30208;0;1.0;;;True;30208.0;30208.0;0.0;1.0;;;True;ControlType.NO_CONTROL;0;<BV64 x0>;64;[];[];['<BV64 x0>'];[];['<BV64 x0>'];[];[];0.0;1.8446744073709552e+19;18446744073709551615;1;;;True;0.0;1.8446744073709552e+19;18446744073709551615;1;;;True;ControlType.CONTROLLED;0;<BV64 x0>;64;[];[];['<BV64 x0>'];[];['<BV64 x0>'];[];[];0.0;1.8446744073709552e+19;1.8446744073709552e+19;1.0;;;True;0.0;1.8446744073709552e+19;1.8446744073709552e+19;1.0;;;True;ControlType.CONTROLLED;0;<BV64 x0>;64;[];[];[];[];[];[];[];0;0;0;;;;False;0;0;0;;;;False;ControlType.UNKNOWN;0;[('0x53ff8', <Bool LOAD_64[<BV64 x0 + 0x75e8>]_27 == 0x0>, 'Taken'), ('0x54068', <Bool True>, 'Taken'), ('0x564a0', <Bool LOAD_32[<BV64 x0 + 0x761c>]_26 == 0x0>, 'Taken'), ('0x564ac', <Bool True>, 'Taken')];"{'regs': ['<BV64 x0>'], 'indirect_regs': [""<BV64 x0>: ['0x75e8', '0x761c']""], 'direct_regs': [], 'mem': ['<BV64 x0 + 0x75e8>', '<BV64 x0 + 0x761c>'], 'const_mem': []}";[];{'regs': [], 'indirect_regs': [], 'direct_regs': [], 'mem': [], 'const_mem': []};{'regs': ['<BV64 x0>'], 'indirect_regs': [], 'direct_regs': ['<BV64 x0>'], 'mem': [], 'const_mem': []};{'regs': ['<BV64 x0>'], 'indirect_regs': [], 'direct_regs': ['<BV64 x0>'], 'mem': ['<BV64 x0 + 0x75e8>', '<BV64 x0 + 0x761c>'], 'const_mem': []};63.0;0.0;64.0;64.0;[];;;;BaseControlType.CONSTANT_BASE;BaseControlType.CONSTANT_BASE;BaseControlType.CONSTANT_BASE;4;BranchControlType.BRANCH_DEPENDS_ON_SECRET_VALUE;BranchControlType.BRANCH_INDEPENDENT_FROM_SECRET;353468;True;False;True;True;True;False;False;True;True;False;False;False;True;False;True;True;True;False;True;False;[];['has_valid_base'];True;False;True;True;True;False;False;True;True;False;False;False;True;False;True;True;True;False;True;False;[];['has_valid_base']
e613bb17-f41c-4dd8-8f6a-0fc1b915ab13;ZSTD_sizeof_CCtx;0x193f4;0x19414;0x0;TransmitterType.LOAD;9;0;False;['0x193f4', '0x19408'];<BV64 0x2a8 + x0>;64;[('0x19404', <Bool x0 != 0x0>, 'Taken')];[];['<BV64 x0>'];[];['<BV64 x0>'];[];[];0;18446744073709551615;18446744073709551615;1;;;True;681;679;18446744073709551614;1;;;True;ControlType.CONTROLLED;0;<BV64 0x2a8>;64;[];[];[];[];[];[];[];680.0;680.0;0.0;1.0;;;True;680.0;680.0;0.0;1.0;;;True;ControlType.NO_CONTROL;0;<BV64 0x2a8>;64;[];[];[];[];[];[];[];680;680;0;1.0;;;True;680.0;680.0;0.0;1.0;;;True;ControlType.NO_CONTROL;0;<BV64 x0>;64;[('0x19404', <Bool x0 != 0x0>, 'Taken')];[];['<BV64 x0>'];[];['<BV64 x0>'];[];[];0.0;1.8446744073709552e+19;18446744073709551615;1;;;True;1.0;1.8446744073709552e+19;18446744073709551614;1;;;True;ControlType.CONTROLLED;0;<BV64 x0>;64;[('0x19404', <Bool x0 != 0x0>, 'Taken')];[];['<BV64 x0>'];[];['<BV64 x0>'];[];[];0.0;1.8446744073709552e+19;1.8446744073709552e+19;1.0;;;True;1.0;1.8446744073709552e+19;1.8446744073709552e+19;1.0;;;True;ControlType.CONTROLLED;0;<BV64 x0>;64;[];[];[];[];[];[];[];0;0;0;;;;False;0;0;0;;;;False;ControlType.UNKNOWN;0;[('0x19404', <Bool x0 != 0x0>, 'Taken')];{'regs': ['<BV64 x0>'], 'indirect_regs': [], 'direct_regs': ['<BV64 x0>'], 'mem': [], 'const_mem': []};[];{'regs': [], 'indirect_regs': [], 'direct_regs': [], 'mem': [], 'const_mem': []};{'regs': ['<BV64 x0>'], 'indirect_regs': [], 'direct_regs': ['<BV64 x0>'], 'mem': [], 'const_mem': []};{'regs': ['<BV64 x0>'], 'indirect_regs': [], 'direct_regs': ['<BV64 x0>'], 'mem': [], 'const_mem': []};63.0;0.0;64.0;64.0;[];;;;BaseControlType.CONSTANT_BASE;BaseControlType.CONSTANT_BASE;BaseControlType.CONSTANT_BASE;1;BranchControlType.BRANCH_DEPENDS_ON_SECRET_VALUE;BranchControlType.BRANCH_INDEPENDENT_FROM_SECRET;103444;True;False;True;True;True;False;False;True;True;False;False;False;True;False;True;True;True;False;True;False;[];['has_valid_base'];True;False;True;True;True;False;False;True;True;False;False;False;True;False;True;True;True;False;True;False;[];['has_valid_base']
589ae5fd-fa33-430b-b545-9fa3b1a74d8a;ZSTD_sizeof_CCtx;0x193f4;0x19418;0x0;TransmitterType.LOAD;10;0;False;['0x193f4', '0x19408'];<BV64 0x2b0 + x0>;64;[('0x19404', <Bool x0 != 0x0>, 'Taken')];[];['<BV64 x0>'];[];['<BV64 x0>'];[];[];0;18446744073709551615;18446744073709551615;1;;;True;689;687;18446744073709551614;1;;;True;ControlType.CONTROLLED;0;<BV64 0x2b0>;64;[];[];[];[];[];[];[];688.0;688.0;0.0;1.0;;;True;688.0;688.0;0.0;1.0;;;True;ControlType.NO_CONTROL;0;<BV64 0x2b0>;64;[];[];[];[];[];[];[];688;688;0;1.0;;;True;688.0;688.0;0.0;1.0;;;True;ControlType.NO_CONTROL;0;<BV64 x0>;64;[('0x19404', <Bool x0 != 0x0>, 'Taken')];[];['<BV64 x0>'];[];['<BV64 x0>'];[];[];0.0;1.8446744073709552e+19;18446744073709551615;1;;;True;1.0;1.8446744073709552e+19;18446744073709551614;1;;;True;ControlType.CONTROLLED;0;<BV64 x0>;64;[('0x19404', <Bool x0 != 0x0>, 'Taken')];[];['<BV64 x0>'];[];['<BV64 x0>'];[];[];0.0;1.8446744073709552e+19;1.8446744073709552e+19;1.0;;;True;1.0;1.8446744073709552e+19;1.8446744073709552e+19;1.0;;;True;ControlType.CONTROLLED;0;<BV64 x0>;64;[];[];[];[];[];[];[];0;0;0;;;;False;0;0;0;;;;False;ControlType.UNKNOWN;0;[('0x19404', <Bool x0 != 0x0>, 'Taken')];{'regs': ['<BV64 x0>'], 'indirect_regs': [], 'direct_regs': ['<BV64 x0>'], 'mem': [], 'const_mem': []};[];{'regs': [], 'indirect_regs': [], 'direct_regs': [], 'mem': [], 'const_mem': []};{'regs': ['<BV64 x0>'], 'indirect_regs': [], 'direct_regs': ['<BV64 x0>'], 'mem': [], 'const_mem': []};{'regs': ['<BV64 x0>'], 'indirect_regs': [], 'direct_regs': ['<BV64 x0>'], 'mem': [], 'const_mem': []};63.0;0.0;64.0;64.0;[];;;;BaseControlType.CONSTANT_BASE;BaseControlType.CONSTANT_BASE;BaseControlType.CONSTANT_BASE;1;BranchControlType.BRANCH_DEPENDS_ON_SECRET_VALUE;BranchControlType.BRANCH_INDEPENDENT_FROM_SECRET;103448;True;False;True;True;True;False;False;True;True;False;False;False;True;False;True;True;True;False;True;False;[];['has_valid_base'];True;False;True;True;True;False;False;True;True;False;False;False;True;False;True;True;True;False;True;False;[];['has_valid_base']
aae0374f-f2d2-47f4-91eb-4ff41673c7f9;ZSTD_sizeof_CCtx;0x193f4;0x19420;0x0;TransmitterType.LOAD;12;0;False;['0x193f4', '0x19408'];<BV64 0xe48 + x0>;64;[('0x19404', <Bool x0 != 0x0>, 'Taken')];[];['<BV64 x0>'];[];['<BV64 x0>'];[];[];0;18446744073709551615;18446744073709551615;1;;;True;3657;3655;18446744073709551614;1;;;True;ControlType.CONTROLLED;0;<BV64 0xe48>;64;[];[];[];[];[];[];[];3656.0;3656.0;0.0;1.0;;;True;3656.0;3656.0;0.0;1.0;;;True;ControlType.NO_CONTROL;0;<BV64 0xe48>;64;[];[];[];[];[];[];[];3656;3656;0;1.0;;;True;3656.0;3656.0;0.0;1.0;;;True;ControlType.NO_CONTROL;0;<BV64 x0>;64;[('0x19404', <Bool x0 != 0x0>, 'Taken')];[];['<BV64 x0>'];[];['<BV64 x0>'];[];[];0.0;1.8446744073709552e+19;18446744073709551615;1;;;True;1.0;1.8446744073709552e+19;18446744073709551614;1;;;True;ControlType.CONTROLLED;0;<BV64 x0>;64;[('0x19404', <Bool x0 != 0x0>, 'Taken')];[];['<BV64 x0>'];[];['<BV64 x0>'];[];[];0.0;1.8446744073709552e+19;1.8446744073709552e+19;1.0;;;True;1.0;1.8446744073709552e+19;1.8446744073709552e+19;1.0;;;True;ControlType.CONTROLLED;0;<BV64 x0>;64;[];[];[];[];[];[];[];0;0;0;;;;False;0;0;0;;;;False;ControlType.UNKNOWN;0;[('0x19404', <Bool x0 != 0x0>, 'Taken')];{'regs': ['<BV64 x0>'], 'indirect_regs': [], 'direct_regs': ['<BV64 x0>'], 'mem': [], 'const_mem': []};[];{'regs': [], 'indirect_regs': [], 'direct_regs': [], 'mem': [], 'const_mem': []};{'regs': ['<BV64 x0>'], 'indirect_regs': [], 'direct_regs': ['<BV64 x0>'], 'mem': [], 'const_mem': []};{'regs': ['<BV64 x0>'], 'indirect_regs': [], 'direct_regs': ['<BV64 x0>'], 'mem': [], 'const_mem': []};63.0;0.0;64.0;64.0;[];;;;BaseControlType.CONSTANT_BASE;BaseControlType.CONSTANT_BASE;BaseControlType.CONSTANT_BASE;1;BranchControlType.BRANCH_DEPENDS_ON_SECRET_VALUE;BranchControlType.BRANCH_INDEPENDENT_FROM_SECRET;103456;True;False;True;True;True;False;False;True;True;False;False;False;True;False;True;True;True;False;True;False;[];['has_valid_base'];True;False;True;True;True;False;False;True;True;False;False;False;True;False;True;True;True;False;True;False;[];['has_valid_base']
703e6de9-35b3-42d9-a619-dbef3b6d8d57;ZSTD_sizeof_CCtx;0x193f4;0x19428;0x0;TransmitterType.LOAD;14;0;False;['0x193f4', '0x19408'];<BV64 0xe58 + x0>;64;[('0x19404', <Bool x0 != 0x0>, 'Taken')];[];['<BV64 x0>'];[];['<BV64 x0>'];[];[];0;18446744073709551615;18446744073709551615;1;;;True;3673;3671;18446744073709551614;1;;;True;ControlType.CONTROLLED;0;<BV64 0xe58>;64;[];[];[];[];[];[];[];3672.0;3672.0;0.0;1.0;;;True;3672.0;3672.0;0.0;1.0;;;True;ControlType.NO_CONTROL;0;<BV64 0xe58>;64;[];[];[];[];[];[];[];3672;3672;0;1.0;;;True;3672.0;3672.0;0.0;1.0;;;True;ControlType.NO_CONTROL;0;<BV64 x0>;64;[('0x19404', <Bool x0 != 0x0>, 'Taken')];[];['<BV64 x0>'];[];['<BV64 x0>'];[];[];0.0;1.8446744073709552e+19;18446744073709551615;1;;;True;1.0;1.8446744073709552e+19;18446744073709551614;1;;;True;ControlType.CONTROLLED;0;<BV64 x0>;64;[('0x19404', <Bool x0 != 0x0>, 'Taken')];[];['<BV64 x0>'];[];['<BV64 x0>'];[];[];0.0;1.8446744073709552e+19;1.8446744073709552e+19;1.0;;;True;1.0;1.8446744073709552e+19;1.8446744073709552e+19;1.0;;;True;ControlType.CONTROLLED;0;<BV64 x0>;64;[];[];[];[];[];[];[];0;0;0;;;;False;0;0;0;;;;False;ControlType.UNKNOWN;0;[('0x19404', <Bool x0 != 0x0>, 'Taken')];{'regs': ['<BV64 x0>'], 'indirect_regs': [], 'direct_regs': ['<BV64 x0>'], 'mem': [], 'const_mem': []};[];{'regs': [], 'indirect_regs': [], 'direct_regs': [], 'mem': [], 'const_mem': []};{'regs': ['<BV64 x0>'], 'indirect_regs': [], 'direct_regs': ['<BV64 x0>'], 'mem': [], 'const_mem': []};{'regs': ['<BV64 x0>'], 'indirect_regs': [], 'direct_regs': ['<BV64 x0>'], 'mem': [], 'const_mem': []};63.0;0.0;64.0;64.0;[];;;;BaseControlType.CONSTANT_BASE;BaseControlType.CONSTANT_BASE;BaseControlType.CONSTANT_BASE;1;BranchControlType.BRANCH_DEPENDS_ON_SECRET_VALUE;BranchControlType.BRANCH_INDEPENDENT_FROM_SECRET;103464;True;False;True;True;True;False;False;True;True;False;False;False;True;False;True;True;True;False;True;False;[];['has_valid_base'];True;False;True;True;True;False;False;True;True;False;False;False;True;False;True;True;True;False;True;False;[];['has_valid_base']
afe7a12d-b7cd-4442-8023-2239f8e24f51;ZSTD_sizeof_CCtx;0x193f4;0x19430;0x0;TransmitterType.LOAD;16;0;False;['0x193f4', '0x19408'];<BV64 0xe68 + x0>;64;[('0x19404', <Bool x0 != 0x0>, 'Taken')];[];['<BV64 x0>'];[];['<BV64 x0>'];[];[];0;18446744073709551615;18446744073709551615;1;;;True;3689;3687;18446744073709551614;1;;;True;ControlType.CONTROLLED;0;<BV64 0xe68>;64;[];[];[];[];[];[];[];3688.0;3688.0;0.0;1.0;;;True;3688.0;3688.0;0.0;1.0;;;True;ControlType.NO_CONTROL;0;<BV64 0xe68>;64;[];[];[];[];[];[];[];3688;3688;0;1.0;;;True;3688.0;3688.0;0.0;1.0;;;True;ControlType.NO_CONTROL;0;<BV64 x0>;64;[('0x19404', <Bool x0 != 0x0>, 'Taken')];[];['<BV64 x0>'];[];['<BV64 x0>'];[];[];0.0;1.8446744073709552e+19;18446744073709551615;1;;;True;1.0;1.8446744073709552e+19;18446744073709551614;1;;;True;ControlType.CONTROLLED;0;<BV64 x0>;64;[('0x19404', <Bool x0 != 0x0>, 'Taken')];[];['<BV64 x0>'];[];['<BV64 x0>'];[];[];0.0;1.8446744073709552e+19;1.8446744073709552e+19;1.0;;;True;1.0;1.8446744073709552e+19;1.8446744073709552e+19;1.0;;;True;ControlType.CONTROLLED;0;<BV64 x0>;64;[];[];[];[];[];[];[];0;0;0;;;;False;0;0;0;;;;False;ControlType.UNKNOWN;0;[('0x19404', <Bool x0 != 0x0>, 'Taken')];{'regs': ['<BV64 x0>'], 'indirect_regs': [], 'direct_regs': ['<BV64 x0>'], 'mem': [], 'const_mem': []};[];{'regs': [], 'indirect_regs': [], 'direct_regs': [], 'mem': [], 'const_mem': []};{'regs': ['<BV64 x0>'], 'indirect_regs': [], 'direct_regs': ['<BV64 x0>'], 'mem': [], 'const_mem': []};{'regs': ['<BV64 x0>'], 'indirect_regs': [], 'direct_regs': ['<BV64 x0>'], 'mem': [], 'const_mem': []};63.0;0.0;64.0;64.0;[];;;;BaseControlType.CONSTANT_BASE;BaseControlType.CONSTANT_BASE;BaseControlType.CONSTANT_BASE;1;BranchControlType.BRANCH_DEPENDS_ON_SECRET_VALUE;BranchControlType.BRANCH_INDEPENDENT_FROM_SECRET;103472;True;False;True;True;True;False;False;True;True;False;False;False;True;False;True;True;True;False;True;False;[];['has_valid_base'];True;False;True;True;True;False;False;True;True;False;False;False;True;False;True;True;True;False;True;False;[];['has_valid_base']
d5ee7bda-4bf3-4779-9b78-4a22d83471f2;ZSTD_sizeof_CCtx;0x193f4;0x193c0;0x19430;TransmitterType.LOAD;26;1;False;['0x193f4', '0x19408', '0x193b0', '0x193c0'];<BV64 0x20 + LOAD_64[<BV64 x0 + 0xe68>]_30>;64;[('0x193bc', <Bool LOAD_64[<BV64 x0 + 0xe68>]_30 != 0x0>, 'Taken')];[];['<BV64 x0>'];"[""<BV64 x0>: ['0xe68']""]";[];['<BV64 x0 + 0xe68>'];[];0;18446744073709551615;18446744073709551615;1;;;True;33;31;18446744073709551614;1;;;True;ControlType.CONTROLLED;1;<BV64 0x20>;64;[];[];[];[];[];[];[];32.0;32.0;0.0;1.0;;;True;32.0;32.0;0.0;1.0;;;True;ControlType.NO_CONTROL;0;<BV64 0x20>;64;[];[];[];[];[];[];[];32;32;0;1.0;;;True;32.0;32.0;0.0;1.0;;;True;ControlType.NO_CONTROL;0;<BV64 LOAD_64[<BV64 x0 + 0xe68>]_30>;64;[('0x193bc', <Bool LOAD_64[<BV64 x0 + 0xe68>]_30 != 0x0>, 'Taken')];[];['<BV64 x0>'];"[""<BV64 x0>: ['0xe68']""]";[];['<BV64 x0 + 0xe68>'];[];0.0;1.8446744073709552e+19;18446744073709551615;1;;;True;1.0;1.8446744073709552e+19;18446744073709551614;1;;;True;ControlType.CONTROLLED;1;<BV64 x0 + 0xe68>;64;[('0x19404', <Bool x0 != 0x0>, 'Taken')];[];['<BV64 x0>'];[];['<BV64 x0>'];[];[];0.0;1.8446744073709552e+19;1.8446744073709552e+19;1.0;;;True;3689.0;3687.0;1.8446744073709552e+19;1.0;;;True;ControlType.CONTROLLED;0;<BV64 LOAD_64[<BV64 x0 + 0xe68>]_30>;64;[];[];[];[];[];[];[];0;0;0;;;;False;0;0;0;;;;False;ControlType.UNKNOWN;1;[('0x193bc', <Bool LOAD_64[<BV64 x0 + 0xe68>]_30 != 0x0>, 'Taken'), ('0x19404', <Bool x0 != 0x0>, 'Taken'), ('0x19444', <Bool True>, 'Taken')];{'regs': ['<BV64 x0>'], 'indirect_regs': [], 'direct_regs': ['<BV64 x0>'], 'mem': ['<BV64 x0 + 0xe68>'], 'const_mem': []};[];{'regs': [], 'indirect_regs': [], 'direct_regs': [], 'mem': [], 'const_mem': []};{'regs': ['<BV64 x0>'], 'indirect_regs': [], 'direct_regs': ['<BV64 x0>'], 'mem': ['<BV64 x0 + 0xe68>'], 'const_mem': []};{'regs': ['<BV64 x0>'], 'indirect_regs': [], 'direct_regs': ['<BV64 x0>'], 'mem': ['<BV64 x0 + 0xe68>'], 'const_mem': []};63.0;0.0;64.0;64.0;[];;;;BaseControlType.CONSTANT_BASE;BaseControlType.CONSTANT_BASE;BaseControlType.CONSTANT_BASE;3;BranchControlType.BRANCH_DEPENDS_ON_SECRET_VALUE;BranchControlType.BRANCH_INDEPENDENT_FROM_SECRET;103360;True;False;True;True;True;False;False;True;True;False;False;False;True;False;True;True;True;False;True;False;[];['has_valid_base'];True;False;True;True;True;False;False;True;True;False;False;False;True;False;True;True;True;False;True;False;[];['has_valid_base']
43bd9021-0c32-4ea7-a929-9db79a142460;ZSTD_sizeof_CCtx;0x193f4;0x193c0;0x19430;TransmitterType.LOAD;26;1;False;['0x193f4', '0x19408', '0x193b0', '0x193c0'];<BV64 0x28 + LOAD_64[<BV64 x0 + 0xe68>]_30>;64;[('0x193bc', <Bool LOAD_64[<BV64 x0 + 0xe68>]_30 != 0x0>, 'Taken')];[];['<BV64 x0>'];"[""<BV64 x0>: ['0xe68']""]";[];['<BV64 x0 + 0xe68>'];[];0;18446744073709551615;18446744073709551615;1;;;True;41;39;18446744073709551614;1;;;True;ControlType.CONTROLLED;1;<BV64 0x28>;64;[];[];[];[];[];[];[];40.0;40.0;0.0;1.0;;;True;40.0;40.0;0.0;1.0;;;True;ControlType.NO_CONTROL;0;<BV64 0x28>;64;[];[];[];[];[];[];[];40;40;0;1.0;;;True;40.0;40.0;0.0;1.0;;;True;ControlType.NO_CONTROL;0;<BV64 LOAD_64[<BV64 x0 + 0xe68>]_30>;64;[('0x193bc', <Bool LOAD_64[<BV64 x0 + 0xe68>]_30 != 0x0>, 'Taken')];[];['<BV64 x0>'];"[""<BV64 x0>: ['0xe68']""]";[];['<BV64 x0 + 0xe68>'];[];0.0;1.8446744073709552e+19;18446744073709551615;1;;;True;1.0;1.8446744073709552e+19;18446744073709551614;1;;;True;ControlType.CONTROLLED;1;<BV64 x0 + 0xe68>;64;[('0x19404', <Bool x0 != 0x0>, 'Taken')];[];['<BV64 x0>'];[];['<BV64 x0>'];[];[];0.0;1.8446744073709552e+19;1.8446744073709552e+19;1.0;;;True;3689.0;3687.0;1.8446744073709552e+19;1.0;;;True;ControlType.CONTROLLED;0;<BV64 LOAD_64[<BV64 x0 + 0xe68>]_30>;64;[];[];[];[];[];[];[];0;0;0;;;;False;0;0;0;;;;False;ControlType.UNKNOWN;1;[('0x193bc', <Bool LOAD_64[<BV64 x0 + 0xe68>]_30 != 0x0>, 'Taken'), ('0x19404', <Bool x0 != 0x0>, 'Taken'), ('0x19444', <Bool True>, 'Taken')];{'regs': ['<BV64 x0>'], 'indirect_regs': [], 'direct_regs': ['<BV64 x0>'], 'mem': ['<BV64 x0 + 0xe68>'], 'const_mem': []};[];{'regs': [], 'indirect_regs': [], 'direct_regs': [], 'mem': [], 'const_mem': []};{'regs': ['<BV64 x0>'], 'indirect_regs': [], 'direct_regs': ['<BV64 x0>'], 'mem': ['<BV64 x0 + 0xe68>'], 'const_mem': []};{'regs': ['<BV64 x0>'], 'indirect_regs': [], 'direct_regs': ['<BV64 x0>'], 'mem': ['<BV64 x0 + 0xe68>'], 'const_mem': []};63.0;0.0;64.0;64.0;[];;;;BaseControlType.CONSTANT_BASE;BaseControlType.CONSTANT_BASE;BaseControlType.CONSTANT_BASE;3;BranchControlType.BRANCH_DEPENDS_ON_SECRET_VALUE;BranchControlType.BRANCH_INDEPENDENT_FROM_SECRET;103360;True;False;True;True;True;False;False;True;True;False;False;False;True;False;True;True;True;False;True;False;[];['has_valid_base'];True;False;True;True;True;False;False;True;True;False;False;False;True;False;True;True;True;False;True;False;[];['has_valid_base']
fde6276a-e8a0-443c-a845-7c8cd5dc4f04;ZSTD_sizeof_CCtx;0x193f4;0x1944c;0x0;TransmitterType.LOAD;37;0;False;['0x193f4', '0x19408', '0x193b0', '0x193c0', '0x19448'];<BV64 0xe90 + x0>;64;[('0x19404', <Bool x0 != 0x0>, 'Taken')];[];['<BV64 x0>'];[];['<BV64 x0>'];[];[];0;18446744073709551615;18446744073709551615;1;;;True;3729;3727;18446744073709551614;1;;;True;ControlType.CONTROLLED;0;<BV64 0xe90>;64;[];[];[];[];[];[];[];3728.0;3728.0;0.0;1.0;;;True;3728.0;3728.0;0.0;1.0;;;True;ControlType.NO_CONTROL;0;<BV64 0xe90>;64;[];[];[];[];[];[];[];3728;3728;0;1.0;;;True;3728.0;3728.0;0.0;1.0;;;True;ControlType.NO_CONTROL;0;<BV64 x0>;64;[('0x19404', <Bool x0 != 0x0>, 'Taken')];[];['<BV64 x0>'];[];['<BV64 x0>'];[];[];0.0;1.8446744073709552e+19;18446744073709551615;1;;;True;1.0;1.8446744073709552e+19;18446744073709551614;1;;;True;ControlType.CONTROLLED;0;<BV64 x0>;64;[('0x19404', <Bool x0 != 0x0>, 'Taken')];[];['<BV64 x0>'];[];['<BV64 x0>'];[];[];0.0;1.8446744073709552e+19;1.8446744073709552e+19;1.0;;;True;1.0;1.8446744073709552e+19;1.8446744073709552e+19;1.0;;;True;ControlType.CONTROLLED;0;<BV64 x0>;64;[];[];[];[];[];[];[];0;0;0;;;;False;0;0;0;;;;False;ControlType.UNKNOWN;0;[('0x193bc', <Bool LOAD_64[<BV64 x0 + 0xe68>]_30 != 0x0>, 'Taken'), ('0x193e0', <Bool True>, 'Taken'), ('0x19404', <Bool x0 != 0x0>, 'Taken'), ('0x19444', <Bool True>, 'Taken')];{'regs': ['<BV64 x0>'], 'indirect_regs': [], 'direct_regs': ['<BV64 x0>'], 'mem': ['<BV64 x0 + 0xe68>'], 'const_mem': []};[];{'regs': [], 'indirect_regs': [], 'direct_regs': [], 'mem': [], 'const_mem': []};{'regs': ['<BV64 x0>'], 'indirect_regs': [], 'direct_regs': ['<BV64 x0>'], 'mem': [], 'const_mem': []};{'regs': ['<BV64 x0>'], 'indirect_regs': [], 'direct_regs': ['<BV64 x0>'], 'mem': ['<BV64 x0 + 0xe68>'], 'const_mem': []};63.0;0.0;64.0;64.0;[];;;;BaseControlType.CONSTANT_BASE;BaseControlType.CONSTANT_BASE;BaseControlType.CONSTANT_BASE;4;BranchControlType.BRANCH_DEPENDS_ON_SECRET_VALUE;BranchControlType.BRANCH_INDEPENDENT_FROM_SECRET;103500;True;False;True;True;True;False;False;True;True;False;False;False;True;False;True;True;True;False;True;False;[];['has_valid_base'];True;False;True;True;True;False;False;True;True;False;False;False;True;False;True;True;True;False;True;False;[];['has_valid_base']
35fabccc-3296-4ef4-b858-61f573e437bc;ZSTD_sizeof_CCtx;0x193f4;0x1944c;0x0;TransmitterType.LOAD;32;0;False;['0x193f4', '0x19408', '0x193b0', '0x193e4', '0x19448'];<BV64 0xe90 + x0>;64;[('0x19404', <Bool x0 != 0x0>, 'Taken')];[];['<BV64 x0>'];[];['<BV64 x0>'];[];[];0;18446744073709551615;18446744073709551615;1;;;True;3729;3727;18446744073709551614;1;;;True;ControlType.CONTROLLED;0;<BV64 0xe90>;64;[];[];[];[];[];[];[];3728.0;3728.0;0.0;1.0;;;True;3728.0;3728.0;0.0;1.0;;;True;ControlType.NO_CONTROL;0;<BV64 0xe90>;64;[];[];[];[];[];[];[];3728;3728;0;1.0;;;True;3728.0;3728.0;0.0;1.0;;;True;ControlType.NO_CONTROL;0;<BV64 x0>;64;[('0x19404', <Bool x0 != 0x0>, 'Taken')];[];['<BV64 x0>'];[];['<BV64 x0>'];[];[];0.0;1.8446744073709552e+19;18446744073709551615;1;;;True;1.0;1.8446744073709552e+19;18446744073709551614;1;;;True;ControlType.CONTROLLED;0;<BV64 x0>;64;[('0x19404', <Bool x0 != 0x0>, 'Taken')];[];['<BV64 x0>'];[];['<BV64 x0>'];[];[];0.0;1.8446744073709552e+19;1.8446744073709552e+19;1.0;;;True;1.0;1.8446744073709552e+19;1.8446744073709552e+19;1.0;;;True;ControlType.CONTROLLED;0;<BV64 x0>;64;[];[];[];[];[];[];[];0;0;0;;;;False;0;0;0;;;;False;ControlType.UNKNOWN;0;[('0x193bc', <Bool LOAD_64[<BV64 x0 + 0xe68>]_30 == 0x0>, 'Taken'), ('0x193f0', <Bool True>, 'Taken'), ('0x19404', <Bool x0 != 0x0>, 'Taken'), ('0x19444', <Bool True>, 'Taken')];{'regs': ['<BV64 x0>'], 'indirect_regs': [], 'direct_regs': ['<BV64 x0>'], 'mem': ['<BV64 x0 + 0xe68>'], 'const_mem': []};[];{'regs': [], 'indirect_regs': [], 'direct_regs': [], 'mem': [], 'const_mem': []};{'regs': ['<BV64 x0>'], 'indirect_regs': [], 'direct_regs': ['<BV64 x0>'], 'mem': [], 'const_mem': []};{'regs': ['<BV64 x0>'], 'indirect_regs': [], 'direct_regs': ['<BV64 x0>'], 'mem': ['<BV64 x0 + 0xe68>'], 'const_mem': []};63.0;0.0;64.0;64.0;[];;;;BaseControlType.CONSTANT_BASE;BaseControlType.CONSTANT_BASE;BaseControlType.CONSTANT_BASE;4;BranchControlType.BRANCH_DEPENDS_ON_SECRET_VALUE;BranchControlType.BRANCH_INDEPENDENT_FROM_SECRET;103500;True;False;True;True;True;False;False;True;True;False;False;False;True;False;True;True;True;False;True;False;[];['has_valid_base'];True;False;True;True;True;False;False;True;True;False;False;False;True;False;True;True;True;False;True;False;[];['has_valid_base']
d2597fc0-0203-4156-b35b-84a209720c53;ZSTD_CCtxParams_reset;0x14dd0;0x14b90;0x0;TransmitterType.STORE;17;0;False;['0x14dd0', '0x14b70', '0x14b80'];<BV64 0xd0 + x0>;64;[('0x14b7c', <Bool x0 != 0x0>, 'Taken')];[];['<BV64 x0>'];[];['<BV64 x0>'];[];[];0;18446744073709551615;18446744073709551615;1;;;True;209;207;18446744073709551614;1;;;True;ControlType.CONTROLLED;0;<BV64 0xd0>;64;[];[];[];[];[];[];[];208.0;208.0;0.0;1.0;;;True;208.0;208.0;0.0;1.0;;;True;ControlType.NO_CONTROL;0;<BV64 0xd0>;64;[];[];[];[];[];[];[];208;208;0;1.0;;;True;208.0;208.0;0.0;1.0;;;True;ControlType.NO_CONTROL;0;<BV64 x0>;64;[('0x14b7c', <Bool x0 != 0x0>, 'Taken')];[];['<BV64 x0>'];[];['<BV64 x0>'];[];[];0.0;1.8446744073709552e+19;18446744073709551615;1;;;True;1.0;1.8446744073709552e+19;18446744073709551614;1;;;True;ControlType.CONTROLLED;0;<BV64 x0>;64;[('0x14b7c', <Bool x0 != 0x0>, 'Taken')];[];['<BV64 x0>'];[];['<BV64 x0>'];[];[];0.0;1.8446744073709552e+19;1.8446744073709552e+19;1.0;;;True;1.0;1.8446744073709552e+19;1.8446744073709552e+19;1.0;;;True;ControlType.CONTROLLED;0;<BV64 x0>;64;[];[];[];[];[];[];[];0;0;0;;;;False;0;0;0;;;;False;ControlType.UNKNOWN;0;[('0x14b7c', <Bool x0 != 0x0>, 'Taken'), ('0x14de8', <Bool True>, 'Taken')];{'regs': ['<BV64 x0>'], 'indirect_regs': [], 'direct_regs': ['<BV64 x0>'], 'mem': [], 'const_mem': []};[];{'regs': [], 'indirect_regs': [], 'direct_regs': [], 'mem': [], 'const_mem': []};{'regs': ['<BV64 x0>'], 'indirect_regs': [], 'direct_regs': ['<BV64 x0>'], 'mem': [], 'const_mem': []};{'regs': ['<BV64 x0>'], 'indirect_regs': [], 'direct_regs': ['<BV64 x0>'], 'mem': [], 'const_mem': []};63.0;0.0;64.0;64.0;[];;;;BaseControlType.CONSTANT_BASE;BaseControlType.CONSTANT_BASE;BaseControlType.CONSTANT_BASE;2;BranchControlType.BRANCH_DEPENDS_ON_SECRET_VALUE;BranchControlType.BRANCH_INDEPENDENT_FROM_SECRET;84880;True;False;True;True;True;False;False;True;True;False;False;False;True;False;True;True;True;False;True;False;[];['has_valid_base'];True;False;True;True;True;False;False;True;True;False;False;False;True;False;True;True;True;False;True;False;[];['has_valid_base']
1bf26f77-38aa-4d59-9b9e-69394db024ae;ZSTD_CCtxParams_reset;0x14dd0;0x14b94;0x0;TransmitterType.STORE;18;0;False;['0x14dd0', '0x14b70', '0x14b80'];<BV64 0x20 + x0>;64;[('0x14b7c', <Bool x0 != 0x0>, 'Taken')];[];['<BV64 x0>'];[];['<BV64 x0>'];[];[];0;18446744073709551615;18446744073709551615;1;;;True;33;31;18446744073709551614;1;;;True;ControlType.CONTROLLED;0;<BV64 0x20>;64;[];[];[];[];[];[];[];32.0;32.0;0.0;1.0;;;True;32.0;32.0;0.0;1.0;;;True;ControlType.NO_CONTROL;0;<BV64 0x20>;64;[];[];[];[];[];[];[];32;32;0;1.0;;;True;32.0;32.0;0.0;1.0;;;True;ControlType.NO_CONTROL;0;<BV64 x0>;64;[('0x14b7c', <Bool x0 != 0x0>, 'Taken')];[];['<BV64 x0>'];[];['<BV64 x0>'];[];[];0.0;1.8446744073709552e+19;18446744073709551615;1;;;True;1.0;1.8446744073709552e+19;18446744073709551614;1;;;True;ControlType.CONTROLLED;0;<BV64 x0>;64;[('0x14b7c', <Bool x0 != 0x0>, 'Taken')];[];['<BV64 x0>'];[];['<BV64 x0>'];[];[];0.0;1.8446744073709552e+19;1.8446744073709552e+19;1.0;;;True;1.0;1.8446744073709552e+19;1.8446744073709552e+19;1.0;;;True;ControlType.CONTROLLED;0;<BV64 x0>;64;[];[];[];[];[];[];[];0;0;0;;;;False;0;0;0;;;;False;ControlType.UNKNOWN;0;[('0x14b7c', <Bool x0 != 0x0>, 'Taken'), ('0x14de8', <Bool True>, 'Taken')];{'regs': ['<BV64 x0>'], 'indirect_regs': [], 'direct_regs': ['<BV64 x0>'], 'mem': [], 'const_mem': []};[];{'regs': [], 'indirect_regs': [], 'direct_regs': [], 'mem': [], 'const_mem': []};{'regs': ['<BV64 x0>'], 'indirect_regs': [], 'direct_regs': ['<BV64 x0>'], 'mem': [], 'const_mem': []};{'regs': ['<BV64 x0>'], 'indirect_regs': [], 'direct_regs': ['<BV64 x0>'], 'mem': [], 'const_mem': []};63.0;0.0;64.0;64.0;[];;;;BaseControlType.CONSTANT_BASE;BaseControlType.CONSTANT_BASE;BaseControlType.CONSTANT_BASE;2;BranchControlType.BRANCH_DEPENDS_ON_SECRET_VALUE;BranchControlType.BRANCH_INDEPENDENT_FROM_SECRET;84884;True;False;True;True;True;False;False;True;True;False;False;False;True;False;True;True;True;False;True;False;[];['has_valid_base'];True;False;True;True;True;False;False;True;True;False;False;False;True;False;True;True;True;False;True;False;[];['has_valid_base']
4978430b-bd66-46a0-8884-a005f62c3860;ZSTD_CCtxParams_reset;0x14dd0;0x14b94;0x0;TransmitterType.STORE;18;0;False;['0x14dd0', '0x14b70', '0x14b80'];<BV64 0x30 + x0>;64;[('0x14b7c', <Bool x0 != 0x0>, 'Taken')];[];['<BV64 x0>'];[];['<BV64 x0>'];[];[];0;18446744073709551615;18446744073709551615;1;;;True;49;47;18446744073709551614;1;;;True;ControlType.CONTROLLED;0;<BV64 0x30>;64;[];[];[];[];[];[];[];48.0;48.0;0.0;1.0;;;True;48.0;48.0;0.0;1.0;;;True;ControlType.NO_CONTROL;0;<BV64 0x30>;64;[];[];[];[];[];[];[];48;48;0;1.0;;;True;48.0;48.0;0.0;1.0;;;True;ControlType.NO_CONTROL;0;<BV64 x0>;64;[('0x14b7c', <Bool x0 != 0x0>, 'Taken')];[];['<BV64 x0>'];[];['<BV64 x0>'];[];[];0.0;1.8446744073709552e+19;18446744073709551615;1;;;True;1.0;1.8446744073709552e+19;18446744073709551614;1;;;True;ControlType.CONTROLLED;0;<BV64 x0>;64;[('0x14b7c', <Bool x0 != 0x0>, 'Taken')];[];['<BV64 x0>'];[];['<BV64 x0>'];[];[];0.0;1.8446744073709552e+19;1.8446744073709552e+19;1.0;;;True;1.0;1.8446744073709552e+19;1.8446744073709552e+19;1.0;;;True;ControlType.CONTROLLED;0;<BV64 x0>;64;[];[];[];[];[];[];[];0;0;0;;;;False;0;0;0;;;;False;ControlType.UNKNOWN;0;[('0x14b7c', <Bool x0 != 0x0>, 'Taken'), ('0x14de8', <Bool True>, 'Taken')];{'regs': ['<BV64 x0>'], 'indirect_regs': [], 'direct_regs': ['<BV64 x0>'], 'mem': [], 'const_mem': []};[];{'regs': [], 'indirect_regs': [], 'direct_regs': [], 'mem': [], 'const_mem': []};{'regs': ['<BV64 x0>'], 'indirect_regs': [], 'direct_regs': ['<BV64 x0>'], 'mem': [], 'const_mem': []};{'regs': ['<BV64 x0>'], 'indirect_regs': [], 'direct_regs': ['<BV64 x0>'], 'mem': [], 'const_mem': []};63.0;0.0;64.0;64.0;[];;;;BaseControlType.CONSTANT_BASE;BaseControlType.CONSTANT_BASE;BaseControlType.CONSTANT_BASE;2;BranchControlType.BRANCH_DEPENDS_ON_SECRET_VALUE;BranchControlType.BRANCH_INDEPENDENT_FROM_SECRET;84884;True;False;True;True;True;False;False;True;True;False;False;False;True;False;True;True;True;False;True;False;[];['has_valid_base'];True;False;True;True;True;False;False;True;True;False;False;False;True;False;True;True;True;False;True;False;[];['has_valid_base']
c48793b3-096f-416f-8332-4615bf784fd6;ZSTD_CCtxParams_reset;0x14dd0;0x14b98;0x0;TransmitterType.STORE;19;0;False;['0x14dd0', '0x14b70', '0x14b80'];<BV64 0x20 + x0>;64;[('0x14b7c', <Bool x0 != 0x0>, 'Taken')];[];['<BV64 x0>'];[];['<BV64 x0>'];[];[];0;18446744073709551615;18446744073709551615;1;;;True;33;31;18446744073709551614;1;;;True;ControlType.CONTROLLED;0;<BV64 0x20>;64;[];[];[];[];[];[];[];32.0;32.0;0.0;1.0;;;True;32.0;32.0;0.0;1.0;;;True;ControlType.NO_CONTROL;0;<BV64 0x20>;64;[];[];[];[];[];[];[];32;32;0;1.0;;;True;32.0;32.0;0.0;1.0;;;True;ControlType.NO_CONTROL;0;<BV64 x0>;64;[('0x14b7c', <Bool x0 != 0x0>, 'Taken')];[];['<BV64 x0>'];[];['<BV64 x0>'];[];[];0.0;1.8446744073709552e+19;18446744073709551615;1;;;True;1.0;1.8446744073709552e+19;18446744073709551614;1;;;True;ControlType.CONTROLLED;0;<BV64 x0>;64;[('0x14b7c', <Bool x0 != 0x0>, 'Taken')];[];['<BV64 x0>'];[];['<BV64 x0>'];[];[];0.0;1.8446744073709552e+19;1.8446744073709552e+19;1.0;;;True;1.0;1.8446744073709552e+19;1.8446744073709552e+19;1.0;;;True;ControlType.CONTROLLED;0;<BV64 x0>;64;[];[];[];[];[];[];[];0;0;0;;;;False;0;0;0;;;;False;ControlType.UNKNOWN;0;[('0x14b7c', <Bool x0 != 0x0>, 'Taken'), ('0x14de8', <Bool True>, 'Taken')];{'regs': ['<BV64 x0>'], 'indirect_regs': [], 'direct_regs': ['<BV64 x0>'], 'mem': [], 'const_mem': []};[];{'regs': [], 'indirect_regs': [], 'direct_regs': [], 'mem': [], 'const_mem': []};{'regs': ['<BV64 x0>'], 'indirect_regs': [], 'direct_regs': ['<BV64 x0>'], 'mem': [], 'const_mem': []};{'regs': ['<BV64 x0>'], 'indirect_regs': [], 'direct_regs': ['<BV64 x0>'], 'mem': [], 'const_mem': []};63.0;0.0;64.0;64.0;[];;;;BaseControlType.CONSTANT_BASE;BaseControlType.CONSTANT_BASE;BaseControlType.CONSTANT_BASE;2;BranchControlType.BRANCH_DEPENDS_ON_SECRET_VALUE;BranchControlType.BRANCH_INDEPENDENT_FROM_SECRET;84888;True;False;True;True;True;False;False;True;True;False;False;False;True;False;True;True;True;False;True;False;[];['has_valid_base'];True;False;True;True;True;False;False;True;True;False;False;False;True;False;True;True;True;False;True;False;[];['has_valid_base']
74739808-fa2b-412e-9883-ca08d7482c22;ZSTD_CCtxParams_reset;0x14dd0;0x14b9c;0x0;TransmitterType.STORE;20;0;False;['0x14dd0', '0x14b70', '0x14b80'];<BV64 0x2c + x0>;64;[('0x14b7c', <Bool x0 != 0x0>, 'Taken')];[];['<BV64 x0>'];[];['<BV64 x0>'];[];[];0;18446744073709551615;18446744073709551615;1;;;True;45;43;18446744073709551614;1;;;True;ControlType.CONTROLLED;0;<BV64 0x2c>;64;[];[];[];[];[];[];[];44.0;44.0;0.0;1.0;;;True;44.0;44.0;0.0;1.0;;;True;ControlType.NO_CONTROL;0;<BV64 0x2c>;64;[];[];[];[];[];[];[];44;44;0;1.0;;;True;44.0;44.0;0.0;1.0;;;True;ControlType.NO_CONTROL;0;<BV64 x0>;64;[('0x14b7c', <Bool x0 != 0x0>, 'Taken')];[];['<BV64 x0>'];[];['<BV64 x0>'];[];[];0.0;1.8446744073709552e+19;18446744073709551615;1;;;True;1.0;1.8446744073709552e+19;18446744073709551614;1;;;True;ControlType.CONTROLLED;0;<BV64 x0>;64;[('0x14b7c', <Bool x0 != 0x0>, 'Taken')];[];['<BV64 x0>'];[];['<BV64 x0>'];[];[];0.0;1.8446744073709552e+19;1.8446744073709552e+19;1.0;;;True;1.0;1.8446744073709552e+19;1.8446744073709552e+19;1.0;;;True;ControlType.CONTROLLED;0;<BV64 x0>;64;[];[];[];[];[];[];[];0;0;0;;;;False;0;0;0;;;;False;ControlType.UNKNOWN;0;[('0x14b7c', <Bool x0 != 0x0>, 'Taken'), ('0x14de8', <Bool True>, 'Taken')];{'regs': ['<BV64 x0>'], 'indirect_regs': [], 'direct_regs': ['<BV64 x0>'], 'mem': [], 'const_mem': []};[];{'regs': [], 'indirect_regs': [], 'direct_regs': [], 'mem': [], 'const_mem': []};{'regs': ['<BV64 x0>'], 'indirect_regs': [], 'direct_regs': ['<BV64 x0>'], 'mem': [], 'const_mem': []};{'regs': ['<BV64 x0>'], 'indirect_regs': [], 'direct_regs': ['<BV64 x0>'], 'mem': [], 'const_mem': []};63.0;0.0;64.0;64.0;[];;;;BaseControlType.CONSTANT_BASE;BaseControlType.CONSTANT_BASE;BaseControlType.CONSTANT_BASE;2;BranchControlType.BRANCH_DEPENDS_ON_SECRET_VALUE;BranchControlType.BRANCH_INDEPENDENT_FROM_SECRET;84892;True;False;True;True;True;False;False;True;True;False;False;False;True;False;True;True;True;False;True;False;[];['has_valid_base'];True;False;True;True;True;False;False;True;True;False;False;False;True;False;True;True;True;False;True;False;[];['has_valid_base']
87b6317f-747a-4e53-92fa-3ffa2679773e;ZSTD_CCtxParams_reset;0x14dd0;0x14ba0;0x0;TransmitterType.STORE;21;0;False;['0x14dd0', '0x14b70', '0x14b80'];<BV64 x0>;64;[('0x14b7c', <Bool x0 != 0x0>, 'Taken')];[];['<BV64 x0>'];[];['<BV64 x0>'];[];[];0;18446744073709551615;18446744073709551615;1;;;True;1;18446744073709551615;18446744073709551614;1;;;True;ControlType.CONTROLLED;0;;0;[];[];[];[];[];[];[];0.0;0.0;0.0;0.0;;;False;0.0;0.0;0.0;0.0;;;False;ControlType.UNKNOWN;0;;0;[];[];[];[];[];[];[];0;0;0;;;;False;0.0;0.0;0.0;0.0;;;False;ControlType.UNKNOWN;0;<BV64 x0>;64;[('0x14b7c', <Bool x0 != 0x0>, 'Taken')];[];['<BV64 x0>'];[];['<BV64 x0>'];[];[];0.0;1.8446744073709552e+19;18446744073709551615;1;;;True;1.0;1.8446744073709552e+19;18446744073709551614;1;;;True;ControlType.CONTROLLED;0;<BV64 x0>;64;[('0x14b7c', <Bool x0 != 0x0>, 'Taken')];[];['<BV64 x0>'];[];['<BV64 x0>'];[];[];0.0;1.8446744073709552e+19;1.8446744073709552e+19;1.0;;;True;1.0;1.8446744073709552e+19;1.8446744073709552e+19;1.0;;;True;ControlType.CONTROLLED;0;<BV64 x0>;64;[];[];[];[];[];[];[];0;0;0;;;;False;0;0;0;;;;False;ControlType.UNKNOWN;0;[('0x14b7c', <Bool x0 != 0x0>, 'Taken'), ('0x14de8', <Bool True>, 'Taken')];{'regs': ['<BV64 x0>'], 'indirect_regs': [], 'direct_regs': ['<BV64 x0>'], 'mem': [], 'const_mem': []};[];{'regs': [], 'indirect_regs': [], 'direct_regs': [], 'mem': [], 'const_mem': []};{'regs': ['<BV64 x0>'], 'indirect_regs': [], 'direct_regs': ['<BV64 x0>'], 'mem': [], 'const_mem': []};{'regs': ['<BV64 x0>'], 'indirect_regs': [], 'direct_regs': ['<BV64 x0>'], 'mem': [], 'const_mem': []};63.0;0.0;64.0;64.0;[];;;;BaseControlType.NO_BASE;BaseControlType.NO_BASE;BaseControlType.NO_BASE;2;BranchControlType.BRANCH_DEPENDS_ON_SECRET_VALUE;BranchControlType.BRANCH_INDEPENDENT_FROM_SECRET;84896;True;False;True;True;True;False;False;True;True;False;False;False;True;False;True;True;True;False;True;False;[];['has_valid_base'];True;False;True;True;True;False;False;True;True;False;False;False;True;False;True;True;True;False;True;False;[];['has_valid_base']
1fc23c9d-68ed-4721-9206-0dd87ecd7361;ZSTD_CCtxParams_reset;0x14dd0;0x14ba0;0x0;TransmitterType.STORE;21;0;False;['0x14dd0', '0x14b70', '0x14b80'];<BV64 0x10 + x0>;64;[('0x14b7c', <Bool x0 != 0x0>, 'Taken')];[];['<BV64 x0>'];[];['<BV64 x0>'];[];[];0;18446744073709551615;18446744073709551615;1;;;True;17;15;18446744073709551614;1;;;True;ControlType.CONTROLLED;0;<BV64 0x10>;64;[];[];[];[];[];[];[];16.0;16.0;0.0;1.0;;;True;16.0;16.0;0.0;1.0;;;True;ControlType.NO_CONTROL;0;<BV64 0x10>;64;[];[];[];[];[];[];[];16;16;0;1.0;;;True;16.0;16.0;0.0;1.0;;;True;ControlType.NO_CONTROL;0;<BV64 x0>;64;[('0x14b7c', <Bool x0 != 0x0>, 'Taken')];[];['<BV64 x0>'];[];['<BV64 x0>'];[];[];0.0;1.8446744073709552e+19;18446744073709551615;1;;;True;1.0;1.8446744073709552e+19;18446744073709551614;1;;;True;ControlType.CONTROLLED;0;<BV64 x0>;64;[('0x14b7c', <Bool x0 != 0x0>, 'Taken')];[];['<BV64 x0>'];[];['<BV64 x0>'];[];[];0.0;1.8446744073709552e+19;1.8446744073709552e+19;1.0;;;True;1.0;1.8446744073709552e+19;1.8446744073709552e+19;1.0;;;True;ControlType.CONTROLLED;0;<BV64 x0>;64;[];[];[];[];[];[];[];0;0;0;;;;False;0;0;0;;;;False;ControlType.UNKNOWN;0;[('0x14b7c', <Bool x0 != 0x0>, 'Taken'), ('0x14de8', <Bool True>, 'Taken')];{'regs': ['<BV64 x0>'], 'indirect_regs': [], 'direct_regs': ['<BV64 x0>'], 'mem': [], 'const_mem': []};[];{'regs': [], 'indirect_regs': [], 'direct_regs': [], 'mem': [], 'const_mem': []};{'regs': ['<BV64 x0>'], 'indirect_regs': [], 'direct_regs': ['<BV64 x0>'], 'mem': [], 'const_mem': []};{'regs': ['<BV64 x0>'], 'indirect_regs': [], 'direct_regs': ['<BV64 x0>'], 'mem': [], 'const_mem': []};63.0;0.0;64.0;64.0;[];;;;BaseControlType.CONSTANT_BASE;BaseControlType.CONSTANT_BASE;BaseControlType.CONSTANT_BASE;2;BranchControlType.BRANCH_DEPENDS_ON_SECRET_VALUE;BranchControlType.BRANCH_INDEPENDENT_FROM_SECRET;84896;True;False;True;True;True;False;False;True;True;False;False;False;True;False;True;True;True;False;True;False;[];['has_valid_base'];True;False;True;True;True;False;False;True;True;False;False;False;True;False;True;True;True;False;True;False;[];['has_valid_base']
5e9b7219-3fb6-4a86-9b04-6547021ff227;ZSTD_CCtxParams_reset;0x14dd0;0x14ba4;0x0;TransmitterType.STORE;22;0;False;['0x14dd0', '0x14b70', '0x14b80'];<BV64 0x40 + x0>;64;[('0x14b7c', <Bool x0 != 0x0>, 'Taken')];[];['<BV64 x0>'];[];['<BV64 x0>'];[];[];0;18446744073709551615;18446744073709551615;1;;;True;65;63;18446744073709551614;1;;;True;ControlType.CONTROLLED;0;<BV64 0x40>;64;[];[];[];[];[];[];[];64.0;64.0;0.0;1.0;;;True;64.0;64.0;0.0;1.0;;;True;ControlType.NO_CONTROL;0;<BV64 0x40>;64;[];[];[];[];[];[];[];64;64;0;1.0;;;True;64.0;64.0;0.0;1.0;;;True;ControlType.NO_CONTROL;0;<BV64 x0>;64;[('0x14b7c', <Bool x0 != 0x0>, 'Taken')];[];['<BV64 x0>'];[];['<BV64 x0>'];[];[];0.0;1.8446744073709552e+19;18446744073709551615;1;;;True;1.0;1.8446744073709552e+19;18446744073709551614;1;;;True;ControlType.CONTROLLED;0;<BV64 x0>;64;[('0x14b7c', <Bool x0 != 0x0>, 'Taken')];[];['<BV64 x0>'];[];['<BV64 x0>'];[];[];0.0;1.8446744073709552e+19;1.8446744073709552e+19;1.0;;;True;1.0;1.8446744073709552e+19;1.8446744073709552e+19;1.0;;;True;ControlType.CONTROLLED;0;<BV64 x0>;64;[];[];[];[];[];[];[];0;0;0;;;;False;0;0;0;;;;False;ControlType.UNKNOWN;0;[('0x14b7c', <Bool x0 != 0x0>, 'Taken'), ('0x14de8', <Bool True>, 'Taken')];{'regs': ['<BV64 x0>'], 'indirect_regs': [], 'direct_regs': ['<BV64 x0>'], 'mem': [], 'const_mem': []};[];{'regs': [], 'indirect_regs': [], 'direct_regs': [], 'mem': [], 'const_mem': []};{'regs': ['<BV64 x0>'], 'indirect_regs': [], 'direct_regs': ['<BV64 x0>'], 'mem': [], 'const_mem': []};{'regs': ['<BV64 x0>'], 'indirect_regs': [], 'direct_regs': ['<BV64 x0>'], 'mem': [], 'const_mem': []};63.0;0.0;64.0;64.0;[];;;;BaseControlType.CONSTANT_BASE;BaseControlType.CONSTANT_BASE;BaseControlType.CONSTANT_BASE;2;BranchControlType.BRANCH_DEPENDS_ON_SECRET_VALUE;BranchControlType.BRANCH_INDEPENDENT_FROM_SECRET;84900;True;False;True;True;True;False;False;True;True;False;False;False;True;False;True;True;True;False;True;False;[];['has_valid_base'];True;False;True;True;True;False;False;True;True;False;False;False;True;False;True;True;True;False;True;False;[];['has_valid_base']
23a4eb0c-3727-4506-b792-cc3abd6e5047;ZSTD_CCtxParams_reset;0x14dd0;0x14ba4;0x0;TransmitterType.STORE;22;0;False;['0x14dd0', '0x14b70', '0x14b80'];<BV64 0x50 + x0>;64;[('0x14b7c', <Bool x0 != 0x0>, 'Taken')];[];['<BV64 x0>'];[];['<BV64 x0>'];[];[];0;18446744073709551615;18446744073709551615;1;;;True;81;79;18446744073709551614;1;;;True;ControlType.CONTROLLED;0;<BV64 0x50>;64;[];[];[];[];[];[];[];80.0;80.0;0.0;1.0;;;True;80.0;80.0;0.0;1.0;;;True;ControlType.NO_CONTROL;0;<BV64 0x50>;64;[];[];[];[];[];[];[];80;80;0;1.0;;;True;80.0;80.0;0.0;1.0;;;True;ControlType.NO_CONTROL;0;<BV64 x0>;64;[('0x14b7c', <Bool x0 != 0x0>, 'Taken')];[];['<BV64 x0>'];[];['<BV64 x0>'];[];[];0.0;1.8446744073709552e+19;18446744073709551615;1;;;True;1.0;1.8446744073709552e+19;18446744073709551614;1;;;True;ControlType.CONTROLLED;0;<BV64 x0>;64;[('0x14b7c', <Bool x0 != 0x0>, 'Taken')];[];['<BV64 x0>'];[];['<BV64 x0>'];[];[];0.0;1.8446744073709552e+19;1.8446744073709552e+19;1.0;;;True;1.0;1.8446744073709552e+19;1.8446744073709552e+19;1.0;;;True;ControlType.CONTROLLED;0;<BV64 x0>;64;[];[];[];[];[];[];[];0;0;0;;;;False;0;0;0;;;;False;ControlType.UNKNOWN;0;[('0x14b7c', <Bool x0 != 0x0>, 'Taken'), ('0x14de8', <Bool True>, 'Taken')];{'regs': ['<BV64 x0>'], 'indirect_regs': [], 'direct_regs': ['<BV64 x0>'], 'mem': [], 'const_mem': []};[];{'regs': [], 'indirect_regs': [], 'direct_regs': [], 'mem': [], 'const_mem': []};{'regs': ['<BV64 x0>'], 'indirect_regs': [], 'direct_regs': ['<BV64 x0>'], 'mem': [], 'const_mem': []};{'regs': ['<BV64 x0>'], 'indirect_regs': [], 'direct_regs': ['<BV64 x0>'], 'mem': [], 'const_mem': []};63.0;0.0;64.0;64.0;[];;;;BaseControlType.CONSTANT_BASE;BaseControlType.CONSTANT_BASE;BaseControlType.CONSTANT_BASE;2;BranchControlType.BRANCH_DEPENDS_ON_SECRET_VALUE;BranchControlType.BRANCH_INDEPENDENT_FROM_SECRET;84900;True;False;True;True;True;False;False;True;True;False;False;False;True;False;True;True;True;False;True;False;[];['has_valid_base'];True;False;True;True;True;False;False;True;True;False;False;False;True;False;True;True;True;False;True;False;[];['has_valid_base']
7a78d1f6-1c2a-445e-a6a9-06d47e396818;ZSTD_CCtxParams_reset;0x14dd0;0x14ba8;0x0;TransmitterType.STORE;23;0;False;['0x14dd0', '0x14b70', '0x14b80'];<BV64 0x60 + x0>;64;[('0x14b7c', <Bool x0 != 0x0>, 'Taken')];[];['<BV64 x0>'];[];['<BV64 x0>'];[];[];0;18446744073709551615;18446744073709551615;1;;;True;97;95;18446744073709551614;1;;;True;ControlType.CONTROLLED;0;<BV64 0x60>;64;[];[];[];[];[];[];[];96.0;96.0;0.0;1.0;;;True;96.0;96.0;0.0;1.0;;;True;ControlType.NO_CONTROL;0;<BV64 0x60>;64;[];[];[];[];[];[];[];96;96;0;1.0;;;True;96.0;96.0;0.0;1.0;;;True;ControlType.NO_CONTROL;0;<BV64 x0>;64;[('0x14b7c', <Bool x0 != 0x0>, 'Taken')];[];['<BV64 x0>'];[];['<BV64 x0>'];[];[];0.0;1.8446744073709552e+19;18446744073709551615;1;;;True;1.0;1.8446744073709552e+19;18446744073709551614;1;;;True;ControlType.CONTROLLED;0;<BV64 x0>;64;[('0x14b7c', <Bool x0 != 0x0>, 'Taken')];[];['<BV64 x0>'];[];['<BV64 x0>'];[];[];0.0;1.8446744073709552e+19;1.8446744073709552e+19;1.0;;;True;1.0;1.8446744073709552e+19;1.8446744073709552e+19;1.0;;;True;ControlType.CONTROLLED;0;<BV64 x0>;64;[];[];[];[];[];[];[];0;0;0;;;;False;0;0;0;;;;False;ControlType.UNKNOWN;0;[('0x14b7c', <Bool x0 != 0x0>, 'Taken'), ('0x14de8', <Bool True>, 'Taken')];{'regs': ['<BV64 x0>'], 'indirect_regs': [], 'direct_regs': ['<BV64 x0>'], 'mem': [], 'const_mem': []};[];{'regs': [], 'indirect_regs': [], 'direct_regs': [], 'mem': [], 'const_mem': []};{'regs': ['<BV64 x0>'], 'indirect_regs': [], 'direct_regs': ['<BV64 x0>'], 'mem': [], 'const_mem': []};{'regs': ['<BV64 x0>'], 'indirect_regs': [], 'direct_regs': ['<BV64 x0>'], 'mem': [], 'const_mem': []};63.0;0.0;64.0;64.0;[];;;;BaseControlType.CONSTANT_BASE;BaseControlType.CONSTANT_BASE;BaseControlType.CONSTANT_BASE;2;BranchControlType.BRANCH_DEPENDS_ON_SECRET_VALUE;BranchControlType.BRANCH_INDEPENDENT_FROM_SECRET;84904;True;False;True;True;True;False;False;True;True;False;False;False;True;False;True;True;True;False;True;False;[];['has_valid_base'];True;False;True;True;True;False;False;True;True;False;False;False;True;False;True;True;True;False;True;False;[];['has_valid_base']
a01a1e63-3905-4342-ad8a-9e8267ef982a;ZSTD_CCtxParams_reset;0x14dd0;0x14ba8;0x0;TransmitterType.STORE;23;0;False;['0x14dd0', '0x14b70', '0x14b80'];<BV64 0x70 + x0>;64;[('0x14b7c', <Bool x0 != 0x0>, 'Taken')];[];['<BV64 x0>'];[];['<BV64 x0>'];[];[];0;18446744073709551615;18446744073709551615;1;;;True;113;111;18446744073709551614;1;;;True;ControlType.CONTROLLED;0;<BV64 0x70>;64;[];[];[];[];[];[];[];112.0;112.0;0.0;1.0;;;True;112.0;112.0;0.0;1.0;;;True;ControlType.NO_CONTROL;0;<BV64 0x70>;64;[];[];[];[];[];[];[];112;112;0;1.0;;;True;112.0;112.0;0.0;1.0;;;True;ControlType.NO_CONTROL;0;<BV64 x0>;64;[('0x14b7c', <Bool x0 != 0x0>, 'Taken')];[];['<BV64 x0>'];[];['<BV64 x0>'];[];[];0.0;1.8446744073709552e+19;18446744073709551615;1;;;True;1.0;1.8446744073709552e+19;18446744073709551614;1;;;True;ControlType.CONTROLLED;0;<BV64 x0>;64;[('0x14b7c', <Bool x0 != 0x0>, 'Taken')];[];['<BV64 x0>'];[];['<BV64 x0>'];[];[];0.0;1.8446744073709552e+19;1.8446744073709552e+19;1.0;;;True;1.0;1.8446744073709552e+19;1.8446744073709552e+19;1.0;;;True;ControlType.CONTROLLED;0;<BV64 x0>;64;[];[];[];[];[];[];[];0;0;0;;;;False;0;0;0;;;;False;ControlType.UNKNOWN;0;[('0x14b7c', <Bool x0 != 0x0>, 'Taken'), ('0x14de8', <Bool True>, 'Taken')];{'regs': ['<BV64 x0>'], 'indirect_regs': [], 'direct_regs': ['<BV64 x0>'], 'mem': [], 'const_mem': []};[];{'regs': [], 'indirect_regs': [], 'direct_regs': [], 'mem': [], 'const_mem': []};{'regs': ['<BV64 x0>'], 'indirect_regs': [], 'direct_regs': ['<BV64 x0>'], 'mem': [], 'const_mem': []};{'regs': ['<BV64 x0>'], 'indirect_regs': [], 'direct_regs': ['<BV64 x0>'], 'mem': [], 'const_mem': []};63.0;0.0;64.0;64.0;[];;;;BaseControlType.CONSTANT_BASE;BaseControlType.CONSTANT_BASE;BaseControlType.CONSTANT_BASE;2;BranchControlType.BRANCH_DEPENDS_ON_SECRET_VALUE;BranchControlType.BRANCH_INDEPENDENT_FROM_SECRET;84904;True;False;True;True;True;False;False;True;True;False;False;False;True;False;True;True;True;False;True;False;[];['has_valid_base'];True;False;True;True;True;False;False;True;True;False;False;False;True;False;True;True;True;False;True;False;[];['has_valid_base']
1fe84a29-1416-4a8f-86b1-f976669739e1;ZSTD_CCtxParams_reset;0x14dd0;0x14bac;0x0;TransmitterType.STORE;24;0;False;['0x14dd0', '0x14b70', '0x14b80'];<BV64 0x80 + x0>;64;[('0x14b7c', <Bool x0 != 0x0>, 'Taken')];[];['<BV64 x0>'];[];['<BV64 x0>'];[];[];0;18446744073709551615;18446744073709551615;1;;;True;129;127;18446744073709551614;1;;;True;ControlType.CONTROLLED;0;<BV64 0x80>;64;[];[];[];[];[];[];[];128.0;128.0;0.0;1.0;;;True;128.0;128.0;0.0;1.0;;;True;ControlType.NO_CONTROL;0;<BV64 0x80>;64;[];[];[];[];[];[];[];128;128;0;1.0;;;True;128.0;128.0;0.0;1.0;;;True;ControlType.NO_CONTROL;0;<BV64 x0>;64;[('0x14b7c', <Bool x0 != 0x0>, 'Taken')];[];['<BV64 x0>'];[];['<BV64 x0>'];[];[];0.0;1.8446744073709552e+19;18446744073709551615;1;;;True;1.0;1.8446744073709552e+19;18446744073709551614;1;;;True;ControlType.CONTROLLED;0;<BV64 x0>;64;[('0x14b7c', <Bool x0 != 0x0>, 'Taken')];[];['<BV64 x0>'];[];['<BV64 x0>'];[];[];0.0;1.8446744073709552e+19;1.8446744073709552e+19;1.0;;;True;1.0;1.8446744073709552e+19;1.8446744073709552e+19;1.0;;;True;ControlType.CONTROLLED;0;<BV64 x0>;64;[];[];[];[];[];[];[];0;0;0;;;;False;0;0;0;;;;False;ControlType.UNKNOWN;0;[('0x14b7c', <Bool x0 != 0x0>, 'Taken'), ('0x14de8', <Bool True>, 'Taken')];{'regs': ['<BV64 x0>'], 'indirect_regs': [], 'direct_regs': ['<BV64 x0>'], 'mem': [], 'const_mem': []};[];{'regs': [], 'indirect_regs': [], 'direct_regs': [], 'mem': [], 'const_mem': []};{'regs': ['<BV64 x0>'], 'indirect_regs': [], 'direct_regs': ['<BV64 x0>'], 'mem': [], 'const_mem': []};{'regs': ['<BV64 x0>'], 'indirect_regs': [], 'direct_regs': ['<BV64 x0>'], 'mem': [], 'const_mem': []};63.0;0.0;64.0;64.0;[];;;;BaseControlType.CONSTANT_BASE;BaseControlType.CONSTANT_BASE;BaseControlType.CONSTANT_BASE;2;BranchControlType.BRANCH_DEPENDS_ON_SECRET_VALUE;BranchControlType.BRANCH_INDEPENDENT_FROM_SECRET;84908;True;False;True;True;True;False;False;True;True;False;False;False;True;False;True;True;True;False;True;False;[];['has_valid_base'];True;False;True;True;True;False;False;True;True;False;False;False;True;False;True;True;True;False;True;False;[];['has_valid_base']
050f88ab-0248-4b68-96be-3f389a27d1ca;ZSTD_CCtxParams_reset;0x14dd0;0x14bac;0x0;TransmitterType.STORE;24;0;False;['0x14dd0', '0x14b70', '0x14b80'];<BV64 0x90 + x0>;64;[('0x14b7c', <Bool x0 != 0x0>, 'Taken')];[];['<BV64 x0>'];[];['<BV64 x0>'];[];[];0;18446744073709551615;18446744073709551615;1;;;True;145;143;18446744073709551614;1;;;True;ControlType.CONTROLLED;0;<BV64 0x90>;64;[];[];[];[];[];[];[];144.0;144.0;0.0;1.0;;;True;144.0;144.0;0.0;1.0;;;True;ControlType.NO_CONTROL;0;<BV64 0x90>;64;[];[];[];[];[];[];[];144;144;0;1.0;;;True;144.0;144.0;0.0;1.0;;;True;ControlType.NO_CONTROL;0;<BV64 x0>;64;[('0x14b7c', <Bool x0 != 0x0>, 'Taken')];[];['<BV64 x0>'];[];['<BV64 x0>'];[];[];0.0;1.8446744073709552e+19;18446744073709551615;1;;;True;1.0;1.8446744073709552e+19;18446744073709551614;1;;;True;ControlType.CONTROLLED;0;<BV64 x0>;64;[('0x14b7c', <Bool x0 != 0x0>, 'Taken')];[];['<BV64 x0>'];[];['<BV64 x0>'];[];[];0.0;1.8446744073709552e+19;1.8446744073709552e+19;1.0;;;True;1.0;1.8446744073709552e+19;1.8446744073709552e+19;1.0;;;True;ControlType.CONTROLLED;0;<BV64 x0>;64;[];[];[];[];[];[];[];0;0;0;;;;False;0;0;0;;;;False;ControlType.UNKNOWN;0;[('0x14b7c', <Bool x0 != 0x0>, 'Taken'), ('0x14de8', <Bool True>, 'Taken')];{'regs': ['<BV64 x0>'], 'indirect_regs': [], 'direct_regs': ['<BV64 x0>'], 'mem': [], 'const_mem': []};[];{'regs': [], 'indirect_regs': [], 'direct_regs': [], 'mem': [], 'const_mem': []};{'regs': ['<BV64 x0>'], 'indirect_regs': [], 'direct_regs': ['<BV64 x0>'], 'mem': [], 'const_mem': []};{'regs': ['<BV64 x0>'], 'indirect_regs': [], 'direct_regs': ['<BV64 x0>'], 'mem': [], 'const_mem': []};63.0;0.0;64.0;64.0;[];;;;BaseControlType.CONSTANT_BASE;BaseControlType.CONSTANT_BASE;BaseControlType.CONSTANT_BASE;2;BranchControlType.BRANCH_DEPENDS_ON_SECRET_VALUE;BranchControlType.BRANCH_INDEPENDENT_FROM_SECRET;84908;True;False;True;True;True;False;False;True;True;False;False;False;True;False;True;True;True;False;True;False;[];['has_valid_base'];True;False;True;True;True;False;False;True;True;False;False;False;True;False;True;True;True;False;True;False;[];['has_valid_base']
8efb1e1c-1a16-4d14-a72b-59eb7ffa10f2;ZSTD_CCtxParams_reset;0x14dd0;0x14bb0;0x0;TransmitterType.STORE;25;0;False;['0x14dd0', '0x14b70', '0x14b80'];<BV64 0xa0 + x0>;64;[('0x14b7c', <Bool x0 != 0x0>, 'Taken')];[];['<BV64 x0>'];[];['<BV64 x0>'];[];[];0;18446744073709551615;18446744073709551615;1;;;True;161;159;18446744073709551614;1;;;True;ControlType.CONTROLLED;0;<BV64 0xa0>;64;[];[];[];[];[];[];[];160.0;160.0;0.0;1.0;;;True;160.0;160.0;0.0;1.0;;;True;ControlType.NO_CONTROL;0;<BV64 0xa0>;64;[];[];[];[];[];[];[];160;160;0;1.0;;;True;160.0;160.0;0.0;1.0;;;True;ControlType.NO_CONTROL;0;<BV64 x0>;64;[('0x14b7c', <Bool x0 != 0x0>, 'Taken')];[];['<BV64 x0>'];[];['<BV64 x0>'];[];[];0.0;1.8446744073709552e+19;18446744073709551615;1;;;True;1.0;1.8446744073709552e+19;18446744073709551614;1;;;True;ControlType.CONTROLLED;0;<BV64 x0>;64;[('0x14b7c', <Bool x0 != 0x0>, 'Taken')];[];['<BV64 x0>'];[];['<BV64 x0>'];[];[];0.0;1.8446744073709552e+19;1.8446744073709552e+19;1.0;;;True;1.0;1.8446744073709552e+19;1.8446744073709552e+19;1.0;;;True;ControlType.CONTROLLED;0;<BV64 x0>;64;[];[];[];[];[];[];[];0;0;0;;;;False;0;0;0;;;;False;ControlType.UNKNOWN;0;[('0x14b7c', <Bool x0 != 0x0>, 'Taken'), ('0x14de8', <Bool True>, 'Taken')];{'regs': ['<BV64 x0>'], 'indirect_regs': [], 'direct_regs': ['<BV64 x0>'], 'mem': [], 'const_mem': []};[];{'regs': [], 'indirect_regs': [], 'direct_regs': [], 'mem': [], 'const_mem': []};{'regs': ['<BV64 x0>'], 'indirect_regs': [], 'direct_regs': ['<BV64 x0>'], 'mem': [], 'const_mem': []};{'regs': ['<BV64 x0>'], 'indirect_regs': [], 'direct_regs': ['<BV64 x0>'], 'mem': [], 'const_mem': []};63.0;0.0;64.0;64.0;[];;;;BaseControlType.CONSTANT_BASE;BaseControlType.CONSTANT_BASE;BaseControlType.CONSTANT_BASE;2;BranchControlType.BRANCH_DEPENDS_ON_SECRET_VALUE;BranchControlType.BRANCH_INDEPENDENT_FROM_SECRET;84912;True;False;True;True;True;False;False;True;True;False;False;False;True;False;True;True;True;False;True;False;[];['has_valid_base'];True;False;True;True;True;False;False;True;True;False;False;False;True;False;True;True;True;False;True;False;[];['has_valid_base']
bb9403a8-69f0-4a46-88dd-faaab017b6ad;ZSTD_CCtxParams_reset;0x14dd0;0x14bb0;0x0;TransmitterType.STORE;25;0;False;['0x14dd0', '0x14b70', '0x14b80'];<BV64 0xb0 + x0>;64;[('0x14b7c', <Bool x0 != 0x0>, 'Taken')];[];['<BV64 x0>'];[];['<BV64 x0>'];[];[];0;18446744073709551615;18446744073709551615;1;;;True;177;175;18446744073709551614;1;;;True;ControlType.CONTROLLED;0;<BV64 0xb0>;64;[];[];[];[];[];[];[];176.0;176.0;0.0;1.0;;;True;176.0;176.0;0.0;1.0;;;True;ControlType.NO_CONTROL;0;<BV64 0xb0>;64;[];[];[];[];[];[];[];176;176;0;1.0;;;True;176.0;176.0;0.0;1.0;;;True;ControlType.NO_CONTROL;0;<BV64 x0>;64;[('0x14b7c', <Bool x0 != 0x0>, 'Taken')];[];['<BV64 x0>'];[];['<BV64 x0>'];[];[];0.0;1.8446744073709552e+19;18446744073709551615;1;;;True;1.0;1.8446744073709552e+19;18446744073709551614;1;;;True;ControlType.CONTROLLED;0;<BV64 x0>;64;[('0x14b7c', <Bool x0 != 0x0>, 'Taken')];[];['<BV64 x0>'];[];['<BV64 x0>'];[];[];0.0;1.8446744073709552e+19;1.8446744073709552e+19;1.0;;;True;1.0;1.8446744073709552e+19;1.8446744073709552e+19;1.0;;;True;ControlType.CONTROLLED;0;<BV64 x0>;64;[];[];[];[];[];[];[];0;0;0;;;;False;0;0;0;;;;False;ControlType.UNKNOWN;0;[('0x14b7c', <Bool x0 != 0x0>, 'Taken'), ('0x14de8', <Bool True>, 'Taken')];{'regs': ['<BV64 x0>'], 'indirect_regs': [], 'direct_regs': ['<BV64 x0>'], 'mem': [], 'const_mem': []};[];{'regs': [], 'indirect_regs': [], 'direct_regs': [], 'mem': [], 'const_mem': []};{'regs': ['<BV64 x0>'], 'indirect_regs': [], 'direct_regs': ['<BV64 x0>'], 'mem': [], 'const_mem': []};{'regs': ['<BV64 x0>'], 'indirect_regs': [], 'direct_regs': ['<BV64 x0>'], 'mem': [], 'const_mem': []};63.0;0.0;64.0;64.0;[];;;;BaseControlType.CONSTANT_BASE;BaseControlType.CONSTANT_BASE;BaseControlType.CONSTANT_BASE;2;BranchControlType.BRANCH_DEPENDS_ON_SECRET_VALUE;BranchControlType.BRANCH_INDEPENDENT_FROM_SECRET;84912;True;False;True;True;True;False;False;True;True;False;False;False;True;False;True;True;True;False;True;False;[];['has_valid_base'];True;False;True;True;True;False;False;True;True;False;False;False;True;False;True;True;True;False;True;False;[];['has_valid_base']
39dd524f-ee43-416b-bdbb-c2fa1150facc;ZSTD_CCtxParams_reset;0x14dd0;0x14bb4;0x0;TransmitterType.STORE;26;0;False;['0x14dd0', '0x14b70', '0x14b80'];<BV64 0xc0 + x0>;64;[('0x14b7c', <Bool x0 != 0x0>, 'Taken')];[];['<BV64 x0>'];[];['<BV64 x0>'];[];[];0;18446744073709551615;18446744073709551615;1;;;True;193;191;18446744073709551614;1;;;True;ControlType.CONTROLLED;0;<BV64 0xc0>;64;[];[];[];[];[];[];[];192.0;192.0;0.0;1.0;;;True;192.0;192.0;0.0;1.0;;;True;ControlType.NO_CONTROL;0;<BV64 0xc0>;64;[];[];[];[];[];[];[];192;192;0;1.0;;;True;192.0;192.0;0.0;1.0;;;True;ControlType.NO_CONTROL;0;<BV64 x0>;64;[('0x14b7c', <Bool x0 != 0x0>, 'Taken')];[];['<BV64 x0>'];[];['<BV64 x0>'];[];[];0.0;1.8446744073709552e+19;18446744073709551615;1;;;True;1.0;1.8446744073709552e+19;18446744073709551614;1;;;True;ControlType.CONTROLLED;0;<BV64 x0>;64;[('0x14b7c', <Bool x0 != 0x0>, 'Taken')];[];['<BV64 x0>'];[];['<BV64 x0>'];[];[];0.0;1.8446744073709552e+19;1.8446744073709552e+19;1.0;;;True;1.0;1.8446744073709552e+19;1.8446744073709552e+19;1.0;;;True;ControlType.CONTROLLED;0;<BV64 x0>;64;[];[];[];[];[];[];[];0;0;0;;;;False;0;0;0;;;;False;ControlType.UNKNOWN;0;[('0x14b7c', <Bool x0 != 0x0>, 'Taken'), ('0x14de8', <Bool True>, 'Taken')];{'regs': ['<BV64 x0>'], 'indirect_regs': [], 'direct_regs': ['<BV64 x0>'], 'mem': [], 'const_mem': []};[];{'regs': [], 'indirect_regs': [], 'direct_regs': [], 'mem': [], 'const_mem': []};{'regs': ['<BV64 x0>'], 'indirect_regs': [], 'direct_regs': ['<BV64 x0>'], 'mem': [], 'const_mem': []};{'regs': ['<BV64 x0>'], 'indirect_regs': [], 'direct_regs': ['<BV64 x0>'], 'mem': [], 'const_mem': []};63.0;0.0;64.0;64.0;[];;;;BaseControlType.CONSTANT_BASE;BaseControlType.CONSTANT_BASE;BaseControlType.CONSTANT_BASE;2;BranchControlType.BRANCH_DEPENDS_ON_SECRET_VALUE;BranchControlType.BRANCH_INDEPENDENT_FROM_SECRET;84916;True;False;True;True;True;False;False;True;True;False;False;False;True;False;True;True;True;False;True;False;[];['has_valid_base'];True;False;True;True;True;False;False;True;True;False;False;False;True;False;True;True;True;False;True;False;[];['has_valid_base']
488e1c3c-99eb-481e-92c7-a2e6d455ccf6;ZSTD_compressStream2;0x1ca64;0x1cad4;0x0;TransmitterType.LOAD;29;0;False;['0x1ca64', '0x1caa4', '0x1cac0', '0x1cad4'];<BV64 0xe18 + x0>;64;[];[];['<BV64 x0>'];[];['<BV64 x0>'];[];[];0;18446744073709551615;18446744073709551615;1;;;True;0;18446744073709551615;18446744073709551615;1;;;True;ControlType.CONTROLLED;0;<BV64 0xe18>;64;[];[];[];[];[];[];[];3608.0;3608.0;0.0;1.0;;;True;3608.0;3608.0;0.0;1.0;;;True;ControlType.NO_CONTROL;0;<BV64 0xe18>;64;[];[];[];[];[];[];[];3608;3608;0;1.0;;;True;3608.0;3608.0;0.0;1.0;;;True;ControlType.NO_CONTROL;0;<BV64 x0>;64;[];[];['<BV64 x0>'];[];['<BV64 x0>'];[];[];0.0;1.8446744073709552e+19;18446744073709551615;1;;;True;0.0;1.8446744073709552e+19;18446744073709551615;1;;;True;ControlType.CONTROLLED;0;<BV64 x0>;64;[];[];['<BV64 x0>'];[];['<BV64 x0>'];[];[];0.0;1.8446744073709552e+19;1.8446744073709552e+19;1.0;;;True;0.0;1.8446744073709552e+19;1.8446744073709552e+19;1.0;;;True;ControlType.CONTROLLED;0;<BV64 x0>;64;[];[];[];[];[];[];[];0;0;0;;;;False;0;0;0;;;;False;ControlType.UNKNOWN;0;[('0x1caa0', <Bool LOAD_64[<BV64 x1 + 0x8>]_29 >= LOAD_64[<BV64 x1 + 0x10>]_30>, 'Taken'), ('0x1cabc', <Bool LOAD_64[<BV64 x2 + 0x8>]_33 >= LOAD_64[<BV64 x2 + 0x10>]_34>, 'Taken'), ('0x1cad0', <Bool 0x2 >= x3[31:0]>, 'Taken')];"{'regs': ['<BV64 x1>', '<BV64 x2>', '<BV64 x3>'], 'indirect_regs': [""<BV64 x1>: ['0x10', '0x8']"", ""<BV64 x2>: ['0x10', '0x8']""], 'direct_regs': ['<BV64 x3>'], 'mem': ['<BV64 x1 + 0x10>', '<BV64 x1 + 0x8>', '<BV64 x2 + 0x10>', '<BV64 x2 + 0x8>'], 'const_mem': []}";[];{'regs': [], 'indirect_regs': [], 'direct_regs': [], 'mem': [], 'const_mem': []};{'regs': ['<BV64 x0>'], 'indirect_regs': [], 'direct_regs': ['<BV64 x0>'], 'mem': [], 'const_mem': []};"{'regs': ['<BV64 x0>', '<BV64 x1>', '<BV64 x2>', '<BV64 x3>'], 'indirect_regs': [""<BV64 x1>: ['0x10', '0x8']"", ""<BV64 x2>: ['0x10', '0x8']""], 'direct_regs': ['<BV64 x0>', '<BV64 x3>'], 'mem': ['<BV64 x1 + 0x10>', '<BV64 x1 + 0x8>', '<BV64 x2 + 0x10>', '<BV64 x2 + 0x8>'], 'const_mem': []}";63.0;0.0;64.0;64.0;[];;;;BaseControlType.CONSTANT_BASE;BaseControlType.CONSTANT_BASE;BaseControlType.CONSTANT_BASE;3;BranchControlType.BRANCH_INDEPENDENT_FROM_SECRET;BranchControlType.BRANCH_INDEPENDENT_FROM_SECRET;117460;True;False;True;True;True;False;False;True;True;False;False;False;True;False;True;False;True;False;True;False;[];['has_valid_base'];True;False;True;True;True;False;False;True;True;False;False;False;True;False;True;False;True;False;True;False;[];['has_valid_base']
29f7c4be-94bc-4c3c-9fdc-e30c00ea9d35;ZSTD_compressStream2;0x1ca64;0x1cadc;0x0;TransmitterType.LOAD;31;0;False;['0x1ca64', '0x1caa4', '0x1cac0', '0x1cad4', '0x1cadc'];<BV64 0xe38 + x0>;64;[];[];['<BV64 x0>'];[];['<BV64 x0>'];[];[];0;18446744073709551615;18446744073709551615;1;;;True;0;18446744073709551615;18446744073709551615;1;;;True;ControlType.CONTROLLED;0;<BV64 0xe38>;64;[];[];[];[];[];[];[];3640.0;3640.0;0.0;1.0;;;True;3640.0;3640.0;0.0;1.0;;;True;ControlType.NO_CONTROL;0;<BV64 0xe38>;64;[];[];[];[];[];[];[];3640;3640;0;1.0;;;True;3640.0;3640.0;0.0;1.0;;;True;ControlType.NO_CONTROL;0;<BV64 x0>;64;[];[];['<BV64 x0>'];[];['<BV64 x0>'];[];[];0.0;1.8446744073709552e+19;18446744073709551615;1;;;True;0.0;1.8446744073709552e+19;18446744073709551615;1;;;True;ControlType.CONTROLLED;0;<BV64 x0>;64;[];[];['<BV64 x0>'];[];['<BV64 x0>'];[];[];0.0;1.8446744073709552e+19;1.8446744073709552e+19;1.0;;;True;0.0;1.8446744073709552e+19;1.8446744073709552e+19;1.0;;;True;ControlType.CONTROLLED;0;<BV64 x0>;64;[];[];[];[];[];[];[];0;0;0;;;;False;0;0;0;;;;False;ControlType.UNKNOWN;0;[('0x1caa0', <Bool LOAD_64[<BV64 x1 + 0x8>]_29 >= LOAD_64[<BV64 x1 + 0x10>]_30>, 'Taken'), ('0x1cabc', <Bool LOAD_64[<BV64 x2 + 0x8>]_33 >= LOAD_64[<BV64 x2 + 0x10>]_34>, 'Taken'), ('0x1cad0', <Bool 0x2 >= x3[31:0]>, 'Taken'), ('0x1cad8', <Bool LOAD_32[<BV64 x0 + 0xe18>]_37 == 0x0>, 'Taken')];"{'regs': ['<BV64 x0>', '<BV64 x1>', '<BV64 x2>', '<BV64 x3>'], 'indirect_regs': [""<BV64 x0>: ['0xe18']"", ""<BV64 x1>: ['0x10', '0x8']"", ""<BV64 x2>: ['0x10', '0x8']""], 'direct_regs': ['<BV64 x3>'], 'mem': ['<BV64 x0 + 0xe18>', '<BV64 x1 + 0x10>', '<BV64 x1 + 0x8>', '<BV64 x2 + 0x10>', '<BV64 x2 + 0x8>'], 'const_mem': []}";[];{'regs': [], 'indirect_regs': [], 'direct_regs': [], 'mem': [], 'const_mem': []};{'regs': ['<BV64 x0>'], 'indirect_regs': [], 'direct_regs': ['<BV64 x0>'], 'mem': [], 'const_mem': []};"{'regs': ['<BV64 x0>', '<BV64 x1>', '<BV64 x2>', '<BV64 x3>'], 'indirect_regs': [""<BV64 x1>: ['0x10', '0x8']"", ""<BV64 x2>: ['0x10', '0x8']""], 'direct_regs': ['<BV64 x0>', '<BV64 x3>'], 'mem': ['<BV64 x0 + 0xe18>', '<BV64 x1 + 0x10>', '<BV64 x1 + 0x8>', '<BV64 x2 + 0x10>', '<BV64 x2 + 0x8>'], 'const_mem': []}";63.0;0.0;64.0;64.0;[];;;;BaseControlType.CONSTANT_BASE;BaseControlType.CONSTANT_BASE;BaseControlType.CONSTANT_BASE;4;BranchControlType.BRANCH_DEPENDS_ON_SECRET_VALUE;BranchControlType.BRANCH_INDEPENDENT_FROM_SECRET;117468;True;False;True;True;True;False;False;True;True;False;False;False;True;False;True;True;True;False;True;False;[];['has_valid_base'];True;False;True;True;True;False;False;True;True;False;False;False;True;False;True;True;True;False;True;False;[];['has_valid_base']
721a88a8-35e3-485d-9eb2-d8b480282f6b;ZSTD_compressStream2;0x1ca64;0x1cae0;0x0;TransmitterType.LOAD;32;0;False;['0x1ca64', '0x1caa4', '0x1cac0', '0x1cad4', '0x1cadc'];<BV64 0x8c + x0>;64;[];[];['<BV64 x0>'];[];['<BV64 x0>'];[];[];0;18446744073709551615;18446744073709551615;1;;;True;0;18446744073709551615;18446744073709551615;1;;;True;ControlType.CONTROLLED;0;<BV64 0x8c>;64;[];[];[];[];[];[];[];140.0;140.0;0.0;1.0;;;True;140.0;140.0;0.0;1.0;;;True;ControlType.NO_CONTROL;0;<BV64 0x8c>;64;[];[];[];[];[];[];[];140;140;0;1.0;;;True;140.0;140.0;0.0;1.0;;;True;ControlType.NO_CONTROL;0;<BV64 x0>;64;[];[];['<BV64 x0>'];[];['<BV64 x0>'];[];[];0.0;1.8446744073709552e+19;18446744073709551615;1;;;True;0.0;1.8446744073709552e+19;18446744073709551615;1;;;True;ControlType.CONTROLLED;0;<BV64 x0>;64;[];[];['<BV64 x0>'];[];['<BV64 x0>'];[];[];0.0;1.8446744073709552e+19;1.8446744073709552e+19;1.0;;;True;0.0;1.8446744073709552e+19;1.8446744073709552e+19;1.0;;;True;ControlType.CONTROLLED;0;<BV64 x0>;64;[];[];[];[];[];[];[];0;0;0;;;;False;0;0;0;;;;False;ControlType.UNKNOWN;0;[('0x1caa0', <Bool LOAD_64[<BV64 x1 + 0x8>]_29 >= LOAD_64[<BV64 x1 + 0x10>]_30>, 'Taken'), ('0x1cabc', <Bool LOAD_64[<BV64 x2 + 0x8>]_33 >= LOAD_64[<BV64 x2 + 0x10>]_34>, 'Taken'), ('0x1cad0', <Bool 0x2 >= x3[31:0]>, 'Taken'), ('0x1cad8', <Bool LOAD_32[<BV64 x0 + 0xe18>]_37 == 0x0>, 'Taken')];"{'regs': ['<BV64 x0>', '<BV64 x1>', '<BV64 x2>', '<BV64 x3>'], 'indirect_regs': [""<BV64 x0>: ['0xe18']"", ""<BV64 x1>: ['0x10', '0x8']"", ""<BV64 x2>: ['0x10', '0x8']""], 'direct_regs': ['<BV64 x3>'], 'mem': ['<BV64 x0 + 0xe18>', '<BV64 x1 + 0x10>', '<BV64 x1 + 0x8>', '<BV64 x2 + 0x10>', '<BV64 x2 + 0x8>'], 'const_mem': []}";[];{'regs': [], 'indirect_regs': [], 'direct_regs': [], 'mem': [], 'const_mem': []};{'regs': ['<BV64 x0>'], 'indirect_regs': [], 'direct_regs': ['<BV64 x0>'], 'mem': [], 'const_mem': []};"{'regs': ['<BV64 x0>', '<BV64 x1>', '<BV64 x2>', '<BV64 x3>'], 'indirect_regs': [""<BV64 x1>: ['0x10', '0x8']"", ""<BV64 x2>: ['0x10', '0x8']""], 'direct_regs': ['<BV64 x0>', '<BV64 x3>'], 'mem': ['<BV64 x0 + 0xe18>', '<BV64 x1 + 0x10>', '<BV64 x1 + 0x8>', '<BV64 x2 + 0x10>', '<BV64 x2 + 0x8>'], 'const_mem': []}";63.0;0.0;64.0;64.0;[];;;;BaseControlType.CONSTANT_BASE;BaseControlType.CONSTANT_BASE;BaseControlType.CONSTANT_BASE;4;BranchControlType.BRANCH_DEPENDS_ON_SECRET_VALUE;BranchControlType.BRANCH_INDEPENDENT_FROM_SECRET;117472;True;False;True;True;True;False;False;True;True;False;False;False;True;False;True;True;True;False;True;False;[];['has_valid_base'];True;False;True;True;True;False;False;True;True;False;False;False;True;False;True;True;True;False;True;False;[];['has_valid_base']
53814c10-05ba-4d93-a87c-a168044b7b84;ZSTD_compressStream2;0x1ca64;0x1cba4;0x0;TransmitterType.LOAD;31;0;False;['0x1ca64', '0x1caa4', '0x1cac0', '0x1cad4', '0x1cba4'];<BV64 0x164 + x0>;64;[];[];['<BV64 x0>'];[];['<BV64 x0>'];[];[];0;18446744073709551615;18446744073709551615;1;;;True;0;18446744073709551615;18446744073709551615;1;;;True;ControlType.CONTROLLED;0;<BV64 0x164>;64;[];[];[];[];[];[];[];356.0;356.0;0.0;1.0;;;True;356.0;356.0;0.0;1.0;;;True;ControlType.NO_CONTROL;0;<BV64 0x164>;64;[];[];[];[];[];[];[];356;356;0;1.0;;;True;356.0;356.0;0.0;1.0;;;True;ControlType.NO_CONTROL;0;<BV64 x0>;64;[];[];['<BV64 x0>'];[];['<BV64 x0>'];[];[];0.0;1.8446744073709552e+19;18446744073709551615;1;;;True;0.0;1.8446744073709552e+19;18446744073709551615;1;;;True;ControlType.CONTROLLED;0;<BV64 x0>;64;[];[];['<BV64 x0>'];[];['<BV64 x0>'];[];[];0.0;1.8446744073709552e+19;1.8446744073709552e+19;1.0;;;True;0.0;1.8446744073709552e+19;1.8446744073709552e+19;1.0;;;True;ControlType.CONTROLLED;0;<BV64 x0>;64;[];[];[];[];[];[];[];0;0;0;;;;False;0;0;0;;;;False;ControlType.UNKNOWN;0;[('0x1caa0', <Bool LOAD_64[<BV64 x1 + 0x8>]_29 >= LOAD_64[<BV64 x1 + 0x10>]_30>, 'Taken'), ('0x1cabc', <Bool LOAD_64[<BV64 x2 + 0x8>]_33 >= LOAD_64[<BV64 x2 + 0x10>]_34>, 'Taken'), ('0x1cad0', <Bool 0x2 >= x3[31:0]>, 'Taken'), ('0x1cad8', <Bool LOAD_32[<BV64 x0 + 0xe18>]_37 != 0x0>, 'Taken')];"{'regs': ['<BV64 x0>', '<BV64 x1>', '<BV64 x2>', '<BV64 x3>'], 'indirect_regs': [""<BV64 x0>: ['0xe18']"", ""<BV64 x1>: ['0x10', '0x8']"", ""<BV64 x2>: ['0x10', '0x8']""], 'direct_regs': ['<BV64 x3>'], 'mem': ['<BV64 x0 + 0xe18>', '<BV64 x1 + 0x10>', '<BV64 x1 + 0x8>', '<BV64 x2 + 0x10>', '<BV64 x2 + 0x8>'], 'const_mem': []}";[];{'regs': [], 'indirect_regs': [], 'direct_regs': [], 'mem': [], 'const_mem': []};{'regs': ['<BV64 x0>'], 'indirect_regs': [], 'direct_regs': ['<BV64 x0>'], 'mem': [], 'const_mem': []};"{'regs': ['<BV64 x0>', '<BV64 x1>', '<BV64 x2>', '<BV64 x3>'], 'indirect_regs': [""<BV64 x1>: ['0x10', '0x8']"", ""<BV64 x2>: ['0x10', '0x8']""], 'direct_regs': ['<BV64 x0>', '<BV64 x3>'], 'mem': ['<BV64 x0 + 0xe18>', '<BV64 x1 + 0x10>', '<BV64 x1 + 0x8>', '<BV64 x2 + 0x10>', '<BV64 x2 + 0x8>'], 'const_mem': []}";63.0;0.0;64.0;64.0;[];;;;BaseControlType.CONSTANT_BASE;BaseControlType.CONSTANT_BASE;BaseControlType.CONSTANT_BASE;4;BranchControlType.BRANCH_DEPENDS_ON_SECRET_VALUE;BranchControlType.BRANCH_INDEPENDENT_FROM_SECRET;117668;True;False;True;True;True;False;False;True;True;False;False;False;True;False;True;True;True;False;True;False;[];['has_valid_base'];True;False;True;True;True;False;False;True;True;False;False;False;True;False;True;True;True;False;True;False;[];['has_valid_base']
2dfc9465-12a8-44cc-a1d0-638206b27b02;ZSTD_createDStream_advanced;0x56180;0x56190;0x0;TransmitterType.LOAD;5;0;False;['0x56180'];<BV64 x0>;64;[];[];['<BV64 x0>'];[];['<BV64 x0>'];[];[];0;18446744073709551615;18446744073709551615;1;;;True;0;18446744073709551615;18446744073709551615;1;;;True;ControlType.CONTROLLED;0;;0;[];[];[];[];[];[];[];0.0;0.0;0.0;0.0;;;False;0.0;0.0;0.0;0.0;;;False;ControlType.UNKNOWN;0;;0;[];[];[];[];[];[];[];0;0;0;;;;False;0.0;0.0;0.0;0.0;;;False;ControlType.UNKNOWN;0;<BV64 x0>;64;[];[];['<BV64 x0>'];[];['<BV64 x0>'];[];[];0.0;1.8446744073709552e+19;18446744073709551615;1;;;True;0.0;1.8446744073709552e+19;18446744073709551615;1;;;True;ControlType.CONTROLLED;0;<BV64 x0>;64;[];[];['<BV64 x0>'];[];['<BV64 x0>'];[];[];0.0;1.8446744073709552e+19;1.8446744073709552e+19;1.0;;;True;0.0;1.8446744073709552e+19;1.8446744073709552e+19;1.0;;;True;ControlType.CONTROLLED;0;<BV64 x0>;64;[];[];[];[];[];[];[];0;0;0;;;;False;0;0;0;;;;False;ControlType.UNKNOWN;0;[];{'regs': [], 'indirect_regs': [], 'direct_regs': [], 'mem': [], 'const_mem': []};[];{'regs': [], 'indirect_regs': [], 'direct_regs': [], 'mem': [], 'const_mem': []};{'regs': ['<BV64 x0>'], 'indirect_regs': [], 'direct_regs': ['<BV64 x0>'], 'mem': [], 'const_mem': []};{'regs': ['<BV64 x0>'], 'indirect_regs': [], 'direct_regs': ['<BV64 x0>'], 'mem': [], 'const_mem': []};63.0;0.0;64.0;64.0;[];;;;BaseControlType.NO_BASE;BaseControlType.NO_BASE;BaseControlType.NO_BASE;0;BranchControlType.BRANCH_INDEPENDENT_FROM_SECRET;BranchControlType.BRANCH_INDEPENDENT_FROM_SECRET;352656;True;False;True;True;True;False;False;True;True;False;False;False;True;False;True;False;True;False;True;False;[];['has_valid_base'];True;False;True;True;True;False;False;True;True;False;False;False;True;False;True;False;True;False;True;False;[];['has_valid_base']
7a5c3084-d004-4d37-8bf1-126db6aecfb7;ZSTD_createDStream_advanced;0x56180;0x56190;0x0;TransmitterType.LOAD;5;0;False;['0x56180'];<BV64 0x8 + x0>;64;[];[];['<BV64 x0>'];[];['<BV64 x0>'];[];[];0;18446744073709551615;18446744073709551615;1;;;True;0;18446744073709551615;18446744073709551615;1;;;True;ControlType.CONTROLLED;0;<BV64 0x8>;64;[];[];[];[];[];[];[];8.0;8.0;0.0;1.0;;;True;8.0;8.0;0.0;1.0;;;True;ControlType.NO_CONTROL;0;<BV64 0x8>;64;[];[];[];[];[];[];[];8;8;0;1.0;;;True;8.0;8.0;0.0;1.0;;;True;ControlType.NO_CONTROL;0;<BV64 x0>;64;[];[];['<BV64 x0>'];[];['<BV64 x0>'];[];[];0.0;1.8446744073709552e+19;18446744073709551615;1;;;True;0.0;1.8446744073709552e+19;18446744073709551615;1;;;True;ControlType.CONTROLLED;0;<BV64 x0>;64;[];[];['<BV64 x0>'];[];['<BV64 x0>'];[];[];0.0;1.8446744073709552e+19;1.8446744073709552e+19;1.0;;;True;0.0;1.8446744073709552e+19;1.8446744073709552e+19;1.0;;;True;ControlType.CONTROLLED;0;<BV64 x0>;64;[];[];[];[];[];[];[];0;0;0;;;;False;0;0;0;;;;False;ControlType.UNKNOWN;0;[];{'regs': [], 'indirect_regs': [], 'direct_regs': [], 'mem': [], 'const_mem': []};[];{'regs': [], 'indirect_regs': [], 'direct_regs': [], 'mem': [], 'const_mem': []};{'regs': ['<BV64 x0>'], 'indirect_regs': [], 'direct_regs': ['<BV64 x0>'], 'mem': [], 'const_mem': []};{'regs': ['<BV64 x0>'], 'indirect_regs': [], 'direct_regs': ['<BV64 x0>'], 'mem': [], 'const_mem': []};63.0;0.0;64.0;64.0;[];;;;BaseControlType.CONSTANT_BASE;BaseControlType.CONSTANT_BASE;BaseControlType.CONSTANT_BASE;0;BranchControlType.BRANCH_INDEPENDENT_FROM_SECRET;BranchControlType.BRANCH_INDEPENDENT_FROM_SECRET;352656;True;False;True;True;True;False;False;True;True;False;False;False;True;False;True;False;True;False;True;False;[];['has_valid_base'];True;False;True;True;True;False;False;True;True;False;False;False;True;False;True;False;True;False;True;False;[];['has_valid_base']
1b03c9f9-114e-439b-96d6-7bcbbee5cb80;ZSTD_createDStream_advanced;0x56180;0x561b0;0x0;TransmitterType.LOAD;13;0;False;['0x56180', '0x561ac'];<BV64 0x10 + x0>;64;[];[];['<BV64 x0>'];[];['<BV64 x0>'];[];[];0;18446744073709551615;18446744073709551615;1;;;True;0;18446744073709551615;18446744073709551615;1;;;True;ControlType.CONTROLLED;0;<BV64 0x10>;64;[];[];[];[];[];[];[];16.0;16.0;0.0;1.0;;;True;16.0;16.0;0.0;1.0;;;True;ControlType.NO_CONTROL;0;<BV64 0x10>;64;[];[];[];[];[];[];[];16;16;0;1.0;;;True;16.0;16.0;0.0;1.0;;;True;ControlType.NO_CONTROL;0;<BV64 x0>;64;[];[];['<BV64 x0>'];[];['<BV64 x0>'];[];[];0.0;1.8446744073709552e+19;18446744073709551615;1;;;True;0.0;1.8446744073709552e+19;18446744073709551615;1;;;True;ControlType.CONTROLLED;0;<BV64 x0>;64;[];[];['<BV64 x0>'];[];['<BV64 x0>'];[];[];0.0;1.8446744073709552e+19;1.8446744073709552e+19;1.0;;;True;0.0;1.8446744073709552e+19;1.8446744073709552e+19;1.0;;;True;ControlType.CONTROLLED;0;<BV64 x0>;64;[];[];[];[];[];[];[];0;0;0;;;;False;0;0;0;;;;False;ControlType.UNKNOWN;0;[('0x561a8', <Bool True>, 'Taken')];{'regs': [], 'indirect_regs': [], 'direct_regs': [], 'mem': [], 'const_mem': []};[('0x56198', <Bool LOAD_64[<BV64 x0>]_24 == 0x0>, 'ConditionType.CMOVE'), ('0x561a0', <Bool LOAD_64[<BV64 x0 + 0x8>]_25 == 0x0>, 'ConditionType.CMOVE')];"{'regs': ['<BV64 x0>'], 'indirect_regs': [""<BV64 x0>: ['0x0', '0x8']""], 'direct_regs': [], 'mem': ['<BV64 x0 + 0x8>', '<BV64 x0>'], 'const_mem': []}";"{'regs': ['<BV64 x0>', '<BV64 x0>'], 'indirect_regs': [""<BV64 x0>: ['0x0', '0x8']""], 'direct_regs': ['<BV64 x0>'], 'mem': ['<BV64 x0 + 0x8>', '<BV64 x0>'], 'const_mem': []}";"{'regs': ['<BV64 x0>', '<BV64 x0>'], 'indirect_regs': [""<BV64 x0>: ['0x0', '0x8']""], 'direct_regs': ['<BV64 x0>'], 'mem': ['<BV64 x0 + 0x8>', '<BV64 x0>'], 'const_mem': []}";63.0;0.0;64.0;64.0;[];;;;BaseControlType.CONSTANT_BASE;BaseControlType.CONSTANT_BASE;BaseControlType.CONSTANT_BASE;1;BranchControlType.BRANCH_INDEPENDENT_FROM_SECRET;BranchControlType.BRANCH_INDEPENDENT_FROM_SECRET;352688;True;False;True;True;True;False;False;True;True;False;False;False;True;False;True;False;True;False;True;False;[];['has_valid_base'];True;False;True;True;True;False;False;True;True;False;False;False;True;False;True;False;True;False;True;False;[];['has_valid_base']
c7dd8e50-f33e-4e72-8e02-4c0ca3cc8fbb;ZSTD_createDStream_advanced;0x56180;0x561b0;0x0;TransmitterType.LOAD;13;0;False;['0x56180', '0x561ac'];<BV64 0x10 + x0>;64;[];[];['<BV64 x0>'];[];['<BV64 x0>'];[];[];0;18446744073709551615;18446744073709551615;1;;;True;0;18446744073709551615;18446744073709551615;1;;;True;ControlType.CONTROLLED;0;<BV64 0x10>;64;[];[];[];[];[];[];[];16.0;16.0;0.0;1.0;;;True;16.0;16.0;0.0;1.0;;;True;ControlType.NO_CONTROL;0;<BV64 0x10>;64;[];[];[];[];[];[];[];16;16;0;1.0;;;True;16.0;16.0;0.0;1.0;;;True;ControlType.NO_CONTROL;0;<BV64 x0>;64;[];[];['<BV64 x0>'];[];['<BV64 x0>'];[];[];0.0;1.8446744073709552e+19;18446744073709551615;1;;;True;0.0;1.8446744073709552e+19;18446744073709551615;1;;;True;ControlType.CONTROLLED;0;<BV64 x0>;64;[];[];['<BV64 x0>'];[];['<BV64 x0>'];[];[];0.0;1.8446744073709552e+19;1.8446744073709552e+19;1.0;;;True;0.0;1.8446744073709552e+19;1.8446744073709552e+19;1.0;;;True;ControlType.CONTROLLED;0;<BV64 x0>;64;[];[];[];[];[];[];[];0;0;0;;;;False;0;0;0;;;;False;ControlType.UNKNOWN;0;[('0x561a8', <Bool True>, 'Taken')];{'regs': [], 'indirect_regs': [], 'direct_regs': [], 'mem': [], 'const_mem': []};[('0x56198', <Bool LOAD_64[<BV64 x0>]_24 != 0x0>, 'ConditionType.CMOVE'), ('0x561a0', <Bool LOAD_64[<BV64 x0 + 0x8>]_25 != 0x0>, 'ConditionType.CMOVE')];"{'regs': ['<BV64 x0>'], 'indirect_regs': [""<BV64 x0>: ['0x0', '0x8']""], 'direct_regs': [], 'mem': ['<BV64 x0 + 0x8>', '<BV64 x0>'], 'const_mem': []}";"{'regs': ['<BV64 x0>', '<BV64 x0>'], 'indirect_regs': [""<BV64 x0>: ['0x0', '0x8']""], 'direct_regs': ['<BV64 x0>'], 'mem': ['<BV64 x0 + 0x8>', '<BV64 x0>'], 'const_mem': []}";"{'regs': ['<BV64 x0>', '<BV64 x0>'], 'indirect_regs': [""<BV64 x0>: ['0x0', '0x8']""], 'direct_regs': ['<BV64 x0>'], 'mem': ['<BV64 x0 + 0x8>', '<BV64 x0>'], 'const_mem': []}";63.0;0.0;64.0;64.0;[];;;;BaseControlType.CONSTANT_BASE;BaseControlType.CONSTANT_BASE;BaseControlType.CONSTANT_BASE;1;BranchControlType.BRANCH_INDEPENDENT_FROM_SECRET;BranchControlType.BRANCH_INDEPENDENT_FROM_SECRET;352688;True;False;True;True;True;False;False;True;True;False;False;False;True;False;True;False;True;False;True;False;[];['has_valid_base'];True;False;True;True;True;False;False;True;True;False;False;False;True;False;True;False;True;False;True;False;[];['has_valid_base']
b4c0372f-39e4-4a20-b30e-0faf45b3f05d;ZSTD_createDStream_advanced;0x56180;0x561c4;0x56190;TransmitterType.CODE_LOAD;18;1;False;['0x56180', '0x561ac', '0x561b8'];<BV64 LOAD_64[<BV64 x0>]_24>;64;[('0x561b4', <Bool LOAD_64[<BV64 x0>]_24 != 0x0>, 'Taken')];[('0x56198', <Bool LOAD_64[<BV64 x0>]_24 != 0x0>, 'ConditionType.CMOVE')];['<BV64 x0>'];"[""<BV64 x0>: ['0x0']""]";[];['<BV64 x0>'];[];1;18446744073709551615;18446744073709551614;1;;;True;1;18446744073709551615;18446744073709551614;1;;;True;ControlType.CONTROLLED;1;;0;[];[];[];[];[];[];[];0.0;0.0;0.0;0.0;;;False;0.0;0.0;0.0;0.0;;;False;ControlType.UNKNOWN;0;;0;[];[];[];[];[];[];[];0;0;0;;;;False;0.0;0.0;0.0;0.0;;;False;ControlType.UNKNOWN;0;<BV64 LOAD_64[<BV64 x0>]_24>;64;[('0x561b4', <Bool LOAD_64[<BV64 x0>]_24 != 0x0>, 'Taken')];[('0x56198', <Bool LOAD_64[<BV64 x0>]_24 != 0x0>, 'ConditionType.CMOVE')];['<BV64 x0>'];"[""<BV64 x0>: ['0x0']""]";[];['<BV64 x0>'];[];1.0;1.8446744073709552e+19;18446744073709551614;1;;;True;1.0;1.8446744073709552e+19;18446744073709551614;1;;;True;ControlType.CONTROLLED;1;<BV64 x0>;64;[];[];['<BV64 x0>'];[];['<BV64 x0>'];[];[];0.0;1.8446744073709552e+19;1.8446744073709552e+19;1.0;;;True;0.0;1.8446744073709552e+19;1.8446744073709552e+19;1.0;;;True;ControlType.CONTROLLED;0;<BV64 LOAD_64[<BV64 x0>]_24>;64;[];[];[];[];[];[];[];0;0;0;;;;False;0;0;0;;;;False;ControlType.UNKNOWN;1;[('0x561a8', <Bool True>, 'Taken'), ('0x561b4', <Bool LOAD_64[<BV64 x0>]_24 != 0x0>, 'Taken')];"{'regs': ['<BV64 x0>'], 'indirect_regs': [""<BV64 x0>: ['0x0']""], 'direct_regs': [], 'mem': ['<BV64 x0>'], 'const_mem': []}";[('0x56198', <Bool LOAD_64[<BV64 x0>]_24 != 0x0>, 'ConditionType.CMOVE'), ('0x561a0', <Bool LOAD_64[<BV64 x0 + 0x8>]_25 != 0x0>, 'ConditionType.CMOVE')];"{'regs': ['<BV64 x0>'], 'indirect_regs': [""<BV64 x0>: ['0x0', '0x8']""], 'direct_regs': [], 'mem': ['<BV64 x0 + 0x8>', '<BV64 x0>'], 'const_mem': []}";{'regs': ['<BV64 x0>'], 'indirect_regs': [], 'direct_regs': ['<BV64 x0>'], 'mem': ['<BV64 x0 + 0x8>', '<BV64 x0>'], 'const_mem': []};{'regs': ['<BV64 x0>'], 'indirect_regs': [], 'direct_regs': ['<BV64 x0>'], 'mem': ['<BV64 x0 + 0x8>', '<BV64 x0>'], 'const_mem': []};63.0;0.0;64.0;64.0;[];;;;BaseControlType.NO_BASE;BaseControlType.NO_BASE;BaseControlType.NO_BASE;2;BranchControlType.BRANCH_DEPENDS_ON_SECRET_VALUE;BranchControlType.BRANCH_DEPENDS_ON_SECRET_VALUE;352708;True;False;True;False;True;False;False;True;True;False;False;False;True;False;True;True;True;False;True;False;[];['has_valid_base', 'is_cmove_independent_from_secret'];True;False;True;False;True;False;False;True;True;False;False;False;True;False;True;True;True;False;True;False;[];['has_valid_base', 'is_cmove_independent_from_secret']
c36830ca-a626-406f-929f-61f32b1e7fa0;ZSTD_insertBlock;0x55630;0x5564c;0x0;TransmitterType.LOAD;9;0;False;['0x55630'];<BV64 0x74c0 + x0>;64;[];[];['<BV64 x0>'];[];['<BV64 x0>'];[];[];0;18446744073709551615;18446744073709551615;1;;;True;0;18446744073709551615;18446744073709551615;1;;;True;ControlType.CONTROLLED;0;<BV64 0x74c0>;64;[];[];[];[];[];[];[];29888.0;29888.0;0.0;1.0;;;True;29888.0;29888.0;0.0;1.0;;;True;ControlType.NO_CONTROL;0;<BV64 0x74c0>;64;[];[];[];[];[];[];[];29888;29888;0;1.0;;;True;29888.0;29888.0;0.0;1.0;;;True;ControlType.NO_CONTROL;0;<BV64 x0>;64;[];[];['<BV64 x0>'];[];['<BV64 x0>'];[];[];0.0;1.8446744073709552e+19;18446744073709551615;1;;;True;0.0;1.8446744073709552e+19;18446744073709551615;1;;;True;ControlType.CONTROLLED;0;<BV64 x0>;64;[];[];['<BV64 x0>'];[];['<BV64 x0>'];[];[];0.0;1.8446744073709552e+19;1.8446744073709552e+19;1.0;;;True;0.0;1.8446744073709552e+19;1.8446744073709552e+19;1.0;;;True;ControlType.CONTROLLED;0;<BV64 x0>;64;[];[];[];[];[];[];[];0;0;0;;;;False;0;0;0;;;;False;ControlType.UNKNOWN;0;[];{'regs': [], 'indirect_regs': [], 'direct_regs': [], 'mem': [], 'const_mem': []};[];{'regs': [], 'indirect_regs': [], 'direct_regs': [], 'mem': [], 'const_mem': []};{'regs': ['<BV64 x0>'], 'indirect_regs': [], 'direct_regs': ['<BV64 x0>'], 'mem': [], 'const_mem': []};{'regs': ['<BV64 x0>'], 'indirect_regs': [], 'direct_regs': ['<BV64 x0>'], 'mem': [], 'const_mem': []};63.0;0.0;64.0;64.0;[];;;;BaseControlType.CONSTANT_BASE;BaseControlType.CONSTANT_BASE;BaseControlType.CONSTANT_BASE;0;BranchControlType.BRANCH_INDEPENDENT_FROM_SECRET;BranchControlType.BRANCH_INDEPENDENT_FROM_SECRET;349772;True;False;True;True;True;False;False;True;True;False;False;False;True;False;True;False;True;False;True;False;[];['has_valid_base'];True;False;True;True;True;False;False;True;True;False;False;False;True;False;True;False;True;False;True;False;[];['has_valid_base']
c8731ef6-3c23-4637-9c05-d126d6fdb1cd;ZSTD_insertBlock;0x55630;0x55658;0x0;TransmitterType.LOAD;12;0;False;['0x55630', '0x55658'];<BV64 0x74c8 + x0>;64;[];[];['<BV64 x0>'];[];['<BV64 x0>'];[];[];0;18446744073709551615;18446744073709551615;1;;;True;0;18446744073709551615;18446744073709551615;1;;;True;ControlType.CONTROLLED;0;<BV64 0x74c8>;64;[];[];[];[];[];[];[];29896.0;29896.0;0.0;1.0;;;True;29896.0;29896.0;0.0;1.0;;;True;ControlType.NO_CONTROL;0;<BV64 0x74c8>;64;[];[];[];[];[];[];[];29896;29896;0;1.0;;;True;29896.0;29896.0;0.0;1.0;;;True;ControlType.NO_CONTROL;0;<BV64 x0>;64;[];[];['<BV64 x0>'];[];['<BV64 x0>'];[];[];0.0;1.8446744073709552e+19;18446744073709551615;1;;;True;0.0;1.8446744073709552e+19;18446744073709551615;1;;;True;ControlType.CONTROLLED;0;<BV64 x0>;64;[];[];['<BV64 x0>'];[];['<BV64 x0>'];[];[];0.0;1.8446744073709552e+19;1.8446744073709552e+19;1.0;;;True;0.0;1.8446744073709552e+19;1.8446744073709552e+19;1.0;;;True;ControlType.CONTROLLED;0;<BV64 x0>;64;[];[];[];[];[];[];[];0;0;0;;;;False;0;0;0;;;;False;ControlType.UNKNOWN;0;[('0x55654', <Bool True>, 'Taken')];{'regs': [], 'indirect_regs': [], 'direct_regs': [], 'mem': [], 'const_mem': []};[('0x55650', <Bool x2 != 0x0>, 'ConditionType.CMOVE'), ('0x55654', <Bool x2 != 0x0>, 'ConditionType.CMOVE'), ('0x55654', <Bool x1 - LOAD_64[<BV64 x0 + 0x74c0>]_22 != 0x0>, 'ConditionType.UNKNOWN')];"{'regs': ['<BV64 x0>', '<BV64 x1>', '<BV64 x2>'], 'indirect_regs': [""<BV64 x0>: ['0x74c0']""], 'direct_regs': ['<BV64 x1>', '<BV64 x2>'], 'mem': ['<BV64 x0 + 0x74c0>'], 'const_mem': []}";{'regs': ['<BV64 x0>', '<BV64 x1>', '<BV64 x2>'], 'indirect_regs': [], 'direct_regs': ['<BV64 x0>', '<BV64 x1>', '<BV64 x2>'], 'mem': ['<BV64 x0 + 0x74c0>'], 'const_mem': []};{'regs': ['<BV64 x0>', '<BV64 x1>', '<BV64 x2>'], 'indirect_regs': [], 'direct_regs': ['<BV64 x0>', '<BV64 x1>', '<BV64 x2>'], 'mem': ['<BV64 x0 + 0x74c0>'], 'const_mem': []};63.0;0.0;64.0;64.0;[];;;;BaseControlType.CONSTANT_BASE;BaseControlType.CONSTANT_BASE;BaseControlType.CONSTANT_BASE;1;BranchControlType.BRANCH_INDEPENDENT_FROM_SECRET;BranchControlType.BRANCH_INDEPENDENT_FROM_SECRET;349784;True;False;True;True;True;False;False;True;True;False;False;False;True;False;True;False;True;False;True;False;[];['has_valid_base'];True;False;True;True;True;False;False;True;True;False;False;False;True;False;True;False;True;False;True;False;[];['has_valid_base']
d537f370-2c15-4372-baf4-abbb81523c34;ZSTD_insertBlock;0x55630;0x5565c;0x0;TransmitterType.STORE;13;0;False;['0x55630', '0x55658'];<BV64 0x74d8 + x0>;64;[];[];['<BV64 x0>'];[];['<BV64 x0>'];[];[];0;18446744073709551615;18446744073709551615;1;;;True;0;18446744073709551615;18446744073709551615;1;;;True;ControlType.CONTROLLED;0;<BV64 0x74d8>;64;[];[];[];[];[];[];[];29912.0;29912.0;0.0;1.0;;;True;29912.0;29912.0;0.0;1.0;;;True;ControlType.NO_CONTROL;0;<BV64 0x74d8>;64;[];[];[];[];[];[];[];29912;29912;0;1.0;;;True;29912.0;29912.0;0.0;1.0;;;True;ControlType.NO_CONTROL;0;<BV64 x0>;64;[];[];['<BV64 x0>'];[];['<BV64 x0>'];[];[];0.0;1.8446744073709552e+19;18446744073709551615;1;;;True;0.0;1.8446744073709552e+19;18446744073709551615;1;;;True;ControlType.CONTROLLED;0;<BV64 x0>;64;[];[];['<BV64 x0>'];[];['<BV64 x0>'];[];[];0.0;1.8446744073709552e+19;1.8446744073709552e+19;1.0;;;True;0.0;1.8446744073709552e+19;1.8446744073709552e+19;1.0;;;True;ControlType.CONTROLLED;0;<BV64 x0>;64;[];[];[];[];[];[];[];0;0;0;;;;False;0;0;0;;;;False;ControlType.UNKNOWN;0;[('0x55654', <Bool True>, 'Taken')];{'regs': [], 'indirect_regs': [], 'direct_regs': [], 'mem': [], 'const_mem': []};[('0x55650', <Bool x2 != 0x0>, 'ConditionType.CMOVE'), ('0x55654', <Bool x2 != 0x0>, 'ConditionType.CMOVE'), ('0x55654', <Bool x1 - LOAD_64[<BV64 x0 + 0x74c0>]_22 != 0x0>, 'ConditionType.UNKNOWN')];"{'regs': ['<BV64 x0>', '<BV64 x1>', '<BV64 x2>'], 'indirect_regs': [""<BV64 x0>: ['0x74c0']""], 'direct_regs': ['<BV64 x1>', '<BV64 x2>'], 'mem': ['<BV64 x0 + 0x74c0>'], 'const_mem': []}";{'regs': ['<BV64 x0>', '<BV64 x1>', '<BV64 x2>'], 'indirect_regs': [], 'direct_regs': ['<BV64 x0>', '<BV64 x1>', '<BV64 x2>'], 'mem': ['<BV64 x0 + 0x74c0>'], 'const_mem': []};{'regs': ['<BV64 x0>', '<BV64 x1>', '<BV64 x2>'], 'indirect_regs': [], 'direct_regs': ['<BV64 x0>', '<BV64 x1>', '<BV64 x2>'], 'mem': ['<BV64 x0 + 0x74c0>'], 'const_mem': []};63.0;0.0;64.0;64.0;[];;;;BaseControlType.CONSTANT_BASE;BaseControlType.CONSTANT_BASE;BaseControlType.CONSTANT_BASE;1;BranchControlType.BRANCH_INDEPENDENT_FROM_SECRET;BranchControlType.BRANCH_INDEPENDENT_FROM_SECRET;349788;True;False;True;True;True;False;False;True;True;False;False;False;True;False;True;False;True;False;True;False;[];['has_valid_base'];True;False;True;True;True;False;False;True;True;False;False;False;True;False;True;False;True;False;True;False;[];['has_valid_base']
df902e62-fbd6-4460-a718-7f151d96ad76;ZSTD_insertBlock;0x55630;0x55660;0x0;TransmitterType.STORE;14;0;False;['0x55630', '0x55658'];<BV64 0x74c8 + x0>;64;[];[];['<BV64 x0>'];[];['<BV64 x0>'];[];[];0;18446744073709551615;18446744073709551615;1;;;True;0;18446744073709551615;18446744073709551615;1;;;True;ControlType.CONTROLLED;0;<BV64 0x74c8>;64;[];[];[];[];[];[];[];29896.0;29896.0;0.0;1.0;;;True;29896.0;29896.0;0.0;1.0;;;True;ControlType.NO_CONTROL;0;<BV64 0x74c8>;64;[];[];[];[];[];[];[];29896;29896;0;1.0;;;True;29896.0;29896.0;0.0;1.0;;;True;ControlType.NO_CONTROL;0;<BV64 x0>;64;[];[];['<BV64 x0>'];[];['<BV64 x0>'];[];[];0.0;1.8446744073709552e+19;18446744073709551615;1;;;True;0.0;1.8446744073709552e+19;18446744073709551615;1;;;True;ControlType.CONTROLLED;0;<BV64 x0>;64;[];[];['<BV64 x0>'];[];['<BV64 x0>'];[];[];0.0;1.8446744073709552e+19;1.8446744073709552e+19;1.0;;;True;0.0;1.8446744073709552e+19;1.8446744073709552e+19;1.0;;;True;ControlType.CONTROLLED;0;<BV64 x0>;64;[];[];[];[];[];[];[];0;0;0;;;;False;0;0;0;;;;False;ControlType.UNKNOWN;0;[('0x55654', <Bool True>, 'Taken')];{'regs': [], 'indirect_regs': [], 'direct_regs': [], 'mem': [], 'const_mem': []};[('0x55650', <Bool x2 != 0x0>, 'ConditionType.CMOVE'), ('0x55654', <Bool x2 != 0x0>, 'ConditionType.CMOVE'), ('0x55654', <Bool x1 - LOAD_64[<BV64 x0 + 0x74c0>]_22 != 0x0>, 'ConditionType.UNKNOWN')];"{'regs': ['<BV64 x0>', '<BV64 x1>', '<BV64 x2>'], 'indirect_regs': [""<BV64 x0>: ['0x74c0']""], 'direct_regs': ['<BV64 x1>', '<BV64 x2>'], 'mem': ['<BV64 x0 + 0x74c0>'], 'const_mem': []}";{'regs': ['<BV64 x0>', '<BV64 x1>', '<BV64 x2>'], 'indirect_regs': [], 'direct_regs': ['<BV64 x0>', '<BV64 x1>', '<BV64 x2>'], 'mem': ['<BV64 x0 + 0x74c0>'], 'const_mem': []};{'regs': ['<BV64 x0>', '<BV64 x1>', '<BV64 x2>'], 'indirect_regs': [], 'direct_regs': ['<BV64 x0>', '<BV64 x1>', '<BV64 x2>'], 'mem': ['<BV64 x0 + 0x74c0>'], 'const_mem': []};63.0;0.0;64.0;64.0;[];;;;BaseControlType.CONSTANT_BASE;BaseControlType.CONSTANT_BASE;BaseControlType.CONSTANT_BASE;1;BranchControlType.BRANCH_INDEPENDENT_FROM_SECRET;BranchControlType.BRANCH_INDEPENDENT_FROM_SECRET;349792;True;False;True;True;True;False;False;True;True;False;False;False;True;False;True;False;True;False;True;False;[];['has_valid_base'];True;False;True;True;True;False;False;True;True;False;False;False;True;False;True;False;True;False;True;False;[];['has_valid_base']
86ac4ca9-b30b-4d77-9019-1132e10a06de;ZSTD_insertBlock;0x55630;0x5566c;0x0;TransmitterType.STORE;17;0;False;['0x55630', '0x55658'];<BV64 0x74d0 + x0>;64;[];[];['<BV64 x0>'];[];['<BV64 x0>'];[];[];0;18446744073709551615;18446744073709551615;1;;;True;0;18446744073709551615;18446744073709551615;1;;;True;ControlType.CONTROLLED;0;<BV64 0x74d0>;64;[];[];[];[];[];[];[];29904.0;29904.0;0.0;1.0;;;True;29904.0;29904.0;0.0;1.0;;;True;ControlType.NO_CONTROL;0;<BV64 0x74d0>;64;[];[];[];[];[];[];[];29904;29904;0;1.0;;;True;29904.0;29904.0;0.0;1.0;;;True;ControlType.NO_CONTROL;0;<BV64 x0>;64;[];[];['<BV64 x0>'];[];['<BV64 x0>'];[];[];0.0;1.8446744073709552e+19;18446744073709551615;1;;;True;0.0;1.8446744073709552e+19;18446744073709551615;1;;;True;ControlType.CONTROLLED;0;<BV64 x0>;64;[];[];['<BV64 x0>'];[];['<BV64 x0>'];[];[];0.0;1.8446744073709552e+19;1.8446744073709552e+19;1.0;;;True;0.0;1.8446744073709552e+19;1.8446744073709552e+19;1.0;;;True;ControlType.CONTROLLED;0;<BV64 x0>;64;[];[];[];[];[];[];[];0;0;0;;;;False;0;0;0;;;;False;ControlType.UNKNOWN;0;[('0x55654', <Bool True>, 'Taken')];{'regs': [], 'indirect_regs': [], 'direct_regs': [], 'mem': [], 'const_mem': []};[('0x55650', <Bool x2 != 0x0>, 'ConditionType.CMOVE'), ('0x55654', <Bool x2 != 0x0>, 'ConditionType.CMOVE'), ('0x55654', <Bool x1 - LOAD_64[<BV64 x0 + 0x74c0>]_22 != 0x0>, 'ConditionType.UNKNOWN')];"{'regs': ['<BV64 x0>', '<BV64 x1>', '<BV64 x2>'], 'indirect_regs': [""<BV64 x0>: ['0x74c0']""], 'direct_regs': ['<BV64 x1>', '<BV64 x2>'], 'mem': ['<BV64 x0 + 0x74c0>'], 'const_mem': []}";{'regs': ['<BV64 x0>', '<BV64 x1>', '<BV64 x2>'], 'indirect_regs': [], 'direct_regs': ['<BV64 x0>', '<BV64 x1>', '<BV64 x2>'], 'mem': ['<BV64 x0 + 0x74c0>'], 'const_mem': []};{'regs': ['<BV64 x0>', '<BV64 x1>', '<BV64 x2>'], 'indirect_regs': [], 'direct_regs': ['<BV64 x0>', '<BV64 x1>', '<BV64 x2>'], 'mem': ['<BV64 x0 + 0x74c0>'], 'const_mem': []};63.0;0.0;64.0;64.0;[];;;;BaseControlType.CONSTANT_BASE;BaseControlType.CONSTANT_BASE;BaseControlType.CONSTANT_BASE;1;BranchControlType.BRANCH_INDEPENDENT_FROM_SECRET;BranchControlType.BRANCH_INDEPENDENT_FROM_SECRET;349804;True;False;True;True;True;False;False;True;True;False;False;False;True;False;True;False;True;False;True;False;[];['has_valid_base'];True;False;True;True;True;False;False;True;True;False;False;False;True;False;True;False;True;False;True;False;[];['has_valid_base']
2deabd7e-161f-47d4-901a-0f313f544e4d;ZSTD_insertBlock;0x55630;0x55674;0x0;TransmitterType.STORE;19;0;False;['0x55630', '0x55658'];<BV64 0x74c0 + x0>;64;[];[];['<BV64 x0>'];[];['<BV64 x0>'];[];[];0;18446744073709551615;18446744073709551615;1;;;True;0;18446744073709551615;18446744073709551615;1;;;True;ControlType.CONTROLLED;0;<BV64 0x74c0>;64;[];[];[];[];[];[];[];29888.0;29888.0;0.0;1.0;;;True;29888.0;29888.0;0.0;1.0;;;True;ControlType.NO_CONTROL;0;<BV64 0x74c0>;64;[];[];[];[];[];[];[];29888;29888;0;1.0;;;True;29888.0;29888.0;0.0;1.0;;;True;ControlType.NO_CONTROL;0;<BV64 x0>;64;[];[];['<BV64 x0>'];[];['<BV64 x0>'];[];[];0.0;1.8446744073709552e+19;18446744073709551615;1;;;True;0.0;1.8446744073709552e+19;18446744073709551615;1;;;True;ControlType.CONTROLLED;0;<BV64 x0>;64;[];[];['<BV64 x0>'];[];['<BV64 x0>'];[];[];0.0;1.8446744073709552e+19;1.8446744073709552e+19;1.0;;;True;0.0;1.8446744073709552e+19;1.8446744073709552e+19;1.0;;;True;ControlType.CONTROLLED;0;<BV64 x0>;64;[];[];[];[];[];[];[];0;0;0;;;;False;0;0;0;;;;False;ControlType.UNKNOWN;0;[('0x55654', <Bool True>, 'Taken')];{'regs': [], 'indirect_regs': [], 'direct_regs': [], 'mem': [], 'const_mem': []};[('0x55650', <Bool x2 != 0x0>, 'ConditionType.CMOVE'), ('0x55654', <Bool x2 != 0x0>, 'ConditionType.CMOVE'), ('0x55654', <Bool x1 - LOAD_64[<BV64 x0 + 0x74c0>]_22 != 0x0>, 'ConditionType.UNKNOWN')];"{'regs': ['<BV64 x0>', '<BV64 x1>', '<BV64 x2>'], 'indirect_regs': [""<BV64 x0>: ['0x74c0']""], 'direct_regs': ['<BV64 x1>', '<BV64 x2>'], 'mem': ['<BV64 x0 + 0x74c0>'], 'const_mem': []}";{'regs': ['<BV64 x0>', '<BV64 x1>', '<BV64 x2>'], 'indirect_regs': [], 'direct_regs': ['<BV64 x0>', '<BV64 x1>', '<BV64 x2>'], 'mem': ['<BV64 x0 + 0x74c0>'], 'const_mem': []};{'regs': ['<BV64 x0>', '<BV64 x1>', '<BV64 x2>'], 'indirect_regs': [], 'direct_regs': ['<BV64 x0>', '<BV64 x1>', '<BV64 x2>'], 'mem': ['<BV64 x0 + 0x74c0>'], 'const_mem': []};63.0;0.0;64.0;64.0;[];;;;BaseControlType.CONSTANT_BASE;BaseControlType.CONSTANT_BASE;BaseControlType.CONSTANT_BASE;1;BranchControlType.BRANCH_INDEPENDENT_FROM_SECRET;BranchControlType.BRANCH_INDEPENDENT_FROM_SECRET;349812;True;False;True;True;True;False;False;True;True;False;False;False;True;False;True;False;True;False;True;False;[];['has_valid_base'];True;False;True;True;True;False;False;True;True;False;False;False;True;False;True;False;True;False;True;False;[];['has_valid_base']
9c2ec85b-2dc1-42d2-a9b2-8860da540dbd;ZSTD_insertBlock;0x55630;0x55674;0x0;TransmitterType.STORE;13;0;False;['0x55630', '0x55670'];<BV64 0x74c0 + x0>;64;[];[];['<BV64 x0>'];[];['<BV64 x0>'];[];[];0;18446744073709551615;18446744073709551615;1;;;True;0;18446744073709551615;18446744073709551615;1;;;True;ControlType.CONTROLLED;0;<BV64 0x74c0>;64;[];[];[];[];[];[];[];29888.0;29888.0;0.0;1.0;;;True;29888.0;29888.0;0.0;1.0;;;True;ControlType.NO_CONTROL;0;<BV64 0x74c0>;64;[];[];[];[];[];[];[];29888;29888;0;1.0;;;True;29888.0;29888.0;0.0;1.0;;;True;ControlType.NO_CONTROL;0;<BV64 x0>;64;[];[];['<BV64 x0>'];[];['<BV64 x0>'];[];[];0.0;1.8446744073709552e+19;18446744073709551615;1;;;True;0.0;1.8446744073709552e+19;18446744073709551615;1;;;True;ControlType.CONTROLLED;0;<BV64 x0>;64;[];[];['<BV64 x0>'];[];['<BV64 x0>'];[];[];0.0;1.8446744073709552e+19;1.8446744073709552e+19;1.0;;;True;0.0;1.8446744073709552e+19;1.8446744073709552e+19;1.0;;;True;ControlType.CONTROLLED;0;<BV64 x0>;64;[];[];[];[];[];[];[];0;0;0;;;;False;0;0;0;;;;False;ControlType.UNKNOWN;0;[('0x55654', <Bool True>, 'Taken')];{'regs': [], 'indirect_regs': [], 'direct_regs': [], 'mem': [], 'const_mem': []};[('0x55650', <Bool x2 == 0x0>, 'ConditionType.CMOVE'), ('0x55654', <Bool x2 == 0x0>, 'ConditionType.CMOVE')];{'regs': ['<BV64 x2>'], 'indirect_regs': [], 'direct_regs': ['<BV64 x2>'], 'mem': [], 'const_mem': []};{'regs': ['<BV64 x0>', '<BV64 x2>'], 'indirect_regs': [], 'direct_regs': ['<BV64 x0>', '<BV64 x2>'], 'mem': [], 'const_mem': []};{'regs': ['<BV64 x0>', '<BV64 x2>'], 'indirect_regs': [], 'direct_regs': ['<BV64 x0>', '<BV64 x2>'], 'mem': [], 'const_mem': []};63.0;0.0;64.0;64.0;[];;;;BaseControlType.CONSTANT_BASE;BaseControlType.CONSTANT_BASE;BaseControlType.CONSTANT_BASE;1;BranchControlType.BRANCH_INDEPENDENT_FROM_SECRET;BranchControlType.BRANCH_INDEPENDENT_FROM_SECRET;349812;True;False;True;True;True;False;False;True;True;False;False;False;True;False;True;False;True;False;True;False;[];['has_valid_base'];True;False;True;True;True;False;False;True;True;False;False;False;True;False;True;False;True;False;True;False;[];['has_valid_base']
e69e1de9-229b-4e2b-ba70-974a7b427707;ZSTD_insertBlock;0x55630;0x55674;0x0;TransmitterType.STORE;13;0;False;['0x55630', '0x55670'];<BV64 0x74c0 + x0>;64;[];[];['<BV64 x0>'];[];['<BV64 x0>'];[];[];0;18446744073709551615;18446744073709551615;1;;;True;0;18446744073709551615;18446744073709551615;1;;;True;ControlType.CONTROLLED;0;<BV64 0x74c0>;64;[];[];[];[];[];[];[];29888.0;29888.0;0.0;1.0;;;True;29888.0;29888.0;0.0;1.0;;;True;ControlType.NO_CONTROL;0;<BV64 0x74c0>;64;[];[];[];[];[];[];[];29888;29888;0;1.0;;;True;29888.0;29888.0;0.0;1.0;;;True;ControlType.NO_CONTROL;0;<BV64 x0>;64;[];[];['<BV64 x0>'];[];['<BV64 x0>'];[];[];0.0;1.8446744073709552e+19;18446744073709551615;1;;;True;0.0;1.8446744073709552e+19;18446744073709551615;1;;;True;ControlType.CONTROLLED;0;<BV64 x0>;64;[];[];['<BV64 x0>'];[];['<BV64 x0>'];[];[];0.0;1.8446744073709552e+19;1.8446744073709552e+19;1.0;;;True;0.0;1.8446744073709552e+19;1.8446744073709552e+19;1.0;;;True;ControlType.CONTROLLED;0;<BV64 x0>;64;[];[];[];[];[];[];[];0;0;0;;;;False;0;0;0;;;;False;ControlType.UNKNOWN;0;[('0x55654', <Bool True>, 'Taken')];{'regs': [], 'indirect_regs': [], 'direct_regs': [], 'mem': [], 'const_mem': []};[('0x55650', <Bool x2 != 0x0>, 'ConditionType.CMOVE'), ('0x55654', <Bool x1 - LOAD_64[<BV64 x0 + 0x74c0>]_22 == 0x0>, 'ConditionType.UNKNOWN'), ('0x55654', <Bool x2 != 0x0>, 'ConditionType.CMOVE')];"{'regs': ['<BV64 x0>', '<BV64 x1>', '<BV64 x2>'], 'indirect_regs': [""<BV64 x0>: ['0x74c0']""], 'direct_regs': ['<BV64 x1>', '<BV64 x2>'], 'mem': ['<BV64 x0 + 0x74c0>'], 'const_mem': []}";{'regs': ['<BV64 x0>', '<BV64 x1>', '<BV64 x2>'], 'indirect_regs': [], 'direct_regs': ['<BV64 x0>', '<BV64 x1>', '<BV64 x2>'], 'mem': ['<BV64 x0 + 0x74c0>'], 'const_mem': []};{'regs': ['<BV64 x0>', '<BV64 x1>', '<BV64 x2>'], 'indirect_regs': [], 'direct_regs': ['<BV64 x0>', '<BV64 x1>', '<BV64 x2>'], 'mem': ['<BV64 x0 + 0x74c0>'], 'const_mem': []};63.0;0.0;64.0;64.0;[];;;;BaseControlType.CONSTANT_BASE;BaseControlType.CONSTANT_BASE;BaseControlType.CONSTANT_BASE;1;BranchControlType.BRANCH_INDEPENDENT_FROM_SECRET;BranchControlType.BRANCH_INDEPENDENT_FROM_SECRET;349812;True;False;True;True;True;False;False;True;True;False;False;False;True;False;True;False;True;False;True;False;[];['has_valid_base'];True;False;True;True;True;False;False;True;True;False;False;False;True;False;True;False;True;False;True;False;[];['has_valid_base']
41bb86eb-0ac8-4905-b9e0-3db9e90016e7;ZSTD_getDictID_fromDDict;0x54250;0x5426c;0x0;TransmitterType.LOAD;7;0;False;['0x54250', '0x54260'];<BV64 0x6ab4 + x0>;64;[('0x5425c', <Bool x0 != 0x0>, 'Taken')];[];['<BV64 x0>'];[];['<BV64 x0>'];[];[];0;18446744073709551615;18446744073709551615;1;;;True;27317;27315;18446744073709551614;1;;;True;ControlType.CONTROLLED;0;<BV64 0x6ab4>;64;[];[];[];[];[];[];[];27316.0;27316.0;0.0;1.0;;;True;27316.0;27316.0;0.0;1.0;;;True;ControlType.NO_CONTROL;0;<BV64 0x6ab4>;64;[];[];[];[];[];[];[];27316;27316;0;1.0;;;True;27316.0;27316.0;0.0;1.0;;;True;ControlType.NO_CONTROL;0;<BV64 x0>;64;[('0x5425c', <Bool x0 != 0x0>, 'Taken')];[];['<BV64 x0>'];[];['<BV64 x0>'];[];[];0.0;1.8446744073709552e+19;18446744073709551615;1;;;True;1.0;1.8446744073709552e+19;18446744073709551614;1;;;True;ControlType.CONTROLLED;0;<BV64 x0>;64;[('0x5425c', <Bool x0 != 0x0>, 'Taken')];[];['<BV64 x0>'];[];['<BV64 x0>'];[];[];0.0;1.8446744073709552e+19;1.8446744073709552e+19;1.0;;;True;1.0;1.8446744073709552e+19;1.8446744073709552e+19;1.0;;;True;ControlType.CONTROLLED;0;<BV64 x0>;64;[];[];[];[];[];[];[];0;0;0;;;;False;0;0;0;;;;False;ControlType.UNKNOWN;0;[('0x5425c', <Bool x0 != 0x0>, 'Taken')];{'regs': ['<BV64 x0>'], 'indirect_regs': [], 'direct_regs': ['<BV64 x0>'], 'mem': [], 'const_mem': []};[];{'regs': [], 'indirect_regs': [], 'direct_regs': [], 'mem': [], 'const_mem': []};{'regs': ['<BV64 x0>'], 'indirect_regs': [], 'direct_regs': ['<BV64 x0>'], 'mem': [], 'const_mem': []};{'regs': ['<BV64 x0>'], 'indirect_regs': [], 'direct_regs': ['<BV64 x0>'], 'mem': [], 'const_mem': []};63.0;0.0;64.0;64.0;[];;;;BaseControlType.CONSTANT_BASE;BaseControlType.CONSTANT_BASE;BaseControlType.CONSTANT_BASE;1;BranchControlType.BRANCH_DEPENDS_ON_SECRET_VALUE;BranchControlType.BRANCH_INDEPENDENT_FROM_SECRET;344684;True;False;True;True;True;False;False;True;True;False;False;False;True;False;True;True;True;False;True;False;[];['has_valid_base'];True;False;True;True;True;False;False;True;True;False;False;False;True;False;True;True;True;False;True;False;[];['has_valid_base']
ad5f5ff7-c127-40b0-a010-9797882194dd;ZSTD_CCtx_reset;0x199d0;0x199f4;0x0;TransmitterType.STORE;10;0;False;['0x199d0', '0x199f4'];<BV64 0x2f8 + x0>;64;[];[];['<BV64 x0>'];[];['<BV64 x0>'];[];[];0;18446744073709551615;18446744073709551615;1;;;True;0;18446744073709551615;18446744073709551615;1;;;True;ControlType.CONTROLLED;0;<BV64 0x2f8>;64;[];[];[];[];[];[];[];760.0;760.0;0.0;1.0;;;True;760.0;760.0;0.0;1.0;;;True;ControlType.NO_CONTROL;0;<BV64 0x2f8>;64;[];[];[];[];[];[];[];760;760;0;1.0;;;True;760.0;760.0;0.0;1.0;;;True;ControlType.NO_CONTROL;0;<BV64 x0>;64;[];[];['<BV64 x0>'];[];['<BV64 x0>'];[];[];0.0;1.8446744073709552e+19;18446744073709551615;1;;;True;0.0;1.8446744073709552e+19;18446744073709551615;1;;;True;ControlType.CONTROLLED;0;<BV64 x0>;64;[];[];['<BV64 x0>'];[];['<BV64 x0>'];[];[];0.0;1.8446744073709552e+19;1.8446744073709552e+19;1.0;;;True;0.0;1.8446744073709552e+19;1.8446744073709552e+19;1.0;;;True;ControlType.CONTROLLED;0;<BV64 x0>;64;[];[];[];[];[];[];[];0;0;0;;;;False;0;0;0;;;;False;ControlType.UNKNOWN;0;[('0x199f0', <Bool (x1[31:0] & 0xfffffffd) == 0x1>, 'Taken')];{'regs': ['<BV64 x1>'], 'indirect_regs': [], 'direct_regs': ['<BV64 x1>'], 'mem': [], 'const_mem': []};[];{'regs': [], 'indirect_regs': [], 'direct_regs': [], 'mem': [], 'const_mem': []};{'regs': ['<BV64 x0>'], 'indirect_regs': [], 'direct_regs': ['<BV64 x0>'], 'mem': [], 'const_mem': []};{'regs': ['<BV64 x0>', '<BV64 x1>'], 'indirect_regs': [], 'direct_regs': ['<BV64 x0>', '<BV64 x1>'], 'mem': [], 'const_mem': []};63.0;0.0;64.0;64.0;[];;;;BaseControlType.CONSTANT_BASE;BaseControlType.CONSTANT_BASE;BaseControlType.CONSTANT_BASE;1;BranchControlType.BRANCH_INDEPENDENT_FROM_SECRET;BranchControlType.BRANCH_INDEPENDENT_FROM_SECRET;104948;True;False;True;True;True;False;False;True;True;False;False;False;True;False;True;False;True;False;True;False;[];['has_valid_base'];True;False;True;True;True;False;False;True;True;False;False;False;True;False;True;False;True;False;True;False;[];['has_valid_base']
9935980c-9eb3-44d9-8a90-8254de19907b;ZSTD_CCtx_reset;0x199d0;0x199f8;0x0;TransmitterType.STORE;11;0;False;['0x199d0', '0x199f4'];<BV64 0xe18 + x0>;64;[];[];['<BV64 x0>'];[];['<BV64 x0>'];[];[];0;18446744073709551615;18446744073709551615;1;;;True;0;18446744073709551615;18446744073709551615;1;;;True;ControlType.CONTROLLED;0;<BV64 0xe18>;64;[];[];[];[];[];[];[];3608.0;3608.0;0.0;1.0;;;True;3608.0;3608.0;0.0;1.0;;;True;ControlType.NO_CONTROL;0;<BV64 0xe18>;64;[];[];[];[];[];[];[];3608;3608;0;1.0;;;True;3608.0;3608.0;0.0;1.0;;;True;ControlType.NO_CONTROL;0;<BV64 x0>;64;[];[];['<BV64 x0>'];[];['<BV64 x0>'];[];[];0.0;1.8446744073709552e+19;18446744073709551615;1;;;True;0.0;1.8446744073709552e+19;18446744073709551615;1;;;True;ControlType.CONTROLLED;0;<BV64 x0>;64;[];[];['<BV64 x0>'];[];['<BV64 x0>'];[];[];0.0;1.8446744073709552e+19;1.8446744073709552e+19;1.0;;;True;0.0;1.8446744073709552e+19;1.8446744073709552e+19;1.0;;;True;ControlType.CONTROLLED;0;<BV64 x0>;64;[];[];[];[];[];[];[];0;0;0;;;;False;0;0;0;;;;False;ControlType.UNKNOWN;0;[('0x199f0', <Bool (x1[31:0] & 0xfffffffd) == 0x1>, 'Taken')];{'regs': ['<BV64 x1>'], 'indirect_regs': [], 'direct_regs': ['<BV64 x1>'], 'mem': [], 'const_mem': []};[];{'regs': [], 'indirect_regs': [], 'direct_regs': [], 'mem': [], 'const_mem': []};{'regs': ['<BV64 x0>'], 'indirect_regs': [], 'direct_regs': ['<BV64 x0>'], 'mem': [], 'const_mem': []};{'regs': ['<BV64 x0>', '<BV64 x1>'], 'indirect_regs': [], 'direct_regs': ['<BV64 x0>', '<BV64 x1>'], 'mem': [], 'const_mem': []};63.0;0.0;64.0;64.0;[];;;;BaseControlType.CONSTANT_BASE;BaseControlType.CONSTANT_BASE;BaseControlType.CONSTANT_BASE;1;BranchControlType.BRANCH_INDEPENDENT_FROM_SECRET;BranchControlType.BRANCH_INDEPENDENT_FROM_SECRET;104952;True;False;True;True;True;False;False;True;True;False;False;False;True;False;True;False;True;False;True;False;[];['has_valid_base'];True;False;True;True;True;False;False;True;True;False;False;False;True;False;True;False;True;False;True;False;[];['has_valid_base']
a8950512-9bff-4b20-9d3c-2aa47e01e3f3;ZSTD_CCtx_reset;0x199d0;0x19720;0x0;TransmitterType.LOAD;19;0;False;['0x199d0', '0x199f4', '0x19a3c', '0x19714'];<BV64 0xe48 + x0>;64;[];[];['<BV64 x0>'];[];['<BV64 x0>'];[];[];0;18446744073709551615;18446744073709551615;1;;;True;0;18446744073709551615;18446744073709551615;1;;;True;ControlType.CONTROLLED;0;<BV64 0xe48>;64;[];[];[];[];[];[];[];3656.0;3656.0;0.0;1.0;;;True;3656.0;3656.0;0.0;1.0;;;True;ControlType.NO_CONTROL;0;<BV64 0xe48>;64;[];[];[];[];[];[];[];3656;3656;0;1.0;;;True;3656.0;3656.0;0.0;1.0;;;True;ControlType.NO_CONTROL;0;<BV64 x0>;64;[];[];['<BV64 x0>'];[];['<BV64 x0>'];[];[];0.0;1.8446744073709552e+19;18446744073709551615;1;;;True;0.0;1.8446744073709552e+19;18446744073709551615;1;;;True;ControlType.CONTROLLED;0;<BV64 x0>;64;[];[];['<BV64 x0>'];[];['<BV64 x0>'];[];[];0.0;1.8446744073709552e+19;1.8446744073709552e+19;1.0;;;True;0.0;1.8446744073709552e+19;1.8446744073709552e+19;1.0;;;True;ControlType.CONTROLLED;0;<BV64 x0>;64;[];[];[];[];[];[];[];0;0;0;;;;False;0;0;0;;;;False;ControlType.UNKNOWN;0;[('0x199f0', <Bool (x1[31:0] & 0xfffffffd) == 0x1>, 'Taken'), ('0x19a00', <Bool 0xfffffffe + x1[31:0] <= 0x1>, 'Taken'), ('0x19a40', <Bool True>, 'Taken')];{'regs': ['<BV64 x1>'], 'indirect_regs': [], 'direct_regs': ['<BV64 x1>'], 'mem': [], 'const_mem': []};[];{'regs': [], 'indirect_regs': [], 'direct_regs': [], 'mem': [], 'const_mem': []};{'regs': ['<BV64 x0>'], 'indirect_regs': [], 'direct_regs': ['<BV64 x0>'], 'mem': [], 'const_mem': []};{'regs': ['<BV64 x0>', '<BV64 x1>'], 'indirect_regs': [], 'direct_regs': ['<BV64 x0>', '<BV64 x1>'], 'mem': [], 'const_mem': []};63.0;0.0;64.0;64.0;[];;;;BaseControlType.CONSTANT_BASE;BaseControlType.CONSTANT_BASE;BaseControlType.CONSTANT_BASE;3;BranchControlType.BRANCH_INDEPENDENT_FROM_SECRET;BranchControlType.BRANCH_INDEPENDENT_FROM_SECRET;104224;True;False;True;True;True;False;False;True;True;False;False;False;True;False;True;False;True;False;True;False;[];['has_valid_base'];True;False;True;True;True;False;False;True;True;False;False;False;True;False;True;False;True;False;True;False;[];['has_valid_base']
a3e497be-4d50-4a37-9529-9b2b6f25732f;ZSTD_CCtx_reset;0x199d0;0x19730;0x0;TransmitterType.LOAD;23;0;False;['0x199d0', '0x199f4', '0x19a3c', '0x19714', '0x19730'];<BV64 0x370 + x0>;64;[];[];['<BV64 x0>'];[];['<BV64 x0>'];[];[];0;18446744073709551615;18446744073709551615;1;;;True;0;18446744073709551615;18446744073709551615;1;;;True;ControlType.CONTROLLED;0;<BV64 0x370>;64;[];[];[];[];[];[];[];880.0;880.0;0.0;1.0;;;True;880.0;880.0;0.0;1.0;;;True;ControlType.NO_CONTROL;0;<BV64 0x370>;64;[];[];[];[];[];[];[];880;880;0;1.0;;;True;880.0;880.0;0.0;1.0;;;True;ControlType.NO_CONTROL;0;<BV64 x0>;64;[];[];['<BV64 x0>'];[];['<BV64 x0>'];[];[];0.0;1.8446744073709552e+19;18446744073709551615;1;;;True;0.0;1.8446744073709552e+19;18446744073709551615;1;;;True;ControlType.CONTROLLED;0;<BV64 x0>;64;[];[];['<BV64 x0>'];[];['<BV64 x0>'];[];[];0.0;1.8446744073709552e+19;1.8446744073709552e+19;1.0;;;True;0.0;1.8446744073709552e+19;1.8446744073709552e+19;1.0;;;True;ControlType.CONTROLLED;0;<BV64 x0>;64;[];[];[];[];[];[];[];0;0;0;;;;False;0;0;0;;;;False;ControlType.UNKNOWN;0;[('0x1972c', <Bool LOAD_64[<BV64 x0 + 0xe48>]_30 != 0x0>, 'Taken'), ('0x199f0', <Bool (x1[31:0] & 0xfffffffd) == 0x1>, 'Taken'), ('0x19a00', <Bool 0xfffffffe + x1[31:0] <= 0x1>, 'Taken'), ('0x19a40', <Bool True>, 'Taken')];"{'regs': ['<BV64 x0>', '<BV64 x1>'], 'indirect_regs': [""<BV64 x0>: ['0xe48']""], 'direct_regs': ['<BV64 x1>'], 'mem': ['<BV64 x0 + 0xe48>'], 'const_mem': []}";[];{'regs': [], 'indirect_regs': [], 'direct_regs': [], 'mem': [], 'const_mem': []};{'regs': ['<BV64 x0>'], 'indirect_regs': [], 'direct_regs': ['<BV64 x0>'], 'mem': [], 'const_mem': []};{'regs': ['<BV64 x0>', '<BV64 x1>'], 'indirect_regs': [], 'direct_regs': ['<BV64 x0>', '<BV64 x1>'], 'mem': ['<BV64 x0 + 0xe48>'], 'const_mem': []};63.0;0.0;64.0;64.0;[];;;;BaseControlType.CONSTANT_BASE;BaseControlType.CONSTANT_BASE;BaseControlType.CONSTANT_BASE;4;BranchControlType.BRANCH_DEPENDS_ON_SECRET_VALUE;BranchControlType.BRANCH_INDEPENDENT_FROM_SECRET;104240;True;False;True;True;True;False;False;True;True;False;False;False;True;False;True;True;True;False;True;False;[];['has_valid_base'];True;False;True;True;True;False;False;True;True;False;False;False;True;False;True;True;True;False;True;False;[];['has_valid_base']
4b684e60-892e-4ae9-8dd6-cbb0522fb3a1;ZSTD_CCtx_reset;0x199d0;0x19734;0x0;TransmitterType.LOAD;24;0;False;['0x199d0', '0x199f4', '0x19a3c', '0x19714', '0x19730'];<BV64 0x378 + x0>;64;[];[];['<BV64 x0>'];[];['<BV64 x0>'];[];[];0;18446744073709551615;18446744073709551615;1;;;True;0;18446744073709551615;18446744073709551615;1;;;True;ControlType.CONTROLLED;0;<BV64 0x378>;64;[];[];[];[];[];[];[];888.0;888.0;0.0;1.0;;;True;888.0;888.0;0.0;1.0;;;True;ControlType.NO_CONTROL;0;<BV64 0x378>;64;[];[];[];[];[];[];[];888;888;0;1.0;;;True;888.0;888.0;0.0;1.0;;;True;ControlType.NO_CONTROL;0;<BV64 x0>;64;[];[];['<BV64 x0>'];[];['<BV64 x0>'];[];[];0.0;1.8446744073709552e+19;18446744073709551615;1;;;True;0.0;1.8446744073709552e+19;18446744073709551615;1;;;True;ControlType.CONTROLLED;0;<BV64 x0>;64;[];[];['<BV64 x0>'];[];['<BV64 x0>'];[];[];0.0;1.8446744073709552e+19;1.8446744073709552e+19;1.0;;;True;0.0;1.8446744073709552e+19;1.8446744073709552e+19;1.0;;;True;ControlType.CONTROLLED;0;<BV64 x0>;64;[];[];[];[];[];[];[];0;0;0;;;;False;0;0;0;;;;False;ControlType.UNKNOWN;0;[('0x1972c', <Bool LOAD_64[<BV64 x0 + 0xe48>]_30 != 0x0>, 'Taken'), ('0x199f0', <Bool (x1[31:0] & 0xfffffffd) == 0x1>, 'Taken'), ('0x19a00', <Bool 0xfffffffe + x1[31:0] <= 0x1>, 'Taken'), ('0x19a40', <Bool True>, 'Taken')];"{'regs': ['<BV64 x0>', '<BV64 x1>'], 'indirect_regs': [""<BV64 x0>: ['0xe48']""], 'direct_regs': ['<BV64 x1>'], 'mem': ['<BV64 x0 + 0xe48>'], 'const_mem': []}";[];{'regs': [], 'indirect_regs': [], 'direct_regs': [], 'mem': [], 'const_mem': []};{'regs': ['<BV64 x0>'], 'indirect_regs': [], 'direct_regs': ['<BV64 x0>'], 'mem': [], 'const_mem': []};{'regs': ['<BV64 x0>', '<BV64 x1>'], 'indirect_regs': [], 'direct_regs': ['<BV64 x0>', '<BV64 x1>'], 'mem': ['<BV64 x0 + 0xe48>'], 'const_mem': []};63.0;0.0;64.0;64.0;[];;;;BaseControlType.CONSTANT_BASE;BaseControlType.CONSTANT_BASE;BaseControlType.CONSTANT_BASE;4;BranchControlType.BRANCH_DEPENDS_ON_SECRET_VALUE;BranchControlType.BRANCH_INDEPENDENT_FROM_SECRET;104244;True;False;True;True;True;False;False;True;True;False;False;False;True;False;True;True;True;False;True;False;[];['has_valid_base'];True;False;True;True;True;False;False;True;True;False;False;False;True;False;True;True;True;False;True;False;[];['has_valid_base']
a46e58f2-62b2-41fb-ba14-7246f7eef4c4;ZSTD_CCtx_reset;0x199d0;0x19740;0x0;TransmitterType.LOAD;23;0;False;['0x199d0', '0x199f4', '0x19a3c', '0x19714', '0x19740'];<BV64 0xe68 + x0>;64;[];[];['<BV64 x0>'];[];['<BV64 x0>'];[];[];0;18446744073709551615;18446744073709551615;1;;;True;0;18446744073709551615;18446744073709551615;1;;;True;ControlType.CONTROLLED;0;<BV64 0xe68>;64;[];[];[];[];[];[];[];3688.0;3688.0;0.0;1.0;;;True;3688.0;3688.0;0.0;1.0;;;True;ControlType.NO_CONTROL;0;<BV64 0xe68>;64;[];[];[];[];[];[];[];3688;3688;0;1.0;;;True;3688.0;3688.0;0.0;1.0;;;True;ControlType.NO_CONTROL;0;<BV64 x0>;64;[];[];['<BV64 x0>'];[];['<BV64 x0>'];[];[];0.0;1.8446744073709552e+19;18446744073709551615;1;;;True;0.0;1.8446744073709552e+19;18446744073709551615;1;;;True;ControlType.CONTROLLED;0;<BV64 x0>;64;[];[];['<BV64 x0>'];[];['<BV64 x0>'];[];[];0.0;1.8446744073709552e+19;1.8446744073709552e+19;1.0;;;True;0.0;1.8446744073709552e+19;1.8446744073709552e+19;1.0;;;True;ControlType.CONTROLLED;0;<BV64 x0>;64;[];[];[];[];[];[];[];0;0;0;;;;False;0;0;0;;;;False;ControlType.UNKNOWN;0;[('0x1972c', <Bool LOAD_64[<BV64 x0 + 0xe48>]_30 == 0x0>, 'Taken'), ('0x199f0', <Bool (x1[31:0] & 0xfffffffd) == 0x1>, 'Taken'), ('0x19a00', <Bool 0xfffffffe + x1[31:0] <= 0x1>, 'Taken'), ('0x19a40', <Bool True>, 'Taken')];"{'regs': ['<BV64 x0>', '<BV64 x1>'], 'indirect_regs': [""<BV64 x0>: ['0xe48']""], 'direct_regs': ['<BV64 x1>'], 'mem': ['<BV64 x0 + 0xe48>'], 'const_mem': []}";[];{'regs': [], 'indirect_regs': [], 'direct_regs': [], 'mem': [], 'const_mem': []};{'regs': ['<BV64 x0>'], 'indirect_regs': [], 'direct_regs': ['<BV64 x0>'], 'mem': [], 'const_mem': []};"{'regs': ['<BV64 x0>', '<BV64 x0>', '<BV64 x1>'], 'indirect_regs': [""<BV64 x0>: ['0xe48']""], 'direct_regs': ['<BV64 x0>', '<BV64 x1>'], 'mem': ['<BV64 x0 + 0xe48>'], 'const_mem': []}";63.0;0.0;64.0;64.0;[];;;;BaseControlType.CONSTANT_BASE;BaseControlType.CONSTANT_BASE;BaseControlType.CONSTANT_BASE;4;BranchControlType.BRANCH_INDEPENDENT_FROM_SECRET;BranchControlType.BRANCH_INDEPENDENT_FROM_SECRET;104256;True;False;True;True;True;False;False;True;True;False;False;False;True;False;True;False;True;False;True;False;[];['has_valid_base'];True;False;True;True;True;False;False;True;True;False;False;False;True;False;True;False;True;False;True;False;[];['has_valid_base']
50bc1e11-b63b-441c-ae21-79f73669d0a7;ZSTD_CCtx_reset;0x199d0;0x19a20;0x0;TransmitterType.LOAD;12;0;False;['0x199d0', '0x19a18', '0x19a20'];<BV64 0xe18 + x0>;64;[];[];['<BV64 x0>'];[];['<BV64 x0>'];[];[];0;18446744073709551615;18446744073709551615;1;;;True;0;18446744073709551615;18446744073709551615;1;;;True;ControlType.CONTROLLED;0;<BV64 0xe18>;64;[];[];[];[];[];[];[];3608.0;3608.0;0.0;1.0;;;True;3608.0;3608.0;0.0;1.0;;;True;ControlType.NO_CONTROL;0;<BV64 0xe18>;64;[];[];[];[];[];[];[];3608;3608;0;1.0;;;True;3608.0;3608.0;0.0;1.0;;;True;ControlType.NO_CONTROL;0;<BV64 x0>;64;[];[];['<BV64 x0>'];[];['<BV64 x0>'];[];[];0.0;1.8446744073709552e+19;18446744073709551615;1;;;True;0.0;1.8446744073709552e+19;18446744073709551615;1;;;True;ControlType.CONTROLLED;0;<BV64 x0>;64;[];[];['<BV64 x0>'];[];['<BV64 x0>'];[];[];0.0;1.8446744073709552e+19;1.8446744073709552e+19;1.0;;;True;0.0;1.8446744073709552e+19;1.8446744073709552e+19;1.0;;;True;ControlType.CONTROLLED;0;<BV64 x0>;64;[];[];[];[];[];[];[];0;0;0;;;;False;0;0;0;;;;False;ControlType.UNKNOWN;0;[('0x199f0', <Bool (x1[31:0] & 0xfffffffd) != 0x1>, 'Taken'), ('0x19a1c', <Bool 0x1 >= 0xfffffffe + x1[31:0]>, 'Taken')];{'regs': ['<BV64 x1>'], 'indirect_regs': [], 'direct_regs': ['<BV64 x1>'], 'mem': [], 'const_mem': []};[];{'regs': [], 'indirect_regs': [], 'direct_regs': [], 'mem': [], 'const_mem': []};{'regs': ['<BV64 x0>'], 'indirect_regs': [], 'direct_regs': ['<BV64 x0>'], 'mem': [], 'const_mem': []};{'regs': ['<BV64 x0>', '<BV64 x1>'], 'indirect_regs': [], 'direct_regs': ['<BV64 x0>', '<BV64 x1>'], 'mem': [], 'const_mem': []};63.0;0.0;64.0;64.0;[];;;;BaseControlType.CONSTANT_BASE;BaseControlType.CONSTANT_BASE;BaseControlType.CONSTANT_BASE;2;BranchControlType.BRANCH_INDEPENDENT_FROM_SECRET;BranchControlType.BRANCH_INDEPENDENT_FROM_SECRET;104992;True;False;True;True;True;False;False;True;True;False;False;False;True;False;True;False;True;False;True;False;[];['has_valid_base'];True;False;True;True;True;False;False;True;True;False;False;False;True;False;True;False;True;False;True;False;[];['has_valid_base']
905b9e6e-8e8d-4004-ab49-4e02bc5bdf8a;ZSTD_CCtx_reset;0x199d0;0x19720;0x0;TransmitterType.LOAD;19;0;False;['0x199d0', '0x19a18', '0x19a20', '0x19a3c', '0x19714'];<BV64 0xe48 + x0>;64;[];[];['<BV64 x0>'];[];['<BV64 x0>'];[];[];0;18446744073709551615;18446744073709551615;1;;;True;0;18446744073709551615;18446744073709551615;1;;;True;ControlType.CONTROLLED;0;<BV64 0xe48>;64;[];[];[];[];[];[];[];3656.0;3656.0;0.0;1.0;;;True;3656.0;3656.0;0.0;1.0;;;True;ControlType.NO_CONTROL;0;<BV64 0xe48>;64;[];[];[];[];[];[];[];3656;3656;0;1.0;;;True;3656.0;3656.0;0.0;1.0;;;True;ControlType.NO_CONTROL;0;<BV64 x0>;64;[];[];['<BV64 x0>'];[];['<BV64 x0>'];[];[];0.0;1.8446744073709552e+19;18446744073709551615;1;;;True;0.0;1.8446744073709552e+19;18446744073709551615;1;;;True;ControlType.CONTROLLED;0;<BV64 x0>;64;[];[];['<BV64 x0>'];[];['<BV64 x0>'];[];[];0.0;1.8446744073709552e+19;1.8446744073709552e+19;1.0;;;True;0.0;1.8446744073709552e+19;1.8446744073709552e+19;1.0;;;True;ControlType.CONTROLLED;0;<BV64 x0>;64;[];[];[];[];[];[];[];0;0;0;;;;False;0;0;0;;;;False;ControlType.UNKNOWN;0;[('0x199f0', <Bool (x1[31:0] & 0xfffffffd) != 0x1>, 'Taken'), ('0x19a1c', <Bool 0x1 >= 0xfffffffe + x1[31:0]>, 'Taken'), ('0x19a24', <Bool LOAD_32[<BV64 x0 + 0xe18>]_35 == 0x0>, 'Taken'), ('0x19a40', <Bool True>, 'Taken')];"{'regs': ['<BV64 x0>', '<BV64 x1>'], 'indirect_regs': [""<BV64 x0>: ['0xe18']""], 'direct_regs': ['<BV64 x1>'], 'mem': ['<BV64 x0 + 0xe18>'], 'const_mem': []}";[];{'regs': [], 'indirect_regs': [], 'direct_regs': [], 'mem': [], 'const_mem': []};{'regs': ['<BV64 x0>'], 'indirect_regs': [], 'direct_regs': ['<BV64 x0>'], 'mem': [], 'const_mem': []};"{'regs': ['<BV64 x0>', '<BV64 x0>', '<BV64 x1>'], 'indirect_regs': [""<BV64 x0>: ['0xe18']""], 'direct_regs': ['<BV64 x0>', '<BV64 x1>'], 'mem': ['<BV64 x0 + 0xe18>'], 'const_mem': []}";63.0;0.0;64.0;64.0;[];;;;BaseControlType.CONSTANT_BASE;BaseControlType.CONSTANT_BASE;BaseControlType.CONSTANT_BASE;4;BranchControlType.BRANCH_INDEPENDENT_FROM_SECRET;BranchControlType.BRANCH_INDEPENDENT_FROM_SECRET;104224;True;False;True;True;True;False;False;True;True;False;False;False;True;False;True;False;True;False;True;False;[];['has_valid_base'];True;False;True;True;True;False;False;True;True;False;False;False;True;False;True;False;True;False;True;False;[];['has_valid_base']
724e42db-acdf-4837-86a0-0b5087a246d9;ZSTD_findFrameCompressedSize;0x552b4;0x54eac;0x0;TransmitterType.LOAD;34;0;False;['0x552b4', '0x54d70', '0x54eac'];<BV64 x0>;64;[];[];['<BV64 x0>'];[];['<BV64 x0>'];[];[];0;18446744073709551615;18446744073709551615;1;;;True;0;18446744073709551615;18446744073709551615;1;;;True;ControlType.CONTROLLED;0;;0;[];[];[];[];[];[];[];0.0;0.0;0.0;0.0;;;False;0.0;0.0;0.0;0.0;;;False;ControlType.UNKNOWN;0;;0;[];[];[];[];[];[];[];0;0;0;;;;False;0.0;0.0;0.0;0.0;;;False;ControlType.UNKNOWN;0;<BV64 x0>;64;[];[];['<BV64 x0>'];[];['<BV64 x0>'];[];[];0.0;1.8446744073709552e+19;18446744073709551615;1;;;True;0.0;1.8446744073709552e+19;18446744073709551615;1;;;True;ControlType.CONTROLLED;0;<BV64 x0>;64;[];[];['<BV64 x0>'];[];['<BV64 x0>'];[];[];0.0;1.8446744073709552e+19;1.8446744073709552e+19;1.0;;;True;0.0;1.8446744073709552e+19;1.8446744073709552e+19;1.0;;;True;ControlType.CONTROLLED;0;<BV64 x0>;64;[];[];[];[];[];[];[];0;0;0;;;;False;0;0;0;;;;False;ControlType.UNKNOWN;0;[('0x54dc0', <Bool True>, 'Taken'), ('0x552e0', <Bool True>, 'Taken')];{'regs': [], 'indirect_regs': [], 'direct_regs': [], 'mem': [], 'const_mem': []};[('0x54dc0', <Bool x1 != 0x3>, 'ConditionType.UNKNOWN'), ('0x54dc0', <Bool x1 >= 0x3>, 'ConditionType.UNKNOWN')];{'regs': ['<BV64 x1>'], 'indirect_regs': [], 'direct_regs': ['<BV64 x1>'], 'mem': [], 'const_mem': []};{'regs': ['<BV64 x0>', '<BV64 x1>'], 'indirect_regs': [], 'direct_regs': ['<BV64 x0>', '<BV64 x1>'], 'mem': [], 'const_mem': []};{'regs': ['<BV64 x0>', '<BV64 x1>'], 'indirect_regs': [], 'direct_regs': ['<BV64 x0>', '<BV64 x1>'], 'mem': [], 'const_mem': []};63.0;0.0;64.0;64.0;[];;;;BaseControlType.NO_BASE;BaseControlType.NO_BASE;BaseControlType.NO_BASE;2;BranchControlType.BRANCH_INDEPENDENT_FROM_SECRET;BranchControlType.BRANCH_INDEPENDENT_FROM_SECRET;347820;True;False;True;True;True;False;False;True;True;False;False;False;True;False;True;False;True;False;True;False;[];['has_valid_base'];True;False;True;True;True;False;False;True;True;False;False;False;True;False;True;False;True;False;True;False;[];['has_valid_base']
b88c9999-9f6f-44c8-978b-6df786cec008;ZSTD_estimateCCtxSize_usingCParams;0x15b10;0x15b40;0x0;TransmitterType.LOAD;13;0;False;['0x15b10'];<BV64 x0>;64;[];[];['<BV64 x0>'];[];['<BV64 x0>'];[];[];0;18446744073709551615;18446744073709551615;1;;;True;0;18446744073709551615;18446744073709551615;1;;;True;ControlType.CONTROLLED;0;;0;[];[];[];[];[];[];[];0.0;0.0;0.0;0.0;;;False;0.0;0.0;0.0;0.0;;;False;ControlType.UNKNOWN;0;;0;[];[];[];[];[];[];[];0;0;0;;;;False;0.0;0.0;0.0;0.0;;;False;ControlType.UNKNOWN;0;<BV64 x0>;64;[];[];['<BV64 x0>'];[];['<BV64 x0>'];[];[];0.0;1.8446744073709552e+19;18446744073709551615;1;;;True;0.0;1.8446744073709552e+19;18446744073709551615;1;;;True;ControlType.CONTROLLED;0;<BV64 x0>;64;[];[];['<BV64 x0>'];[];['<BV64 x0>'];[];[];0.0;1.8446744073709552e+19;1.8446744073709552e+19;1.0;;;True;0.0;1.8446744073709552e+19;1.8446744073709552e+19;1.0;;;True;ControlType.CONTROLLED;0;<BV64 x0>;64;[];[];[];[];[];[];[];0;0;0;;;;False;0;0;0;;;;False;ControlType.UNKNOWN;0;[];{'regs': [], 'indirect_regs': [], 'direct_regs': [], 'mem': [], 'const_mem': []};[];{'regs': [], 'indirect_regs': [], 'direct_regs': [], 'mem': [], 'const_mem': []};{'regs': ['<BV64 x0>'], 'indirect_regs': [], 'direct_regs': ['<BV64 x0>'], 'mem': [], 'const_mem': []};{'regs': ['<BV64 x0>'], 'indirect_regs': [], 'direct_regs': ['<BV64 x0>'], 'mem': [], 'const_mem': []};63.0;0.0;64.0;64.0;[];;;;BaseControlType.NO_BASE;BaseControlType.NO_BASE;BaseControlType.NO_BASE;0;BranchControlType.BRANCH_INDEPENDENT_FROM_SECRET;BranchControlType.BRANCH_INDEPENDENT_FROM_SECRET;88896;True;False;True;True;True;False;False;True;True;False;False;False;True;False;True;False;True;False;True;False;[];['has_valid_base'];True;False;True;True;True;False;False;True;True;False;False;False;True;False;True;False;True;False;True;False;[];['has_valid_base']
f0c8bd3e-5b59-4fbd-9309-fa339b0e4952;ZSTD_estimateCCtxSize_usingCParams;0x15b10;0x15b50;0x0;TransmitterType.LOAD;17;0;False;['0x15b10'];<BV64 0xc + x0>;64;[];[];['<BV64 x0>'];[];['<BV64 x0>'];[];[];0;18446744073709551615;18446744073709551615;1;;;True;0;18446744073709551615;18446744073709551615;1;;;True;ControlType.CONTROLLED;0;<BV64 0xc>;64;[];[];[];[];[];[];[];12.0;12.0;0.0;1.0;;;True;12.0;12.0;0.0;1.0;;;True;ControlType.NO_CONTROL;0;<BV64 0xc>;64;[];[];[];[];[];[];[];12;12;0;1.0;;;True;12.0;12.0;0.0;1.0;;;True;ControlType.NO_CONTROL;0;<BV64 x0>;64;[];[];['<BV64 x0>'];[];['<BV64 x0>'];[];[];0.0;1.8446744073709552e+19;18446744073709551615;1;;;True;0.0;1.8446744073709552e+19;18446744073709551615;1;;;True;ControlType.CONTROLLED;0;<BV64 x0>;64;[];[];['<BV64 x0>'];[];['<BV64 x0>'];[];[];0.0;1.8446744073709552e+19;1.8446744073709552e+19;1.0;;;True;0.0;1.8446744073709552e+19;1.8446744073709552e+19;1.0;;;True;ControlType.CONTROLLED;0;<BV64 x0>;64;[];[];[];[];[];[];[];0;0;0;;;;False;0;0;0;;;;False;ControlType.UNKNOWN;0;[];{'regs': [], 'indirect_regs': [], 'direct_regs': [], 'mem': [], 'const_mem': []};[];{'regs': [], 'indirect_regs': [], 'direct_regs': [], 'mem': [], 'const_mem': []};{'regs': ['<BV64 x0>'], 'indirect_regs': [], 'direct_regs': ['<BV64 x0>'], 'mem': [], 'const_mem': []};{'regs': ['<BV64 x0>'], 'indirect_regs': [], 'direct_regs': ['<BV64 x0>'], 'mem': [], 'const_mem': []};63.0;0.0;64.0;64.0;[];;;;BaseControlType.CONSTANT_BASE;BaseControlType.CONSTANT_BASE;BaseControlType.CONSTANT_BASE;0;BranchControlType.BRANCH_INDEPENDENT_FROM_SECRET;BranchControlType.BRANCH_INDEPENDENT_FROM_SECRET;88912;True;False;True;True;True;False;False;True;True;False;False;False;True;False;True;False;True;False;True;False;[];['has_valid_base'];True;False;True;True;True;False;False;True;True;False;False;False;True;False;True;False;True;False;True;False;[];['has_valid_base']
19668534-09cb-4c7f-a27b-005a546588b0;ZSTD_compress2;0x21290;0x212cc;0x0;TransmitterType.LOAD;16;0;False;['0x21290'];<BV64 0x8c + x0>;64;[];[];['<BV64 x0>'];[];['<BV64 x0>'];[];[];0;18446744073709551615;18446744073709551615;1;;;True;0;18446744073709551615;18446744073709551615;1;;;True;ControlType.CONTROLLED;0;<BV64 0x8c>;64;[];[];[];[];[];[];[];140.0;140.0;0.0;1.0;;;True;140.0;140.0;0.0;1.0;;;True;ControlType.NO_CONTROL;0;<BV64 0x8c>;64;[];[];[];[];[];[];[];140;140;0;1.0;;;True;140.0;140.0;0.0;1.0;;;True;ControlType.NO_CONTROL;0;<BV64 x0>;64;[];[];['<BV64 x0>'];[];['<BV64 x0>'];[];[];0.0;1.8446744073709552e+19;18446744073709551615;1;;;True;0.0;1.8446744073709552e+19;18446744073709551615;1;;;True;ControlType.CONTROLLED;0;<BV64 x0>;64;[];[];['<BV64 x0>'];[];['<BV64 x0>'];[];[];0.0;1.8446744073709552e+19;1.8446744073709552e+19;1.0;;;True;0.0;1.8446744073709552e+19;1.8446744073709552e+19;1.0;;;True;ControlType.CONTROLLED;0;<BV64 x0>;64;[];[];[];[];[];[];[];0;0;0;;;;False;0;0;0;;;;False;ControlType.UNKNOWN;0;[];{'regs': [], 'indirect_regs': [], 'direct_regs': [], 'mem': [], 'const_mem': []};[];{'regs': [], 'indirect_regs': [], 'direct_regs': [], 'mem': [], 'const_mem': []};{'regs': ['<BV64 x0>'], 'indirect_regs': [], 'direct_regs': ['<BV64 x0>'], 'mem': [], 'const_mem': []};{'regs': ['<BV64 x0>'], 'indirect_regs': [], 'direct_regs': ['<BV64 x0>'], 'mem': [], 'const_mem': []};63.0;0.0;64.0;64.0;[];;;;BaseControlType.CONSTANT_BASE;BaseControlType.CONSTANT_BASE;BaseControlType.CONSTANT_BASE;0;BranchControlType.BRANCH_INDEPENDENT_FROM_SECRET;BranchControlType.BRANCH_INDEPENDENT_FROM_SECRET;135884;True;False;True;True;True;False;False;True;True;False;False;False;True;False;True;False;True;False;True;False;[];['has_valid_base'];True;False;True;True;True;False;False;True;True;False;False;False;True;False;True;False;True;False;True;False;[];['has_valid_base']
594270c6-77f7-44aa-aaca-00006b65bf33;ZSTD_compress2;0x21290;0x199f4;0x0;TransmitterType.STORE;31;0;False;['0x21290', '0x199d0', '0x199f4'];<BV64 0x2f8 + x0>;64;[];[];['<BV64 x0>'];[];['<BV64 x0>'];[];[];0;18446744073709551615;18446744073709551615;1;;;True;0;18446744073709551615;18446744073709551615;1;;;True;ControlType.CONTROLLED;0;<BV64 0x2f8>;64;[];[];[];[];[];[];[];760.0;760.0;0.0;1.0;;;True;760.0;760.0;0.0;1.0;;;True;ControlType.NO_CONTROL;0;<BV64 0x2f8>;64;[];[];[];[];[];[];[];760;760;0;1.0;;;True;760.0;760.0;0.0;1.0;;;True;ControlType.NO_CONTROL;0;<BV64 x0>;64;[];[];['<BV64 x0>'];[];['<BV64 x0>'];[];[];0.0;1.8446744073709552e+19;18446744073709551615;1;;;True;0.0;1.8446744073709552e+19;18446744073709551615;1;;;True;ControlType.CONTROLLED;0;<BV64 x0>;64;[];[];['<BV64 x0>'];[];['<BV64 x0>'];[];[];0.0;1.8446744073709552e+19;1.8446744073709552e+19;1.0;;;True;0.0;1.8446744073709552e+19;1.8446744073709552e+19;1.0;;;True;ControlType.CONTROLLED;0;<BV64 x0>;64;[];[];[];[];[];[];[];0;0;0;;;;False;0;0;0;;;;False;ControlType.UNKNOWN;0;[('0x199f0', <Bool True>, 'Taken'), ('0x212e0', <Bool True>, 'Taken')];{'regs': [], 'indirect_regs': [], 'direct_regs': [], 'mem': [], 'const_mem': []};[];{'regs': [], 'indirect_regs': [], 'direct_regs': [], 'mem': [], 'const_mem': []};{'regs': ['<BV64 x0>'], 'indirect_regs': [], 'direct_regs': ['<BV64 x0>'], 'mem': [], 'const_mem': []};{'regs': ['<BV64 x0>'], 'indirect_regs': [], 'direct_regs': ['<BV64 x0>'], 'mem': [], 'const_mem': []};63.0;0.0;64.0;64.0;[];;;;BaseControlType.CONSTANT_BASE;BaseControlType.CONSTANT_BASE;BaseControlType.CONSTANT_BASE;2;BranchControlType.BRANCH_INDEPENDENT_FROM_SECRET;BranchControlType.BRANCH_INDEPENDENT_FROM_SECRET;104948;True;False;True;True;True;False;False;True;True;False;False;False;True;False;True;False;True;False;True;False;[];['has_valid_base'];True;False;True;True;True;False;False;True;True;False;False;False;True;False;True;False;True;False;True;False;[];['has_valid_base']
3d36c5e7-b2d3-4890-86ea-98cea4b41d94;ZSTD_compress2;0x21290;0x199f8;0x0;TransmitterType.STORE;32;0;False;['0x21290', '0x199d0', '0x199f4'];<BV64 0xe18 + x0>;64;[];[];['<BV64 x0>'];[];['<BV64 x0>'];[];[];0;18446744073709551615;18446744073709551615;1;;;True;0;18446744073709551615;18446744073709551615;1;;;True;ControlType.CONTROLLED;0;<BV64 0xe18>;64;[];[];[];[];[];[];[];3608.0;3608.0;0.0;1.0;;;True;3608.0;3608.0;0.0;1.0;;;True;ControlType.NO_CONTROL;0;<BV64 0xe18>;64;[];[];[];[];[];[];[];3608;3608;0;1.0;;;True;3608.0;3608.0;0.0;1.0;;;True;ControlType.NO_CONTROL;0;<BV64 x0>;64;[];[];['<BV64 x0>'];[];['<BV64 x0>'];[];[];0.0;1.8446744073709552e+19;18446744073709551615;1;;;True;0.0;1.8446744073709552e+19;18446744073709551615;1;;;True;ControlType.CONTROLLED;0;<BV64 x0>;64;[];[];['<BV64 x0>'];[];['<BV64 x0>'];[];[];0.0;1.8446744073709552e+19;1.8446744073709552e+19;1.0;;;True;0.0;1.8446744073709552e+19;1.8446744073709552e+19;1.0;;;True;ControlType.CONTROLLED;0;<BV64 x0>;64;[];[];[];[];[];[];[];0;0;0;;;;False;0;0;0;;;;False;ControlType.UNKNOWN;0;[('0x199f0', <Bool True>, 'Taken'), ('0x212e0', <Bool True>, 'Taken')];{'regs': [], 'indirect_regs': [], 'direct_regs': [], 'mem': [], 'const_mem': []};[];{'regs': [], 'indirect_regs': [], 'direct_regs': [], 'mem': [], 'const_mem': []};{'regs': ['<BV64 x0>'], 'indirect_regs': [], 'direct_regs': ['<BV64 x0>'], 'mem': [], 'const_mem': []};{'regs': ['<BV64 x0>'], 'indirect_regs': [], 'direct_regs': ['<BV64 x0>'], 'mem': [], 'const_mem': []};63.0;0.0;64.0;64.0;[];;;;BaseControlType.CONSTANT_BASE;BaseControlType.CONSTANT_BASE;BaseControlType.CONSTANT_BASE;2;BranchControlType.BRANCH_INDEPENDENT_FROM_SECRET;BranchControlType.BRANCH_INDEPENDENT_FROM_SECRET;104952;True;False;True;True;True;False;False;True;True;False;False;False;True;False;True;False;True;False;True;False;[];['has_valid_base'];True;False;True;True;True;False;False;True;True;False;False;False;True;False;True;False;True;False;True;False;[];['has_valid_base']
506785c1-1871-4245-a787-a5cf8fdbab88;ZSTD_compress2;0x21290;0x2130c;0x0;TransmitterType.STORE;51;0;False;['0x21290', '0x199d0', '0x199f4', '0x19a04', '0x212e4'];<BV64 0x8c + x0>;64;[];[];['<BV64 x0>'];[];['<BV64 x0>'];[];[];0;18446744073709551615;18446744073709551615;1;;;True;0;18446744073709551615;18446744073709551615;1;;;True;ControlType.CONTROLLED;0;<BV64 0x8c>;64;[];[];[];[];[];[];[];140.0;140.0;0.0;1.0;;;True;140.0;140.0;0.0;1.0;;;True;ControlType.NO_CONTROL;0;<BV64 0x8c>;64;[];[];[];[];[];[];[];140;140;0;1.0;;;True;140.0;140.0;0.0;1.0;;;True;ControlType.NO_CONTROL;0;<BV64 x0>;64;[];[];['<BV64 x0>'];[];['<BV64 x0>'];[];[];0.0;1.8446744073709552e+19;18446744073709551615;1;;;True;0.0;1.8446744073709552e+19;18446744073709551615;1;;;True;ControlType.CONTROLLED;0;<BV64 x0>;64;[];[];['<BV64 x0>'];[];['<BV64 x0>'];[];[];0.0;1.8446744073709552e+19;1.8446744073709552e+19;1.0;;;True;0.0;1.8446744073709552e+19;1.8446744073709552e+19;1.0;;;True;ControlType.CONTROLLED;0;<BV64 x0>;64;[];[];[];[];[];[];[];0;0;0;;;;False;0;0;0;;;;False;ControlType.UNKNOWN;0;[('0x199f0', <Bool True>, 'Taken'), ('0x19a00', <Bool True>, 'Taken'), ('0x19a14', <Bool True>, 'Taken'), ('0x212e0', <Bool True>, 'Taken')];{'regs': [], 'indirect_regs': [], 'direct_regs': [], 'mem': [], 'const_mem': []};[];{'regs': [], 'indirect_regs': [], 'direct_regs': [], 'mem': [], 'const_mem': []};{'regs': ['<BV64 x0>'], 'indirect_regs': [], 'direct_regs': ['<BV64 x0>'], 'mem': [], 'const_mem': []};{'regs': ['<BV64 x0>'], 'indirect_regs': [], 'direct_regs': ['<BV64 x0>'], 'mem': [], 'const_mem': []};63.0;0.0;64.0;64.0;[];;;;BaseControlType.CONSTANT_BASE;BaseControlType.CONSTANT_BASE;BaseControlType.CONSTANT_BASE;4;BranchControlType.BRANCH_INDEPENDENT_FROM_SECRET;BranchControlType.BRANCH_INDEPENDENT_FROM_SECRET;135948;True;False;True;True;True;False;False;True;True;False;False;False;True;False;True;False;True;False;True;False;[];['has_valid_base'];True;False;True;True;True;False;False;True;True;False;False;False;True;False;True;False;True;False;True;False;[];['has_valid_base']
cfdd7385-1f82-46f7-96dc-671151850ff9;ZSTD_sizeof_CDict;0x193b0;0x193c0;0x0;TransmitterType.LOAD;5;0;False;['0x193b0', '0x193c0'];<BV64 0x20 + x0>;64;[];[];['<BV64 x0>'];[];['<BV64 x0>'];[];[];0;18446744073709551615;18446744073709551615;1;;;True;0;18446744073709551615;18446744073709551615;1;;;True;ControlType.CONTROLLED;0;<BV64 0x20>;64;[];[];[];[];[];[];[];32.0;32.0;0.0;1.0;;;True;32.0;32.0;0.0;1.0;;;True;ControlType.NO_CONTROL;0;<BV64 0x20>;64;[];[];[];[];[];[];[];32;32;0;1.0;;;True;32.0;32.0;0.0;1.0;;;True;ControlType.NO_CONTROL;0;<BV64 x0>;64;[];[];['<BV64 x0>'];[];['<BV64 x0>'];[];[];0.0;1.8446744073709552e+19;18446744073709551615;1;;;True;1.0;1.8446744073709552e+19;18446744073709551614;1;;;True;ControlType.CONTROLLED;0;<BV64 x0>;64;[];[];['<BV64 x0>'];[];['<BV64 x0>'];[];[];0.0;1.8446744073709552e+19;1.8446744073709552e+19;1.0;;;True;1.0;1.8446744073709552e+19;1.8446744073709552e+19;1.0;;;True;ControlType.CONTROLLED;0;<BV64 x0>;64;[];[];[];[];[];[];[];0;0;0;;;;False;0;0;0;;;;False;ControlType.UNKNOWN;0;[('0x193bc', <Bool x0 != 0x0>, 'Taken')];{'regs': ['<BV64 x0>'], 'indirect_regs': [], 'direct_regs': ['<BV64 x0>'], 'mem': [], 'const_mem': []};[];{'regs': [], 'indirect_regs': [], 'direct_regs': [], 'mem': [], 'const_mem': []};{'regs': ['<BV64 x0>'], 'indirect_regs': [], 'direct_regs': ['<BV64 x0>'], 'mem': [], 'const_mem': []};{'regs': ['<BV64 x0>', '<BV64 x0>'], 'indirect_regs': [], 'direct_regs': ['<BV64 x0>', '<BV64 x0>'], 'mem': [], 'const_mem': []};63.0;0.0;64.0;64.0;[];;;;BaseControlType.CONSTANT_BASE;BaseControlType.CONSTANT_BASE;BaseControlType.CONSTANT_BASE;1;BranchControlType.BRANCH_INDEPENDENT_FROM_SECRET;BranchControlType.BRANCH_INDEPENDENT_FROM_SECRET;103360;True;False;True;True;True;False;False;True;True;False;False;False;True;False;True;False;True;False;True;False;[];['has_valid_base'];True;False;True;True;True;False;False;True;True;False;False;False;True;False;True;False;True;False;True;False;[];['has_valid_base']
44f9178b-6d96-421d-8278-7ef1755fb1cc;ZSTD_sizeof_CDict;0x193b0;0x193c0;0x0;TransmitterType.LOAD;5;0;False;['0x193b0', '0x193c0'];<BV64 0x28 + x0>;64;[('0x193bc', <Bool x0 != 0x0>, 'Taken')];[];['<BV64 x0>'];[];['<BV64 x0>'];[];[];0;18446744073709551615;18446744073709551615;1;;;True;41;39;18446744073709551614;1;;;True;ControlType.CONTROLLED;0;<BV64 0x28>;64;[];[];[];[];[];[];[];40.0;40.0;0.0;1.0;;;True;40.0;40.0;0.0;1.0;;;True;ControlType.NO_CONTROL;0;<BV64 0x28>;64;[];[];[];[];[];[];[];40;40;0;1.0;;;True;40.0;40.0;0.0;1.0;;;True;ControlType.NO_CONTROL;0;<BV64 x0>;64;[('0x193bc', <Bool x0 != 0x0>, 'Taken')];[];['<BV64 x0>'];[];['<BV64 x0>'];[];[];0.0;1.8446744073709552e+19;18446744073709551615;1;;;True;1.0;1.8446744073709552e+19;18446744073709551614;1;;;True;ControlType.CONTROLLED;0;<BV64 x0>;64;[('0x193bc', <Bool x0 != 0x0>, 'Taken')];[];['<BV64 x0>'];[];['<BV64 x0>'];[];[];0.0;1.8446744073709552e+19;1.8446744073709552e+19;1.0;;;True;1.0;1.8446744073709552e+19;1.8446744073709552e+19;1.0;;;True;ControlType.CONTROLLED;0;<BV64 x0>;64;[];[];[];[];[];[];[];0;0;0;;;;False;0;0;0;;;;False;ControlType.UNKNOWN;0;[('0x193bc', <Bool x0 != 0x0>, 'Taken')];{'regs': ['<BV64 x0>'], 'indirect_regs': [], 'direct_regs': ['<BV64 x0>'], 'mem': [], 'const_mem': []};[];{'regs': [], 'indirect_regs': [], 'direct_regs': [], 'mem': [], 'const_mem': []};{'regs': ['<BV64 x0>'], 'indirect_regs': [], 'direct_regs': ['<BV64 x0>'], 'mem': [], 'const_mem': []};{'regs': ['<BV64 x0>'], 'indirect_regs': [], 'direct_regs': ['<BV64 x0>'], 'mem': [], 'const_mem': []};63.0;0.0;64.0;64.0;[];;;;BaseControlType.CONSTANT_BASE;BaseControlType.CONSTANT_BASE;BaseControlType.CONSTANT_BASE;1;BranchControlType.BRANCH_DEPENDS_ON_SECRET_VALUE;BranchControlType.BRANCH_INDEPENDENT_FROM_SECRET;103360;True;False;True;True;True;False;False;True;True;False;False;False;True;False;True;True;True;False;True;False;[];['has_valid_base'];True;False;True;True;True;False;False;True;True;False;False;False;True;False;True;True;True;False;True;False;[];['has_valid_base']
710792f0-a583-4b7b-947a-8ba738f0f07a;ZSTD_createCCtx_advanced;0x19a60;0x19a78;0x0;TransmitterType.LOAD;7;0;False;['0x19a60'];<BV64 x0>;64;[];[];['<BV64 x0>'];[];['<BV64 x0>'];[];[];0;18446744073709551615;18446744073709551615;1;;;True;0;18446744073709551615;18446744073709551615;1;;;True;ControlType.CONTROLLED;0;;0;[];[];[];[];[];[];[];0.0;0.0;0.0;0.0;;;False;0.0;0.0;0.0;0.0;;;False;ControlType.UNKNOWN;0;;0;[];[];[];[];[];[];[];0;0;0;;;;False;0.0;0.0;0.0;0.0;;;False;ControlType.UNKNOWN;0;<BV64 x0>;64;[];[];['<BV64 x0>'];[];['<BV64 x0>'];[];[];0.0;1.8446744073709552e+19;18446744073709551615;1;;;True;0.0;1.8446744073709552e+19;18446744073709551615;1;;;True;ControlType.CONTROLLED;0;<BV64 x0>;64;[];[];['<BV64 x0>'];[];['<BV64 x0>'];[];[];0.0;1.8446744073709552e+19;1.8446744073709552e+19;1.0;;;True;0.0;1.8446744073709552e+19;1.8446744073709552e+19;1.0;;;True;ControlType.CONTROLLED;0;<BV64 x0>;64;[];[];[];[];[];[];[];0;0;0;;;;False;0;0;0;;;;False;ControlType.UNKNOWN;0;[];{'regs': [], 'indirect_regs': [], 'direct_regs': [], 'mem': [], 'const_mem': []};[];{'regs': [], 'indirect_regs': [], 'direct_regs': [], 'mem': [], 'const_mem': []};{'regs': ['<BV64 x0>'], 'indirect_regs': [], 'direct_regs': ['<BV64 x0>'], 'mem': [], 'const_mem': []};{'regs': ['<BV64 x0>'], 'indirect_regs': [], 'direct_regs': ['<BV64 x0>'], 'mem': [], 'const_mem': []};63.0;0.0;64.0;64.0;[];;;;BaseControlType.NO_BASE;BaseControlType.NO_BASE;BaseControlType.NO_BASE;0;BranchControlType.BRANCH_INDEPENDENT_FROM_SECRET;BranchControlType.BRANCH_INDEPENDENT_FROM_SECRET;105080;True;False;True;True;True;False;False;True;True;False;False;False;True;False;True;False;True;False;True;False;[];['has_valid_base'];True;False;True;True;True;False;False;True;True;False;False;False;True;False;True;False;True;False;True;False;[];['has_valid_base']
0f244430-253d-4f72-bfb7-cec1c4ff50dd;ZSTD_createCCtx_advanced;0x19a60;0x19a78;0x0;TransmitterType.LOAD;7;0;False;['0x19a60'];<BV64 0x8 + x0>;64;[];[];['<BV64 x0>'];[];['<BV64 x0>'];[];[];0;18446744073709551615;18446744073709551615;1;;;True;0;18446744073709551615;18446744073709551615;1;;;True;ControlType.CONTROLLED;0;<BV64 0x8>;64;[];[];[];[];[];[];[];8.0;8.0;0.0;1.0;;;True;8.0;8.0;0.0;1.0;;;True;ControlType.NO_CONTROL;0;<BV64 0x8>;64;[];[];[];[];[];[];[];8;8;0;1.0;;;True;8.0;8.0;0.0;1.0;;;True;ControlType.NO_CONTROL;0;<BV64 x0>;64;[];[];['<BV64 x0>'];[];['<BV64 x0>'];[];[];0.0;1.8446744073709552e+19;18446744073709551615;1;;;True;0.0;1.8446744073709552e+19;18446744073709551615;1;;;True;ControlType.CONTROLLED;0;<BV64 x0>;64;[];[];['<BV64 x0>'];[];['<BV64 x0>'];[];[];0.0;1.8446744073709552e+19;1.8446744073709552e+19;1.0;;;True;0.0;1.8446744073709552e+19;1.8446744073709552e+19;1.0;;;True;ControlType.CONTROLLED;0;<BV64 x0>;64;[];[];[];[];[];[];[];0;0;0;;;;False;0;0;0;;;;False;ControlType.UNKNOWN;0;[];{'regs': [], 'indirect_regs': [], 'direct_regs': [], 'mem': [], 'const_mem': []};[];{'regs': [], 'indirect_regs': [], 'direct_regs': [], 'mem': [], 'const_mem': []};{'regs': ['<BV64 x0>'], 'indirect_regs': [], 'direct_regs': ['<BV64 x0>'], 'mem': [], 'const_mem': []};{'regs': ['<BV64 x0>'], 'indirect_regs': [], 'direct_regs': ['<BV64 x0>'], 'mem': [], 'const_mem': []};63.0;0.0;64.0;64.0;[];;;;BaseControlType.CONSTANT_BASE;BaseControlType.CONSTANT_BASE;BaseControlType.CONSTANT_BASE;0;BranchControlType.BRANCH_INDEPENDENT_FROM_SECRET;BranchControlType.BRANCH_INDEPENDENT_FROM_SECRET;105080;True;False;True;True;True;False;False;True;True;False;False;False;True;False;True;False;True;False;True;False;[];['has_valid_base'];True;False;True;True;True;False;False;True;True;False;False;False;True;False;True;False;True;False;True;False;[];['has_valid_base']
28184f5b-cda5-4bae-9395-f13e289f4b6e;ZSTD_createCCtx_advanced;0x19a60;0x19a94;0x0;TransmitterType.LOAD;14;0;False;['0x19a60', '0x19a94'];<BV64 0x10 + x0>;64;[];[];['<BV64 x0>'];[];['<BV64 x0>'];[];[];0;18446744073709551615;18446744073709551615;1;;;True;0;18446744073709551615;18446744073709551615;1;;;True;ControlType.CONTROLLED;0;<BV64 0x10>;64;[];[];[];[];[];[];[];16.0;16.0;0.0;1.0;;;True;16.0;16.0;0.0;1.0;;;True;ControlType.NO_CONTROL;0;<BV64 0x10>;64;[];[];[];[];[];[];[];16;16;0;1.0;;;True;16.0;16.0;0.0;1.0;;;True;ControlType.NO_CONTROL;0;<BV64 x0>;64;[];[];['<BV64 x0>'];[];['<BV64 x0>'];[];[];0.0;1.8446744073709552e+19;18446744073709551615;1;;;True;0.0;1.8446744073709552e+19;18446744073709551615;1;;;True;ControlType.CONTROLLED;0;<BV64 x0>;64;[];[];['<BV64 x0>'];[];['<BV64 x0>'];[];[];0.0;1.8446744073709552e+19;1.8446744073709552e+19;1.0;;;True;0.0;1.8446744073709552e+19;1.8446744073709552e+19;1.0;;;True;ControlType.CONTROLLED;0;<BV64 x0>;64;[];[];[];[];[];[];[];0;0;0;;;;False;0;0;0;;;;False;ControlType.UNKNOWN;0;[('0x19a90', <Bool True>, 'Taken')];{'regs': [], 'indirect_regs': [], 'direct_regs': [], 'mem': [], 'const_mem': []};[('0x19a80', <Bool LOAD_64[<BV64 x0>]_26 == 0x0>, 'ConditionType.CMOVE'), ('0x19a88', <Bool LOAD_64[<BV64 x0 + 0x8>]_27 == 0x0>, 'ConditionType.CMOVE')];"{'regs': ['<BV64 x0>'], 'indirect_regs': [""<BV64 x0>: ['0x0', '0x8']""], 'direct_regs': [], 'mem': ['<BV64 x0 + 0x8>', '<BV64 x0>'], 'const_mem': []}";"{'regs': ['<BV64 x0>', '<BV64 x0>'], 'indirect_regs': [""<BV64 x0>: ['0x0', '0x8']""], 'direct_regs': ['<BV64 x0>'], 'mem': ['<BV64 x0 + 0x8>', '<BV64 x0>'], 'const_mem': []}";"{'regs': ['<BV64 x0>', '<BV64 x0>'], 'indirect_regs': [""<BV64 x0>: ['0x0', '0x8']""], 'direct_regs': ['<BV64 x0>'], 'mem': ['<BV64 x0 + 0x8>', '<BV64 x0>'], 'const_mem': []}";63.0;0.0;64.0;64.0;[];;;;BaseControlType.CONSTANT_BASE;BaseControlType.CONSTANT_BASE;BaseControlType.CONSTANT_BASE;1;BranchControlType.BRANCH_INDEPENDENT_FROM_SECRET;BranchControlType.BRANCH_INDEPENDENT_FROM_SECRET;105108;True;False;True;True;True;False;False;True;True;False;False;False;True;False;True;False;True;False;True;False;[];['has_valid_base'];True;False;True;True;True;False;False;True;True;False;False;False;True;False;True;False;True;False;True;False;[];['has_valid_base']
aee990ca-12cb-4a9d-a272-bf62ce6b1c1f;ZSTD_createCCtx_advanced;0x19a60;0x19a94;0x0;TransmitterType.LOAD;14;0;False;['0x19a60', '0x19a94'];<BV64 0x10 + x0>;64;[];[];['<BV64 x0>'];[];['<BV64 x0>'];[];[];0;18446744073709551615;18446744073709551615;1;;;True;0;18446744073709551615;18446744073709551615;1;;;True;ControlType.CONTROLLED;0;<BV64 0x10>;64;[];[];[];[];[];[];[];16.0;16.0;0.0;1.0;;;True;16.0;16.0;0.0;1.0;;;True;ControlType.NO_CONTROL;0;<BV64 0x10>;64;[];[];[];[];[];[];[];16;16;0;1.0;;;True;16.0;16.0;0.0;1.0;;;True;ControlType.NO_CONTROL;0;<BV64 x0>;64;[];[];['<BV64 x0>'];[];['<BV64 x0>'];[];[];0.0;1.8446744073709552e+19;18446744073709551615;1;;;True;0.0;1.8446744073709552e+19;18446744073709551615;1;;;True;ControlType.CONTROLLED;0;<BV64 x0>;64;[];[];['<BV64 x0>'];[];['<BV64 x0>'];[];[];0.0;1.8446744073709552e+19;1.8446744073709552e+19;1.0;;;True;0.0;1.8446744073709552e+19;1.8446744073709552e+19;1.0;;;True;ControlType.CONTROLLED;0;<BV64 x0>;64;[];[];[];[];[];[];[];0;0;0;;;;False;0;0;0;;;;False;ControlType.UNKNOWN;0;[('0x19a90', <Bool True>, 'Taken')];{'regs': [], 'indirect_regs': [], 'direct_regs': [], 'mem': [], 'const_mem': []};[('0x19a80', <Bool LOAD_64[<BV64 x0>]_26 != 0x0>, 'ConditionType.CMOVE'), ('0x19a88', <Bool LOAD_64[<BV64 x0 + 0x8>]_27 != 0x0>, 'ConditionType.CMOVE')];"{'regs': ['<BV64 x0>'], 'indirect_regs': [""<BV64 x0>: ['0x0', '0x8']""], 'direct_regs': [], 'mem': ['<BV64 x0 + 0x8>', '<BV64 x0>'], 'const_mem': []}";"{'regs': ['<BV64 x0>', '<BV64 x0>'], 'indirect_regs': [""<BV64 x0>: ['0x0', '0x8']""], 'direct_regs': ['<BV64 x0>'], 'mem': ['<BV64 x0 + 0x8>', '<BV64 x0>'], 'const_mem': []}";"{'regs': ['<BV64 x0>', '<BV64 x0>'], 'indirect_regs': [""<BV64 x0>: ['0x0', '0x8']""], 'direct_regs': ['<BV64 x0>'], 'mem': ['<BV64 x0 + 0x8>', '<BV64 x0>'], 'const_mem': []}";63.0;0.0;64.0;64.0;[];;;;BaseControlType.CONSTANT_BASE;BaseControlType.CONSTANT_BASE;BaseControlType.CONSTANT_BASE;1;BranchControlType.BRANCH_INDEPENDENT_FROM_SECRET;BranchControlType.BRANCH_INDEPENDENT_FROM_SECRET;105108;True;False;True;True;True;False;False;True;True;False;False;False;True;False;True;False;True;False;True;False;[];['has_valid_base'];True;False;True;True;True;False;False;True;True;False;False;False;True;False;True;False;True;False;True;False;[];['has_valid_base']
213ac872-1fc3-4f09-8576-963c8d417d1a;ZSTD_createCCtx_advanced;0x19a60;0x19aa4;0x19a78;TransmitterType.CODE_LOAD;18;1;False;['0x19a60', '0x19a94', '0x19a9c'];<BV64 LOAD_64[<BV64 x0>]_26>;64;[('0x19a98', <Bool LOAD_64[<BV64 x0>]_26 != 0x0>, 'Taken')];[('0x19a80', <Bool LOAD_64[<BV64 x0>]_26 != 0x0>, 'ConditionType.CMOVE')];['<BV64 x0>'];"[""<BV64 x0>: ['0x0']""]";[];['<BV64 x0>'];[];1;18446744073709551615;18446744073709551614;1;;;True;1;18446744073709551615;18446744073709551614;1;;;True;ControlType.CONTROLLED;1;;0;[];[];[];[];[];[];[];0.0;0.0;0.0;0.0;;;False;0.0;0.0;0.0;0.0;;;False;ControlType.UNKNOWN;0;;0;[];[];[];[];[];[];[];0;0;0;;;;False;0.0;0.0;0.0;0.0;;;False;ControlType.UNKNOWN;0;<BV64 LOAD_64[<BV64 x0>]_26>;64;[('0x19a98', <Bool LOAD_64[<BV64 x0>]_26 != 0x0>, 'Taken')];[('0x19a80', <Bool LOAD_64[<BV64 x0>]_26 != 0x0>, 'ConditionType.CMOVE')];['<BV64 x0>'];"[""<BV64 x0>: ['0x0']""]";[];['<BV64 x0>'];[];1.0;1.8446744073709552e+19;18446744073709551614;1;;;True;1.0;1.8446744073709552e+19;18446744073709551614;1;;;True;ControlType.CONTROLLED;1;<BV64 x0>;64;[];[];['<BV64 x0>'];[];['<BV64 x0>'];[];[];0.0;1.8446744073709552e+19;1.8446744073709552e+19;1.0;;;True;0.0;1.8446744073709552e+19;1.8446744073709552e+19;1.0;;;True;ControlType.CONTROLLED;0;<BV64 LOAD_64[<BV64 x0>]_26>;64;[];[];[];[];[];[];[];0;0;0;;;;False;0;0;0;;;;False;ControlType.UNKNOWN;1;[('0x19a90', <Bool True>, 'Taken'), ('0x19a98', <Bool LOAD_64[<BV64 x0>]_26 != 0x0>, 'Taken')];"{'regs': ['<BV64 x0>'], 'indirect_regs': [""<BV64 x0>: ['0x0']""], 'direct_regs': [], 'mem': ['<BV64 x0>'], 'const_mem': []}";[('0x19a80', <Bool LOAD_64[<BV64 x0>]_26 != 0x0>, 'ConditionType.CMOVE'), ('0x19a88', <Bool LOAD_64[<BV64 x0 + 0x8>]_27 != 0x0>, 'ConditionType.CMOVE')];"{'regs': ['<BV64 x0>'], 'indirect_regs': [""<BV64 x0>: ['0x0', '0x8']""], 'direct_regs': [], 'mem': ['<BV64 x0 + 0x8>', '<BV64 x0>'], 'const_mem': []}";{'regs': ['<BV64 x0>'], 'indirect_regs': [], 'direct_regs': ['<BV64 x0>'], 'mem': ['<BV64 x0 + 0x8>', '<BV64 x0>'], 'const_mem': []};{'regs': ['<BV64 x0>'], 'indirect_regs': [], 'direct_regs': ['<BV64 x0>'], 'mem': ['<BV64 x0 + 0x8>', '<BV64 x0>'], 'const_mem': []};63.0;0.0;64.0;64.0;[];;;;BaseControlType.NO_BASE;BaseControlType.NO_BASE;BaseControlType.NO_BASE;2;BranchControlType.BRANCH_DEPENDS_ON_SECRET_VALUE;BranchControlType.BRANCH_DEPENDS_ON_SECRET_VALUE;105124;True;False;True;False;True;False;False;True;True;False;False;False;True;False;True;True;True;False;True;False;[];['has_valid_base', 'is_cmove_independent_from_secret'];True;False;True;False;True;False;False;True;True;False;False;False;True;False;True;True;True;False;True;False;[];['has_valid_base', 'is_cmove_independent_from_secret']
399d8efa-b1fc-426b-9cc5-33e1a3bbd9e1;ZSTD_DCtx_getParameter;0x56810;0x568a0;0x0;TransmitterType.LOAD;12;0;False;['0x56810', '0x56824', '0x56828', '0x56830', '0x5689c'];<BV64 0x7680 + x0>;64;[];[];['<BV64 x0>'];[];['<BV64 x0>'];[];[];0;18446744073709551615;18446744073709551615;1;;;True;0;18446744073709551615;18446744073709551615;1;;;True;ControlType.CONTROLLED;0;<BV64 0x7680>;64;[];[];[];[];[];[];[];30336.0;30336.0;0.0;1.0;;;True;30336.0;30336.0;0.0;1.0;;;True;ControlType.NO_CONTROL;0;<BV64 0x7680>;64;[];[];[];[];[];[];[];30336;30336;0;1.0;;;True;30336.0;30336.0;0.0;1.0;;;True;ControlType.NO_CONTROL;0;<BV64 x0>;64;[];[];['<BV64 x0>'];[];['<BV64 x0>'];[];[];0.0;1.8446744073709552e+19;18446744073709551615;1;;;True;0.0;1.8446744073709552e+19;18446744073709551615;1;;;True;ControlType.CONTROLLED;0;<BV64 x0>;64;[];[];['<BV64 x0>'];[];['<BV64 x0>'];[];[];0.0;1.8446744073709552e+19;1.8446744073709552e+19;1.0;;;True;0.0;1.8446744073709552e+19;1.8446744073709552e+19;1.0;;;True;ControlType.CONTROLLED;0;<BV64 x0>;64;[];[];[];[];[];[];[];0;0;0;;;;False;0;0;0;;;;False;ControlType.UNKNOWN;0;[('0x56820', <Bool x1[31:0] != 0x3ea>, 'Taken'), ('0x56824', <Bool True>, 'Taken'), ('0x5682c', <Bool x1[31:0] != 0x3e8>, 'Taken'), ('0x56834', <Bool x1[31:0] == 0x3e9>, 'Taken')];{'regs': ['<BV64 x1>'], 'indirect_regs': [], 'direct_regs': ['<BV64 x1>'], 'mem': [], 'const_mem': []};[('0x56824', <Bool x1[31:0] != 0x3ea>, 'ConditionType.UNKNOWN'), ('0x56824', <Bool x1[31:0] < 0x3ea>, 'ConditionType.UNKNOWN')];{'regs': ['<BV64 x1>'], 'indirect_regs': [], 'direct_regs': ['<BV64 x1>'], 'mem': [], 'const_mem': []};{'regs': ['<BV64 x0>', '<BV64 x1>'], 'indirect_regs': [], 'direct_regs': ['<BV64 x0>', '<BV64 x1>'], 'mem': [], 'const_mem': []};{'regs': ['<BV64 x0>', '<BV64 x1>', '<BV64 x1>'], 'indirect_regs': [], 'direct_regs': ['<BV64 x0>', '<BV64 x1>', '<BV64 x1>'], 'mem': [], 'const_mem': []};63.0;0.0;64.0;64.0;[];;;;BaseControlType.CONSTANT_BASE;BaseControlType.CONSTANT_BASE;BaseControlType.CONSTANT_BASE;4;BranchControlType.BRANCH_INDEPENDENT_FROM_SECRET;BranchControlType.BRANCH_INDEPENDENT_FROM_SECRET;354464;True;False;True;True;True;False;False;True;True;False;False;False;True;False;True;False;True;False;True;False;[];['has_valid_base'];True;False;True;True;True;False;False;True;True;False;False;False;True;False;True;False;True;False;True;False;[];['has_valid_base']
c7a1f647-17e4-4131-9581-a314720f77e8;ZSTD_DCtx_getParameter;0x56810;0x568e0;0x0;TransmitterType.LOAD;10;0;False;['0x56810', '0x56824', '0x56828', '0x568dc'];<BV64 0x7598 + x0>;64;[];[];['<BV64 x0>'];[];['<BV64 x0>'];[];[];0;18446744073709551615;18446744073709551615;1;;;True;0;18446744073709551615;18446744073709551615;1;;;True;ControlType.CONTROLLED;0;<BV64 0x7598>;64;[];[];[];[];[];[];[];30104.0;30104.0;0.0;1.0;;;True;30104.0;30104.0;0.0;1.0;;;True;ControlType.NO_CONTROL;0;<BV64 0x7598>;64;[];[];[];[];[];[];[];30104;30104;0;1.0;;;True;30104.0;30104.0;0.0;1.0;;;True;ControlType.NO_CONTROL;0;<BV64 x0>;64;[];[];['<BV64 x0>'];[];['<BV64 x0>'];[];[];0.0;1.8446744073709552e+19;18446744073709551615;1;;;True;0.0;1.8446744073709552e+19;18446744073709551615;1;;;True;ControlType.CONTROLLED;0;<BV64 x0>;64;[];[];['<BV64 x0>'];[];['<BV64 x0>'];[];[];0.0;1.8446744073709552e+19;1.8446744073709552e+19;1.0;;;True;0.0;1.8446744073709552e+19;1.8446744073709552e+19;1.0;;;True;ControlType.CONTROLLED;0;<BV64 x0>;64;[];[];[];[];[];[];[];0;0;0;;;;False;0;0;0;;;;False;ControlType.UNKNOWN;0;[('0x56820', <Bool x1[31:0] != 0x3ea>, 'Taken'), ('0x56824', <Bool True>, 'Taken'), ('0x5682c', <Bool x1[31:0] == 0x3e8>, 'Taken')];{'regs': ['<BV64 x1>'], 'indirect_regs': [], 'direct_regs': ['<BV64 x1>'], 'mem': [], 'const_mem': []};[('0x56824', <Bool x1[31:0] != 0x3ea>, 'ConditionType.UNKNOWN'), ('0x56824', <Bool x1[31:0] < 0x3ea>, 'ConditionType.UNKNOWN')];{'regs': ['<BV64 x1>'], 'indirect_regs': [], 'direct_regs': ['<BV64 x1>'], 'mem': [], 'const_mem': []};{'regs': ['<BV64 x0>', '<BV64 x1>'], 'indirect_regs': [], 'direct_regs': ['<BV64 x0>', '<BV64 x1>'], 'mem': [], 'const_mem': []};{'regs': ['<BV64 x0>', '<BV64 x1>', '<BV64 x1>'], 'indirect_regs': [], 'direct_regs': ['<BV64 x0>', '<BV64 x1>', '<BV64 x1>'], 'mem': [], 'const_mem': []};63.0;0.0;64.0;64.0;[];;;;BaseControlType.CONSTANT_BASE;BaseControlType.CONSTANT_BASE;BaseControlType.CONSTANT_BASE;3;BranchControlType.BRANCH_INDEPENDENT_FROM_SECRET;BranchControlType.BRANCH_INDEPENDENT_FROM_SECRET;354528;True;False;True;True;True;False;False;True;True;False;False;False;True;False;True;False;True;False;True;False;[];['has_valid_base'];True;False;True;True;True;False;False;True;True;False;False;False;True;False;True;False;True;False;True;False;[];['has_valid_base']
9c50072e-5560-4ef1-87c9-2c47b637eca8;ZSTD_DCtx_getParameter;0x56810;0x56890;0x0;TransmitterType.LOAD;12;0;False;['0x56810', '0x56824', '0x56864', '0x5686c', '0x5688c'];<BV64 0x7618 + x0>;64;[];[];['<BV64 x0>'];[];['<BV64 x0>'];[];[];0;18446744073709551615;18446744073709551615;1;;;True;0;18446744073709551615;18446744073709551615;1;;;True;ControlType.CONTROLLED;0;<BV64 0x7618>;64;[];[];[];[];[];[];[];30232.0;30232.0;0.0;1.0;;;True;30232.0;30232.0;0.0;1.0;;;True;ControlType.NO_CONTROL;0;<BV64 0x7618>;64;[];[];[];[];[];[];[];30232;30232;0;1.0;;;True;30232.0;30232.0;0.0;1.0;;;True;ControlType.NO_CONTROL;0;<BV64 x0>;64;[];[];['<BV64 x0>'];[];['<BV64 x0>'];[];[];0.0;1.8446744073709552e+19;18446744073709551615;1;;;True;0.0;1.8446744073709552e+19;18446744073709551615;1;;;True;ControlType.CONTROLLED;0;<BV64 x0>;64;[];[];['<BV64 x0>'];[];['<BV64 x0>'];[];[];0.0;1.8446744073709552e+19;1.8446744073709552e+19;1.0;;;True;0.0;1.8446744073709552e+19;1.8446744073709552e+19;1.0;;;True;ControlType.CONTROLLED;0;<BV64 x0>;64;[];[];[];[];[];[];[];0;0;0;;;;False;0;0;0;;;;False;ControlType.UNKNOWN;0;[('0x56820', <Bool x1[31:0] != 0x3ea>, 'Taken'), ('0x56824', <Bool True>, 'Taken'), ('0x56868', <Bool x1[31:0] != 0x3ec>, 'Taken'), ('0x56870', <Bool x1[31:0] == 0x3ed>, 'Taken')];{'regs': ['<BV64 x1>'], 'indirect_regs': [], 'direct_regs': ['<BV64 x1>'], 'mem': [], 'const_mem': []};[('0x56824', <Bool x1[31:0] != 0x3ea>, 'ConditionType.UNKNOWN'), ('0x56824', <Bool x1[31:0] >= 0x3ea>, 'ConditionType.UNKNOWN')];{'regs': ['<BV64 x1>'], 'indirect_regs': [], 'direct_regs': ['<BV64 x1>'], 'mem': [], 'const_mem': []};{'regs': ['<BV64 x0>', '<BV64 x1>'], 'indirect_regs': [], 'direct_regs': ['<BV64 x0>', '<BV64 x1>'], 'mem': [], 'const_mem': []};{'regs': ['<BV64 x0>', '<BV64 x1>', '<BV64 x1>'], 'indirect_regs': [], 'direct_regs': ['<BV64 x0>', '<BV64 x1>', '<BV64 x1>'], 'mem': [], 'const_mem': []};63.0;0.0;64.0;64.0;[];;;;BaseControlType.CONSTANT_BASE;BaseControlType.CONSTANT_BASE;BaseControlType.CONSTANT_BASE;4;BranchControlType.BRANCH_INDEPENDENT_FROM_SECRET;BranchControlType.BRANCH_INDEPENDENT_FROM_SECRET;354448;True;False;True;True;True;False;False;True;True;False;False;False;True;False;True;False;True;False;True;False;[];['has_valid_base'];True;False;True;True;True;False;False;True;True;False;False;False;True;False;True;False;True;False;True;False;[];['has_valid_base']
4221b321-244e-4faa-957f-7460fad72223;ZSTD_DCtx_getParameter;0x56810;0x568d0;0x0;TransmitterType.LOAD;10;0;False;['0x56810', '0x56824', '0x56864', '0x568cc'];<BV64 0x7614 + x0>;64;[];[];['<BV64 x0>'];[];['<BV64 x0>'];[];[];0;18446744073709551615;18446744073709551615;1;;;True;0;18446744073709551615;18446744073709551615;1;;;True;ControlType.CONTROLLED;0;<BV64 0x7614>;64;[];[];[];[];[];[];[];30228.0;30228.0;0.0;1.0;;;True;30228.0;30228.0;0.0;1.0;;;True;ControlType.NO_CONTROL;0;<BV64 0x7614>;64;[];[];[];[];[];[];[];30228;30228;0;1.0;;;True;30228.0;30228.0;0.0;1.0;;;True;ControlType.NO_CONTROL;0;<BV64 x0>;64;[];[];['<BV64 x0>'];[];['<BV64 x0>'];[];[];0.0;1.8446744073709552e+19;18446744073709551615;1;;;True;0.0;1.8446744073709552e+19;18446744073709551615;1;;;True;ControlType.CONTROLLED;0;<BV64 x0>;64;[];[];['<BV64 x0>'];[];['<BV64 x0>'];[];[];0.0;1.8446744073709552e+19;1.8446744073709552e+19;1.0;;;True;0.0;1.8446744073709552e+19;1.8446744073709552e+19;1.0;;;True;ControlType.CONTROLLED;0;<BV64 x0>;64;[];[];[];[];[];[];[];0;0;0;;;;False;0;0;0;;;;False;ControlType.UNKNOWN;0;[('0x56820', <Bool x1[31:0] != 0x3ea>, 'Taken'), ('0x56824', <Bool True>, 'Taken'), ('0x56868', <Bool x1[31:0] == 0x3ec>, 'Taken')];{'regs': ['<BV64 x1>'], 'indirect_regs': [], 'direct_regs': ['<BV64 x1>'], 'mem': [], 'const_mem': []};[('0x56824', <Bool x1[31:0] != 0x3ea>, 'ConditionType.UNKNOWN'), ('0x56824', <Bool x1[31:0] >= 0x3ea>, 'ConditionType.UNKNOWN')];{'regs': ['<BV64 x1>'], 'indirect_regs': [], 'direct_regs': ['<BV64 x1>'], 'mem': [], 'const_mem': []};{'regs': ['<BV64 x0>', '<BV64 x1>'], 'indirect_regs': [], 'direct_regs': ['<BV64 x0>', '<BV64 x1>'], 'mem': [], 'const_mem': []};{'regs': ['<BV64 x0>', '<BV64 x1>', '<BV64 x1>'], 'indirect_regs': [], 'direct_regs': ['<BV64 x0>', '<BV64 x1>', '<BV64 x1>'], 'mem': [], 'const_mem': []};63.0;0.0;64.0;64.0;[];;;;BaseControlType.CONSTANT_BASE;BaseControlType.CONSTANT_BASE;BaseControlType.CONSTANT_BASE;3;BranchControlType.BRANCH_INDEPENDENT_FROM_SECRET;BranchControlType.BRANCH_INDEPENDENT_FROM_SECRET;354512;True;False;True;True;True;False;False;True;True;False;False;False;True;False;True;False;True;False;True;False;[];['has_valid_base'];True;False;True;True;True;False;False;True;True;False;False;False;True;False;True;False;True;False;True;False;[];['has_valid_base']
8424a976-27aa-4342-af01-df9216d807e9;ZSTD_DCtx_getParameter;0x56810;0x568b0;0x0;TransmitterType.LOAD;7;0;False;['0x56810', '0x568ac'];<BV64 0x759c + x0>;64;[];[];['<BV64 x0>'];[];['<BV64 x0>'];[];[];0;18446744073709551615;18446744073709551615;1;;;True;0;18446744073709551615;18446744073709551615;1;;;True;ControlType.CONTROLLED;0;<BV64 0x759c>;64;[];[];[];[];[];[];[];30108.0;30108.0;0.0;1.0;;;True;30108.0;30108.0;0.0;1.0;;;True;ControlType.NO_CONTROL;0;<BV64 0x759c>;64;[];[];[];[];[];[];[];30108;30108;0;1.0;;;True;30108.0;30108.0;0.0;1.0;;;True;ControlType.NO_CONTROL;0;<BV64 x0>;64;[];[];['<BV64 x0>'];[];['<BV64 x0>'];[];[];0.0;1.8446744073709552e+19;18446744073709551615;1;;;True;0.0;1.8446744073709552e+19;18446744073709551615;1;;;True;ControlType.CONTROLLED;0;<BV64 x0>;64;[];[];['<BV64 x0>'];[];['<BV64 x0>'];[];[];0.0;1.8446744073709552e+19;1.8446744073709552e+19;1.0;;;True;0.0;1.8446744073709552e+19;1.8446744073709552e+19;1.0;;;True;ControlType.CONTROLLED;0;<BV64 x0>;64;[];[];[];[];[];[];[];0;0;0;;;;False;0;0;0;;;;False;ControlType.UNKNOWN;0;[('0x56820', <Bool x1[31:0] == 0x3ea>, 'Taken')];{'regs': ['<BV64 x1>'], 'indirect_regs': [], 'direct_regs': ['<BV64 x1>'], 'mem': [], 'const_mem': []};[];{'regs': [], 'indirect_regs': [], 'direct_regs': [], 'mem': [], 'const_mem': []};{'regs': ['<BV64 x0>'], 'indirect_regs': [], 'direct_regs': ['<BV64 x0>'], 'mem': [], 'const_mem': []};{'regs': ['<BV64 x0>', '<BV64 x1>'], 'indirect_regs': [], 'direct_regs': ['<BV64 x0>', '<BV64 x1>'], 'mem': [], 'const_mem': []};63.0;0.0;64.0;64.0;[];;;;BaseControlType.CONSTANT_BASE;BaseControlType.CONSTANT_BASE;BaseControlType.CONSTANT_BASE;1;BranchControlType.BRANCH_INDEPENDENT_FROM_SECRET;BranchControlType.BRANCH_INDEPENDENT_FROM_SECRET;354480;True;False;True;True;True;False;False;True;True;False;False;False;True;False;True;False;True;False;True;False;[];['has_valid_base'];True;False;True;True;True;False;False;True;True;False;False;False;True;False;True;False;True;False;True;False;[];['has_valid_base']
96844595-69cd-4f1f-9fd4-b04e765b3865;ZSTD_CCtx_loadDictionary;0x199b0;0x198b4;0x0;TransmitterType.LOAD;15;0;False;['0x199b0', '0x198a0'];<BV64 0xe18 + x0>;64;[];[];['<BV64 x0>'];[];['<BV64 x0>'];[];[];0;18446744073709551615;18446744073709551615;1;;;True;0;18446744073709551615;18446744073709551615;1;;;True;ControlType.CONTROLLED;0;<BV64 0xe18>;64;[];[];[];[];[];[];[];3608.0;3608.0;0.0;1.0;;;True;3608.0;3608.0;0.0;1.0;;;True;ControlType.NO_CONTROL;0;<BV64 0xe18>;64;[];[];[];[];[];[];[];3608;3608;0;1.0;;;True;3608.0;3608.0;0.0;1.0;;;True;ControlType.NO_CONTROL;0;<BV64 x0>;64;[];[];['<BV64 x0>'];[];['<BV64 x0>'];[];[];0.0;1.8446744073709552e+19;18446744073709551615;1;;;True;0.0;1.8446744073709552e+19;18446744073709551615;1;;;True;ControlType.CONTROLLED;0;<BV64 x0>;64;[];[];['<BV64 x0>'];[];['<BV64 x0>'];[];[];0.0;1.8446744073709552e+19;1.8446744073709552e+19;1.0;;;True;0.0;1.8446744073709552e+19;1.8446744073709552e+19;1.0;;;True;ControlType.CONTROLLED;0;<BV64 x0>;64;[];[];[];[];[];[];[];0;0;0;;;;False;0;0;0;;;;False;ControlType.UNKNOWN;0;[('0x199cc', <Bool True>, 'Taken')];{'regs': [], 'indirect_regs': [], 'direct_regs': [], 'mem': [], 'const_mem': []};[];{'regs': [], 'indirect_regs': [], 'direct_regs': [], 'mem': [], 'const_mem': []};{'regs': ['<BV64 x0>'], 'indirect_regs': [], 'direct_regs': ['<BV64 x0>'], 'mem': [], 'const_mem': []};{'regs': ['<BV64 x0>'], 'indirect_regs': [], 'direct_regs': ['<BV64 x0>'], 'mem': [], 'const_mem': []};63.0;0.0;64.0;64.0;[];;;;BaseControlType.CONSTANT_BASE;BaseControlType.CONSTANT_BASE;BaseControlType.CONSTANT_BASE;1;BranchControlType.BRANCH_INDEPENDENT_FROM_SECRET;BranchControlType.BRANCH_INDEPENDENT_FROM_SECRET;104628;True;False;True;True;True;False;False;True;True;False;False;False;True;False;True;False;True;False;True;False;[];['has_valid_base'];True;False;True;True;True;False;False;True;True;False;False;False;True;False;True;False;True;False;True;False;[];['has_valid_base']
e130f2e4-1115-4a2d-ad1d-2c02c2eb074a;ZSTD_CCtx_loadDictionary;0x199b0;0x19720;0x0;TransmitterType.LOAD;27;0;False;['0x199b0', '0x198a0', '0x198bc', '0x19714'];<BV64 0xe48 + x0>;64;[];[];['<BV64 x0>'];[];['<BV64 x0>'];[];[];0;18446744073709551615;18446744073709551615;1;;;True;0;18446744073709551615;18446744073709551615;1;;;True;ControlType.CONTROLLED;0;<BV64 0xe48>;64;[];[];[];[];[];[];[];3656.0;3656.0;0.0;1.0;;;True;3656.0;3656.0;0.0;1.0;;;True;ControlType.NO_CONTROL;0;<BV64 0xe48>;64;[];[];[];[];[];[];[];3656;3656;0;1.0;;;True;3656.0;3656.0;0.0;1.0;;;True;ControlType.NO_CONTROL;0;<BV64 x0>;64;[];[];['<BV64 x0>'];[];['<BV64 x0>'];[];[];0.0;1.8446744073709552e+19;18446744073709551615;1;;;True;0.0;1.8446744073709552e+19;18446744073709551615;1;;;True;ControlType.CONTROLLED;0;<BV64 x0>;64;[];[];['<BV64 x0>'];[];['<BV64 x0>'];[];[];0.0;1.8446744073709552e+19;1.8446744073709552e+19;1.0;;;True;0.0;1.8446744073709552e+19;1.8446744073709552e+19;1.0;;;True;ControlType.CONTROLLED;0;<BV64 x0>;64;[];[];[];[];[];[];[];0;0;0;;;;False;0;0;0;;;;False;ControlType.UNKNOWN;0;[('0x198b8', <Bool LOAD_32[<BV64 x0 + 0xe18>]_28 == 0x0>, 'Taken'), ('0x198d4', <Bool True>, 'Taken'), ('0x199cc', <Bool True>, 'Taken')];"{'regs': ['<BV64 x0>'], 'indirect_regs': [""<BV64 x0>: ['0xe18']""], 'direct_regs': [], 'mem': ['<BV64 x0 + 0xe18>'], 'const_mem': []}";[];{'regs': [], 'indirect_regs': [], 'direct_regs': [], 'mem': [], 'const_mem': []};{'regs': ['<BV64 x0>'], 'indirect_regs': [], 'direct_regs': ['<BV64 x0>'], 'mem': [], 'const_mem': []};"{'regs': ['<BV64 x0>', '<BV64 x0>'], 'indirect_regs': [""<BV64 x0>: ['0xe18']""], 'direct_regs': ['<BV64 x0>'], 'mem': ['<BV64 x0 + 0xe18>'], 'const_mem': []}";63.0;0.0;64.0;64.0;[];;;;BaseControlType.CONSTANT_BASE;BaseControlType.CONSTANT_BASE;BaseControlType.CONSTANT_BASE;3;BranchControlType.BRANCH_INDEPENDENT_FROM_SECRET;BranchControlType.BRANCH_INDEPENDENT_FROM_SECRET;104224;True;False;True;True;True;False;False;True;True;False;False;False;True;False;True;False;True;False;True;False;[];['has_valid_base'];True;False;True;True;True;False;False;True;True;False;False;False;True;False;True;False;True;False;True;False;[];['has_valid_base']
b5c0f7a1-f94b-4c49-b21d-8c4caeb79765;ZSTD_CCtx_loadDictionary;0x199b0;0x19730;0x0;TransmitterType.LOAD;31;0;False;['0x199b0', '0x198a0', '0x198bc', '0x19714', '0x19730'];<BV64 0x370 + x0>;64;[];[];['<BV64 x0>'];[];['<BV64 x0>'];[];[];0;18446744073709551615;18446744073709551615;1;;;True;0;18446744073709551615;18446744073709551615;1;;;True;ControlType.CONTROLLED;0;<BV64 0x370>;64;[];[];[];[];[];[];[];880.0;880.0;0.0;1.0;;;True;880.0;880.0;0.0;1.0;;;True;ControlType.NO_CONTROL;0;<BV64 0x370>;64;[];[];[];[];[];[];[];880;880;0;1.0;;;True;880.0;880.0;0.0;1.0;;;True;ControlType.NO_CONTROL;0;<BV64 x0>;64;[];[];['<BV64 x0>'];[];['<BV64 x0>'];[];[];0.0;1.8446744073709552e+19;18446744073709551615;1;;;True;0.0;1.8446744073709552e+19;18446744073709551615;1;;;True;ControlType.CONTROLLED;0;<BV64 x0>;64;[];[];['<BV64 x0>'];[];['<BV64 x0>'];[];[];0.0;1.8446744073709552e+19;1.8446744073709552e+19;1.0;;;True;0.0;1.8446744073709552e+19;1.8446744073709552e+19;1.0;;;True;ControlType.CONTROLLED;0;<BV64 x0>;64;[];[];[];[];[];[];[];0;0;0;;;;False;0;0;0;;;;False;ControlType.UNKNOWN;0;[('0x1972c', <Bool LOAD_64[<BV64 x0 + 0xe48>]_34 != 0x0>, 'Taken'), ('0x198b8', <Bool LOAD_32[<BV64 x0 + 0xe18>]_28 == 0x0>, 'Taken'), ('0x198d4', <Bool True>, 'Taken'), ('0x199cc', <Bool True>, 'Taken')];"{'regs': ['<BV64 x0>'], 'indirect_regs': [""<BV64 x0>: ['0xe18', '0xe48']""], 'direct_regs': [], 'mem': ['<BV64 x0 + 0xe18>', '<BV64 x0 + 0xe48>'], 'const_mem': []}";[];{'regs': [], 'indirect_regs': [], 'direct_regs': [], 'mem': [], 'const_mem': []};{'regs': ['<BV64 x0>'], 'indirect_regs': [], 'direct_regs': ['<BV64 x0>'], 'mem': [], 'const_mem': []};"{'regs': ['<BV64 x0>', '<BV64 x0>'], 'indirect_regs': [""<BV64 x0>: ['0xe18', '0xe48']""], 'direct_regs': ['<BV64 x0>'], 'mem': ['<BV64 x0 + 0xe18>', '<BV64 x0 + 0xe48>'], 'const_mem': []}";63.0;0.0;64.0;64.0;[];;;;BaseControlType.CONSTANT_BASE;BaseControlType.CONSTANT_BASE;BaseControlType.CONSTANT_BASE;4;BranchControlType.BRANCH_INDEPENDENT_FROM_SECRET;BranchControlType.BRANCH_INDEPENDENT_FROM_SECRET;104240;True;False;True;True;True;False;False;True;True;False;False;False;True;False;True;False;True;False;True;False;[];['has_valid_base'];True;False;True;True;True;False;False;True;True;False;False;False;True;False;True;False;True;False;True;False;[];['has_valid_base']
cc1d4836-7549-49e6-b627-f87d1fc81eb0;ZSTD_CCtx_loadDictionary;0x199b0;0x19734;0x0;TransmitterType.LOAD;32;0;False;['0x199b0', '0x198a0', '0x198bc', '0x19714', '0x19730'];<BV64 0x378 + x0>;64;[];[];['<BV64 x0>'];[];['<BV64 x0>'];[];[];0;18446744073709551615;18446744073709551615;1;;;True;0;18446744073709551615;18446744073709551615;1;;;True;ControlType.CONTROLLED;0;<BV64 0x378>;64;[];[];[];[];[];[];[];888.0;888.0;0.0;1.0;;;True;888.0;888.0;0.0;1.0;;;True;ControlType.NO_CONTROL;0;<BV64 0x378>;64;[];[];[];[];[];[];[];888;888;0;1.0;;;True;888.0;888.0;0.0;1.0;;;True;ControlType.NO_CONTROL;0;<BV64 x0>;64;[];[];['<BV64 x0>'];[];['<BV64 x0>'];[];[];0.0;1.8446744073709552e+19;18446744073709551615;1;;;True;0.0;1.8446744073709552e+19;18446744073709551615;1;;;True;ControlType.CONTROLLED;0;<BV64 x0>;64;[];[];['<BV64 x0>'];[];['<BV64 x0>'];[];[];0.0;1.8446744073709552e+19;1.8446744073709552e+19;1.0;;;True;0.0;1.8446744073709552e+19;1.8446744073709552e+19;1.0;;;True;ControlType.CONTROLLED;0;<BV64 x0>;64;[];[];[];[];[];[];[];0;0;0;;;;False;0;0;0;;;;False;ControlType.UNKNOWN;0;[('0x1972c', <Bool LOAD_64[<BV64 x0 + 0xe48>]_34 != 0x0>, 'Taken'), ('0x198b8', <Bool LOAD_32[<BV64 x0 + 0xe18>]_28 == 0x0>, 'Taken'), ('0x198d4', <Bool True>, 'Taken'), ('0x199cc', <Bool True>, 'Taken')];"{'regs': ['<BV64 x0>'], 'indirect_regs': [""<BV64 x0>: ['0xe18', '0xe48']""], 'direct_regs': [], 'mem': ['<BV64 x0 + 0xe18>', '<BV64 x0 + 0xe48>'], 'const_mem': []}";[];{'regs': [], 'indirect_regs': [], 'direct_regs': [], 'mem': [], 'const_mem': []};{'regs': ['<BV64 x0>'], 'indirect_regs': [], 'direct_regs': ['<BV64 x0>'], 'mem': [], 'const_mem': []};"{'regs': ['<BV64 x0>', '<BV64 x0>'], 'indirect_regs': [""<BV64 x0>: ['0xe18', '0xe48']""], 'direct_regs': ['<BV64 x0>'], 'mem': ['<BV64 x0 + 0xe18>', '<BV64 x0 + 0xe48>'], 'const_mem': []}";63.0;0.0;64.0;64.0;[];;;;BaseControlType.CONSTANT_BASE;BaseControlType.CONSTANT_BASE;BaseControlType.CONSTANT_BASE;4;BranchControlType.BRANCH_INDEPENDENT_FROM_SECRET;BranchControlType.BRANCH_INDEPENDENT_FROM_SECRET;104244;True;False;True;True;True;False;False;True;True;False;False;False;True;False;True;False;True;False;True;False;[];['has_valid_base'];True;False;True;True;True;False;False;True;True;False;False;False;True;False;True;False;True;False;True;False;[];['has_valid_base']
03eac49e-50d4-4c92-b49a-9575fffaace4;ZSTD_CCtx_loadDictionary;0x199b0;0x19740;0x0;TransmitterType.LOAD;31;0;False;['0x199b0', '0x198a0', '0x198bc', '0x19714', '0x19740'];<BV64 0xe68 + x0>;64;[];[];['<BV64 x0>'];[];['<BV64 x0>'];[];[];0;18446744073709551615;18446744073709551615;1;;;True;0;18446744073709551615;18446744073709551615;1;;;True;ControlType.CONTROLLED;0;<BV64 0xe68>;64;[];[];[];[];[];[];[];3688.0;3688.0;0.0;1.0;;;True;3688.0;3688.0;0.0;1.0;;;True;ControlType.NO_CONTROL;0;<BV64 0xe68>;64;[];[];[];[];[];[];[];3688;3688;0;1.0;;;True;3688.0;3688.0;0.0;1.0;;;True;ControlType.NO_CONTROL;0;<BV64 x0>;64;[];[];['<BV64 x0>'];[];['<BV64 x0>'];[];[];0.0;1.8446744073709552e+19;18446744073709551615;1;;;True;0.0;1.8446744073709552e+19;18446744073709551615;1;;;True;ControlType.CONTROLLED;0;<BV64 x0>;64;[];[];['<BV64 x0>'];[];['<BV64 x0>'];[];[];0.0;1.8446744073709552e+19;1.8446744073709552e+19;1.0;;;True;0.0;1.8446744073709552e+19;1.8446744073709552e+19;1.0;;;True;ControlType.CONTROLLED;0;<BV64 x0>;64;[];[];[];[];[];[];[];0;0;0;;;;False;0;0;0;;;;False;ControlType.UNKNOWN;0;[('0x1972c', <Bool LOAD_64[<BV64 x0 + 0xe48>]_34 == 0x0>, 'Taken'), ('0x198b8', <Bool LOAD_32[<BV64 x0 + 0xe18>]_28 == 0x0>, 'Taken'), ('0x198d4', <Bool True>, 'Taken'), ('0x199cc', <Bool True>, 'Taken')];"{'regs': ['<BV64 x0>'], 'indirect_regs': [""<BV64 x0>: ['0xe18', '0xe48']""], 'direct_regs': [], 'mem': ['<BV64 x0 + 0xe18>', '<BV64 x0 + 0xe48>'], 'const_mem': []}";[];{'regs': [], 'indirect_regs': [], 'direct_regs': [], 'mem': [], 'const_mem': []};{'regs': ['<BV64 x0>'], 'indirect_regs': [], 'direct_regs': ['<BV64 x0>'], 'mem': [], 'const_mem': []};"{'regs': ['<BV64 x0>', '<BV64 x0>'], 'indirect_regs': [""<BV64 x0>: ['0xe18', '0xe48']""], 'direct_regs': ['<BV64 x0>'], 'mem': ['<BV64 x0 + 0xe18>', '<BV64 x0 + 0xe48>'], 'const_mem': []}";63.0;0.0;64.0;64.0;[];;;;BaseControlType.CONSTANT_BASE;BaseControlType.CONSTANT_BASE;BaseControlType.CONSTANT_BASE;4;BranchControlType.BRANCH_INDEPENDENT_FROM_SECRET;BranchControlType.BRANCH_INDEPENDENT_FROM_SECRET;104256;True;False;True;True;True;False;False;True;True;False;False;False;True;False;True;False;True;False;True;False;[];['has_valid_base'];True;False;True;True;True;False;False;True;True;False;False;False;True;False;True;False;True;False;True;False;[];['has_valid_base']
e79e93fe-e7c0-4019-ad91-ca4ff99666d6;ZSTD_mergeBlockDelimiters;0x16e00;0x16e58;0x0;TransmitterType.LOAD;11;0;False;['0x16e00', '0x16e10', '0x16e58'];<BV64 x0>;64;[];[];['<BV64 x0>'];[];['<BV64 x0>'];[];[];0;18446744073709551615;18446744073709551615;1;;;True;0;18446744073709551615;18446744073709551615;1;;;True;ControlType.CONTROLLED;0;;0;[];[];[];[];[];[];[];0.0;0.0;0.0;0.0;;;False;0.0;0.0;0.0;0.0;;;False;ControlType.UNKNOWN;0;;0;[];[];[];[];[];[];[];0;0;0;;;;False;0.0;0.0;0.0;0.0;;;False;ControlType.UNKNOWN;0;<BV64 x0>;64;[];[];['<BV64 x0>'];[];['<BV64 x0>'];[];[];0.0;1.8446744073709552e+19;18446744073709551615;1;;;True;0.0;1.8446744073709552e+19;18446744073709551615;1;;;True;ControlType.CONTROLLED;0;<BV64 x0>;64;[];[];['<BV64 x0>'];[];['<BV64 x0>'];[];[];0.0;1.8446744073709552e+19;1.8446744073709552e+19;1.0;;;True;0.0;1.8446744073709552e+19;1.8446744073709552e+19;1.0;;;True;ControlType.CONTROLLED;0;<BV64 x0>;64;[];[];[];[];[];[];[];0;0;0;;;;False;0;0;0;;;;False;ControlType.UNKNOWN;0;[('0x16e0c', <Bool x1 != 0x0>, 'Taken'), ('0x16e24', <Bool True>, 'Taken')];{'regs': ['<BV64 x1>'], 'indirect_regs': [], 'direct_regs': ['<BV64 x1>'], 'mem': [], 'const_mem': []};[];{'regs': [], 'indirect_regs': [], 'direct_regs': [], 'mem': [], 'const_mem': []};{'regs': ['<BV64 x0>'], 'indirect_regs': [], 'direct_regs': ['<BV64 x0>'], 'mem': [], 'const_mem': []};{'regs': ['<BV64 x0>', '<BV64 x1>'], 'indirect_regs': [], 'direct_regs': ['<BV64 x0>', '<BV64 x1>'], 'mem': [], 'const_mem': []};63.0;0.0;64.0;64.0;[];;;;BaseControlType.NO_BASE;BaseControlType.NO_BASE;BaseControlType.NO_BASE;2;BranchControlType.BRANCH_INDEPENDENT_FROM_SECRET;BranchControlType.BRANCH_INDEPENDENT_FROM_SECRET;93784;True;False;True;True;True;False;False;True;True;False;False;False;True;False;True;False;True;False;True;False;[];['has_valid_base'];True;False;True;True;True;False;False;True;True;False;False;False;True;False;True;False;True;False;True;False;[];['has_valid_base']
3f97c7bb-9634-4056-9a24-e2eeaaf9a018;ZSTD_mergeBlockDelimiters;0x16e00;0x16e64;0x0;TransmitterType.LOAD;14;0;False;['0x16e00', '0x16e10', '0x16e58', '0x16e64'];<BV64 x0>;64;[];[];['<BV64 x0>'];[];['<BV64 x0>'];[];[];0;18446744073709551615;18446744073709551615;1;;;True;0;18446744073709551615;18446744073709551615;1;;;True;ControlType.CONTROLLED;0;;0;[];[];[];[];[];[];[];0.0;0.0;0.0;0.0;;;False;0.0;0.0;0.0;0.0;;;False;ControlType.UNKNOWN;0;;0;[];[];[];[];[];[];[];0;0;0;;;;False;0.0;0.0;0.0;0.0;;;False;ControlType.UNKNOWN;0;<BV64 x0>;64;[];[];['<BV64 x0>'];[];['<BV64 x0>'];[];[];0.0;1.8446744073709552e+19;18446744073709551615;1;;;True;0.0;1.8446744073709552e+19;18446744073709551615;1;;;True;ControlType.CONTROLLED;0;<BV64 x0>;64;[];[];['<BV64 x0>'];[];['<BV64 x0>'];[];[];0.0;1.8446744073709552e+19;1.8446744073709552e+19;1.0;;;True;0.0;1.8446744073709552e+19;1.8446744073709552e+19;1.0;;;True;ControlType.CONTROLLED;0;<BV64 x0>;64;[];[];[];[];[];[];[];0;0;0;;;;False;0;0;0;;;;False;ControlType.UNKNOWN;0;[('0x16e0c', <Bool x1 != 0x0>, 'Taken'), ('0x16e24', <Bool True>, 'Taken'), ('0x16e60', <Bool LOAD_32[<BV64 x0>]_22 != 0x0>, 'Taken')];"{'regs': ['<BV64 x0>', '<BV64 x1>'], 'indirect_regs': [""<BV64 x0>: ['0x0']""], 'direct_regs': ['<BV64 x1>'], 'mem': ['<BV64 x0>'], 'const_mem': []}";[];{'regs': [], 'indirect_regs': [], 'direct_regs': [], 'mem': [], 'const_mem': []};{'regs': ['<BV64 x0>'], 'indirect_regs': [], 'direct_regs': ['<BV64 x0>'], 'mem': [], 'const_mem': []};{'regs': ['<BV64 x0>', '<BV64 x1>'], 'indirect_regs': [], 'direct_regs': ['<BV64 x0>', '<BV64 x1>'], 'mem': ['<BV64 x0>'], 'const_mem': []};63.0;0.0;64.0;64.0;['<Bool LOAD_32[<BV64 x0>]_22 == LOAD_64[<BV64 x0>]_23[31:0]>'];;;;BaseControlType.NO_BASE;BaseControlType.NO_BASE;BaseControlType.NO_BASE;3;BranchControlType.BRANCH_DEPENDS_ON_SECRET_VALUE;BranchControlType.BRANCH_INDEPENDENT_FROM_SECRET;93796;True;False;True;True;True;False;False;True;True;False;False;False;True;False;True;True;True;False;True;False;[];['has_valid_base'];True;False;True;True;True;False;False;True;True;False;False;False;True;False;True;True;True;False;True;False;[];['has_valid_base']
628e384b-7629-4fe5-99c1-635944b44d9d;ZSTD_mergeBlockDelimiters;0x16e00;0x16e64;0x0;TransmitterType.LOAD;14;0;False;['0x16e00', '0x16e10', '0x16e58', '0x16e64'];<BV64 0x8 + x0>;64;[];[];['<BV64 x0>'];[];['<BV64 x0>'];[];[];0;18446744073709551615;18446744073709551615;1;;;True;0;18446744073709551615;18446744073709551615;1;;;True;ControlType.CONTROLLED;0;<BV64 0x8>;64;[];[];[];[];[];[];[];8.0;8.0;0.0;1.0;;;True;8.0;8.0;0.0;1.0;;;True;ControlType.NO_CONTROL;0;<BV64 0x8>;64;[];[];[];[];[];[];[];8;8;0;1.0;;;True;8.0;8.0;0.0;1.0;;;True;ControlType.NO_CONTROL;0;<BV64 x0>;64;[];[];['<BV64 x0>'];[];['<BV64 x0>'];[];[];0.0;1.8446744073709552e+19;18446744073709551615;1;;;True;0.0;1.8446744073709552e+19;18446744073709551615;1;;;True;ControlType.CONTROLLED;0;<BV64 x0>;64;[];[];['<BV64 x0>'];[];['<BV64 x0>'];[];[];0.0;1.8446744073709552e+19;1.8446744073709552e+19;1.0;;;True;0.0;1.8446744073709552e+19;1.8446744073709552e+19;1.0;;;True;ControlType.CONTROLLED;0;<BV64 x0>;64;[];[];[];[];[];[];[];0;0;0;;;;False;0;0;0;;;;False;ControlType.UNKNOWN;0;[('0x16e0c', <Bool x1 != 0x0>, 'Taken'), ('0x16e24', <Bool True>, 'Taken'), ('0x16e60', <Bool LOAD_32[<BV64 x0>]_22 != 0x0>, 'Taken')];"{'regs': ['<BV64 x0>', '<BV64 x1>'], 'indirect_regs': [""<BV64 x0>: ['0x0']""], 'direct_regs': ['<BV64 x1>'], 'mem': ['<BV64 x0>'], 'const_mem': []}";[];{'regs': [], 'indirect_regs': [], 'direct_regs': [], 'mem': [], 'const_mem': []};{'regs': ['<BV64 x0>'], 'indirect_regs': [], 'direct_regs': ['<BV64 x0>'], 'mem': [], 'const_mem': []};"{'regs': ['<BV64 x0>', '<BV64 x0>', '<BV64 x1>'], 'indirect_regs': [""<BV64 x0>: ['0x0']""], 'direct_regs': ['<BV64 x0>', '<BV64 x1>'], 'mem': ['<BV64 x0>'], 'const_mem': []}";63.0;0.0;64.0;64.0;['<Bool LOAD_32[<BV64 x0>]_22 == LOAD_64[<BV64 x0>]_23[31:0]>'];;;;BaseControlType.CONSTANT_BASE;BaseControlType.CONSTANT_BASE;BaseControlType.CONSTANT_BASE;3;BranchControlType.BRANCH_INDEPENDENT_FROM_SECRET;BranchControlType.BRANCH_INDEPENDENT_FROM_SECRET;93796;True;False;True;True;True;False;False;True;True;False;False;False;True;False;True;False;True;False;True;False;[];['has_valid_base'];True;False;True;True;True;False;False;True;True;False;False;False;True;False;True;False;True;False;True;False;[];['has_valid_base']
d4439c08-9b93-4b3d-89e0-f8f9fc11bf16;ZSTD_mergeBlockDelimiters;0x16e00;0x16e6c;0x0;TransmitterType.STORE;16;0;False;['0x16e00', '0x16e10', '0x16e58', '0x16e64'];<BV64 x0>;64;[];[];['<BV64 x0>'];[];['<BV64 x0>'];[];[];0;18446744073709551615;18446744073709551615;1;;;True;0;18446744073709551615;18446744073709551615;1;;;True;ControlType.CONTROLLED;0;;0;[];[];[];[];[];[];[];0.0;0.0;0.0;0.0;;;False;0.0;0.0;0.0;0.0;;;False;ControlType.UNKNOWN;0;;0;[];[];[];[];[];[];[];0;0;0;;;;False;0.0;0.0;0.0;0.0;;;False;ControlType.UNKNOWN;0;<BV64 x0>;64;[];[];['<BV64 x0>'];[];['<BV64 x0>'];[];[];0.0;1.8446744073709552e+19;18446744073709551615;1;;;True;0.0;1.8446744073709552e+19;18446744073709551615;1;;;True;ControlType.CONTROLLED;0;<BV64 x0>;64;[];[];['<BV64 x0>'];[];['<BV64 x0>'];[];[];0.0;1.8446744073709552e+19;1.8446744073709552e+19;1.0;;;True;0.0;1.8446744073709552e+19;1.8446744073709552e+19;1.0;;;True;ControlType.CONTROLLED;0;<BV64 x0>;64;[];[];[];[];[];[];[];0;0;0;;;;False;0;0;0;;;;False;ControlType.UNKNOWN;0;[('0x16e0c', <Bool x1 != 0x0>, 'Taken'), ('0x16e24', <Bool True>, 'Taken'), ('0x16e60', <Bool LOAD_32[<BV64 x0>]_22 != 0x0>, 'Taken')];"{'regs': ['<BV64 x0>', '<BV64 x1>'], 'indirect_regs': [""<BV64 x0>: ['0x0']""], 'direct_regs': ['<BV64 x1>'], 'mem': ['<BV64 x0>'], 'const_mem': []}";[];{'regs': [], 'indirect_regs': [], 'direct_regs': [], 'mem': [], 'const_mem': []};{'regs': ['<BV64 x0>'], 'indirect_regs': [], 'direct_regs': ['<BV64 x0>'], 'mem': [], 'const_mem': []};{'regs': ['<BV64 x0>', '<BV64 x1>'], 'indirect_regs': [], 'direct_regs': ['<BV64 x0>', '<BV64 x1>'], 'mem': ['<BV64 x0>'], 'const_mem': []};63.0;0.0;64.0;64.0;['<Bool LOAD_32[<BV64 x0>]_22 == LOAD_64[<BV64 x0>]_23[31:0]>'];;;;BaseControlType.NO_BASE;BaseControlType.NO_BASE;BaseControlType.NO_BASE;3;BranchControlType.BRANCH_DEPENDS_ON_SECRET_VALUE;BranchControlType.BRANCH_INDEPENDENT_FROM_SECRET;93804;True;False;True;True;True;False;False;True;True;False;False;False;True;False;True;True;True;False;True;False;[];['has_valid_base'];True;False;True;True;True;False;False;True;True;False;False;False;True;False;True;True;True;False;True;False;[];['has_valid_base']
59469e89-3311-4ab8-b5ae-f7bb56188159;ZSTD_mergeBlockDelimiters;0x16e00;0x16e6c;0x0;TransmitterType.STORE;16;0;False;['0x16e00', '0x16e10', '0x16e58', '0x16e64'];<BV64 0x8 + x0>;64;[];[];['<BV64 x0>'];[];['<BV64 x0>'];[];[];0;18446744073709551615;18446744073709551615;1;;;True;0;18446744073709551615;18446744073709551615;1;;;True;ControlType.CONTROLLED;0;<BV64 0x8>;64;[];[];[];[];[];[];[];8.0;8.0;0.0;1.0;;;True;8.0;8.0;0.0;1.0;;;True;ControlType.NO_CONTROL;0;<BV64 0x8>;64;[];[];[];[];[];[];[];8;8;0;1.0;;;True;8.0;8.0;0.0;1.0;;;True;ControlType.NO_CONTROL;0;<BV64 x0>;64;[];[];['<BV64 x0>'];[];['<BV64 x0>'];[];[];0.0;1.8446744073709552e+19;18446744073709551615;1;;;True;0.0;1.8446744073709552e+19;18446744073709551615;1;;;True;ControlType.CONTROLLED;0;<BV64 x0>;64;[];[];['<BV64 x0>'];[];['<BV64 x0>'];[];[];0.0;1.8446744073709552e+19;1.8446744073709552e+19;1.0;;;True;0.0;1.8446744073709552e+19;1.8446744073709552e+19;1.0;;;True;ControlType.CONTROLLED;0;<BV64 x0>;64;[];[];[];[];[];[];[];0;0;0;;;;False;0;0;0;;;;False;ControlType.UNKNOWN;0;[('0x16e0c', <Bool x1 != 0x0>, 'Taken'), ('0x16e24', <Bool True>, 'Taken'), ('0x16e60', <Bool LOAD_32[<BV64 x0>]_22 != 0x0>, 'Taken')];"{'regs': ['<BV64 x0>', '<BV64 x1>'], 'indirect_regs': [""<BV64 x0>: ['0x0']""], 'direct_regs': ['<BV64 x1>'], 'mem': ['<BV64 x0>'], 'const_mem': []}";[];{'regs': [], 'indirect_regs': [], 'direct_regs': [], 'mem': [], 'const_mem': []};{'regs': ['<BV64 x0>'], 'indirect_regs': [], 'direct_regs': ['<BV64 x0>'], 'mem': [], 'const_mem': []};"{'regs': ['<BV64 x0>', '<BV64 x0>', '<BV64 x1>'], 'indirect_regs': [""<BV64 x0>: ['0x0']""], 'direct_regs': ['<BV64 x0>', '<BV64 x1>'], 'mem': ['<BV64 x0>'], 'const_mem': []}";63.0;0.0;64.0;64.0;['<Bool LOAD_32[<BV64 x0>]_22 == LOAD_64[<BV64 x0>]_23[31:0]>'];;;;BaseControlType.CONSTANT_BASE;BaseControlType.CONSTANT_BASE;BaseControlType.CONSTANT_BASE;3;BranchControlType.BRANCH_INDEPENDENT_FROM_SECRET;BranchControlType.BRANCH_INDEPENDENT_FROM_SECRET;93804;True;False;True;True;True;False;False;True;True;False;False;False;True;False;True;False;True;False;True;False;[];['has_valid_base'];True;False;True;True;True;False;False;True;True;False;False;False;True;False;True;False;True;False;True;False;[];['has_valid_base']
e51ecc7c-3489-4a8a-a060-0f9c13d73813;ZSTD_mergeBlockDelimiters;0x16e00;0x16e58;0x0;TransmitterType.LOAD;21;0;False;['0x16e00', '0x16e10', '0x16e58', '0x16e64', '0x16e58'];<BV64 0x10 + x0>;64;[];[];['<BV64 x0>'];[];['<BV64 x0>'];[];[];0;18446744073709551615;18446744073709551615;1;;;True;0;18446744073709551615;18446744073709551615;1;;;True;ControlType.CONTROLLED;0;<BV64 0x10>;64;[];[];[];[];[];[];[];16.0;16.0;0.0;1.0;;;True;16.0;16.0;0.0;1.0;;;True;ControlType.NO_CONTROL;0;<BV64 0x10>;64;[];[];[];[];[];[];[];16;16;0;1.0;;;True;16.0;16.0;0.0;1.0;;;True;ControlType.NO_CONTROL;0;<BV64 x0>;64;[];[];['<BV64 x0>'];[];['<BV64 x0>'];[];[];0.0;1.8446744073709552e+19;18446744073709551615;1;;;True;0.0;1.8446744073709552e+19;18446744073709551615;1;;;True;ControlType.CONTROLLED;0;<BV64 x0>;64;[];[];['<BV64 x0>'];[];['<BV64 x0>'];[];[];0.0;1.8446744073709552e+19;1.8446744073709552e+19;1.0;;;True;0.0;1.8446744073709552e+19;1.8446744073709552e+19;1.0;;;True;ControlType.CONTROLLED;0;<BV64 x0>;64;[];[];[];[];[];[];[];0;0;0;;;;False;0;0;0;;;;False;ControlType.UNKNOWN;0;[('0x16e0c', <Bool x1 != 0x0>, 'Taken'), ('0x16e24', <Bool True>, 'Taken'), ('0x16e60', <Bool LOAD_32[<BV64 x0>]_22 != 0x0>, 'Taken'), ('0x16e7c', <Bool x1 != 0x1>, 'Taken')];"{'regs': ['<BV64 x0>', '<BV64 x1>'], 'indirect_regs': [""<BV64 x0>: ['0x0']""], 'direct_regs': ['<BV64 x1>'], 'mem': ['<BV64 x0>'], 'const_mem': []}";[];{'regs': [], 'indirect_regs': [], 'direct_regs': [], 'mem': [], 'const_mem': []};{'regs': ['<BV64 x0>'], 'indirect_regs': [], 'direct_regs': ['<BV64 x0>'], 'mem': [], 'const_mem': []};"{'regs': ['<BV64 x0>', '<BV64 x0>', '<BV64 x1>'], 'indirect_regs': [""<BV64 x0>: ['0x0']""], 'direct_regs': ['<BV64 x0>', '<BV64 x1>'], 'mem': ['<BV64 x0>'], 'const_mem': []}";63.0;0.0;64.0;64.0;['<Bool LOAD_32[<BV64 x0>]_22 == LOAD_64[<BV64 x0>]_23[31:0]>'];;;;BaseControlType.CONSTANT_BASE;BaseControlType.CONSTANT_BASE;BaseControlType.CONSTANT_BASE;4;BranchControlType.BRANCH_INDEPENDENT_FROM_SECRET;BranchControlType.BRANCH_INDEPENDENT_FROM_SECRET;93784;True;False;True;True;True;False;False;True;True;False;False;False;True;False;True;False;True;False;True;False;[];['has_valid_base'];True;False;True;True;True;False;False;True;True;False;False;False;True;False;True;False;True;False;True;False;[];['has_valid_base']
d133cb79-ce9b-4e64-959a-57eb6bd55e5e;ZSTD_mergeBlockDelimiters;0x16e00;0x16e28;0x0;TransmitterType.LOAD;14;0;False;['0x16e00', '0x16e10', '0x16e58', '0x16e28'];<BV64 0x8 + x0>;64;[];[];['<BV64 x0>'];[];['<BV64 x0>'];[];[];0;18446744073709551615;18446744073709551615;1;;;True;0;18446744073709551615;18446744073709551615;1;;;True;ControlType.CONTROLLED;0;<BV64 0x8>;64;[];[];[];[];[];[];[];8.0;8.0;0.0;1.0;;;True;8.0;8.0;0.0;1.0;;;True;ControlType.NO_CONTROL;0;<BV64 0x8>;64;[];[];[];[];[];[];[];8;8;0;1.0;;;True;8.0;8.0;0.0;1.0;;;True;ControlType.NO_CONTROL;0;<BV64 x0>;64;[];[];['<BV64 x0>'];[];['<BV64 x0>'];[];[];0.0;1.8446744073709552e+19;18446744073709551615;1;;;True;0.0;1.8446744073709552e+19;18446744073709551615;1;;;True;ControlType.CONTROLLED;0;<BV64 x0>;64;[];[];['<BV64 x0>'];[];['<BV64 x0>'];[];[];0.0;1.8446744073709552e+19;1.8446744073709552e+19;1.0;;;True;0.0;1.8446744073709552e+19;1.8446744073709552e+19;1.0;;;True;ControlType.CONTROLLED;0;<BV64 x0>;64;[];[];[];[];[];[];[];0;0;0;;;;False;0;0;0;;;;False;ControlType.UNKNOWN;0;[('0x16e0c', <Bool x1 != 0x0>, 'Taken'), ('0x16e24', <Bool True>, 'Taken'), ('0x16e60', <Bool LOAD_32[<BV64 x0>]_22 == 0x0>, 'Taken')];"{'regs': ['<BV64 x0>', '<BV64 x1>'], 'indirect_regs': [""<BV64 x0>: ['0x0']""], 'direct_regs': ['<BV64 x1>'], 'mem': ['<BV64 x0>'], 'const_mem': []}";[];{'regs': [], 'indirect_regs': [], 'direct_regs': [], 'mem': [], 'const_mem': []};{'regs': ['<BV64 x0>'], 'indirect_regs': [], 'direct_regs': ['<BV64 x0>'], 'mem': [], 'const_mem': []};"{'regs': ['<BV64 x0>', '<BV64 x0>', '<BV64 x1>'], 'indirect_regs': [""<BV64 x0>: ['0x0']""], 'direct_regs': ['<BV64 x0>', '<BV64 x1>'], 'mem': ['<BV64 x0>'], 'const_mem': []}";63.0;0.0;64.0;64.0;[];;;;BaseControlType.CONSTANT_BASE;BaseControlType.CONSTANT_BASE;BaseControlType.CONSTANT_BASE;3;BranchControlType.BRANCH_INDEPENDENT_FROM_SECRET;BranchControlType.BRANCH_INDEPENDENT_FROM_SECRET;93736;True;False;True;True;True;False;False;True;True;False;False;False;True;False;True;False;True;False;True;False;[];['has_valid_base'];True;False;True;True;True;False;False;True;True;False;False;False;True;False;True;False;True;False;True;False;[];['has_valid_base']
940cf3d6-224b-4817-8007-20aba8efeec7;ZSTD_mergeBlockDelimiters;0x16e00;0x16e64;0x0;TransmitterType.LOAD;16;0;False;['0x16e00', '0x16e10', '0x16e58', '0x16e28', '0x16e64'];<BV64 x0>;64;[];[];['<BV64 x0>'];[];['<BV64 x0>'];[];[];0;18446744073709551615;18446744073709551615;1;;;True;0;18446744073709551615;18446744073709551615;1;;;True;ControlType.CONTROLLED;0;;0;[];[];[];[];[];[];[];0.0;0.0;0.0;0.0;;;False;0.0;0.0;0.0;0.0;;;False;ControlType.UNKNOWN;0;;0;[];[];[];[];[];[];[];0;0;0;;;;False;0.0;0.0;0.0;0.0;;;False;ControlType.UNKNOWN;0;<BV64 x0>;64;[];[];['<BV64 x0>'];[];['<BV64 x0>'];[];[];0.0;1.8446744073709552e+19;18446744073709551615;1;;;True;0.0;1.8446744073709552e+19;18446744073709551615;1;;;True;ControlType.CONTROLLED;0;<BV64 x0>;64;[];[];['<BV64 x0>'];[];['<BV64 x0>'];[];[];0.0;1.8446744073709552e+19;1.8446744073709552e+19;1.0;;;True;0.0;1.8446744073709552e+19;1.8446744073709552e+19;1.0;;;True;ControlType.CONTROLLED;0;<BV64 x0>;64;[];[];[];[];[];[];[];0;0;0;;;;False;0;0;0;;;;False;ControlType.UNKNOWN;0;[('0x16e0c', <Bool x1 != 0x0>, 'Taken'), ('0x16e24', <Bool True>, 'Taken'), ('0x16e2c', <Bool LOAD_32[<BV64 x0 + 0x8>]_30 != 0x0>, 'Taken'), ('0x16e60', <Bool LOAD_32[<BV64 x0>]_22 == 0x0>, 'Taken')];"{'regs': ['<BV64 x0>', '<BV64 x1>'], 'indirect_regs': [""<BV64 x0>: ['0x0', '0x8']""], 'direct_regs': ['<BV64 x1>'], 'mem': ['<BV64 x0 + 0x8>', '<BV64 x0>'], 'const_mem': []}";[];{'regs': [], 'indirect_regs': [], 'direct_regs': [], 'mem': [], 'const_mem': []};{'regs': ['<BV64 x0>'], 'indirect_regs': [], 'direct_regs': ['<BV64 x0>'], 'mem': [], 'const_mem': []};{'regs': ['<BV64 x0>', '<BV64 x1>'], 'indirect_regs': [], 'direct_regs': ['<BV64 x0>', '<BV64 x1>'], 'mem': ['<BV64 x0 + 0x8>', '<BV64 x0>'], 'const_mem': []};63.0;0.0;64.0;64.0;['<Bool LOAD_32[<BV64 x0>]_22 == LOAD_64[<BV64 x0>]_31[31:0]>'];;;;BaseControlType.NO_BASE;BaseControlType.NO_BASE;BaseControlType.NO_BASE;4;BranchControlType.BRANCH_DEPENDS_ON_SECRET_VALUE;BranchControlType.BRANCH_INDEPENDENT_FROM_SECRET;93796;True;False;True;True;True;False;False;True;True;False;False;False;True;False;True;True;True;False;True;False;[];['has_valid_base'];True;False;True;True;True;False;False;True;True;False;False;False;True;False;True;True;True;False;True;False;[];['has_valid_base']
b9e21a07-9069-4bea-a197-b14225586865;ZSTD_mergeBlockDelimiters;0x16e00;0x16e64;0x0;TransmitterType.LOAD;16;0;False;['0x16e00', '0x16e10', '0x16e58', '0x16e28', '0x16e64'];<BV64 0x8 + x0>;64;[];[];['<BV64 x0>'];[];['<BV64 x0>'];[];[];0;18446744073709551615;18446744073709551615;1;;;True;0;18446744073709551615;18446744073709551615;1;;;True;ControlType.CONTROLLED;0;<BV64 0x8>;64;[];[];[];[];[];[];[];8.0;8.0;0.0;1.0;;;True;8.0;8.0;0.0;1.0;;;True;ControlType.NO_CONTROL;0;<BV64 0x8>;64;[];[];[];[];[];[];[];8;8;0;1.0;;;True;8.0;8.0;0.0;1.0;;;True;ControlType.NO_CONTROL;0;<BV64 x0>;64;[];[];['<BV64 x0>'];[];['<BV64 x0>'];[];[];0.0;1.8446744073709552e+19;18446744073709551615;1;;;True;0.0;1.8446744073709552e+19;18446744073709551615;1;;;True;ControlType.CONTROLLED;0;<BV64 x0>;64;[];[];['<BV64 x0>'];[];['<BV64 x0>'];[];[];0.0;1.8446744073709552e+19;1.8446744073709552e+19;1.0;;;True;0.0;1.8446744073709552e+19;1.8446744073709552e+19;1.0;;;True;ControlType.CONTROLLED;0;<BV64 x0>;64;[];[];[];[];[];[];[];0;0;0;;;;False;0;0;0;;;;False;ControlType.UNKNOWN;0;[('0x16e0c', <Bool x1 != 0x0>, 'Taken'), ('0x16e24', <Bool True>, 'Taken'), ('0x16e2c', <Bool LOAD_32[<BV64 x0 + 0x8>]_30 != 0x0>, 'Taken'), ('0x16e60', <Bool LOAD_32[<BV64 x0>]_22 == 0x0>, 'Taken')];"{'regs': ['<BV64 x0>', '<BV64 x1>'], 'indirect_regs': [""<BV64 x0>: ['0x0', '0x8']""], 'direct_regs': ['<BV64 x1>'], 'mem': ['<BV64 x0 + 0x8>', '<BV64 x0>'], 'const_mem': []}";[];{'regs': [], 'indirect_regs': [], 'direct_regs': [], 'mem': [], 'const_mem': []};{'regs': ['<BV64 x0>'], 'indirect_regs': [], 'direct_regs': ['<BV64 x0>'], 'mem': [], 'const_mem': []};"{'regs': ['<BV64 x0>', '<BV64 x0>', '<BV64 x1>'], 'indirect_regs': [""<BV64 x0>: ['0x0', '0x8']""], 'direct_regs': ['<BV64 x0>', '<BV64 x1>'], 'mem': ['<BV64 x0 + 0x8>', '<BV64 x0>'], 'const_mem': []}";63.0;0.0;64.0;64.0;['<Bool LOAD_32[<BV64 x0>]_22 == LOAD_64[<BV64 x0>]_31[31:0]>', '<Bool LOAD_32[<BV64 x0 + 0x8>]_30 == LOAD_64[<BV64 x0 + 0x8>]_32[31:0]>'];;;;BaseControlType.CONSTANT_BASE;BaseControlType.CONSTANT_BASE;BaseControlType.CONSTANT_BASE;4;BranchControlType.BRANCH_INDEPENDENT_FROM_SECRET;BranchControlType.BRANCH_INDEPENDENT_FROM_SECRET;93796;True;False;True;True;True;False;False;True;True;False;False;False;True;False;True;False;True;False;True;False;[];['has_valid_base'];True;False;True;True;True;False;False;True;True;False;False;False;True;False;True;False;True;False;True;False;[];['has_valid_base']
ff363282-0887-4889-8f60-35cb2f818f35;ZSTD_mergeBlockDelimiters;0x16e00;0x16e6c;0x0;TransmitterType.STORE;18;0;False;['0x16e00', '0x16e10', '0x16e58', '0x16e28', '0x16e64'];<BV64 x0>;64;[];[];['<BV64 x0>'];[];['<BV64 x0>'];[];[];0;18446744073709551615;18446744073709551615;1;;;True;0;18446744073709551615;18446744073709551615;1;;;True;ControlType.CONTROLLED;0;;0;[];[];[];[];[];[];[];0.0;0.0;0.0;0.0;;;False;0.0;0.0;0.0;0.0;;;False;ControlType.UNKNOWN;0;;0;[];[];[];[];[];[];[];0;0;0;;;;False;0.0;0.0;0.0;0.0;;;False;ControlType.UNKNOWN;0;<BV64 x0>;64;[];[];['<BV64 x0>'];[];['<BV64 x0>'];[];[];0.0;1.8446744073709552e+19;18446744073709551615;1;;;True;0.0;1.8446744073709552e+19;18446744073709551615;1;;;True;ControlType.CONTROLLED;0;<BV64 x0>;64;[];[];['<BV64 x0>'];[];['<BV64 x0>'];[];[];0.0;1.8446744073709552e+19;1.8446744073709552e+19;1.0;;;True;0.0;1.8446744073709552e+19;1.8446744073709552e+19;1.0;;;True;ControlType.CONTROLLED;0;<BV64 x0>;64;[];[];[];[];[];[];[];0;0;0;;;;False;0;0;0;;;;False;ControlType.UNKNOWN;0;[('0x16e0c', <Bool x1 != 0x0>, 'Taken'), ('0x16e24', <Bool True>, 'Taken'), ('0x16e2c', <Bool LOAD_32[<BV64 x0 + 0x8>]_30 != 0x0>, 'Taken'), ('0x16e60', <Bool LOAD_32[<BV64 x0>]_22 == 0x0>, 'Taken')];"{'regs': ['<BV64 x0>', '<BV64 x1>'], 'indirect_regs': [""<BV64 x0>: ['0x0', '0x8']""], 'direct_regs': ['<BV64 x1>'], 'mem': ['<BV64 x0 + 0x8>', '<BV64 x0>'], 'const_mem': []}";[];{'regs': [], 'indirect_regs': [], 'direct_regs': [], 'mem': [], 'const_mem': []};{'regs': ['<BV64 x0>'], 'indirect_regs': [], 'direct_regs': ['<BV64 x0>'], 'mem': [], 'const_mem': []};{'regs': ['<BV64 x0>', '<BV64 x1>'], 'indirect_regs': [], 'direct_regs': ['<BV64 x0>', '<BV64 x1>'], 'mem': ['<BV64 x0 + 0x8>', '<BV64 x0>'], 'const_mem': []};63.0;0.0;64.0;64.0;['<Bool LOAD_32[<BV64 x0>]_22 == LOAD_64[<BV64 x0>]_31[31:0]>', '<Bool LOAD_32[<BV64 x0 + 0x8>]_30 == LOAD_64[<BV64 x0 + 0x8>]_32[31:0]>'];;;;BaseControlType.NO_BASE;BaseControlType.NO_BASE;BaseControlType.NO_BASE;4;BranchControlType.BRANCH_DEPENDS_ON_SECRET_VALUE;BranchControlType.BRANCH_INDEPENDENT_FROM_SECRET;93804;True;False;True;True;True;False;False;True;True;False;False;False;True;False;True;True;True;False;True;False;[];['has_valid_base'];True;False;True;True;True;False;False;True;True;False;False;False;True;False;True;True;True;False;True;False;[];['has_valid_base']
2312bd66-8601-49e1-8bdf-6124f50eb4cb;ZSTD_mergeBlockDelimiters;0x16e00;0x16e6c;0x0;TransmitterType.STORE;18;0;False;['0x16e00', '0x16e10', '0x16e58', '0x16e28', '0x16e64'];<BV64 0x8 + x0>;64;[];[];['<BV64 x0>'];[];['<BV64 x0>'];[];[];0;18446744073709551615;18446744073709551615;1;;;True;0;18446744073709551615;18446744073709551615;1;;;True;ControlType.CONTROLLED;0;<BV64 0x8>;64;[];[];[];[];[];[];[];8.0;8.0;0.0;1.0;;;True;8.0;8.0;0.0;1.0;;;True;ControlType.NO_CONTROL;0;<BV64 0x8>;64;[];[];[];[];[];[];[];8;8;0;1.0;;;True;8.0;8.0;0.0;1.0;;;True;ControlType.NO_CONTROL;0;<BV64 x0>;64;[];[];['<BV64 x0>'];[];['<BV64 x0>'];[];[];0.0;1.8446744073709552e+19;18446744073709551615;1;;;True;0.0;1.8446744073709552e+19;18446744073709551615;1;;;True;ControlType.CONTROLLED;0;<BV64 x0>;64;[];[];['<BV64 x0>'];[];['<BV64 x0>'];[];[];0.0;1.8446744073709552e+19;1.8446744073709552e+19;1.0;;;True;0.0;1.8446744073709552e+19;1.8446744073709552e+19;1.0;;;True;ControlType.CONTROLLED;0;<BV64 x0>;64;[];[];[];[];[];[];[];0;0;0;;;;False;0;0;0;;;;False;ControlType.UNKNOWN;0;[('0x16e0c', <Bool x1 != 0x0>, 'Taken'), ('0x16e24', <Bool True>, 'Taken'), ('0x16e2c', <Bool LOAD_32[<BV64 x0 + 0x8>]_30 != 0x0>, 'Taken'), ('0x16e60', <Bool LOAD_32[<BV64 x0>]_22 == 0x0>, 'Taken')];"{'regs': ['<BV64 x0>', '<BV64 x1>'], 'indirect_regs': [""<BV64 x0>: ['0x0', '0x8']""], 'direct_regs': ['<BV64 x1>'], 'mem': ['<BV64 x0 + 0x8>', '<BV64 x0>'], 'const_mem': []}";[];{'regs': [], 'indirect_regs': [], 'direct_regs': [], 'mem': [], 'const_mem': []};{'regs': ['<BV64 x0>'], 'indirect_regs': [], 'direct_regs': ['<BV64 x0>'], 'mem': [], 'const_mem': []};"{'regs': ['<BV64 x0>', '<BV64 x0>', '<BV64 x1>'], 'indirect_regs': [""<BV64 x0>: ['0x0', '0x8']""], 'direct_regs': ['<BV64 x0>', '<BV64 x1>'], 'mem': ['<BV64 x0 + 0x8>', '<BV64 x0>'], 'const_mem': []}";63.0;0.0;64.0;64.0;['<Bool LOAD_32[<BV64 x0>]_22 == LOAD_64[<BV64 x0>]_31[31:0]>', '<Bool LOAD_32[<BV64 x0 + 0x8>]_30 == LOAD_64[<BV64 x0 + 0x8>]_32[31:0]>'];;;;BaseControlType.CONSTANT_BASE;BaseControlType.CONSTANT_BASE;BaseControlType.CONSTANT_BASE;4;BranchControlType.BRANCH_INDEPENDENT_FROM_SECRET;BranchControlType.BRANCH_INDEPENDENT_FROM_SECRET;93804;True;False;True;True;True;False;False;True;True;False;False;False;True;False;True;False;True;False;True;False;[];['has_valid_base'];True;False;True;True;True;False;False;True;True;False;False;False;True;False;True;False;True;False;True;False;[];['has_valid_base']
07f40b95-8edd-42f3-a0e4-4f4be22206e2;ZSTD_initStaticDStream;0x56160;0x54468;0x0;TransmitterType.STORE;26;0;False;['0x56160', '0x54424', '0x54450'];<BV64 0x75e8 + x0>;64;[];[];['<BV64 x0>'];[];['<BV64 x0>'];[];[];0;18446744073709551608;18446744073709551608;1;;;True;0;18446744073709551608;18446744073709551608;1;;;True;ControlType.CONTROLLED;0;<BV64 0x75e8>;64;[];[];[];[];[];[];[];30184.0;30184.0;0.0;1.0;;;True;30184.0;30184.0;0.0;1.0;;;True;ControlType.NO_CONTROL;0;<BV64 0x75e8>;64;[];[];[];[];[];[];[];30184;30184;0;1.0;;;True;30184.0;30184.0;0.0;1.0;;;True;ControlType.NO_CONTROL;0;<BV64 x0>;64;[];[];['<BV64 x0>'];[];['<BV64 x0>'];[];[];0.0;1.8446744073709552e+19;18446744073709551608;1;;;True;0.0;1.8446744073709552e+19;18446744073709551608;1;;;True;ControlType.CONTROLLED;0;<BV64 x0>;64;[];[];['<BV64 x0>'];[];['<BV64 x0>'];[];[];0.0;1.8446744073709552e+19;1.8446744073709552e+19;1.0;;;True;0.0;1.8446744073709552e+19;1.8446744073709552e+19;1.0;;;True;ControlType.CONTROLLED;0;<BV64 x0>;64;[];[];[];[];[];[];[];0;0;0;;;;False;0;0;0;;;;False;ControlType.UNKNOWN;0;[('0x5444c', <Bool True>, 'Taken'), ('0x56174', <Bool True>, 'Taken')];{'regs': [], 'indirect_regs': [], 'direct_regs': [], 'mem': [], 'const_mem': []};[('0x54444', <Bool (x0[7:0] & 7) == 0>, 'ConditionType.CMOVE'), ('0x5444c', <Bool x1 >= 0x176f7>, 'ConditionType.UNKNOWN'), ('0x5444c', <Bool x1 - 0x176f7 != 0x0>, 'ConditionType.UNKNOWN'), ('0x5444c', <Bool (x0[7:0] & 7) == 0>, 'ConditionType.CMOVE')];{'regs': ['<BV64 x0>', '<BV64 x1>'], 'indirect_regs': [], 'direct_regs': ['<BV64 x0>', '<BV64 x1>'], 'mem': [], 'const_mem': []};{'regs': ['<BV64 x0>', '<BV64 x0>', '<BV64 x1>'], 'indirect_regs': [], 'direct_regs': ['<BV64 x0>', '<BV64 x0>', '<BV64 x1>'], 'mem': [], 'const_mem': []};{'regs': ['<BV64 x0>', '<BV64 x0>', '<BV64 x1>'], 'indirect_regs': [], 'direct_regs': ['<BV64 x0>', '<BV64 x0>', '<BV64 x1>'], 'mem': [], 'const_mem': []};63.0;0.0;64.0;64.0;[];;;;BaseControlType.CONSTANT_BASE;BaseControlType.CONSTANT_BASE;BaseControlType.CONSTANT_BASE;2;BranchControlType.BRANCH_INDEPENDENT_FROM_SECRET;BranchControlType.BRANCH_INDEPENDENT_FROM_SECRET;345192;True;False;True;True;True;False;False;True;True;False;False;False;True;False;True;False;True;False;True;False;[];['has_valid_base'];True;False;True;True;True;False;False;True;True;False;False;False;True;False;True;False;True;False;True;False;[];['has_valid_base']
60aad83b-1459-4d93-b86b-9ef3ac443d4a;ZSTD_initStaticDStream;0x56160;0x54468;0x0;TransmitterType.STORE;26;0;False;['0x56160', '0x54424', '0x54450'];<BV64 0x75f0 + x0>;64;[];[];['<BV64 x0>'];[];['<BV64 x0>'];[];[];0;18446744073709551608;18446744073709551608;1;;;True;0;18446744073709551608;18446744073709551608;1;;;True;ControlType.CONTROLLED;0;<BV64 0x75f0>;64;[];[];[];[];[];[];[];30192.0;30192.0;0.0;1.0;;;True;30192.0;30192.0;0.0;1.0;;;True;ControlType.NO_CONTROL;0;<BV64 0x75f0>;64;[];[];[];[];[];[];[];30192;30192;0;1.0;;;True;30192.0;30192.0;0.0;1.0;;;True;ControlType.NO_CONTROL;0;<BV64 x0>;64;[];[];['<BV64 x0>'];[];['<BV64 x0>'];[];[];0.0;1.8446744073709552e+19;18446744073709551608;1;;;True;0.0;1.8446744073709552e+19;18446744073709551608;1;;;True;ControlType.CONTROLLED;0;<BV64 x0>;64;[];[];['<BV64 x0>'];[];['<BV64 x0>'];[];[];0.0;1.8446744073709552e+19;1.8446744073709552e+19;1.0;;;True;0.0;1.8446744073709552e+19;1.8446744073709552e+19;1.0;;;True;ControlType.CONTROLLED;0;<BV64 x0>;64;[];[];[];[];[];[];[];0;0;0;;;;False;0;0;0;;;;False;ControlType.UNKNOWN;0;[('0x5444c', <Bool True>, 'Taken'), ('0x56174', <Bool True>, 'Taken')];{'regs': [], 'indirect_regs': [], 'direct_regs': [], 'mem': [], 'const_mem': []};[('0x54444', <Bool (x0[7:0] & 7) == 0>, 'ConditionType.CMOVE'), ('0x5444c', <Bool x1 >= 0x176f7>, 'ConditionType.UNKNOWN'), ('0x5444c', <Bool x1 - 0x176f7 != 0x0>, 'ConditionType.UNKNOWN'), ('0x5444c', <Bool (x0[7:0] & 7) == 0>, 'ConditionType.CMOVE')];{'regs': ['<BV64 x0>', '<BV64 x1>'], 'indirect_regs': [], 'direct_regs': ['<BV64 x0>', '<BV64 x1>'], 'mem': [], 'const_mem': []};{'regs': ['<BV64 x0>', '<BV64 x0>', '<BV64 x1>'], 'indirect_regs': [], 'direct_regs': ['<BV64 x0>', '<BV64 x0>', '<BV64 x1>'], 'mem': [], 'const_mem': []};{'regs': ['<BV64 x0>', '<BV64 x0>', '<BV64 x1>'], 'indirect_regs': [], 'direct_regs': ['<BV64 x0>', '<BV64 x0>', '<BV64 x1>'], 'mem': [], 'const_mem': []};63.0;0.0;64.0;64.0;[];;;;BaseControlType.CONSTANT_BASE;BaseControlType.CONSTANT_BASE;BaseControlType.CONSTANT_BASE;2;BranchControlType.BRANCH_INDEPENDENT_FROM_SECRET;BranchControlType.BRANCH_INDEPENDENT_FROM_SECRET;345192;True;False;True;True;True;False;False;True;True;False;False;False;True;False;True;False;True;False;True;False;[];['has_valid_base'];True;False;True;True;True;False;False;True;True;False;False;False;True;False;True;False;True;False;True;False;[];['has_valid_base']
7f7195e2-bed4-4a85-b77e-2c9745213e75;ZSTD_initStaticDStream;0x56160;0x54474;0x0;TransmitterType.STORE;29;0;False;['0x56160', '0x54424', '0x54450'];<BV64 0x74d8 + x0>;64;[];[];['<BV64 x0>'];[];['<BV64 x0>'];[];[];0;18446744073709551608;18446744073709551608;1;;;True;0;18446744073709551608;18446744073709551608;1;;;True;ControlType.CONTROLLED;0;<BV64 0x74d8>;64;[];[];[];[];[];[];[];29912.0;29912.0;0.0;1.0;;;True;29912.0;29912.0;0.0;1.0;;;True;ControlType.NO_CONTROL;0;<BV64 0x74d8>;64;[];[];[];[];[];[];[];29912;29912;0;1.0;;;True;29912.0;29912.0;0.0;1.0;;;True;ControlType.NO_CONTROL;0;<BV64 x0>;64;[];[];['<BV64 x0>'];[];['<BV64 x0>'];[];[];0.0;1.8446744073709552e+19;18446744073709551608;1;;;True;0.0;1.8446744073709552e+19;18446744073709551608;1;;;True;ControlType.CONTROLLED;0;<BV64 x0>;64;[];[];['<BV64 x0>'];[];['<BV64 x0>'];[];[];0.0;1.8446744073709552e+19;1.8446744073709552e+19;1.0;;;True;0.0;1.8446744073709552e+19;1.8446744073709552e+19;1.0;;;True;ControlType.CONTROLLED;0;<BV64 x0>;64;[];[];[];[];[];[];[];0;0;0;;;;False;0;0;0;;;;False;ControlType.UNKNOWN;0;[('0x5444c', <Bool True>, 'Taken'), ('0x56174', <Bool True>, 'Taken')];{'regs': [], 'indirect_regs': [], 'direct_regs': [], 'mem': [], 'const_mem': []};[('0x54444', <Bool (x0[7:0] & 7) == 0>, 'ConditionType.CMOVE'), ('0x5444c', <Bool x1 >= 0x176f7>, 'ConditionType.UNKNOWN'), ('0x5444c', <Bool x1 - 0x176f7 != 0x0>, 'ConditionType.UNKNOWN'), ('0x5444c', <Bool (x0[7:0] & 7) == 0>, 'ConditionType.CMOVE')];{'regs': ['<BV64 x0>', '<BV64 x1>'], 'indirect_regs': [], 'direct_regs': ['<BV64 x0>', '<BV64 x1>'], 'mem': [], 'const_mem': []};{'regs': ['<BV64 x0>', '<BV64 x0>', '<BV64 x1>'], 'indirect_regs': [], 'direct_regs': ['<BV64 x0>', '<BV64 x0>', '<BV64 x1>'], 'mem': [], 'const_mem': []};{'regs': ['<BV64 x0>', '<BV64 x0>', '<BV64 x1>'], 'indirect_regs': [], 'direct_regs': ['<BV64 x0>', '<BV64 x0>', '<BV64 x1>'], 'mem': [], 'const_mem': []};63.0;0.0;64.0;64.0;[];;;;BaseControlType.CONSTANT_BASE;BaseControlType.CONSTANT_BASE;BaseControlType.CONSTANT_BASE;2;BranchControlType.BRANCH_INDEPENDENT_FROM_SECRET;BranchControlType.BRANCH_INDEPENDENT_FROM_SECRET;345204;True;False;True;True;True;False;False;True;True;False;False;False;True;False;True;False;True;False;True;False;[];['has_valid_base'];True;False;True;True;True;False;False;True;True;False;False;False;True;False;True;False;True;False;True;False;[];['has_valid_base']
7cb95b62-8161-46d3-aa42-f6fd86e08669;ZSTD_initStaticDStream;0x56160;0x54484;0x0;TransmitterType.STORE;33;0;False;['0x56160', '0x54424', '0x54450'];<BV64 0x75fc + x0>;64;[];[('0x54444', <Bool (x0[7:0] & 7) == 0>, 'ConditionType.CMOVE'), ('0x5444c', <Bool (x0[7:0] & 7) == 0>, 'ConditionType.CMOVE')];['<BV64 x0>'];[];['<BV64 x0>'];[];[];4;18446744073709551612;18446744073709551608;8;;4.0;False;4;18446744073709551612;18446744073709551608;8;;4.0;False;ControlType.CONTROLLED;0;<BV64 0x75fc>;64;[];[];[];[];[];[];[];30204.0;30204.0;0.0;1.0;;;True;30204.0;30204.0;0.0;1.0;;;True;ControlType.NO_CONTROL;0;<BV64 0x75fc>;64;[];[];[];[];[];[];[];30204;30204;0;1.0;;;True;30204.0;30204.0;0.0;1.0;;;True;ControlType.NO_CONTROL;0;<BV64 x0>;64;[];[('0x54444', <Bool (x0[7:0] & 7) == 0>, 'ConditionType.CMOVE'), ('0x5444c', <Bool (x0[7:0] & 7) == 0>, 'ConditionType.CMOVE')];['<BV64 x0>'];[];['<BV64 x0>'];[];[];0.0;1.8446744073709552e+19;18446744073709551608;8;;;False;0.0;1.8446744073709552e+19;18446744073709551608;8;;;False;ControlType.CONTROLLED;0;<BV64 x0>;64;[];[('0x54444', <Bool (x0[7:0] & 7) == 0>, 'ConditionType.CMOVE'), ('0x5444c', <Bool (x0[7:0] & 7) == 0>, 'ConditionType.CMOVE')];['<BV64 x0>'];[];['<BV64 x0>'];[];[];0.0;1.8446744073709552e+19;1.8446744073709552e+19;8.0;;;False;0.0;1.8446744073709552e+19;1.8446744073709552e+19;8.0;;;False;ControlType.CONTROLLED;0;<BV64 x0>;64;[];[];[];[];[];[];[];0;0;0;;;;False;0;0;0;;;;False;ControlType.UNKNOWN;0;[('0x5444c', <Bool True>, 'Taken'), ('0x56174', <Bool True>, 'Taken')];{'regs': [], 'indirect_regs': [], 'direct_regs': [], 'mem': [], 'const_mem': []};[('0x54444', <Bool (x0[7:0] & 7) == 0>, 'ConditionType.CMOVE'), ('0x5444c', <Bool x1 >= 0x176f7>, 'ConditionType.UNKNOWN'), ('0x5444c', <Bool x1 - 0x176f7 != 0x0>, 'ConditionType.UNKNOWN'), ('0x5444c', <Bool (x0[7:0] & 7) == 0>, 'ConditionType.CMOVE')];{'regs': ['<BV64 x0>', '<BV64 x1>'], 'indirect_regs': [], 'direct_regs': ['<BV64 x0>', '<BV64 x1>'], 'mem': [], 'const_mem': []};{'regs': ['<BV64 x0>', '<BV64 x1>'], 'indirect_regs': [], 'direct_regs': ['<BV64 x0>', '<BV64 x1>'], 'mem': [], 'const_mem': []};{'regs': ['<BV64 x0>', '<BV64 x1>'], 'indirect_regs': [], 'direct_regs': ['<BV64 x0>', '<BV64 x1>'], 'mem': [], 'const_mem': []};63.0;0.0;64.0;64.0;[];;;;BaseControlType.CONSTANT_BASE;BaseControlType.CONSTANT_BASE;BaseControlType.CONSTANT_BASE;2;BranchControlType.BRANCH_INDEPENDENT_FROM_SECRET;BranchControlType.BRANCH_DEPENDS_ON_SECRET_VALUE;345220;True;False;True;False;True;False;False;True;True;False;False;False;True;False;True;False;True;False;True;False;[];['has_valid_base', 'is_cmove_independent_from_secret'];True;False;True;False;True;False;False;True;True;False;False;False;True;False;True;False;True;False;True;False;[];['has_valid_base', 'is_cmove_independent_from_secret']
b5d4d7a2-99e5-4587-8588-36d665e67e29;ZSTD_initStaticDStream;0x56160;0x54488;0x0;TransmitterType.STORE;34;0;False;['0x56160', '0x54424', '0x54450'];<BV64 0x7628 + x0>;64;[];[('0x54444', <Bool (x0[7:0] & 7) == 0>, 'ConditionType.CMOVE'), ('0x5444c', <Bool (x0[7:0] & 7) == 0>, 'ConditionType.CMOVE')];['<BV64 x0>'];[];['<BV64 x0>'];[];[];0;18446744073709551608;18446744073709551608;8;;;False;0;18446744073709551608;18446744073709551608;8;;;False;ControlType.CONTROLLED;0;<BV64 0x7628>;64;[];[];[];[];[];[];[];30248.0;30248.0;0.0;1.0;;;True;30248.0;30248.0;0.0;1.0;;;True;ControlType.NO_CONTROL;0;<BV64 0x7628>;64;[];[];[];[];[];[];[];30248;30248;0;1.0;;;True;30248.0;30248.0;0.0;1.0;;;True;ControlType.NO_CONTROL;0;<BV64 x0>;64;[];[('0x54444', <Bool (x0[7:0] & 7) == 0>, 'ConditionType.CMOVE'), ('0x5444c', <Bool (x0[7:0] & 7) == 0>, 'ConditionType.CMOVE')];['<BV64 x0>'];[];['<BV64 x0>'];[];[];0.0;1.8446744073709552e+19;18446744073709551608;8;;;False;0.0;1.8446744073709552e+19;18446744073709551608;8;;;False;ControlType.CONTROLLED;0;<BV64 x0>;64;[];[('0x54444', <Bool (x0[7:0] & 7) == 0>, 'ConditionType.CMOVE'), ('0x5444c', <Bool (x0[7:0] & 7) == 0>, 'ConditionType.CMOVE')];['<BV64 x0>'];[];['<BV64 x0>'];[];[];0.0;1.8446744073709552e+19;1.8446744073709552e+19;8.0;;;False;0.0;1.8446744073709552e+19;1.8446744073709552e+19;8.0;;;False;ControlType.CONTROLLED;0;<BV64 x0>;64;[];[];[];[];[];[];[];0;0;0;;;;False;0;0;0;;;;False;ControlType.UNKNOWN;0;[('0x5444c', <Bool True>, 'Taken'), ('0x56174', <Bool True>, 'Taken')];{'regs': [], 'indirect_regs': [], 'direct_regs': [], 'mem': [], 'const_mem': []};[('0x54444', <Bool (x0[7:0] & 7) == 0>, 'ConditionType.CMOVE'), ('0x5444c', <Bool x1 >= 0x176f7>, 'ConditionType.UNKNOWN'), ('0x5444c', <Bool x1 - 0x176f7 != 0x0>, 'ConditionType.UNKNOWN'), ('0x5444c', <Bool (x0[7:0] & 7) == 0>, 'ConditionType.CMOVE')];{'regs': ['<BV64 x0>', '<BV64 x1>'], 'indirect_regs': [], 'direct_regs': ['<BV64 x0>', '<BV64 x1>'], 'mem': [], 'const_mem': []};{'regs': ['<BV64 x0>', '<BV64 x1>'], 'indirect_regs': [], 'direct_regs': ['<BV64 x0>', '<BV64 x1>'], 'mem': [], 'const_mem': []};{'regs': ['<BV64 x0>', '<BV64 x1>'], 'indirect_regs': [], 'direct_regs': ['<BV64 x0>', '<BV64 x1>'], 'mem': [], 'const_mem': []};63.0;0.0;64.0;64.0;[];;;;BaseControlType.CONSTANT_BASE;BaseControlType.CONSTANT_BASE;BaseControlType.CONSTANT_BASE;2;BranchControlType.BRANCH_INDEPENDENT_FROM_SECRET;BranchControlType.BRANCH_DEPENDS_ON_SECRET_VALUE;345224;True;False;True;False;True;False;False;True;True;False;False;False;True;False;True;False;True;False;True;False;[];['has_valid_base', 'is_cmove_independent_from_secret'];True;False;True;False;True;False;False;True;True;False;False;False;True;False;True;False;True;False;True;False;[];['has_valid_base', 'is_cmove_independent_from_secret']
bfca2624-6c05-41c4-a8a4-7e17b2d135d2;ZSTD_initStaticDStream;0x56160;0x5448c;0x0;TransmitterType.STORE;35;0;False;['0x56160', '0x54424', '0x54450'];<BV64 0x7648 + x0>;64;[];[('0x54444', <Bool (x0[7:0] & 7) == 0>, 'ConditionType.CMOVE'), ('0x5444c', <Bool (x0[7:0] & 7) == 0>, 'ConditionType.CMOVE')];['<BV64 x0>'];[];['<BV64 x0>'];[];[];0;18446744073709551608;18446744073709551608;8;;;False;0;18446744073709551608;18446744073709551608;8;;;False;ControlType.CONTROLLED;0;<BV64 0x7648>;64;[];[];[];[];[];[];[];30280.0;30280.0;0.0;1.0;;;True;30280.0;30280.0;0.0;1.0;;;True;ControlType.NO_CONTROL;0;<BV64 0x7648>;64;[];[];[];[];[];[];[];30280;30280;0;1.0;;;True;30280.0;30280.0;0.0;1.0;;;True;ControlType.NO_CONTROL;0;<BV64 x0>;64;[];[('0x54444', <Bool (x0[7:0] & 7) == 0>, 'ConditionType.CMOVE'), ('0x5444c', <Bool (x0[7:0] & 7) == 0>, 'ConditionType.CMOVE')];['<BV64 x0>'];[];['<BV64 x0>'];[];[];0.0;1.8446744073709552e+19;18446744073709551608;8;;;False;0.0;1.8446744073709552e+19;18446744073709551608;8;;;False;ControlType.CONTROLLED;0;<BV64 x0>;64;[];[('0x54444', <Bool (x0[7:0] & 7) == 0>, 'ConditionType.CMOVE'), ('0x5444c', <Bool (x0[7:0] & 7) == 0>, 'ConditionType.CMOVE')];['<BV64 x0>'];[];['<BV64 x0>'];[];[];0.0;1.8446744073709552e+19;1.8446744073709552e+19;8.0;;;False;0.0;1.8446744073709552e+19;1.8446744073709552e+19;8.0;;;False;ControlType.CONTROLLED;0;<BV64 x0>;64;[];[];[];[];[];[];[];0;0;0;;;;False;0;0;0;;;;False;ControlType.UNKNOWN;0;[('0x5444c', <Bool True>, 'Taken'), ('0x56174', <Bool True>, 'Taken')];{'regs': [], 'indirect_regs': [], 'direct_regs': [], 'mem': [], 'const_mem': []};[('0x54444', <Bool (x0[7:0] & 7) == 0>, 'ConditionType.CMOVE'), ('0x5444c', <Bool x1 >= 0x176f7>, 'ConditionType.UNKNOWN'), ('0x5444c', <Bool x1 - 0x176f7 != 0x0>, 'ConditionType.UNKNOWN'), ('0x5444c', <Bool (x0[7:0] & 7) == 0>, 'ConditionType.CMOVE')];{'regs': ['<BV64 x0>', '<BV64 x1>'], 'indirect_regs': [], 'direct_regs': ['<BV64 x0>', '<BV64 x1>'], 'mem': [], 'const_mem': []};{'regs': ['<BV64 x0>', '<BV64 x1>'], 'indirect_regs': [], 'direct_regs': ['<BV64 x0>', '<BV64 x1>'], 'mem': [], 'const_mem': []};{'regs': ['<BV64 x0>', '<BV64 x1>'], 'indirect_regs': [], 'direct_regs': ['<BV64 x0>', '<BV64 x1>'], 'mem': [], 'const_mem': []};63.0;0.0;64.0;64.0;[];;;;BaseControlType.CONSTANT_BASE;BaseControlType.CONSTANT_BASE;BaseControlType.CONSTANT_BASE;2;BranchControlType.BRANCH_INDEPENDENT_FROM_SECRET;BranchControlType.BRANCH_DEPENDS_ON_SECRET_VALUE;345228;True;False;True;False;True;False;False;True;True;False;False;False;True;False;True;False;True;False;True;False;[];['has_valid_base', 'is_cmove_independent_from_secret'];True;False;True;False;True;False;False;True;True;False;False;False;True;False;True;False;True;False;True;False;[];['has_valid_base', 'is_cmove_independent_from_secret']
94bc4195-6068-4155-ba32-5f3fb98cfa92;ZSTD_initStaticDStream;0x56160;0x54490;0x0;TransmitterType.STORE;36;0;False;['0x56160', '0x54424', '0x54450'];<BV64 0x7668 + x0>;64;[];[('0x54444', <Bool (x0[7:0] & 7) == 0>, 'ConditionType.CMOVE'), ('0x5444c', <Bool (x0[7:0] & 7) == 0>, 'ConditionType.CMOVE')];['<BV64 x0>'];[];['<BV64 x0>'];[];[];0;18446744073709551608;18446744073709551608;8;;;False;0;18446744073709551608;18446744073709551608;8;;;False;ControlType.CONTROLLED;0;<BV64 0x7668>;64;[];[];[];[];[];[];[];30312.0;30312.0;0.0;1.0;;;True;30312.0;30312.0;0.0;1.0;;;True;ControlType.NO_CONTROL;0;<BV64 0x7668>;64;[];[];[];[];[];[];[];30312;30312;0;1.0;;;True;30312.0;30312.0;0.0;1.0;;;True;ControlType.NO_CONTROL;0;<BV64 x0>;64;[];[('0x54444', <Bool (x0[7:0] & 7) == 0>, 'ConditionType.CMOVE'), ('0x5444c', <Bool (x0[7:0] & 7) == 0>, 'ConditionType.CMOVE')];['<BV64 x0>'];[];['<BV64 x0>'];[];[];0.0;1.8446744073709552e+19;18446744073709551608;8;;;False;0.0;1.8446744073709552e+19;18446744073709551608;8;;;False;ControlType.CONTROLLED;0;<BV64 x0>;64;[];[('0x54444', <Bool (x0[7:0] & 7) == 0>, 'ConditionType.CMOVE'), ('0x5444c', <Bool (x0[7:0] & 7) == 0>, 'ConditionType.CMOVE')];['<BV64 x0>'];[];['<BV64 x0>'];[];[];0.0;1.8446744073709552e+19;1.8446744073709552e+19;8.0;;;False;0.0;1.8446744073709552e+19;1.8446744073709552e+19;8.0;;;False;ControlType.CONTROLLED;0;<BV64 x0>;64;[];[];[];[];[];[];[];0;0;0;;;;False;0;0;0;;;;False;ControlType.UNKNOWN;0;[('0x5444c', <Bool True>, 'Taken'), ('0x56174', <Bool True>, 'Taken')];{'regs': [], 'indirect_regs': [], 'direct_regs': [], 'mem': [], 'const_mem': []};[('0x54444', <Bool (x0[7:0] & 7) == 0>, 'ConditionType.CMOVE'), ('0x5444c', <Bool x1 >= 0x176f7>, 'ConditionType.UNKNOWN'), ('0x5444c', <Bool x1 - 0x176f7 != 0x0>, 'ConditionType.UNKNOWN'), ('0x5444c', <Bool (x0[7:0] & 7) == 0>, 'ConditionType.CMOVE')];{'regs': ['<BV64 x0>', '<BV64 x1>'], 'indirect_regs': [], 'direct_regs': ['<BV64 x0>', '<BV64 x1>'], 'mem': [], 'const_mem': []};{'regs': ['<BV64 x0>', '<BV64 x1>'], 'indirect_regs': [], 'direct_regs': ['<BV64 x0>', '<BV64 x1>'], 'mem': [], 'const_mem': []};{'regs': ['<BV64 x0>', '<BV64 x1>'], 'indirect_regs': [], 'direct_regs': ['<BV64 x0>', '<BV64 x1>'], 'mem': [], 'const_mem': []};63.0;0.0;64.0;64.0;[];;;;BaseControlType.CONSTANT_BASE;BaseControlType.CONSTANT_BASE;BaseControlType.CONSTANT_BASE;2;BranchControlType.BRANCH_INDEPENDENT_FROM_SECRET;BranchControlType.BRANCH_DEPENDS_ON_SECRET_VALUE;345232;True;False;True;False;True;False;False;True;True;False;False;False;True;False;True;False;True;False;True;False;[];['has_valid_base', 'is_cmove_independent_from_secret'];True;False;True;False;True;False;False;True;True;False;False;False;True;False;True;False;True;False;True;False;[];['has_valid_base', 'is_cmove_independent_from_secret']
bdab4817-caa7-476d-bfaf-6f9314f40ab4;ZSTD_initStaticDStream;0x56160;0x54494;0x0;TransmitterType.STORE;37;0;False;['0x56160', '0x54424', '0x54450'];<BV64 0x7670 + x0>;64;[];[('0x54444', <Bool (x0[7:0] & 7) == 0>, 'ConditionType.CMOVE'), ('0x5444c', <Bool (x0[7:0] & 7) == 0>, 'ConditionType.CMOVE')];['<BV64 x0>'];[];['<BV64 x0>'];[];[];0;18446744073709551608;18446744073709551608;8;;;False;0;18446744073709551608;18446744073709551608;8;;;False;ControlType.CONTROLLED;0;<BV64 0x7670>;64;[];[];[];[];[];[];[];30320.0;30320.0;0.0;1.0;;;True;30320.0;30320.0;0.0;1.0;;;True;ControlType.NO_CONTROL;0;<BV64 0x7670>;64;[];[];[];[];[];[];[];30320;30320;0;1.0;;;True;30320.0;30320.0;0.0;1.0;;;True;ControlType.NO_CONTROL;0;<BV64 x0>;64;[];[('0x54444', <Bool (x0[7:0] & 7) == 0>, 'ConditionType.CMOVE'), ('0x5444c', <Bool (x0[7:0] & 7) == 0>, 'ConditionType.CMOVE')];['<BV64 x0>'];[];['<BV64 x0>'];[];[];0.0;1.8446744073709552e+19;18446744073709551608;8;;;False;0.0;1.8446744073709552e+19;18446744073709551608;8;;;False;ControlType.CONTROLLED;0;<BV64 x0>;64;[];[('0x54444', <Bool (x0[7:0] & 7) == 0>, 'ConditionType.CMOVE'), ('0x5444c', <Bool (x0[7:0] & 7) == 0>, 'ConditionType.CMOVE')];['<BV64 x0>'];[];['<BV64 x0>'];[];[];0.0;1.8446744073709552e+19;1.8446744073709552e+19;8.0;;;False;0.0;1.8446744073709552e+19;1.8446744073709552e+19;8.0;;;False;ControlType.CONTROLLED;0;<BV64 x0>;64;[];[];[];[];[];[];[];0;0;0;;;;False;0;0;0;;;;False;ControlType.UNKNOWN;0;[('0x5444c', <Bool True>, 'Taken'), ('0x56174', <Bool True>, 'Taken')];{'regs': [], 'indirect_regs': [], 'direct_regs': [], 'mem': [], 'const_mem': []};[('0x54444', <Bool (x0[7:0] & 7) == 0>, 'ConditionType.CMOVE'), ('0x5444c', <Bool x1 >= 0x176f7>, 'ConditionType.UNKNOWN'), ('0x5444c', <Bool x1 - 0x176f7 != 0x0>, 'ConditionType.UNKNOWN'), ('0x5444c', <Bool (x0[7:0] & 7) == 0>, 'ConditionType.CMOVE')];{'regs': ['<BV64 x0>', '<BV64 x1>'], 'indirect_regs': [], 'direct_regs': ['<BV64 x0>', '<BV64 x1>'], 'mem': [], 'const_mem': []};{'regs': ['<BV64 x0>', '<BV64 x1>'], 'indirect_regs': [], 'direct_regs': ['<BV64 x0>', '<BV64 x1>'], 'mem': [], 'const_mem': []};{'regs': ['<BV64 x0>', '<BV64 x1>'], 'indirect_regs': [], 'direct_regs': ['<BV64 x0>', '<BV64 x1>'], 'mem': [], 'const_mem': []};63.0;0.0;64.0;64.0;[];;;;BaseControlType.CONSTANT_BASE;BaseControlType.CONSTANT_BASE;BaseControlType.CONSTANT_BASE;2;BranchControlType.BRANCH_INDEPENDENT_FROM_SECRET;BranchControlType.BRANCH_DEPENDS_ON_SECRET_VALUE;345236;True;False;True;False;True;False;False;True;True;False;False;False;True;False;True;False;True;False;True;False;[];['has_valid_base', 'is_cmove_independent_from_secret'];True;False;True;False;True;False;False;True;True;False;False;False;True;False;True;False;True;False;True;False;[];['has_valid_base', 'is_cmove_independent_from_secret']
cfd6ffc8-2949-46ad-9625-5d91bccdac77;ZSTD_initStaticDStream;0x56160;0x54498;0x0;TransmitterType.STORE;38;0;False;['0x56160', '0x54424', '0x54450'];<BV64 0x176e8 + x0>;64;[];[('0x54444', <Bool (x0[7:0] & 7) == 0>, 'ConditionType.CMOVE'), ('0x5444c', <Bool (x0[7:0] & 7) == 0>, 'ConditionType.CMOVE')];['<BV64 x0>'];[];['<BV64 x0>'];[];[];0;18446744073709551608;18446744073709551608;8;;;False;0;18446744073709551608;18446744073709551608;8;;;False;ControlType.CONTROLLED;0;<BV64 0x176e8>;64;[];[];[];[];[];[];[];95976.0;95976.0;0.0;1.0;;;True;95976.0;95976.0;0.0;1.0;;;True;ControlType.NO_CONTROL;0;<BV64 0x176e8>;64;[];[];[];[];[];[];[];95976;95976;0;1.0;;;True;95976.0;95976.0;0.0;1.0;;;True;ControlType.NO_CONTROL;0;<BV64 x0>;64;[];[('0x54444', <Bool (x0[7:0] & 7) == 0>, 'ConditionType.CMOVE'), ('0x5444c', <Bool (x0[7:0] & 7) == 0>, 'ConditionType.CMOVE')];['<BV64 x0>'];[];['<BV64 x0>'];[];[];0.0;1.8446744073709552e+19;18446744073709551608;8;;;False;0.0;1.8446744073709552e+19;18446744073709551608;8;;;False;ControlType.CONTROLLED;0;<BV64 x0>;64;[];[('0x54444', <Bool (x0[7:0] & 7) == 0>, 'ConditionType.CMOVE'), ('0x5444c', <Bool (x0[7:0] & 7) == 0>, 'ConditionType.CMOVE')];['<BV64 x0>'];[];['<BV64 x0>'];[];[];0.0;1.8446744073709552e+19;1.8446744073709552e+19;8.0;;;False;0.0;1.8446744073709552e+19;1.8446744073709552e+19;8.0;;;False;ControlType.CONTROLLED;0;<BV64 x0>;64;[];[];[];[];[];[];[];0;0;0;;;;False;0;0;0;;;;False;ControlType.UNKNOWN;0;[('0x5444c', <Bool True>, 'Taken'), ('0x56174', <Bool True>, 'Taken')];{'regs': [], 'indirect_regs': [], 'direct_regs': [], 'mem': [], 'const_mem': []};[('0x54444', <Bool (x0[7:0] & 7) == 0>, 'ConditionType.CMOVE'), ('0x5444c', <Bool x1 >= 0x176f7>, 'ConditionType.UNKNOWN'), ('0x5444c', <Bool x1 - 0x176f7 != 0x0>, 'ConditionType.UNKNOWN'), ('0x5444c', <Bool (x0[7:0] & 7) == 0>, 'ConditionType.CMOVE')];{'regs': ['<BV64 x0>', '<BV64 x1>'], 'indirect_regs': [], 'direct_regs': ['<BV64 x0>', '<BV64 x1>'], 'mem': [], 'const_mem': []};{'regs': ['<BV64 x0>', '<BV64 x1>'], 'indirect_regs': [], 'direct_regs': ['<BV64 x0>', '<BV64 x1>'], 'mem': [], 'const_mem': []};{'regs': ['<BV64 x0>', '<BV64 x1>'], 'indirect_regs': [], 'direct_regs': ['<BV64 x0>', '<BV64 x1>'], 'mem': [], 'const_mem': []};63.0;0.0;64.0;64.0;[];;;;BaseControlType.CONSTANT_BASE;BaseControlType.CONSTANT_BASE;BaseControlType.CONSTANT_BASE;2;BranchControlType.BRANCH_INDEPENDENT_FROM_SECRET;BranchControlType.BRANCH_DEPENDS_ON_SECRET_VALUE;345240;True;False;True;False;True;False;False;True;True;False;False;False;True;False;True;False;True;False;True;False;[];['has_valid_base', 'is_cmove_independent_from_secret'];True;False;True;False;True;False;False;True;True;False;False;False;True;False;True;False;True;False;True;False;[];['has_valid_base', 'is_cmove_independent_from_secret']
123bf1cb-5d5b-46f8-947a-91a0b868ee93;ZSTD_initStaticDStream;0x56160;0x5449c;0x0;TransmitterType.STORE;39;0;False;['0x56160', '0x54424', '0x54450'];<BV64 0x75e0 + x0>;64;[];[('0x54444', <Bool (x0[7:0] & 7) == 0>, 'ConditionType.CMOVE'), ('0x5444c', <Bool (x0[7:0] & 7) == 0>, 'ConditionType.CMOVE')];['<BV64 x0>'];[];['<BV64 x0>'];[];[];0;18446744073709551608;18446744073709551608;8;;;False;0;18446744073709551608;18446744073709551608;8;;;False;ControlType.CONTROLLED;0;<BV64 0x75e0>;64;[];[];[];[];[];[];[];30176.0;30176.0;0.0;1.0;;;True;30176.0;30176.0;0.0;1.0;;;True;ControlType.NO_CONTROL;0;<BV64 0x75e0>;64;[];[];[];[];[];[];[];30176;30176;0;1.0;;;True;30176.0;30176.0;0.0;1.0;;;True;ControlType.NO_CONTROL;0;<BV64 x0>;64;[];[('0x54444', <Bool (x0[7:0] & 7) == 0>, 'ConditionType.CMOVE'), ('0x5444c', <Bool (x0[7:0] & 7) == 0>, 'ConditionType.CMOVE')];['<BV64 x0>'];[];['<BV64 x0>'];[];[];0.0;1.8446744073709552e+19;18446744073709551608;8;;;False;0.0;1.8446744073709552e+19;18446744073709551608;8;;;False;ControlType.CONTROLLED;0;<BV64 x0>;64;[];[('0x54444', <Bool (x0[7:0] & 7) == 0>, 'ConditionType.CMOVE'), ('0x5444c', <Bool (x0[7:0] & 7) == 0>, 'ConditionType.CMOVE')];['<BV64 x0>'];[];['<BV64 x0>'];[];[];0.0;1.8446744073709552e+19;1.8446744073709552e+19;8.0;;;False;0.0;1.8446744073709552e+19;1.8446744073709552e+19;8.0;;;False;ControlType.CONTROLLED;0;<BV64 x0>;64;[];[];[];[];[];[];[];0;0;0;;;;False;0;0;0;;;;False;ControlType.UNKNOWN;0;[('0x5444c', <Bool True>, 'Taken'), ('0x56174', <Bool True>, 'Taken')];{'regs': [], 'indirect_regs': [], 'direct_regs': [], 'mem': [], 'const_mem': []};[('0x54444', <Bool (x0[7:0] & 7) == 0>, 'ConditionType.CMOVE'), ('0x5444c', <Bool x1 >= 0x176f7>, 'ConditionType.UNKNOWN'), ('0x5444c', <Bool x1 - 0x176f7 != 0x0>, 'ConditionType.UNKNOWN'), ('0x5444c', <Bool (x0[7:0] & 7) == 0>, 'ConditionType.CMOVE')];{'regs': ['<BV64 x0>', '<BV64 x1>'], 'indirect_regs': [], 'direct_regs': ['<BV64 x0>', '<BV64 x1>'], 'mem': [], 'const_mem': []};{'regs': ['<BV64 x0>', '<BV64 x1>'], 'indirect_regs': [], 'direct_regs': ['<BV64 x0>', '<BV64 x1>'], 'mem': [], 'const_mem': []};{'regs': ['<BV64 x0>', '<BV64 x1>'], 'indirect_regs': [], 'direct_regs': ['<BV64 x0>', '<BV64 x1>'], 'mem': [], 'const_mem': []};63.0;0.0;64.0;64.0;[];;;;BaseControlType.CONSTANT_BASE;BaseControlType.CONSTANT_BASE;BaseControlType.CONSTANT_BASE;2;BranchControlType.BRANCH_INDEPENDENT_FROM_SECRET;BranchControlType.BRANCH_DEPENDS_ON_SECRET_VALUE;345244;True;False;True;False;True;False;False;True;True;False;False;False;True;False;True;False;True;False;True;False;[];['has_valid_base', 'is_cmove_independent_from_secret'];True;False;True;False;True;False;False;True;True;False;False;False;True;False;True;False;True;False;True;False;[];['has_valid_base', 'is_cmove_independent_from_secret']
a2a88241-7491-4bba-98e6-ade828255c8b;ZSTD_initStaticDStream;0x56160;0x544a0;0x0;TransmitterType.STORE;40;0;False;['0x56160', '0x54424', '0x54450'];<BV64 0x7638 + x0>;64;[];[('0x54444', <Bool (x0[7:0] & 7) == 0>, 'ConditionType.CMOVE'), ('0x5444c', <Bool (x0[7:0] & 7) == 0>, 'ConditionType.CMOVE')];['<BV64 x0>'];[];['<BV64 x0>'];[];[];0;18446744073709551608;18446744073709551608;8;;;False;0;18446744073709551608;18446744073709551608;8;;;False;ControlType.CONTROLLED;0;<BV64 0x7638>;64;[];[];[];[];[];[];[];30264.0;30264.0;0.0;1.0;;;True;30264.0;30264.0;0.0;1.0;;;True;ControlType.NO_CONTROL;0;<BV64 0x7638>;64;[];[];[];[];[];[];[];30264;30264;0;1.0;;;True;30264.0;30264.0;0.0;1.0;;;True;ControlType.NO_CONTROL;0;<BV64 x0>;64;[];[('0x54444', <Bool (x0[7:0] & 7) == 0>, 'ConditionType.CMOVE'), ('0x5444c', <Bool (x0[7:0] & 7) == 0>, 'ConditionType.CMOVE')];['<BV64 x0>'];[];['<BV64 x0>'];[];[];0.0;1.8446744073709552e+19;18446744073709551608;8;;;False;0.0;1.8446744073709552e+19;18446744073709551608;8;;;False;ControlType.CONTROLLED;0;<BV64 x0>;64;[];[('0x54444', <Bool (x0[7:0] & 7) == 0>, 'ConditionType.CMOVE'), ('0x5444c', <Bool (x0[7:0] & 7) == 0>, 'ConditionType.CMOVE')];['<BV64 x0>'];[];['<BV64 x0>'];[];[];0.0;1.8446744073709552e+19;1.8446744073709552e+19;8.0;;;False;0.0;1.8446744073709552e+19;1.8446744073709552e+19;8.0;;;False;ControlType.CONTROLLED;0;<BV64 x0>;64;[];[];[];[];[];[];[];0;0;0;;;;False;0;0;0;;;;False;ControlType.UNKNOWN;0;[('0x5444c', <Bool True>, 'Taken'), ('0x56174', <Bool True>, 'Taken')];{'regs': [], 'indirect_regs': [], 'direct_regs': [], 'mem': [], 'const_mem': []};[('0x54444', <Bool (x0[7:0] & 7) == 0>, 'ConditionType.CMOVE'), ('0x5444c', <Bool x1 >= 0x176f7>, 'ConditionType.UNKNOWN'), ('0x5444c', <Bool x1 - 0x176f7 != 0x0>, 'ConditionType.UNKNOWN'), ('0x5444c', <Bool (x0[7:0] & 7) == 0>, 'ConditionType.CMOVE')];{'regs': ['<BV64 x0>', '<BV64 x1>'], 'indirect_regs': [], 'direct_regs': ['<BV64 x0>', '<BV64 x1>'], 'mem': [], 'const_mem': []};{'regs': ['<BV64 x0>', '<BV64 x1>'], 'indirect_regs': [], 'direct_regs': ['<BV64 x0>', '<BV64 x1>'], 'mem': [], 'const_mem': []};{'regs': ['<BV64 x0>', '<BV64 x1>'], 'indirect_regs': [], 'direct_regs': ['<BV64 x0>', '<BV64 x1>'], 'mem': [], 'const_mem': []};63.0;0.0;64.0;64.0;[];;;;BaseControlType.CONSTANT_BASE;BaseControlType.CONSTANT_BASE;BaseControlType.CONSTANT_BASE;2;BranchControlType.BRANCH_INDEPENDENT_FROM_SECRET;BranchControlType.BRANCH_DEPENDS_ON_SECRET_VALUE;345248;True;False;True;False;True;False;False;True;True;False;False;False;True;False;True;False;True;False;True;False;[];['has_valid_base', 'is_cmove_independent_from_secret'];True;False;True;False;True;False;False;True;True;False;False;False;True;False;True;False;True;False;True;False;[];['has_valid_base', 'is_cmove_independent_from_secret']
c62aa4ff-51e2-428a-a426-d2bbec93c07d;ZSTD_initStaticDStream;0x56160;0x544a4;0x0;TransmitterType.STORE;41;0;False;['0x56160', '0x54424', '0x54450'];<BV64 0x767c + x0>;64;[];[('0x54444', <Bool (x0[7:0] & 7) == 0>, 'ConditionType.CMOVE'), ('0x5444c', <Bool (x0[7:0] & 7) == 0>, 'ConditionType.CMOVE')];['<BV64 x0>'];[];['<BV64 x0>'];[];[];4;18446744073709551612;18446744073709551608;8;;4.0;False;4;18446744073709551612;18446744073709551608;8;;4.0;False;ControlType.CONTROLLED;0;<BV64 0x767c>;64;[];[];[];[];[];[];[];30332.0;30332.0;0.0;1.0;;;True;30332.0;30332.0;0.0;1.0;;;True;ControlType.NO_CONTROL;0;<BV64 0x767c>;64;[];[];[];[];[];[];[];30332;30332;0;1.0;;;True;30332.0;30332.0;0.0;1.0;;;True;ControlType.NO_CONTROL;0;<BV64 x0>;64;[];[('0x54444', <Bool (x0[7:0] & 7) == 0>, 'ConditionType.CMOVE'), ('0x5444c', <Bool (x0[7:0] & 7) == 0>, 'ConditionType.CMOVE')];['<BV64 x0>'];[];['<BV64 x0>'];[];[];0.0;1.8446744073709552e+19;18446744073709551608;8;;;False;0.0;1.8446744073709552e+19;18446744073709551608;8;;;False;ControlType.CONTROLLED;0;<BV64 x0>;64;[];[('0x54444', <Bool (x0[7:0] & 7) == 0>, 'ConditionType.CMOVE'), ('0x5444c', <Bool (x0[7:0] & 7) == 0>, 'ConditionType.CMOVE')];['<BV64 x0>'];[];['<BV64 x0>'];[];[];0.0;1.8446744073709552e+19;1.8446744073709552e+19;8.0;;;False;0.0;1.8446744073709552e+19;1.8446744073709552e+19;8.0;;;False;ControlType.CONTROLLED;0;<BV64 x0>;64;[];[];[];[];[];[];[];0;0;0;;;;False;0;0;0;;;;False;ControlType.UNKNOWN;0;[('0x5444c', <Bool True>, 'Taken'), ('0x56174', <Bool True>, 'Taken')];{'regs': [], 'indirect_regs': [], 'direct_regs': [], 'mem': [], 'const_mem': []};[('0x54444', <Bool (x0[7:0] & 7) == 0>, 'ConditionType.CMOVE'), ('0x5444c', <Bool x1 >= 0x176f7>, 'ConditionType.UNKNOWN'), ('0x5444c', <Bool x1 - 0x176f7 != 0x0>, 'ConditionType.UNKNOWN'), ('0x5444c', <Bool (x0[7:0] & 7) == 0>, 'ConditionType.CMOVE')];{'regs': ['<BV64 x0>', '<BV64 x1>'], 'indirect_regs': [], 'direct_regs': ['<BV64 x0>', '<BV64 x1>'], 'mem': [], 'const_mem': []};{'regs': ['<BV64 x0>', '<BV64 x1>'], 'indirect_regs': [], 'direct_regs': ['<BV64 x0>', '<BV64 x1>'], 'mem': [], 'const_mem': []};{'regs': ['<BV64 x0>', '<BV64 x1>'], 'indirect_regs': [], 'direct_regs': ['<BV64 x0>', '<BV64 x1>'], 'mem': [], 'const_mem': []};63.0;0.0;64.0;64.0;[];;;;BaseControlType.CONSTANT_BASE;BaseControlType.CONSTANT_BASE;BaseControlType.CONSTANT_BASE;2;BranchControlType.BRANCH_INDEPENDENT_FROM_SECRET;BranchControlType.BRANCH_DEPENDS_ON_SECRET_VALUE;345252;True;False;True;False;True;False;False;True;True;False;False;False;True;False;True;False;True;False;True;False;[];['has_valid_base', 'is_cmove_independent_from_secret'];True;False;True;False;True;False;False;True;True;False;False;False;True;False;True;False;True;False;True;False;[];['has_valid_base', 'is_cmove_independent_from_secret']
77813c13-65af-48e5-8868-68647114319d;ZSTD_initStaticDStream;0x56160;0x544a8;0x0;TransmitterType.STORE;42;0;False;['0x56160', '0x54424', '0x54450'];<BV64 0x75d8 + x0>;64;[];[('0x54444', <Bool (x0[7:0] & 7) == 0>, 'ConditionType.CMOVE'), ('0x5444c', <Bool (x0[7:0] & 7) == 0>, 'ConditionType.CMOVE')];['<BV64 x0>'];[];['<BV64 x0>'];[];[];0;18446744073709551608;18446744073709551608;8;;;False;0;18446744073709551608;18446744073709551608;8;;;False;ControlType.CONTROLLED;0;<BV64 0x75d8>;64;[];[];[];[];[];[];[];30168.0;30168.0;0.0;1.0;;;True;30168.0;30168.0;0.0;1.0;;;True;ControlType.NO_CONTROL;0;<BV64 0x75d8>;64;[];[];[];[];[];[];[];30168;30168;0;1.0;;;True;30168.0;30168.0;0.0;1.0;;;True;ControlType.NO_CONTROL;0;<BV64 x0>;64;[];[('0x54444', <Bool (x0[7:0] & 7) == 0>, 'ConditionType.CMOVE'), ('0x5444c', <Bool (x0[7:0] & 7) == 0>, 'ConditionType.CMOVE')];['<BV64 x0>'];[];['<BV64 x0>'];[];[];0.0;1.8446744073709552e+19;18446744073709551608;8;;;False;0.0;1.8446744073709552e+19;18446744073709551608;8;;;False;ControlType.CONTROLLED;0;<BV64 x0>;64;[];[('0x54444', <Bool (x0[7:0] & 7) == 0>, 'ConditionType.CMOVE'), ('0x5444c', <Bool (x0[7:0] & 7) == 0>, 'ConditionType.CMOVE')];['<BV64 x0>'];[];['<BV64 x0>'];[];[];0.0;1.8446744073709552e+19;1.8446744073709552e+19;8.0;;;False;0.0;1.8446744073709552e+19;1.8446744073709552e+19;8.0;;;False;ControlType.CONTROLLED;0;<BV64 x0>;64;[];[];[];[];[];[];[];0;0;0;;;;False;0;0;0;;;;False;ControlType.UNKNOWN;0;[('0x5444c', <Bool True>, 'Taken'), ('0x56174', <Bool True>, 'Taken')];{'regs': [], 'indirect_regs': [], 'direct_regs': [], 'mem': [], 'const_mem': []};[('0x54444', <Bool (x0[7:0] & 7) == 0>, 'ConditionType.CMOVE'), ('0x5444c', <Bool x1 >= 0x176f7>, 'ConditionType.UNKNOWN'), ('0x5444c', <Bool x1 - 0x176f7 != 0x0>, 'ConditionType.UNKNOWN'), ('0x5444c', <Bool (x0[7:0] & 7) == 0>, 'ConditionType.CMOVE')];{'regs': ['<BV64 x0>', '<BV64 x1>'], 'indirect_regs': [], 'direct_regs': ['<BV64 x0>', '<BV64 x1>'], 'mem': [], 'const_mem': []};{'regs': ['<BV64 x0>', '<BV64 x1>'], 'indirect_regs': [], 'direct_regs': ['<BV64 x0>', '<BV64 x1>'], 'mem': [], 'const_mem': []};{'regs': ['<BV64 x0>', '<BV64 x1>'], 'indirect_regs': [], 'direct_regs': ['<BV64 x0>', '<BV64 x1>'], 'mem': [], 'const_mem': []};63.0;0.0;64.0;64.0;[];;;;BaseControlType.CONSTANT_BASE;BaseControlType.CONSTANT_BASE;BaseControlType.CONSTANT_BASE;2;BranchControlType.BRANCH_INDEPENDENT_FROM_SECRET;BranchControlType.BRANCH_DEPENDS_ON_SECRET_VALUE;345256;True;False;True;False;True;False;False;True;True;False;False;False;True;False;True;False;True;False;True;False;[];['has_valid_base', 'is_cmove_independent_from_secret'];True;False;True;False;True;False;False;True;True;False;False;False;True;False;True;False;True;False;True;False;[];['has_valid_base', 'is_cmove_independent_from_secret']
df763a29-11bc-42e4-8b3b-2484d61dcc87;ZSTD_initStaticDStream;0x56160;0x544ac;0x0;TransmitterType.STORE;43;0;False;['0x56160', '0x54424', '0x54450'];<BV64 0x7608 + x0>;64;[];[('0x54444', <Bool (x0[7:0] & 7) == 0>, 'ConditionType.CMOVE'), ('0x5444c', <Bool (x0[7:0] & 7) == 0>, 'ConditionType.CMOVE')];['<BV64 x0>'];[];['<BV64 x0>'];[];[];0;18446744073709551608;18446744073709551608;8;;;False;0;18446744073709551608;18446744073709551608;8;;;False;ControlType.CONTROLLED;0;<BV64 0x7608>;64;[];[];[];[];[];[];[];30216.0;30216.0;0.0;1.0;;;True;30216.0;30216.0;0.0;1.0;;;True;ControlType.NO_CONTROL;0;<BV64 0x7608>;64;[];[];[];[];[];[];[];30216;30216;0;1.0;;;True;30216.0;30216.0;0.0;1.0;;;True;ControlType.NO_CONTROL;0;<BV64 x0>;64;[];[('0x54444', <Bool (x0[7:0] & 7) == 0>, 'ConditionType.CMOVE'), ('0x5444c', <Bool (x0[7:0] & 7) == 0>, 'ConditionType.CMOVE')];['<BV64 x0>'];[];['<BV64 x0>'];[];[];0.0;1.8446744073709552e+19;18446744073709551608;8;;;False;0.0;1.8446744073709552e+19;18446744073709551608;8;;;False;ControlType.CONTROLLED;0;<BV64 x0>;64;[];[('0x54444', <Bool (x0[7:0] & 7) == 0>, 'ConditionType.CMOVE'), ('0x5444c', <Bool (x0[7:0] & 7) == 0>, 'ConditionType.CMOVE')];['<BV64 x0>'];[];['<BV64 x0>'];[];[];0.0;1.8446744073709552e+19;1.8446744073709552e+19;8.0;;;False;0.0;1.8446744073709552e+19;1.8446744073709552e+19;8.0;;;False;ControlType.CONTROLLED;0;<BV64 x0>;64;[];[];[];[];[];[];[];0;0;0;;;;False;0;0;0;;;;False;ControlType.UNKNOWN;0;[('0x5444c', <Bool True>, 'Taken'), ('0x56174', <Bool True>, 'Taken')];{'regs': [], 'indirect_regs': [], 'direct_regs': [], 'mem': [], 'const_mem': []};[('0x54444', <Bool (x0[7:0] & 7) == 0>, 'ConditionType.CMOVE'), ('0x5444c', <Bool x1 >= 0x176f7>, 'ConditionType.UNKNOWN'), ('0x5444c', <Bool x1 - 0x176f7 != 0x0>, 'ConditionType.UNKNOWN'), ('0x5444c', <Bool (x0[7:0] & 7) == 0>, 'ConditionType.CMOVE')];{'regs': ['<BV64 x0>', '<BV64 x1>'], 'indirect_regs': [], 'direct_regs': ['<BV64 x0>', '<BV64 x1>'], 'mem': [], 'const_mem': []};{'regs': ['<BV64 x0>', '<BV64 x1>'], 'indirect_regs': [], 'direct_regs': ['<BV64 x0>', '<BV64 x1>'], 'mem': [], 'const_mem': []};{'regs': ['<BV64 x0>', '<BV64 x1>'], 'indirect_regs': [], 'direct_regs': ['<BV64 x0>', '<BV64 x1>'], 'mem': [], 'const_mem': []};63.0;0.0;64.0;64.0;[];;;;BaseControlType.CONSTANT_BASE;BaseControlType.CONSTANT_BASE;BaseControlType.CONSTANT_BASE;2;BranchControlType.BRANCH_INDEPENDENT_FROM_SECRET;BranchControlType.BRANCH_DEPENDS_ON_SECRET_VALUE;345260;True;False;True;False;True;False;False;True;True;False;False;False;True;False;True;False;True;False;True;False;[];['has_valid_base', 'is_cmove_independent_from_secret'];True;False;True;False;True;False;False;True;True;False;False;False;True;False;True;False;True;False;True;False;[];['has_valid_base', 'is_cmove_independent_from_secret']
37fb473f-0010-4c9d-a342-d2b2b7e44f49;ZSTD_initStaticDStream;0x56160;0x544b0;0x0;TransmitterType.STORE;44;0;False;['0x56160', '0x54424', '0x54450'];<BV64 0x7610 + x0>;64;[];[('0x54444', <Bool (x0[7:0] & 7) == 0>, 'ConditionType.CMOVE'), ('0x5444c', <Bool (x0[7:0] & 7) == 0>, 'ConditionType.CMOVE')];['<BV64 x0>'];[];['<BV64 x0>'];[];[];0;18446744073709551608;18446744073709551608;8;;;False;0;18446744073709551608;18446744073709551608;8;;;False;ControlType.CONTROLLED;0;<BV64 0x7610>;64;[];[];[];[];[];[];[];30224.0;30224.0;0.0;1.0;;;True;30224.0;30224.0;0.0;1.0;;;True;ControlType.NO_CONTROL;0;<BV64 0x7610>;64;[];[];[];[];[];[];[];30224;30224;0;1.0;;;True;30224.0;30224.0;0.0;1.0;;;True;ControlType.NO_CONTROL;0;<BV64 x0>;64;[];[('0x54444', <Bool (x0[7:0] & 7) == 0>, 'ConditionType.CMOVE'), ('0x5444c', <Bool (x0[7:0] & 7) == 0>, 'ConditionType.CMOVE')];['<BV64 x0>'];[];['<BV64 x0>'];[];[];0.0;1.8446744073709552e+19;18446744073709551608;8;;;False;0.0;1.8446744073709552e+19;18446744073709551608;8;;;False;ControlType.CONTROLLED;0;<BV64 x0>;64;[];[('0x54444', <Bool (x0[7:0] & 7) == 0>, 'ConditionType.CMOVE'), ('0x5444c', <Bool (x0[7:0] & 7) == 0>, 'ConditionType.CMOVE')];['<BV64 x0>'];[];['<BV64 x0>'];[];[];0.0;1.8446744073709552e+19;1.8446744073709552e+19;8.0;;;False;0.0;1.8446744073709552e+19;1.8446744073709552e+19;8.0;;;False;ControlType.CONTROLLED;0;<BV64 x0>;64;[];[];[];[];[];[];[];0;0;0;;;;False;0;0;0;;;;False;ControlType.UNKNOWN;0;[('0x5444c', <Bool True>, 'Taken'), ('0x56174', <Bool True>, 'Taken')];{'regs': [], 'indirect_regs': [], 'direct_regs': [], 'mem': [], 'const_mem': []};[('0x54444', <Bool (x0[7:0] & 7) == 0>, 'ConditionType.CMOVE'), ('0x5444c', <Bool x1 >= 0x176f7>, 'ConditionType.UNKNOWN'), ('0x5444c', <Bool x1 - 0x176f7 != 0x0>, 'ConditionType.UNKNOWN'), ('0x5444c', <Bool (x0[7:0] & 7) == 0>, 'ConditionType.CMOVE')];{'regs': ['<BV64 x0>', '<BV64 x1>'], 'indirect_regs': [], 'direct_regs': ['<BV64 x0>', '<BV64 x1>'], 'mem': [], 'const_mem': []};{'regs': ['<BV64 x0>', '<BV64 x1>'], 'indirect_regs': [], 'direct_regs': ['<BV64 x0>', '<BV64 x1>'], 'mem': [], 'const_mem': []};{'regs': ['<BV64 x0>', '<BV64 x1>'], 'indirect_regs': [], 'direct_regs': ['<BV64 x0>', '<BV64 x1>'], 'mem': [], 'const_mem': []};63.0;0.0;64.0;64.0;[];;;;BaseControlType.CONSTANT_BASE;BaseControlType.CONSTANT_BASE;BaseControlType.CONSTANT_BASE;2;BranchControlType.BRANCH_INDEPENDENT_FROM_SECRET;BranchControlType.BRANCH_DEPENDS_ON_SECRET_VALUE;345264;True;False;True;False;True;False;False;True;True;False;False;False;True;False;True;False;True;False;True;False;[];['has_valid_base', 'is_cmove_independent_from_secret'];True;False;True;False;True;False;False;True;True;False;False;False;True;False;True;False;True;False;True;False;[];['has_valid_base', 'is_cmove_independent_from_secret']
4e84c76f-ce8a-44fa-9070-5f75c0bef475;ZSTD_initStaticDStream;0x56160;0x544b4;0x0;TransmitterType.STORE;45;0;False;['0x56160', '0x54424', '0x54450'];<BV64 0x7618 + x0>;64;[];[];['<BV64 x0>'];[];['<BV64 x0>'];[];[];0;18446744073709551608;18446744073709551608;1;;;True;0;18446744073709551608;18446744073709551608;1;;;True;ControlType.CONTROLLED;0;<BV64 0x7618>;64;[];[];[];[];[];[];[];30232.0;30232.0;0.0;1.0;;;True;30232.0;30232.0;0.0;1.0;;;True;ControlType.NO_CONTROL;0;<BV64 0x7618>;64;[];[];[];[];[];[];[];30232;30232;0;1.0;;;True;30232.0;30232.0;0.0;1.0;;;True;ControlType.NO_CONTROL;0;<BV64 x0>;64;[];[];['<BV64 x0>'];[];['<BV64 x0>'];[];[];0.0;1.8446744073709552e+19;18446744073709551608;1;;;True;0.0;1.8446744073709552e+19;18446744073709551608;1;;;True;ControlType.CONTROLLED;0;<BV64 x0>;64;[];[];['<BV64 x0>'];[];['<BV64 x0>'];[];[];0.0;1.8446744073709552e+19;1.8446744073709552e+19;1.0;;;True;0.0;1.8446744073709552e+19;1.8446744073709552e+19;1.0;;;True;ControlType.CONTROLLED;0;<BV64 x0>;64;[];[];[];[];[];[];[];0;0;0;;;;False;0;0;0;;;;False;ControlType.UNKNOWN;0;[('0x5444c', <Bool True>, 'Taken'), ('0x56174', <Bool True>, 'Taken')];{'regs': [], 'indirect_regs': [], 'direct_regs': [], 'mem': [], 'const_mem': []};[('0x54444', <Bool (x0[7:0] & 7) == 0>, 'ConditionType.CMOVE'), ('0x5444c', <Bool x1 >= 0x176f7>, 'ConditionType.UNKNOWN'), ('0x5444c', <Bool x1 - 0x176f7 != 0x0>, 'ConditionType.UNKNOWN'), ('0x5444c', <Bool (x0[7:0] & 7) == 0>, 'ConditionType.CMOVE')];{'regs': ['<BV64 x0>', '<BV64 x1>'], 'indirect_regs': [], 'direct_regs': ['<BV64 x0>', '<BV64 x1>'], 'mem': [], 'const_mem': []};{'regs': ['<BV64 x0>', '<BV64 x0>', '<BV64 x1>'], 'indirect_regs': [], 'direct_regs': ['<BV64 x0>', '<BV64 x0>', '<BV64 x1>'], 'mem': [], 'const_mem': []};{'regs': ['<BV64 x0>', '<BV64 x0>', '<BV64 x1>'], 'indirect_regs': [], 'direct_regs': ['<BV64 x0>', '<BV64 x0>', '<BV64 x1>'], 'mem': [], 'const_mem': []};63.0;0.0;64.0;64.0;[];;;;BaseControlType.CONSTANT_BASE;BaseControlType.CONSTANT_BASE;BaseControlType.CONSTANT_BASE;2;BranchControlType.BRANCH_INDEPENDENT_FROM_SECRET;BranchControlType.BRANCH_INDEPENDENT_FROM_SECRET;345268;True;False;True;True;True;False;False;True;True;False;False;False;True;False;True;False;True;False;True;False;[];['has_valid_base'];True;False;True;True;True;False;False;True;True;False;False;False;True;False;True;False;True;False;True;False;[];['has_valid_base']
624acdb6-5ab9-4d30-8cd7-ad037d9df986;ZSTD_initStaticDStream;0x56160;0x544b8;0x0;TransmitterType.STORE;46;0;False;['0x56160', '0x54424', '0x54450'];<BV64 0x7620 + x0>;64;[];[('0x54444', <Bool (x0[7:0] & 7) == 0>, 'ConditionType.CMOVE'), ('0x5444c', <Bool (x0[7:0] & 7) == 0>, 'ConditionType.CMOVE')];['<BV64 x0>'];[];['<BV64 x0>'];[];[];0;18446744073709551608;18446744073709551608;8;;;False;0;18446744073709551608;18446744073709551608;8;;;False;ControlType.CONTROLLED;0;<BV64 0x7620>;64;[];[];[];[];[];[];[];30240.0;30240.0;0.0;1.0;;;True;30240.0;30240.0;0.0;1.0;;;True;ControlType.NO_CONTROL;0;<BV64 0x7620>;64;[];[];[];[];[];[];[];30240;30240;0;1.0;;;True;30240.0;30240.0;0.0;1.0;;;True;ControlType.NO_CONTROL;0;<BV64 x0>;64;[];[('0x54444', <Bool (x0[7:0] & 7) == 0>, 'ConditionType.CMOVE'), ('0x5444c', <Bool (x0[7:0] & 7) == 0>, 'ConditionType.CMOVE')];['<BV64 x0>'];[];['<BV64 x0>'];[];[];0.0;1.8446744073709552e+19;18446744073709551608;8;;;False;0.0;1.8446744073709552e+19;18446744073709551608;8;;;False;ControlType.CONTROLLED;0;<BV64 x0>;64;[];[('0x54444', <Bool (x0[7:0] & 7) == 0>, 'ConditionType.CMOVE'), ('0x5444c', <Bool (x0[7:0] & 7) == 0>, 'ConditionType.CMOVE')];['<BV64 x0>'];[];['<BV64 x0>'];[];[];0.0;1.8446744073709552e+19;1.8446744073709552e+19;8.0;;;False;0.0;1.8446744073709552e+19;1.8446744073709552e+19;8.0;;;False;ControlType.CONTROLLED;0;<BV64 x0>;64;[];[];[];[];[];[];[];0;0;0;;;;False;0;0;0;;;;False;ControlType.UNKNOWN;0;[('0x5444c', <Bool True>, 'Taken'), ('0x56174', <Bool True>, 'Taken')];{'regs': [], 'indirect_regs': [], 'direct_regs': [], 'mem': [], 'const_mem': []};[('0x54444', <Bool (x0[7:0] & 7) == 0>, 'ConditionType.CMOVE'), ('0x5444c', <Bool x1 >= 0x176f7>, 'ConditionType.UNKNOWN'), ('0x5444c', <Bool x1 - 0x176f7 != 0x0>, 'ConditionType.UNKNOWN'), ('0x5444c', <Bool (x0[7:0] & 7) == 0>, 'ConditionType.CMOVE')];{'regs': ['<BV64 x0>', '<BV64 x1>'], 'indirect_regs': [], 'direct_regs': ['<BV64 x0>', '<BV64 x1>'], 'mem': [], 'const_mem': []};{'regs': ['<BV64 x0>', '<BV64 x1>'], 'indirect_regs': [], 'direct_regs': ['<BV64 x0>', '<BV64 x1>'], 'mem': [], 'const_mem': []};{'regs': ['<BV64 x0>', '<BV64 x1>'], 'indirect_regs': [], 'direct_regs': ['<BV64 x0>', '<BV64 x1>'], 'mem': [], 'const_mem': []};63.0;0.0;64.0;64.0;[];;;;BaseControlType.CONSTANT_BASE;BaseControlType.CONSTANT_BASE;BaseControlType.CONSTANT_BASE;2;BranchControlType.BRANCH_INDEPENDENT_FROM_SECRET;BranchControlType.BRANCH_DEPENDS_ON_SECRET_VALUE;345272;True;False;True;False;True;False;False;True;True;False;False;False;True;False;True;False;True;False;True;False;[];['has_valid_base', 'is_cmove_independent_from_secret'];True;False;True;False;True;False;False;True;True;False;False;False;True;False;True;False;True;False;True;False;[];['has_valid_base', 'is_cmove_independent_from_secret']
a0cb00c0-4927-4473-91ac-f2220ff20bb3;ZSTD_initStaticDStream;0x56160;0x544bc;0x0;TransmitterType.STORE;47;0;False;['0x56160', '0x54424', '0x54450'];<BV64 0x7598 + x0>;64;[];[];['<BV64 x0>'];[];['<BV64 x0>'];[];[];0;18446744073709551608;18446744073709551608;1;;;True;0;18446744073709551608;18446744073709551608;1;;;True;ControlType.CONTROLLED;0;<BV64 0x7598>;64;[];[];[];[];[];[];[];30104.0;30104.0;0.0;1.0;;;True;30104.0;30104.0;0.0;1.0;;;True;ControlType.NO_CONTROL;0;<BV64 0x7598>;64;[];[];[];[];[];[];[];30104;30104;0;1.0;;;True;30104.0;30104.0;0.0;1.0;;;True;ControlType.NO_CONTROL;0;<BV64 x0>;64;[];[];['<BV64 x0>'];[];['<BV64 x0>'];[];[];0.0;1.8446744073709552e+19;18446744073709551608;1;;;True;0.0;1.8446744073709552e+19;18446744073709551608;1;;;True;ControlType.CONTROLLED;0;<BV64 x0>;64;[];[];['<BV64 x0>'];[];['<BV64 x0>'];[];[];0.0;1.8446744073709552e+19;1.8446744073709552e+19;1.0;;;True;0.0;1.8446744073709552e+19;1.8446744073709552e+19;1.0;;;True;ControlType.CONTROLLED;0;<BV64 x0>;64;[];[];[];[];[];[];[];0;0;0;;;;False;0;0;0;;;;False;ControlType.UNKNOWN;0;[('0x5444c', <Bool True>, 'Taken'), ('0x56174', <Bool True>, 'Taken')];{'regs': [], 'indirect_regs': [], 'direct_regs': [], 'mem': [], 'const_mem': []};[('0x54444', <Bool (x0[7:0] & 7) == 0>, 'ConditionType.CMOVE'), ('0x5444c', <Bool x1 >= 0x176f7>, 'ConditionType.UNKNOWN'), ('0x5444c', <Bool x1 - 0x176f7 != 0x0>, 'ConditionType.UNKNOWN'), ('0x5444c', <Bool (x0[7:0] & 7) == 0>, 'ConditionType.CMOVE')];{'regs': ['<BV64 x0>', '<BV64 x1>'], 'indirect_regs': [], 'direct_regs': ['<BV64 x0>', '<BV64 x1>'], 'mem': [], 'const_mem': []};{'regs': ['<BV64 x0>', '<BV64 x0>', '<BV64 x1>'], 'indirect_regs': [], 'direct_regs': ['<BV64 x0>', '<BV64 x0>', '<BV64 x1>'], 'mem': [], 'const_mem': []};{'regs': ['<BV64 x0>', '<BV64 x0>', '<BV64 x1>'], 'indirect_regs': [], 'direct_regs': ['<BV64 x0>', '<BV64 x0>', '<BV64 x1>'], 'mem': [], 'const_mem': []};63.0;0.0;64.0;64.0;[];;;;BaseControlType.CONSTANT_BASE;BaseControlType.CONSTANT_BASE;BaseControlType.CONSTANT_BASE;2;BranchControlType.BRANCH_INDEPENDENT_FROM_SECRET;BranchControlType.BRANCH_INDEPENDENT_FROM_SECRET;345276;True;False;True;True;True;False;False;True;True;False;False;False;True;False;True;False;True;False;True;False;[];['has_valid_base'];True;False;True;True;True;False;False;True;True;False;False;False;True;False;True;False;True;False;True;False;[];['has_valid_base']
cf7e2d68-d19b-45b8-8273-97622a7541e7;ZSTD_CCtx_loadDictionary_advanced;0x198a0;0x198b4;0x0;TransmitterType.LOAD;6;0;False;['0x198a0'];<BV64 0xe18 + x0>;64;[];[];['<BV64 x0>'];[];['<BV64 x0>'];[];[];0;18446744073709551615;18446744073709551615;1;;;True;0;18446744073709551615;18446744073709551615;1;;;True;ControlType.CONTROLLED;0;<BV64 0xe18>;64;[];[];[];[];[];[];[];3608.0;3608.0;0.0;1.0;;;True;3608.0;3608.0;0.0;1.0;;;True;ControlType.NO_CONTROL;0;<BV64 0xe18>;64;[];[];[];[];[];[];[];3608;3608;0;1.0;;;True;3608.0;3608.0;0.0;1.0;;;True;ControlType.NO_CONTROL;0;<BV64 x0>;64;[];[];['<BV64 x0>'];[];['<BV64 x0>'];[];[];0.0;1.8446744073709552e+19;18446744073709551615;1;;;True;0.0;1.8446744073709552e+19;18446744073709551615;1;;;True;ControlType.CONTROLLED;0;<BV64 x0>;64;[];[];['<BV64 x0>'];[];['<BV64 x0>'];[];[];0.0;1.8446744073709552e+19;1.8446744073709552e+19;1.0;;;True;0.0;1.8446744073709552e+19;1.8446744073709552e+19;1.0;;;True;ControlType.CONTROLLED;0;<BV64 x0>;64;[];[];[];[];[];[];[];0;0;0;;;;False;0;0;0;;;;False;ControlType.UNKNOWN;0;[];{'regs': [], 'indirect_regs': [], 'direct_regs': [], 'mem': [], 'const_mem': []};[];{'regs': [], 'indirect_regs': [], 'direct_regs': [], 'mem': [], 'const_mem': []};{'regs': ['<BV64 x0>'], 'indirect_regs': [], 'direct_regs': ['<BV64 x0>'], 'mem': [], 'const_mem': []};{'regs': ['<BV64 x0>'], 'indirect_regs': [], 'direct_regs': ['<BV64 x0>'], 'mem': [], 'const_mem': []};63.0;0.0;64.0;64.0;[];;;;BaseControlType.CONSTANT_BASE;BaseControlType.CONSTANT_BASE;BaseControlType.CONSTANT_BASE;0;BranchControlType.BRANCH_INDEPENDENT_FROM_SECRET;BranchControlType.BRANCH_INDEPENDENT_FROM_SECRET;104628;True;False;True;True;True;False;False;True;True;False;False;False;True;False;True;False;True;False;True;False;[];['has_valid_base'];True;False;True;True;True;False;False;True;True;False;False;False;True;False;True;False;True;False;True;False;[];['has_valid_base']
aaed65fa-8232-47bd-97f0-e8b308cc8758;ZSTD_CCtx_loadDictionary_advanced;0x198a0;0x19720;0x0;TransmitterType.LOAD;18;0;False;['0x198a0', '0x198bc', '0x19714'];<BV64 0xe48 + x0>;64;[];[];['<BV64 x0>'];[];['<BV64 x0>'];[];[];0;18446744073709551615;18446744073709551615;1;;;True;0;18446744073709551615;18446744073709551615;1;;;True;ControlType.CONTROLLED;0;<BV64 0xe48>;64;[];[];[];[];[];[];[];3656.0;3656.0;0.0;1.0;;;True;3656.0;3656.0;0.0;1.0;;;True;ControlType.NO_CONTROL;0;<BV64 0xe48>;64;[];[];[];[];[];[];[];3656;3656;0;1.0;;;True;3656.0;3656.0;0.0;1.0;;;True;ControlType.NO_CONTROL;0;<BV64 x0>;64;[];[];['<BV64 x0>'];[];['<BV64 x0>'];[];[];0.0;1.8446744073709552e+19;18446744073709551615;1;;;True;0.0;1.8446744073709552e+19;18446744073709551615;1;;;True;ControlType.CONTROLLED;0;<BV64 x0>;64;[];[];['<BV64 x0>'];[];['<BV64 x0>'];[];[];0.0;1.8446744073709552e+19;1.8446744073709552e+19;1.0;;;True;0.0;1.8446744073709552e+19;1.8446744073709552e+19;1.0;;;True;ControlType.CONTROLLED;0;<BV64 x0>;64;[];[];[];[];[];[];[];0;0;0;;;;False;0;0;0;;;;False;ControlType.UNKNOWN;0;[('0x198b8', <Bool LOAD_32[<BV64 x0 + 0xe18>]_24 == 0x0>, 'Taken'), ('0x198d4', <Bool True>, 'Taken')];"{'regs': ['<BV64 x0>'], 'indirect_regs': [""<BV64 x0>: ['0xe18']""], 'direct_regs': [], 'mem': ['<BV64 x0 + 0xe18>'], 'const_mem': []}";[];{'regs': [], 'indirect_regs': [], 'direct_regs': [], 'mem': [], 'const_mem': []};{'regs': ['<BV64 x0>'], 'indirect_regs': [], 'direct_regs': ['<BV64 x0>'], 'mem': [], 'const_mem': []};"{'regs': ['<BV64 x0>', '<BV64 x0>'], 'indirect_regs': [""<BV64 x0>: ['0xe18']""], 'direct_regs': ['<BV64 x0>'], 'mem': ['<BV64 x0 + 0xe18>'], 'const_mem': []}";63.0;0.0;64.0;64.0;[];;;;BaseControlType.CONSTANT_BASE;BaseControlType.CONSTANT_BASE;BaseControlType.CONSTANT_BASE;2;BranchControlType.BRANCH_INDEPENDENT_FROM_SECRET;BranchControlType.BRANCH_INDEPENDENT_FROM_SECRET;104224;True;False;True;True;True;False;False;True;True;False;False;False;True;False;True;False;True;False;True;False;[];['has_valid_base'];True;False;True;True;True;False;False;True;True;False;False;False;True;False;True;False;True;False;True;False;[];['has_valid_base']
a71bf1ac-9d24-42d7-a71f-0ce3a2dc2cd2;ZSTD_CCtx_loadDictionary_advanced;0x198a0;0x19730;0x0;TransmitterType.LOAD;22;0;False;['0x198a0', '0x198bc', '0x19714', '0x19730'];<BV64 0x370 + x0>;64;[];[];['<BV64 x0>'];[];['<BV64 x0>'];[];[];0;18446744073709551615;18446744073709551615;1;;;True;0;18446744073709551615;18446744073709551615;1;;;True;ControlType.CONTROLLED;0;<BV64 0x370>;64;[];[];[];[];[];[];[];880.0;880.0;0.0;1.0;;;True;880.0;880.0;0.0;1.0;;;True;ControlType.NO_CONTROL;0;<BV64 0x370>;64;[];[];[];[];[];[];[];880;880;0;1.0;;;True;880.0;880.0;0.0;1.0;;;True;ControlType.NO_CONTROL;0;<BV64 x0>;64;[];[];['<BV64 x0>'];[];['<BV64 x0>'];[];[];0.0;1.8446744073709552e+19;18446744073709551615;1;;;True;0.0;1.8446744073709552e+19;18446744073709551615;1;;;True;ControlType.CONTROLLED;0;<BV64 x0>;64;[];[];['<BV64 x0>'];[];['<BV64 x0>'];[];[];0.0;1.8446744073709552e+19;1.8446744073709552e+19;1.0;;;True;0.0;1.8446744073709552e+19;1.8446744073709552e+19;1.0;;;True;ControlType.CONTROLLED;0;<BV64 x0>;64;[];[];[];[];[];[];[];0;0;0;;;;False;0;0;0;;;;False;ControlType.UNKNOWN;0;[('0x1972c', <Bool LOAD_64[<BV64 x0 + 0xe48>]_30 != 0x0>, 'Taken'), ('0x198b8', <Bool LOAD_32[<BV64 x0 + 0xe18>]_24 == 0x0>, 'Taken'), ('0x198d4', <Bool True>, 'Taken')];"{'regs': ['<BV64 x0>'], 'indirect_regs': [""<BV64 x0>: ['0xe18', '0xe48']""], 'direct_regs': [], 'mem': ['<BV64 x0 + 0xe18>', '<BV64 x0 + 0xe48>'], 'const_mem': []}";[];{'regs': [], 'indirect_regs': [], 'direct_regs': [], 'mem': [], 'const_mem': []};{'regs': ['<BV64 x0>'], 'indirect_regs': [], 'direct_regs': ['<BV64 x0>'], 'mem': [], 'const_mem': []};"{'regs': ['<BV64 x0>', '<BV64 x0>'], 'indirect_regs': [""<BV64 x0>: ['0xe18', '0xe48']""], 'direct_regs': ['<BV64 x0>'], 'mem': ['<BV64 x0 + 0xe18>', '<BV64 x0 + 0xe48>'], 'const_mem': []}";63.0;0.0;64.0;64.0;[];;;;BaseControlType.CONSTANT_BASE;BaseControlType.CONSTANT_BASE;BaseControlType.CONSTANT_BASE;3;BranchControlType.BRANCH_INDEPENDENT_FROM_SECRET;BranchControlType.BRANCH_INDEPENDENT_FROM_SECRET;104240;True;False;True;True;True;False;False;True;True;False;False;False;True;False;True;False;True;False;True;False;[];['has_valid_base'];True;False;True;True;True;False;False;True;True;False;False;False;True;False;True;False;True;False;True;False;[];['has_valid_base']
91896050-eff2-4012-a439-630cb7136bce;ZSTD_CCtx_loadDictionary_advanced;0x198a0;0x19734;0x0;TransmitterType.LOAD;23;0;False;['0x198a0', '0x198bc', '0x19714', '0x19730'];<BV64 0x378 + x0>;64;[];[];['<BV64 x0>'];[];['<BV64 x0>'];[];[];0;18446744073709551615;18446744073709551615;1;;;True;0;18446744073709551615;18446744073709551615;1;;;True;ControlType.CONTROLLED;0;<BV64 0x378>;64;[];[];[];[];[];[];[];888.0;888.0;0.0;1.0;;;True;888.0;888.0;0.0;1.0;;;True;ControlType.NO_CONTROL;0;<BV64 0x378>;64;[];[];[];[];[];[];[];888;888;0;1.0;;;True;888.0;888.0;0.0;1.0;;;True;ControlType.NO_CONTROL;0;<BV64 x0>;64;[];[];['<BV64 x0>'];[];['<BV64 x0>'];[];[];0.0;1.8446744073709552e+19;18446744073709551615;1;;;True;0.0;1.8446744073709552e+19;18446744073709551615;1;;;True;ControlType.CONTROLLED;0;<BV64 x0>;64;[];[];['<BV64 x0>'];[];['<BV64 x0>'];[];[];0.0;1.8446744073709552e+19;1.8446744073709552e+19;1.0;;;True;0.0;1.8446744073709552e+19;1.8446744073709552e+19;1.0;;;True;ControlType.CONTROLLED;0;<BV64 x0>;64;[];[];[];[];[];[];[];0;0;0;;;;False;0;0;0;;;;False;ControlType.UNKNOWN;0;[('0x1972c', <Bool LOAD_64[<BV64 x0 + 0xe48>]_30 != 0x0>, 'Taken'), ('0x198b8', <Bool LOAD_32[<BV64 x0 + 0xe18>]_24 == 0x0>, 'Taken'), ('0x198d4', <Bool True>, 'Taken')];"{'regs': ['<BV64 x0>'], 'indirect_regs': [""<BV64 x0>: ['0xe18', '0xe48']""], 'direct_regs': [], 'mem': ['<BV64 x0 + 0xe18>', '<BV64 x0 + 0xe48>'], 'const_mem': []}";[];{'regs': [], 'indirect_regs': [], 'direct_regs': [], 'mem': [], 'const_mem': []};{'regs': ['<BV64 x0>'], 'indirect_regs': [], 'direct_regs': ['<BV64 x0>'], 'mem': [], 'const_mem': []};"{'regs': ['<BV64 x0>', '<BV64 x0>'], 'indirect_regs': [""<BV64 x0>: ['0xe18', '0xe48']""], 'direct_regs': ['<BV64 x0>'], 'mem': ['<BV64 x0 + 0xe18>', '<BV64 x0 + 0xe48>'], 'const_mem': []}";63.0;0.0;64.0;64.0;[];;;;BaseControlType.CONSTANT_BASE;BaseControlType.CONSTANT_BASE;BaseControlType.CONSTANT_BASE;3;BranchControlType.BRANCH_INDEPENDENT_FROM_SECRET;BranchControlType.BRANCH_INDEPENDENT_FROM_SECRET;104244;True;False;True;True;True;False;False;True;True;False;False;False;True;False;True;False;True;False;True;False;[];['has_valid_base'];True;False;True;True;True;False;False;True;True;False;False;False;True;False;True;False;True;False;True;False;[];['has_valid_base']
fbd29a1c-be19-4417-b257-6968818b9f77;ZSTD_CCtx_loadDictionary_advanced;0x198a0;0x1973c;0x19730;TransmitterType.CODE_LOAD;25;1;False;['0x198a0', '0x198bc', '0x19714', '0x19730', '0x1973c'];<BV64 LOAD_64[<BV64 x0 + 0x370>]_32>;64;[('0x19738', <Bool LOAD_64[<BV64 x0 + 0x370>]_32 != 0x0>, 'Taken')];[];['<BV64 x0>'];"[""<BV64 x0>: ['0x370']""]";[];['<BV64 x0 + 0x370>'];[];0;18446744073709551615;18446744073709551615;1;;;True;1;18446744073709551615;18446744073709551614;1;;;True;ControlType.CONTROLLED;1;;0;[];[];[];[];[];[];[];0.0;0.0;0.0;0.0;;;False;0.0;0.0;0.0;0.0;;;False;ControlType.UNKNOWN;0;;0;[];[];[];[];[];[];[];0;0;0;;;;False;0.0;0.0;0.0;0.0;;;False;ControlType.UNKNOWN;0;<BV64 LOAD_64[<BV64 x0 + 0x370>]_32>;64;[('0x19738', <Bool LOAD_64[<BV64 x0 + 0x370>]_32 != 0x0>, 'Taken')];[];['<BV64 x0>'];"[""<BV64 x0>: ['0x370']""]";[];['<BV64 x0 + 0x370>'];[];0.0;1.8446744073709552e+19;18446744073709551615;1;;;True;1.0;1.8446744073709552e+19;18446744073709551614;1;;;True;ControlType.CONTROLLED;1;<BV64 x0 + 0x370>;64;[];[];['<BV64 x0>'];[];['<BV64 x0>'];[];[];0.0;1.8446744073709552e+19;1.8446744073709552e+19;1.0;;;True;0.0;1.8446744073709552e+19;1.8446744073709552e+19;1.0;;;True;ControlType.CONTROLLED;0;<BV64 LOAD_64[<BV64 x0 + 0x370>]_32>;64;[];[];[];[];[];[];[];0;0;0;;;;False;0;0;0;;;;False;ControlType.UNKNOWN;1;[('0x1972c', <Bool LOAD_64[<BV64 x0 + 0xe48>]_30 != 0x0>, 'Taken'), ('0x19738', <Bool LOAD_64[<BV64 x0 + 0x370>]_32 != 0x0>, 'Taken'), ('0x198b8', <Bool LOAD_32[<BV64 x0 + 0xe18>]_24 == 0x0>, 'Taken'), ('0x198d4', <Bool True>, 'Taken')];"{'regs': ['<BV64 x0>'], 'indirect_regs': [""<BV64 x0>: ['0x370', '0xe18', '0xe48']""], 'direct_regs': [], 'mem': ['<BV64 x0 + 0x370>', '<BV64 x0 + 0xe18>', '<BV64 x0 + 0xe48>'], 'const_mem': []}";[];{'regs': [], 'indirect_regs': [], 'direct_regs': [], 'mem': [], 'const_mem': []};{'regs': ['<BV64 x0>'], 'indirect_regs': [], 'direct_regs': ['<BV64 x0>'], 'mem': ['<BV64 x0 + 0x370>'], 'const_mem': []};{'regs': ['<BV64 x0>'], 'indirect_regs': [], 'direct_regs': ['<BV64 x0>'], 'mem': ['<BV64 x0 + 0x370>', '<BV64 x0 + 0xe18>', '<BV64 x0 + 0xe48>'], 'const_mem': []};63.0;0.0;64.0;64.0;[];;;;BaseControlType.NO_BASE;BaseControlType.NO_BASE;BaseControlType.NO_BASE;4;BranchControlType.BRANCH_DEPENDS_ON_SECRET_VALUE;BranchControlType.BRANCH_INDEPENDENT_FROM_SECRET;104252;True;False;True;True;True;False;False;True;True;False;False;False;True;False;True;True;True;False;True;False;[];['has_valid_base'];True;False;True;True;True;False;False;True;True;False;False;False;True;False;True;True;True;False;True;False;[];['has_valid_base']
03c42fef-aaab-48bb-aa33-4ac987528fe8;ZSTD_CCtx_loadDictionary_advanced;0x198a0;0x19740;0x0;TransmitterType.LOAD;22;0;False;['0x198a0', '0x198bc', '0x19714', '0x19740'];<BV64 0xe68 + x0>;64;[];[];['<BV64 x0>'];[];['<BV64 x0>'];[];[];0;18446744073709551615;18446744073709551615;1;;;True;0;18446744073709551615;18446744073709551615;1;;;True;ControlType.CONTROLLED;0;<BV64 0xe68>;64;[];[];[];[];[];[];[];3688.0;3688.0;0.0;1.0;;;True;3688.0;3688.0;0.0;1.0;;;True;ControlType.NO_CONTROL;0;<BV64 0xe68>;64;[];[];[];[];[];[];[];3688;3688;0;1.0;;;True;3688.0;3688.0;0.0;1.0;;;True;ControlType.NO_CONTROL;0;<BV64 x0>;64;[];[];['<BV64 x0>'];[];['<BV64 x0>'];[];[];0.0;1.8446744073709552e+19;18446744073709551615;1;;;True;0.0;1.8446744073709552e+19;18446744073709551615;1;;;True;ControlType.CONTROLLED;0;<BV64 x0>;64;[];[];['<BV64 x0>'];[];['<BV64 x0>'];[];[];0.0;1.8446744073709552e+19;1.8446744073709552e+19;1.0;;;True;0.0;1.8446744073709552e+19;1.8446744073709552e+19;1.0;;;True;ControlType.CONTROLLED;0;<BV64 x0>;64;[];[];[];[];[];[];[];0;0;0;;;;False;0;0;0;;;;False;ControlType.UNKNOWN;0;[('0x1972c', <Bool LOAD_64[<BV64 x0 + 0xe48>]_30 == 0x0>, 'Taken'), ('0x198b8', <Bool LOAD_32[<BV64 x0 + 0xe18>]_24 == 0x0>, 'Taken'), ('0x198d4', <Bool True>, 'Taken')];"{'regs': ['<BV64 x0>'], 'indirect_regs': [""<BV64 x0>: ['0xe18', '0xe48']""], 'direct_regs': [], 'mem': ['<BV64 x0 + 0xe18>', '<BV64 x0 + 0xe48>'], 'const_mem': []}";[];{'regs': [], 'indirect_regs': [], 'direct_regs': [], 'mem': [], 'const_mem': []};{'regs': ['<BV64 x0>'], 'indirect_regs': [], 'direct_regs': ['<BV64 x0>'], 'mem': [], 'const_mem': []};"{'regs': ['<BV64 x0>', '<BV64 x0>'], 'indirect_regs': [""<BV64 x0>: ['0xe18', '0xe48']""], 'direct_regs': ['<BV64 x0>'], 'mem': ['<BV64 x0 + 0xe18>', '<BV64 x0 + 0xe48>'], 'const_mem': []}";63.0;0.0;64.0;64.0;[];;;;BaseControlType.CONSTANT_BASE;BaseControlType.CONSTANT_BASE;BaseControlType.CONSTANT_BASE;3;BranchControlType.BRANCH_INDEPENDENT_FROM_SECRET;BranchControlType.BRANCH_INDEPENDENT_FROM_SECRET;104256;True;False;True;True;True;False;False;True;True;False;False;False;True;False;True;False;True;False;True;False;[];['has_valid_base'];True;False;True;True;True;False;False;True;True;False;False;False;True;False;True;False;True;False;True;False;[];['has_valid_base']
cf0246ad-71cc-444c-9697-b07eef93a5e2;ZSTD_CCtx_setParameter;0x1b420;0x1b430;0x0;TransmitterType.LOAD;5;0;False;['0x1b420'];<BV64 0xe18 + x0>;64;[];[];['<BV64 x0>'];[];['<BV64 x0>'];[];[];0;18446744073709551615;18446744073709551615;1;;;True;0;18446744073709551615;18446744073709551615;1;;;True;ControlType.CONTROLLED;0;<BV64 0xe18>;64;[];[];[];[];[];[];[];3608.0;3608.0;0.0;1.0;;;True;3608.0;3608.0;0.0;1.0;;;True;ControlType.NO_CONTROL;0;<BV64 0xe18>;64;[];[];[];[];[];[];[];3608;3608;0;1.0;;;True;3608.0;3608.0;0.0;1.0;;;True;ControlType.NO_CONTROL;0;<BV64 x0>;64;[];[];['<BV64 x0>'];[];['<BV64 x0>'];[];[];0.0;1.8446744073709552e+19;18446744073709551615;1;;;True;0.0;1.8446744073709552e+19;18446744073709551615;1;;;True;ControlType.CONTROLLED;0;<BV64 x0>;64;[];[];['<BV64 x0>'];[];['<BV64 x0>'];[];[];0.0;1.8446744073709552e+19;1.8446744073709552e+19;1.0;;;True;0.0;1.8446744073709552e+19;1.8446744073709552e+19;1.0;;;True;ControlType.CONTROLLED;0;<BV64 x0>;64;[];[];[];[];[];[];[];0;0;0;;;;False;0;0;0;;;;False;ControlType.UNKNOWN;0;[];{'regs': [], 'indirect_regs': [], 'direct_regs': [], 'mem': [], 'const_mem': []};[];{'regs': [], 'indirect_regs': [], 'direct_regs': [], 'mem': [], 'const_mem': []};{'regs': ['<BV64 x0>'], 'indirect_regs': [], 'direct_regs': ['<BV64 x0>'], 'mem': [], 'const_mem': []};{'regs': ['<BV64 x0>'], 'indirect_regs': [], 'direct_regs': ['<BV64 x0>'], 'mem': [], 'const_mem': []};63.0;0.0;64.0;64.0;[];;;;BaseControlType.CONSTANT_BASE;BaseControlType.CONSTANT_BASE;BaseControlType.CONSTANT_BASE;0;BranchControlType.BRANCH_INDEPENDENT_FROM_SECRET;BranchControlType.BRANCH_INDEPENDENT_FROM_SECRET;111664;True;False;True;True;True;False;False;True;True;False;False;False;True;False;True;False;True;False;True;False;[];['has_valid_base'];True;False;True;True;True;False;False;True;True;False;False;False;True;False;True;False;True;False;True;False;[];['has_valid_base']
3edc1e6f-9a91-434f-88c8-906c81de3519;ZSTD_CCtx_setParameter;0x1b420;0x1b450;0x0;TransmitterType.STORE;13;0;False;['0x1b420', '0x1b438', '0x1b440', '0x1b44c'];<BV64 0x4 + x0>;64;[];[];['<BV64 x0>'];[];['<BV64 x0>'];[];[];0;18446744073709551615;18446744073709551615;1;;;True;0;18446744073709551615;18446744073709551615;1;;;True;ControlType.CONTROLLED;0;<BV64 0x4>;64;[];[];[];[];[];[];[];4.0;4.0;0.0;1.0;;;True;4.0;4.0;0.0;1.0;;;True;ControlType.NO_CONTROL;0;<BV64 0x4>;64;[];[];[];[];[];[];[];4;4;0;1.0;;;True;4.0;4.0;0.0;1.0;;;True;ControlType.NO_CONTROL;0;<BV64 x0>;64;[];[];['<BV64 x0>'];[];['<BV64 x0>'];[];[];0.0;1.8446744073709552e+19;18446744073709551615;1;;;True;0.0;1.8446744073709552e+19;18446744073709551615;1;;;True;ControlType.CONTROLLED;0;<BV64 x0>;64;[];[];['<BV64 x0>'];[];['<BV64 x0>'];[];[];0.0;1.8446744073709552e+19;1.8446744073709552e+19;1.0;;;True;0.0;1.8446744073709552e+19;1.8446744073709552e+19;1.0;;;True;ControlType.CONTROLLED;0;<BV64 x0>;64;[];[];[];[];[];[];[];0;0;0;;;;False;0;0;0;;;;False;ControlType.UNKNOWN;0;[('0x1b434', <Bool LOAD_32[<BV64 x0 + 0xe18>]_22 != 0x0>, 'Taken'), ('0x1b43c', <Bool x1[31:0] != 0x64>, 'Taken'), ('0x1b448', <Bool 0x5 >= x1[31:0] - 0x66>, 'Taken')];"{'regs': ['<BV64 x0>', '<BV64 x1>'], 'indirect_regs': [""<BV64 x0>: ['0xe18']""], 'direct_regs': ['<BV64 x1>'], 'mem': ['<BV64 x0 + 0xe18>'], 'const_mem': []}";[];{'regs': [], 'indirect_regs': [], 'direct_regs': [], 'mem': [], 'const_mem': []};{'regs': ['<BV64 x0>'], 'indirect_regs': [], 'direct_regs': ['<BV64 x0>'], 'mem': [], 'const_mem': []};{'regs': ['<BV64 x0>', '<BV64 x1>'], 'indirect_regs': [], 'direct_regs': ['<BV64 x0>', '<BV64 x1>'], 'mem': ['<BV64 x0 + 0xe18>'], 'const_mem': []};63.0;0.0;64.0;64.0;[];;;;BaseControlType.CONSTANT_BASE;BaseControlType.CONSTANT_BASE;BaseControlType.CONSTANT_BASE;3;BranchControlType.BRANCH_DEPENDS_ON_SECRET_VALUE;BranchControlType.BRANCH_INDEPENDENT_FROM_SECRET;111696;True;False;True;True;True;False;False;True;True;False;False;False;True;False;True;True;True;False;True;False;[];['has_valid_base'];True;False;True;True;True;False;False;True;True;False;False;False;True;False;True;True;True;False;True;False;[];['has_valid_base']
75b8e110-3473-4bb7-9080-3bc8dbf40530;ZSTD_CCtx_setParameter;0x1b420;0x1b450;0x0;TransmitterType.STORE;10;0;False;['0x1b420', '0x1b438', '0x1b44c'];<BV64 0x4 + x0>;64;[];[];['<BV64 x0>'];[];['<BV64 x0>'];[];[];0;18446744073709551615;18446744073709551615;1;;;True;0;18446744073709551615;18446744073709551615;1;;;True;ControlType.CONTROLLED;0;<BV64 0x4>;64;[];[];[];[];[];[];[];4.0;4.0;0.0;1.0;;;True;4.0;4.0;0.0;1.0;;;True;ControlType.NO_CONTROL;0;<BV64 0x4>;64;[];[];[];[];[];[];[];4;4;0;1.0;;;True;4.0;4.0;0.0;1.0;;;True;ControlType.NO_CONTROL;0;<BV64 x0>;64;[];[];['<BV64 x0>'];[];['<BV64 x0>'];[];[];0.0;1.8446744073709552e+19;18446744073709551615;1;;;True;0.0;1.8446744073709552e+19;18446744073709551615;1;;;True;ControlType.CONTROLLED;0;<BV64 x0>;64;[];[];['<BV64 x0>'];[];['<BV64 x0>'];[];[];0.0;1.8446744073709552e+19;1.8446744073709552e+19;1.0;;;True;0.0;1.8446744073709552e+19;1.8446744073709552e+19;1.0;;;True;ControlType.CONTROLLED;0;<BV64 x0>;64;[];[];[];[];[];[];[];0;0;0;;;;False;0;0;0;;;;False;ControlType.UNKNOWN;0;[('0x1b434', <Bool LOAD_32[<BV64 x0 + 0xe18>]_22 != 0x0>, 'Taken'), ('0x1b43c', <Bool x1[31:0] == 0x64>, 'Taken')];"{'regs': ['<BV64 x0>', '<BV64 x1>'], 'indirect_regs': [""<BV64 x0>: ['0xe18']""], 'direct_regs': ['<BV64 x1>'], 'mem': ['<BV64 x0 + 0xe18>'], 'const_mem': []}";[];{'regs': [], 'indirect_regs': [], 'direct_regs': [], 'mem': [], 'const_mem': []};{'regs': ['<BV64 x0>'], 'indirect_regs': [], 'direct_regs': ['<BV64 x0>'], 'mem': [], 'const_mem': []};{'regs': ['<BV64 x0>', '<BV64 x1>'], 'indirect_regs': [], 'direct_regs': ['<BV64 x0>', '<BV64 x1>'], 'mem': ['<BV64 x0 + 0xe18>'], 'const_mem': []};63.0;0.0;64.0;64.0;[];;;;BaseControlType.CONSTANT_BASE;BaseControlType.CONSTANT_BASE;BaseControlType.CONSTANT_BASE;2;BranchControlType.BRANCH_DEPENDS_ON_SECRET_VALUE;BranchControlType.BRANCH_INDEPENDENT_FROM_SECRET;111696;True;False;True;True;True;False;False;True;True;False;False;False;True;False;True;True;True;False;True;False;[];['has_valid_base'];True;False;True;True;True;False;False;True;True;False;False;False;True;False;True;True;True;False;True;False;[];['has_valid_base']
fec55062-117c-4a7a-99b9-65fdefc17768;ZSTD_CCtx_setParameter;0x1b420;0x1b4a4;0x0;TransmitterType.LOAD;10;0;False;['0x1b420', '0x1b464', '0x1b4a0', '0x1b4a4'];<BV64 0x388 + x0>;64;[];[];['<BV64 x0>'];[];['<BV64 x0>'];[];[];0;18446744073709551615;18446744073709551615;1;;;True;0;18446744073709551615;18446744073709551615;1;;;True;ControlType.CONTROLLED;0;<BV64 0x388>;64;[];[];[];[];[];[];[];904.0;904.0;0.0;1.0;;;True;904.0;904.0;0.0;1.0;;;True;ControlType.NO_CONTROL;0;<BV64 0x388>;64;[];[];[];[];[];[];[];904;904;0;1.0;;;True;904.0;904.0;0.0;1.0;;;True;ControlType.NO_CONTROL;0;<BV64 x0>;64;[];[];['<BV64 x0>'];[];['<BV64 x0>'];[];[];0.0;1.8446744073709552e+19;18446744073709551615;1;;;True;0.0;1.8446744073709552e+19;18446744073709551615;1;;;True;ControlType.CONTROLLED;0;<BV64 x0>;64;[];[];['<BV64 x0>'];[];['<BV64 x0>'];[];[];0.0;1.8446744073709552e+19;1.8446744073709552e+19;1.0;;;True;0.0;1.8446744073709552e+19;1.8446744073709552e+19;1.0;;;True;ControlType.CONTROLLED;0;<BV64 x0>;64;[];[];[];[];[];[];[];0;0;0;;;;False;0;0;0;;;;False;ControlType.UNKNOWN;0;[('0x1b434', <Bool LOAD_32[<BV64 x0 + 0xe18>]_22 == 0x0>, 'Taken'), ('0x1b468', <Bool x1[31:0] == 0x190>, 'Taken'), ('0x1b4a0', <Bool x2[31:0] != 0x0>, 'Taken')];"{'regs': ['<BV64 x0>', '<BV64 x1>', '<BV64 x2>'], 'indirect_regs': [""<BV64 x0>: ['0xe18']""], 'direct_regs': ['<BV64 x1>', '<BV64 x2>'], 'mem': ['<BV64 x0 + 0xe18>'], 'const_mem': []}";[];{'regs': [], 'indirect_regs': [], 'direct_regs': [], 'mem': [], 'const_mem': []};{'regs': ['<BV64 x0>'], 'indirect_regs': [], 'direct_regs': ['<BV64 x0>'], 'mem': [], 'const_mem': []};{'regs': ['<BV64 x0>', '<BV64 x1>', '<BV64 x2>'], 'indirect_regs': [], 'direct_regs': ['<BV64 x0>', '<BV64 x1>', '<BV64 x2>'], 'mem': ['<BV64 x0 + 0xe18>'], 'const_mem': []};63.0;0.0;64.0;64.0;[];;;;BaseControlType.CONSTANT_BASE;BaseControlType.CONSTANT_BASE;BaseControlType.CONSTANT_BASE;3;BranchControlType.BRANCH_DEPENDS_ON_SECRET_VALUE;BranchControlType.BRANCH_INDEPENDENT_FROM_SECRET;111780;True;False;True;True;True;False;False;True;True;False;False;False;True;False;True;True;True;False;True;False;[];['has_valid_base'];True;False;True;True;True;False;False;True;True;False;False;False;True;False;True;True;True;False;True;False;[];['has_valid_base']
7f0d6d2f-ac88-4bd2-a287-3c54de47de03;ZSTD_getDictID_fromDict;0x55fb0;0x55fd4;0x0;TransmitterType.LOAD;10;0;False;['0x55fb0', '0x55fc4'];<BV64 x0>;64;[];[];['<BV64 x0>'];[];['<BV64 x0>'];[];[];0;18446744073709551615;18446744073709551615;1;;;True;0;18446744073709551615;18446744073709551615;1;;;True;ControlType.CONTROLLED;0;;0;[];[];[];[];[];[];[];0.0;0.0;0.0;0.0;;;False;0.0;0.0;0.0;0.0;;;False;ControlType.UNKNOWN;0;;0;[];[];[];[];[];[];[];0;0;0;;;;False;0.0;0.0;0.0;0.0;;;False;ControlType.UNKNOWN;0;<BV64 x0>;64;[];[];['<BV64 x0>'];[];['<BV64 x0>'];[];[];0.0;1.8446744073709552e+19;18446744073709551615;1;;;True;0.0;1.8446744073709552e+19;18446744073709551615;1;;;True;ControlType.CONTROLLED;0;<BV64 x0>;64;[];[];['<BV64 x0>'];[];['<BV64 x0>'];[];[];0.0;1.8446744073709552e+19;1.8446744073709552e+19;1.0;;;True;0.0;1.8446744073709552e+19;1.8446744073709552e+19;1.0;;;True;ControlType.CONTROLLED;0;<BV64 x0>;64;[];[];[];[];[];[];[];0;0;0;;;;False;0;0;0;;;;False;ControlType.UNKNOWN;0;[('0x55fc0', <Bool x1 > 0x7>, 'Taken')];{'regs': ['<BV64 x1>'], 'indirect_regs': [], 'direct_regs': ['<BV64 x1>'], 'mem': [], 'const_mem': []};[];{'regs': [], 'indirect_regs': [], 'direct_regs': [], 'mem': [], 'const_mem': []};{'regs': ['<BV64 x0>'], 'indirect_regs': [], 'direct_regs': ['<BV64 x0>'], 'mem': [], 'const_mem': []};{'regs': ['<BV64 x0>', '<BV64 x1>'], 'indirect_regs': [], 'direct_regs': ['<BV64 x0>', '<BV64 x1>'], 'mem': [], 'const_mem': []};63.0;0.0;64.0;64.0;[];;;;BaseControlType.NO_BASE;BaseControlType.NO_BASE;BaseControlType.NO_BASE;1;BranchControlType.BRANCH_INDEPENDENT_FROM_SECRET;BranchControlType.BRANCH_INDEPENDENT_FROM_SECRET;352212;True;False;True;True;True;False;False;True;True;False;False;False;True;False;True;False;True;False;True;False;[];['has_valid_base'];True;False;True;True;True;False;False;True;True;False;False;False;True;False;True;False;True;False;True;False;[];['has_valid_base']
0feed6f7-10c8-46e8-983f-87fa256ab2b6;ZSTD_getDictID_fromDict;0x55fb0;0x55ff4;0x0;TransmitterType.LOAD;14;0;False;['0x55fb0', '0x55fc4', '0x55fec'];<BV64 0x4 + x0>;64;[];[];['<BV64 x0>'];[];['<BV64 x0>'];[];[];0;18446744073709551615;18446744073709551615;1;;;True;0;18446744073709551615;18446744073709551615;1;;;True;ControlType.CONTROLLED;0;<BV64 0x4>;64;[];[];[];[];[];[];[];4.0;4.0;0.0;1.0;;;True;4.0;4.0;0.0;1.0;;;True;ControlType.NO_CONTROL;0;<BV64 0x4>;64;[];[];[];[];[];[];[];4;4;0;1.0;;;True;4.0;4.0;0.0;1.0;;;True;ControlType.NO_CONTROL;0;<BV64 x0>;64;[];[];['<BV64 x0>'];[];['<BV64 x0>'];[];[];0.0;1.8446744073709552e+19;18446744073709551615;1;;;True;0.0;1.8446744073709552e+19;18446744073709551615;1;;;True;ControlType.CONTROLLED;0;<BV64 x0>;64;[];[];['<BV64 x0>'];[];['<BV64 x0>'];[];[];0.0;1.8446744073709552e+19;1.8446744073709552e+19;1.0;;;True;0.0;1.8446744073709552e+19;1.8446744073709552e+19;1.0;;;True;ControlType.CONTROLLED;0;<BV64 x0>;64;[];[];[];[];[];[];[];0;0;0;;;;False;0;0;0;;;;False;ControlType.UNKNOWN;0;[('0x55fc0', <Bool x1 > 0x7>, 'Taken'), ('0x55fdc', <Bool LOAD_32[<BV64 x0>]_22 == 0xec30a437>, 'Taken')];"{'regs': ['<BV64 x0>', '<BV64 x1>'], 'indirect_regs': [""<BV64 x0>: ['0x0']""], 'direct_regs': ['<BV64 x1>'], 'mem': ['<BV64 x0>'], 'const_mem': []}";[];{'regs': [], 'indirect_regs': [], 'direct_regs': [], 'mem': [], 'const_mem': []};{'regs': ['<BV64 x0>'], 'indirect_regs': [], 'direct_regs': ['<BV64 x0>'], 'mem': [], 'const_mem': []};"{'regs': ['<BV64 x0>', '<BV64 x0>', '<BV64 x1>'], 'indirect_regs': [""<BV64 x0>: ['0x0']""], 'direct_regs': ['<BV64 x0>', '<BV64 x1>'], 'mem': ['<BV64 x0>'], 'const_mem': []}";63.0;0.0;64.0;64.0;[];;;;BaseControlType.CONSTANT_BASE;BaseControlType.CONSTANT_BASE;BaseControlType.CONSTANT_BASE;2;BranchControlType.BRANCH_INDEPENDENT_FROM_SECRET;BranchControlType.BRANCH_INDEPENDENT_FROM_SECRET;352244;True;False;True;True;True;False;False;True;True;False;False;False;True;False;True;False;True;False;True;False;[];['has_valid_base'];True;False;True;True;True;False;False;True;True;False;False;False;True;False;True;False;True;False;True;False;[];['has_valid_base']
f264856a-ee8b-493b-85e2-23d96bce4136;ZSTD_initDStream_usingDict;0x56bc0;0x56b38;0x0;TransmitterType.STORE;21;0;False;['0x56bc0', '0x56b10', '0x56b34'];<BV64 0x75e0 + x0>;64;[];[];['<BV64 x0>'];[];['<BV64 x0>'];[];[];0;18446744073709551615;18446744073709551615;1;;;True;0;18446744073709551615;18446744073709551615;1;;;True;ControlType.CONTROLLED;0;<BV64 0x75e0>;64;[];[];[];[];[];[];[];30176.0;30176.0;0.0;1.0;;;True;30176.0;30176.0;0.0;1.0;;;True;ControlType.NO_CONTROL;0;<BV64 0x75e0>;64;[];[];[];[];[];[];[];30176;30176;0;1.0;;;True;30176.0;30176.0;0.0;1.0;;;True;ControlType.NO_CONTROL;0;<BV64 x0>;64;[];[];['<BV64 x0>'];[];['<BV64 x0>'];[];[];0.0;1.8446744073709552e+19;18446744073709551615;1;;;True;0.0;1.8446744073709552e+19;18446744073709551615;1;;;True;ControlType.CONTROLLED;0;<BV64 x0>;64;[];[];['<BV64 x0>'];[];['<BV64 x0>'];[];[];0.0;1.8446744073709552e+19;1.8446744073709552e+19;1.0;;;True;0.0;1.8446744073709552e+19;1.8446744073709552e+19;1.0;;;True;ControlType.CONTROLLED;0;<BV64 x0>;64;[];[];[];[];[];[];[];0;0;0;;;;False;0;0;0;;;;False;ControlType.UNKNOWN;0;[('0x56b30', <Bool True>, 'Taken'), ('0x56be4', <Bool True>, 'Taken')];{'regs': [], 'indirect_regs': [], 'direct_regs': [], 'mem': [], 'const_mem': []};[];{'regs': [], 'indirect_regs': [], 'direct_regs': [], 'mem': [], 'const_mem': []};{'regs': ['<BV64 x0>'], 'indirect_regs': [], 'direct_regs': ['<BV64 x0>'], 'mem': [], 'const_mem': []};{'regs': ['<BV64 x0>'], 'indirect_regs': [], 'direct_regs': ['<BV64 x0>'], 'mem': [], 'const_mem': []};63.0;0.0;64.0;64.0;[];;;;BaseControlType.CONSTANT_BASE;BaseControlType.CONSTANT_BASE;BaseControlType.CONSTANT_BASE;2;BranchControlType.BRANCH_INDEPENDENT_FROM_SECRET;BranchControlType.BRANCH_INDEPENDENT_FROM_SECRET;355128;True;False;True;True;True;False;False;True;True;False;False;False;True;False;True;False;True;False;True;False;[];['has_valid_base'];True;False;True;True;True;False;False;True;True;False;False;False;True;False;True;False;True;False;True;False;[];['has_valid_base']
9fdd3869-26c8-4871-9b62-82a7e79809af;ZSTD_initDStream_usingDict;0x56bc0;0x56b3c;0x0;TransmitterType.STORE;22;0;False;['0x56bc0', '0x56b10', '0x56b34'];<BV64 0x761c + x0>;64;[];[];['<BV64 x0>'];[];['<BV64 x0>'];[];[];0;18446744073709551615;18446744073709551615;1;;;True;0;18446744073709551615;18446744073709551615;1;;;True;ControlType.CONTROLLED;0;<BV64 0x761c>;64;[];[];[];[];[];[];[];30236.0;30236.0;0.0;1.0;;;True;30236.0;30236.0;0.0;1.0;;;True;ControlType.NO_CONTROL;0;<BV64 0x761c>;64;[];[];[];[];[];[];[];30236;30236;0;1.0;;;True;30236.0;30236.0;0.0;1.0;;;True;ControlType.NO_CONTROL;0;<BV64 x0>;64;[];[];['<BV64 x0>'];[];['<BV64 x0>'];[];[];0.0;1.8446744073709552e+19;18446744073709551615;1;;;True;0.0;1.8446744073709552e+19;18446744073709551615;1;;;True;ControlType.CONTROLLED;0;<BV64 x0>;64;[];[];['<BV64 x0>'];[];['<BV64 x0>'];[];[];0.0;1.8446744073709552e+19;1.8446744073709552e+19;1.0;;;True;0.0;1.8446744073709552e+19;1.8446744073709552e+19;1.0;;;True;ControlType.CONTROLLED;0;<BV64 x0>;64;[];[];[];[];[];[];[];0;0;0;;;;False;0;0;0;;;;False;ControlType.UNKNOWN;0;[('0x56b30', <Bool True>, 'Taken'), ('0x56be4', <Bool True>, 'Taken')];{'regs': [], 'indirect_regs': [], 'direct_regs': [], 'mem': [], 'const_mem': []};[];{'regs': [], 'indirect_regs': [], 'direct_regs': [], 'mem': [], 'const_mem': []};{'regs': ['<BV64 x0>'], 'indirect_regs': [], 'direct_regs': ['<BV64 x0>'], 'mem': [], 'const_mem': []};{'regs': ['<BV64 x0>'], 'indirect_regs': [], 'direct_regs': ['<BV64 x0>'], 'mem': [], 'const_mem': []};63.0;0.0;64.0;64.0;[];;;;BaseControlType.CONSTANT_BASE;BaseControlType.CONSTANT_BASE;BaseControlType.CONSTANT_BASE;2;BranchControlType.BRANCH_INDEPENDENT_FROM_SECRET;BranchControlType.BRANCH_INDEPENDENT_FROM_SECRET;355132;True;False;True;True;True;False;False;True;True;False;False;False;True;False;True;False;True;False;True;False;[];['has_valid_base'];True;False;True;True;True;False;False;True;True;False;False;False;True;False;True;False;True;False;True;False;[];['has_valid_base']
997472b5-9d5d-42ff-a5ad-1181de994a7f;ZSTD_initDStream_usingDict;0x56bc0;0x56b40;0x0;TransmitterType.STORE;23;0;False;['0x56bc0', '0x56b10', '0x56b34'];<BV64 0x767c + x0>;64;[];[];['<BV64 x0>'];[];['<BV64 x0>'];[];[];0;18446744073709551615;18446744073709551615;1;;;True;0;18446744073709551615;18446744073709551615;1;;;True;ControlType.CONTROLLED;0;<BV64 0x767c>;64;[];[];[];[];[];[];[];30332.0;30332.0;0.0;1.0;;;True;30332.0;30332.0;0.0;1.0;;;True;ControlType.NO_CONTROL;0;<BV64 0x767c>;64;[];[];[];[];[];[];[];30332;30332;0;1.0;;;True;30332.0;30332.0;0.0;1.0;;;True;ControlType.NO_CONTROL;0;<BV64 x0>;64;[];[];['<BV64 x0>'];[];['<BV64 x0>'];[];[];0.0;1.8446744073709552e+19;18446744073709551615;1;;;True;0.0;1.8446744073709552e+19;18446744073709551615;1;;;True;ControlType.CONTROLLED;0;<BV64 x0>;64;[];[];['<BV64 x0>'];[];['<BV64 x0>'];[];[];0.0;1.8446744073709552e+19;1.8446744073709552e+19;1.0;;;True;0.0;1.8446744073709552e+19;1.8446744073709552e+19;1.0;;;True;ControlType.CONTROLLED;0;<BV64 x0>;64;[];[];[];[];[];[];[];0;0;0;;;;False;0;0;0;;;;False;ControlType.UNKNOWN;0;[('0x56b30', <Bool True>, 'Taken'), ('0x56be4', <Bool True>, 'Taken')];{'regs': [], 'indirect_regs': [], 'direct_regs': [], 'mem': [], 'const_mem': []};[];{'regs': [], 'indirect_regs': [], 'direct_regs': [], 'mem': [], 'const_mem': []};{'regs': ['<BV64 x0>'], 'indirect_regs': [], 'direct_regs': ['<BV64 x0>'], 'mem': [], 'const_mem': []};{'regs': ['<BV64 x0>'], 'indirect_regs': [], 'direct_regs': ['<BV64 x0>'], 'mem': [], 'const_mem': []};63.0;0.0;64.0;64.0;[];;;;BaseControlType.CONSTANT_BASE;BaseControlType.CONSTANT_BASE;BaseControlType.CONSTANT_BASE;2;BranchControlType.BRANCH_INDEPENDENT_FROM_SECRET;BranchControlType.BRANCH_INDEPENDENT_FROM_SECRET;355136;True;False;True;True;True;False;False;True;True;False;False;False;True;False;True;False;True;False;True;False;[];['has_valid_base'];True;False;True;True;True;False;False;True;True;False;False;False;True;False;True;False;True;False;True;False;[];['has_valid_base']
a1f2f2cc-ea15-40ca-97fa-cbc97a0bcc53;ZSTD_initCStream_usingCDict_advanced;0x1a810;0x199f4;0x0;TransmitterType.STORE;22;0;False;['0x1a810', '0x199d0', '0x199f4'];<BV64 0x2f8 + x0>;64;[];[];['<BV64 x0>'];[];['<BV64 x0>'];[];[];0;18446744073709551615;18446744073709551615;1;;;True;0;18446744073709551615;18446744073709551615;1;;;True;ControlType.CONTROLLED;0;<BV64 0x2f8>;64;[];[];[];[];[];[];[];760.0;760.0;0.0;1.0;;;True;760.0;760.0;0.0;1.0;;;True;ControlType.NO_CONTROL;0;<BV64 0x2f8>;64;[];[];[];[];[];[];[];760;760;0;1.0;;;True;760.0;760.0;0.0;1.0;;;True;ControlType.NO_CONTROL;0;<BV64 x0>;64;[];[];['<BV64 x0>'];[];['<BV64 x0>'];[];[];0.0;1.8446744073709552e+19;18446744073709551615;1;;;True;0.0;1.8446744073709552e+19;18446744073709551615;1;;;True;ControlType.CONTROLLED;0;<BV64 x0>;64;[];[];['<BV64 x0>'];[];['<BV64 x0>'];[];[];0.0;1.8446744073709552e+19;1.8446744073709552e+19;1.0;;;True;0.0;1.8446744073709552e+19;1.8446744073709552e+19;1.0;;;True;ControlType.CONTROLLED;0;<BV64 x0>;64;[];[];[];[];[];[];[];0;0;0;;;;False;0;0;0;;;;False;ControlType.UNKNOWN;0;[('0x199f0', <Bool True>, 'Taken'), ('0x1a83c', <Bool True>, 'Taken')];{'regs': [], 'indirect_regs': [], 'direct_regs': [], 'mem': [], 'const_mem': []};[];{'regs': [], 'indirect_regs': [], 'direct_regs': [], 'mem': [], 'const_mem': []};{'regs': ['<BV64 x0>'], 'indirect_regs': [], 'direct_regs': ['<BV64 x0>'], 'mem': [], 'const_mem': []};{'regs': ['<BV64 x0>'], 'indirect_regs': [], 'direct_regs': ['<BV64 x0>'], 'mem': [], 'const_mem': []};63.0;0.0;64.0;64.0;[];;;;BaseControlType.CONSTANT_BASE;BaseControlType.CONSTANT_BASE;BaseControlType.CONSTANT_BASE;2;BranchControlType.BRANCH_INDEPENDENT_FROM_SECRET;BranchControlType.BRANCH_INDEPENDENT_FROM_SECRET;104948;True;False;True;True;True;False;False;True;True;False;False;False;True;False;True;False;True;False;True;False;[];['has_valid_base'];True;False;True;True;True;False;False;True;True;False;False;False;True;False;True;False;True;False;True;False;[];['has_valid_base']
0fb0e0d0-ff3f-4bba-8b25-5a63fa0bfb18;ZSTD_initCStream_usingCDict_advanced;0x1a810;0x199f8;0x0;TransmitterType.STORE;23;0;False;['0x1a810', '0x199d0', '0x199f4'];<BV64 0xe18 + x0>;64;[];[];['<BV64 x0>'];[];['<BV64 x0>'];[];[];0;18446744073709551615;18446744073709551615;1;;;True;0;18446744073709551615;18446744073709551615;1;;;True;ControlType.CONTROLLED;0;<BV64 0xe18>;64;[];[];[];[];[];[];[];3608.0;3608.0;0.0;1.0;;;True;3608.0;3608.0;0.0;1.0;;;True;ControlType.NO_CONTROL;0;<BV64 0xe18>;64;[];[];[];[];[];[];[];3608;3608;0;1.0;;;True;3608.0;3608.0;0.0;1.0;;;True;ControlType.NO_CONTROL;0;<BV64 x0>;64;[];[];['<BV64 x0>'];[];['<BV64 x0>'];[];[];0.0;1.8446744073709552e+19;18446744073709551615;1;;;True;0.0;1.8446744073709552e+19;18446744073709551615;1;;;True;ControlType.CONTROLLED;0;<BV64 x0>;64;[];[];['<BV64 x0>'];[];['<BV64 x0>'];[];[];0.0;1.8446744073709552e+19;1.8446744073709552e+19;1.0;;;True;0.0;1.8446744073709552e+19;1.8446744073709552e+19;1.0;;;True;ControlType.CONTROLLED;0;<BV64 x0>;64;[];[];[];[];[];[];[];0;0;0;;;;False;0;0;0;;;;False;ControlType.UNKNOWN;0;[('0x199f0', <Bool True>, 'Taken'), ('0x1a83c', <Bool True>, 'Taken')];{'regs': [], 'indirect_regs': [], 'direct_regs': [], 'mem': [], 'const_mem': []};[];{'regs': [], 'indirect_regs': [], 'direct_regs': [], 'mem': [], 'const_mem': []};{'regs': ['<BV64 x0>'], 'indirect_regs': [], 'direct_regs': ['<BV64 x0>'], 'mem': [], 'const_mem': []};{'regs': ['<BV64 x0>'], 'indirect_regs': [], 'direct_regs': ['<BV64 x0>'], 'mem': [], 'const_mem': []};63.0;0.0;64.0;64.0;[];;;;BaseControlType.CONSTANT_BASE;BaseControlType.CONSTANT_BASE;BaseControlType.CONSTANT_BASE;2;BranchControlType.BRANCH_INDEPENDENT_FROM_SECRET;BranchControlType.BRANCH_INDEPENDENT_FROM_SECRET;104952;True;False;True;True;True;False;False;True;True;False;False;False;True;False;True;False;True;False;True;False;[];['has_valid_base'];True;False;True;True;True;False;False;True;True;False;False;False;True;False;True;False;True;False;True;False;[];['has_valid_base']
191f6302-7451-4803-9a24-73d44fe72b81;ZSTD_resetCStream;0x1a7b4;0x199f4;0x0;TransmitterType.STORE;20;0;False;['0x1a7b4', '0x199d0', '0x199f4'];<BV64 0x2f8 + x0>;64;[];[];['<BV64 x0>'];[];['<BV64 x0>'];[];[];0;18446744073709551615;18446744073709551615;1;;;True;0;18446744073709551615;18446744073709551615;1;;;True;ControlType.CONTROLLED;0;<BV64 0x2f8>;64;[];[];[];[];[];[];[];760.0;760.0;0.0;1.0;;;True;760.0;760.0;0.0;1.0;;;True;ControlType.NO_CONTROL;0;<BV64 0x2f8>;64;[];[];[];[];[];[];[];760;760;0;1.0;;;True;760.0;760.0;0.0;1.0;;;True;ControlType.NO_CONTROL;0;<BV64 x0>;64;[];[];['<BV64 x0>'];[];['<BV64 x0>'];[];[];0.0;1.8446744073709552e+19;18446744073709551615;1;;;True;0.0;1.8446744073709552e+19;18446744073709551615;1;;;True;ControlType.CONTROLLED;0;<BV64 x0>;64;[];[];['<BV64 x0>'];[];['<BV64 x0>'];[];[];0.0;1.8446744073709552e+19;1.8446744073709552e+19;1.0;;;True;0.0;1.8446744073709552e+19;1.8446744073709552e+19;1.0;;;True;ControlType.CONTROLLED;0;<BV64 x0>;64;[];[];[];[];[];[];[];0;0;0;;;;False;0;0;0;;;;False;ControlType.UNKNOWN;0;[('0x199f0', <Bool True>, 'Taken'), ('0x1a7d8', <Bool True>, 'Taken')];{'regs': [], 'indirect_regs': [], 'direct_regs': [], 'mem': [], 'const_mem': []};[];{'regs': [], 'indirect_regs': [], 'direct_regs': [], 'mem': [], 'const_mem': []};{'regs': ['<BV64 x0>'], 'indirect_regs': [], 'direct_regs': ['<BV64 x0>'], 'mem': [], 'const_mem': []};{'regs': ['<BV64 x0>'], 'indirect_regs': [], 'direct_regs': ['<BV64 x0>'], 'mem': [], 'const_mem': []};63.0;0.0;64.0;64.0;[];;;;BaseControlType.CONSTANT_BASE;BaseControlType.CONSTANT_BASE;BaseControlType.CONSTANT_BASE;2;BranchControlType.BRANCH_INDEPENDENT_FROM_SECRET;BranchControlType.BRANCH_INDEPENDENT_FROM_SECRET;104948;True;False;True;True;True;False;False;True;True;False;False;False;True;False;True;False;True;False;True;False;[];['has_valid_base'];True;False;True;True;True;False;False;True;True;False;False;False;True;False;True;False;True;False;True;False;[];['has_valid_base']
2f7cc59f-8129-47a1-ba97-5c8089ba75d1;ZSTD_resetCStream;0x1a7b4;0x199f8;0x0;TransmitterType.STORE;21;0;False;['0x1a7b4', '0x199d0', '0x199f4'];<BV64 0xe18 + x0>;64;[];[];['<BV64 x0>'];[];['<BV64 x0>'];[];[];0;18446744073709551615;18446744073709551615;1;;;True;0;18446744073709551615;18446744073709551615;1;;;True;ControlType.CONTROLLED;0;<BV64 0xe18>;64;[];[];[];[];[];[];[];3608.0;3608.0;0.0;1.0;;;True;3608.0;3608.0;0.0;1.0;;;True;ControlType.NO_CONTROL;0;<BV64 0xe18>;64;[];[];[];[];[];[];[];3608;3608;0;1.0;;;True;3608.0;3608.0;0.0;1.0;;;True;ControlType.NO_CONTROL;0;<BV64 x0>;64;[];[];['<BV64 x0>'];[];['<BV64 x0>'];[];[];0.0;1.8446744073709552e+19;18446744073709551615;1;;;True;0.0;1.8446744073709552e+19;18446744073709551615;1;;;True;ControlType.CONTROLLED;0;<BV64 x0>;64;[];[];['<BV64 x0>'];[];['<BV64 x0>'];[];[];0.0;1.8446744073709552e+19;1.8446744073709552e+19;1.0;;;True;0.0;1.8446744073709552e+19;1.8446744073709552e+19;1.0;;;True;ControlType.CONTROLLED;0;<BV64 x0>;64;[];[];[];[];[];[];[];0;0;0;;;;False;0;0;0;;;;False;ControlType.UNKNOWN;0;[('0x199f0', <Bool True>, 'Taken'), ('0x1a7d8', <Bool True>, 'Taken')];{'regs': [], 'indirect_regs': [], 'direct_regs': [], 'mem': [], 'const_mem': []};[];{'regs': [], 'indirect_regs': [], 'direct_regs': [], 'mem': [], 'const_mem': []};{'regs': ['<BV64 x0>'], 'indirect_regs': [], 'direct_regs': ['<BV64 x0>'], 'mem': [], 'const_mem': []};{'regs': ['<BV64 x0>'], 'indirect_regs': [], 'direct_regs': ['<BV64 x0>'], 'mem': [], 'const_mem': []};63.0;0.0;64.0;64.0;[];;;;BaseControlType.CONSTANT_BASE;BaseControlType.CONSTANT_BASE;BaseControlType.CONSTANT_BASE;2;BranchControlType.BRANCH_INDEPENDENT_FROM_SECRET;BranchControlType.BRANCH_INDEPENDENT_FROM_SECRET;104952;True;False;True;True;True;False;False;True;True;False;False;False;True;False;True;False;True;False;True;False;[];['has_valid_base'];True;False;True;True;True;False;False;True;True;False;False;False;True;False;True;False;True;False;True;False;[];['has_valid_base']
9d841169-fe1e-4f29-b46d-8a6b9557d4cb;ZSTD_getDecompressedSize;0x55290;0x55034;0x0;TransmitterType.LOAD;18;0;False;['0x55290', '0x55000', '0x55034'];<BV64 x0>;64;[];[];['<BV64 x0>'];[];['<BV64 x0>'];[];[];0;18446744073709551615;18446744073709551615;1;;;True;0;18446744073709551615;18446744073709551615;1;;;True;ControlType.CONTROLLED;0;;0;[];[];[];[];[];[];[];0.0;0.0;0.0;0.0;;;False;0.0;0.0;0.0;0.0;;;False;ControlType.UNKNOWN;0;;0;[];[];[];[];[];[];[];0;0;0;;;;False;0.0;0.0;0.0;0.0;;;False;ControlType.UNKNOWN;0;<BV64 x0>;64;[];[];['<BV64 x0>'];[];['<BV64 x0>'];[];[];0.0;1.8446744073709552e+19;18446744073709551615;1;;;True;0.0;1.8446744073709552e+19;18446744073709551615;1;;;True;ControlType.CONTROLLED;0;<BV64 x0>;64;[];[];['<BV64 x0>'];[];['<BV64 x0>'];[];[];0.0;1.8446744073709552e+19;1.8446744073709552e+19;1.0;;;True;0.0;1.8446744073709552e+19;1.8446744073709552e+19;1.0;;;True;ControlType.CONTROLLED;0;<BV64 x0>;64;[];[];[];[];[];[];[];0;0;0;;;;False;0;0;0;;;;False;ControlType.UNKNOWN;0;[('0x55030', <Bool x1 > 0x3>, 'Taken'), ('0x5529c', <Bool True>, 'Taken')];{'regs': ['<BV64 x1>'], 'indirect_regs': [], 'direct_regs': ['<BV64 x1>'], 'mem': [], 'const_mem': []};[];{'regs': [], 'indirect_regs': [], 'direct_regs': [], 'mem': [], 'const_mem': []};{'regs': ['<BV64 x0>'], 'indirect_regs': [], 'direct_regs': ['<BV64 x0>'], 'mem': [], 'const_mem': []};{'regs': ['<BV64 x0>', '<BV64 x1>'], 'indirect_regs': [], 'direct_regs': ['<BV64 x0>', '<BV64 x1>'], 'mem': [], 'const_mem': []};63.0;0.0;64.0;64.0;[];;;;BaseControlType.NO_BASE;BaseControlType.NO_BASE;BaseControlType.NO_BASE;2;BranchControlType.BRANCH_INDEPENDENT_FROM_SECRET;BranchControlType.BRANCH_INDEPENDENT_FROM_SECRET;348212;True;False;True;True;True;False;False;True;True;False;False;False;True;False;True;False;True;False;True;False;[];['has_valid_base'];True;False;True;True;True;False;False;True;True;False;False;False;True;False;True;False;True;False;True;False;[];['has_valid_base']
