uuid;name;address;pc;secret_load_pc;transmitter;n_instr;n_dependent_loads;contains_spec_stop;bbls;transmission_expr;transmission_size;transmission_branches;transmission_constraints;transmission_requirements_regs;transmission_requirements_indirect_regs;transmission_requirements_direct_regs;transmission_requirements_mem;transmission_requirements_const_mem;transmission_range_min;transmission_range_max;transmission_range_window;transmission_range_stride;transmission_range_and_mask;transmission_range_or_mask;transmission_range_exact;transmission_range_w_branches_min;transmission_range_w_branches_max;transmission_range_w_branches_window;transmission_range_w_branches_stride;transmission_range_w_branches_and_mask;transmission_range_w_branches_or_mask;transmission_range_w_branches_exact;transmission_control;transmission_n_dependent_loads;base_expr;base_size;base_branches;base_constraints;base_requirements_regs;base_requirements_indirect_regs;base_requirements_direct_regs;base_requirements_mem;base_requirements_const_mem;base_range_min;base_range_max;base_range_window;base_range_stride;base_range_and_mask;base_range_or_mask;base_range_exact;base_range_w_branches_min;base_range_w_branches_max;base_range_w_branches_window;base_range_w_branches_stride;base_range_w_branches_and_mask;base_range_w_branches_or_mask;base_range_w_branches_exact;base_control;base_n_dependent_loads;independent_base_expr;independent_base_size;independent_base_branches;independent_base_constraints;independent_base_requirements_regs;independent_base_requirements_indirect_regs;independent_base_requirements_direct_regs;independent_base_requirements_mem;independent_base_requirements_const_mem;independent_base_range_min;independent_base_range_max;independent_base_range_window;independent_base_range_stride;independent_base_range_and_mask;independent_base_range_or_mask;independent_base_range_exact;independent_base_range_w_branches_min;independent_base_range_w_branches_max;independent_base_range_w_branches_window;independent_base_range_w_branches_stride;independent_base_range_w_branches_and_mask;independent_base_range_w_branches_or_mask;independent_base_range_w_branches_exact;independent_base_control;independent_base_n_dependent_loads;transmitted_secret_expr;transmitted_secret_size;transmitted_secret_branches;transmitted_secret_constraints;transmitted_secret_requirements_regs;transmitted_secret_requirements_indirect_regs;transmitted_secret_requirements_direct_regs;transmitted_secret_requirements_mem;transmitted_secret_requirements_const_mem;transmitted_secret_range_min;transmitted_secret_range_max;transmitted_secret_range_window;transmitted_secret_range_stride;transmitted_secret_range_and_mask;transmitted_secret_range_or_mask;transmitted_secret_range_exact;transmitted_secret_range_w_branches_min;transmitted_secret_range_w_branches_max;transmitted_secret_range_w_branches_window;transmitted_secret_range_w_branches_stride;transmitted_secret_range_w_branches_and_mask;transmitted_secret_range_w_branches_or_mask;transmitted_secret_range_w_branches_exact;transmitted_secret_control;transmitted_secret_n_dependent_loads;secret_address_expr;secret_address_size;secret_address_branches;secret_address_constraints;secret_address_requirements_regs;secret_address_requirements_indirect_regs;secret_address_requirements_direct_regs;secret_address_requirements_mem;secret_address_requirements_const_mem;secret_address_range_min;secret_address_range_max;secret_address_range_window;secret_address_range_stride;secret_address_range_and_mask;secret_address_range_or_mask;secret_address_range_exact;secret_address_range_w_branches_min;secret_address_range_w_branches_max;secret_address_range_w_branches_window;secret_address_range_w_branches_stride;secret_address_range_w_branches_and_mask;secret_address_range_w_branches_or_mask;secret_address_range_w_branches_exact;secret_address_control;secret_address_n_dependent_loads;secret_val_expr;secret_val_size;secret_val_branches;secret_val_constraints;secret_val_requirements_regs;secret_val_requirements_indirect_regs;secret_val_requirements_direct_regs;secret_val_requirements_mem;secret_val_requirements_const_mem;secret_val_range_min;secret_val_range_max;secret_val_range_window;secret_val_range_stride;secret_val_range_and_mask;secret_val_range_or_mask;secret_val_range_exact;secret_val_range_w_branches_min;secret_val_range_w_branches_max;secret_val_range_w_branches_window;secret_val_range_w_branches_stride;secret_val_range_w_branches_and_mask;secret_val_range_w_branches_or_mask;secret_val_range_w_branches_exact;secret_val_control;secret_val_n_dependent_loads;branches;branch_requirements;constraints;constraint_requirements;all_requirements;all_requirements_w_branches;inferable_bits_spread_high;inferable_bits_spread_low;inferable_bits_spread_total;inferable_bits_n_inferable_bits;aliases;deps;direct_dependent_base_expr;indirect_dependent_base_expr;base_control_type;base_control_w_constraints;base_control_w_branches_and_constraints;n_branches;branch_control_type;cmove_control_type;pc_as_int;is_secret_inferable;has_valid_base;has_valid_secret_address;is_cmove_independent_from_secret;has_no_speculation_stop;is_secret_below_cache_granularity;can_perform_sliding;is_secret_entropy_high;can_perform_known_prefix;is_max_secret_too_high;can_adjust_base;base_has_indirect_secret_dependency;leak_secret_near_valid_base;base_has_direct_secret_dependency;can_ignore_direct_dependency;is_branch_dependent_from_secret;perform_training;is_branch_dependent_from_uncontrolled;perform_out_of_place_training;exploitable;required_solutions;fail_reasons;is_secret_inferable_w_branches;has_valid_base_w_branches;has_valid_secret_address_w_branches;is_cmove_independent_from_secret_w_branches;has_no_speculation_stop_w_branches;is_secret_below_cache_granularity_w_branches;can_perform_sliding_w_branches;is_secret_entropy_high_w_branches;can_perform_known_prefix_w_branches;is_max_secret_too_high_w_branches;can_adjust_base_w_branches;base_has_indirect_secret_dependency_w_branches;leak_secret_near_valid_base_w_branches;base_has_direct_secret_dependency_w_branches;can_ignore_direct_dependency_w_branches;is_branch_dependent_from_secret_w_branches;perform_training_w_branches;is_branch_dependent_from_uncontrolled_w_branches;perform_out_of_place_training_w_branches;exploitable_w_branches;required_solutions_w_branches;fail_reasons_w_branches
19eb5bd2-fab5-47fb-9cd6-6dd90002d485;context_str@@LIBSELINUX_1.0;0xa880;0xa890;0x0;TransmitterType.LOAD;5;0;False;['0xa880'];<BV64 x0>;64;[];[];['<BV64 x0>'];[];['<BV64 x0>'];[];[];0;18446744073709551615;18446744073709551615;1;;;True;0;18446744073709551615;18446744073709551615;1;;;True;ControlType.CONTROLLED;0;;0;[];[];[];[];[];[];[];0.0;0.0;0.0;0.0;;;False;0.0;0.0;0.0;0.0;;;False;ControlType.UNKNOWN;0;;0;[];[];[];[];[];[];[];0;0;0;;;;False;0.0;0.0;0.0;0.0;;;False;ControlType.UNKNOWN;0;<BV64 x0>;64;[];[];['<BV64 x0>'];[];['<BV64 x0>'];[];[];0.0;1.8446744073709552e+19;18446744073709551615;1;;;True;0.0;1.8446744073709552e+19;18446744073709551615;1;;;True;ControlType.CONTROLLED;0;<BV64 x0>;64;[];[];['<BV64 x0>'];[];['<BV64 x0>'];[];[];0.0;1.8446744073709552e+19;1.8446744073709552e+19;1.0;;;True;0.0;1.8446744073709552e+19;1.8446744073709552e+19;1.0;;;True;ControlType.CONTROLLED;0;<BV64 x0>;64;[];[];[];[];[];[];[];0;0;0;;;;False;0;0;0;;;;False;ControlType.UNKNOWN;0;[];{'regs': [], 'indirect_regs': [], 'direct_regs': [], 'mem': [], 'const_mem': []};[];{'regs': [], 'indirect_regs': [], 'direct_regs': [], 'mem': [], 'const_mem': []};{'regs': ['<BV64 x0>'], 'indirect_regs': [], 'direct_regs': ['<BV64 x0>'], 'mem': [], 'const_mem': []};{'regs': ['<BV64 x0>'], 'indirect_regs': [], 'direct_regs': ['<BV64 x0>'], 'mem': [], 'const_mem': []};63.0;0.0;64.0;64.0;[];;;;BaseControlType.NO_BASE;BaseControlType.NO_BASE;BaseControlType.NO_BASE;0;BranchControlType.BRANCH_INDEPENDENT_FROM_SECRET;BranchControlType.BRANCH_INDEPENDENT_FROM_SECRET;43152;True;False;True;True;True;False;False;True;True;False;False;False;True;False;True;False;True;False;True;False;[];['has_valid_base'];True;False;True;True;True;False;False;True;True;False;False;False;True;False;True;False;True;False;True;False;[];['has_valid_base']
adaec10e-ad04-4de0-8ae4-68880b91c490;context_str@@LIBSELINUX_1.0;0xa880;0xa894;0xa890;TransmitterType.LOAD;6;1;False;['0xa880'];<BV64 LOAD_64[<BV64 x0>]_24>;64;[];[];['<BV64 x0>'];"[""<BV64 x0>: ['0x0']""]";[];['<BV64 x0>'];[];0;18446744073709551615;18446744073709551615;1;;;True;0;18446744073709551615;18446744073709551615;1;;;True;ControlType.CONTROLLED;1;;0;[];[];[];[];[];[];[];0.0;0.0;0.0;0.0;;;False;0.0;0.0;0.0;0.0;;;False;ControlType.UNKNOWN;0;;0;[];[];[];[];[];[];[];0;0;0;;;;False;0.0;0.0;0.0;0.0;;;False;ControlType.UNKNOWN;0;<BV64 LOAD_64[<BV64 x0>]_24>;64;[];[];['<BV64 x0>'];"[""<BV64 x0>: ['0x0']""]";[];['<BV64 x0>'];[];0.0;1.8446744073709552e+19;18446744073709551615;1;;;True;0.0;1.8446744073709552e+19;18446744073709551615;1;;;True;ControlType.CONTROLLED;1;<BV64 x0>;64;[];[];['<BV64 x0>'];[];['<BV64 x0>'];[];[];0.0;1.8446744073709552e+19;1.8446744073709552e+19;1.0;;;True;0.0;1.8446744073709552e+19;1.8446744073709552e+19;1.0;;;True;ControlType.CONTROLLED;0;<BV64 LOAD_64[<BV64 x0>]_24>;64;[];[];[];[];[];[];[];0;0;0;;;;False;0;0;0;;;;False;ControlType.UNKNOWN;1;[];{'regs': [], 'indirect_regs': [], 'direct_regs': [], 'mem': [], 'const_mem': []};[];{'regs': [], 'indirect_regs': [], 'direct_regs': [], 'mem': [], 'const_mem': []};{'regs': ['<BV64 x0>'], 'indirect_regs': [], 'direct_regs': ['<BV64 x0>'], 'mem': ['<BV64 x0>'], 'const_mem': []};{'regs': ['<BV64 x0>'], 'indirect_regs': [], 'direct_regs': ['<BV64 x0>'], 'mem': ['<BV64 x0>'], 'const_mem': []};63.0;0.0;64.0;64.0;[];;;;BaseControlType.NO_BASE;BaseControlType.NO_BASE;BaseControlType.NO_BASE;0;BranchControlType.BRANCH_INDEPENDENT_FROM_SECRET;BranchControlType.BRANCH_INDEPENDENT_FROM_SECRET;43156;True;False;True;True;True;False;False;True;True;False;False;False;True;False;True;False;True;False;True;False;[];['has_valid_base'];True;False;True;True;True;False;False;True;True;False;False;False;True;False;True;False;True;False;True;False;[];['has_valid_base']
007e57b5-798f-40ce-a503-d8e4f849e4af;context_str@@LIBSELINUX_1.0;0xa880;0xa8ac;0xa890;TransmitterType.STORE;11;1;False;['0xa880', '0xa8a4'];<BV64 LOAD_64[<BV64 x0>]_24>;64;[];[];['<BV64 x0>'];"[""<BV64 x0>: ['0x0']""]";[];['<BV64 x0>'];[];0;18446744073709551615;18446744073709551615;1;;;True;0;18446744073709551615;18446744073709551615;1;;;True;ControlType.CONTROLLED;1;;0;[];[];[];[];[];[];[];0.0;0.0;0.0;0.0;;;False;0.0;0.0;0.0;0.0;;;False;ControlType.UNKNOWN;0;;0;[];[];[];[];[];[];[];0;0;0;;;;False;0.0;0.0;0.0;0.0;;;False;ControlType.UNKNOWN;0;<BV64 LOAD_64[<BV64 x0>]_24>;64;[];[];['<BV64 x0>'];"[""<BV64 x0>: ['0x0']""]";[];['<BV64 x0>'];[];0.0;1.8446744073709552e+19;18446744073709551615;1;;;True;0.0;1.8446744073709552e+19;18446744073709551615;1;;;True;ControlType.CONTROLLED;1;<BV64 x0>;64;[];[];['<BV64 x0>'];[];['<BV64 x0>'];[];[];0.0;1.8446744073709552e+19;1.8446744073709552e+19;1.0;;;True;0.0;1.8446744073709552e+19;1.8446744073709552e+19;1.0;;;True;ControlType.CONTROLLED;0;<BV64 LOAD_64[<BV64 x0>]_24>;64;[];[];[];[];[];[];[];0;0;0;;;;False;0;0;0;;;;False;ControlType.UNKNOWN;1;[('0xa89c', <Bool LOAD_64[<BV64 LOAD_64[<BV64 x0>]_24>]_25 == 0x0>, 'Taken')];"{'regs': ['<BV64 x0>'], 'indirect_regs': [""<BV64 x0>: ['0x0']""], 'direct_regs': [], 'mem': ['<BV64 LOAD_64[<BV64 x0>]_24>', '<BV64 x0>'], 'const_mem': []}";[];{'regs': [], 'indirect_regs': [], 'direct_regs': [], 'mem': [], 'const_mem': []};{'regs': ['<BV64 x0>'], 'indirect_regs': [], 'direct_regs': ['<BV64 x0>'], 'mem': ['<BV64 x0>'], 'const_mem': []};{'regs': ['<BV64 x0>'], 'indirect_regs': [], 'direct_regs': ['<BV64 x0>'], 'mem': ['<BV64 LOAD_64[<BV64 x0>]_24>', '<BV64 x0>'], 'const_mem': []};63.0;0.0;64.0;64.0;[];;;;BaseControlType.NO_BASE;BaseControlType.NO_BASE;BaseControlType.NO_BASE;1;BranchControlType.BRANCH_DEPENDS_ON_SECRET_VALUE;BranchControlType.BRANCH_INDEPENDENT_FROM_SECRET;43180;True;False;True;True;True;False;False;True;True;False;False;False;True;False;True;True;True;False;True;False;[];['has_valid_base'];True;False;True;True;True;False;False;True;True;False;False;False;True;False;True;True;True;False;True;False;[];['has_valid_base']
6ae976c6-dfb8-4ce2-9d74-0196e6cb42eb;context_str@@LIBSELINUX_1.0;0xa880;0xa8b0;0xa890;TransmitterType.LOAD;12;1;False;['0xa880', '0xa8a4'];<BV64 0x8 + LOAD_64[<BV64 x0>]_24>;64;[];[];['<BV64 x0>'];"[""<BV64 x0>: ['0x0']""]";[];['<BV64 x0>'];[];0;18446744073709551615;18446744073709551615;1;;;True;0;18446744073709551615;18446744073709551615;1;;;True;ControlType.CONTROLLED;1;<BV64 0x8>;64;[];[];[];[];[];[];[];8.0;8.0;0.0;1.0;;;True;8.0;8.0;0.0;1.0;;;True;ControlType.NO_CONTROL;0;<BV64 0x8>;64;[];[];[];[];[];[];[];8;8;0;1.0;;;True;8.0;8.0;0.0;1.0;;;True;ControlType.NO_CONTROL;0;<BV64 LOAD_64[<BV64 x0>]_24>;64;[];[];['<BV64 x0>'];"[""<BV64 x0>: ['0x0']""]";[];['<BV64 x0>'];[];0.0;1.8446744073709552e+19;18446744073709551615;1;;;True;0.0;1.8446744073709552e+19;18446744073709551615;1;;;True;ControlType.CONTROLLED;1;<BV64 x0>;64;[];[];['<BV64 x0>'];[];['<BV64 x0>'];[];[];0.0;1.8446744073709552e+19;1.8446744073709552e+19;1.0;;;True;0.0;1.8446744073709552e+19;1.8446744073709552e+19;1.0;;;True;ControlType.CONTROLLED;0;<BV64 LOAD_64[<BV64 x0>]_24>;64;[];[];[];[];[];[];[];0;0;0;;;;False;0;0;0;;;;False;ControlType.UNKNOWN;1;[('0xa89c', <Bool LOAD_64[<BV64 LOAD_64[<BV64 x0>]_24>]_25 == 0x0>, 'Taken')];"{'regs': ['<BV64 x0>'], 'indirect_regs': [""<BV64 x0>: ['0x0']""], 'direct_regs': [], 'mem': ['<BV64 LOAD_64[<BV64 x0>]_24>', '<BV64 x0>'], 'const_mem': []}";[];{'regs': [], 'indirect_regs': [], 'direct_regs': [], 'mem': [], 'const_mem': []};{'regs': ['<BV64 x0>'], 'indirect_regs': [], 'direct_regs': ['<BV64 x0>'], 'mem': ['<BV64 x0>'], 'const_mem': []};{'regs': ['<BV64 x0>'], 'indirect_regs': [], 'direct_regs': ['<BV64 x0>'], 'mem': ['<BV64 LOAD_64[<BV64 x0>]_24>', '<BV64 x0>'], 'const_mem': []};63.0;0.0;64.0;64.0;[];;;;BaseControlType.CONSTANT_BASE;BaseControlType.CONSTANT_BASE;BaseControlType.CONSTANT_BASE;1;BranchControlType.BRANCH_DEPENDS_ON_SECRET_VALUE;BranchControlType.BRANCH_INDEPENDENT_FROM_SECRET;43184;True;False;True;True;True;False;False;True;True;False;False;False;True;False;True;True;True;False;True;False;[];['has_valid_base'];True;False;True;True;True;False;False;True;True;False;False;False;True;False;True;True;True;False;True;False;[];['has_valid_base']
85507136-7a5d-4126-bea2-92f2072f832b;context_str@@LIBSELINUX_1.0;0xa880;0xa8b0;0xa890;TransmitterType.LOAD;17;1;False;['0xa880', '0xa8a4', '0xa8c4', '0xa8b0'];<BV64 0x10 + LOAD_64[<BV64 x0>]_24>;64;[];[];['<BV64 x0>'];"[""<BV64 x0>: ['0x0']""]";[];['<BV64 x0>'];[];0;18446744073709551615;18446744073709551615;1;;;True;0;18446744073709551615;18446744073709551615;1;;;True;ControlType.CONTROLLED;1;<BV64 0x10>;64;[];[];[];[];[];[];[];16.0;16.0;0.0;1.0;;;True;16.0;16.0;0.0;1.0;;;True;ControlType.NO_CONTROL;0;<BV64 0x10>;64;[];[];[];[];[];[];[];16;16;0;1.0;;;True;16.0;16.0;0.0;1.0;;;True;ControlType.NO_CONTROL;0;<BV64 LOAD_64[<BV64 x0>]_24>;64;[];[];['<BV64 x0>'];"[""<BV64 x0>: ['0x0']""]";[];['<BV64 x0>'];[];0.0;1.8446744073709552e+19;18446744073709551615;1;;;True;0.0;1.8446744073709552e+19;18446744073709551615;1;;;True;ControlType.CONTROLLED;1;<BV64 x0>;64;[];[];['<BV64 x0>'];[];['<BV64 x0>'];[];[];0.0;1.8446744073709552e+19;1.8446744073709552e+19;1.0;;;True;0.0;1.8446744073709552e+19;1.8446744073709552e+19;1.0;;;True;ControlType.CONTROLLED;0;<BV64 LOAD_64[<BV64 x0>]_24>;64;[];[];[];[];[];[];[];0;0;0;;;;False;0;0;0;;;;False;ControlType.UNKNOWN;1;[('0xa89c', <Bool LOAD_64[<BV64 LOAD_64[<BV64 x0>]_24>]_25 == 0x0>, 'Taken'), ('0xa8b4', <Bool LOAD_64[<BV64 LOAD_64[<BV64 x0>]_24 + 0x8>]_29 == 0x0>, 'Taken'), ('0xa8cc', <Bool True>, 'Taken')];"{'regs': ['<BV64 x0>'], 'indirect_regs': [""<BV64 x0>: ['0x0', '0x0']""], 'direct_regs': [], 'mem': ['<BV64 LOAD_64[<BV64 x0>]_24 + 0x8>', '<BV64 LOAD_64[<BV64 x0>]_24>', '<BV64 x0>'], 'const_mem': []}";[];{'regs': [], 'indirect_regs': [], 'direct_regs': [], 'mem': [], 'const_mem': []};{'regs': ['<BV64 x0>'], 'indirect_regs': [], 'direct_regs': ['<BV64 x0>'], 'mem': ['<BV64 x0>'], 'const_mem': []};{'regs': ['<BV64 x0>'], 'indirect_regs': [], 'direct_regs': ['<BV64 x0>'], 'mem': ['<BV64 LOAD_64[<BV64 x0>]_24 + 0x8>', '<BV64 LOAD_64[<BV64 x0>]_24>', '<BV64 x0>'], 'const_mem': []};63.0;0.0;64.0;64.0;[];;;;BaseControlType.CONSTANT_BASE;BaseControlType.CONSTANT_BASE;BaseControlType.CONSTANT_BASE;3;BranchControlType.BRANCH_DEPENDS_ON_SECRET_VALUE;BranchControlType.BRANCH_INDEPENDENT_FROM_SECRET;43184;True;False;True;True;True;False;False;True;True;False;False;False;True;False;True;True;True;False;True;False;[];['has_valid_base'];True;False;True;True;True;False;False;True;True;False;False;False;True;False;True;True;True;False;True;False;[];['has_valid_base']
19e384da-3c44-4cf4-a81f-0cf6f19aca71;selabel_hash_all_partial_matches@@LIBSELINUX_1.0;0xcba0;0xcbac;0x0;TransmitterType.LOAD;4;0;False;['0xcba0'];<BV64 0x30 + x0>;64;[];[];['<BV64 x0>'];[];['<BV64 x0>'];[];[];0;18446744073709551615;18446744073709551615;1;;;True;0;18446744073709551615;18446744073709551615;1;;;True;ControlType.CONTROLLED;0;<BV64 0x30>;64;[];[];[];[];[];[];[];48.0;48.0;0.0;1.0;;;True;48.0;48.0;0.0;1.0;;;True;ControlType.NO_CONTROL;0;<BV64 0x30>;64;[];[];[];[];[];[];[];48;48;0;1.0;;;True;48.0;48.0;0.0;1.0;;;True;ControlType.NO_CONTROL;0;<BV64 x0>;64;[];[];['<BV64 x0>'];[];['<BV64 x0>'];[];[];0.0;1.8446744073709552e+19;18446744073709551615;1;;;True;0.0;1.8446744073709552e+19;18446744073709551615;1;;;True;ControlType.CONTROLLED;0;<BV64 x0>;64;[];[];['<BV64 x0>'];[];['<BV64 x0>'];[];[];0.0;1.8446744073709552e+19;1.8446744073709552e+19;1.0;;;True;0.0;1.8446744073709552e+19;1.8446744073709552e+19;1.0;;;True;ControlType.CONTROLLED;0;<BV64 x0>;64;[];[];[];[];[];[];[];0;0;0;;;;False;0;0;0;;;;False;ControlType.UNKNOWN;0;[];{'regs': [], 'indirect_regs': [], 'direct_regs': [], 'mem': [], 'const_mem': []};[];{'regs': [], 'indirect_regs': [], 'direct_regs': [], 'mem': [], 'const_mem': []};{'regs': ['<BV64 x0>'], 'indirect_regs': [], 'direct_regs': ['<BV64 x0>'], 'mem': [], 'const_mem': []};{'regs': ['<BV64 x0>'], 'indirect_regs': [], 'direct_regs': ['<BV64 x0>'], 'mem': [], 'const_mem': []};63.0;0.0;64.0;64.0;[];;;;BaseControlType.CONSTANT_BASE;BaseControlType.CONSTANT_BASE;BaseControlType.CONSTANT_BASE;0;BranchControlType.BRANCH_INDEPENDENT_FROM_SECRET;BranchControlType.BRANCH_INDEPENDENT_FROM_SECRET;52140;True;False;True;True;True;False;False;True;True;False;False;False;True;False;True;False;True;False;True;False;[];['has_valid_base'];True;False;True;True;True;False;False;True;True;False;False;False;True;False;True;False;True;False;True;False;[];['has_valid_base']
4ed480f3-4d47-47d0-bc41-7830115d25ae;selabel_hash_all_partial_matches@@LIBSELINUX_1.0;0xcba0;0xcbc0;0xcbac;TransmitterType.CODE_LOAD;7;1;False;['0xcba0', '0xcbb4'];<BV64 LOAD_64[<BV64 x0 + 0x30>]_22>;64;[('0xcbb0', <Bool LOAD_64[<BV64 x0 + 0x30>]_22 != 0x0>, 'Taken')];[];['<BV64 x0>'];"[""<BV64 x0>: ['0x30']""]";[];['<BV64 x0 + 0x30>'];[];0;18446744073709551615;18446744073709551615;1;;;True;1;18446744073709551615;18446744073709551614;1;;;True;ControlType.CONTROLLED;1;;0;[];[];[];[];[];[];[];0.0;0.0;0.0;0.0;;;False;0.0;0.0;0.0;0.0;;;False;ControlType.UNKNOWN;0;;0;[];[];[];[];[];[];[];0;0;0;;;;False;0.0;0.0;0.0;0.0;;;False;ControlType.UNKNOWN;0;<BV64 LOAD_64[<BV64 x0 + 0x30>]_22>;64;[('0xcbb0', <Bool LOAD_64[<BV64 x0 + 0x30>]_22 != 0x0>, 'Taken')];[];['<BV64 x0>'];"[""<BV64 x0>: ['0x30']""]";[];['<BV64 x0 + 0x30>'];[];0.0;1.8446744073709552e+19;18446744073709551615;1;;;True;1.0;1.8446744073709552e+19;18446744073709551614;1;;;True;ControlType.CONTROLLED;1;<BV64 x0 + 0x30>;64;[];[];['<BV64 x0>'];[];['<BV64 x0>'];[];[];0.0;1.8446744073709552e+19;1.8446744073709552e+19;1.0;;;True;0.0;1.8446744073709552e+19;1.8446744073709552e+19;1.0;;;True;ControlType.CONTROLLED;0;<BV64 LOAD_64[<BV64 x0 + 0x30>]_22>;64;[];[];[];[];[];[];[];0;0;0;;;;False;0;0;0;;;;False;ControlType.UNKNOWN;1;[('0xcbb0', <Bool LOAD_64[<BV64 x0 + 0x30>]_22 != 0x0>, 'Taken')];"{'regs': ['<BV64 x0>'], 'indirect_regs': [""<BV64 x0>: ['0x30']""], 'direct_regs': [], 'mem': ['<BV64 x0 + 0x30>'], 'const_mem': []}";[];{'regs': [], 'indirect_regs': [], 'direct_regs': [], 'mem': [], 'const_mem': []};{'regs': ['<BV64 x0>'], 'indirect_regs': [], 'direct_regs': ['<BV64 x0>'], 'mem': ['<BV64 x0 + 0x30>'], 'const_mem': []};{'regs': ['<BV64 x0>'], 'indirect_regs': [], 'direct_regs': ['<BV64 x0>'], 'mem': ['<BV64 x0 + 0x30>'], 'const_mem': []};63.0;0.0;64.0;64.0;[];;;;BaseControlType.NO_BASE;BaseControlType.NO_BASE;BaseControlType.NO_BASE;1;BranchControlType.BRANCH_DEPENDS_ON_SECRET_VALUE;BranchControlType.BRANCH_INDEPENDENT_FROM_SECRET;52160;True;False;True;True;True;False;False;True;True;False;False;False;True;False;True;True;True;False;True;False;[];['has_valid_base'];True;False;True;True;True;False;False;True;True;False;False;False;True;False;True;True;True;False;True;False;[];['has_valid_base']
9679cd2e-1228-493f-bb20-cccb8241d398;selabel_close@@LIBSELINUX_1.0;0xcc80;0xcc94;0x0;TransmitterType.LOAD;6;0;False;['0xcc80'];<BV64 0x58 + x0>;64;[];[];['<BV64 x0>'];[];['<BV64 x0>'];[];[];0;18446744073709551615;18446744073709551615;1;;;True;0;18446744073709551615;18446744073709551615;1;;;True;ControlType.CONTROLLED;0;<BV64 0x58>;64;[];[];[];[];[];[];[];88.0;88.0;0.0;1.0;;;True;88.0;88.0;0.0;1.0;;;True;ControlType.NO_CONTROL;0;<BV64 0x58>;64;[];[];[];[];[];[];[];88;88;0;1.0;;;True;88.0;88.0;0.0;1.0;;;True;ControlType.NO_CONTROL;0;<BV64 x0>;64;[];[];['<BV64 x0>'];[];['<BV64 x0>'];[];[];0.0;1.8446744073709552e+19;18446744073709551615;1;;;True;0.0;1.8446744073709552e+19;18446744073709551615;1;;;True;ControlType.CONTROLLED;0;<BV64 x0>;64;[];[];['<BV64 x0>'];[];['<BV64 x0>'];[];[];0.0;1.8446744073709552e+19;1.8446744073709552e+19;1.0;;;True;0.0;1.8446744073709552e+19;1.8446744073709552e+19;1.0;;;True;ControlType.CONTROLLED;0;<BV64 x0>;64;[];[];[];[];[];[];[];0;0;0;;;;False;0;0;0;;;;False;ControlType.UNKNOWN;0;[];{'regs': [], 'indirect_regs': [], 'direct_regs': [], 'mem': [], 'const_mem': []};[];{'regs': [], 'indirect_regs': [], 'direct_regs': [], 'mem': [], 'const_mem': []};{'regs': ['<BV64 x0>'], 'indirect_regs': [], 'direct_regs': ['<BV64 x0>'], 'mem': [], 'const_mem': []};{'regs': ['<BV64 x0>'], 'indirect_regs': [], 'direct_regs': ['<BV64 x0>'], 'mem': [], 'const_mem': []};63.0;0.0;64.0;64.0;[];;;;BaseControlType.CONSTANT_BASE;BaseControlType.CONSTANT_BASE;BaseControlType.CONSTANT_BASE;0;BranchControlType.BRANCH_INDEPENDENT_FROM_SECRET;BranchControlType.BRANCH_INDEPENDENT_FROM_SECRET;52372;True;False;True;True;True;False;False;True;True;False;False;False;True;False;True;False;True;False;True;False;[];['has_valid_base'];True;False;True;True;True;False;False;True;True;False;False;False;True;False;True;False;True;False;True;False;[];['has_valid_base']
6f8dfd56-cef0-4fd3-ba3f-fa9909d3a478;selabel_close@@LIBSELINUX_1.0;0xcc80;0xc8d4;0xcc94;TransmitterType.LOAD;14;1;False;['0xcc80', '0xcc9c', '0xc8c0'];<BV64 LOAD_64[<BV64 x0 + 0x58>]_23>;64;[('0xcc98', <Bool LOAD_64[<BV64 x0 + 0x58>]_23 != 0x0>, 'Taken')];[];['<BV64 x0>'];"[""<BV64 x0>: ['0x58']""]";[];['<BV64 x0 + 0x58>'];[];0;18446744073709551615;18446744073709551615;1;;;True;1;18446744073709551615;18446744073709551614;1;;;True;ControlType.CONTROLLED;1;;0;[];[];[];[];[];[];[];0.0;0.0;0.0;0.0;;;False;0.0;0.0;0.0;0.0;;;False;ControlType.UNKNOWN;0;;0;[];[];[];[];[];[];[];0;0;0;;;;False;0.0;0.0;0.0;0.0;;;False;ControlType.UNKNOWN;0;<BV64 LOAD_64[<BV64 x0 + 0x58>]_23>;64;[('0xcc98', <Bool LOAD_64[<BV64 x0 + 0x58>]_23 != 0x0>, 'Taken')];[];['<BV64 x0>'];"[""<BV64 x0>: ['0x58']""]";[];['<BV64 x0 + 0x58>'];[];0.0;1.8446744073709552e+19;18446744073709551615;1;;;True;1.0;1.8446744073709552e+19;18446744073709551614;1;;;True;ControlType.CONTROLLED;1;<BV64 x0 + 0x58>;64;[];[];['<BV64 x0>'];[];['<BV64 x0>'];[];[];0.0;1.8446744073709552e+19;1.8446744073709552e+19;1.0;;;True;0.0;1.8446744073709552e+19;1.8446744073709552e+19;1.0;;;True;ControlType.CONTROLLED;0;<BV64 LOAD_64[<BV64 x0 + 0x58>]_23>;64;[];[];[];[];[];[];[];0;0;0;;;;False;0;0;0;;;;False;ControlType.UNKNOWN;1;[('0xcc98', <Bool LOAD_64[<BV64 x0 + 0x58>]_23 != 0x0>, 'Taken'), ('0xcc9c', <Bool True>, 'Taken')];"{'regs': ['<BV64 x0>'], 'indirect_regs': [""<BV64 x0>: ['0x58']""], 'direct_regs': [], 'mem': ['<BV64 x0 + 0x58>'], 'const_mem': []}";[];{'regs': [], 'indirect_regs': [], 'direct_regs': [], 'mem': [], 'const_mem': []};{'regs': ['<BV64 x0>'], 'indirect_regs': [], 'direct_regs': ['<BV64 x0>'], 'mem': ['<BV64 x0 + 0x58>'], 'const_mem': []};{'regs': ['<BV64 x0>'], 'indirect_regs': [], 'direct_regs': ['<BV64 x0>'], 'mem': ['<BV64 x0 + 0x58>'], 'const_mem': []};63.0;0.0;64.0;64.0;[];;;;BaseControlType.NO_BASE;BaseControlType.NO_BASE;BaseControlType.NO_BASE;2;BranchControlType.BRANCH_DEPENDS_ON_SECRET_VALUE;BranchControlType.BRANCH_INDEPENDENT_FROM_SECRET;51412;True;False;True;True;True;False;False;True;True;False;False;False;True;False;True;True;True;False;True;False;[];['has_valid_base'];True;False;True;True;True;False;False;True;True;False;False;False;True;False;True;True;True;False;True;False;[];['has_valid_base']
83a164dc-e1f7-45bb-b103-d300023e19c6;selabel_close@@LIBSELINUX_1.0;0xcc80;0xcca0;0x0;TransmitterType.LOAD;8;0;False;['0xcc80', '0xcca0'];<BV64 0x10 + x0>;64;[];[];['<BV64 x0>'];[];['<BV64 x0>'];[];[];0;18446744073709551615;18446744073709551615;1;;;True;0;18446744073709551615;18446744073709551615;1;;;True;ControlType.CONTROLLED;0;<BV64 0x10>;64;[];[];[];[];[];[];[];16.0;16.0;0.0;1.0;;;True;16.0;16.0;0.0;1.0;;;True;ControlType.NO_CONTROL;0;<BV64 0x10>;64;[];[];[];[];[];[];[];16;16;0;1.0;;;True;16.0;16.0;0.0;1.0;;;True;ControlType.NO_CONTROL;0;<BV64 x0>;64;[];[];['<BV64 x0>'];[];['<BV64 x0>'];[];[];0.0;1.8446744073709552e+19;18446744073709551615;1;;;True;0.0;1.8446744073709552e+19;18446744073709551615;1;;;True;ControlType.CONTROLLED;0;<BV64 x0>;64;[];[];['<BV64 x0>'];[];['<BV64 x0>'];[];[];0.0;1.8446744073709552e+19;1.8446744073709552e+19;1.0;;;True;0.0;1.8446744073709552e+19;1.8446744073709552e+19;1.0;;;True;ControlType.CONTROLLED;0;<BV64 x0>;64;[];[];[];[];[];[];[];0;0;0;;;;False;0;0;0;;;;False;ControlType.UNKNOWN;0;[('0xcc98', <Bool LOAD_64[<BV64 x0 + 0x58>]_23 == 0x0>, 'Taken')];"{'regs': ['<BV64 x0>'], 'indirect_regs': [""<BV64 x0>: ['0x58']""], 'direct_regs': [], 'mem': ['<BV64 x0 + 0x58>'], 'const_mem': []}";[];{'regs': [], 'indirect_regs': [], 'direct_regs': [], 'mem': [], 'const_mem': []};{'regs': ['<BV64 x0>'], 'indirect_regs': [], 'direct_regs': ['<BV64 x0>'], 'mem': [], 'const_mem': []};{'regs': ['<BV64 x0>'], 'indirect_regs': [], 'direct_regs': ['<BV64 x0>'], 'mem': ['<BV64 x0 + 0x58>'], 'const_mem': []};63.0;0.0;64.0;64.0;[];;;;BaseControlType.CONSTANT_BASE;BaseControlType.CONSTANT_BASE;BaseControlType.CONSTANT_BASE;1;BranchControlType.BRANCH_DEPENDS_ON_SECRET_VALUE;BranchControlType.BRANCH_INDEPENDENT_FROM_SECRET;52384;True;False;True;True;True;False;False;True;True;False;False;False;True;False;True;True;True;False;True;False;[];['has_valid_base'];True;False;True;True;True;False;False;True;True;False;False;False;True;False;True;True;True;False;True;False;[];['has_valid_base']
fa9b543f-0d3d-409f-a57a-a690c862a8b3;selabel_close@@LIBSELINUX_1.0;0xcc80;0xcca8;0xcca0;TransmitterType.CODE_LOAD;10;1;False;['0xcc80', '0xcca0'];<BV64 LOAD_64[<BV64 x0 + 0x10>]_30>;64;[];[];['<BV64 x0>'];"[""<BV64 x0>: ['0x10']""]";[];['<BV64 x0 + 0x10>'];[];0;18446744073709551615;18446744073709551615;1;;;True;0;18446744073709551615;18446744073709551615;1;;;True;ControlType.CONTROLLED;1;;0;[];[];[];[];[];[];[];0.0;0.0;0.0;0.0;;;False;0.0;0.0;0.0;0.0;;;False;ControlType.UNKNOWN;0;;0;[];[];[];[];[];[];[];0;0;0;;;;False;0.0;0.0;0.0;0.0;;;False;ControlType.UNKNOWN;0;<BV64 LOAD_64[<BV64 x0 + 0x10>]_30>;64;[];[];['<BV64 x0>'];"[""<BV64 x0>: ['0x10']""]";[];['<BV64 x0 + 0x10>'];[];0.0;1.8446744073709552e+19;18446744073709551615;1;;;True;0.0;1.8446744073709552e+19;18446744073709551615;1;;;True;ControlType.CONTROLLED;1;<BV64 x0 + 0x10>;64;[];[];['<BV64 x0>'];[];['<BV64 x0>'];[];[];0.0;1.8446744073709552e+19;1.8446744073709552e+19;1.0;;;True;0.0;1.8446744073709552e+19;1.8446744073709552e+19;1.0;;;True;ControlType.CONTROLLED;0;<BV64 LOAD_64[<BV64 x0 + 0x10>]_30>;64;[];[];[];[];[];[];[];0;0;0;;;;False;0;0;0;;;;False;ControlType.UNKNOWN;1;[('0xcc98', <Bool LOAD_64[<BV64 x0 + 0x58>]_23 == 0x0>, 'Taken')];"{'regs': ['<BV64 x0>'], 'indirect_regs': [""<BV64 x0>: ['0x58']""], 'direct_regs': [], 'mem': ['<BV64 x0 + 0x58>'], 'const_mem': []}";[];{'regs': [], 'indirect_regs': [], 'direct_regs': [], 'mem': [], 'const_mem': []};{'regs': ['<BV64 x0>'], 'indirect_regs': [], 'direct_regs': ['<BV64 x0>'], 'mem': ['<BV64 x0 + 0x10>'], 'const_mem': []};{'regs': ['<BV64 x0>'], 'indirect_regs': [], 'direct_regs': ['<BV64 x0>'], 'mem': ['<BV64 x0 + 0x10>', '<BV64 x0 + 0x58>'], 'const_mem': []};63.0;0.0;64.0;64.0;[];;;;BaseControlType.NO_BASE;BaseControlType.NO_BASE;BaseControlType.NO_BASE;1;BranchControlType.BRANCH_DEPENDS_ON_SECRET_ADDRESS;BranchControlType.BRANCH_INDEPENDENT_FROM_SECRET;52392;True;False;True;True;True;False;False;True;True;False;False;False;True;False;True;True;True;False;True;False;[];['has_valid_base'];True;False;True;True;True;False;False;True;True;False;False;False;True;False;True;True;True;False;True;False;[];['has_valid_base']
9e399030-d02e-45cf-a89a-2fb6d0fb82ed;security_av_perm_to_string@@LIBSELINUX_1.0;0x1f910;0x13c5c;0x0;TransmitterType.LOAD;18;0;False;['0x1f910', '0x13c00', '0x13c4c'];<BV64 0x4 + LOAD_64[<BV64 0x40250>]_29 + 0x88 * (0#48 .. x0[15:0])>;64;[('0x13c14', <Bool (0x0 .. x0[15:0]) < (0x0 .. LOAD_16[<BV64 0x4024c>]_24)>, 'Taken')];[];['<BV64 x0>'];[];['<BV64 x0>'];[];['<BV64 0x40250>'];0;18446744073709551615;18446744073709551615;1;;;True;0;18446744073709551615;18446744073709551615;1;;;False;ControlType.CONTROLLED;0;<BV64 0x4 + LOAD_64[<BV64 0x40250>]_29>;64;[];[];[];[];[];[];['<BV64 0x40250>'];0.0;1.8446744073709552e+19;1.8446744073709552e+19;1.0;;;True;0.0;1.8446744073709552e+19;1.8446744073709552e+19;1.0;;;True;ControlType.NO_CONTROL;0;<BV64 0x4 + LOAD_64[<BV64 0x40250>]_29>;64;[];[];[];[];[];[];['<BV64 0x40250>'];0;18446744073709551615;18446744073709551615;1.0;;;True;0.0;1.8446744073709552e+19;1.8446744073709552e+19;1.0;;;True;ControlType.NO_CONTROL;0;<BV64 0x88 * (0#48 .. x0[15:0])>;64;[('0x13c14', <Bool (0x0 .. x0[15:0]) < (0x0 .. LOAD_16[<BV64 0x4024c>]_24)>, 'Taken')];[];['<BV64 x0>'];[];['<BV64 x0>'];[];[];0.0;8912760.0;8912760;136;;;True;0.0;8912624.0;8912624;8;;;False;ControlType.CONTROLLED;0;<BV64 x0>;64;[('0x13c14', <Bool (0x0 .. x0[15:0]) < (0x0 .. LOAD_16[<BV64 0x4024c>]_24)>, 'Taken')];[];['<BV64 x0>'];[];['<BV64 x0>'];[];[];0.0;1.8446744073709552e+19;1.8446744073709552e+19;1.0;;;True;0.0;1.8446744073709552e+19;1.8446744073709552e+19;1.0;;;False;ControlType.CONTROLLED;0;<BV64 x0>;64;[];[];[];[];[];[];[];0;0;0;;;;False;0;0;0;;;;False;ControlType.UNKNOWN;0;[('0x13c14', <Bool (0x0 .. x0[15:0]) < (0x0 .. LOAD_16[<BV64 0x4024c>]_24)>, 'Taken'), ('0x1f928', <Bool True>, 'Taken')];{'regs': ['<BV64 x0>'], 'indirect_regs': [], 'direct_regs': ['<BV64 x0>'], 'mem': [], 'const_mem': ['<BV64 0x4024c>']};[];{'regs': [], 'indirect_regs': [], 'direct_regs': [], 'mem': [], 'const_mem': []};{'regs': ['<BV64 x0>'], 'indirect_regs': [], 'direct_regs': ['<BV64 x0>'], 'mem': [], 'const_mem': ['<BV64 0x40250>']};{'regs': ['<BV64 x0>'], 'indirect_regs': [], 'direct_regs': ['<BV64 x0>'], 'mem': [], 'const_mem': ['<BV64 0x4024c>', '<BV64 0x40250>']};23.0;0.0;24.0;16.0;[];;;;BaseControlType.CONSTANT_BASE;BaseControlType.CONSTANT_BASE;BaseControlType.CONSTANT_BASE;2;BranchControlType.BRANCH_DEPENDS_ON_UNCONTROLLED;BranchControlType.BRANCH_INDEPENDENT_FROM_SECRET;80988;True;True;True;True;True;False;False;False;True;False;False;False;True;False;True;False;True;True;True;True;['perform_out_of_place_training'];[];True;True;True;True;True;False;False;False;True;False;False;False;True;False;True;False;True;True;True;True;['perform_out_of_place_training'];[]
3adc6e71-c9fe-4714-8d97-041a9d5bdd6e;security_av_perm_to_string@@LIBSELINUX_1.0;0x1f910;0x13c8c;0x0;TransmitterType.LOAD;30;0;False;['0x1f910', '0x13c00', '0x13c4c', '0x13c64', '0x13c8c'];<BV64 0x8 + LOAD_64[<BV64 0x40250>]_29 + 0x88 * (0#48 .. x0[15:0])>;64;[('0x13c14', <Bool (0x0 .. x0[15:0]) < (0x0 .. LOAD_16[<BV64 0x4024c>]_24)>, 'Taken')];[];['<BV64 x0>'];[];['<BV64 x0>'];[];['<BV64 0x40250>'];0;18446744073709551615;18446744073709551615;1;;;True;0;18446744073709551615;18446744073709551615;1;;;False;ControlType.CONTROLLED;0;<BV64 0x8 + LOAD_64[<BV64 0x40250>]_29>;64;[];[];[];[];[];[];['<BV64 0x40250>'];0.0;1.8446744073709552e+19;1.8446744073709552e+19;1.0;;;True;0.0;1.8446744073709552e+19;1.8446744073709552e+19;1.0;;;True;ControlType.NO_CONTROL;0;<BV64 0x8 + LOAD_64[<BV64 0x40250>]_29>;64;[];[];[];[];[];[];['<BV64 0x40250>'];0;18446744073709551615;18446744073709551615;1.0;;;True;0.0;1.8446744073709552e+19;1.8446744073709552e+19;1.0;;;True;ControlType.NO_CONTROL;0;<BV64 0x88 * (0#48 .. x0[15:0])>;64;[('0x13c14', <Bool (0x0 .. x0[15:0]) < (0x0 .. LOAD_16[<BV64 0x4024c>]_24)>, 'Taken')];[];['<BV64 x0>'];[];['<BV64 x0>'];[];[];0.0;8912760.0;8912760;136;;;True;0.0;8912624.0;8912624;8;;;False;ControlType.CONTROLLED;0;<BV64 x0>;64;[('0x13c14', <Bool (0x0 .. x0[15:0]) < (0x0 .. LOAD_16[<BV64 0x4024c>]_24)>, 'Taken')];[];['<BV64 x0>'];[];['<BV64 x0>'];[];[];0.0;1.8446744073709552e+19;1.8446744073709552e+19;1.0;;;True;0.0;1.8446744073709552e+19;1.8446744073709552e+19;1.0;;;False;ControlType.CONTROLLED;0;<BV64 x0>;64;[];[];[];[];[];[];[];0;0;0;;;;False;0;0;0;;;;False;ControlType.UNKNOWN;0;[('0x13c14', <Bool (0x0 .. x0[15:0]) < (0x0 .. LOAD_16[<BV64 0x4024c>]_24)>, 'Taken'), ('0x13c60', <Bool LOAD_32[<BV64 LOAD_64[<BV64 0x40250>]_29 + (0#32 .. (0x0 .. x0[15:0])) * 0x88 + 0x4>]_30 != 0x0>, 'Taken'), ('0x13c88', <Bool (0x1 & x1[31:0]) != 0x0>, 'Taken'), ('0x1f928', <Bool True>, 'Taken')];{'regs': ['<BV64 x0>', '<BV64 x1>'], 'indirect_regs': [], 'direct_regs': ['<BV64 x0>', '<BV64 x1>'], 'mem': ['<BV64 LOAD_64[<BV64 0x40250>]_29 + (0#32 .. (0x0 .. x0[15:0])) * 0x88 + 0x4>'], 'const_mem': ['<BV64 0x4024c>', '<BV64 0x40250>']};[];{'regs': [], 'indirect_regs': [], 'direct_regs': [], 'mem': [], 'const_mem': []};{'regs': ['<BV64 x0>'], 'indirect_regs': [], 'direct_regs': ['<BV64 x0>'], 'mem': [], 'const_mem': ['<BV64 0x40250>']};{'regs': ['<BV64 x0>', '<BV64 x1>'], 'indirect_regs': [], 'direct_regs': ['<BV64 x0>', '<BV64 x1>'], 'mem': ['<BV64 LOAD_64[<BV64 0x40250>]_29 + (0#32 .. (0x0 .. x0[15:0])) * 0x88 + 0x4>'], 'const_mem': ['<BV64 0x4024c>', '<BV64 0x40250>']};23.0;0.0;24.0;16.0;[];;;;BaseControlType.CONSTANT_BASE;BaseControlType.CONSTANT_BASE;BaseControlType.CONSTANT_BASE;4;BranchControlType.BRANCH_DEPENDS_ON_UNCONTROLLED;BranchControlType.BRANCH_INDEPENDENT_FROM_SECRET;81036;True;True;True;True;True;False;False;False;True;False;False;False;True;False;True;False;True;True;True;True;['perform_out_of_place_training'];[];True;True;True;True;True;False;False;False;True;False;False;False;True;False;True;False;True;True;True;True;['perform_out_of_place_training'];[]
15bffc48-750b-4384-9fc3-da12d8ca4261;selabel_digest@@LIBSELINUX_1.0;0xcc20;0xcc24;0x0;TransmitterType.LOAD;2;0;False;['0xcc20'];<BV64 0x58 + x0>;64;[];[];['<BV64 x0>'];[];['<BV64 x0>'];[];[];0;18446744073709551615;18446744073709551615;1;;;True;0;18446744073709551615;18446744073709551615;1;;;True;ControlType.CONTROLLED;0;<BV64 0x58>;64;[];[];[];[];[];[];[];88.0;88.0;0.0;1.0;;;True;88.0;88.0;0.0;1.0;;;True;ControlType.NO_CONTROL;0;<BV64 0x58>;64;[];[];[];[];[];[];[];88;88;0;1.0;;;True;88.0;88.0;0.0;1.0;;;True;ControlType.NO_CONTROL;0;<BV64 x0>;64;[];[];['<BV64 x0>'];[];['<BV64 x0>'];[];[];0.0;1.8446744073709552e+19;18446744073709551615;1;;;True;0.0;1.8446744073709552e+19;18446744073709551615;1;;;True;ControlType.CONTROLLED;0;<BV64 x0>;64;[];[];['<BV64 x0>'];[];['<BV64 x0>'];[];[];0.0;1.8446744073709552e+19;1.8446744073709552e+19;1.0;;;True;0.0;1.8446744073709552e+19;1.8446744073709552e+19;1.0;;;True;ControlType.CONTROLLED;0;<BV64 x0>;64;[];[];[];[];[];[];[];0;0;0;;;;False;0;0;0;;;;False;ControlType.UNKNOWN;0;[];{'regs': [], 'indirect_regs': [], 'direct_regs': [], 'mem': [], 'const_mem': []};[];{'regs': [], 'indirect_regs': [], 'direct_regs': [], 'mem': [], 'const_mem': []};{'regs': ['<BV64 x0>'], 'indirect_regs': [], 'direct_regs': ['<BV64 x0>'], 'mem': [], 'const_mem': []};{'regs': ['<BV64 x0>'], 'indirect_regs': [], 'direct_regs': ['<BV64 x0>'], 'mem': [], 'const_mem': []};63.0;0.0;64.0;64.0;[];;;;BaseControlType.CONSTANT_BASE;BaseControlType.CONSTANT_BASE;BaseControlType.CONSTANT_BASE;0;BranchControlType.BRANCH_INDEPENDENT_FROM_SECRET;BranchControlType.BRANCH_INDEPENDENT_FROM_SECRET;52260;True;False;True;True;True;False;False;True;True;False;False;False;True;False;True;False;True;False;True;False;[];['has_valid_base'];True;False;True;True;True;False;False;True;True;False;False;False;True;False;True;False;True;False;True;False;[];['has_valid_base']
22db9c2f-28e0-4fac-908e-9752bcf4c074;selabel_digest@@LIBSELINUX_1.0;0xcc20;0xcc2c;0xcc20;TransmitterType.LOAD;4;1;False;['0xcc20', '0xcc2c'];<BV64 LOAD_64[<BV64 x0 + 0x58>]_20>;64;[('0xcc28', <Bool LOAD_64[<BV64 x0 + 0x58>]_20 != 0x0>, 'Taken')];[];['<BV64 x0>'];"[""<BV64 x0>: ['0x58']""]";[];['<BV64 x0 + 0x58>'];[];0;18446744073709551615;18446744073709551615;1;;;True;1;18446744073709551615;18446744073709551614;1;;;True;ControlType.CONTROLLED;1;;0;[];[];[];[];[];[];[];0.0;0.0;0.0;0.0;;;False;0.0;0.0;0.0;0.0;;;False;ControlType.UNKNOWN;0;;0;[];[];[];[];[];[];[];0;0;0;;;;False;0.0;0.0;0.0;0.0;;;False;ControlType.UNKNOWN;0;<BV64 LOAD_64[<BV64 x0 + 0x58>]_20>;64;[('0xcc28', <Bool LOAD_64[<BV64 x0 + 0x58>]_20 != 0x0>, 'Taken')];[];['<BV64 x0>'];"[""<BV64 x0>: ['0x58']""]";[];['<BV64 x0 + 0x58>'];[];0.0;1.8446744073709552e+19;18446744073709551615;1;;;True;1.0;1.8446744073709552e+19;18446744073709551614;1;;;True;ControlType.CONTROLLED;1;<BV64 x0 + 0x58>;64;[];[];['<BV64 x0>'];[];['<BV64 x0>'];[];[];0.0;1.8446744073709552e+19;1.8446744073709552e+19;1.0;;;True;0.0;1.8446744073709552e+19;1.8446744073709552e+19;1.0;;;True;ControlType.CONTROLLED;0;<BV64 LOAD_64[<BV64 x0 + 0x58>]_20>;64;[];[];[];[];[];[];[];0;0;0;;;;False;0;0;0;;;;False;ControlType.UNKNOWN;1;[('0xcc28', <Bool LOAD_64[<BV64 x0 + 0x58>]_20 != 0x0>, 'Taken')];"{'regs': ['<BV64 x0>'], 'indirect_regs': [""<BV64 x0>: ['0x58']""], 'direct_regs': [], 'mem': ['<BV64 x0 + 0x58>'], 'const_mem': []}";[];{'regs': [], 'indirect_regs': [], 'direct_regs': [], 'mem': [], 'const_mem': []};{'regs': ['<BV64 x0>'], 'indirect_regs': [], 'direct_regs': ['<BV64 x0>'], 'mem': ['<BV64 x0 + 0x58>'], 'const_mem': []};{'regs': ['<BV64 x0>'], 'indirect_regs': [], 'direct_regs': ['<BV64 x0>'], 'mem': ['<BV64 x0 + 0x58>'], 'const_mem': []};63.0;0.0;64.0;64.0;[];;;;BaseControlType.NO_BASE;BaseControlType.NO_BASE;BaseControlType.NO_BASE;1;BranchControlType.BRANCH_DEPENDS_ON_SECRET_VALUE;BranchControlType.BRANCH_INDEPENDENT_FROM_SECRET;52268;True;False;True;True;True;False;False;True;True;False;False;False;True;False;True;True;True;False;True;False;[];['has_valid_base'];True;False;True;True;True;False;False;True;True;False;False;False;True;False;True;True;True;False;True;False;[];['has_valid_base']
1d3842b9-c1eb-4c50-a547-627d0df1a61a;selabel_digest@@LIBSELINUX_1.0;0xcc20;0xcc40;0xcc20;TransmitterType.LOAD;9;1;False;['0xcc20', '0xcc2c'];<BV64 0x18 + LOAD_64[<BV64 x0 + 0x58>]_20>;64;[('0xcc28', <Bool LOAD_64[<BV64 x0 + 0x58>]_20 != 0x0>, 'Taken')];[];['<BV64 x0>'];"[""<BV64 x0>: ['0x58']""]";[];['<BV64 x0 + 0x58>'];[];0;18446744073709551615;18446744073709551615;1;;;True;25;23;18446744073709551614;1;;;True;ControlType.CONTROLLED;1;<BV64 0x18>;64;[];[];[];[];[];[];[];24.0;24.0;0.0;1.0;;;True;24.0;24.0;0.0;1.0;;;True;ControlType.NO_CONTROL;0;<BV64 0x18>;64;[];[];[];[];[];[];[];24;24;0;1.0;;;True;24.0;24.0;0.0;1.0;;;True;ControlType.NO_CONTROL;0;<BV64 LOAD_64[<BV64 x0 + 0x58>]_20>;64;[('0xcc28', <Bool LOAD_64[<BV64 x0 + 0x58>]_20 != 0x0>, 'Taken')];[];['<BV64 x0>'];"[""<BV64 x0>: ['0x58']""]";[];['<BV64 x0 + 0x58>'];[];0.0;1.8446744073709552e+19;18446744073709551615;1;;;True;1.0;1.8446744073709552e+19;18446744073709551614;1;;;True;ControlType.CONTROLLED;1;<BV64 x0 + 0x58>;64;[];[];['<BV64 x0>'];[];['<BV64 x0>'];[];[];0.0;1.8446744073709552e+19;1.8446744073709552e+19;1.0;;;True;0.0;1.8446744073709552e+19;1.8446744073709552e+19;1.0;;;True;ControlType.CONTROLLED;0;<BV64 LOAD_64[<BV64 x0 + 0x58>]_20>;64;[];[];[];[];[];[];[];0;0;0;;;;False;0;0;0;;;;False;ControlType.UNKNOWN;1;[('0xcc28', <Bool LOAD_64[<BV64 x0 + 0x58>]_20 != 0x0>, 'Taken')];"{'regs': ['<BV64 x0>'], 'indirect_regs': [""<BV64 x0>: ['0x58']""], 'direct_regs': [], 'mem': ['<BV64 x0 + 0x58>'], 'const_mem': []}";[];{'regs': [], 'indirect_regs': [], 'direct_regs': [], 'mem': [], 'const_mem': []};{'regs': ['<BV64 x0>'], 'indirect_regs': [], 'direct_regs': ['<BV64 x0>'], 'mem': ['<BV64 x0 + 0x58>'], 'const_mem': []};{'regs': ['<BV64 x0>'], 'indirect_regs': [], 'direct_regs': ['<BV64 x0>'], 'mem': ['<BV64 x0 + 0x58>'], 'const_mem': []};63.0;0.0;64.0;64.0;[];;;;BaseControlType.CONSTANT_BASE;BaseControlType.CONSTANT_BASE;BaseControlType.CONSTANT_BASE;1;BranchControlType.BRANCH_DEPENDS_ON_SECRET_VALUE;BranchControlType.BRANCH_INDEPENDENT_FROM_SECRET;52288;True;False;True;True;True;False;False;True;True;False;False;False;True;False;True;True;True;False;True;False;[];['has_valid_base'];True;False;True;True;True;False;False;True;True;False;False;False;True;False;True;True;True;False;True;False;[];['has_valid_base']
c6c0bcea-8df0-437f-8597-e209f0ad4d37;selabel_digest@@LIBSELINUX_1.0;0xcc20;0xcc40;0xcc20;TransmitterType.LOAD;9;1;False;['0xcc20', '0xcc2c'];<BV64 0x20 + LOAD_64[<BV64 x0 + 0x58>]_20>;64;[('0xcc28', <Bool LOAD_64[<BV64 x0 + 0x58>]_20 != 0x0>, 'Taken')];[];['<BV64 x0>'];"[""<BV64 x0>: ['0x58']""]";[];['<BV64 x0 + 0x58>'];[];0;18446744073709551615;18446744073709551615;1;;;True;33;31;18446744073709551614;1;;;True;ControlType.CONTROLLED;1;<BV64 0x20>;64;[];[];[];[];[];[];[];32.0;32.0;0.0;1.0;;;True;32.0;32.0;0.0;1.0;;;True;ControlType.NO_CONTROL;0;<BV64 0x20>;64;[];[];[];[];[];[];[];32;32;0;1.0;;;True;32.0;32.0;0.0;1.0;;;True;ControlType.NO_CONTROL;0;<BV64 LOAD_64[<BV64 x0 + 0x58>]_20>;64;[('0xcc28', <Bool LOAD_64[<BV64 x0 + 0x58>]_20 != 0x0>, 'Taken')];[];['<BV64 x0>'];"[""<BV64 x0>: ['0x58']""]";[];['<BV64 x0 + 0x58>'];[];0.0;1.8446744073709552e+19;18446744073709551615;1;;;True;1.0;1.8446744073709552e+19;18446744073709551614;1;;;True;ControlType.CONTROLLED;1;<BV64 x0 + 0x58>;64;[];[];['<BV64 x0>'];[];['<BV64 x0>'];[];[];0.0;1.8446744073709552e+19;1.8446744073709552e+19;1.0;;;True;0.0;1.8446744073709552e+19;1.8446744073709552e+19;1.0;;;True;ControlType.CONTROLLED;0;<BV64 LOAD_64[<BV64 x0 + 0x58>]_20>;64;[];[];[];[];[];[];[];0;0;0;;;;False;0;0;0;;;;False;ControlType.UNKNOWN;1;[('0xcc28', <Bool LOAD_64[<BV64 x0 + 0x58>]_20 != 0x0>, 'Taken')];"{'regs': ['<BV64 x0>'], 'indirect_regs': [""<BV64 x0>: ['0x58']""], 'direct_regs': [], 'mem': ['<BV64 x0 + 0x58>'], 'const_mem': []}";[];{'regs': [], 'indirect_regs': [], 'direct_regs': [], 'mem': [], 'const_mem': []};{'regs': ['<BV64 x0>'], 'indirect_regs': [], 'direct_regs': ['<BV64 x0>'], 'mem': ['<BV64 x0 + 0x58>'], 'const_mem': []};{'regs': ['<BV64 x0>'], 'indirect_regs': [], 'direct_regs': ['<BV64 x0>'], 'mem': ['<BV64 x0 + 0x58>'], 'const_mem': []};63.0;0.0;64.0;64.0;[];;;;BaseControlType.CONSTANT_BASE;BaseControlType.CONSTANT_BASE;BaseControlType.CONSTANT_BASE;1;BranchControlType.BRANCH_DEPENDS_ON_SECRET_VALUE;BranchControlType.BRANCH_INDEPENDENT_FROM_SECRET;52288;True;False;True;True;True;False;False;True;True;False;False;False;True;False;True;True;True;False;True;False;[];['has_valid_base'];True;False;True;True;True;False;False;True;True;False;False;False;True;False;True;True;True;False;True;False;[];['has_valid_base']
c29979d4-28d9-4c22-9c48-1c6d022f114f;selabel_lookup_best_match@@LIBSELINUX_1.0;0xeba0;0xebb4;0x0;TransmitterType.LOAD;6;0;False;['0xeba0'];<BV64 0x38 + x0>;64;[];[];['<BV64 x0>'];[];['<BV64 x0>'];[];[];0;18446744073709551615;18446744073709551615;1;;;True;0;18446744073709551615;18446744073709551615;1;;;True;ControlType.CONTROLLED;0;<BV64 0x38>;64;[];[];[];[];[];[];[];56.0;56.0;0.0;1.0;;;True;56.0;56.0;0.0;1.0;;;True;ControlType.NO_CONTROL;0;<BV64 0x38>;64;[];[];[];[];[];[];[];56;56;0;1.0;;;True;56.0;56.0;0.0;1.0;;;True;ControlType.NO_CONTROL;0;<BV64 x0>;64;[];[];['<BV64 x0>'];[];['<BV64 x0>'];[];[];0.0;1.8446744073709552e+19;18446744073709551615;1;;;True;0.0;1.8446744073709552e+19;18446744073709551615;1;;;True;ControlType.CONTROLLED;0;<BV64 x0>;64;[];[];['<BV64 x0>'];[];['<BV64 x0>'];[];[];0.0;1.8446744073709552e+19;1.8446744073709552e+19;1.0;;;True;0.0;1.8446744073709552e+19;1.8446744073709552e+19;1.0;;;True;ControlType.CONTROLLED;0;<BV64 x0>;64;[];[];[];[];[];[];[];0;0;0;;;;False;0;0;0;;;;False;ControlType.UNKNOWN;0;[];{'regs': [], 'indirect_regs': [], 'direct_regs': [], 'mem': [], 'const_mem': []};[];{'regs': [], 'indirect_regs': [], 'direct_regs': [], 'mem': [], 'const_mem': []};{'regs': ['<BV64 x0>'], 'indirect_regs': [], 'direct_regs': ['<BV64 x0>'], 'mem': [], 'const_mem': []};{'regs': ['<BV64 x0>'], 'indirect_regs': [], 'direct_regs': ['<BV64 x0>'], 'mem': [], 'const_mem': []};63.0;0.0;64.0;64.0;[];;;;BaseControlType.CONSTANT_BASE;BaseControlType.CONSTANT_BASE;BaseControlType.CONSTANT_BASE;0;BranchControlType.BRANCH_INDEPENDENT_FROM_SECRET;BranchControlType.BRANCH_INDEPENDENT_FROM_SECRET;60340;True;False;True;True;True;False;False;True;True;False;False;False;True;False;True;False;True;False;True;False;[];['has_valid_base'];True;False;True;True;True;False;False;True;True;False;False;False;True;False;True;False;True;False;True;False;[];['has_valid_base']
c4725401-0fc1-4fa1-8bc6-962a86959ee9;selabel_lookup_best_match@@LIBSELINUX_1.0;0xeba0;0xeb48;0x0;TransmitterType.LOAD;23;0;False;['0xeba0', '0xebbc', '0xeb20', '0xeb40'];<BV64 0x38 + x0>;64;[];[];['<BV64 x0>'];[];['<BV64 x0>'];[];[];0;18446744073709551615;18446744073709551615;1;;;True;0;18446744073709551615;18446744073709551615;1;;;True;ControlType.CONTROLLED;0;<BV64 0x38>;64;[];[];[];[];[];[];[];56.0;56.0;0.0;1.0;;;True;56.0;56.0;0.0;1.0;;;True;ControlType.NO_CONTROL;0;<BV64 0x38>;64;[];[];[];[];[];[];[];56;56;0;1.0;;;True;56.0;56.0;0.0;1.0;;;True;ControlType.NO_CONTROL;0;<BV64 x0>;64;[];[];['<BV64 x0>'];[];['<BV64 x0>'];[];[];0.0;1.8446744073709552e+19;18446744073709551615;1;;;True;0.0;1.8446744073709552e+19;18446744073709551615;1;;;True;ControlType.CONTROLLED;0;<BV64 x0>;64;[];[];['<BV64 x0>'];[];['<BV64 x0>'];[];[];0.0;1.8446744073709552e+19;1.8446744073709552e+19;1.0;;;True;0.0;1.8446744073709552e+19;1.8446744073709552e+19;1.0;;;True;ControlType.CONTROLLED;0;<BV64 x0>;64;[];[];[];[];[];[];[];0;0;0;;;;False;0;0;0;;;;False;ControlType.UNKNOWN;0;[('0xeb3c', <Bool x2 != 0x0>, 'Taken'), ('0xebb8', <Bool LOAD_64[<BV64 x0 + 0x38>]_23 != 0x0>, 'Taken'), ('0xebcc', <Bool True>, 'Taken')];"{'regs': ['<BV64 x0>', '<BV64 x2>'], 'indirect_regs': [""<BV64 x0>: ['0x38']""], 'direct_regs': ['<BV64 x2>'], 'mem': ['<BV64 x0 + 0x38>'], 'const_mem': []}";[];{'regs': [], 'indirect_regs': [], 'direct_regs': [], 'mem': [], 'const_mem': []};{'regs': ['<BV64 x0>'], 'indirect_regs': [], 'direct_regs': ['<BV64 x0>'], 'mem': [], 'const_mem': []};{'regs': ['<BV64 x0>', '<BV64 x2>'], 'indirect_regs': [], 'direct_regs': ['<BV64 x0>', '<BV64 x2>'], 'mem': ['<BV64 x0 + 0x38>'], 'const_mem': []};63.0;0.0;64.0;64.0;[];;;;BaseControlType.CONSTANT_BASE;BaseControlType.CONSTANT_BASE;BaseControlType.CONSTANT_BASE;3;BranchControlType.BRANCH_DEPENDS_ON_SECRET_VALUE;BranchControlType.BRANCH_INDEPENDENT_FROM_SECRET;60232;True;False;True;True;True;False;False;True;True;False;False;False;True;False;True;True;True;False;True;False;[];['has_valid_base'];True;False;True;True;True;False;False;True;True;False;False;False;True;False;True;True;True;False;True;False;[];['has_valid_base']
66c6dfa4-bc85-4d8f-9dc5-1d1b69a6b1c7;selabel_lookup_best_match@@LIBSELINUX_1.0;0xeba0;0xeb4c;0xeb48;TransmitterType.CODE_LOAD;24;1;False;['0xeba0', '0xebbc', '0xeb20', '0xeb40'];<BV64 LOAD_64[<BV64 x0 + 0x38>]_29>;64;[];[];['<BV64 x0>'];"[""<BV64 x0>: ['0x38']""]";[];['<BV64 x0 + 0x38>'];[];0;18446744073709551615;18446744073709551615;1;;;True;0;18446744073709551615;18446744073709551615;1;;;True;ControlType.CONTROLLED;1;;0;[];[];[];[];[];[];[];0.0;0.0;0.0;0.0;;;False;0.0;0.0;0.0;0.0;;;False;ControlType.UNKNOWN;0;;0;[];[];[];[];[];[];[];0;0;0;;;;False;0.0;0.0;0.0;0.0;;;False;ControlType.UNKNOWN;0;<BV64 LOAD_64[<BV64 x0 + 0x38>]_29>;64;[];[];['<BV64 x0>'];"[""<BV64 x0>: ['0x38']""]";[];['<BV64 x0 + 0x38>'];[];0.0;1.8446744073709552e+19;18446744073709551615;1;;;True;0.0;1.8446744073709552e+19;18446744073709551615;1;;;True;ControlType.CONTROLLED;1;<BV64 x0 + 0x38>;64;[];[];['<BV64 x0>'];[];['<BV64 x0>'];[];[];0.0;1.8446744073709552e+19;1.8446744073709552e+19;1.0;;;True;0.0;1.8446744073709552e+19;1.8446744073709552e+19;1.0;;;True;ControlType.CONTROLLED;0;<BV64 LOAD_64[<BV64 x0 + 0x38>]_29>;64;[];[];[];[];[];[];[];0;0;0;;;;False;0;0;0;;;;False;ControlType.UNKNOWN;1;[('0xeb3c', <Bool x2 != 0x0>, 'Taken'), ('0xebb8', <Bool LOAD_64[<BV64 x0 + 0x38>]_23 != 0x0>, 'Taken'), ('0xebcc', <Bool True>, 'Taken')];"{'regs': ['<BV64 x0>', '<BV64 x2>'], 'indirect_regs': [""<BV64 x0>: ['0x38']""], 'direct_regs': ['<BV64 x2>'], 'mem': ['<BV64 x0 + 0x38>'], 'const_mem': []}";[];{'regs': [], 'indirect_regs': [], 'direct_regs': [], 'mem': [], 'const_mem': []};{'regs': ['<BV64 x0>'], 'indirect_regs': [], 'direct_regs': ['<BV64 x0>'], 'mem': ['<BV64 x0 + 0x38>'], 'const_mem': []};{'regs': ['<BV64 x0>', '<BV64 x2>'], 'indirect_regs': [], 'direct_regs': ['<BV64 x0>', '<BV64 x2>'], 'mem': ['<BV64 x0 + 0x38>'], 'const_mem': []};63.0;0.0;64.0;64.0;[];;;;BaseControlType.NO_BASE;BaseControlType.NO_BASE;BaseControlType.NO_BASE;3;BranchControlType.BRANCH_DEPENDS_ON_SECRET_ADDRESS;BranchControlType.BRANCH_INDEPENDENT_FROM_SECRET;60236;True;False;True;True;True;False;False;True;True;False;False;False;True;False;True;True;True;False;True;False;[];['has_valid_base'];True;False;True;True;True;False;False;True;True;False;False;False;True;False;True;True;True;False;True;False;[];['has_valid_base']
b6176dc7-0f62-4d87-9bc9-56b273f32502;selabel_open@@LIBSELINUX_1.0;0xc930;0xc95c;0x0;TransmitterType.LOAD;12;0;False;['0xc930', '0xc948'];<BV64 0x3f820 + (0#29 .. (0#3 .. x0[31:0]) << 0x3)>;64;[];[];['<BV64 x0>'];[];['<BV64 x0>'];[];[];260128;34359998488;34359738360;8;;;True;260128;260168;40;8;;;True;ControlType.CONTROLLED;0;<BV64 0x3f820>;64;[];[];[];[];[];[];[];260128.0;260128.0;0.0;1.0;;;True;260128.0;260128.0;0.0;1.0;;;True;ControlType.NO_CONTROL;0;<BV64 0x3f820>;64;[];[];[];[];[];[];[];260128;260128;0;1.0;;;True;260128.0;260128.0;0.0;1.0;;;True;ControlType.NO_CONTROL;0;<BV64 0#29 .. (0#3 .. x0[31:0]) << 0x3>;64;[];[];['<BV64 x0>'];[];['<BV64 x0>'];[];[];0.0;34359738360.0;34359738360;8;;;True;0.0;40.0;40;8;;;True;ControlType.CONTROLLED;0;<BV64 x0>;64;[];[];['<BV64 x0>'];[];['<BV64 x0>'];[];[];0.0;1.8446744073709552e+19;1.8446744073709552e+19;1.0;;;True;0.0;1.8446744069414584e+19;1.8446744069414584e+19;1.0;;;True;ControlType.CONTROLLED;0;<BV64 x0>;64;[];[];[];[];[];[];[];0;0;0;;;;False;0;0;0;;;;False;ControlType.UNKNOWN;0;[('0xc944', <Bool 0x5 >= x0[31:0]>, 'Taken')];{'regs': ['<BV64 x0>'], 'indirect_regs': [], 'direct_regs': ['<BV64 x0>'], 'mem': [], 'const_mem': []};[];{'regs': [], 'indirect_regs': [], 'direct_regs': [], 'mem': [], 'const_mem': []};{'regs': ['<BV64 x0>'], 'indirect_regs': [], 'direct_regs': ['<BV64 x0>'], 'mem': [], 'const_mem': []};{'regs': ['<BV64 x0>', '<BV64 x0>'], 'indirect_regs': [], 'direct_regs': ['<BV64 x0>', '<BV64 x0>'], 'mem': [], 'const_mem': []};34.0;3.0;32.0;32.0;[];;;;BaseControlType.CONSTANT_BASE;BaseControlType.CONSTANT_BASE;BaseControlType.CONSTANT_BASE;1;BranchControlType.BRANCH_INDEPENDENT_FROM_SECRET;BranchControlType.BRANCH_INDEPENDENT_FROM_SECRET;51548;True;False;True;True;True;False;False;True;True;False;False;False;True;False;True;False;True;False;True;False;[];['has_valid_base'];True;False;True;True;True;False;False;True;True;False;False;False;True;False;True;False;True;False;True;False;[];['has_valid_base']
ad5ce2c8-b47b-4ba9-bc33-44244a31906d;selinux_restorecon_set_exclude_list@@LIBSELINUX_1.0;0x18c00;0x18c20;0x0;TransmitterType.LOAD;9;0;False;['0x18c00'];<BV64 x0>;64;[];[];['<BV64 x0>'];[];['<BV64 x0>'];[];[];0;18446744073709551615;18446744073709551615;1;;;True;0;18446744073709551615;18446744073709551615;1;;;True;ControlType.CONTROLLED;0;;0;[];[];[];[];[];[];[];0.0;0.0;0.0;0.0;;;False;0.0;0.0;0.0;0.0;;;False;ControlType.UNKNOWN;0;;0;[];[];[];[];[];[];[];0;0;0;;;;False;0.0;0.0;0.0;0.0;;;False;ControlType.UNKNOWN;0;<BV64 x0>;64;[];[];['<BV64 x0>'];[];['<BV64 x0>'];[];[];0.0;1.8446744073709552e+19;18446744073709551615;1;;;True;0.0;1.8446744073709552e+19;18446744073709551615;1;;;True;ControlType.CONTROLLED;0;<BV64 x0>;64;[];[];['<BV64 x0>'];[];['<BV64 x0>'];[];[];0.0;1.8446744073709552e+19;1.8446744073709552e+19;1.0;;;True;0.0;1.8446744073709552e+19;1.8446744073709552e+19;1.0;;;True;ControlType.CONTROLLED;0;<BV64 x0>;64;[];[];[];[];[];[];[];0;0;0;;;;False;0;0;0;;;;False;ControlType.UNKNOWN;0;[];{'regs': [], 'indirect_regs': [], 'direct_regs': [], 'mem': [], 'const_mem': []};[];{'regs': [], 'indirect_regs': [], 'direct_regs': [], 'mem': [], 'const_mem': []};{'regs': ['<BV64 x0>'], 'indirect_regs': [], 'direct_regs': ['<BV64 x0>'], 'mem': [], 'const_mem': []};{'regs': ['<BV64 x0>'], 'indirect_regs': [], 'direct_regs': ['<BV64 x0>'], 'mem': [], 'const_mem': []};63.0;0.0;64.0;64.0;[];;;;BaseControlType.NO_BASE;BaseControlType.NO_BASE;BaseControlType.NO_BASE;0;BranchControlType.BRANCH_INDEPENDENT_FROM_SECRET;BranchControlType.BRANCH_INDEPENDENT_FROM_SECRET;101408;True;False;True;True;True;False;False;True;True;False;False;False;True;False;True;False;True;False;True;False;[];['has_valid_base'];True;False;True;True;True;False;False;True;True;False;False;False;True;False;True;False;True;False;True;False;[];['has_valid_base']
06f7ca2e-f2bc-47a3-9cd2-4d54a959ba3a;context_role_get@@LIBSELINUX_1.0;0xaa6c;0xaa78;0x0;TransmitterType.LOAD;4;0;False;['0xaa6c'];<BV64 x0>;64;[];[];['<BV64 x0>'];[];['<BV64 x0>'];[];[];0;18446744073709551615;18446744073709551615;1;;;True;0;18446744073709551615;18446744073709551615;1;;;True;ControlType.CONTROLLED;0;;0;[];[];[];[];[];[];[];0.0;0.0;0.0;0.0;;;False;0.0;0.0;0.0;0.0;;;False;ControlType.UNKNOWN;0;;0;[];[];[];[];[];[];[];0;0;0;;;;False;0.0;0.0;0.0;0.0;;;False;ControlType.UNKNOWN;0;<BV64 x0>;64;[];[];['<BV64 x0>'];[];['<BV64 x0>'];[];[];0.0;1.8446744073709552e+19;18446744073709551615;1;;;True;0.0;1.8446744073709552e+19;18446744073709551615;1;;;True;ControlType.CONTROLLED;0;<BV64 x0>;64;[];[];['<BV64 x0>'];[];['<BV64 x0>'];[];[];0.0;1.8446744073709552e+19;1.8446744073709552e+19;1.0;;;True;0.0;1.8446744073709552e+19;1.8446744073709552e+19;1.0;;;True;ControlType.CONTROLLED;0;<BV64 x0>;64;[];[];[];[];[];[];[];0;0;0;;;;False;0;0;0;;;;False;ControlType.UNKNOWN;0;[];{'regs': [], 'indirect_regs': [], 'direct_regs': [], 'mem': [], 'const_mem': []};[];{'regs': [], 'indirect_regs': [], 'direct_regs': [], 'mem': [], 'const_mem': []};{'regs': ['<BV64 x0>'], 'indirect_regs': [], 'direct_regs': ['<BV64 x0>'], 'mem': [], 'const_mem': []};{'regs': ['<BV64 x0>'], 'indirect_regs': [], 'direct_regs': ['<BV64 x0>'], 'mem': [], 'const_mem': []};63.0;0.0;64.0;64.0;[];;;;BaseControlType.NO_BASE;BaseControlType.NO_BASE;BaseControlType.NO_BASE;0;BranchControlType.BRANCH_INDEPENDENT_FROM_SECRET;BranchControlType.BRANCH_INDEPENDENT_FROM_SECRET;43640;True;False;True;True;True;False;False;True;True;False;False;False;True;False;True;False;True;False;True;False;[];['has_valid_base'];True;False;True;True;True;False;False;True;True;False;False;False;True;False;True;False;True;False;True;False;[];['has_valid_base']
faba5c0a-9067-4979-b860-7406840dfab8;context_role_get@@LIBSELINUX_1.0;0xaa6c;0xaa84;0xaa78;TransmitterType.LOAD;8;1;False;['0xaa6c'];<BV64 0x10 + LOAD_64[<BV64 x0>]_22>;64;[];[];['<BV64 x0>'];"[""<BV64 x0>: ['0x0']""]";[];['<BV64 x0>'];[];0;18446744073709551615;18446744073709551615;1;;;True;0;18446744073709551615;18446744073709551615;1;;;True;ControlType.CONTROLLED;1;<BV64 0x10>;64;[];[];[];[];[];[];[];16.0;16.0;0.0;1.0;;;True;16.0;16.0;0.0;1.0;;;True;ControlType.NO_CONTROL;0;<BV64 0x10>;64;[];[];[];[];[];[];[];16;16;0;1.0;;;True;16.0;16.0;0.0;1.0;;;True;ControlType.NO_CONTROL;0;<BV64 LOAD_64[<BV64 x0>]_22>;64;[];[];['<BV64 x0>'];"[""<BV64 x0>: ['0x0']""]";[];['<BV64 x0>'];[];0.0;1.8446744073709552e+19;18446744073709551615;1;;;True;0.0;1.8446744073709552e+19;18446744073709551615;1;;;True;ControlType.CONTROLLED;1;<BV64 x0>;64;[];[];['<BV64 x0>'];[];['<BV64 x0>'];[];[];0.0;1.8446744073709552e+19;1.8446744073709552e+19;1.0;;;True;0.0;1.8446744073709552e+19;1.8446744073709552e+19;1.0;;;True;ControlType.CONTROLLED;0;<BV64 LOAD_64[<BV64 x0>]_22>;64;[];[];[];[];[];[];[];0;0;0;;;;False;0;0;0;;;;False;ControlType.UNKNOWN;1;[];{'regs': [], 'indirect_regs': [], 'direct_regs': [], 'mem': [], 'const_mem': []};[];{'regs': [], 'indirect_regs': [], 'direct_regs': [], 'mem': [], 'const_mem': []};{'regs': ['<BV64 x0>'], 'indirect_regs': [], 'direct_regs': ['<BV64 x0>'], 'mem': ['<BV64 x0>'], 'const_mem': []};{'regs': ['<BV64 x0>'], 'indirect_regs': [], 'direct_regs': ['<BV64 x0>'], 'mem': ['<BV64 x0>'], 'const_mem': []};63.0;0.0;64.0;64.0;[];;;;BaseControlType.CONSTANT_BASE;BaseControlType.CONSTANT_BASE;BaseControlType.CONSTANT_BASE;0;BranchControlType.BRANCH_INDEPENDENT_FROM_SECRET;BranchControlType.BRANCH_INDEPENDENT_FROM_SECRET;43652;True;False;True;True;True;False;False;True;True;False;False;False;True;False;True;False;True;False;True;False;[];['has_valid_base'];True;False;True;True;True;False;False;True;True;False;False;False;True;False;True;False;True;False;True;False;[];['has_valid_base']
51d18c71-c327-4c7d-ad14-90688ff7e7b0;context_type_set@@LIBSELINUX_1.0;0xaa8c;0xaaa8;0x0;TransmitterType.LOAD;9;0;False;['0xaa8c'];<BV64 x0>;64;[];[];['<BV64 x0>'];[];['<BV64 x0>'];[];[];0;18446744073709551615;18446744073709551615;1;;;True;0;18446744073709551615;18446744073709551615;1;;;True;ControlType.CONTROLLED;0;;0;[];[];[];[];[];[];[];0.0;0.0;0.0;0.0;;;False;0.0;0.0;0.0;0.0;;;False;ControlType.UNKNOWN;0;;0;[];[];[];[];[];[];[];0;0;0;;;;False;0.0;0.0;0.0;0.0;;;False;ControlType.UNKNOWN;0;<BV64 x0>;64;[];[];['<BV64 x0>'];[];['<BV64 x0>'];[];[];0.0;1.8446744073709552e+19;18446744073709551615;1;;;True;0.0;1.8446744073709552e+19;18446744073709551615;1;;;True;ControlType.CONTROLLED;0;<BV64 x0>;64;[];[];['<BV64 x0>'];[];['<BV64 x0>'];[];[];0.0;1.8446744073709552e+19;1.8446744073709552e+19;1.0;;;True;0.0;1.8446744073709552e+19;1.8446744073709552e+19;1.0;;;True;ControlType.CONTROLLED;0;<BV64 x0>;64;[];[];[];[];[];[];[];0;0;0;;;;False;0;0;0;;;;False;ControlType.UNKNOWN;0;[];{'regs': [], 'indirect_regs': [], 'direct_regs': [], 'mem': [], 'const_mem': []};[];{'regs': [], 'indirect_regs': [], 'direct_regs': [], 'mem': [], 'const_mem': []};{'regs': ['<BV64 x0>'], 'indirect_regs': [], 'direct_regs': ['<BV64 x0>'], 'mem': [], 'const_mem': []};{'regs': ['<BV64 x0>'], 'indirect_regs': [], 'direct_regs': ['<BV64 x0>'], 'mem': [], 'const_mem': []};63.0;0.0;64.0;64.0;[];;;;BaseControlType.NO_BASE;BaseControlType.NO_BASE;BaseControlType.NO_BASE;0;BranchControlType.BRANCH_INDEPENDENT_FROM_SECRET;BranchControlType.BRANCH_INDEPENDENT_FROM_SECRET;43688;True;False;True;True;True;False;False;True;True;False;False;False;True;False;True;False;True;False;True;False;[];['has_valid_base'];True;False;True;True;True;False;False;True;True;False;False;False;True;False;True;False;True;False;True;False;[];['has_valid_base']
f5bed2d8-1700-43b7-baf3-0bc30dc1c642;context_type_set@@LIBSELINUX_1.0;0xaa8c;0xa9e4;0xaaa0;TransmitterType.LOAD;21;1;False;['0xaa8c', '0xa940', '0xa9e0'];<BV64 0x18 + LOAD_64[<BV64 x0>]_24>;64;[];[];['<BV64 x0>'];"[""<BV64 x0>: ['0x0']""]";[];['<BV64 x0>'];[];0;18446744073709551615;18446744073709551615;1;;;True;0;18446744073709551615;18446744073709551615;1;;;True;ControlType.CONTROLLED;1;<BV64 0x18>;64;[];[];[];[];[];[];[];24.0;24.0;0.0;1.0;;;True;24.0;24.0;0.0;1.0;;;True;ControlType.NO_CONTROL;0;<BV64 0x18>;64;[];[];[];[];[];[];[];24;24;0;1.0;;;True;24.0;24.0;0.0;1.0;;;True;ControlType.NO_CONTROL;0;<BV64 LOAD_64[<BV64 x0>]_24>;64;[];[];['<BV64 x0>'];"[""<BV64 x0>: ['0x0']""]";[];['<BV64 x0>'];[];0.0;1.8446744073709552e+19;18446744073709551615;1;;;True;0.0;1.8446744073709552e+19;18446744073709551615;1;;;True;ControlType.CONTROLLED;1;<BV64 x0>;64;[];[];['<BV64 x0>'];[];['<BV64 x0>'];[];[];0.0;1.8446744073709552e+19;1.8446744073709552e+19;1.0;;;True;0.0;1.8446744073709552e+19;1.8446744073709552e+19;1.0;;;True;ControlType.CONTROLLED;0;<BV64 LOAD_64[<BV64 x0>]_24>;64;[];[];[];[];[];[];[];0;0;0;;;;False;0;0;0;;;;False;ControlType.UNKNOWN;1;[('0xa960', <Bool x1 == 0x0>, 'Taken'), ('0xaaac', <Bool True>, 'Taken')];{'regs': ['<BV64 x1>'], 'indirect_regs': [], 'direct_regs': ['<BV64 x1>'], 'mem': [], 'const_mem': []};[];{'regs': [], 'indirect_regs': [], 'direct_regs': [], 'mem': [], 'const_mem': []};{'regs': ['<BV64 x0>'], 'indirect_regs': [], 'direct_regs': ['<BV64 x0>'], 'mem': ['<BV64 x0>'], 'const_mem': []};{'regs': ['<BV64 x0>', '<BV64 x1>'], 'indirect_regs': [], 'direct_regs': ['<BV64 x0>', '<BV64 x1>'], 'mem': ['<BV64 x0>'], 'const_mem': []};63.0;0.0;64.0;64.0;[];;;;BaseControlType.CONSTANT_BASE;BaseControlType.CONSTANT_BASE;BaseControlType.CONSTANT_BASE;2;BranchControlType.BRANCH_INDEPENDENT_FROM_SECRET;BranchControlType.BRANCH_INDEPENDENT_FROM_SECRET;43492;True;False;True;True;True;False;False;True;True;False;False;False;True;False;True;False;True;False;True;False;[];['has_valid_base'];True;False;True;True;True;False;False;True;True;False;False;False;True;False;True;False;True;False;True;False;[];['has_valid_base']
a612415c-9378-4f07-bde7-aa44f4484b35;context_type_set@@LIBSELINUX_1.0;0xaa8c;0xa9f0;0xaaa0;TransmitterType.STORE;23;1;False;['0xaa8c', '0xa940', '0xa9e0', '0xa9f0'];<BV64 0x18 + LOAD_64[<BV64 x0>]_24>;64;[];[];['<BV64 x0>'];"[""<BV64 x0>: ['0x0']""]";[];['<BV64 x0>'];[];0;18446744073709551615;18446744073709551615;1;;;True;0;18446744073709551615;18446744073709551615;1;;;True;ControlType.CONTROLLED;1;<BV64 0x18>;64;[];[];[];[];[];[];[];24.0;24.0;0.0;1.0;;;True;24.0;24.0;0.0;1.0;;;True;ControlType.NO_CONTROL;0;<BV64 0x18>;64;[];[];[];[];[];[];[];24;24;0;1.0;;;True;24.0;24.0;0.0;1.0;;;True;ControlType.NO_CONTROL;0;<BV64 LOAD_64[<BV64 x0>]_24>;64;[];[];['<BV64 x0>'];"[""<BV64 x0>: ['0x0']""]";[];['<BV64 x0>'];[];0.0;1.8446744073709552e+19;18446744073709551615;1;;;True;0.0;1.8446744073709552e+19;18446744073709551615;1;;;True;ControlType.CONTROLLED;1;<BV64 x0>;64;[];[];['<BV64 x0>'];[];['<BV64 x0>'];[];[];0.0;1.8446744073709552e+19;1.8446744073709552e+19;1.0;;;True;0.0;1.8446744073709552e+19;1.8446744073709552e+19;1.0;;;True;ControlType.CONTROLLED;0;<BV64 LOAD_64[<BV64 x0>]_24>;64;[];[];[];[];[];[];[];0;0;0;;;;False;0;0;0;;;;False;ControlType.UNKNOWN;1;[('0xa960', <Bool x1 == 0x0>, 'Taken'), ('0xa9e8', <Bool LOAD_64[<BV64 LOAD_64[<BV64 x0>]_24 + 0x18>]_32 == 0x0>, 'Taken'), ('0xaaac', <Bool True>, 'Taken')];"{'regs': ['<BV64 x0>', '<BV64 x1>'], 'indirect_regs': [""<BV64 x0>: ['0x0']""], 'direct_regs': ['<BV64 x1>'], 'mem': ['<BV64 LOAD_64[<BV64 x0>]_24 + 0x18>', '<BV64 x0>'], 'const_mem': []}";[];{'regs': [], 'indirect_regs': [], 'direct_regs': [], 'mem': [], 'const_mem': []};{'regs': ['<BV64 x0>'], 'indirect_regs': [], 'direct_regs': ['<BV64 x0>'], 'mem': ['<BV64 x0>'], 'const_mem': []};{'regs': ['<BV64 x0>', '<BV64 x1>'], 'indirect_regs': [], 'direct_regs': ['<BV64 x0>', '<BV64 x1>'], 'mem': ['<BV64 LOAD_64[<BV64 x0>]_24 + 0x18>', '<BV64 x0>'], 'const_mem': []};63.0;0.0;64.0;64.0;[];;;;BaseControlType.CONSTANT_BASE;BaseControlType.CONSTANT_BASE;BaseControlType.CONSTANT_BASE;3;BranchControlType.BRANCH_DEPENDS_ON_SECRET_VALUE;BranchControlType.BRANCH_INDEPENDENT_FROM_SECRET;43504;True;False;True;True;True;False;False;True;True;False;False;False;True;False;True;True;True;False;True;False;[];['has_valid_base'];True;False;True;True;True;False;False;True;True;False;False;False;True;False;True;True;True;False;True;False;[];['has_valid_base']
7dababc9-a020-44e9-802d-48ec7c4331ce;selabel_lookup_best_match_raw@@LIBSELINUX_1.0;0xec0c;0xec20;0x0;TransmitterType.LOAD;6;0;False;['0xec0c'];<BV64 0x38 + x0>;64;[];[];['<BV64 x0>'];[];['<BV64 x0>'];[];[];0;18446744073709551615;18446744073709551615;1;;;True;0;18446744073709551615;18446744073709551615;1;;;True;ControlType.CONTROLLED;0;<BV64 0x38>;64;[];[];[];[];[];[];[];56.0;56.0;0.0;1.0;;;True;56.0;56.0;0.0;1.0;;;True;ControlType.NO_CONTROL;0;<BV64 0x38>;64;[];[];[];[];[];[];[];56;56;0;1.0;;;True;56.0;56.0;0.0;1.0;;;True;ControlType.NO_CONTROL;0;<BV64 x0>;64;[];[];['<BV64 x0>'];[];['<BV64 x0>'];[];[];0.0;1.8446744073709552e+19;18446744073709551615;1;;;True;0.0;1.8446744073709552e+19;18446744073709551615;1;;;True;ControlType.CONTROLLED;0;<BV64 x0>;64;[];[];['<BV64 x0>'];[];['<BV64 x0>'];[];[];0.0;1.8446744073709552e+19;1.8446744073709552e+19;1.0;;;True;0.0;1.8446744073709552e+19;1.8446744073709552e+19;1.0;;;True;ControlType.CONTROLLED;0;<BV64 x0>;64;[];[];[];[];[];[];[];0;0;0;;;;False;0;0;0;;;;False;ControlType.UNKNOWN;0;[];{'regs': [], 'indirect_regs': [], 'direct_regs': [], 'mem': [], 'const_mem': []};[];{'regs': [], 'indirect_regs': [], 'direct_regs': [], 'mem': [], 'const_mem': []};{'regs': ['<BV64 x0>'], 'indirect_regs': [], 'direct_regs': ['<BV64 x0>'], 'mem': [], 'const_mem': []};{'regs': ['<BV64 x0>'], 'indirect_regs': [], 'direct_regs': ['<BV64 x0>'], 'mem': [], 'const_mem': []};63.0;0.0;64.0;64.0;[];;;;BaseControlType.CONSTANT_BASE;BaseControlType.CONSTANT_BASE;BaseControlType.CONSTANT_BASE;0;BranchControlType.BRANCH_INDEPENDENT_FROM_SECRET;BranchControlType.BRANCH_INDEPENDENT_FROM_SECRET;60448;True;False;True;True;True;False;False;True;True;False;False;False;True;False;True;False;True;False;True;False;[];['has_valid_base'];True;False;True;True;True;False;False;True;True;False;False;False;True;False;True;False;True;False;True;False;[];['has_valid_base']
0bb76ec6-4c10-4f36-9de9-76ec94772b32;selabel_lookup_best_match_raw@@LIBSELINUX_1.0;0xec0c;0xeb48;0x0;TransmitterType.LOAD;23;0;False;['0xec0c', '0xec28', '0xeb20', '0xeb40'];<BV64 0x38 + x0>;64;[];[];['<BV64 x0>'];[];['<BV64 x0>'];[];[];0;18446744073709551615;18446744073709551615;1;;;True;0;18446744073709551615;18446744073709551615;1;;;True;ControlType.CONTROLLED;0;<BV64 0x38>;64;[];[];[];[];[];[];[];56.0;56.0;0.0;1.0;;;True;56.0;56.0;0.0;1.0;;;True;ControlType.NO_CONTROL;0;<BV64 0x38>;64;[];[];[];[];[];[];[];56;56;0;1.0;;;True;56.0;56.0;0.0;1.0;;;True;ControlType.NO_CONTROL;0;<BV64 x0>;64;[];[];['<BV64 x0>'];[];['<BV64 x0>'];[];[];0.0;1.8446744073709552e+19;18446744073709551615;1;;;True;0.0;1.8446744073709552e+19;18446744073709551615;1;;;True;ControlType.CONTROLLED;0;<BV64 x0>;64;[];[];['<BV64 x0>'];[];['<BV64 x0>'];[];[];0.0;1.8446744073709552e+19;1.8446744073709552e+19;1.0;;;True;0.0;1.8446744073709552e+19;1.8446744073709552e+19;1.0;;;True;ControlType.CONTROLLED;0;<BV64 x0>;64;[];[];[];[];[];[];[];0;0;0;;;;False;0;0;0;;;;False;ControlType.UNKNOWN;0;[('0xeb3c', <Bool x2 != 0x0>, 'Taken'), ('0xec24', <Bool LOAD_64[<BV64 x0 + 0x38>]_23 != 0x0>, 'Taken'), ('0xec38', <Bool True>, 'Taken')];"{'regs': ['<BV64 x0>', '<BV64 x2>'], 'indirect_regs': [""<BV64 x0>: ['0x38']""], 'direct_regs': ['<BV64 x2>'], 'mem': ['<BV64 x0 + 0x38>'], 'const_mem': []}";[];{'regs': [], 'indirect_regs': [], 'direct_regs': [], 'mem': [], 'const_mem': []};{'regs': ['<BV64 x0>'], 'indirect_regs': [], 'direct_regs': ['<BV64 x0>'], 'mem': [], 'const_mem': []};{'regs': ['<BV64 x0>', '<BV64 x2>'], 'indirect_regs': [], 'direct_regs': ['<BV64 x0>', '<BV64 x2>'], 'mem': ['<BV64 x0 + 0x38>'], 'const_mem': []};63.0;0.0;64.0;64.0;[];;;;BaseControlType.CONSTANT_BASE;BaseControlType.CONSTANT_BASE;BaseControlType.CONSTANT_BASE;3;BranchControlType.BRANCH_DEPENDS_ON_SECRET_VALUE;BranchControlType.BRANCH_INDEPENDENT_FROM_SECRET;60232;True;False;True;True;True;False;False;True;True;False;False;False;True;False;True;True;True;False;True;False;[];['has_valid_base'];True;False;True;True;True;False;False;True;True;False;False;False;True;False;True;True;True;False;True;False;[];['has_valid_base']
ab627f3c-9dc7-4803-abc7-68a704a8b0bd;selabel_lookup_best_match_raw@@LIBSELINUX_1.0;0xec0c;0xeb4c;0xeb48;TransmitterType.CODE_LOAD;24;1;False;['0xec0c', '0xec28', '0xeb20', '0xeb40'];<BV64 LOAD_64[<BV64 x0 + 0x38>]_29>;64;[];[];['<BV64 x0>'];"[""<BV64 x0>: ['0x38']""]";[];['<BV64 x0 + 0x38>'];[];0;18446744073709551615;18446744073709551615;1;;;True;0;18446744073709551615;18446744073709551615;1;;;True;ControlType.CONTROLLED;1;;0;[];[];[];[];[];[];[];0.0;0.0;0.0;0.0;;;False;0.0;0.0;0.0;0.0;;;False;ControlType.UNKNOWN;0;;0;[];[];[];[];[];[];[];0;0;0;;;;False;0.0;0.0;0.0;0.0;;;False;ControlType.UNKNOWN;0;<BV64 LOAD_64[<BV64 x0 + 0x38>]_29>;64;[];[];['<BV64 x0>'];"[""<BV64 x0>: ['0x38']""]";[];['<BV64 x0 + 0x38>'];[];0.0;1.8446744073709552e+19;18446744073709551615;1;;;True;0.0;1.8446744073709552e+19;18446744073709551615;1;;;True;ControlType.CONTROLLED;1;<BV64 x0 + 0x38>;64;[];[];['<BV64 x0>'];[];['<BV64 x0>'];[];[];0.0;1.8446744073709552e+19;1.8446744073709552e+19;1.0;;;True;0.0;1.8446744073709552e+19;1.8446744073709552e+19;1.0;;;True;ControlType.CONTROLLED;0;<BV64 LOAD_64[<BV64 x0 + 0x38>]_29>;64;[];[];[];[];[];[];[];0;0;0;;;;False;0;0;0;;;;False;ControlType.UNKNOWN;1;[('0xeb3c', <Bool x2 != 0x0>, 'Taken'), ('0xec24', <Bool LOAD_64[<BV64 x0 + 0x38>]_23 != 0x0>, 'Taken'), ('0xec38', <Bool True>, 'Taken')];"{'regs': ['<BV64 x0>', '<BV64 x2>'], 'indirect_regs': [""<BV64 x0>: ['0x38']""], 'direct_regs': ['<BV64 x2>'], 'mem': ['<BV64 x0 + 0x38>'], 'const_mem': []}";[];{'regs': [], 'indirect_regs': [], 'direct_regs': [], 'mem': [], 'const_mem': []};{'regs': ['<BV64 x0>'], 'indirect_regs': [], 'direct_regs': ['<BV64 x0>'], 'mem': ['<BV64 x0 + 0x38>'], 'const_mem': []};{'regs': ['<BV64 x0>', '<BV64 x2>'], 'indirect_regs': [], 'direct_regs': ['<BV64 x0>', '<BV64 x2>'], 'mem': ['<BV64 x0 + 0x38>'], 'const_mem': []};63.0;0.0;64.0;64.0;[];;;;BaseControlType.NO_BASE;BaseControlType.NO_BASE;BaseControlType.NO_BASE;3;BranchControlType.BRANCH_DEPENDS_ON_SECRET_ADDRESS;BranchControlType.BRANCH_INDEPENDENT_FROM_SECRET;60236;True;False;True;True;True;False;False;True;True;False;False;False;True;False;True;True;True;False;True;False;[];['has_valid_base'];True;False;True;True;True;False;False;True;True;False;False;False;True;False;True;True;True;False;True;False;[];['has_valid_base']
e2526ee1-1a28-4095-9398-022bb2de8cc7;context_user_get@@LIBSELINUX_1.0;0xaa2c;0xaa38;0x0;TransmitterType.LOAD;4;0;False;['0xaa2c'];<BV64 x0>;64;[];[];['<BV64 x0>'];[];['<BV64 x0>'];[];[];0;18446744073709551615;18446744073709551615;1;;;True;0;18446744073709551615;18446744073709551615;1;;;True;ControlType.CONTROLLED;0;;0;[];[];[];[];[];[];[];0.0;0.0;0.0;0.0;;;False;0.0;0.0;0.0;0.0;;;False;ControlType.UNKNOWN;0;;0;[];[];[];[];[];[];[];0;0;0;;;;False;0.0;0.0;0.0;0.0;;;False;ControlType.UNKNOWN;0;<BV64 x0>;64;[];[];['<BV64 x0>'];[];['<BV64 x0>'];[];[];0.0;1.8446744073709552e+19;18446744073709551615;1;;;True;0.0;1.8446744073709552e+19;18446744073709551615;1;;;True;ControlType.CONTROLLED;0;<BV64 x0>;64;[];[];['<BV64 x0>'];[];['<BV64 x0>'];[];[];0.0;1.8446744073709552e+19;1.8446744073709552e+19;1.0;;;True;0.0;1.8446744073709552e+19;1.8446744073709552e+19;1.0;;;True;ControlType.CONTROLLED;0;<BV64 x0>;64;[];[];[];[];[];[];[];0;0;0;;;;False;0;0;0;;;;False;ControlType.UNKNOWN;0;[];{'regs': [], 'indirect_regs': [], 'direct_regs': [], 'mem': [], 'const_mem': []};[];{'regs': [], 'indirect_regs': [], 'direct_regs': [], 'mem': [], 'const_mem': []};{'regs': ['<BV64 x0>'], 'indirect_regs': [], 'direct_regs': ['<BV64 x0>'], 'mem': [], 'const_mem': []};{'regs': ['<BV64 x0>'], 'indirect_regs': [], 'direct_regs': ['<BV64 x0>'], 'mem': [], 'const_mem': []};63.0;0.0;64.0;64.0;[];;;;BaseControlType.NO_BASE;BaseControlType.NO_BASE;BaseControlType.NO_BASE;0;BranchControlType.BRANCH_INDEPENDENT_FROM_SECRET;BranchControlType.BRANCH_INDEPENDENT_FROM_SECRET;43576;True;False;True;True;True;False;False;True;True;False;False;False;True;False;True;False;True;False;True;False;[];['has_valid_base'];True;False;True;True;True;False;False;True;True;False;False;False;True;False;True;False;True;False;True;False;[];['has_valid_base']
47279aa3-9811-4dbe-a2ed-cc7bdce6baab;context_user_get@@LIBSELINUX_1.0;0xaa2c;0xaa44;0xaa38;TransmitterType.LOAD;8;1;False;['0xaa2c'];<BV64 0x8 + LOAD_64[<BV64 x0>]_22>;64;[];[];['<BV64 x0>'];"[""<BV64 x0>: ['0x0']""]";[];['<BV64 x0>'];[];0;18446744073709551615;18446744073709551615;1;;;True;0;18446744073709551615;18446744073709551615;1;;;True;ControlType.CONTROLLED;1;<BV64 0x8>;64;[];[];[];[];[];[];[];8.0;8.0;0.0;1.0;;;True;8.0;8.0;0.0;1.0;;;True;ControlType.NO_CONTROL;0;<BV64 0x8>;64;[];[];[];[];[];[];[];8;8;0;1.0;;;True;8.0;8.0;0.0;1.0;;;True;ControlType.NO_CONTROL;0;<BV64 LOAD_64[<BV64 x0>]_22>;64;[];[];['<BV64 x0>'];"[""<BV64 x0>: ['0x0']""]";[];['<BV64 x0>'];[];0.0;1.8446744073709552e+19;18446744073709551615;1;;;True;0.0;1.8446744073709552e+19;18446744073709551615;1;;;True;ControlType.CONTROLLED;1;<BV64 x0>;64;[];[];['<BV64 x0>'];[];['<BV64 x0>'];[];[];0.0;1.8446744073709552e+19;1.8446744073709552e+19;1.0;;;True;0.0;1.8446744073709552e+19;1.8446744073709552e+19;1.0;;;True;ControlType.CONTROLLED;0;<BV64 LOAD_64[<BV64 x0>]_22>;64;[];[];[];[];[];[];[];0;0;0;;;;False;0;0;0;;;;False;ControlType.UNKNOWN;1;[];{'regs': [], 'indirect_regs': [], 'direct_regs': [], 'mem': [], 'const_mem': []};[];{'regs': [], 'indirect_regs': [], 'direct_regs': [], 'mem': [], 'const_mem': []};{'regs': ['<BV64 x0>'], 'indirect_regs': [], 'direct_regs': ['<BV64 x0>'], 'mem': ['<BV64 x0>'], 'const_mem': []};{'regs': ['<BV64 x0>'], 'indirect_regs': [], 'direct_regs': ['<BV64 x0>'], 'mem': ['<BV64 x0>'], 'const_mem': []};63.0;0.0;64.0;64.0;[];;;;BaseControlType.CONSTANT_BASE;BaseControlType.CONSTANT_BASE;BaseControlType.CONSTANT_BASE;0;BranchControlType.BRANCH_INDEPENDENT_FROM_SECRET;BranchControlType.BRANCH_INDEPENDENT_FROM_SECRET;43588;True;False;True;True;True;False;False;True;True;False;False;False;True;False;True;False;True;False;True;False;[];['has_valid_base'];True;False;True;True;True;False;False;True;True;False;False;False;True;False;True;False;True;False;True;False;[];['has_valid_base']
74937e62-6597-4220-832e-db7c585f2120;selabel_get_digests_all_partial_matches@@LIBSELINUX_1.0;0xcb60;0xcb6c;0x0;TransmitterType.LOAD;4;0;False;['0xcb60'];<BV64 0x28 + x0>;64;[];[];['<BV64 x0>'];[];['<BV64 x0>'];[];[];0;18446744073709551615;18446744073709551615;1;;;True;0;18446744073709551615;18446744073709551615;1;;;True;ControlType.CONTROLLED;0;<BV64 0x28>;64;[];[];[];[];[];[];[];40.0;40.0;0.0;1.0;;;True;40.0;40.0;0.0;1.0;;;True;ControlType.NO_CONTROL;0;<BV64 0x28>;64;[];[];[];[];[];[];[];40;40;0;1.0;;;True;40.0;40.0;0.0;1.0;;;True;ControlType.NO_CONTROL;0;<BV64 x0>;64;[];[];['<BV64 x0>'];[];['<BV64 x0>'];[];[];0.0;1.8446744073709552e+19;18446744073709551615;1;;;True;0.0;1.8446744073709552e+19;18446744073709551615;1;;;True;ControlType.CONTROLLED;0;<BV64 x0>;64;[];[];['<BV64 x0>'];[];['<BV64 x0>'];[];[];0.0;1.8446744073709552e+19;1.8446744073709552e+19;1.0;;;True;0.0;1.8446744073709552e+19;1.8446744073709552e+19;1.0;;;True;ControlType.CONTROLLED;0;<BV64 x0>;64;[];[];[];[];[];[];[];0;0;0;;;;False;0;0;0;;;;False;ControlType.UNKNOWN;0;[];{'regs': [], 'indirect_regs': [], 'direct_regs': [], 'mem': [], 'const_mem': []};[];{'regs': [], 'indirect_regs': [], 'direct_regs': [], 'mem': [], 'const_mem': []};{'regs': ['<BV64 x0>'], 'indirect_regs': [], 'direct_regs': ['<BV64 x0>'], 'mem': [], 'const_mem': []};{'regs': ['<BV64 x0>'], 'indirect_regs': [], 'direct_regs': ['<BV64 x0>'], 'mem': [], 'const_mem': []};63.0;0.0;64.0;64.0;[];;;;BaseControlType.CONSTANT_BASE;BaseControlType.CONSTANT_BASE;BaseControlType.CONSTANT_BASE;0;BranchControlType.BRANCH_INDEPENDENT_FROM_SECRET;BranchControlType.BRANCH_INDEPENDENT_FROM_SECRET;52076;True;False;True;True;True;False;False;True;True;False;False;False;True;False;True;False;True;False;True;False;[];['has_valid_base'];True;False;True;True;True;False;False;True;True;False;False;False;True;False;True;False;True;False;True;False;[];['has_valid_base']
a9eb6c9f-a6e7-43db-90ca-23ed7e4e5757;selabel_get_digests_all_partial_matches@@LIBSELINUX_1.0;0xcb60;0xcb80;0xcb6c;TransmitterType.CODE_LOAD;7;1;False;['0xcb60', '0xcb74'];<BV64 LOAD_64[<BV64 x0 + 0x28>]_22>;64;[('0xcb70', <Bool LOAD_64[<BV64 x0 + 0x28>]_22 != 0x0>, 'Taken')];[];['<BV64 x0>'];"[""<BV64 x0>: ['0x28']""]";[];['<BV64 x0 + 0x28>'];[];0;18446744073709551615;18446744073709551615;1;;;True;1;18446744073709551615;18446744073709551614;1;;;True;ControlType.CONTROLLED;1;;0;[];[];[];[];[];[];[];0.0;0.0;0.0;0.0;;;False;0.0;0.0;0.0;0.0;;;False;ControlType.UNKNOWN;0;;0;[];[];[];[];[];[];[];0;0;0;;;;False;0.0;0.0;0.0;0.0;;;False;ControlType.UNKNOWN;0;<BV64 LOAD_64[<BV64 x0 + 0x28>]_22>;64;[('0xcb70', <Bool LOAD_64[<BV64 x0 + 0x28>]_22 != 0x0>, 'Taken')];[];['<BV64 x0>'];"[""<BV64 x0>: ['0x28']""]";[];['<BV64 x0 + 0x28>'];[];0.0;1.8446744073709552e+19;18446744073709551615;1;;;True;1.0;1.8446744073709552e+19;18446744073709551614;1;;;True;ControlType.CONTROLLED;1;<BV64 x0 + 0x28>;64;[];[];['<BV64 x0>'];[];['<BV64 x0>'];[];[];0.0;1.8446744073709552e+19;1.8446744073709552e+19;1.0;;;True;0.0;1.8446744073709552e+19;1.8446744073709552e+19;1.0;;;True;ControlType.CONTROLLED;0;<BV64 LOAD_64[<BV64 x0 + 0x28>]_22>;64;[];[];[];[];[];[];[];0;0;0;;;;False;0;0;0;;;;False;ControlType.UNKNOWN;1;[('0xcb70', <Bool LOAD_64[<BV64 x0 + 0x28>]_22 != 0x0>, 'Taken')];"{'regs': ['<BV64 x0>'], 'indirect_regs': [""<BV64 x0>: ['0x28']""], 'direct_regs': [], 'mem': ['<BV64 x0 + 0x28>'], 'const_mem': []}";[];{'regs': [], 'indirect_regs': [], 'direct_regs': [], 'mem': [], 'const_mem': []};{'regs': ['<BV64 x0>'], 'indirect_regs': [], 'direct_regs': ['<BV64 x0>'], 'mem': ['<BV64 x0 + 0x28>'], 'const_mem': []};{'regs': ['<BV64 x0>'], 'indirect_regs': [], 'direct_regs': ['<BV64 x0>'], 'mem': ['<BV64 x0 + 0x28>'], 'const_mem': []};63.0;0.0;64.0;64.0;[];;;;BaseControlType.NO_BASE;BaseControlType.NO_BASE;BaseControlType.NO_BASE;1;BranchControlType.BRANCH_DEPENDS_ON_SECRET_VALUE;BranchControlType.BRANCH_INDEPENDENT_FROM_SECRET;52096;True;False;True;True;True;False;False;True;True;False;False;False;True;False;True;True;True;False;True;False;[];['has_valid_base'];True;False;True;True;True;False;False;True;True;False;False;False;True;False;True;True;True;False;True;False;[];['has_valid_base']
7e86a59c-18d0-43df-950e-d90a7bfe7c75;selabel_partial_match@@LIBSELINUX_1.0;0xcb24;0xcb30;0x0;TransmitterType.LOAD;4;0;False;['0xcb24'];<BV64 0x20 + x0>;64;[];[];['<BV64 x0>'];[];['<BV64 x0>'];[];[];0;18446744073709551615;18446744073709551615;1;;;True;0;18446744073709551615;18446744073709551615;1;;;True;ControlType.CONTROLLED;0;<BV64 0x20>;64;[];[];[];[];[];[];[];32.0;32.0;0.0;1.0;;;True;32.0;32.0;0.0;1.0;;;True;ControlType.NO_CONTROL;0;<BV64 0x20>;64;[];[];[];[];[];[];[];32;32;0;1.0;;;True;32.0;32.0;0.0;1.0;;;True;ControlType.NO_CONTROL;0;<BV64 x0>;64;[];[];['<BV64 x0>'];[];['<BV64 x0>'];[];[];0.0;1.8446744073709552e+19;18446744073709551615;1;;;True;0.0;1.8446744073709552e+19;18446744073709551615;1;;;True;ControlType.CONTROLLED;0;<BV64 x0>;64;[];[];['<BV64 x0>'];[];['<BV64 x0>'];[];[];0.0;1.8446744073709552e+19;1.8446744073709552e+19;1.0;;;True;0.0;1.8446744073709552e+19;1.8446744073709552e+19;1.0;;;True;ControlType.CONTROLLED;0;<BV64 x0>;64;[];[];[];[];[];[];[];0;0;0;;;;False;0;0;0;;;;False;ControlType.UNKNOWN;0;[];{'regs': [], 'indirect_regs': [], 'direct_regs': [], 'mem': [], 'const_mem': []};[];{'regs': [], 'indirect_regs': [], 'direct_regs': [], 'mem': [], 'const_mem': []};{'regs': ['<BV64 x0>'], 'indirect_regs': [], 'direct_regs': ['<BV64 x0>'], 'mem': [], 'const_mem': []};{'regs': ['<BV64 x0>'], 'indirect_regs': [], 'direct_regs': ['<BV64 x0>'], 'mem': [], 'const_mem': []};63.0;0.0;64.0;64.0;[];;;;BaseControlType.CONSTANT_BASE;BaseControlType.CONSTANT_BASE;BaseControlType.CONSTANT_BASE;0;BranchControlType.BRANCH_INDEPENDENT_FROM_SECRET;BranchControlType.BRANCH_INDEPENDENT_FROM_SECRET;52016;True;False;True;True;True;False;False;True;True;False;False;False;True;False;True;False;True;False;True;False;[];['has_valid_base'];True;False;True;True;True;False;False;True;True;False;False;False;True;False;True;False;True;False;True;False;[];['has_valid_base']
ff145e45-8a0f-43c0-b7df-07c643dd011a;selabel_partial_match@@LIBSELINUX_1.0;0xcb24;0xcb44;0xcb30;TransmitterType.CODE_LOAD;7;1;False;['0xcb24', '0xcb38'];<BV64 LOAD_64[<BV64 x0 + 0x20>]_22>;64;[('0xcb34', <Bool LOAD_64[<BV64 x0 + 0x20>]_22 != 0x0>, 'Taken')];[];['<BV64 x0>'];"[""<BV64 x0>: ['0x20']""]";[];['<BV64 x0 + 0x20>'];[];0;18446744073709551615;18446744073709551615;1;;;True;1;18446744073709551615;18446744073709551614;1;;;True;ControlType.CONTROLLED;1;;0;[];[];[];[];[];[];[];0.0;0.0;0.0;0.0;;;False;0.0;0.0;0.0;0.0;;;False;ControlType.UNKNOWN;0;;0;[];[];[];[];[];[];[];0;0;0;;;;False;0.0;0.0;0.0;0.0;;;False;ControlType.UNKNOWN;0;<BV64 LOAD_64[<BV64 x0 + 0x20>]_22>;64;[('0xcb34', <Bool LOAD_64[<BV64 x0 + 0x20>]_22 != 0x0>, 'Taken')];[];['<BV64 x0>'];"[""<BV64 x0>: ['0x20']""]";[];['<BV64 x0 + 0x20>'];[];0.0;1.8446744073709552e+19;18446744073709551615;1;;;True;1.0;1.8446744073709552e+19;18446744073709551614;1;;;True;ControlType.CONTROLLED;1;<BV64 x0 + 0x20>;64;[];[];['<BV64 x0>'];[];['<BV64 x0>'];[];[];0.0;1.8446744073709552e+19;1.8446744073709552e+19;1.0;;;True;0.0;1.8446744073709552e+19;1.8446744073709552e+19;1.0;;;True;ControlType.CONTROLLED;0;<BV64 LOAD_64[<BV64 x0 + 0x20>]_22>;64;[];[];[];[];[];[];[];0;0;0;;;;False;0;0;0;;;;False;ControlType.UNKNOWN;1;[('0xcb34', <Bool LOAD_64[<BV64 x0 + 0x20>]_22 != 0x0>, 'Taken')];"{'regs': ['<BV64 x0>'], 'indirect_regs': [""<BV64 x0>: ['0x20']""], 'direct_regs': [], 'mem': ['<BV64 x0 + 0x20>'], 'const_mem': []}";[];{'regs': [], 'indirect_regs': [], 'direct_regs': [], 'mem': [], 'const_mem': []};{'regs': ['<BV64 x0>'], 'indirect_regs': [], 'direct_regs': ['<BV64 x0>'], 'mem': ['<BV64 x0 + 0x20>'], 'const_mem': []};{'regs': ['<BV64 x0>'], 'indirect_regs': [], 'direct_regs': ['<BV64 x0>'], 'mem': ['<BV64 x0 + 0x20>'], 'const_mem': []};63.0;0.0;64.0;64.0;[];;;;BaseControlType.NO_BASE;BaseControlType.NO_BASE;BaseControlType.NO_BASE;1;BranchControlType.BRANCH_DEPENDS_ON_SECRET_VALUE;BranchControlType.BRANCH_INDEPENDENT_FROM_SECRET;52036;True;False;True;True;True;False;False;True;True;False;False;False;True;False;True;True;True;False;True;False;[];['has_valid_base'];True;False;True;True;True;False;False;True;True;False;False;False;True;False;True;True;True;False;True;False;[];['has_valid_base']
e0bcc5a5-27c9-4fad-b9e3-b0623fb13c4d;security_class_to_string@@LIBSELINUX_1.0;0x1f860;0x1f8dc;0x0;TransmitterType.LOAD;11;0;False;['0x1f860', '0x1f8cc'];<BV64 LOAD_64[<BV64 0x40250>]_28 + 0x88 * (0#48 .. x0[15:0])>;64;[('0x1f874', <Bool (x0[31:0] & 0xffff) < (0x0 .. LOAD_16[<BV64 0x4024c>]_20)>, 'Taken')];[];['<BV64 x0>'];[];['<BV64 x0>'];[];['<BV64 0x40250>'];0;18446744073709551615;18446744073709551615;1;;;True;0;18446744073709551615;18446744073709551615;1;;;False;ControlType.CONTROLLED;0;<BV64 LOAD_64[<BV64 0x40250>]_28>;64;[];[];[];[];[];[];['<BV64 0x40250>'];0.0;1.8446744073709552e+19;1.8446744073709552e+19;1.0;;;True;0.0;1.8446744073709552e+19;1.8446744073709552e+19;1.0;;;True;ControlType.NO_CONTROL;0;<BV64 LOAD_64[<BV64 0x40250>]_28>;64;[];[];[];[];[];[];['<BV64 0x40250>'];0;18446744073709551615;18446744073709551615;1.0;;;True;0.0;1.8446744073709552e+19;1.8446744073709552e+19;1.0;;;True;ControlType.NO_CONTROL;0;<BV64 0x88 * (0#48 .. x0[15:0])>;64;[('0x1f874', <Bool (x0[31:0] & 0xffff) < (0x0 .. LOAD_16[<BV64 0x4024c>]_20)>, 'Taken')];[];['<BV64 x0>'];[];['<BV64 x0>'];[];[];0.0;8912760.0;8912760;136;;;True;0.0;8912624.0;8912624;8;;;False;ControlType.CONTROLLED;0;<BV64 x0>;64;[('0x1f874', <Bool (x0[31:0] & 0xffff) < (0x0 .. LOAD_16[<BV64 0x4024c>]_20)>, 'Taken')];[];['<BV64 x0>'];[];['<BV64 x0>'];[];[];0.0;1.8446744073709552e+19;1.8446744073709552e+19;1.0;;;True;0.0;1.8446744073709552e+19;1.8446744073709552e+19;1.0;;;False;ControlType.CONTROLLED;0;<BV64 x0>;64;[];[];[];[];[];[];[];0;0;0;;;;False;0;0;0;;;;False;ControlType.UNKNOWN;0;[('0x1f874', <Bool (x0[31:0] & 0xffff) < (0x0 .. LOAD_16[<BV64 0x4024c>]_20)>, 'Taken')];{'regs': ['<BV64 x0>'], 'indirect_regs': [], 'direct_regs': ['<BV64 x0>'], 'mem': [], 'const_mem': ['<BV64 0x4024c>']};[];{'regs': [], 'indirect_regs': [], 'direct_regs': [], 'mem': [], 'const_mem': []};{'regs': ['<BV64 x0>'], 'indirect_regs': [], 'direct_regs': ['<BV64 x0>'], 'mem': [], 'const_mem': ['<BV64 0x40250>']};{'regs': ['<BV64 x0>'], 'indirect_regs': [], 'direct_regs': ['<BV64 x0>'], 'mem': [], 'const_mem': ['<BV64 0x4024c>', '<BV64 0x40250>']};23.0;0.0;24.0;16.0;[];;;;BaseControlType.CONSTANT_BASE;BaseControlType.CONSTANT_BASE;BaseControlType.CONSTANT_BASE;1;BranchControlType.BRANCH_DEPENDS_ON_UNCONTROLLED;BranchControlType.BRANCH_INDEPENDENT_FROM_SECRET;129244;True;True;True;True;True;False;False;False;True;False;False;False;True;False;True;False;True;True;True;True;['perform_out_of_place_training'];[];True;True;True;True;True;False;False;False;True;False;False;False;True;False;True;False;True;True;True;True;['perform_out_of_place_training'];[]
e4ae4477-6580-443c-8b91-624024370df6;selabel_lookup_raw@@LIBSELINUX_1.0;0xeacc;0xea30;0x0;TransmitterType.LOAD;18;0;False;['0xeacc', '0xea08', '0xea28'];<BV64 0x8 + x0>;64;[];[];['<BV64 x0>'];[];['<BV64 x0>'];[];[];0;18446744073709551615;18446744073709551615;1;;;True;0;18446744073709551615;18446744073709551615;1;;;True;ControlType.CONTROLLED;0;<BV64 0x8>;64;[];[];[];[];[];[];[];8.0;8.0;0.0;1.0;;;True;8.0;8.0;0.0;1.0;;;True;ControlType.NO_CONTROL;0;<BV64 0x8>;64;[];[];[];[];[];[];[];8;8;0;1.0;;;True;8.0;8.0;0.0;1.0;;;True;ControlType.NO_CONTROL;0;<BV64 x0>;64;[];[];['<BV64 x0>'];[];['<BV64 x0>'];[];[];0.0;1.8446744073709552e+19;18446744073709551615;1;;;True;0.0;1.8446744073709552e+19;18446744073709551615;1;;;True;ControlType.CONTROLLED;0;<BV64 x0>;64;[];[];['<BV64 x0>'];[];['<BV64 x0>'];[];[];0.0;1.8446744073709552e+19;1.8446744073709552e+19;1.0;;;True;0.0;1.8446744073709552e+19;1.8446744073709552e+19;1.0;;;True;ControlType.CONTROLLED;0;<BV64 x0>;64;[];[];[];[];[];[];[];0;0;0;;;;False;0;0;0;;;;False;ControlType.UNKNOWN;0;[('0xea24', <Bool x2 != 0x0>, 'Taken'), ('0xeae4', <Bool True>, 'Taken')];{'regs': ['<BV64 x2>'], 'indirect_regs': [], 'direct_regs': ['<BV64 x2>'], 'mem': [], 'const_mem': []};[];{'regs': [], 'indirect_regs': [], 'direct_regs': [], 'mem': [], 'const_mem': []};{'regs': ['<BV64 x0>'], 'indirect_regs': [], 'direct_regs': ['<BV64 x0>'], 'mem': [], 'const_mem': []};{'regs': ['<BV64 x0>', '<BV64 x2>'], 'indirect_regs': [], 'direct_regs': ['<BV64 x0>', '<BV64 x2>'], 'mem': [], 'const_mem': []};63.0;0.0;64.0;64.0;[];;;;BaseControlType.CONSTANT_BASE;BaseControlType.CONSTANT_BASE;BaseControlType.CONSTANT_BASE;2;BranchControlType.BRANCH_INDEPENDENT_FROM_SECRET;BranchControlType.BRANCH_INDEPENDENT_FROM_SECRET;59952;True;False;True;True;True;False;False;True;True;False;False;False;True;False;True;False;True;False;True;False;[];['has_valid_base'];True;False;True;True;True;False;False;True;True;False;False;False;True;False;True;False;True;False;True;False;[];['has_valid_base']
bc1693e5-336b-4c5c-a907-01f8f782e37b;selabel_lookup_raw@@LIBSELINUX_1.0;0xeacc;0xea34;0xea30;TransmitterType.CODE_LOAD;19;1;False;['0xeacc', '0xea08', '0xea28'];<BV64 LOAD_64[<BV64 x0 + 0x8>]_28>;64;[];[];['<BV64 x0>'];"[""<BV64 x0>: ['0x8']""]";[];['<BV64 x0 + 0x8>'];[];0;18446744073709551615;18446744073709551615;1;;;True;0;18446744073709551615;18446744073709551615;1;;;True;ControlType.CONTROLLED;1;;0;[];[];[];[];[];[];[];0.0;0.0;0.0;0.0;;;False;0.0;0.0;0.0;0.0;;;False;ControlType.UNKNOWN;0;;0;[];[];[];[];[];[];[];0;0;0;;;;False;0.0;0.0;0.0;0.0;;;False;ControlType.UNKNOWN;0;<BV64 LOAD_64[<BV64 x0 + 0x8>]_28>;64;[];[];['<BV64 x0>'];"[""<BV64 x0>: ['0x8']""]";[];['<BV64 x0 + 0x8>'];[];0.0;1.8446744073709552e+19;18446744073709551615;1;;;True;0.0;1.8446744073709552e+19;18446744073709551615;1;;;True;ControlType.CONTROLLED;1;<BV64 x0 + 0x8>;64;[];[];['<BV64 x0>'];[];['<BV64 x0>'];[];[];0.0;1.8446744073709552e+19;1.8446744073709552e+19;1.0;;;True;0.0;1.8446744073709552e+19;1.8446744073709552e+19;1.0;;;True;ControlType.CONTROLLED;0;<BV64 LOAD_64[<BV64 x0 + 0x8>]_28>;64;[];[];[];[];[];[];[];0;0;0;;;;False;0;0;0;;;;False;ControlType.UNKNOWN;1;[('0xea24', <Bool x2 != 0x0>, 'Taken'), ('0xeae4', <Bool True>, 'Taken')];{'regs': ['<BV64 x2>'], 'indirect_regs': [], 'direct_regs': ['<BV64 x2>'], 'mem': [], 'const_mem': []};[];{'regs': [], 'indirect_regs': [], 'direct_regs': [], 'mem': [], 'const_mem': []};{'regs': ['<BV64 x0>'], 'indirect_regs': [], 'direct_regs': ['<BV64 x0>'], 'mem': ['<BV64 x0 + 0x8>'], 'const_mem': []};{'regs': ['<BV64 x0>', '<BV64 x2>'], 'indirect_regs': [], 'direct_regs': ['<BV64 x0>', '<BV64 x2>'], 'mem': ['<BV64 x0 + 0x8>'], 'const_mem': []};63.0;0.0;64.0;64.0;[];;;;BaseControlType.NO_BASE;BaseControlType.NO_BASE;BaseControlType.NO_BASE;2;BranchControlType.BRANCH_INDEPENDENT_FROM_SECRET;BranchControlType.BRANCH_INDEPENDENT_FROM_SECRET;59956;True;False;True;True;True;False;False;True;True;False;False;False;True;False;True;False;True;False;True;False;[];['has_valid_base'];True;False;True;True;True;False;False;True;True;False;False;False;True;False;True;False;True;False;True;False;[];['has_valid_base']
f447a081-567c-4695-be5d-276d8737f026;selinux_restorecon_set_sehandle@@LIBSELINUX_1.0;0x18ba0;0x18bc0;0x0;TransmitterType.LOAD;9;0;False;['0x18ba0', '0x18bc0'];<BV64 0x58 + x0>;64;[('0x18bbc', <Bool x0 != 0x0>, 'Taken')];[];['<BV64 x0>'];[];['<BV64 x0>'];[];[];0;18446744073709551615;18446744073709551615;1;;;True;89;87;18446744073709551614;1;;;True;ControlType.CONTROLLED;0;<BV64 0x58>;64;[];[];[];[];[];[];[];88.0;88.0;0.0;1.0;;;True;88.0;88.0;0.0;1.0;;;True;ControlType.NO_CONTROL;0;<BV64 0x58>;64;[];[];[];[];[];[];[];88;88;0;1.0;;;True;88.0;88.0;0.0;1.0;;;True;ControlType.NO_CONTROL;0;<BV64 x0>;64;[('0x18bbc', <Bool x0 != 0x0>, 'Taken')];[];['<BV64 x0>'];[];['<BV64 x0>'];[];[];0.0;1.8446744073709552e+19;18446744073709551615;1;;;True;1.0;1.8446744073709552e+19;18446744073709551614;1;;;True;ControlType.CONTROLLED;0;<BV64 x0>;64;[('0x18bbc', <Bool x0 != 0x0>, 'Taken')];[];['<BV64 x0>'];[];['<BV64 x0>'];[];[];0.0;1.8446744073709552e+19;1.8446744073709552e+19;1.0;;;True;1.0;1.8446744073709552e+19;1.8446744073709552e+19;1.0;;;True;ControlType.CONTROLLED;0;<BV64 x0>;64;[];[];[];[];[];[];[];0;0;0;;;;False;0;0;0;;;;False;ControlType.UNKNOWN;0;[('0x18bbc', <Bool x0 != 0x0>, 'Taken')];{'regs': ['<BV64 x0>'], 'indirect_regs': [], 'direct_regs': ['<BV64 x0>'], 'mem': [], 'const_mem': []};[];{'regs': [], 'indirect_regs': [], 'direct_regs': [], 'mem': [], 'const_mem': []};{'regs': ['<BV64 x0>'], 'indirect_regs': [], 'direct_regs': ['<BV64 x0>'], 'mem': [], 'const_mem': []};{'regs': ['<BV64 x0>'], 'indirect_regs': [], 'direct_regs': ['<BV64 x0>'], 'mem': [], 'const_mem': []};63.0;0.0;64.0;64.0;[];;;;BaseControlType.CONSTANT_BASE;BaseControlType.CONSTANT_BASE;BaseControlType.CONSTANT_BASE;1;BranchControlType.BRANCH_DEPENDS_ON_SECRET_VALUE;BranchControlType.BRANCH_INDEPENDENT_FROM_SECRET;101312;True;False;True;True;True;False;False;True;True;False;False;False;True;False;True;True;True;False;True;False;[];['has_valid_base'];True;False;True;True;True;False;False;True;True;False;False;False;True;False;True;True;True;False;True;False;[];['has_valid_base']
d4028f95-b7de-4932-870c-059dba94dc7c;query_user_context@@LIBSELINUX_1.0;0x17490;0x174b4;0x0;TransmitterType.LOAD;10;0;False;['0x17490'];<BV64 x0>;64;[];[];['<BV64 x0>'];[];['<BV64 x0>'];[];[];0;18446744073709551615;18446744073709551615;1;;;True;0;18446744073709551615;18446744073709551615;1;;;True;ControlType.CONTROLLED;0;;0;[];[];[];[];[];[];[];0.0;0.0;0.0;0.0;;;False;0.0;0.0;0.0;0.0;;;False;ControlType.UNKNOWN;0;;0;[];[];[];[];[];[];[];0;0;0;;;;False;0.0;0.0;0.0;0.0;;;False;ControlType.UNKNOWN;0;<BV64 x0>;64;[];[];['<BV64 x0>'];[];['<BV64 x0>'];[];[];0.0;1.8446744073709552e+19;18446744073709551615;1;;;True;0.0;1.8446744073709552e+19;18446744073709551615;1;;;True;ControlType.CONTROLLED;0;<BV64 x0>;64;[];[];['<BV64 x0>'];[];['<BV64 x0>'];[];[];0.0;1.8446744073709552e+19;1.8446744073709552e+19;1.0;;;True;0.0;1.8446744073709552e+19;1.8446744073709552e+19;1.0;;;True;ControlType.CONTROLLED;0;<BV64 x0>;64;[];[];[];[];[];[];[];0;0;0;;;;False;0;0;0;;;;False;ControlType.UNKNOWN;0;[];{'regs': [], 'indirect_regs': [], 'direct_regs': [], 'mem': [], 'const_mem': []};[];{'regs': [], 'indirect_regs': [], 'direct_regs': [], 'mem': [], 'const_mem': []};{'regs': ['<BV64 x0>'], 'indirect_regs': [], 'direct_regs': ['<BV64 x0>'], 'mem': [], 'const_mem': []};{'regs': ['<BV64 x0>'], 'indirect_regs': [], 'direct_regs': ['<BV64 x0>'], 'mem': [], 'const_mem': []};63.0;0.0;64.0;64.0;[];;;;BaseControlType.NO_BASE;BaseControlType.NO_BASE;BaseControlType.NO_BASE;0;BranchControlType.BRANCH_INDEPENDENT_FROM_SECRET;BranchControlType.BRANCH_INDEPENDENT_FROM_SECRET;95412;True;False;True;True;True;False;False;True;True;False;False;False;True;False;True;False;True;False;True;False;[];['has_valid_base'];True;False;True;True;True;False;False;True;True;False;False;False;True;False;True;False;True;False;True;False;[];['has_valid_base']
9cbba679-8b79-4df4-aa68-290d1b9638e3;selabel_cmp@@LIBSELINUX_1.0;0xcbe0;0xcbec;0x0;TransmitterType.LOAD;4;0;False;['0xcbe0'];<BV64 0x40 + x0>;64;[];[];['<BV64 x0>'];[];['<BV64 x0>'];[];[];0;18446744073709551615;18446744073709551615;1;;;True;0;18446744073709551615;18446744073709551615;1;;;True;ControlType.CONTROLLED;0;<BV64 0x40>;64;[];[];[];[];[];[];[];64.0;64.0;0.0;1.0;;;True;64.0;64.0;0.0;1.0;;;True;ControlType.NO_CONTROL;0;<BV64 0x40>;64;[];[];[];[];[];[];[];64;64;0;1.0;;;True;64.0;64.0;0.0;1.0;;;True;ControlType.NO_CONTROL;0;<BV64 x0>;64;[];[];['<BV64 x0>'];[];['<BV64 x0>'];[];[];0.0;1.8446744073709552e+19;18446744073709551615;1;;;True;0.0;1.8446744073709552e+19;18446744073709551615;1;;;True;ControlType.CONTROLLED;0;<BV64 x0>;64;[];[];['<BV64 x0>'];[];['<BV64 x0>'];[];[];0.0;1.8446744073709552e+19;1.8446744073709552e+19;1.0;;;True;0.0;1.8446744073709552e+19;1.8446744073709552e+19;1.0;;;True;ControlType.CONTROLLED;0;<BV64 x0>;64;[];[];[];[];[];[];[];0;0;0;;;;False;0;0;0;;;;False;ControlType.UNKNOWN;0;[];{'regs': [], 'indirect_regs': [], 'direct_regs': [], 'mem': [], 'const_mem': []};[];{'regs': [], 'indirect_regs': [], 'direct_regs': [], 'mem': [], 'const_mem': []};{'regs': ['<BV64 x0>'], 'indirect_regs': [], 'direct_regs': ['<BV64 x0>'], 'mem': [], 'const_mem': []};{'regs': ['<BV64 x0>'], 'indirect_regs': [], 'direct_regs': ['<BV64 x0>'], 'mem': [], 'const_mem': []};63.0;0.0;64.0;64.0;[];;;;BaseControlType.CONSTANT_BASE;BaseControlType.CONSTANT_BASE;BaseControlType.CONSTANT_BASE;0;BranchControlType.BRANCH_INDEPENDENT_FROM_SECRET;BranchControlType.BRANCH_INDEPENDENT_FROM_SECRET;52204;True;False;True;True;True;False;False;True;True;False;False;False;True;False;True;False;True;False;True;False;[];['has_valid_base'];True;False;True;True;True;False;False;True;True;False;False;False;True;False;True;False;True;False;True;False;[];['has_valid_base']
6a179fe6-36a1-4e6a-9f1d-e5adcad49ec7;selabel_cmp@@LIBSELINUX_1.0;0xcbe0;0xcc0c;0xcbec;TransmitterType.CODE_LOAD;10;1;False;['0xcbe0', '0xcbf4', '0xcc00'];<BV64 LOAD_64[<BV64 x0 + 0x40>]_22>;64;[('0xcbf0', <Bool LOAD_64[<BV64 x0 + 0x40>]_22 != 0x0>, 'Taken'), ('0xcbfc', <Bool LOAD_64[<BV64 x0 + 0x40>]_22 == LOAD_64[<BV64 x1 + 0x40>]_23>, 'Taken')];[];['<BV64 x0>'];"[""<BV64 x0>: ['0x40']""]";[];['<BV64 x0 + 0x40>'];[];0;18446744073709551615;18446744073709551615;1;;;True;1;18446744073709551615;18446744073709551614;1;;;False;ControlType.CONTROLLED;1;;0;[];[];[];[];[];[];[];0.0;0.0;0.0;0.0;;;False;0.0;0.0;0.0;0.0;;;False;ControlType.UNKNOWN;0;;0;[];[];[];[];[];[];[];0;0;0;;;;False;0.0;0.0;0.0;0.0;;;False;ControlType.UNKNOWN;0;<BV64 LOAD_64[<BV64 x0 + 0x40>]_22>;64;[('0xcbf0', <Bool LOAD_64[<BV64 x0 + 0x40>]_22 != 0x0>, 'Taken'), ('0xcbfc', <Bool LOAD_64[<BV64 x0 + 0x40>]_22 == LOAD_64[<BV64 x1 + 0x40>]_23>, 'Taken')];[];['<BV64 x0>'];"[""<BV64 x0>: ['0x40']""]";[];['<BV64 x0 + 0x40>'];[];0.0;1.8446744073709552e+19;18446744073709551615;1;;;True;1.0;1.8446744073709552e+19;18446744073709551614;1;;;False;ControlType.CONTROLLED;1;<BV64 x0 + 0x40>;64;[];[];['<BV64 x0>'];[];['<BV64 x0>'];[];[];0.0;1.8446744073709552e+19;1.8446744073709552e+19;1.0;;;True;0.0;1.8446744073709552e+19;1.8446744073709552e+19;1.0;;;True;ControlType.CONTROLLED;0;<BV64 LOAD_64[<BV64 x0 + 0x40>]_22>;64;[];[];[];[];[];[];[];0;0;0;;;;False;0;0;0;;;;False;ControlType.UNKNOWN;1;[('0xcbf0', <Bool LOAD_64[<BV64 x0 + 0x40>]_22 != 0x0>, 'Taken'), ('0xcbfc', <Bool LOAD_64[<BV64 x0 + 0x40>]_22 == LOAD_64[<BV64 x1 + 0x40>]_23>, 'Taken')];"{'regs': ['<BV64 x0>', '<BV64 x1>'], 'indirect_regs': [""<BV64 x0>: ['0x40', '0x40']"", ""<BV64 x1>: ['0x40']""], 'direct_regs': [], 'mem': ['<BV64 x0 + 0x40>', '<BV64 x1 + 0x40>'], 'const_mem': []}";[];{'regs': [], 'indirect_regs': [], 'direct_regs': [], 'mem': [], 'const_mem': []};{'regs': ['<BV64 x0>'], 'indirect_regs': [], 'direct_regs': ['<BV64 x0>'], 'mem': ['<BV64 x0 + 0x40>'], 'const_mem': []};"{'regs': ['<BV64 x0>', '<BV64 x1>'], 'indirect_regs': [""<BV64 x1>: ['0x40']""], 'direct_regs': ['<BV64 x0>'], 'mem': ['<BV64 x0 + 0x40>', '<BV64 x1 + 0x40>'], 'const_mem': []}";63.0;0.0;64.0;64.0;[];;;;BaseControlType.NO_BASE;BaseControlType.NO_BASE;BaseControlType.NO_BASE;2;BranchControlType.BRANCH_DEPENDS_ON_SECRET_VALUE;BranchControlType.BRANCH_INDEPENDENT_FROM_SECRET;52236;True;False;True;True;True;False;False;True;True;False;False;False;True;False;True;True;True;False;True;False;[];['has_valid_base'];True;False;True;True;True;False;False;True;True;False;False;False;True;False;True;True;True;False;True;False;[];['has_valid_base']
8b8ea5e5-bfc7-45b0-b4d9-657bf0cf5dc6;avc_open@@LIBSELINUX_1.0;0xc204;0xc238;0x0;TransmitterType.LOAD;14;0;False;['0xc204', '0xc224', '0xc238'];<BV64 x0 + (0#28 .. 0xffffffff0 + ((0#4 .. x1[31:0]) << 0x4))>;64;[];[];['<BV64 x0>', '<BV64 x1>'];[];['<BV64 x0>', '<BV64 x1>'];[];[];0;18446744073709551615;18446744073709551615;1;;;True;0;18446744073709551615;18446744073709551615;1;;;True;ControlType.CONTROLLED;0;<BV64 0xffffffff0 + (0#28 .. (0#4 .. x1[31:0]) << 0x4)>;64;[];[];['<BV64 x1>'];[];['<BV64 x1>'];[];[];68719476720.0;137438953440.0;68719476720.0;16.0;;;True;68719476736.0;137438953440.0;68719476704.0;16.0;;;True;ControlType.CONTROLLED;0;<BV64 0xffffffff0 + (0#28 .. (0#4 .. x1[31:0]) << 0x4)>;64;[];[];['<BV64 x1>'];[];['<BV64 x1>'];[];[];68719476720;137438953440;68719476720;16.0;;;True;68719476736.0;137438953440.0;68719476704.0;16.0;;;True;ControlType.CONTROLLED;0;<BV64 x0>;64;[];[];['<BV64 x0>'];[];['<BV64 x0>'];[];[];0.0;1.8446744073709552e+19;18446744073709551615;1;;;True;0.0;1.8446744073709552e+19;18446744073709551615;1;;;True;ControlType.CONTROLLED;0;<BV64 x0>;64;[];[];['<BV64 x0>'];[];['<BV64 x0>'];[];[];0.0;1.8446744073709552e+19;1.8446744073709552e+19;1.0;;;True;0.0;1.8446744073709552e+19;1.8446744073709552e+19;1.0;;;True;ControlType.CONTROLLED;0;<BV64 x0>;64;[];[];[];[];[];[];[];0;0;0;;;;False;0;0;0;;;;False;ControlType.UNKNOWN;0;[('0xc220', <Bool x1[31:0] != 0x0>, 'Taken'), ('0xc230', <Bool True>, 'Taken')];{'regs': ['<BV64 x1>'], 'indirect_regs': [], 'direct_regs': ['<BV64 x1>'], 'mem': [], 'const_mem': []};[];{'regs': [], 'indirect_regs': [], 'direct_regs': [], 'mem': [], 'const_mem': []};{'regs': ['<BV64 x0>', '<BV64 x1>'], 'indirect_regs': [], 'direct_regs': ['<BV64 x0>', '<BV64 x1>'], 'mem': [], 'const_mem': []};{'regs': ['<BV64 x0>', '<BV64 x1>', '<BV64 x1>'], 'indirect_regs': [], 'direct_regs': ['<BV64 x0>', '<BV64 x1>', '<BV64 x1>'], 'mem': [], 'const_mem': []};63.0;0.0;64.0;64.0;[];;;;BaseControlType.BASE_INDEPENDENT_FROM_SECRET;BaseControlType.BASE_INDEPENDENT_FROM_SECRET;BaseControlType.BASE_INDEPENDENT_FROM_SECRET;2;BranchControlType.BRANCH_INDEPENDENT_FROM_SECRET;BranchControlType.BRANCH_INDEPENDENT_FROM_SECRET;49720;True;False;True;True;True;False;False;True;True;False;False;False;True;False;True;False;True;False;True;False;[];['has_valid_base'];True;False;True;True;True;False;False;True;True;False;False;False;True;False;True;False;True;False;True;False;[];['has_valid_base']
c587bed7-0885-49c1-9716-88f55eff3f4a;avc_open@@LIBSELINUX_1.0;0xc204;0xc248;0x0;TransmitterType.LOAD;18;0;False;['0xc204', '0xc224', '0xc238', '0xc248'];<BV64 0x8 + x0 + (0#28 .. 0xffffffff0 + ((0#4 .. x1[31:0]) << 0x4))>;64;[];[];['<BV64 x0>', '<BV64 x1>'];[];['<BV64 x0>', '<BV64 x1>'];[];[];0;18446744073709551615;18446744073709551615;1;;;True;0;18446744073709551615;18446744073709551615;1;;;True;ControlType.CONTROLLED;0;<BV64 0xffffffff8 + (0#28 .. (0#4 .. x1[31:0]) << 0x4)>;64;[];[];['<BV64 x1>'];[];['<BV64 x1>'];[];[];68719476728.0;137438953448.0;68719476720.0;16.0;;;True;68719476744.0;137438953448.0;68719476704.0;16.0;;;True;ControlType.CONTROLLED;0;<BV64 0xffffffff8 + (0#28 .. (0#4 .. x1[31:0]) << 0x4)>;64;[];[];['<BV64 x1>'];[];['<BV64 x1>'];[];[];68719476728;137438953448;68719476720;16.0;;;True;68719476744.0;137438953448.0;68719476704.0;16.0;;;True;ControlType.CONTROLLED;0;<BV64 x0>;64;[];[];['<BV64 x0>'];[];['<BV64 x0>'];[];[];0.0;1.8446744073709552e+19;18446744073709551615;1;;;True;0.0;1.8446744073709552e+19;18446744073709551615;1;;;True;ControlType.CONTROLLED;0;<BV64 x0>;64;[];[];['<BV64 x0>'];[];['<BV64 x0>'];[];[];0.0;1.8446744073709552e+19;1.8446744073709552e+19;1.0;;;True;0.0;1.8446744073709552e+19;1.8446744073709552e+19;1.0;;;True;ControlType.CONTROLLED;0;<BV64 x0>;64;[];[];[];[];[];[];[];0;0;0;;;;False;0;0;0;;;;False;ControlType.UNKNOWN;0;[('0xc220', <Bool x1[31:0] != 0x0>, 'Taken'), ('0xc230', <Bool True>, 'Taken'), ('0xc244', <Bool LOAD_32[<BV64 x0 + (0x0 .. 0xffffffff + x1[31:0] .. 0)>]_23 == 0x1>, 'Taken')];{'regs': ['<BV64 x0>', '<BV64 x1>', '<BV64 x1>'], 'indirect_regs': ['<BV64 x0>: []', '<BV64 x1>: []'], 'direct_regs': ['<BV64 x1>'], 'mem': ['<BV64 x0 + (0x0 .. 0xffffffff + x1[31:0] .. 0)>'], 'const_mem': []};[];{'regs': [], 'indirect_regs': [], 'direct_regs': [], 'mem': [], 'const_mem': []};{'regs': ['<BV64 x0>', '<BV64 x1>'], 'indirect_regs': [], 'direct_regs': ['<BV64 x0>', '<BV64 x1>'], 'mem': [], 'const_mem': []};{'regs': ['<BV64 x0>', '<BV64 x1>', '<BV64 x1>'], 'indirect_regs': [], 'direct_regs': ['<BV64 x0>', '<BV64 x1>', '<BV64 x1>'], 'mem': ['<BV64 x0 + (0x0 .. 0xffffffff + x1[31:0] .. 0)>'], 'const_mem': []};63.0;0.0;64.0;64.0;[];;;;BaseControlType.BASE_INDEPENDENT_FROM_SECRET;BaseControlType.BASE_INDEPENDENT_FROM_SECRET;BaseControlType.BASE_INDEPENDENT_FROM_SECRET;3;BranchControlType.BRANCH_DEPENDS_ON_SECRET_VALUE;BranchControlType.BRANCH_INDEPENDENT_FROM_SECRET;49736;True;False;True;True;True;False;False;True;True;False;False;False;True;False;True;True;True;False;True;False;[];['has_valid_base'];True;False;True;True;True;False;False;True;True;False;False;False;True;False;True;True;True;False;True;False;[];['has_valid_base']
f93f908f-e679-4558-8619-c5a90c824ae6;avc_open@@LIBSELINUX_1.0;0xc204;0xc238;0x0;TransmitterType.LOAD;25;0;False;['0xc204', '0xc224', '0xc238', '0xc248', '0xc234'];<BV64 0xfffffffffffffff0 + x0 + (0#28 .. 0xffffffff0 + ((0#4 .. x1[31:0]) << 0x4))>;64;[('0xc25c', <Bool x0 != x0 + (0x0 .. 0xffffffff + x1[31:0] .. 0)>, 'Taken')];[];['<BV64 x0>', '<BV64 x1>'];[];['<BV64 x0>', '<BV64 x1>'];[];[];0;18446744073709551615;18446744073709551615;1;;;True;0;18446744073709551615;18446744073709551615;1;;;False;ControlType.CONTROLLED;0;<BV64 0xfffffffe0 + (0#28 .. (0#4 .. x1[31:0]) << 0x4)>;64;[('0xc25c', <Bool x0 != x0 + (0x0 .. 0xffffffff + x1[31:0] .. 0)>, 'Taken')];[];['<BV64 x1>'];[];['<BV64 x1>'];[];[];68719476704.0;137438953424.0;68719476720.0;16.0;;;True;68719476736.0;137438953424.0;68719476688.0;16.0;;;True;ControlType.CONTROLLED;0;<BV64 0xfffffffe0 + (0#28 .. (0#4 .. x1[31:0]) << 0x4)>;64;[];[];['<BV64 x1>'];[];['<BV64 x1>'];[];[];68719476704;137438953424;68719476720;16.0;;;True;68719476736.0;137438953424.0;68719476688.0;16.0;;;True;ControlType.CONTROLLED;0;<BV64 x0>;64;[('0xc25c', <Bool x0 != x0 + (0x0 .. 0xffffffff + x1[31:0] .. 0)>, 'Taken')];[];['<BV64 x0>'];[];['<BV64 x0>'];[];[];0.0;1.8446744073709552e+19;18446744073709551615;1;;;True;0.0;1.8446744073709552e+19;18446744073709551615;1;;;False;ControlType.CONTROLLED;0;<BV64 x0>;64;[('0xc25c', <Bool x0 != x0 + (0x0 .. 0xffffffff + x1[31:0] .. 0)>, 'Taken')];[];['<BV64 x0>'];[];['<BV64 x0>'];[];[];0.0;1.8446744073709552e+19;1.8446744073709552e+19;1.0;;;True;0.0;1.8446744073709552e+19;1.8446744073709552e+19;1.0;;;False;ControlType.CONTROLLED;0;<BV64 x0>;64;[];[];[];[];[];[];[];0;0;0;;;;False;0;0;0;;;;False;ControlType.UNKNOWN;0;[('0xc220', <Bool x1[31:0] != 0x0>, 'Taken'), ('0xc230', <Bool True>, 'Taken'), ('0xc244', <Bool LOAD_32[<BV64 x0 + (0x0 .. 0xffffffff + x1[31:0] .. 0)>]_23 == 0x1>, 'Taken'), ('0xc25c', <Bool x0 != x0 + (0x0 .. 0xffffffff + x1[31:0] .. 0)>, 'Taken')];{'regs': ['<BV64 x0>', '<BV64 x1>', '<BV64 x1>'], 'indirect_regs': [], 'direct_regs': ['<BV64 x0>', '<BV64 x1>', '<BV64 x1>'], 'mem': ['<BV64 x0 + (0x0 .. 0xffffffff + x1[31:0] .. 0)>'], 'const_mem': []};[];{'regs': [], 'indirect_regs': [], 'direct_regs': [], 'mem': [], 'const_mem': []};{'regs': ['<BV64 x0>', '<BV64 x1>'], 'indirect_regs': [], 'direct_regs': ['<BV64 x0>', '<BV64 x1>'], 'mem': [], 'const_mem': []};{'regs': ['<BV64 x0>', '<BV64 x1>', '<BV64 x1>'], 'indirect_regs': [], 'direct_regs': ['<BV64 x0>', '<BV64 x1>', '<BV64 x1>'], 'mem': ['<BV64 x0 + (0x0 .. 0xffffffff + x1[31:0] .. 0)>'], 'const_mem': []};63.0;0.0;64.0;64.0;[];;;;BaseControlType.BASE_INDEPENDENT_FROM_SECRET;BaseControlType.BASE_INDEPENDENT_FROM_SECRET;BaseControlType.BASE_DEPENDS_ON_SECRET_EXPR;4;BranchControlType.BRANCH_DEPENDS_ON_SECRET_VALUE;BranchControlType.BRANCH_INDEPENDENT_FROM_SECRET;49720;True;False;True;True;True;False;False;True;True;False;False;False;True;False;True;True;True;False;True;False;[];['has_valid_base'];True;False;True;True;True;False;False;True;True;False;False;False;True;False;True;True;True;False;True;False;[];['has_valid_base']
fcf14ab2-fb9f-4782-8aaa-51b3008a4b07;avc_open@@LIBSELINUX_1.0;0xc204;0xc238;0x0;TransmitterType.LOAD;21;0;False;['0xc204', '0xc224', '0xc238', '0xc258', '0xc234'];<BV64 0xfffffffffffffff0 + x0 + (0#28 .. 0xffffffff0 + ((0#4 .. x1[31:0]) << 0x4))>;64;[('0xc25c', <Bool x0 != x0 + (0x0 .. 0xffffffff + x1[31:0] .. 0)>, 'Taken')];[];['<BV64 x0>', '<BV64 x1>'];[];['<BV64 x0>', '<BV64 x1>'];[];[];0;18446744073709551615;18446744073709551615;1;;;True;0;18446744073709551615;18446744073709551615;1;;;False;ControlType.CONTROLLED;0;<BV64 0xfffffffe0 + (0#28 .. (0#4 .. x1[31:0]) << 0x4)>;64;[('0xc25c', <Bool x0 != x0 + (0x0 .. 0xffffffff + x1[31:0] .. 0)>, 'Taken')];[];['<BV64 x1>'];[];['<BV64 x1>'];[];[];68719476704.0;137438953424.0;68719476720.0;16.0;;;True;68719476736.0;137438953424.0;68719476688.0;16.0;;;True;ControlType.CONTROLLED;0;<BV64 0xfffffffe0 + (0#28 .. (0#4 .. x1[31:0]) << 0x4)>;64;[];[];['<BV64 x1>'];[];['<BV64 x1>'];[];[];68719476704;137438953424;68719476720;16.0;;;True;68719476736.0;137438953424.0;68719476688.0;16.0;;;True;ControlType.CONTROLLED;0;<BV64 x0>;64;[('0xc25c', <Bool x0 != x0 + (0x0 .. 0xffffffff + x1[31:0] .. 0)>, 'Taken')];[];['<BV64 x0>'];[];['<BV64 x0>'];[];[];0.0;1.8446744073709552e+19;18446744073709551615;1;;;True;0.0;1.8446744073709552e+19;18446744073709551615;1;;;False;ControlType.CONTROLLED;0;<BV64 x0>;64;[('0xc25c', <Bool x0 != x0 + (0x0 .. 0xffffffff + x1[31:0] .. 0)>, 'Taken')];[];['<BV64 x0>'];[];['<BV64 x0>'];[];[];0.0;1.8446744073709552e+19;1.8446744073709552e+19;1.0;;;True;0.0;1.8446744073709552e+19;1.8446744073709552e+19;1.0;;;False;ControlType.CONTROLLED;0;<BV64 x0>;64;[];[];[];[];[];[];[];0;0;0;;;;False;0;0;0;;;;False;ControlType.UNKNOWN;0;[('0xc220', <Bool x1[31:0] != 0x0>, 'Taken'), ('0xc230', <Bool True>, 'Taken'), ('0xc244', <Bool LOAD_32[<BV64 x0 + (0x0 .. 0xffffffff + x1[31:0] .. 0)>]_23 != 0x1>, 'Taken'), ('0xc25c', <Bool x0 != x0 + (0x0 .. 0xffffffff + x1[31:0] .. 0)>, 'Taken')];{'regs': ['<BV64 x0>', '<BV64 x1>', '<BV64 x1>'], 'indirect_regs': [], 'direct_regs': ['<BV64 x0>', '<BV64 x1>', '<BV64 x1>'], 'mem': ['<BV64 x0 + (0x0 .. 0xffffffff + x1[31:0] .. 0)>'], 'const_mem': []};[];{'regs': [], 'indirect_regs': [], 'direct_regs': [], 'mem': [], 'const_mem': []};{'regs': ['<BV64 x0>', '<BV64 x1>'], 'indirect_regs': [], 'direct_regs': ['<BV64 x0>', '<BV64 x1>'], 'mem': [], 'const_mem': []};{'regs': ['<BV64 x0>', '<BV64 x1>', '<BV64 x1>'], 'indirect_regs': [], 'direct_regs': ['<BV64 x0>', '<BV64 x1>', '<BV64 x1>'], 'mem': ['<BV64 x0 + (0x0 .. 0xffffffff + x1[31:0] .. 0)>'], 'const_mem': []};63.0;0.0;64.0;64.0;[];;;;BaseControlType.BASE_INDEPENDENT_FROM_SECRET;BaseControlType.BASE_INDEPENDENT_FROM_SECRET;BaseControlType.BASE_DEPENDS_ON_SECRET_EXPR;4;BranchControlType.BRANCH_DEPENDS_ON_SECRET_VALUE;BranchControlType.BRANCH_INDEPENDENT_FROM_SECRET;49720;True;False;True;True;True;False;False;True;True;False;False;False;True;False;True;True;True;False;True;False;[];['has_valid_base'];True;False;True;True;True;False;False;True;True;False;False;False;True;False;True;True;True;False;True;False;[];['has_valid_base']
4c0672f0-4b02-456c-b798-91a4942297d9;avc_cache_stats@@LIBSELINUX_1.0;0x7e40;0x7e64;0x0;TransmitterType.STORE;12;0;False;['0x7e40'];<BV64 x0>;64;[];[];['<BV64 x0>'];[];['<BV64 x0>'];[];[];0;18446744073709551615;18446744073709551615;1;;;True;0;18446744073709551615;18446744073709551615;1;;;True;ControlType.CONTROLLED;0;;0;[];[];[];[];[];[];[];0.0;0.0;0.0;0.0;;;False;0.0;0.0;0.0;0.0;;;False;ControlType.UNKNOWN;0;;0;[];[];[];[];[];[];[];0;0;0;;;;False;0.0;0.0;0.0;0.0;;;False;ControlType.UNKNOWN;0;<BV64 x0>;64;[];[];['<BV64 x0>'];[];['<BV64 x0>'];[];[];0.0;1.8446744073709552e+19;18446744073709551615;1;;;True;0.0;1.8446744073709552e+19;18446744073709551615;1;;;True;ControlType.CONTROLLED;0;<BV64 x0>;64;[];[];['<BV64 x0>'];[];['<BV64 x0>'];[];[];0.0;1.8446744073709552e+19;1.8446744073709552e+19;1.0;;;True;0.0;1.8446744073709552e+19;1.8446744073709552e+19;1.0;;;True;ControlType.CONTROLLED;0;<BV64 x0>;64;[];[];[];[];[];[];[];0;0;0;;;;False;0;0;0;;;;False;ControlType.UNKNOWN;0;[];{'regs': [], 'indirect_regs': [], 'direct_regs': [], 'mem': [], 'const_mem': []};[];{'regs': [], 'indirect_regs': [], 'direct_regs': [], 'mem': [], 'const_mem': []};{'regs': ['<BV64 x0>'], 'indirect_regs': [], 'direct_regs': ['<BV64 x0>'], 'mem': [], 'const_mem': []};{'regs': ['<BV64 x0>'], 'indirect_regs': [], 'direct_regs': ['<BV64 x0>'], 'mem': [], 'const_mem': []};63.0;0.0;64.0;64.0;[];;;;BaseControlType.NO_BASE;BaseControlType.NO_BASE;BaseControlType.NO_BASE;0;BranchControlType.BRANCH_INDEPENDENT_FROM_SECRET;BranchControlType.BRANCH_INDEPENDENT_FROM_SECRET;32356;True;False;True;True;True;False;False;True;True;False;False;False;True;False;True;False;True;False;True;False;[];['has_valid_base'];True;False;True;True;True;False;False;True;True;False;False;False;True;False;True;False;True;False;True;False;[];['has_valid_base']
2fccd0a3-9177-4337-9d98-c6f41a2b8ad4;avc_cache_stats@@LIBSELINUX_1.0;0x7e40;0x7e64;0x0;TransmitterType.STORE;12;0;False;['0x7e40'];<BV64 0x10 + x0>;64;[];[];['<BV64 x0>'];[];['<BV64 x0>'];[];[];0;18446744073709551615;18446744073709551615;1;;;True;0;18446744073709551615;18446744073709551615;1;;;True;ControlType.CONTROLLED;0;<BV64 0x10>;64;[];[];[];[];[];[];[];16.0;16.0;0.0;1.0;;;True;16.0;16.0;0.0;1.0;;;True;ControlType.NO_CONTROL;0;<BV64 0x10>;64;[];[];[];[];[];[];[];16;16;0;1.0;;;True;16.0;16.0;0.0;1.0;;;True;ControlType.NO_CONTROL;0;<BV64 x0>;64;[];[];['<BV64 x0>'];[];['<BV64 x0>'];[];[];0.0;1.8446744073709552e+19;18446744073709551615;1;;;True;0.0;1.8446744073709552e+19;18446744073709551615;1;;;True;ControlType.CONTROLLED;0;<BV64 x0>;64;[];[];['<BV64 x0>'];[];['<BV64 x0>'];[];[];0.0;1.8446744073709552e+19;1.8446744073709552e+19;1.0;;;True;0.0;1.8446744073709552e+19;1.8446744073709552e+19;1.0;;;True;ControlType.CONTROLLED;0;<BV64 x0>;64;[];[];[];[];[];[];[];0;0;0;;;;False;0;0;0;;;;False;ControlType.UNKNOWN;0;[];{'regs': [], 'indirect_regs': [], 'direct_regs': [], 'mem': [], 'const_mem': []};[];{'regs': [], 'indirect_regs': [], 'direct_regs': [], 'mem': [], 'const_mem': []};{'regs': ['<BV64 x0>'], 'indirect_regs': [], 'direct_regs': ['<BV64 x0>'], 'mem': [], 'const_mem': []};{'regs': ['<BV64 x0>'], 'indirect_regs': [], 'direct_regs': ['<BV64 x0>'], 'mem': [], 'const_mem': []};63.0;0.0;64.0;64.0;[];;;;BaseControlType.CONSTANT_BASE;BaseControlType.CONSTANT_BASE;BaseControlType.CONSTANT_BASE;0;BranchControlType.BRANCH_INDEPENDENT_FROM_SECRET;BranchControlType.BRANCH_INDEPENDENT_FROM_SECRET;32356;True;False;True;True;True;False;False;True;True;False;False;False;True;False;True;False;True;False;True;False;[];['has_valid_base'];True;False;True;True;True;False;False;True;True;False;False;False;True;False;True;False;True;False;True;False;[];['has_valid_base']
cf7efcf8-63e6-4132-9c3e-dd6816c98971;context_role_set@@LIBSELINUX_1.0;0xaab0;0xaacc;0x0;TransmitterType.LOAD;9;0;False;['0xaab0'];<BV64 x0>;64;[];[];['<BV64 x0>'];[];['<BV64 x0>'];[];[];0;18446744073709551615;18446744073709551615;1;;;True;0;18446744073709551615;18446744073709551615;1;;;True;ControlType.CONTROLLED;0;;0;[];[];[];[];[];[];[];0.0;0.0;0.0;0.0;;;False;0.0;0.0;0.0;0.0;;;False;ControlType.UNKNOWN;0;;0;[];[];[];[];[];[];[];0;0;0;;;;False;0.0;0.0;0.0;0.0;;;False;ControlType.UNKNOWN;0;<BV64 x0>;64;[];[];['<BV64 x0>'];[];['<BV64 x0>'];[];[];0.0;1.8446744073709552e+19;18446744073709551615;1;;;True;0.0;1.8446744073709552e+19;18446744073709551615;1;;;True;ControlType.CONTROLLED;0;<BV64 x0>;64;[];[];['<BV64 x0>'];[];['<BV64 x0>'];[];[];0.0;1.8446744073709552e+19;1.8446744073709552e+19;1.0;;;True;0.0;1.8446744073709552e+19;1.8446744073709552e+19;1.0;;;True;ControlType.CONTROLLED;0;<BV64 x0>;64;[];[];[];[];[];[];[];0;0;0;;;;False;0;0;0;;;;False;ControlType.UNKNOWN;0;[];{'regs': [], 'indirect_regs': [], 'direct_regs': [], 'mem': [], 'const_mem': []};[];{'regs': [], 'indirect_regs': [], 'direct_regs': [], 'mem': [], 'const_mem': []};{'regs': ['<BV64 x0>'], 'indirect_regs': [], 'direct_regs': ['<BV64 x0>'], 'mem': [], 'const_mem': []};{'regs': ['<BV64 x0>'], 'indirect_regs': [], 'direct_regs': ['<BV64 x0>'], 'mem': [], 'const_mem': []};63.0;0.0;64.0;64.0;[];;;;BaseControlType.NO_BASE;BaseControlType.NO_BASE;BaseControlType.NO_BASE;0;BranchControlType.BRANCH_INDEPENDENT_FROM_SECRET;BranchControlType.BRANCH_INDEPENDENT_FROM_SECRET;43724;True;False;True;True;True;False;False;True;True;False;False;False;True;False;True;False;True;False;True;False;[];['has_valid_base'];True;False;True;True;True;False;False;True;True;False;False;False;True;False;True;False;True;False;True;False;[];['has_valid_base']
e9e0cf2d-4812-43be-a5fb-81f8e82acb97;context_role_set@@LIBSELINUX_1.0;0xaab0;0xa9e4;0xaac4;TransmitterType.LOAD;21;1;False;['0xaab0', '0xa940', '0xa9e0'];<BV64 0x10 + LOAD_64[<BV64 x0>]_24>;64;[];[];['<BV64 x0>'];"[""<BV64 x0>: ['0x0']""]";[];['<BV64 x0>'];[];0;18446744073709551615;18446744073709551615;1;;;True;0;18446744073709551615;18446744073709551615;1;;;True;ControlType.CONTROLLED;1;<BV64 0x10>;64;[];[];[];[];[];[];[];16.0;16.0;0.0;1.0;;;True;16.0;16.0;0.0;1.0;;;True;ControlType.NO_CONTROL;0;<BV64 0x10>;64;[];[];[];[];[];[];[];16;16;0;1.0;;;True;16.0;16.0;0.0;1.0;;;True;ControlType.NO_CONTROL;0;<BV64 LOAD_64[<BV64 x0>]_24>;64;[];[];['<BV64 x0>'];"[""<BV64 x0>: ['0x0']""]";[];['<BV64 x0>'];[];0.0;1.8446744073709552e+19;18446744073709551615;1;;;True;0.0;1.8446744073709552e+19;18446744073709551615;1;;;True;ControlType.CONTROLLED;1;<BV64 x0>;64;[];[];['<BV64 x0>'];[];['<BV64 x0>'];[];[];0.0;1.8446744073709552e+19;1.8446744073709552e+19;1.0;;;True;0.0;1.8446744073709552e+19;1.8446744073709552e+19;1.0;;;True;ControlType.CONTROLLED;0;<BV64 LOAD_64[<BV64 x0>]_24>;64;[];[];[];[];[];[];[];0;0;0;;;;False;0;0;0;;;;False;ControlType.UNKNOWN;1;[('0xa960', <Bool x1 == 0x0>, 'Taken'), ('0xaad0', <Bool True>, 'Taken')];{'regs': ['<BV64 x1>'], 'indirect_regs': [], 'direct_regs': ['<BV64 x1>'], 'mem': [], 'const_mem': []};[];{'regs': [], 'indirect_regs': [], 'direct_regs': [], 'mem': [], 'const_mem': []};{'regs': ['<BV64 x0>'], 'indirect_regs': [], 'direct_regs': ['<BV64 x0>'], 'mem': ['<BV64 x0>'], 'const_mem': []};{'regs': ['<BV64 x0>', '<BV64 x1>'], 'indirect_regs': [], 'direct_regs': ['<BV64 x0>', '<BV64 x1>'], 'mem': ['<BV64 x0>'], 'const_mem': []};63.0;0.0;64.0;64.0;[];;;;BaseControlType.CONSTANT_BASE;BaseControlType.CONSTANT_BASE;BaseControlType.CONSTANT_BASE;2;BranchControlType.BRANCH_INDEPENDENT_FROM_SECRET;BranchControlType.BRANCH_INDEPENDENT_FROM_SECRET;43492;True;False;True;True;True;False;False;True;True;False;False;False;True;False;True;False;True;False;True;False;[];['has_valid_base'];True;False;True;True;True;False;False;True;True;False;False;False;True;False;True;False;True;False;True;False;[];['has_valid_base']
1a715c3b-2114-4743-8682-5f00f9f321df;context_role_set@@LIBSELINUX_1.0;0xaab0;0xa9f0;0xaac4;TransmitterType.STORE;23;1;False;['0xaab0', '0xa940', '0xa9e0', '0xa9f0'];<BV64 0x10 + LOAD_64[<BV64 x0>]_24>;64;[];[];['<BV64 x0>'];"[""<BV64 x0>: ['0x0']""]";[];['<BV64 x0>'];[];0;18446744073709551615;18446744073709551615;1;;;True;0;18446744073709551615;18446744073709551615;1;;;True;ControlType.CONTROLLED;1;<BV64 0x10>;64;[];[];[];[];[];[];[];16.0;16.0;0.0;1.0;;;True;16.0;16.0;0.0;1.0;;;True;ControlType.NO_CONTROL;0;<BV64 0x10>;64;[];[];[];[];[];[];[];16;16;0;1.0;;;True;16.0;16.0;0.0;1.0;;;True;ControlType.NO_CONTROL;0;<BV64 LOAD_64[<BV64 x0>]_24>;64;[];[];['<BV64 x0>'];"[""<BV64 x0>: ['0x0']""]";[];['<BV64 x0>'];[];0.0;1.8446744073709552e+19;18446744073709551615;1;;;True;0.0;1.8446744073709552e+19;18446744073709551615;1;;;True;ControlType.CONTROLLED;1;<BV64 x0>;64;[];[];['<BV64 x0>'];[];['<BV64 x0>'];[];[];0.0;1.8446744073709552e+19;1.8446744073709552e+19;1.0;;;True;0.0;1.8446744073709552e+19;1.8446744073709552e+19;1.0;;;True;ControlType.CONTROLLED;0;<BV64 LOAD_64[<BV64 x0>]_24>;64;[];[];[];[];[];[];[];0;0;0;;;;False;0;0;0;;;;False;ControlType.UNKNOWN;1;[('0xa960', <Bool x1 == 0x0>, 'Taken'), ('0xa9e8', <Bool LOAD_64[<BV64 LOAD_64[<BV64 x0>]_24 + 0x10>]_32 == 0x0>, 'Taken'), ('0xaad0', <Bool True>, 'Taken')];"{'regs': ['<BV64 x0>', '<BV64 x1>'], 'indirect_regs': [""<BV64 x0>: ['0x0']""], 'direct_regs': ['<BV64 x1>'], 'mem': ['<BV64 LOAD_64[<BV64 x0>]_24 + 0x10>', '<BV64 x0>'], 'const_mem': []}";[];{'regs': [], 'indirect_regs': [], 'direct_regs': [], 'mem': [], 'const_mem': []};{'regs': ['<BV64 x0>'], 'indirect_regs': [], 'direct_regs': ['<BV64 x0>'], 'mem': ['<BV64 x0>'], 'const_mem': []};{'regs': ['<BV64 x0>', '<BV64 x1>'], 'indirect_regs': [], 'direct_regs': ['<BV64 x0>', '<BV64 x1>'], 'mem': ['<BV64 LOAD_64[<BV64 x0>]_24 + 0x10>', '<BV64 x0>'], 'const_mem': []};63.0;0.0;64.0;64.0;[];;;;BaseControlType.CONSTANT_BASE;BaseControlType.CONSTANT_BASE;BaseControlType.CONSTANT_BASE;3;BranchControlType.BRANCH_DEPENDS_ON_SECRET_VALUE;BranchControlType.BRANCH_INDEPENDENT_FROM_SECRET;43504;True;False;True;True;True;False;False;True;True;False;False;False;True;False;True;True;True;False;True;False;[];['has_valid_base'];True;False;True;True;True;False;False;True;True;False;False;False;True;False;True;True;True;False;True;False;[];['has_valid_base']
dd3ec917-c7d4-4f52-af59-236623a9e52f;context_user_set@@LIBSELINUX_1.0;0xaae0;0xaafc;0x0;TransmitterType.LOAD;9;0;False;['0xaae0'];<BV64 x0>;64;[];[];['<BV64 x0>'];[];['<BV64 x0>'];[];[];0;18446744073709551615;18446744073709551615;1;;;True;0;18446744073709551615;18446744073709551615;1;;;True;ControlType.CONTROLLED;0;;0;[];[];[];[];[];[];[];0.0;0.0;0.0;0.0;;;False;0.0;0.0;0.0;0.0;;;False;ControlType.UNKNOWN;0;;0;[];[];[];[];[];[];[];0;0;0;;;;False;0.0;0.0;0.0;0.0;;;False;ControlType.UNKNOWN;0;<BV64 x0>;64;[];[];['<BV64 x0>'];[];['<BV64 x0>'];[];[];0.0;1.8446744073709552e+19;18446744073709551615;1;;;True;0.0;1.8446744073709552e+19;18446744073709551615;1;;;True;ControlType.CONTROLLED;0;<BV64 x0>;64;[];[];['<BV64 x0>'];[];['<BV64 x0>'];[];[];0.0;1.8446744073709552e+19;1.8446744073709552e+19;1.0;;;True;0.0;1.8446744073709552e+19;1.8446744073709552e+19;1.0;;;True;ControlType.CONTROLLED;0;<BV64 x0>;64;[];[];[];[];[];[];[];0;0;0;;;;False;0;0;0;;;;False;ControlType.UNKNOWN;0;[];{'regs': [], 'indirect_regs': [], 'direct_regs': [], 'mem': [], 'const_mem': []};[];{'regs': [], 'indirect_regs': [], 'direct_regs': [], 'mem': [], 'const_mem': []};{'regs': ['<BV64 x0>'], 'indirect_regs': [], 'direct_regs': ['<BV64 x0>'], 'mem': [], 'const_mem': []};{'regs': ['<BV64 x0>'], 'indirect_regs': [], 'direct_regs': ['<BV64 x0>'], 'mem': [], 'const_mem': []};63.0;0.0;64.0;64.0;[];;;;BaseControlType.NO_BASE;BaseControlType.NO_BASE;BaseControlType.NO_BASE;0;BranchControlType.BRANCH_INDEPENDENT_FROM_SECRET;BranchControlType.BRANCH_INDEPENDENT_FROM_SECRET;43772;True;False;True;True;True;False;False;True;True;False;False;False;True;False;True;False;True;False;True;False;[];['has_valid_base'];True;False;True;True;True;False;False;True;True;False;False;False;True;False;True;False;True;False;True;False;[];['has_valid_base']
e85dc7c9-1961-4244-a56f-3f0bab4917c8;context_user_set@@LIBSELINUX_1.0;0xaae0;0xa9e4;0xaac4;TransmitterType.LOAD;21;1;False;['0xaae0', '0xa940', '0xa9e0'];<BV64 0x8 + LOAD_64[<BV64 x0>]_24>;64;[];[];['<BV64 x0>'];"[""<BV64 x0>: ['0x0']""]";[];['<BV64 x0>'];[];0;18446744073709551615;18446744073709551615;1;;;True;0;18446744073709551615;18446744073709551615;1;;;True;ControlType.CONTROLLED;1;<BV64 0x8>;64;[];[];[];[];[];[];[];8.0;8.0;0.0;1.0;;;True;8.0;8.0;0.0;1.0;;;True;ControlType.NO_CONTROL;0;<BV64 0x8>;64;[];[];[];[];[];[];[];8;8;0;1.0;;;True;8.0;8.0;0.0;1.0;;;True;ControlType.NO_CONTROL;0;<BV64 LOAD_64[<BV64 x0>]_24>;64;[];[];['<BV64 x0>'];"[""<BV64 x0>: ['0x0']""]";[];['<BV64 x0>'];[];0.0;1.8446744073709552e+19;18446744073709551615;1;;;True;0.0;1.8446744073709552e+19;18446744073709551615;1;;;True;ControlType.CONTROLLED;1;<BV64 x0>;64;[];[];['<BV64 x0>'];[];['<BV64 x0>'];[];[];0.0;1.8446744073709552e+19;1.8446744073709552e+19;1.0;;;True;0.0;1.8446744073709552e+19;1.8446744073709552e+19;1.0;;;True;ControlType.CONTROLLED;0;<BV64 LOAD_64[<BV64 x0>]_24>;64;[];[];[];[];[];[];[];0;0;0;;;;False;0;0;0;;;;False;ControlType.UNKNOWN;1;[('0xa960', <Bool x1 == 0x0>, 'Taken'), ('0xab00', <Bool True>, 'Taken')];{'regs': ['<BV64 x1>'], 'indirect_regs': [], 'direct_regs': ['<BV64 x1>'], 'mem': [], 'const_mem': []};[];{'regs': [], 'indirect_regs': [], 'direct_regs': [], 'mem': [], 'const_mem': []};{'regs': ['<BV64 x0>'], 'indirect_regs': [], 'direct_regs': ['<BV64 x0>'], 'mem': ['<BV64 x0>'], 'const_mem': []};{'regs': ['<BV64 x0>', '<BV64 x1>'], 'indirect_regs': [], 'direct_regs': ['<BV64 x0>', '<BV64 x1>'], 'mem': ['<BV64 x0>'], 'const_mem': []};63.0;0.0;64.0;64.0;[];;;;BaseControlType.CONSTANT_BASE;BaseControlType.CONSTANT_BASE;BaseControlType.CONSTANT_BASE;2;BranchControlType.BRANCH_INDEPENDENT_FROM_SECRET;BranchControlType.BRANCH_INDEPENDENT_FROM_SECRET;43492;True;False;True;True;True;False;False;True;True;False;False;False;True;False;True;False;True;False;True;False;[];['has_valid_base'];True;False;True;True;True;False;False;True;True;False;False;False;True;False;True;False;True;False;True;False;[];['has_valid_base']
debf2fca-361e-4720-b19e-551b77dbfc25;context_user_set@@LIBSELINUX_1.0;0xaae0;0xa9f0;0xaac4;TransmitterType.STORE;23;1;False;['0xaae0', '0xa940', '0xa9e0', '0xa9f0'];<BV64 0x8 + LOAD_64[<BV64 x0>]_24>;64;[];[];['<BV64 x0>'];"[""<BV64 x0>: ['0x0']""]";[];['<BV64 x0>'];[];0;18446744073709551615;18446744073709551615;1;;;True;0;18446744073709551615;18446744073709551615;1;;;True;ControlType.CONTROLLED;1;<BV64 0x8>;64;[];[];[];[];[];[];[];8.0;8.0;0.0;1.0;;;True;8.0;8.0;0.0;1.0;;;True;ControlType.NO_CONTROL;0;<BV64 0x8>;64;[];[];[];[];[];[];[];8;8;0;1.0;;;True;8.0;8.0;0.0;1.0;;;True;ControlType.NO_CONTROL;0;<BV64 LOAD_64[<BV64 x0>]_24>;64;[];[];['<BV64 x0>'];"[""<BV64 x0>: ['0x0']""]";[];['<BV64 x0>'];[];0.0;1.8446744073709552e+19;18446744073709551615;1;;;True;0.0;1.8446744073709552e+19;18446744073709551615;1;;;True;ControlType.CONTROLLED;1;<BV64 x0>;64;[];[];['<BV64 x0>'];[];['<BV64 x0>'];[];[];0.0;1.8446744073709552e+19;1.8446744073709552e+19;1.0;;;True;0.0;1.8446744073709552e+19;1.8446744073709552e+19;1.0;;;True;ControlType.CONTROLLED;0;<BV64 LOAD_64[<BV64 x0>]_24>;64;[];[];[];[];[];[];[];0;0;0;;;;False;0;0;0;;;;False;ControlType.UNKNOWN;1;[('0xa960', <Bool x1 == 0x0>, 'Taken'), ('0xa9e8', <Bool LOAD_64[<BV64 LOAD_64[<BV64 x0>]_24 + 0x8>]_32 == 0x0>, 'Taken'), ('0xab00', <Bool True>, 'Taken')];"{'regs': ['<BV64 x0>', '<BV64 x1>'], 'indirect_regs': [""<BV64 x0>: ['0x0']""], 'direct_regs': ['<BV64 x1>'], 'mem': ['<BV64 LOAD_64[<BV64 x0>]_24 + 0x8>', '<BV64 x0>'], 'const_mem': []}";[];{'regs': [], 'indirect_regs': [], 'direct_regs': [], 'mem': [], 'const_mem': []};{'regs': ['<BV64 x0>'], 'indirect_regs': [], 'direct_regs': ['<BV64 x0>'], 'mem': ['<BV64 x0>'], 'const_mem': []};"{'regs': ['<BV64 x0>', '<BV64 x0>', '<BV64 x1>'], 'indirect_regs': [""<BV64 x0>: ['0x0']""], 'direct_regs': ['<BV64 x0>', '<BV64 x1>'], 'mem': ['<BV64 LOAD_64[<BV64 x0>]_24 + 0x8>', '<BV64 x0>', '<BV64 x0>'], 'const_mem': []}";63.0;0.0;64.0;64.0;[];;;;BaseControlType.CONSTANT_BASE;BaseControlType.CONSTANT_BASE;BaseControlType.CONSTANT_BASE;3;BranchControlType.BRANCH_INDEPENDENT_FROM_SECRET;BranchControlType.BRANCH_INDEPENDENT_FROM_SECRET;43504;True;False;True;True;True;False;False;True;True;False;False;False;True;False;True;False;True;False;True;False;[];['has_valid_base'];True;False;True;True;True;False;False;True;True;False;False;False;True;False;True;False;True;False;True;False;[];['has_valid_base']
6bdf939f-4128-4be1-a6bd-d4e107ea8a0d;context_range_get@@LIBSELINUX_1.0;0xaa4c;0xaa58;0x0;TransmitterType.LOAD;4;0;False;['0xaa4c'];<BV64 x0>;64;[];[];['<BV64 x0>'];[];['<BV64 x0>'];[];[];0;18446744073709551615;18446744073709551615;1;;;True;0;18446744073709551615;18446744073709551615;1;;;True;ControlType.CONTROLLED;0;;0;[];[];[];[];[];[];[];0.0;0.0;0.0;0.0;;;False;0.0;0.0;0.0;0.0;;;False;ControlType.UNKNOWN;0;;0;[];[];[];[];[];[];[];0;0;0;;;;False;0.0;0.0;0.0;0.0;;;False;ControlType.UNKNOWN;0;<BV64 x0>;64;[];[];['<BV64 x0>'];[];['<BV64 x0>'];[];[];0.0;1.8446744073709552e+19;18446744073709551615;1;;;True;0.0;1.8446744073709552e+19;18446744073709551615;1;;;True;ControlType.CONTROLLED;0;<BV64 x0>;64;[];[];['<BV64 x0>'];[];['<BV64 x0>'];[];[];0.0;1.8446744073709552e+19;1.8446744073709552e+19;1.0;;;True;0.0;1.8446744073709552e+19;1.8446744073709552e+19;1.0;;;True;ControlType.CONTROLLED;0;<BV64 x0>;64;[];[];[];[];[];[];[];0;0;0;;;;False;0;0;0;;;;False;ControlType.UNKNOWN;0;[];{'regs': [], 'indirect_regs': [], 'direct_regs': [], 'mem': [], 'const_mem': []};[];{'regs': [], 'indirect_regs': [], 'direct_regs': [], 'mem': [], 'const_mem': []};{'regs': ['<BV64 x0>'], 'indirect_regs': [], 'direct_regs': ['<BV64 x0>'], 'mem': [], 'const_mem': []};{'regs': ['<BV64 x0>'], 'indirect_regs': [], 'direct_regs': ['<BV64 x0>'], 'mem': [], 'const_mem': []};63.0;0.0;64.0;64.0;[];;;;BaseControlType.NO_BASE;BaseControlType.NO_BASE;BaseControlType.NO_BASE;0;BranchControlType.BRANCH_INDEPENDENT_FROM_SECRET;BranchControlType.BRANCH_INDEPENDENT_FROM_SECRET;43608;True;False;True;True;True;False;False;True;True;False;False;False;True;False;True;False;True;False;True;False;[];['has_valid_base'];True;False;True;True;True;False;False;True;True;False;False;False;True;False;True;False;True;False;True;False;[];['has_valid_base']
6fac9d51-c7ea-4cb1-9095-84014aa0c7c2;context_range_get@@LIBSELINUX_1.0;0xaa4c;0xaa64;0xaa58;TransmitterType.LOAD;8;1;False;['0xaa4c'];<BV64 0x20 + LOAD_64[<BV64 x0>]_22>;64;[];[];['<BV64 x0>'];"[""<BV64 x0>: ['0x0']""]";[];['<BV64 x0>'];[];0;18446744073709551615;18446744073709551615;1;;;True;0;18446744073709551615;18446744073709551615;1;;;True;ControlType.CONTROLLED;1;<BV64 0x20>;64;[];[];[];[];[];[];[];32.0;32.0;0.0;1.0;;;True;32.0;32.0;0.0;1.0;;;True;ControlType.NO_CONTROL;0;<BV64 0x20>;64;[];[];[];[];[];[];[];32;32;0;1.0;;;True;32.0;32.0;0.0;1.0;;;True;ControlType.NO_CONTROL;0;<BV64 LOAD_64[<BV64 x0>]_22>;64;[];[];['<BV64 x0>'];"[""<BV64 x0>: ['0x0']""]";[];['<BV64 x0>'];[];0.0;1.8446744073709552e+19;18446744073709551615;1;;;True;0.0;1.8446744073709552e+19;18446744073709551615;1;;;True;ControlType.CONTROLLED;1;<BV64 x0>;64;[];[];['<BV64 x0>'];[];['<BV64 x0>'];[];[];0.0;1.8446744073709552e+19;1.8446744073709552e+19;1.0;;;True;0.0;1.8446744073709552e+19;1.8446744073709552e+19;1.0;;;True;ControlType.CONTROLLED;0;<BV64 LOAD_64[<BV64 x0>]_22>;64;[];[];[];[];[];[];[];0;0;0;;;;False;0;0;0;;;;False;ControlType.UNKNOWN;1;[];{'regs': [], 'indirect_regs': [], 'direct_regs': [], 'mem': [], 'const_mem': []};[];{'regs': [], 'indirect_regs': [], 'direct_regs': [], 'mem': [], 'const_mem': []};{'regs': ['<BV64 x0>'], 'indirect_regs': [], 'direct_regs': ['<BV64 x0>'], 'mem': ['<BV64 x0>'], 'const_mem': []};{'regs': ['<BV64 x0>'], 'indirect_regs': [], 'direct_regs': ['<BV64 x0>'], 'mem': ['<BV64 x0>'], 'const_mem': []};63.0;0.0;64.0;64.0;[];;;;BaseControlType.CONSTANT_BASE;BaseControlType.CONSTANT_BASE;BaseControlType.CONSTANT_BASE;0;BranchControlType.BRANCH_INDEPENDENT_FROM_SECRET;BranchControlType.BRANCH_INDEPENDENT_FROM_SECRET;43620;True;False;True;True;True;False;False;True;True;False;False;False;True;False;True;False;True;False;True;False;[];['has_valid_base'];True;False;True;True;True;False;False;True;True;False;False;False;True;False;True;False;True;False;True;False;[];['has_valid_base']
502948e5-16fe-4d69-b9a6-f6d94109a73b;string_to_av_perm@@LIBSELINUX_1.0;0x1f6e4;0x1f7b8;0x0;TransmitterType.LOAD;16;0;False;['0x1f6e4', '0x1f7a8'];<BV64 LOAD_64[<BV64 0x40250>]_33 + 0x88 * (0#48 .. x0[15:0])>;64;[('0x1f70c', <Bool (x0[31:0] & 0xffff) < (0x0 .. LOAD_16[<BV64 0x4024c>]_24)>, 'Taken')];[];['<BV64 x0>'];[];['<BV64 x0>'];[];['<BV64 0x40250>'];0;18446744073709551615;18446744073709551615;1;;;True;0;18446744073709551615;18446744073709551615;1;;;False;ControlType.CONTROLLED;0;<BV64 LOAD_64[<BV64 0x40250>]_33>;64;[];[];[];[];[];[];['<BV64 0x40250>'];0.0;1.8446744073709552e+19;1.8446744073709552e+19;1.0;;;True;0.0;1.8446744073709552e+19;1.8446744073709552e+19;1.0;;;True;ControlType.NO_CONTROL;0;<BV64 LOAD_64[<BV64 0x40250>]_33>;64;[];[];[];[];[];[];['<BV64 0x40250>'];0;18446744073709551615;18446744073709551615;1.0;;;True;0.0;1.8446744073709552e+19;1.8446744073709552e+19;1.0;;;True;ControlType.NO_CONTROL;0;<BV64 0x88 * (0#48 .. x0[15:0])>;64;[('0x1f70c', <Bool (x0[31:0] & 0xffff) < (0x0 .. LOAD_16[<BV64 0x4024c>]_24)>, 'Taken')];[];['<BV64 x0>'];[];['<BV64 x0>'];[];[];0.0;8912760.0;8912760;136;;;True;0.0;8912624.0;8912624;8;;;False;ControlType.CONTROLLED;0;<BV64 x0>;64;[('0x1f70c', <Bool (x0[31:0] & 0xffff) < (0x0 .. LOAD_16[<BV64 0x4024c>]_24)>, 'Taken')];[];['<BV64 x0>'];[];['<BV64 x0>'];[];[];0.0;1.8446744073709552e+19;1.8446744073709552e+19;1.0;;;True;0.0;1.8446744073709552e+19;1.8446744073709552e+19;1.0;;;False;ControlType.CONTROLLED;0;<BV64 x0>;64;[];[];[];[];[];[];[];0;0;0;;;;False;0;0;0;;;;False;ControlType.UNKNOWN;0;[('0x1f70c', <Bool (x0[31:0] & 0xffff) < (0x0 .. LOAD_16[<BV64 0x4024c>]_24)>, 'Taken')];{'regs': ['<BV64 x0>'], 'indirect_regs': [], 'direct_regs': ['<BV64 x0>'], 'mem': [], 'const_mem': ['<BV64 0x4024c>']};[];{'regs': [], 'indirect_regs': [], 'direct_regs': [], 'mem': [], 'const_mem': []};{'regs': ['<BV64 x0>'], 'indirect_regs': [], 'direct_regs': ['<BV64 x0>'], 'mem': [], 'const_mem': ['<BV64 0x40250>']};{'regs': ['<BV64 x0>'], 'indirect_regs': [], 'direct_regs': ['<BV64 x0>'], 'mem': [], 'const_mem': ['<BV64 0x4024c>', '<BV64 0x40250>']};23.0;0.0;24.0;16.0;[];;;;BaseControlType.CONSTANT_BASE;BaseControlType.CONSTANT_BASE;BaseControlType.CONSTANT_BASE;1;BranchControlType.BRANCH_DEPENDS_ON_UNCONTROLLED;BranchControlType.BRANCH_INDEPENDENT_FROM_SECRET;128952;True;True;True;True;True;False;False;False;True;False;False;False;True;False;True;False;True;True;True;True;['perform_out_of_place_training'];[];True;True;True;True;True;False;False;False;True;False;False;False;True;False;True;False;True;True;True;True;['perform_out_of_place_training'];[]
b37e6418-d892-49a4-87b5-aa1c1c3ea134;avc_sid_to_context@@LIBSELINUX_1.0;0xd7c0;0x7dc8;0x0;TransmitterType.LOAD;29;0;False;['0xd7c0', '0x7d80', '0x7dc4'];<BV64 x0>;64;[];[];['<BV64 x0>'];[];['<BV64 x0>'];[];[];0;18446744073709551615;18446744073709551615;1;;;True;0;18446744073709551615;18446744073709551615;1;;;True;ControlType.CONTROLLED;0;;0;[];[];[];[];[];[];[];0.0;0.0;0.0;0.0;;;False;0.0;0.0;0.0;0.0;;;False;ControlType.UNKNOWN;0;;0;[];[];[];[];[];[];[];0;0;0;;;;False;0.0;0.0;0.0;0.0;;;False;ControlType.UNKNOWN;0;<BV64 x0>;64;[];[];['<BV64 x0>'];[];['<BV64 x0>'];[];[];0.0;1.8446744073709552e+19;18446744073709551615;1;;;True;0.0;1.8446744073709552e+19;18446744073709551615;1;;;True;ControlType.CONTROLLED;0;<BV64 x0>;64;[];[];['<BV64 x0>'];[];['<BV64 x0>'];[];[];0.0;1.8446744073709552e+19;1.8446744073709552e+19;1.0;;;True;0.0;1.8446744073709552e+19;1.8446744073709552e+19;1.0;;;True;ControlType.CONTROLLED;0;<BV64 x0>;64;[];[];[];[];[];[];[];0;0;0;;;;False;0;0;0;;;;False;ControlType.UNKNOWN;0;[('0x7db4', <Bool LOAD_64[<BV64 0x401f8>]_33 == 0x0>, 'Taken'), ('0xd7f0', <Bool True>, 'Taken')];{'regs': [], 'indirect_regs': [], 'direct_regs': [], 'mem': [], 'const_mem': ['<BV64 0x401f8>']};[];{'regs': [], 'indirect_regs': [], 'direct_regs': [], 'mem': [], 'const_mem': []};{'regs': ['<BV64 x0>'], 'indirect_regs': [], 'direct_regs': ['<BV64 x0>'], 'mem': [], 'const_mem': []};{'regs': ['<BV64 x0>'], 'indirect_regs': [], 'direct_regs': ['<BV64 x0>'], 'mem': [], 'const_mem': ['<BV64 0x401f8>']};63.0;0.0;64.0;64.0;[];;;;BaseControlType.NO_BASE;BaseControlType.NO_BASE;BaseControlType.NO_BASE;2;BranchControlType.BRANCH_DEPENDS_ON_UNCONTROLLED;BranchControlType.BRANCH_INDEPENDENT_FROM_SECRET;32200;True;False;True;True;True;False;False;True;True;False;False;False;True;False;True;False;True;True;True;False;[];['has_valid_base'];True;False;True;True;True;False;False;True;True;False;False;False;True;False;True;False;True;True;True;False;[];['has_valid_base']
92fae752-fd8d-45e9-bccd-c40c1173f284;selabel_stats@@LIBSELINUX_1.0;0xccc8;0xccdc;0x0;TransmitterType.LOAD;7;0;False;['0xccc8'];<BV64 0x18 + x0>;64;[];[];['<BV64 x0>'];[];['<BV64 x0>'];[];[];0;18446744073709551615;18446744073709551615;1;;;True;0;18446744073709551615;18446744073709551615;1;;;True;ControlType.CONTROLLED;0;<BV64 0x18>;64;[];[];[];[];[];[];[];24.0;24.0;0.0;1.0;;;True;24.0;24.0;0.0;1.0;;;True;ControlType.NO_CONTROL;0;<BV64 0x18>;64;[];[];[];[];[];[];[];24;24;0;1.0;;;True;24.0;24.0;0.0;1.0;;;True;ControlType.NO_CONTROL;0;<BV64 x0>;64;[];[];['<BV64 x0>'];[];['<BV64 x0>'];[];[];0.0;1.8446744073709552e+19;18446744073709551615;1;;;True;0.0;1.8446744073709552e+19;18446744073709551615;1;;;True;ControlType.CONTROLLED;0;<BV64 x0>;64;[];[];['<BV64 x0>'];[];['<BV64 x0>'];[];[];0.0;1.8446744073709552e+19;1.8446744073709552e+19;1.0;;;True;0.0;1.8446744073709552e+19;1.8446744073709552e+19;1.0;;;True;ControlType.CONTROLLED;0;<BV64 x0>;64;[];[];[];[];[];[];[];0;0;0;;;;False;0;0;0;;;;False;ControlType.UNKNOWN;0;[];{'regs': [], 'indirect_regs': [], 'direct_regs': [], 'mem': [], 'const_mem': []};[];{'regs': [], 'indirect_regs': [], 'direct_regs': [], 'mem': [], 'const_mem': []};{'regs': ['<BV64 x0>'], 'indirect_regs': [], 'direct_regs': ['<BV64 x0>'], 'mem': [], 'const_mem': []};{'regs': ['<BV64 x0>'], 'indirect_regs': [], 'direct_regs': ['<BV64 x0>'], 'mem': [], 'const_mem': []};63.0;0.0;64.0;64.0;[];;;;BaseControlType.CONSTANT_BASE;BaseControlType.CONSTANT_BASE;BaseControlType.CONSTANT_BASE;0;BranchControlType.BRANCH_INDEPENDENT_FROM_SECRET;BranchControlType.BRANCH_INDEPENDENT_FROM_SECRET;52444;True;False;True;True;True;False;False;True;True;False;False;False;True;False;True;False;True;False;True;False;[];['has_valid_base'];True;False;True;True;True;False;False;True;True;False;False;False;True;False;True;False;True;False;True;False;[];['has_valid_base']
3d11d1e7-be33-41d1-89fe-3acb23e5a24f;selabel_stats@@LIBSELINUX_1.0;0xccc8;0xcce4;0xccd4;TransmitterType.CODE_LOAD;9;1;False;['0xccc8'];<BV64 LOAD_64[<BV64 x0 + 0x18>]_24>;64;[];[];['<BV64 x0>'];"[""<BV64 x0>: ['0x18']""]";[];['<BV64 x0 + 0x18>'];[];0;18446744073709551615;18446744073709551615;1;;;True;0;18446744073709551615;18446744073709551615;1;;;True;ControlType.CONTROLLED;1;;0;[];[];[];[];[];[];[];0.0;0.0;0.0;0.0;;;False;0.0;0.0;0.0;0.0;;;False;ControlType.UNKNOWN;0;;0;[];[];[];[];[];[];[];0;0;0;;;;False;0.0;0.0;0.0;0.0;;;False;ControlType.UNKNOWN;0;<BV64 LOAD_64[<BV64 x0 + 0x18>]_24>;64;[];[];['<BV64 x0>'];"[""<BV64 x0>: ['0x18']""]";[];['<BV64 x0 + 0x18>'];[];0.0;1.8446744073709552e+19;18446744073709551615;1;;;True;0.0;1.8446744073709552e+19;18446744073709551615;1;;;True;ControlType.CONTROLLED;1;<BV64 x0 + 0x18>;64;[];[];['<BV64 x0>'];[];['<BV64 x0>'];[];[];0.0;1.8446744073709552e+19;1.8446744073709552e+19;1.0;;;True;0.0;1.8446744073709552e+19;1.8446744073709552e+19;1.0;;;True;ControlType.CONTROLLED;0;<BV64 LOAD_64[<BV64 x0 + 0x18>]_24>;64;[];[];[];[];[];[];[];0;0;0;;;;False;0;0;0;;;;False;ControlType.UNKNOWN;1;[];{'regs': [], 'indirect_regs': [], 'direct_regs': [], 'mem': [], 'const_mem': []};[];{'regs': [], 'indirect_regs': [], 'direct_regs': [], 'mem': [], 'const_mem': []};{'regs': ['<BV64 x0>'], 'indirect_regs': [], 'direct_regs': ['<BV64 x0>'], 'mem': ['<BV64 x0 + 0x18>'], 'const_mem': []};{'regs': ['<BV64 x0>'], 'indirect_regs': [], 'direct_regs': ['<BV64 x0>'], 'mem': ['<BV64 x0 + 0x18>'], 'const_mem': []};63.0;0.0;64.0;64.0;[];;;;BaseControlType.NO_BASE;BaseControlType.NO_BASE;BaseControlType.NO_BASE;0;BranchControlType.BRANCH_INDEPENDENT_FROM_SECRET;BranchControlType.BRANCH_INDEPENDENT_FROM_SECRET;52452;True;False;True;True;True;False;False;True;True;False;False;False;True;False;True;False;True;False;True;False;[];['has_valid_base'];True;False;True;True;True;False;False;True;True;False;False;False;True;False;True;False;True;False;True;False;[];['has_valid_base']
d5b274e3-e732-4207-8954-a074877d8ad4;avc_sid_to_context_raw@@LIBSELINUX_1.0;0x7d80;0x7dc8;0x0;TransmitterType.LOAD;16;0;False;['0x7d80', '0x7dc4'];<BV64 x0>;64;[];[];['<BV64 x0>'];[];['<BV64 x0>'];[];[];0;18446744073709551615;18446744073709551615;1;;;True;0;18446744073709551615;18446744073709551615;1;;;True;ControlType.CONTROLLED;0;;0;[];[];[];[];[];[];[];0.0;0.0;0.0;0.0;;;False;0.0;0.0;0.0;0.0;;;False;ControlType.UNKNOWN;0;;0;[];[];[];[];[];[];[];0;0;0;;;;False;0.0;0.0;0.0;0.0;;;False;ControlType.UNKNOWN;0;<BV64 x0>;64;[];[];['<BV64 x0>'];[];['<BV64 x0>'];[];[];0.0;1.8446744073709552e+19;18446744073709551615;1;;;True;0.0;1.8446744073709552e+19;18446744073709551615;1;;;True;ControlType.CONTROLLED;0;<BV64 x0>;64;[];[];['<BV64 x0>'];[];['<BV64 x0>'];[];[];0.0;1.8446744073709552e+19;1.8446744073709552e+19;1.0;;;True;0.0;1.8446744073709552e+19;1.8446744073709552e+19;1.0;;;True;ControlType.CONTROLLED;0;<BV64 x0>;64;[];[];[];[];[];[];[];0;0;0;;;;False;0;0;0;;;;False;ControlType.UNKNOWN;0;[('0x7db4', <Bool LOAD_64[<BV64 0x401f8>]_26 == 0x0>, 'Taken')];{'regs': [], 'indirect_regs': [], 'direct_regs': [], 'mem': [], 'const_mem': ['<BV64 0x401f8>']};[];{'regs': [], 'indirect_regs': [], 'direct_regs': [], 'mem': [], 'const_mem': []};{'regs': ['<BV64 x0>'], 'indirect_regs': [], 'direct_regs': ['<BV64 x0>'], 'mem': [], 'const_mem': []};{'regs': ['<BV64 x0>'], 'indirect_regs': [], 'direct_regs': ['<BV64 x0>'], 'mem': [], 'const_mem': ['<BV64 0x401f8>']};63.0;0.0;64.0;64.0;[];;;;BaseControlType.NO_BASE;BaseControlType.NO_BASE;BaseControlType.NO_BASE;1;BranchControlType.BRANCH_DEPENDS_ON_UNCONTROLLED;BranchControlType.BRANCH_INDEPENDENT_FROM_SECRET;32200;True;False;True;True;True;False;False;True;True;False;False;False;True;False;True;False;True;True;True;False;[];['has_valid_base'];True;False;True;True;True;False;False;True;True;False;False;False;True;False;True;False;True;True;True;False;[];['has_valid_base']
f951ca8c-bc3c-4875-9b50-92119dc574c4;context_free@@LIBSELINUX_1.0;0xa668;0xa680;0x0;TransmitterType.LOAD;7;0;False;['0xa668', '0xa670'];<BV64 x0>;64;[('0xa66c', <Bool x0 != 0x0>, 'Taken')];[];['<BV64 x0>'];[];['<BV64 x0>'];[];[];0;18446744073709551615;18446744073709551615;1;;;True;1;18446744073709551615;18446744073709551614;1;;;True;ControlType.CONTROLLED;0;;0;[];[];[];[];[];[];[];0.0;0.0;0.0;0.0;;;False;0.0;0.0;0.0;0.0;;;False;ControlType.UNKNOWN;0;;0;[];[];[];[];[];[];[];0;0;0;;;;False;0.0;0.0;0.0;0.0;;;False;ControlType.UNKNOWN;0;<BV64 x0>;64;[('0xa66c', <Bool x0 != 0x0>, 'Taken')];[];['<BV64 x0>'];[];['<BV64 x0>'];[];[];0.0;1.8446744073709552e+19;18446744073709551615;1;;;True;1.0;1.8446744073709552e+19;18446744073709551614;1;;;True;ControlType.CONTROLLED;0;<BV64 x0>;64;[('0xa66c', <Bool x0 != 0x0>, 'Taken')];[];['<BV64 x0>'];[];['<BV64 x0>'];[];[];0.0;1.8446744073709552e+19;1.8446744073709552e+19;1.0;;;True;1.0;1.8446744073709552e+19;1.8446744073709552e+19;1.0;;;True;ControlType.CONTROLLED;0;<BV64 x0>;64;[];[];[];[];[];[];[];0;0;0;;;;False;0;0;0;;;;False;ControlType.UNKNOWN;0;[('0xa66c', <Bool x0 != 0x0>, 'Taken')];{'regs': ['<BV64 x0>'], 'indirect_regs': [], 'direct_regs': ['<BV64 x0>'], 'mem': [], 'const_mem': []};[];{'regs': [], 'indirect_regs': [], 'direct_regs': [], 'mem': [], 'const_mem': []};{'regs': ['<BV64 x0>'], 'indirect_regs': [], 'direct_regs': ['<BV64 x0>'], 'mem': [], 'const_mem': []};{'regs': ['<BV64 x0>'], 'indirect_regs': [], 'direct_regs': ['<BV64 x0>'], 'mem': [], 'const_mem': []};63.0;0.0;64.0;64.0;[];;;;BaseControlType.NO_BASE;BaseControlType.NO_BASE;BaseControlType.NO_BASE;1;BranchControlType.BRANCH_DEPENDS_ON_SECRET_VALUE;BranchControlType.BRANCH_INDEPENDENT_FROM_SECRET;42624;True;False;True;True;True;False;False;True;True;False;False;False;True;False;True;True;True;False;True;False;[];['has_valid_base'];True;False;True;True;True;False;False;True;True;False;False;False;True;False;True;True;True;False;True;False;[];['has_valid_base']
7a9702bf-9c52-426a-9533-b5dddc08d1b9;context_free@@LIBSELINUX_1.0;0xa668;0xa690;0xa680;TransmitterType.LOAD;11;1;False;['0xa668', '0xa670', '0xa690'];<BV64 LOAD_64[<BV64 x0>]_24>;64;[('0xa68c', <Bool LOAD_64[<BV64 x0>]_24 != 0x0>, 'Taken')];[];['<BV64 x0>'];"[""<BV64 x0>: ['0x0']""]";[];['<BV64 x0>'];[];0;18446744073709551615;18446744073709551615;1;;;True;1;18446744073709551615;18446744073709551614;1;;;True;ControlType.CONTROLLED;1;;0;[];[];[];[];[];[];[];0.0;0.0;0.0;0.0;;;False;0.0;0.0;0.0;0.0;;;False;ControlType.UNKNOWN;0;;0;[];[];[];[];[];[];[];0;0;0;;;;False;0.0;0.0;0.0;0.0;;;False;ControlType.UNKNOWN;0;<BV64 LOAD_64[<BV64 x0>]_24>;64;[('0xa68c', <Bool LOAD_64[<BV64 x0>]_24 != 0x0>, 'Taken')];[];['<BV64 x0>'];"[""<BV64 x0>: ['0x0']""]";[];['<BV64 x0>'];[];0.0;1.8446744073709552e+19;18446744073709551615;1;;;True;1.0;1.8446744073709552e+19;18446744073709551614;1;;;True;ControlType.CONTROLLED;1;<BV64 x0>;64;[('0xa66c', <Bool x0 != 0x0>, 'Taken')];[];['<BV64 x0>'];[];['<BV64 x0>'];[];[];0.0;1.8446744073709552e+19;1.8446744073709552e+19;1.0;;;True;1.0;1.8446744073709552e+19;1.8446744073709552e+19;1.0;;;True;ControlType.CONTROLLED;0;<BV64 LOAD_64[<BV64 x0>]_24>;64;[];[];[];[];[];[];[];0;0;0;;;;False;0;0;0;;;;False;ControlType.UNKNOWN;1;[('0xa66c', <Bool x0 != 0x0>, 'Taken'), ('0xa68c', <Bool LOAD_64[<BV64 x0>]_24 != 0x0>, 'Taken')];{'regs': ['<BV64 x0>'], 'indirect_regs': [], 'direct_regs': ['<BV64 x0>'], 'mem': ['<BV64 x0>'], 'const_mem': []};[];{'regs': [], 'indirect_regs': [], 'direct_regs': [], 'mem': [], 'const_mem': []};{'regs': ['<BV64 x0>'], 'indirect_regs': [], 'direct_regs': ['<BV64 x0>'], 'mem': ['<BV64 x0>'], 'const_mem': []};{'regs': ['<BV64 x0>'], 'indirect_regs': [], 'direct_regs': ['<BV64 x0>'], 'mem': ['<BV64 x0>'], 'const_mem': []};63.0;0.0;64.0;64.0;[];;;;BaseControlType.NO_BASE;BaseControlType.NO_BASE;BaseControlType.NO_BASE;2;BranchControlType.BRANCH_DEPENDS_ON_SECRET_VALUE;BranchControlType.BRANCH_INDEPENDENT_FROM_SECRET;42640;True;False;True;True;True;False;False;True;True;False;False;False;True;False;True;True;True;False;True;False;[];['has_valid_base'];True;False;True;True;True;False;False;True;True;False;False;False;True;False;True;True;True;False;True;False;[];['has_valid_base']
cd2b15ac-44df-49f8-bcca-dd61e1d82645;context_free@@LIBSELINUX_1.0;0xa668;0xa6a0;0xa680;TransmitterType.LOAD;14;1;False;['0xa668', '0xa670', '0xa690', '0xa69c'];<BV64 0x8 + LOAD_64[<BV64 x0>]_24>;64;[('0xa68c', <Bool LOAD_64[<BV64 x0>]_24 != 0x0>, 'Taken')];[];['<BV64 x0>'];"[""<BV64 x0>: ['0x0']""]";[];['<BV64 x0>'];[];0;18446744073709551615;18446744073709551615;1;;;True;9;7;18446744073709551614;1;;;True;ControlType.CONTROLLED;1;<BV64 0x8>;64;[];[];[];[];[];[];[];8.0;8.0;0.0;1.0;;;True;8.0;8.0;0.0;1.0;;;True;ControlType.NO_CONTROL;0;<BV64 0x8>;64;[];[];[];[];[];[];[];8;8;0;1.0;;;True;8.0;8.0;0.0;1.0;;;True;ControlType.NO_CONTROL;0;<BV64 LOAD_64[<BV64 x0>]_24>;64;[('0xa68c', <Bool LOAD_64[<BV64 x0>]_24 != 0x0>, 'Taken')];[];['<BV64 x0>'];"[""<BV64 x0>: ['0x0']""]";[];['<BV64 x0>'];[];0.0;1.8446744073709552e+19;18446744073709551615;1;;;True;1.0;1.8446744073709552e+19;18446744073709551614;1;;;True;ControlType.CONTROLLED;1;<BV64 x0>;64;[('0xa66c', <Bool x0 != 0x0>, 'Taken')];[];['<BV64 x0>'];[];['<BV64 x0>'];[];[];0.0;1.8446744073709552e+19;1.8446744073709552e+19;1.0;;;True;1.0;1.8446744073709552e+19;1.8446744073709552e+19;1.0;;;True;ControlType.CONTROLLED;0;<BV64 LOAD_64[<BV64 x0>]_24>;64;[];[];[];[];[];[];[];0;0;0;;;;False;0;0;0;;;;False;ControlType.UNKNOWN;1;[('0xa66c', <Bool x0 != 0x0>, 'Taken'), ('0xa68c', <Bool LOAD_64[<BV64 x0>]_24 != 0x0>, 'Taken'), ('0xa694', <Bool LOAD_64[<BV64 LOAD_64[<BV64 x0>]_24>]_26 == 0x0>, 'Taken')];{'regs': ['<BV64 x0>'], 'indirect_regs': [], 'direct_regs': ['<BV64 x0>'], 'mem': ['<BV64 LOAD_64[<BV64 x0>]_24>', '<BV64 x0>'], 'const_mem': []};[];{'regs': [], 'indirect_regs': [], 'direct_regs': [], 'mem': [], 'const_mem': []};{'regs': ['<BV64 x0>'], 'indirect_regs': [], 'direct_regs': ['<BV64 x0>'], 'mem': ['<BV64 x0>'], 'const_mem': []};{'regs': ['<BV64 x0>'], 'indirect_regs': [], 'direct_regs': ['<BV64 x0>'], 'mem': ['<BV64 LOAD_64[<BV64 x0>]_24>', '<BV64 x0>'], 'const_mem': []};63.0;0.0;64.0;64.0;[];;;;BaseControlType.CONSTANT_BASE;BaseControlType.CONSTANT_BASE;BaseControlType.CONSTANT_BASE;3;BranchControlType.BRANCH_DEPENDS_ON_SECRET_VALUE;BranchControlType.BRANCH_INDEPENDENT_FROM_SECRET;42656;True;False;True;True;True;False;False;True;True;False;False;False;True;False;True;True;True;False;True;False;[];['has_valid_base'];True;False;True;True;True;False;False;True;True;False;False;False;True;False;True;True;True;False;True;False;[];['has_valid_base']
4605648a-af1e-475a-973e-16dff12bc450;context_free@@LIBSELINUX_1.0;0xa668;0xa6ac;0xa680;TransmitterType.STORE;16;1;False;['0xa668', '0xa670', '0xa690', '0xa69c', '0xa6ac'];<BV64 0x8 + LOAD_64[<BV64 x0>]_24>;64;[('0xa68c', <Bool LOAD_64[<BV64 x0>]_24 != 0x0>, 'Taken')];[];['<BV64 x0>'];"[""<BV64 x0>: ['0x0']""]";[];['<BV64 x0>'];[];0;18446744073709551615;18446744073709551615;1;;;True;9;7;18446744073709551614;1;;;True;ControlType.CONTROLLED;1;<BV64 0x8>;64;[];[];[];[];[];[];[];8.0;8.0;0.0;1.0;;;True;8.0;8.0;0.0;1.0;;;True;ControlType.NO_CONTROL;0;<BV64 0x8>;64;[];[];[];[];[];[];[];8;8;0;1.0;;;True;8.0;8.0;0.0;1.0;;;True;ControlType.NO_CONTROL;0;<BV64 LOAD_64[<BV64 x0>]_24>;64;[('0xa68c', <Bool LOAD_64[<BV64 x0>]_24 != 0x0>, 'Taken')];[];['<BV64 x0>'];"[""<BV64 x0>: ['0x0']""]";[];['<BV64 x0>'];[];0.0;1.8446744073709552e+19;18446744073709551615;1;;;True;1.0;1.8446744073709552e+19;18446744073709551614;1;;;True;ControlType.CONTROLLED;1;<BV64 x0>;64;[('0xa66c', <Bool x0 != 0x0>, 'Taken')];[];['<BV64 x0>'];[];['<BV64 x0>'];[];[];0.0;1.8446744073709552e+19;1.8446744073709552e+19;1.0;;;True;1.0;1.8446744073709552e+19;1.8446744073709552e+19;1.0;;;True;ControlType.CONTROLLED;0;<BV64 LOAD_64[<BV64 x0>]_24>;64;[];[];[];[];[];[];[];0;0;0;;;;False;0;0;0;;;;False;ControlType.UNKNOWN;1;[('0xa66c', <Bool x0 != 0x0>, 'Taken'), ('0xa68c', <Bool LOAD_64[<BV64 x0>]_24 != 0x0>, 'Taken'), ('0xa694', <Bool LOAD_64[<BV64 LOAD_64[<BV64 x0>]_24>]_26 == 0x0>, 'Taken'), ('0xa6a4', <Bool LOAD_64[<BV64 LOAD_64[<BV64 x0>]_24 + 0x8>]_28 == 0x0>, 'Taken')];{'regs': ['<BV64 x0>'], 'indirect_regs': [], 'direct_regs': ['<BV64 x0>'], 'mem': ['<BV64 LOAD_64[<BV64 x0>]_24 + 0x8>', '<BV64 LOAD_64[<BV64 x0>]_24>', '<BV64 x0>'], 'const_mem': []};[];{'regs': [], 'indirect_regs': [], 'direct_regs': [], 'mem': [], 'const_mem': []};{'regs': ['<BV64 x0>'], 'indirect_regs': [], 'direct_regs': ['<BV64 x0>'], 'mem': ['<BV64 x0>'], 'const_mem': []};{'regs': ['<BV64 x0>'], 'indirect_regs': [], 'direct_regs': ['<BV64 x0>'], 'mem': ['<BV64 LOAD_64[<BV64 x0>]_24 + 0x8>', '<BV64 LOAD_64[<BV64 x0>]_24>', '<BV64 x0>'], 'const_mem': []};63.0;0.0;64.0;64.0;[];;;;BaseControlType.CONSTANT_BASE;BaseControlType.CONSTANT_BASE;BaseControlType.CONSTANT_BASE;4;BranchControlType.BRANCH_DEPENDS_ON_SECRET_VALUE;BranchControlType.BRANCH_INDEPENDENT_FROM_SECRET;42668;True;False;True;True;True;False;False;True;True;False;False;False;True;False;True;True;True;False;True;False;[];['has_valid_base'];True;False;True;True;True;False;False;True;True;False;False;False;True;False;True;True;True;False;True;False;[];['has_valid_base']
950dec2e-e6dd-4cee-a914-6c75210ee258;avc_compute_member@@LIBSELINUX_1.0;0x9fe0;0xa048;0x0;TransmitterType.LOAD;25;0;False;['0x9fe0', '0xa02c', '0xa048'];<BV64 x0>;64;[];[];['<BV64 x0>'];[];['<BV64 x0>'];[];[];0;18446744073709551615;18446744073709551615;1;;;True;0;18446744073709551615;18446744073709551615;1;;;True;ControlType.CONTROLLED;0;;0;[];[];[];[];[];[];[];0.0;0.0;0.0;0.0;;;False;0.0;0.0;0.0;0.0;;;False;ControlType.UNKNOWN;0;;0;[];[];[];[];[];[];[];0;0;0;;;;False;0.0;0.0;0.0;0.0;;;False;ControlType.UNKNOWN;0;<BV64 x0>;64;[];[];['<BV64 x0>'];[];['<BV64 x0>'];[];[];0.0;1.8446744073709552e+19;18446744073709551615;1;;;True;0.0;1.8446744073709552e+19;18446744073709551615;1;;;True;ControlType.CONTROLLED;0;<BV64 x0>;64;[];[];['<BV64 x0>'];[];['<BV64 x0>'];[];[];0.0;1.8446744073709552e+19;1.8446744073709552e+19;1.0;;;True;0.0;1.8446744073709552e+19;1.8446744073709552e+19;1.0;;;True;ControlType.CONTROLLED;0;<BV64 x0>;64;[];[];[];[];[];[];[];0;0;0;;;;False;0;0;0;;;;False;ControlType.UNKNOWN;0;[('0xa028', <Bool LOAD_32[<BV64 0x401f0>]_27 != 0x0>, 'Taken'), ('0xa03c', <Bool LOAD_64[<BV64 0x401f8>]_33 == 0x0>, 'Taken')];{'regs': [], 'indirect_regs': [], 'direct_regs': [], 'mem': [], 'const_mem': ['<BV64 0x401f0>', '<BV64 0x401f8>']};[];{'regs': [], 'indirect_regs': [], 'direct_regs': [], 'mem': [], 'const_mem': []};{'regs': ['<BV64 x0>'], 'indirect_regs': [], 'direct_regs': ['<BV64 x0>'], 'mem': [], 'const_mem': []};{'regs': ['<BV64 x0>'], 'indirect_regs': [], 'direct_regs': ['<BV64 x0>'], 'mem': [], 'const_mem': ['<BV64 0x401f0>', '<BV64 0x401f8>']};63.0;0.0;64.0;64.0;[];;;;BaseControlType.NO_BASE;BaseControlType.NO_BASE;BaseControlType.NO_BASE;2;BranchControlType.BRANCH_DEPENDS_ON_UNCONTROLLED;BranchControlType.BRANCH_INDEPENDENT_FROM_SECRET;41032;True;False;True;True;True;False;False;True;True;False;False;False;True;False;True;False;True;True;True;False;[];['has_valid_base'];True;False;True;True;True;False;False;True;True;False;False;False;True;False;True;False;True;True;True;False;[];['has_valid_base']
86f55e40-2f12-47c8-904d-5107c3d9e122;selabel_lookup@@LIBSELINUX_1.0;0xea80;0xea30;0x0;TransmitterType.LOAD;18;0;False;['0xea80', '0xea08', '0xea28'];<BV64 0x8 + x0>;64;[];[];['<BV64 x0>'];[];['<BV64 x0>'];[];[];0;18446744073709551615;18446744073709551615;1;;;True;0;18446744073709551615;18446744073709551615;1;;;True;ControlType.CONTROLLED;0;<BV64 0x8>;64;[];[];[];[];[];[];[];8.0;8.0;0.0;1.0;;;True;8.0;8.0;0.0;1.0;;;True;ControlType.NO_CONTROL;0;<BV64 0x8>;64;[];[];[];[];[];[];[];8;8;0;1.0;;;True;8.0;8.0;0.0;1.0;;;True;ControlType.NO_CONTROL;0;<BV64 x0>;64;[];[];['<BV64 x0>'];[];['<BV64 x0>'];[];[];0.0;1.8446744073709552e+19;18446744073709551615;1;;;True;0.0;1.8446744073709552e+19;18446744073709551615;1;;;True;ControlType.CONTROLLED;0;<BV64 x0>;64;[];[];['<BV64 x0>'];[];['<BV64 x0>'];[];[];0.0;1.8446744073709552e+19;1.8446744073709552e+19;1.0;;;True;0.0;1.8446744073709552e+19;1.8446744073709552e+19;1.0;;;True;ControlType.CONTROLLED;0;<BV64 x0>;64;[];[];[];[];[];[];[];0;0;0;;;;False;0;0;0;;;;False;ControlType.UNKNOWN;0;[('0xea24', <Bool x2 != 0x0>, 'Taken'), ('0xea98', <Bool True>, 'Taken')];{'regs': ['<BV64 x2>'], 'indirect_regs': [], 'direct_regs': ['<BV64 x2>'], 'mem': [], 'const_mem': []};[];{'regs': [], 'indirect_regs': [], 'direct_regs': [], 'mem': [], 'const_mem': []};{'regs': ['<BV64 x0>'], 'indirect_regs': [], 'direct_regs': ['<BV64 x0>'], 'mem': [], 'const_mem': []};{'regs': ['<BV64 x0>', '<BV64 x2>'], 'indirect_regs': [], 'direct_regs': ['<BV64 x0>', '<BV64 x2>'], 'mem': [], 'const_mem': []};63.0;0.0;64.0;64.0;[];;;;BaseControlType.CONSTANT_BASE;BaseControlType.CONSTANT_BASE;BaseControlType.CONSTANT_BASE;2;BranchControlType.BRANCH_INDEPENDENT_FROM_SECRET;BranchControlType.BRANCH_INDEPENDENT_FROM_SECRET;59952;True;False;True;True;True;False;False;True;True;False;False;False;True;False;True;False;True;False;True;False;[];['has_valid_base'];True;False;True;True;True;False;False;True;True;False;False;False;True;False;True;False;True;False;True;False;[];['has_valid_base']
71e3142a-57c4-4e6d-8c74-3665dbb48032;selabel_lookup@@LIBSELINUX_1.0;0xea80;0xea34;0xea30;TransmitterType.CODE_LOAD;19;1;False;['0xea80', '0xea08', '0xea28'];<BV64 LOAD_64[<BV64 x0 + 0x8>]_28>;64;[];[];['<BV64 x0>'];"[""<BV64 x0>: ['0x8']""]";[];['<BV64 x0 + 0x8>'];[];0;18446744073709551615;18446744073709551615;1;;;True;0;18446744073709551615;18446744073709551615;1;;;True;ControlType.CONTROLLED;1;;0;[];[];[];[];[];[];[];0.0;0.0;0.0;0.0;;;False;0.0;0.0;0.0;0.0;;;False;ControlType.UNKNOWN;0;;0;[];[];[];[];[];[];[];0;0;0;;;;False;0.0;0.0;0.0;0.0;;;False;ControlType.UNKNOWN;0;<BV64 LOAD_64[<BV64 x0 + 0x8>]_28>;64;[];[];['<BV64 x0>'];"[""<BV64 x0>: ['0x8']""]";[];['<BV64 x0 + 0x8>'];[];0.0;1.8446744073709552e+19;18446744073709551615;1;;;True;0.0;1.8446744073709552e+19;18446744073709551615;1;;;True;ControlType.CONTROLLED;1;<BV64 x0 + 0x8>;64;[];[];['<BV64 x0>'];[];['<BV64 x0>'];[];[];0.0;1.8446744073709552e+19;1.8446744073709552e+19;1.0;;;True;0.0;1.8446744073709552e+19;1.8446744073709552e+19;1.0;;;True;ControlType.CONTROLLED;0;<BV64 LOAD_64[<BV64 x0 + 0x8>]_28>;64;[];[];[];[];[];[];[];0;0;0;;;;False;0;0;0;;;;False;ControlType.UNKNOWN;1;[('0xea24', <Bool x2 != 0x0>, 'Taken'), ('0xea98', <Bool True>, 'Taken')];{'regs': ['<BV64 x2>'], 'indirect_regs': [], 'direct_regs': ['<BV64 x2>'], 'mem': [], 'const_mem': []};[];{'regs': [], 'indirect_regs': [], 'direct_regs': [], 'mem': [], 'const_mem': []};{'regs': ['<BV64 x0>'], 'indirect_regs': [], 'direct_regs': ['<BV64 x0>'], 'mem': ['<BV64 x0 + 0x8>'], 'const_mem': []};{'regs': ['<BV64 x0>', '<BV64 x2>'], 'indirect_regs': [], 'direct_regs': ['<BV64 x0>', '<BV64 x2>'], 'mem': ['<BV64 x0 + 0x8>'], 'const_mem': []};63.0;0.0;64.0;64.0;[];;;;BaseControlType.NO_BASE;BaseControlType.NO_BASE;BaseControlType.NO_BASE;2;BranchControlType.BRANCH_INDEPENDENT_FROM_SECRET;BranchControlType.BRANCH_INDEPENDENT_FROM_SECRET;59956;True;False;True;True;True;False;False;True;True;False;False;False;True;False;True;False;True;False;True;False;[];['has_valid_base'];True;False;True;True;True;False;False;True;True;False;False;False;True;False;True;False;True;False;True;False;[];['has_valid_base']
616babc2-f113-4aa4-8b07-51b9ccfe572c;context_type_get@@LIBSELINUX_1.0;0xaa0c;0xaa18;0x0;TransmitterType.LOAD;4;0;False;['0xaa0c'];<BV64 x0>;64;[];[];['<BV64 x0>'];[];['<BV64 x0>'];[];[];0;18446744073709551615;18446744073709551615;1;;;True;0;18446744073709551615;18446744073709551615;1;;;True;ControlType.CONTROLLED;0;;0;[];[];[];[];[];[];[];0.0;0.0;0.0;0.0;;;False;0.0;0.0;0.0;0.0;;;False;ControlType.UNKNOWN;0;;0;[];[];[];[];[];[];[];0;0;0;;;;False;0.0;0.0;0.0;0.0;;;False;ControlType.UNKNOWN;0;<BV64 x0>;64;[];[];['<BV64 x0>'];[];['<BV64 x0>'];[];[];0.0;1.8446744073709552e+19;18446744073709551615;1;;;True;0.0;1.8446744073709552e+19;18446744073709551615;1;;;True;ControlType.CONTROLLED;0;<BV64 x0>;64;[];[];['<BV64 x0>'];[];['<BV64 x0>'];[];[];0.0;1.8446744073709552e+19;1.8446744073709552e+19;1.0;;;True;0.0;1.8446744073709552e+19;1.8446744073709552e+19;1.0;;;True;ControlType.CONTROLLED;0;<BV64 x0>;64;[];[];[];[];[];[];[];0;0;0;;;;False;0;0;0;;;;False;ControlType.UNKNOWN;0;[];{'regs': [], 'indirect_regs': [], 'direct_regs': [], 'mem': [], 'const_mem': []};[];{'regs': [], 'indirect_regs': [], 'direct_regs': [], 'mem': [], 'const_mem': []};{'regs': ['<BV64 x0>'], 'indirect_regs': [], 'direct_regs': ['<BV64 x0>'], 'mem': [], 'const_mem': []};{'regs': ['<BV64 x0>'], 'indirect_regs': [], 'direct_regs': ['<BV64 x0>'], 'mem': [], 'const_mem': []};63.0;0.0;64.0;64.0;[];;;;BaseControlType.NO_BASE;BaseControlType.NO_BASE;BaseControlType.NO_BASE;0;BranchControlType.BRANCH_INDEPENDENT_FROM_SECRET;BranchControlType.BRANCH_INDEPENDENT_FROM_SECRET;43544;True;False;True;True;True;False;False;True;True;False;False;False;True;False;True;False;True;False;True;False;[];['has_valid_base'];True;False;True;True;True;False;False;True;True;False;False;False;True;False;True;False;True;False;True;False;[];['has_valid_base']
1beb718c-c9f9-4e1e-9866-26101374baa4;context_type_get@@LIBSELINUX_1.0;0xaa0c;0xaa24;0xaa18;TransmitterType.LOAD;8;1;False;['0xaa0c'];<BV64 0x18 + LOAD_64[<BV64 x0>]_22>;64;[];[];['<BV64 x0>'];"[""<BV64 x0>: ['0x0']""]";[];['<BV64 x0>'];[];0;18446744073709551615;18446744073709551615;1;;;True;0;18446744073709551615;18446744073709551615;1;;;True;ControlType.CONTROLLED;1;<BV64 0x18>;64;[];[];[];[];[];[];[];24.0;24.0;0.0;1.0;;;True;24.0;24.0;0.0;1.0;;;True;ControlType.NO_CONTROL;0;<BV64 0x18>;64;[];[];[];[];[];[];[];24;24;0;1.0;;;True;24.0;24.0;0.0;1.0;;;True;ControlType.NO_CONTROL;0;<BV64 LOAD_64[<BV64 x0>]_22>;64;[];[];['<BV64 x0>'];"[""<BV64 x0>: ['0x0']""]";[];['<BV64 x0>'];[];0.0;1.8446744073709552e+19;18446744073709551615;1;;;True;0.0;1.8446744073709552e+19;18446744073709551615;1;;;True;ControlType.CONTROLLED;1;<BV64 x0>;64;[];[];['<BV64 x0>'];[];['<BV64 x0>'];[];[];0.0;1.8446744073709552e+19;1.8446744073709552e+19;1.0;;;True;0.0;1.8446744073709552e+19;1.8446744073709552e+19;1.0;;;True;ControlType.CONTROLLED;0;<BV64 LOAD_64[<BV64 x0>]_22>;64;[];[];[];[];[];[];[];0;0;0;;;;False;0;0;0;;;;False;ControlType.UNKNOWN;1;[];{'regs': [], 'indirect_regs': [], 'direct_regs': [], 'mem': [], 'const_mem': []};[];{'regs': [], 'indirect_regs': [], 'direct_regs': [], 'mem': [], 'const_mem': []};{'regs': ['<BV64 x0>'], 'indirect_regs': [], 'direct_regs': ['<BV64 x0>'], 'mem': ['<BV64 x0>'], 'const_mem': []};{'regs': ['<BV64 x0>'], 'indirect_regs': [], 'direct_regs': ['<BV64 x0>'], 'mem': ['<BV64 x0>'], 'const_mem': []};63.0;0.0;64.0;64.0;[];;;;BaseControlType.CONSTANT_BASE;BaseControlType.CONSTANT_BASE;BaseControlType.CONSTANT_BASE;0;BranchControlType.BRANCH_INDEPENDENT_FROM_SECRET;BranchControlType.BRANCH_INDEPENDENT_FROM_SECRET;43556;True;False;True;True;True;False;False;True;True;False;False;False;True;False;True;False;True;False;True;False;[];['has_valid_base'];True;False;True;True;True;False;False;True;True;False;False;False;True;False;True;False;True;False;True;False;[];['has_valid_base']
29ec986b-844e-4239-a43f-c5c141c8aedc;freeconary@@LIBSELINUX_1.0;0xa360;0xa37c;0x0;TransmitterType.LOAD;8;0;False;['0xa360', '0xa368'];<BV64 x0>;64;[('0xa364', <Bool x0 != 0x0>, 'Taken')];[];['<BV64 x0>'];[];['<BV64 x0>'];[];[];0;18446744073709551615;18446744073709551615;1;;;True;1;18446744073709551615;18446744073709551614;1;;;True;ControlType.CONTROLLED;0;;0;[];[];[];[];[];[];[];0.0;0.0;0.0;0.0;;;False;0.0;0.0;0.0;0.0;;;False;ControlType.UNKNOWN;0;;0;[];[];[];[];[];[];[];0;0;0;;;;False;0.0;0.0;0.0;0.0;;;False;ControlType.UNKNOWN;0;<BV64 x0>;64;[('0xa364', <Bool x0 != 0x0>, 'Taken')];[];['<BV64 x0>'];[];['<BV64 x0>'];[];[];0.0;1.8446744073709552e+19;18446744073709551615;1;;;True;1.0;1.8446744073709552e+19;18446744073709551614;1;;;True;ControlType.CONTROLLED;0;<BV64 x0>;64;[('0xa364', <Bool x0 != 0x0>, 'Taken')];[];['<BV64 x0>'];[];['<BV64 x0>'];[];[];0.0;1.8446744073709552e+19;1.8446744073709552e+19;1.0;;;True;1.0;1.8446744073709552e+19;1.8446744073709552e+19;1.0;;;True;ControlType.CONTROLLED;0;<BV64 x0>;64;[];[];[];[];[];[];[];0;0;0;;;;False;0;0;0;;;;False;ControlType.UNKNOWN;0;[('0xa364', <Bool x0 != 0x0>, 'Taken')];{'regs': ['<BV64 x0>'], 'indirect_regs': [], 'direct_regs': ['<BV64 x0>'], 'mem': [], 'const_mem': []};[];{'regs': [], 'indirect_regs': [], 'direct_regs': [], 'mem': [], 'const_mem': []};{'regs': ['<BV64 x0>'], 'indirect_regs': [], 'direct_regs': ['<BV64 x0>'], 'mem': [], 'const_mem': []};{'regs': ['<BV64 x0>'], 'indirect_regs': [], 'direct_regs': ['<BV64 x0>'], 'mem': [], 'const_mem': []};63.0;0.0;64.0;64.0;[];;;;BaseControlType.NO_BASE;BaseControlType.NO_BASE;BaseControlType.NO_BASE;1;BranchControlType.BRANCH_DEPENDS_ON_SECRET_VALUE;BranchControlType.BRANCH_INDEPENDENT_FROM_SECRET;41852;True;False;True;True;True;False;False;True;True;False;False;False;True;False;True;True;True;False;True;False;[];['has_valid_base'];True;False;True;True;True;False;False;True;True;False;False;False;True;False;True;True;True;False;True;False;[];['has_valid_base']
e1582e8a-799d-422d-91dc-65e793c7f4c6;context_range_set@@LIBSELINUX_1.0;0xab04;0xab20;0x0;TransmitterType.LOAD;9;0;False;['0xab04'];<BV64 x0>;64;[];[];['<BV64 x0>'];[];['<BV64 x0>'];[];[];0;18446744073709551615;18446744073709551615;1;;;True;0;18446744073709551615;18446744073709551615;1;;;True;ControlType.CONTROLLED;0;;0;[];[];[];[];[];[];[];0.0;0.0;0.0;0.0;;;False;0.0;0.0;0.0;0.0;;;False;ControlType.UNKNOWN;0;;0;[];[];[];[];[];[];[];0;0;0;;;;False;0.0;0.0;0.0;0.0;;;False;ControlType.UNKNOWN;0;<BV64 x0>;64;[];[];['<BV64 x0>'];[];['<BV64 x0>'];[];[];0.0;1.8446744073709552e+19;18446744073709551615;1;;;True;0.0;1.8446744073709552e+19;18446744073709551615;1;;;True;ControlType.CONTROLLED;0;<BV64 x0>;64;[];[];['<BV64 x0>'];[];['<BV64 x0>'];[];[];0.0;1.8446744073709552e+19;1.8446744073709552e+19;1.0;;;True;0.0;1.8446744073709552e+19;1.8446744073709552e+19;1.0;;;True;ControlType.CONTROLLED;0;<BV64 x0>;64;[];[];[];[];[];[];[];0;0;0;;;;False;0;0;0;;;;False;ControlType.UNKNOWN;0;[];{'regs': [], 'indirect_regs': [], 'direct_regs': [], 'mem': [], 'const_mem': []};[];{'regs': [], 'indirect_regs': [], 'direct_regs': [], 'mem': [], 'const_mem': []};{'regs': ['<BV64 x0>'], 'indirect_regs': [], 'direct_regs': ['<BV64 x0>'], 'mem': [], 'const_mem': []};{'regs': ['<BV64 x0>'], 'indirect_regs': [], 'direct_regs': ['<BV64 x0>'], 'mem': [], 'const_mem': []};63.0;0.0;64.0;64.0;[];;;;BaseControlType.NO_BASE;BaseControlType.NO_BASE;BaseControlType.NO_BASE;0;BranchControlType.BRANCH_INDEPENDENT_FROM_SECRET;BranchControlType.BRANCH_INDEPENDENT_FROM_SECRET;43808;True;False;True;True;True;False;False;True;True;False;False;False;True;False;True;False;True;False;True;False;[];['has_valid_base'];True;False;True;True;True;False;False;True;True;False;False;False;True;False;True;False;True;False;True;False;[];['has_valid_base']
b7f26fc2-4690-41cc-b443-aafecbd22612;context_range_set@@LIBSELINUX_1.0;0xab04;0xa9e4;0xab18;TransmitterType.LOAD;21;1;False;['0xab04', '0xa940', '0xa9e0'];<BV64 0x20 + LOAD_64[<BV64 x0>]_24>;64;[];[];['<BV64 x0>'];"[""<BV64 x0>: ['0x0']""]";[];['<BV64 x0>'];[];0;18446744073709551615;18446744073709551615;1;;;True;0;18446744073709551615;18446744073709551615;1;;;True;ControlType.CONTROLLED;1;<BV64 0x20>;64;[];[];[];[];[];[];[];32.0;32.0;0.0;1.0;;;True;32.0;32.0;0.0;1.0;;;True;ControlType.NO_CONTROL;0;<BV64 0x20>;64;[];[];[];[];[];[];[];32;32;0;1.0;;;True;32.0;32.0;0.0;1.0;;;True;ControlType.NO_CONTROL;0;<BV64 LOAD_64[<BV64 x0>]_24>;64;[];[];['<BV64 x0>'];"[""<BV64 x0>: ['0x0']""]";[];['<BV64 x0>'];[];0.0;1.8446744073709552e+19;18446744073709551615;1;;;True;0.0;1.8446744073709552e+19;18446744073709551615;1;;;True;ControlType.CONTROLLED;1;<BV64 x0>;64;[];[];['<BV64 x0>'];[];['<BV64 x0>'];[];[];0.0;1.8446744073709552e+19;1.8446744073709552e+19;1.0;;;True;0.0;1.8446744073709552e+19;1.8446744073709552e+19;1.0;;;True;ControlType.CONTROLLED;0;<BV64 LOAD_64[<BV64 x0>]_24>;64;[];[];[];[];[];[];[];0;0;0;;;;False;0;0;0;;;;False;ControlType.UNKNOWN;1;[('0xa960', <Bool x1 == 0x0>, 'Taken'), ('0xab24', <Bool True>, 'Taken')];{'regs': ['<BV64 x1>'], 'indirect_regs': [], 'direct_regs': ['<BV64 x1>'], 'mem': [], 'const_mem': []};[];{'regs': [], 'indirect_regs': [], 'direct_regs': [], 'mem': [], 'const_mem': []};{'regs': ['<BV64 x0>'], 'indirect_regs': [], 'direct_regs': ['<BV64 x0>'], 'mem': ['<BV64 x0>'], 'const_mem': []};{'regs': ['<BV64 x0>', '<BV64 x1>'], 'indirect_regs': [], 'direct_regs': ['<BV64 x0>', '<BV64 x1>'], 'mem': ['<BV64 x0>'], 'const_mem': []};63.0;0.0;64.0;64.0;[];;;;BaseControlType.CONSTANT_BASE;BaseControlType.CONSTANT_BASE;BaseControlType.CONSTANT_BASE;2;BranchControlType.BRANCH_INDEPENDENT_FROM_SECRET;BranchControlType.BRANCH_INDEPENDENT_FROM_SECRET;43492;True;False;True;True;True;False;False;True;True;False;False;False;True;False;True;False;True;False;True;False;[];['has_valid_base'];True;False;True;True;True;False;False;True;True;False;False;False;True;False;True;False;True;False;True;False;[];['has_valid_base']
c14d5382-bd56-4f20-bc53-e31a47c18f83;context_range_set@@LIBSELINUX_1.0;0xab04;0xa9f0;0xab18;TransmitterType.STORE;23;1;False;['0xab04', '0xa940', '0xa9e0', '0xa9f0'];<BV64 0x20 + LOAD_64[<BV64 x0>]_24>;64;[];[];['<BV64 x0>'];"[""<BV64 x0>: ['0x0']""]";[];['<BV64 x0>'];[];0;18446744073709551615;18446744073709551615;1;;;True;0;18446744073709551615;18446744073709551615;1;;;True;ControlType.CONTROLLED;1;<BV64 0x20>;64;[];[];[];[];[];[];[];32.0;32.0;0.0;1.0;;;True;32.0;32.0;0.0;1.0;;;True;ControlType.NO_CONTROL;0;<BV64 0x20>;64;[];[];[];[];[];[];[];32;32;0;1.0;;;True;32.0;32.0;0.0;1.0;;;True;ControlType.NO_CONTROL;0;<BV64 LOAD_64[<BV64 x0>]_24>;64;[];[];['<BV64 x0>'];"[""<BV64 x0>: ['0x0']""]";[];['<BV64 x0>'];[];0.0;1.8446744073709552e+19;18446744073709551615;1;;;True;0.0;1.8446744073709552e+19;18446744073709551615;1;;;True;ControlType.CONTROLLED;1;<BV64 x0>;64;[];[];['<BV64 x0>'];[];['<BV64 x0>'];[];[];0.0;1.8446744073709552e+19;1.8446744073709552e+19;1.0;;;True;0.0;1.8446744073709552e+19;1.8446744073709552e+19;1.0;;;True;ControlType.CONTROLLED;0;<BV64 LOAD_64[<BV64 x0>]_24>;64;[];[];[];[];[];[];[];0;0;0;;;;False;0;0;0;;;;False;ControlType.UNKNOWN;1;[('0xa960', <Bool x1 == 0x0>, 'Taken'), ('0xa9e8', <Bool LOAD_64[<BV64 LOAD_64[<BV64 x0>]_24 + 0x20>]_32 == 0x0>, 'Taken'), ('0xab24', <Bool True>, 'Taken')];"{'regs': ['<BV64 x0>', '<BV64 x1>'], 'indirect_regs': [""<BV64 x0>: ['0x0']""], 'direct_regs': ['<BV64 x1>'], 'mem': ['<BV64 LOAD_64[<BV64 x0>]_24 + 0x20>', '<BV64 x0>'], 'const_mem': []}";[];{'regs': [], 'indirect_regs': [], 'direct_regs': [], 'mem': [], 'const_mem': []};{'regs': ['<BV64 x0>'], 'indirect_regs': [], 'direct_regs': ['<BV64 x0>'], 'mem': ['<BV64 x0>'], 'const_mem': []};{'regs': ['<BV64 x0>', '<BV64 x1>'], 'indirect_regs': [], 'direct_regs': ['<BV64 x0>', '<BV64 x1>'], 'mem': ['<BV64 LOAD_64[<BV64 x0>]_24 + 0x20>', '<BV64 x0>'], 'const_mem': []};63.0;0.0;64.0;64.0;[];;;;BaseControlType.CONSTANT_BASE;BaseControlType.CONSTANT_BASE;BaseControlType.CONSTANT_BASE;3;BranchControlType.BRANCH_DEPENDS_ON_SECRET_VALUE;BranchControlType.BRANCH_INDEPENDENT_FROM_SECRET;43504;True;False;True;True;True;False;False;True;True;False;False;False;True;False;True;True;True;False;True;False;[];['has_valid_base'];True;False;True;True;True;False;False;True;True;False;False;False;True;False;True;True;True;False;True;False;[];['has_valid_base']
7148ea6d-615c-42b9-bcb5-4705f55ef578;avc_compute_create@@LIBSELINUX_1.0;0xb0e0;0x6df0;0x0;TransmitterType.LOAD;33;0;False;['0xb0e0', '0xb140', '0x6dc0'];<BV64 0x403c0 + (0#52 .. ((0#5 .. x0[8:2] ^ x1[6:0] ^ x2[8:2]) << 0x5) + (0#7 .. (0#3 .. x0[1:0] ^ x2[1:0]) << 3))>;64;[];[];['<BV64 x0>', '<BV64 x1>', '<BV64 x2>'];[];['<BV64 x0>', '<BV64 x1>', '<BV64 x2>'];[];[];263104;267192;4088;8;270328.0;262144.0;False;263104;267192;4088;8;270328.0;262144.0;False;ControlType.CONTROLLED;0;<BV64 0x403c0>;64;[];[];[];[];[];[];[];263104.0;263104.0;0.0;1.0;;;True;263104.0;263104.0;0.0;1.0;;;True;ControlType.NO_CONTROL;0;<BV64 0x403c0>;64;[];[];[];[];[];[];[];263104;263104;0;1.0;;;True;263104.0;263104.0;0.0;1.0;;;True;ControlType.NO_CONTROL;0;<BV64 (0#52 .. (0#5 .. x0[8:2] ^ x1[6:0] ^ x2[8:2]) << 0x5) + (0#59 .. (0#3 .. x0[1:0] ^ x2[1:0]) << 3)>;64;[];[];['<BV64 x0>', '<BV64 x1>', '<BV64 x2>'];[];['<BV64 x0>', '<BV64 x1>', '<BV64 x2>'];[];[];0.0;4088.0;4088;8;;;False;0.0;4088.0;4088;8;;;False;ControlType.CONTROLLED;0;<BV64 x0>;64;[];[];['<BV64 x0>'];[];['<BV64 x0>'];[];[];0.0;1.8446744073709552e+19;1.8446744073709552e+19;1.0;;;True;0.0;1.8446744073709552e+19;1.8446744073709552e+19;1.0;;;True;ControlType.CONTROLLED;0;<BV64 x0>;64;[];[];[];[];[];[];[];0;0;0;;;;False;0;0;0;;;;False;ControlType.UNKNOWN;0;[('0xb134', <Bool LOAD_64[<BV64 0x401f8>]_31 == 0x0>, 'Taken'), ('0xb15c', <Bool True>, 'Taken')];{'regs': [], 'indirect_regs': [], 'direct_regs': [], 'mem': [], 'const_mem': ['<BV64 0x401f8>']};[];{'regs': [], 'indirect_regs': [], 'direct_regs': [], 'mem': [], 'const_mem': []};{'regs': ['<BV64 x0>', '<BV64 x1>', '<BV64 x2>'], 'indirect_regs': [], 'direct_regs': ['<BV64 x0>', '<BV64 x1>', '<BV64 x2>'], 'mem': [], 'const_mem': []};{'regs': ['<BV64 x0>', '<BV64 x1>', '<BV64 x2>'], 'indirect_regs': [], 'direct_regs': ['<BV64 x0>', '<BV64 x1>', '<BV64 x2>'], 'mem': [], 'const_mem': ['<BV64 0x401f8>']};0.0;0.0;0.0;0.0;[];;;;BaseControlType.CONSTANT_BASE;BaseControlType.CONSTANT_BASE;BaseControlType.CONSTANT_BASE;2;BranchControlType.BRANCH_DEPENDS_ON_UNCONTROLLED;BranchControlType.BRANCH_INDEPENDENT_FROM_SECRET;28144;False;False;True;True;True;True;False;False;True;False;False;False;True;False;False;False;True;True;True;False;[];['is_secret_inferable', 'has_valid_base', 'secret_below_cache_granularity'];False;False;True;True;True;True;False;False;True;False;False;False;True;False;False;False;True;True;True;False;[];['is_secret_inferable', 'has_valid_base', 'secret_below_cache_granularity']
9f7bb4b4-d220-43d7-8ae4-82aac969ef5a;avc_compute_create@@LIBSELINUX_1.0;0xb0e0;0x6e14;0x6df0;TransmitterType.LOAD;49;1;False;['0xb0e0', '0xb140', '0x6dc0', '0x6e14'];<BV64 LOAD_64[<BV64 0x403c0 + ((0x0 .. ((x0[31:2] ^ x1[29:0] .. x0[1:0]) ^ (0x0 .. x2[15:0])) & 0x1ff) << 0x3)>]_40>;64;[('0x6e00', <Bool LOAD_64[<BV64 0x403c0 + ((0x0 .. ((x0[31:2] ^ x1[29:0] .. x0[1:0]) ^ (0x0 .. x2[15:0])) & 0x1ff) << 0x3)>]_40 != 0x0>, 'Taken')];[];['<BV64 x0>', '<BV64 x1>', '<BV64 x2>'];['<BV64 x0>: []', '<BV64 x1>: []', '<BV64 x2>: []'];[];['<BV64 0x403c0 + ((0x0 .. ((x0[31:2] ^ x1[29:0] .. x0[1:0]) ^ (0x0 .. x2[15:0])) & 0x1ff) << 0x3)>'];[];0;18446744073709551615;18446744073709551615;1;;;True;1;18446744073709551615;18446744073709551614;1;;;True;ControlType.CONTROLLED;1;;0;[];[];[];[];[];[];[];0.0;0.0;0.0;0.0;;;False;0.0;0.0;0.0;0.0;;;False;ControlType.UNKNOWN;0;;0;[];[];[];[];[];[];[];0;0;0;;;;False;0.0;0.0;0.0;0.0;;;False;ControlType.UNKNOWN;0;<BV64 LOAD_64[<BV64 0x403c0 + ((0x0 .. ((x0[31:2] ^ x1[29:0] .. x0[1:0]) ^ (0x0 .. x2[15:0])) & 0x1ff) << 0x3)>]_40>;64;[('0x6e00', <Bool LOAD_64[<BV64 0x403c0 + ((0x0 .. ((x0[31:2] ^ x1[29:0] .. x0[1:0]) ^ (0x0 .. x2[15:0])) & 0x1ff) << 0x3)>]_40 != 0x0>, 'Taken')];[];['<BV64 x0>', '<BV64 x1>', '<BV64 x2>'];['<BV64 x0>: []', '<BV64 x1>: []', '<BV64 x2>: []'];[];['<BV64 0x403c0 + ((0x0 .. ((x0[31:2] ^ x1[29:0] .. x0[1:0]) ^ (0x0 .. x2[15:0])) & 0x1ff) << 0x3)>'];[];0.0;1.8446744073709552e+19;18446744073709551615;1;;;True;1.0;1.8446744073709552e+19;18446744073709551614;1;;;True;ControlType.CONTROLLED;1;<BV64 0x403c0 + ((0x0 .. ((x0[31:2] ^ x1[29:0] .. x0[1:0]) ^ (0x0 .. x2[15:0])) & 0x1ff) << 0x3)>;64;[];[];['<BV64 x0>', '<BV64 x1>', '<BV64 x2>'];[];['<BV64 x0>', '<BV64 x1>', '<BV64 x2>'];[];[];263104.0;267192.0;4088.0;8.0;270328.0;262144.0;False;263104.0;267192.0;4088.0;8.0;270328.0;262144.0;False;ControlType.CONTROLLED;0;<BV64 LOAD_64[<BV64 0x403c0 + ((0x0 .. ((x0[31:2] ^ x1[29:0] .. x0[1:0]) ^ (0x0 .. x2[15:0])) & 0x1ff) << 0x3)>]_40>;64;[];[];[];[];[];[];[];0;0;0;;;;False;0;0;0;;;;False;ControlType.UNKNOWN;1;[('0x6e00', <Bool LOAD_64[<BV64 0x403c0 + ((0x0 .. ((x0[31:2] ^ x1[29:0] .. x0[1:0]) ^ (0x0 .. x2[15:0])) & 0x1ff) << 0x3)>]_40 != 0x0>, 'Taken'), ('0xb134', <Bool LOAD_64[<BV64 0x401f8>]_31 == 0x0>, 'Taken'), ('0xb15c', <Bool True>, 'Taken')];{'regs': ['<BV64 x0>', '<BV64 x1>', '<BV64 x2>'], 'indirect_regs': ['<BV64 x0>: []', '<BV64 x1>: []', '<BV64 x2>: []'], 'direct_regs': [], 'mem': ['<BV64 0x403c0 + ((0x0 .. ((x0[31:2] ^ x1[29:0] .. x0[1:0]) ^ (0x0 .. x2[15:0])) & 0x1ff) << 0x3)>'], 'const_mem': ['<BV64 0x401f8>']};[];{'regs': [], 'indirect_regs': [], 'direct_regs': [], 'mem': [], 'const_mem': []};{'regs': ['<BV64 x0>', '<BV64 x1>', '<BV64 x2>'], 'indirect_regs': [], 'direct_regs': ['<BV64 x0>', '<BV64 x1>', '<BV64 x2>'], 'mem': ['<BV64 0x403c0 + ((0x0 .. ((x0[31:2] ^ x1[29:0] .. x0[1:0]) ^ (0x0 .. x2[15:0])) & 0x1ff) << 0x3)>'], 'const_mem': []};{'regs': ['<BV64 x0>', '<BV64 x1>', '<BV64 x2>'], 'indirect_regs': [], 'direct_regs': ['<BV64 x0>', '<BV64 x1>', '<BV64 x2>'], 'mem': ['<BV64 0x403c0 + ((0x0 .. ((x0[31:2] ^ x1[29:0] .. x0[1:0]) ^ (0x0 .. x2[15:0])) & 0x1ff) << 0x3)>'], 'const_mem': ['<BV64 0x401f8>']};63.0;0.0;64.0;64.0;[];;;;BaseControlType.NO_BASE;BaseControlType.NO_BASE;BaseControlType.NO_BASE;3;BranchControlType.BRANCH_DEPENDS_ON_UNCONTROLLED;BranchControlType.BRANCH_INDEPENDENT_FROM_SECRET;28180;True;False;False;True;True;False;False;True;True;False;False;False;True;False;True;False;True;True;True;False;[];['has_valid_base', 'has_valid_secret_address'];True;False;False;True;True;False;False;True;True;False;False;False;True;False;True;False;True;True;True;False;[];['has_valid_base', 'has_valid_secret_address']
8116b8cc-c248-4dce-a0a0-2f566aea7f74;avc_compute_create@@LIBSELINUX_1.0;0xb0e0;0x6e20;0x6df0;TransmitterType.LOAD;52;1;False;['0xb0e0', '0xb140', '0x6dc0', '0x6e14', '0x6e20'];<BV64 0x10 + LOAD_64[<BV64 0x403c0 + ((0x0 .. ((x0[31:2] ^ x1[29:0] .. x0[1:0]) ^ (0x0 .. x2[15:0])) & 0x1ff) << 0x3)>]_40>;64;[('0x6e00', <Bool LOAD_64[<BV64 0x403c0 + ((0x0 .. ((x0[31:2] ^ x1[29:0] .. x0[1:0]) ^ (0x0 .. x2[15:0])) & 0x1ff) << 0x3)>]_40 != 0x0>, 'Taken')];[];['<BV64 x0>', '<BV64 x1>', '<BV64 x2>'];['<BV64 x0>: []', '<BV64 x1>: []', '<BV64 x2>: []'];[];['<BV64 0x403c0 + ((0x0 .. ((x0[31:2] ^ x1[29:0] .. x0[1:0]) ^ (0x0 .. x2[15:0])) & 0x1ff) << 0x3)>'];[];0;18446744073709551615;18446744073709551615;1;;;True;17;15;18446744073709551614;1;;;True;ControlType.CONTROLLED;1;<BV64 0x10>;64;[];[];[];[];[];[];[];16.0;16.0;0.0;1.0;;;True;16.0;16.0;0.0;1.0;;;True;ControlType.NO_CONTROL;0;<BV64 0x10>;64;[];[];[];[];[];[];[];16;16;0;1.0;;;True;16.0;16.0;0.0;1.0;;;True;ControlType.NO_CONTROL;0;<BV64 LOAD_64[<BV64 0x403c0 + ((0x0 .. ((x0[31:2] ^ x1[29:0] .. x0[1:0]) ^ (0x0 .. x2[15:0])) & 0x1ff) << 0x3)>]_40>;64;[('0x6e00', <Bool LOAD_64[<BV64 0x403c0 + ((0x0 .. ((x0[31:2] ^ x1[29:0] .. x0[1:0]) ^ (0x0 .. x2[15:0])) & 0x1ff) << 0x3)>]_40 != 0x0>, 'Taken')];[];['<BV64 x0>', '<BV64 x1>', '<BV64 x2>'];['<BV64 x0>: []', '<BV64 x1>: []', '<BV64 x2>: []'];[];['<BV64 0x403c0 + ((0x0 .. ((x0[31:2] ^ x1[29:0] .. x0[1:0]) ^ (0x0 .. x2[15:0])) & 0x1ff) << 0x3)>'];[];0.0;1.8446744073709552e+19;18446744073709551615;1;;;True;1.0;1.8446744073709552e+19;18446744073709551614;1;;;True;ControlType.CONTROLLED;1;<BV64 0x403c0 + ((0x0 .. ((x0[31:2] ^ x1[29:0] .. x0[1:0]) ^ (0x0 .. x2[15:0])) & 0x1ff) << 0x3)>;64;[('0x6e1c', <Bool x0 == LOAD_64[<BV64 LOAD_64[<BV64 0x403c0 + ((0x0 .. ((x0[31:2] ^ x1[29:0] .. x0[1:0]) ^ (0x0 .. x2[15:0])) & 0x1ff) << 0x3)>]_40>]_46>, 'Taken')];[];['<BV64 x0>', '<BV64 x1>', '<BV64 x2>'];[];['<BV64 x0>', '<BV64 x1>', '<BV64 x2>'];[];[];263104.0;267192.0;4088.0;8.0;270328.0;262144.0;False;263104.0;267192.0;4088.0;8.0;270328.0;262144.0;False;ControlType.CONTROLLED;0;<BV64 LOAD_64[<BV64 0x403c0 + ((0x0 .. ((x0[31:2] ^ x1[29:0] .. x0[1:0]) ^ (0x0 .. x2[15:0])) & 0x1ff) << 0x3)>]_40>;64;[];[];[];[];[];[];[];0;0;0;;;;False;0;0;0;;;;False;ControlType.UNKNOWN;1;[('0x6e00', <Bool LOAD_64[<BV64 0x403c0 + ((0x0 .. ((x0[31:2] ^ x1[29:0] .. x0[1:0]) ^ (0x0 .. x2[15:0])) & 0x1ff) << 0x3)>]_40 != 0x0>, 'Taken'), ('0x6e1c', <Bool x0 == LOAD_64[<BV64 LOAD_64[<BV64 0x403c0 + ((0x0 .. ((x0[31:2] ^ x1[29:0] .. x0[1:0]) ^ (0x0 .. x2[15:0])) & 0x1ff) << 0x3)>]_40>]_46>, 'Taken'), ('0xb134', <Bool LOAD_64[<BV64 0x401f8>]_31 == 0x0>, 'Taken'), ('0xb15c', <Bool True>, 'Taken')];{'regs': ['<BV64 x0>', '<BV64 x1>', '<BV64 x2>'], 'indirect_regs': ['<BV64 x1>: []', '<BV64 x2>: []'], 'direct_regs': ['<BV64 x0>'], 'mem': ['<BV64 0x403c0 + ((0x0 .. ((x0[31:2] ^ x1[29:0] .. x0[1:0]) ^ (0x0 .. x2[15:0])) & 0x1ff) << 0x3)>', '<BV64 LOAD_64[<BV64 0x403c0 + ((0x0 .. ((x0[31:2] ^ x1[29:0] .. x0[1:0]) ^ (0x0 .. x2[15:0])) & 0x1ff) << 0x3)>]_40>'], 'const_mem': ['<BV64 0x401f8>']};[];{'regs': [], 'indirect_regs': [], 'direct_regs': [], 'mem': [], 'const_mem': []};{'regs': ['<BV64 x0>', '<BV64 x1>', '<BV64 x2>'], 'indirect_regs': [], 'direct_regs': ['<BV64 x0>', '<BV64 x1>', '<BV64 x2>'], 'mem': ['<BV64 0x403c0 + ((0x0 .. ((x0[31:2] ^ x1[29:0] .. x0[1:0]) ^ (0x0 .. x2[15:0])) & 0x1ff) << 0x3)>'], 'const_mem': []};{'regs': ['<BV64 x0>', '<BV64 x1>', '<BV64 x2>'], 'indirect_regs': [], 'direct_regs': ['<BV64 x0>', '<BV64 x1>', '<BV64 x2>'], 'mem': ['<BV64 0x403c0 + ((0x0 .. ((x0[31:2] ^ x1[29:0] .. x0[1:0]) ^ (0x0 .. x2[15:0])) & 0x1ff) << 0x3)>', '<BV64 LOAD_64[<BV64 0x403c0 + ((0x0 .. ((x0[31:2] ^ x1[29:0] .. x0[1:0]) ^ (0x0 .. x2[15:0])) & 0x1ff) << 0x3)>]_40>'], 'const_mem': ['<BV64 0x401f8>']};63.0;0.0;64.0;64.0;[];;;;BaseControlType.CONSTANT_BASE;BaseControlType.CONSTANT_BASE;BaseControlType.CONSTANT_BASE;4;BranchControlType.BRANCH_DEPENDS_ON_UNCONTROLLED;BranchControlType.BRANCH_INDEPENDENT_FROM_SECRET;28192;True;False;False;True;True;False;False;True;True;False;False;False;True;False;True;False;True;True;True;False;[];['has_valid_base', 'has_valid_secret_address'];True;False;False;True;True;False;False;True;True;False;False;False;True;False;True;False;True;True;True;False;[];['has_valid_base', 'has_valid_secret_address']
cafafbc1-70cd-473e-bcf9-215e67d6d53d;avc_compute_create@@LIBSELINUX_1.0;0xb0e0;0x6e08;0x6df0;TransmitterType.LOAD;52;1;False;['0xb0e0', '0xb140', '0x6dc0', '0x6e14', '0x6e08'];<BV64 0x40 + LOAD_64[<BV64 0x403c0 + ((0x0 .. ((x0[31:2] ^ x1[29:0] .. x0[1:0]) ^ (0x0 .. x2[15:0])) & 0x1ff) << 0x3)>]_40>;64;[('0x6e00', <Bool LOAD_64[<BV64 0x403c0 + ((0x0 .. ((x0[31:2] ^ x1[29:0] .. x0[1:0]) ^ (0x0 .. x2[15:0])) & 0x1ff) << 0x3)>]_40 != 0x0>, 'Taken')];[];['<BV64 x0>', '<BV64 x1>', '<BV64 x2>'];['<BV64 x0>: []', '<BV64 x1>: []', '<BV64 x2>: []'];[];['<BV64 0x403c0 + ((0x0 .. ((x0[31:2] ^ x1[29:0] .. x0[1:0]) ^ (0x0 .. x2[15:0])) & 0x1ff) << 0x3)>'];[];0;18446744073709551615;18446744073709551615;1;;;True;65;63;18446744073709551614;1;;;True;ControlType.CONTROLLED;1;<BV64 0x40>;64;[];[];[];[];[];[];[];64.0;64.0;0.0;1.0;;;True;64.0;64.0;0.0;1.0;;;True;ControlType.NO_CONTROL;0;<BV64 0x40>;64;[];[];[];[];[];[];[];64;64;0;1.0;;;True;64.0;64.0;0.0;1.0;;;True;ControlType.NO_CONTROL;0;<BV64 LOAD_64[<BV64 0x403c0 + ((0x0 .. ((x0[31:2] ^ x1[29:0] .. x0[1:0]) ^ (0x0 .. x2[15:0])) & 0x1ff) << 0x3)>]_40>;64;[('0x6e00', <Bool LOAD_64[<BV64 0x403c0 + ((0x0 .. ((x0[31:2] ^ x1[29:0] .. x0[1:0]) ^ (0x0 .. x2[15:0])) & 0x1ff) << 0x3)>]_40 != 0x0>, 'Taken')];[];['<BV64 x0>', '<BV64 x1>', '<BV64 x2>'];['<BV64 x0>: []', '<BV64 x1>: []', '<BV64 x2>: []'];[];['<BV64 0x403c0 + ((0x0 .. ((x0[31:2] ^ x1[29:0] .. x0[1:0]) ^ (0x0 .. x2[15:0])) & 0x1ff) << 0x3)>'];[];0.0;1.8446744073709552e+19;18446744073709551615;1;;;True;1.0;1.8446744073709552e+19;18446744073709551614;1;;;True;ControlType.CONTROLLED;1;<BV64 0x403c0 + ((0x0 .. ((x0[31:2] ^ x1[29:0] .. x0[1:0]) ^ (0x0 .. x2[15:0])) & 0x1ff) << 0x3)>;64;[('0x6e1c', <Bool x0 != LOAD_64[<BV64 LOAD_64[<BV64 0x403c0 + ((0x0 .. ((x0[31:2] ^ x1[29:0] .. x0[1:0]) ^ (0x0 .. x2[15:0])) & 0x1ff) << 0x3)>]_40>]_46>, 'Taken')];[];['<BV64 x0>', '<BV64 x1>', '<BV64 x2>'];[];['<BV64 x0>', '<BV64 x1>', '<BV64 x2>'];[];[];263104.0;267192.0;4088.0;8.0;270328.0;262144.0;False;263104.0;267192.0;4088.0;8.0;270328.0;262144.0;False;ControlType.CONTROLLED;0;<BV64 LOAD_64[<BV64 0x403c0 + ((0x0 .. ((x0[31:2] ^ x1[29:0] .. x0[1:0]) ^ (0x0 .. x2[15:0])) & 0x1ff) << 0x3)>]_40>;64;[];[];[];[];[];[];[];0;0;0;;;;False;0;0;0;;;;False;ControlType.UNKNOWN;1;[('0x6e00', <Bool LOAD_64[<BV64 0x403c0 + ((0x0 .. ((x0[31:2] ^ x1[29:0] .. x0[1:0]) ^ (0x0 .. x2[15:0])) & 0x1ff) << 0x3)>]_40 != 0x0>, 'Taken'), ('0x6e1c', <Bool x0 != LOAD_64[<BV64 LOAD_64[<BV64 0x403c0 + ((0x0 .. ((x0[31:2] ^ x1[29:0] .. x0[1:0]) ^ (0x0 .. x2[15:0])) & 0x1ff) << 0x3)>]_40>]_46>, 'Taken'), ('0xb134', <Bool LOAD_64[<BV64 0x401f8>]_31 == 0x0>, 'Taken'), ('0xb15c', <Bool True>, 'Taken')];{'regs': ['<BV64 x0>', '<BV64 x1>', '<BV64 x2>'], 'indirect_regs': ['<BV64 x1>: []', '<BV64 x2>: []'], 'direct_regs': ['<BV64 x0>'], 'mem': ['<BV64 0x403c0 + ((0x0 .. ((x0[31:2] ^ x1[29:0] .. x0[1:0]) ^ (0x0 .. x2[15:0])) & 0x1ff) << 0x3)>', '<BV64 LOAD_64[<BV64 0x403c0 + ((0x0 .. ((x0[31:2] ^ x1[29:0] .. x0[1:0]) ^ (0x0 .. x2[15:0])) & 0x1ff) << 0x3)>]_40>'], 'const_mem': ['<BV64 0x401f8>']};[];{'regs': [], 'indirect_regs': [], 'direct_regs': [], 'mem': [], 'const_mem': []};{'regs': ['<BV64 x0>', '<BV64 x1>', '<BV64 x2>'], 'indirect_regs': [], 'direct_regs': ['<BV64 x0>', '<BV64 x1>', '<BV64 x2>'], 'mem': ['<BV64 0x403c0 + ((0x0 .. ((x0[31:2] ^ x1[29:0] .. x0[1:0]) ^ (0x0 .. x2[15:0])) & 0x1ff) << 0x3)>'], 'const_mem': []};{'regs': ['<BV64 x0>', '<BV64 x1>', '<BV64 x2>'], 'indirect_regs': [], 'direct_regs': ['<BV64 x0>', '<BV64 x1>', '<BV64 x2>'], 'mem': ['<BV64 0x403c0 + ((0x0 .. ((x0[31:2] ^ x1[29:0] .. x0[1:0]) ^ (0x0 .. x2[15:0])) & 0x1ff) << 0x3)>', '<BV64 LOAD_64[<BV64 0x403c0 + ((0x0 .. ((x0[31:2] ^ x1[29:0] .. x0[1:0]) ^ (0x0 .. x2[15:0])) & 0x1ff) << 0x3)>]_40>'], 'const_mem': ['<BV64 0x401f8>']};63.0;0.0;64.0;64.0;[];;;;BaseControlType.CONSTANT_BASE;BaseControlType.CONSTANT_BASE;BaseControlType.CONSTANT_BASE;4;BranchControlType.BRANCH_DEPENDS_ON_UNCONTROLLED;BranchControlType.BRANCH_INDEPENDENT_FROM_SECRET;28168;True;False;False;True;True;False;False;True;True;False;False;False;True;False;True;False;True;True;True;False;[];['has_valid_base', 'has_valid_secret_address'];True;False;False;True;True;False;False;True;True;False;False;False;True;False;True;False;True;True;True;False;[];['has_valid_base', 'has_valid_secret_address']
8eb546cc-10cd-4cdc-aa40-86137e9e191f;matchpathcon_filespec_add@@LIBSELINUX_1.0;0x15d48;0x15da4;0x0;TransmitterType.LOAD;24;0;False;['0x15d48', '0x15d94'];<BV64 0x18 + LOAD_64[<BV64 0x41550>]_27 + (0#43 .. ((0#5 .. x0[31:16]) << 0x5) + ((0#5 .. x0[15:0]) << 0x5))>;64;[('0x15d90', <Bool LOAD_64[<BV64 0x41550>]_27 != 0x0>, 'Taken')];[];['<BV64 x0>'];[];['<BV64 x0>'];[];['<BV64 0x41550>'];0;18446744073709551615;18446744073709551615;1;;;True;0;18446744073709551615;18446744073709551615;1;;;False;ControlType.CONTROLLED;0;<BV64 0x18 + LOAD_64[<BV64 0x41550>]_27>;64;[('0x15d90', <Bool LOAD_64[<BV64 0x41550>]_27 != 0x0>, 'Taken')];[];[];[];[];[];['<BV64 0x41550>'];0.0;1.8446744073709552e+19;1.8446744073709552e+19;1.0;;;True;25.0;23.0;1.8446744073709552e+19;1.0;;;True;ControlType.NO_CONTROL;0;<BV64 0x18 + LOAD_64[<BV64 0x41550>]_27>;64;[];[];[];[];[];[];['<BV64 0x41550>'];0;18446744073709551615;18446744073709551615;1.0;;;True;25.0;23.0;1.8446744073709552e+19;1.0;;;True;ControlType.NO_CONTROL;0;<BV64 (0#43 .. (0#5 .. x0[31:16]) << 0x5) + (0#43 .. (0#5 .. x0[15:0]) << 0x5)>;64;[];[];['<BV64 x0>'];[];['<BV64 x0>'];[];[];0.0;4194240.0;4194240;32;;;False;0.0;4194240.0;4194240;32;;;False;ControlType.CONTROLLED;0;<BV64 x0>;64;[];[];['<BV64 x0>'];[];['<BV64 x0>'];[];[];0.0;1.8446744073709552e+19;1.8446744073709552e+19;1.0;;;True;0.0;1.8446744073709552e+19;1.8446744073709552e+19;1.0;;;True;ControlType.CONTROLLED;0;<BV64 x0>;64;[];[];[];[];[];[];[];0;0;0;;;;False;0;0;0;;;;False;ControlType.UNKNOWN;0;[('0x15d90', <Bool LOAD_64[<BV64 0x41550>]_27 != 0x0>, 'Taken')];{'regs': [], 'indirect_regs': [], 'direct_regs': [], 'mem': [], 'const_mem': ['<BV64 0x41550>']};[];{'regs': [], 'indirect_regs': [], 'direct_regs': [], 'mem': [], 'const_mem': []};{'regs': ['<BV64 x0>'], 'indirect_regs': [], 'direct_regs': ['<BV64 x0>'], 'mem': [], 'const_mem': ['<BV64 0x41550>']};{'regs': ['<BV64 x0>'], 'indirect_regs': [], 'direct_regs': ['<BV64 x0>'], 'mem': [], 'const_mem': ['<BV64 0x41550>']};21.0;5.0;17.0;32.0;[];;;;BaseControlType.CONSTANT_BASE;BaseControlType.CONSTANT_BASE;BaseControlType.CONSTANT_BASE;1;BranchControlType.BRANCH_DEPENDS_ON_UNCONTROLLED;BranchControlType.BRANCH_INDEPENDENT_FROM_SECRET;89508;True;True;True;True;True;False;False;True;True;False;False;False;True;False;True;False;True;True;True;True;['can_perform_known_prefix', 'perform_out_of_place_training'];[];True;True;True;True;True;False;False;True;True;False;False;False;True;False;True;False;True;True;True;True;['can_perform_known_prefix', 'perform_out_of_place_training'];[]
198e62d6-e532-4faa-823c-250903d840ea;matchpathcon_filespec_add@@LIBSELINUX_1.0;0x15d48;0x15dc4;0x15da4;TransmitterType.LOAD;26;1;False;['0x15d48', '0x15d94', '0x15dc4'];<BV64 LOAD_64[<BV64 LOAD_64[<BV64 0x41550>]_27 + ((0#32 .. ((x0 << 0x30[31:0] | LShR(x0, 0x10)[31:0]) & 0xffffffff) + x0[31:0]) << 0x5 & 0x1fffe0) + 0x18>]_31>;64;[('0x15da8', <Bool LOAD_64[<BV64 LOAD_64[<BV64 0x41550>]_27 + ((0#32 .. ((x0 << 0x30[31:0] | LShR(x0, 0x10)[31:0]) & 0xffffffff) + x0[31:0]) << 0x5 & 0x1fffe0) + 0x18>]_31 != 0x0>, 'Taken')];[];['<BV64 x0>'];['<BV64 x0>: []'];[];['<BV64 LOAD_64[<BV64 0x41550>]_27 + ((0#32 .. ((x0 << 0x30[31:0] | LShR(x0, 0x10)[31:0]) & 0xffffffff) + x0[31:0]) << 0x5 & 0x1fffe0) + 0x18>'];['<BV64 0x41550>'];0;18446744073709551615;18446744073709551615;1;;;True;1;18446744073709551615;18446744073709551614;1;;;True;ControlType.REQUIRES_MEM_LEAK;1;;0;[];[];[];[];[];[];[];0.0;0.0;0.0;0.0;;;False;0.0;0.0;0.0;0.0;;;False;ControlType.UNKNOWN;0;;0;[];[];[];[];[];[];[];0;0;0;;;;False;0.0;0.0;0.0;0.0;;;False;ControlType.UNKNOWN;0;<BV64 LOAD_64[<BV64 LOAD_64[<BV64 0x41550>]_27 + ((0#32 .. ((x0 << 0x30[31:0] | LShR(x0, 0x10)[31:0]) & 0xffffffff) + x0[31:0]) << 0x5 & 0x1fffe0) + 0x18>]_31>;64;[('0x15da8', <Bool LOAD_64[<BV64 LOAD_64[<BV64 0x41550>]_27 + ((0#32 .. ((x0 << 0x30[31:0] | LShR(x0, 0x10)[31:0]) & 0xffffffff) + x0[31:0]) << 0x5 & 0x1fffe0) + 0x18>]_31 != 0x0>, 'Taken')];[];['<BV64 x0>'];['<BV64 x0>: []'];[];['<BV64 LOAD_64[<BV64 0x41550>]_27 + ((0#32 .. ((x0 << 0x30[31:0] | LShR(x0, 0x10)[31:0]) & 0xffffffff) + x0[31:0]) << 0x5 & 0x1fffe0) + 0x18>'];['<BV64 0x41550>'];0.0;1.8446744073709552e+19;18446744073709551615;1;;;True;1.0;1.8446744073709552e+19;18446744073709551614;1;;;True;ControlType.CONTROLLED;1;<BV64 LOAD_64[<BV64 0x41550>]_27 + ((0#32 .. ((x0 << 0x30[31:0] | LShR(x0, 0x10)[31:0]) & 0xffffffff) + x0[31:0]) << 0x5 & 0x1fffe0) + 0x18>;64;[('0x15d90', <Bool LOAD_64[<BV64 0x41550>]_27 != 0x0>, 'Taken')];[];['<BV64 x0>'];[];['<BV64 x0>'];[];['<BV64 0x41550>'];0.0;1.8446744073709552e+19;1.8446744073709552e+19;1.0;;;True;0.0;1.8446744073709552e+19;1.8446744073709552e+19;1.0;;;False;ControlType.REQUIRES_MEM_LEAK;0;<BV64 LOAD_64[<BV64 LOAD_64[<BV64 0x41550>]_27 + ((0#32 .. ((x0 << 0x30[31:0] | LShR(x0, 0x10)[31:0]) & 0xffffffff) + x0[31:0]) << 0x5 & 0x1fffe0) + 0x18>]_31>;64;[];[];[];[];[];[];[];0;0;0;;;;False;0;0;0;;;;False;ControlType.UNKNOWN;1;[('0x15d90', <Bool LOAD_64[<BV64 0x41550>]_27 != 0x0>, 'Taken'), ('0x15da8', <Bool LOAD_64[<BV64 LOAD_64[<BV64 0x41550>]_27 + ((0#32 .. ((x0 << 0x30[31:0] | LShR(x0, 0x10)[31:0]) & 0xffffffff) + x0[31:0]) << 0x5 & 0x1fffe0) + 0x18>]_31 != 0x0>, 'Taken')];{'regs': ['<BV64 x0>'], 'indirect_regs': ['<BV64 x0>: []'], 'direct_regs': [], 'mem': ['<BV64 LOAD_64[<BV64 0x41550>]_27 + ((0#32 .. ((x0 << 0x30[31:0] | LShR(x0, 0x10)[31:0]) & 0xffffffff) + x0[31:0]) << 0x5 & 0x1fffe0) + 0x18>'], 'const_mem': ['<BV64 0x41550>']};[];{'regs': [], 'indirect_regs': [], 'direct_regs': [], 'mem': [], 'const_mem': []};{'regs': ['<BV64 x0>'], 'indirect_regs': [], 'direct_regs': ['<BV64 x0>'], 'mem': ['<BV64 LOAD_64[<BV64 0x41550>]_27 + ((0#32 .. ((x0 << 0x30[31:0] | LShR(x0, 0x10)[31:0]) & 0xffffffff) + x0[31:0]) << 0x5 & 0x1fffe0) + 0x18>'], 'const_mem': ['<BV64 0x41550>']};{'regs': ['<BV64 x0>'], 'indirect_regs': [], 'direct_regs': ['<BV64 x0>'], 'mem': ['<BV64 LOAD_64[<BV64 0x41550>]_27 + ((0#32 .. ((x0 << 0x30[31:0] | LShR(x0, 0x10)[31:0]) & 0xffffffff) + x0[31:0]) << 0x5 & 0x1fffe0) + 0x18>'], 'const_mem': ['<BV64 0x41550>']};63.0;0.0;64.0;64.0;[];;;;BaseControlType.NO_BASE;BaseControlType.NO_BASE;BaseControlType.NO_BASE;2;BranchControlType.BRANCH_DEPENDS_ON_UNCONTROLLED;BranchControlType.BRANCH_INDEPENDENT_FROM_SECRET;89540;True;False;False;True;True;False;False;True;False;False;False;False;True;False;True;False;True;True;True;False;[];['has_valid_base', 'has_valid_secret_address', 'secret_entropy_high'];True;False;False;True;True;False;False;True;False;False;False;False;True;False;True;False;True;True;True;False;[];['has_valid_base', 'has_valid_secret_address', 'secret_entropy_high']
0372f876-3838-4070-aba5-193d4b316800;matchpathcon_filespec_add@@LIBSELINUX_1.0;0x15d48;0x15dd0;0x15da4;TransmitterType.LOAD;29;1;False;['0x15d48', '0x15d94', '0x15dc4', '0x15dd0'];<BV64 0x10 + LOAD_64[<BV64 LOAD_64[<BV64 0x41550>]_27 + ((0#32 .. ((x0 << 0x30[31:0] | LShR(x0, 0x10)[31:0]) & 0xffffffff) + x0[31:0]) << 0x5 & 0x1fffe0) + 0x18>]_31>;64;[('0x15da8', <Bool LOAD_64[<BV64 LOAD_64[<BV64 0x41550>]_27 + ((0#32 .. ((x0 << 0x30[31:0] | LShR(x0, 0x10)[31:0]) & 0xffffffff) + x0[31:0]) << 0x5 & 0x1fffe0) + 0x18>]_31 != 0x0>, 'Taken')];[];['<BV64 x0>'];['<BV64 x0>: []'];[];['<BV64 LOAD_64[<BV64 0x41550>]_27 + ((0#32 .. ((x0 << 0x30[31:0] | LShR(x0, 0x10)[31:0]) & 0xffffffff) + x0[31:0]) << 0x5 & 0x1fffe0) + 0x18>'];['<BV64 0x41550>'];0;18446744073709551615;18446744073709551615;1;;;True;17;15;18446744073709551614;1;;;True;ControlType.REQUIRES_MEM_LEAK;1;<BV64 0x10>;64;[];[];[];[];[];[];[];16.0;16.0;0.0;1.0;;;True;16.0;16.0;0.0;1.0;;;True;ControlType.NO_CONTROL;0;<BV64 0x10>;64;[];[];[];[];[];[];[];16;16;0;1.0;;;True;16.0;16.0;0.0;1.0;;;True;ControlType.NO_CONTROL;0;<BV64 LOAD_64[<BV64 LOAD_64[<BV64 0x41550>]_27 + ((0#32 .. ((x0 << 0x30[31:0] | LShR(x0, 0x10)[31:0]) & 0xffffffff) + x0[31:0]) << 0x5 & 0x1fffe0) + 0x18>]_31>;64;[('0x15da8', <Bool LOAD_64[<BV64 LOAD_64[<BV64 0x41550>]_27 + ((0#32 .. ((x0 << 0x30[31:0] | LShR(x0, 0x10)[31:0]) & 0xffffffff) + x0[31:0]) << 0x5 & 0x1fffe0) + 0x18>]_31 != 0x0>, 'Taken')];[];['<BV64 x0>'];['<BV64 x0>: []'];[];['<BV64 LOAD_64[<BV64 0x41550>]_27 + ((0#32 .. ((x0 << 0x30[31:0] | LShR(x0, 0x10)[31:0]) & 0xffffffff) + x0[31:0]) << 0x5 & 0x1fffe0) + 0x18>'];['<BV64 0x41550>'];0.0;1.8446744073709552e+19;18446744073709551615;1;;;True;1.0;1.8446744073709552e+19;18446744073709551614;1;;;True;ControlType.CONTROLLED;1;<BV64 LOAD_64[<BV64 0x41550>]_27 + ((0#32 .. ((x0 << 0x30[31:0] | LShR(x0, 0x10)[31:0]) & 0xffffffff) + x0[31:0]) << 0x5 & 0x1fffe0) + 0x18>;64;[('0x15d90', <Bool LOAD_64[<BV64 0x41550>]_27 != 0x0>, 'Taken'), ('0x15dcc', <Bool LOAD_64[<BV64 LOAD_64[<BV64 LOAD_64[<BV64 0x41550>]_27 + ((0#32 .. ((x0 << 0x30[31:0] | LShR(x0, 0x10)[31:0]) & 0xffffffff) + x0[31:0]) << 0x5 & 0x1fffe0) + 0x18>]_31>]_33 == x0>, 'Taken')];[];['<BV64 x0>'];[];['<BV64 x0>'];[];['<BV64 0x41550>'];0.0;1.8446744073709552e+19;1.8446744073709552e+19;1.0;;;True;0.0;1.8446744073709552e+19;1.8446744073709552e+19;1.0;;;False;ControlType.REQUIRES_MEM_LEAK;0;<BV64 LOAD_64[<BV64 LOAD_64[<BV64 0x41550>]_27 + ((0#32 .. ((x0 << 0x30[31:0] | LShR(x0, 0x10)[31:0]) & 0xffffffff) + x0[31:0]) << 0x5 & 0x1fffe0) + 0x18>]_31>;64;[];[];[];[];[];[];[];0;0;0;;;;False;0;0;0;;;;False;ControlType.UNKNOWN;1;[('0x15d90', <Bool LOAD_64[<BV64 0x41550>]_27 != 0x0>, 'Taken'), ('0x15da8', <Bool LOAD_64[<BV64 LOAD_64[<BV64 0x41550>]_27 + ((0#32 .. ((x0 << 0x30[31:0] | LShR(x0, 0x10)[31:0]) & 0xffffffff) + x0[31:0]) << 0x5 & 0x1fffe0) + 0x18>]_31 != 0x0>, 'Taken'), ('0x15dcc', <Bool LOAD_64[<BV64 LOAD_64[<BV64 LOAD_64[<BV64 0x41550>]_27 + ((0#32 .. ((x0 << 0x30[31:0] | LShR(x0, 0x10)[31:0]) & 0xffffffff) + x0[31:0]) << 0x5 & 0x1fffe0) + 0x18>]_31>]_33 == x0>, 'Taken')];{'regs': ['<BV64 x0>'], 'indirect_regs': [], 'direct_regs': ['<BV64 x0>'], 'mem': ['<BV64 LOAD_64[<BV64 0x41550>]_27 + ((0#32 .. ((x0 << 0x30[31:0] | LShR(x0, 0x10)[31:0]) & 0xffffffff) + x0[31:0]) << 0x5 & 0x1fffe0) + 0x18>', '<BV64 LOAD_64[<BV64 LOAD_64[<BV64 0x41550>]_27 + ((0#32 .. ((x0 << 0x30[31:0] | LShR(x0, 0x10)[31:0]) & 0xffffffff) + x0[31:0]) << 0x5 & 0x1fffe0) + 0x18>]_31>'], 'const_mem': ['<BV64 0x41550>']};[];{'regs': [], 'indirect_regs': [], 'direct_regs': [], 'mem': [], 'const_mem': []};{'regs': ['<BV64 x0>'], 'indirect_regs': [], 'direct_regs': ['<BV64 x0>'], 'mem': ['<BV64 LOAD_64[<BV64 0x41550>]_27 + ((0#32 .. ((x0 << 0x30[31:0] | LShR(x0, 0x10)[31:0]) & 0xffffffff) + x0[31:0]) << 0x5 & 0x1fffe0) + 0x18>'], 'const_mem': ['<BV64 0x41550>']};{'regs': ['<BV64 x0>'], 'indirect_regs': [], 'direct_regs': ['<BV64 x0>'], 'mem': ['<BV64 LOAD_64[<BV64 0x41550>]_27 + ((0#32 .. ((x0 << 0x30[31:0] | LShR(x0, 0x10)[31:0]) & 0xffffffff) + x0[31:0]) << 0x5 & 0x1fffe0) + 0x18>', '<BV64 LOAD_64[<BV64 LOAD_64[<BV64 0x41550>]_27 + ((0#32 .. ((x0 << 0x30[31:0] | LShR(x0, 0x10)[31:0]) & 0xffffffff) + x0[31:0]) << 0x5 & 0x1fffe0) + 0x18>]_31>'], 'const_mem': ['<BV64 0x41550>']};63.0;0.0;64.0;64.0;[];;;;BaseControlType.CONSTANT_BASE;BaseControlType.CONSTANT_BASE;BaseControlType.CONSTANT_BASE;3;BranchControlType.BRANCH_DEPENDS_ON_UNCONTROLLED;BranchControlType.BRANCH_INDEPENDENT_FROM_SECRET;89552;True;False;False;True;True;False;False;True;False;False;False;False;True;False;True;False;True;True;True;False;[];['has_valid_base', 'has_valid_secret_address', 'secret_entropy_high'];True;False;False;True;True;False;False;True;False;False;False;False;True;False;True;False;True;True;True;False;[];['has_valid_base', 'has_valid_secret_address', 'secret_entropy_high']
3d4a4e9a-cf85-4352-a038-1a7304b4c87d;matchpathcon_filespec_add@@LIBSELINUX_1.0;0x15d48;0x15db4;0x15da4;TransmitterType.LOAD;30;1;False;['0x15d48', '0x15d94', '0x15dc4', '0x15db0', '0x15db4'];<BV64 0x18 + LOAD_64[<BV64 LOAD_64[<BV64 0x41550>]_27 + ((0#32 .. ((x0 << 0x30[31:0] | LShR(x0, 0x10)[31:0]) & 0xffffffff) + x0[31:0]) << 0x5 & 0x1fffe0) + 0x18>]_31>;64;[('0x15da8', <Bool LOAD_64[<BV64 LOAD_64[<BV64 0x41550>]_27 + ((0#32 .. ((x0 << 0x30[31:0] | LShR(x0, 0x10)[31:0]) & 0xffffffff) + x0[31:0]) << 0x5 & 0x1fffe0) + 0x18>]_31 != 0x0>, 'Taken')];[];['<BV64 x0>'];['<BV64 x0>: []'];[];['<BV64 LOAD_64[<BV64 0x41550>]_27 + ((0#32 .. ((x0 << 0x30[31:0] | LShR(x0, 0x10)[31:0]) & 0xffffffff) + x0[31:0]) << 0x5 & 0x1fffe0) + 0x18>'];['<BV64 0x41550>'];0;18446744073709551615;18446744073709551615;1;;;True;25;23;18446744073709551614;1;;;True;ControlType.REQUIRES_MEM_LEAK;1;<BV64 0x18>;64;[];[];[];[];[];[];[];24.0;24.0;0.0;1.0;;;True;24.0;24.0;0.0;1.0;;;True;ControlType.NO_CONTROL;0;<BV64 0x18>;64;[];[];[];[];[];[];[];24;24;0;1.0;;;True;24.0;24.0;0.0;1.0;;;True;ControlType.NO_CONTROL;0;<BV64 LOAD_64[<BV64 LOAD_64[<BV64 0x41550>]_27 + ((0#32 .. ((x0 << 0x30[31:0] | LShR(x0, 0x10)[31:0]) & 0xffffffff) + x0[31:0]) << 0x5 & 0x1fffe0) + 0x18>]_31>;64;[('0x15da8', <Bool LOAD_64[<BV64 LOAD_64[<BV64 0x41550>]_27 + ((0#32 .. ((x0 << 0x30[31:0] | LShR(x0, 0x10)[31:0]) & 0xffffffff) + x0[31:0]) << 0x5 & 0x1fffe0) + 0x18>]_31 != 0x0>, 'Taken')];[];['<BV64 x0>'];['<BV64 x0>: []'];[];['<BV64 LOAD_64[<BV64 0x41550>]_27 + ((0#32 .. ((x0 << 0x30[31:0] | LShR(x0, 0x10)[31:0]) & 0xffffffff) + x0[31:0]) << 0x5 & 0x1fffe0) + 0x18>'];['<BV64 0x41550>'];0.0;1.8446744073709552e+19;18446744073709551615;1;;;True;1.0;1.8446744073709552e+19;18446744073709551614;1;;;True;ControlType.CONTROLLED;1;<BV64 LOAD_64[<BV64 0x41550>]_27 + ((0#32 .. ((x0 << 0x30[31:0] | LShR(x0, 0x10)[31:0]) & 0xffffffff) + x0[31:0]) << 0x5 & 0x1fffe0) + 0x18>;64;[('0x15d90', <Bool LOAD_64[<BV64 0x41550>]_27 != 0x0>, 'Taken'), ('0x15db0', <Bool LOAD_64[<BV64 LOAD_64[<BV64 LOAD_64[<BV64 0x41550>]_27 + ((0#32 .. ((x0 << 0x30[31:0] | LShR(x0, 0x10)[31:0]) & 0xffffffff) + x0[31:0]) << 0x5 & 0x1fffe0) + 0x18>]_31>]_33 >= x0>, 'Taken'), ('0x15dcc', <Bool LOAD_64[<BV64 LOAD_64[<BV64 LOAD_64[<BV64 0x41550>]_27 + ((0#32 .. ((x0 << 0x30[31:0] | LShR(x0, 0x10)[31:0]) & 0xffffffff) + x0[31:0]) << 0x5 & 0x1fffe0) + 0x18>]_31>]_33 != x0>, 'Taken')];[];['<BV64 x0>'];[];['<BV64 x0>'];[];['<BV64 0x41550>'];0.0;1.8446744073709552e+19;1.8446744073709552e+19;1.0;;;True;0.0;1.8446744073709552e+19;1.8446744073709552e+19;1.0;;;False;ControlType.REQUIRES_MEM_LEAK;0;<BV64 LOAD_64[<BV64 LOAD_64[<BV64 0x41550>]_27 + ((0#32 .. ((x0 << 0x30[31:0] | LShR(x0, 0x10)[31:0]) & 0xffffffff) + x0[31:0]) << 0x5 & 0x1fffe0) + 0x18>]_31>;64;[];[];[];[];[];[];[];0;0;0;;;;False;0;0;0;;;;False;ControlType.UNKNOWN;1;[('0x15d90', <Bool LOAD_64[<BV64 0x41550>]_27 != 0x0>, 'Taken'), ('0x15da8', <Bool LOAD_64[<BV64 LOAD_64[<BV64 0x41550>]_27 + ((0#32 .. ((x0 << 0x30[31:0] | LShR(x0, 0x10)[31:0]) & 0xffffffff) + x0[31:0]) << 0x5 & 0x1fffe0) + 0x18>]_31 != 0x0>, 'Taken'), ('0x15db0', <Bool LOAD_64[<BV64 LOAD_64[<BV64 LOAD_64[<BV64 0x41550>]_27 + ((0#32 .. ((x0 << 0x30[31:0] | LShR(x0, 0x10)[31:0]) & 0xffffffff) + x0[31:0]) << 0x5 & 0x1fffe0) + 0x18>]_31>]_33 >= x0>, 'Taken'), ('0x15dcc', <Bool LOAD_64[<BV64 LOAD_64[<BV64 LOAD_64[<BV64 0x41550>]_27 + ((0#32 .. ((x0 << 0x30[31:0] | LShR(x0, 0x10)[31:0]) & 0xffffffff) + x0[31:0]) << 0x5 & 0x1fffe0) + 0x18>]_31>]_33 != x0>, 'Taken')];{'regs': ['<BV64 x0>'], 'indirect_regs': [], 'direct_regs': ['<BV64 x0>'], 'mem': ['<BV64 LOAD_64[<BV64 0x41550>]_27 + ((0#32 .. ((x0 << 0x30[31:0] | LShR(x0, 0x10)[31:0]) & 0xffffffff) + x0[31:0]) << 0x5 & 0x1fffe0) + 0x18>', '<BV64 LOAD_64[<BV64 LOAD_64[<BV64 0x41550>]_27 + ((0#32 .. ((x0 << 0x30[31:0] | LShR(x0, 0x10)[31:0]) & 0xffffffff) + x0[31:0]) << 0x5 & 0x1fffe0) + 0x18>]_31>'], 'const_mem': ['<BV64 0x41550>']};[];{'regs': [], 'indirect_regs': [], 'direct_regs': [], 'mem': [], 'const_mem': []};{'regs': ['<BV64 x0>'], 'indirect_regs': [], 'direct_regs': ['<BV64 x0>'], 'mem': ['<BV64 LOAD_64[<BV64 0x41550>]_27 + ((0#32 .. ((x0 << 0x30[31:0] | LShR(x0, 0x10)[31:0]) & 0xffffffff) + x0[31:0]) << 0x5 & 0x1fffe0) + 0x18>'], 'const_mem': ['<BV64 0x41550>']};{'regs': ['<BV64 x0>'], 'indirect_regs': [], 'direct_regs': ['<BV64 x0>'], 'mem': ['<BV64 LOAD_64[<BV64 0x41550>]_27 + ((0#32 .. ((x0 << 0x30[31:0] | LShR(x0, 0x10)[31:0]) & 0xffffffff) + x0[31:0]) << 0x5 & 0x1fffe0) + 0x18>', '<BV64 LOAD_64[<BV64 LOAD_64[<BV64 0x41550>]_27 + ((0#32 .. ((x0 << 0x30[31:0] | LShR(x0, 0x10)[31:0]) & 0xffffffff) + x0[31:0]) << 0x5 & 0x1fffe0) + 0x18>]_31>'], 'const_mem': ['<BV64 0x41550>']};63.0;0.0;64.0;64.0;[];;;;BaseControlType.CONSTANT_BASE;BaseControlType.CONSTANT_BASE;BaseControlType.CONSTANT_BASE;4;BranchControlType.BRANCH_DEPENDS_ON_UNCONTROLLED;BranchControlType.BRANCH_INDEPENDENT_FROM_SECRET;89524;True;False;False;True;True;False;False;True;False;False;False;False;True;False;True;False;True;True;True;False;[];['has_valid_base', 'has_valid_secret_address', 'secret_entropy_high'];True;False;False;True;True;False;False;True;False;False;False;False;True;False;True;False;True;True;True;False;[];['has_valid_base', 'has_valid_secret_address', 'secret_entropy_high']
