uuid;name;address;pc;secret_load_pc;transmitter;n_instr;n_dependent_loads;contains_spec_stop;bbls;transmission_expr;transmission_size;transmission_branches;transmission_constraints;transmission_requirements_regs;transmission_requirements_indirect_regs;transmission_requirements_direct_regs;transmission_requirements_mem;transmission_requirements_const_mem;transmission_range_min;transmission_range_max;transmission_range_window;transmission_range_stride;transmission_range_and_mask;transmission_range_or_mask;transmission_range_exact;transmission_range_w_branches_min;transmission_range_w_branches_max;transmission_range_w_branches_window;transmission_range_w_branches_stride;transmission_range_w_branches_and_mask;transmission_range_w_branches_or_mask;transmission_range_w_branches_exact;transmission_control;transmission_n_dependent_loads;base_expr;base_size;base_branches;base_constraints;base_requirements_regs;base_requirements_indirect_regs;base_requirements_direct_regs;base_requirements_mem;base_requirements_const_mem;base_range_min;base_range_max;base_range_window;base_range_stride;base_range_and_mask;base_range_or_mask;base_range_exact;base_range_w_branches_min;base_range_w_branches_max;base_range_w_branches_window;base_range_w_branches_stride;base_range_w_branches_and_mask;base_range_w_branches_or_mask;base_range_w_branches_exact;base_control;base_n_dependent_loads;independent_base_expr;independent_base_size;independent_base_branches;independent_base_constraints;independent_base_requirements_regs;independent_base_requirements_indirect_regs;independent_base_requirements_direct_regs;independent_base_requirements_mem;independent_base_requirements_const_mem;independent_base_range_min;independent_base_range_max;independent_base_range_window;independent_base_range_stride;independent_base_range_and_mask;independent_base_range_or_mask;independent_base_range_exact;independent_base_range_w_branches_min;independent_base_range_w_branches_max;independent_base_range_w_branches_window;independent_base_range_w_branches_stride;independent_base_range_w_branches_and_mask;independent_base_range_w_branches_or_mask;independent_base_range_w_branches_exact;independent_base_control;independent_base_n_dependent_loads;transmitted_secret_expr;transmitted_secret_size;transmitted_secret_branches;transmitted_secret_constraints;transmitted_secret_requirements_regs;transmitted_secret_requirements_indirect_regs;transmitted_secret_requirements_direct_regs;transmitted_secret_requirements_mem;transmitted_secret_requirements_const_mem;transmitted_secret_range_min;transmitted_secret_range_max;transmitted_secret_range_window;transmitted_secret_range_stride;transmitted_secret_range_and_mask;transmitted_secret_range_or_mask;transmitted_secret_range_exact;transmitted_secret_range_w_branches_min;transmitted_secret_range_w_branches_max;transmitted_secret_range_w_branches_window;transmitted_secret_range_w_branches_stride;transmitted_secret_range_w_branches_and_mask;transmitted_secret_range_w_branches_or_mask;transmitted_secret_range_w_branches_exact;transmitted_secret_control;transmitted_secret_n_dependent_loads;secret_address_expr;secret_address_size;secret_address_branches;secret_address_constraints;secret_address_requirements_regs;secret_address_requirements_indirect_regs;secret_address_requirements_direct_regs;secret_address_requirements_mem;secret_address_requirements_const_mem;secret_address_range_min;secret_address_range_max;secret_address_range_window;secret_address_range_stride;secret_address_range_and_mask;secret_address_range_or_mask;secret_address_range_exact;secret_address_range_w_branches_min;secret_address_range_w_branches_max;secret_address_range_w_branches_window;secret_address_range_w_branches_stride;secret_address_range_w_branches_and_mask;secret_address_range_w_branches_or_mask;secret_address_range_w_branches_exact;secret_address_control;secret_address_n_dependent_loads;secret_val_expr;secret_val_size;secret_val_branches;secret_val_constraints;secret_val_requirements_regs;secret_val_requirements_indirect_regs;secret_val_requirements_direct_regs;secret_val_requirements_mem;secret_val_requirements_const_mem;secret_val_range_min;secret_val_range_max;secret_val_range_window;secret_val_range_stride;secret_val_range_and_mask;secret_val_range_or_mask;secret_val_range_exact;secret_val_range_w_branches_min;secret_val_range_w_branches_max;secret_val_range_w_branches_window;secret_val_range_w_branches_stride;secret_val_range_w_branches_and_mask;secret_val_range_w_branches_or_mask;secret_val_range_w_branches_exact;secret_val_control;secret_val_n_dependent_loads;branches;branch_requirements;constraints;constraint_requirements;all_requirements;all_requirements_w_branches;inferable_bits_spread_high;inferable_bits_spread_low;inferable_bits_spread_total;inferable_bits_n_inferable_bits;aliases;deps;direct_dependent_base_expr;indirect_dependent_base_expr;base_control_type;base_control_w_constraints;base_control_w_branches_and_constraints;n_branches;branch_control_type;cmove_control_type;pc_as_int;is_secret_inferable;has_valid_base;has_valid_secret_address;is_cmove_independent_from_secret;has_no_speculation_stop;is_secret_below_cache_granularity;can_perform_sliding;is_secret_entropy_high;can_perform_known_prefix;is_max_secret_too_high;can_adjust_base;base_has_indirect_secret_dependency;leak_secret_near_valid_base;base_has_direct_secret_dependency;can_ignore_direct_dependency;is_branch_dependent_from_secret;perform_training;is_branch_dependent_from_uncontrolled;perform_out_of_place_training;exploitable;required_solutions;fail_reasons;is_secret_inferable_w_branches;has_valid_base_w_branches;has_valid_secret_address_w_branches;is_cmove_independent_from_secret_w_branches;has_no_speculation_stop_w_branches;is_secret_below_cache_granularity_w_branches;can_perform_sliding_w_branches;is_secret_entropy_high_w_branches;can_perform_known_prefix_w_branches;is_max_secret_too_high_w_branches;can_adjust_base_w_branches;base_has_indirect_secret_dependency_w_branches;leak_secret_near_valid_base_w_branches;base_has_direct_secret_dependency_w_branches;can_ignore_direct_dependency_w_branches;is_branch_dependent_from_secret_w_branches;perform_training_w_branches;is_branch_dependent_from_uncontrolled_w_branches;perform_out_of_place_training_w_branches;exploitable_w_branches;required_solutions_w_branches;fail_reasons_w_branches
f17ea34c-3801-460d-bdf2-03eede778306;pcre2_set_max_pattern_length_8;0x107a0;0x107bc;0x0;TransmitterType.STORE;9;0;False;['0x107a0'];<BV64 0x30 + x0>;64;[];[];['<BV64 x0>'];[];['<BV64 x0>'];[];[];0;18446744073709551615;18446744073709551615;1;;;True;0;18446744073709551615;18446744073709551615;1;;;True;ControlType.CONTROLLED;0;<BV64 0x30>;64;[];[];[];[];[];[];[];48.0;48.0;0.0;1.0;;;True;48.0;48.0;0.0;1.0;;;True;ControlType.NO_CONTROL;0;<BV64 0x30>;64;[];[];[];[];[];[];[];48;48;0;1.0;;;True;48.0;48.0;0.0;1.0;;;True;ControlType.NO_CONTROL;0;<BV64 x0>;64;[];[];['<BV64 x0>'];[];['<BV64 x0>'];[];[];0.0;1.8446744073709552e+19;18446744073709551615;1;;;True;0.0;1.8446744073709552e+19;18446744073709551615;1;;;True;ControlType.CONTROLLED;0;<BV64 x0>;64;[];[];['<BV64 x0>'];[];['<BV64 x0>'];[];[];0.0;1.8446744073709552e+19;1.8446744073709552e+19;1.0;;;True;0.0;1.8446744073709552e+19;1.8446744073709552e+19;1.0;;;True;ControlType.CONTROLLED;0;<BV64 x0>;64;[];[];[];[];[];[];[];0;0;0;;;;False;0;0;0;;;;False;ControlType.UNKNOWN;0;[];{'regs': [], 'indirect_regs': [], 'direct_regs': [], 'mem': [], 'const_mem': []};[];{'regs': [], 'indirect_regs': [], 'direct_regs': [], 'mem': [], 'const_mem': []};{'regs': ['<BV64 x0>'], 'indirect_regs': [], 'direct_regs': ['<BV64 x0>'], 'mem': [], 'const_mem': []};{'regs': ['<BV64 x0>'], 'indirect_regs': [], 'direct_regs': ['<BV64 x0>'], 'mem': [], 'const_mem': []};63.0;0.0;64.0;64.0;[];;;;BaseControlType.CONSTANT_BASE;BaseControlType.CONSTANT_BASE;BaseControlType.CONSTANT_BASE;0;BranchControlType.BRANCH_INDEPENDENT_FROM_SECRET;BranchControlType.BRANCH_INDEPENDENT_FROM_SECRET;67516;True;False;True;True;True;False;False;True;True;False;False;False;True;False;True;False;True;False;True;False;[];['has_valid_base'];True;False;True;True;True;False;False;True;True;False;False;False;True;False;True;False;True;False;True;False;[];['has_valid_base']
487579fa-051a-4d7b-851f-a604256d58a3;pcre2_general_context_copy_8;0x10540;0x10558;0x0;TransmitterType.LOAD;7;0;False;['0x10540'];<BV64 x0>;64;[];[];['<BV64 x0>'];[];['<BV64 x0>'];[];[];0;18446744073709551615;18446744073709551615;1;;;True;0;18446744073709551615;18446744073709551615;1;;;True;ControlType.CONTROLLED;0;;0;[];[];[];[];[];[];[];0.0;0.0;0.0;0.0;;;False;0.0;0.0;0.0;0.0;;;False;ControlType.UNKNOWN;0;;0;[];[];[];[];[];[];[];0;0;0;;;;False;0.0;0.0;0.0;0.0;;;False;ControlType.UNKNOWN;0;<BV64 x0>;64;[];[];['<BV64 x0>'];[];['<BV64 x0>'];[];[];0.0;1.8446744073709552e+19;18446744073709551615;1;;;True;0.0;1.8446744073709552e+19;18446744073709551615;1;;;True;ControlType.CONTROLLED;0;<BV64 x0>;64;[];[];['<BV64 x0>'];[];['<BV64 x0>'];[];[];0.0;1.8446744073709552e+19;1.8446744073709552e+19;1.0;;;True;0.0;1.8446744073709552e+19;1.8446744073709552e+19;1.0;;;True;ControlType.CONTROLLED;0;<BV64 x0>;64;[];[];[];[];[];[];[];0;0;0;;;;False;0;0;0;;;;False;ControlType.UNKNOWN;0;[];{'regs': [], 'indirect_regs': [], 'direct_regs': [], 'mem': [], 'const_mem': []};[];{'regs': [], 'indirect_regs': [], 'direct_regs': [], 'mem': [], 'const_mem': []};{'regs': ['<BV64 x0>'], 'indirect_regs': [], 'direct_regs': ['<BV64 x0>'], 'mem': [], 'const_mem': []};{'regs': ['<BV64 x0>'], 'indirect_regs': [], 'direct_regs': ['<BV64 x0>'], 'mem': [], 'const_mem': []};63.0;0.0;64.0;64.0;[];;;;BaseControlType.NO_BASE;BaseControlType.NO_BASE;BaseControlType.NO_BASE;0;BranchControlType.BRANCH_INDEPENDENT_FROM_SECRET;BranchControlType.BRANCH_INDEPENDENT_FROM_SECRET;66904;True;False;True;True;True;False;False;True;True;False;False;False;True;False;True;False;True;False;True;False;[];['has_valid_base'];True;False;True;True;True;False;False;True;True;False;False;False;True;False;True;False;True;False;True;False;[];['has_valid_base']
27fb0889-322c-40f4-ac5d-1c31fc4aeba6;pcre2_general_context_copy_8;0x10540;0x1055c;0x0;TransmitterType.LOAD;8;0;False;['0x10540'];<BV64 0x10 + x0>;64;[];[];['<BV64 x0>'];[];['<BV64 x0>'];[];[];0;18446744073709551615;18446744073709551615;1;;;True;0;18446744073709551615;18446744073709551615;1;;;True;ControlType.CONTROLLED;0;<BV64 0x10>;64;[];[];[];[];[];[];[];16.0;16.0;0.0;1.0;;;True;16.0;16.0;0.0;1.0;;;True;ControlType.NO_CONTROL;0;<BV64 0x10>;64;[];[];[];[];[];[];[];16;16;0;1.0;;;True;16.0;16.0;0.0;1.0;;;True;ControlType.NO_CONTROL;0;<BV64 x0>;64;[];[];['<BV64 x0>'];[];['<BV64 x0>'];[];[];0.0;1.8446744073709552e+19;18446744073709551615;1;;;True;0.0;1.8446744073709552e+19;18446744073709551615;1;;;True;ControlType.CONTROLLED;0;<BV64 x0>;64;[];[];['<BV64 x0>'];[];['<BV64 x0>'];[];[];0.0;1.8446744073709552e+19;1.8446744073709552e+19;1.0;;;True;0.0;1.8446744073709552e+19;1.8446744073709552e+19;1.0;;;True;ControlType.CONTROLLED;0;<BV64 x0>;64;[];[];[];[];[];[];[];0;0;0;;;;False;0;0;0;;;;False;ControlType.UNKNOWN;0;[];{'regs': [], 'indirect_regs': [], 'direct_regs': [], 'mem': [], 'const_mem': []};[];{'regs': [], 'indirect_regs': [], 'direct_regs': [], 'mem': [], 'const_mem': []};{'regs': ['<BV64 x0>'], 'indirect_regs': [], 'direct_regs': ['<BV64 x0>'], 'mem': [], 'const_mem': []};{'regs': ['<BV64 x0>'], 'indirect_regs': [], 'direct_regs': ['<BV64 x0>'], 'mem': [], 'const_mem': []};63.0;0.0;64.0;64.0;[];;;;BaseControlType.CONSTANT_BASE;BaseControlType.CONSTANT_BASE;BaseControlType.CONSTANT_BASE;0;BranchControlType.BRANCH_INDEPENDENT_FROM_SECRET;BranchControlType.BRANCH_INDEPENDENT_FROM_SECRET;66908;True;False;True;True;True;False;False;True;True;False;False;False;True;False;True;False;True;False;True;False;[];['has_valid_base'];True;False;True;True;True;False;False;True;True;False;False;False;True;False;True;False;True;False;True;False;[];['has_valid_base']
655ecd25-0a14-41ec-a788-06092b9d0811;pcre2_general_context_copy_8;0x10540;0x10560;0x10558;TransmitterType.CODE_LOAD;9;1;False;['0x10540'];<BV64 LOAD_64[<BV64 x0>]_23>;64;[];[];['<BV64 x0>'];"[""<BV64 x0>: ['0x0']""]";[];['<BV64 x0>'];[];0;18446744073709551615;18446744073709551615;1;;;True;0;18446744073709551615;18446744073709551615;1;;;True;ControlType.CONTROLLED;1;;0;[];[];[];[];[];[];[];0.0;0.0;0.0;0.0;;;False;0.0;0.0;0.0;0.0;;;False;ControlType.UNKNOWN;0;;0;[];[];[];[];[];[];[];0;0;0;;;;False;0.0;0.0;0.0;0.0;;;False;ControlType.UNKNOWN;0;<BV64 LOAD_64[<BV64 x0>]_23>;64;[];[];['<BV64 x0>'];"[""<BV64 x0>: ['0x0']""]";[];['<BV64 x0>'];[];0.0;1.8446744073709552e+19;18446744073709551615;1;;;True;0.0;1.8446744073709552e+19;18446744073709551615;1;;;True;ControlType.CONTROLLED;1;<BV64 x0>;64;[];[];['<BV64 x0>'];[];['<BV64 x0>'];[];[];0.0;1.8446744073709552e+19;1.8446744073709552e+19;1.0;;;True;0.0;1.8446744073709552e+19;1.8446744073709552e+19;1.0;;;True;ControlType.CONTROLLED;0;<BV64 LOAD_64[<BV64 x0>]_23>;64;[];[];[];[];[];[];[];0;0;0;;;;False;0;0;0;;;;False;ControlType.UNKNOWN;1;[];{'regs': [], 'indirect_regs': [], 'direct_regs': [], 'mem': [], 'const_mem': []};[];{'regs': [], 'indirect_regs': [], 'direct_regs': [], 'mem': [], 'const_mem': []};{'regs': ['<BV64 x0>'], 'indirect_regs': [], 'direct_regs': ['<BV64 x0>'], 'mem': ['<BV64 x0>'], 'const_mem': []};{'regs': ['<BV64 x0>'], 'indirect_regs': [], 'direct_regs': ['<BV64 x0>'], 'mem': ['<BV64 x0>'], 'const_mem': []};63.0;0.0;64.0;64.0;[];;;;BaseControlType.NO_BASE;BaseControlType.NO_BASE;BaseControlType.NO_BASE;0;BranchControlType.BRANCH_INDEPENDENT_FROM_SECRET;BranchControlType.BRANCH_INDEPENDENT_FROM_SECRET;66912;True;False;True;True;True;False;False;True;True;False;False;False;True;False;True;False;True;False;True;False;[];['has_valid_base'];True;False;True;True;True;False;False;True;True;False;False;False;True;False;True;False;True;False;True;False;[];['has_valid_base']
b396fd3e-8da4-4743-9436-4ed00479fd05;pcre2_substring_copy_byname_8;0x5a02c;0x5a054;0x0;TransmitterType.LOAD;11;0;False;['0x5a02c'];<BV64 0x58 + x0>;64;[];[];['<BV64 x0>'];[];['<BV64 x0>'];[];[];0;18446744073709551615;18446744073709551615;1;;;True;0;18446744073709551615;18446744073709551615;1;;;True;ControlType.CONTROLLED;0;<BV64 0x58>;64;[];[];[];[];[];[];[];88.0;88.0;0.0;1.0;;;True;88.0;88.0;0.0;1.0;;;True;ControlType.NO_CONTROL;0;<BV64 0x58>;64;[];[];[];[];[];[];[];88;88;0;1.0;;;True;88.0;88.0;0.0;1.0;;;True;ControlType.NO_CONTROL;0;<BV64 x0>;64;[];[];['<BV64 x0>'];[];['<BV64 x0>'];[];[];0.0;1.8446744073709552e+19;18446744073709551615;1;;;True;0.0;1.8446744073709552e+19;18446744073709551615;1;;;True;ControlType.CONTROLLED;0;<BV64 x0>;64;[];[];['<BV64 x0>'];[];['<BV64 x0>'];[];[];0.0;1.8446744073709552e+19;1.8446744073709552e+19;1.0;;;True;0.0;1.8446744073709552e+19;1.8446744073709552e+19;1.0;;;True;ControlType.CONTROLLED;0;<BV64 x0>;64;[];[];[];[];[];[];[];0;0;0;;;;False;0;0;0;;;;False;ControlType.UNKNOWN;0;[];{'regs': [], 'indirect_regs': [], 'direct_regs': [], 'mem': [], 'const_mem': []};[];{'regs': [], 'indirect_regs': [], 'direct_regs': [], 'mem': [], 'const_mem': []};{'regs': ['<BV64 x0>'], 'indirect_regs': [], 'direct_regs': ['<BV64 x0>'], 'mem': [], 'const_mem': []};{'regs': ['<BV64 x0>'], 'indirect_regs': [], 'direct_regs': ['<BV64 x0>'], 'mem': [], 'const_mem': []};63.0;0.0;64.0;64.0;[];;;;BaseControlType.CONSTANT_BASE;BaseControlType.CONSTANT_BASE;BaseControlType.CONSTANT_BASE;0;BranchControlType.BRANCH_INDEPENDENT_FROM_SECRET;BranchControlType.BRANCH_INDEPENDENT_FROM_SECRET;368724;True;False;True;True;True;False;False;True;True;False;False;False;True;False;True;False;True;False;True;False;[];['has_valid_base'];True;False;True;True;True;False;False;True;True;False;False;False;True;False;True;False;True;False;True;False;[];['has_valid_base']
0da45818-955f-4b2c-a460-4b4780f6e0eb;pcre2_substring_copy_byname_8;0x5a02c;0x5a070;0x0;TransmitterType.LOAD;18;0;False;['0x5a02c', '0x5a070'];<BV64 0x18 + x0>;64;[];[];['<BV64 x0>'];[];['<BV64 x0>'];[];[];0;18446744073709551615;18446744073709551615;1;;;True;0;18446744073709551615;18446744073709551615;1;;;True;ControlType.CONTROLLED;0;<BV64 0x18>;64;[];[];[];[];[];[];[];24.0;24.0;0.0;1.0;;;True;24.0;24.0;0.0;1.0;;;True;ControlType.NO_CONTROL;0;<BV64 0x18>;64;[];[];[];[];[];[];[];24;24;0;1.0;;;True;24.0;24.0;0.0;1.0;;;True;ControlType.NO_CONTROL;0;<BV64 x0>;64;[];[];['<BV64 x0>'];[];['<BV64 x0>'];[];[];0.0;1.8446744073709552e+19;18446744073709551615;1;;;True;0.0;1.8446744073709552e+19;18446744073709551615;1;;;True;ControlType.CONTROLLED;0;<BV64 x0>;64;[];[];['<BV64 x0>'];[];['<BV64 x0>'];[];[];0.0;1.8446744073709552e+19;1.8446744073709552e+19;1.0;;;True;0.0;1.8446744073709552e+19;1.8446744073709552e+19;1.0;;;True;ControlType.CONTROLLED;0;<BV64 x0>;64;[];[];[];[];[];[];[];0;0;0;;;;False;0;0;0;;;;False;ControlType.UNKNOWN;0;[('0x5a06c', <Bool LOAD_8[<BV64 x0 + 0x58>]_26 != 1>, 'Taken')];"{'regs': ['<BV64 x0>'], 'indirect_regs': [""<BV64 x0>: ['0x58']""], 'direct_regs': [], 'mem': ['<BV64 x0 + 0x58>'], 'const_mem': []}";[];{'regs': [], 'indirect_regs': [], 'direct_regs': [], 'mem': [], 'const_mem': []};{'regs': ['<BV64 x0>'], 'indirect_regs': [], 'direct_regs': ['<BV64 x0>'], 'mem': [], 'const_mem': []};{'regs': ['<BV64 x0>'], 'indirect_regs': [], 'direct_regs': ['<BV64 x0>'], 'mem': ['<BV64 x0 + 0x58>'], 'const_mem': []};63.0;0.0;64.0;64.0;[];;;;BaseControlType.CONSTANT_BASE;BaseControlType.CONSTANT_BASE;BaseControlType.CONSTANT_BASE;1;BranchControlType.BRANCH_DEPENDS_ON_SECRET_VALUE;BranchControlType.BRANCH_INDEPENDENT_FROM_SECRET;368752;True;False;True;True;True;False;False;True;True;False;False;False;True;False;True;True;True;False;True;False;[];['has_valid_base'];True;False;True;True;True;False;False;True;True;False;False;False;True;False;True;True;True;False;True;False;[];['has_valid_base']
1f44faa1-5cf8-4968-8881-58f7a15f07d7;pcre2_substring_copy_byname_8;0x5a02c;0x59eb8;0x5a070;TransmitterType.LOAD;27;1;False;['0x5a02c', '0x5a070', '0x59ea4'];<BV64 0x86 + LOAD_64[<BV64 x0 + 0x18>]_29>;64;[];[];['<BV64 x0>'];"[""<BV64 x0>: ['0x18']""]";[];['<BV64 x0 + 0x18>'];[];0;18446744073709551615;18446744073709551615;1;;;True;0;18446744073709551615;18446744073709551615;1;;;True;ControlType.CONTROLLED;1;<BV64 0x86>;64;[];[];[];[];[];[];[];134.0;134.0;0.0;1.0;;;True;134.0;134.0;0.0;1.0;;;True;ControlType.NO_CONTROL;0;<BV64 0x86>;64;[];[];[];[];[];[];[];134;134;0;1.0;;;True;134.0;134.0;0.0;1.0;;;True;ControlType.NO_CONTROL;0;<BV64 LOAD_64[<BV64 x0 + 0x18>]_29>;64;[];[];['<BV64 x0>'];"[""<BV64 x0>: ['0x18']""]";[];['<BV64 x0 + 0x18>'];[];0.0;1.8446744073709552e+19;18446744073709551615;1;;;True;0.0;1.8446744073709552e+19;18446744073709551615;1;;;True;ControlType.CONTROLLED;1;<BV64 x0 + 0x18>;64;[];[];['<BV64 x0>'];[];['<BV64 x0>'];[];[];0.0;1.8446744073709552e+19;1.8446744073709552e+19;1.0;;;True;0.0;1.8446744073709552e+19;1.8446744073709552e+19;1.0;;;True;ControlType.CONTROLLED;0;<BV64 LOAD_64[<BV64 x0 + 0x18>]_29>;64;[];[];[];[];[];[];[];0;0;0;;;;False;0;0;0;;;;False;ControlType.UNKNOWN;1;[('0x5a06c', <Bool LOAD_8[<BV64 x0 + 0x58>]_26 != 1>, 'Taken'), ('0x5a07c', <Bool True>, 'Taken')];"{'regs': ['<BV64 x0>'], 'indirect_regs': [""<BV64 x0>: ['0x58']""], 'direct_regs': [], 'mem': ['<BV64 x0 + 0x58>'], 'const_mem': []}";[];{'regs': [], 'indirect_regs': [], 'direct_regs': [], 'mem': [], 'const_mem': []};{'regs': ['<BV64 x0>'], 'indirect_regs': [], 'direct_regs': ['<BV64 x0>'], 'mem': ['<BV64 x0 + 0x18>'], 'const_mem': []};{'regs': ['<BV64 x0>'], 'indirect_regs': [], 'direct_regs': ['<BV64 x0>'], 'mem': ['<BV64 x0 + 0x18>', '<BV64 x0 + 0x58>'], 'const_mem': []};63.0;0.0;64.0;64.0;[];;;;BaseControlType.CONSTANT_BASE;BaseControlType.CONSTANT_BASE;BaseControlType.CONSTANT_BASE;2;BranchControlType.BRANCH_DEPENDS_ON_SECRET_ADDRESS;BranchControlType.BRANCH_INDEPENDENT_FROM_SECRET;368312;True;False;True;True;True;False;False;True;True;False;False;False;True;False;True;True;True;False;True;False;[];['has_valid_base'];True;False;True;True;True;False;False;True;True;False;False;False;True;False;True;True;True;False;True;False;[];['has_valid_base']
25943268-183f-4370-bf00-97c278d11f8c;pcre2_substring_copy_byname_8;0x5a02c;0x59ebc;0x5a070;TransmitterType.LOAD;28;1;False;['0x5a02c', '0x5a070', '0x59ea4'];<BV64 0x84 + LOAD_64[<BV64 x0 + 0x18>]_29>;64;[];[];['<BV64 x0>'];"[""<BV64 x0>: ['0x18']""]";[];['<BV64 x0 + 0x18>'];[];0;18446744073709551615;18446744073709551615;1;;;True;0;18446744073709551615;18446744073709551615;1;;;True;ControlType.CONTROLLED;1;<BV64 0x84>;64;[];[];[];[];[];[];[];132.0;132.0;0.0;1.0;;;True;132.0;132.0;0.0;1.0;;;True;ControlType.NO_CONTROL;0;<BV64 0x84>;64;[];[];[];[];[];[];[];132;132;0;1.0;;;True;132.0;132.0;0.0;1.0;;;True;ControlType.NO_CONTROL;0;<BV64 LOAD_64[<BV64 x0 + 0x18>]_29>;64;[];[];['<BV64 x0>'];"[""<BV64 x0>: ['0x18']""]";[];['<BV64 x0 + 0x18>'];[];0.0;1.8446744073709552e+19;18446744073709551615;1;;;True;0.0;1.8446744073709552e+19;18446744073709551615;1;;;True;ControlType.CONTROLLED;1;<BV64 x0 + 0x18>;64;[];[];['<BV64 x0>'];[];['<BV64 x0>'];[];[];0.0;1.8446744073709552e+19;1.8446744073709552e+19;1.0;;;True;0.0;1.8446744073709552e+19;1.8446744073709552e+19;1.0;;;True;ControlType.CONTROLLED;0;<BV64 LOAD_64[<BV64 x0 + 0x18>]_29>;64;[];[];[];[];[];[];[];0;0;0;;;;False;0;0;0;;;;False;ControlType.UNKNOWN;1;[('0x5a06c', <Bool LOAD_8[<BV64 x0 + 0x58>]_26 != 1>, 'Taken'), ('0x5a07c', <Bool True>, 'Taken')];"{'regs': ['<BV64 x0>'], 'indirect_regs': [""<BV64 x0>: ['0x58']""], 'direct_regs': [], 'mem': ['<BV64 x0 + 0x58>'], 'const_mem': []}";[];{'regs': [], 'indirect_regs': [], 'direct_regs': [], 'mem': [], 'const_mem': []};{'regs': ['<BV64 x0>'], 'indirect_regs': [], 'direct_regs': ['<BV64 x0>'], 'mem': ['<BV64 x0 + 0x18>'], 'const_mem': []};{'regs': ['<BV64 x0>'], 'indirect_regs': [], 'direct_regs': ['<BV64 x0>'], 'mem': ['<BV64 x0 + 0x18>', '<BV64 x0 + 0x58>'], 'const_mem': []};63.0;0.0;64.0;64.0;[];;;;BaseControlType.CONSTANT_BASE;BaseControlType.CONSTANT_BASE;BaseControlType.CONSTANT_BASE;2;BranchControlType.BRANCH_DEPENDS_ON_SECRET_ADDRESS;BranchControlType.BRANCH_INDEPENDENT_FROM_SECRET;368316;True;False;True;True;True;False;False;True;True;False;False;False;True;False;True;True;True;False;True;False;[];['has_valid_base'];True;False;True;True;True;False;False;True;True;False;False;False;True;False;True;True;True;False;True;False;[];['has_valid_base']
17989bef-b37a-4e98-be50-24c0b999dc38;pcre2_substring_copy_byname_8;0x5a02c;0x59ef8;0x5a070;TransmitterType.LOAD;41;2;False;['0x5a02c', '0x5a070', '0x59ea4', '0x59ecc', '0x59ef4'];<BV64 0x8a + LOAD_64[<BV64 x0 + 0x18>]_29 + ((0#32 .. (0#16 .. LOAD_16[<BV64 LOAD_64[<BV64 x0 + 0x18>]_29 + 0x84>]_33) * (0#17 .. LOAD_16[<BV64 LOAD_64[<BV64 x0 + 0x18>]_29 + 0x86>]_32[15:1])) << 0x20 >> 0x20)>;64;[('0x59ec8', <Bool (0x0 .. LOAD_16[<BV64 LOAD_64[<BV64 x0 + 0x18>]_29 + 0x86>]_32) > 0x0>, 'Taken')];[];['<BV64 x0>'];"[""<BV64 x0>: ['0x18']""]";[];['<BV64 LOAD_64[<BV64 x0 + 0x18>]_29 + 0x84>', '<BV64 LOAD_64[<BV64 x0 + 0x18>]_29 + 0x86>', '<BV64 x0 + 0x18>'];[];0;18446744073709551615;18446744073709551615;1;;;True;0;18446744073709551615;18446744073709551615;1;;;False;ControlType.CONTROLLED;2;<BV64 0x8a>;64;[];[];[];[];[];[];[];138.0;138.0;0.0;1.0;;;True;138.0;138.0;0.0;1.0;;;True;ControlType.NO_CONTROL;0;<BV64 0x8a>;64;[];[];[];[];[];[];[];138;138;0;1.0;;;True;138.0;138.0;0.0;1.0;;;True;ControlType.NO_CONTROL;0;<BV64 LOAD_64[<BV64 x0 + 0x18>]_29 + ((0#32 .. (0#16 .. LOAD_16[<BV64 LOAD_64[<BV64 x0 + 0x18>]_29 + 0x84>]_33) * (0#17 .. LOAD_16[<BV64 LOAD_64[<BV64 x0 + 0x18>]_29 + 0x86>]_32[15:1])) << 0x20 >> 0x20)>;64;[('0x59ec8', <Bool (0x0 .. LOAD_16[<BV64 LOAD_64[<BV64 x0 + 0x18>]_29 + 0x86>]_32) > 0x0>, 'Taken')];[];['<BV64 x0>'];"[""<BV64 x0>: ['0x18']""]";[];['<BV64 LOAD_64[<BV64 x0 + 0x18>]_29 + 0x84>', '<BV64 LOAD_64[<BV64 x0 + 0x18>]_29 + 0x86>', '<BV64 x0 + 0x18>'];[];0.0;1.8446744073709552e+19;18446744073709551615;1;;;True;0.0;1.8446744073709552e+19;18446744073709551615;1;;;False;ControlType.CONTROLLED;2;<BV64 x0 + 0x18>;64;[];[];['<BV64 x0>'];[];['<BV64 x0>'];[];[];0.0;1.8446744073709552e+19;1.8446744073709552e+19;1.0;;;True;0.0;1.8446744073709552e+19;1.8446744073709552e+19;1.0;;;True;ControlType.CONTROLLED;0;<BV64 LOAD_64[<BV64 x0 + 0x18>]_29>;64;[];[];[];[];[];[];[];0;0;0;;;;False;0;0;0;;;;False;ControlType.UNKNOWN;1;[('0x59ec8', <Bool (0x0 .. LOAD_16[<BV64 LOAD_64[<BV64 x0 + 0x18>]_29 + 0x86>]_32) > 0x0>, 'Taken'), ('0x59ee8', <Bool True>, 'Taken'), ('0x5a06c', <Bool LOAD_8[<BV64 x0 + 0x58>]_26 != 1>, 'Taken'), ('0x5a07c', <Bool True>, 'Taken')];"{'regs': ['<BV64 x0>'], 'indirect_regs': [""<BV64 x0>: ['0x18', '0x58']""], 'direct_regs': [], 'mem': ['<BV64 LOAD_64[<BV64 x0 + 0x18>]_29 + 0x86>', '<BV64 x0 + 0x18>', '<BV64 x0 + 0x58>'], 'const_mem': []}";[];{'regs': [], 'indirect_regs': [], 'direct_regs': [], 'mem': [], 'const_mem': []};{'regs': ['<BV64 x0>'], 'indirect_regs': [], 'direct_regs': ['<BV64 x0>'], 'mem': ['<BV64 LOAD_64[<BV64 x0 + 0x18>]_29 + 0x84>', '<BV64 LOAD_64[<BV64 x0 + 0x18>]_29 + 0x86>', '<BV64 x0 + 0x18>'], 'const_mem': []};{'regs': ['<BV64 x0>'], 'indirect_regs': [], 'direct_regs': ['<BV64 x0>'], 'mem': ['<BV64 LOAD_64[<BV64 x0 + 0x18>]_29 + 0x84>', '<BV64 LOAD_64[<BV64 x0 + 0x18>]_29 + 0x86>', '<BV64 x0 + 0x18>', '<BV64 x0 + 0x58>'], 'const_mem': []};63.0;0.0;64.0;64.0;[];;;;BaseControlType.CONSTANT_BASE;BaseControlType.CONSTANT_BASE;BaseControlType.CONSTANT_BASE;4;BranchControlType.BRANCH_DEPENDS_ON_SECRET_VALUE;BranchControlType.BRANCH_INDEPENDENT_FROM_SECRET;368376;True;False;True;True;True;False;False;True;True;False;False;False;True;False;True;True;True;False;True;False;[];['has_valid_base'];True;False;True;True;True;False;False;True;True;False;False;False;True;False;True;True;True;False;True;False;[];['has_valid_base']
a189f955-f1ca-4af7-ad68-33ae77f9e39a;pcre2_set_recursion_limit_8;0x10950;0x10924;0x0;TransmitterType.STORE;16;0;False;['0x10950', '0x10908'];<BV64 0x58 + x0>;64;[];[];['<BV64 x0>'];[];['<BV64 x0>'];[];[];0;18446744073709551615;18446744073709551615;1;;;True;0;18446744073709551615;18446744073709551615;1;;;True;ControlType.CONTROLLED;0;<BV64 0x58>;64;[];[];[];[];[];[];[];88.0;88.0;0.0;1.0;;;True;88.0;88.0;0.0;1.0;;;True;ControlType.NO_CONTROL;0;<BV64 0x58>;64;[];[];[];[];[];[];[];88;88;0;1.0;;;True;88.0;88.0;0.0;1.0;;;True;ControlType.NO_CONTROL;0;<BV64 x0>;64;[];[];['<BV64 x0>'];[];['<BV64 x0>'];[];[];0.0;1.8446744073709552e+19;18446744073709551615;1;;;True;0.0;1.8446744073709552e+19;18446744073709551615;1;;;True;ControlType.CONTROLLED;0;<BV64 x0>;64;[];[];['<BV64 x0>'];[];['<BV64 x0>'];[];[];0.0;1.8446744073709552e+19;1.8446744073709552e+19;1.0;;;True;0.0;1.8446744073709552e+19;1.8446744073709552e+19;1.0;;;True;ControlType.CONTROLLED;0;<BV64 x0>;64;[];[];[];[];[];[];[];0;0;0;;;;False;0;0;0;;;;False;ControlType.UNKNOWN;0;[('0x10964', <Bool True>, 'Taken')];{'regs': [], 'indirect_regs': [], 'direct_regs': [], 'mem': [], 'const_mem': []};[];{'regs': [], 'indirect_regs': [], 'direct_regs': [], 'mem': [], 'const_mem': []};{'regs': ['<BV64 x0>'], 'indirect_regs': [], 'direct_regs': ['<BV64 x0>'], 'mem': [], 'const_mem': []};{'regs': ['<BV64 x0>'], 'indirect_regs': [], 'direct_regs': ['<BV64 x0>'], 'mem': [], 'const_mem': []};63.0;0.0;64.0;64.0;[];;;;BaseControlType.CONSTANT_BASE;BaseControlType.CONSTANT_BASE;BaseControlType.CONSTANT_BASE;1;BranchControlType.BRANCH_INDEPENDENT_FROM_SECRET;BranchControlType.BRANCH_INDEPENDENT_FROM_SECRET;67876;True;False;True;True;True;False;False;True;True;False;False;False;True;False;True;False;True;False;True;False;[];['has_valid_base'];True;False;True;True;True;False;False;True;True;False;False;False;True;False;True;False;True;False;True;False;[];['has_valid_base']
58d059f3-cee1-45f9-9679-f97f7f4bc504;pcre2_set_bsr_8;0x10760;0x10780;0x0;TransmitterType.STORE;9;0;False;['0x10760', '0x1077c'];<BV64 0x38 + x0>;64;[];[];['<BV64 x0>'];[];['<BV64 x0>'];[];[];0;18446744073709551615;18446744073709551615;1;;;True;0;18446744073709551615;18446744073709551615;1;;;True;ControlType.CONTROLLED;0;<BV64 0x38>;64;[];[];[];[];[];[];[];56.0;56.0;0.0;1.0;;;True;56.0;56.0;0.0;1.0;;;True;ControlType.NO_CONTROL;0;<BV64 0x38>;64;[];[];[];[];[];[];[];56;56;0;1.0;;;True;56.0;56.0;0.0;1.0;;;True;ControlType.NO_CONTROL;0;<BV64 x0>;64;[];[];['<BV64 x0>'];[];['<BV64 x0>'];[];[];0.0;1.8446744073709552e+19;18446744073709551615;1;;;True;0.0;1.8446744073709552e+19;18446744073709551615;1;;;True;ControlType.CONTROLLED;0;<BV64 x0>;64;[];[];['<BV64 x0>'];[];['<BV64 x0>'];[];[];0.0;1.8446744073709552e+19;1.8446744073709552e+19;1.0;;;True;0.0;1.8446744073709552e+19;1.8446744073709552e+19;1.0;;;True;ControlType.CONTROLLED;0;<BV64 x0>;64;[];[];[];[];[];[];[];0;0;0;;;;False;0;0;0;;;;False;ControlType.UNKNOWN;0;[('0x10778', <Bool 0x1 >= x1[31:0] - 0x1>, 'Taken')];{'regs': ['<BV64 x1>'], 'indirect_regs': [], 'direct_regs': ['<BV64 x1>'], 'mem': [], 'const_mem': []};[];{'regs': [], 'indirect_regs': [], 'direct_regs': [], 'mem': [], 'const_mem': []};{'regs': ['<BV64 x0>'], 'indirect_regs': [], 'direct_regs': ['<BV64 x0>'], 'mem': [], 'const_mem': []};{'regs': ['<BV64 x0>', '<BV64 x1>'], 'indirect_regs': [], 'direct_regs': ['<BV64 x0>', '<BV64 x1>'], 'mem': [], 'const_mem': []};63.0;0.0;64.0;64.0;[];;;;BaseControlType.CONSTANT_BASE;BaseControlType.CONSTANT_BASE;BaseControlType.CONSTANT_BASE;1;BranchControlType.BRANCH_INDEPENDENT_FROM_SECRET;BranchControlType.BRANCH_INDEPENDENT_FROM_SECRET;67456;True;False;True;True;True;False;False;True;True;False;False;False;True;False;True;False;True;False;True;False;[];['has_valid_base'];True;False;True;True;True;False;False;True;True;False;False;False;True;False;True;False;True;False;True;False;[];['has_valid_base']
b9ccac2b-0d8f-4473-8ea5-2d3f8933b5e9;pcre2_set_match_limit_8;0x108e4;0x10900;0x0;TransmitterType.STORE;9;0;False;['0x108e4'];<BV64 0x54 + x0>;64;[];[];['<BV64 x0>'];[];['<BV64 x0>'];[];[];0;18446744073709551615;18446744073709551615;1;;;True;0;18446744073709551615;18446744073709551615;1;;;True;ControlType.CONTROLLED;0;<BV64 0x54>;64;[];[];[];[];[];[];[];84.0;84.0;0.0;1.0;;;True;84.0;84.0;0.0;1.0;;;True;ControlType.NO_CONTROL;0;<BV64 0x54>;64;[];[];[];[];[];[];[];84;84;0;1.0;;;True;84.0;84.0;0.0;1.0;;;True;ControlType.NO_CONTROL;0;<BV64 x0>;64;[];[];['<BV64 x0>'];[];['<BV64 x0>'];[];[];0.0;1.8446744073709552e+19;18446744073709551615;1;;;True;0.0;1.8446744073709552e+19;18446744073709551615;1;;;True;ControlType.CONTROLLED;0;<BV64 x0>;64;[];[];['<BV64 x0>'];[];['<BV64 x0>'];[];[];0.0;1.8446744073709552e+19;1.8446744073709552e+19;1.0;;;True;0.0;1.8446744073709552e+19;1.8446744073709552e+19;1.0;;;True;ControlType.CONTROLLED;0;<BV64 x0>;64;[];[];[];[];[];[];[];0;0;0;;;;False;0;0;0;;;;False;ControlType.UNKNOWN;0;[];{'regs': [], 'indirect_regs': [], 'direct_regs': [], 'mem': [], 'const_mem': []};[];{'regs': [], 'indirect_regs': [], 'direct_regs': [], 'mem': [], 'const_mem': []};{'regs': ['<BV64 x0>'], 'indirect_regs': [], 'direct_regs': ['<BV64 x0>'], 'mem': [], 'const_mem': []};{'regs': ['<BV64 x0>'], 'indirect_regs': [], 'direct_regs': ['<BV64 x0>'], 'mem': [], 'const_mem': []};63.0;0.0;64.0;64.0;[];;;;BaseControlType.CONSTANT_BASE;BaseControlType.CONSTANT_BASE;BaseControlType.CONSTANT_BASE;0;BranchControlType.BRANCH_INDEPENDENT_FROM_SECRET;BranchControlType.BRANCH_INDEPENDENT_FROM_SECRET;67840;True;False;True;True;True;False;False;True;True;False;False;False;True;False;True;False;True;False;True;False;[];['has_valid_base'];True;False;True;True;True;False;False;True;True;False;False;False;True;False;True;False;True;False;True;False;[];['has_valid_base']
a4cb1e0a-85ce-40cb-9c23-209a037c07a0;pcre2_match_data_free_8;0x473a8;0x473c4;0x0;TransmitterType.LOAD;8;0;False;['0x473a8', '0x473b0'];<BV64 0x30 + x0>;64;[];[];['<BV64 x0>'];[];['<BV64 x0>'];[];[];0;18446744073709551615;18446744073709551615;1;;;True;0;18446744073709551615;18446744073709551615;1;;;True;ControlType.CONTROLLED;0;<BV64 0x30>;64;[];[];[];[];[];[];[];48.0;48.0;0.0;1.0;;;True;48.0;48.0;0.0;1.0;;;True;ControlType.NO_CONTROL;0;<BV64 0x30>;64;[];[];[];[];[];[];[];48;48;0;1.0;;;True;48.0;48.0;0.0;1.0;;;True;ControlType.NO_CONTROL;0;<BV64 x0>;64;[];[];['<BV64 x0>'];[];['<BV64 x0>'];[];[];0.0;1.8446744073709552e+19;18446744073709551615;1;;;True;1.0;1.8446744073709552e+19;18446744073709551614;1;;;True;ControlType.CONTROLLED;0;<BV64 x0>;64;[];[];['<BV64 x0>'];[];['<BV64 x0>'];[];[];0.0;1.8446744073709552e+19;1.8446744073709552e+19;1.0;;;True;1.0;1.8446744073709552e+19;1.8446744073709552e+19;1.0;;;True;ControlType.CONTROLLED;0;<BV64 x0>;64;[];[];[];[];[];[];[];0;0;0;;;;False;0;0;0;;;;False;ControlType.UNKNOWN;0;[('0x473ac', <Bool x0 != 0x0>, 'Taken')];{'regs': ['<BV64 x0>'], 'indirect_regs': [], 'direct_regs': ['<BV64 x0>'], 'mem': [], 'const_mem': []};[];{'regs': [], 'indirect_regs': [], 'direct_regs': [], 'mem': [], 'const_mem': []};{'regs': ['<BV64 x0>'], 'indirect_regs': [], 'direct_regs': ['<BV64 x0>'], 'mem': [], 'const_mem': []};{'regs': ['<BV64 x0>', '<BV64 x0>'], 'indirect_regs': [], 'direct_regs': ['<BV64 x0>', '<BV64 x0>'], 'mem': [], 'const_mem': []};63.0;0.0;64.0;64.0;[];;;;BaseControlType.CONSTANT_BASE;BaseControlType.CONSTANT_BASE;BaseControlType.CONSTANT_BASE;1;BranchControlType.BRANCH_INDEPENDENT_FROM_SECRET;BranchControlType.BRANCH_INDEPENDENT_FROM_SECRET;291780;True;False;True;True;True;False;False;True;True;False;False;False;True;False;True;False;True;False;True;False;[];['has_valid_base'];True;False;True;True;True;False;False;True;True;False;False;False;True;False;True;False;True;False;True;False;[];['has_valid_base']
025ea0b0-457b-4cf6-92cb-c9919d9ab868;pcre2_match_data_free_8;0x473a8;0x473cc;0x0;TransmitterType.LOAD;10;0;False;['0x473a8', '0x473b0', '0x473cc'];<BV64 0x8 + x0>;64;[('0x473ac', <Bool x0 != 0x0>, 'Taken')];[];['<BV64 x0>'];[];['<BV64 x0>'];[];[];0;18446744073709551615;18446744073709551615;1;;;True;9;7;18446744073709551614;1;;;True;ControlType.CONTROLLED;0;<BV64 0x8>;64;[];[];[];[];[];[];[];8.0;8.0;0.0;1.0;;;True;8.0;8.0;0.0;1.0;;;True;ControlType.NO_CONTROL;0;<BV64 0x8>;64;[];[];[];[];[];[];[];8;8;0;1.0;;;True;8.0;8.0;0.0;1.0;;;True;ControlType.NO_CONTROL;0;<BV64 x0>;64;[('0x473ac', <Bool x0 != 0x0>, 'Taken')];[];['<BV64 x0>'];[];['<BV64 x0>'];[];[];0.0;1.8446744073709552e+19;18446744073709551615;1;;;True;1.0;1.8446744073709552e+19;18446744073709551614;1;;;True;ControlType.CONTROLLED;0;<BV64 x0>;64;[('0x473ac', <Bool x0 != 0x0>, 'Taken')];[];['<BV64 x0>'];[];['<BV64 x0>'];[];[];0.0;1.8446744073709552e+19;1.8446744073709552e+19;1.0;;;True;1.0;1.8446744073709552e+19;1.8446744073709552e+19;1.0;;;True;ControlType.CONTROLLED;0;<BV64 x0>;64;[];[];[];[];[];[];[];0;0;0;;;;False;0;0;0;;;;False;ControlType.UNKNOWN;0;[('0x473ac', <Bool x0 != 0x0>, 'Taken'), ('0x473c8', <Bool LOAD_64[<BV64 x0 + 0x30>]_23 != 0x0>, 'Taken')];{'regs': ['<BV64 x0>'], 'indirect_regs': [], 'direct_regs': ['<BV64 x0>'], 'mem': ['<BV64 x0 + 0x30>'], 'const_mem': []};[];{'regs': [], 'indirect_regs': [], 'direct_regs': [], 'mem': [], 'const_mem': []};{'regs': ['<BV64 x0>'], 'indirect_regs': [], 'direct_regs': ['<BV64 x0>'], 'mem': [], 'const_mem': []};{'regs': ['<BV64 x0>'], 'indirect_regs': [], 'direct_regs': ['<BV64 x0>'], 'mem': ['<BV64 x0 + 0x30>'], 'const_mem': []};63.0;0.0;64.0;64.0;[];;;;BaseControlType.CONSTANT_BASE;BaseControlType.CONSTANT_BASE;BaseControlType.CONSTANT_BASE;2;BranchControlType.BRANCH_DEPENDS_ON_SECRET_VALUE;BranchControlType.BRANCH_INDEPENDENT_FROM_SECRET;291788;True;False;True;True;True;False;False;True;True;False;False;False;True;False;True;True;True;False;True;False;[];['has_valid_base'];True;False;True;True;True;False;False;True;True;False;False;False;True;False;True;True;True;False;True;False;[];['has_valid_base']
75834320-7ed0-40f3-b1df-32f810d3ed21;pcre2_match_data_free_8;0x473a8;0x473cc;0x0;TransmitterType.LOAD;10;0;False;['0x473a8', '0x473b0', '0x473cc'];<BV64 0x10 + x0>;64;[];[];['<BV64 x0>'];[];['<BV64 x0>'];[];[];0;18446744073709551615;18446744073709551615;1;;;True;0;18446744073709551615;18446744073709551615;1;;;True;ControlType.CONTROLLED;0;<BV64 0x10>;64;[];[];[];[];[];[];[];16.0;16.0;0.0;1.0;;;True;16.0;16.0;0.0;1.0;;;True;ControlType.NO_CONTROL;0;<BV64 0x10>;64;[];[];[];[];[];[];[];16;16;0;1.0;;;True;16.0;16.0;0.0;1.0;;;True;ControlType.NO_CONTROL;0;<BV64 x0>;64;[];[];['<BV64 x0>'];[];['<BV64 x0>'];[];[];0.0;1.8446744073709552e+19;18446744073709551615;1;;;True;1.0;1.8446744073709552e+19;18446744073709551614;1;;;True;ControlType.CONTROLLED;0;<BV64 x0>;64;[];[];['<BV64 x0>'];[];['<BV64 x0>'];[];[];0.0;1.8446744073709552e+19;1.8446744073709552e+19;1.0;;;True;1.0;1.8446744073709552e+19;1.8446744073709552e+19;1.0;;;True;ControlType.CONTROLLED;0;<BV64 x0>;64;[];[];[];[];[];[];[];0;0;0;;;;False;0;0;0;;;;False;ControlType.UNKNOWN;0;[('0x473ac', <Bool x0 != 0x0>, 'Taken'), ('0x473c8', <Bool LOAD_64[<BV64 x0 + 0x30>]_23 != 0x0>, 'Taken')];{'regs': ['<BV64 x0>'], 'indirect_regs': [], 'direct_regs': ['<BV64 x0>'], 'mem': ['<BV64 x0 + 0x30>'], 'const_mem': []};[];{'regs': [], 'indirect_regs': [], 'direct_regs': [], 'mem': [], 'const_mem': []};{'regs': ['<BV64 x0>'], 'indirect_regs': [], 'direct_regs': ['<BV64 x0>'], 'mem': [], 'const_mem': []};{'regs': ['<BV64 x0>', '<BV64 x0>'], 'indirect_regs': [], 'direct_regs': ['<BV64 x0>', '<BV64 x0>'], 'mem': ['<BV64 x0 + 0x30>'], 'const_mem': []};63.0;0.0;64.0;64.0;[];;;;BaseControlType.CONSTANT_BASE;BaseControlType.CONSTANT_BASE;BaseControlType.CONSTANT_BASE;2;BranchControlType.BRANCH_INDEPENDENT_FROM_SECRET;BranchControlType.BRANCH_INDEPENDENT_FROM_SECRET;291788;True;False;True;True;True;False;False;True;True;False;False;False;True;False;True;False;True;False;True;False;[];['has_valid_base'];True;False;True;True;True;False;False;True;True;False;False;False;True;False;True;False;True;False;True;False;[];['has_valid_base']
cfb34fa0-d481-46fa-adf3-01a5d5ee6f98;pcre2_match_data_free_8;0x473a8;0x473d0;0x473cc;TransmitterType.CODE_LOAD;11;1;False;['0x473a8', '0x473b0', '0x473cc'];<BV64 LOAD_64[<BV64 x0 + 0x8>]_24>;64;[];[];['<BV64 x0>'];"[""<BV64 x0>: ['0x8']""]";[];['<BV64 x0 + 0x8>'];[];0;18446744073709551615;18446744073709551615;1;;;True;0;18446744073709551615;18446744073709551615;1;;;True;ControlType.CONTROLLED;1;;0;[];[];[];[];[];[];[];0.0;0.0;0.0;0.0;;;False;0.0;0.0;0.0;0.0;;;False;ControlType.UNKNOWN;0;;0;[];[];[];[];[];[];[];0;0;0;;;;False;0.0;0.0;0.0;0.0;;;False;ControlType.UNKNOWN;0;<BV64 LOAD_64[<BV64 x0 + 0x8>]_24>;64;[];[];['<BV64 x0>'];"[""<BV64 x0>: ['0x8']""]";[];['<BV64 x0 + 0x8>'];[];0.0;1.8446744073709552e+19;18446744073709551615;1;;;True;0.0;1.8446744073709552e+19;18446744073709551615;1;;;True;ControlType.CONTROLLED;1;<BV64 x0 + 0x8>;64;[('0x473ac', <Bool x0 != 0x0>, 'Taken')];[];['<BV64 x0>'];[];['<BV64 x0>'];[];[];0.0;1.8446744073709552e+19;1.8446744073709552e+19;1.0;;;True;9.0;7.0;1.8446744073709552e+19;1.0;;;True;ControlType.CONTROLLED;0;<BV64 LOAD_64[<BV64 x0 + 0x8>]_24>;64;[];[];[];[];[];[];[];0;0;0;;;;False;0;0;0;;;;False;ControlType.UNKNOWN;1;[('0x473ac', <Bool x0 != 0x0>, 'Taken'), ('0x473c8', <Bool LOAD_64[<BV64 x0 + 0x30>]_23 != 0x0>, 'Taken')];{'regs': ['<BV64 x0>'], 'indirect_regs': [], 'direct_regs': ['<BV64 x0>'], 'mem': ['<BV64 x0 + 0x30>'], 'const_mem': []};[];{'regs': [], 'indirect_regs': [], 'direct_regs': [], 'mem': [], 'const_mem': []};{'regs': ['<BV64 x0>'], 'indirect_regs': [], 'direct_regs': ['<BV64 x0>'], 'mem': ['<BV64 x0 + 0x8>'], 'const_mem': []};{'regs': ['<BV64 x0>'], 'indirect_regs': [], 'direct_regs': ['<BV64 x0>'], 'mem': ['<BV64 x0 + 0x30>', '<BV64 x0 + 0x8>'], 'const_mem': []};63.0;0.0;64.0;64.0;[];;;;BaseControlType.NO_BASE;BaseControlType.NO_BASE;BaseControlType.NO_BASE;2;BranchControlType.BRANCH_DEPENDS_ON_SECRET_ADDRESS;BranchControlType.BRANCH_INDEPENDENT_FROM_SECRET;291792;True;False;True;True;True;False;False;True;True;False;False;False;True;False;True;True;True;False;True;False;[];['has_valid_base'];True;False;True;True;True;False;False;True;True;False;False;False;True;False;True;True;True;False;True;False;[];['has_valid_base']
905f56f8-f4b4-4ea7-be6c-e5744fa68489;pcre2_match_data_free_8;0x473a8;0x473d4;0x0;TransmitterType.LOAD;10;0;False;['0x473a8', '0x473b0', '0x473d4'];<BV64 0x59 + x0>;64;[('0x473ac', <Bool x0 != 0x0>, 'Taken')];[];['<BV64 x0>'];[];['<BV64 x0>'];[];[];0;18446744073709551615;18446744073709551615;1;;;True;90;88;18446744073709551614;1;;;True;ControlType.CONTROLLED;0;<BV64 0x59>;64;[];[];[];[];[];[];[];89.0;89.0;0.0;1.0;;;True;89.0;89.0;0.0;1.0;;;True;ControlType.NO_CONTROL;0;<BV64 0x59>;64;[];[];[];[];[];[];[];89;89;0;1.0;;;True;89.0;89.0;0.0;1.0;;;True;ControlType.NO_CONTROL;0;<BV64 x0>;64;[('0x473ac', <Bool x0 != 0x0>, 'Taken')];[];['<BV64 x0>'];[];['<BV64 x0>'];[];[];0.0;1.8446744073709552e+19;18446744073709551615;1;;;True;1.0;1.8446744073709552e+19;18446744073709551614;1;;;True;ControlType.CONTROLLED;0;<BV64 x0>;64;[('0x473ac', <Bool x0 != 0x0>, 'Taken')];[];['<BV64 x0>'];[];['<BV64 x0>'];[];[];0.0;1.8446744073709552e+19;1.8446744073709552e+19;1.0;;;True;1.0;1.8446744073709552e+19;1.8446744073709552e+19;1.0;;;True;ControlType.CONTROLLED;0;<BV64 x0>;64;[];[];[];[];[];[];[];0;0;0;;;;False;0;0;0;;;;False;ControlType.UNKNOWN;0;[('0x473ac', <Bool x0 != 0x0>, 'Taken'), ('0x473c8', <Bool LOAD_64[<BV64 x0 + 0x30>]_23 == 0x0>, 'Taken')];{'regs': ['<BV64 x0>'], 'indirect_regs': [], 'direct_regs': ['<BV64 x0>'], 'mem': ['<BV64 x0 + 0x30>'], 'const_mem': []};[];{'regs': [], 'indirect_regs': [], 'direct_regs': [], 'mem': [], 'const_mem': []};{'regs': ['<BV64 x0>'], 'indirect_regs': [], 'direct_regs': ['<BV64 x0>'], 'mem': [], 'const_mem': []};{'regs': ['<BV64 x0>'], 'indirect_regs': [], 'direct_regs': ['<BV64 x0>'], 'mem': ['<BV64 x0 + 0x30>'], 'const_mem': []};63.0;0.0;64.0;64.0;[];;;;BaseControlType.CONSTANT_BASE;BaseControlType.CONSTANT_BASE;BaseControlType.CONSTANT_BASE;2;BranchControlType.BRANCH_DEPENDS_ON_SECRET_VALUE;BranchControlType.BRANCH_INDEPENDENT_FROM_SECRET;291796;True;False;True;True;True;False;False;True;True;False;False;False;True;False;True;True;True;False;True;False;[];['has_valid_base'];True;False;True;True;True;False;False;True;True;False;False;False;True;False;True;True;True;False;True;False;[];['has_valid_base']
d7197b77-6102-4d1f-9236-09b5abc4044f;pcre2_match_data_free_8;0x473a8;0x473dc;0x0;TransmitterType.LOAD;12;0;False;['0x473a8', '0x473b0', '0x473d4', '0x473dc'];<BV64 0x8 + x0>;64;[('0x473ac', <Bool x0 != 0x0>, 'Taken')];[];['<BV64 x0>'];[];['<BV64 x0>'];[];[];0;18446744073709551615;18446744073709551615;1;;;True;9;7;18446744073709551614;1;;;True;ControlType.CONTROLLED;0;<BV64 0x8>;64;[];[];[];[];[];[];[];8.0;8.0;0.0;1.0;;;True;8.0;8.0;0.0;1.0;;;True;ControlType.NO_CONTROL;0;<BV64 0x8>;64;[];[];[];[];[];[];[];8;8;0;1.0;;;True;8.0;8.0;0.0;1.0;;;True;ControlType.NO_CONTROL;0;<BV64 x0>;64;[('0x473ac', <Bool x0 != 0x0>, 'Taken')];[];['<BV64 x0>'];[];['<BV64 x0>'];[];[];0.0;1.8446744073709552e+19;18446744073709551615;1;;;True;1.0;1.8446744073709552e+19;18446744073709551614;1;;;True;ControlType.CONTROLLED;0;<BV64 x0>;64;[('0x473ac', <Bool x0 != 0x0>, 'Taken')];[];['<BV64 x0>'];[];['<BV64 x0>'];[];[];0.0;1.8446744073709552e+19;1.8446744073709552e+19;1.0;;;True;1.0;1.8446744073709552e+19;1.8446744073709552e+19;1.0;;;True;ControlType.CONTROLLED;0;<BV64 x0>;64;[];[];[];[];[];[];[];0;0;0;;;;False;0;0;0;;;;False;ControlType.UNKNOWN;0;[('0x473ac', <Bool x0 != 0x0>, 'Taken'), ('0x473c8', <Bool LOAD_64[<BV64 x0 + 0x30>]_23 == 0x0>, 'Taken'), ('0x473d8', <Bool (LOAD_8[<BV64 x0 + 0x59>]_26 & 1) != 0>, 'Taken')];{'regs': ['<BV64 x0>'], 'indirect_regs': [], 'direct_regs': ['<BV64 x0>'], 'mem': ['<BV64 x0 + 0x30>', '<BV64 x0 + 0x59>'], 'const_mem': []};[];{'regs': [], 'indirect_regs': [], 'direct_regs': [], 'mem': [], 'const_mem': []};{'regs': ['<BV64 x0>'], 'indirect_regs': [], 'direct_regs': ['<BV64 x0>'], 'mem': [], 'const_mem': []};{'regs': ['<BV64 x0>'], 'indirect_regs': [], 'direct_regs': ['<BV64 x0>'], 'mem': ['<BV64 x0 + 0x30>', '<BV64 x0 + 0x59>'], 'const_mem': []};63.0;0.0;64.0;64.0;[];;;;BaseControlType.CONSTANT_BASE;BaseControlType.CONSTANT_BASE;BaseControlType.CONSTANT_BASE;3;BranchControlType.BRANCH_DEPENDS_ON_SECRET_VALUE;BranchControlType.BRANCH_INDEPENDENT_FROM_SECRET;291804;True;False;True;True;True;False;False;True;True;False;False;False;True;False;True;True;True;False;True;False;[];['has_valid_base'];True;False;True;True;True;False;False;True;True;False;False;False;True;False;True;True;True;False;True;False;[];['has_valid_base']
da092e09-2efb-4244-b0b6-62916d4e76ac;pcre2_match_data_free_8;0x473a8;0x473dc;0x0;TransmitterType.LOAD;12;0;False;['0x473a8', '0x473b0', '0x473d4', '0x473dc'];<BV64 0x10 + x0>;64;[];[];['<BV64 x0>'];[];['<BV64 x0>'];[];[];0;18446744073709551615;18446744073709551615;1;;;True;0;18446744073709551615;18446744073709551615;1;;;True;ControlType.CONTROLLED;0;<BV64 0x10>;64;[];[];[];[];[];[];[];16.0;16.0;0.0;1.0;;;True;16.0;16.0;0.0;1.0;;;True;ControlType.NO_CONTROL;0;<BV64 0x10>;64;[];[];[];[];[];[];[];16;16;0;1.0;;;True;16.0;16.0;0.0;1.0;;;True;ControlType.NO_CONTROL;0;<BV64 x0>;64;[];[];['<BV64 x0>'];[];['<BV64 x0>'];[];[];0.0;1.8446744073709552e+19;18446744073709551615;1;;;True;1.0;1.8446744073709552e+19;18446744073709551614;1;;;True;ControlType.CONTROLLED;0;<BV64 x0>;64;[];[];['<BV64 x0>'];[];['<BV64 x0>'];[];[];0.0;1.8446744073709552e+19;1.8446744073709552e+19;1.0;;;True;1.0;1.8446744073709552e+19;1.8446744073709552e+19;1.0;;;True;ControlType.CONTROLLED;0;<BV64 x0>;64;[];[];[];[];[];[];[];0;0;0;;;;False;0;0;0;;;;False;ControlType.UNKNOWN;0;[('0x473ac', <Bool x0 != 0x0>, 'Taken'), ('0x473c8', <Bool LOAD_64[<BV64 x0 + 0x30>]_23 == 0x0>, 'Taken'), ('0x473d8', <Bool (LOAD_8[<BV64 x0 + 0x59>]_26 & 1) != 0>, 'Taken')];{'regs': ['<BV64 x0>'], 'indirect_regs': [], 'direct_regs': ['<BV64 x0>'], 'mem': ['<BV64 x0 + 0x30>', '<BV64 x0 + 0x59>'], 'const_mem': []};[];{'regs': [], 'indirect_regs': [], 'direct_regs': [], 'mem': [], 'const_mem': []};{'regs': ['<BV64 x0>'], 'indirect_regs': [], 'direct_regs': ['<BV64 x0>'], 'mem': [], 'const_mem': []};{'regs': ['<BV64 x0>', '<BV64 x0>'], 'indirect_regs': [], 'direct_regs': ['<BV64 x0>', '<BV64 x0>'], 'mem': ['<BV64 x0 + 0x30>', '<BV64 x0 + 0x59>'], 'const_mem': []};63.0;0.0;64.0;64.0;[];;;;BaseControlType.CONSTANT_BASE;BaseControlType.CONSTANT_BASE;BaseControlType.CONSTANT_BASE;3;BranchControlType.BRANCH_INDEPENDENT_FROM_SECRET;BranchControlType.BRANCH_INDEPENDENT_FROM_SECRET;291804;True;False;True;True;True;False;False;True;True;False;False;False;True;False;True;False;True;False;True;False;[];['has_valid_base'];True;False;True;True;True;False;False;True;True;False;False;False;True;False;True;False;True;False;True;False;[];['has_valid_base']
9460ff2d-5d2b-484e-98fe-1f7536a7e403;pcre2_match_data_free_8;0x473a8;0x473e0;0x0;TransmitterType.LOAD;13;0;False;['0x473a8', '0x473b0', '0x473d4', '0x473dc'];<BV64 0x20 + x0>;64;[('0x473ac', <Bool x0 != 0x0>, 'Taken')];[];['<BV64 x0>'];[];['<BV64 x0>'];[];[];0;18446744073709551615;18446744073709551615;1;;;True;33;31;18446744073709551614;1;;;True;ControlType.CONTROLLED;0;<BV64 0x20>;64;[];[];[];[];[];[];[];32.0;32.0;0.0;1.0;;;True;32.0;32.0;0.0;1.0;;;True;ControlType.NO_CONTROL;0;<BV64 0x20>;64;[];[];[];[];[];[];[];32;32;0;1.0;;;True;32.0;32.0;0.0;1.0;;;True;ControlType.NO_CONTROL;0;<BV64 x0>;64;[('0x473ac', <Bool x0 != 0x0>, 'Taken')];[];['<BV64 x0>'];[];['<BV64 x0>'];[];[];0.0;1.8446744073709552e+19;18446744073709551615;1;;;True;1.0;1.8446744073709552e+19;18446744073709551614;1;;;True;ControlType.CONTROLLED;0;<BV64 x0>;64;[('0x473ac', <Bool x0 != 0x0>, 'Taken')];[];['<BV64 x0>'];[];['<BV64 x0>'];[];[];0.0;1.8446744073709552e+19;1.8446744073709552e+19;1.0;;;True;1.0;1.8446744073709552e+19;1.8446744073709552e+19;1.0;;;True;ControlType.CONTROLLED;0;<BV64 x0>;64;[];[];[];[];[];[];[];0;0;0;;;;False;0;0;0;;;;False;ControlType.UNKNOWN;0;[('0x473ac', <Bool x0 != 0x0>, 'Taken'), ('0x473c8', <Bool LOAD_64[<BV64 x0 + 0x30>]_23 == 0x0>, 'Taken'), ('0x473d8', <Bool (LOAD_8[<BV64 x0 + 0x59>]_26 & 1) != 0>, 'Taken')];{'regs': ['<BV64 x0>'], 'indirect_regs': [], 'direct_regs': ['<BV64 x0>'], 'mem': ['<BV64 x0 + 0x30>', '<BV64 x0 + 0x59>'], 'const_mem': []};[];{'regs': [], 'indirect_regs': [], 'direct_regs': [], 'mem': [], 'const_mem': []};{'regs': ['<BV64 x0>'], 'indirect_regs': [], 'direct_regs': ['<BV64 x0>'], 'mem': [], 'const_mem': []};{'regs': ['<BV64 x0>'], 'indirect_regs': [], 'direct_regs': ['<BV64 x0>'], 'mem': ['<BV64 x0 + 0x30>', '<BV64 x0 + 0x59>'], 'const_mem': []};63.0;0.0;64.0;64.0;[];;;;BaseControlType.CONSTANT_BASE;BaseControlType.CONSTANT_BASE;BaseControlType.CONSTANT_BASE;3;BranchControlType.BRANCH_DEPENDS_ON_SECRET_VALUE;BranchControlType.BRANCH_INDEPENDENT_FROM_SECRET;291808;True;False;True;True;True;False;False;True;True;False;False;False;True;False;True;True;True;False;True;False;[];['has_valid_base'];True;False;True;True;True;False;False;True;True;False;False;False;True;False;True;True;True;False;True;False;[];['has_valid_base']
95930447-0e20-445d-a3dc-4a0bf7cfc444;pcre2_match_data_free_8;0x473a8;0x473e4;0x473dc;TransmitterType.CODE_LOAD;14;1;False;['0x473a8', '0x473b0', '0x473d4', '0x473dc'];<BV64 LOAD_64[<BV64 x0 + 0x8>]_27>;64;[];[];['<BV64 x0>'];"[""<BV64 x0>: ['0x8']""]";[];['<BV64 x0 + 0x8>'];[];0;18446744073709551615;18446744073709551615;1;;;True;0;18446744073709551615;18446744073709551615;1;;;True;ControlType.CONTROLLED;1;;0;[];[];[];[];[];[];[];0.0;0.0;0.0;0.0;;;False;0.0;0.0;0.0;0.0;;;False;ControlType.UNKNOWN;0;;0;[];[];[];[];[];[];[];0;0;0;;;;False;0.0;0.0;0.0;0.0;;;False;ControlType.UNKNOWN;0;<BV64 LOAD_64[<BV64 x0 + 0x8>]_27>;64;[];[];['<BV64 x0>'];"[""<BV64 x0>: ['0x8']""]";[];['<BV64 x0 + 0x8>'];[];0.0;1.8446744073709552e+19;18446744073709551615;1;;;True;0.0;1.8446744073709552e+19;18446744073709551615;1;;;True;ControlType.CONTROLLED;1;<BV64 x0 + 0x8>;64;[('0x473ac', <Bool x0 != 0x0>, 'Taken')];[];['<BV64 x0>'];[];['<BV64 x0>'];[];[];0.0;1.8446744073709552e+19;1.8446744073709552e+19;1.0;;;True;9.0;7.0;1.8446744073709552e+19;1.0;;;True;ControlType.CONTROLLED;0;<BV64 LOAD_64[<BV64 x0 + 0x8>]_27>;64;[];[];[];[];[];[];[];0;0;0;;;;False;0;0;0;;;;False;ControlType.UNKNOWN;1;[('0x473ac', <Bool x0 != 0x0>, 'Taken'), ('0x473c8', <Bool LOAD_64[<BV64 x0 + 0x30>]_23 == 0x0>, 'Taken'), ('0x473d8', <Bool (LOAD_8[<BV64 x0 + 0x59>]_26 & 1) != 0>, 'Taken')];{'regs': ['<BV64 x0>'], 'indirect_regs': [], 'direct_regs': ['<BV64 x0>'], 'mem': ['<BV64 x0 + 0x30>', '<BV64 x0 + 0x59>'], 'const_mem': []};[];{'regs': [], 'indirect_regs': [], 'direct_regs': [], 'mem': [], 'const_mem': []};{'regs': ['<BV64 x0>'], 'indirect_regs': [], 'direct_regs': ['<BV64 x0>'], 'mem': ['<BV64 x0 + 0x8>'], 'const_mem': []};{'regs': ['<BV64 x0>'], 'indirect_regs': [], 'direct_regs': ['<BV64 x0>'], 'mem': ['<BV64 x0 + 0x30>', '<BV64 x0 + 0x59>', '<BV64 x0 + 0x8>'], 'const_mem': []};63.0;0.0;64.0;64.0;[];;;;BaseControlType.NO_BASE;BaseControlType.NO_BASE;BaseControlType.NO_BASE;3;BranchControlType.BRANCH_DEPENDS_ON_SECRET_ADDRESS;BranchControlType.BRANCH_INDEPENDENT_FROM_SECRET;291812;True;False;True;True;True;False;False;True;True;False;False;False;True;False;True;True;True;False;True;False;[];['has_valid_base'];True;False;True;True;True;False;False;True;True;False;False;False;True;False;True;True;True;False;True;False;[];['has_valid_base']
3207e69f-27f1-40a3-acab-44bbb4ba54fb;pcre2_match_data_free_8;0x473a8;0x473e8;0x0;TransmitterType.LOAD;12;0;False;['0x473a8', '0x473b0', '0x473d4', '0x473e8'];<BV64 0x8 + x0>;64;[('0x473ac', <Bool x0 != 0x0>, 'Taken')];[];['<BV64 x0>'];[];['<BV64 x0>'];[];[];0;18446744073709551615;18446744073709551615;1;;;True;9;7;18446744073709551614;1;;;True;ControlType.CONTROLLED;0;<BV64 0x8>;64;[];[];[];[];[];[];[];8.0;8.0;0.0;1.0;;;True;8.0;8.0;0.0;1.0;;;True;ControlType.NO_CONTROL;0;<BV64 0x8>;64;[];[];[];[];[];[];[];8;8;0;1.0;;;True;8.0;8.0;0.0;1.0;;;True;ControlType.NO_CONTROL;0;<BV64 x0>;64;[('0x473ac', <Bool x0 != 0x0>, 'Taken')];[];['<BV64 x0>'];[];['<BV64 x0>'];[];[];0.0;1.8446744073709552e+19;18446744073709551615;1;;;True;1.0;1.8446744073709552e+19;18446744073709551614;1;;;True;ControlType.CONTROLLED;0;<BV64 x0>;64;[('0x473ac', <Bool x0 != 0x0>, 'Taken')];[];['<BV64 x0>'];[];['<BV64 x0>'];[];[];0.0;1.8446744073709552e+19;1.8446744073709552e+19;1.0;;;True;1.0;1.8446744073709552e+19;1.8446744073709552e+19;1.0;;;True;ControlType.CONTROLLED;0;<BV64 x0>;64;[];[];[];[];[];[];[];0;0;0;;;;False;0;0;0;;;;False;ControlType.UNKNOWN;0;[('0x473ac', <Bool x0 != 0x0>, 'Taken'), ('0x473c8', <Bool LOAD_64[<BV64 x0 + 0x30>]_23 == 0x0>, 'Taken'), ('0x473d8', <Bool (LOAD_8[<BV64 x0 + 0x59>]_26 & 1) == 0>, 'Taken')];{'regs': ['<BV64 x0>'], 'indirect_regs': [], 'direct_regs': ['<BV64 x0>'], 'mem': ['<BV64 x0 + 0x30>', '<BV64 x0 + 0x59>'], 'const_mem': []};[];{'regs': [], 'indirect_regs': [], 'direct_regs': [], 'mem': [], 'const_mem': []};{'regs': ['<BV64 x0>'], 'indirect_regs': [], 'direct_regs': ['<BV64 x0>'], 'mem': [], 'const_mem': []};{'regs': ['<BV64 x0>'], 'indirect_regs': [], 'direct_regs': ['<BV64 x0>'], 'mem': ['<BV64 x0 + 0x30>', '<BV64 x0 + 0x59>'], 'const_mem': []};63.0;0.0;64.0;64.0;[];;;;BaseControlType.CONSTANT_BASE;BaseControlType.CONSTANT_BASE;BaseControlType.CONSTANT_BASE;3;BranchControlType.BRANCH_DEPENDS_ON_SECRET_VALUE;BranchControlType.BRANCH_INDEPENDENT_FROM_SECRET;291816;True;False;True;True;True;False;False;True;True;False;False;False;True;False;True;True;True;False;True;False;[];['has_valid_base'];True;False;True;True;True;False;False;True;True;False;False;False;True;False;True;True;True;False;True;False;[];['has_valid_base']
e06acf25-3d0b-4c56-9024-024fa7351290;pcre2_match_data_free_8;0x473a8;0x473e8;0x0;TransmitterType.LOAD;12;0;False;['0x473a8', '0x473b0', '0x473d4', '0x473e8'];<BV64 0x10 + x0>;64;[];[];['<BV64 x0>'];[];['<BV64 x0>'];[];[];0;18446744073709551615;18446744073709551615;1;;;True;0;18446744073709551615;18446744073709551615;1;;;True;ControlType.CONTROLLED;0;<BV64 0x10>;64;[];[];[];[];[];[];[];16.0;16.0;0.0;1.0;;;True;16.0;16.0;0.0;1.0;;;True;ControlType.NO_CONTROL;0;<BV64 0x10>;64;[];[];[];[];[];[];[];16;16;0;1.0;;;True;16.0;16.0;0.0;1.0;;;True;ControlType.NO_CONTROL;0;<BV64 x0>;64;[];[];['<BV64 x0>'];[];['<BV64 x0>'];[];[];0.0;1.8446744073709552e+19;18446744073709551615;1;;;True;1.0;1.8446744073709552e+19;18446744073709551614;1;;;True;ControlType.CONTROLLED;0;<BV64 x0>;64;[];[];['<BV64 x0>'];[];['<BV64 x0>'];[];[];0.0;1.8446744073709552e+19;1.8446744073709552e+19;1.0;;;True;1.0;1.8446744073709552e+19;1.8446744073709552e+19;1.0;;;True;ControlType.CONTROLLED;0;<BV64 x0>;64;[];[];[];[];[];[];[];0;0;0;;;;False;0;0;0;;;;False;ControlType.UNKNOWN;0;[('0x473ac', <Bool x0 != 0x0>, 'Taken'), ('0x473c8', <Bool LOAD_64[<BV64 x0 + 0x30>]_23 == 0x0>, 'Taken'), ('0x473d8', <Bool (LOAD_8[<BV64 x0 + 0x59>]_26 & 1) == 0>, 'Taken')];{'regs': ['<BV64 x0>'], 'indirect_regs': [], 'direct_regs': ['<BV64 x0>'], 'mem': ['<BV64 x0 + 0x30>', '<BV64 x0 + 0x59>'], 'const_mem': []};[];{'regs': [], 'indirect_regs': [], 'direct_regs': [], 'mem': [], 'const_mem': []};{'regs': ['<BV64 x0>'], 'indirect_regs': [], 'direct_regs': ['<BV64 x0>'], 'mem': [], 'const_mem': []};{'regs': ['<BV64 x0>', '<BV64 x0>'], 'indirect_regs': [], 'direct_regs': ['<BV64 x0>', '<BV64 x0>'], 'mem': ['<BV64 x0 + 0x30>', '<BV64 x0 + 0x59>'], 'const_mem': []};63.0;0.0;64.0;64.0;[];;;;BaseControlType.CONSTANT_BASE;BaseControlType.CONSTANT_BASE;BaseControlType.CONSTANT_BASE;3;BranchControlType.BRANCH_INDEPENDENT_FROM_SECRET;BranchControlType.BRANCH_INDEPENDENT_FROM_SECRET;291816;True;False;True;True;True;False;False;True;True;False;False;False;True;False;True;False;True;False;True;False;[];['has_valid_base'];True;False;True;True;True;False;False;True;True;False;False;False;True;False;True;False;True;False;True;False;[];['has_valid_base']
911a3cdd-46e0-4d83-96a9-74235156ce98;pcre2_match_data_free_8;0x473a8;0x47400;0x473e8;TransmitterType.CODE_LOAD;16;1;False;['0x473a8', '0x473b0', '0x473d4', '0x473e8'];<BV64 LOAD_64[<BV64 x0 + 0x8>]_30>;64;[];[];['<BV64 x0>'];"[""<BV64 x0>: ['0x8']""]";[];['<BV64 x0 + 0x8>'];[];0;18446744073709551615;18446744073709551615;1;;;True;0;18446744073709551615;18446744073709551615;1;;;True;ControlType.CONTROLLED;1;;0;[];[];[];[];[];[];[];0.0;0.0;0.0;0.0;;;False;0.0;0.0;0.0;0.0;;;False;ControlType.UNKNOWN;0;;0;[];[];[];[];[];[];[];0;0;0;;;;False;0.0;0.0;0.0;0.0;;;False;ControlType.UNKNOWN;0;<BV64 LOAD_64[<BV64 x0 + 0x8>]_30>;64;[];[];['<BV64 x0>'];"[""<BV64 x0>: ['0x8']""]";[];['<BV64 x0 + 0x8>'];[];0.0;1.8446744073709552e+19;18446744073709551615;1;;;True;0.0;1.8446744073709552e+19;18446744073709551615;1;;;True;ControlType.CONTROLLED;1;<BV64 x0 + 0x8>;64;[('0x473ac', <Bool x0 != 0x0>, 'Taken')];[];['<BV64 x0>'];[];['<BV64 x0>'];[];[];0.0;1.8446744073709552e+19;1.8446744073709552e+19;1.0;;;True;9.0;7.0;1.8446744073709552e+19;1.0;;;True;ControlType.CONTROLLED;0;<BV64 LOAD_64[<BV64 x0 + 0x8>]_30>;64;[];[];[];[];[];[];[];0;0;0;;;;False;0;0;0;;;;False;ControlType.UNKNOWN;1;[('0x473ac', <Bool x0 != 0x0>, 'Taken'), ('0x473c8', <Bool LOAD_64[<BV64 x0 + 0x30>]_23 == 0x0>, 'Taken'), ('0x473d8', <Bool (LOAD_8[<BV64 x0 + 0x59>]_26 & 1) == 0>, 'Taken')];{'regs': ['<BV64 x0>'], 'indirect_regs': [], 'direct_regs': ['<BV64 x0>'], 'mem': ['<BV64 x0 + 0x30>', '<BV64 x0 + 0x59>'], 'const_mem': []};[];{'regs': [], 'indirect_regs': [], 'direct_regs': [], 'mem': [], 'const_mem': []};{'regs': ['<BV64 x0>'], 'indirect_regs': [], 'direct_regs': ['<BV64 x0>'], 'mem': ['<BV64 x0 + 0x8>'], 'const_mem': []};{'regs': ['<BV64 x0>'], 'indirect_regs': [], 'direct_regs': ['<BV64 x0>'], 'mem': ['<BV64 x0 + 0x30>', '<BV64 x0 + 0x59>', '<BV64 x0 + 0x8>'], 'const_mem': []};63.0;0.0;64.0;64.0;[];;;;BaseControlType.NO_BASE;BaseControlType.NO_BASE;BaseControlType.NO_BASE;3;BranchControlType.BRANCH_DEPENDS_ON_SECRET_ADDRESS;BranchControlType.BRANCH_INDEPENDENT_FROM_SECRET;291840;True;False;True;True;True;False;False;True;True;False;False;False;True;False;True;True;True;False;True;False;[];['has_valid_base'];True;False;True;True;True;False;False;True;True;False;False;False;True;False;True;True;True;False;True;False;[];['has_valid_base']
aa7e18d2-4a7f-44e7-8331-bb5b58eb09e0;pcre2_set_newline_8;0x107c4;0x107e4;0x0;TransmitterType.STORE;9;0;False;['0x107c4', '0x107e0'];<BV64 0x3a + x0>;64;[];[];['<BV64 x0>'];[];['<BV64 x0>'];[];[];0;18446744073709551615;18446744073709551615;1;;;True;0;18446744073709551615;18446744073709551615;1;;;True;ControlType.CONTROLLED;0;<BV64 0x3a>;64;[];[];[];[];[];[];[];58.0;58.0;0.0;1.0;;;True;58.0;58.0;0.0;1.0;;;True;ControlType.NO_CONTROL;0;<BV64 0x3a>;64;[];[];[];[];[];[];[];58;58;0;1.0;;;True;58.0;58.0;0.0;1.0;;;True;ControlType.NO_CONTROL;0;<BV64 x0>;64;[];[];['<BV64 x0>'];[];['<BV64 x0>'];[];[];0.0;1.8446744073709552e+19;18446744073709551615;1;;;True;0.0;1.8446744073709552e+19;18446744073709551615;1;;;True;ControlType.CONTROLLED;0;<BV64 x0>;64;[];[];['<BV64 x0>'];[];['<BV64 x0>'];[];[];0.0;1.8446744073709552e+19;1.8446744073709552e+19;1.0;;;True;0.0;1.8446744073709552e+19;1.8446744073709552e+19;1.0;;;True;ControlType.CONTROLLED;0;<BV64 x0>;64;[];[];[];[];[];[];[];0;0;0;;;;False;0;0;0;;;;False;ControlType.UNKNOWN;0;[('0x107dc', <Bool 0x5 >= x1[31:0] - 0x1>, 'Taken')];{'regs': ['<BV64 x1>'], 'indirect_regs': [], 'direct_regs': ['<BV64 x1>'], 'mem': [], 'const_mem': []};[];{'regs': [], 'indirect_regs': [], 'direct_regs': [], 'mem': [], 'const_mem': []};{'regs': ['<BV64 x0>'], 'indirect_regs': [], 'direct_regs': ['<BV64 x0>'], 'mem': [], 'const_mem': []};{'regs': ['<BV64 x0>', '<BV64 x1>'], 'indirect_regs': [], 'direct_regs': ['<BV64 x0>', '<BV64 x1>'], 'mem': [], 'const_mem': []};63.0;0.0;64.0;64.0;[];;;;BaseControlType.CONSTANT_BASE;BaseControlType.CONSTANT_BASE;BaseControlType.CONSTANT_BASE;1;BranchControlType.BRANCH_INDEPENDENT_FROM_SECRET;BranchControlType.BRANCH_INDEPENDENT_FROM_SECRET;67556;True;False;True;True;True;False;False;True;True;False;False;False;True;False;True;False;True;False;True;False;[];['has_valid_base'];True;False;True;True;True;False;False;True;True;False;False;False;True;False;True;False;True;False;True;False;[];['has_valid_base']
18f3da24-05d7-4e59-8771-61ff0357860b;pcre2_convert_context_copy_8;0x10630;0x10648;0x0;TransmitterType.LOAD;7;0;False;['0x10630'];<BV64 x0>;64;[];[];['<BV64 x0>'];[];['<BV64 x0>'];[];[];0;18446744073709551615;18446744073709551615;1;;;True;0;18446744073709551615;18446744073709551615;1;;;True;ControlType.CONTROLLED;0;;0;[];[];[];[];[];[];[];0.0;0.0;0.0;0.0;;;False;0.0;0.0;0.0;0.0;;;False;ControlType.UNKNOWN;0;;0;[];[];[];[];[];[];[];0;0;0;;;;False;0.0;0.0;0.0;0.0;;;False;ControlType.UNKNOWN;0;<BV64 x0>;64;[];[];['<BV64 x0>'];[];['<BV64 x0>'];[];[];0.0;1.8446744073709552e+19;18446744073709551615;1;;;True;0.0;1.8446744073709552e+19;18446744073709551615;1;;;True;ControlType.CONTROLLED;0;<BV64 x0>;64;[];[];['<BV64 x0>'];[];['<BV64 x0>'];[];[];0.0;1.8446744073709552e+19;1.8446744073709552e+19;1.0;;;True;0.0;1.8446744073709552e+19;1.8446744073709552e+19;1.0;;;True;ControlType.CONTROLLED;0;<BV64 x0>;64;[];[];[];[];[];[];[];0;0;0;;;;False;0;0;0;;;;False;ControlType.UNKNOWN;0;[];{'regs': [], 'indirect_regs': [], 'direct_regs': [], 'mem': [], 'const_mem': []};[];{'regs': [], 'indirect_regs': [], 'direct_regs': [], 'mem': [], 'const_mem': []};{'regs': ['<BV64 x0>'], 'indirect_regs': [], 'direct_regs': ['<BV64 x0>'], 'mem': [], 'const_mem': []};{'regs': ['<BV64 x0>'], 'indirect_regs': [], 'direct_regs': ['<BV64 x0>'], 'mem': [], 'const_mem': []};63.0;0.0;64.0;64.0;[];;;;BaseControlType.NO_BASE;BaseControlType.NO_BASE;BaseControlType.NO_BASE;0;BranchControlType.BRANCH_INDEPENDENT_FROM_SECRET;BranchControlType.BRANCH_INDEPENDENT_FROM_SECRET;67144;True;False;True;True;True;False;False;True;True;False;False;False;True;False;True;False;True;False;True;False;[];['has_valid_base'];True;False;True;True;True;False;False;True;True;False;False;False;True;False;True;False;True;False;True;False;[];['has_valid_base']
bf1d6b8f-8258-4f52-a0ce-b579373fbb5b;pcre2_convert_context_copy_8;0x10630;0x1064c;0x0;TransmitterType.LOAD;8;0;False;['0x10630'];<BV64 0x10 + x0>;64;[];[];['<BV64 x0>'];[];['<BV64 x0>'];[];[];0;18446744073709551615;18446744073709551615;1;;;True;0;18446744073709551615;18446744073709551615;1;;;True;ControlType.CONTROLLED;0;<BV64 0x10>;64;[];[];[];[];[];[];[];16.0;16.0;0.0;1.0;;;True;16.0;16.0;0.0;1.0;;;True;ControlType.NO_CONTROL;0;<BV64 0x10>;64;[];[];[];[];[];[];[];16;16;0;1.0;;;True;16.0;16.0;0.0;1.0;;;True;ControlType.NO_CONTROL;0;<BV64 x0>;64;[];[];['<BV64 x0>'];[];['<BV64 x0>'];[];[];0.0;1.8446744073709552e+19;18446744073709551615;1;;;True;0.0;1.8446744073709552e+19;18446744073709551615;1;;;True;ControlType.CONTROLLED;0;<BV64 x0>;64;[];[];['<BV64 x0>'];[];['<BV64 x0>'];[];[];0.0;1.8446744073709552e+19;1.8446744073709552e+19;1.0;;;True;0.0;1.8446744073709552e+19;1.8446744073709552e+19;1.0;;;True;ControlType.CONTROLLED;0;<BV64 x0>;64;[];[];[];[];[];[];[];0;0;0;;;;False;0;0;0;;;;False;ControlType.UNKNOWN;0;[];{'regs': [], 'indirect_regs': [], 'direct_regs': [], 'mem': [], 'const_mem': []};[];{'regs': [], 'indirect_regs': [], 'direct_regs': [], 'mem': [], 'const_mem': []};{'regs': ['<BV64 x0>'], 'indirect_regs': [], 'direct_regs': ['<BV64 x0>'], 'mem': [], 'const_mem': []};{'regs': ['<BV64 x0>'], 'indirect_regs': [], 'direct_regs': ['<BV64 x0>'], 'mem': [], 'const_mem': []};63.0;0.0;64.0;64.0;[];;;;BaseControlType.CONSTANT_BASE;BaseControlType.CONSTANT_BASE;BaseControlType.CONSTANT_BASE;0;BranchControlType.BRANCH_INDEPENDENT_FROM_SECRET;BranchControlType.BRANCH_INDEPENDENT_FROM_SECRET;67148;True;False;True;True;True;False;False;True;True;False;False;False;True;False;True;False;True;False;True;False;[];['has_valid_base'];True;False;True;True;True;False;False;True;True;False;False;False;True;False;True;False;True;False;True;False;[];['has_valid_base']
6cbfc9b0-f2a1-4232-97f0-654e0cf132d9;pcre2_convert_context_copy_8;0x10630;0x10650;0x10648;TransmitterType.CODE_LOAD;9;1;False;['0x10630'];<BV64 LOAD_64[<BV64 x0>]_23>;64;[];[];['<BV64 x0>'];"[""<BV64 x0>: ['0x0']""]";[];['<BV64 x0>'];[];0;18446744073709551615;18446744073709551615;1;;;True;0;18446744073709551615;18446744073709551615;1;;;True;ControlType.CONTROLLED;1;;0;[];[];[];[];[];[];[];0.0;0.0;0.0;0.0;;;False;0.0;0.0;0.0;0.0;;;False;ControlType.UNKNOWN;0;;0;[];[];[];[];[];[];[];0;0;0;;;;False;0.0;0.0;0.0;0.0;;;False;ControlType.UNKNOWN;0;<BV64 LOAD_64[<BV64 x0>]_23>;64;[];[];['<BV64 x0>'];"[""<BV64 x0>: ['0x0']""]";[];['<BV64 x0>'];[];0.0;1.8446744073709552e+19;18446744073709551615;1;;;True;0.0;1.8446744073709552e+19;18446744073709551615;1;;;True;ControlType.CONTROLLED;1;<BV64 x0>;64;[];[];['<BV64 x0>'];[];['<BV64 x0>'];[];[];0.0;1.8446744073709552e+19;1.8446744073709552e+19;1.0;;;True;0.0;1.8446744073709552e+19;1.8446744073709552e+19;1.0;;;True;ControlType.CONTROLLED;0;<BV64 LOAD_64[<BV64 x0>]_23>;64;[];[];[];[];[];[];[];0;0;0;;;;False;0;0;0;;;;False;ControlType.UNKNOWN;1;[];{'regs': [], 'indirect_regs': [], 'direct_regs': [], 'mem': [], 'const_mem': []};[];{'regs': [], 'indirect_regs': [], 'direct_regs': [], 'mem': [], 'const_mem': []};{'regs': ['<BV64 x0>'], 'indirect_regs': [], 'direct_regs': ['<BV64 x0>'], 'mem': ['<BV64 x0>'], 'const_mem': []};{'regs': ['<BV64 x0>'], 'indirect_regs': [], 'direct_regs': ['<BV64 x0>'], 'mem': ['<BV64 x0>'], 'const_mem': []};63.0;0.0;64.0;64.0;[];;;;BaseControlType.NO_BASE;BaseControlType.NO_BASE;BaseControlType.NO_BASE;0;BranchControlType.BRANCH_INDEPENDENT_FROM_SECRET;BranchControlType.BRANCH_INDEPENDENT_FROM_SECRET;67152;True;False;True;True;True;False;False;True;True;False;False;False;True;False;True;False;True;False;True;False;[];['has_valid_base'];True;False;True;True;True;False;False;True;True;False;False;False;True;False;True;False;True;False;True;False;[];['has_valid_base']
89758a12-3416-44cd-b64b-0e9dc9e85617;pcre2_code_copy_8;0x616c;0x6180;0x0;TransmitterType.LOAD;6;0;False;['0x616c', '0x6180'];<BV64 x0>;64;[('0x617c', <Bool x0 != 0x0>, 'Taken')];[];['<BV64 x0>'];[];['<BV64 x0>'];[];[];0;18446744073709551615;18446744073709551615;1;;;True;1;18446744073709551615;18446744073709551614;1;;;True;ControlType.CONTROLLED;0;;0;[];[];[];[];[];[];[];0.0;0.0;0.0;0.0;;;False;0.0;0.0;0.0;0.0;;;False;ControlType.UNKNOWN;0;;0;[];[];[];[];[];[];[];0;0;0;;;;False;0.0;0.0;0.0;0.0;;;False;ControlType.UNKNOWN;0;<BV64 x0>;64;[('0x617c', <Bool x0 != 0x0>, 'Taken')];[];['<BV64 x0>'];[];['<BV64 x0>'];[];[];0.0;1.8446744073709552e+19;18446744073709551615;1;;;True;1.0;1.8446744073709552e+19;18446744073709551614;1;;;True;ControlType.CONTROLLED;0;<BV64 x0>;64;[('0x617c', <Bool x0 != 0x0>, 'Taken')];[];['<BV64 x0>'];[];['<BV64 x0>'];[];[];0.0;1.8446744073709552e+19;1.8446744073709552e+19;1.0;;;True;1.0;1.8446744073709552e+19;1.8446744073709552e+19;1.0;;;True;ControlType.CONTROLLED;0;<BV64 x0>;64;[];[];[];[];[];[];[];0;0;0;;;;False;0;0;0;;;;False;ControlType.UNKNOWN;0;[('0x617c', <Bool x0 != 0x0>, 'Taken')];{'regs': ['<BV64 x0>'], 'indirect_regs': [], 'direct_regs': ['<BV64 x0>'], 'mem': [], 'const_mem': []};[];{'regs': [], 'indirect_regs': [], 'direct_regs': [], 'mem': [], 'const_mem': []};{'regs': ['<BV64 x0>'], 'indirect_regs': [], 'direct_regs': ['<BV64 x0>'], 'mem': [], 'const_mem': []};{'regs': ['<BV64 x0>'], 'indirect_regs': [], 'direct_regs': ['<BV64 x0>'], 'mem': [], 'const_mem': []};63.0;0.0;64.0;64.0;[];;;;BaseControlType.NO_BASE;BaseControlType.NO_BASE;BaseControlType.NO_BASE;1;BranchControlType.BRANCH_DEPENDS_ON_SECRET_VALUE;BranchControlType.BRANCH_INDEPENDENT_FROM_SECRET;24960;True;False;True;True;True;False;False;True;True;False;False;False;True;False;True;True;True;False;True;False;[];['has_valid_base'];True;False;True;True;True;False;False;True;True;False;False;False;True;False;True;True;True;False;True;False;[];['has_valid_base']
d1b5e762-ef2f-4094-8603-b1ca0e4d33cb;pcre2_code_copy_8;0x616c;0x6188;0x0;TransmitterType.LOAD;8;0;False;['0x616c', '0x6180'];<BV64 0x10 + x0>;64;[];[];['<BV64 x0>'];[];['<BV64 x0>'];[];[];0;18446744073709551615;18446744073709551615;1;;;True;0;18446744073709551615;18446744073709551615;1;;;True;ControlType.CONTROLLED;0;<BV64 0x10>;64;[];[];[];[];[];[];[];16.0;16.0;0.0;1.0;;;True;16.0;16.0;0.0;1.0;;;True;ControlType.NO_CONTROL;0;<BV64 0x10>;64;[];[];[];[];[];[];[];16;16;0;1.0;;;True;16.0;16.0;0.0;1.0;;;True;ControlType.NO_CONTROL;0;<BV64 x0>;64;[];[];['<BV64 x0>'];[];['<BV64 x0>'];[];[];0.0;1.8446744073709552e+19;18446744073709551615;1;;;True;1.0;1.8446744073709552e+19;18446744073709551614;1;;;True;ControlType.CONTROLLED;0;<BV64 x0>;64;[];[];['<BV64 x0>'];[];['<BV64 x0>'];[];[];0.0;1.8446744073709552e+19;1.8446744073709552e+19;1.0;;;True;1.0;1.8446744073709552e+19;1.8446744073709552e+19;1.0;;;True;ControlType.CONTROLLED;0;<BV64 x0>;64;[];[];[];[];[];[];[];0;0;0;;;;False;0;0;0;;;;False;ControlType.UNKNOWN;0;[('0x617c', <Bool x0 != 0x0>, 'Taken')];{'regs': ['<BV64 x0>'], 'indirect_regs': [], 'direct_regs': ['<BV64 x0>'], 'mem': [], 'const_mem': []};[];{'regs': [], 'indirect_regs': [], 'direct_regs': [], 'mem': [], 'const_mem': []};{'regs': ['<BV64 x0>'], 'indirect_regs': [], 'direct_regs': ['<BV64 x0>'], 'mem': [], 'const_mem': []};{'regs': ['<BV64 x0>', '<BV64 x0>'], 'indirect_regs': [], 'direct_regs': ['<BV64 x0>', '<BV64 x0>'], 'mem': [], 'const_mem': []};63.0;0.0;64.0;64.0;[];;;;BaseControlType.CONSTANT_BASE;BaseControlType.CONSTANT_BASE;BaseControlType.CONSTANT_BASE;1;BranchControlType.BRANCH_INDEPENDENT_FROM_SECRET;BranchControlType.BRANCH_INDEPENDENT_FROM_SECRET;24968;True;False;True;True;True;False;False;True;True;False;False;False;True;False;True;False;True;False;True;False;[];['has_valid_base'];True;False;True;True;True;False;False;True;True;False;False;False;True;False;True;False;True;False;True;False;[];['has_valid_base']
7f059565-8af1-4625-8ac2-f8824567b82a;pcre2_code_copy_8;0x616c;0x618c;0x0;TransmitterType.LOAD;9;0;False;['0x616c', '0x6180'];<BV64 0x48 + x0>;64;[('0x617c', <Bool x0 != 0x0>, 'Taken')];[];['<BV64 x0>'];[];['<BV64 x0>'];[];[];0;18446744073709551615;18446744073709551615;1;;;True;73;71;18446744073709551614;1;;;True;ControlType.CONTROLLED;0;<BV64 0x48>;64;[];[];[];[];[];[];[];72.0;72.0;0.0;1.0;;;True;72.0;72.0;0.0;1.0;;;True;ControlType.NO_CONTROL;0;<BV64 0x48>;64;[];[];[];[];[];[];[];72;72;0;1.0;;;True;72.0;72.0;0.0;1.0;;;True;ControlType.NO_CONTROL;0;<BV64 x0>;64;[('0x617c', <Bool x0 != 0x0>, 'Taken')];[];['<BV64 x0>'];[];['<BV64 x0>'];[];[];0.0;1.8446744073709552e+19;18446744073709551615;1;;;True;1.0;1.8446744073709552e+19;18446744073709551614;1;;;True;ControlType.CONTROLLED;0;<BV64 x0>;64;[('0x617c', <Bool x0 != 0x0>, 'Taken')];[];['<BV64 x0>'];[];['<BV64 x0>'];[];[];0.0;1.8446744073709552e+19;1.8446744073709552e+19;1.0;;;True;1.0;1.8446744073709552e+19;1.8446744073709552e+19;1.0;;;True;ControlType.CONTROLLED;0;<BV64 x0>;64;[];[];[];[];[];[];[];0;0;0;;;;False;0;0;0;;;;False;ControlType.UNKNOWN;0;[('0x617c', <Bool x0 != 0x0>, 'Taken')];{'regs': ['<BV64 x0>'], 'indirect_regs': [], 'direct_regs': ['<BV64 x0>'], 'mem': [], 'const_mem': []};[];{'regs': [], 'indirect_regs': [], 'direct_regs': [], 'mem': [], 'const_mem': []};{'regs': ['<BV64 x0>'], 'indirect_regs': [], 'direct_regs': ['<BV64 x0>'], 'mem': [], 'const_mem': []};{'regs': ['<BV64 x0>'], 'indirect_regs': [], 'direct_regs': ['<BV64 x0>'], 'mem': [], 'const_mem': []};63.0;0.0;64.0;64.0;[];;;;BaseControlType.CONSTANT_BASE;BaseControlType.CONSTANT_BASE;BaseControlType.CONSTANT_BASE;1;BranchControlType.BRANCH_DEPENDS_ON_SECRET_VALUE;BranchControlType.BRANCH_INDEPENDENT_FROM_SECRET;24972;True;False;True;True;True;False;False;True;True;False;False;False;True;False;True;True;True;False;True;False;[];['has_valid_base'];True;False;True;True;True;False;False;True;True;False;False;False;True;False;True;True;True;False;True;False;[];['has_valid_base']
afdd8a89-b5a5-489e-9a7e-533265e2d083;pcre2_code_copy_8;0x616c;0x6190;0x6180;TransmitterType.CODE_LOAD;10;1;False;['0x616c', '0x6180'];<BV64 LOAD_64[<BV64 x0>]_24>;64;[];[];['<BV64 x0>'];"[""<BV64 x0>: ['0x0']""]";[];['<BV64 x0>'];[];0;18446744073709551615;18446744073709551615;1;;;True;0;18446744073709551615;18446744073709551615;1;;;True;ControlType.CONTROLLED;1;;0;[];[];[];[];[];[];[];0.0;0.0;0.0;0.0;;;False;0.0;0.0;0.0;0.0;;;False;ControlType.UNKNOWN;0;;0;[];[];[];[];[];[];[];0;0;0;;;;False;0.0;0.0;0.0;0.0;;;False;ControlType.UNKNOWN;0;<BV64 LOAD_64[<BV64 x0>]_24>;64;[];[];['<BV64 x0>'];"[""<BV64 x0>: ['0x0']""]";[];['<BV64 x0>'];[];0.0;1.8446744073709552e+19;18446744073709551615;1;;;True;0.0;1.8446744073709552e+19;18446744073709551615;1;;;True;ControlType.CONTROLLED;1;<BV64 x0>;64;[('0x617c', <Bool x0 != 0x0>, 'Taken')];[];['<BV64 x0>'];[];['<BV64 x0>'];[];[];0.0;1.8446744073709552e+19;1.8446744073709552e+19;1.0;;;True;1.0;1.8446744073709552e+19;1.8446744073709552e+19;1.0;;;True;ControlType.CONTROLLED;0;<BV64 LOAD_64[<BV64 x0>]_24>;64;[];[];[];[];[];[];[];0;0;0;;;;False;0;0;0;;;;False;ControlType.UNKNOWN;1;[('0x617c', <Bool x0 != 0x0>, 'Taken')];{'regs': ['<BV64 x0>'], 'indirect_regs': [], 'direct_regs': ['<BV64 x0>'], 'mem': [], 'const_mem': []};[];{'regs': [], 'indirect_regs': [], 'direct_regs': [], 'mem': [], 'const_mem': []};{'regs': ['<BV64 x0>'], 'indirect_regs': [], 'direct_regs': ['<BV64 x0>'], 'mem': ['<BV64 x0>'], 'const_mem': []};{'regs': ['<BV64 x0>'], 'indirect_regs': [], 'direct_regs': ['<BV64 x0>'], 'mem': ['<BV64 x0>'], 'const_mem': []};63.0;0.0;64.0;64.0;[];;;;BaseControlType.NO_BASE;BaseControlType.NO_BASE;BaseControlType.NO_BASE;1;BranchControlType.BRANCH_DEPENDS_ON_SECRET_ADDRESS;BranchControlType.BRANCH_INDEPENDENT_FROM_SECRET;24976;True;False;True;True;True;False;False;True;True;False;False;False;True;False;True;True;True;False;True;False;[];['has_valid_base'];True;False;True;True;True;False;False;True;True;False;False;False;True;False;True;True;True;False;True;False;[];['has_valid_base']
08280d66-7935-4301-9809-d4291efadc35;pcre2_substring_get_bynumber_8;0x59bc8;0x59a10;0x0;TransmitterType.LOAD;22;0;False;['0x59bc8', '0x59a00'];<BV64 0x5c + x0>;64;[];[];['<BV64 x0>'];[];['<BV64 x0>'];[];[];0;18446744073709551615;18446744073709551615;1;;;True;0;18446744073709551615;18446744073709551615;1;;;True;ControlType.CONTROLLED;0;<BV64 0x5c>;64;[];[];[];[];[];[];[];92.0;92.0;0.0;1.0;;;True;92.0;92.0;0.0;1.0;;;True;ControlType.NO_CONTROL;0;<BV64 0x5c>;64;[];[];[];[];[];[];[];92;92;0;1.0;;;True;92.0;92.0;0.0;1.0;;;True;ControlType.NO_CONTROL;0;<BV64 x0>;64;[];[];['<BV64 x0>'];[];['<BV64 x0>'];[];[];0.0;1.8446744073709552e+19;18446744073709551615;1;;;True;0.0;1.8446744073709552e+19;18446744073709551615;1;;;True;ControlType.CONTROLLED;0;<BV64 x0>;64;[];[];['<BV64 x0>'];[];['<BV64 x0>'];[];[];0.0;1.8446744073709552e+19;1.8446744073709552e+19;1.0;;;True;0.0;1.8446744073709552e+19;1.8446744073709552e+19;1.0;;;True;ControlType.CONTROLLED;0;<BV64 x0>;64;[];[];[];[];[];[];[];0;0;0;;;;False;0;0;0;;;;False;ControlType.UNKNOWN;0;[('0x59c08', <Bool True>, 'Taken')];{'regs': [], 'indirect_regs': [], 'direct_regs': [], 'mem': [], 'const_mem': []};[];{'regs': [], 'indirect_regs': [], 'direct_regs': [], 'mem': [], 'const_mem': []};{'regs': ['<BV64 x0>'], 'indirect_regs': [], 'direct_regs': ['<BV64 x0>'], 'mem': [], 'const_mem': []};{'regs': ['<BV64 x0>'], 'indirect_regs': [], 'direct_regs': ['<BV64 x0>'], 'mem': [], 'const_mem': []};63.0;0.0;64.0;64.0;[];;;;BaseControlType.CONSTANT_BASE;BaseControlType.CONSTANT_BASE;BaseControlType.CONSTANT_BASE;1;BranchControlType.BRANCH_INDEPENDENT_FROM_SECRET;BranchControlType.BRANCH_INDEPENDENT_FROM_SECRET;367120;True;False;True;True;True;False;False;True;True;False;False;False;True;False;True;False;True;False;True;False;[];['has_valid_base'];True;False;True;True;True;False;False;True;True;False;False;False;True;False;True;False;True;False;True;False;[];['has_valid_base']
8ec29309-b022-494d-88e7-946241f4d187;pcre2_substring_get_bynumber_8;0x59bc8;0x59a20;0x0;TransmitterType.LOAD;26;0;False;['0x59bc8', '0x59a00', '0x59a1c', '0x59a20'];<BV64 0x58 + x0>;64;[];[];['<BV64 x0>'];[];['<BV64 x0>'];[];[];0;18446744073709551615;18446744073709551615;1;;;True;0;18446744073709551615;18446744073709551615;1;;;True;ControlType.CONTROLLED;0;<BV64 0x58>;64;[];[];[];[];[];[];[];88.0;88.0;0.0;1.0;;;True;88.0;88.0;0.0;1.0;;;True;ControlType.NO_CONTROL;0;<BV64 0x58>;64;[];[];[];[];[];[];[];88;88;0;1.0;;;True;88.0;88.0;0.0;1.0;;;True;ControlType.NO_CONTROL;0;<BV64 x0>;64;[];[];['<BV64 x0>'];[];['<BV64 x0>'];[];[];0.0;1.8446744073709552e+19;18446744073709551615;1;;;True;0.0;1.8446744073709552e+19;18446744073709551615;1;;;True;ControlType.CONTROLLED;0;<BV64 x0>;64;[];[];['<BV64 x0>'];[];['<BV64 x0>'];[];[];0.0;1.8446744073709552e+19;1.8446744073709552e+19;1.0;;;True;0.0;1.8446744073709552e+19;1.8446744073709552e+19;1.0;;;True;ControlType.CONTROLLED;0;<BV64 x0>;64;[];[];[];[];[];[];[];0;0;0;;;;False;0;0;0;;;;False;ControlType.UNKNOWN;0;[('0x59a18', <Bool LOAD_32[<BV64 x0 + 0x5c>]_31 + 0x2 != 0x0>, 'Taken'), ('0x59a1c', <Bool (LShR(0x0 .. LOAD_32[<BV64 x0 + 0x5c>]_31, 0x1f)[7:0] & 1) == 0>, 'Taken'), ('0x59c08', <Bool True>, 'Taken')];"{'regs': ['<BV64 x0>'], 'indirect_regs': [""<BV64 x0>: ['0x5c', '0x5c']""], 'direct_regs': [], 'mem': ['<BV64 x0 + 0x5c>'], 'const_mem': []}";[];{'regs': [], 'indirect_regs': [], 'direct_regs': [], 'mem': [], 'const_mem': []};{'regs': ['<BV64 x0>'], 'indirect_regs': [], 'direct_regs': ['<BV64 x0>'], 'mem': [], 'const_mem': []};"{'regs': ['<BV64 x0>', '<BV64 x0>'], 'indirect_regs': [""<BV64 x0>: ['0x5c', '0x5c']""], 'direct_regs': ['<BV64 x0>'], 'mem': ['<BV64 x0 + 0x5c>'], 'const_mem': []}";63.0;0.0;64.0;64.0;[];;;;BaseControlType.CONSTANT_BASE;BaseControlType.CONSTANT_BASE;BaseControlType.CONSTANT_BASE;3;BranchControlType.BRANCH_INDEPENDENT_FROM_SECRET;BranchControlType.BRANCH_INDEPENDENT_FROM_SECRET;367136;True;False;True;True;True;False;False;True;True;False;False;False;True;False;True;False;True;False;True;False;[];['has_valid_base'];True;False;True;True;True;False;False;True;True;False;False;False;True;False;True;False;True;False;True;False;[];['has_valid_base']
60be3b6a-1b2a-4c37-a55a-30cc41121631;pcre2_substring_get_bynumber_8;0x59bc8;0x59a2c;0x0;TransmitterType.LOAD;29;0;False;['0x59bc8', '0x59a00', '0x59a1c', '0x59a20', '0x59a2c'];<BV64 0x18 + x0>;64;[];[];['<BV64 x0>'];[];['<BV64 x0>'];[];[];0;18446744073709551615;18446744073709551615;1;;;True;0;18446744073709551615;18446744073709551615;1;;;True;ControlType.CONTROLLED;0;<BV64 0x18>;64;[];[];[];[];[];[];[];24.0;24.0;0.0;1.0;;;True;24.0;24.0;0.0;1.0;;;True;ControlType.NO_CONTROL;0;<BV64 0x18>;64;[];[];[];[];[];[];[];24;24;0;1.0;;;True;24.0;24.0;0.0;1.0;;;True;ControlType.NO_CONTROL;0;<BV64 x0>;64;[];[];['<BV64 x0>'];[];['<BV64 x0>'];[];[];0.0;1.8446744073709552e+19;18446744073709551615;1;;;True;0.0;1.8446744073709552e+19;18446744073709551615;1;;;True;ControlType.CONTROLLED;0;<BV64 x0>;64;[];[];['<BV64 x0>'];[];['<BV64 x0>'];[];[];0.0;1.8446744073709552e+19;1.8446744073709552e+19;1.0;;;True;0.0;1.8446744073709552e+19;1.8446744073709552e+19;1.0;;;True;ControlType.CONTROLLED;0;<BV64 x0>;64;[];[];[];[];[];[];[];0;0;0;;;;False;0;0;0;;;;False;ControlType.UNKNOWN;0;[('0x59a18', <Bool LOAD_32[<BV64 x0 + 0x5c>]_31 + 0x2 != 0x0>, 'Taken'), ('0x59a1c', <Bool (LShR(0x0 .. LOAD_32[<BV64 x0 + 0x5c>]_31, 0x1f)[7:0] & 1) == 0>, 'Taken'), ('0x59a28', <Bool LOAD_8[<BV64 x0 + 0x58>]_32 != 1>, 'Taken'), ('0x59c08', <Bool True>, 'Taken')];"{'regs': ['<BV64 x0>'], 'indirect_regs': [""<BV64 x0>: ['0x58', '0x5c', '0x5c']""], 'direct_regs': [], 'mem': ['<BV64 x0 + 0x58>', '<BV64 x0 + 0x5c>'], 'const_mem': []}";[];{'regs': [], 'indirect_regs': [], 'direct_regs': [], 'mem': [], 'const_mem': []};{'regs': ['<BV64 x0>'], 'indirect_regs': [], 'direct_regs': ['<BV64 x0>'], 'mem': [], 'const_mem': []};"{'regs': ['<BV64 x0>', '<BV64 x0>'], 'indirect_regs': [""<BV64 x0>: ['0x58', '0x5c', '0x5c']""], 'direct_regs': ['<BV64 x0>'], 'mem': ['<BV64 x0 + 0x58>', '<BV64 x0 + 0x5c>'], 'const_mem': []}";63.0;0.0;64.0;64.0;[];;;;BaseControlType.CONSTANT_BASE;BaseControlType.CONSTANT_BASE;BaseControlType.CONSTANT_BASE;4;BranchControlType.BRANCH_INDEPENDENT_FROM_SECRET;BranchControlType.BRANCH_INDEPENDENT_FROM_SECRET;367148;True;False;True;True;True;False;False;True;True;False;False;False;True;False;True;False;True;False;True;False;[];['has_valid_base'];True;False;True;True;True;False;False;True;True;False;False;False;True;False;True;False;True;False;True;False;[];['has_valid_base']
1fd1b9d0-17df-43ec-9cd4-de7a6d621bc3;pcre2_substring_get_bynumber_8;0x59bc8;0x59a30;0x59a2c;TransmitterType.LOAD;30;1;False;['0x59bc8', '0x59a00', '0x59a1c', '0x59a20', '0x59a2c'];<BV64 0x80 + LOAD_64[<BV64 x0 + 0x18>]_33>;64;[];[];['<BV64 x0>'];"[""<BV64 x0>: ['0x18']""]";[];['<BV64 x0 + 0x18>'];[];0;18446744073709551615;18446744073709551615;1;;;True;0;18446744073709551615;18446744073709551615;1;;;True;ControlType.CONTROLLED;1;<BV64 0x80>;64;[];[];[];[];[];[];[];128.0;128.0;0.0;1.0;;;True;128.0;128.0;0.0;1.0;;;True;ControlType.NO_CONTROL;0;<BV64 0x80>;64;[];[];[];[];[];[];[];128;128;0;1.0;;;True;128.0;128.0;0.0;1.0;;;True;ControlType.NO_CONTROL;0;<BV64 LOAD_64[<BV64 x0 + 0x18>]_33>;64;[];[];['<BV64 x0>'];"[""<BV64 x0>: ['0x18']""]";[];['<BV64 x0 + 0x18>'];[];0.0;1.8446744073709552e+19;18446744073709551615;1;;;True;0.0;1.8446744073709552e+19;18446744073709551615;1;;;True;ControlType.CONTROLLED;1;<BV64 x0 + 0x18>;64;[];[];['<BV64 x0>'];[];['<BV64 x0>'];[];[];0.0;1.8446744073709552e+19;1.8446744073709552e+19;1.0;;;True;0.0;1.8446744073709552e+19;1.8446744073709552e+19;1.0;;;True;ControlType.CONTROLLED;0;<BV64 LOAD_64[<BV64 x0 + 0x18>]_33>;64;[];[];[];[];[];[];[];0;0;0;;;;False;0;0;0;;;;False;ControlType.UNKNOWN;1;[('0x59a18', <Bool LOAD_32[<BV64 x0 + 0x5c>]_31 + 0x2 != 0x0>, 'Taken'), ('0x59a1c', <Bool (LShR(0x0 .. LOAD_32[<BV64 x0 + 0x5c>]_31, 0x1f)[7:0] & 1) == 0>, 'Taken'), ('0x59a28', <Bool LOAD_8[<BV64 x0 + 0x58>]_32 != 1>, 'Taken'), ('0x59c08', <Bool True>, 'Taken')];"{'regs': ['<BV64 x0>'], 'indirect_regs': [""<BV64 x0>: ['0x58', '0x5c', '0x5c']""], 'direct_regs': [], 'mem': ['<BV64 x0 + 0x58>', '<BV64 x0 + 0x5c>'], 'const_mem': []}";[];{'regs': [], 'indirect_regs': [], 'direct_regs': [], 'mem': [], 'const_mem': []};{'regs': ['<BV64 x0>'], 'indirect_regs': [], 'direct_regs': ['<BV64 x0>'], 'mem': ['<BV64 x0 + 0x18>'], 'const_mem': []};{'regs': ['<BV64 x0>'], 'indirect_regs': [], 'direct_regs': ['<BV64 x0>'], 'mem': ['<BV64 x0 + 0x18>', '<BV64 x0 + 0x58>', '<BV64 x0 + 0x5c>'], 'const_mem': []};63.0;0.0;64.0;64.0;[];;;;BaseControlType.CONSTANT_BASE;BaseControlType.CONSTANT_BASE;BaseControlType.CONSTANT_BASE;4;BranchControlType.BRANCH_DEPENDS_ON_SECRET_ADDRESS;BranchControlType.BRANCH_INDEPENDENT_FROM_SECRET;367152;True;False;True;True;True;False;False;True;True;False;False;False;True;False;True;True;True;False;True;False;[];['has_valid_base'];True;False;True;True;True;False;False;True;True;False;False;False;True;False;True;True;True;False;True;False;[];['has_valid_base']
e5c59629-72ad-4b3f-8342-07929d182678;pcre2_substring_get_bynumber_8;0x59bc8;0x59aac;0x0;TransmitterType.LOAD;29;0;False;['0x59bc8', '0x59a00', '0x59a1c', '0x59a20', '0x59aac'];<BV64 0x5a + x0>;64;[];[];['<BV64 x0>'];[];['<BV64 x0>'];[];[];0;18446744073709551615;18446744073709551615;1;;;True;0;18446744073709551615;18446744073709551615;1;;;True;ControlType.CONTROLLED;0;<BV64 0x5a>;64;[];[];[];[];[];[];[];90.0;90.0;0.0;1.0;;;True;90.0;90.0;0.0;1.0;;;True;ControlType.NO_CONTROL;0;<BV64 0x5a>;64;[];[];[];[];[];[];[];90;90;0;1.0;;;True;90.0;90.0;0.0;1.0;;;True;ControlType.NO_CONTROL;0;<BV64 x0>;64;[];[];['<BV64 x0>'];[];['<BV64 x0>'];[];[];0.0;1.8446744073709552e+19;18446744073709551615;1;;;True;0.0;1.8446744073709552e+19;18446744073709551615;1;;;True;ControlType.CONTROLLED;0;<BV64 x0>;64;[];[];['<BV64 x0>'];[];['<BV64 x0>'];[];[];0.0;1.8446744073709552e+19;1.8446744073709552e+19;1.0;;;True;0.0;1.8446744073709552e+19;1.8446744073709552e+19;1.0;;;True;ControlType.CONTROLLED;0;<BV64 x0>;64;[];[];[];[];[];[];[];0;0;0;;;;False;0;0;0;;;;False;ControlType.UNKNOWN;0;[('0x59a18', <Bool LOAD_32[<BV64 x0 + 0x5c>]_31 + 0x2 != 0x0>, 'Taken'), ('0x59a1c', <Bool (LShR(0x0 .. LOAD_32[<BV64 x0 + 0x5c>]_31, 0x1f)[7:0] & 1) == 0>, 'Taken'), ('0x59a28', <Bool LOAD_8[<BV64 x0 + 0x58>]_32 == 1>, 'Taken'), ('0x59c08', <Bool True>, 'Taken')];"{'regs': ['<BV64 x0>'], 'indirect_regs': [""<BV64 x0>: ['0x58', '0x5c', '0x5c']""], 'direct_regs': [], 'mem': ['<BV64 x0 + 0x58>', '<BV64 x0 + 0x5c>'], 'const_mem': []}";[];{'regs': [], 'indirect_regs': [], 'direct_regs': [], 'mem': [], 'const_mem': []};{'regs': ['<BV64 x0>'], 'indirect_regs': [], 'direct_regs': ['<BV64 x0>'], 'mem': [], 'const_mem': []};{'regs': ['<BV64 x0>'], 'indirect_regs': [], 'direct_regs': ['<BV64 x0>'], 'mem': ['<BV64 x0 + 0x58>', '<BV64 x0 + 0x5c>'], 'const_mem': []};63.0;0.0;64.0;64.0;[];;;;BaseControlType.CONSTANT_BASE;BaseControlType.CONSTANT_BASE;BaseControlType.CONSTANT_BASE;4;BranchControlType.BRANCH_DEPENDS_ON_SECRET_VALUE;BranchControlType.BRANCH_INDEPENDENT_FROM_SECRET;367276;True;False;True;True;True;False;False;True;True;False;False;False;True;False;True;True;True;False;True;False;[];['has_valid_base'];True;False;True;True;True;False;False;True;True;False;False;False;True;False;True;True;True;False;True;False;[];['has_valid_base']
b07a6d78-3e2d-49b9-a8df-75a91c8bd910;pcre2_substring_get_bynumber_8;0x59bc8;0x59a90;0x0;TransmitterType.LOAD;26;0;False;['0x59bc8', '0x59a00', '0x59a8c', '0x59a90'];<BV64 0x58 + x0>;64;[];[];['<BV64 x0>'];[];['<BV64 x0>'];[];[];0;18446744073709551615;18446744073709551615;1;;;True;0;18446744073709551615;18446744073709551615;1;;;True;ControlType.CONTROLLED;0;<BV64 0x58>;64;[];[];[];[];[];[];[];88.0;88.0;0.0;1.0;;;True;88.0;88.0;0.0;1.0;;;True;ControlType.NO_CONTROL;0;<BV64 0x58>;64;[];[];[];[];[];[];[];88;88;0;1.0;;;True;88.0;88.0;0.0;1.0;;;True;ControlType.NO_CONTROL;0;<BV64 x0>;64;[];[];['<BV64 x0>'];[];['<BV64 x0>'];[];[];0.0;1.8446744073709552e+19;18446744073709551615;1;;;True;0.0;1.8446744073709552e+19;18446744073709551615;1;;;True;ControlType.CONTROLLED;0;<BV64 x0>;64;[];[];['<BV64 x0>'];[];['<BV64 x0>'];[];[];0.0;1.8446744073709552e+19;1.8446744073709552e+19;1.0;;;True;0.0;1.8446744073709552e+19;1.8446744073709552e+19;1.0;;;True;ControlType.CONTROLLED;0;<BV64 x0>;64;[];[];[];[];[];[];[];0;0;0;;;;False;0;0;0;;;;False;ControlType.UNKNOWN;0;[('0x59a18', <Bool LOAD_32[<BV64 x0 + 0x5c>]_31 + 0x2 == 0x0>, 'Taken'), ('0x59a8c', <Bool x1[31:0] == 0x0>, 'Taken'), ('0x59c08', <Bool True>, 'Taken')];"{'regs': ['<BV64 x0>', '<BV64 x1>'], 'indirect_regs': [""<BV64 x0>: ['0x5c']""], 'direct_regs': ['<BV64 x1>'], 'mem': ['<BV64 x0 + 0x5c>'], 'const_mem': []}";[];{'regs': [], 'indirect_regs': [], 'direct_regs': [], 'mem': [], 'const_mem': []};{'regs': ['<BV64 x0>'], 'indirect_regs': [], 'direct_regs': ['<BV64 x0>'], 'mem': [], 'const_mem': []};"{'regs': ['<BV64 x0>', '<BV64 x0>', '<BV64 x1>'], 'indirect_regs': [""<BV64 x0>: ['0x5c']""], 'direct_regs': ['<BV64 x0>', '<BV64 x1>'], 'mem': ['<BV64 x0 + 0x5c>'], 'const_mem': []}";63.0;0.0;64.0;64.0;[];;;;BaseControlType.CONSTANT_BASE;BaseControlType.CONSTANT_BASE;BaseControlType.CONSTANT_BASE;3;BranchControlType.BRANCH_INDEPENDENT_FROM_SECRET;BranchControlType.BRANCH_INDEPENDENT_FROM_SECRET;367248;True;False;True;True;True;False;False;True;True;False;False;False;True;False;True;False;True;False;True;False;[];['has_valid_base'];True;False;True;True;True;False;False;True;True;False;False;False;True;False;True;False;True;False;True;False;[];['has_valid_base']
b8f255be-9a4b-4cd7-b20b-265e89805c8f;pcre2_substring_get_bynumber_8;0x59bc8;0x59a9c;0x0;TransmitterType.LOAD;29;0;False;['0x59bc8', '0x59a00', '0x59a8c', '0x59a90', '0x59a9c'];<BV64 0x5a + x0>;64;[];[];['<BV64 x0>'];[];['<BV64 x0>'];[];[];0;18446744073709551615;18446744073709551615;1;;;True;0;18446744073709551615;18446744073709551615;1;;;True;ControlType.CONTROLLED;0;<BV64 0x5a>;64;[];[];[];[];[];[];[];90.0;90.0;0.0;1.0;;;True;90.0;90.0;0.0;1.0;;;True;ControlType.NO_CONTROL;0;<BV64 0x5a>;64;[];[];[];[];[];[];[];90;90;0;1.0;;;True;90.0;90.0;0.0;1.0;;;True;ControlType.NO_CONTROL;0;<BV64 x0>;64;[];[];['<BV64 x0>'];[];['<BV64 x0>'];[];[];0.0;1.8446744073709552e+19;18446744073709551615;1;;;True;0.0;1.8446744073709552e+19;18446744073709551615;1;;;True;ControlType.CONTROLLED;0;<BV64 x0>;64;[];[];['<BV64 x0>'];[];['<BV64 x0>'];[];[];0.0;1.8446744073709552e+19;1.8446744073709552e+19;1.0;;;True;0.0;1.8446744073709552e+19;1.8446744073709552e+19;1.0;;;True;ControlType.CONTROLLED;0;<BV64 x0>;64;[];[];[];[];[];[];[];0;0;0;;;;False;0;0;0;;;;False;ControlType.UNKNOWN;0;[('0x59a18', <Bool LOAD_32[<BV64 x0 + 0x5c>]_31 + 0x2 == 0x0>, 'Taken'), ('0x59a8c', <Bool x1[31:0] == 0x0>, 'Taken'), ('0x59a98', <Bool LOAD_8[<BV64 x0 + 0x58>]_38 == 1>, 'Taken'), ('0x59c08', <Bool True>, 'Taken')];"{'regs': ['<BV64 x0>', '<BV64 x1>'], 'indirect_regs': [""<BV64 x0>: ['0x58', '0x5c']""], 'direct_regs': ['<BV64 x1>'], 'mem': ['<BV64 x0 + 0x58>', '<BV64 x0 + 0x5c>'], 'const_mem': []}";[];{'regs': [], 'indirect_regs': [], 'direct_regs': [], 'mem': [], 'const_mem': []};{'regs': ['<BV64 x0>'], 'indirect_regs': [], 'direct_regs': ['<BV64 x0>'], 'mem': [], 'const_mem': []};{'regs': ['<BV64 x0>', '<BV64 x1>'], 'indirect_regs': [], 'direct_regs': ['<BV64 x0>', '<BV64 x1>'], 'mem': ['<BV64 x0 + 0x58>', '<BV64 x0 + 0x5c>'], 'const_mem': []};63.0;0.0;64.0;64.0;[];;;;BaseControlType.CONSTANT_BASE;BaseControlType.CONSTANT_BASE;BaseControlType.CONSTANT_BASE;4;BranchControlType.BRANCH_DEPENDS_ON_SECRET_VALUE;BranchControlType.BRANCH_INDEPENDENT_FROM_SECRET;367260;True;False;True;True;True;False;False;True;True;False;False;False;True;False;True;True;True;False;True;False;[];['has_valid_base'];True;False;True;True;True;False;False;True;True;False;False;False;True;False;True;True;True;False;True;False;[];['has_valid_base']
ef5fcd26-735d-4978-810d-e993eecb9835;pcre2_substring_get_bynumber_8;0x59bc8;0x59a3c;0x0;TransmitterType.LOAD;29;0;False;['0x59bc8', '0x59a00', '0x59a8c', '0x59a90', '0x59a3c'];<BV64 0x5a + x0>;64;[];[];['<BV64 x0>'];[];['<BV64 x0>'];[];[];0;18446744073709551615;18446744073709551615;1;;;True;0;18446744073709551615;18446744073709551615;1;;;True;ControlType.CONTROLLED;0;<BV64 0x5a>;64;[];[];[];[];[];[];[];90.0;90.0;0.0;1.0;;;True;90.0;90.0;0.0;1.0;;;True;ControlType.NO_CONTROL;0;<BV64 0x5a>;64;[];[];[];[];[];[];[];90;90;0;1.0;;;True;90.0;90.0;0.0;1.0;;;True;ControlType.NO_CONTROL;0;<BV64 x0>;64;[];[];['<BV64 x0>'];[];['<BV64 x0>'];[];[];0.0;1.8446744073709552e+19;18446744073709551615;1;;;True;0.0;1.8446744073709552e+19;18446744073709551615;1;;;True;ControlType.CONTROLLED;0;<BV64 x0>;64;[];[];['<BV64 x0>'];[];['<BV64 x0>'];[];[];0.0;1.8446744073709552e+19;1.8446744073709552e+19;1.0;;;True;0.0;1.8446744073709552e+19;1.8446744073709552e+19;1.0;;;True;ControlType.CONTROLLED;0;<BV64 x0>;64;[];[];[];[];[];[];[];0;0;0;;;;False;0;0;0;;;;False;ControlType.UNKNOWN;0;[('0x59a18', <Bool LOAD_32[<BV64 x0 + 0x5c>]_31 + 0x2 == 0x0>, 'Taken'), ('0x59a8c', <Bool x1[31:0] == 0x0>, 'Taken'), ('0x59a98', <Bool LOAD_8[<BV64 x0 + 0x58>]_38 != 1>, 'Taken'), ('0x59c08', <Bool True>, 'Taken')];"{'regs': ['<BV64 x0>', '<BV64 x1>'], 'indirect_regs': [""<BV64 x0>: ['0x58', '0x5c']""], 'direct_regs': ['<BV64 x1>'], 'mem': ['<BV64 x0 + 0x58>', '<BV64 x0 + 0x5c>'], 'const_mem': []}";[];{'regs': [], 'indirect_regs': [], 'direct_regs': [], 'mem': [], 'const_mem': []};{'regs': ['<BV64 x0>'], 'indirect_regs': [], 'direct_regs': ['<BV64 x0>'], 'mem': [], 'const_mem': []};{'regs': ['<BV64 x0>', '<BV64 x1>'], 'indirect_regs': [], 'direct_regs': ['<BV64 x0>', '<BV64 x1>'], 'mem': ['<BV64 x0 + 0x58>', '<BV64 x0 + 0x5c>'], 'const_mem': []};63.0;0.0;64.0;64.0;[];;;;BaseControlType.CONSTANT_BASE;BaseControlType.CONSTANT_BASE;BaseControlType.CONSTANT_BASE;4;BranchControlType.BRANCH_DEPENDS_ON_SECRET_VALUE;BranchControlType.BRANCH_INDEPENDENT_FROM_SECRET;367164;True;False;True;True;True;False;False;True;True;False;False;False;True;False;True;True;True;False;True;False;[];['has_valid_base'];True;False;True;True;True;False;False;True;True;False;False;False;True;False;True;True;True;False;True;False;[];['has_valid_base']
855f5cd8-99aa-4c99-b3fb-8da3b5c03700;pcre2_jit_stack_assign_8;0x46f40;0x46f50;0x0;TransmitterType.STORE;5;0;False;['0x46f40', '0x46f50'];<BV64 0x18 + x0>;64;[];[];['<BV64 x0>'];[];['<BV64 x0>'];[];[];0;18446744073709551615;18446744073709551615;1;;;True;0;18446744073709551615;18446744073709551615;1;;;True;ControlType.CONTROLLED;0;<BV64 0x18>;64;[];[];[];[];[];[];[];24.0;24.0;0.0;1.0;;;True;24.0;24.0;0.0;1.0;;;True;ControlType.NO_CONTROL;0;<BV64 0x18>;64;[];[];[];[];[];[];[];24;24;0;1.0;;;True;24.0;24.0;0.0;1.0;;;True;ControlType.NO_CONTROL;0;<BV64 x0>;64;[];[];['<BV64 x0>'];[];['<BV64 x0>'];[];[];0.0;1.8446744073709552e+19;18446744073709551615;1;;;True;1.0;1.8446744073709552e+19;18446744073709551614;1;;;True;ControlType.CONTROLLED;0;<BV64 x0>;64;[];[];['<BV64 x0>'];[];['<BV64 x0>'];[];[];0.0;1.8446744073709552e+19;1.8446744073709552e+19;1.0;;;True;1.0;1.8446744073709552e+19;1.8446744073709552e+19;1.0;;;True;ControlType.CONTROLLED;0;<BV64 x0>;64;[];[];[];[];[];[];[];0;0;0;;;;False;0;0;0;;;;False;ControlType.UNKNOWN;0;[('0x46f4c', <Bool x0 != 0x0>, 'Taken')];{'regs': ['<BV64 x0>'], 'indirect_regs': [], 'direct_regs': ['<BV64 x0>'], 'mem': [], 'const_mem': []};[];{'regs': [], 'indirect_regs': [], 'direct_regs': [], 'mem': [], 'const_mem': []};{'regs': ['<BV64 x0>'], 'indirect_regs': [], 'direct_regs': ['<BV64 x0>'], 'mem': [], 'const_mem': []};{'regs': ['<BV64 x0>', '<BV64 x0>'], 'indirect_regs': [], 'direct_regs': ['<BV64 x0>', '<BV64 x0>'], 'mem': [], 'const_mem': []};63.0;0.0;64.0;64.0;[];;;;BaseControlType.CONSTANT_BASE;BaseControlType.CONSTANT_BASE;BaseControlType.CONSTANT_BASE;1;BranchControlType.BRANCH_INDEPENDENT_FROM_SECRET;BranchControlType.BRANCH_INDEPENDENT_FROM_SECRET;290640;True;False;True;True;True;False;False;True;True;False;False;False;True;False;True;False;True;False;True;False;[];['has_valid_base'];True;False;True;True;True;False;False;True;True;False;False;False;True;False;True;False;True;False;True;False;[];['has_valid_base']
e617e4ed-fb0a-4e1e-9528-bf48dbf1c5b9;pcre2_jit_stack_assign_8;0x46f40;0x46f50;0x0;TransmitterType.STORE;5;0;False;['0x46f40', '0x46f50'];<BV64 0x20 + x0>;64;[];[];['<BV64 x0>'];[];['<BV64 x0>'];[];[];0;18446744073709551615;18446744073709551615;1;;;True;0;18446744073709551615;18446744073709551615;1;;;True;ControlType.CONTROLLED;0;<BV64 0x20>;64;[];[];[];[];[];[];[];32.0;32.0;0.0;1.0;;;True;32.0;32.0;0.0;1.0;;;True;ControlType.NO_CONTROL;0;<BV64 0x20>;64;[];[];[];[];[];[];[];32;32;0;1.0;;;True;32.0;32.0;0.0;1.0;;;True;ControlType.NO_CONTROL;0;<BV64 x0>;64;[];[];['<BV64 x0>'];[];['<BV64 x0>'];[];[];0.0;1.8446744073709552e+19;18446744073709551615;1;;;True;1.0;1.8446744073709552e+19;18446744073709551614;1;;;True;ControlType.CONTROLLED;0;<BV64 x0>;64;[];[];['<BV64 x0>'];[];['<BV64 x0>'];[];[];0.0;1.8446744073709552e+19;1.8446744073709552e+19;1.0;;;True;1.0;1.8446744073709552e+19;1.8446744073709552e+19;1.0;;;True;ControlType.CONTROLLED;0;<BV64 x0>;64;[];[];[];[];[];[];[];0;0;0;;;;False;0;0;0;;;;False;ControlType.UNKNOWN;0;[('0x46f4c', <Bool x0 != 0x0>, 'Taken')];{'regs': ['<BV64 x0>'], 'indirect_regs': [], 'direct_regs': ['<BV64 x0>'], 'mem': [], 'const_mem': []};[];{'regs': [], 'indirect_regs': [], 'direct_regs': [], 'mem': [], 'const_mem': []};{'regs': ['<BV64 x0>'], 'indirect_regs': [], 'direct_regs': ['<BV64 x0>'], 'mem': [], 'const_mem': []};{'regs': ['<BV64 x0>', '<BV64 x0>'], 'indirect_regs': [], 'direct_regs': ['<BV64 x0>', '<BV64 x0>'], 'mem': [], 'const_mem': []};63.0;0.0;64.0;64.0;[];;;;BaseControlType.CONSTANT_BASE;BaseControlType.CONSTANT_BASE;BaseControlType.CONSTANT_BASE;1;BranchControlType.BRANCH_INDEPENDENT_FROM_SECRET;BranchControlType.BRANCH_INDEPENDENT_FROM_SECRET;290640;True;False;True;True;True;False;False;True;True;False;False;False;True;False;True;False;True;False;True;False;[];['has_valid_base'];True;False;True;True;True;False;False;True;True;False;False;False;True;False;True;False;True;False;True;False;[];['has_valid_base']
96d70af8-1c5c-429d-a027-dec7bd7b9147;pcre2_substring_list_free_8;0x59e70;0x59e8c;0x0;TransmitterType.LOAD;7;0;False;['0x59e70', '0x59e80'];<BV64 0xfffffffffffffff0 + x0>;64;[('0x59e7c', <Bool x0 != 0x0>, 'Taken')];[];['<BV64 x0>'];[];['<BV64 x0>'];[];[];0;18446744073709551615;18446744073709551615;1;;;True;18446744073709551601;18446744073709551599;18446744073709551614;1;;;True;ControlType.CONTROLLED;0;<BV64 0xfffffffffffffff0>;64;[];[];[];[];[];[];[];1.8446744073709552e+19;1.8446744073709552e+19;0.0;1.0;;;True;1.8446744073709552e+19;1.8446744073709552e+19;0.0;1.0;;;True;ControlType.NO_CONTROL;0;<BV64 0xfffffffffffffff0>;64;[];[];[];[];[];[];[];18446744073709551600;18446744073709551600;0;1.0;;;True;1.8446744073709552e+19;1.8446744073709552e+19;0.0;1.0;;;True;ControlType.NO_CONTROL;0;<BV64 x0>;64;[('0x59e7c', <Bool x0 != 0x0>, 'Taken')];[];['<BV64 x0>'];[];['<BV64 x0>'];[];[];0.0;1.8446744073709552e+19;18446744073709551615;1;;;True;1.0;1.8446744073709552e+19;18446744073709551614;1;;;True;ControlType.CONTROLLED;0;<BV64 x0>;64;[('0x59e7c', <Bool x0 != 0x0>, 'Taken')];[];['<BV64 x0>'];[];['<BV64 x0>'];[];[];0.0;1.8446744073709552e+19;1.8446744073709552e+19;1.0;;;True;1.0;1.8446744073709552e+19;1.8446744073709552e+19;1.0;;;True;ControlType.CONTROLLED;0;<BV64 x0>;64;[];[];[];[];[];[];[];0;0;0;;;;False;0;0;0;;;;False;ControlType.UNKNOWN;0;[('0x59e7c', <Bool x0 != 0x0>, 'Taken')];{'regs': ['<BV64 x0>'], 'indirect_regs': [], 'direct_regs': ['<BV64 x0>'], 'mem': [], 'const_mem': []};[];{'regs': [], 'indirect_regs': [], 'direct_regs': [], 'mem': [], 'const_mem': []};{'regs': ['<BV64 x0>'], 'indirect_regs': [], 'direct_regs': ['<BV64 x0>'], 'mem': [], 'const_mem': []};{'regs': ['<BV64 x0>'], 'indirect_regs': [], 'direct_regs': ['<BV64 x0>'], 'mem': [], 'const_mem': []};63.0;0.0;64.0;64.0;[];;;;BaseControlType.CONSTANT_BASE;BaseControlType.CONSTANT_BASE;BaseControlType.CONSTANT_BASE;1;BranchControlType.BRANCH_DEPENDS_ON_SECRET_VALUE;BranchControlType.BRANCH_INDEPENDENT_FROM_SECRET;368268;True;False;True;True;True;False;False;True;True;False;False;False;True;False;True;True;True;False;True;False;[];['has_valid_base'];True;False;True;True;True;False;False;True;True;False;False;False;True;False;True;True;True;False;True;False;[];['has_valid_base']
3bdcd55c-4db1-4494-ba4e-d71c901f9b4c;pcre2_substring_list_free_8;0x59e70;0x59e8c;0x0;TransmitterType.LOAD;7;0;False;['0x59e70', '0x59e80'];<BV64 0xfffffffffffffff8 + x0>;64;[('0x59e7c', <Bool x0 != 0x0>, 'Taken')];[];['<BV64 x0>'];[];['<BV64 x0>'];[];[];0;18446744073709551615;18446744073709551615;1;;;True;18446744073709551609;18446744073709551607;18446744073709551614;1;;;True;ControlType.CONTROLLED;0;<BV64 0xfffffffffffffff8>;64;[];[];[];[];[];[];[];1.8446744073709552e+19;1.8446744073709552e+19;0.0;1.0;;;True;1.8446744073709552e+19;1.8446744073709552e+19;0.0;1.0;;;True;ControlType.NO_CONTROL;0;<BV64 0xfffffffffffffff8>;64;[];[];[];[];[];[];[];18446744073709551608;18446744073709551608;0;1.0;;;True;1.8446744073709552e+19;1.8446744073709552e+19;0.0;1.0;;;True;ControlType.NO_CONTROL;0;<BV64 x0>;64;[('0x59e7c', <Bool x0 != 0x0>, 'Taken')];[];['<BV64 x0>'];[];['<BV64 x0>'];[];[];0.0;1.8446744073709552e+19;18446744073709551615;1;;;True;1.0;1.8446744073709552e+19;18446744073709551614;1;;;True;ControlType.CONTROLLED;0;<BV64 x0>;64;[('0x59e7c', <Bool x0 != 0x0>, 'Taken')];[];['<BV64 x0>'];[];['<BV64 x0>'];[];[];0.0;1.8446744073709552e+19;1.8446744073709552e+19;1.0;;;True;1.0;1.8446744073709552e+19;1.8446744073709552e+19;1.0;;;True;ControlType.CONTROLLED;0;<BV64 x0>;64;[];[];[];[];[];[];[];0;0;0;;;;False;0;0;0;;;;False;ControlType.UNKNOWN;0;[('0x59e7c', <Bool x0 != 0x0>, 'Taken')];{'regs': ['<BV64 x0>'], 'indirect_regs': [], 'direct_regs': ['<BV64 x0>'], 'mem': [], 'const_mem': []};[];{'regs': [], 'indirect_regs': [], 'direct_regs': [], 'mem': [], 'const_mem': []};{'regs': ['<BV64 x0>'], 'indirect_regs': [], 'direct_regs': ['<BV64 x0>'], 'mem': [], 'const_mem': []};{'regs': ['<BV64 x0>'], 'indirect_regs': [], 'direct_regs': ['<BV64 x0>'], 'mem': [], 'const_mem': []};63.0;0.0;64.0;64.0;[];;;;BaseControlType.CONSTANT_BASE;BaseControlType.CONSTANT_BASE;BaseControlType.CONSTANT_BASE;1;BranchControlType.BRANCH_DEPENDS_ON_SECRET_VALUE;BranchControlType.BRANCH_INDEPENDENT_FROM_SECRET;368268;True;False;True;True;True;False;False;True;True;False;False;False;True;False;True;True;True;False;True;False;[];['has_valid_base'];True;False;True;True;True;False;False;True;True;False;False;False;True;False;True;True;True;False;True;False;[];['has_valid_base']
b4bc9c14-d393-4d4f-bcb3-609fc4e7fc3c;pcre2_substring_list_free_8;0x59e70;0x59e94;0x59e84;TransmitterType.CODE_LOAD;7;1;False;['0x59e70', '0x59e80'];<BV64 LOAD_64[<BV64 x0 + 0xfffffffffffffff0>]_24>;64;[];[];['<BV64 x0>'];"[""<BV64 x0>: ['0xfffffffffffffff0']""]";[];['<BV64 x0 + 0xfffffffffffffff0>'];[];0;18446744073709551615;18446744073709551615;1;;;True;0;18446744073709551615;18446744073709551615;1;;;True;ControlType.CONTROLLED;1;;0;[];[];[];[];[];[];[];0.0;0.0;0.0;0.0;;;False;0.0;0.0;0.0;0.0;;;False;ControlType.UNKNOWN;0;;0;[];[];[];[];[];[];[];0;0;0;;;;False;0.0;0.0;0.0;0.0;;;False;ControlType.UNKNOWN;0;<BV64 LOAD_64[<BV64 x0 + 0xfffffffffffffff0>]_24>;64;[];[];['<BV64 x0>'];"[""<BV64 x0>: ['0xfffffffffffffff0']""]";[];['<BV64 x0 + 0xfffffffffffffff0>'];[];0.0;1.8446744073709552e+19;18446744073709551615;1;;;True;0.0;1.8446744073709552e+19;18446744073709551615;1;;;True;ControlType.CONTROLLED;1;<BV64 x0 + 0xfffffffffffffff0>;64;[('0x59e7c', <Bool x0 != 0x0>, 'Taken')];[];['<BV64 x0>'];[];['<BV64 x0>'];[];[];0.0;1.8446744073709552e+19;1.8446744073709552e+19;1.0;;;True;1.8446744073709552e+19;1.8446744073709552e+19;1.8446744073709552e+19;1.0;;;True;ControlType.CONTROLLED;0;<BV64 LOAD_64[<BV64 x0 + 0xfffffffffffffff0>]_24>;64;[];[];[];[];[];[];[];0;0;0;;;;False;0;0;0;;;;False;ControlType.UNKNOWN;1;[('0x59e7c', <Bool x0 != 0x0>, 'Taken')];{'regs': ['<BV64 x0>'], 'indirect_regs': [], 'direct_regs': ['<BV64 x0>'], 'mem': [], 'const_mem': []};[];{'regs': [], 'indirect_regs': [], 'direct_regs': [], 'mem': [], 'const_mem': []};{'regs': ['<BV64 x0>'], 'indirect_regs': [], 'direct_regs': ['<BV64 x0>'], 'mem': ['<BV64 x0 + 0xfffffffffffffff0>'], 'const_mem': []};{'regs': ['<BV64 x0>'], 'indirect_regs': [], 'direct_regs': ['<BV64 x0>'], 'mem': ['<BV64 x0 + 0xfffffffffffffff0>'], 'const_mem': []};63.0;0.0;64.0;64.0;[];;;;BaseControlType.NO_BASE;BaseControlType.NO_BASE;BaseControlType.NO_BASE;1;BranchControlType.BRANCH_DEPENDS_ON_SECRET_ADDRESS;BranchControlType.BRANCH_INDEPENDENT_FROM_SECRET;368276;True;False;True;True;True;False;False;True;True;False;False;False;True;False;True;True;True;False;True;False;[];['has_valid_base'];True;False;False;True;True;False;False;True;True;False;False;False;True;False;True;True;True;False;True;False;[];['has_valid_base', 'has_valid_secret_address']
97b784ff-3df2-4bed-9a14-f2b24eb9236d;pcre2_compile_context_create_8;0x1040c;0x1033c;0x0;TransmitterType.LOAD;13;0;False;['0x1040c', '0x1032c', '0x1033c'];<BV64 x0>;64;[('0x10338', <Bool x0 != 0x0>, 'Taken')];[];['<BV64 x0>'];[];['<BV64 x0>'];[];[];0;18446744073709551615;18446744073709551615;1;;;True;1;18446744073709551615;18446744073709551614;1;;;True;ControlType.CONTROLLED;0;;0;[];[];[];[];[];[];[];0.0;0.0;0.0;0.0;;;False;0.0;0.0;0.0;0.0;;;False;ControlType.UNKNOWN;0;;0;[];[];[];[];[];[];[];0;0;0;;;;False;0.0;0.0;0.0;0.0;;;False;ControlType.UNKNOWN;0;<BV64 x0>;64;[('0x10338', <Bool x0 != 0x0>, 'Taken')];[];['<BV64 x0>'];[];['<BV64 x0>'];[];[];0.0;1.8446744073709552e+19;18446744073709551615;1;;;True;1.0;1.8446744073709552e+19;18446744073709551614;1;;;True;ControlType.CONTROLLED;0;<BV64 x0>;64;[('0x10338', <Bool x0 != 0x0>, 'Taken')];[];['<BV64 x0>'];[];['<BV64 x0>'];[];[];0.0;1.8446744073709552e+19;1.8446744073709552e+19;1.0;;;True;1.0;1.8446744073709552e+19;1.8446744073709552e+19;1.0;;;True;ControlType.CONTROLLED;0;<BV64 x0>;64;[];[];[];[];[];[];[];0;0;0;;;;False;0;0;0;;;;False;ControlType.UNKNOWN;0;[('0x10338', <Bool x0 != 0x0>, 'Taken'), ('0x10428', <Bool True>, 'Taken')];{'regs': ['<BV64 x0>'], 'indirect_regs': [], 'direct_regs': ['<BV64 x0>'], 'mem': [], 'const_mem': []};[];{'regs': [], 'indirect_regs': [], 'direct_regs': [], 'mem': [], 'const_mem': []};{'regs': ['<BV64 x0>'], 'indirect_regs': [], 'direct_regs': ['<BV64 x0>'], 'mem': [], 'const_mem': []};{'regs': ['<BV64 x0>'], 'indirect_regs': [], 'direct_regs': ['<BV64 x0>'], 'mem': [], 'const_mem': []};63.0;0.0;64.0;64.0;[];;;;BaseControlType.NO_BASE;BaseControlType.NO_BASE;BaseControlType.NO_BASE;2;BranchControlType.BRANCH_DEPENDS_ON_SECRET_VALUE;BranchControlType.BRANCH_INDEPENDENT_FROM_SECRET;66364;True;False;True;True;True;False;False;True;True;False;False;False;True;False;True;True;True;False;True;False;[];['has_valid_base'];True;False;True;True;True;False;False;True;True;False;False;False;True;False;True;True;True;False;True;False;[];['has_valid_base']
c04e9865-69ae-4137-841c-877a0f86e16f;pcre2_compile_context_create_8;0x1040c;0x10348;0x0;TransmitterType.LOAD;16;0;False;['0x1040c', '0x1032c', '0x1033c'];<BV64 0x10 + x0>;64;[];[];['<BV64 x0>'];[];['<BV64 x0>'];[];[];0;18446744073709551615;18446744073709551615;1;;;True;0;18446744073709551615;18446744073709551615;1;;;True;ControlType.CONTROLLED;0;<BV64 0x10>;64;[];[];[];[];[];[];[];16.0;16.0;0.0;1.0;;;True;16.0;16.0;0.0;1.0;;;True;ControlType.NO_CONTROL;0;<BV64 0x10>;64;[];[];[];[];[];[];[];16;16;0;1.0;;;True;16.0;16.0;0.0;1.0;;;True;ControlType.NO_CONTROL;0;<BV64 x0>;64;[];[];['<BV64 x0>'];[];['<BV64 x0>'];[];[];0.0;1.8446744073709552e+19;18446744073709551615;1;;;True;1.0;1.8446744073709552e+19;18446744073709551614;1;;;True;ControlType.CONTROLLED;0;<BV64 x0>;64;[];[];['<BV64 x0>'];[];['<BV64 x0>'];[];[];0.0;1.8446744073709552e+19;1.8446744073709552e+19;1.0;;;True;1.0;1.8446744073709552e+19;1.8446744073709552e+19;1.0;;;True;ControlType.CONTROLLED;0;<BV64 x0>;64;[];[];[];[];[];[];[];0;0;0;;;;False;0;0;0;;;;False;ControlType.UNKNOWN;0;[('0x10338', <Bool x0 != 0x0>, 'Taken'), ('0x10428', <Bool True>, 'Taken')];{'regs': ['<BV64 x0>'], 'indirect_regs': [], 'direct_regs': ['<BV64 x0>'], 'mem': [], 'const_mem': []};[];{'regs': [], 'indirect_regs': [], 'direct_regs': [], 'mem': [], 'const_mem': []};{'regs': ['<BV64 x0>'], 'indirect_regs': [], 'direct_regs': ['<BV64 x0>'], 'mem': [], 'const_mem': []};{'regs': ['<BV64 x0>', '<BV64 x0>'], 'indirect_regs': [], 'direct_regs': ['<BV64 x0>', '<BV64 x0>'], 'mem': [], 'const_mem': []};63.0;0.0;64.0;64.0;[];;;;BaseControlType.CONSTANT_BASE;BaseControlType.CONSTANT_BASE;BaseControlType.CONSTANT_BASE;2;BranchControlType.BRANCH_INDEPENDENT_FROM_SECRET;BranchControlType.BRANCH_INDEPENDENT_FROM_SECRET;66376;True;False;True;True;True;False;False;True;True;False;False;False;True;False;True;False;True;False;True;False;[];['has_valid_base'];True;False;True;True;True;False;False;True;True;False;False;False;True;False;True;False;True;False;True;False;[];['has_valid_base']
c39115aa-a015-4f9b-8f08-e7371822dbfc;pcre2_compile_context_create_8;0x1040c;0x1034c;0x1033c;TransmitterType.CODE_LOAD;17;1;False;['0x1040c', '0x1032c', '0x1033c'];<BV64 LOAD_64[<BV64 x0>]_25>;64;[];[];['<BV64 x0>'];"[""<BV64 x0>: ['0x0']""]";[];['<BV64 x0>'];[];0;18446744073709551615;18446744073709551615;1;;;True;0;18446744073709551615;18446744073709551615;1;;;True;ControlType.CONTROLLED;1;;0;[];[];[];[];[];[];[];0.0;0.0;0.0;0.0;;;False;0.0;0.0;0.0;0.0;;;False;ControlType.UNKNOWN;0;;0;[];[];[];[];[];[];[];0;0;0;;;;False;0.0;0.0;0.0;0.0;;;False;ControlType.UNKNOWN;0;<BV64 LOAD_64[<BV64 x0>]_25>;64;[];[];['<BV64 x0>'];"[""<BV64 x0>: ['0x0']""]";[];['<BV64 x0>'];[];0.0;1.8446744073709552e+19;18446744073709551615;1;;;True;0.0;1.8446744073709552e+19;18446744073709551615;1;;;True;ControlType.CONTROLLED;1;<BV64 x0>;64;[('0x10338', <Bool x0 != 0x0>, 'Taken')];[];['<BV64 x0>'];[];['<BV64 x0>'];[];[];0.0;1.8446744073709552e+19;1.8446744073709552e+19;1.0;;;True;1.0;1.8446744073709552e+19;1.8446744073709552e+19;1.0;;;True;ControlType.CONTROLLED;0;<BV64 LOAD_64[<BV64 x0>]_25>;64;[];[];[];[];[];[];[];0;0;0;;;;False;0;0;0;;;;False;ControlType.UNKNOWN;1;[('0x10338', <Bool x0 != 0x0>, 'Taken'), ('0x10428', <Bool True>, 'Taken')];{'regs': ['<BV64 x0>'], 'indirect_regs': [], 'direct_regs': ['<BV64 x0>'], 'mem': [], 'const_mem': []};[];{'regs': [], 'indirect_regs': [], 'direct_regs': [], 'mem': [], 'const_mem': []};{'regs': ['<BV64 x0>'], 'indirect_regs': [], 'direct_regs': ['<BV64 x0>'], 'mem': ['<BV64 x0>'], 'const_mem': []};{'regs': ['<BV64 x0>'], 'indirect_regs': [], 'direct_regs': ['<BV64 x0>'], 'mem': ['<BV64 x0>'], 'const_mem': []};63.0;0.0;64.0;64.0;[];;;;BaseControlType.NO_BASE;BaseControlType.NO_BASE;BaseControlType.NO_BASE;2;BranchControlType.BRANCH_DEPENDS_ON_SECRET_ADDRESS;BranchControlType.BRANCH_INDEPENDENT_FROM_SECRET;66380;True;False;True;True;True;False;False;True;True;False;False;False;True;False;True;True;True;False;True;False;[];['has_valid_base'];True;False;True;True;True;False;False;True;True;False;False;False;True;False;True;True;True;False;True;False;[];['has_valid_base']
764b412e-57de-4205-9abc-8e219342eb26;pcre2_substring_copy_bynumber_8;0x59af0;0x59a10;0x0;TransmitterType.LOAD;22;0;False;['0x59af0', '0x59a00'];<BV64 0x5c + x0>;64;[];[];['<BV64 x0>'];[];['<BV64 x0>'];[];[];0;18446744073709551615;18446744073709551615;1;;;True;0;18446744073709551615;18446744073709551615;1;;;True;ControlType.CONTROLLED;0;<BV64 0x5c>;64;[];[];[];[];[];[];[];92.0;92.0;0.0;1.0;;;True;92.0;92.0;0.0;1.0;;;True;ControlType.NO_CONTROL;0;<BV64 0x5c>;64;[];[];[];[];[];[];[];92;92;0;1.0;;;True;92.0;92.0;0.0;1.0;;;True;ControlType.NO_CONTROL;0;<BV64 x0>;64;[];[];['<BV64 x0>'];[];['<BV64 x0>'];[];[];0.0;1.8446744073709552e+19;18446744073709551615;1;;;True;0.0;1.8446744073709552e+19;18446744073709551615;1;;;True;ControlType.CONTROLLED;0;<BV64 x0>;64;[];[];['<BV64 x0>'];[];['<BV64 x0>'];[];[];0.0;1.8446744073709552e+19;1.8446744073709552e+19;1.0;;;True;0.0;1.8446744073709552e+19;1.8446744073709552e+19;1.0;;;True;ControlType.CONTROLLED;0;<BV64 x0>;64;[];[];[];[];[];[];[];0;0;0;;;;False;0;0;0;;;;False;ControlType.UNKNOWN;0;[('0x59b30', <Bool True>, 'Taken')];{'regs': [], 'indirect_regs': [], 'direct_regs': [], 'mem': [], 'const_mem': []};[];{'regs': [], 'indirect_regs': [], 'direct_regs': [], 'mem': [], 'const_mem': []};{'regs': ['<BV64 x0>'], 'indirect_regs': [], 'direct_regs': ['<BV64 x0>'], 'mem': [], 'const_mem': []};{'regs': ['<BV64 x0>'], 'indirect_regs': [], 'direct_regs': ['<BV64 x0>'], 'mem': [], 'const_mem': []};63.0;0.0;64.0;64.0;[];;;;BaseControlType.CONSTANT_BASE;BaseControlType.CONSTANT_BASE;BaseControlType.CONSTANT_BASE;1;BranchControlType.BRANCH_INDEPENDENT_FROM_SECRET;BranchControlType.BRANCH_INDEPENDENT_FROM_SECRET;367120;True;False;True;True;True;False;False;True;True;False;False;False;True;False;True;False;True;False;True;False;[];['has_valid_base'];True;False;True;True;True;False;False;True;True;False;False;False;True;False;True;False;True;False;True;False;[];['has_valid_base']
e8898411-3840-4d5a-89db-9aba3af1f413;pcre2_substring_copy_bynumber_8;0x59af0;0x59a20;0x0;TransmitterType.LOAD;26;0;False;['0x59af0', '0x59a00', '0x59a1c', '0x59a20'];<BV64 0x58 + x0>;64;[];[];['<BV64 x0>'];[];['<BV64 x0>'];[];[];0;18446744073709551615;18446744073709551615;1;;;True;0;18446744073709551615;18446744073709551615;1;;;True;ControlType.CONTROLLED;0;<BV64 0x58>;64;[];[];[];[];[];[];[];88.0;88.0;0.0;1.0;;;True;88.0;88.0;0.0;1.0;;;True;ControlType.NO_CONTROL;0;<BV64 0x58>;64;[];[];[];[];[];[];[];88;88;0;1.0;;;True;88.0;88.0;0.0;1.0;;;True;ControlType.NO_CONTROL;0;<BV64 x0>;64;[];[];['<BV64 x0>'];[];['<BV64 x0>'];[];[];0.0;1.8446744073709552e+19;18446744073709551615;1;;;True;0.0;1.8446744073709552e+19;18446744073709551615;1;;;True;ControlType.CONTROLLED;0;<BV64 x0>;64;[];[];['<BV64 x0>'];[];['<BV64 x0>'];[];[];0.0;1.8446744073709552e+19;1.8446744073709552e+19;1.0;;;True;0.0;1.8446744073709552e+19;1.8446744073709552e+19;1.0;;;True;ControlType.CONTROLLED;0;<BV64 x0>;64;[];[];[];[];[];[];[];0;0;0;;;;False;0;0;0;;;;False;ControlType.UNKNOWN;0;[('0x59a18', <Bool LOAD_32[<BV64 x0 + 0x5c>]_31 + 0x2 != 0x0>, 'Taken'), ('0x59a1c', <Bool (LShR(0x0 .. LOAD_32[<BV64 x0 + 0x5c>]_31, 0x1f)[7:0] & 1) == 0>, 'Taken'), ('0x59b30', <Bool True>, 'Taken')];"{'regs': ['<BV64 x0>', '<BV64 x0>'], 'indirect_regs': [""<BV64 x0>: ['0x5c']"", ""<BV64 x0>: ['0x5c']""], 'direct_regs': [], 'mem': ['<BV64 x0 + 0x5c>', '<BV64 x0 + 0x5c>'], 'const_mem': []}";[];{'regs': [], 'indirect_regs': [], 'direct_regs': [], 'mem': [], 'const_mem': []};{'regs': ['<BV64 x0>'], 'indirect_regs': [], 'direct_regs': ['<BV64 x0>'], 'mem': [], 'const_mem': []};"{'regs': ['<BV64 x0>', '<BV64 x0>', '<BV64 x0>'], 'indirect_regs': [""<BV64 x0>: ['0x5c']"", ""<BV64 x0>: ['0x5c']""], 'direct_regs': ['<BV64 x0>'], 'mem': ['<BV64 x0 + 0x5c>', '<BV64 x0 + 0x5c>'], 'const_mem': []}";63.0;0.0;64.0;64.0;[];;;;BaseControlType.CONSTANT_BASE;BaseControlType.CONSTANT_BASE;BaseControlType.CONSTANT_BASE;3;BranchControlType.BRANCH_INDEPENDENT_FROM_SECRET;BranchControlType.BRANCH_INDEPENDENT_FROM_SECRET;367136;True;False;True;True;True;False;False;True;True;False;False;False;True;False;True;False;True;False;True;False;[];['has_valid_base'];True;False;True;True;True;False;False;True;True;False;False;False;True;False;True;False;True;False;True;False;[];['has_valid_base']
5dbd29ff-9cb2-4215-a7c4-d533c4338903;pcre2_substring_copy_bynumber_8;0x59af0;0x59a2c;0x0;TransmitterType.LOAD;29;0;False;['0x59af0', '0x59a00', '0x59a1c', '0x59a20', '0x59a2c'];<BV64 0x18 + x0>;64;[];[];['<BV64 x0>'];[];['<BV64 x0>'];[];[];0;18446744073709551615;18446744073709551615;1;;;True;0;18446744073709551615;18446744073709551615;1;;;True;ControlType.CONTROLLED;0;<BV64 0x18>;64;[];[];[];[];[];[];[];24.0;24.0;0.0;1.0;;;True;24.0;24.0;0.0;1.0;;;True;ControlType.NO_CONTROL;0;<BV64 0x18>;64;[];[];[];[];[];[];[];24;24;0;1.0;;;True;24.0;24.0;0.0;1.0;;;True;ControlType.NO_CONTROL;0;<BV64 x0>;64;[];[];['<BV64 x0>'];[];['<BV64 x0>'];[];[];0.0;1.8446744073709552e+19;18446744073709551615;1;;;True;0.0;1.8446744073709552e+19;18446744073709551615;1;;;True;ControlType.CONTROLLED;0;<BV64 x0>;64;[];[];['<BV64 x0>'];[];['<BV64 x0>'];[];[];0.0;1.8446744073709552e+19;1.8446744073709552e+19;1.0;;;True;0.0;1.8446744073709552e+19;1.8446744073709552e+19;1.0;;;True;ControlType.CONTROLLED;0;<BV64 x0>;64;[];[];[];[];[];[];[];0;0;0;;;;False;0;0;0;;;;False;ControlType.UNKNOWN;0;[('0x59a18', <Bool LOAD_32[<BV64 x0 + 0x5c>]_31 + 0x2 != 0x0>, 'Taken'), ('0x59a1c', <Bool (LShR(0x0 .. LOAD_32[<BV64 x0 + 0x5c>]_31, 0x1f)[7:0] & 1) == 0>, 'Taken'), ('0x59a28', <Bool LOAD_8[<BV64 x0 + 0x58>]_32 != 1>, 'Taken'), ('0x59b30', <Bool True>, 'Taken')];"{'regs': ['<BV64 x0>', '<BV64 x0>'], 'indirect_regs': [""<BV64 x0>: ['0x58', '0x5c']"", ""<BV64 x0>: ['0x5c']""], 'direct_regs': [], 'mem': ['<BV64 x0 + 0x58>', '<BV64 x0 + 0x5c>', '<BV64 x0 + 0x5c>'], 'const_mem': []}";[];{'regs': [], 'indirect_regs': [], 'direct_regs': [], 'mem': [], 'const_mem': []};{'regs': ['<BV64 x0>'], 'indirect_regs': [], 'direct_regs': ['<BV64 x0>'], 'mem': [], 'const_mem': []};"{'regs': ['<BV64 x0>', '<BV64 x0>', '<BV64 x0>'], 'indirect_regs': [""<BV64 x0>: ['0x58', '0x5c']"", ""<BV64 x0>: ['0x5c']""], 'direct_regs': ['<BV64 x0>'], 'mem': ['<BV64 x0 + 0x58>', '<BV64 x0 + 0x5c>', '<BV64 x0 + 0x5c>'], 'const_mem': []}";63.0;0.0;64.0;64.0;[];;;;BaseControlType.CONSTANT_BASE;BaseControlType.CONSTANT_BASE;BaseControlType.CONSTANT_BASE;4;BranchControlType.BRANCH_INDEPENDENT_FROM_SECRET;BranchControlType.BRANCH_INDEPENDENT_FROM_SECRET;367148;True;False;True;True;True;False;False;True;True;False;False;False;True;False;True;False;True;False;True;False;[];['has_valid_base'];True;False;True;True;True;False;False;True;True;False;False;False;True;False;True;False;True;False;True;False;[];['has_valid_base']
02332551-863b-4dba-9338-0b09a8d949e0;pcre2_substring_copy_bynumber_8;0x59af0;0x59a30;0x59a2c;TransmitterType.LOAD;30;1;False;['0x59af0', '0x59a00', '0x59a1c', '0x59a20', '0x59a2c'];<BV64 0x80 + LOAD_64[<BV64 x0 + 0x18>]_33>;64;[];[];['<BV64 x0>'];"[""<BV64 x0>: ['0x18']""]";[];['<BV64 x0 + 0x18>'];[];0;18446744073709551615;18446744073709551615;1;;;True;0;18446744073709551615;18446744073709551615;1;;;True;ControlType.CONTROLLED;1;<BV64 0x80>;64;[];[];[];[];[];[];[];128.0;128.0;0.0;1.0;;;True;128.0;128.0;0.0;1.0;;;True;ControlType.NO_CONTROL;0;<BV64 0x80>;64;[];[];[];[];[];[];[];128;128;0;1.0;;;True;128.0;128.0;0.0;1.0;;;True;ControlType.NO_CONTROL;0;<BV64 LOAD_64[<BV64 x0 + 0x18>]_33>;64;[];[];['<BV64 x0>'];"[""<BV64 x0>: ['0x18']""]";[];['<BV64 x0 + 0x18>'];[];0.0;1.8446744073709552e+19;18446744073709551615;1;;;True;0.0;1.8446744073709552e+19;18446744073709551615;1;;;True;ControlType.CONTROLLED;1;<BV64 x0 + 0x18>;64;[];[];['<BV64 x0>'];[];['<BV64 x0>'];[];[];0.0;1.8446744073709552e+19;1.8446744073709552e+19;1.0;;;True;0.0;1.8446744073709552e+19;1.8446744073709552e+19;1.0;;;True;ControlType.CONTROLLED;0;<BV64 LOAD_64[<BV64 x0 + 0x18>]_33>;64;[];[];[];[];[];[];[];0;0;0;;;;False;0;0;0;;;;False;ControlType.UNKNOWN;1;[('0x59a18', <Bool LOAD_32[<BV64 x0 + 0x5c>]_31 + 0x2 != 0x0>, 'Taken'), ('0x59a1c', <Bool (LShR(0x0 .. LOAD_32[<BV64 x0 + 0x5c>]_31, 0x1f)[7:0] & 1) == 0>, 'Taken'), ('0x59a28', <Bool LOAD_8[<BV64 x0 + 0x58>]_32 != 1>, 'Taken'), ('0x59b30', <Bool True>, 'Taken')];"{'regs': ['<BV64 x0>', '<BV64 x0>'], 'indirect_regs': [""<BV64 x0>: ['0x58', '0x5c']"", ""<BV64 x0>: ['0x5c']""], 'direct_regs': [], 'mem': ['<BV64 x0 + 0x58>', '<BV64 x0 + 0x5c>', '<BV64 x0 + 0x5c>'], 'const_mem': []}";[];{'regs': [], 'indirect_regs': [], 'direct_regs': [], 'mem': [], 'const_mem': []};{'regs': ['<BV64 x0>'], 'indirect_regs': [], 'direct_regs': ['<BV64 x0>'], 'mem': ['<BV64 x0 + 0x18>'], 'const_mem': []};"{'regs': ['<BV64 x0>', '<BV64 x0>'], 'indirect_regs': [""<BV64 x0>: ['0x58', '0x5c']""], 'direct_regs': ['<BV64 x0>'], 'mem': ['<BV64 x0 + 0x18>', '<BV64 x0 + 0x58>', '<BV64 x0 + 0x5c>', '<BV64 x0 + 0x5c>'], 'const_mem': []}";63.0;0.0;64.0;64.0;[];;;;BaseControlType.CONSTANT_BASE;BaseControlType.CONSTANT_BASE;BaseControlType.CONSTANT_BASE;4;BranchControlType.BRANCH_DEPENDS_ON_SECRET_ADDRESS;BranchControlType.BRANCH_INDEPENDENT_FROM_SECRET;367152;True;False;True;True;True;False;False;True;True;False;False;False;True;False;True;True;True;False;True;False;[];['has_valid_base'];True;False;True;True;True;False;False;True;True;False;False;False;True;False;True;True;True;False;True;False;[];['has_valid_base']
cbdf264a-bf73-48a0-964b-6fa046ffca77;pcre2_substring_copy_bynumber_8;0x59af0;0x59aac;0x0;TransmitterType.LOAD;29;0;False;['0x59af0', '0x59a00', '0x59a1c', '0x59a20', '0x59aac'];<BV64 0x5a + x0>;64;[];[];['<BV64 x0>'];[];['<BV64 x0>'];[];[];0;18446744073709551615;18446744073709551615;1;;;True;0;18446744073709551615;18446744073709551615;1;;;True;ControlType.CONTROLLED;0;<BV64 0x5a>;64;[];[];[];[];[];[];[];90.0;90.0;0.0;1.0;;;True;90.0;90.0;0.0;1.0;;;True;ControlType.NO_CONTROL;0;<BV64 0x5a>;64;[];[];[];[];[];[];[];90;90;0;1.0;;;True;90.0;90.0;0.0;1.0;;;True;ControlType.NO_CONTROL;0;<BV64 x0>;64;[];[];['<BV64 x0>'];[];['<BV64 x0>'];[];[];0.0;1.8446744073709552e+19;18446744073709551615;1;;;True;0.0;1.8446744073709552e+19;18446744073709551615;1;;;True;ControlType.CONTROLLED;0;<BV64 x0>;64;[];[];['<BV64 x0>'];[];['<BV64 x0>'];[];[];0.0;1.8446744073709552e+19;1.8446744073709552e+19;1.0;;;True;0.0;1.8446744073709552e+19;1.8446744073709552e+19;1.0;;;True;ControlType.CONTROLLED;0;<BV64 x0>;64;[];[];[];[];[];[];[];0;0;0;;;;False;0;0;0;;;;False;ControlType.UNKNOWN;0;[('0x59a18', <Bool LOAD_32[<BV64 x0 + 0x5c>]_31 + 0x2 != 0x0>, 'Taken'), ('0x59a1c', <Bool (LShR(0x0 .. LOAD_32[<BV64 x0 + 0x5c>]_31, 0x1f)[7:0] & 1) == 0>, 'Taken'), ('0x59a28', <Bool LOAD_8[<BV64 x0 + 0x58>]_32 == 1>, 'Taken'), ('0x59b30', <Bool True>, 'Taken')];"{'regs': ['<BV64 x0>', '<BV64 x0>'], 'indirect_regs': [""<BV64 x0>: ['0x58', '0x5c']"", ""<BV64 x0>: ['0x5c']""], 'direct_regs': [], 'mem': ['<BV64 x0 + 0x58>', '<BV64 x0 + 0x5c>', '<BV64 x0 + 0x5c>'], 'const_mem': []}";[];{'regs': [], 'indirect_regs': [], 'direct_regs': [], 'mem': [], 'const_mem': []};{'regs': ['<BV64 x0>'], 'indirect_regs': [], 'direct_regs': ['<BV64 x0>'], 'mem': [], 'const_mem': []};"{'regs': ['<BV64 x0>', '<BV64 x0>'], 'indirect_regs': [""<BV64 x0>: ['0x58', '0x5c']""], 'direct_regs': ['<BV64 x0>'], 'mem': ['<BV64 x0 + 0x58>', '<BV64 x0 + 0x5c>', '<BV64 x0 + 0x5c>'], 'const_mem': []}";63.0;0.0;64.0;64.0;[];;;;BaseControlType.CONSTANT_BASE;BaseControlType.CONSTANT_BASE;BaseControlType.CONSTANT_BASE;4;BranchControlType.BRANCH_DEPENDS_ON_SECRET_VALUE;BranchControlType.BRANCH_INDEPENDENT_FROM_SECRET;367276;True;False;True;True;True;False;False;True;True;False;False;False;True;False;True;True;True;False;True;False;[];['has_valid_base'];True;False;True;True;True;False;False;True;True;False;False;False;True;False;True;True;True;False;True;False;[];['has_valid_base']
95eaa76f-333a-4816-ada0-bfc1f1858649;pcre2_substring_copy_bynumber_8;0x59af0;0x59a90;0x0;TransmitterType.LOAD;26;0;False;['0x59af0', '0x59a00', '0x59a8c', '0x59a90'];<BV64 0x58 + x0>;64;[];[];['<BV64 x0>'];[];['<BV64 x0>'];[];[];0;18446744073709551615;18446744073709551615;1;;;True;0;18446744073709551615;18446744073709551615;1;;;True;ControlType.CONTROLLED;0;<BV64 0x58>;64;[];[];[];[];[];[];[];88.0;88.0;0.0;1.0;;;True;88.0;88.0;0.0;1.0;;;True;ControlType.NO_CONTROL;0;<BV64 0x58>;64;[];[];[];[];[];[];[];88;88;0;1.0;;;True;88.0;88.0;0.0;1.0;;;True;ControlType.NO_CONTROL;0;<BV64 x0>;64;[];[];['<BV64 x0>'];[];['<BV64 x0>'];[];[];0.0;1.8446744073709552e+19;18446744073709551615;1;;;True;0.0;1.8446744073709552e+19;18446744073709551615;1;;;True;ControlType.CONTROLLED;0;<BV64 x0>;64;[];[];['<BV64 x0>'];[];['<BV64 x0>'];[];[];0.0;1.8446744073709552e+19;1.8446744073709552e+19;1.0;;;True;0.0;1.8446744073709552e+19;1.8446744073709552e+19;1.0;;;True;ControlType.CONTROLLED;0;<BV64 x0>;64;[];[];[];[];[];[];[];0;0;0;;;;False;0;0;0;;;;False;ControlType.UNKNOWN;0;[('0x59a18', <Bool LOAD_32[<BV64 x0 + 0x5c>]_31 + 0x2 == 0x0>, 'Taken'), ('0x59a8c', <Bool x1[31:0] == 0x0>, 'Taken'), ('0x59b30', <Bool True>, 'Taken')];"{'regs': ['<BV64 x0>', '<BV64 x1>'], 'indirect_regs': [""<BV64 x0>: ['0x5c']""], 'direct_regs': ['<BV64 x1>'], 'mem': ['<BV64 x0 + 0x5c>'], 'const_mem': []}";[];{'regs': [], 'indirect_regs': [], 'direct_regs': [], 'mem': [], 'const_mem': []};{'regs': ['<BV64 x0>'], 'indirect_regs': [], 'direct_regs': ['<BV64 x0>'], 'mem': [], 'const_mem': []};"{'regs': ['<BV64 x0>', '<BV64 x0>', '<BV64 x1>'], 'indirect_regs': [""<BV64 x0>: ['0x5c']""], 'direct_regs': ['<BV64 x0>', '<BV64 x1>'], 'mem': ['<BV64 x0 + 0x5c>'], 'const_mem': []}";63.0;0.0;64.0;64.0;[];;;;BaseControlType.CONSTANT_BASE;BaseControlType.CONSTANT_BASE;BaseControlType.CONSTANT_BASE;3;BranchControlType.BRANCH_INDEPENDENT_FROM_SECRET;BranchControlType.BRANCH_INDEPENDENT_FROM_SECRET;367248;True;False;True;True;True;False;False;True;True;False;False;False;True;False;True;False;True;False;True;False;[];['has_valid_base'];True;False;True;True;True;False;False;True;True;False;False;False;True;False;True;False;True;False;True;False;[];['has_valid_base']
40263212-8481-4d55-8af5-9f898fc66e89;pcre2_substring_copy_bynumber_8;0x59af0;0x59a9c;0x0;TransmitterType.LOAD;29;0;False;['0x59af0', '0x59a00', '0x59a8c', '0x59a90', '0x59a9c'];<BV64 0x5a + x0>;64;[];[];['<BV64 x0>'];[];['<BV64 x0>'];[];[];0;18446744073709551615;18446744073709551615;1;;;True;0;18446744073709551615;18446744073709551615;1;;;True;ControlType.CONTROLLED;0;<BV64 0x5a>;64;[];[];[];[];[];[];[];90.0;90.0;0.0;1.0;;;True;90.0;90.0;0.0;1.0;;;True;ControlType.NO_CONTROL;0;<BV64 0x5a>;64;[];[];[];[];[];[];[];90;90;0;1.0;;;True;90.0;90.0;0.0;1.0;;;True;ControlType.NO_CONTROL;0;<BV64 x0>;64;[];[];['<BV64 x0>'];[];['<BV64 x0>'];[];[];0.0;1.8446744073709552e+19;18446744073709551615;1;;;True;0.0;1.8446744073709552e+19;18446744073709551615;1;;;True;ControlType.CONTROLLED;0;<BV64 x0>;64;[];[];['<BV64 x0>'];[];['<BV64 x0>'];[];[];0.0;1.8446744073709552e+19;1.8446744073709552e+19;1.0;;;True;0.0;1.8446744073709552e+19;1.8446744073709552e+19;1.0;;;True;ControlType.CONTROLLED;0;<BV64 x0>;64;[];[];[];[];[];[];[];0;0;0;;;;False;0;0;0;;;;False;ControlType.UNKNOWN;0;[('0x59a18', <Bool LOAD_32[<BV64 x0 + 0x5c>]_31 + 0x2 == 0x0>, 'Taken'), ('0x59a8c', <Bool x1[31:0] == 0x0>, 'Taken'), ('0x59a98', <Bool LOAD_8[<BV64 x0 + 0x58>]_38 == 1>, 'Taken'), ('0x59b30', <Bool True>, 'Taken')];"{'regs': ['<BV64 x0>', '<BV64 x1>'], 'indirect_regs': [""<BV64 x0>: ['0x58', '0x5c']""], 'direct_regs': ['<BV64 x1>'], 'mem': ['<BV64 x0 + 0x58>', '<BV64 x0 + 0x5c>'], 'const_mem': []}";[];{'regs': [], 'indirect_regs': [], 'direct_regs': [], 'mem': [], 'const_mem': []};{'regs': ['<BV64 x0>'], 'indirect_regs': [], 'direct_regs': ['<BV64 x0>'], 'mem': [], 'const_mem': []};"{'regs': ['<BV64 x0>', '<BV64 x0>', '<BV64 x1>'], 'indirect_regs': [""<BV64 x0>: ['0x58', '0x5c']""], 'direct_regs': ['<BV64 x0>', '<BV64 x1>'], 'mem': ['<BV64 x0 + 0x58>', '<BV64 x0 + 0x5c>'], 'const_mem': []}";63.0;0.0;64.0;64.0;[];;;;BaseControlType.CONSTANT_BASE;BaseControlType.CONSTANT_BASE;BaseControlType.CONSTANT_BASE;4;BranchControlType.BRANCH_INDEPENDENT_FROM_SECRET;BranchControlType.BRANCH_INDEPENDENT_FROM_SECRET;367260;True;False;True;True;True;False;False;True;True;False;False;False;True;False;True;False;True;False;True;False;[];['has_valid_base'];True;False;True;True;True;False;False;True;True;False;False;False;True;False;True;False;True;False;True;False;[];['has_valid_base']
5277776e-f303-4426-a6f9-101082cb5c94;pcre2_substring_copy_bynumber_8;0x59af0;0x59a3c;0x0;TransmitterType.LOAD;29;0;False;['0x59af0', '0x59a00', '0x59a8c', '0x59a90', '0x59a3c'];<BV64 0x5a + x0>;64;[];[];['<BV64 x0>'];[];['<BV64 x0>'];[];[];0;18446744073709551615;18446744073709551615;1;;;True;0;18446744073709551615;18446744073709551615;1;;;True;ControlType.CONTROLLED;0;<BV64 0x5a>;64;[];[];[];[];[];[];[];90.0;90.0;0.0;1.0;;;True;90.0;90.0;0.0;1.0;;;True;ControlType.NO_CONTROL;0;<BV64 0x5a>;64;[];[];[];[];[];[];[];90;90;0;1.0;;;True;90.0;90.0;0.0;1.0;;;True;ControlType.NO_CONTROL;0;<BV64 x0>;64;[];[];['<BV64 x0>'];[];['<BV64 x0>'];[];[];0.0;1.8446744073709552e+19;18446744073709551615;1;;;True;0.0;1.8446744073709552e+19;18446744073709551615;1;;;True;ControlType.CONTROLLED;0;<BV64 x0>;64;[];[];['<BV64 x0>'];[];['<BV64 x0>'];[];[];0.0;1.8446744073709552e+19;1.8446744073709552e+19;1.0;;;True;0.0;1.8446744073709552e+19;1.8446744073709552e+19;1.0;;;True;ControlType.CONTROLLED;0;<BV64 x0>;64;[];[];[];[];[];[];[];0;0;0;;;;False;0;0;0;;;;False;ControlType.UNKNOWN;0;[('0x59a18', <Bool LOAD_32[<BV64 x0 + 0x5c>]_31 + 0x2 == 0x0>, 'Taken'), ('0x59a8c', <Bool x1[31:0] == 0x0>, 'Taken'), ('0x59a98', <Bool LOAD_8[<BV64 x0 + 0x58>]_38 != 1>, 'Taken'), ('0x59b30', <Bool True>, 'Taken')];"{'regs': ['<BV64 x0>', '<BV64 x1>'], 'indirect_regs': [""<BV64 x0>: ['0x58', '0x5c']""], 'direct_regs': ['<BV64 x1>'], 'mem': ['<BV64 x0 + 0x58>', '<BV64 x0 + 0x5c>'], 'const_mem': []}";[];{'regs': [], 'indirect_regs': [], 'direct_regs': [], 'mem': [], 'const_mem': []};{'regs': ['<BV64 x0>'], 'indirect_regs': [], 'direct_regs': ['<BV64 x0>'], 'mem': [], 'const_mem': []};"{'regs': ['<BV64 x0>', '<BV64 x0>', '<BV64 x1>'], 'indirect_regs': [""<BV64 x0>: ['0x58', '0x5c']""], 'direct_regs': ['<BV64 x0>', '<BV64 x1>'], 'mem': ['<BV64 x0 + 0x58>', '<BV64 x0 + 0x5c>'], 'const_mem': []}";63.0;0.0;64.0;64.0;[];;;;BaseControlType.CONSTANT_BASE;BaseControlType.CONSTANT_BASE;BaseControlType.CONSTANT_BASE;4;BranchControlType.BRANCH_INDEPENDENT_FROM_SECRET;BranchControlType.BRANCH_INDEPENDENT_FROM_SECRET;367164;True;False;True;True;True;False;False;True;True;False;False;False;True;False;True;False;True;False;True;False;[];['has_valid_base'];True;False;True;True;True;False;False;True;True;False;False;False;True;False;True;False;True;False;True;False;[];['has_valid_base']
7582b4b2-c87a-40c0-b09e-10e221e24184;pcre2_serialize_get_number_of_codes_8;0x595e0;0x595f0;0x0;TransmitterType.LOAD;5;0;False;['0x595e0', '0x595f0'];<BV64 x0>;64;[('0x595ec', <Bool x0 != 0x0>, 'Taken')];[];['<BV64 x0>'];[];['<BV64 x0>'];[];[];0;18446744073709551615;18446744073709551615;1;;;True;1;18446744073709551615;18446744073709551614;1;;;True;ControlType.CONTROLLED;0;;0;[];[];[];[];[];[];[];0.0;0.0;0.0;0.0;;;False;0.0;0.0;0.0;0.0;;;False;ControlType.UNKNOWN;0;;0;[];[];[];[];[];[];[];0;0;0;;;;False;0.0;0.0;0.0;0.0;;;False;ControlType.UNKNOWN;0;<BV64 x0>;64;[('0x595ec', <Bool x0 != 0x0>, 'Taken')];[];['<BV64 x0>'];[];['<BV64 x0>'];[];[];0.0;1.8446744073709552e+19;18446744073709551615;1;;;True;1.0;1.8446744073709552e+19;18446744073709551614;1;;;True;ControlType.CONTROLLED;0;<BV64 x0>;64;[('0x595ec', <Bool x0 != 0x0>, 'Taken')];[];['<BV64 x0>'];[];['<BV64 x0>'];[];[];0.0;1.8446744073709552e+19;1.8446744073709552e+19;1.0;;;True;1.0;1.8446744073709552e+19;1.8446744073709552e+19;1.0;;;True;ControlType.CONTROLLED;0;<BV64 x0>;64;[];[];[];[];[];[];[];0;0;0;;;;False;0;0;0;;;;False;ControlType.UNKNOWN;0;[('0x595ec', <Bool x0 != 0x0>, 'Taken')];{'regs': ['<BV64 x0>'], 'indirect_regs': [], 'direct_regs': ['<BV64 x0>'], 'mem': [], 'const_mem': []};[];{'regs': [], 'indirect_regs': [], 'direct_regs': [], 'mem': [], 'const_mem': []};{'regs': ['<BV64 x0>'], 'indirect_regs': [], 'direct_regs': ['<BV64 x0>'], 'mem': [], 'const_mem': []};{'regs': ['<BV64 x0>'], 'indirect_regs': [], 'direct_regs': ['<BV64 x0>'], 'mem': [], 'const_mem': []};63.0;0.0;64.0;64.0;[];;;;BaseControlType.NO_BASE;BaseControlType.NO_BASE;BaseControlType.NO_BASE;1;BranchControlType.BRANCH_DEPENDS_ON_SECRET_VALUE;BranchControlType.BRANCH_INDEPENDENT_FROM_SECRET;366064;True;False;True;True;True;False;False;True;True;False;False;False;True;False;True;True;True;False;True;False;[];['has_valid_base'];True;False;True;True;True;False;False;True;True;False;False;False;True;False;True;True;True;False;True;False;[];['has_valid_base']
9820d860-4e00-409c-ba2d-71b6d81bcee6;pcre2_serialize_get_number_of_codes_8;0x595e0;0x59604;0x0;TransmitterType.LOAD;10;0;False;['0x595e0', '0x595f0', '0x59604'];<BV64 0x4 + x0>;64;[('0x595ec', <Bool x0 != 0x0>, 'Taken')];[];['<BV64 x0>'];[];['<BV64 x0>'];[];[];0;18446744073709551615;18446744073709551615;1;;;True;5;3;18446744073709551614;1;;;True;ControlType.CONTROLLED;0;<BV64 0x4>;64;[];[];[];[];[];[];[];4.0;4.0;0.0;1.0;;;True;4.0;4.0;0.0;1.0;;;True;ControlType.NO_CONTROL;0;<BV64 0x4>;64;[];[];[];[];[];[];[];4;4;0;1.0;;;True;4.0;4.0;0.0;1.0;;;True;ControlType.NO_CONTROL;0;<BV64 x0>;64;[('0x595ec', <Bool x0 != 0x0>, 'Taken')];[];['<BV64 x0>'];[];['<BV64 x0>'];[];[];0.0;1.8446744073709552e+19;18446744073709551615;1;;;True;1.0;1.8446744073709552e+19;18446744073709551614;1;;;True;ControlType.CONTROLLED;0;<BV64 x0>;64;[('0x595ec', <Bool x0 != 0x0>, 'Taken')];[];['<BV64 x0>'];[];['<BV64 x0>'];[];[];0.0;1.8446744073709552e+19;1.8446744073709552e+19;1.0;;;True;1.0;1.8446744073709552e+19;1.8446744073709552e+19;1.0;;;True;ControlType.CONTROLLED;0;<BV64 x0>;64;[];[];[];[];[];[];[];0;0;0;;;;False;0;0;0;;;;False;ControlType.UNKNOWN;0;[('0x595ec', <Bool x0 != 0x0>, 'Taken'), ('0x59600', <Bool LOAD_32[<BV64 x0>]_22 == 0x50523253>, 'Taken')];{'regs': ['<BV64 x0>'], 'indirect_regs': [], 'direct_regs': ['<BV64 x0>'], 'mem': ['<BV64 x0>'], 'const_mem': []};[];{'regs': [], 'indirect_regs': [], 'direct_regs': [], 'mem': [], 'const_mem': []};{'regs': ['<BV64 x0>'], 'indirect_regs': [], 'direct_regs': ['<BV64 x0>'], 'mem': [], 'const_mem': []};{'regs': ['<BV64 x0>'], 'indirect_regs': [], 'direct_regs': ['<BV64 x0>'], 'mem': ['<BV64 x0>'], 'const_mem': []};63.0;0.0;64.0;64.0;[];;;;BaseControlType.CONSTANT_BASE;BaseControlType.CONSTANT_BASE;BaseControlType.CONSTANT_BASE;2;BranchControlType.BRANCH_DEPENDS_ON_SECRET_VALUE;BranchControlType.BRANCH_INDEPENDENT_FROM_SECRET;366084;True;False;True;True;True;False;False;True;True;False;False;False;True;False;True;True;True;False;True;False;[];['has_valid_base'];True;False;True;True;True;False;False;True;True;False;False;False;True;False;True;True;True;False;True;False;[];['has_valid_base']
5163a853-af10-4b9f-9d3b-8c1f24855c92;pcre2_serialize_get_number_of_codes_8;0x595e0;0x59614;0x0;TransmitterType.LOAD;14;0;False;['0x595e0', '0x595f0', '0x59604', '0x59614'];<BV64 0x8 + x0>;64;[];[];['<BV64 x0>'];[];['<BV64 x0>'];[];[];0;18446744073709551615;18446744073709551615;1;;;True;0;18446744073709551615;18446744073709551615;1;;;True;ControlType.CONTROLLED;0;<BV64 0x8>;64;[];[];[];[];[];[];[];8.0;8.0;0.0;1.0;;;True;8.0;8.0;0.0;1.0;;;True;ControlType.NO_CONTROL;0;<BV64 0x8>;64;[];[];[];[];[];[];[];8;8;0;1.0;;;True;8.0;8.0;0.0;1.0;;;True;ControlType.NO_CONTROL;0;<BV64 x0>;64;[];[];['<BV64 x0>'];[];['<BV64 x0>'];[];[];0.0;1.8446744073709552e+19;18446744073709551615;1;;;True;1.0;1.8446744073709552e+19;18446744073709551614;1;;;True;ControlType.CONTROLLED;0;<BV64 x0>;64;[];[];['<BV64 x0>'];[];['<BV64 x0>'];[];[];0.0;1.8446744073709552e+19;1.8446744073709552e+19;1.0;;;True;1.0;1.8446744073709552e+19;1.8446744073709552e+19;1.0;;;True;ControlType.CONTROLLED;0;<BV64 x0>;64;[];[];[];[];[];[];[];0;0;0;;;;False;0;0;0;;;;False;ControlType.UNKNOWN;0;[('0x595ec', <Bool x0 != 0x0>, 'Taken'), ('0x59600', <Bool LOAD_32[<BV64 x0>]_22 == 0x50523253>, 'Taken'), ('0x59610', <Bool LOAD_32[<BV64 x0 + 0x4>]_23 == 0x2a000a>, 'Taken')];{'regs': ['<BV64 x0>'], 'indirect_regs': [], 'direct_regs': ['<BV64 x0>'], 'mem': ['<BV64 x0 + 0x4>', '<BV64 x0>'], 'const_mem': []};[];{'regs': [], 'indirect_regs': [], 'direct_regs': [], 'mem': [], 'const_mem': []};{'regs': ['<BV64 x0>'], 'indirect_regs': [], 'direct_regs': ['<BV64 x0>'], 'mem': [], 'const_mem': []};{'regs': ['<BV64 x0>', '<BV64 x0>'], 'indirect_regs': [], 'direct_regs': ['<BV64 x0>', '<BV64 x0>'], 'mem': ['<BV64 x0 + 0x4>', '<BV64 x0>'], 'const_mem': []};63.0;0.0;64.0;64.0;[];;;;BaseControlType.CONSTANT_BASE;BaseControlType.CONSTANT_BASE;BaseControlType.CONSTANT_BASE;3;BranchControlType.BRANCH_INDEPENDENT_FROM_SECRET;BranchControlType.BRANCH_INDEPENDENT_FROM_SECRET;366100;True;False;True;True;True;False;False;True;True;False;False;False;True;False;True;False;True;False;True;False;[];['has_valid_base'];True;False;True;True;True;False;False;True;True;False;False;False;True;False;True;False;True;False;True;False;[];['has_valid_base']
c06132bb-b836-4781-8fe6-c66fb52295a4;pcre2_serialize_get_number_of_codes_8;0x595e0;0x59624;0x0;TransmitterType.LOAD;18;0;False;['0x595e0', '0x595f0', '0x59604', '0x59614', '0x59624'];<BV64 0xc + x0>;64;[('0x595ec', <Bool x0 != 0x0>, 'Taken')];[];['<BV64 x0>'];[];['<BV64 x0>'];[];[];0;18446744073709551615;18446744073709551615;1;;;True;13;11;18446744073709551614;1;;;True;ControlType.CONTROLLED;0;<BV64 0xc>;64;[];[];[];[];[];[];[];12.0;12.0;0.0;1.0;;;True;12.0;12.0;0.0;1.0;;;True;ControlType.NO_CONTROL;0;<BV64 0xc>;64;[];[];[];[];[];[];[];12;12;0;1.0;;;True;12.0;12.0;0.0;1.0;;;True;ControlType.NO_CONTROL;0;<BV64 x0>;64;[('0x595ec', <Bool x0 != 0x0>, 'Taken')];[];['<BV64 x0>'];[];['<BV64 x0>'];[];[];0.0;1.8446744073709552e+19;18446744073709551615;1;;;True;1.0;1.8446744073709552e+19;18446744073709551614;1;;;True;ControlType.CONTROLLED;0;<BV64 x0>;64;[('0x595ec', <Bool x0 != 0x0>, 'Taken')];[];['<BV64 x0>'];[];['<BV64 x0>'];[];[];0.0;1.8446744073709552e+19;1.8446744073709552e+19;1.0;;;True;1.0;1.8446744073709552e+19;1.8446744073709552e+19;1.0;;;True;ControlType.CONTROLLED;0;<BV64 x0>;64;[];[];[];[];[];[];[];0;0;0;;;;False;0;0;0;;;;False;ControlType.UNKNOWN;0;[('0x595ec', <Bool x0 != 0x0>, 'Taken'), ('0x59600', <Bool LOAD_32[<BV64 x0>]_22 == 0x50523253>, 'Taken'), ('0x59610', <Bool LOAD_32[<BV64 x0 + 0x4>]_23 == 0x2a000a>, 'Taken'), ('0x59620', <Bool LOAD_32[<BV64 x0 + 0x8>]_24 == 0x80801>, 'Taken')];{'regs': ['<BV64 x0>'], 'indirect_regs': [], 'direct_regs': ['<BV64 x0>'], 'mem': ['<BV64 x0 + 0x4>', '<BV64 x0 + 0x8>', '<BV64 x0>'], 'const_mem': []};[];{'regs': [], 'indirect_regs': [], 'direct_regs': [], 'mem': [], 'const_mem': []};{'regs': ['<BV64 x0>'], 'indirect_regs': [], 'direct_regs': ['<BV64 x0>'], 'mem': [], 'const_mem': []};{'regs': ['<BV64 x0>'], 'indirect_regs': [], 'direct_regs': ['<BV64 x0>'], 'mem': ['<BV64 x0 + 0x4>', '<BV64 x0 + 0x8>', '<BV64 x0>'], 'const_mem': []};63.0;0.0;64.0;64.0;[];;;;BaseControlType.CONSTANT_BASE;BaseControlType.CONSTANT_BASE;BaseControlType.CONSTANT_BASE;4;BranchControlType.BRANCH_DEPENDS_ON_SECRET_VALUE;BranchControlType.BRANCH_INDEPENDENT_FROM_SECRET;366116;True;False;True;True;True;False;False;True;True;False;False;False;True;False;True;True;True;False;True;False;[];['has_valid_base'];True;False;True;True;True;False;False;True;True;False;False;False;True;False;True;True;True;False;True;False;[];['has_valid_base']
27c614f1-3ef7-452c-9f56-12ebba6d2dca;pcre2_general_context_create_8;0x103a0;0x103e8;0x0;TransmitterType.CODE_LOAD;19;0;False;['0x103a0'];<BV64 x0>;64;[];[('0x103c4', <Bool x0 != 0x0>, 'ConditionType.CMOVE')];['<BV64 x0>'];[];['<BV64 x0>'];[];[];1;18446744073709551615;18446744073709551614;1;;;True;1;18446744073709551615;18446744073709551614;1;;;True;ControlType.CONTROLLED;0;;0;[];[];[];[];[];[];[];0.0;0.0;0.0;0.0;;;False;0.0;0.0;0.0;0.0;;;False;ControlType.UNKNOWN;0;;0;[];[];[];[];[];[];[];0;0;0;;;;False;0.0;0.0;0.0;0.0;;;False;ControlType.UNKNOWN;0;<BV64 x0>;64;[];[('0x103c4', <Bool x0 != 0x0>, 'ConditionType.CMOVE')];['<BV64 x0>'];[];['<BV64 x0>'];[];[];1.0;1.8446744073709552e+19;18446744073709551614;1;;;True;1.0;1.8446744073709552e+19;18446744073709551614;1;;;True;ControlType.CONTROLLED;0;<BV64 x0>;64;[];[('0x103c4', <Bool x0 != 0x0>, 'ConditionType.CMOVE')];['<BV64 x0>'];[];['<BV64 x0>'];[];[];1.0;1.8446744073709552e+19;1.8446744073709552e+19;1.0;;;True;1.0;1.8446744073709552e+19;1.8446744073709552e+19;1.0;;;True;ControlType.CONTROLLED;0;<BV64 x0>;64;[];[];[];[];[];[];[];0;0;0;;;;False;0;0;0;;;;False;ControlType.UNKNOWN;0;[];{'regs': [], 'indirect_regs': [], 'direct_regs': [], 'mem': [], 'const_mem': []};[('0x103c4', <Bool x0 != 0x0>, 'ConditionType.CMOVE')];{'regs': ['<BV64 x0>'], 'indirect_regs': [], 'direct_regs': ['<BV64 x0>'], 'mem': [], 'const_mem': []};{'regs': ['<BV64 x0>'], 'indirect_regs': [], 'direct_regs': ['<BV64 x0>'], 'mem': [], 'const_mem': []};{'regs': ['<BV64 x0>'], 'indirect_regs': [], 'direct_regs': ['<BV64 x0>'], 'mem': [], 'const_mem': []};63.0;0.0;64.0;64.0;[];;;;BaseControlType.NO_BASE;BaseControlType.NO_BASE;BaseControlType.NO_BASE;0;BranchControlType.BRANCH_INDEPENDENT_FROM_SECRET;BranchControlType.BRANCH_DEPENDS_ON_SECRET_VALUE;66536;True;False;True;False;True;False;False;True;True;False;False;False;True;False;True;False;True;False;True;False;[];['has_valid_base', 'is_cmove_independent_from_secret'];True;False;True;False;True;False;False;True;True;False;False;False;True;False;True;False;True;False;True;False;[];['has_valid_base', 'is_cmove_independent_from_secret']
fd091633-cbcc-40c0-b692-bde8a2fefc52;pcre2_substitute_8;0x5bc00;0x5bc18;0x0;TransmitterType.LOAD;7;0;False;['0x5bc00'];<BV64 0x58 + x0>;64;[];[];['<BV64 x0>'];[];['<BV64 x0>'];[];[];0;18446744073709551615;18446744073709551615;1;;;True;0;18446744073709551615;18446744073709551615;1;;;True;ControlType.CONTROLLED;0;<BV64 0x58>;64;[];[];[];[];[];[];[];88.0;88.0;0.0;1.0;;;True;88.0;88.0;0.0;1.0;;;True;ControlType.NO_CONTROL;0;<BV64 0x58>;64;[];[];[];[];[];[];[];88;88;0;1.0;;;True;88.0;88.0;0.0;1.0;;;True;ControlType.NO_CONTROL;0;<BV64 x0>;64;[];[];['<BV64 x0>'];[];['<BV64 x0>'];[];[];0.0;1.8446744073709552e+19;18446744073709551615;1;;;True;0.0;1.8446744073709552e+19;18446744073709551615;1;;;True;ControlType.CONTROLLED;0;<BV64 x0>;64;[];[];['<BV64 x0>'];[];['<BV64 x0>'];[];[];0.0;1.8446744073709552e+19;1.8446744073709552e+19;1.0;;;True;0.0;1.8446744073709552e+19;1.8446744073709552e+19;1.0;;;True;ControlType.CONTROLLED;0;<BV64 x0>;64;[];[];[];[];[];[];[];0;0;0;;;;False;0;0;0;;;;False;ControlType.UNKNOWN;0;[];{'regs': [], 'indirect_regs': [], 'direct_regs': [], 'mem': [], 'const_mem': []};[];{'regs': [], 'indirect_regs': [], 'direct_regs': [], 'mem': [], 'const_mem': []};{'regs': ['<BV64 x0>'], 'indirect_regs': [], 'direct_regs': ['<BV64 x0>'], 'mem': [], 'const_mem': []};{'regs': ['<BV64 x0>'], 'indirect_regs': [], 'direct_regs': ['<BV64 x0>'], 'mem': [], 'const_mem': []};63.0;0.0;64.0;64.0;[];;;;BaseControlType.CONSTANT_BASE;BaseControlType.CONSTANT_BASE;BaseControlType.CONSTANT_BASE;0;BranchControlType.BRANCH_INDEPENDENT_FROM_SECRET;BranchControlType.BRANCH_INDEPENDENT_FROM_SECRET;375832;True;False;True;True;True;False;False;True;True;False;False;False;True;False;True;False;True;False;True;False;[];['has_valid_base'];True;False;True;True;True;False;False;True;True;False;False;False;True;False;True;False;True;False;True;False;[];['has_valid_base']
eb9f0ecf-23f1-4bf1-8fb4-740e5350ae02;pcre2_set_callout_8;0x1086c;0x10880;0x0;TransmitterType.STORE;6;0;False;['0x1086c'];<BV64 0x28 + x0>;64;[];[];['<BV64 x0>'];[];['<BV64 x0>'];[];[];0;18446744073709551615;18446744073709551615;1;;;True;0;18446744073709551615;18446744073709551615;1;;;True;ControlType.CONTROLLED;0;<BV64 0x28>;64;[];[];[];[];[];[];[];40.0;40.0;0.0;1.0;;;True;40.0;40.0;0.0;1.0;;;True;ControlType.NO_CONTROL;0;<BV64 0x28>;64;[];[];[];[];[];[];[];40;40;0;1.0;;;True;40.0;40.0;0.0;1.0;;;True;ControlType.NO_CONTROL;0;<BV64 x0>;64;[];[];['<BV64 x0>'];[];['<BV64 x0>'];[];[];0.0;1.8446744073709552e+19;18446744073709551615;1;;;True;0.0;1.8446744073709552e+19;18446744073709551615;1;;;True;ControlType.CONTROLLED;0;<BV64 x0>;64;[];[];['<BV64 x0>'];[];['<BV64 x0>'];[];[];0.0;1.8446744073709552e+19;1.8446744073709552e+19;1.0;;;True;0.0;1.8446744073709552e+19;1.8446744073709552e+19;1.0;;;True;ControlType.CONTROLLED;0;<BV64 x0>;64;[];[];[];[];[];[];[];0;0;0;;;;False;0;0;0;;;;False;ControlType.UNKNOWN;0;[];{'regs': [], 'indirect_regs': [], 'direct_regs': [], 'mem': [], 'const_mem': []};[];{'regs': [], 'indirect_regs': [], 'direct_regs': [], 'mem': [], 'const_mem': []};{'regs': ['<BV64 x0>'], 'indirect_regs': [], 'direct_regs': ['<BV64 x0>'], 'mem': [], 'const_mem': []};{'regs': ['<BV64 x0>'], 'indirect_regs': [], 'direct_regs': ['<BV64 x0>'], 'mem': [], 'const_mem': []};63.0;0.0;64.0;64.0;[];;;;BaseControlType.CONSTANT_BASE;BaseControlType.CONSTANT_BASE;BaseControlType.CONSTANT_BASE;0;BranchControlType.BRANCH_INDEPENDENT_FROM_SECRET;BranchControlType.BRANCH_INDEPENDENT_FROM_SECRET;67712;True;False;True;True;True;False;False;True;True;False;False;False;True;False;True;False;True;False;True;False;[];['has_valid_base'];True;False;True;True;True;False;False;True;True;False;False;False;True;False;True;False;True;False;True;False;[];['has_valid_base']
336f07aa-410e-4bd2-bf1b-76cd8fa60c84;pcre2_set_callout_8;0x1086c;0x10880;0x0;TransmitterType.STORE;6;0;False;['0x1086c'];<BV64 0x30 + x0>;64;[];[];['<BV64 x0>'];[];['<BV64 x0>'];[];[];0;18446744073709551615;18446744073709551615;1;;;True;0;18446744073709551615;18446744073709551615;1;;;True;ControlType.CONTROLLED;0;<BV64 0x30>;64;[];[];[];[];[];[];[];48.0;48.0;0.0;1.0;;;True;48.0;48.0;0.0;1.0;;;True;ControlType.NO_CONTROL;0;<BV64 0x30>;64;[];[];[];[];[];[];[];48;48;0;1.0;;;True;48.0;48.0;0.0;1.0;;;True;ControlType.NO_CONTROL;0;<BV64 x0>;64;[];[];['<BV64 x0>'];[];['<BV64 x0>'];[];[];0.0;1.8446744073709552e+19;18446744073709551615;1;;;True;0.0;1.8446744073709552e+19;18446744073709551615;1;;;True;ControlType.CONTROLLED;0;<BV64 x0>;64;[];[];['<BV64 x0>'];[];['<BV64 x0>'];[];[];0.0;1.8446744073709552e+19;1.8446744073709552e+19;1.0;;;True;0.0;1.8446744073709552e+19;1.8446744073709552e+19;1.0;;;True;ControlType.CONTROLLED;0;<BV64 x0>;64;[];[];[];[];[];[];[];0;0;0;;;;False;0;0;0;;;;False;ControlType.UNKNOWN;0;[];{'regs': [], 'indirect_regs': [], 'direct_regs': [], 'mem': [], 'const_mem': []};[];{'regs': [], 'indirect_regs': [], 'direct_regs': [], 'mem': [], 'const_mem': []};{'regs': ['<BV64 x0>'], 'indirect_regs': [], 'direct_regs': ['<BV64 x0>'], 'mem': [], 'const_mem': []};{'regs': ['<BV64 x0>'], 'indirect_regs': [], 'direct_regs': ['<BV64 x0>'], 'mem': [], 'const_mem': []};63.0;0.0;64.0;64.0;[];;;;BaseControlType.CONSTANT_BASE;BaseControlType.CONSTANT_BASE;BaseControlType.CONSTANT_BASE;0;BranchControlType.BRANCH_INDEPENDENT_FROM_SECRET;BranchControlType.BRANCH_INDEPENDENT_FROM_SECRET;67712;True;False;True;True;True;False;False;True;True;False;False;False;True;False;True;False;True;False;True;False;[];['has_valid_base'];True;False;True;True;True;False;False;True;True;False;False;False;True;False;True;False;True;False;True;False;[];['has_valid_base']
4e147ffc-8e39-46f6-b216-b2518ffe7f65;pcre2_set_parens_nest_limit_8;0x10800;0x1081c;0x0;TransmitterType.STORE;9;0;False;['0x10800'];<BV64 0x3c + x0>;64;[];[];['<BV64 x0>'];[];['<BV64 x0>'];[];[];0;18446744073709551615;18446744073709551615;1;;;True;0;18446744073709551615;18446744073709551615;1;;;True;ControlType.CONTROLLED;0;<BV64 0x3c>;64;[];[];[];[];[];[];[];60.0;60.0;0.0;1.0;;;True;60.0;60.0;0.0;1.0;;;True;ControlType.NO_CONTROL;0;<BV64 0x3c>;64;[];[];[];[];[];[];[];60;60;0;1.0;;;True;60.0;60.0;0.0;1.0;;;True;ControlType.NO_CONTROL;0;<BV64 x0>;64;[];[];['<BV64 x0>'];[];['<BV64 x0>'];[];[];0.0;1.8446744073709552e+19;18446744073709551615;1;;;True;0.0;1.8446744073709552e+19;18446744073709551615;1;;;True;ControlType.CONTROLLED;0;<BV64 x0>;64;[];[];['<BV64 x0>'];[];['<BV64 x0>'];[];[];0.0;1.8446744073709552e+19;1.8446744073709552e+19;1.0;;;True;0.0;1.8446744073709552e+19;1.8446744073709552e+19;1.0;;;True;ControlType.CONTROLLED;0;<BV64 x0>;64;[];[];[];[];[];[];[];0;0;0;;;;False;0;0;0;;;;False;ControlType.UNKNOWN;0;[];{'regs': [], 'indirect_regs': [], 'direct_regs': [], 'mem': [], 'const_mem': []};[];{'regs': [], 'indirect_regs': [], 'direct_regs': [], 'mem': [], 'const_mem': []};{'regs': ['<BV64 x0>'], 'indirect_regs': [], 'direct_regs': ['<BV64 x0>'], 'mem': [], 'const_mem': []};{'regs': ['<BV64 x0>'], 'indirect_regs': [], 'direct_regs': ['<BV64 x0>'], 'mem': [], 'const_mem': []};63.0;0.0;64.0;64.0;[];;;;BaseControlType.CONSTANT_BASE;BaseControlType.CONSTANT_BASE;BaseControlType.CONSTANT_BASE;0;BranchControlType.BRANCH_INDEPENDENT_FROM_SECRET;BranchControlType.BRANCH_INDEPENDENT_FROM_SECRET;67612;True;False;True;True;True;False;False;True;True;False;False;False;True;False;True;False;True;False;True;False;[];['has_valid_base'];True;False;True;True;True;False;False;True;True;False;False;False;True;False;True;False;True;False;True;False;[];['has_valid_base']
b600f91b-6aca-47b5-9e65-11d7864fb4e8;pcre2_set_glob_escape_8;0x109c0;0x109ec;0x0;TransmitterType.STORE;12;0;False;['0x109c0', '0x109cc', '0x109e8'];<BV64 0x1c + x0>;64;[];[];['<BV64 x0>'];[];['<BV64 x0>'];[];[];0;18446744073709551615;18446744073709551615;1;;;True;0;18446744073709551615;18446744073709551615;1;;;True;ControlType.CONTROLLED;0;<BV64 0x1c>;64;[];[];[];[];[];[];[];28.0;28.0;0.0;1.0;;;True;28.0;28.0;0.0;1.0;;;True;ControlType.NO_CONTROL;0;<BV64 0x1c>;64;[];[];[];[];[];[];[];28;28;0;1.0;;;True;28.0;28.0;0.0;1.0;;;True;ControlType.NO_CONTROL;0;<BV64 x0>;64;[];[];['<BV64 x0>'];[];['<BV64 x0>'];[];[];0.0;1.8446744073709552e+19;18446744073709551615;1;;;True;0.0;1.8446744073709552e+19;18446744073709551615;1;;;True;ControlType.CONTROLLED;0;<BV64 x0>;64;[];[];['<BV64 x0>'];[];['<BV64 x0>'];[];[];0.0;1.8446744073709552e+19;1.8446744073709552e+19;1.0;;;True;0.0;1.8446744073709552e+19;1.8446744073709552e+19;1.0;;;True;ControlType.CONTROLLED;0;<BV64 x0>;64;[];[];[];[];[];[];[];0;0;0;;;;False;0;0;0;;;;False;ControlType.UNKNOWN;0;[('0x109c8', <Bool 0xff >= x1[31:0]>, 'Taken'), ('0x109e4', <Bool x1[31:0] == 0x0>, 'Taken')];{'regs': ['<BV64 x1>'], 'indirect_regs': [], 'direct_regs': ['<BV64 x1>'], 'mem': [], 'const_mem': []};[];{'regs': [], 'indirect_regs': [], 'direct_regs': [], 'mem': [], 'const_mem': []};{'regs': ['<BV64 x0>'], 'indirect_regs': [], 'direct_regs': ['<BV64 x0>'], 'mem': [], 'const_mem': []};{'regs': ['<BV64 x0>', '<BV64 x1>'], 'indirect_regs': [], 'direct_regs': ['<BV64 x0>', '<BV64 x1>'], 'mem': [], 'const_mem': []};63.0;0.0;64.0;64.0;[];;;;BaseControlType.CONSTANT_BASE;BaseControlType.CONSTANT_BASE;BaseControlType.CONSTANT_BASE;2;BranchControlType.BRANCH_INDEPENDENT_FROM_SECRET;BranchControlType.BRANCH_INDEPENDENT_FROM_SECRET;68076;True;False;True;True;True;False;False;True;True;False;False;False;True;False;True;False;True;False;True;False;[];['has_valid_base'];True;False;True;True;True;False;False;True;True;False;False;False;True;False;True;False;True;False;True;False;[];['has_valid_base']
4758cee4-40fa-4492-b470-32ff89f0f416;pcre2_convert_context_create_8;0x104e8;0x1033c;0x0;TransmitterType.LOAD;13;0;False;['0x104e8', '0x1032c', '0x1033c'];<BV64 x0>;64;[('0x10338', <Bool x0 != 0x0>, 'Taken')];[];['<BV64 x0>'];[];['<BV64 x0>'];[];[];0;18446744073709551615;18446744073709551615;1;;;True;1;18446744073709551615;18446744073709551614;1;;;True;ControlType.CONTROLLED;0;;0;[];[];[];[];[];[];[];0.0;0.0;0.0;0.0;;;False;0.0;0.0;0.0;0.0;;;False;ControlType.UNKNOWN;0;;0;[];[];[];[];[];[];[];0;0;0;;;;False;0.0;0.0;0.0;0.0;;;False;ControlType.UNKNOWN;0;<BV64 x0>;64;[('0x10338', <Bool x0 != 0x0>, 'Taken')];[];['<BV64 x0>'];[];['<BV64 x0>'];[];[];0.0;1.8446744073709552e+19;18446744073709551615;1;;;True;1.0;1.8446744073709552e+19;18446744073709551614;1;;;True;ControlType.CONTROLLED;0;<BV64 x0>;64;[('0x10338', <Bool x0 != 0x0>, 'Taken')];[];['<BV64 x0>'];[];['<BV64 x0>'];[];[];0.0;1.8446744073709552e+19;1.8446744073709552e+19;1.0;;;True;1.0;1.8446744073709552e+19;1.8446744073709552e+19;1.0;;;True;ControlType.CONTROLLED;0;<BV64 x0>;64;[];[];[];[];[];[];[];0;0;0;;;;False;0;0;0;;;;False;ControlType.UNKNOWN;0;[('0x10338', <Bool x0 != 0x0>, 'Taken'), ('0x10504', <Bool True>, 'Taken')];{'regs': ['<BV64 x0>'], 'indirect_regs': [], 'direct_regs': ['<BV64 x0>'], 'mem': [], 'const_mem': []};[];{'regs': [], 'indirect_regs': [], 'direct_regs': [], 'mem': [], 'const_mem': []};{'regs': ['<BV64 x0>'], 'indirect_regs': [], 'direct_regs': ['<BV64 x0>'], 'mem': [], 'const_mem': []};{'regs': ['<BV64 x0>'], 'indirect_regs': [], 'direct_regs': ['<BV64 x0>'], 'mem': [], 'const_mem': []};63.0;0.0;64.0;64.0;[];;;;BaseControlType.NO_BASE;BaseControlType.NO_BASE;BaseControlType.NO_BASE;2;BranchControlType.BRANCH_DEPENDS_ON_SECRET_VALUE;BranchControlType.BRANCH_INDEPENDENT_FROM_SECRET;66364;True;False;True;True;True;False;False;True;True;False;False;False;True;False;True;True;True;False;True;False;[];['has_valid_base'];True;False;True;True;True;False;False;True;True;False;False;False;True;False;True;True;True;False;True;False;[];['has_valid_base']
bd21c991-7bea-456f-8e6e-6789b9438f3d;pcre2_convert_context_create_8;0x104e8;0x10348;0x0;TransmitterType.LOAD;16;0;False;['0x104e8', '0x1032c', '0x1033c'];<BV64 0x10 + x0>;64;[];[];['<BV64 x0>'];[];['<BV64 x0>'];[];[];0;18446744073709551615;18446744073709551615;1;;;True;0;18446744073709551615;18446744073709551615;1;;;True;ControlType.CONTROLLED;0;<BV64 0x10>;64;[];[];[];[];[];[];[];16.0;16.0;0.0;1.0;;;True;16.0;16.0;0.0;1.0;;;True;ControlType.NO_CONTROL;0;<BV64 0x10>;64;[];[];[];[];[];[];[];16;16;0;1.0;;;True;16.0;16.0;0.0;1.0;;;True;ControlType.NO_CONTROL;0;<BV64 x0>;64;[];[];['<BV64 x0>'];[];['<BV64 x0>'];[];[];0.0;1.8446744073709552e+19;18446744073709551615;1;;;True;1.0;1.8446744073709552e+19;18446744073709551614;1;;;True;ControlType.CONTROLLED;0;<BV64 x0>;64;[];[];['<BV64 x0>'];[];['<BV64 x0>'];[];[];0.0;1.8446744073709552e+19;1.8446744073709552e+19;1.0;;;True;1.0;1.8446744073709552e+19;1.8446744073709552e+19;1.0;;;True;ControlType.CONTROLLED;0;<BV64 x0>;64;[];[];[];[];[];[];[];0;0;0;;;;False;0;0;0;;;;False;ControlType.UNKNOWN;0;[('0x10338', <Bool x0 != 0x0>, 'Taken'), ('0x10504', <Bool True>, 'Taken')];{'regs': ['<BV64 x0>'], 'indirect_regs': [], 'direct_regs': ['<BV64 x0>'], 'mem': [], 'const_mem': []};[];{'regs': [], 'indirect_regs': [], 'direct_regs': [], 'mem': [], 'const_mem': []};{'regs': ['<BV64 x0>'], 'indirect_regs': [], 'direct_regs': ['<BV64 x0>'], 'mem': [], 'const_mem': []};{'regs': ['<BV64 x0>', '<BV64 x0>'], 'indirect_regs': [], 'direct_regs': ['<BV64 x0>', '<BV64 x0>'], 'mem': [], 'const_mem': []};63.0;0.0;64.0;64.0;[];;;;BaseControlType.CONSTANT_BASE;BaseControlType.CONSTANT_BASE;BaseControlType.CONSTANT_BASE;2;BranchControlType.BRANCH_INDEPENDENT_FROM_SECRET;BranchControlType.BRANCH_INDEPENDENT_FROM_SECRET;66376;True;False;True;True;True;False;False;True;True;False;False;False;True;False;True;False;True;False;True;False;[];['has_valid_base'];True;False;True;True;True;False;False;True;True;False;False;False;True;False;True;False;True;False;True;False;[];['has_valid_base']
b1b5380f-b635-406b-9a22-a4d1ded606a9;pcre2_convert_context_create_8;0x104e8;0x1034c;0x1033c;TransmitterType.CODE_LOAD;17;1;False;['0x104e8', '0x1032c', '0x1033c'];<BV64 LOAD_64[<BV64 x0>]_25>;64;[];[];['<BV64 x0>'];"[""<BV64 x0>: ['0x0']""]";[];['<BV64 x0>'];[];0;18446744073709551615;18446744073709551615;1;;;True;0;18446744073709551615;18446744073709551615;1;;;True;ControlType.CONTROLLED;1;;0;[];[];[];[];[];[];[];0.0;0.0;0.0;0.0;;;False;0.0;0.0;0.0;0.0;;;False;ControlType.UNKNOWN;0;;0;[];[];[];[];[];[];[];0;0;0;;;;False;0.0;0.0;0.0;0.0;;;False;ControlType.UNKNOWN;0;<BV64 LOAD_64[<BV64 x0>]_25>;64;[];[];['<BV64 x0>'];"[""<BV64 x0>: ['0x0']""]";[];['<BV64 x0>'];[];0.0;1.8446744073709552e+19;18446744073709551615;1;;;True;0.0;1.8446744073709552e+19;18446744073709551615;1;;;True;ControlType.CONTROLLED;1;<BV64 x0>;64;[('0x10338', <Bool x0 != 0x0>, 'Taken')];[];['<BV64 x0>'];[];['<BV64 x0>'];[];[];0.0;1.8446744073709552e+19;1.8446744073709552e+19;1.0;;;True;1.0;1.8446744073709552e+19;1.8446744073709552e+19;1.0;;;True;ControlType.CONTROLLED;0;<BV64 LOAD_64[<BV64 x0>]_25>;64;[];[];[];[];[];[];[];0;0;0;;;;False;0;0;0;;;;False;ControlType.UNKNOWN;1;[('0x10338', <Bool x0 != 0x0>, 'Taken'), ('0x10504', <Bool True>, 'Taken')];{'regs': ['<BV64 x0>'], 'indirect_regs': [], 'direct_regs': ['<BV64 x0>'], 'mem': [], 'const_mem': []};[];{'regs': [], 'indirect_regs': [], 'direct_regs': [], 'mem': [], 'const_mem': []};{'regs': ['<BV64 x0>'], 'indirect_regs': [], 'direct_regs': ['<BV64 x0>'], 'mem': ['<BV64 x0>'], 'const_mem': []};{'regs': ['<BV64 x0>'], 'indirect_regs': [], 'direct_regs': ['<BV64 x0>'], 'mem': ['<BV64 x0>'], 'const_mem': []};63.0;0.0;64.0;64.0;[];;;;BaseControlType.NO_BASE;BaseControlType.NO_BASE;BaseControlType.NO_BASE;2;BranchControlType.BRANCH_DEPENDS_ON_SECRET_ADDRESS;BranchControlType.BRANCH_INDEPENDENT_FROM_SECRET;66380;True;False;True;True;True;False;False;True;True;False;False;False;True;False;True;True;True;False;True;False;[];['has_valid_base'];True;False;True;True;True;False;False;True;True;False;False;False;True;False;True;True;True;False;True;False;[];['has_valid_base']
307a2b0a-630a-425b-b29e-091d5398b421;pcre2_get_startchar_8;0x47460;0x4746c;0x0;TransmitterType.LOAD;4;0;False;['0x47460'];<BV64 0x50 + x0>;64;[];[];['<BV64 x0>'];[];['<BV64 x0>'];[];[];0;18446744073709551615;18446744073709551615;1;;;True;0;18446744073709551615;18446744073709551615;1;;;True;ControlType.CONTROLLED;0;<BV64 0x50>;64;[];[];[];[];[];[];[];80.0;80.0;0.0;1.0;;;True;80.0;80.0;0.0;1.0;;;True;ControlType.NO_CONTROL;0;<BV64 0x50>;64;[];[];[];[];[];[];[];80;80;0;1.0;;;True;80.0;80.0;0.0;1.0;;;True;ControlType.NO_CONTROL;0;<BV64 x0>;64;[];[];['<BV64 x0>'];[];['<BV64 x0>'];[];[];0.0;1.8446744073709552e+19;18446744073709551615;1;;;True;0.0;1.8446744073709552e+19;18446744073709551615;1;;;True;ControlType.CONTROLLED;0;<BV64 x0>;64;[];[];['<BV64 x0>'];[];['<BV64 x0>'];[];[];0.0;1.8446744073709552e+19;1.8446744073709552e+19;1.0;;;True;0.0;1.8446744073709552e+19;1.8446744073709552e+19;1.0;;;True;ControlType.CONTROLLED;0;<BV64 x0>;64;[];[];[];[];[];[];[];0;0;0;;;;False;0;0;0;;;;False;ControlType.UNKNOWN;0;[];{'regs': [], 'indirect_regs': [], 'direct_regs': [], 'mem': [], 'const_mem': []};[];{'regs': [], 'indirect_regs': [], 'direct_regs': [], 'mem': [], 'const_mem': []};{'regs': ['<BV64 x0>'], 'indirect_regs': [], 'direct_regs': ['<BV64 x0>'], 'mem': [], 'const_mem': []};{'regs': ['<BV64 x0>'], 'indirect_regs': [], 'direct_regs': ['<BV64 x0>'], 'mem': [], 'const_mem': []};63.0;0.0;64.0;64.0;[];;;;BaseControlType.CONSTANT_BASE;BaseControlType.CONSTANT_BASE;BaseControlType.CONSTANT_BASE;0;BranchControlType.BRANCH_INDEPENDENT_FROM_SECRET;BranchControlType.BRANCH_INDEPENDENT_FROM_SECRET;291948;True;False;True;True;True;False;False;True;True;False;False;False;True;False;True;False;True;False;True;False;[];['has_valid_base'];True;False;True;True;True;False;False;True;True;False;False;False;True;False;True;False;True;False;True;False;[];['has_valid_base']
90cef3f2-1659-4675-b3d5-e6580b2b3043;pcre2_match_data_create_8;0x47320;0x1034c;0x1033c;TransmitterType.CODE_LOAD;22;1;False;['0x47320', '0x1032c', '0x1033c'];<BV64 LOAD_64[<BV64 x1>]_25>;64;[];[];['<BV64 x1>'];"[""<BV64 x1>: ['0x0']""]";[];['<BV64 x1>'];[];0;18446744073709551615;18446744073709551615;1;;;True;0;18446744073709551615;18446744073709551615;1;;;True;ControlType.CONTROLLED;1;;0;[];[];[];[];[];[];[];0.0;0.0;0.0;0.0;;;False;0.0;0.0;0.0;0.0;;;False;ControlType.UNKNOWN;0;;0;[];[];[];[];[];[];[];0;0;0;;;;False;0.0;0.0;0.0;0.0;;;False;ControlType.UNKNOWN;0;<BV64 LOAD_64[<BV64 x1>]_25>;64;[];[];['<BV64 x1>'];"[""<BV64 x1>: ['0x0']""]";[];['<BV64 x1>'];[];0.0;1.8446744073709552e+19;18446744073709551615;1;;;True;0.0;1.8446744073709552e+19;18446744073709551615;1;;;True;ControlType.CONTROLLED;1;<BV64 x1>;64;[('0x10338', <Bool x1 != 0x0>, 'Taken')];[];['<BV64 x1>'];[];['<BV64 x1>'];[];[];0.0;1.8446744073709552e+19;1.8446744073709552e+19;1.0;;;True;1.0;1.8446744073709552e+19;1.8446744073709552e+19;1.0;;;True;ControlType.CONTROLLED;0;<BV64 LOAD_64[<BV64 x1>]_25>;64;[];[];[];[];[];[];[];0;0;0;;;;False;0;0;0;;;;False;ControlType.UNKNOWN;1;[('0x10338', <Bool x1 != 0x0>, 'Taken'), ('0x47350', <Bool True>, 'Taken')];{'regs': ['<BV64 x1>'], 'indirect_regs': [], 'direct_regs': ['<BV64 x1>'], 'mem': [], 'const_mem': []};[];{'regs': [], 'indirect_regs': [], 'direct_regs': [], 'mem': [], 'const_mem': []};{'regs': ['<BV64 x1>'], 'indirect_regs': [], 'direct_regs': ['<BV64 x1>'], 'mem': ['<BV64 x1>'], 'const_mem': []};{'regs': ['<BV64 x1>'], 'indirect_regs': [], 'direct_regs': ['<BV64 x1>'], 'mem': ['<BV64 x1>'], 'const_mem': []};63.0;0.0;64.0;64.0;[];;;;BaseControlType.NO_BASE;BaseControlType.NO_BASE;BaseControlType.NO_BASE;2;BranchControlType.BRANCH_DEPENDS_ON_SECRET_ADDRESS;BranchControlType.BRANCH_INDEPENDENT_FROM_SECRET;66380;True;False;True;True;True;False;False;True;True;False;False;False;True;False;True;True;True;False;True;False;[];['has_valid_base'];True;False;True;True;True;False;False;True;True;False;False;False;True;False;True;True;True;False;True;False;[];['has_valid_base']
36538718-1638-4127-a964-da7813ff455a;pcre2_compile_context_free_8;0x106a0;0x106b0;0x0;TransmitterType.LOAD;5;0;False;['0x106a0', '0x106b0'];<BV64 0x8 + x0>;64;[];[];['<BV64 x0>'];[];['<BV64 x0>'];[];[];0;18446744073709551615;18446744073709551615;1;;;True;0;18446744073709551615;18446744073709551615;1;;;True;ControlType.CONTROLLED;0;<BV64 0x8>;64;[];[];[];[];[];[];[];8.0;8.0;0.0;1.0;;;True;8.0;8.0;0.0;1.0;;;True;ControlType.NO_CONTROL;0;<BV64 0x8>;64;[];[];[];[];[];[];[];8;8;0;1.0;;;True;8.0;8.0;0.0;1.0;;;True;ControlType.NO_CONTROL;0;<BV64 x0>;64;[];[];['<BV64 x0>'];[];['<BV64 x0>'];[];[];0.0;1.8446744073709552e+19;18446744073709551615;1;;;True;1.0;1.8446744073709552e+19;18446744073709551614;1;;;True;ControlType.CONTROLLED;0;<BV64 x0>;64;[];[];['<BV64 x0>'];[];['<BV64 x0>'];[];[];0.0;1.8446744073709552e+19;1.8446744073709552e+19;1.0;;;True;1.0;1.8446744073709552e+19;1.8446744073709552e+19;1.0;;;True;ControlType.CONTROLLED;0;<BV64 x0>;64;[];[];[];[];[];[];[];0;0;0;;;;False;0;0;0;;;;False;ControlType.UNKNOWN;0;[('0x106ac', <Bool x0 != 0x0>, 'Taken')];{'regs': ['<BV64 x0>'], 'indirect_regs': [], 'direct_regs': ['<BV64 x0>'], 'mem': [], 'const_mem': []};[];{'regs': [], 'indirect_regs': [], 'direct_regs': [], 'mem': [], 'const_mem': []};{'regs': ['<BV64 x0>'], 'indirect_regs': [], 'direct_regs': ['<BV64 x0>'], 'mem': [], 'const_mem': []};{'regs': ['<BV64 x0>', '<BV64 x0>'], 'indirect_regs': [], 'direct_regs': ['<BV64 x0>', '<BV64 x0>'], 'mem': [], 'const_mem': []};63.0;0.0;64.0;64.0;[];;;;BaseControlType.CONSTANT_BASE;BaseControlType.CONSTANT_BASE;BaseControlType.CONSTANT_BASE;1;BranchControlType.BRANCH_INDEPENDENT_FROM_SECRET;BranchControlType.BRANCH_INDEPENDENT_FROM_SECRET;67248;True;False;True;True;True;False;False;True;True;False;False;False;True;False;True;False;True;False;True;False;[];['has_valid_base'];True;False;True;True;True;False;False;True;True;False;False;False;True;False;True;False;True;False;True;False;[];['has_valid_base']
af52d68e-f72e-46a3-8a5b-c8cc3b84101a;pcre2_compile_context_free_8;0x106a0;0x106b0;0x0;TransmitterType.LOAD;5;0;False;['0x106a0', '0x106b0'];<BV64 0x10 + x0>;64;[];[];['<BV64 x0>'];[];['<BV64 x0>'];[];[];0;18446744073709551615;18446744073709551615;1;;;True;0;18446744073709551615;18446744073709551615;1;;;True;ControlType.CONTROLLED;0;<BV64 0x10>;64;[];[];[];[];[];[];[];16.0;16.0;0.0;1.0;;;True;16.0;16.0;0.0;1.0;;;True;ControlType.NO_CONTROL;0;<BV64 0x10>;64;[];[];[];[];[];[];[];16;16;0;1.0;;;True;16.0;16.0;0.0;1.0;;;True;ControlType.NO_CONTROL;0;<BV64 x0>;64;[];[];['<BV64 x0>'];[];['<BV64 x0>'];[];[];0.0;1.8446744073709552e+19;18446744073709551615;1;;;True;1.0;1.8446744073709552e+19;18446744073709551614;1;;;True;ControlType.CONTROLLED;0;<BV64 x0>;64;[];[];['<BV64 x0>'];[];['<BV64 x0>'];[];[];0.0;1.8446744073709552e+19;1.8446744073709552e+19;1.0;;;True;1.0;1.8446744073709552e+19;1.8446744073709552e+19;1.0;;;True;ControlType.CONTROLLED;0;<BV64 x0>;64;[];[];[];[];[];[];[];0;0;0;;;;False;0;0;0;;;;False;ControlType.UNKNOWN;0;[('0x106ac', <Bool x0 != 0x0>, 'Taken')];{'regs': ['<BV64 x0>'], 'indirect_regs': [], 'direct_regs': ['<BV64 x0>'], 'mem': [], 'const_mem': []};[];{'regs': [], 'indirect_regs': [], 'direct_regs': [], 'mem': [], 'const_mem': []};{'regs': ['<BV64 x0>'], 'indirect_regs': [], 'direct_regs': ['<BV64 x0>'], 'mem': [], 'const_mem': []};{'regs': ['<BV64 x0>', '<BV64 x0>'], 'indirect_regs': [], 'direct_regs': ['<BV64 x0>', '<BV64 x0>'], 'mem': [], 'const_mem': []};63.0;0.0;64.0;64.0;[];;;;BaseControlType.CONSTANT_BASE;BaseControlType.CONSTANT_BASE;BaseControlType.CONSTANT_BASE;1;BranchControlType.BRANCH_INDEPENDENT_FROM_SECRET;BranchControlType.BRANCH_INDEPENDENT_FROM_SECRET;67248;True;False;True;True;True;False;False;True;True;False;False;False;True;False;True;False;True;False;True;False;[];['has_valid_base'];True;False;True;True;True;False;False;True;True;False;False;False;True;False;True;False;True;False;True;False;[];['has_valid_base']
e216ea8c-6d42-4b7e-b63f-b4854a4c9147;pcre2_compile_context_free_8;0x106a0;0x106c0;0x106b0;TransmitterType.CODE_LOAD;7;1;False;['0x106a0', '0x106b0'];<BV64 LOAD_64[<BV64 x0 + 0x8>]_22>;64;[];[];['<BV64 x0>'];"[""<BV64 x0>: ['0x8']""]";[];['<BV64 x0 + 0x8>'];[];0;18446744073709551615;18446744073709551615;1;;;True;0;18446744073709551615;18446744073709551615;1;;;True;ControlType.CONTROLLED;1;;0;[];[];[];[];[];[];[];0.0;0.0;0.0;0.0;;;False;0.0;0.0;0.0;0.0;;;False;ControlType.UNKNOWN;0;;0;[];[];[];[];[];[];[];0;0;0;;;;False;0.0;0.0;0.0;0.0;;;False;ControlType.UNKNOWN;0;<BV64 LOAD_64[<BV64 x0 + 0x8>]_22>;64;[];[];['<BV64 x0>'];"[""<BV64 x0>: ['0x8']""]";[];['<BV64 x0 + 0x8>'];[];0.0;1.8446744073709552e+19;18446744073709551615;1;;;True;0.0;1.8446744073709552e+19;18446744073709551615;1;;;True;ControlType.CONTROLLED;1;<BV64 x0 + 0x8>;64;[('0x106ac', <Bool x0 != 0x0>, 'Taken')];[];['<BV64 x0>'];[];['<BV64 x0>'];[];[];0.0;1.8446744073709552e+19;1.8446744073709552e+19;1.0;;;True;9.0;7.0;1.8446744073709552e+19;1.0;;;True;ControlType.CONTROLLED;0;<BV64 LOAD_64[<BV64 x0 + 0x8>]_22>;64;[];[];[];[];[];[];[];0;0;0;;;;False;0;0;0;;;;False;ControlType.UNKNOWN;1;[('0x106ac', <Bool x0 != 0x0>, 'Taken')];{'regs': ['<BV64 x0>'], 'indirect_regs': [], 'direct_regs': ['<BV64 x0>'], 'mem': [], 'const_mem': []};[];{'regs': [], 'indirect_regs': [], 'direct_regs': [], 'mem': [], 'const_mem': []};{'regs': ['<BV64 x0>'], 'indirect_regs': [], 'direct_regs': ['<BV64 x0>'], 'mem': ['<BV64 x0 + 0x8>'], 'const_mem': []};{'regs': ['<BV64 x0>'], 'indirect_regs': [], 'direct_regs': ['<BV64 x0>'], 'mem': ['<BV64 x0 + 0x8>'], 'const_mem': []};63.0;0.0;64.0;64.0;[];;;;BaseControlType.NO_BASE;BaseControlType.NO_BASE;BaseControlType.NO_BASE;1;BranchControlType.BRANCH_DEPENDS_ON_SECRET_ADDRESS;BranchControlType.BRANCH_INDEPENDENT_FROM_SECRET;67264;True;False;True;True;True;False;False;True;True;False;False;False;True;False;True;True;True;False;True;False;[];['has_valid_base'];True;False;True;True;True;False;False;True;True;False;False;False;True;False;True;True;True;False;True;False;[];['has_valid_base']
7b0cc357-efde-4fda-80d4-51e3c532cc4e;pcre2_substring_length_bynumber_8;0x59a00;0x59a10;0x0;TransmitterType.LOAD;5;0;False;['0x59a00'];<BV64 0x5c + x0>;64;[];[];['<BV64 x0>'];[];['<BV64 x0>'];[];[];0;18446744073709551615;18446744073709551615;1;;;True;0;18446744073709551615;18446744073709551615;1;;;True;ControlType.CONTROLLED;0;<BV64 0x5c>;64;[];[];[];[];[];[];[];92.0;92.0;0.0;1.0;;;True;92.0;92.0;0.0;1.0;;;True;ControlType.NO_CONTROL;0;<BV64 0x5c>;64;[];[];[];[];[];[];[];92;92;0;1.0;;;True;92.0;92.0;0.0;1.0;;;True;ControlType.NO_CONTROL;0;<BV64 x0>;64;[];[];['<BV64 x0>'];[];['<BV64 x0>'];[];[];0.0;1.8446744073709552e+19;18446744073709551615;1;;;True;0.0;1.8446744073709552e+19;18446744073709551615;1;;;True;ControlType.CONTROLLED;0;<BV64 x0>;64;[];[];['<BV64 x0>'];[];['<BV64 x0>'];[];[];0.0;1.8446744073709552e+19;1.8446744073709552e+19;1.0;;;True;0.0;1.8446744073709552e+19;1.8446744073709552e+19;1.0;;;True;ControlType.CONTROLLED;0;<BV64 x0>;64;[];[];[];[];[];[];[];0;0;0;;;;False;0;0;0;;;;False;ControlType.UNKNOWN;0;[];{'regs': [], 'indirect_regs': [], 'direct_regs': [], 'mem': [], 'const_mem': []};[];{'regs': [], 'indirect_regs': [], 'direct_regs': [], 'mem': [], 'const_mem': []};{'regs': ['<BV64 x0>'], 'indirect_regs': [], 'direct_regs': ['<BV64 x0>'], 'mem': [], 'const_mem': []};{'regs': ['<BV64 x0>'], 'indirect_regs': [], 'direct_regs': ['<BV64 x0>'], 'mem': [], 'const_mem': []};63.0;0.0;64.0;64.0;[];;;;BaseControlType.CONSTANT_BASE;BaseControlType.CONSTANT_BASE;BaseControlType.CONSTANT_BASE;0;BranchControlType.BRANCH_INDEPENDENT_FROM_SECRET;BranchControlType.BRANCH_INDEPENDENT_FROM_SECRET;367120;True;False;True;True;True;False;False;True;True;False;False;False;True;False;True;False;True;False;True;False;[];['has_valid_base'];True;False;True;True;True;False;False;True;True;False;False;False;True;False;True;False;True;False;True;False;[];['has_valid_base']
ce69d63a-1fba-4550-a6dd-d49b87042dd1;pcre2_substring_length_bynumber_8;0x59a00;0x59a20;0x0;TransmitterType.LOAD;9;0;False;['0x59a00', '0x59a1c', '0x59a20'];<BV64 0x58 + x0>;64;[];[];['<BV64 x0>'];[];['<BV64 x0>'];[];[];0;18446744073709551615;18446744073709551615;1;;;True;0;18446744073709551615;18446744073709551615;1;;;True;ControlType.CONTROLLED;0;<BV64 0x58>;64;[];[];[];[];[];[];[];88.0;88.0;0.0;1.0;;;True;88.0;88.0;0.0;1.0;;;True;ControlType.NO_CONTROL;0;<BV64 0x58>;64;[];[];[];[];[];[];[];88;88;0;1.0;;;True;88.0;88.0;0.0;1.0;;;True;ControlType.NO_CONTROL;0;<BV64 x0>;64;[];[];['<BV64 x0>'];[];['<BV64 x0>'];[];[];0.0;1.8446744073709552e+19;18446744073709551615;1;;;True;0.0;1.8446744073709552e+19;18446744073709551615;1;;;True;ControlType.CONTROLLED;0;<BV64 x0>;64;[];[];['<BV64 x0>'];[];['<BV64 x0>'];[];[];0.0;1.8446744073709552e+19;1.8446744073709552e+19;1.0;;;True;0.0;1.8446744073709552e+19;1.8446744073709552e+19;1.0;;;True;ControlType.CONTROLLED;0;<BV64 x0>;64;[];[];[];[];[];[];[];0;0;0;;;;False;0;0;0;;;;False;ControlType.UNKNOWN;0;[('0x59a18', <Bool LOAD_32[<BV64 x0 + 0x5c>]_22 + 0x2 != 0x0>, 'Taken'), ('0x59a1c', <Bool (LShR(0x0 .. LOAD_32[<BV64 x0 + 0x5c>]_22, 0x1f)[7:0] & 1) == 0>, 'Taken')];"{'regs': ['<BV64 x0>'], 'indirect_regs': [""<BV64 x0>: ['0x5c', '0x5c']""], 'direct_regs': [], 'mem': ['<BV64 x0 + 0x5c>'], 'const_mem': []}";[];{'regs': [], 'indirect_regs': [], 'direct_regs': [], 'mem': [], 'const_mem': []};{'regs': ['<BV64 x0>'], 'indirect_regs': [], 'direct_regs': ['<BV64 x0>'], 'mem': [], 'const_mem': []};"{'regs': ['<BV64 x0>', '<BV64 x0>'], 'indirect_regs': [""<BV64 x0>: ['0x5c', '0x5c']""], 'direct_regs': ['<BV64 x0>'], 'mem': ['<BV64 x0 + 0x5c>'], 'const_mem': []}";63.0;0.0;64.0;64.0;[];;;;BaseControlType.CONSTANT_BASE;BaseControlType.CONSTANT_BASE;BaseControlType.CONSTANT_BASE;2;BranchControlType.BRANCH_INDEPENDENT_FROM_SECRET;BranchControlType.BRANCH_INDEPENDENT_FROM_SECRET;367136;True;False;True;True;True;False;False;True;True;False;False;False;True;False;True;False;True;False;True;False;[];['has_valid_base'];True;False;True;True;True;False;False;True;True;False;False;False;True;False;True;False;True;False;True;False;[];['has_valid_base']
45dc2fe8-97aa-4045-bd6e-e332fb873197;pcre2_substring_length_bynumber_8;0x59a00;0x59a2c;0x0;TransmitterType.LOAD;12;0;False;['0x59a00', '0x59a1c', '0x59a20', '0x59a2c'];<BV64 0x18 + x0>;64;[];[];['<BV64 x0>'];[];['<BV64 x0>'];[];[];0;18446744073709551615;18446744073709551615;1;;;True;0;18446744073709551615;18446744073709551615;1;;;True;ControlType.CONTROLLED;0;<BV64 0x18>;64;[];[];[];[];[];[];[];24.0;24.0;0.0;1.0;;;True;24.0;24.0;0.0;1.0;;;True;ControlType.NO_CONTROL;0;<BV64 0x18>;64;[];[];[];[];[];[];[];24;24;0;1.0;;;True;24.0;24.0;0.0;1.0;;;True;ControlType.NO_CONTROL;0;<BV64 x0>;64;[];[];['<BV64 x0>'];[];['<BV64 x0>'];[];[];0.0;1.8446744073709552e+19;18446744073709551615;1;;;True;0.0;1.8446744073709552e+19;18446744073709551615;1;;;True;ControlType.CONTROLLED;0;<BV64 x0>;64;[];[];['<BV64 x0>'];[];['<BV64 x0>'];[];[];0.0;1.8446744073709552e+19;1.8446744073709552e+19;1.0;;;True;0.0;1.8446744073709552e+19;1.8446744073709552e+19;1.0;;;True;ControlType.CONTROLLED;0;<BV64 x0>;64;[];[];[];[];[];[];[];0;0;0;;;;False;0;0;0;;;;False;ControlType.UNKNOWN;0;[('0x59a18', <Bool LOAD_32[<BV64 x0 + 0x5c>]_22 + 0x2 != 0x0>, 'Taken'), ('0x59a1c', <Bool (LShR(0x0 .. LOAD_32[<BV64 x0 + 0x5c>]_22, 0x1f)[7:0] & 1) == 0>, 'Taken'), ('0x59a28', <Bool LOAD_8[<BV64 x0 + 0x58>]_23 != 1>, 'Taken')];"{'regs': ['<BV64 x0>'], 'indirect_regs': [""<BV64 x0>: ['0x58', '0x5c', '0x5c']""], 'direct_regs': [], 'mem': ['<BV64 x0 + 0x58>', '<BV64 x0 + 0x5c>'], 'const_mem': []}";[];{'regs': [], 'indirect_regs': [], 'direct_regs': [], 'mem': [], 'const_mem': []};{'regs': ['<BV64 x0>'], 'indirect_regs': [], 'direct_regs': ['<BV64 x0>'], 'mem': [], 'const_mem': []};"{'regs': ['<BV64 x0>', '<BV64 x0>'], 'indirect_regs': [""<BV64 x0>: ['0x58', '0x5c', '0x5c']""], 'direct_regs': ['<BV64 x0>'], 'mem': ['<BV64 x0 + 0x58>', '<BV64 x0 + 0x5c>'], 'const_mem': []}";63.0;0.0;64.0;64.0;[];;;;BaseControlType.CONSTANT_BASE;BaseControlType.CONSTANT_BASE;BaseControlType.CONSTANT_BASE;3;BranchControlType.BRANCH_INDEPENDENT_FROM_SECRET;BranchControlType.BRANCH_INDEPENDENT_FROM_SECRET;367148;True;False;True;True;True;False;False;True;True;False;False;False;True;False;True;False;True;False;True;False;[];['has_valid_base'];True;False;True;True;True;False;False;True;True;False;False;False;True;False;True;False;True;False;True;False;[];['has_valid_base']
c4d9220d-e05f-469d-a29f-169a422350fe;pcre2_substring_length_bynumber_8;0x59a00;0x59a30;0x59a2c;TransmitterType.LOAD;13;1;False;['0x59a00', '0x59a1c', '0x59a20', '0x59a2c'];<BV64 0x80 + LOAD_64[<BV64 x0 + 0x18>]_24>;64;[];[];['<BV64 x0>'];"[""<BV64 x0>: ['0x18']""]";[];['<BV64 x0 + 0x18>'];[];0;18446744073709551615;18446744073709551615;1;;;True;0;18446744073709551615;18446744073709551615;1;;;True;ControlType.CONTROLLED;1;<BV64 0x80>;64;[];[];[];[];[];[];[];128.0;128.0;0.0;1.0;;;True;128.0;128.0;0.0;1.0;;;True;ControlType.NO_CONTROL;0;<BV64 0x80>;64;[];[];[];[];[];[];[];128;128;0;1.0;;;True;128.0;128.0;0.0;1.0;;;True;ControlType.NO_CONTROL;0;<BV64 LOAD_64[<BV64 x0 + 0x18>]_24>;64;[];[];['<BV64 x0>'];"[""<BV64 x0>: ['0x18']""]";[];['<BV64 x0 + 0x18>'];[];0.0;1.8446744073709552e+19;18446744073709551615;1;;;True;0.0;1.8446744073709552e+19;18446744073709551615;1;;;True;ControlType.CONTROLLED;1;<BV64 x0 + 0x18>;64;[];[];['<BV64 x0>'];[];['<BV64 x0>'];[];[];0.0;1.8446744073709552e+19;1.8446744073709552e+19;1.0;;;True;0.0;1.8446744073709552e+19;1.8446744073709552e+19;1.0;;;True;ControlType.CONTROLLED;0;<BV64 LOAD_64[<BV64 x0 + 0x18>]_24>;64;[];[];[];[];[];[];[];0;0;0;;;;False;0;0;0;;;;False;ControlType.UNKNOWN;1;[('0x59a18', <Bool LOAD_32[<BV64 x0 + 0x5c>]_22 + 0x2 != 0x0>, 'Taken'), ('0x59a1c', <Bool (LShR(0x0 .. LOAD_32[<BV64 x0 + 0x5c>]_22, 0x1f)[7:0] & 1) == 0>, 'Taken'), ('0x59a28', <Bool LOAD_8[<BV64 x0 + 0x58>]_23 != 1>, 'Taken')];"{'regs': ['<BV64 x0>'], 'indirect_regs': [""<BV64 x0>: ['0x58', '0x5c', '0x5c']""], 'direct_regs': [], 'mem': ['<BV64 x0 + 0x58>', '<BV64 x0 + 0x5c>'], 'const_mem': []}";[];{'regs': [], 'indirect_regs': [], 'direct_regs': [], 'mem': [], 'const_mem': []};{'regs': ['<BV64 x0>'], 'indirect_regs': [], 'direct_regs': ['<BV64 x0>'], 'mem': ['<BV64 x0 + 0x18>'], 'const_mem': []};{'regs': ['<BV64 x0>'], 'indirect_regs': [], 'direct_regs': ['<BV64 x0>'], 'mem': ['<BV64 x0 + 0x18>', '<BV64 x0 + 0x58>', '<BV64 x0 + 0x5c>'], 'const_mem': []};63.0;0.0;64.0;64.0;[];;;;BaseControlType.CONSTANT_BASE;BaseControlType.CONSTANT_BASE;BaseControlType.CONSTANT_BASE;3;BranchControlType.BRANCH_DEPENDS_ON_SECRET_ADDRESS;BranchControlType.BRANCH_INDEPENDENT_FROM_SECRET;367152;True;False;True;True;True;False;False;True;True;False;False;False;True;False;True;True;True;False;True;False;[];['has_valid_base'];True;False;True;True;True;False;False;True;True;False;False;False;True;False;True;True;True;False;True;False;[];['has_valid_base']
cdedad22-7b8d-464b-98fe-16bb39ffc151;pcre2_substring_length_bynumber_8;0x59a00;0x59a3c;0x0;TransmitterType.LOAD;16;0;False;['0x59a00', '0x59a1c', '0x59a20', '0x59a2c', '0x59a3c'];<BV64 0x5a + x0>;64;[];[];['<BV64 x0>'];[];['<BV64 x0>'];[];[];0;18446744073709551615;18446744073709551615;1;;;True;0;18446744073709551615;18446744073709551615;1;;;True;ControlType.CONTROLLED;0;<BV64 0x5a>;64;[];[];[];[];[];[];[];90.0;90.0;0.0;1.0;;;True;90.0;90.0;0.0;1.0;;;True;ControlType.NO_CONTROL;0;<BV64 0x5a>;64;[];[];[];[];[];[];[];90;90;0;1.0;;;True;90.0;90.0;0.0;1.0;;;True;ControlType.NO_CONTROL;0;<BV64 x0>;64;[];[];['<BV64 x0>'];[];['<BV64 x0>'];[];[];0.0;1.8446744073709552e+19;18446744073709551615;1;;;True;0.0;1.8446744073709552e+19;18446744073709551615;1;;;True;ControlType.CONTROLLED;0;<BV64 x0>;64;[];[];['<BV64 x0>'];[];['<BV64 x0>'];[];[];0.0;1.8446744073709552e+19;1.8446744073709552e+19;1.0;;;True;0.0;1.8446744073709552e+19;1.8446744073709552e+19;1.0;;;True;ControlType.CONTROLLED;0;<BV64 x0>;64;[];[];[];[];[];[];[];0;0;0;;;;False;0;0;0;;;;False;ControlType.UNKNOWN;0;[('0x59a18', <Bool LOAD_32[<BV64 x0 + 0x5c>]_22 + 0x2 != 0x0>, 'Taken'), ('0x59a1c', <Bool (LShR(0x0 .. LOAD_32[<BV64 x0 + 0x5c>]_22, 0x1f)[7:0] & 1) == 0>, 'Taken'), ('0x59a28', <Bool LOAD_8[<BV64 x0 + 0x58>]_23 != 1>, 'Taken'), ('0x59a38', <Bool (0x0 .. LOAD_16[<BV64 LOAD_64[<BV64 x0 + 0x18>]_24 + 0x80>]_25) >= x1[31:0]>, 'Taken')];"{'regs': ['<BV64 x0>', '<BV64 x1>'], 'indirect_regs': [""<BV64 x0>: ['0x18', '0x58', '0x5c', '0x5c']""], 'direct_regs': ['<BV64 x1>'], 'mem': ['<BV64 LOAD_64[<BV64 x0 + 0x18>]_24 + 0x80>', '<BV64 x0 + 0x18>', '<BV64 x0 + 0x58>', '<BV64 x0 + 0x5c>'], 'const_mem': []}";[];{'regs': [], 'indirect_regs': [], 'direct_regs': [], 'mem': [], 'const_mem': []};{'regs': ['<BV64 x0>'], 'indirect_regs': [], 'direct_regs': ['<BV64 x0>'], 'mem': [], 'const_mem': []};"{'regs': ['<BV64 x0>', '<BV64 x0>', '<BV64 x1>'], 'indirect_regs': [""<BV64 x0>: ['0x18', '0x58', '0x5c', '0x5c']""], 'direct_regs': ['<BV64 x0>', '<BV64 x1>'], 'mem': ['<BV64 LOAD_64[<BV64 x0 + 0x18>]_24 + 0x80>', '<BV64 x0 + 0x18>', '<BV64 x0 + 0x58>', '<BV64 x0 + 0x5c>'], 'const_mem': []}";63.0;0.0;64.0;64.0;[];;;;BaseControlType.CONSTANT_BASE;BaseControlType.CONSTANT_BASE;BaseControlType.CONSTANT_BASE;4;BranchControlType.BRANCH_INDEPENDENT_FROM_SECRET;BranchControlType.BRANCH_INDEPENDENT_FROM_SECRET;367164;True;False;True;True;True;False;False;True;True;False;False;False;True;False;True;False;True;False;True;False;[];['has_valid_base'];True;False;True;True;True;False;False;True;True;False;False;False;True;False;True;False;True;False;True;False;[];['has_valid_base']
8e7d641e-7d36-4d0d-b1e9-0bb148735265;pcre2_substring_length_bynumber_8;0x59a00;0x59aac;0x0;TransmitterType.LOAD;12;0;False;['0x59a00', '0x59a1c', '0x59a20', '0x59aac'];<BV64 0x5a + x0>;64;[];[];['<BV64 x0>'];[];['<BV64 x0>'];[];[];0;18446744073709551615;18446744073709551615;1;;;True;0;18446744073709551615;18446744073709551615;1;;;True;ControlType.CONTROLLED;0;<BV64 0x5a>;64;[];[];[];[];[];[];[];90.0;90.0;0.0;1.0;;;True;90.0;90.0;0.0;1.0;;;True;ControlType.NO_CONTROL;0;<BV64 0x5a>;64;[];[];[];[];[];[];[];90;90;0;1.0;;;True;90.0;90.0;0.0;1.0;;;True;ControlType.NO_CONTROL;0;<BV64 x0>;64;[];[];['<BV64 x0>'];[];['<BV64 x0>'];[];[];0.0;1.8446744073709552e+19;18446744073709551615;1;;;True;0.0;1.8446744073709552e+19;18446744073709551615;1;;;True;ControlType.CONTROLLED;0;<BV64 x0>;64;[];[];['<BV64 x0>'];[];['<BV64 x0>'];[];[];0.0;1.8446744073709552e+19;1.8446744073709552e+19;1.0;;;True;0.0;1.8446744073709552e+19;1.8446744073709552e+19;1.0;;;True;ControlType.CONTROLLED;0;<BV64 x0>;64;[];[];[];[];[];[];[];0;0;0;;;;False;0;0;0;;;;False;ControlType.UNKNOWN;0;[('0x59a18', <Bool LOAD_32[<BV64 x0 + 0x5c>]_22 + 0x2 != 0x0>, 'Taken'), ('0x59a1c', <Bool (LShR(0x0 .. LOAD_32[<BV64 x0 + 0x5c>]_22, 0x1f)[7:0] & 1) == 0>, 'Taken'), ('0x59a28', <Bool LOAD_8[<BV64 x0 + 0x58>]_23 == 1>, 'Taken')];"{'regs': ['<BV64 x0>'], 'indirect_regs': [""<BV64 x0>: ['0x58', '0x5c', '0x5c']""], 'direct_regs': [], 'mem': ['<BV64 x0 + 0x58>', '<BV64 x0 + 0x5c>'], 'const_mem': []}";[];{'regs': [], 'indirect_regs': [], 'direct_regs': [], 'mem': [], 'const_mem': []};{'regs': ['<BV64 x0>'], 'indirect_regs': [], 'direct_regs': ['<BV64 x0>'], 'mem': [], 'const_mem': []};"{'regs': ['<BV64 x0>', '<BV64 x0>'], 'indirect_regs': [""<BV64 x0>: ['0x58', '0x5c', '0x5c']""], 'direct_regs': ['<BV64 x0>'], 'mem': ['<BV64 x0 + 0x58>', '<BV64 x0 + 0x5c>'], 'const_mem': []}";63.0;0.0;64.0;64.0;[];;;;BaseControlType.CONSTANT_BASE;BaseControlType.CONSTANT_BASE;BaseControlType.CONSTANT_BASE;3;BranchControlType.BRANCH_INDEPENDENT_FROM_SECRET;BranchControlType.BRANCH_INDEPENDENT_FROM_SECRET;367276;True;False;True;True;True;False;False;True;True;False;False;False;True;False;True;False;True;False;True;False;[];['has_valid_base'];True;False;True;True;True;False;False;True;True;False;False;False;True;False;True;False;True;False;True;False;[];['has_valid_base']
a5f39475-e7e7-4af3-a58f-3cb36dd544f2;pcre2_substring_length_bynumber_8;0x59a00;0x59a90;0x0;TransmitterType.LOAD;9;0;False;['0x59a00', '0x59a8c', '0x59a90'];<BV64 0x58 + x0>;64;[];[];['<BV64 x0>'];[];['<BV64 x0>'];[];[];0;18446744073709551615;18446744073709551615;1;;;True;0;18446744073709551615;18446744073709551615;1;;;True;ControlType.CONTROLLED;0;<BV64 0x58>;64;[];[];[];[];[];[];[];88.0;88.0;0.0;1.0;;;True;88.0;88.0;0.0;1.0;;;True;ControlType.NO_CONTROL;0;<BV64 0x58>;64;[];[];[];[];[];[];[];88;88;0;1.0;;;True;88.0;88.0;0.0;1.0;;;True;ControlType.NO_CONTROL;0;<BV64 x0>;64;[];[];['<BV64 x0>'];[];['<BV64 x0>'];[];[];0.0;1.8446744073709552e+19;18446744073709551615;1;;;True;0.0;1.8446744073709552e+19;18446744073709551615;1;;;True;ControlType.CONTROLLED;0;<BV64 x0>;64;[];[];['<BV64 x0>'];[];['<BV64 x0>'];[];[];0.0;1.8446744073709552e+19;1.8446744073709552e+19;1.0;;;True;0.0;1.8446744073709552e+19;1.8446744073709552e+19;1.0;;;True;ControlType.CONTROLLED;0;<BV64 x0>;64;[];[];[];[];[];[];[];0;0;0;;;;False;0;0;0;;;;False;ControlType.UNKNOWN;0;[('0x59a18', <Bool LOAD_32[<BV64 x0 + 0x5c>]_22 + 0x2 == 0x0>, 'Taken'), ('0x59a8c', <Bool x1[31:0] == 0x0>, 'Taken')];"{'regs': ['<BV64 x0>', '<BV64 x1>'], 'indirect_regs': [""<BV64 x0>: ['0x5c']""], 'direct_regs': ['<BV64 x1>'], 'mem': ['<BV64 x0 + 0x5c>'], 'const_mem': []}";[];{'regs': [], 'indirect_regs': [], 'direct_regs': [], 'mem': [], 'const_mem': []};{'regs': ['<BV64 x0>'], 'indirect_regs': [], 'direct_regs': ['<BV64 x0>'], 'mem': [], 'const_mem': []};"{'regs': ['<BV64 x0>', '<BV64 x0>', '<BV64 x1>'], 'indirect_regs': [""<BV64 x0>: ['0x5c']""], 'direct_regs': ['<BV64 x0>', '<BV64 x1>'], 'mem': ['<BV64 x0 + 0x5c>'], 'const_mem': []}";63.0;0.0;64.0;64.0;[];;;;BaseControlType.CONSTANT_BASE;BaseControlType.CONSTANT_BASE;BaseControlType.CONSTANT_BASE;2;BranchControlType.BRANCH_INDEPENDENT_FROM_SECRET;BranchControlType.BRANCH_INDEPENDENT_FROM_SECRET;367248;True;False;True;True;True;False;False;True;True;False;False;False;True;False;True;False;True;False;True;False;[];['has_valid_base'];True;False;True;True;True;False;False;True;True;False;False;False;True;False;True;False;True;False;True;False;[];['has_valid_base']
d182aab2-599a-4c91-8997-7f4d7807efb9;pcre2_substring_length_bynumber_8;0x59a00;0x59a9c;0x0;TransmitterType.LOAD;12;0;False;['0x59a00', '0x59a8c', '0x59a90', '0x59a9c'];<BV64 0x5a + x0>;64;[];[];['<BV64 x0>'];[];['<BV64 x0>'];[];[];0;18446744073709551615;18446744073709551615;1;;;True;0;18446744073709551615;18446744073709551615;1;;;True;ControlType.CONTROLLED;0;<BV64 0x5a>;64;[];[];[];[];[];[];[];90.0;90.0;0.0;1.0;;;True;90.0;90.0;0.0;1.0;;;True;ControlType.NO_CONTROL;0;<BV64 0x5a>;64;[];[];[];[];[];[];[];90;90;0;1.0;;;True;90.0;90.0;0.0;1.0;;;True;ControlType.NO_CONTROL;0;<BV64 x0>;64;[];[];['<BV64 x0>'];[];['<BV64 x0>'];[];[];0.0;1.8446744073709552e+19;18446744073709551615;1;;;True;0.0;1.8446744073709552e+19;18446744073709551615;1;;;True;ControlType.CONTROLLED;0;<BV64 x0>;64;[];[];['<BV64 x0>'];[];['<BV64 x0>'];[];[];0.0;1.8446744073709552e+19;1.8446744073709552e+19;1.0;;;True;0.0;1.8446744073709552e+19;1.8446744073709552e+19;1.0;;;True;ControlType.CONTROLLED;0;<BV64 x0>;64;[];[];[];[];[];[];[];0;0;0;;;;False;0;0;0;;;;False;ControlType.UNKNOWN;0;[('0x59a18', <Bool LOAD_32[<BV64 x0 + 0x5c>]_22 + 0x2 == 0x0>, 'Taken'), ('0x59a8c', <Bool x1[31:0] == 0x0>, 'Taken'), ('0x59a98', <Bool LOAD_8[<BV64 x0 + 0x58>]_30 == 1>, 'Taken')];"{'regs': ['<BV64 x0>', '<BV64 x1>'], 'indirect_regs': [""<BV64 x0>: ['0x58', '0x5c']""], 'direct_regs': ['<BV64 x1>'], 'mem': ['<BV64 x0 + 0x58>', '<BV64 x0 + 0x5c>'], 'const_mem': []}";[];{'regs': [], 'indirect_regs': [], 'direct_regs': [], 'mem': [], 'const_mem': []};{'regs': ['<BV64 x0>'], 'indirect_regs': [], 'direct_regs': ['<BV64 x0>'], 'mem': [], 'const_mem': []};"{'regs': ['<BV64 x0>', '<BV64 x0>', '<BV64 x1>'], 'indirect_regs': [""<BV64 x0>: ['0x58', '0x5c']""], 'direct_regs': ['<BV64 x0>', '<BV64 x1>'], 'mem': ['<BV64 x0 + 0x58>', '<BV64 x0 + 0x5c>'], 'const_mem': []}";63.0;0.0;64.0;64.0;[];;;;BaseControlType.CONSTANT_BASE;BaseControlType.CONSTANT_BASE;BaseControlType.CONSTANT_BASE;3;BranchControlType.BRANCH_INDEPENDENT_FROM_SECRET;BranchControlType.BRANCH_INDEPENDENT_FROM_SECRET;367260;True;False;True;True;True;False;False;True;True;False;False;False;True;False;True;False;True;False;True;False;[];['has_valid_base'];True;False;True;True;True;False;False;True;True;False;False;False;True;False;True;False;True;False;True;False;[];['has_valid_base']
9fbb2259-e7de-4a8b-b48a-3513559d4a8e;pcre2_substring_length_bynumber_8;0x59a00;0x59aa4;0x0;TransmitterType.LOAD;14;0;False;['0x59a00', '0x59a8c', '0x59a90', '0x59a9c', '0x59aa4'];<BV64 0x60 + x0>;64;[];[];['<BV64 x0>'];[];['<BV64 x0>'];[];[];0;18446744073709551615;18446744073709551615;1;;;True;0;18446744073709551615;18446744073709551615;1;;;True;ControlType.CONTROLLED;0;<BV64 0x60>;64;[];[];[];[];[];[];[];96.0;96.0;0.0;1.0;;;True;96.0;96.0;0.0;1.0;;;True;ControlType.NO_CONTROL;0;<BV64 0x60>;64;[];[];[];[];[];[];[];96;96;0;1.0;;;True;96.0;96.0;0.0;1.0;;;True;ControlType.NO_CONTROL;0;<BV64 x0>;64;[];[];['<BV64 x0>'];[];['<BV64 x0>'];[];[];0.0;1.8446744073709552e+19;18446744073709551615;1;;;True;0.0;1.8446744073709552e+19;18446744073709551615;1;;;True;ControlType.CONTROLLED;0;<BV64 x0>;64;[];[];['<BV64 x0>'];[];['<BV64 x0>'];[];[];0.0;1.8446744073709552e+19;1.8446744073709552e+19;1.0;;;True;0.0;1.8446744073709552e+19;1.8446744073709552e+19;1.0;;;True;ControlType.CONTROLLED;0;<BV64 x0>;64;[];[];[];[];[];[];[];0;0;0;;;;False;0;0;0;;;;False;ControlType.UNKNOWN;0;[('0x59a18', <Bool LOAD_32[<BV64 x0 + 0x5c>]_22 + 0x2 == 0x0>, 'Taken'), ('0x59a8c', <Bool x1[31:0] == 0x0>, 'Taken'), ('0x59a98', <Bool LOAD_8[<BV64 x0 + 0x58>]_30 == 1>, 'Taken'), ('0x59aa0', <Bool LOAD_16[<BV64 x0 + 0x5a>]_31 != 0x0>, 'Taken')];"{'regs': ['<BV64 x0>', '<BV64 x1>'], 'indirect_regs': [""<BV64 x0>: ['0x58', '0x5a', '0x5c']""], 'direct_regs': ['<BV64 x1>'], 'mem': ['<BV64 x0 + 0x58>', '<BV64 x0 + 0x5a>', '<BV64 x0 + 0x5c>'], 'const_mem': []}";[];{'regs': [], 'indirect_regs': [], 'direct_regs': [], 'mem': [], 'const_mem': []};{'regs': ['<BV64 x0>'], 'indirect_regs': [], 'direct_regs': ['<BV64 x0>'], 'mem': [], 'const_mem': []};{'regs': ['<BV64 x0>', '<BV64 x1>'], 'indirect_regs': [], 'direct_regs': ['<BV64 x0>', '<BV64 x1>'], 'mem': ['<BV64 x0 + 0x58>', '<BV64 x0 + 0x5a>', '<BV64 x0 + 0x5c>'], 'const_mem': []};63.0;0.0;64.0;64.0;[];;;;BaseControlType.CONSTANT_BASE;BaseControlType.CONSTANT_BASE;BaseControlType.CONSTANT_BASE;4;BranchControlType.BRANCH_DEPENDS_ON_SECRET_VALUE;BranchControlType.BRANCH_INDEPENDENT_FROM_SECRET;367268;True;False;True;True;True;False;False;True;True;False;False;False;True;False;True;True;True;False;True;False;[];['has_valid_base'];True;False;True;True;True;False;False;True;True;False;False;False;True;False;True;True;True;False;True;False;[];['has_valid_base']
4da26315-4501-4353-8f26-370867b9d524;pcre2_substring_length_bynumber_8;0x59a00;0x59a3c;0x0;TransmitterType.LOAD;12;0;False;['0x59a00', '0x59a8c', '0x59a90', '0x59a3c'];<BV64 0x5a + x0>;64;[];[];['<BV64 x0>'];[];['<BV64 x0>'];[];[];0;18446744073709551615;18446744073709551615;1;;;True;0;18446744073709551615;18446744073709551615;1;;;True;ControlType.CONTROLLED;0;<BV64 0x5a>;64;[];[];[];[];[];[];[];90.0;90.0;0.0;1.0;;;True;90.0;90.0;0.0;1.0;;;True;ControlType.NO_CONTROL;0;<BV64 0x5a>;64;[];[];[];[];[];[];[];90;90;0;1.0;;;True;90.0;90.0;0.0;1.0;;;True;ControlType.NO_CONTROL;0;<BV64 x0>;64;[];[];['<BV64 x0>'];[];['<BV64 x0>'];[];[];0.0;1.8446744073709552e+19;18446744073709551615;1;;;True;0.0;1.8446744073709552e+19;18446744073709551615;1;;;True;ControlType.CONTROLLED;0;<BV64 x0>;64;[];[];['<BV64 x0>'];[];['<BV64 x0>'];[];[];0.0;1.8446744073709552e+19;1.8446744073709552e+19;1.0;;;True;0.0;1.8446744073709552e+19;1.8446744073709552e+19;1.0;;;True;ControlType.CONTROLLED;0;<BV64 x0>;64;[];[];[];[];[];[];[];0;0;0;;;;False;0;0;0;;;;False;ControlType.UNKNOWN;0;[('0x59a18', <Bool LOAD_32[<BV64 x0 + 0x5c>]_22 + 0x2 == 0x0>, 'Taken'), ('0x59a8c', <Bool x1[31:0] == 0x0>, 'Taken'), ('0x59a98', <Bool LOAD_8[<BV64 x0 + 0x58>]_30 != 1>, 'Taken')];"{'regs': ['<BV64 x0>', '<BV64 x1>'], 'indirect_regs': [""<BV64 x0>: ['0x58', '0x5c']""], 'direct_regs': ['<BV64 x1>'], 'mem': ['<BV64 x0 + 0x58>', '<BV64 x0 + 0x5c>'], 'const_mem': []}";[];{'regs': [], 'indirect_regs': [], 'direct_regs': [], 'mem': [], 'const_mem': []};{'regs': ['<BV64 x0>'], 'indirect_regs': [], 'direct_regs': ['<BV64 x0>'], 'mem': [], 'const_mem': []};"{'regs': ['<BV64 x0>', '<BV64 x0>', '<BV64 x1>'], 'indirect_regs': [""<BV64 x0>: ['0x58', '0x5c']""], 'direct_regs': ['<BV64 x0>', '<BV64 x1>'], 'mem': ['<BV64 x0 + 0x58>', '<BV64 x0 + 0x5c>'], 'const_mem': []}";63.0;0.0;64.0;64.0;[];;;;BaseControlType.CONSTANT_BASE;BaseControlType.CONSTANT_BASE;BaseControlType.CONSTANT_BASE;3;BranchControlType.BRANCH_INDEPENDENT_FROM_SECRET;BranchControlType.BRANCH_INDEPENDENT_FROM_SECRET;367164;True;False;True;True;True;False;False;True;True;False;False;False;True;False;True;False;True;False;True;False;[];['has_valid_base'];True;False;True;True;True;False;False;True;True;False;False;False;True;False;True;False;True;False;True;False;[];['has_valid_base']
ee7592e3-b7f5-41fc-a871-66206976dec6;pcre2_substring_length_bynumber_8;0x59a00;0x59a54;0x0;TransmitterType.LOAD;18;0;False;['0x59a00', '0x59a8c', '0x59a90', '0x59a3c', '0x59a48'];<BV64 x0 + (0x60 + ((0#32 .. (0#1 .. x1[30:0]) << 0x1) << 0x3))>;64;[('0x59a44', <Bool (0x0 .. LOAD_16[<BV64 x0 + 0x5a>]_33) > x1[31:0]>, 'Taken'), ('0x59a8c', <Bool x1[31:0] == 0x0>, 'Taken')];[];['<BV64 x0>', '<BV64 x1>'];[];['<BV64 x0>', '<BV64 x1>'];[];[];0;18446744073709551615;18446744073709551615;1;;;True;0;18446744073709551615;18446744073709551615;1;;;False;ControlType.CONTROLLED;0;<BV64 0x60 + ((0#32 .. (0#1 .. x1[30:0]) << 0x1) << 0x3)>;64;[('0x59a44', <Bool (0x0 .. LOAD_16[<BV64 x0 + 0x5a>]_33) > x1[31:0]>, 'Taken'), ('0x59a8c', <Bool x1[31:0] == 0x0>, 'Taken')];[];['<BV64 x1>'];[];['<BV64 x1>'];[];[];96.0;34359738448.0;34359738352.0;16.0;;;True;96.0;96.0;0.0;1.0;;;True;ControlType.CONTROLLED;0;<BV64 0x60 + ((0#32 .. (0#1 .. x1[30:0]) << 0x1) << 0x3)>;64;[];[];['<BV64 x1>'];[];['<BV64 x1>'];[];[];96;34359738448;34359738352;16.0;;;True;96.0;96.0;0.0;1.0;;;True;ControlType.CONTROLLED;0;<BV64 x0>;64;[];[];['<BV64 x0>'];[];['<BV64 x0>'];[];[];0.0;1.8446744073709552e+19;18446744073709551615;1;;;True;0.0;1.8446744073709552e+19;18446744073709551615;1;;;True;ControlType.CONTROLLED;0;<BV64 x0>;64;[];[];['<BV64 x0>'];[];['<BV64 x0>'];[];[];0.0;1.8446744073709552e+19;1.8446744073709552e+19;1.0;;;True;0.0;1.8446744073709552e+19;1.8446744073709552e+19;1.0;;;True;ControlType.CONTROLLED;0;<BV64 x0>;64;[];[];[];[];[];[];[];0;0;0;;;;False;0;0;0;;;;False;ControlType.UNKNOWN;0;[('0x59a18', <Bool LOAD_32[<BV64 x0 + 0x5c>]_22 + 0x2 == 0x0>, 'Taken'), ('0x59a44', <Bool (0x0 .. LOAD_16[<BV64 x0 + 0x5a>]_33) > x1[31:0]>, 'Taken'), ('0x59a8c', <Bool x1[31:0] == 0x0>, 'Taken'), ('0x59a98', <Bool LOAD_8[<BV64 x0 + 0x58>]_30 != 1>, 'Taken')];"{'regs': ['<BV64 x0>', '<BV64 x1>'], 'indirect_regs': [""<BV64 x0>: ['0x58', '0x5a', '0x5c']""], 'direct_regs': ['<BV64 x1>'], 'mem': ['<BV64 x0 + 0x58>', '<BV64 x0 + 0x5a>', '<BV64 x0 + 0x5c>'], 'const_mem': []}";[];{'regs': [], 'indirect_regs': [], 'direct_regs': [], 'mem': [], 'const_mem': []};{'regs': ['<BV64 x0>', '<BV64 x1>'], 'indirect_regs': [], 'direct_regs': ['<BV64 x0>', '<BV64 x1>'], 'mem': [], 'const_mem': []};{'regs': ['<BV64 x0>', '<BV64 x1>'], 'indirect_regs': [], 'direct_regs': ['<BV64 x0>', '<BV64 x1>'], 'mem': ['<BV64 x0 + 0x58>', '<BV64 x0 + 0x5a>', '<BV64 x0 + 0x5c>'], 'const_mem': []};63.0;0.0;64.0;64.0;[];;;;BaseControlType.BASE_INDEPENDENT_FROM_SECRET;BaseControlType.BASE_INDEPENDENT_FROM_SECRET;BaseControlType.BASE_INDEPENDENT_FROM_SECRET;4;BranchControlType.BRANCH_DEPENDS_ON_SECRET_VALUE;BranchControlType.BRANCH_INDEPENDENT_FROM_SECRET;367188;True;False;True;True;True;False;False;True;True;False;False;False;True;False;True;True;True;False;True;False;[];['has_valid_base'];True;False;True;True;True;False;False;True;True;False;False;False;True;False;True;True;True;False;True;False;[];['has_valid_base']
cf7bd0bf-4641-457c-aa0d-cff60430ab89;pcre2_config_8;0xfe00;0xfe34;0x0;TransmitterType.LOAD;11;0;False;['0xfe00', '0xfe14', '0xfe2c'];<BV64 0x639d0 + (0#32 .. x0[31:0])>;64;[('0xfe1c', <Bool x0[31:0] <= 0xf>, 'Taken')];[];['<BV64 x0>'];[];['<BV64 x0>'];[];[];408016;4295375311;4294967295;1;;;True;408016;408031;15;1;;;True;ControlType.CONTROLLED;0;<BV64 0x639d0>;64;[];[];[];[];[];[];[];408016.0;408016.0;0.0;1.0;;;True;408016.0;408016.0;0.0;1.0;;;True;ControlType.NO_CONTROL;0;<BV64 0x639d0>;64;[];[];[];[];[];[];[];408016;408016;0;1.0;;;True;408016.0;408016.0;0.0;1.0;;;True;ControlType.NO_CONTROL;0;<BV64 0#32 .. x0[31:0]>;64;[('0xfe1c', <Bool x0[31:0] <= 0xf>, 'Taken')];[];['<BV64 x0>'];[];['<BV64 x0>'];[];[];0.0;4294967295.0;4294967295;1;;;True;0.0;15.0;15;1;;;True;ControlType.CONTROLLED;0;<BV64 x0>;64;[('0xfe1c', <Bool x0[31:0] <= 0xf>, 'Taken')];[];['<BV64 x0>'];[];['<BV64 x0>'];[];[];0.0;1.8446744073709552e+19;1.8446744073709552e+19;1.0;;;True;0.0;1.8446744069414584e+19;1.8446744069414584e+19;1.0;18446744069414584335;;False;ControlType.CONTROLLED;0;<BV64 x0>;64;[];[];[];[];[];[];[];0;0;0;;;;False;0;0;0;;;;False;ControlType.UNKNOWN;0;[('0xfe10', <Bool x1 != 0x0>, 'Taken'), ('0xfe1c', <Bool x0[31:0] <= 0xf>, 'Taken')];{'regs': ['<BV64 x0>', '<BV64 x1>'], 'indirect_regs': [], 'direct_regs': ['<BV64 x0>', '<BV64 x1>'], 'mem': [], 'const_mem': []};[];{'regs': [], 'indirect_regs': [], 'direct_regs': [], 'mem': [], 'const_mem': []};{'regs': ['<BV64 x0>'], 'indirect_regs': [], 'direct_regs': ['<BV64 x0>'], 'mem': [], 'const_mem': []};{'regs': ['<BV64 x0>', '<BV64 x1>'], 'indirect_regs': [], 'direct_regs': ['<BV64 x0>', '<BV64 x1>'], 'mem': [], 'const_mem': []};31.0;0.0;32.0;32.0;[];;;;BaseControlType.CONSTANT_BASE;BaseControlType.CONSTANT_BASE;BaseControlType.CONSTANT_BASE;2;BranchControlType.BRANCH_DEPENDS_ON_SECRET_VALUE;BranchControlType.BRANCH_INDEPENDENT_FROM_SECRET;65076;True;False;True;True;True;False;False;True;True;False;False;False;True;False;True;True;True;False;True;False;[];['has_valid_base'];True;False;True;True;True;False;False;True;True;False;False;False;True;False;True;True;True;False;True;False;[];['has_valid_base']
04de4e0c-eb0d-41af-a151-0355647c61bb;pcre2_config_8;0xfe00;0xfe40;0xfe34;TransmitterType.CODE_LOAD;14;1;False;['0xfe00', '0xfe14', '0xfe2c'];<BV64 0xfe44 + ((0#2 .. (0#56 .. LOAD_8[<BV64 0x639d0 + (0#32 .. x0[31:0])>]_24) << 0x38 >> 0x38[61:0]) << 0x2)>;64;[];[];['<BV64 x0>'];['<BV64 x0>: []'];[];['<BV64 0x639d0 + (0#32 .. x0[31:0])>'];[];64580;65600;1020;4;;;False;64580;65600;1020;4;;;False;ControlType.CONTROLLED;1;<BV64 0xfe44>;64;[];[];[];[];[];[];[];65092.0;65092.0;0.0;1.0;;;True;65092.0;65092.0;0.0;1.0;;;True;ControlType.NO_CONTROL;0;<BV64 0xfe44>;64;[];[];[];[];[];[];[];65092;65092;0;1.0;;;True;65092.0;65092.0;0.0;1.0;;;True;ControlType.NO_CONTROL;0;<BV64 (0#2 .. (0#56 .. LOAD_8[<BV64 0x639d0 + (0#32 .. x0[31:0])>]_24) << 0x38 >> 0x38[61:0]) << 0x2>;64;[];[];['<BV64 x0>'];['<BV64 x0>: []'];[];['<BV64 0x639d0 + (0#32 .. x0[31:0])>'];[];0.0;1.8446744073709552e+19;18446744073709551612;4;;;False;0.0;1.8446744073709552e+19;18446744073709551612;4;;;False;ControlType.CONTROLLED;1;<BV64 0x639d0 + (0#32 .. x0[31:0])>;64;[('0xfe1c', <Bool x0[31:0] <= 0xf>, 'Taken')];[];['<BV64 x0>'];[];['<BV64 x0>'];[];[];408016.0;4295375311.0;4294967295.0;1.0;;;True;408016.0;408031.0;15.0;1.0;;;True;ControlType.CONTROLLED;0;<BV8 LOAD_8[<BV64 0x639d0 + (0#32 .. x0[31:0])>]_24>;8;[];[];[];[];[];[];[];0;0;0;;;;False;0;0;0;;;;False;ControlType.UNKNOWN;1;[('0xfe10', <Bool x1 != 0x0>, 'Taken'), ('0xfe1c', <Bool x0[31:0] <= 0xf>, 'Taken')];{'regs': ['<BV64 x0>', '<BV64 x1>'], 'indirect_regs': [], 'direct_regs': ['<BV64 x0>', '<BV64 x1>'], 'mem': [], 'const_mem': []};[];{'regs': [], 'indirect_regs': [], 'direct_regs': [], 'mem': [], 'const_mem': []};{'regs': ['<BV64 x0>'], 'indirect_regs': [], 'direct_regs': ['<BV64 x0>'], 'mem': ['<BV64 0x639d0 + (0#32 .. x0[31:0])>'], 'const_mem': []};{'regs': ['<BV64 x0>', '<BV64 x1>'], 'indirect_regs': [], 'direct_regs': ['<BV64 x0>', '<BV64 x1>'], 'mem': ['<BV64 0x639d0 + (0#32 .. x0[31:0])>'], 'const_mem': []};9.0;2.0;8.0;8.0;[];;;;BaseControlType.CONSTANT_BASE;BaseControlType.CONSTANT_BASE;BaseControlType.CONSTANT_BASE;2;BranchControlType.BRANCH_DEPENDS_ON_SECRET_ADDRESS;BranchControlType.BRANCH_INDEPENDENT_FROM_SECRET;65088;True;False;False;True;True;True;False;False;True;False;False;False;True;False;False;True;True;False;True;False;[];['has_valid_base', 'has_valid_secret_address', 'secret_below_cache_granularity'];True;False;False;True;True;True;False;False;True;False;False;False;True;False;False;True;True;False;True;False;[];['has_valid_base', 'has_valid_secret_address', 'secret_below_cache_granularity']
11fd6035-fb14-4238-8196-4e07f57a25bd;pcre2_substring_number_from_name_8;0x5a340;0x59eb8;0x0;TransmitterType.LOAD;15;0;False;['0x5a340', '0x59ea4'];<BV64 0x86 + x0>;64;[];[];['<BV64 x0>'];[];['<BV64 x0>'];[];[];0;18446744073709551615;18446744073709551615;1;;;True;0;18446744073709551615;18446744073709551615;1;;;True;ControlType.CONTROLLED;0;<BV64 0x86>;64;[];[];[];[];[];[];[];134.0;134.0;0.0;1.0;;;True;134.0;134.0;0.0;1.0;;;True;ControlType.NO_CONTROL;0;<BV64 0x86>;64;[];[];[];[];[];[];[];134;134;0;1.0;;;True;134.0;134.0;0.0;1.0;;;True;ControlType.NO_CONTROL;0;<BV64 x0>;64;[];[];['<BV64 x0>'];[];['<BV64 x0>'];[];[];0.0;1.8446744073709552e+19;18446744073709551615;1;;;True;0.0;1.8446744073709552e+19;18446744073709551615;1;;;True;ControlType.CONTROLLED;0;<BV64 x0>;64;[];[];['<BV64 x0>'];[];['<BV64 x0>'];[];[];0.0;1.8446744073709552e+19;1.8446744073709552e+19;1.0;;;True;0.0;1.8446744073709552e+19;1.8446744073709552e+19;1.0;;;True;ControlType.CONTROLLED;0;<BV64 x0>;64;[];[];[];[];[];[];[];0;0;0;;;;False;0;0;0;;;;False;ControlType.UNKNOWN;0;[('0x5a35c', <Bool True>, 'Taken')];{'regs': [], 'indirect_regs': [], 'direct_regs': [], 'mem': [], 'const_mem': []};[];{'regs': [], 'indirect_regs': [], 'direct_regs': [], 'mem': [], 'const_mem': []};{'regs': ['<BV64 x0>'], 'indirect_regs': [], 'direct_regs': ['<BV64 x0>'], 'mem': [], 'const_mem': []};{'regs': ['<BV64 x0>'], 'indirect_regs': [], 'direct_regs': ['<BV64 x0>'], 'mem': [], 'const_mem': []};63.0;0.0;64.0;64.0;[];;;;BaseControlType.CONSTANT_BASE;BaseControlType.CONSTANT_BASE;BaseControlType.CONSTANT_BASE;1;BranchControlType.BRANCH_INDEPENDENT_FROM_SECRET;BranchControlType.BRANCH_INDEPENDENT_FROM_SECRET;368312;True;False;True;True;True;False;False;True;True;False;False;False;True;False;True;False;True;False;True;False;[];['has_valid_base'];True;False;True;True;True;False;False;True;True;False;False;False;True;False;True;False;True;False;True;False;[];['has_valid_base']
16ddff26-318f-4e9c-aeb2-e27013fe984a;pcre2_substring_number_from_name_8;0x5a340;0x59ebc;0x0;TransmitterType.LOAD;16;0;False;['0x5a340', '0x59ea4'];<BV64 0x84 + x0>;64;[];[];['<BV64 x0>'];[];['<BV64 x0>'];[];[];0;18446744073709551615;18446744073709551615;1;;;True;0;18446744073709551615;18446744073709551615;1;;;True;ControlType.CONTROLLED;0;<BV64 0x84>;64;[];[];[];[];[];[];[];132.0;132.0;0.0;1.0;;;True;132.0;132.0;0.0;1.0;;;True;ControlType.NO_CONTROL;0;<BV64 0x84>;64;[];[];[];[];[];[];[];132;132;0;1.0;;;True;132.0;132.0;0.0;1.0;;;True;ControlType.NO_CONTROL;0;<BV64 x0>;64;[];[];['<BV64 x0>'];[];['<BV64 x0>'];[];[];0.0;1.8446744073709552e+19;18446744073709551615;1;;;True;0.0;1.8446744073709552e+19;18446744073709551615;1;;;True;ControlType.CONTROLLED;0;<BV64 x0>;64;[];[];['<BV64 x0>'];[];['<BV64 x0>'];[];[];0.0;1.8446744073709552e+19;1.8446744073709552e+19;1.0;;;True;0.0;1.8446744073709552e+19;1.8446744073709552e+19;1.0;;;True;ControlType.CONTROLLED;0;<BV64 x0>;64;[];[];[];[];[];[];[];0;0;0;;;;False;0;0;0;;;;False;ControlType.UNKNOWN;0;[('0x5a35c', <Bool True>, 'Taken')];{'regs': [], 'indirect_regs': [], 'direct_regs': [], 'mem': [], 'const_mem': []};[];{'regs': [], 'indirect_regs': [], 'direct_regs': [], 'mem': [], 'const_mem': []};{'regs': ['<BV64 x0>'], 'indirect_regs': [], 'direct_regs': ['<BV64 x0>'], 'mem': [], 'const_mem': []};{'regs': ['<BV64 x0>'], 'indirect_regs': [], 'direct_regs': ['<BV64 x0>'], 'mem': [], 'const_mem': []};63.0;0.0;64.0;64.0;[];;;;BaseControlType.CONSTANT_BASE;BaseControlType.CONSTANT_BASE;BaseControlType.CONSTANT_BASE;1;BranchControlType.BRANCH_INDEPENDENT_FROM_SECRET;BranchControlType.BRANCH_INDEPENDENT_FROM_SECRET;368316;True;False;True;True;True;False;False;True;True;False;False;False;True;False;True;False;True;False;True;False;[];['has_valid_base'];True;False;True;True;True;False;False;True;True;False;False;False;True;False;True;False;True;False;True;False;[];['has_valid_base']
612432f6-02f9-4cc0-9af0-39d248644c5d;pcre2_substring_number_from_name_8;0x5a340;0x59ef8;0x0;TransmitterType.LOAD;29;1;False;['0x5a340', '0x59ea4', '0x59ecc', '0x59ef4'];<BV64 0x8a + x0 + ((0#32 .. (0#16 .. LOAD_16[<BV64 x0 + 0x84>]_27) * (0#17 .. LOAD_16[<BV64 x0 + 0x86>]_26[15:1])) << 0x20 >> 0x20)>;64;[('0x59ec8', <Bool (0x0 .. LOAD_16[<BV64 x0 + 0x86>]_26) > 0x0>, 'Taken')];[];['<BV64 x0>'];[];['<BV64 x0>'];['<BV64 x0 + 0x84>', '<BV64 x0 + 0x86>'];[];0;18446744073709551615;18446744073709551615;1;;;True;0;18446744073709551615;18446744073709551615;1;;;False;ControlType.CONTROLLED;1;<BV64 0x8a>;64;[];[];[];[];[];[];[];138.0;138.0;0.0;1.0;;;True;138.0;138.0;0.0;1.0;;;True;ControlType.NO_CONTROL;0;<BV64 0x8a>;64;[];[];[];[];[];[];[];138;138;0;1.0;;;True;138.0;138.0;0.0;1.0;;;True;ControlType.NO_CONTROL;0;<BV64 x0 + ((0#32 .. (0#16 .. LOAD_16[<BV64 x0 + 0x84>]_27) * (0#17 .. LOAD_16[<BV64 x0 + 0x86>]_26[15:1])) << 0x20 >> 0x20)>;64;[('0x59ec8', <Bool (0x0 .. LOAD_16[<BV64 x0 + 0x86>]_26) > 0x0>, 'Taken')];[];['<BV64 x0>'];[];['<BV64 x0>'];['<BV64 x0 + 0x84>', '<BV64 x0 + 0x86>'];[];0.0;1.8446744073709552e+19;18446744073709551615;1;;;True;0.0;1.8446744073709552e+19;18446744073709551615;1;;;False;ControlType.CONTROLLED;1;<BV64 x0>;64;[];[];['<BV64 x0>'];[];['<BV64 x0>'];[];[];0.0;1.8446744073709552e+19;1.8446744073709552e+19;1.0;;;True;0.0;1.8446744073709552e+19;1.8446744073709552e+19;1.0;;;True;ControlType.CONTROLLED;0;<BV64 x0>;64;[];[];[];[];[];[];[];0;0;0;;;;False;0;0;0;;;;False;ControlType.UNKNOWN;0;[('0x59ec8', <Bool (0x0 .. LOAD_16[<BV64 x0 + 0x86>]_26) > 0x0>, 'Taken'), ('0x59ee8', <Bool True>, 'Taken'), ('0x5a35c', <Bool True>, 'Taken')];"{'regs': ['<BV64 x0>'], 'indirect_regs': [""<BV64 x0>: ['0x86']""], 'direct_regs': [], 'mem': ['<BV64 x0 + 0x86>'], 'const_mem': []}";[];{'regs': [], 'indirect_regs': [], 'direct_regs': [], 'mem': [], 'const_mem': []};{'regs': ['<BV64 x0>'], 'indirect_regs': [], 'direct_regs': ['<BV64 x0>'], 'mem': ['<BV64 x0 + 0x84>', '<BV64 x0 + 0x86>'], 'const_mem': []};{'regs': ['<BV64 x0>'], 'indirect_regs': [], 'direct_regs': ['<BV64 x0>'], 'mem': ['<BV64 x0 + 0x84>', '<BV64 x0 + 0x86>'], 'const_mem': []};63.0;0.0;64.0;64.0;[];;;;BaseControlType.CONSTANT_BASE;BaseControlType.CONSTANT_BASE;BaseControlType.CONSTANT_BASE;3;BranchControlType.BRANCH_DEPENDS_ON_SECRET_VALUE;BranchControlType.BRANCH_INDEPENDENT_FROM_SECRET;368376;True;False;True;True;True;False;False;True;True;False;False;False;True;False;True;True;True;False;True;False;[];['has_valid_base'];True;False;True;True;True;False;False;True;True;False;False;False;True;False;True;True;True;False;True;False;[];['has_valid_base']
5d265f59-2bd2-453d-83d6-560a9e115bc8;pcre2_set_offset_limit_8;0x1092c;0x10948;0x0;TransmitterType.STORE;9;0;False;['0x1092c'];<BV64 0x48 + x0>;64;[];[];['<BV64 x0>'];[];['<BV64 x0>'];[];[];0;18446744073709551615;18446744073709551615;1;;;True;0;18446744073709551615;18446744073709551615;1;;;True;ControlType.CONTROLLED;0;<BV64 0x48>;64;[];[];[];[];[];[];[];72.0;72.0;0.0;1.0;;;True;72.0;72.0;0.0;1.0;;;True;ControlType.NO_CONTROL;0;<BV64 0x48>;64;[];[];[];[];[];[];[];72;72;0;1.0;;;True;72.0;72.0;0.0;1.0;;;True;ControlType.NO_CONTROL;0;<BV64 x0>;64;[];[];['<BV64 x0>'];[];['<BV64 x0>'];[];[];0.0;1.8446744073709552e+19;18446744073709551615;1;;;True;0.0;1.8446744073709552e+19;18446744073709551615;1;;;True;ControlType.CONTROLLED;0;<BV64 x0>;64;[];[];['<BV64 x0>'];[];['<BV64 x0>'];[];[];0.0;1.8446744073709552e+19;1.8446744073709552e+19;1.0;;;True;0.0;1.8446744073709552e+19;1.8446744073709552e+19;1.0;;;True;ControlType.CONTROLLED;0;<BV64 x0>;64;[];[];[];[];[];[];[];0;0;0;;;;False;0;0;0;;;;False;ControlType.UNKNOWN;0;[];{'regs': [], 'indirect_regs': [], 'direct_regs': [], 'mem': [], 'const_mem': []};[];{'regs': [], 'indirect_regs': [], 'direct_regs': [], 'mem': [], 'const_mem': []};{'regs': ['<BV64 x0>'], 'indirect_regs': [], 'direct_regs': ['<BV64 x0>'], 'mem': [], 'const_mem': []};{'regs': ['<BV64 x0>'], 'indirect_regs': [], 'direct_regs': ['<BV64 x0>'], 'mem': [], 'const_mem': []};63.0;0.0;64.0;64.0;[];;;;BaseControlType.CONSTANT_BASE;BaseControlType.CONSTANT_BASE;BaseControlType.CONSTANT_BASE;0;BranchControlType.BRANCH_INDEPENDENT_FROM_SECRET;BranchControlType.BRANCH_INDEPENDENT_FROM_SECRET;67912;True;False;True;True;True;False;False;True;True;False;False;False;True;False;True;False;True;False;True;False;[];['has_valid_base'];True;False;True;True;True;False;False;True;True;False;False;False;True;False;True;False;True;False;True;False;[];['has_valid_base']
98f588db-1dd3-49ce-9ad5-4ea6f0e57061;pcre2_match_context_free_8;0x106d0;0x106e0;0x0;TransmitterType.LOAD;5;0;False;['0x106d0', '0x106e0'];<BV64 0x8 + x0>;64;[];[];['<BV64 x0>'];[];['<BV64 x0>'];[];[];0;18446744073709551615;18446744073709551615;1;;;True;0;18446744073709551615;18446744073709551615;1;;;True;ControlType.CONTROLLED;0;<BV64 0x8>;64;[];[];[];[];[];[];[];8.0;8.0;0.0;1.0;;;True;8.0;8.0;0.0;1.0;;;True;ControlType.NO_CONTROL;0;<BV64 0x8>;64;[];[];[];[];[];[];[];8;8;0;1.0;;;True;8.0;8.0;0.0;1.0;;;True;ControlType.NO_CONTROL;0;<BV64 x0>;64;[];[];['<BV64 x0>'];[];['<BV64 x0>'];[];[];0.0;1.8446744073709552e+19;18446744073709551615;1;;;True;1.0;1.8446744073709552e+19;18446744073709551614;1;;;True;ControlType.CONTROLLED;0;<BV64 x0>;64;[];[];['<BV64 x0>'];[];['<BV64 x0>'];[];[];0.0;1.8446744073709552e+19;1.8446744073709552e+19;1.0;;;True;1.0;1.8446744073709552e+19;1.8446744073709552e+19;1.0;;;True;ControlType.CONTROLLED;0;<BV64 x0>;64;[];[];[];[];[];[];[];0;0;0;;;;False;0;0;0;;;;False;ControlType.UNKNOWN;0;[('0x106dc', <Bool x0 != 0x0>, 'Taken')];{'regs': ['<BV64 x0>'], 'indirect_regs': [], 'direct_regs': ['<BV64 x0>'], 'mem': [], 'const_mem': []};[];{'regs': [], 'indirect_regs': [], 'direct_regs': [], 'mem': [], 'const_mem': []};{'regs': ['<BV64 x0>'], 'indirect_regs': [], 'direct_regs': ['<BV64 x0>'], 'mem': [], 'const_mem': []};{'regs': ['<BV64 x0>', '<BV64 x0>'], 'indirect_regs': [], 'direct_regs': ['<BV64 x0>', '<BV64 x0>'], 'mem': [], 'const_mem': []};63.0;0.0;64.0;64.0;[];;;;BaseControlType.CONSTANT_BASE;BaseControlType.CONSTANT_BASE;BaseControlType.CONSTANT_BASE;1;BranchControlType.BRANCH_INDEPENDENT_FROM_SECRET;BranchControlType.BRANCH_INDEPENDENT_FROM_SECRET;67296;True;False;True;True;True;False;False;True;True;False;False;False;True;False;True;False;True;False;True;False;[];['has_valid_base'];True;False;True;True;True;False;False;True;True;False;False;False;True;False;True;False;True;False;True;False;[];['has_valid_base']
61432e44-e381-4a19-b83e-020b308ec0db;pcre2_match_context_free_8;0x106d0;0x106e0;0x0;TransmitterType.LOAD;5;0;False;['0x106d0', '0x106e0'];<BV64 0x10 + x0>;64;[];[];['<BV64 x0>'];[];['<BV64 x0>'];[];[];0;18446744073709551615;18446744073709551615;1;;;True;0;18446744073709551615;18446744073709551615;1;;;True;ControlType.CONTROLLED;0;<BV64 0x10>;64;[];[];[];[];[];[];[];16.0;16.0;0.0;1.0;;;True;16.0;16.0;0.0;1.0;;;True;ControlType.NO_CONTROL;0;<BV64 0x10>;64;[];[];[];[];[];[];[];16;16;0;1.0;;;True;16.0;16.0;0.0;1.0;;;True;ControlType.NO_CONTROL;0;<BV64 x0>;64;[];[];['<BV64 x0>'];[];['<BV64 x0>'];[];[];0.0;1.8446744073709552e+19;18446744073709551615;1;;;True;1.0;1.8446744073709552e+19;18446744073709551614;1;;;True;ControlType.CONTROLLED;0;<BV64 x0>;64;[];[];['<BV64 x0>'];[];['<BV64 x0>'];[];[];0.0;1.8446744073709552e+19;1.8446744073709552e+19;1.0;;;True;1.0;1.8446744073709552e+19;1.8446744073709552e+19;1.0;;;True;ControlType.CONTROLLED;0;<BV64 x0>;64;[];[];[];[];[];[];[];0;0;0;;;;False;0;0;0;;;;False;ControlType.UNKNOWN;0;[('0x106dc', <Bool x0 != 0x0>, 'Taken')];{'regs': ['<BV64 x0>'], 'indirect_regs': [], 'direct_regs': ['<BV64 x0>'], 'mem': [], 'const_mem': []};[];{'regs': [], 'indirect_regs': [], 'direct_regs': [], 'mem': [], 'const_mem': []};{'regs': ['<BV64 x0>'], 'indirect_regs': [], 'direct_regs': ['<BV64 x0>'], 'mem': [], 'const_mem': []};{'regs': ['<BV64 x0>', '<BV64 x0>'], 'indirect_regs': [], 'direct_regs': ['<BV64 x0>', '<BV64 x0>'], 'mem': [], 'const_mem': []};63.0;0.0;64.0;64.0;[];;;;BaseControlType.CONSTANT_BASE;BaseControlType.CONSTANT_BASE;BaseControlType.CONSTANT_BASE;1;BranchControlType.BRANCH_INDEPENDENT_FROM_SECRET;BranchControlType.BRANCH_INDEPENDENT_FROM_SECRET;67296;True;False;True;True;True;False;False;True;True;False;False;False;True;False;True;False;True;False;True;False;[];['has_valid_base'];True;False;True;True;True;False;False;True;True;False;False;False;True;False;True;False;True;False;True;False;[];['has_valid_base']
e41e1a38-1720-4387-a8bc-1bf861b94a0f;pcre2_match_context_free_8;0x106d0;0x106f0;0x106e0;TransmitterType.CODE_LOAD;7;1;False;['0x106d0', '0x106e0'];<BV64 LOAD_64[<BV64 x0 + 0x8>]_22>;64;[];[];['<BV64 x0>'];"[""<BV64 x0>: ['0x8']""]";[];['<BV64 x0 + 0x8>'];[];0;18446744073709551615;18446744073709551615;1;;;True;0;18446744073709551615;18446744073709551615;1;;;True;ControlType.CONTROLLED;1;;0;[];[];[];[];[];[];[];0.0;0.0;0.0;0.0;;;False;0.0;0.0;0.0;0.0;;;False;ControlType.UNKNOWN;0;;0;[];[];[];[];[];[];[];0;0;0;;;;False;0.0;0.0;0.0;0.0;;;False;ControlType.UNKNOWN;0;<BV64 LOAD_64[<BV64 x0 + 0x8>]_22>;64;[];[];['<BV64 x0>'];"[""<BV64 x0>: ['0x8']""]";[];['<BV64 x0 + 0x8>'];[];0.0;1.8446744073709552e+19;18446744073709551615;1;;;True;0.0;1.8446744073709552e+19;18446744073709551615;1;;;True;ControlType.CONTROLLED;1;<BV64 x0 + 0x8>;64;[('0x106dc', <Bool x0 != 0x0>, 'Taken')];[];['<BV64 x0>'];[];['<BV64 x0>'];[];[];0.0;1.8446744073709552e+19;1.8446744073709552e+19;1.0;;;True;9.0;7.0;1.8446744073709552e+19;1.0;;;True;ControlType.CONTROLLED;0;<BV64 LOAD_64[<BV64 x0 + 0x8>]_22>;64;[];[];[];[];[];[];[];0;0;0;;;;False;0;0;0;;;;False;ControlType.UNKNOWN;1;[('0x106dc', <Bool x0 != 0x0>, 'Taken')];{'regs': ['<BV64 x0>'], 'indirect_regs': [], 'direct_regs': ['<BV64 x0>'], 'mem': [], 'const_mem': []};[];{'regs': [], 'indirect_regs': [], 'direct_regs': [], 'mem': [], 'const_mem': []};{'regs': ['<BV64 x0>'], 'indirect_regs': [], 'direct_regs': ['<BV64 x0>'], 'mem': ['<BV64 x0 + 0x8>'], 'const_mem': []};{'regs': ['<BV64 x0>'], 'indirect_regs': [], 'direct_regs': ['<BV64 x0>'], 'mem': ['<BV64 x0 + 0x8>'], 'const_mem': []};63.0;0.0;64.0;64.0;[];;;;BaseControlType.NO_BASE;BaseControlType.NO_BASE;BaseControlType.NO_BASE;1;BranchControlType.BRANCH_DEPENDS_ON_SECRET_ADDRESS;BranchControlType.BRANCH_INDEPENDENT_FROM_SECRET;67312;True;False;True;True;True;False;False;True;True;False;False;False;True;False;True;True;True;False;True;False;[];['has_valid_base'];True;False;True;True;True;False;False;True;True;False;False;False;True;False;True;True;True;False;True;False;[];['has_valid_base']
06a53d73-936c-4f90-9052-e8f86060913e;pcre2_get_ovector_count_8;0x47440;0x4744c;0x0;TransmitterType.LOAD;4;0;False;['0x47440'];<BV64 0x5a + x0>;64;[];[];['<BV64 x0>'];[];['<BV64 x0>'];[];[];0;18446744073709551615;18446744073709551615;1;;;True;0;18446744073709551615;18446744073709551615;1;;;True;ControlType.CONTROLLED;0;<BV64 0x5a>;64;[];[];[];[];[];[];[];90.0;90.0;0.0;1.0;;;True;90.0;90.0;0.0;1.0;;;True;ControlType.NO_CONTROL;0;<BV64 0x5a>;64;[];[];[];[];[];[];[];90;90;0;1.0;;;True;90.0;90.0;0.0;1.0;;;True;ControlType.NO_CONTROL;0;<BV64 x0>;64;[];[];['<BV64 x0>'];[];['<BV64 x0>'];[];[];0.0;1.8446744073709552e+19;18446744073709551615;1;;;True;0.0;1.8446744073709552e+19;18446744073709551615;1;;;True;ControlType.CONTROLLED;0;<BV64 x0>;64;[];[];['<BV64 x0>'];[];['<BV64 x0>'];[];[];0.0;1.8446744073709552e+19;1.8446744073709552e+19;1.0;;;True;0.0;1.8446744073709552e+19;1.8446744073709552e+19;1.0;;;True;ControlType.CONTROLLED;0;<BV64 x0>;64;[];[];[];[];[];[];[];0;0;0;;;;False;0;0;0;;;;False;ControlType.UNKNOWN;0;[];{'regs': [], 'indirect_regs': [], 'direct_regs': [], 'mem': [], 'const_mem': []};[];{'regs': [], 'indirect_regs': [], 'direct_regs': [], 'mem': [], 'const_mem': []};{'regs': ['<BV64 x0>'], 'indirect_regs': [], 'direct_regs': ['<BV64 x0>'], 'mem': [], 'const_mem': []};{'regs': ['<BV64 x0>'], 'indirect_regs': [], 'direct_regs': ['<BV64 x0>'], 'mem': [], 'const_mem': []};63.0;0.0;64.0;64.0;[];;;;BaseControlType.CONSTANT_BASE;BaseControlType.CONSTANT_BASE;BaseControlType.CONSTANT_BASE;0;BranchControlType.BRANCH_INDEPENDENT_FROM_SECRET;BranchControlType.BRANCH_INDEPENDENT_FROM_SECRET;291916;True;False;True;True;True;False;False;True;True;False;False;False;True;False;True;False;True;False;True;False;[];['has_valid_base'];True;False;True;True;True;False;False;True;True;False;False;False;True;False;True;False;True;False;True;False;[];['has_valid_base']
1d939bd3-28f6-48c3-9ab2-2ca44769b19d;pcre2_converted_pattern_free_8;0x12c60;0x12c7c;0x0;TransmitterType.LOAD;7;0;False;['0x12c60', '0x12c70'];<BV64 0xfffffffffffffff0 + x0>;64;[];[];['<BV64 x0>'];[];['<BV64 x0>'];[];[];0;18446744073709551615;18446744073709551615;1;;;True;0;18446744073709551615;18446744073709551615;1;;;True;ControlType.CONTROLLED;0;<BV64 0xfffffffffffffff0>;64;[];[];[];[];[];[];[];1.8446744073709552e+19;1.8446744073709552e+19;0.0;1.0;;;True;1.8446744073709552e+19;1.8446744073709552e+19;0.0;1.0;;;True;ControlType.NO_CONTROL;0;<BV64 0xfffffffffffffff0>;64;[];[];[];[];[];[];[];18446744073709551600;18446744073709551600;0;1.0;;;True;1.8446744073709552e+19;1.8446744073709552e+19;0.0;1.0;;;True;ControlType.NO_CONTROL;0;<BV64 x0>;64;[];[];['<BV64 x0>'];[];['<BV64 x0>'];[];[];0.0;1.8446744073709552e+19;18446744073709551615;1;;;True;1.0;1.8446744073709552e+19;18446744073709551614;1;;;True;ControlType.CONTROLLED;0;<BV64 x0>;64;[];[];['<BV64 x0>'];[];['<BV64 x0>'];[];[];0.0;1.8446744073709552e+19;1.8446744073709552e+19;1.0;;;True;1.0;1.8446744073709552e+19;1.8446744073709552e+19;1.0;;;True;ControlType.CONTROLLED;0;<BV64 x0>;64;[];[];[];[];[];[];[];0;0;0;;;;False;0;0;0;;;;False;ControlType.UNKNOWN;0;[('0x12c6c', <Bool x0 != 0x0>, 'Taken')];{'regs': ['<BV64 x0>'], 'indirect_regs': [], 'direct_regs': ['<BV64 x0>'], 'mem': [], 'const_mem': []};[];{'regs': [], 'indirect_regs': [], 'direct_regs': [], 'mem': [], 'const_mem': []};{'regs': ['<BV64 x0>'], 'indirect_regs': [], 'direct_regs': ['<BV64 x0>'], 'mem': [], 'const_mem': []};{'regs': ['<BV64 x0>', '<BV64 x0>'], 'indirect_regs': [], 'direct_regs': ['<BV64 x0>', '<BV64 x0>'], 'mem': [], 'const_mem': []};63.0;0.0;64.0;64.0;[];;;;BaseControlType.CONSTANT_BASE;BaseControlType.CONSTANT_BASE;BaseControlType.CONSTANT_BASE;1;BranchControlType.BRANCH_INDEPENDENT_FROM_SECRET;BranchControlType.BRANCH_INDEPENDENT_FROM_SECRET;76924;True;False;True;True;True;False;False;True;True;False;False;False;True;False;True;False;True;False;True;False;[];['has_valid_base'];True;False;True;True;True;False;False;True;True;False;False;False;True;False;True;False;True;False;True;False;[];['has_valid_base']
b87635a3-b6e7-454a-845d-9ad8c3b9c29a;pcre2_converted_pattern_free_8;0x12c60;0x12c7c;0x0;TransmitterType.LOAD;7;0;False;['0x12c60', '0x12c70'];<BV64 0xfffffffffffffff8 + x0>;64;[];[];['<BV64 x0>'];[];['<BV64 x0>'];[];[];0;18446744073709551615;18446744073709551615;1;;;True;0;18446744073709551615;18446744073709551615;1;;;True;ControlType.CONTROLLED;0;<BV64 0xfffffffffffffff8>;64;[];[];[];[];[];[];[];1.8446744073709552e+19;1.8446744073709552e+19;0.0;1.0;;;True;1.8446744073709552e+19;1.8446744073709552e+19;0.0;1.0;;;True;ControlType.NO_CONTROL;0;<BV64 0xfffffffffffffff8>;64;[];[];[];[];[];[];[];18446744073709551608;18446744073709551608;0;1.0;;;True;1.8446744073709552e+19;1.8446744073709552e+19;0.0;1.0;;;True;ControlType.NO_CONTROL;0;<BV64 x0>;64;[];[];['<BV64 x0>'];[];['<BV64 x0>'];[];[];0.0;1.8446744073709552e+19;18446744073709551615;1;;;True;1.0;1.8446744073709552e+19;18446744073709551614;1;;;True;ControlType.CONTROLLED;0;<BV64 x0>;64;[];[];['<BV64 x0>'];[];['<BV64 x0>'];[];[];0.0;1.8446744073709552e+19;1.8446744073709552e+19;1.0;;;True;1.0;1.8446744073709552e+19;1.8446744073709552e+19;1.0;;;True;ControlType.CONTROLLED;0;<BV64 x0>;64;[];[];[];[];[];[];[];0;0;0;;;;False;0;0;0;;;;False;ControlType.UNKNOWN;0;[('0x12c6c', <Bool x0 != 0x0>, 'Taken')];{'regs': ['<BV64 x0>'], 'indirect_regs': [], 'direct_regs': ['<BV64 x0>'], 'mem': [], 'const_mem': []};[];{'regs': [], 'indirect_regs': [], 'direct_regs': [], 'mem': [], 'const_mem': []};{'regs': ['<BV64 x0>'], 'indirect_regs': [], 'direct_regs': ['<BV64 x0>'], 'mem': [], 'const_mem': []};{'regs': ['<BV64 x0>', '<BV64 x0>'], 'indirect_regs': [], 'direct_regs': ['<BV64 x0>', '<BV64 x0>'], 'mem': [], 'const_mem': []};63.0;0.0;64.0;64.0;[];;;;BaseControlType.CONSTANT_BASE;BaseControlType.CONSTANT_BASE;BaseControlType.CONSTANT_BASE;1;BranchControlType.BRANCH_INDEPENDENT_FROM_SECRET;BranchControlType.BRANCH_INDEPENDENT_FROM_SECRET;76924;True;False;True;True;True;False;False;True;True;False;False;False;True;False;True;False;True;False;True;False;[];['has_valid_base'];True;False;True;True;True;False;False;True;True;False;False;False;True;False;True;False;True;False;True;False;[];['has_valid_base']
65322cdd-16bf-4258-9dbd-09f4a4c326ce;pcre2_converted_pattern_free_8;0x12c60;0x12c84;0x12c74;TransmitterType.CODE_LOAD;7;1;False;['0x12c60', '0x12c70'];<BV64 LOAD_64[<BV64 x0 + 0xfffffffffffffff0>]_24>;64;[];[];['<BV64 x0>'];"[""<BV64 x0>: ['0xfffffffffffffff0']""]";[];['<BV64 x0 + 0xfffffffffffffff0>'];[];0;18446744073709551615;18446744073709551615;1;;;True;0;18446744073709551615;18446744073709551615;1;;;True;ControlType.CONTROLLED;1;;0;[];[];[];[];[];[];[];0.0;0.0;0.0;0.0;;;False;0.0;0.0;0.0;0.0;;;False;ControlType.UNKNOWN;0;;0;[];[];[];[];[];[];[];0;0;0;;;;False;0.0;0.0;0.0;0.0;;;False;ControlType.UNKNOWN;0;<BV64 LOAD_64[<BV64 x0 + 0xfffffffffffffff0>]_24>;64;[];[];['<BV64 x0>'];"[""<BV64 x0>: ['0xfffffffffffffff0']""]";[];['<BV64 x0 + 0xfffffffffffffff0>'];[];0.0;1.8446744073709552e+19;18446744073709551615;1;;;True;0.0;1.8446744073709552e+19;18446744073709551615;1;;;True;ControlType.CONTROLLED;1;<BV64 x0 + 0xfffffffffffffff0>;64;[];[];['<BV64 x0>'];[];['<BV64 x0>'];[];[];0.0;1.8446744073709552e+19;1.8446744073709552e+19;1.0;;;True;0.0;1.8446744073709552e+19;1.8446744073709552e+19;1.0;;;True;ControlType.CONTROLLED;0;<BV64 LOAD_64[<BV64 x0 + 0xfffffffffffffff0>]_24>;64;[];[];[];[];[];[];[];0;0;0;;;;False;0;0;0;;;;False;ControlType.UNKNOWN;1;[('0x12c6c', <Bool x0 != 0x0>, 'Taken')];{'regs': ['<BV64 x0>'], 'indirect_regs': [], 'direct_regs': ['<BV64 x0>'], 'mem': [], 'const_mem': []};[];{'regs': [], 'indirect_regs': [], 'direct_regs': [], 'mem': [], 'const_mem': []};{'regs': ['<BV64 x0>'], 'indirect_regs': [], 'direct_regs': ['<BV64 x0>'], 'mem': ['<BV64 x0 + 0xfffffffffffffff0>'], 'const_mem': []};{'regs': ['<BV64 x0>', '<BV64 x0>'], 'indirect_regs': [], 'direct_regs': ['<BV64 x0>', '<BV64 x0>'], 'mem': ['<BV64 x0 + 0xfffffffffffffff0>'], 'const_mem': []};63.0;0.0;64.0;64.0;[];;;;BaseControlType.NO_BASE;BaseControlType.NO_BASE;BaseControlType.NO_BASE;1;BranchControlType.BRANCH_INDEPENDENT_FROM_SECRET;BranchControlType.BRANCH_INDEPENDENT_FROM_SECRET;76932;True;False;True;True;True;False;False;True;True;False;False;False;True;False;True;False;True;False;True;False;[];['has_valid_base'];True;False;True;True;True;False;False;True;True;False;False;False;True;False;True;False;True;False;True;False;[];['has_valid_base']
9f721a8c-0e62-40db-91b3-7c3447203e62;pcre2_jit_stack_free_8;0x46f60;0x46f7c;0x0;TransmitterType.LOAD;8;0;False;['0x46f60', '0x46f68'];<BV64 0x18 + x0>;64;[];[];['<BV64 x0>'];[];['<BV64 x0>'];[];[];0;18446744073709551615;18446744073709551615;1;;;True;0;18446744073709551615;18446744073709551615;1;;;True;ControlType.CONTROLLED;0;<BV64 0x18>;64;[];[];[];[];[];[];[];24.0;24.0;0.0;1.0;;;True;24.0;24.0;0.0;1.0;;;True;ControlType.NO_CONTROL;0;<BV64 0x18>;64;[];[];[];[];[];[];[];24;24;0;1.0;;;True;24.0;24.0;0.0;1.0;;;True;ControlType.NO_CONTROL;0;<BV64 x0>;64;[];[];['<BV64 x0>'];[];['<BV64 x0>'];[];[];0.0;1.8446744073709552e+19;18446744073709551615;1;;;True;1.0;1.8446744073709552e+19;18446744073709551614;1;;;True;ControlType.CONTROLLED;0;<BV64 x0>;64;[];[];['<BV64 x0>'];[];['<BV64 x0>'];[];[];0.0;1.8446744073709552e+19;1.8446744073709552e+19;1.0;;;True;1.0;1.8446744073709552e+19;1.8446744073709552e+19;1.0;;;True;ControlType.CONTROLLED;0;<BV64 x0>;64;[];[];[];[];[];[];[];0;0;0;;;;False;0;0;0;;;;False;ControlType.UNKNOWN;0;[('0x46f64', <Bool x0 != 0x0>, 'Taken')];{'regs': ['<BV64 x0>'], 'indirect_regs': [], 'direct_regs': ['<BV64 x0>'], 'mem': [], 'const_mem': []};[];{'regs': [], 'indirect_regs': [], 'direct_regs': [], 'mem': [], 'const_mem': []};{'regs': ['<BV64 x0>'], 'indirect_regs': [], 'direct_regs': ['<BV64 x0>'], 'mem': [], 'const_mem': []};{'regs': ['<BV64 x0>', '<BV64 x0>'], 'indirect_regs': [], 'direct_regs': ['<BV64 x0>', '<BV64 x0>'], 'mem': [], 'const_mem': []};63.0;0.0;64.0;64.0;[];;;;BaseControlType.CONSTANT_BASE;BaseControlType.CONSTANT_BASE;BaseControlType.CONSTANT_BASE;1;BranchControlType.BRANCH_INDEPENDENT_FROM_SECRET;BranchControlType.BRANCH_INDEPENDENT_FROM_SECRET;290684;True;False;True;True;True;False;False;True;True;False;False;False;True;False;True;False;True;False;True;False;[];['has_valid_base'];True;False;True;True;True;False;False;True;True;False;False;False;True;False;True;False;True;False;True;False;[];['has_valid_base']
8e840b38-7e2e-4918-b747-5c112475f459;pcre2_jit_stack_free_8;0x46f60;0x46f80;0x46f7c;TransmitterType.LOAD;9;1;False;['0x46f60', '0x46f68'];<BV64 0x18 + LOAD_64[<BV64 x0 + 0x18>]_24>;64;[];[];['<BV64 x0>'];"[""<BV64 x0>: ['0x18']""]";[];['<BV64 x0 + 0x18>'];[];0;18446744073709551615;18446744073709551615;1;;;True;0;18446744073709551615;18446744073709551615;1;;;True;ControlType.CONTROLLED;1;<BV64 0x18>;64;[];[];[];[];[];[];[];24.0;24.0;0.0;1.0;;;True;24.0;24.0;0.0;1.0;;;True;ControlType.NO_CONTROL;0;<BV64 0x18>;64;[];[];[];[];[];[];[];24;24;0;1.0;;;True;24.0;24.0;0.0;1.0;;;True;ControlType.NO_CONTROL;0;<BV64 LOAD_64[<BV64 x0 + 0x18>]_24>;64;[];[];['<BV64 x0>'];"[""<BV64 x0>: ['0x18']""]";[];['<BV64 x0 + 0x18>'];[];0.0;1.8446744073709552e+19;18446744073709551615;1;;;True;0.0;1.8446744073709552e+19;18446744073709551615;1;;;True;ControlType.CONTROLLED;1;<BV64 x0 + 0x18>;64;[('0x46f64', <Bool x0 != 0x0>, 'Taken')];[];['<BV64 x0>'];[];['<BV64 x0>'];[];[];0.0;1.8446744073709552e+19;1.8446744073709552e+19;1.0;;;True;25.0;23.0;1.8446744073709552e+19;1.0;;;True;ControlType.CONTROLLED;0;<BV64 LOAD_64[<BV64 x0 + 0x18>]_24>;64;[];[];[];[];[];[];[];0;0;0;;;;False;0;0;0;;;;False;ControlType.UNKNOWN;1;[('0x46f64', <Bool x0 != 0x0>, 'Taken')];{'regs': ['<BV64 x0>'], 'indirect_regs': [], 'direct_regs': ['<BV64 x0>'], 'mem': [], 'const_mem': []};[];{'regs': [], 'indirect_regs': [], 'direct_regs': [], 'mem': [], 'const_mem': []};{'regs': ['<BV64 x0>'], 'indirect_regs': [], 'direct_regs': ['<BV64 x0>'], 'mem': ['<BV64 x0 + 0x18>'], 'const_mem': []};{'regs': ['<BV64 x0>'], 'indirect_regs': [], 'direct_regs': ['<BV64 x0>'], 'mem': ['<BV64 x0 + 0x18>'], 'const_mem': []};63.0;0.0;64.0;64.0;[];;;;BaseControlType.CONSTANT_BASE;BaseControlType.CONSTANT_BASE;BaseControlType.CONSTANT_BASE;1;BranchControlType.BRANCH_DEPENDS_ON_SECRET_ADDRESS;BranchControlType.BRANCH_INDEPENDENT_FROM_SECRET;290688;True;False;True;True;True;False;False;True;True;False;False;False;True;False;True;True;True;False;True;False;[];['has_valid_base'];True;False;True;True;True;False;False;True;True;False;False;False;True;False;True;True;True;False;True;False;[];['has_valid_base']
24440995-9ca5-4225-9e2d-f77271982a09;pcre2_jit_stack_free_8;0x46f60;0x46f84;0x46f7c;TransmitterType.LOAD;10;1;False;['0x46f60', '0x46f68'];<BV64 0x8 + LOAD_64[<BV64 x0 + 0x18>]_24>;64;[];[];['<BV64 x0>'];"[""<BV64 x0>: ['0x18']""]";[];['<BV64 x0 + 0x18>'];[];0;18446744073709551615;18446744073709551615;1;;;True;0;18446744073709551615;18446744073709551615;1;;;True;ControlType.CONTROLLED;1;<BV64 0x8>;64;[];[];[];[];[];[];[];8.0;8.0;0.0;1.0;;;True;8.0;8.0;0.0;1.0;;;True;ControlType.NO_CONTROL;0;<BV64 0x8>;64;[];[];[];[];[];[];[];8;8;0;1.0;;;True;8.0;8.0;0.0;1.0;;;True;ControlType.NO_CONTROL;0;<BV64 LOAD_64[<BV64 x0 + 0x18>]_24>;64;[];[];['<BV64 x0>'];"[""<BV64 x0>: ['0x18']""]";[];['<BV64 x0 + 0x18>'];[];0.0;1.8446744073709552e+19;18446744073709551615;1;;;True;0.0;1.8446744073709552e+19;18446744073709551615;1;;;True;ControlType.CONTROLLED;1;<BV64 x0 + 0x18>;64;[('0x46f64', <Bool x0 != 0x0>, 'Taken')];[];['<BV64 x0>'];[];['<BV64 x0>'];[];[];0.0;1.8446744073709552e+19;1.8446744073709552e+19;1.0;;;True;25.0;23.0;1.8446744073709552e+19;1.0;;;True;ControlType.CONTROLLED;0;<BV64 LOAD_64[<BV64 x0 + 0x18>]_24>;64;[];[];[];[];[];[];[];0;0;0;;;;False;0;0;0;;;;False;ControlType.UNKNOWN;1;[('0x46f64', <Bool x0 != 0x0>, 'Taken')];{'regs': ['<BV64 x0>'], 'indirect_regs': [], 'direct_regs': ['<BV64 x0>'], 'mem': [], 'const_mem': []};[];{'regs': [], 'indirect_regs': [], 'direct_regs': [], 'mem': [], 'const_mem': []};{'regs': ['<BV64 x0>'], 'indirect_regs': [], 'direct_regs': ['<BV64 x0>'], 'mem': ['<BV64 x0 + 0x18>'], 'const_mem': []};{'regs': ['<BV64 x0>'], 'indirect_regs': [], 'direct_regs': ['<BV64 x0>'], 'mem': ['<BV64 x0 + 0x18>'], 'const_mem': []};63.0;0.0;64.0;64.0;[];;;;BaseControlType.CONSTANT_BASE;BaseControlType.CONSTANT_BASE;BaseControlType.CONSTANT_BASE;1;BranchControlType.BRANCH_DEPENDS_ON_SECRET_ADDRESS;BranchControlType.BRANCH_INDEPENDENT_FROM_SECRET;290692;True;False;True;True;True;False;False;True;True;False;False;False;True;False;True;True;True;False;True;False;[];['has_valid_base'];True;False;True;True;True;False;False;True;True;False;False;False;True;False;True;True;True;False;True;False;[];['has_valid_base']
0ed661c4-ce82-44e4-b3e0-b2b1aea36383;pcre2_get_match_data_size_8;0x47480;0x4748c;0x0;TransmitterType.LOAD;4;0;False;['0x47480'];<BV64 0x5a + x0>;64;[];[];['<BV64 x0>'];[];['<BV64 x0>'];[];[];0;18446744073709551615;18446744073709551615;1;;;True;0;18446744073709551615;18446744073709551615;1;;;True;ControlType.CONTROLLED;0;<BV64 0x5a>;64;[];[];[];[];[];[];[];90.0;90.0;0.0;1.0;;;True;90.0;90.0;0.0;1.0;;;True;ControlType.NO_CONTROL;0;<BV64 0x5a>;64;[];[];[];[];[];[];[];90;90;0;1.0;;;True;90.0;90.0;0.0;1.0;;;True;ControlType.NO_CONTROL;0;<BV64 x0>;64;[];[];['<BV64 x0>'];[];['<BV64 x0>'];[];[];0.0;1.8446744073709552e+19;18446744073709551615;1;;;True;0.0;1.8446744073709552e+19;18446744073709551615;1;;;True;ControlType.CONTROLLED;0;<BV64 x0>;64;[];[];['<BV64 x0>'];[];['<BV64 x0>'];[];[];0.0;1.8446744073709552e+19;1.8446744073709552e+19;1.0;;;True;0.0;1.8446744073709552e+19;1.8446744073709552e+19;1.0;;;True;ControlType.CONTROLLED;0;<BV64 x0>;64;[];[];[];[];[];[];[];0;0;0;;;;False;0;0;0;;;;False;ControlType.UNKNOWN;0;[];{'regs': [], 'indirect_regs': [], 'direct_regs': [], 'mem': [], 'const_mem': []};[];{'regs': [], 'indirect_regs': [], 'direct_regs': [], 'mem': [], 'const_mem': []};{'regs': ['<BV64 x0>'], 'indirect_regs': [], 'direct_regs': ['<BV64 x0>'], 'mem': [], 'const_mem': []};{'regs': ['<BV64 x0>'], 'indirect_regs': [], 'direct_regs': ['<BV64 x0>'], 'mem': [], 'const_mem': []};63.0;0.0;64.0;64.0;[];;;;BaseControlType.CONSTANT_BASE;BaseControlType.CONSTANT_BASE;BaseControlType.CONSTANT_BASE;0;BranchControlType.BRANCH_INDEPENDENT_FROM_SECRET;BranchControlType.BRANCH_INDEPENDENT_FROM_SECRET;291980;True;False;True;True;True;False;False;True;True;False;False;False;True;False;True;False;True;False;True;False;[];['has_valid_base'];True;False;True;True;True;False;False;True;True;False;False;False;True;False;True;False;True;False;True;False;[];['has_valid_base']
c1a467b8-020f-4cfe-886d-defc7aad2820;pcre2_set_depth_limit_8;0x10908;0x10924;0x0;TransmitterType.STORE;9;0;False;['0x10908'];<BV64 0x58 + x0>;64;[];[];['<BV64 x0>'];[];['<BV64 x0>'];[];[];0;18446744073709551615;18446744073709551615;1;;;True;0;18446744073709551615;18446744073709551615;1;;;True;ControlType.CONTROLLED;0;<BV64 0x58>;64;[];[];[];[];[];[];[];88.0;88.0;0.0;1.0;;;True;88.0;88.0;0.0;1.0;;;True;ControlType.NO_CONTROL;0;<BV64 0x58>;64;[];[];[];[];[];[];[];88;88;0;1.0;;;True;88.0;88.0;0.0;1.0;;;True;ControlType.NO_CONTROL;0;<BV64 x0>;64;[];[];['<BV64 x0>'];[];['<BV64 x0>'];[];[];0.0;1.8446744073709552e+19;18446744073709551615;1;;;True;0.0;1.8446744073709552e+19;18446744073709551615;1;;;True;ControlType.CONTROLLED;0;<BV64 x0>;64;[];[];['<BV64 x0>'];[];['<BV64 x0>'];[];[];0.0;1.8446744073709552e+19;1.8446744073709552e+19;1.0;;;True;0.0;1.8446744073709552e+19;1.8446744073709552e+19;1.0;;;True;ControlType.CONTROLLED;0;<BV64 x0>;64;[];[];[];[];[];[];[];0;0;0;;;;False;0;0;0;;;;False;ControlType.UNKNOWN;0;[];{'regs': [], 'indirect_regs': [], 'direct_regs': [], 'mem': [], 'const_mem': []};[];{'regs': [], 'indirect_regs': [], 'direct_regs': [], 'mem': [], 'const_mem': []};{'regs': ['<BV64 x0>'], 'indirect_regs': [], 'direct_regs': ['<BV64 x0>'], 'mem': [], 'const_mem': []};{'regs': ['<BV64 x0>'], 'indirect_regs': [], 'direct_regs': ['<BV64 x0>'], 'mem': [], 'const_mem': []};63.0;0.0;64.0;64.0;[];;;;BaseControlType.CONSTANT_BASE;BaseControlType.CONSTANT_BASE;BaseControlType.CONSTANT_BASE;0;BranchControlType.BRANCH_INDEPENDENT_FROM_SECRET;BranchControlType.BRANCH_INDEPENDENT_FROM_SECRET;67876;True;False;True;True;True;False;False;True;True;False;False;False;True;False;True;False;True;False;True;False;[];['has_valid_base'];True;False;True;True;True;False;False;True;True;False;False;False;True;False;True;False;True;False;True;False;[];['has_valid_base']
fd0bcdd0-6c56-452b-a1d5-9189e7b9f825;pcre2_jit_compile_8;0x46a40;0x46a70;0x0;TransmitterType.LOAD;13;0;False;['0x46a40', '0x46a48', '0x46a6c'];<BV64 0x20 + x0>;64;[];[];['<BV64 x0>'];[];['<BV64 x0>'];[];[];0;18446744073709551615;18446744073709551615;1;;;True;0;18446744073709551615;18446744073709551615;1;;;True;ControlType.CONTROLLED;0;<BV64 0x20>;64;[];[];[];[];[];[];[];32.0;32.0;0.0;1.0;;;True;32.0;32.0;0.0;1.0;;;True;ControlType.NO_CONTROL;0;<BV64 0x20>;64;[];[];[];[];[];[];[];32;32;0;1.0;;;True;32.0;32.0;0.0;1.0;;;True;ControlType.NO_CONTROL;0;<BV64 x0>;64;[];[];['<BV64 x0>'];[];['<BV64 x0>'];[];[];0.0;1.8446744073709552e+19;18446744073709551615;1;;;True;1.0;1.8446744073709552e+19;18446744073709551614;1;;;True;ControlType.CONTROLLED;0;<BV64 x0>;64;[];[];['<BV64 x0>'];[];['<BV64 x0>'];[];[];0.0;1.8446744073709552e+19;1.8446744073709552e+19;1.0;;;True;1.0;1.8446744073709552e+19;1.8446744073709552e+19;1.0;;;True;ControlType.CONTROLLED;0;<BV64 x0>;64;[];[];[];[];[];[];[];0;0;0;;;;False;0;0;0;;;;False;ControlType.UNKNOWN;0;[('0x46a44', <Bool x0 != 0x0>, 'Taken'), ('0x46a68', <Bool (x1[31:0] & 0xfffffef8) == 0x0>, 'Taken')];{'regs': ['<BV64 x0>', '<BV64 x1>'], 'indirect_regs': [], 'direct_regs': ['<BV64 x0>', '<BV64 x1>'], 'mem': [], 'const_mem': []};[];{'regs': [], 'indirect_regs': [], 'direct_regs': [], 'mem': [], 'const_mem': []};{'regs': ['<BV64 x0>'], 'indirect_regs': [], 'direct_regs': ['<BV64 x0>'], 'mem': [], 'const_mem': []};{'regs': ['<BV64 x0>', '<BV64 x0>', '<BV64 x1>'], 'indirect_regs': [], 'direct_regs': ['<BV64 x0>', '<BV64 x0>', '<BV64 x1>'], 'mem': [], 'const_mem': []};63.0;0.0;64.0;64.0;[];;;;BaseControlType.CONSTANT_BASE;BaseControlType.CONSTANT_BASE;BaseControlType.CONSTANT_BASE;2;BranchControlType.BRANCH_INDEPENDENT_FROM_SECRET;BranchControlType.BRANCH_INDEPENDENT_FROM_SECRET;289392;True;False;True;True;True;False;False;True;True;False;False;False;True;False;True;False;True;False;True;False;[];['has_valid_base'];True;False;True;True;True;False;False;True;True;False;False;False;True;False;True;False;True;False;True;False;[];['has_valid_base']
a411d40d-f691-4f24-aa79-116962348717;pcre2_jit_compile_8;0x46a40;0x46a78;0x0;TransmitterType.LOAD;15;0;False;['0x46a40', '0x46a48', '0x46a6c', '0x46a78'];<BV64 0x60 + x0>;64;[];[];['<BV64 x0>'];[];['<BV64 x0>'];[];[];0;18446744073709551615;18446744073709551615;1;;;True;0;18446744073709551615;18446744073709551615;1;;;True;ControlType.CONTROLLED;0;<BV64 0x60>;64;[];[];[];[];[];[];[];96.0;96.0;0.0;1.0;;;True;96.0;96.0;0.0;1.0;;;True;ControlType.NO_CONTROL;0;<BV64 0x60>;64;[];[];[];[];[];[];[];96;96;0;1.0;;;True;96.0;96.0;0.0;1.0;;;True;ControlType.NO_CONTROL;0;<BV64 x0>;64;[];[];['<BV64 x0>'];[];['<BV64 x0>'];[];[];0.0;1.8446744073709552e+19;18446744073709551615;1;;;True;1.0;1.8446744073709552e+19;18446744073709551614;1;;;True;ControlType.CONTROLLED;0;<BV64 x0>;64;[];[];['<BV64 x0>'];[];['<BV64 x0>'];[];[];0.0;1.8446744073709552e+19;1.8446744073709552e+19;1.0;;;True;1.0;1.8446744073709552e+19;1.8446744073709552e+19;1.0;;;True;ControlType.CONTROLLED;0;<BV64 x0>;64;[];[];[];[];[];[];[];0;0;0;;;;False;0;0;0;;;;False;ControlType.UNKNOWN;0;[('0x46a44', <Bool x0 != 0x0>, 'Taken'), ('0x46a68', <Bool (x1[31:0] & 0xfffffef8) == 0x0>, 'Taken'), ('0x46a74', <Bool (LShR(0x0 .. x1[31:0], 0x8)[7:0] & 1) == 0>, 'Taken')];{'regs': ['<BV64 x0>', '<BV64 x1>', '<BV64 x1>'], 'indirect_regs': [], 'direct_regs': ['<BV64 x0>', '<BV64 x1>', '<BV64 x1>'], 'mem': [], 'const_mem': []};[];{'regs': [], 'indirect_regs': [], 'direct_regs': [], 'mem': [], 'const_mem': []};{'regs': ['<BV64 x0>'], 'indirect_regs': [], 'direct_regs': ['<BV64 x0>'], 'mem': [], 'const_mem': []};{'regs': ['<BV64 x0>', '<BV64 x0>', '<BV64 x1>', '<BV64 x1>'], 'indirect_regs': [], 'direct_regs': ['<BV64 x0>', '<BV64 x0>', '<BV64 x1>', '<BV64 x1>'], 'mem': [], 'const_mem': []};63.0;0.0;64.0;64.0;[];;;;BaseControlType.CONSTANT_BASE;BaseControlType.CONSTANT_BASE;BaseControlType.CONSTANT_BASE;3;BranchControlType.BRANCH_INDEPENDENT_FROM_SECRET;BranchControlType.BRANCH_INDEPENDENT_FROM_SECRET;289400;True;False;True;True;True;False;False;True;True;False;False;False;True;False;True;False;True;False;True;False;[];['has_valid_base'];True;False;True;True;True;False;False;True;True;False;False;False;True;False;True;False;True;False;True;False;[];['has_valid_base']
a8b9cbd6-e885-4ccb-b000-3a256f12e7bb;pcre2_jit_compile_8;0x46a40;0x46ad8;0x0;TransmitterType.LOAD;15;0;False;['0x46a40', '0x46a48', '0x46a6c', '0x46ad8'];<BV64 0x58 + x0>;64;[];[];['<BV64 x0>'];[];['<BV64 x0>'];[];[];0;18446744073709551615;18446744073709551615;1;;;True;0;18446744073709551615;18446744073709551615;1;;;True;ControlType.CONTROLLED;0;<BV64 0x58>;64;[];[];[];[];[];[];[];88.0;88.0;0.0;1.0;;;True;88.0;88.0;0.0;1.0;;;True;ControlType.NO_CONTROL;0;<BV64 0x58>;64;[];[];[];[];[];[];[];88;88;0;1.0;;;True;88.0;88.0;0.0;1.0;;;True;ControlType.NO_CONTROL;0;<BV64 x0>;64;[];[];['<BV64 x0>'];[];['<BV64 x0>'];[];[];0.0;1.8446744073709552e+19;18446744073709551615;1;;;True;1.0;1.8446744073709552e+19;18446744073709551614;1;;;True;ControlType.CONTROLLED;0;<BV64 x0>;64;[];[];['<BV64 x0>'];[];['<BV64 x0>'];[];[];0.0;1.8446744073709552e+19;1.8446744073709552e+19;1.0;;;True;1.0;1.8446744073709552e+19;1.8446744073709552e+19;1.0;;;True;ControlType.CONTROLLED;0;<BV64 x0>;64;[];[];[];[];[];[];[];0;0;0;;;;False;0;0;0;;;;False;ControlType.UNKNOWN;0;[('0x46a44', <Bool x0 != 0x0>, 'Taken'), ('0x46a68', <Bool (x1[31:0] & 0xfffffef8) == 0x0>, 'Taken'), ('0x46a74', <Bool (LShR(0x0 .. x1[31:0], 0x8)[7:0] & 1) != 0>, 'Taken')];{'regs': ['<BV64 x0>', '<BV64 x1>', '<BV64 x1>'], 'indirect_regs': [], 'direct_regs': ['<BV64 x0>', '<BV64 x1>', '<BV64 x1>'], 'mem': [], 'const_mem': []};[];{'regs': [], 'indirect_regs': [], 'direct_regs': [], 'mem': [], 'const_mem': []};{'regs': ['<BV64 x0>'], 'indirect_regs': [], 'direct_regs': ['<BV64 x0>'], 'mem': [], 'const_mem': []};{'regs': ['<BV64 x0>', '<BV64 x0>', '<BV64 x1>', '<BV64 x1>'], 'indirect_regs': [], 'direct_regs': ['<BV64 x0>', '<BV64 x0>', '<BV64 x1>', '<BV64 x1>'], 'mem': [], 'const_mem': []};63.0;0.0;64.0;64.0;[];;;;BaseControlType.CONSTANT_BASE;BaseControlType.CONSTANT_BASE;BaseControlType.CONSTANT_BASE;3;BranchControlType.BRANCH_INDEPENDENT_FROM_SECRET;BranchControlType.BRANCH_INDEPENDENT_FROM_SECRET;289496;True;False;True;True;True;False;False;True;True;False;False;False;True;False;True;False;True;False;True;False;[];['has_valid_base'];True;False;True;True;True;False;False;True;True;False;False;False;True;False;True;False;True;False;True;False;[];['has_valid_base']
3f932b02-89c6-452d-b0c5-c1fdf7dd7d41;pcre2_jit_compile_8;0x46a40;0x46a78;0x0;TransmitterType.LOAD;17;0;False;['0x46a40', '0x46a48', '0x46a6c', '0x46ad8', '0x46a78'];<BV64 0x60 + x0>;64;[];[];['<BV64 x0>'];[];['<BV64 x0>'];[];[];0;18446744073709551615;18446744073709551615;1;;;True;0;18446744073709551615;18446744073709551615;1;;;True;ControlType.CONTROLLED;0;<BV64 0x60>;64;[];[];[];[];[];[];[];96.0;96.0;0.0;1.0;;;True;96.0;96.0;0.0;1.0;;;True;ControlType.NO_CONTROL;0;<BV64 0x60>;64;[];[];[];[];[];[];[];96;96;0;1.0;;;True;96.0;96.0;0.0;1.0;;;True;ControlType.NO_CONTROL;0;<BV64 x0>;64;[];[];['<BV64 x0>'];[];['<BV64 x0>'];[];[];0.0;1.8446744073709552e+19;18446744073709551615;1;;;True;1.0;1.8446744073709552e+19;18446744073709551614;1;;;True;ControlType.CONTROLLED;0;<BV64 x0>;64;[];[];['<BV64 x0>'];[];['<BV64 x0>'];[];[];0.0;1.8446744073709552e+19;1.8446744073709552e+19;1.0;;;True;1.0;1.8446744073709552e+19;1.8446744073709552e+19;1.0;;;True;ControlType.CONTROLLED;0;<BV64 x0>;64;[];[];[];[];[];[];[];0;0;0;;;;False;0;0;0;;;;False;ControlType.UNKNOWN;0;[('0x46a44', <Bool x0 != 0x0>, 'Taken'), ('0x46a68', <Bool (x1[31:0] & 0xfffffef8) == 0x0>, 'Taken'), ('0x46a74', <Bool (LShR(0x0 .. x1[31:0], 0x8)[7:0] & 1) != 0>, 'Taken'), ('0x46adc', <Bool (LShR((0#32 .. LOAD_32[<BV64 x0 + 0x58>]_35), 0x1a)[7:0] & 1) != 0>, 'Taken')];{'regs': ['<BV64 x0>', '<BV64 x1>', '<BV64 x1>'], 'indirect_regs': [], 'direct_regs': ['<BV64 x0>', '<BV64 x1>', '<BV64 x1>'], 'mem': ['<BV64 x0 + 0x58>'], 'const_mem': []};[];{'regs': [], 'indirect_regs': [], 'direct_regs': [], 'mem': [], 'const_mem': []};{'regs': ['<BV64 x0>'], 'indirect_regs': [], 'direct_regs': ['<BV64 x0>'], 'mem': [], 'const_mem': []};{'regs': ['<BV64 x0>', '<BV64 x0>', '<BV64 x1>', '<BV64 x1>'], 'indirect_regs': [], 'direct_regs': ['<BV64 x0>', '<BV64 x0>', '<BV64 x1>', '<BV64 x1>'], 'mem': ['<BV64 x0 + 0x58>'], 'const_mem': []};63.0;0.0;64.0;64.0;[];;;;BaseControlType.CONSTANT_BASE;BaseControlType.CONSTANT_BASE;BaseControlType.CONSTANT_BASE;4;BranchControlType.BRANCH_INDEPENDENT_FROM_SECRET;BranchControlType.BRANCH_INDEPENDENT_FROM_SECRET;289400;True;False;True;True;True;False;False;True;True;False;False;False;True;False;True;False;True;False;True;False;[];['has_valid_base'];True;False;True;True;True;False;False;True;True;False;False;False;True;False;True;False;True;False;True;False;[];['has_valid_base']
85ce047e-1c59-4bd1-afe4-0d7b4bac1ebb;pcre2_set_compile_extra_options_8;0x10824;0x10840;0x0;TransmitterType.STORE;9;0;False;['0x10824'];<BV64 0x40 + x0>;64;[];[];['<BV64 x0>'];[];['<BV64 x0>'];[];[];0;18446744073709551615;18446744073709551615;1;;;True;0;18446744073709551615;18446744073709551615;1;;;True;ControlType.CONTROLLED;0;<BV64 0x40>;64;[];[];[];[];[];[];[];64.0;64.0;0.0;1.0;;;True;64.0;64.0;0.0;1.0;;;True;ControlType.NO_CONTROL;0;<BV64 0x40>;64;[];[];[];[];[];[];[];64;64;0;1.0;;;True;64.0;64.0;0.0;1.0;;;True;ControlType.NO_CONTROL;0;<BV64 x0>;64;[];[];['<BV64 x0>'];[];['<BV64 x0>'];[];[];0.0;1.8446744073709552e+19;18446744073709551615;1;;;True;0.0;1.8446744073709552e+19;18446744073709551615;1;;;True;ControlType.CONTROLLED;0;<BV64 x0>;64;[];[];['<BV64 x0>'];[];['<BV64 x0>'];[];[];0.0;1.8446744073709552e+19;1.8446744073709552e+19;1.0;;;True;0.0;1.8446744073709552e+19;1.8446744073709552e+19;1.0;;;True;ControlType.CONTROLLED;0;<BV64 x0>;64;[];[];[];[];[];[];[];0;0;0;;;;False;0;0;0;;;;False;ControlType.UNKNOWN;0;[];{'regs': [], 'indirect_regs': [], 'direct_regs': [], 'mem': [], 'const_mem': []};[];{'regs': [], 'indirect_regs': [], 'direct_regs': [], 'mem': [], 'const_mem': []};{'regs': ['<BV64 x0>'], 'indirect_regs': [], 'direct_regs': ['<BV64 x0>'], 'mem': [], 'const_mem': []};{'regs': ['<BV64 x0>'], 'indirect_regs': [], 'direct_regs': ['<BV64 x0>'], 'mem': [], 'const_mem': []};63.0;0.0;64.0;64.0;[];;;;BaseControlType.CONSTANT_BASE;BaseControlType.CONSTANT_BASE;BaseControlType.CONSTANT_BASE;0;BranchControlType.BRANCH_INDEPENDENT_FROM_SECRET;BranchControlType.BRANCH_INDEPENDENT_FROM_SECRET;67648;True;False;True;True;True;False;False;True;True;False;False;False;True;False;True;False;True;False;True;False;[];['has_valid_base'];True;False;True;True;True;False;False;True;True;False;False;False;True;False;True;False;True;False;True;False;[];['has_valid_base']
f921b4fa-d3fa-484a-91c3-7e178fea67d2;pcre2_set_heap_limit_8;0x108c0;0x108dc;0x0;TransmitterType.STORE;9;0;False;['0x108c0'];<BV64 0x50 + x0>;64;[];[];['<BV64 x0>'];[];['<BV64 x0>'];[];[];0;18446744073709551615;18446744073709551615;1;;;True;0;18446744073709551615;18446744073709551615;1;;;True;ControlType.CONTROLLED;0;<BV64 0x50>;64;[];[];[];[];[];[];[];80.0;80.0;0.0;1.0;;;True;80.0;80.0;0.0;1.0;;;True;ControlType.NO_CONTROL;0;<BV64 0x50>;64;[];[];[];[];[];[];[];80;80;0;1.0;;;True;80.0;80.0;0.0;1.0;;;True;ControlType.NO_CONTROL;0;<BV64 x0>;64;[];[];['<BV64 x0>'];[];['<BV64 x0>'];[];[];0.0;1.8446744073709552e+19;18446744073709551615;1;;;True;0.0;1.8446744073709552e+19;18446744073709551615;1;;;True;ControlType.CONTROLLED;0;<BV64 x0>;64;[];[];['<BV64 x0>'];[];['<BV64 x0>'];[];[];0.0;1.8446744073709552e+19;1.8446744073709552e+19;1.0;;;True;0.0;1.8446744073709552e+19;1.8446744073709552e+19;1.0;;;True;ControlType.CONTROLLED;0;<BV64 x0>;64;[];[];[];[];[];[];[];0;0;0;;;;False;0;0;0;;;;False;ControlType.UNKNOWN;0;[];{'regs': [], 'indirect_regs': [], 'direct_regs': [], 'mem': [], 'const_mem': []};[];{'regs': [], 'indirect_regs': [], 'direct_regs': [], 'mem': [], 'const_mem': []};{'regs': ['<BV64 x0>'], 'indirect_regs': [], 'direct_regs': ['<BV64 x0>'], 'mem': [], 'const_mem': []};{'regs': ['<BV64 x0>'], 'indirect_regs': [], 'direct_regs': ['<BV64 x0>'], 'mem': [], 'const_mem': []};63.0;0.0;64.0;64.0;[];;;;BaseControlType.CONSTANT_BASE;BaseControlType.CONSTANT_BASE;BaseControlType.CONSTANT_BASE;0;BranchControlType.BRANCH_INDEPENDENT_FROM_SECRET;BranchControlType.BRANCH_INDEPENDENT_FROM_SECRET;67804;True;False;True;True;True;False;False;True;True;False;False;False;True;False;True;False;True;False;True;False;[];['has_valid_base'];True;False;True;True;True;False;False;True;True;False;False;False;True;False;True;False;True;False;True;False;[];['has_valid_base']
cb9d55e1-d90a-4b2c-86c7-515748837f02;pcre2_set_glob_separator_8;0x10984;0x109a8;0x0;TransmitterType.STORE;10;0;False;['0x10984', '0x109a4'];<BV64 0x18 + x0>;64;[];[];['<BV64 x0>'];[];['<BV64 x0>'];[];[];0;18446744073709551615;18446744073709551615;1;;;True;0;18446744073709551615;18446744073709551615;1;;;True;ControlType.CONTROLLED;0;<BV64 0x18>;64;[];[];[];[];[];[];[];24.0;24.0;0.0;1.0;;;True;24.0;24.0;0.0;1.0;;;True;ControlType.NO_CONTROL;0;<BV64 0x18>;64;[];[];[];[];[];[];[];24;24;0;1.0;;;True;24.0;24.0;0.0;1.0;;;True;ControlType.NO_CONTROL;0;<BV64 x0>;64;[];[];['<BV64 x0>'];[];['<BV64 x0>'];[];[];0.0;1.8446744073709552e+19;18446744073709551615;1;;;True;0.0;1.8446744073709552e+19;18446744073709551615;1;;;True;ControlType.CONTROLLED;0;<BV64 x0>;64;[];[];['<BV64 x0>'];[];['<BV64 x0>'];[];[];0.0;1.8446744073709552e+19;1.8446744073709552e+19;1.0;;;True;0.0;1.8446744073709552e+19;1.8446744073709552e+19;1.0;;;True;ControlType.CONTROLLED;0;<BV64 x0>;64;[];[];[];[];[];[];[];0;0;0;;;;False;0;0;0;;;;False;ControlType.UNKNOWN;0;[('0x109a0', <Bool True>, 'Taken')];{'regs': [], 'indirect_regs': [], 'direct_regs': [], 'mem': [], 'const_mem': []};[('0x1099c', <Bool x1[31:0] == 0x5c>, 'ConditionType.CMOVE'), ('0x109a0', <Bool x1[31:0] == 0x5c>, 'ConditionType.CMOVE')];{'regs': ['<BV64 x1>'], 'indirect_regs': [], 'direct_regs': ['<BV64 x1>'], 'mem': [], 'const_mem': []};{'regs': ['<BV64 x0>', '<BV64 x1>'], 'indirect_regs': [], 'direct_regs': ['<BV64 x0>', '<BV64 x1>'], 'mem': [], 'const_mem': []};{'regs': ['<BV64 x0>', '<BV64 x1>'], 'indirect_regs': [], 'direct_regs': ['<BV64 x0>', '<BV64 x1>'], 'mem': [], 'const_mem': []};63.0;0.0;64.0;64.0;[];;;;BaseControlType.CONSTANT_BASE;BaseControlType.CONSTANT_BASE;BaseControlType.CONSTANT_BASE;1;BranchControlType.BRANCH_INDEPENDENT_FROM_SECRET;BranchControlType.BRANCH_INDEPENDENT_FROM_SECRET;68008;True;False;True;True;True;False;False;True;True;False;False;False;True;False;True;False;True;False;True;False;[];['has_valid_base'];True;False;True;True;True;False;False;True;True;False;False;False;True;False;True;False;True;False;True;False;[];['has_valid_base']
2631d49d-8095-4a65-9d06-1ef3599a9e82;pcre2_set_glob_separator_8;0x10984;0x109a8;0x0;TransmitterType.STORE;10;0;False;['0x10984', '0x109a4'];<BV64 0x18 + x0>;64;[];[];['<BV64 x0>'];[];['<BV64 x0>'];[];[];0;18446744073709551615;18446744073709551615;1;;;True;0;18446744073709551615;18446744073709551615;1;;;True;ControlType.CONTROLLED;0;<BV64 0x18>;64;[];[];[];[];[];[];[];24.0;24.0;0.0;1.0;;;True;24.0;24.0;0.0;1.0;;;True;ControlType.NO_CONTROL;0;<BV64 0x18>;64;[];[];[];[];[];[];[];24;24;0;1.0;;;True;24.0;24.0;0.0;1.0;;;True;ControlType.NO_CONTROL;0;<BV64 x0>;64;[];[];['<BV64 x0>'];[];['<BV64 x0>'];[];[];0.0;1.8446744073709552e+19;18446744073709551615;1;;;True;0.0;1.8446744073709552e+19;18446744073709551615;1;;;True;ControlType.CONTROLLED;0;<BV64 x0>;64;[];[];['<BV64 x0>'];[];['<BV64 x0>'];[];[];0.0;1.8446744073709552e+19;1.8446744073709552e+19;1.0;;;True;0.0;1.8446744073709552e+19;1.8446744073709552e+19;1.0;;;True;ControlType.CONTROLLED;0;<BV64 x0>;64;[];[];[];[];[];[];[];0;0;0;;;;False;0;0;0;;;;False;ControlType.UNKNOWN;0;[('0x109a0', <Bool True>, 'Taken')];{'regs': [], 'indirect_regs': [], 'direct_regs': [], 'mem': [], 'const_mem': []};[('0x1099c', <Bool x1[31:0] != 0x5c>, 'ConditionType.CMOVE'), ('0x109a0', <Bool (0#32 .. x1[31:0] - 0x2e)[31:0] - 0x1 != 0x0>, 'ConditionType.UNKNOWN'), ('0x109a0', <Bool x1[31:0] != 0x5c>, 'ConditionType.CMOVE'), ('0x109a0', <Bool (0#32 .. x1[31:0] - 0x2e)[31:0] < 0x1>, 'ConditionType.UNKNOWN'), ('0x109a0', <Bool x1[31:0] != 0x5c>, 'ConditionType.UNKNOWN')];{'regs': ['<BV64 x1>'], 'indirect_regs': [], 'direct_regs': ['<BV64 x1>'], 'mem': [], 'const_mem': []};{'regs': ['<BV64 x0>', '<BV64 x1>'], 'indirect_regs': [], 'direct_regs': ['<BV64 x0>', '<BV64 x1>'], 'mem': [], 'const_mem': []};{'regs': ['<BV64 x0>', '<BV64 x1>'], 'indirect_regs': [], 'direct_regs': ['<BV64 x0>', '<BV64 x1>'], 'mem': [], 'const_mem': []};63.0;0.0;64.0;64.0;[];;;;BaseControlType.CONSTANT_BASE;BaseControlType.CONSTANT_BASE;BaseControlType.CONSTANT_BASE;1;BranchControlType.BRANCH_INDEPENDENT_FROM_SECRET;BranchControlType.BRANCH_INDEPENDENT_FROM_SECRET;68008;True;False;True;True;True;False;False;True;True;False;False;False;True;False;True;False;True;False;True;False;[];['has_valid_base'];True;False;True;True;True;False;False;True;True;False;False;False;True;False;True;False;True;False;True;False;[];['has_valid_base']
2afa0e8c-1f22-41c6-a809-ce5797b1da95;pcre2_set_glob_separator_8;0x10984;0x109a8;0x0;TransmitterType.STORE;10;0;False;['0x10984', '0x109a4'];<BV64 0x18 + x0>;64;[];[];['<BV64 x0>'];[];['<BV64 x0>'];[];[];0;18446744073709551615;18446744073709551615;1;;;True;0;18446744073709551615;18446744073709551615;1;;;True;ControlType.CONTROLLED;0;<BV64 0x18>;64;[];[];[];[];[];[];[];24.0;24.0;0.0;1.0;;;True;24.0;24.0;0.0;1.0;;;True;ControlType.NO_CONTROL;0;<BV64 0x18>;64;[];[];[];[];[];[];[];24;24;0;1.0;;;True;24.0;24.0;0.0;1.0;;;True;ControlType.NO_CONTROL;0;<BV64 x0>;64;[];[];['<BV64 x0>'];[];['<BV64 x0>'];[];[];0.0;1.8446744073709552e+19;18446744073709551615;1;;;True;0.0;1.8446744073709552e+19;18446744073709551615;1;;;True;ControlType.CONTROLLED;0;<BV64 x0>;64;[];[];['<BV64 x0>'];[];['<BV64 x0>'];[];[];0.0;1.8446744073709552e+19;1.8446744073709552e+19;1.0;;;True;0.0;1.8446744073709552e+19;1.8446744073709552e+19;1.0;;;True;ControlType.CONTROLLED;0;<BV64 x0>;64;[];[];[];[];[];[];[];0;0;0;;;;False;0;0;0;;;;False;ControlType.UNKNOWN;0;[('0x109a0', <Bool True>, 'Taken')];{'regs': [], 'indirect_regs': [], 'direct_regs': [], 'mem': [], 'const_mem': []};[('0x1099c', <Bool x1[31:0] != 0x5c>, 'ConditionType.CMOVE'), ('0x109a0', <Bool (0#32 .. x1[31:0] - 0x2e)[31:0] - 0x1 == 0x0>, 'ConditionType.UNKNOWN'), ('0x109a0', <Bool x1[31:0] != 0x5c>, 'ConditionType.CMOVE'), ('0x109a0', <Bool (0#32 .. x1[31:0] - 0x2e)[31:0] >= 0x1>, 'ConditionType.UNKNOWN'), ('0x109a0', <Bool x1[31:0] != 0x5c>, 'ConditionType.UNKNOWN')];{'regs': ['<BV64 x1>'], 'indirect_regs': [], 'direct_regs': ['<BV64 x1>'], 'mem': [], 'const_mem': []};{'regs': ['<BV64 x0>', '<BV64 x1>'], 'indirect_regs': [], 'direct_regs': ['<BV64 x0>', '<BV64 x1>'], 'mem': [], 'const_mem': []};{'regs': ['<BV64 x0>', '<BV64 x1>'], 'indirect_regs': [], 'direct_regs': ['<BV64 x0>', '<BV64 x1>'], 'mem': [], 'const_mem': []};63.0;0.0;64.0;64.0;[];;;;BaseControlType.CONSTANT_BASE;BaseControlType.CONSTANT_BASE;BaseControlType.CONSTANT_BASE;1;BranchControlType.BRANCH_INDEPENDENT_FROM_SECRET;BranchControlType.BRANCH_INDEPENDENT_FROM_SECRET;68008;True;False;True;True;True;False;False;True;True;False;False;False;True;False;True;False;True;False;True;False;[];['has_valid_base'];True;False;True;True;True;False;False;True;True;False;False;False;True;False;True;False;True;False;True;False;[];['has_valid_base']
37b40439-2f14-477f-a116-4038eb732fdd;pcre2_substring_get_byname_8;0x5a140;0x5a168;0x0;TransmitterType.LOAD;11;0;False;['0x5a140'];<BV64 0x58 + x0>;64;[];[];['<BV64 x0>'];[];['<BV64 x0>'];[];[];0;18446744073709551615;18446744073709551615;1;;;True;0;18446744073709551615;18446744073709551615;1;;;True;ControlType.CONTROLLED;0;<BV64 0x58>;64;[];[];[];[];[];[];[];88.0;88.0;0.0;1.0;;;True;88.0;88.0;0.0;1.0;;;True;ControlType.NO_CONTROL;0;<BV64 0x58>;64;[];[];[];[];[];[];[];88;88;0;1.0;;;True;88.0;88.0;0.0;1.0;;;True;ControlType.NO_CONTROL;0;<BV64 x0>;64;[];[];['<BV64 x0>'];[];['<BV64 x0>'];[];[];0.0;1.8446744073709552e+19;18446744073709551615;1;;;True;0.0;1.8446744073709552e+19;18446744073709551615;1;;;True;ControlType.CONTROLLED;0;<BV64 x0>;64;[];[];['<BV64 x0>'];[];['<BV64 x0>'];[];[];0.0;1.8446744073709552e+19;1.8446744073709552e+19;1.0;;;True;0.0;1.8446744073709552e+19;1.8446744073709552e+19;1.0;;;True;ControlType.CONTROLLED;0;<BV64 x0>;64;[];[];[];[];[];[];[];0;0;0;;;;False;0;0;0;;;;False;ControlType.UNKNOWN;0;[];{'regs': [], 'indirect_regs': [], 'direct_regs': [], 'mem': [], 'const_mem': []};[];{'regs': [], 'indirect_regs': [], 'direct_regs': [], 'mem': [], 'const_mem': []};{'regs': ['<BV64 x0>'], 'indirect_regs': [], 'direct_regs': ['<BV64 x0>'], 'mem': [], 'const_mem': []};{'regs': ['<BV64 x0>'], 'indirect_regs': [], 'direct_regs': ['<BV64 x0>'], 'mem': [], 'const_mem': []};63.0;0.0;64.0;64.0;[];;;;BaseControlType.CONSTANT_BASE;BaseControlType.CONSTANT_BASE;BaseControlType.CONSTANT_BASE;0;BranchControlType.BRANCH_INDEPENDENT_FROM_SECRET;BranchControlType.BRANCH_INDEPENDENT_FROM_SECRET;369000;True;False;True;True;True;False;False;True;True;False;False;False;True;False;True;False;True;False;True;False;[];['has_valid_base'];True;False;True;True;True;False;False;True;True;False;False;False;True;False;True;False;True;False;True;False;[];['has_valid_base']
319f7213-68dc-42b2-8bdd-04508726d3aa;pcre2_substring_get_byname_8;0x5a140;0x5a184;0x0;TransmitterType.LOAD;18;0;False;['0x5a140', '0x5a184'];<BV64 0x18 + x0>;64;[];[];['<BV64 x0>'];[];['<BV64 x0>'];[];[];0;18446744073709551615;18446744073709551615;1;;;True;0;18446744073709551615;18446744073709551615;1;;;True;ControlType.CONTROLLED;0;<BV64 0x18>;64;[];[];[];[];[];[];[];24.0;24.0;0.0;1.0;;;True;24.0;24.0;0.0;1.0;;;True;ControlType.NO_CONTROL;0;<BV64 0x18>;64;[];[];[];[];[];[];[];24;24;0;1.0;;;True;24.0;24.0;0.0;1.0;;;True;ControlType.NO_CONTROL;0;<BV64 x0>;64;[];[];['<BV64 x0>'];[];['<BV64 x0>'];[];[];0.0;1.8446744073709552e+19;18446744073709551615;1;;;True;0.0;1.8446744073709552e+19;18446744073709551615;1;;;True;ControlType.CONTROLLED;0;<BV64 x0>;64;[];[];['<BV64 x0>'];[];['<BV64 x0>'];[];[];0.0;1.8446744073709552e+19;1.8446744073709552e+19;1.0;;;True;0.0;1.8446744073709552e+19;1.8446744073709552e+19;1.0;;;True;ControlType.CONTROLLED;0;<BV64 x0>;64;[];[];[];[];[];[];[];0;0;0;;;;False;0;0;0;;;;False;ControlType.UNKNOWN;0;[('0x5a180', <Bool LOAD_8[<BV64 x0 + 0x58>]_26 != 1>, 'Taken')];"{'regs': ['<BV64 x0>'], 'indirect_regs': [""<BV64 x0>: ['0x58']""], 'direct_regs': [], 'mem': ['<BV64 x0 + 0x58>'], 'const_mem': []}";[];{'regs': [], 'indirect_regs': [], 'direct_regs': [], 'mem': [], 'const_mem': []};{'regs': ['<BV64 x0>'], 'indirect_regs': [], 'direct_regs': ['<BV64 x0>'], 'mem': [], 'const_mem': []};"{'regs': ['<BV64 x0>', '<BV64 x0>'], 'indirect_regs': [""<BV64 x0>: ['0x58']""], 'direct_regs': ['<BV64 x0>'], 'mem': ['<BV64 x0 + 0x58>'], 'const_mem': []}";63.0;0.0;64.0;64.0;[];;;;BaseControlType.CONSTANT_BASE;BaseControlType.CONSTANT_BASE;BaseControlType.CONSTANT_BASE;1;BranchControlType.BRANCH_INDEPENDENT_FROM_SECRET;BranchControlType.BRANCH_INDEPENDENT_FROM_SECRET;369028;True;False;True;True;True;False;False;True;True;False;False;False;True;False;True;False;True;False;True;False;[];['has_valid_base'];True;False;True;True;True;False;False;True;True;False;False;False;True;False;True;False;True;False;True;False;[];['has_valid_base']
976a3fb0-e28c-4893-8e6c-60e42228a59d;pcre2_substring_get_byname_8;0x5a140;0x59eb8;0x5a070;TransmitterType.LOAD;27;1;False;['0x5a140', '0x5a184', '0x59ea4'];<BV64 0x86 + LOAD_64[<BV64 x0 + 0x18>]_29>;64;[];[];['<BV64 x0>'];"[""<BV64 x0>: ['0x18']""]";[];['<BV64 x0 + 0x18>'];[];0;18446744073709551615;18446744073709551615;1;;;True;0;18446744073709551615;18446744073709551615;1;;;True;ControlType.CONTROLLED;1;<BV64 0x86>;64;[];[];[];[];[];[];[];134.0;134.0;0.0;1.0;;;True;134.0;134.0;0.0;1.0;;;True;ControlType.NO_CONTROL;0;<BV64 0x86>;64;[];[];[];[];[];[];[];134;134;0;1.0;;;True;134.0;134.0;0.0;1.0;;;True;ControlType.NO_CONTROL;0;<BV64 LOAD_64[<BV64 x0 + 0x18>]_29>;64;[];[];['<BV64 x0>'];"[""<BV64 x0>: ['0x18']""]";[];['<BV64 x0 + 0x18>'];[];0.0;1.8446744073709552e+19;18446744073709551615;1;;;True;0.0;1.8446744073709552e+19;18446744073709551615;1;;;True;ControlType.CONTROLLED;1;<BV64 x0 + 0x18>;64;[];[];['<BV64 x0>'];[];['<BV64 x0>'];[];[];0.0;1.8446744073709552e+19;1.8446744073709552e+19;1.0;;;True;0.0;1.8446744073709552e+19;1.8446744073709552e+19;1.0;;;True;ControlType.CONTROLLED;0;<BV64 LOAD_64[<BV64 x0 + 0x18>]_29>;64;[];[];[];[];[];[];[];0;0;0;;;;False;0;0;0;;;;False;ControlType.UNKNOWN;1;[('0x5a180', <Bool LOAD_8[<BV64 x0 + 0x58>]_26 != 1>, 'Taken'), ('0x5a190', <Bool True>, 'Taken')];"{'regs': ['<BV64 x0>'], 'indirect_regs': [""<BV64 x0>: ['0x58']""], 'direct_regs': [], 'mem': ['<BV64 x0 + 0x58>'], 'const_mem': []}";[];{'regs': [], 'indirect_regs': [], 'direct_regs': [], 'mem': [], 'const_mem': []};{'regs': ['<BV64 x0>'], 'indirect_regs': [], 'direct_regs': ['<BV64 x0>'], 'mem': ['<BV64 x0 + 0x18>'], 'const_mem': []};"{'regs': ['<BV64 x0>', '<BV64 x0>'], 'indirect_regs': [""<BV64 x0>: ['0x58']""], 'direct_regs': ['<BV64 x0>'], 'mem': ['<BV64 x0 + 0x18>', '<BV64 x0 + 0x58>'], 'const_mem': []}";63.0;0.0;64.0;64.0;[];;;;BaseControlType.CONSTANT_BASE;BaseControlType.CONSTANT_BASE;BaseControlType.CONSTANT_BASE;2;BranchControlType.BRANCH_INDEPENDENT_FROM_SECRET;BranchControlType.BRANCH_INDEPENDENT_FROM_SECRET;368312;True;False;True;True;True;False;False;True;True;False;False;False;True;False;True;False;True;False;True;False;[];['has_valid_base'];True;False;True;True;True;False;False;True;True;False;False;False;True;False;True;False;True;False;True;False;[];['has_valid_base']
cda2990a-8871-4777-a2cf-5b5f66f5a505;pcre2_substring_get_byname_8;0x5a140;0x59ebc;0x5a070;TransmitterType.LOAD;28;1;False;['0x5a140', '0x5a184', '0x59ea4'];<BV64 0x84 + LOAD_64[<BV64 x0 + 0x18>]_29>;64;[];[];['<BV64 x0>'];"[""<BV64 x0>: ['0x18']""]";[];['<BV64 x0 + 0x18>'];[];0;18446744073709551615;18446744073709551615;1;;;True;0;18446744073709551615;18446744073709551615;1;;;True;ControlType.CONTROLLED;1;<BV64 0x84>;64;[];[];[];[];[];[];[];132.0;132.0;0.0;1.0;;;True;132.0;132.0;0.0;1.0;;;True;ControlType.NO_CONTROL;0;<BV64 0x84>;64;[];[];[];[];[];[];[];132;132;0;1.0;;;True;132.0;132.0;0.0;1.0;;;True;ControlType.NO_CONTROL;0;<BV64 LOAD_64[<BV64 x0 + 0x18>]_29>;64;[];[];['<BV64 x0>'];"[""<BV64 x0>: ['0x18']""]";[];['<BV64 x0 + 0x18>'];[];0.0;1.8446744073709552e+19;18446744073709551615;1;;;True;0.0;1.8446744073709552e+19;18446744073709551615;1;;;True;ControlType.CONTROLLED;1;<BV64 x0 + 0x18>;64;[];[];['<BV64 x0>'];[];['<BV64 x0>'];[];[];0.0;1.8446744073709552e+19;1.8446744073709552e+19;1.0;;;True;0.0;1.8446744073709552e+19;1.8446744073709552e+19;1.0;;;True;ControlType.CONTROLLED;0;<BV64 LOAD_64[<BV64 x0 + 0x18>]_29>;64;[];[];[];[];[];[];[];0;0;0;;;;False;0;0;0;;;;False;ControlType.UNKNOWN;1;[('0x5a180', <Bool LOAD_8[<BV64 x0 + 0x58>]_26 != 1>, 'Taken'), ('0x5a190', <Bool True>, 'Taken')];"{'regs': ['<BV64 x0>'], 'indirect_regs': [""<BV64 x0>: ['0x58']""], 'direct_regs': [], 'mem': ['<BV64 x0 + 0x58>'], 'const_mem': []}";[];{'regs': [], 'indirect_regs': [], 'direct_regs': [], 'mem': [], 'const_mem': []};{'regs': ['<BV64 x0>'], 'indirect_regs': [], 'direct_regs': ['<BV64 x0>'], 'mem': ['<BV64 x0 + 0x18>'], 'const_mem': []};"{'regs': ['<BV64 x0>', '<BV64 x0>'], 'indirect_regs': [""<BV64 x0>: ['0x58']""], 'direct_regs': ['<BV64 x0>'], 'mem': ['<BV64 x0 + 0x18>', '<BV64 x0 + 0x58>'], 'const_mem': []}";63.0;0.0;64.0;64.0;[];;;;BaseControlType.CONSTANT_BASE;BaseControlType.CONSTANT_BASE;BaseControlType.CONSTANT_BASE;2;BranchControlType.BRANCH_INDEPENDENT_FROM_SECRET;BranchControlType.BRANCH_INDEPENDENT_FROM_SECRET;368316;True;False;True;True;True;False;False;True;True;False;False;False;True;False;True;False;True;False;True;False;[];['has_valid_base'];True;False;True;True;True;False;False;True;True;False;False;False;True;False;True;False;True;False;True;False;[];['has_valid_base']
1126f025-1b11-47ac-a716-f7fedbb98fd7;pcre2_substring_get_byname_8;0x5a140;0x59ef8;0x5a070;TransmitterType.LOAD;41;2;False;['0x5a140', '0x5a184', '0x59ea4', '0x59ecc', '0x59ef4'];<BV64 0x8a + LOAD_64[<BV64 x0 + 0x18>]_29 + ((0#32 .. (0#16 .. LOAD_16[<BV64 LOAD_64[<BV64 x0 + 0x18>]_29 + 0x84>]_33) * (0#17 .. LOAD_16[<BV64 LOAD_64[<BV64 x0 + 0x18>]_29 + 0x86>]_32[15:1])) << 0x20 >> 0x20)>;64;[];[];['<BV64 x0>'];"[""<BV64 x0>: ['0x18']""]";[];['<BV64 LOAD_64[<BV64 x0 + 0x18>]_29 + 0x84>', '<BV64 LOAD_64[<BV64 x0 + 0x18>]_29 + 0x86>', '<BV64 x0 + 0x18>'];[];0;18446744073709551615;18446744073709551615;1;;;True;0;18446744073709551615;18446744073709551615;1;;;True;ControlType.CONTROLLED;2;<BV64 0x8a>;64;[];[];[];[];[];[];[];138.0;138.0;0.0;1.0;;;True;138.0;138.0;0.0;1.0;;;True;ControlType.NO_CONTROL;0;<BV64 0x8a>;64;[];[];[];[];[];[];[];138;138;0;1.0;;;True;138.0;138.0;0.0;1.0;;;True;ControlType.NO_CONTROL;0;<BV64 LOAD_64[<BV64 x0 + 0x18>]_29 + ((0#32 .. (0#16 .. LOAD_16[<BV64 LOAD_64[<BV64 x0 + 0x18>]_29 + 0x84>]_33) * (0#17 .. LOAD_16[<BV64 LOAD_64[<BV64 x0 + 0x18>]_29 + 0x86>]_32[15:1])) << 0x20 >> 0x20)>;64;[];[];['<BV64 x0>'];"[""<BV64 x0>: ['0x18']""]";[];['<BV64 LOAD_64[<BV64 x0 + 0x18>]_29 + 0x84>', '<BV64 LOAD_64[<BV64 x0 + 0x18>]_29 + 0x86>', '<BV64 x0 + 0x18>'];[];0.0;1.8446744073709552e+19;18446744073709551615;1;;;True;0.0;1.8446744073709552e+19;18446744073709551615;1;;;True;ControlType.CONTROLLED;2;<BV64 x0 + 0x18>;64;[];[];['<BV64 x0>'];[];['<BV64 x0>'];[];[];0.0;1.8446744073709552e+19;1.8446744073709552e+19;1.0;;;True;0.0;1.8446744073709552e+19;1.8446744073709552e+19;1.0;;;True;ControlType.CONTROLLED;0;<BV64 LOAD_64[<BV64 x0 + 0x18>]_29>;64;[];[];[];[];[];[];[];0;0;0;;;;False;0;0;0;;;;False;ControlType.UNKNOWN;1;[('0x59ec8', <Bool (0x0 .. LOAD_16[<BV64 LOAD_64[<BV64 x0 + 0x18>]_29 + 0x86>]_32) > 0x0>, 'Taken'), ('0x59ee8', <Bool True>, 'Taken'), ('0x5a180', <Bool LOAD_8[<BV64 x0 + 0x58>]_26 != 1>, 'Taken'), ('0x5a190', <Bool True>, 'Taken')];"{'regs': ['<BV64 x0>'], 'indirect_regs': [""<BV64 x0>: ['0x18', '0x58']""], 'direct_regs': [], 'mem': ['<BV64 LOAD_64[<BV64 x0 + 0x18>]_29 + 0x86>', '<BV64 x0 + 0x18>', '<BV64 x0 + 0x58>'], 'const_mem': []}";[];{'regs': [], 'indirect_regs': [], 'direct_regs': [], 'mem': [], 'const_mem': []};{'regs': ['<BV64 x0>'], 'indirect_regs': [], 'direct_regs': ['<BV64 x0>'], 'mem': ['<BV64 LOAD_64[<BV64 x0 + 0x18>]_29 + 0x84>', '<BV64 LOAD_64[<BV64 x0 + 0x18>]_29 + 0x86>', '<BV64 x0 + 0x18>'], 'const_mem': []};"{'regs': ['<BV64 x0>', '<BV64 x0>'], 'indirect_regs': [""<BV64 x0>: ['0x18', '0x58']""], 'direct_regs': ['<BV64 x0>'], 'mem': ['<BV64 LOAD_64[<BV64 x0 + 0x18>]_29 + 0x84>', '<BV64 LOAD_64[<BV64 x0 + 0x18>]_29 + 0x86>', '<BV64 LOAD_64[<BV64 x0 + 0x18>]_29 + 0x86>', '<BV64 x0 + 0x18>', '<BV64 x0 + 0x18>', '<BV64 x0 + 0x58>'], 'const_mem': []}";63.0;0.0;64.0;64.0;[];;;;BaseControlType.CONSTANT_BASE;BaseControlType.CONSTANT_BASE;BaseControlType.CONSTANT_BASE;4;BranchControlType.BRANCH_INDEPENDENT_FROM_SECRET;BranchControlType.BRANCH_INDEPENDENT_FROM_SECRET;368376;True;False;True;True;True;False;False;True;True;False;False;False;True;False;True;False;True;False;True;False;[];['has_valid_base'];True;False;True;True;True;False;False;True;True;False;False;False;True;False;True;False;True;False;True;False;[];['has_valid_base']
2fc6b8f4-1de9-4075-99cc-198351a3b9d7;pcre2_substring_list_get_8;0x59cc0;0x59cd0;0x0;TransmitterType.LOAD;5;0;False;['0x59cc0'];<BV64 0x5c + x0>;64;[];[];['<BV64 x0>'];[];['<BV64 x0>'];[];[];0;18446744073709551615;18446744073709551615;1;;;True;0;18446744073709551615;18446744073709551615;1;;;True;ControlType.CONTROLLED;0;<BV64 0x5c>;64;[];[];[];[];[];[];[];92.0;92.0;0.0;1.0;;;True;92.0;92.0;0.0;1.0;;;True;ControlType.NO_CONTROL;0;<BV64 0x5c>;64;[];[];[];[];[];[];[];92;92;0;1.0;;;True;92.0;92.0;0.0;1.0;;;True;ControlType.NO_CONTROL;0;<BV64 x0>;64;[];[];['<BV64 x0>'];[];['<BV64 x0>'];[];[];0.0;1.8446744073709552e+19;18446744073709551615;1;;;True;0.0;1.8446744073709552e+19;18446744073709551615;1;;;True;ControlType.CONTROLLED;0;<BV64 x0>;64;[];[];['<BV64 x0>'];[];['<BV64 x0>'];[];[];0.0;1.8446744073709552e+19;1.8446744073709552e+19;1.0;;;True;0.0;1.8446744073709552e+19;1.8446744073709552e+19;1.0;;;True;ControlType.CONTROLLED;0;<BV64 x0>;64;[];[];[];[];[];[];[];0;0;0;;;;False;0;0;0;;;;False;ControlType.UNKNOWN;0;[];{'regs': [], 'indirect_regs': [], 'direct_regs': [], 'mem': [], 'const_mem': []};[];{'regs': [], 'indirect_regs': [], 'direct_regs': [], 'mem': [], 'const_mem': []};{'regs': ['<BV64 x0>'], 'indirect_regs': [], 'direct_regs': ['<BV64 x0>'], 'mem': [], 'const_mem': []};{'regs': ['<BV64 x0>'], 'indirect_regs': [], 'direct_regs': ['<BV64 x0>'], 'mem': [], 'const_mem': []};63.0;0.0;64.0;64.0;[];;;;BaseControlType.CONSTANT_BASE;BaseControlType.CONSTANT_BASE;BaseControlType.CONSTANT_BASE;0;BranchControlType.BRANCH_INDEPENDENT_FROM_SECRET;BranchControlType.BRANCH_INDEPENDENT_FROM_SECRET;367824;True;False;True;True;True;False;False;True;True;False;False;False;True;False;True;False;True;False;True;False;[];['has_valid_base'];True;False;True;True;True;False;False;True;True;False;False;False;True;False;True;False;True;False;True;False;[];['has_valid_base']
f26557b8-25b6-4827-99e1-19ef9ebdb172;pcre2_substring_list_get_8;0x59cc0;0x59d20;0x0;TransmitterType.LOAD;25;0;False;['0x59cc0', '0x59cdc', '0x59cf4'];<BV64 0x60 + x0>;64;[];[];['<BV64 x0>'];[];['<BV64 x0>'];[];[];0;18446744073709551615;18446744073709551615;1;;;True;0;18446744073709551615;18446744073709551615;1;;;True;ControlType.CONTROLLED;0;<BV64 0x60>;64;[];[];[];[];[];[];[];96.0;96.0;0.0;1.0;;;True;96.0;96.0;0.0;1.0;;;True;ControlType.NO_CONTROL;0;<BV64 0x60>;64;[];[];[];[];[];[];[];96;96;0;1.0;;;True;96.0;96.0;0.0;1.0;;;True;ControlType.NO_CONTROL;0;<BV64 x0>;64;[];[];['<BV64 x0>'];[];['<BV64 x0>'];[];[];0.0;1.8446744073709552e+19;18446744073709551615;1;;;True;0.0;1.8446744073709552e+19;18446744073709551615;1;;;True;ControlType.CONTROLLED;0;<BV64 x0>;64;[];[];['<BV64 x0>'];[];['<BV64 x0>'];[];[];0.0;1.8446744073709552e+19;1.8446744073709552e+19;1.0;;;True;0.0;1.8446744073709552e+19;1.8446744073709552e+19;1.0;;;True;ControlType.CONTROLLED;0;<BV64 x0>;64;[];[];[];[];[];[];[];0;0;0;;;;False;0;0;0;;;;False;ControlType.UNKNOWN;0;[('0x59cd8', <Bool LOAD_32[<BV64 x0 + 0x5c>]_24 >=s 0x0>, 'Taken'), ('0x59cf0', <Bool LOAD_32[<BV64 x0 + 0x5c>]_24 != 0x0>, 'Taken')];"{'regs': ['<BV64 x0>'], 'indirect_regs': [""<BV64 x0>: ['0x5c', '0x5c']""], 'direct_regs': [], 'mem': ['<BV64 x0 + 0x5c>'], 'const_mem': []}";[];{'regs': [], 'indirect_regs': [], 'direct_regs': [], 'mem': [], 'const_mem': []};{'regs': ['<BV64 x0>'], 'indirect_regs': [], 'direct_regs': ['<BV64 x0>'], 'mem': [], 'const_mem': []};"{'regs': ['<BV64 x0>', '<BV64 x0>'], 'indirect_regs': [""<BV64 x0>: ['0x5c', '0x5c']""], 'direct_regs': ['<BV64 x0>'], 'mem': ['<BV64 x0 + 0x5c>'], 'const_mem': []}";63.0;0.0;64.0;64.0;[];;;;BaseControlType.CONSTANT_BASE;BaseControlType.CONSTANT_BASE;BaseControlType.CONSTANT_BASE;2;BranchControlType.BRANCH_INDEPENDENT_FROM_SECRET;BranchControlType.BRANCH_INDEPENDENT_FROM_SECRET;367904;True;False;True;True;True;False;False;True;True;False;False;False;True;False;True;False;True;False;True;False;[];['has_valid_base'];True;False;True;True;True;False;False;True;True;False;False;False;True;False;True;False;True;False;True;False;[];['has_valid_base']
5504965f-0572-40ed-a630-b0aacb08b6b2;pcre2_substring_list_get_8;0x59cc0;0x59d20;0x0;TransmitterType.LOAD;25;0;False;['0x59cc0', '0x59cdc', '0x59cf4'];<BV64 0x68 + x0>;64;[];[];['<BV64 x0>'];[];['<BV64 x0>'];[];[];0;18446744073709551615;18446744073709551615;1;;;True;0;18446744073709551615;18446744073709551615;1;;;True;ControlType.CONTROLLED;0;<BV64 0x68>;64;[];[];[];[];[];[];[];104.0;104.0;0.0;1.0;;;True;104.0;104.0;0.0;1.0;;;True;ControlType.NO_CONTROL;0;<BV64 0x68>;64;[];[];[];[];[];[];[];104;104;0;1.0;;;True;104.0;104.0;0.0;1.0;;;True;ControlType.NO_CONTROL;0;<BV64 x0>;64;[];[];['<BV64 x0>'];[];['<BV64 x0>'];[];[];0.0;1.8446744073709552e+19;18446744073709551615;1;;;True;0.0;1.8446744073709552e+19;18446744073709551615;1;;;True;ControlType.CONTROLLED;0;<BV64 x0>;64;[];[];['<BV64 x0>'];[];['<BV64 x0>'];[];[];0.0;1.8446744073709552e+19;1.8446744073709552e+19;1.0;;;True;0.0;1.8446744073709552e+19;1.8446744073709552e+19;1.0;;;True;ControlType.CONTROLLED;0;<BV64 x0>;64;[];[];[];[];[];[];[];0;0;0;;;;False;0;0;0;;;;False;ControlType.UNKNOWN;0;[('0x59cd8', <Bool LOAD_32[<BV64 x0 + 0x5c>]_24 >=s 0x0>, 'Taken'), ('0x59cf0', <Bool LOAD_32[<BV64 x0 + 0x5c>]_24 != 0x0>, 'Taken')];"{'regs': ['<BV64 x0>'], 'indirect_regs': [""<BV64 x0>: ['0x5c', '0x5c']""], 'direct_regs': [], 'mem': ['<BV64 x0 + 0x5c>'], 'const_mem': []}";[];{'regs': [], 'indirect_regs': [], 'direct_regs': [], 'mem': [], 'const_mem': []};{'regs': ['<BV64 x0>'], 'indirect_regs': [], 'direct_regs': ['<BV64 x0>'], 'mem': [], 'const_mem': []};{'regs': ['<BV64 x0>'], 'indirect_regs': [], 'direct_regs': ['<BV64 x0>'], 'mem': ['<BV64 x0 + 0x5c>'], 'const_mem': []};63.0;0.0;64.0;64.0;[];;;;BaseControlType.CONSTANT_BASE;BaseControlType.CONSTANT_BASE;BaseControlType.CONSTANT_BASE;2;BranchControlType.BRANCH_DEPENDS_ON_SECRET_VALUE;BranchControlType.BRANCH_INDEPENDENT_FROM_SECRET;367904;True;False;True;True;True;False;False;True;True;False;False;False;True;False;True;True;True;False;True;False;[];['has_valid_base'];True;False;True;True;True;False;False;True;True;False;False;False;True;False;True;True;True;False;True;False;[];['has_valid_base']
7fb263ae-2a44-4464-9e7b-f05a488e4d79;pcre2_substring_list_get_8;0x59cc0;0x59d20;0x0;TransmitterType.LOAD;32;0;False;['0x59cc0', '0x59cdc', '0x59cf4', '0x59d20'];<BV64 0x70 + x0>;64;[('0x59d38', <Bool x0 + 0x70 != x0 + 0x70 + ((0#32 .. (((LOAD_32[<BV64 x0 + 0x5c>]_24 << 0x1 | LShR(LOAD_32[<BV64 x0 + 0x5c>]_24, 0x1f)) & 0xfffffffe) - 0x1 << 0x1f | LShR(((LOAD_32[<BV64 x0 + 0x5c>]_24 << 0x1 | LShR(LOAD_32[<BV64 x0 + 0x5c>]_24, 0x1f)) & 0xfffffffe) - 0x1, 0x1)) & 0x7fffffff) << 0x4)>, 'Taken')];[];['<BV64 x0>'];[];['<BV64 x0>'];[];[];0;18446744073709551615;18446744073709551615;1;;;True;0;18446744073709551615;18446744073709551615;1;;;False;ControlType.CONTROLLED;0;<BV64 0x70>;64;[];[];[];[];[];[];[];112.0;112.0;0.0;1.0;;;True;112.0;112.0;0.0;1.0;;;True;ControlType.NO_CONTROL;0;<BV64 0x70>;64;[];[];[];[];[];[];[];112;112;0;1.0;;;True;112.0;112.0;0.0;1.0;;;True;ControlType.NO_CONTROL;0;<BV64 x0>;64;[('0x59d38', <Bool x0 + 0x70 != x0 + 0x70 + ((0#32 .. (((LOAD_32[<BV64 x0 + 0x5c>]_24 << 0x1 | LShR(LOAD_32[<BV64 x0 + 0x5c>]_24, 0x1f)) & 0xfffffffe) - 0x1 << 0x1f | LShR(((LOAD_32[<BV64 x0 + 0x5c>]_24 << 0x1 | LShR(LOAD_32[<BV64 x0 + 0x5c>]_24, 0x1f)) & 0xfffffffe) - 0x1, 0x1)) & 0x7fffffff) << 0x4)>, 'Taken')];[];['<BV64 x0>'];[];['<BV64 x0>'];[];[];0.0;1.8446744073709552e+19;18446744073709551615;1;;;True;0.0;1.8446744073709552e+19;18446744073709551615;1;;;False;ControlType.CONTROLLED;0;<BV64 x0>;64;[('0x59d38', <Bool x0 + 0x70 != x0 + 0x70 + ((0#32 .. (((LOAD_32[<BV64 x0 + 0x5c>]_24 << 0x1 | LShR(LOAD_32[<BV64 x0 + 0x5c>]_24, 0x1f)) & 0xfffffffe) - 0x1 << 0x1f | LShR(((LOAD_32[<BV64 x0 + 0x5c>]_24 << 0x1 | LShR(LOAD_32[<BV64 x0 + 0x5c>]_24, 0x1f)) & 0xfffffffe) - 0x1, 0x1)) & 0x7fffffff) << 0x4)>, 'Taken')];[];['<BV64 x0>'];[];['<BV64 x0>'];[];[];0.0;1.8446744073709552e+19;1.8446744073709552e+19;1.0;;;True;0.0;1.8446744073709552e+19;1.8446744073709552e+19;1.0;;;False;ControlType.CONTROLLED;0;<BV64 x0>;64;[];[];[];[];[];[];[];0;0;0;;;;False;0;0;0;;;;False;ControlType.UNKNOWN;0;[('0x59cd8', <Bool LOAD_32[<BV64 x0 + 0x5c>]_24 >=s 0x0>, 'Taken'), ('0x59cf0', <Bool LOAD_32[<BV64 x0 + 0x5c>]_24 != 0x0>, 'Taken'), ('0x59d38', <Bool x0 + 0x70 != x0 + 0x70 + ((0#32 .. (((LOAD_32[<BV64 x0 + 0x5c>]_24 << 0x1 | LShR(LOAD_32[<BV64 x0 + 0x5c>]_24, 0x1f)) & 0xfffffffe) - 0x1 << 0x1f | LShR(((LOAD_32[<BV64 x0 + 0x5c>]_24 << 0x1 | LShR(LOAD_32[<BV64 x0 + 0x5c>]_24, 0x1f)) & 0xfffffffe) - 0x1, 0x1)) & 0x7fffffff) << 0x4)>, 'Taken')];{'regs': ['<BV64 x0>'], 'indirect_regs': [], 'direct_regs': ['<BV64 x0>'], 'mem': ['<BV64 x0 + 0x5c>'], 'const_mem': []};[];{'regs': [], 'indirect_regs': [], 'direct_regs': [], 'mem': [], 'const_mem': []};{'regs': ['<BV64 x0>'], 'indirect_regs': [], 'direct_regs': ['<BV64 x0>'], 'mem': [], 'const_mem': []};{'regs': ['<BV64 x0>'], 'indirect_regs': [], 'direct_regs': ['<BV64 x0>'], 'mem': ['<BV64 x0 + 0x5c>'], 'const_mem': []};63.0;0.0;64.0;64.0;[];;;;BaseControlType.CONSTANT_BASE;BaseControlType.CONSTANT_BASE;BaseControlType.CONSTANT_BASE;3;BranchControlType.BRANCH_DEPENDS_ON_SECRET_VALUE;BranchControlType.BRANCH_INDEPENDENT_FROM_SECRET;367904;True;False;True;True;True;False;False;True;True;False;False;False;True;False;True;True;True;False;True;False;[];['has_valid_base'];True;False;True;True;True;False;False;True;True;False;False;False;True;False;True;True;True;False;True;False;[];['has_valid_base']
717c44ca-bd30-4938-9a99-8281929b9c40;pcre2_substring_list_get_8;0x59cc0;0x59d20;0x0;TransmitterType.LOAD;32;0;False;['0x59cc0', '0x59cdc', '0x59cf4', '0x59d20'];<BV64 0x78 + x0>;64;[('0x59d38', <Bool x0 + 0x70 != x0 + 0x70 + ((0#32 .. (((LOAD_32[<BV64 x0 + 0x5c>]_24 << 0x1 | LShR(LOAD_32[<BV64 x0 + 0x5c>]_24, 0x1f)) & 0xfffffffe) - 0x1 << 0x1f | LShR(((LOAD_32[<BV64 x0 + 0x5c>]_24 << 0x1 | LShR(LOAD_32[<BV64 x0 + 0x5c>]_24, 0x1f)) & 0xfffffffe) - 0x1, 0x1)) & 0x7fffffff) << 0x4)>, 'Taken')];[];['<BV64 x0>'];[];['<BV64 x0>'];[];[];0;18446744073709551615;18446744073709551615;1;;;True;0;18446744073709551615;18446744073709551615;1;;;False;ControlType.CONTROLLED;0;<BV64 0x78>;64;[];[];[];[];[];[];[];120.0;120.0;0.0;1.0;;;True;120.0;120.0;0.0;1.0;;;True;ControlType.NO_CONTROL;0;<BV64 0x78>;64;[];[];[];[];[];[];[];120;120;0;1.0;;;True;120.0;120.0;0.0;1.0;;;True;ControlType.NO_CONTROL;0;<BV64 x0>;64;[('0x59d38', <Bool x0 + 0x70 != x0 + 0x70 + ((0#32 .. (((LOAD_32[<BV64 x0 + 0x5c>]_24 << 0x1 | LShR(LOAD_32[<BV64 x0 + 0x5c>]_24, 0x1f)) & 0xfffffffe) - 0x1 << 0x1f | LShR(((LOAD_32[<BV64 x0 + 0x5c>]_24 << 0x1 | LShR(LOAD_32[<BV64 x0 + 0x5c>]_24, 0x1f)) & 0xfffffffe) - 0x1, 0x1)) & 0x7fffffff) << 0x4)>, 'Taken')];[];['<BV64 x0>'];[];['<BV64 x0>'];[];[];0.0;1.8446744073709552e+19;18446744073709551615;1;;;True;0.0;1.8446744073709552e+19;18446744073709551615;1;;;False;ControlType.CONTROLLED;0;<BV64 x0>;64;[('0x59d38', <Bool x0 + 0x70 != x0 + 0x70 + ((0#32 .. (((LOAD_32[<BV64 x0 + 0x5c>]_24 << 0x1 | LShR(LOAD_32[<BV64 x0 + 0x5c>]_24, 0x1f)) & 0xfffffffe) - 0x1 << 0x1f | LShR(((LOAD_32[<BV64 x0 + 0x5c>]_24 << 0x1 | LShR(LOAD_32[<BV64 x0 + 0x5c>]_24, 0x1f)) & 0xfffffffe) - 0x1, 0x1)) & 0x7fffffff) << 0x4)>, 'Taken')];[];['<BV64 x0>'];[];['<BV64 x0>'];[];[];0.0;1.8446744073709552e+19;1.8446744073709552e+19;1.0;;;True;0.0;1.8446744073709552e+19;1.8446744073709552e+19;1.0;;;False;ControlType.CONTROLLED;0;<BV64 x0>;64;[];[];[];[];[];[];[];0;0;0;;;;False;0;0;0;;;;False;ControlType.UNKNOWN;0;[('0x59cd8', <Bool LOAD_32[<BV64 x0 + 0x5c>]_24 >=s 0x0>, 'Taken'), ('0x59cf0', <Bool LOAD_32[<BV64 x0 + 0x5c>]_24 != 0x0>, 'Taken'), ('0x59d38', <Bool x0 + 0x70 != x0 + 0x70 + ((0#32 .. (((LOAD_32[<BV64 x0 + 0x5c>]_24 << 0x1 | LShR(LOAD_32[<BV64 x0 + 0x5c>]_24, 0x1f)) & 0xfffffffe) - 0x1 << 0x1f | LShR(((LOAD_32[<BV64 x0 + 0x5c>]_24 << 0x1 | LShR(LOAD_32[<BV64 x0 + 0x5c>]_24, 0x1f)) & 0xfffffffe) - 0x1, 0x1)) & 0x7fffffff) << 0x4)>, 'Taken')];{'regs': ['<BV64 x0>'], 'indirect_regs': [], 'direct_regs': ['<BV64 x0>'], 'mem': ['<BV64 x0 + 0x5c>'], 'const_mem': []};[];{'regs': [], 'indirect_regs': [], 'direct_regs': [], 'mem': [], 'const_mem': []};{'regs': ['<BV64 x0>'], 'indirect_regs': [], 'direct_regs': ['<BV64 x0>'], 'mem': [], 'const_mem': []};{'regs': ['<BV64 x0>'], 'indirect_regs': [], 'direct_regs': ['<BV64 x0>'], 'mem': ['<BV64 x0 + 0x5c>'], 'const_mem': []};63.0;0.0;64.0;64.0;[];;;;BaseControlType.CONSTANT_BASE;BaseControlType.CONSTANT_BASE;BaseControlType.CONSTANT_BASE;3;BranchControlType.BRANCH_DEPENDS_ON_SECRET_VALUE;BranchControlType.BRANCH_INDEPENDENT_FROM_SECRET;367904;True;False;True;True;True;False;False;True;True;False;False;False;True;False;True;True;True;False;True;False;[];['has_valid_base'];True;False;True;True;True;False;False;True;True;False;False;False;True;False;True;True;True;False;True;False;[];['has_valid_base']
648fa3ec-2a70-42c3-a352-b7254dbaa009;pcre2_substring_list_get_8;0x59cc0;0x59d20;0x0;TransmitterType.LOAD;39;0;False;['0x59cc0', '0x59cdc', '0x59cf4', '0x59d20', '0x59d20'];<BV64 0x80 + x0>;64;[('0x59d38', <Bool x0 + 0x70 != x0 + 0x70 + ((0#32 .. (((LOAD_32[<BV64 x0 + 0x5c>]_24 << 0x1 | LShR(LOAD_32[<BV64 x0 + 0x5c>]_24, 0x1f)) & 0xfffffffe) - 0x1 << 0x1f | LShR(((LOAD_32[<BV64 x0 + 0x5c>]_24 << 0x1 | LShR(LOAD_32[<BV64 x0 + 0x5c>]_24, 0x1f)) & 0xfffffffe) - 0x1, 0x1)) & 0x7fffffff) << 0x4)>, 'Taken'), ('0x59d38', <Bool x0 + 0x80 != 0x70 + x0 + (0x0 .. 0xffffffff + (LOAD_32[<BV64 x0 + 0x5c>]_24[30:0] .. 0)[31:1] .. 0)>, 'Taken')];[];['<BV64 x0>'];[];['<BV64 x0>'];[];[];0;18446744073709551615;18446744073709551615;1;;;True;0;18446744073709551615;18446744073709551615;1;;;False;ControlType.CONTROLLED;0;<BV64 0x80>;64;[];[];[];[];[];[];[];128.0;128.0;0.0;1.0;;;True;128.0;128.0;0.0;1.0;;;True;ControlType.NO_CONTROL;0;<BV64 0x80>;64;[];[];[];[];[];[];[];128;128;0;1.0;;;True;128.0;128.0;0.0;1.0;;;True;ControlType.NO_CONTROL;0;<BV64 x0>;64;[('0x59d38', <Bool x0 + 0x70 != x0 + 0x70 + ((0#32 .. (((LOAD_32[<BV64 x0 + 0x5c>]_24 << 0x1 | LShR(LOAD_32[<BV64 x0 + 0x5c>]_24, 0x1f)) & 0xfffffffe) - 0x1 << 0x1f | LShR(((LOAD_32[<BV64 x0 + 0x5c>]_24 << 0x1 | LShR(LOAD_32[<BV64 x0 + 0x5c>]_24, 0x1f)) & 0xfffffffe) - 0x1, 0x1)) & 0x7fffffff) << 0x4)>, 'Taken'), ('0x59d38', <Bool x0 + 0x80 != 0x70 + x0 + (0x0 .. 0xffffffff + (LOAD_32[<BV64 x0 + 0x5c>]_24[30:0] .. 0)[31:1] .. 0)>, 'Taken')];[];['<BV64 x0>'];[];['<BV64 x0>'];[];[];0.0;1.8446744073709552e+19;18446744073709551615;1;;;True;0.0;1.8446744073709552e+19;18446744073709551615;1;;;False;ControlType.CONTROLLED;0;<BV64 x0>;64;[('0x59d38', <Bool x0 + 0x70 != x0 + 0x70 + ((0#32 .. (((LOAD_32[<BV64 x0 + 0x5c>]_24 << 0x1 | LShR(LOAD_32[<BV64 x0 + 0x5c>]_24, 0x1f)) & 0xfffffffe) - 0x1 << 0x1f | LShR(((LOAD_32[<BV64 x0 + 0x5c>]_24 << 0x1 | LShR(LOAD_32[<BV64 x0 + 0x5c>]_24, 0x1f)) & 0xfffffffe) - 0x1, 0x1)) & 0x7fffffff) << 0x4)>, 'Taken'), ('0x59d38', <Bool x0 + 0x80 != 0x70 + x0 + (0x0 .. 0xffffffff + (LOAD_32[<BV64 x0 + 0x5c>]_24[30:0] .. 0)[31:1] .. 0)>, 'Taken')];[];['<BV64 x0>'];[];['<BV64 x0>'];[];[];0.0;1.8446744073709552e+19;1.8446744073709552e+19;1.0;;;True;0.0;1.8446744073709552e+19;1.8446744073709552e+19;1.0;;;False;ControlType.CONTROLLED;0;<BV64 x0>;64;[];[];[];[];[];[];[];0;0;0;;;;False;0;0;0;;;;False;ControlType.UNKNOWN;0;[('0x59cd8', <Bool LOAD_32[<BV64 x0 + 0x5c>]_24 >=s 0x0>, 'Taken'), ('0x59cf0', <Bool LOAD_32[<BV64 x0 + 0x5c>]_24 != 0x0>, 'Taken'), ('0x59d38', <Bool x0 + 0x70 != x0 + 0x70 + ((0#32 .. (((LOAD_32[<BV64 x0 + 0x5c>]_24 << 0x1 | LShR(LOAD_32[<BV64 x0 + 0x5c>]_24, 0x1f)) & 0xfffffffe) - 0x1 << 0x1f | LShR(((LOAD_32[<BV64 x0 + 0x5c>]_24 << 0x1 | LShR(LOAD_32[<BV64 x0 + 0x5c>]_24, 0x1f)) & 0xfffffffe) - 0x1, 0x1)) & 0x7fffffff) << 0x4)>, 'Taken'), ('0x59d38', <Bool x0 + 0x80 != 0x70 + x0 + (0x0 .. 0xffffffff + (LOAD_32[<BV64 x0 + 0x5c>]_24[30:0] .. 0)[31:1] .. 0)>, 'Taken')];{'regs': ['<BV64 x0>'], 'indirect_regs': [], 'direct_regs': ['<BV64 x0>'], 'mem': ['<BV64 x0 + 0x5c>'], 'const_mem': []};[];{'regs': [], 'indirect_regs': [], 'direct_regs': [], 'mem': [], 'const_mem': []};{'regs': ['<BV64 x0>'], 'indirect_regs': [], 'direct_regs': ['<BV64 x0>'], 'mem': [], 'const_mem': []};{'regs': ['<BV64 x0>'], 'indirect_regs': [], 'direct_regs': ['<BV64 x0>'], 'mem': ['<BV64 x0 + 0x5c>'], 'const_mem': []};63.0;0.0;64.0;64.0;[];;;;BaseControlType.CONSTANT_BASE;BaseControlType.CONSTANT_BASE;BaseControlType.CONSTANT_BASE;4;BranchControlType.BRANCH_DEPENDS_ON_SECRET_VALUE;BranchControlType.BRANCH_INDEPENDENT_FROM_SECRET;367904;True;False;True;True;True;False;False;True;True;False;False;False;True;False;True;True;True;False;True;False;[];['has_valid_base'];True;False;True;True;True;False;False;True;True;False;False;False;True;False;True;True;True;False;True;False;[];['has_valid_base']
9bbeeaaf-e103-4a24-bc13-2e14c0b379cd;pcre2_substring_list_get_8;0x59cc0;0x59d20;0x0;TransmitterType.LOAD;39;0;False;['0x59cc0', '0x59cdc', '0x59cf4', '0x59d20', '0x59d20'];<BV64 0x88 + x0>;64;[];[];['<BV64 x0>'];[];['<BV64 x0>'];[];[];0;18446744073709551615;18446744073709551615;1;;;True;0;18446744073709551615;18446744073709551615;1;;;True;ControlType.CONTROLLED;0;<BV64 0x88>;64;[];[];[];[];[];[];[];136.0;136.0;0.0;1.0;;;True;136.0;136.0;0.0;1.0;;;True;ControlType.NO_CONTROL;0;<BV64 0x88>;64;[];[];[];[];[];[];[];136;136;0;1.0;;;True;136.0;136.0;0.0;1.0;;;True;ControlType.NO_CONTROL;0;<BV64 x0>;64;[];[];['<BV64 x0>'];[];['<BV64 x0>'];[];[];0.0;1.8446744073709552e+19;18446744073709551615;1;;;True;0.0;1.8446744073709552e+19;18446744073709551615;1;;;True;ControlType.CONTROLLED;0;<BV64 x0>;64;[];[];['<BV64 x0>'];[];['<BV64 x0>'];[];[];0.0;1.8446744073709552e+19;1.8446744073709552e+19;1.0;;;True;0.0;1.8446744073709552e+19;1.8446744073709552e+19;1.0;;;True;ControlType.CONTROLLED;0;<BV64 x0>;64;[];[];[];[];[];[];[];0;0;0;;;;False;0;0;0;;;;False;ControlType.UNKNOWN;0;[('0x59cd8', <Bool LOAD_32[<BV64 x0 + 0x5c>]_24 >=s 0x0>, 'Taken'), ('0x59cf0', <Bool LOAD_32[<BV64 x0 + 0x5c>]_24 != 0x0>, 'Taken'), ('0x59d38', <Bool x0 + 0x70 != x0 + 0x70 + ((0#32 .. (((LOAD_32[<BV64 x0 + 0x5c>]_24 << 0x1 | LShR(LOAD_32[<BV64 x0 + 0x5c>]_24, 0x1f)) & 0xfffffffe) - 0x1 << 0x1f | LShR(((LOAD_32[<BV64 x0 + 0x5c>]_24 << 0x1 | LShR(LOAD_32[<BV64 x0 + 0x5c>]_24, 0x1f)) & 0xfffffffe) - 0x1, 0x1)) & 0x7fffffff) << 0x4)>, 'Taken'), ('0x59d38', <Bool x0 + 0x80 != 0x70 + x0 + (0x0 .. 0xffffffff + (LOAD_32[<BV64 x0 + 0x5c>]_24[30:0] .. 0)[31:1] .. 0)>, 'Taken')];{'regs': ['<BV64 x0>'], 'indirect_regs': [], 'direct_regs': ['<BV64 x0>'], 'mem': ['<BV64 x0 + 0x5c>'], 'const_mem': []};[];{'regs': [], 'indirect_regs': [], 'direct_regs': [], 'mem': [], 'const_mem': []};{'regs': ['<BV64 x0>'], 'indirect_regs': [], 'direct_regs': ['<BV64 x0>'], 'mem': [], 'const_mem': []};{'regs': ['<BV64 x0>', '<BV64 x0>'], 'indirect_regs': [], 'direct_regs': ['<BV64 x0>', '<BV64 x0>'], 'mem': ['<BV64 x0 + 0x5c>'], 'const_mem': []};63.0;0.0;64.0;64.0;[];;;;BaseControlType.CONSTANT_BASE;BaseControlType.CONSTANT_BASE;BaseControlType.CONSTANT_BASE;4;BranchControlType.BRANCH_INDEPENDENT_FROM_SECRET;BranchControlType.BRANCH_INDEPENDENT_FROM_SECRET;367904;True;False;True;True;True;False;False;True;True;False;False;False;True;False;True;False;True;False;True;False;[];['has_valid_base'];True;False;True;True;True;False;False;True;True;False;False;False;True;False;True;False;True;False;True;False;[];['has_valid_base']
251d3afe-b361-47a5-bd52-beb5eb310e8d;pcre2_substring_list_get_8;0x59cc0;0x59e2c;0x0;TransmitterType.LOAD;14;0;False;['0x59cc0', '0x59cdc', '0x59e2c'];<BV64 0x5a + x0>;64;[];[];['<BV64 x0>'];[];['<BV64 x0>'];[];[];0;18446744073709551615;18446744073709551615;1;;;True;0;18446744073709551615;18446744073709551615;1;;;True;ControlType.CONTROLLED;0;<BV64 0x5a>;64;[];[];[];[];[];[];[];90.0;90.0;0.0;1.0;;;True;90.0;90.0;0.0;1.0;;;True;ControlType.NO_CONTROL;0;<BV64 0x5a>;64;[];[];[];[];[];[];[];90;90;0;1.0;;;True;90.0;90.0;0.0;1.0;;;True;ControlType.NO_CONTROL;0;<BV64 x0>;64;[];[];['<BV64 x0>'];[];['<BV64 x0>'];[];[];0.0;1.8446744073709552e+19;18446744073709551615;1;;;True;0.0;1.8446744073709552e+19;18446744073709551615;1;;;True;ControlType.CONTROLLED;0;<BV64 x0>;64;[];[];['<BV64 x0>'];[];['<BV64 x0>'];[];[];0.0;1.8446744073709552e+19;1.8446744073709552e+19;1.0;;;True;0.0;1.8446744073709552e+19;1.8446744073709552e+19;1.0;;;True;ControlType.CONTROLLED;0;<BV64 x0>;64;[];[];[];[];[];[];[];0;0;0;;;;False;0;0;0;;;;False;ControlType.UNKNOWN;0;[('0x59cd8', <Bool LOAD_32[<BV64 x0 + 0x5c>]_24 >=s 0x0>, 'Taken'), ('0x59cf0', <Bool LOAD_32[<BV64 x0 + 0x5c>]_24 == 0x0>, 'Taken')];"{'regs': ['<BV64 x0>'], 'indirect_regs': [""<BV64 x0>: ['0x5c', '0x5c']""], 'direct_regs': [], 'mem': ['<BV64 x0 + 0x5c>'], 'const_mem': []}";[];{'regs': [], 'indirect_regs': [], 'direct_regs': [], 'mem': [], 'const_mem': []};{'regs': ['<BV64 x0>'], 'indirect_regs': [], 'direct_regs': ['<BV64 x0>'], 'mem': [], 'const_mem': []};"{'regs': ['<BV64 x0>', '<BV64 x0>'], 'indirect_regs': [""<BV64 x0>: ['0x5c', '0x5c']""], 'direct_regs': ['<BV64 x0>'], 'mem': ['<BV64 x0 + 0x5c>'], 'const_mem': []}";63.0;0.0;64.0;64.0;[];;;;BaseControlType.CONSTANT_BASE;BaseControlType.CONSTANT_BASE;BaseControlType.CONSTANT_BASE;2;BranchControlType.BRANCH_INDEPENDENT_FROM_SECRET;BranchControlType.BRANCH_INDEPENDENT_FROM_SECRET;368172;True;False;True;True;True;False;False;True;True;False;False;False;True;False;True;False;True;False;True;False;[];['has_valid_base'];True;False;True;True;True;False;False;True;True;False;False;False;True;False;True;False;True;False;True;False;[];['has_valid_base']
313d217e-a765-49c8-8450-fd8229868889;pcre2_substring_list_get_8;0x59cc0;0x59d20;0x0;TransmitterType.LOAD;27;0;False;['0x59cc0', '0x59cdc', '0x59e2c', '0x59d0c'];<BV64 0x60 + x0>;64;[];[];['<BV64 x0>'];[];['<BV64 x0>'];[];[];0;18446744073709551615;18446744073709551615;1;;;True;0;18446744073709551615;18446744073709551615;1;;;True;ControlType.CONTROLLED;0;<BV64 0x60>;64;[];[];[];[];[];[];[];96.0;96.0;0.0;1.0;;;True;96.0;96.0;0.0;1.0;;;True;ControlType.NO_CONTROL;0;<BV64 0x60>;64;[];[];[];[];[];[];[];96;96;0;1.0;;;True;96.0;96.0;0.0;1.0;;;True;ControlType.NO_CONTROL;0;<BV64 x0>;64;[];[];['<BV64 x0>'];[];['<BV64 x0>'];[];[];0.0;1.8446744073709552e+19;18446744073709551615;1;;;True;0.0;1.8446744073709552e+19;18446744073709551615;1;;;True;ControlType.CONTROLLED;0;<BV64 x0>;64;[];[];['<BV64 x0>'];[];['<BV64 x0>'];[];[];0.0;1.8446744073709552e+19;1.8446744073709552e+19;1.0;;;True;0.0;1.8446744073709552e+19;1.8446744073709552e+19;1.0;;;True;ControlType.CONTROLLED;0;<BV64 x0>;64;[];[];[];[];[];[];[];0;0;0;;;;False;0;0;0;;;;False;ControlType.UNKNOWN;0;[('0x59cd8', <Bool LOAD_32[<BV64 x0 + 0x5c>]_24 >=s 0x0>, 'Taken'), ('0x59cf0', <Bool LOAD_32[<BV64 x0 + 0x5c>]_24 == 0x0>, 'Taken'), ('0x59e48', <Bool LOAD_16[<BV64 x0 + 0x5a>]_37 != 0x0>, 'Taken')];"{'regs': ['<BV64 x0>'], 'indirect_regs': [""<BV64 x0>: ['0x5a', '0x5c', '0x5c']""], 'direct_regs': [], 'mem': ['<BV64 x0 + 0x5a>', '<BV64 x0 + 0x5c>'], 'const_mem': []}";[];{'regs': [], 'indirect_regs': [], 'direct_regs': [], 'mem': [], 'const_mem': []};{'regs': ['<BV64 x0>'], 'indirect_regs': [], 'direct_regs': ['<BV64 x0>'], 'mem': [], 'const_mem': []};"{'regs': ['<BV64 x0>', '<BV64 x0>'], 'indirect_regs': [""<BV64 x0>: ['0x5a', '0x5c', '0x5c']""], 'direct_regs': ['<BV64 x0>'], 'mem': ['<BV64 x0 + 0x5a>', '<BV64 x0 + 0x5c>'], 'const_mem': []}";63.0;0.0;64.0;64.0;[];;;;BaseControlType.CONSTANT_BASE;BaseControlType.CONSTANT_BASE;BaseControlType.CONSTANT_BASE;3;BranchControlType.BRANCH_INDEPENDENT_FROM_SECRET;BranchControlType.BRANCH_INDEPENDENT_FROM_SECRET;367904;True;False;True;True;True;False;False;True;True;False;False;False;True;False;True;False;True;False;True;False;[];['has_valid_base'];True;False;True;True;True;False;False;True;True;False;False;False;True;False;True;False;True;False;True;False;[];['has_valid_base']
e4343964-481a-4a29-8b4d-a4fd04efb611;pcre2_substring_list_get_8;0x59cc0;0x59d20;0x0;TransmitterType.LOAD;27;0;False;['0x59cc0', '0x59cdc', '0x59e2c', '0x59d0c'];<BV64 0x68 + x0>;64;[];[];['<BV64 x0>'];[];['<BV64 x0>'];[];[];0;18446744073709551615;18446744073709551615;1;;;True;0;18446744073709551615;18446744073709551615;1;;;True;ControlType.CONTROLLED;0;<BV64 0x68>;64;[];[];[];[];[];[];[];104.0;104.0;0.0;1.0;;;True;104.0;104.0;0.0;1.0;;;True;ControlType.NO_CONTROL;0;<BV64 0x68>;64;[];[];[];[];[];[];[];104;104;0;1.0;;;True;104.0;104.0;0.0;1.0;;;True;ControlType.NO_CONTROL;0;<BV64 x0>;64;[];[];['<BV64 x0>'];[];['<BV64 x0>'];[];[];0.0;1.8446744073709552e+19;18446744073709551615;1;;;True;0.0;1.8446744073709552e+19;18446744073709551615;1;;;True;ControlType.CONTROLLED;0;<BV64 x0>;64;[];[];['<BV64 x0>'];[];['<BV64 x0>'];[];[];0.0;1.8446744073709552e+19;1.8446744073709552e+19;1.0;;;True;0.0;1.8446744073709552e+19;1.8446744073709552e+19;1.0;;;True;ControlType.CONTROLLED;0;<BV64 x0>;64;[];[];[];[];[];[];[];0;0;0;;;;False;0;0;0;;;;False;ControlType.UNKNOWN;0;[('0x59cd8', <Bool LOAD_32[<BV64 x0 + 0x5c>]_24 >=s 0x0>, 'Taken'), ('0x59cf0', <Bool LOAD_32[<BV64 x0 + 0x5c>]_24 == 0x0>, 'Taken'), ('0x59e48', <Bool LOAD_16[<BV64 x0 + 0x5a>]_37 != 0x0>, 'Taken')];"{'regs': ['<BV64 x0>'], 'indirect_regs': [""<BV64 x0>: ['0x5a', '0x5c', '0x5c']""], 'direct_regs': [], 'mem': ['<BV64 x0 + 0x5a>', '<BV64 x0 + 0x5c>'], 'const_mem': []}";[];{'regs': [], 'indirect_regs': [], 'direct_regs': [], 'mem': [], 'const_mem': []};{'regs': ['<BV64 x0>'], 'indirect_regs': [], 'direct_regs': ['<BV64 x0>'], 'mem': [], 'const_mem': []};{'regs': ['<BV64 x0>'], 'indirect_regs': [], 'direct_regs': ['<BV64 x0>'], 'mem': ['<BV64 x0 + 0x5a>', '<BV64 x0 + 0x5c>'], 'const_mem': []};63.0;0.0;64.0;64.0;[];;;;BaseControlType.CONSTANT_BASE;BaseControlType.CONSTANT_BASE;BaseControlType.CONSTANT_BASE;3;BranchControlType.BRANCH_DEPENDS_ON_SECRET_VALUE;BranchControlType.BRANCH_INDEPENDENT_FROM_SECRET;367904;True;False;True;True;True;False;False;True;True;False;False;False;True;False;True;True;True;False;True;False;[];['has_valid_base'];True;False;True;True;True;False;False;True;True;False;False;False;True;False;True;True;True;False;True;False;[];['has_valid_base']
c5ebb480-f7a6-4546-8eb7-e2d40d92aa45;pcre2_substring_list_get_8;0x59cc0;0x59d20;0x0;TransmitterType.LOAD;34;0;False;['0x59cc0', '0x59cdc', '0x59e2c', '0x59d0c', '0x59d20'];<BV64 0x70 + x0>;64;[];[];['<BV64 x0>'];[];['<BV64 x0>'];[];[];0;18446744073709551615;18446744073709551615;1;;;True;0;18446744073709551615;18446744073709551615;1;;;True;ControlType.CONTROLLED;0;<BV64 0x70>;64;[];[];[];[];[];[];[];112.0;112.0;0.0;1.0;;;True;112.0;112.0;0.0;1.0;;;True;ControlType.NO_CONTROL;0;<BV64 0x70>;64;[];[];[];[];[];[];[];112;112;0;1.0;;;True;112.0;112.0;0.0;1.0;;;True;ControlType.NO_CONTROL;0;<BV64 x0>;64;[];[];['<BV64 x0>'];[];['<BV64 x0>'];[];[];0.0;1.8446744073709552e+19;18446744073709551615;1;;;True;0.0;1.8446744073709552e+19;18446744073709551615;1;;;True;ControlType.CONTROLLED;0;<BV64 x0>;64;[];[];['<BV64 x0>'];[];['<BV64 x0>'];[];[];0.0;1.8446744073709552e+19;1.8446744073709552e+19;1.0;;;True;0.0;1.8446744073709552e+19;1.8446744073709552e+19;1.0;;;True;ControlType.CONTROLLED;0;<BV64 x0>;64;[];[];[];[];[];[];[];0;0;0;;;;False;0;0;0;;;;False;ControlType.UNKNOWN;0;[('0x59cd8', <Bool LOAD_32[<BV64 x0 + 0x5c>]_24 >=s 0x0>, 'Taken'), ('0x59cf0', <Bool LOAD_32[<BV64 x0 + 0x5c>]_24 == 0x0>, 'Taken'), ('0x59d38', <Bool x0 + 0x70 != x0 + 0x70 + ((0#32 .. ((0x0 .. LOAD_16[<BV64 x0 + 0x5a>]_37 .. 0) - 0x1 << 0x1f | LShR((0x0 .. LOAD_16[<BV64 x0 + 0x5a>]_37 .. 0) - 0x1, 0x1)) & 0x7fffffff) << 0x4)>, 'Taken'), ('0x59e48', <Bool LOAD_16[<BV64 x0 + 0x5a>]_37 != 0x0>, 'Taken')];"{'regs': ['<BV64 x0>', '<BV64 x0>'], 'indirect_regs': [""<BV64 x0>: ['0x5a', '0x5a', '0x5c', '0x5c']""], 'direct_regs': ['<BV64 x0>'], 'mem': ['<BV64 x0 + 0x5a>', '<BV64 x0 + 0x5c>'], 'const_mem': []}";[];{'regs': [], 'indirect_regs': [], 'direct_regs': [], 'mem': [], 'const_mem': []};{'regs': ['<BV64 x0>'], 'indirect_regs': [], 'direct_regs': ['<BV64 x0>'], 'mem': [], 'const_mem': []};{'regs': ['<BV64 x0>', '<BV64 x0>'], 'indirect_regs': [], 'direct_regs': ['<BV64 x0>', '<BV64 x0>'], 'mem': ['<BV64 x0 + 0x5a>', '<BV64 x0 + 0x5c>'], 'const_mem': []};63.0;0.0;64.0;64.0;[];;;;BaseControlType.CONSTANT_BASE;BaseControlType.CONSTANT_BASE;BaseControlType.CONSTANT_BASE;4;BranchControlType.BRANCH_DEPENDS_ON_SECRET_VALUE;BranchControlType.BRANCH_INDEPENDENT_FROM_SECRET;367904;True;False;True;True;True;False;False;True;True;False;False;False;True;False;True;True;True;False;True;False;[];['has_valid_base'];True;False;True;True;True;False;False;True;True;False;False;False;True;False;True;True;True;False;True;False;[];['has_valid_base']
13b9a5ba-b122-4505-8dc1-ad785713b816;pcre2_substring_list_get_8;0x59cc0;0x59d20;0x0;TransmitterType.LOAD;34;0;False;['0x59cc0', '0x59cdc', '0x59e2c', '0x59d0c', '0x59d20'];<BV64 0x78 + x0>;64;[];[];['<BV64 x0>'];[];['<BV64 x0>'];[];[];0;18446744073709551615;18446744073709551615;1;;;True;0;18446744073709551615;18446744073709551615;1;;;True;ControlType.CONTROLLED;0;<BV64 0x78>;64;[];[];[];[];[];[];[];120.0;120.0;0.0;1.0;;;True;120.0;120.0;0.0;1.0;;;True;ControlType.NO_CONTROL;0;<BV64 0x78>;64;[];[];[];[];[];[];[];120;120;0;1.0;;;True;120.0;120.0;0.0;1.0;;;True;ControlType.NO_CONTROL;0;<BV64 x0>;64;[];[];['<BV64 x0>'];[];['<BV64 x0>'];[];[];0.0;1.8446744073709552e+19;18446744073709551615;1;;;True;0.0;1.8446744073709552e+19;18446744073709551615;1;;;True;ControlType.CONTROLLED;0;<BV64 x0>;64;[];[];['<BV64 x0>'];[];['<BV64 x0>'];[];[];0.0;1.8446744073709552e+19;1.8446744073709552e+19;1.0;;;True;0.0;1.8446744073709552e+19;1.8446744073709552e+19;1.0;;;True;ControlType.CONTROLLED;0;<BV64 x0>;64;[];[];[];[];[];[];[];0;0;0;;;;False;0;0;0;;;;False;ControlType.UNKNOWN;0;[('0x59cd8', <Bool LOAD_32[<BV64 x0 + 0x5c>]_24 >=s 0x0>, 'Taken'), ('0x59cf0', <Bool LOAD_32[<BV64 x0 + 0x5c>]_24 == 0x0>, 'Taken'), ('0x59d38', <Bool x0 + 0x70 != x0 + 0x70 + ((0#32 .. ((0x0 .. LOAD_16[<BV64 x0 + 0x5a>]_37 .. 0) - 0x1 << 0x1f | LShR((0x0 .. LOAD_16[<BV64 x0 + 0x5a>]_37 .. 0) - 0x1, 0x1)) & 0x7fffffff) << 0x4)>, 'Taken'), ('0x59e48', <Bool LOAD_16[<BV64 x0 + 0x5a>]_37 != 0x0>, 'Taken')];"{'regs': ['<BV64 x0>', '<BV64 x0>'], 'indirect_regs': [""<BV64 x0>: ['0x5a', '0x5a', '0x5c', '0x5c']""], 'direct_regs': ['<BV64 x0>'], 'mem': ['<BV64 x0 + 0x5a>', '<BV64 x0 + 0x5c>'], 'const_mem': []}";[];{'regs': [], 'indirect_regs': [], 'direct_regs': [], 'mem': [], 'const_mem': []};{'regs': ['<BV64 x0>'], 'indirect_regs': [], 'direct_regs': ['<BV64 x0>'], 'mem': [], 'const_mem': []};{'regs': ['<BV64 x0>', '<BV64 x0>'], 'indirect_regs': [], 'direct_regs': ['<BV64 x0>', '<BV64 x0>'], 'mem': ['<BV64 x0 + 0x5a>', '<BV64 x0 + 0x5c>'], 'const_mem': []};63.0;0.0;64.0;64.0;[];;;;BaseControlType.CONSTANT_BASE;BaseControlType.CONSTANT_BASE;BaseControlType.CONSTANT_BASE;4;BranchControlType.BRANCH_DEPENDS_ON_SECRET_VALUE;BranchControlType.BRANCH_INDEPENDENT_FROM_SECRET;367904;True;False;True;True;True;False;False;True;True;False;False;False;True;False;True;True;True;False;True;False;[];['has_valid_base'];True;False;True;True;True;False;False;True;True;False;False;False;True;False;True;True;True;False;True;False;[];['has_valid_base']
0324bfd9-ebfe-41f1-9640-56286de446d7;pcre2_get_mark_8;0x47408;0x47414;0x0;TransmitterType.LOAD;4;0;False;['0x47408'];<BV64 0x28 + x0>;64;[];[];['<BV64 x0>'];[];['<BV64 x0>'];[];[];0;18446744073709551615;18446744073709551615;1;;;True;0;18446744073709551615;18446744073709551615;1;;;True;ControlType.CONTROLLED;0;<BV64 0x28>;64;[];[];[];[];[];[];[];40.0;40.0;0.0;1.0;;;True;40.0;40.0;0.0;1.0;;;True;ControlType.NO_CONTROL;0;<BV64 0x28>;64;[];[];[];[];[];[];[];40;40;0;1.0;;;True;40.0;40.0;0.0;1.0;;;True;ControlType.NO_CONTROL;0;<BV64 x0>;64;[];[];['<BV64 x0>'];[];['<BV64 x0>'];[];[];0.0;1.8446744073709552e+19;18446744073709551615;1;;;True;0.0;1.8446744073709552e+19;18446744073709551615;1;;;True;ControlType.CONTROLLED;0;<BV64 x0>;64;[];[];['<BV64 x0>'];[];['<BV64 x0>'];[];[];0.0;1.8446744073709552e+19;1.8446744073709552e+19;1.0;;;True;0.0;1.8446744073709552e+19;1.8446744073709552e+19;1.0;;;True;ControlType.CONTROLLED;0;<BV64 x0>;64;[];[];[];[];[];[];[];0;0;0;;;;False;0;0;0;;;;False;ControlType.UNKNOWN;0;[];{'regs': [], 'indirect_regs': [], 'direct_regs': [], 'mem': [], 'const_mem': []};[];{'regs': [], 'indirect_regs': [], 'direct_regs': [], 'mem': [], 'const_mem': []};{'regs': ['<BV64 x0>'], 'indirect_regs': [], 'direct_regs': ['<BV64 x0>'], 'mem': [], 'const_mem': []};{'regs': ['<BV64 x0>'], 'indirect_regs': [], 'direct_regs': ['<BV64 x0>'], 'mem': [], 'const_mem': []};63.0;0.0;64.0;64.0;[];;;;BaseControlType.CONSTANT_BASE;BaseControlType.CONSTANT_BASE;BaseControlType.CONSTANT_BASE;0;BranchControlType.BRANCH_INDEPENDENT_FROM_SECRET;BranchControlType.BRANCH_INDEPENDENT_FROM_SECRET;291860;True;False;True;True;True;False;False;True;True;False;False;False;True;False;True;False;True;False;True;False;[];['has_valid_base'];True;False;True;True;True;False;False;True;True;False;False;False;True;False;True;False;True;False;True;False;[];['has_valid_base']
066ed59f-e713-4993-9976-76d3e4cce59e;pcre2_compile_context_copy_8;0x10588;0x105a0;0x0;TransmitterType.LOAD;7;0;False;['0x10588'];<BV64 x0>;64;[];[];['<BV64 x0>'];[];['<BV64 x0>'];[];[];0;18446744073709551615;18446744073709551615;1;;;True;0;18446744073709551615;18446744073709551615;1;;;True;ControlType.CONTROLLED;0;;0;[];[];[];[];[];[];[];0.0;0.0;0.0;0.0;;;False;0.0;0.0;0.0;0.0;;;False;ControlType.UNKNOWN;0;;0;[];[];[];[];[];[];[];0;0;0;;;;False;0.0;0.0;0.0;0.0;;;False;ControlType.UNKNOWN;0;<BV64 x0>;64;[];[];['<BV64 x0>'];[];['<BV64 x0>'];[];[];0.0;1.8446744073709552e+19;18446744073709551615;1;;;True;0.0;1.8446744073709552e+19;18446744073709551615;1;;;True;ControlType.CONTROLLED;0;<BV64 x0>;64;[];[];['<BV64 x0>'];[];['<BV64 x0>'];[];[];0.0;1.8446744073709552e+19;1.8446744073709552e+19;1.0;;;True;0.0;1.8446744073709552e+19;1.8446744073709552e+19;1.0;;;True;ControlType.CONTROLLED;0;<BV64 x0>;64;[];[];[];[];[];[];[];0;0;0;;;;False;0;0;0;;;;False;ControlType.UNKNOWN;0;[];{'regs': [], 'indirect_regs': [], 'direct_regs': [], 'mem': [], 'const_mem': []};[];{'regs': [], 'indirect_regs': [], 'direct_regs': [], 'mem': [], 'const_mem': []};{'regs': ['<BV64 x0>'], 'indirect_regs': [], 'direct_regs': ['<BV64 x0>'], 'mem': [], 'const_mem': []};{'regs': ['<BV64 x0>'], 'indirect_regs': [], 'direct_regs': ['<BV64 x0>'], 'mem': [], 'const_mem': []};63.0;0.0;64.0;64.0;[];;;;BaseControlType.NO_BASE;BaseControlType.NO_BASE;BaseControlType.NO_BASE;0;BranchControlType.BRANCH_INDEPENDENT_FROM_SECRET;BranchControlType.BRANCH_INDEPENDENT_FROM_SECRET;66976;True;False;True;True;True;False;False;True;True;False;False;False;True;False;True;False;True;False;True;False;[];['has_valid_base'];True;False;True;True;True;False;False;True;True;False;False;False;True;False;True;False;True;False;True;False;[];['has_valid_base']
63c0ecd5-cd53-4b6b-b37b-fd648baf1f3e;pcre2_compile_context_copy_8;0x10588;0x105a4;0x0;TransmitterType.LOAD;8;0;False;['0x10588'];<BV64 0x10 + x0>;64;[];[];['<BV64 x0>'];[];['<BV64 x0>'];[];[];0;18446744073709551615;18446744073709551615;1;;;True;0;18446744073709551615;18446744073709551615;1;;;True;ControlType.CONTROLLED;0;<BV64 0x10>;64;[];[];[];[];[];[];[];16.0;16.0;0.0;1.0;;;True;16.0;16.0;0.0;1.0;;;True;ControlType.NO_CONTROL;0;<BV64 0x10>;64;[];[];[];[];[];[];[];16;16;0;1.0;;;True;16.0;16.0;0.0;1.0;;;True;ControlType.NO_CONTROL;0;<BV64 x0>;64;[];[];['<BV64 x0>'];[];['<BV64 x0>'];[];[];0.0;1.8446744073709552e+19;18446744073709551615;1;;;True;0.0;1.8446744073709552e+19;18446744073709551615;1;;;True;ControlType.CONTROLLED;0;<BV64 x0>;64;[];[];['<BV64 x0>'];[];['<BV64 x0>'];[];[];0.0;1.8446744073709552e+19;1.8446744073709552e+19;1.0;;;True;0.0;1.8446744073709552e+19;1.8446744073709552e+19;1.0;;;True;ControlType.CONTROLLED;0;<BV64 x0>;64;[];[];[];[];[];[];[];0;0;0;;;;False;0;0;0;;;;False;ControlType.UNKNOWN;0;[];{'regs': [], 'indirect_regs': [], 'direct_regs': [], 'mem': [], 'const_mem': []};[];{'regs': [], 'indirect_regs': [], 'direct_regs': [], 'mem': [], 'const_mem': []};{'regs': ['<BV64 x0>'], 'indirect_regs': [], 'direct_regs': ['<BV64 x0>'], 'mem': [], 'const_mem': []};{'regs': ['<BV64 x0>'], 'indirect_regs': [], 'direct_regs': ['<BV64 x0>'], 'mem': [], 'const_mem': []};63.0;0.0;64.0;64.0;[];;;;BaseControlType.CONSTANT_BASE;BaseControlType.CONSTANT_BASE;BaseControlType.CONSTANT_BASE;0;BranchControlType.BRANCH_INDEPENDENT_FROM_SECRET;BranchControlType.BRANCH_INDEPENDENT_FROM_SECRET;66980;True;False;True;True;True;False;False;True;True;False;False;False;True;False;True;False;True;False;True;False;[];['has_valid_base'];True;False;True;True;True;False;False;True;True;False;False;False;True;False;True;False;True;False;True;False;[];['has_valid_base']
0d0f2d40-2dc1-45b7-ab57-f54a998af8dd;pcre2_compile_context_copy_8;0x10588;0x105a8;0x105a0;TransmitterType.CODE_LOAD;9;1;False;['0x10588'];<BV64 LOAD_64[<BV64 x0>]_23>;64;[];[];['<BV64 x0>'];"[""<BV64 x0>: ['0x0']""]";[];['<BV64 x0>'];[];0;18446744073709551615;18446744073709551615;1;;;True;0;18446744073709551615;18446744073709551615;1;;;True;ControlType.CONTROLLED;1;;0;[];[];[];[];[];[];[];0.0;0.0;0.0;0.0;;;False;0.0;0.0;0.0;0.0;;;False;ControlType.UNKNOWN;0;;0;[];[];[];[];[];[];[];0;0;0;;;;False;0.0;0.0;0.0;0.0;;;False;ControlType.UNKNOWN;0;<BV64 LOAD_64[<BV64 x0>]_23>;64;[];[];['<BV64 x0>'];"[""<BV64 x0>: ['0x0']""]";[];['<BV64 x0>'];[];0.0;1.8446744073709552e+19;18446744073709551615;1;;;True;0.0;1.8446744073709552e+19;18446744073709551615;1;;;True;ControlType.CONTROLLED;1;<BV64 x0>;64;[];[];['<BV64 x0>'];[];['<BV64 x0>'];[];[];0.0;1.8446744073709552e+19;1.8446744073709552e+19;1.0;;;True;0.0;1.8446744073709552e+19;1.8446744073709552e+19;1.0;;;True;ControlType.CONTROLLED;0;<BV64 LOAD_64[<BV64 x0>]_23>;64;[];[];[];[];[];[];[];0;0;0;;;;False;0;0;0;;;;False;ControlType.UNKNOWN;1;[];{'regs': [], 'indirect_regs': [], 'direct_regs': [], 'mem': [], 'const_mem': []};[];{'regs': [], 'indirect_regs': [], 'direct_regs': [], 'mem': [], 'const_mem': []};{'regs': ['<BV64 x0>'], 'indirect_regs': [], 'direct_regs': ['<BV64 x0>'], 'mem': ['<BV64 x0>'], 'const_mem': []};{'regs': ['<BV64 x0>'], 'indirect_regs': [], 'direct_regs': ['<BV64 x0>'], 'mem': ['<BV64 x0>'], 'const_mem': []};63.0;0.0;64.0;64.0;[];;;;BaseControlType.NO_BASE;BaseControlType.NO_BASE;BaseControlType.NO_BASE;0;BranchControlType.BRANCH_INDEPENDENT_FROM_SECRET;BranchControlType.BRANCH_INDEPENDENT_FROM_SECRET;66984;True;False;True;True;True;False;False;True;True;False;False;False;True;False;True;False;True;False;True;False;[];['has_valid_base'];True;False;True;True;True;False;False;True;True;False;False;False;True;False;True;False;True;False;True;False;[];['has_valid_base']
d54a299c-6d64-4aa4-8b9c-29988cf1c11e;pcre2_serialize_encode_8;0x59144;0x591d0;0x0;TransmitterType.LOAD;30;0;False;['0x59144', '0x59174', '0x59184', '0x591d0'];<BV64 x0>;64;[];[('0x59170', <Bool x0 != 0x0>, 'ConditionType.UNKNOWN')];['<BV64 x0>'];[];['<BV64 x0>'];[];[];1;18446744073709551615;18446744073709551614;1;;;True;1;18446744073709551615;18446744073709551614;1;;;True;ControlType.CONTROLLED;0;;0;[];[];[];[];[];[];[];0.0;0.0;0.0;0.0;;;False;0.0;0.0;0.0;0.0;;;False;ControlType.UNKNOWN;0;;0;[];[];[];[];[];[];[];0;0;0;;;;False;0.0;0.0;0.0;0.0;;;False;ControlType.UNKNOWN;0;<BV64 x0>;64;[];[('0x59170', <Bool x0 != 0x0>, 'ConditionType.UNKNOWN')];['<BV64 x0>'];[];['<BV64 x0>'];[];[];1.0;1.8446744073709552e+19;18446744073709551614;1;;;True;1.0;1.8446744073709552e+19;18446744073709551614;1;;;True;ControlType.CONTROLLED;0;<BV64 x0>;64;[];[('0x59170', <Bool x0 != 0x0>, 'ConditionType.UNKNOWN')];['<BV64 x0>'];[];['<BV64 x0>'];[];[];1.0;1.8446744073709552e+19;1.8446744073709552e+19;1.0;;;True;1.0;1.8446744073709552e+19;1.8446744073709552e+19;1.0;;;True;ControlType.CONTROLLED;0;<BV64 x0>;64;[];[];[];[];[];[];[];0;0;0;;;;False;0;0;0;;;;False;ControlType.UNKNOWN;0;[('0x59170', <Bool True>, 'Taken'), ('0x59180', <Bool x1[31:0] >s 0x0>, 'Taken'), ('0x591b4', <Bool True>, 'Taken')];{'regs': ['<BV64 x1>'], 'indirect_regs': [], 'direct_regs': ['<BV64 x1>'], 'mem': [], 'const_mem': []};[('0x59168', <Bool x2 != 0x0>, 'ConditionType.CMOVE'), ('0x5916c', <Bool x3 != 0x0>, 'ConditionType.UNKNOWN'), ('0x5916c', <Bool True>, 'ConditionType.CMOVE'), ('0x5916c', <Bool x2 != 0x0>, 'ConditionType.CMOVE'), ('0x59170', <Bool x0 != 0x0>, 'ConditionType.UNKNOWN'), ('0x59170', <Bool True>, 'ConditionType.CMOVE')];{'regs': ['<BV64 x0>', '<BV64 x2>', '<BV64 x3>'], 'indirect_regs': [], 'direct_regs': ['<BV64 x0>', '<BV64 x2>', '<BV64 x3>'], 'mem': [], 'const_mem': []};{'regs': ['<BV64 x0>', '<BV64 x2>', '<BV64 x3>'], 'indirect_regs': [], 'direct_regs': ['<BV64 x0>', '<BV64 x2>', '<BV64 x3>'], 'mem': [], 'const_mem': []};{'regs': ['<BV64 x0>', '<BV64 x1>', '<BV64 x2>', '<BV64 x3>'], 'indirect_regs': [], 'direct_regs': ['<BV64 x0>', '<BV64 x1>', '<BV64 x2>', '<BV64 x3>'], 'mem': [], 'const_mem': []};63.0;0.0;64.0;64.0;[];;;;BaseControlType.NO_BASE;BaseControlType.NO_BASE;BaseControlType.NO_BASE;3;BranchControlType.BRANCH_INDEPENDENT_FROM_SECRET;BranchControlType.BRANCH_INDEPENDENT_FROM_SECRET;365008;True;False;True;True;True;False;False;True;True;False;False;False;True;False;True;False;True;False;True;False;[];['has_valid_base'];True;False;True;True;True;False;False;True;True;False;False;False;True;False;True;False;True;False;True;False;[];['has_valid_base']
d7d456e2-f46e-486c-8242-1550353b6633;pcre2_serialize_encode_8;0x59144;0x591dc;0x591d0;TransmitterType.LOAD;33;1;False;['0x59144', '0x59174', '0x59184', '0x591d0', '0x591dc'];<BV64 0x50 + LOAD_64[<BV64 x0>]_31>;64;[('0x591d8', <Bool LOAD_64[<BV64 x0>]_31 != 0x0>, 'Taken')];[];['<BV64 x0>'];"[""<BV64 x0>: ['0x0']""]";[];['<BV64 x0>'];[];0;18446744073709551615;18446744073709551615;1;;;True;81;79;18446744073709551614;1;;;True;ControlType.CONTROLLED;1;<BV64 0x50>;64;[];[];[];[];[];[];[];80.0;80.0;0.0;1.0;;;True;80.0;80.0;0.0;1.0;;;True;ControlType.NO_CONTROL;0;<BV64 0x50>;64;[];[];[];[];[];[];[];80;80;0;1.0;;;True;80.0;80.0;0.0;1.0;;;True;ControlType.NO_CONTROL;0;<BV64 LOAD_64[<BV64 x0>]_31>;64;[('0x591d8', <Bool LOAD_64[<BV64 x0>]_31 != 0x0>, 'Taken')];[];['<BV64 x0>'];"[""<BV64 x0>: ['0x0']""]";[];['<BV64 x0>'];[];0.0;1.8446744073709552e+19;18446744073709551615;1;;;True;1.0;1.8446744073709552e+19;18446744073709551614;1;;;True;ControlType.CONTROLLED;1;<BV64 x0>;64;[];[('0x59170', <Bool x0 != 0x0>, 'ConditionType.UNKNOWN')];['<BV64 x0>'];[];['<BV64 x0>'];[];[];1.0;1.8446744073709552e+19;1.8446744073709552e+19;1.0;;;True;1.0;1.8446744073709552e+19;1.8446744073709552e+19;1.0;;;True;ControlType.CONTROLLED;0;<BV64 LOAD_64[<BV64 x0>]_31>;64;[];[];[];[];[];[];[];0;0;0;;;;False;0;0;0;;;;False;ControlType.UNKNOWN;1;[('0x59170', <Bool True>, 'Taken'), ('0x59180', <Bool x1[31:0] >s 0x0>, 'Taken'), ('0x591b4', <Bool True>, 'Taken'), ('0x591d8', <Bool LOAD_64[<BV64 x0>]_31 != 0x0>, 'Taken')];"{'regs': ['<BV64 x0>', '<BV64 x1>'], 'indirect_regs': [""<BV64 x0>: ['0x0']""], 'direct_regs': ['<BV64 x1>'], 'mem': ['<BV64 x0>'], 'const_mem': []}";[('0x59168', <Bool x2 != 0x0>, 'ConditionType.CMOVE'), ('0x5916c', <Bool x3 != 0x0>, 'ConditionType.UNKNOWN'), ('0x5916c', <Bool True>, 'ConditionType.CMOVE'), ('0x5916c', <Bool x2 != 0x0>, 'ConditionType.CMOVE'), ('0x59170', <Bool x0 != 0x0>, 'ConditionType.UNKNOWN'), ('0x59170', <Bool True>, 'ConditionType.CMOVE')];{'regs': ['<BV64 x0>', '<BV64 x2>', '<BV64 x3>'], 'indirect_regs': [], 'direct_regs': ['<BV64 x0>', '<BV64 x2>', '<BV64 x3>'], 'mem': [], 'const_mem': []};{'regs': ['<BV64 x0>', '<BV64 x2>', '<BV64 x3>'], 'indirect_regs': [], 'direct_regs': ['<BV64 x0>', '<BV64 x2>', '<BV64 x3>'], 'mem': ['<BV64 x0>'], 'const_mem': []};{'regs': ['<BV64 x0>', '<BV64 x1>', '<BV64 x2>', '<BV64 x3>'], 'indirect_regs': [], 'direct_regs': ['<BV64 x0>', '<BV64 x1>', '<BV64 x2>', '<BV64 x3>'], 'mem': ['<BV64 x0>'], 'const_mem': []};63.0;0.0;64.0;64.0;[];;;;BaseControlType.CONSTANT_BASE;BaseControlType.CONSTANT_BASE;BaseControlType.CONSTANT_BASE;4;BranchControlType.BRANCH_DEPENDS_ON_SECRET_VALUE;BranchControlType.BRANCH_INDEPENDENT_FROM_SECRET;365020;True;False;True;True;True;False;False;True;True;False;False;False;True;False;True;True;True;False;True;False;[];['has_valid_base'];True;False;True;True;True;False;False;True;True;False;False;False;True;False;True;True;True;False;True;False;[];['has_valid_base']
524a7dbe-44d7-481e-860e-021b50dc926e;pcre2_substring_free_8;0x599c0;0x599dc;0x0;TransmitterType.LOAD;7;0;False;['0x599c0', '0x599d0'];<BV64 0xfffffffffffffff0 + x0>;64;[];[];['<BV64 x0>'];[];['<BV64 x0>'];[];[];0;18446744073709551615;18446744073709551615;1;;;True;0;18446744073709551615;18446744073709551615;1;;;True;ControlType.CONTROLLED;0;<BV64 0xfffffffffffffff0>;64;[];[];[];[];[];[];[];1.8446744073709552e+19;1.8446744073709552e+19;0.0;1.0;;;True;1.8446744073709552e+19;1.8446744073709552e+19;0.0;1.0;;;True;ControlType.NO_CONTROL;0;<BV64 0xfffffffffffffff0>;64;[];[];[];[];[];[];[];18446744073709551600;18446744073709551600;0;1.0;;;True;1.8446744073709552e+19;1.8446744073709552e+19;0.0;1.0;;;True;ControlType.NO_CONTROL;0;<BV64 x0>;64;[];[];['<BV64 x0>'];[];['<BV64 x0>'];[];[];0.0;1.8446744073709552e+19;18446744073709551615;1;;;True;1.0;1.8446744073709552e+19;18446744073709551614;1;;;True;ControlType.CONTROLLED;0;<BV64 x0>;64;[];[];['<BV64 x0>'];[];['<BV64 x0>'];[];[];0.0;1.8446744073709552e+19;1.8446744073709552e+19;1.0;;;True;1.0;1.8446744073709552e+19;1.8446744073709552e+19;1.0;;;True;ControlType.CONTROLLED;0;<BV64 x0>;64;[];[];[];[];[];[];[];0;0;0;;;;False;0;0;0;;;;False;ControlType.UNKNOWN;0;[('0x599cc', <Bool x0 != 0x0>, 'Taken')];{'regs': ['<BV64 x0>'], 'indirect_regs': [], 'direct_regs': ['<BV64 x0>'], 'mem': [], 'const_mem': []};[];{'regs': [], 'indirect_regs': [], 'direct_regs': [], 'mem': [], 'const_mem': []};{'regs': ['<BV64 x0>'], 'indirect_regs': [], 'direct_regs': ['<BV64 x0>'], 'mem': [], 'const_mem': []};{'regs': ['<BV64 x0>', '<BV64 x0>'], 'indirect_regs': [], 'direct_regs': ['<BV64 x0>', '<BV64 x0>'], 'mem': [], 'const_mem': []};63.0;0.0;64.0;64.0;[];;;;BaseControlType.CONSTANT_BASE;BaseControlType.CONSTANT_BASE;BaseControlType.CONSTANT_BASE;1;BranchControlType.BRANCH_INDEPENDENT_FROM_SECRET;BranchControlType.BRANCH_INDEPENDENT_FROM_SECRET;367068;True;False;True;True;True;False;False;True;True;False;False;False;True;False;True;False;True;False;True;False;[];['has_valid_base'];True;False;True;True;True;False;False;True;True;False;False;False;True;False;True;False;True;False;True;False;[];['has_valid_base']
a3d02b63-d35f-4bc6-9d45-d1f25d3b6514;pcre2_substring_free_8;0x599c0;0x599dc;0x0;TransmitterType.LOAD;7;0;False;['0x599c0', '0x599d0'];<BV64 0xfffffffffffffff8 + x0>;64;[];[];['<BV64 x0>'];[];['<BV64 x0>'];[];[];0;18446744073709551615;18446744073709551615;1;;;True;0;18446744073709551615;18446744073709551615;1;;;True;ControlType.CONTROLLED;0;<BV64 0xfffffffffffffff8>;64;[];[];[];[];[];[];[];1.8446744073709552e+19;1.8446744073709552e+19;0.0;1.0;;;True;1.8446744073709552e+19;1.8446744073709552e+19;0.0;1.0;;;True;ControlType.NO_CONTROL;0;<BV64 0xfffffffffffffff8>;64;[];[];[];[];[];[];[];18446744073709551608;18446744073709551608;0;1.0;;;True;1.8446744073709552e+19;1.8446744073709552e+19;0.0;1.0;;;True;ControlType.NO_CONTROL;0;<BV64 x0>;64;[];[];['<BV64 x0>'];[];['<BV64 x0>'];[];[];0.0;1.8446744073709552e+19;18446744073709551615;1;;;True;1.0;1.8446744073709552e+19;18446744073709551614;1;;;True;ControlType.CONTROLLED;0;<BV64 x0>;64;[];[];['<BV64 x0>'];[];['<BV64 x0>'];[];[];0.0;1.8446744073709552e+19;1.8446744073709552e+19;1.0;;;True;1.0;1.8446744073709552e+19;1.8446744073709552e+19;1.0;;;True;ControlType.CONTROLLED;0;<BV64 x0>;64;[];[];[];[];[];[];[];0;0;0;;;;False;0;0;0;;;;False;ControlType.UNKNOWN;0;[('0x599cc', <Bool x0 != 0x0>, 'Taken')];{'regs': ['<BV64 x0>'], 'indirect_regs': [], 'direct_regs': ['<BV64 x0>'], 'mem': [], 'const_mem': []};[];{'regs': [], 'indirect_regs': [], 'direct_regs': [], 'mem': [], 'const_mem': []};{'regs': ['<BV64 x0>'], 'indirect_regs': [], 'direct_regs': ['<BV64 x0>'], 'mem': [], 'const_mem': []};{'regs': ['<BV64 x0>', '<BV64 x0>'], 'indirect_regs': [], 'direct_regs': ['<BV64 x0>', '<BV64 x0>'], 'mem': [], 'const_mem': []};63.0;0.0;64.0;64.0;[];;;;BaseControlType.CONSTANT_BASE;BaseControlType.CONSTANT_BASE;BaseControlType.CONSTANT_BASE;1;BranchControlType.BRANCH_INDEPENDENT_FROM_SECRET;BranchControlType.BRANCH_INDEPENDENT_FROM_SECRET;367068;True;False;True;True;True;False;False;True;True;False;False;False;True;False;True;False;True;False;True;False;[];['has_valid_base'];True;False;True;True;True;False;False;True;True;False;False;False;True;False;True;False;True;False;True;False;[];['has_valid_base']
d6dd9a28-9e1f-43b9-b8e0-251b5568924c;pcre2_substring_free_8;0x599c0;0x599e4;0x599d4;TransmitterType.CODE_LOAD;7;1;False;['0x599c0', '0x599d0'];<BV64 LOAD_64[<BV64 x0 + 0xfffffffffffffff0>]_24>;64;[];[];['<BV64 x0>'];"[""<BV64 x0>: ['0xfffffffffffffff0']""]";[];['<BV64 x0 + 0xfffffffffffffff0>'];[];0;18446744073709551615;18446744073709551615;1;;;True;0;18446744073709551615;18446744073709551615;1;;;True;ControlType.CONTROLLED;1;;0;[];[];[];[];[];[];[];0.0;0.0;0.0;0.0;;;False;0.0;0.0;0.0;0.0;;;False;ControlType.UNKNOWN;0;;0;[];[];[];[];[];[];[];0;0;0;;;;False;0.0;0.0;0.0;0.0;;;False;ControlType.UNKNOWN;0;<BV64 LOAD_64[<BV64 x0 + 0xfffffffffffffff0>]_24>;64;[];[];['<BV64 x0>'];"[""<BV64 x0>: ['0xfffffffffffffff0']""]";[];['<BV64 x0 + 0xfffffffffffffff0>'];[];0.0;1.8446744073709552e+19;18446744073709551615;1;;;True;0.0;1.8446744073709552e+19;18446744073709551615;1;;;True;ControlType.CONTROLLED;1;<BV64 x0 + 0xfffffffffffffff0>;64;[];[];['<BV64 x0>'];[];['<BV64 x0>'];[];[];0.0;1.8446744073709552e+19;1.8446744073709552e+19;1.0;;;True;0.0;1.8446744073709552e+19;1.8446744073709552e+19;1.0;;;True;ControlType.CONTROLLED;0;<BV64 LOAD_64[<BV64 x0 + 0xfffffffffffffff0>]_24>;64;[];[];[];[];[];[];[];0;0;0;;;;False;0;0;0;;;;False;ControlType.UNKNOWN;1;[('0x599cc', <Bool x0 != 0x0>, 'Taken')];{'regs': ['<BV64 x0>'], 'indirect_regs': [], 'direct_regs': ['<BV64 x0>'], 'mem': [], 'const_mem': []};[];{'regs': [], 'indirect_regs': [], 'direct_regs': [], 'mem': [], 'const_mem': []};{'regs': ['<BV64 x0>'], 'indirect_regs': [], 'direct_regs': ['<BV64 x0>'], 'mem': ['<BV64 x0 + 0xfffffffffffffff0>'], 'const_mem': []};{'regs': ['<BV64 x0>', '<BV64 x0>'], 'indirect_regs': [], 'direct_regs': ['<BV64 x0>', '<BV64 x0>'], 'mem': ['<BV64 x0 + 0xfffffffffffffff0>'], 'const_mem': []};63.0;0.0;64.0;64.0;[];;;;BaseControlType.NO_BASE;BaseControlType.NO_BASE;BaseControlType.NO_BASE;1;BranchControlType.BRANCH_INDEPENDENT_FROM_SECRET;BranchControlType.BRANCH_INDEPENDENT_FROM_SECRET;367076;True;False;True;True;True;False;False;True;True;False;False;False;True;False;True;False;True;False;True;False;[];['has_valid_base'];True;False;True;True;True;False;False;True;True;False;False;False;True;False;True;False;True;False;True;False;[];['has_valid_base']
819537b4-b52a-45d6-a170-ac78430edf69;pcre2_code_copy_with_tables_8;0x61f0;0x6204;0x0;TransmitterType.LOAD;6;0;False;['0x61f0', '0x6204'];<BV64 x0>;64;[('0x6200', <Bool x0 != 0x0>, 'Taken')];[];['<BV64 x0>'];[];['<BV64 x0>'];[];[];0;18446744073709551615;18446744073709551615;1;;;True;1;18446744073709551615;18446744073709551614;1;;;True;ControlType.CONTROLLED;0;;0;[];[];[];[];[];[];[];0.0;0.0;0.0;0.0;;;False;0.0;0.0;0.0;0.0;;;False;ControlType.UNKNOWN;0;;0;[];[];[];[];[];[];[];0;0;0;;;;False;0.0;0.0;0.0;0.0;;;False;ControlType.UNKNOWN;0;<BV64 x0>;64;[('0x6200', <Bool x0 != 0x0>, 'Taken')];[];['<BV64 x0>'];[];['<BV64 x0>'];[];[];0.0;1.8446744073709552e+19;18446744073709551615;1;;;True;1.0;1.8446744073709552e+19;18446744073709551614;1;;;True;ControlType.CONTROLLED;0;<BV64 x0>;64;[('0x6200', <Bool x0 != 0x0>, 'Taken')];[];['<BV64 x0>'];[];['<BV64 x0>'];[];[];0.0;1.8446744073709552e+19;1.8446744073709552e+19;1.0;;;True;1.0;1.8446744073709552e+19;1.8446744073709552e+19;1.0;;;True;ControlType.CONTROLLED;0;<BV64 x0>;64;[];[];[];[];[];[];[];0;0;0;;;;False;0;0;0;;;;False;ControlType.UNKNOWN;0;[('0x6200', <Bool x0 != 0x0>, 'Taken')];{'regs': ['<BV64 x0>'], 'indirect_regs': [], 'direct_regs': ['<BV64 x0>'], 'mem': [], 'const_mem': []};[];{'regs': [], 'indirect_regs': [], 'direct_regs': [], 'mem': [], 'const_mem': []};{'regs': ['<BV64 x0>'], 'indirect_regs': [], 'direct_regs': ['<BV64 x0>'], 'mem': [], 'const_mem': []};{'regs': ['<BV64 x0>'], 'indirect_regs': [], 'direct_regs': ['<BV64 x0>'], 'mem': [], 'const_mem': []};63.0;0.0;64.0;64.0;[];;;;BaseControlType.NO_BASE;BaseControlType.NO_BASE;BaseControlType.NO_BASE;1;BranchControlType.BRANCH_DEPENDS_ON_SECRET_VALUE;BranchControlType.BRANCH_INDEPENDENT_FROM_SECRET;25092;True;False;True;True;True;False;False;True;True;False;False;False;True;False;True;True;True;False;True;False;[];['has_valid_base'];True;False;True;True;True;False;False;True;True;False;False;False;True;False;True;True;True;False;True;False;[];['has_valid_base']
7beda3d3-a6c5-42c3-a2c8-9da43f0e7251;pcre2_code_copy_with_tables_8;0x61f0;0x620c;0x0;TransmitterType.LOAD;8;0;False;['0x61f0', '0x6204'];<BV64 0x10 + x0>;64;[];[];['<BV64 x0>'];[];['<BV64 x0>'];[];[];0;18446744073709551615;18446744073709551615;1;;;True;0;18446744073709551615;18446744073709551615;1;;;True;ControlType.CONTROLLED;0;<BV64 0x10>;64;[];[];[];[];[];[];[];16.0;16.0;0.0;1.0;;;True;16.0;16.0;0.0;1.0;;;True;ControlType.NO_CONTROL;0;<BV64 0x10>;64;[];[];[];[];[];[];[];16;16;0;1.0;;;True;16.0;16.0;0.0;1.0;;;True;ControlType.NO_CONTROL;0;<BV64 x0>;64;[];[];['<BV64 x0>'];[];['<BV64 x0>'];[];[];0.0;1.8446744073709552e+19;18446744073709551615;1;;;True;1.0;1.8446744073709552e+19;18446744073709551614;1;;;True;ControlType.CONTROLLED;0;<BV64 x0>;64;[];[];['<BV64 x0>'];[];['<BV64 x0>'];[];[];0.0;1.8446744073709552e+19;1.8446744073709552e+19;1.0;;;True;1.0;1.8446744073709552e+19;1.8446744073709552e+19;1.0;;;True;ControlType.CONTROLLED;0;<BV64 x0>;64;[];[];[];[];[];[];[];0;0;0;;;;False;0;0;0;;;;False;ControlType.UNKNOWN;0;[('0x6200', <Bool x0 != 0x0>, 'Taken')];{'regs': ['<BV64 x0>'], 'indirect_regs': [], 'direct_regs': ['<BV64 x0>'], 'mem': [], 'const_mem': []};[];{'regs': [], 'indirect_regs': [], 'direct_regs': [], 'mem': [], 'const_mem': []};{'regs': ['<BV64 x0>'], 'indirect_regs': [], 'direct_regs': ['<BV64 x0>'], 'mem': [], 'const_mem': []};{'regs': ['<BV64 x0>', '<BV64 x0>'], 'indirect_regs': [], 'direct_regs': ['<BV64 x0>', '<BV64 x0>'], 'mem': [], 'const_mem': []};63.0;0.0;64.0;64.0;[];;;;BaseControlType.CONSTANT_BASE;BaseControlType.CONSTANT_BASE;BaseControlType.CONSTANT_BASE;1;BranchControlType.BRANCH_INDEPENDENT_FROM_SECRET;BranchControlType.BRANCH_INDEPENDENT_FROM_SECRET;25100;True;False;True;True;True;False;False;True;True;False;False;False;True;False;True;False;True;False;True;False;[];['has_valid_base'];True;False;True;True;True;False;False;True;True;False;False;False;True;False;True;False;True;False;True;False;[];['has_valid_base']
07a8f03e-81a6-4c39-89b4-a1f43527d960;pcre2_code_copy_with_tables_8;0x61f0;0x6210;0x0;TransmitterType.LOAD;9;0;False;['0x61f0', '0x6204'];<BV64 0x48 + x0>;64;[];[];['<BV64 x0>'];[];['<BV64 x0>'];[];[];0;18446744073709551615;18446744073709551615;1;;;True;0;18446744073709551615;18446744073709551615;1;;;True;ControlType.CONTROLLED;0;<BV64 0x48>;64;[];[];[];[];[];[];[];72.0;72.0;0.0;1.0;;;True;72.0;72.0;0.0;1.0;;;True;ControlType.NO_CONTROL;0;<BV64 0x48>;64;[];[];[];[];[];[];[];72;72;0;1.0;;;True;72.0;72.0;0.0;1.0;;;True;ControlType.NO_CONTROL;0;<BV64 x0>;64;[];[];['<BV64 x0>'];[];['<BV64 x0>'];[];[];0.0;1.8446744073709552e+19;18446744073709551615;1;;;True;1.0;1.8446744073709552e+19;18446744073709551614;1;;;True;ControlType.CONTROLLED;0;<BV64 x0>;64;[];[];['<BV64 x0>'];[];['<BV64 x0>'];[];[];0.0;1.8446744073709552e+19;1.8446744073709552e+19;1.0;;;True;1.0;1.8446744073709552e+19;1.8446744073709552e+19;1.0;;;True;ControlType.CONTROLLED;0;<BV64 x0>;64;[];[];[];[];[];[];[];0;0;0;;;;False;0;0;0;;;;False;ControlType.UNKNOWN;0;[('0x6200', <Bool x0 != 0x0>, 'Taken')];{'regs': ['<BV64 x0>'], 'indirect_regs': [], 'direct_regs': ['<BV64 x0>'], 'mem': [], 'const_mem': []};[];{'regs': [], 'indirect_regs': [], 'direct_regs': [], 'mem': [], 'const_mem': []};{'regs': ['<BV64 x0>'], 'indirect_regs': [], 'direct_regs': ['<BV64 x0>'], 'mem': [], 'const_mem': []};{'regs': ['<BV64 x0>', '<BV64 x0>'], 'indirect_regs': [], 'direct_regs': ['<BV64 x0>', '<BV64 x0>'], 'mem': [], 'const_mem': []};63.0;0.0;64.0;64.0;[];;;;BaseControlType.CONSTANT_BASE;BaseControlType.CONSTANT_BASE;BaseControlType.CONSTANT_BASE;1;BranchControlType.BRANCH_INDEPENDENT_FROM_SECRET;BranchControlType.BRANCH_INDEPENDENT_FROM_SECRET;25104;True;False;True;True;True;False;False;True;True;False;False;False;True;False;True;False;True;False;True;False;[];['has_valid_base'];True;False;True;True;True;False;False;True;True;False;False;False;True;False;True;False;True;False;True;False;[];['has_valid_base']
be4ae464-dd18-43b3-8ca8-bacadc732dc2;pcre2_code_copy_with_tables_8;0x61f0;0x6214;0x6204;TransmitterType.CODE_LOAD;10;1;False;['0x61f0', '0x6204'];<BV64 LOAD_64[<BV64 x0>]_24>;64;[];[];['<BV64 x0>'];"[""<BV64 x0>: ['0x0']""]";[];['<BV64 x0>'];[];0;18446744073709551615;18446744073709551615;1;;;True;0;18446744073709551615;18446744073709551615;1;;;True;ControlType.CONTROLLED;1;;0;[];[];[];[];[];[];[];0.0;0.0;0.0;0.0;;;False;0.0;0.0;0.0;0.0;;;False;ControlType.UNKNOWN;0;;0;[];[];[];[];[];[];[];0;0;0;;;;False;0.0;0.0;0.0;0.0;;;False;ControlType.UNKNOWN;0;<BV64 LOAD_64[<BV64 x0>]_24>;64;[];[];['<BV64 x0>'];"[""<BV64 x0>: ['0x0']""]";[];['<BV64 x0>'];[];0.0;1.8446744073709552e+19;18446744073709551615;1;;;True;0.0;1.8446744073709552e+19;18446744073709551615;1;;;True;ControlType.CONTROLLED;1;<BV64 x0>;64;[('0x6200', <Bool x0 != 0x0>, 'Taken')];[];['<BV64 x0>'];[];['<BV64 x0>'];[];[];0.0;1.8446744073709552e+19;1.8446744073709552e+19;1.0;;;True;1.0;1.8446744073709552e+19;1.8446744073709552e+19;1.0;;;True;ControlType.CONTROLLED;0;<BV64 LOAD_64[<BV64 x0>]_24>;64;[];[];[];[];[];[];[];0;0;0;;;;False;0;0;0;;;;False;ControlType.UNKNOWN;1;[('0x6200', <Bool x0 != 0x0>, 'Taken')];{'regs': ['<BV64 x0>'], 'indirect_regs': [], 'direct_regs': ['<BV64 x0>'], 'mem': [], 'const_mem': []};[];{'regs': [], 'indirect_regs': [], 'direct_regs': [], 'mem': [], 'const_mem': []};{'regs': ['<BV64 x0>'], 'indirect_regs': [], 'direct_regs': ['<BV64 x0>'], 'mem': ['<BV64 x0>'], 'const_mem': []};{'regs': ['<BV64 x0>'], 'indirect_regs': [], 'direct_regs': ['<BV64 x0>'], 'mem': ['<BV64 x0>'], 'const_mem': []};63.0;0.0;64.0;64.0;[];;;;BaseControlType.NO_BASE;BaseControlType.NO_BASE;BaseControlType.NO_BASE;1;BranchControlType.BRANCH_DEPENDS_ON_SECRET_ADDRESS;BranchControlType.BRANCH_INDEPENDENT_FROM_SECRET;25108;True;False;True;True;True;False;False;True;True;False;False;False;True;False;True;True;True;False;True;False;[];['has_valid_base'];True;False;True;True;True;False;False;True;True;False;False;False;True;False;True;True;True;False;True;False;[];['has_valid_base']
8bb25a1a-0ef9-4cbf-9463-2eccb2220676;pcre2_match_data_create_from_pattern_8;0x47380;0x47394;0x0;TransmitterType.LOAD;6;0;False;['0x47380'];<BV64 0x80 + x0>;64;[];[];['<BV64 x0>'];[];['<BV64 x0>'];[];[];0;18446744073709551615;18446744073709551615;1;;;True;0;18446744073709551615;18446744073709551615;1;;;True;ControlType.CONTROLLED;0;<BV64 0x80>;64;[];[];[];[];[];[];[];128.0;128.0;0.0;1.0;;;True;128.0;128.0;0.0;1.0;;;True;ControlType.NO_CONTROL;0;<BV64 0x80>;64;[];[];[];[];[];[];[];128;128;0;1.0;;;True;128.0;128.0;0.0;1.0;;;True;ControlType.NO_CONTROL;0;<BV64 x0>;64;[];[];['<BV64 x0>'];[];['<BV64 x0>'];[];[];0.0;1.8446744073709552e+19;18446744073709551615;1;;;True;0.0;1.8446744073709552e+19;18446744073709551615;1;;;True;ControlType.CONTROLLED;0;<BV64 x0>;64;[];[];['<BV64 x0>'];[];['<BV64 x0>'];[];[];0.0;1.8446744073709552e+19;1.8446744073709552e+19;1.0;;;True;0.0;1.8446744073709552e+19;1.8446744073709552e+19;1.0;;;True;ControlType.CONTROLLED;0;<BV64 x0>;64;[];[];[];[];[];[];[];0;0;0;;;;False;0;0;0;;;;False;ControlType.UNKNOWN;0;[];{'regs': [], 'indirect_regs': [], 'direct_regs': [], 'mem': [], 'const_mem': []};[];{'regs': [], 'indirect_regs': [], 'direct_regs': [], 'mem': [], 'const_mem': []};{'regs': ['<BV64 x0>'], 'indirect_regs': [], 'direct_regs': ['<BV64 x0>'], 'mem': [], 'const_mem': []};{'regs': ['<BV64 x0>'], 'indirect_regs': [], 'direct_regs': ['<BV64 x0>'], 'mem': [], 'const_mem': []};63.0;0.0;64.0;64.0;[];;;;BaseControlType.CONSTANT_BASE;BaseControlType.CONSTANT_BASE;BaseControlType.CONSTANT_BASE;0;BranchControlType.BRANCH_INDEPENDENT_FROM_SECRET;BranchControlType.BRANCH_INDEPENDENT_FROM_SECRET;291732;True;False;True;True;True;False;False;True;True;False;False;False;True;False;True;False;True;False;True;False;[];['has_valid_base'];True;False;True;True;True;False;False;True;True;False;False;False;True;False;True;False;True;False;True;False;[];['has_valid_base']
d2c0d441-0213-4bf3-8ae1-bfc89ab2740d;pcre2_match_data_create_from_pattern_8;0x47380;0x1034c;0x1033c;TransmitterType.CODE_LOAD;33;1;False;['0x47380', '0x47320', '0x1032c', '0x1033c'];<BV64 LOAD_64[<BV64 x1>]_30>;64;[];[];['<BV64 x1>'];"[""<BV64 x1>: ['0x0']""]";[];['<BV64 x1>'];[];0;18446744073709551615;18446744073709551615;1;;;True;0;18446744073709551615;18446744073709551615;1;;;True;ControlType.CONTROLLED;1;;0;[];[];[];[];[];[];[];0.0;0.0;0.0;0.0;;;False;0.0;0.0;0.0;0.0;;;False;ControlType.UNKNOWN;0;;0;[];[];[];[];[];[];[];0;0;0;;;;False;0.0;0.0;0.0;0.0;;;False;ControlType.UNKNOWN;0;<BV64 LOAD_64[<BV64 x1>]_30>;64;[];[];['<BV64 x1>'];"[""<BV64 x1>: ['0x0']""]";[];['<BV64 x1>'];[];0.0;1.8446744073709552e+19;18446744073709551615;1;;;True;0.0;1.8446744073709552e+19;18446744073709551615;1;;;True;ControlType.CONTROLLED;1;<BV64 x1>;64;[('0x10338', <Bool x1 != 0x0>, 'Taken')];[('0x4738c', <Bool x1 != 0x0>, 'ConditionType.CMOVE'), ('0x4738c', <Bool x1 != 0x0>, 'ConditionType.CMOVE'), ('0x4738c', <Bool x1 != 0x0>, 'ConditionType.CMOVE')];['<BV64 x1>'];[];['<BV64 x1>'];[];[];1.0;1.8446744073709552e+19;1.8446744073709552e+19;1.0;;;True;1.0;1.8446744073709552e+19;1.8446744073709552e+19;1.0;;;True;ControlType.CONTROLLED;0;<BV64 LOAD_64[<BV64 x1>]_30>;64;[];[];[];[];[];[];[];0;0;0;;;;False;0;0;0;;;;False;ControlType.UNKNOWN;1;[('0x10338', <Bool x1 != 0x0>, 'Taken'), ('0x47350', <Bool True>, 'Taken'), ('0x473a4', <Bool True>, 'Taken')];{'regs': ['<BV64 x1>'], 'indirect_regs': [], 'direct_regs': ['<BV64 x1>'], 'mem': [], 'const_mem': []};[('0x4738c', <Bool x1 != 0x0>, 'ConditionType.CMOVE'), ('0x4738c', <Bool x1 != 0x0>, 'ConditionType.CMOVE'), ('0x4738c', <Bool x1 != 0x0>, 'ConditionType.CMOVE')];{'regs': ['<BV64 x1>'], 'indirect_regs': [], 'direct_regs': ['<BV64 x1>'], 'mem': [], 'const_mem': []};{'regs': ['<BV64 x1>'], 'indirect_regs': [], 'direct_regs': ['<BV64 x1>'], 'mem': ['<BV64 x1>'], 'const_mem': []};{'regs': ['<BV64 x1>'], 'indirect_regs': [], 'direct_regs': ['<BV64 x1>'], 'mem': ['<BV64 x1>'], 'const_mem': []};63.0;0.0;64.0;64.0;[];;;;BaseControlType.NO_BASE;BaseControlType.NO_BASE;BaseControlType.NO_BASE;3;BranchControlType.BRANCH_DEPENDS_ON_SECRET_ADDRESS;BranchControlType.BRANCH_DEPENDS_ON_SECRET_ADDRESS;66380;True;False;True;False;True;False;False;True;True;False;False;False;True;False;True;True;True;False;True;False;[];['has_valid_base', 'is_cmove_independent_from_secret'];True;False;True;False;True;False;False;True;True;False;False;False;True;False;True;True;True;False;True;False;[];['has_valid_base', 'is_cmove_independent_from_secret']
3665c16f-ae49-4b8b-89f7-51999a21a7a2;pcre2_match_data_create_from_pattern_8;0x47380;0x1033c;0x0;TransmitterType.LOAD;29;0;False;['0x47380', '0x47320', '0x1032c', '0x1033c'];<BV64 x0>;64;[('0x10338', <Bool x0 != 0x0>, 'Taken')];[];['<BV64 x0>'];[];['<BV64 x0>'];[];[];0;18446744073709551615;18446744073709551615;1;;;True;1;18446744073709551615;18446744073709551614;1;;;True;ControlType.CONTROLLED;0;;0;[];[];[];[];[];[];[];0.0;0.0;0.0;0.0;;;False;0.0;0.0;0.0;0.0;;;False;ControlType.UNKNOWN;0;;0;[];[];[];[];[];[];[];0;0;0;;;;False;0.0;0.0;0.0;0.0;;;False;ControlType.UNKNOWN;0;<BV64 x0>;64;[('0x10338', <Bool x0 != 0x0>, 'Taken')];[];['<BV64 x0>'];[];['<BV64 x0>'];[];[];0.0;1.8446744073709552e+19;18446744073709551615;1;;;True;1.0;1.8446744073709552e+19;18446744073709551614;1;;;True;ControlType.CONTROLLED;0;<BV64 x0>;64;[('0x10338', <Bool x0 != 0x0>, 'Taken')];[];['<BV64 x0>'];[];['<BV64 x0>'];[];[];0.0;1.8446744073709552e+19;1.8446744073709552e+19;1.0;;;True;1.0;1.8446744073709552e+19;1.8446744073709552e+19;1.0;;;True;ControlType.CONTROLLED;0;<BV64 x0>;64;[];[];[];[];[];[];[];0;0;0;;;;False;0;0;0;;;;False;ControlType.UNKNOWN;0;[('0x10338', <Bool x0 != 0x0>, 'Taken'), ('0x47350', <Bool True>, 'Taken'), ('0x473a4', <Bool True>, 'Taken')];{'regs': ['<BV64 x0>'], 'indirect_regs': [], 'direct_regs': ['<BV64 x0>'], 'mem': [], 'const_mem': []};[('0x4738c', <Bool x1 == 0x0>, 'ConditionType.CMOVE'), ('0x4738c', <Bool x1 == 0x0>, 'ConditionType.CMOVE')];{'regs': ['<BV64 x1>'], 'indirect_regs': [], 'direct_regs': ['<BV64 x1>'], 'mem': [], 'const_mem': []};{'regs': ['<BV64 x0>', '<BV64 x1>'], 'indirect_regs': [], 'direct_regs': ['<BV64 x0>', '<BV64 x1>'], 'mem': [], 'const_mem': []};{'regs': ['<BV64 x0>', '<BV64 x1>'], 'indirect_regs': [], 'direct_regs': ['<BV64 x0>', '<BV64 x1>'], 'mem': [], 'const_mem': []};63.0;0.0;64.0;64.0;[];;;;BaseControlType.NO_BASE;BaseControlType.NO_BASE;BaseControlType.NO_BASE;3;BranchControlType.BRANCH_DEPENDS_ON_SECRET_VALUE;BranchControlType.BRANCH_INDEPENDENT_FROM_SECRET;66364;True;False;True;True;True;False;False;True;True;False;False;False;True;False;True;True;True;False;True;False;[];['has_valid_base'];True;False;True;True;True;False;False;True;True;False;False;False;True;False;True;True;True;False;True;False;[];['has_valid_base']
cb7d5ec9-2787-4ee0-b62a-f7e6089f5163;pcre2_match_data_create_from_pattern_8;0x47380;0x10348;0x0;TransmitterType.LOAD;32;0;False;['0x47380', '0x47320', '0x1032c', '0x1033c'];<BV64 0x10 + x0>;64;[('0x10338', <Bool x0 != 0x0>, 'Taken')];[];['<BV64 x0>'];[];['<BV64 x0>'];[];[];0;18446744073709551615;18446744073709551615;1;;;True;17;15;18446744073709551614;1;;;True;ControlType.CONTROLLED;0;<BV64 0x10>;64;[];[];[];[];[];[];[];16.0;16.0;0.0;1.0;;;True;16.0;16.0;0.0;1.0;;;True;ControlType.NO_CONTROL;0;<BV64 0x10>;64;[];[];[];[];[];[];[];16;16;0;1.0;;;True;16.0;16.0;0.0;1.0;;;True;ControlType.NO_CONTROL;0;<BV64 x0>;64;[('0x10338', <Bool x0 != 0x0>, 'Taken')];[];['<BV64 x0>'];[];['<BV64 x0>'];[];[];0.0;1.8446744073709552e+19;18446744073709551615;1;;;True;1.0;1.8446744073709552e+19;18446744073709551614;1;;;True;ControlType.CONTROLLED;0;<BV64 x0>;64;[('0x10338', <Bool x0 != 0x0>, 'Taken')];[];['<BV64 x0>'];[];['<BV64 x0>'];[];[];0.0;1.8446744073709552e+19;1.8446744073709552e+19;1.0;;;True;1.0;1.8446744073709552e+19;1.8446744073709552e+19;1.0;;;True;ControlType.CONTROLLED;0;<BV64 x0>;64;[];[];[];[];[];[];[];0;0;0;;;;False;0;0;0;;;;False;ControlType.UNKNOWN;0;[('0x10338', <Bool x0 != 0x0>, 'Taken'), ('0x47350', <Bool True>, 'Taken'), ('0x473a4', <Bool True>, 'Taken')];{'regs': ['<BV64 x0>'], 'indirect_regs': [], 'direct_regs': ['<BV64 x0>'], 'mem': [], 'const_mem': []};[('0x4738c', <Bool x1 == 0x0>, 'ConditionType.CMOVE'), ('0x4738c', <Bool x1 == 0x0>, 'ConditionType.CMOVE'), ('0x4738c', <Bool x1 == 0x0>, 'ConditionType.CMOVE')];{'regs': ['<BV64 x1>'], 'indirect_regs': [], 'direct_regs': ['<BV64 x1>'], 'mem': [], 'const_mem': []};{'regs': ['<BV64 x0>', '<BV64 x1>'], 'indirect_regs': [], 'direct_regs': ['<BV64 x0>', '<BV64 x1>'], 'mem': [], 'const_mem': []};{'regs': ['<BV64 x0>', '<BV64 x1>'], 'indirect_regs': [], 'direct_regs': ['<BV64 x0>', '<BV64 x1>'], 'mem': [], 'const_mem': []};63.0;0.0;64.0;64.0;[];;;;BaseControlType.CONSTANT_BASE;BaseControlType.CONSTANT_BASE;BaseControlType.CONSTANT_BASE;3;BranchControlType.BRANCH_DEPENDS_ON_SECRET_VALUE;BranchControlType.BRANCH_INDEPENDENT_FROM_SECRET;66376;True;False;True;True;True;False;False;True;True;False;False;False;True;False;True;True;True;False;True;False;[];['has_valid_base'];True;False;True;True;True;False;False;True;True;False;False;False;True;False;True;True;True;False;True;False;[];['has_valid_base']
a24abc0b-4aae-41ba-888f-f653b0b207c5;pcre2_match_data_create_from_pattern_8;0x47380;0x1034c;0x1033c;TransmitterType.CODE_LOAD;33;1;False;['0x47380', '0x47320', '0x1032c', '0x1033c'];<BV64 LOAD_64[<BV64 x0>]_34>;64;[];[];['<BV64 x0>'];"[""<BV64 x0>: ['0x0']""]";[];['<BV64 x0>'];[];0;18446744073709551615;18446744073709551615;1;;;True;0;18446744073709551615;18446744073709551615;1;;;True;ControlType.CONTROLLED;1;;0;[];[];[];[];[];[];[];0.0;0.0;0.0;0.0;;;False;0.0;0.0;0.0;0.0;;;False;ControlType.UNKNOWN;0;;0;[];[];[];[];[];[];[];0;0;0;;;;False;0.0;0.0;0.0;0.0;;;False;ControlType.UNKNOWN;0;<BV64 LOAD_64[<BV64 x0>]_34>;64;[];[];['<BV64 x0>'];"[""<BV64 x0>: ['0x0']""]";[];['<BV64 x0>'];[];0.0;1.8446744073709552e+19;18446744073709551615;1;;;True;0.0;1.8446744073709552e+19;18446744073709551615;1;;;True;ControlType.CONTROLLED;1;<BV64 x0>;64;[('0x10338', <Bool x0 != 0x0>, 'Taken')];[];['<BV64 x0>'];[];['<BV64 x0>'];[];[];0.0;1.8446744073709552e+19;1.8446744073709552e+19;1.0;;;True;1.0;1.8446744073709552e+19;1.8446744073709552e+19;1.0;;;True;ControlType.CONTROLLED;0;<BV64 LOAD_64[<BV64 x0>]_34>;64;[];[];[];[];[];[];[];0;0;0;;;;False;0;0;0;;;;False;ControlType.UNKNOWN;1;[('0x10338', <Bool x0 != 0x0>, 'Taken'), ('0x47350', <Bool True>, 'Taken'), ('0x473a4', <Bool True>, 'Taken')];{'regs': ['<BV64 x0>'], 'indirect_regs': [], 'direct_regs': ['<BV64 x0>'], 'mem': [], 'const_mem': []};[('0x4738c', <Bool x1 == 0x0>, 'ConditionType.CMOVE'), ('0x4738c', <Bool x1 == 0x0>, 'ConditionType.CMOVE'), ('0x4738c', <Bool x1 == 0x0>, 'ConditionType.CMOVE')];{'regs': ['<BV64 x1>'], 'indirect_regs': [], 'direct_regs': ['<BV64 x1>'], 'mem': [], 'const_mem': []};{'regs': ['<BV64 x0>', '<BV64 x1>'], 'indirect_regs': [], 'direct_regs': ['<BV64 x0>', '<BV64 x1>'], 'mem': ['<BV64 x0>'], 'const_mem': []};{'regs': ['<BV64 x0>', '<BV64 x1>'], 'indirect_regs': [], 'direct_regs': ['<BV64 x0>', '<BV64 x1>'], 'mem': ['<BV64 x0>'], 'const_mem': []};63.0;0.0;64.0;64.0;[];;;;BaseControlType.NO_BASE;BaseControlType.NO_BASE;BaseControlType.NO_BASE;3;BranchControlType.BRANCH_DEPENDS_ON_SECRET_ADDRESS;BranchControlType.BRANCH_INDEPENDENT_FROM_SECRET;66380;True;False;True;True;True;False;False;True;True;False;False;False;True;False;True;True;True;False;True;False;[];['has_valid_base'];True;False;True;True;True;False;False;True;True;False;False;False;True;False;True;True;True;False;True;False;[];['has_valid_base']
0c8b0d89-6c30-4061-89c0-601bcdcec6c6;pcre2_match_context_copy_8;0x105e0;0x105f8;0x0;TransmitterType.LOAD;7;0;False;['0x105e0'];<BV64 x0>;64;[];[];['<BV64 x0>'];[];['<BV64 x0>'];[];[];0;18446744073709551615;18446744073709551615;1;;;True;0;18446744073709551615;18446744073709551615;1;;;True;ControlType.CONTROLLED;0;;0;[];[];[];[];[];[];[];0.0;0.0;0.0;0.0;;;False;0.0;0.0;0.0;0.0;;;False;ControlType.UNKNOWN;0;;0;[];[];[];[];[];[];[];0;0;0;;;;False;0.0;0.0;0.0;0.0;;;False;ControlType.UNKNOWN;0;<BV64 x0>;64;[];[];['<BV64 x0>'];[];['<BV64 x0>'];[];[];0.0;1.8446744073709552e+19;18446744073709551615;1;;;True;0.0;1.8446744073709552e+19;18446744073709551615;1;;;True;ControlType.CONTROLLED;0;<BV64 x0>;64;[];[];['<BV64 x0>'];[];['<BV64 x0>'];[];[];0.0;1.8446744073709552e+19;1.8446744073709552e+19;1.0;;;True;0.0;1.8446744073709552e+19;1.8446744073709552e+19;1.0;;;True;ControlType.CONTROLLED;0;<BV64 x0>;64;[];[];[];[];[];[];[];0;0;0;;;;False;0;0;0;;;;False;ControlType.UNKNOWN;0;[];{'regs': [], 'indirect_regs': [], 'direct_regs': [], 'mem': [], 'const_mem': []};[];{'regs': [], 'indirect_regs': [], 'direct_regs': [], 'mem': [], 'const_mem': []};{'regs': ['<BV64 x0>'], 'indirect_regs': [], 'direct_regs': ['<BV64 x0>'], 'mem': [], 'const_mem': []};{'regs': ['<BV64 x0>'], 'indirect_regs': [], 'direct_regs': ['<BV64 x0>'], 'mem': [], 'const_mem': []};63.0;0.0;64.0;64.0;[];;;;BaseControlType.NO_BASE;BaseControlType.NO_BASE;BaseControlType.NO_BASE;0;BranchControlType.BRANCH_INDEPENDENT_FROM_SECRET;BranchControlType.BRANCH_INDEPENDENT_FROM_SECRET;67064;True;False;True;True;True;False;False;True;True;False;False;False;True;False;True;False;True;False;True;False;[];['has_valid_base'];True;False;True;True;True;False;False;True;True;False;False;False;True;False;True;False;True;False;True;False;[];['has_valid_base']
8106b719-5773-4fde-a0fe-6e796eb14a4d;pcre2_match_context_copy_8;0x105e0;0x105fc;0x0;TransmitterType.LOAD;8;0;False;['0x105e0'];<BV64 0x10 + x0>;64;[];[];['<BV64 x0>'];[];['<BV64 x0>'];[];[];0;18446744073709551615;18446744073709551615;1;;;True;0;18446744073709551615;18446744073709551615;1;;;True;ControlType.CONTROLLED;0;<BV64 0x10>;64;[];[];[];[];[];[];[];16.0;16.0;0.0;1.0;;;True;16.0;16.0;0.0;1.0;;;True;ControlType.NO_CONTROL;0;<BV64 0x10>;64;[];[];[];[];[];[];[];16;16;0;1.0;;;True;16.0;16.0;0.0;1.0;;;True;ControlType.NO_CONTROL;0;<BV64 x0>;64;[];[];['<BV64 x0>'];[];['<BV64 x0>'];[];[];0.0;1.8446744073709552e+19;18446744073709551615;1;;;True;0.0;1.8446744073709552e+19;18446744073709551615;1;;;True;ControlType.CONTROLLED;0;<BV64 x0>;64;[];[];['<BV64 x0>'];[];['<BV64 x0>'];[];[];0.0;1.8446744073709552e+19;1.8446744073709552e+19;1.0;;;True;0.0;1.8446744073709552e+19;1.8446744073709552e+19;1.0;;;True;ControlType.CONTROLLED;0;<BV64 x0>;64;[];[];[];[];[];[];[];0;0;0;;;;False;0;0;0;;;;False;ControlType.UNKNOWN;0;[];{'regs': [], 'indirect_regs': [], 'direct_regs': [], 'mem': [], 'const_mem': []};[];{'regs': [], 'indirect_regs': [], 'direct_regs': [], 'mem': [], 'const_mem': []};{'regs': ['<BV64 x0>'], 'indirect_regs': [], 'direct_regs': ['<BV64 x0>'], 'mem': [], 'const_mem': []};{'regs': ['<BV64 x0>'], 'indirect_regs': [], 'direct_regs': ['<BV64 x0>'], 'mem': [], 'const_mem': []};63.0;0.0;64.0;64.0;[];;;;BaseControlType.CONSTANT_BASE;BaseControlType.CONSTANT_BASE;BaseControlType.CONSTANT_BASE;0;BranchControlType.BRANCH_INDEPENDENT_FROM_SECRET;BranchControlType.BRANCH_INDEPENDENT_FROM_SECRET;67068;True;False;True;True;True;False;False;True;True;False;False;False;True;False;True;False;True;False;True;False;[];['has_valid_base'];True;False;True;True;True;False;False;True;True;False;False;False;True;False;True;False;True;False;True;False;[];['has_valid_base']
c67e3a11-7fd8-4d2b-8feb-35faac482005;pcre2_match_context_copy_8;0x105e0;0x10600;0x105f8;TransmitterType.CODE_LOAD;9;1;False;['0x105e0'];<BV64 LOAD_64[<BV64 x0>]_23>;64;[];[];['<BV64 x0>'];"[""<BV64 x0>: ['0x0']""]";[];['<BV64 x0>'];[];0;18446744073709551615;18446744073709551615;1;;;True;0;18446744073709551615;18446744073709551615;1;;;True;ControlType.CONTROLLED;1;;0;[];[];[];[];[];[];[];0.0;0.0;0.0;0.0;;;False;0.0;0.0;0.0;0.0;;;False;ControlType.UNKNOWN;0;;0;[];[];[];[];[];[];[];0;0;0;;;;False;0.0;0.0;0.0;0.0;;;False;ControlType.UNKNOWN;0;<BV64 LOAD_64[<BV64 x0>]_23>;64;[];[];['<BV64 x0>'];"[""<BV64 x0>: ['0x0']""]";[];['<BV64 x0>'];[];0.0;1.8446744073709552e+19;18446744073709551615;1;;;True;0.0;1.8446744073709552e+19;18446744073709551615;1;;;True;ControlType.CONTROLLED;1;<BV64 x0>;64;[];[];['<BV64 x0>'];[];['<BV64 x0>'];[];[];0.0;1.8446744073709552e+19;1.8446744073709552e+19;1.0;;;True;0.0;1.8446744073709552e+19;1.8446744073709552e+19;1.0;;;True;ControlType.CONTROLLED;0;<BV64 LOAD_64[<BV64 x0>]_23>;64;[];[];[];[];[];[];[];0;0;0;;;;False;0;0;0;;;;False;ControlType.UNKNOWN;1;[];{'regs': [], 'indirect_regs': [], 'direct_regs': [], 'mem': [], 'const_mem': []};[];{'regs': [], 'indirect_regs': [], 'direct_regs': [], 'mem': [], 'const_mem': []};{'regs': ['<BV64 x0>'], 'indirect_regs': [], 'direct_regs': ['<BV64 x0>'], 'mem': ['<BV64 x0>'], 'const_mem': []};{'regs': ['<BV64 x0>'], 'indirect_regs': [], 'direct_regs': ['<BV64 x0>'], 'mem': ['<BV64 x0>'], 'const_mem': []};63.0;0.0;64.0;64.0;[];;;;BaseControlType.NO_BASE;BaseControlType.NO_BASE;BaseControlType.NO_BASE;0;BranchControlType.BRANCH_INDEPENDENT_FROM_SECRET;BranchControlType.BRANCH_INDEPENDENT_FROM_SECRET;67072;True;False;True;True;True;False;False;True;True;False;False;False;True;False;True;False;True;False;True;False;[];['has_valid_base'];True;False;True;True;True;False;False;True;True;False;False;False;True;False;True;False;True;False;True;False;[];['has_valid_base']
48fd1639-259a-43df-9512-a714bff53bd3;pcre2_match_context_create_8;0x10480;0x1033c;0x0;TransmitterType.LOAD;13;0;False;['0x10480', '0x1032c', '0x1033c'];<BV64 x0>;64;[('0x10338', <Bool x0 != 0x0>, 'Taken')];[];['<BV64 x0>'];[];['<BV64 x0>'];[];[];0;18446744073709551615;18446744073709551615;1;;;True;1;18446744073709551615;18446744073709551614;1;;;True;ControlType.CONTROLLED;0;;0;[];[];[];[];[];[];[];0.0;0.0;0.0;0.0;;;False;0.0;0.0;0.0;0.0;;;False;ControlType.UNKNOWN;0;;0;[];[];[];[];[];[];[];0;0;0;;;;False;0.0;0.0;0.0;0.0;;;False;ControlType.UNKNOWN;0;<BV64 x0>;64;[('0x10338', <Bool x0 != 0x0>, 'Taken')];[];['<BV64 x0>'];[];['<BV64 x0>'];[];[];0.0;1.8446744073709552e+19;18446744073709551615;1;;;True;1.0;1.8446744073709552e+19;18446744073709551614;1;;;True;ControlType.CONTROLLED;0;<BV64 x0>;64;[('0x10338', <Bool x0 != 0x0>, 'Taken')];[];['<BV64 x0>'];[];['<BV64 x0>'];[];[];0.0;1.8446744073709552e+19;1.8446744073709552e+19;1.0;;;True;1.0;1.8446744073709552e+19;1.8446744073709552e+19;1.0;;;True;ControlType.CONTROLLED;0;<BV64 x0>;64;[];[];[];[];[];[];[];0;0;0;;;;False;0;0;0;;;;False;ControlType.UNKNOWN;0;[('0x10338', <Bool x0 != 0x0>, 'Taken'), ('0x1049c', <Bool True>, 'Taken')];{'regs': ['<BV64 x0>'], 'indirect_regs': [], 'direct_regs': ['<BV64 x0>'], 'mem': [], 'const_mem': []};[];{'regs': [], 'indirect_regs': [], 'direct_regs': [], 'mem': [], 'const_mem': []};{'regs': ['<BV64 x0>'], 'indirect_regs': [], 'direct_regs': ['<BV64 x0>'], 'mem': [], 'const_mem': []};{'regs': ['<BV64 x0>'], 'indirect_regs': [], 'direct_regs': ['<BV64 x0>'], 'mem': [], 'const_mem': []};63.0;0.0;64.0;64.0;[];;;;BaseControlType.NO_BASE;BaseControlType.NO_BASE;BaseControlType.NO_BASE;2;BranchControlType.BRANCH_DEPENDS_ON_SECRET_VALUE;BranchControlType.BRANCH_INDEPENDENT_FROM_SECRET;66364;True;False;True;True;True;False;False;True;True;False;False;False;True;False;True;True;True;False;True;False;[];['has_valid_base'];True;False;True;True;True;False;False;True;True;False;False;False;True;False;True;True;True;False;True;False;[];['has_valid_base']
ff3293d3-1895-4948-8ae8-d2353e9bc911;pcre2_match_context_create_8;0x10480;0x10348;0x0;TransmitterType.LOAD;16;0;False;['0x10480', '0x1032c', '0x1033c'];<BV64 0x10 + x0>;64;[];[];['<BV64 x0>'];[];['<BV64 x0>'];[];[];0;18446744073709551615;18446744073709551615;1;;;True;0;18446744073709551615;18446744073709551615;1;;;True;ControlType.CONTROLLED;0;<BV64 0x10>;64;[];[];[];[];[];[];[];16.0;16.0;0.0;1.0;;;True;16.0;16.0;0.0;1.0;;;True;ControlType.NO_CONTROL;0;<BV64 0x10>;64;[];[];[];[];[];[];[];16;16;0;1.0;;;True;16.0;16.0;0.0;1.0;;;True;ControlType.NO_CONTROL;0;<BV64 x0>;64;[];[];['<BV64 x0>'];[];['<BV64 x0>'];[];[];0.0;1.8446744073709552e+19;18446744073709551615;1;;;True;1.0;1.8446744073709552e+19;18446744073709551614;1;;;True;ControlType.CONTROLLED;0;<BV64 x0>;64;[];[];['<BV64 x0>'];[];['<BV64 x0>'];[];[];0.0;1.8446744073709552e+19;1.8446744073709552e+19;1.0;;;True;1.0;1.8446744073709552e+19;1.8446744073709552e+19;1.0;;;True;ControlType.CONTROLLED;0;<BV64 x0>;64;[];[];[];[];[];[];[];0;0;0;;;;False;0;0;0;;;;False;ControlType.UNKNOWN;0;[('0x10338', <Bool x0 != 0x0>, 'Taken'), ('0x1049c', <Bool True>, 'Taken')];{'regs': ['<BV64 x0>'], 'indirect_regs': [], 'direct_regs': ['<BV64 x0>'], 'mem': [], 'const_mem': []};[];{'regs': [], 'indirect_regs': [], 'direct_regs': [], 'mem': [], 'const_mem': []};{'regs': ['<BV64 x0>'], 'indirect_regs': [], 'direct_regs': ['<BV64 x0>'], 'mem': [], 'const_mem': []};{'regs': ['<BV64 x0>', '<BV64 x0>'], 'indirect_regs': [], 'direct_regs': ['<BV64 x0>', '<BV64 x0>'], 'mem': [], 'const_mem': []};63.0;0.0;64.0;64.0;[];;;;BaseControlType.CONSTANT_BASE;BaseControlType.CONSTANT_BASE;BaseControlType.CONSTANT_BASE;2;BranchControlType.BRANCH_INDEPENDENT_FROM_SECRET;BranchControlType.BRANCH_INDEPENDENT_FROM_SECRET;66376;True;False;True;True;True;False;False;True;True;False;False;False;True;False;True;False;True;False;True;False;[];['has_valid_base'];True;False;True;True;True;False;False;True;True;False;False;False;True;False;True;False;True;False;True;False;[];['has_valid_base']
04371e71-9756-4363-87d6-ea38f7f0d9d0;pcre2_match_context_create_8;0x10480;0x1034c;0x1033c;TransmitterType.CODE_LOAD;17;1;False;['0x10480', '0x1032c', '0x1033c'];<BV64 LOAD_64[<BV64 x0>]_25>;64;[];[];['<BV64 x0>'];"[""<BV64 x0>: ['0x0']""]";[];['<BV64 x0>'];[];0;18446744073709551615;18446744073709551615;1;;;True;0;18446744073709551615;18446744073709551615;1;;;True;ControlType.CONTROLLED;1;;0;[];[];[];[];[];[];[];0.0;0.0;0.0;0.0;;;False;0.0;0.0;0.0;0.0;;;False;ControlType.UNKNOWN;0;;0;[];[];[];[];[];[];[];0;0;0;;;;False;0.0;0.0;0.0;0.0;;;False;ControlType.UNKNOWN;0;<BV64 LOAD_64[<BV64 x0>]_25>;64;[];[];['<BV64 x0>'];"[""<BV64 x0>: ['0x0']""]";[];['<BV64 x0>'];[];0.0;1.8446744073709552e+19;18446744073709551615;1;;;True;0.0;1.8446744073709552e+19;18446744073709551615;1;;;True;ControlType.CONTROLLED;1;<BV64 x0>;64;[('0x10338', <Bool x0 != 0x0>, 'Taken')];[];['<BV64 x0>'];[];['<BV64 x0>'];[];[];0.0;1.8446744073709552e+19;1.8446744073709552e+19;1.0;;;True;1.0;1.8446744073709552e+19;1.8446744073709552e+19;1.0;;;True;ControlType.CONTROLLED;0;<BV64 LOAD_64[<BV64 x0>]_25>;64;[];[];[];[];[];[];[];0;0;0;;;;False;0;0;0;;;;False;ControlType.UNKNOWN;1;[('0x10338', <Bool x0 != 0x0>, 'Taken'), ('0x1049c', <Bool True>, 'Taken')];{'regs': ['<BV64 x0>'], 'indirect_regs': [], 'direct_regs': ['<BV64 x0>'], 'mem': [], 'const_mem': []};[];{'regs': [], 'indirect_regs': [], 'direct_regs': [], 'mem': [], 'const_mem': []};{'regs': ['<BV64 x0>'], 'indirect_regs': [], 'direct_regs': ['<BV64 x0>'], 'mem': ['<BV64 x0>'], 'const_mem': []};{'regs': ['<BV64 x0>'], 'indirect_regs': [], 'direct_regs': ['<BV64 x0>'], 'mem': ['<BV64 x0>'], 'const_mem': []};63.0;0.0;64.0;64.0;[];;;;BaseControlType.NO_BASE;BaseControlType.NO_BASE;BaseControlType.NO_BASE;2;BranchControlType.BRANCH_DEPENDS_ON_SECRET_ADDRESS;BranchControlType.BRANCH_INDEPENDENT_FROM_SECRET;66380;True;False;True;True;True;False;False;True;True;False;False;False;True;False;True;True;True;False;True;False;[];['has_valid_base'];True;False;True;True;True;False;False;True;True;False;False;False;True;False;True;True;True;False;True;False;[];['has_valid_base']
701873f5-f0a1-4ec3-a349-400fda4f5853;pcre2_substring_length_byname_8;0x5a244;0x5a268;0x0;TransmitterType.LOAD;10;0;False;['0x5a244'];<BV64 0x58 + x0>;64;[];[];['<BV64 x0>'];[];['<BV64 x0>'];[];[];0;18446744073709551615;18446744073709551615;1;;;True;0;18446744073709551615;18446744073709551615;1;;;True;ControlType.CONTROLLED;0;<BV64 0x58>;64;[];[];[];[];[];[];[];88.0;88.0;0.0;1.0;;;True;88.0;88.0;0.0;1.0;;;True;ControlType.NO_CONTROL;0;<BV64 0x58>;64;[];[];[];[];[];[];[];88;88;0;1.0;;;True;88.0;88.0;0.0;1.0;;;True;ControlType.NO_CONTROL;0;<BV64 x0>;64;[];[];['<BV64 x0>'];[];['<BV64 x0>'];[];[];0.0;1.8446744073709552e+19;18446744073709551615;1;;;True;0.0;1.8446744073709552e+19;18446744073709551615;1;;;True;ControlType.CONTROLLED;0;<BV64 x0>;64;[];[];['<BV64 x0>'];[];['<BV64 x0>'];[];[];0.0;1.8446744073709552e+19;1.8446744073709552e+19;1.0;;;True;0.0;1.8446744073709552e+19;1.8446744073709552e+19;1.0;;;True;ControlType.CONTROLLED;0;<BV64 x0>;64;[];[];[];[];[];[];[];0;0;0;;;;False;0;0;0;;;;False;ControlType.UNKNOWN;0;[];{'regs': [], 'indirect_regs': [], 'direct_regs': [], 'mem': [], 'const_mem': []};[];{'regs': [], 'indirect_regs': [], 'direct_regs': [], 'mem': [], 'const_mem': []};{'regs': ['<BV64 x0>'], 'indirect_regs': [], 'direct_regs': ['<BV64 x0>'], 'mem': [], 'const_mem': []};{'regs': ['<BV64 x0>'], 'indirect_regs': [], 'direct_regs': ['<BV64 x0>'], 'mem': [], 'const_mem': []};63.0;0.0;64.0;64.0;[];;;;BaseControlType.CONSTANT_BASE;BaseControlType.CONSTANT_BASE;BaseControlType.CONSTANT_BASE;0;BranchControlType.BRANCH_INDEPENDENT_FROM_SECRET;BranchControlType.BRANCH_INDEPENDENT_FROM_SECRET;369256;True;False;True;True;True;False;False;True;True;False;False;False;True;False;True;False;True;False;True;False;[];['has_valid_base'];True;False;True;True;True;False;False;True;True;False;False;False;True;False;True;False;True;False;True;False;[];['has_valid_base']
b3fd968b-0f58-422a-aa8b-b055ca0ee71b;pcre2_substring_length_byname_8;0x5a244;0x5a280;0x0;TransmitterType.LOAD;16;0;False;['0x5a244', '0x5a280'];<BV64 0x18 + x0>;64;[];[];['<BV64 x0>'];[];['<BV64 x0>'];[];[];0;18446744073709551615;18446744073709551615;1;;;True;0;18446744073709551615;18446744073709551615;1;;;True;ControlType.CONTROLLED;0;<BV64 0x18>;64;[];[];[];[];[];[];[];24.0;24.0;0.0;1.0;;;True;24.0;24.0;0.0;1.0;;;True;ControlType.NO_CONTROL;0;<BV64 0x18>;64;[];[];[];[];[];[];[];24;24;0;1.0;;;True;24.0;24.0;0.0;1.0;;;True;ControlType.NO_CONTROL;0;<BV64 x0>;64;[];[];['<BV64 x0>'];[];['<BV64 x0>'];[];[];0.0;1.8446744073709552e+19;18446744073709551615;1;;;True;0.0;1.8446744073709552e+19;18446744073709551615;1;;;True;ControlType.CONTROLLED;0;<BV64 x0>;64;[];[];['<BV64 x0>'];[];['<BV64 x0>'];[];[];0.0;1.8446744073709552e+19;1.8446744073709552e+19;1.0;;;True;0.0;1.8446744073709552e+19;1.8446744073709552e+19;1.0;;;True;ControlType.CONTROLLED;0;<BV64 x0>;64;[];[];[];[];[];[];[];0;0;0;;;;False;0;0;0;;;;False;ControlType.UNKNOWN;0;[('0x5a27c', <Bool LOAD_8[<BV64 x0 + 0x58>]_25 != 1>, 'Taken')];"{'regs': ['<BV64 x0>'], 'indirect_regs': [""<BV64 x0>: ['0x58']""], 'direct_regs': [], 'mem': ['<BV64 x0 + 0x58>'], 'const_mem': []}";[];{'regs': [], 'indirect_regs': [], 'direct_regs': [], 'mem': [], 'const_mem': []};{'regs': ['<BV64 x0>'], 'indirect_regs': [], 'direct_regs': ['<BV64 x0>'], 'mem': [], 'const_mem': []};{'regs': ['<BV64 x0>'], 'indirect_regs': [], 'direct_regs': ['<BV64 x0>'], 'mem': ['<BV64 x0 + 0x58>'], 'const_mem': []};63.0;0.0;64.0;64.0;[];;;;BaseControlType.CONSTANT_BASE;BaseControlType.CONSTANT_BASE;BaseControlType.CONSTANT_BASE;1;BranchControlType.BRANCH_DEPENDS_ON_SECRET_VALUE;BranchControlType.BRANCH_INDEPENDENT_FROM_SECRET;369280;True;False;True;True;True;False;False;True;True;False;False;False;True;False;True;True;True;False;True;False;[];['has_valid_base'];True;False;True;True;True;False;False;True;True;False;False;False;True;False;True;True;True;False;True;False;[];['has_valid_base']
fb5a7eb2-2053-47ef-8dde-f1db9f9798f4;pcre2_substring_length_byname_8;0x5a244;0x59eb8;0x5a280;TransmitterType.LOAD;25;1;False;['0x5a244', '0x5a280', '0x59ea4'];<BV64 0x86 + LOAD_64[<BV64 x0 + 0x18>]_28>;64;[];[];['<BV64 x0>'];"[""<BV64 x0>: ['0x18']""]";[];['<BV64 x0 + 0x18>'];[];0;18446744073709551615;18446744073709551615;1;;;True;0;18446744073709551615;18446744073709551615;1;;;True;ControlType.CONTROLLED;1;<BV64 0x86>;64;[];[];[];[];[];[];[];134.0;134.0;0.0;1.0;;;True;134.0;134.0;0.0;1.0;;;True;ControlType.NO_CONTROL;0;<BV64 0x86>;64;[];[];[];[];[];[];[];134;134;0;1.0;;;True;134.0;134.0;0.0;1.0;;;True;ControlType.NO_CONTROL;0;<BV64 LOAD_64[<BV64 x0 + 0x18>]_28>;64;[];[];['<BV64 x0>'];"[""<BV64 x0>: ['0x18']""]";[];['<BV64 x0 + 0x18>'];[];0.0;1.8446744073709552e+19;18446744073709551615;1;;;True;0.0;1.8446744073709552e+19;18446744073709551615;1;;;True;ControlType.CONTROLLED;1;<BV64 x0 + 0x18>;64;[];[];['<BV64 x0>'];[];['<BV64 x0>'];[];[];0.0;1.8446744073709552e+19;1.8446744073709552e+19;1.0;;;True;0.0;1.8446744073709552e+19;1.8446744073709552e+19;1.0;;;True;ControlType.CONTROLLED;0;<BV64 LOAD_64[<BV64 x0 + 0x18>]_28>;64;[];[];[];[];[];[];[];0;0;0;;;;False;0;0;0;;;;False;ControlType.UNKNOWN;1;[('0x5a27c', <Bool LOAD_8[<BV64 x0 + 0x58>]_25 != 1>, 'Taken'), ('0x5a28c', <Bool True>, 'Taken')];"{'regs': ['<BV64 x0>'], 'indirect_regs': [""<BV64 x0>: ['0x58']""], 'direct_regs': [], 'mem': ['<BV64 x0 + 0x58>'], 'const_mem': []}";[];{'regs': [], 'indirect_regs': [], 'direct_regs': [], 'mem': [], 'const_mem': []};{'regs': ['<BV64 x0>'], 'indirect_regs': [], 'direct_regs': ['<BV64 x0>'], 'mem': ['<BV64 x0 + 0x18>'], 'const_mem': []};{'regs': ['<BV64 x0>'], 'indirect_regs': [], 'direct_regs': ['<BV64 x0>'], 'mem': ['<BV64 x0 + 0x18>', '<BV64 x0 + 0x58>'], 'const_mem': []};63.0;0.0;64.0;64.0;[];;;;BaseControlType.CONSTANT_BASE;BaseControlType.CONSTANT_BASE;BaseControlType.CONSTANT_BASE;2;BranchControlType.BRANCH_DEPENDS_ON_SECRET_ADDRESS;BranchControlType.BRANCH_INDEPENDENT_FROM_SECRET;368312;True;False;True;True;True;False;False;True;True;False;False;False;True;False;True;True;True;False;True;False;[];['has_valid_base'];True;False;True;True;True;False;False;True;True;False;False;False;True;False;True;True;True;False;True;False;[];['has_valid_base']
8bde75a8-41ef-4b71-8dee-826eefdf9579;pcre2_substring_length_byname_8;0x5a244;0x59ebc;0x5a280;TransmitterType.LOAD;26;1;False;['0x5a244', '0x5a280', '0x59ea4'];<BV64 0x84 + LOAD_64[<BV64 x0 + 0x18>]_28>;64;[];[];['<BV64 x0>'];"[""<BV64 x0>: ['0x18']""]";[];['<BV64 x0 + 0x18>'];[];0;18446744073709551615;18446744073709551615;1;;;True;0;18446744073709551615;18446744073709551615;1;;;True;ControlType.CONTROLLED;1;<BV64 0x84>;64;[];[];[];[];[];[];[];132.0;132.0;0.0;1.0;;;True;132.0;132.0;0.0;1.0;;;True;ControlType.NO_CONTROL;0;<BV64 0x84>;64;[];[];[];[];[];[];[];132;132;0;1.0;;;True;132.0;132.0;0.0;1.0;;;True;ControlType.NO_CONTROL;0;<BV64 LOAD_64[<BV64 x0 + 0x18>]_28>;64;[];[];['<BV64 x0>'];"[""<BV64 x0>: ['0x18']""]";[];['<BV64 x0 + 0x18>'];[];0.0;1.8446744073709552e+19;18446744073709551615;1;;;True;0.0;1.8446744073709552e+19;18446744073709551615;1;;;True;ControlType.CONTROLLED;1;<BV64 x0 + 0x18>;64;[];[];['<BV64 x0>'];[];['<BV64 x0>'];[];[];0.0;1.8446744073709552e+19;1.8446744073709552e+19;1.0;;;True;0.0;1.8446744073709552e+19;1.8446744073709552e+19;1.0;;;True;ControlType.CONTROLLED;0;<BV64 LOAD_64[<BV64 x0 + 0x18>]_28>;64;[];[];[];[];[];[];[];0;0;0;;;;False;0;0;0;;;;False;ControlType.UNKNOWN;1;[('0x5a27c', <Bool LOAD_8[<BV64 x0 + 0x58>]_25 != 1>, 'Taken'), ('0x5a28c', <Bool True>, 'Taken')];"{'regs': ['<BV64 x0>'], 'indirect_regs': [""<BV64 x0>: ['0x58']""], 'direct_regs': [], 'mem': ['<BV64 x0 + 0x58>'], 'const_mem': []}";[];{'regs': [], 'indirect_regs': [], 'direct_regs': [], 'mem': [], 'const_mem': []};{'regs': ['<BV64 x0>'], 'indirect_regs': [], 'direct_regs': ['<BV64 x0>'], 'mem': ['<BV64 x0 + 0x18>'], 'const_mem': []};{'regs': ['<BV64 x0>'], 'indirect_regs': [], 'direct_regs': ['<BV64 x0>'], 'mem': ['<BV64 x0 + 0x18>', '<BV64 x0 + 0x58>'], 'const_mem': []};63.0;0.0;64.0;64.0;[];;;;BaseControlType.CONSTANT_BASE;BaseControlType.CONSTANT_BASE;BaseControlType.CONSTANT_BASE;2;BranchControlType.BRANCH_DEPENDS_ON_SECRET_ADDRESS;BranchControlType.BRANCH_INDEPENDENT_FROM_SECRET;368316;True;False;True;True;True;False;False;True;True;False;False;False;True;False;True;True;True;False;True;False;[];['has_valid_base'];True;False;True;True;True;False;False;True;True;False;False;False;True;False;True;True;True;False;True;False;[];['has_valid_base']
65d3936a-ce2a-4347-90e4-e498068e5c10;pcre2_substring_length_byname_8;0x5a244;0x59ef8;0x5a280;TransmitterType.LOAD;39;2;False;['0x5a244', '0x5a280', '0x59ea4', '0x59ecc', '0x59ef4'];<BV64 0x8a + LOAD_64[<BV64 x0 + 0x18>]_28 + ((0#32 .. (0#16 .. LOAD_16[<BV64 LOAD_64[<BV64 x0 + 0x18>]_28 + 0x84>]_32) * (0#17 .. LOAD_16[<BV64 LOAD_64[<BV64 x0 + 0x18>]_28 + 0x86>]_31[15:1])) << 0x20 >> 0x20)>;64;[('0x59ec8', <Bool (0x0 .. LOAD_16[<BV64 LOAD_64[<BV64 x0 + 0x18>]_28 + 0x86>]_31) > 0x0>, 'Taken')];[];['<BV64 x0>'];"[""<BV64 x0>: ['0x18']""]";[];['<BV64 LOAD_64[<BV64 x0 + 0x18>]_28 + 0x84>', '<BV64 LOAD_64[<BV64 x0 + 0x18>]_28 + 0x86>', '<BV64 x0 + 0x18>'];[];0;18446744073709551615;18446744073709551615;1;;;True;0;18446744073709551615;18446744073709551615;1;;;False;ControlType.CONTROLLED;2;<BV64 0x8a>;64;[];[];[];[];[];[];[];138.0;138.0;0.0;1.0;;;True;138.0;138.0;0.0;1.0;;;True;ControlType.NO_CONTROL;0;<BV64 0x8a>;64;[];[];[];[];[];[];[];138;138;0;1.0;;;True;138.0;138.0;0.0;1.0;;;True;ControlType.NO_CONTROL;0;<BV64 LOAD_64[<BV64 x0 + 0x18>]_28 + ((0#32 .. (0#16 .. LOAD_16[<BV64 LOAD_64[<BV64 x0 + 0x18>]_28 + 0x84>]_32) * (0#17 .. LOAD_16[<BV64 LOAD_64[<BV64 x0 + 0x18>]_28 + 0x86>]_31[15:1])) << 0x20 >> 0x20)>;64;[('0x59ec8', <Bool (0x0 .. LOAD_16[<BV64 LOAD_64[<BV64 x0 + 0x18>]_28 + 0x86>]_31) > 0x0>, 'Taken')];[];['<BV64 x0>'];"[""<BV64 x0>: ['0x18']""]";[];['<BV64 LOAD_64[<BV64 x0 + 0x18>]_28 + 0x84>', '<BV64 LOAD_64[<BV64 x0 + 0x18>]_28 + 0x86>', '<BV64 x0 + 0x18>'];[];0.0;1.8446744073709552e+19;18446744073709551615;1;;;True;0.0;1.8446744073709552e+19;18446744073709551615;1;;;False;ControlType.CONTROLLED;2;<BV64 x0 + 0x18>;64;[];[];['<BV64 x0>'];[];['<BV64 x0>'];[];[];0.0;1.8446744073709552e+19;1.8446744073709552e+19;1.0;;;True;0.0;1.8446744073709552e+19;1.8446744073709552e+19;1.0;;;True;ControlType.CONTROLLED;0;<BV64 LOAD_64[<BV64 x0 + 0x18>]_28>;64;[];[];[];[];[];[];[];0;0;0;;;;False;0;0;0;;;;False;ControlType.UNKNOWN;1;[('0x59ec8', <Bool (0x0 .. LOAD_16[<BV64 LOAD_64[<BV64 x0 + 0x18>]_28 + 0x86>]_31) > 0x0>, 'Taken'), ('0x59ee8', <Bool True>, 'Taken'), ('0x5a27c', <Bool LOAD_8[<BV64 x0 + 0x58>]_25 != 1>, 'Taken'), ('0x5a28c', <Bool True>, 'Taken')];"{'regs': ['<BV64 x0>'], 'indirect_regs': [""<BV64 x0>: ['0x18', '0x58']""], 'direct_regs': [], 'mem': ['<BV64 LOAD_64[<BV64 x0 + 0x18>]_28 + 0x86>', '<BV64 x0 + 0x18>', '<BV64 x0 + 0x58>'], 'const_mem': []}";[];{'regs': [], 'indirect_regs': [], 'direct_regs': [], 'mem': [], 'const_mem': []};{'regs': ['<BV64 x0>'], 'indirect_regs': [], 'direct_regs': ['<BV64 x0>'], 'mem': ['<BV64 LOAD_64[<BV64 x0 + 0x18>]_28 + 0x84>', '<BV64 LOAD_64[<BV64 x0 + 0x18>]_28 + 0x86>', '<BV64 x0 + 0x18>'], 'const_mem': []};{'regs': ['<BV64 x0>'], 'indirect_regs': [], 'direct_regs': ['<BV64 x0>'], 'mem': ['<BV64 LOAD_64[<BV64 x0 + 0x18>]_28 + 0x84>', '<BV64 LOAD_64[<BV64 x0 + 0x18>]_28 + 0x86>', '<BV64 x0 + 0x18>', '<BV64 x0 + 0x58>'], 'const_mem': []};63.0;0.0;64.0;64.0;[];;;;BaseControlType.CONSTANT_BASE;BaseControlType.CONSTANT_BASE;BaseControlType.CONSTANT_BASE;4;BranchControlType.BRANCH_DEPENDS_ON_SECRET_VALUE;BranchControlType.BRANCH_INDEPENDENT_FROM_SECRET;368376;True;False;True;True;True;False;False;True;True;False;False;False;True;False;True;True;True;False;True;False;[];['has_valid_base'];True;False;True;True;True;False;False;True;True;False;False;False;True;False;True;True;True;False;True;False;[];['has_valid_base']
cdef85e0-5804-4b80-9cb7-942a95ea28e5;pcre2_pattern_info_8;0x485c8;0x485e0;0x0;TransmitterType.LOAD;7;0;False;['0x485c8', '0x485dc', '0x485e0'];<BV64 0x50 + x0>;64;[('0x485dc', <Bool x0 != 0x0>, 'Taken')];[];['<BV64 x0>'];[];['<BV64 x0>'];[];[];0;18446744073709551615;18446744073709551615;1;;;True;81;79;18446744073709551614;1;;;True;ControlType.CONTROLLED;0;<BV64 0x50>;64;[];[];[];[];[];[];[];80.0;80.0;0.0;1.0;;;True;80.0;80.0;0.0;1.0;;;True;ControlType.NO_CONTROL;0;<BV64 0x50>;64;[];[];[];[];[];[];[];80;80;0;1.0;;;True;80.0;80.0;0.0;1.0;;;True;ControlType.NO_CONTROL;0;<BV64 x0>;64;[('0x485dc', <Bool x0 != 0x0>, 'Taken')];[];['<BV64 x0>'];[];['<BV64 x0>'];[];[];0.0;1.8446744073709552e+19;18446744073709551615;1;;;True;1.0;1.8446744073709552e+19;18446744073709551614;1;;;True;ControlType.CONTROLLED;0;<BV64 x0>;64;[('0x485dc', <Bool x0 != 0x0>, 'Taken')];[];['<BV64 x0>'];[];['<BV64 x0>'];[];[];0.0;1.8446744073709552e+19;1.8446744073709552e+19;1.0;;;True;1.0;1.8446744073709552e+19;1.8446744073709552e+19;1.0;;;True;ControlType.CONTROLLED;0;<BV64 x0>;64;[];[];[];[];[];[];[];0;0;0;;;;False;0;0;0;;;;False;ControlType.UNKNOWN;0;[('0x485d8', <Bool x2 != 0x0>, 'Taken'), ('0x485dc', <Bool x0 != 0x0>, 'Taken')];{'regs': ['<BV64 x0>', '<BV64 x2>'], 'indirect_regs': [], 'direct_regs': ['<BV64 x0>', '<BV64 x2>'], 'mem': [], 'const_mem': []};[];{'regs': [], 'indirect_regs': [], 'direct_regs': [], 'mem': [], 'const_mem': []};{'regs': ['<BV64 x0>'], 'indirect_regs': [], 'direct_regs': ['<BV64 x0>'], 'mem': [], 'const_mem': []};{'regs': ['<BV64 x0>', '<BV64 x2>'], 'indirect_regs': [], 'direct_regs': ['<BV64 x0>', '<BV64 x2>'], 'mem': [], 'const_mem': []};63.0;0.0;64.0;64.0;[];;;;BaseControlType.CONSTANT_BASE;BaseControlType.CONSTANT_BASE;BaseControlType.CONSTANT_BASE;2;BranchControlType.BRANCH_DEPENDS_ON_SECRET_VALUE;BranchControlType.BRANCH_INDEPENDENT_FROM_SECRET;296416;True;False;True;True;True;False;False;True;True;False;False;False;True;False;True;True;True;False;True;False;[];['has_valid_base'];True;False;True;True;True;False;False;True;True;False;False;False;True;False;True;True;True;False;True;False;[];['has_valid_base']
1f0bb2e9-5374-417a-95a2-627e213cc567;pcre2_pattern_info_8;0x485c8;0x485f4;0x0;TransmitterType.LOAD;12;0;False;['0x485c8', '0x485dc', '0x485e0', '0x485f4'];<BV64 0x60 + x0>;64;[('0x485dc', <Bool x0 != 0x0>, 'Taken')];[];['<BV64 x0>'];[];['<BV64 x0>'];[];[];0;18446744073709551615;18446744073709551615;1;;;True;97;95;18446744073709551614;1;;;True;ControlType.CONTROLLED;0;<BV64 0x60>;64;[];[];[];[];[];[];[];96.0;96.0;0.0;1.0;;;True;96.0;96.0;0.0;1.0;;;True;ControlType.NO_CONTROL;0;<BV64 0x60>;64;[];[];[];[];[];[];[];96;96;0;1.0;;;True;96.0;96.0;0.0;1.0;;;True;ControlType.NO_CONTROL;0;<BV64 x0>;64;[('0x485dc', <Bool x0 != 0x0>, 'Taken')];[];['<BV64 x0>'];[];['<BV64 x0>'];[];[];0.0;1.8446744073709552e+19;18446744073709551615;1;;;True;1.0;1.8446744073709552e+19;18446744073709551614;1;;;True;ControlType.CONTROLLED;0;<BV64 x0>;64;[('0x485dc', <Bool x0 != 0x0>, 'Taken')];[];['<BV64 x0>'];[];['<BV64 x0>'];[];[];0.0;1.8446744073709552e+19;1.8446744073709552e+19;1.0;;;True;1.0;1.8446744073709552e+19;1.8446744073709552e+19;1.0;;;True;ControlType.CONTROLLED;0;<BV64 x0>;64;[];[];[];[];[];[];[];0;0;0;;;;False;0;0;0;;;;False;ControlType.UNKNOWN;0;[('0x485d8', <Bool x2 != 0x0>, 'Taken'), ('0x485dc', <Bool x0 != 0x0>, 'Taken'), ('0x485f0', <Bool LOAD_32[<BV64 x0 + 0x50>]_22 == 0x50435245>, 'Taken')];{'regs': ['<BV64 x0>', '<BV64 x2>'], 'indirect_regs': [], 'direct_regs': ['<BV64 x0>', '<BV64 x2>'], 'mem': ['<BV64 x0 + 0x50>'], 'const_mem': []};[];{'regs': [], 'indirect_regs': [], 'direct_regs': [], 'mem': [], 'const_mem': []};{'regs': ['<BV64 x0>'], 'indirect_regs': [], 'direct_regs': ['<BV64 x0>'], 'mem': [], 'const_mem': []};{'regs': ['<BV64 x0>', '<BV64 x2>'], 'indirect_regs': [], 'direct_regs': ['<BV64 x0>', '<BV64 x2>'], 'mem': ['<BV64 x0 + 0x50>'], 'const_mem': []};63.0;0.0;64.0;64.0;[];;;;BaseControlType.CONSTANT_BASE;BaseControlType.CONSTANT_BASE;BaseControlType.CONSTANT_BASE;3;BranchControlType.BRANCH_DEPENDS_ON_SECRET_VALUE;BranchControlType.BRANCH_INDEPENDENT_FROM_SECRET;296436;True;False;True;True;True;False;False;True;True;False;False;False;True;False;True;True;True;False;True;False;[];['has_valid_base'];True;False;True;True;True;False;False;True;True;False;False;False;True;False;True;True;True;False;True;False;[];['has_valid_base']
ee506097-4aa2-4bab-a892-3c492a345823;pcre2_pattern_info_8;0x485c8;0x485e0;0x0;TransmitterType.LOAD;9;0;False;['0x485c8', '0x48630', '0x485dc', '0x485e0'];<BV64 0x50 + x0>;64;[('0x485dc', <Bool x0 != 0x0>, 'Taken')];[];['<BV64 x0>'];[];['<BV64 x0>'];[];[];0;18446744073709551615;18446744073709551615;1;;;True;81;79;18446744073709551614;1;;;True;ControlType.CONTROLLED;0;<BV64 0x50>;64;[];[];[];[];[];[];[];80.0;80.0;0.0;1.0;;;True;80.0;80.0;0.0;1.0;;;True;ControlType.NO_CONTROL;0;<BV64 0x50>;64;[];[];[];[];[];[];[];80;80;0;1.0;;;True;80.0;80.0;0.0;1.0;;;True;ControlType.NO_CONTROL;0;<BV64 x0>;64;[('0x485dc', <Bool x0 != 0x0>, 'Taken')];[];['<BV64 x0>'];[];['<BV64 x0>'];[];[];0.0;1.8446744073709552e+19;18446744073709551615;1;;;True;1.0;1.8446744073709552e+19;18446744073709551614;1;;;True;ControlType.CONTROLLED;0;<BV64 x0>;64;[('0x485dc', <Bool x0 != 0x0>, 'Taken')];[];['<BV64 x0>'];[];['<BV64 x0>'];[];[];0.0;1.8446744073709552e+19;1.8446744073709552e+19;1.0;;;True;1.0;1.8446744073709552e+19;1.8446744073709552e+19;1.0;;;True;ControlType.CONTROLLED;0;<BV64 x0>;64;[];[];[];[];[];[];[];0;0;0;;;;False;0;0;0;;;;False;ControlType.UNKNOWN;0;[('0x485d8', <Bool x2 == 0x0>, 'Taken'), ('0x485dc', <Bool x0 != 0x0>, 'Taken'), ('0x48634', <Bool 0x1a < x1[31:0]>, 'Taken')];{'regs': ['<BV64 x0>', '<BV64 x1>', '<BV64 x2>'], 'indirect_regs': [], 'direct_regs': ['<BV64 x0>', '<BV64 x1>', '<BV64 x2>'], 'mem': [], 'const_mem': []};[];{'regs': [], 'indirect_regs': [], 'direct_regs': [], 'mem': [], 'const_mem': []};{'regs': ['<BV64 x0>'], 'indirect_regs': [], 'direct_regs': ['<BV64 x0>'], 'mem': [], 'const_mem': []};{'regs': ['<BV64 x0>', '<BV64 x1>', '<BV64 x2>'], 'indirect_regs': [], 'direct_regs': ['<BV64 x0>', '<BV64 x1>', '<BV64 x2>'], 'mem': [], 'const_mem': []};63.0;0.0;64.0;64.0;[];;;;BaseControlType.CONSTANT_BASE;BaseControlType.CONSTANT_BASE;BaseControlType.CONSTANT_BASE;3;BranchControlType.BRANCH_DEPENDS_ON_SECRET_VALUE;BranchControlType.BRANCH_INDEPENDENT_FROM_SECRET;296416;True;False;True;True;True;False;False;True;True;False;False;False;True;False;True;True;True;False;True;False;[];['has_valid_base'];True;False;True;True;True;False;False;True;True;False;False;False;True;False;True;True;True;False;True;False;[];['has_valid_base']
519542ce-546f-4a0d-ab5a-0b2172e45504;pcre2_pattern_info_8;0x485c8;0x485f4;0x0;TransmitterType.LOAD;14;0;False;['0x485c8', '0x48630', '0x485dc', '0x485e0', '0x485f4'];<BV64 0x60 + x0>;64;[('0x485dc', <Bool x0 != 0x0>, 'Taken')];[];['<BV64 x0>'];[];['<BV64 x0>'];[];[];0;18446744073709551615;18446744073709551615;1;;;True;97;95;18446744073709551614;1;;;True;ControlType.CONTROLLED;0;<BV64 0x60>;64;[];[];[];[];[];[];[];96.0;96.0;0.0;1.0;;;True;96.0;96.0;0.0;1.0;;;True;ControlType.NO_CONTROL;0;<BV64 0x60>;64;[];[];[];[];[];[];[];96;96;0;1.0;;;True;96.0;96.0;0.0;1.0;;;True;ControlType.NO_CONTROL;0;<BV64 x0>;64;[('0x485dc', <Bool x0 != 0x0>, 'Taken')];[];['<BV64 x0>'];[];['<BV64 x0>'];[];[];0.0;1.8446744073709552e+19;18446744073709551615;1;;;True;1.0;1.8446744073709552e+19;18446744073709551614;1;;;True;ControlType.CONTROLLED;0;<BV64 x0>;64;[('0x485dc', <Bool x0 != 0x0>, 'Taken')];[];['<BV64 x0>'];[];['<BV64 x0>'];[];[];0.0;1.8446744073709552e+19;1.8446744073709552e+19;1.0;;;True;1.0;1.8446744073709552e+19;1.8446744073709552e+19;1.0;;;True;ControlType.CONTROLLED;0;<BV64 x0>;64;[];[];[];[];[];[];[];0;0;0;;;;False;0;0;0;;;;False;ControlType.UNKNOWN;0;[('0x485d8', <Bool x2 == 0x0>, 'Taken'), ('0x485dc', <Bool x0 != 0x0>, 'Taken'), ('0x485f0', <Bool LOAD_32[<BV64 x0 + 0x50>]_32 == 0x50435245>, 'Taken'), ('0x48634', <Bool 0x1a < x1[31:0]>, 'Taken')];{'regs': ['<BV64 x0>', '<BV64 x1>', '<BV64 x2>'], 'indirect_regs': [], 'direct_regs': ['<BV64 x0>', '<BV64 x1>', '<BV64 x2>'], 'mem': ['<BV64 x0 + 0x50>'], 'const_mem': []};[];{'regs': [], 'indirect_regs': [], 'direct_regs': [], 'mem': [], 'const_mem': []};{'regs': ['<BV64 x0>'], 'indirect_regs': [], 'direct_regs': ['<BV64 x0>'], 'mem': [], 'const_mem': []};{'regs': ['<BV64 x0>', '<BV64 x1>', '<BV64 x2>'], 'indirect_regs': [], 'direct_regs': ['<BV64 x0>', '<BV64 x1>', '<BV64 x2>'], 'mem': ['<BV64 x0 + 0x50>'], 'const_mem': []};63.0;0.0;64.0;64.0;[];;;;BaseControlType.CONSTANT_BASE;BaseControlType.CONSTANT_BASE;BaseControlType.CONSTANT_BASE;4;BranchControlType.BRANCH_DEPENDS_ON_SECRET_VALUE;BranchControlType.BRANCH_INDEPENDENT_FROM_SECRET;296436;True;False;True;True;True;False;False;True;True;False;False;False;True;False;True;True;True;False;True;False;[];['has_valid_base'];True;False;True;True;True;False;False;True;True;False;False;False;True;False;True;True;True;False;True;False;[];['has_valid_base']
80c6aa4e-d374-4845-b5c8-c0acf26c4bf9;pcre2_set_substitute_callout_8;0x10890;0x108a4;0x0;TransmitterType.STORE;6;0;False;['0x10890'];<BV64 0x38 + x0>;64;[];[];['<BV64 x0>'];[];['<BV64 x0>'];[];[];0;18446744073709551615;18446744073709551615;1;;;True;0;18446744073709551615;18446744073709551615;1;;;True;ControlType.CONTROLLED;0;<BV64 0x38>;64;[];[];[];[];[];[];[];56.0;56.0;0.0;1.0;;;True;56.0;56.0;0.0;1.0;;;True;ControlType.NO_CONTROL;0;<BV64 0x38>;64;[];[];[];[];[];[];[];56;56;0;1.0;;;True;56.0;56.0;0.0;1.0;;;True;ControlType.NO_CONTROL;0;<BV64 x0>;64;[];[];['<BV64 x0>'];[];['<BV64 x0>'];[];[];0.0;1.8446744073709552e+19;18446744073709551615;1;;;True;0.0;1.8446744073709552e+19;18446744073709551615;1;;;True;ControlType.CONTROLLED;0;<BV64 x0>;64;[];[];['<BV64 x0>'];[];['<BV64 x0>'];[];[];0.0;1.8446744073709552e+19;1.8446744073709552e+19;1.0;;;True;0.0;1.8446744073709552e+19;1.8446744073709552e+19;1.0;;;True;ControlType.CONTROLLED;0;<BV64 x0>;64;[];[];[];[];[];[];[];0;0;0;;;;False;0;0;0;;;;False;ControlType.UNKNOWN;0;[];{'regs': [], 'indirect_regs': [], 'direct_regs': [], 'mem': [], 'const_mem': []};[];{'regs': [], 'indirect_regs': [], 'direct_regs': [], 'mem': [], 'const_mem': []};{'regs': ['<BV64 x0>'], 'indirect_regs': [], 'direct_regs': ['<BV64 x0>'], 'mem': [], 'const_mem': []};{'regs': ['<BV64 x0>'], 'indirect_regs': [], 'direct_regs': ['<BV64 x0>'], 'mem': [], 'const_mem': []};63.0;0.0;64.0;64.0;[];;;;BaseControlType.CONSTANT_BASE;BaseControlType.CONSTANT_BASE;BaseControlType.CONSTANT_BASE;0;BranchControlType.BRANCH_INDEPENDENT_FROM_SECRET;BranchControlType.BRANCH_INDEPENDENT_FROM_SECRET;67748;True;False;True;True;True;False;False;True;True;False;False;False;True;False;True;False;True;False;True;False;[];['has_valid_base'];True;False;True;True;True;False;False;True;True;False;False;False;True;False;True;False;True;False;True;False;[];['has_valid_base']
f47e2d54-8f0a-4028-b24b-f4527061ceb5;pcre2_set_substitute_callout_8;0x10890;0x108a4;0x0;TransmitterType.STORE;6;0;False;['0x10890'];<BV64 0x40 + x0>;64;[];[];['<BV64 x0>'];[];['<BV64 x0>'];[];[];0;18446744073709551615;18446744073709551615;1;;;True;0;18446744073709551615;18446744073709551615;1;;;True;ControlType.CONTROLLED;0;<BV64 0x40>;64;[];[];[];[];[];[];[];64.0;64.0;0.0;1.0;;;True;64.0;64.0;0.0;1.0;;;True;ControlType.NO_CONTROL;0;<BV64 0x40>;64;[];[];[];[];[];[];[];64;64;0;1.0;;;True;64.0;64.0;0.0;1.0;;;True;ControlType.NO_CONTROL;0;<BV64 x0>;64;[];[];['<BV64 x0>'];[];['<BV64 x0>'];[];[];0.0;1.8446744073709552e+19;18446744073709551615;1;;;True;0.0;1.8446744073709552e+19;18446744073709551615;1;;;True;ControlType.CONTROLLED;0;<BV64 x0>;64;[];[];['<BV64 x0>'];[];['<BV64 x0>'];[];[];0.0;1.8446744073709552e+19;1.8446744073709552e+19;1.0;;;True;0.0;1.8446744073709552e+19;1.8446744073709552e+19;1.0;;;True;ControlType.CONTROLLED;0;<BV64 x0>;64;[];[];[];[];[];[];[];0;0;0;;;;False;0;0;0;;;;False;ControlType.UNKNOWN;0;[];{'regs': [], 'indirect_regs': [], 'direct_regs': [], 'mem': [], 'const_mem': []};[];{'regs': [], 'indirect_regs': [], 'direct_regs': [], 'mem': [], 'const_mem': []};{'regs': ['<BV64 x0>'], 'indirect_regs': [], 'direct_regs': ['<BV64 x0>'], 'mem': [], 'const_mem': []};{'regs': ['<BV64 x0>'], 'indirect_regs': [], 'direct_regs': ['<BV64 x0>'], 'mem': [], 'const_mem': []};63.0;0.0;64.0;64.0;[];;;;BaseControlType.CONSTANT_BASE;BaseControlType.CONSTANT_BASE;BaseControlType.CONSTANT_BASE;0;BranchControlType.BRANCH_INDEPENDENT_FROM_SECRET;BranchControlType.BRANCH_INDEPENDENT_FROM_SECRET;67748;True;False;True;True;True;False;False;True;True;False;False;False;True;False;True;False;True;False;True;False;[];['has_valid_base'];True;False;True;True;True;False;False;True;True;False;False;False;True;False;True;False;True;False;True;False;[];['has_valid_base']
4b45b267-1bbd-4cd6-b6f4-6d24e31b73a0;pcre2_maketables_8;0x46fc0;0x46fdc;0x0;TransmitterType.LOAD;8;0;False;['0x46fc0', '0x46fd4'];<BV64 x0>;64;[('0x46fd0', <Bool x0 != 0x0>, 'Taken')];[];['<BV64 x0>'];[];['<BV64 x0>'];[];[];0;18446744073709551615;18446744073709551615;1;;;True;1;18446744073709551615;18446744073709551614;1;;;True;ControlType.CONTROLLED;0;;0;[];[];[];[];[];[];[];0.0;0.0;0.0;0.0;;;False;0.0;0.0;0.0;0.0;;;False;ControlType.UNKNOWN;0;;0;[];[];[];[];[];[];[];0;0;0;;;;False;0.0;0.0;0.0;0.0;;;False;ControlType.UNKNOWN;0;<BV64 x0>;64;[('0x46fd0', <Bool x0 != 0x0>, 'Taken')];[];['<BV64 x0>'];[];['<BV64 x0>'];[];[];0.0;1.8446744073709552e+19;18446744073709551615;1;;;True;1.0;1.8446744073709552e+19;18446744073709551614;1;;;True;ControlType.CONTROLLED;0;<BV64 x0>;64;[('0x46fd0', <Bool x0 != 0x0>, 'Taken')];[];['<BV64 x0>'];[];['<BV64 x0>'];[];[];0.0;1.8446744073709552e+19;1.8446744073709552e+19;1.0;;;True;1.0;1.8446744073709552e+19;1.8446744073709552e+19;1.0;;;True;ControlType.CONTROLLED;0;<BV64 x0>;64;[];[];[];[];[];[];[];0;0;0;;;;False;0;0;0;;;;False;ControlType.UNKNOWN;0;[('0x46fd0', <Bool x0 != 0x0>, 'Taken')];{'regs': ['<BV64 x0>'], 'indirect_regs': [], 'direct_regs': ['<BV64 x0>'], 'mem': [], 'const_mem': []};[];{'regs': [], 'indirect_regs': [], 'direct_regs': [], 'mem': [], 'const_mem': []};{'regs': ['<BV64 x0>'], 'indirect_regs': [], 'direct_regs': ['<BV64 x0>'], 'mem': [], 'const_mem': []};{'regs': ['<BV64 x0>'], 'indirect_regs': [], 'direct_regs': ['<BV64 x0>'], 'mem': [], 'const_mem': []};63.0;0.0;64.0;64.0;[];;;;BaseControlType.NO_BASE;BaseControlType.NO_BASE;BaseControlType.NO_BASE;1;BranchControlType.BRANCH_DEPENDS_ON_SECRET_VALUE;BranchControlType.BRANCH_INDEPENDENT_FROM_SECRET;290780;True;False;True;True;True;False;False;True;True;False;False;False;True;False;True;True;True;False;True;False;[];['has_valid_base'];True;False;True;True;True;False;False;True;True;False;False;False;True;False;True;True;True;False;True;False;[];['has_valid_base']
ef35dd86-cff3-4aa1-9636-15d061d6beb4;pcre2_maketables_8;0x46fc0;0x46fe0;0x0;TransmitterType.LOAD;9;0;False;['0x46fc0', '0x46fd4'];<BV64 0x10 + x0>;64;[];[];['<BV64 x0>'];[];['<BV64 x0>'];[];[];0;18446744073709551615;18446744073709551615;1;;;True;0;18446744073709551615;18446744073709551615;1;;;True;ControlType.CONTROLLED;0;<BV64 0x10>;64;[];[];[];[];[];[];[];16.0;16.0;0.0;1.0;;;True;16.0;16.0;0.0;1.0;;;True;ControlType.NO_CONTROL;0;<BV64 0x10>;64;[];[];[];[];[];[];[];16;16;0;1.0;;;True;16.0;16.0;0.0;1.0;;;True;ControlType.NO_CONTROL;0;<BV64 x0>;64;[];[];['<BV64 x0>'];[];['<BV64 x0>'];[];[];0.0;1.8446744073709552e+19;18446744073709551615;1;;;True;1.0;1.8446744073709552e+19;18446744073709551614;1;;;True;ControlType.CONTROLLED;0;<BV64 x0>;64;[];[];['<BV64 x0>'];[];['<BV64 x0>'];[];[];0.0;1.8446744073709552e+19;1.8446744073709552e+19;1.0;;;True;1.0;1.8446744073709552e+19;1.8446744073709552e+19;1.0;;;True;ControlType.CONTROLLED;0;<BV64 x0>;64;[];[];[];[];[];[];[];0;0;0;;;;False;0;0;0;;;;False;ControlType.UNKNOWN;0;[('0x46fd0', <Bool x0 != 0x0>, 'Taken')];{'regs': ['<BV64 x0>'], 'indirect_regs': [], 'direct_regs': ['<BV64 x0>'], 'mem': [], 'const_mem': []};[];{'regs': [], 'indirect_regs': [], 'direct_regs': [], 'mem': [], 'const_mem': []};{'regs': ['<BV64 x0>'], 'indirect_regs': [], 'direct_regs': ['<BV64 x0>'], 'mem': [], 'const_mem': []};{'regs': ['<BV64 x0>', '<BV64 x0>'], 'indirect_regs': [], 'direct_regs': ['<BV64 x0>', '<BV64 x0>'], 'mem': [], 'const_mem': []};63.0;0.0;64.0;64.0;[];;;;BaseControlType.CONSTANT_BASE;BaseControlType.CONSTANT_BASE;BaseControlType.CONSTANT_BASE;1;BranchControlType.BRANCH_INDEPENDENT_FROM_SECRET;BranchControlType.BRANCH_INDEPENDENT_FROM_SECRET;290784;True;False;True;True;True;False;False;True;True;False;False;False;True;False;True;False;True;False;True;False;[];['has_valid_base'];True;False;True;True;True;False;False;True;True;False;False;False;True;False;True;False;True;False;True;False;[];['has_valid_base']
3e5d3a9d-f78f-4fe3-85f1-8e6c30ae3416;pcre2_maketables_8;0x46fc0;0x46fe4;0x46fdc;TransmitterType.CODE_LOAD;10;1;False;['0x46fc0', '0x46fd4'];<BV64 LOAD_64[<BV64 x0>]_24>;64;[];[];['<BV64 x0>'];"[""<BV64 x0>: ['0x0']""]";[];['<BV64 x0>'];[];0;18446744073709551615;18446744073709551615;1;;;True;0;18446744073709551615;18446744073709551615;1;;;True;ControlType.CONTROLLED;1;;0;[];[];[];[];[];[];[];0.0;0.0;0.0;0.0;;;False;0.0;0.0;0.0;0.0;;;False;ControlType.UNKNOWN;0;;0;[];[];[];[];[];[];[];0;0;0;;;;False;0.0;0.0;0.0;0.0;;;False;ControlType.UNKNOWN;0;<BV64 LOAD_64[<BV64 x0>]_24>;64;[];[];['<BV64 x0>'];"[""<BV64 x0>: ['0x0']""]";[];['<BV64 x0>'];[];0.0;1.8446744073709552e+19;18446744073709551615;1;;;True;0.0;1.8446744073709552e+19;18446744073709551615;1;;;True;ControlType.CONTROLLED;1;<BV64 x0>;64;[('0x46fd0', <Bool x0 != 0x0>, 'Taken')];[];['<BV64 x0>'];[];['<BV64 x0>'];[];[];0.0;1.8446744073709552e+19;1.8446744073709552e+19;1.0;;;True;1.0;1.8446744073709552e+19;1.8446744073709552e+19;1.0;;;True;ControlType.CONTROLLED;0;<BV64 LOAD_64[<BV64 x0>]_24>;64;[];[];[];[];[];[];[];0;0;0;;;;False;0;0;0;;;;False;ControlType.UNKNOWN;1;[('0x46fd0', <Bool x0 != 0x0>, 'Taken')];{'regs': ['<BV64 x0>'], 'indirect_regs': [], 'direct_regs': ['<BV64 x0>'], 'mem': [], 'const_mem': []};[];{'regs': [], 'indirect_regs': [], 'direct_regs': [], 'mem': [], 'const_mem': []};{'regs': ['<BV64 x0>'], 'indirect_regs': [], 'direct_regs': ['<BV64 x0>'], 'mem': ['<BV64 x0>'], 'const_mem': []};{'regs': ['<BV64 x0>'], 'indirect_regs': [], 'direct_regs': ['<BV64 x0>'], 'mem': ['<BV64 x0>'], 'const_mem': []};63.0;0.0;64.0;64.0;[];;;;BaseControlType.NO_BASE;BaseControlType.NO_BASE;BaseControlType.NO_BASE;1;BranchControlType.BRANCH_DEPENDS_ON_SECRET_ADDRESS;BranchControlType.BRANCH_INDEPENDENT_FROM_SECRET;290788;True;False;True;True;True;False;False;True;True;False;False;False;True;False;True;True;True;False;True;False;[];['has_valid_base'];True;False;True;True;True;False;False;True;True;False;False;False;True;False;True;True;True;False;True;False;[];['has_valid_base']
e3296bed-bc9d-48f9-8dd7-d7da63d2a6ad;pcre2_pattern_convert_8;0x10a20;0x11668;0x0;TransmitterType.LOAD;39;0;False;['0x10a20', '0x10a64', '0x10a7c', '0x10a9c', '0x11664'];<BV64 x0>;64;[];[('0x10a5c', <Bool x0 != 0x0>, 'ConditionType.CMOVE'), ('0x10a60', <Bool x0 != 0x0>, 'ConditionType.CMOVE')];['<BV64 x0>'];[];['<BV64 x0>'];[];[];1;18446744073709551615;18446744073709551614;1;;;True;1;18446744073709551615;18446744073709551614;1;;;True;ControlType.CONTROLLED;0;;0;[];[];[];[];[];[];[];0.0;0.0;0.0;0.0;;;False;0.0;0.0;0.0;0.0;;;False;ControlType.UNKNOWN;0;;0;[];[];[];[];[];[];[];0;0;0;;;;False;0.0;0.0;0.0;0.0;;;False;ControlType.UNKNOWN;0;<BV64 x0>;64;[];[('0x10a5c', <Bool x0 != 0x0>, 'ConditionType.CMOVE'), ('0x10a60', <Bool x0 != 0x0>, 'ConditionType.CMOVE')];['<BV64 x0>'];[];['<BV64 x0>'];[];[];1.0;1.8446744073709552e+19;18446744073709551614;1;;;True;1.0;1.8446744073709552e+19;18446744073709551614;1;;;True;ControlType.CONTROLLED;0;<BV64 x0>;64;[];[('0x10a5c', <Bool x0 != 0x0>, 'ConditionType.CMOVE'), ('0x10a60', <Bool x0 != 0x0>, 'ConditionType.CMOVE')];['<BV64 x0>'];[];['<BV64 x0>'];[];[];1.0;1.8446744073709552e+19;1.8446744073709552e+19;1.0;;;True;1.0;1.8446744073709552e+19;1.8446744073709552e+19;1.0;;;True;ControlType.CONTROLLED;0;<BV64 x0>;64;[];[];[];[];[];[];[];0;0;0;;;;False;0;0;0;;;;False;ControlType.UNKNOWN;0;[('0x10a60', <Bool True>, 'Taken'), ('0x10a78', <Bool 0x7f >= x2[31:0]>, 'Taken'), ('0x10a98', <Bool True>, 'Taken'), ('0x10ab0', <Bool x1 + 0x1 == 0x0>, 'Taken')];{'regs': ['<BV64 x1>', '<BV64 x2>'], 'indirect_regs': [], 'direct_regs': ['<BV64 x1>', '<BV64 x2>'], 'mem': [], 'const_mem': []};[('0x10a5c', <Bool x0 != 0x0>, 'ConditionType.CMOVE'), ('0x10a60', <Bool x0 != 0x0>, 'ConditionType.CMOVE'), ('0x10a60', <Bool x4 != 0x0>, 'ConditionType.UNKNOWN'), ('0x10a8c', <Bool (x2[7:0] & 28) != 0>, 'ConditionType.CMOVE'), ('0x10a98', <Bool (x2[7:0] & 28) != 0>, 'ConditionType.CMOVE'), ('0x10a98', <Bool (0#32 .. 0x0 - (x2[31:0] & 0x1c) & x2[31:0] & 0x1c)[31:0] - (0#32 .. x2[31:0] & 0x1c)[31:0] == 0x0>, 'ConditionType.UNKNOWN')];{'regs': ['<BV64 x0>', '<BV64 x2>', '<BV64 x4>'], 'indirect_regs': [], 'direct_regs': ['<BV64 x0>', '<BV64 x2>', '<BV64 x4>'], 'mem': [], 'const_mem': []};{'regs': ['<BV64 x0>', '<BV64 x2>', '<BV64 x4>'], 'indirect_regs': [], 'direct_regs': ['<BV64 x0>', '<BV64 x2>', '<BV64 x4>'], 'mem': [], 'const_mem': []};{'regs': ['<BV64 x0>', '<BV64 x1>', '<BV64 x2>', '<BV64 x4>'], 'indirect_regs': [], 'direct_regs': ['<BV64 x0>', '<BV64 x1>', '<BV64 x2>', '<BV64 x4>'], 'mem': [], 'const_mem': []};63.0;0.0;64.0;64.0;[];;;;BaseControlType.NO_BASE;BaseControlType.NO_BASE;BaseControlType.NO_BASE;4;BranchControlType.BRANCH_INDEPENDENT_FROM_SECRET;BranchControlType.BRANCH_DEPENDS_ON_SECRET_VALUE;71272;True;False;True;False;True;False;False;True;True;False;False;False;True;False;True;False;True;False;True;False;[];['has_valid_base', 'is_cmove_independent_from_secret'];True;False;True;False;True;False;False;True;True;False;False;False;True;False;True;False;True;False;True;False;[];['has_valid_base', 'is_cmove_independent_from_secret']
6c102855-8370-43ed-873d-0946760f85a2;pcre2_general_context_free_8;0x10670;0x10680;0x0;TransmitterType.LOAD;5;0;False;['0x10670', '0x10680'];<BV64 0x8 + x0>;64;[('0x1067c', <Bool x0 != 0x0>, 'Taken')];[];['<BV64 x0>'];[];['<BV64 x0>'];[];[];0;18446744073709551615;18446744073709551615;1;;;True;9;7;18446744073709551614;1;;;True;ControlType.CONTROLLED;0;<BV64 0x8>;64;[];[];[];[];[];[];[];8.0;8.0;0.0;1.0;;;True;8.0;8.0;0.0;1.0;;;True;ControlType.NO_CONTROL;0;<BV64 0x8>;64;[];[];[];[];[];[];[];8;8;0;1.0;;;True;8.0;8.0;0.0;1.0;;;True;ControlType.NO_CONTROL;0;<BV64 x0>;64;[('0x1067c', <Bool x0 != 0x0>, 'Taken')];[];['<BV64 x0>'];[];['<BV64 x0>'];[];[];0.0;1.8446744073709552e+19;18446744073709551615;1;;;True;1.0;1.8446744073709552e+19;18446744073709551614;1;;;True;ControlType.CONTROLLED;0;<BV64 x0>;64;[('0x1067c', <Bool x0 != 0x0>, 'Taken')];[];['<BV64 x0>'];[];['<BV64 x0>'];[];[];0.0;1.8446744073709552e+19;1.8446744073709552e+19;1.0;;;True;1.0;1.8446744073709552e+19;1.8446744073709552e+19;1.0;;;True;ControlType.CONTROLLED;0;<BV64 x0>;64;[];[];[];[];[];[];[];0;0;0;;;;False;0;0;0;;;;False;ControlType.UNKNOWN;0;[('0x1067c', <Bool x0 != 0x0>, 'Taken')];{'regs': ['<BV64 x0>'], 'indirect_regs': [], 'direct_regs': ['<BV64 x0>'], 'mem': [], 'const_mem': []};[];{'regs': [], 'indirect_regs': [], 'direct_regs': [], 'mem': [], 'const_mem': []};{'regs': ['<BV64 x0>'], 'indirect_regs': [], 'direct_regs': ['<BV64 x0>'], 'mem': [], 'const_mem': []};{'regs': ['<BV64 x0>'], 'indirect_regs': [], 'direct_regs': ['<BV64 x0>'], 'mem': [], 'const_mem': []};63.0;0.0;64.0;64.0;[];;;;BaseControlType.CONSTANT_BASE;BaseControlType.CONSTANT_BASE;BaseControlType.CONSTANT_BASE;1;BranchControlType.BRANCH_DEPENDS_ON_SECRET_VALUE;BranchControlType.BRANCH_INDEPENDENT_FROM_SECRET;67200;True;False;True;True;True;False;False;True;True;False;False;False;True;False;True;True;True;False;True;False;[];['has_valid_base'];True;False;True;True;True;False;False;True;True;False;False;False;True;False;True;True;True;False;True;False;[];['has_valid_base']
032fc1d2-8832-4d2e-96bb-3b6a026597ad;pcre2_general_context_free_8;0x10670;0x10680;0x0;TransmitterType.LOAD;5;0;False;['0x10670', '0x10680'];<BV64 0x10 + x0>;64;[];[];['<BV64 x0>'];[];['<BV64 x0>'];[];[];0;18446744073709551615;18446744073709551615;1;;;True;0;18446744073709551615;18446744073709551615;1;;;True;ControlType.CONTROLLED;0;<BV64 0x10>;64;[];[];[];[];[];[];[];16.0;16.0;0.0;1.0;;;True;16.0;16.0;0.0;1.0;;;True;ControlType.NO_CONTROL;0;<BV64 0x10>;64;[];[];[];[];[];[];[];16;16;0;1.0;;;True;16.0;16.0;0.0;1.0;;;True;ControlType.NO_CONTROL;0;<BV64 x0>;64;[];[];['<BV64 x0>'];[];['<BV64 x0>'];[];[];0.0;1.8446744073709552e+19;18446744073709551615;1;;;True;1.0;1.8446744073709552e+19;18446744073709551614;1;;;True;ControlType.CONTROLLED;0;<BV64 x0>;64;[];[];['<BV64 x0>'];[];['<BV64 x0>'];[];[];0.0;1.8446744073709552e+19;1.8446744073709552e+19;1.0;;;True;1.0;1.8446744073709552e+19;1.8446744073709552e+19;1.0;;;True;ControlType.CONTROLLED;0;<BV64 x0>;64;[];[];[];[];[];[];[];0;0;0;;;;False;0;0;0;;;;False;ControlType.UNKNOWN;0;[('0x1067c', <Bool x0 != 0x0>, 'Taken')];{'regs': ['<BV64 x0>'], 'indirect_regs': [], 'direct_regs': ['<BV64 x0>'], 'mem': [], 'const_mem': []};[];{'regs': [], 'indirect_regs': [], 'direct_regs': [], 'mem': [], 'const_mem': []};{'regs': ['<BV64 x0>'], 'indirect_regs': [], 'direct_regs': ['<BV64 x0>'], 'mem': [], 'const_mem': []};{'regs': ['<BV64 x0>', '<BV64 x0>'], 'indirect_regs': [], 'direct_regs': ['<BV64 x0>', '<BV64 x0>'], 'mem': [], 'const_mem': []};63.0;0.0;64.0;64.0;[];;;;BaseControlType.CONSTANT_BASE;BaseControlType.CONSTANT_BASE;BaseControlType.CONSTANT_BASE;1;BranchControlType.BRANCH_INDEPENDENT_FROM_SECRET;BranchControlType.BRANCH_INDEPENDENT_FROM_SECRET;67200;True;False;True;True;True;False;False;True;True;False;False;False;True;False;True;False;True;False;True;False;[];['has_valid_base'];True;False;True;True;True;False;False;True;True;False;False;False;True;False;True;False;True;False;True;False;[];['has_valid_base']
6d0a7d3c-b306-41a4-87ab-6cab5b6c8a22;pcre2_general_context_free_8;0x10670;0x10690;0x10680;TransmitterType.CODE_LOAD;7;1;False;['0x10670', '0x10680'];<BV64 LOAD_64[<BV64 x0 + 0x8>]_22>;64;[];[];['<BV64 x0>'];"[""<BV64 x0>: ['0x8']""]";[];['<BV64 x0 + 0x8>'];[];0;18446744073709551615;18446744073709551615;1;;;True;0;18446744073709551615;18446744073709551615;1;;;True;ControlType.CONTROLLED;1;;0;[];[];[];[];[];[];[];0.0;0.0;0.0;0.0;;;False;0.0;0.0;0.0;0.0;;;False;ControlType.UNKNOWN;0;;0;[];[];[];[];[];[];[];0;0;0;;;;False;0.0;0.0;0.0;0.0;;;False;ControlType.UNKNOWN;0;<BV64 LOAD_64[<BV64 x0 + 0x8>]_22>;64;[];[];['<BV64 x0>'];"[""<BV64 x0>: ['0x8']""]";[];['<BV64 x0 + 0x8>'];[];0.0;1.8446744073709552e+19;18446744073709551615;1;;;True;0.0;1.8446744073709552e+19;18446744073709551615;1;;;True;ControlType.CONTROLLED;1;<BV64 x0 + 0x8>;64;[('0x1067c', <Bool x0 != 0x0>, 'Taken')];[];['<BV64 x0>'];[];['<BV64 x0>'];[];[];0.0;1.8446744073709552e+19;1.8446744073709552e+19;1.0;;;True;9.0;7.0;1.8446744073709552e+19;1.0;;;True;ControlType.CONTROLLED;0;<BV64 LOAD_64[<BV64 x0 + 0x8>]_22>;64;[];[];[];[];[];[];[];0;0;0;;;;False;0;0;0;;;;False;ControlType.UNKNOWN;1;[('0x1067c', <Bool x0 != 0x0>, 'Taken')];{'regs': ['<BV64 x0>'], 'indirect_regs': [], 'direct_regs': ['<BV64 x0>'], 'mem': [], 'const_mem': []};[];{'regs': [], 'indirect_regs': [], 'direct_regs': [], 'mem': [], 'const_mem': []};{'regs': ['<BV64 x0>'], 'indirect_regs': [], 'direct_regs': ['<BV64 x0>'], 'mem': ['<BV64 x0 + 0x8>'], 'const_mem': []};{'regs': ['<BV64 x0>'], 'indirect_regs': [], 'direct_regs': ['<BV64 x0>'], 'mem': ['<BV64 x0 + 0x8>'], 'const_mem': []};63.0;0.0;64.0;64.0;[];;;;BaseControlType.NO_BASE;BaseControlType.NO_BASE;BaseControlType.NO_BASE;1;BranchControlType.BRANCH_DEPENDS_ON_SECRET_ADDRESS;BranchControlType.BRANCH_INDEPENDENT_FROM_SECRET;67216;True;False;True;True;True;False;False;True;True;False;False;False;True;False;True;True;True;False;True;False;[];['has_valid_base'];True;False;True;True;True;False;False;True;True;False;False;False;True;False;True;True;True;False;True;False;[];['has_valid_base']
209b6e31-6f79-4d7b-81d6-e0c66993fdd4;pcre2_serialize_free_8;0x5964c;0x59668;0x0;TransmitterType.LOAD;7;0;False;['0x5964c', '0x5965c'];<BV64 0xfffffffffffffff0 + x0>;64;[('0x59658', <Bool x0 != 0x0>, 'Taken')];[];['<BV64 x0>'];[];['<BV64 x0>'];[];[];0;18446744073709551615;18446744073709551615;1;;;True;18446744073709551601;18446744073709551599;18446744073709551614;1;;;True;ControlType.CONTROLLED;0;<BV64 0xfffffffffffffff0>;64;[];[];[];[];[];[];[];1.8446744073709552e+19;1.8446744073709552e+19;0.0;1.0;;;True;1.8446744073709552e+19;1.8446744073709552e+19;0.0;1.0;;;True;ControlType.NO_CONTROL;0;<BV64 0xfffffffffffffff0>;64;[];[];[];[];[];[];[];18446744073709551600;18446744073709551600;0;1.0;;;True;1.8446744073709552e+19;1.8446744073709552e+19;0.0;1.0;;;True;ControlType.NO_CONTROL;0;<BV64 x0>;64;[('0x59658', <Bool x0 != 0x0>, 'Taken')];[];['<BV64 x0>'];[];['<BV64 x0>'];[];[];0.0;1.8446744073709552e+19;18446744073709551615;1;;;True;1.0;1.8446744073709552e+19;18446744073709551614;1;;;True;ControlType.CONTROLLED;0;<BV64 x0>;64;[('0x59658', <Bool x0 != 0x0>, 'Taken')];[];['<BV64 x0>'];[];['<BV64 x0>'];[];[];0.0;1.8446744073709552e+19;1.8446744073709552e+19;1.0;;;True;1.0;1.8446744073709552e+19;1.8446744073709552e+19;1.0;;;True;ControlType.CONTROLLED;0;<BV64 x0>;64;[];[];[];[];[];[];[];0;0;0;;;;False;0;0;0;;;;False;ControlType.UNKNOWN;0;[('0x59658', <Bool x0 != 0x0>, 'Taken')];{'regs': ['<BV64 x0>'], 'indirect_regs': [], 'direct_regs': ['<BV64 x0>'], 'mem': [], 'const_mem': []};[];{'regs': [], 'indirect_regs': [], 'direct_regs': [], 'mem': [], 'const_mem': []};{'regs': ['<BV64 x0>'], 'indirect_regs': [], 'direct_regs': ['<BV64 x0>'], 'mem': [], 'const_mem': []};{'regs': ['<BV64 x0>'], 'indirect_regs': [], 'direct_regs': ['<BV64 x0>'], 'mem': [], 'const_mem': []};63.0;0.0;64.0;64.0;[];;;;BaseControlType.CONSTANT_BASE;BaseControlType.CONSTANT_BASE;BaseControlType.CONSTANT_BASE;1;BranchControlType.BRANCH_DEPENDS_ON_SECRET_VALUE;BranchControlType.BRANCH_INDEPENDENT_FROM_SECRET;366184;True;False;True;True;True;False;False;True;True;False;False;False;True;False;True;True;True;False;True;False;[];['has_valid_base'];True;False;True;True;True;False;False;True;True;False;False;False;True;False;True;True;True;False;True;False;[];['has_valid_base']
4e1cc74c-3f5b-4bc3-9b5d-ee1a8977170b;pcre2_serialize_free_8;0x5964c;0x59668;0x0;TransmitterType.LOAD;7;0;False;['0x5964c', '0x5965c'];<BV64 0xfffffffffffffff8 + x0>;64;[('0x59658', <Bool x0 != 0x0>, 'Taken')];[];['<BV64 x0>'];[];['<BV64 x0>'];[];[];0;18446744073709551615;18446744073709551615;1;;;True;18446744073709551609;18446744073709551607;18446744073709551614;1;;;True;ControlType.CONTROLLED;0;<BV64 0xfffffffffffffff8>;64;[];[];[];[];[];[];[];1.8446744073709552e+19;1.8446744073709552e+19;0.0;1.0;;;True;1.8446744073709552e+19;1.8446744073709552e+19;0.0;1.0;;;True;ControlType.NO_CONTROL;0;<BV64 0xfffffffffffffff8>;64;[];[];[];[];[];[];[];18446744073709551608;18446744073709551608;0;1.0;;;True;1.8446744073709552e+19;1.8446744073709552e+19;0.0;1.0;;;True;ControlType.NO_CONTROL;0;<BV64 x0>;64;[('0x59658', <Bool x0 != 0x0>, 'Taken')];[];['<BV64 x0>'];[];['<BV64 x0>'];[];[];0.0;1.8446744073709552e+19;18446744073709551615;1;;;True;1.0;1.8446744073709552e+19;18446744073709551614;1;;;True;ControlType.CONTROLLED;0;<BV64 x0>;64;[('0x59658', <Bool x0 != 0x0>, 'Taken')];[];['<BV64 x0>'];[];['<BV64 x0>'];[];[];0.0;1.8446744073709552e+19;1.8446744073709552e+19;1.0;;;True;1.0;1.8446744073709552e+19;1.8446744073709552e+19;1.0;;;True;ControlType.CONTROLLED;0;<BV64 x0>;64;[];[];[];[];[];[];[];0;0;0;;;;False;0;0;0;;;;False;ControlType.UNKNOWN;0;[('0x59658', <Bool x0 != 0x0>, 'Taken')];{'regs': ['<BV64 x0>'], 'indirect_regs': [], 'direct_regs': ['<BV64 x0>'], 'mem': [], 'const_mem': []};[];{'regs': [], 'indirect_regs': [], 'direct_regs': [], 'mem': [], 'const_mem': []};{'regs': ['<BV64 x0>'], 'indirect_regs': [], 'direct_regs': ['<BV64 x0>'], 'mem': [], 'const_mem': []};{'regs': ['<BV64 x0>'], 'indirect_regs': [], 'direct_regs': ['<BV64 x0>'], 'mem': [], 'const_mem': []};63.0;0.0;64.0;64.0;[];;;;BaseControlType.CONSTANT_BASE;BaseControlType.CONSTANT_BASE;BaseControlType.CONSTANT_BASE;1;BranchControlType.BRANCH_DEPENDS_ON_SECRET_VALUE;BranchControlType.BRANCH_INDEPENDENT_FROM_SECRET;366184;True;False;True;True;True;False;False;True;True;False;False;False;True;False;True;True;True;False;True;False;[];['has_valid_base'];True;False;True;True;True;False;False;True;True;False;False;False;True;False;True;True;True;False;True;False;[];['has_valid_base']
0c934e0c-9772-4e56-a09f-1c9813b5b313;pcre2_serialize_free_8;0x5964c;0x59670;0x59660;TransmitterType.CODE_LOAD;7;1;False;['0x5964c', '0x5965c'];<BV64 LOAD_64[<BV64 x0 + 0xfffffffffffffff0>]_24>;64;[];[];['<BV64 x0>'];"[""<BV64 x0>: ['0xfffffffffffffff0']""]";[];['<BV64 x0 + 0xfffffffffffffff0>'];[];0;18446744073709551615;18446744073709551615;1;;;True;0;18446744073709551615;18446744073709551615;1;;;True;ControlType.CONTROLLED;1;;0;[];[];[];[];[];[];[];0.0;0.0;0.0;0.0;;;False;0.0;0.0;0.0;0.0;;;False;ControlType.UNKNOWN;0;;0;[];[];[];[];[];[];[];0;0;0;;;;False;0.0;0.0;0.0;0.0;;;False;ControlType.UNKNOWN;0;<BV64 LOAD_64[<BV64 x0 + 0xfffffffffffffff0>]_24>;64;[];[];['<BV64 x0>'];"[""<BV64 x0>: ['0xfffffffffffffff0']""]";[];['<BV64 x0 + 0xfffffffffffffff0>'];[];0.0;1.8446744073709552e+19;18446744073709551615;1;;;True;0.0;1.8446744073709552e+19;18446744073709551615;1;;;True;ControlType.CONTROLLED;1;<BV64 x0 + 0xfffffffffffffff0>;64;[('0x59658', <Bool x0 != 0x0>, 'Taken')];[];['<BV64 x0>'];[];['<BV64 x0>'];[];[];0.0;1.8446744073709552e+19;1.8446744073709552e+19;1.0;;;True;1.8446744073709552e+19;1.8446744073709552e+19;1.8446744073709552e+19;1.0;;;True;ControlType.CONTROLLED;0;<BV64 LOAD_64[<BV64 x0 + 0xfffffffffffffff0>]_24>;64;[];[];[];[];[];[];[];0;0;0;;;;False;0;0;0;;;;False;ControlType.UNKNOWN;1;[('0x59658', <Bool x0 != 0x0>, 'Taken')];{'regs': ['<BV64 x0>'], 'indirect_regs': [], 'direct_regs': ['<BV64 x0>'], 'mem': [], 'const_mem': []};[];{'regs': [], 'indirect_regs': [], 'direct_regs': [], 'mem': [], 'const_mem': []};{'regs': ['<BV64 x0>'], 'indirect_regs': [], 'direct_regs': ['<BV64 x0>'], 'mem': ['<BV64 x0 + 0xfffffffffffffff0>'], 'const_mem': []};{'regs': ['<BV64 x0>'], 'indirect_regs': [], 'direct_regs': ['<BV64 x0>'], 'mem': ['<BV64 x0 + 0xfffffffffffffff0>'], 'const_mem': []};63.0;0.0;64.0;64.0;[];;;;BaseControlType.NO_BASE;BaseControlType.NO_BASE;BaseControlType.NO_BASE;1;BranchControlType.BRANCH_DEPENDS_ON_SECRET_ADDRESS;BranchControlType.BRANCH_INDEPENDENT_FROM_SECRET;366192;True;False;True;True;True;False;False;True;True;False;False;False;True;False;True;True;True;False;True;False;[];['has_valid_base'];True;False;False;True;True;False;False;True;True;False;False;False;True;False;True;True;True;False;True;False;[];['has_valid_base', 'has_valid_secret_address']
cce9365b-f5f6-42b7-8c7b-2e5d85eb056c;pcre2_convert_context_free_8;0x10700;0x10710;0x0;TransmitterType.LOAD;5;0;False;['0x10700', '0x10710'];<BV64 0x8 + x0>;64;[];[];['<BV64 x0>'];[];['<BV64 x0>'];[];[];0;18446744073709551615;18446744073709551615;1;;;True;0;18446744073709551615;18446744073709551615;1;;;True;ControlType.CONTROLLED;0;<BV64 0x8>;64;[];[];[];[];[];[];[];8.0;8.0;0.0;1.0;;;True;8.0;8.0;0.0;1.0;;;True;ControlType.NO_CONTROL;0;<BV64 0x8>;64;[];[];[];[];[];[];[];8;8;0;1.0;;;True;8.0;8.0;0.0;1.0;;;True;ControlType.NO_CONTROL;0;<BV64 x0>;64;[];[];['<BV64 x0>'];[];['<BV64 x0>'];[];[];0.0;1.8446744073709552e+19;18446744073709551615;1;;;True;1.0;1.8446744073709552e+19;18446744073709551614;1;;;True;ControlType.CONTROLLED;0;<BV64 x0>;64;[];[];['<BV64 x0>'];[];['<BV64 x0>'];[];[];0.0;1.8446744073709552e+19;1.8446744073709552e+19;1.0;;;True;1.0;1.8446744073709552e+19;1.8446744073709552e+19;1.0;;;True;ControlType.CONTROLLED;0;<BV64 x0>;64;[];[];[];[];[];[];[];0;0;0;;;;False;0;0;0;;;;False;ControlType.UNKNOWN;0;[('0x1070c', <Bool x0 != 0x0>, 'Taken')];{'regs': ['<BV64 x0>'], 'indirect_regs': [], 'direct_regs': ['<BV64 x0>'], 'mem': [], 'const_mem': []};[];{'regs': [], 'indirect_regs': [], 'direct_regs': [], 'mem': [], 'const_mem': []};{'regs': ['<BV64 x0>'], 'indirect_regs': [], 'direct_regs': ['<BV64 x0>'], 'mem': [], 'const_mem': []};{'regs': ['<BV64 x0>', '<BV64 x0>'], 'indirect_regs': [], 'direct_regs': ['<BV64 x0>', '<BV64 x0>'], 'mem': [], 'const_mem': []};63.0;0.0;64.0;64.0;[];;;;BaseControlType.CONSTANT_BASE;BaseControlType.CONSTANT_BASE;BaseControlType.CONSTANT_BASE;1;BranchControlType.BRANCH_INDEPENDENT_FROM_SECRET;BranchControlType.BRANCH_INDEPENDENT_FROM_SECRET;67344;True;False;True;True;True;False;False;True;True;False;False;False;True;False;True;False;True;False;True;False;[];['has_valid_base'];True;False;True;True;True;False;False;True;True;False;False;False;True;False;True;False;True;False;True;False;[];['has_valid_base']
2aecd927-3251-4282-ae80-efdfa53464bf;pcre2_convert_context_free_8;0x10700;0x10710;0x0;TransmitterType.LOAD;5;0;False;['0x10700', '0x10710'];<BV64 0x10 + x0>;64;[];[];['<BV64 x0>'];[];['<BV64 x0>'];[];[];0;18446744073709551615;18446744073709551615;1;;;True;0;18446744073709551615;18446744073709551615;1;;;True;ControlType.CONTROLLED;0;<BV64 0x10>;64;[];[];[];[];[];[];[];16.0;16.0;0.0;1.0;;;True;16.0;16.0;0.0;1.0;;;True;ControlType.NO_CONTROL;0;<BV64 0x10>;64;[];[];[];[];[];[];[];16;16;0;1.0;;;True;16.0;16.0;0.0;1.0;;;True;ControlType.NO_CONTROL;0;<BV64 x0>;64;[];[];['<BV64 x0>'];[];['<BV64 x0>'];[];[];0.0;1.8446744073709552e+19;18446744073709551615;1;;;True;1.0;1.8446744073709552e+19;18446744073709551614;1;;;True;ControlType.CONTROLLED;0;<BV64 x0>;64;[];[];['<BV64 x0>'];[];['<BV64 x0>'];[];[];0.0;1.8446744073709552e+19;1.8446744073709552e+19;1.0;;;True;1.0;1.8446744073709552e+19;1.8446744073709552e+19;1.0;;;True;ControlType.CONTROLLED;0;<BV64 x0>;64;[];[];[];[];[];[];[];0;0;0;;;;False;0;0;0;;;;False;ControlType.UNKNOWN;0;[('0x1070c', <Bool x0 != 0x0>, 'Taken')];{'regs': ['<BV64 x0>'], 'indirect_regs': [], 'direct_regs': ['<BV64 x0>'], 'mem': [], 'const_mem': []};[];{'regs': [], 'indirect_regs': [], 'direct_regs': [], 'mem': [], 'const_mem': []};{'regs': ['<BV64 x0>'], 'indirect_regs': [], 'direct_regs': ['<BV64 x0>'], 'mem': [], 'const_mem': []};{'regs': ['<BV64 x0>', '<BV64 x0>'], 'indirect_regs': [], 'direct_regs': ['<BV64 x0>', '<BV64 x0>'], 'mem': [], 'const_mem': []};63.0;0.0;64.0;64.0;[];;;;BaseControlType.CONSTANT_BASE;BaseControlType.CONSTANT_BASE;BaseControlType.CONSTANT_BASE;1;BranchControlType.BRANCH_INDEPENDENT_FROM_SECRET;BranchControlType.BRANCH_INDEPENDENT_FROM_SECRET;67344;True;False;True;True;True;False;False;True;True;False;False;False;True;False;True;False;True;False;True;False;[];['has_valid_base'];True;False;True;True;True;False;False;True;True;False;False;False;True;False;True;False;True;False;True;False;[];['has_valid_base']
f23bec36-70a8-4258-b58b-3981dd08173f;pcre2_convert_context_free_8;0x10700;0x10720;0x10710;TransmitterType.CODE_LOAD;7;1;False;['0x10700', '0x10710'];<BV64 LOAD_64[<BV64 x0 + 0x8>]_22>;64;[];[];['<BV64 x0>'];"[""<BV64 x0>: ['0x8']""]";[];['<BV64 x0 + 0x8>'];[];0;18446744073709551615;18446744073709551615;1;;;True;0;18446744073709551615;18446744073709551615;1;;;True;ControlType.CONTROLLED;1;;0;[];[];[];[];[];[];[];0.0;0.0;0.0;0.0;;;False;0.0;0.0;0.0;0.0;;;False;ControlType.UNKNOWN;0;;0;[];[];[];[];[];[];[];0;0;0;;;;False;0.0;0.0;0.0;0.0;;;False;ControlType.UNKNOWN;0;<BV64 LOAD_64[<BV64 x0 + 0x8>]_22>;64;[];[];['<BV64 x0>'];"[""<BV64 x0>: ['0x8']""]";[];['<BV64 x0 + 0x8>'];[];0.0;1.8446744073709552e+19;18446744073709551615;1;;;True;0.0;1.8446744073709552e+19;18446744073709551615;1;;;True;ControlType.CONTROLLED;1;<BV64 x0 + 0x8>;64;[('0x1070c', <Bool x0 != 0x0>, 'Taken')];[];['<BV64 x0>'];[];['<BV64 x0>'];[];[];0.0;1.8446744073709552e+19;1.8446744073709552e+19;1.0;;;True;9.0;7.0;1.8446744073709552e+19;1.0;;;True;ControlType.CONTROLLED;0;<BV64 LOAD_64[<BV64 x0 + 0x8>]_22>;64;[];[];[];[];[];[];[];0;0;0;;;;False;0;0;0;;;;False;ControlType.UNKNOWN;1;[('0x1070c', <Bool x0 != 0x0>, 'Taken')];{'regs': ['<BV64 x0>'], 'indirect_regs': [], 'direct_regs': ['<BV64 x0>'], 'mem': [], 'const_mem': []};[];{'regs': [], 'indirect_regs': [], 'direct_regs': [], 'mem': [], 'const_mem': []};{'regs': ['<BV64 x0>'], 'indirect_regs': [], 'direct_regs': ['<BV64 x0>'], 'mem': ['<BV64 x0 + 0x8>'], 'const_mem': []};{'regs': ['<BV64 x0>'], 'indirect_regs': [], 'direct_regs': ['<BV64 x0>'], 'mem': ['<BV64 x0 + 0x8>'], 'const_mem': []};63.0;0.0;64.0;64.0;[];;;;BaseControlType.NO_BASE;BaseControlType.NO_BASE;BaseControlType.NO_BASE;1;BranchControlType.BRANCH_DEPENDS_ON_SECRET_ADDRESS;BranchControlType.BRANCH_INDEPENDENT_FROM_SECRET;67360;True;False;True;True;True;False;False;True;True;False;False;False;True;False;True;True;True;False;True;False;[];['has_valid_base'];True;False;True;True;True;False;False;True;True;False;False;False;True;False;True;True;True;False;True;False;[];['has_valid_base']
64e9ec84-2c00-4f34-bcc7-c389e5af8005;pcre2_jit_match_8;0x46b90;0x46bc4;0x0;TransmitterType.LOAD;14;0;False;['0x46b90'];<BV64 0x20 + x0>;64;[];[];['<BV64 x0>'];[];['<BV64 x0>'];[];[];0;18446744073709551615;18446744073709551615;1;;;True;0;18446744073709551615;18446744073709551615;1;;;True;ControlType.CONTROLLED;0;<BV64 0x20>;64;[];[];[];[];[];[];[];32.0;32.0;0.0;1.0;;;True;32.0;32.0;0.0;1.0;;;True;ControlType.NO_CONTROL;0;<BV64 0x20>;64;[];[];[];[];[];[];[];32;32;0;1.0;;;True;32.0;32.0;0.0;1.0;;;True;ControlType.NO_CONTROL;0;<BV64 x0>;64;[];[];['<BV64 x0>'];[];['<BV64 x0>'];[];[];0.0;1.8446744073709552e+19;18446744073709551615;1;;;True;0.0;1.8446744073709552e+19;18446744073709551615;1;;;True;ControlType.CONTROLLED;0;<BV64 x0>;64;[];[];['<BV64 x0>'];[];['<BV64 x0>'];[];[];0.0;1.8446744073709552e+19;1.8446744073709552e+19;1.0;;;True;0.0;1.8446744073709552e+19;1.8446744073709552e+19;1.0;;;True;ControlType.CONTROLLED;0;<BV64 x0>;64;[];[];[];[];[];[];[];0;0;0;;;;False;0;0;0;;;;False;ControlType.UNKNOWN;0;[];{'regs': [], 'indirect_regs': [], 'direct_regs': [], 'mem': [], 'const_mem': []};[];{'regs': [], 'indirect_regs': [], 'direct_regs': [], 'mem': [], 'const_mem': []};{'regs': ['<BV64 x0>'], 'indirect_regs': [], 'direct_regs': ['<BV64 x0>'], 'mem': [], 'const_mem': []};{'regs': ['<BV64 x0>'], 'indirect_regs': [], 'direct_regs': ['<BV64 x0>'], 'mem': [], 'const_mem': []};63.0;0.0;64.0;64.0;[];;;;BaseControlType.CONSTANT_BASE;BaseControlType.CONSTANT_BASE;BaseControlType.CONSTANT_BASE;0;BranchControlType.BRANCH_INDEPENDENT_FROM_SECRET;BranchControlType.BRANCH_INDEPENDENT_FROM_SECRET;289732;True;False;True;True;True;False;False;True;True;False;False;False;True;False;True;False;True;False;True;False;[];['has_valid_base'];True;False;True;True;True;False;False;True;True;False;False;False;True;False;True;False;True;False;True;False;[];['has_valid_base']
05af5d1d-191e-4b0b-930c-acfd21e1600e;pcre2_jit_match_8;0x46b90;0x46be8;0x46bc4;TransmitterType.LOAD;23;1;False;['0x46b90', '0x46be4'];<BV64 0x10 + LOAD_64[<BV64 x0 + 0x20>]_29>;64;[('0x46be0', <Bool LOAD_64[<BV64 x0 + 0x20>]_29 != 0x0>, 'Taken')];[];['<BV64 x0>'];"[""<BV64 x0>: ['0x20']""]";[];['<BV64 x0 + 0x20>'];[];0;18446744073709551615;18446744073709551615;1;;;True;17;15;18446744073709551614;1;;;True;ControlType.CONTROLLED;1;<BV64 0x10>;64;[];[];[];[];[];[];[];16.0;16.0;0.0;1.0;;;True;16.0;16.0;0.0;1.0;;;True;ControlType.NO_CONTROL;0;<BV64 0x10>;64;[];[];[];[];[];[];[];16;16;0;1.0;;;True;16.0;16.0;0.0;1.0;;;True;ControlType.NO_CONTROL;0;<BV64 LOAD_64[<BV64 x0 + 0x20>]_29>;64;[('0x46be0', <Bool LOAD_64[<BV64 x0 + 0x20>]_29 != 0x0>, 'Taken')];[];['<BV64 x0>'];"[""<BV64 x0>: ['0x20']""]";[];['<BV64 x0 + 0x20>'];[];0.0;1.8446744073709552e+19;18446744073709551615;1;;;True;1.0;1.8446744073709552e+19;18446744073709551614;1;;;True;ControlType.CONTROLLED;1;<BV64 x0 + 0x20>;64;[];[];['<BV64 x0>'];[];['<BV64 x0>'];[];[];0.0;1.8446744073709552e+19;1.8446744073709552e+19;1.0;;;True;0.0;1.8446744073709552e+19;1.8446744073709552e+19;1.0;;;True;ControlType.CONTROLLED;0;<BV64 LOAD_64[<BV64 x0 + 0x20>]_29>;64;[];[];[];[];[];[];[];0;0;0;;;;False;0;0;0;;;;False;ControlType.UNKNOWN;1;[('0x46be0', <Bool LOAD_64[<BV64 x0 + 0x20>]_29 != 0x0>, 'Taken')];"{'regs': ['<BV64 x0>'], 'indirect_regs': [""<BV64 x0>: ['0x20']""], 'direct_regs': [], 'mem': ['<BV64 x0 + 0x20>'], 'const_mem': []}";[('0x46be8', <Bool x4[5:5] != 0>, 'ConditionType.CMOVE'), ('0x46be8', <Bool True>, 'ConditionType.SIGN_EXT')];{'regs': ['<BV64 x4>'], 'indirect_regs': [], 'direct_regs': ['<BV64 x4>'], 'mem': [], 'const_mem': []};{'regs': ['<BV64 x0>', '<BV64 x4>'], 'indirect_regs': [], 'direct_regs': ['<BV64 x0>', '<BV64 x4>'], 'mem': ['<BV64 x0 + 0x20>'], 'const_mem': []};{'regs': ['<BV64 x0>', '<BV64 x4>'], 'indirect_regs': [], 'direct_regs': ['<BV64 x0>', '<BV64 x4>'], 'mem': ['<BV64 x0 + 0x20>'], 'const_mem': []};63.0;0.0;64.0;64.0;[];;;;BaseControlType.CONSTANT_BASE;BaseControlType.CONSTANT_BASE;BaseControlType.CONSTANT_BASE;1;BranchControlType.BRANCH_DEPENDS_ON_SECRET_VALUE;BranchControlType.BRANCH_INDEPENDENT_FROM_SECRET;289768;True;False;True;True;True;False;False;True;True;False;False;False;True;False;True;True;True;False;True;False;[];['has_valid_base'];True;False;True;True;True;False;False;True;True;False;False;False;True;False;True;True;True;False;True;False;[];['has_valid_base']
ee5fd15e-9878-4276-a896-c3ddedd8f886;pcre2_jit_match_8;0x46b90;0x46bf0;0x0;TransmitterType.LOAD;25;0;False;['0x46b90', '0x46be4', '0x46bf0'];<BV64 0x68 + x0>;64;[];[];['<BV64 x0>'];[];['<BV64 x0>'];[];[];0;18446744073709551615;18446744073709551615;1;;;True;0;18446744073709551615;18446744073709551615;1;;;True;ControlType.CONTROLLED;0;<BV64 0x68>;64;[];[];[];[];[];[];[];104.0;104.0;0.0;1.0;;;True;104.0;104.0;0.0;1.0;;;True;ControlType.NO_CONTROL;0;<BV64 0x68>;64;[];[];[];[];[];[];[];104;104;0;1.0;;;True;104.0;104.0;0.0;1.0;;;True;ControlType.NO_CONTROL;0;<BV64 x0>;64;[];[];['<BV64 x0>'];[];['<BV64 x0>'];[];[];0.0;1.8446744073709552e+19;18446744073709551615;1;;;True;0.0;1.8446744073709552e+19;18446744073709551615;1;;;True;ControlType.CONTROLLED;0;<BV64 x0>;64;[];[];['<BV64 x0>'];[];['<BV64 x0>'];[];[];0.0;1.8446744073709552e+19;1.8446744073709552e+19;1.0;;;True;0.0;1.8446744073709552e+19;1.8446744073709552e+19;1.0;;;True;ControlType.CONTROLLED;0;<BV64 x0>;64;[];[];[];[];[];[];[];0;0;0;;;;False;0;0;0;;;;False;ControlType.UNKNOWN;0;[('0x46be0', <Bool LOAD_64[<BV64 x0 + 0x20>]_29 != 0x0>, 'Taken'), ('0x46bec', <Bool LOAD_64[<BV64 LOAD_64[<BV64 x0 + 0x20>]_29 + 0x10>]_33 != 0x0>, 'Taken')];"{'regs': ['<BV64 x0>'], 'indirect_regs': [""<BV64 x0>: ['0x20', '0x20']""], 'direct_regs': [], 'mem': ['<BV64 LOAD_64[<BV64 x0 + 0x20>]_29 + 0x10>', '<BV64 x0 + 0x20>'], 'const_mem': []}";[('0x46be8', <Bool x4[5:5] != 0>, 'ConditionType.CMOVE'), ('0x46be8', <Bool True>, 'ConditionType.SIGN_EXT')];{'regs': ['<BV64 x4>'], 'indirect_regs': [], 'direct_regs': ['<BV64 x4>'], 'mem': [], 'const_mem': []};{'regs': ['<BV64 x0>', '<BV64 x4>'], 'indirect_regs': [], 'direct_regs': ['<BV64 x0>', '<BV64 x4>'], 'mem': [], 'const_mem': []};{'regs': ['<BV64 x0>', '<BV64 x4>'], 'indirect_regs': [], 'direct_regs': ['<BV64 x0>', '<BV64 x4>'], 'mem': ['<BV64 LOAD_64[<BV64 x0 + 0x20>]_29 + 0x10>', '<BV64 x0 + 0x20>'], 'const_mem': []};63.0;0.0;64.0;64.0;[];;;;BaseControlType.CONSTANT_BASE;BaseControlType.CONSTANT_BASE;BaseControlType.CONSTANT_BASE;2;BranchControlType.BRANCH_DEPENDS_ON_SECRET_VALUE;BranchControlType.BRANCH_INDEPENDENT_FROM_SECRET;289776;True;False;True;True;True;False;False;True;True;False;False;False;True;False;True;True;True;False;True;False;[];['has_valid_base'];True;False;True;True;True;False;False;True;True;False;False;False;True;False;True;True;True;False;True;False;[];['has_valid_base']
d29b610f-93cf-4b34-aea1-8eca816843be;pcre2_jit_match_8;0x46b90;0x46c38;0x46c30;TransmitterType.CODE_LOAD;43;1;False;['0x46b90', '0x46be4', '0x46bf0', '0x46c10', '0x46c38'];<BV64 LOAD_64[<BV64 x6 + 0x18>]_50>;64;[('0x46c34', <Bool LOAD_64[<BV64 x6 + 0x18>]_50 != 0x0>, 'Taken')];[];['<BV64 x6>'];"[""<BV64 x6>: ['0x18']""]";[];['<BV64 x6 + 0x18>'];[];0;18446744073709551615;18446744073709551615;1;;;True;1;18446744073709551615;18446744073709551614;1;;;True;ControlType.CONTROLLED;1;;0;[];[];[];[];[];[];[];0.0;0.0;0.0;0.0;;;False;0.0;0.0;0.0;0.0;;;False;ControlType.UNKNOWN;0;;0;[];[];[];[];[];[];[];0;0;0;;;;False;0.0;0.0;0.0;0.0;;;False;ControlType.UNKNOWN;0;<BV64 LOAD_64[<BV64 x6 + 0x18>]_50>;64;[('0x46c34', <Bool LOAD_64[<BV64 x6 + 0x18>]_50 != 0x0>, 'Taken')];[];['<BV64 x6>'];"[""<BV64 x6>: ['0x18']""]";[];['<BV64 x6 + 0x18>'];[];0.0;1.8446744073709552e+19;18446744073709551615;1;;;True;1.0;1.8446744073709552e+19;18446744073709551614;1;;;True;ControlType.CONTROLLED;1;<BV64 x6 + 0x18>;64;[('0x46c0c', <Bool x6 != 0x0>, 'Taken')];[];['<BV64 x6>'];[];['<BV64 x6>'];[];[];0.0;1.8446744073709552e+19;1.8446744073709552e+19;1.0;;;True;25.0;23.0;1.8446744073709552e+19;1.0;;;True;ControlType.CONTROLLED;0;<BV64 LOAD_64[<BV64 x6 + 0x18>]_50>;64;[];[];[];[];[];[];[];0;0;0;;;;False;0;0;0;;;;False;ControlType.UNKNOWN;1;[('0x46be0', <Bool LOAD_64[<BV64 x0 + 0x20>]_29 != 0x0>, 'Taken'), ('0x46bec', <Bool LOAD_64[<BV64 LOAD_64[<BV64 x0 + 0x20>]_29 + 0x10>]_33 != 0x0>, 'Taken'), ('0x46c0c', <Bool x6 != 0x0>, 'Taken'), ('0x46c34', <Bool LOAD_64[<BV64 x6 + 0x18>]_50 != 0x0>, 'Taken')];"{'regs': ['<BV64 x0>', '<BV64 x6>'], 'indirect_regs': [""<BV64 x0>: ['0x20', '0x20']""], 'direct_regs': ['<BV64 x6>'], 'mem': ['<BV64 LOAD_64[<BV64 x0 + 0x20>]_29 + 0x10>', '<BV64 x0 + 0x20>', '<BV64 x6 + 0x18>'], 'const_mem': []}";[('0x46be8', <Bool x4[5:5] != 0>, 'ConditionType.CMOVE'), ('0x46be8', <Bool True>, 'ConditionType.SIGN_EXT')];{'regs': ['<BV64 x4>'], 'indirect_regs': [], 'direct_regs': ['<BV64 x4>'], 'mem': [], 'const_mem': []};{'regs': ['<BV64 x4>', '<BV64 x6>'], 'indirect_regs': [], 'direct_regs': ['<BV64 x4>', '<BV64 x6>'], 'mem': ['<BV64 x6 + 0x18>'], 'const_mem': []};"{'regs': ['<BV64 x0>', '<BV64 x4>', '<BV64 x6>'], 'indirect_regs': [""<BV64 x0>: ['0x20', '0x20']""], 'direct_regs': ['<BV64 x4>', '<BV64 x6>'], 'mem': ['<BV64 LOAD_64[<BV64 x0 + 0x20>]_29 + 0x10>', '<BV64 x0 + 0x20>', '<BV64 x6 + 0x18>'], 'const_mem': []}";63.0;0.0;64.0;64.0;[];;;;BaseControlType.NO_BASE;BaseControlType.NO_BASE;BaseControlType.NO_BASE;4;BranchControlType.BRANCH_DEPENDS_ON_SECRET_VALUE;BranchControlType.BRANCH_INDEPENDENT_FROM_SECRET;289848;True;False;True;True;True;False;False;True;True;False;False;False;True;False;True;True;True;False;True;False;[];['has_valid_base'];True;False;True;True;True;False;False;True;True;False;False;False;True;False;True;True;True;False;True;False;[];['has_valid_base']
1076eadb-b981-4aaa-850d-4e88e2d13d89;pcre2_jit_match_8;0x46b90;0x46c40;0x46bc4;TransmitterType.LOAD;43;1;False;['0x46b90', '0x46be4', '0x46bf0', '0x46c10', '0x46c40'];<BV64 0x48 + LOAD_64[<BV64 x0 + 0x20>]_29>;64;[('0x46be0', <Bool LOAD_64[<BV64 x0 + 0x20>]_29 != 0x0>, 'Taken')];[];['<BV64 x0>'];"[""<BV64 x0>: ['0x20']""]";[];['<BV64 x0 + 0x20>'];[];0;18446744073709551615;18446744073709551615;1;;;True;73;71;18446744073709551614;1;;;True;ControlType.CONTROLLED;1;<BV64 0x48>;64;[];[];[];[];[];[];[];72.0;72.0;0.0;1.0;;;True;72.0;72.0;0.0;1.0;;;True;ControlType.NO_CONTROL;0;<BV64 0x48>;64;[];[];[];[];[];[];[];72;72;0;1.0;;;True;72.0;72.0;0.0;1.0;;;True;ControlType.NO_CONTROL;0;<BV64 LOAD_64[<BV64 x0 + 0x20>]_29>;64;[('0x46be0', <Bool LOAD_64[<BV64 x0 + 0x20>]_29 != 0x0>, 'Taken')];[];['<BV64 x0>'];"[""<BV64 x0>: ['0x20']""]";[];['<BV64 x0 + 0x20>'];[];0.0;1.8446744073709552e+19;18446744073709551615;1;;;True;1.0;1.8446744073709552e+19;18446744073709551614;1;;;True;ControlType.CONTROLLED;1;<BV64 x0 + 0x20>;64;[];[];['<BV64 x0>'];[];['<BV64 x0>'];[];[];0.0;1.8446744073709552e+19;1.8446744073709552e+19;1.0;;;True;0.0;1.8446744073709552e+19;1.8446744073709552e+19;1.0;;;True;ControlType.CONTROLLED;0;<BV64 LOAD_64[<BV64 x0 + 0x20>]_29>;64;[];[];[];[];[];[];[];0;0;0;;;;False;0;0;0;;;;False;ControlType.UNKNOWN;1;[('0x46be0', <Bool LOAD_64[<BV64 x0 + 0x20>]_29 != 0x0>, 'Taken'), ('0x46bec', <Bool LOAD_64[<BV64 LOAD_64[<BV64 x0 + 0x20>]_29 + 0x10>]_33 != 0x0>, 'Taken'), ('0x46c0c', <Bool x6 != 0x0>, 'Taken'), ('0x46c34', <Bool LOAD_64[<BV64 x6 + 0x18>]_50 == 0x0>, 'Taken')];"{'regs': ['<BV64 x0>', '<BV64 x6>'], 'indirect_regs': [""<BV64 x0>: ['0x20', '0x20']""], 'direct_regs': ['<BV64 x6>'], 'mem': ['<BV64 LOAD_64[<BV64 x0 + 0x20>]_29 + 0x10>', '<BV64 x0 + 0x20>', '<BV64 x6 + 0x18>'], 'const_mem': []}";[('0x46be8', <Bool x4[5:5] != 0>, 'ConditionType.CMOVE'), ('0x46be8', <Bool True>, 'ConditionType.SIGN_EXT')];{'regs': ['<BV64 x4>'], 'indirect_regs': [], 'direct_regs': ['<BV64 x4>'], 'mem': [], 'const_mem': []};{'regs': ['<BV64 x0>', '<BV64 x4>'], 'indirect_regs': [], 'direct_regs': ['<BV64 x0>', '<BV64 x4>'], 'mem': ['<BV64 x0 + 0x20>'], 'const_mem': []};{'regs': ['<BV64 x0>', '<BV64 x4>', '<BV64 x6>'], 'indirect_regs': [], 'direct_regs': ['<BV64 x0>', '<BV64 x4>', '<BV64 x6>'], 'mem': ['<BV64 LOAD_64[<BV64 x0 + 0x20>]_29 + 0x10>', '<BV64 x0 + 0x20>', '<BV64 x6 + 0x18>'], 'const_mem': []};63.0;0.0;64.0;64.0;[];;;;BaseControlType.CONSTANT_BASE;BaseControlType.CONSTANT_BASE;BaseControlType.CONSTANT_BASE;4;BranchControlType.BRANCH_DEPENDS_ON_SECRET_VALUE;BranchControlType.BRANCH_INDEPENDENT_FROM_SECRET;289856;True;False;True;True;True;False;False;True;True;False;False;False;True;False;True;True;True;False;True;False;[];['has_valid_base'];True;False;True;True;True;False;False;True;True;False;False;False;True;False;True;True;True;False;True;False;[];['has_valid_base']
97f05b3f-dc38-484a-b237-d5e81c397ba1;pcre2_jit_match_8;0x46b90;0x46ce4;0x46bc4;TransmitterType.LOAD;33;1;False;['0x46b90', '0x46be4', '0x46bf0', '0x46ce4'];<BV64 0x48 + LOAD_64[<BV64 x0 + 0x20>]_29>;64;[('0x46be0', <Bool LOAD_64[<BV64 x0 + 0x20>]_29 != 0x0>, 'Taken')];[];['<BV64 x0>'];"[""<BV64 x0>: ['0x20']""]";[];['<BV64 x0 + 0x20>'];[];0;18446744073709551615;18446744073709551615;1;;;True;73;71;18446744073709551614;1;;;True;ControlType.CONTROLLED;1;<BV64 0x48>;64;[];[];[];[];[];[];[];72.0;72.0;0.0;1.0;;;True;72.0;72.0;0.0;1.0;;;True;ControlType.NO_CONTROL;0;<BV64 0x48>;64;[];[];[];[];[];[];[];72;72;0;1.0;;;True;72.0;72.0;0.0;1.0;;;True;ControlType.NO_CONTROL;0;<BV64 LOAD_64[<BV64 x0 + 0x20>]_29>;64;[('0x46be0', <Bool LOAD_64[<BV64 x0 + 0x20>]_29 != 0x0>, 'Taken')];[];['<BV64 x0>'];"[""<BV64 x0>: ['0x20']""]";[];['<BV64 x0 + 0x20>'];[];0.0;1.8446744073709552e+19;18446744073709551615;1;;;True;1.0;1.8446744073709552e+19;18446744073709551614;1;;;True;ControlType.CONTROLLED;1;<BV64 x0 + 0x20>;64;[];[];['<BV64 x0>'];[];['<BV64 x0>'];[];[];0.0;1.8446744073709552e+19;1.8446744073709552e+19;1.0;;;True;0.0;1.8446744073709552e+19;1.8446744073709552e+19;1.0;;;True;ControlType.CONTROLLED;0;<BV64 LOAD_64[<BV64 x0 + 0x20>]_29>;64;[];[];[];[];[];[];[];0;0;0;;;;False;0;0;0;;;;False;ControlType.UNKNOWN;1;[('0x46be0', <Bool LOAD_64[<BV64 x0 + 0x20>]_29 != 0x0>, 'Taken'), ('0x46bec', <Bool LOAD_64[<BV64 LOAD_64[<BV64 x0 + 0x20>]_29 + 0x10>]_33 != 0x0>, 'Taken'), ('0x46c0c', <Bool x6 == 0x0>, 'Taken')];"{'regs': ['<BV64 x0>', '<BV64 x6>'], 'indirect_regs': [""<BV64 x0>: ['0x20', '0x20']""], 'direct_regs': ['<BV64 x6>'], 'mem': ['<BV64 LOAD_64[<BV64 x0 + 0x20>]_29 + 0x10>', '<BV64 x0 + 0x20>'], 'const_mem': []}";[('0x46be8', <Bool x4[5:5] != 0>, 'ConditionType.CMOVE'), ('0x46be8', <Bool True>, 'ConditionType.SIGN_EXT')];{'regs': ['<BV64 x4>'], 'indirect_regs': [], 'direct_regs': ['<BV64 x4>'], 'mem': [], 'const_mem': []};{'regs': ['<BV64 x0>', '<BV64 x4>'], 'indirect_regs': [], 'direct_regs': ['<BV64 x0>', '<BV64 x4>'], 'mem': ['<BV64 x0 + 0x20>'], 'const_mem': []};{'regs': ['<BV64 x0>', '<BV64 x4>', '<BV64 x6>'], 'indirect_regs': [], 'direct_regs': ['<BV64 x0>', '<BV64 x4>', '<BV64 x6>'], 'mem': ['<BV64 LOAD_64[<BV64 x0 + 0x20>]_29 + 0x10>', '<BV64 x0 + 0x20>'], 'const_mem': []};63.0;0.0;64.0;64.0;[];;;;BaseControlType.CONSTANT_BASE;BaseControlType.CONSTANT_BASE;BaseControlType.CONSTANT_BASE;3;BranchControlType.BRANCH_DEPENDS_ON_SECRET_VALUE;BranchControlType.BRANCH_INDEPENDENT_FROM_SECRET;290020;True;False;True;True;True;False;False;True;True;False;False;False;True;False;True;True;True;False;True;False;[];['has_valid_base'];True;False;True;True;True;False;False;True;True;False;False;False;True;False;True;True;True;False;True;False;[];['has_valid_base']
46d2be9b-711f-4320-9c9d-21ffb7a122cd;pcre2_jit_match_8;0x46b90;0x427ac;0x46be8;TransmitterType.CODE_LOAD;66;2;False;['0x46b90', '0x46be4', '0x46bf0', '0x46ce4', '0x42760'];<BV64 LOAD_64[<BV64 LOAD_64[<BV64 x0 + 0x20>]_29 + 0x10>]_33>;64;[('0x46bec', <Bool LOAD_64[<BV64 LOAD_64[<BV64 x0 + 0x20>]_29 + 0x10>]_33 != 0x0>, 'Taken')];[];['<BV64 x0>'];"[""<BV64 x0>: ['0x20']""]";[];['<BV64 LOAD_64[<BV64 x0 + 0x20>]_29 + 0x10>', '<BV64 x0 + 0x20>'];[];0;18446744073709551615;18446744073709551615;1;;;True;1;18446744073709551615;18446744073709551614;1;;;True;ControlType.CONTROLLED;2;;0;[];[];[];[];[];[];[];0.0;0.0;0.0;0.0;;;False;0.0;0.0;0.0;0.0;;;False;ControlType.UNKNOWN;0;;0;[];[];[];[];[];[];[];0;0;0;;;;False;0.0;0.0;0.0;0.0;;;False;ControlType.UNKNOWN;0;<BV64 LOAD_64[<BV64 LOAD_64[<BV64 x0 + 0x20>]_29 + 0x10>]_33>;64;[('0x46bec', <Bool LOAD_64[<BV64 LOAD_64[<BV64 x0 + 0x20>]_29 + 0x10>]_33 != 0x0>, 'Taken')];[];['<BV64 x0>'];"[""<BV64 x0>: ['0x20']""]";[];['<BV64 LOAD_64[<BV64 x0 + 0x20>]_29 + 0x10>', '<BV64 x0 + 0x20>'];[];0.0;1.8446744073709552e+19;18446744073709551615;1;;;True;1.0;1.8446744073709552e+19;18446744073709551614;1;;;True;ControlType.CONTROLLED;2;<BV64 LOAD_64[<BV64 x0 + 0x20>]_29 + 0x10>;64;[('0x46be0', <Bool LOAD_64[<BV64 x0 + 0x20>]_29 != 0x0>, 'Taken')];[];['<BV64 x0>'];"[""<BV64 x0>: ['0x20']""]";[];['<BV64 x0 + 0x20>'];[];0.0;1.8446744073709552e+19;1.8446744073709552e+19;1.0;;;True;17.0;15.0;1.8446744073709552e+19;1.0;;;True;ControlType.CONTROLLED;1;<BV64 LOAD_64[<BV64 LOAD_64[<BV64 x0 + 0x20>]_29 + 0x10>]_33>;64;[];[];[];[];[];[];[];0;0;0;;;;False;0;0;0;;;;False;ControlType.UNKNOWN;2;[('0x46be0', <Bool LOAD_64[<BV64 x0 + 0x20>]_29 != 0x0>, 'Taken'), ('0x46bec', <Bool LOAD_64[<BV64 LOAD_64[<BV64 x0 + 0x20>]_29 + 0x10>]_33 != 0x0>, 'Taken'), ('0x46c0c', <Bool x6 == 0x0>, 'Taken'), ('0x46d18', <Bool True>, 'Taken')];"{'regs': ['<BV64 x0>', '<BV64 x6>'], 'indirect_regs': [""<BV64 x0>: ['0x20', '0x20']""], 'direct_regs': ['<BV64 x6>'], 'mem': ['<BV64 LOAD_64[<BV64 x0 + 0x20>]_29 + 0x10>', '<BV64 x0 + 0x20>'], 'const_mem': []}";[('0x46be8', <Bool x4[5:5] != 0>, 'ConditionType.CMOVE'), ('0x46be8', <Bool True>, 'ConditionType.SIGN_EXT')];{'regs': ['<BV64 x4>'], 'indirect_regs': [], 'direct_regs': ['<BV64 x4>'], 'mem': [], 'const_mem': []};"{'regs': ['<BV64 x0>', '<BV64 x4>'], 'indirect_regs': [""<BV64 x0>: ['0x20', '0x20']""], 'direct_regs': ['<BV64 x4>'], 'mem': ['<BV64 LOAD_64[<BV64 x0 + 0x20>]_29 + 0x10>', '<BV64 x0 + 0x20>'], 'const_mem': []}";"{'regs': ['<BV64 x0>', '<BV64 x4>', '<BV64 x6>'], 'indirect_regs': [""<BV64 x0>: ['0x20', '0x20', '0x20', '0x20']""], 'direct_regs': ['<BV64 x4>', '<BV64 x6>'], 'mem': ['<BV64 LOAD_64[<BV64 x0 + 0x20>]_29 + 0x10>', '<BV64 x0 + 0x20>'], 'const_mem': []}";63.0;0.0;64.0;64.0;[];;;;BaseControlType.NO_BASE;BaseControlType.NO_BASE;BaseControlType.NO_BASE;4;BranchControlType.BRANCH_DEPENDS_ON_SECRET_VALUE;BranchControlType.BRANCH_INDEPENDENT_FROM_SECRET;272300;True;False;True;True;True;False;False;True;True;False;False;False;True;False;True;True;True;False;True;False;[];['has_valid_base'];True;False;True;True;True;False;False;True;True;False;False;False;True;False;True;True;True;False;True;False;[];['has_valid_base']
3f42a51e-b826-423a-92cd-868005db93ae;pcre2_jit_match_8;0x46b90;0x46be8;0x46bc4;TransmitterType.LOAD;23;1;False;['0x46b90', '0x46be4'];<BV64 LOAD_64[<BV64 x0 + 0x20>]_29 + (0#60 .. (0#3 .. x4[4:4]) << 3)>;64;[('0x46be0', <Bool LOAD_64[<BV64 x0 + 0x20>]_29 != 0x0>, 'Taken')];[('0x46be8', <Bool (0x0 .. x4[4:4])[31:31] == 0>, 'ConditionType.SIGN_EXT'), ('0x46be8', <Bool x4[5:5] == 0>, 'ConditionType.CMOVE')];['<BV64 x0>', '<BV64 x4>'];"[""<BV64 x0>: ['0x20']""]";['<BV64 x4>'];['<BV64 x0 + 0x20>'];[];0;18446744073709551615;18446744073709551615;1;;;False;0;18446744073709551615;18446744073709551615;1;;;False;ControlType.CONTROLLED;1;<BV64 0#60 .. (0#3 .. x4[4:4]) << 3>;64;[];[('0x46be8', <Bool (0x0 .. x4[4:4])[31:31] == 0>, 'ConditionType.SIGN_EXT'), ('0x46be8', <Bool x4[5:5] == 0>, 'ConditionType.CMOVE')];['<BV64 x4>'];[];['<BV64 x4>'];[];[];0.0;8.0;8.0;8.0;;;True;0.0;8.0;8.0;8.0;;;True;ControlType.CONTROLLED;0;<BV64 0#60 .. (0#3 .. x4[4:4]) << 3>;64;[];[];['<BV64 x4>'];[];['<BV64 x4>'];[];[];0;8;8;8.0;;;True;0.0;8.0;8.0;8.0;;;True;ControlType.CONTROLLED;0;<BV64 LOAD_64[<BV64 x0 + 0x20>]_29>;64;[('0x46be0', <Bool LOAD_64[<BV64 x0 + 0x20>]_29 != 0x0>, 'Taken')];[];['<BV64 x0>'];"[""<BV64 x0>: ['0x20']""]";[];['<BV64 x0 + 0x20>'];[];0.0;1.8446744073709552e+19;18446744073709551615;1;;;True;1.0;1.8446744073709552e+19;18446744073709551614;1;;;True;ControlType.CONTROLLED;1;<BV64 x0 + 0x20>;64;[];[];['<BV64 x0>'];[];['<BV64 x0>'];[];[];0.0;1.8446744073709552e+19;1.8446744073709552e+19;1.0;;;True;0.0;1.8446744073709552e+19;1.8446744073709552e+19;1.0;;;True;ControlType.CONTROLLED;0;<BV64 LOAD_64[<BV64 x0 + 0x20>]_29>;64;[];[];[];[];[];[];[];0;0;0;;;;False;0;0;0;;;;False;ControlType.UNKNOWN;1;[('0x46be0', <Bool LOAD_64[<BV64 x0 + 0x20>]_29 != 0x0>, 'Taken')];"{'regs': ['<BV64 x0>'], 'indirect_regs': [""<BV64 x0>: ['0x20']""], 'direct_regs': [], 'mem': ['<BV64 x0 + 0x20>'], 'const_mem': []}";[('0x46be8', <Bool (0x0 .. x4[4:4])[31:31] == 0>, 'ConditionType.SIGN_EXT'), ('0x46be8', <Bool x4[5:5] == 0>, 'ConditionType.CMOVE')];{'regs': ['<BV64 x4>'], 'indirect_regs': [], 'direct_regs': ['<BV64 x4>'], 'mem': [], 'const_mem': []};{'regs': ['<BV64 x0>', '<BV64 x4>'], 'indirect_regs': [], 'direct_regs': ['<BV64 x0>', '<BV64 x4>'], 'mem': ['<BV64 x0 + 0x20>'], 'const_mem': []};{'regs': ['<BV64 x0>', '<BV64 x4>'], 'indirect_regs': [], 'direct_regs': ['<BV64 x0>', '<BV64 x4>'], 'mem': ['<BV64 x0 + 0x20>'], 'const_mem': []};63.0;0.0;64.0;64.0;[];;;;BaseControlType.BASE_INDEPENDENT_FROM_SECRET;BaseControlType.BASE_INDEPENDENT_FROM_SECRET;BaseControlType.BASE_INDEPENDENT_FROM_SECRET;1;BranchControlType.BRANCH_DEPENDS_ON_SECRET_VALUE;BranchControlType.BRANCH_INDEPENDENT_FROM_SECRET;289768;True;False;True;True;True;False;False;True;True;False;False;False;True;False;True;True;True;False;True;False;[];['has_valid_base'];True;False;True;True;True;False;False;True;True;False;False;False;True;False;True;True;True;False;True;False;[];['has_valid_base']
262e755f-73f9-4fc5-90bd-0e78f619eb2a;pcre2_jit_match_8;0x46b90;0x46bf0;0x0;TransmitterType.LOAD;25;0;False;['0x46b90', '0x46be4', '0x46bf0'];<BV64 0x68 + x0>;64;[];[];['<BV64 x0>'];[];['<BV64 x0>'];[];[];0;18446744073709551615;18446744073709551615;1;;;True;0;18446744073709551615;18446744073709551615;1;;;True;ControlType.CONTROLLED;0;<BV64 0x68>;64;[];[];[];[];[];[];[];104.0;104.0;0.0;1.0;;;True;104.0;104.0;0.0;1.0;;;True;ControlType.NO_CONTROL;0;<BV64 0x68>;64;[];[];[];[];[];[];[];104;104;0;1.0;;;True;104.0;104.0;0.0;1.0;;;True;ControlType.NO_CONTROL;0;<BV64 x0>;64;[];[];['<BV64 x0>'];[];['<BV64 x0>'];[];[];0.0;1.8446744073709552e+19;18446744073709551615;1;;;True;0.0;1.8446744073709552e+19;18446744073709551615;1;;;True;ControlType.CONTROLLED;0;<BV64 x0>;64;[];[];['<BV64 x0>'];[];['<BV64 x0>'];[];[];0.0;1.8446744073709552e+19;1.8446744073709552e+19;1.0;;;True;0.0;1.8446744073709552e+19;1.8446744073709552e+19;1.0;;;True;ControlType.CONTROLLED;0;<BV64 x0>;64;[];[];[];[];[];[];[];0;0;0;;;;False;0;0;0;;;;False;ControlType.UNKNOWN;0;[('0x46be0', <Bool LOAD_64[<BV64 x0 + 0x20>]_29 != 0x0>, 'Taken'), ('0x46bec', <Bool LOAD_64[<BV64 LOAD_64[<BV64 x0 + 0x20>]_29 + ((0x0 .. (0x0 .. x4[4:4])) << 0x3)>]_82 != 0x0>, 'Taken')];"{'regs': ['<BV64 x0>', '<BV64 x4>'], 'indirect_regs': [""<BV64 x0>: ['0x20', '0x20']"", '<BV64 x4>: []'], 'direct_regs': [], 'mem': ['<BV64 LOAD_64[<BV64 x0 + 0x20>]_29 + ((0x0 .. (0x0 .. x4[4:4])) << 0x3)>', '<BV64 x0 + 0x20>'], 'const_mem': []}";[('0x46be8', <Bool (0x0 .. x4[4:4])[31:31] == 0>, 'ConditionType.SIGN_EXT'), ('0x46be8', <Bool x4[5:5] == 0>, 'ConditionType.CMOVE')];{'regs': ['<BV64 x4>'], 'indirect_regs': [], 'direct_regs': ['<BV64 x4>'], 'mem': [], 'const_mem': []};{'regs': ['<BV64 x0>', '<BV64 x4>'], 'indirect_regs': [], 'direct_regs': ['<BV64 x0>', '<BV64 x4>'], 'mem': [], 'const_mem': []};{'regs': ['<BV64 x0>', '<BV64 x4>'], 'indirect_regs': [], 'direct_regs': ['<BV64 x0>', '<BV64 x4>'], 'mem': ['<BV64 LOAD_64[<BV64 x0 + 0x20>]_29 + ((0x0 .. (0x0 .. x4[4:4])) << 0x3)>', '<BV64 x0 + 0x20>'], 'const_mem': []};63.0;0.0;64.0;64.0;[];;;;BaseControlType.CONSTANT_BASE;BaseControlType.CONSTANT_BASE;BaseControlType.CONSTANT_BASE;2;BranchControlType.BRANCH_DEPENDS_ON_SECRET_VALUE;BranchControlType.BRANCH_INDEPENDENT_FROM_SECRET;289776;True;False;True;True;True;False;False;True;True;False;False;False;True;False;True;True;True;False;True;False;[];['has_valid_base'];True;False;True;True;True;False;False;True;True;False;False;False;True;False;True;True;True;False;True;False;[];['has_valid_base']
95d6af6f-d747-40d0-b36d-9dd6417bee81;pcre2_jit_match_8;0x46b90;0x46c38;0x46c30;TransmitterType.CODE_LOAD;43;1;False;['0x46b90', '0x46be4', '0x46bf0', '0x46c10', '0x46c38'];<BV64 LOAD_64[<BV64 x6 + 0x18>]_99>;64;[('0x46c34', <Bool LOAD_64[<BV64 x6 + 0x18>]_99 != 0x0>, 'Taken')];[];['<BV64 x6>'];"[""<BV64 x6>: ['0x18']""]";[];['<BV64 x6 + 0x18>'];[];0;18446744073709551615;18446744073709551615;1;;;True;1;18446744073709551615;18446744073709551614;1;;;True;ControlType.CONTROLLED;1;;0;[];[];[];[];[];[];[];0.0;0.0;0.0;0.0;;;False;0.0;0.0;0.0;0.0;;;False;ControlType.UNKNOWN;0;;0;[];[];[];[];[];[];[];0;0;0;;;;False;0.0;0.0;0.0;0.0;;;False;ControlType.UNKNOWN;0;<BV64 LOAD_64[<BV64 x6 + 0x18>]_99>;64;[('0x46c34', <Bool LOAD_64[<BV64 x6 + 0x18>]_99 != 0x0>, 'Taken')];[];['<BV64 x6>'];"[""<BV64 x6>: ['0x18']""]";[];['<BV64 x6 + 0x18>'];[];0.0;1.8446744073709552e+19;18446744073709551615;1;;;True;1.0;1.8446744073709552e+19;18446744073709551614;1;;;True;ControlType.CONTROLLED;1;<BV64 x6 + 0x18>;64;[('0x46c0c', <Bool x6 != 0x0>, 'Taken')];[];['<BV64 x6>'];[];['<BV64 x6>'];[];[];0.0;1.8446744073709552e+19;1.8446744073709552e+19;1.0;;;True;25.0;23.0;1.8446744073709552e+19;1.0;;;True;ControlType.CONTROLLED;0;<BV64 LOAD_64[<BV64 x6 + 0x18>]_99>;64;[];[];[];[];[];[];[];0;0;0;;;;False;0;0;0;;;;False;ControlType.UNKNOWN;1;[('0x46be0', <Bool LOAD_64[<BV64 x0 + 0x20>]_29 != 0x0>, 'Taken'), ('0x46bec', <Bool LOAD_64[<BV64 LOAD_64[<BV64 x0 + 0x20>]_29 + ((0x0 .. (0x0 .. x4[4:4])) << 0x3)>]_82 != 0x0>, 'Taken'), ('0x46c0c', <Bool x6 != 0x0>, 'Taken'), ('0x46c34', <Bool LOAD_64[<BV64 x6 + 0x18>]_99 != 0x0>, 'Taken')];"{'regs': ['<BV64 x0>', '<BV64 x4>', '<BV64 x6>'], 'indirect_regs': [""<BV64 x0>: ['0x20', '0x20']"", '<BV64 x4>: []'], 'direct_regs': ['<BV64 x6>'], 'mem': ['<BV64 LOAD_64[<BV64 x0 + 0x20>]_29 + ((0x0 .. (0x0 .. x4[4:4])) << 0x3)>', '<BV64 x0 + 0x20>', '<BV64 x6 + 0x18>'], 'const_mem': []}";[('0x46be8', <Bool (0x0 .. x4[4:4])[31:31] == 0>, 'ConditionType.SIGN_EXT'), ('0x46be8', <Bool x4[5:5] == 0>, 'ConditionType.CMOVE')];{'regs': ['<BV64 x4>'], 'indirect_regs': [], 'direct_regs': ['<BV64 x4>'], 'mem': [], 'const_mem': []};{'regs': ['<BV64 x4>', '<BV64 x6>'], 'indirect_regs': [], 'direct_regs': ['<BV64 x4>', '<BV64 x6>'], 'mem': ['<BV64 x6 + 0x18>'], 'const_mem': []};"{'regs': ['<BV64 x0>', '<BV64 x4>', '<BV64 x6>'], 'indirect_regs': [""<BV64 x0>: ['0x20', '0x20']""], 'direct_regs': ['<BV64 x4>', '<BV64 x6>'], 'mem': ['<BV64 LOAD_64[<BV64 x0 + 0x20>]_29 + ((0x0 .. (0x0 .. x4[4:4])) << 0x3)>', '<BV64 x0 + 0x20>', '<BV64 x6 + 0x18>'], 'const_mem': []}";63.0;0.0;64.0;64.0;[];;;;BaseControlType.NO_BASE;BaseControlType.NO_BASE;BaseControlType.NO_BASE;4;BranchControlType.BRANCH_DEPENDS_ON_SECRET_VALUE;BranchControlType.BRANCH_INDEPENDENT_FROM_SECRET;289848;True;False;True;True;True;False;False;True;True;False;False;False;True;False;True;True;True;False;True;False;[];['has_valid_base'];True;False;True;True;True;False;False;True;True;False;False;False;True;False;True;True;True;False;True;False;[];['has_valid_base']
5fb76e46-889d-4d52-8420-3add864adad2;pcre2_jit_match_8;0x46b90;0x46c40;0x46bc4;TransmitterType.LOAD;43;1;False;['0x46b90', '0x46be4', '0x46bf0', '0x46c10', '0x46c40'];<BV64 0x48 + LOAD_64[<BV64 x0 + 0x20>]_29>;64;[('0x46be0', <Bool LOAD_64[<BV64 x0 + 0x20>]_29 != 0x0>, 'Taken')];[];['<BV64 x0>'];"[""<BV64 x0>: ['0x20']""]";[];['<BV64 x0 + 0x20>'];[];0;18446744073709551615;18446744073709551615;1;;;True;73;71;18446744073709551614;1;;;True;ControlType.CONTROLLED;1;<BV64 0x48>;64;[];[];[];[];[];[];[];72.0;72.0;0.0;1.0;;;True;72.0;72.0;0.0;1.0;;;True;ControlType.NO_CONTROL;0;<BV64 0x48>;64;[];[];[];[];[];[];[];72;72;0;1.0;;;True;72.0;72.0;0.0;1.0;;;True;ControlType.NO_CONTROL;0;<BV64 LOAD_64[<BV64 x0 + 0x20>]_29>;64;[('0x46be0', <Bool LOAD_64[<BV64 x0 + 0x20>]_29 != 0x0>, 'Taken')];[];['<BV64 x0>'];"[""<BV64 x0>: ['0x20']""]";[];['<BV64 x0 + 0x20>'];[];0.0;1.8446744073709552e+19;18446744073709551615;1;;;True;1.0;1.8446744073709552e+19;18446744073709551614;1;;;True;ControlType.CONTROLLED;1;<BV64 x0 + 0x20>;64;[];[];['<BV64 x0>'];[];['<BV64 x0>'];[];[];0.0;1.8446744073709552e+19;1.8446744073709552e+19;1.0;;;True;0.0;1.8446744073709552e+19;1.8446744073709552e+19;1.0;;;True;ControlType.CONTROLLED;0;<BV64 LOAD_64[<BV64 x0 + 0x20>]_29>;64;[];[];[];[];[];[];[];0;0;0;;;;False;0;0;0;;;;False;ControlType.UNKNOWN;1;[('0x46be0', <Bool LOAD_64[<BV64 x0 + 0x20>]_29 != 0x0>, 'Taken'), ('0x46bec', <Bool LOAD_64[<BV64 LOAD_64[<BV64 x0 + 0x20>]_29 + ((0x0 .. (0x0 .. x4[4:4])) << 0x3)>]_82 != 0x0>, 'Taken'), ('0x46c0c', <Bool x6 != 0x0>, 'Taken'), ('0x46c34', <Bool LOAD_64[<BV64 x6 + 0x18>]_99 == 0x0>, 'Taken')];"{'regs': ['<BV64 x0>', '<BV64 x4>', '<BV64 x6>'], 'indirect_regs': [""<BV64 x0>: ['0x20', '0x20']"", '<BV64 x4>: []'], 'direct_regs': ['<BV64 x6>'], 'mem': ['<BV64 LOAD_64[<BV64 x0 + 0x20>]_29 + ((0x0 .. (0x0 .. x4[4:4])) << 0x3)>', '<BV64 x0 + 0x20>', '<BV64 x6 + 0x18>'], 'const_mem': []}";[('0x46be8', <Bool (0x0 .. x4[4:4])[31:31] == 0>, 'ConditionType.SIGN_EXT'), ('0x46be8', <Bool x4[5:5] == 0>, 'ConditionType.CMOVE')];{'regs': ['<BV64 x4>'], 'indirect_regs': [], 'direct_regs': ['<BV64 x4>'], 'mem': [], 'const_mem': []};{'regs': ['<BV64 x0>', '<BV64 x4>'], 'indirect_regs': [], 'direct_regs': ['<BV64 x0>', '<BV64 x4>'], 'mem': ['<BV64 x0 + 0x20>'], 'const_mem': []};{'regs': ['<BV64 x0>', '<BV64 x4>', '<BV64 x6>'], 'indirect_regs': [], 'direct_regs': ['<BV64 x0>', '<BV64 x4>', '<BV64 x6>'], 'mem': ['<BV64 LOAD_64[<BV64 x0 + 0x20>]_29 + ((0x0 .. (0x0 .. x4[4:4])) << 0x3)>', '<BV64 x0 + 0x20>', '<BV64 x6 + 0x18>'], 'const_mem': []};63.0;0.0;64.0;64.0;[];;;;BaseControlType.CONSTANT_BASE;BaseControlType.CONSTANT_BASE;BaseControlType.CONSTANT_BASE;4;BranchControlType.BRANCH_DEPENDS_ON_SECRET_VALUE;BranchControlType.BRANCH_INDEPENDENT_FROM_SECRET;289856;True;False;True;True;True;False;False;True;True;False;False;False;True;False;True;True;True;False;True;False;[];['has_valid_base'];True;False;True;True;True;False;False;True;True;False;False;False;True;False;True;True;True;False;True;False;[];['has_valid_base']
23fd366a-f965-477d-90fd-3096307f9208;pcre2_jit_match_8;0x46b90;0x46ce4;0x46bc4;TransmitterType.LOAD;33;1;False;['0x46b90', '0x46be4', '0x46bf0', '0x46ce4'];<BV64 0x48 + LOAD_64[<BV64 x0 + 0x20>]_29>;64;[('0x46be0', <Bool LOAD_64[<BV64 x0 + 0x20>]_29 != 0x0>, 'Taken')];[];['<BV64 x0>'];"[""<BV64 x0>: ['0x20']""]";[];['<BV64 x0 + 0x20>'];[];0;18446744073709551615;18446744073709551615;1;;;True;73;71;18446744073709551614;1;;;True;ControlType.CONTROLLED;1;<BV64 0x48>;64;[];[];[];[];[];[];[];72.0;72.0;0.0;1.0;;;True;72.0;72.0;0.0;1.0;;;True;ControlType.NO_CONTROL;0;<BV64 0x48>;64;[];[];[];[];[];[];[];72;72;0;1.0;;;True;72.0;72.0;0.0;1.0;;;True;ControlType.NO_CONTROL;0;<BV64 LOAD_64[<BV64 x0 + 0x20>]_29>;64;[('0x46be0', <Bool LOAD_64[<BV64 x0 + 0x20>]_29 != 0x0>, 'Taken')];[];['<BV64 x0>'];"[""<BV64 x0>: ['0x20']""]";[];['<BV64 x0 + 0x20>'];[];0.0;1.8446744073709552e+19;18446744073709551615;1;;;True;1.0;1.8446744073709552e+19;18446744073709551614;1;;;True;ControlType.CONTROLLED;1;<BV64 x0 + 0x20>;64;[];[];['<BV64 x0>'];[];['<BV64 x0>'];[];[];0.0;1.8446744073709552e+19;1.8446744073709552e+19;1.0;;;True;0.0;1.8446744073709552e+19;1.8446744073709552e+19;1.0;;;True;ControlType.CONTROLLED;0;<BV64 LOAD_64[<BV64 x0 + 0x20>]_29>;64;[];[];[];[];[];[];[];0;0;0;;;;False;0;0;0;;;;False;ControlType.UNKNOWN;1;[('0x46be0', <Bool LOAD_64[<BV64 x0 + 0x20>]_29 != 0x0>, 'Taken'), ('0x46bec', <Bool LOAD_64[<BV64 LOAD_64[<BV64 x0 + 0x20>]_29 + ((0x0 .. (0x0 .. x4[4:4])) << 0x3)>]_82 != 0x0>, 'Taken'), ('0x46c0c', <Bool x6 == 0x0>, 'Taken')];"{'regs': ['<BV64 x0>', '<BV64 x4>', '<BV64 x6>'], 'indirect_regs': [""<BV64 x0>: ['0x20', '0x20']"", '<BV64 x4>: []'], 'direct_regs': ['<BV64 x6>'], 'mem': ['<BV64 LOAD_64[<BV64 x0 + 0x20>]_29 + ((0x0 .. (0x0 .. x4[4:4])) << 0x3)>', '<BV64 x0 + 0x20>'], 'const_mem': []}";[('0x46be8', <Bool (0x0 .. x4[4:4])[31:31] == 0>, 'ConditionType.SIGN_EXT'), ('0x46be8', <Bool x4[5:5] == 0>, 'ConditionType.CMOVE')];{'regs': ['<BV64 x4>'], 'indirect_regs': [], 'direct_regs': ['<BV64 x4>'], 'mem': [], 'const_mem': []};{'regs': ['<BV64 x0>', '<BV64 x4>'], 'indirect_regs': [], 'direct_regs': ['<BV64 x0>', '<BV64 x4>'], 'mem': ['<BV64 x0 + 0x20>'], 'const_mem': []};{'regs': ['<BV64 x0>', '<BV64 x4>', '<BV64 x6>'], 'indirect_regs': [], 'direct_regs': ['<BV64 x0>', '<BV64 x4>', '<BV64 x6>'], 'mem': ['<BV64 LOAD_64[<BV64 x0 + 0x20>]_29 + ((0x0 .. (0x0 .. x4[4:4])) << 0x3)>', '<BV64 x0 + 0x20>'], 'const_mem': []};63.0;0.0;64.0;64.0;[];;;;BaseControlType.CONSTANT_BASE;BaseControlType.CONSTANT_BASE;BaseControlType.CONSTANT_BASE;3;BranchControlType.BRANCH_DEPENDS_ON_SECRET_VALUE;BranchControlType.BRANCH_INDEPENDENT_FROM_SECRET;290020;True;False;True;True;True;False;False;True;True;False;False;False;True;False;True;True;True;False;True;False;[];['has_valid_base'];True;False;True;True;True;False;False;True;True;False;False;False;True;False;True;True;True;False;True;False;[];['has_valid_base']
bceadd0d-e46c-471e-8f03-9753d88f10f0;pcre2_jit_match_8;0x46b90;0x427ac;0x46be8;TransmitterType.CODE_LOAD;66;2;False;['0x46b90', '0x46be4', '0x46bf0', '0x46ce4', '0x42760'];<BV64 LOAD_64[<BV64 LOAD_64[<BV64 x0 + 0x20>]_29 + ((0x0 .. (0x0 .. x4[4:4])) << 0x3)>]_82>;64;[('0x46bec', <Bool LOAD_64[<BV64 LOAD_64[<BV64 x0 + 0x20>]_29 + ((0x0 .. (0x0 .. x4[4:4])) << 0x3)>]_82 != 0x0>, 'Taken')];[];['<BV64 x0>', '<BV64 x4>'];"[""<BV64 x0>: ['0x20']"", '<BV64 x4>: []']";[];['<BV64 LOAD_64[<BV64 x0 + 0x20>]_29 + ((0x0 .. (0x0 .. x4[4:4])) << 0x3)>', '<BV64 x0 + 0x20>'];[];0;18446744073709551615;18446744073709551615;1;;;True;1;18446744073709551615;18446744073709551614;1;;;True;ControlType.CONTROLLED;2;;0;[];[];[];[];[];[];[];0.0;0.0;0.0;0.0;;;False;0.0;0.0;0.0;0.0;;;False;ControlType.UNKNOWN;0;;0;[];[];[];[];[];[];[];0;0;0;;;;False;0.0;0.0;0.0;0.0;;;False;ControlType.UNKNOWN;0;<BV64 LOAD_64[<BV64 LOAD_64[<BV64 x0 + 0x20>]_29 + ((0x0 .. (0x0 .. x4[4:4])) << 0x3)>]_82>;64;[('0x46bec', <Bool LOAD_64[<BV64 LOAD_64[<BV64 x0 + 0x20>]_29 + ((0x0 .. (0x0 .. x4[4:4])) << 0x3)>]_82 != 0x0>, 'Taken')];[];['<BV64 x0>', '<BV64 x4>'];"[""<BV64 x0>: ['0x20']"", '<BV64 x4>: []']";[];['<BV64 LOAD_64[<BV64 x0 + 0x20>]_29 + ((0x0 .. (0x0 .. x4[4:4])) << 0x3)>', '<BV64 x0 + 0x20>'];[];0.0;1.8446744073709552e+19;18446744073709551615;1;;;True;1.0;1.8446744073709552e+19;18446744073709551614;1;;;True;ControlType.CONTROLLED;2;<BV64 LOAD_64[<BV64 x0 + 0x20>]_29 + ((0x0 .. (0x0 .. x4[4:4])) << 0x3)>;64;[('0x46be0', <Bool LOAD_64[<BV64 x0 + 0x20>]_29 != 0x0>, 'Taken')];[('0x46be8', <Bool (0x0 .. x4[4:4])[31:31] == 0>, 'ConditionType.SIGN_EXT'), ('0x46be8', <Bool x4[5:5] == 0>, 'ConditionType.CMOVE')];['<BV64 x0>', '<BV64 x4>'];"[""<BV64 x0>: ['0x20']""]";['<BV64 x4>'];['<BV64 x0 + 0x20>'];[];0.0;1.8446744073709552e+19;1.8446744073709552e+19;1.0;;;False;0.0;1.8446744073709552e+19;1.8446744073709552e+19;1.0;;;False;ControlType.CONTROLLED;1;<BV64 LOAD_64[<BV64 LOAD_64[<BV64 x0 + 0x20>]_29 + ((0x0 .. (0x0 .. x4[4:4])) << 0x3)>]_82>;64;[];[];[];[];[];[];[];0;0;0;;;;False;0;0;0;;;;False;ControlType.UNKNOWN;2;[('0x46be0', <Bool LOAD_64[<BV64 x0 + 0x20>]_29 != 0x0>, 'Taken'), ('0x46bec', <Bool LOAD_64[<BV64 LOAD_64[<BV64 x0 + 0x20>]_29 + ((0x0 .. (0x0 .. x4[4:4])) << 0x3)>]_82 != 0x0>, 'Taken'), ('0x46c0c', <Bool x6 == 0x0>, 'Taken'), ('0x46d18', <Bool True>, 'Taken')];"{'regs': ['<BV64 x0>', '<BV64 x4>', '<BV64 x6>'], 'indirect_regs': [""<BV64 x0>: ['0x20', '0x20']"", '<BV64 x4>: []'], 'direct_regs': ['<BV64 x6>'], 'mem': ['<BV64 LOAD_64[<BV64 x0 + 0x20>]_29 + ((0x0 .. (0x0 .. x4[4:4])) << 0x3)>', '<BV64 x0 + 0x20>'], 'const_mem': []}";[('0x46be8', <Bool (0x0 .. x4[4:4])[31:31] == 0>, 'ConditionType.SIGN_EXT'), ('0x46be8', <Bool x4[5:5] == 0>, 'ConditionType.CMOVE')];{'regs': ['<BV64 x4>'], 'indirect_regs': [], 'direct_regs': ['<BV64 x4>'], 'mem': [], 'const_mem': []};"{'regs': ['<BV64 x0>', '<BV64 x4>'], 'indirect_regs': [""<BV64 x0>: ['0x20', '0x20']""], 'direct_regs': ['<BV64 x4>'], 'mem': ['<BV64 LOAD_64[<BV64 x0 + 0x20>]_29 + ((0x0 .. (0x0 .. x4[4:4])) << 0x3)>', '<BV64 x0 + 0x20>'], 'const_mem': []}";"{'regs': ['<BV64 x0>', '<BV64 x4>', '<BV64 x6>'], 'indirect_regs': [""<BV64 x0>: ['0x20', '0x20', '0x20', '0x20']""], 'direct_regs': ['<BV64 x4>', '<BV64 x6>'], 'mem': ['<BV64 LOAD_64[<BV64 x0 + 0x20>]_29 + ((0x0 .. (0x0 .. x4[4:4])) << 0x3)>', '<BV64 x0 + 0x20>'], 'const_mem': []}";63.0;0.0;64.0;64.0;[];;;;BaseControlType.NO_BASE;BaseControlType.NO_BASE;BaseControlType.NO_BASE;4;BranchControlType.BRANCH_DEPENDS_ON_SECRET_VALUE;BranchControlType.BRANCH_DEPENDS_ON_SECRET_ADDRESS;272300;True;False;True;False;True;False;False;True;True;False;False;False;True;False;True;True;True;False;True;False;[];['has_valid_base', 'is_cmove_independent_from_secret'];True;False;True;False;True;False;False;True;True;False;False;False;True;False;True;True;True;False;True;False;[];['has_valid_base', 'is_cmove_independent_from_secret']
5353bbca-ae82-4d08-8da5-ec0f76eb7e0f;pcre2_substring_nametable_scan_8;0x59ea4;0x59eb8;0x0;TransmitterType.LOAD;6;0;False;['0x59ea4'];<BV64 0x86 + x0>;64;[];[];['<BV64 x0>'];[];['<BV64 x0>'];[];[];0;18446744073709551615;18446744073709551615;1;;;True;0;18446744073709551615;18446744073709551615;1;;;True;ControlType.CONTROLLED;0;<BV64 0x86>;64;[];[];[];[];[];[];[];134.0;134.0;0.0;1.0;;;True;134.0;134.0;0.0;1.0;;;True;ControlType.NO_CONTROL;0;<BV64 0x86>;64;[];[];[];[];[];[];[];134;134;0;1.0;;;True;134.0;134.0;0.0;1.0;;;True;ControlType.NO_CONTROL;0;<BV64 x0>;64;[];[];['<BV64 x0>'];[];['<BV64 x0>'];[];[];0.0;1.8446744073709552e+19;18446744073709551615;1;;;True;0.0;1.8446744073709552e+19;18446744073709551615;1;;;True;ControlType.CONTROLLED;0;<BV64 x0>;64;[];[];['<BV64 x0>'];[];['<BV64 x0>'];[];[];0.0;1.8446744073709552e+19;1.8446744073709552e+19;1.0;;;True;0.0;1.8446744073709552e+19;1.8446744073709552e+19;1.0;;;True;ControlType.CONTROLLED;0;<BV64 x0>;64;[];[];[];[];[];[];[];0;0;0;;;;False;0;0;0;;;;False;ControlType.UNKNOWN;0;[];{'regs': [], 'indirect_regs': [], 'direct_regs': [], 'mem': [], 'const_mem': []};[];{'regs': [], 'indirect_regs': [], 'direct_regs': [], 'mem': [], 'const_mem': []};{'regs': ['<BV64 x0>'], 'indirect_regs': [], 'direct_regs': ['<BV64 x0>'], 'mem': [], 'const_mem': []};{'regs': ['<BV64 x0>'], 'indirect_regs': [], 'direct_regs': ['<BV64 x0>'], 'mem': [], 'const_mem': []};63.0;0.0;64.0;64.0;[];;;;BaseControlType.CONSTANT_BASE;BaseControlType.CONSTANT_BASE;BaseControlType.CONSTANT_BASE;0;BranchControlType.BRANCH_INDEPENDENT_FROM_SECRET;BranchControlType.BRANCH_INDEPENDENT_FROM_SECRET;368312;True;False;True;True;True;False;False;True;True;False;False;False;True;False;True;False;True;False;True;False;[];['has_valid_base'];True;False;True;True;True;False;False;True;True;False;False;False;True;False;True;False;True;False;True;False;[];['has_valid_base']
3b976207-297c-41d0-88c1-981d49ccbc99;pcre2_substring_nametable_scan_8;0x59ea4;0x59ebc;0x0;TransmitterType.LOAD;7;0;False;['0x59ea4'];<BV64 0x84 + x0>;64;[];[];['<BV64 x0>'];[];['<BV64 x0>'];[];[];0;18446744073709551615;18446744073709551615;1;;;True;0;18446744073709551615;18446744073709551615;1;;;True;ControlType.CONTROLLED;0;<BV64 0x84>;64;[];[];[];[];[];[];[];132.0;132.0;0.0;1.0;;;True;132.0;132.0;0.0;1.0;;;True;ControlType.NO_CONTROL;0;<BV64 0x84>;64;[];[];[];[];[];[];[];132;132;0;1.0;;;True;132.0;132.0;0.0;1.0;;;True;ControlType.NO_CONTROL;0;<BV64 x0>;64;[];[];['<BV64 x0>'];[];['<BV64 x0>'];[];[];0.0;1.8446744073709552e+19;18446744073709551615;1;;;True;0.0;1.8446744073709552e+19;18446744073709551615;1;;;True;ControlType.CONTROLLED;0;<BV64 x0>;64;[];[];['<BV64 x0>'];[];['<BV64 x0>'];[];[];0.0;1.8446744073709552e+19;1.8446744073709552e+19;1.0;;;True;0.0;1.8446744073709552e+19;1.8446744073709552e+19;1.0;;;True;ControlType.CONTROLLED;0;<BV64 x0>;64;[];[];[];[];[];[];[];0;0;0;;;;False;0;0;0;;;;False;ControlType.UNKNOWN;0;[];{'regs': [], 'indirect_regs': [], 'direct_regs': [], 'mem': [], 'const_mem': []};[];{'regs': [], 'indirect_regs': [], 'direct_regs': [], 'mem': [], 'const_mem': []};{'regs': ['<BV64 x0>'], 'indirect_regs': [], 'direct_regs': ['<BV64 x0>'], 'mem': [], 'const_mem': []};{'regs': ['<BV64 x0>'], 'indirect_regs': [], 'direct_regs': ['<BV64 x0>'], 'mem': [], 'const_mem': []};63.0;0.0;64.0;64.0;[];;;;BaseControlType.CONSTANT_BASE;BaseControlType.CONSTANT_BASE;BaseControlType.CONSTANT_BASE;0;BranchControlType.BRANCH_INDEPENDENT_FROM_SECRET;BranchControlType.BRANCH_INDEPENDENT_FROM_SECRET;368316;True;False;True;True;True;False;False;True;True;False;False;False;True;False;True;False;True;False;True;False;[];['has_valid_base'];True;False;True;True;True;False;False;True;True;False;False;False;True;False;True;False;True;False;True;False;[];['has_valid_base']
27ad2884-8fda-455e-8efe-93f11e697418;pcre2_substring_nametable_scan_8;0x59ea4;0x59ef8;0x0;TransmitterType.LOAD;20;1;False;['0x59ea4', '0x59ecc', '0x59ef4'];<BV64 0x8a + x0 + ((0#32 .. (0#16 .. LOAD_16[<BV64 x0 + 0x84>]_23) * (0#17 .. LOAD_16[<BV64 x0 + 0x86>]_22[15:1])) << 0x20 >> 0x20)>;64;[('0x59ec8', <Bool (0x0 .. LOAD_16[<BV64 x0 + 0x86>]_22) > 0x0>, 'Taken')];[];['<BV64 x0>'];[];['<BV64 x0>'];['<BV64 x0 + 0x84>', '<BV64 x0 + 0x86>'];[];0;18446744073709551615;18446744073709551615;1;;;True;0;18446744073709551615;18446744073709551615;1;;;False;ControlType.CONTROLLED;1;<BV64 0x8a>;64;[];[];[];[];[];[];[];138.0;138.0;0.0;1.0;;;True;138.0;138.0;0.0;1.0;;;True;ControlType.NO_CONTROL;0;<BV64 0x8a>;64;[];[];[];[];[];[];[];138;138;0;1.0;;;True;138.0;138.0;0.0;1.0;;;True;ControlType.NO_CONTROL;0;<BV64 x0 + ((0#32 .. (0#16 .. LOAD_16[<BV64 x0 + 0x84>]_23) * (0#17 .. LOAD_16[<BV64 x0 + 0x86>]_22[15:1])) << 0x20 >> 0x20)>;64;[('0x59ec8', <Bool (0x0 .. LOAD_16[<BV64 x0 + 0x86>]_22) > 0x0>, 'Taken')];[];['<BV64 x0>'];[];['<BV64 x0>'];['<BV64 x0 + 0x84>', '<BV64 x0 + 0x86>'];[];0.0;1.8446744073709552e+19;18446744073709551615;1;;;True;0.0;1.8446744073709552e+19;18446744073709551615;1;;;False;ControlType.CONTROLLED;1;<BV64 x0>;64;[];[];['<BV64 x0>'];[];['<BV64 x0>'];[];[];0.0;1.8446744073709552e+19;1.8446744073709552e+19;1.0;;;True;0.0;1.8446744073709552e+19;1.8446744073709552e+19;1.0;;;True;ControlType.CONTROLLED;0;<BV64 x0>;64;[];[];[];[];[];[];[];0;0;0;;;;False;0;0;0;;;;False;ControlType.UNKNOWN;0;[('0x59ec8', <Bool (0x0 .. LOAD_16[<BV64 x0 + 0x86>]_22) > 0x0>, 'Taken'), ('0x59ee8', <Bool True>, 'Taken')];"{'regs': ['<BV64 x0>'], 'indirect_regs': [""<BV64 x0>: ['0x86']""], 'direct_regs': [], 'mem': ['<BV64 x0 + 0x86>'], 'const_mem': []}";[];{'regs': [], 'indirect_regs': [], 'direct_regs': [], 'mem': [], 'const_mem': []};{'regs': ['<BV64 x0>'], 'indirect_regs': [], 'direct_regs': ['<BV64 x0>'], 'mem': ['<BV64 x0 + 0x84>', '<BV64 x0 + 0x86>'], 'const_mem': []};{'regs': ['<BV64 x0>'], 'indirect_regs': [], 'direct_regs': ['<BV64 x0>'], 'mem': ['<BV64 x0 + 0x84>', '<BV64 x0 + 0x86>'], 'const_mem': []};63.0;0.0;64.0;64.0;[];;;;BaseControlType.CONSTANT_BASE;BaseControlType.CONSTANT_BASE;BaseControlType.CONSTANT_BASE;2;BranchControlType.BRANCH_DEPENDS_ON_SECRET_VALUE;BranchControlType.BRANCH_INDEPENDENT_FROM_SECRET;368376;True;False;True;True;True;False;False;True;True;False;False;False;True;False;True;True;True;False;True;False;[];['has_valid_base'];True;False;True;True;True;False;False;True;True;False;False;False;True;False;True;True;True;False;True;False;[];['has_valid_base']
4e8c46b0-089a-434e-8fb9-2370ddcb40c5;pcre2_substring_nametable_scan_8;0x59ea4;0x59f44;0x0;TransmitterType.LOAD;39;1;False;['0x59ea4', '0x59ecc', '0x59ef4', '0x59f08', '0x59f1c'];<BV64 0x8a + x0 + ((0#32 .. (0#16 .. LOAD_16[<BV64 x0 + 0x84>]_23) * (0#17 .. LOAD_16[<BV64 x0 + 0x86>]_22[15:1])) << 0x20 >> 0x20) + 0xffffffffffffffff * (0#48 .. LOAD_16[<BV64 x0 + 0x84>]_23)>;64;[('0x59ec8', <Bool (0x0 .. LOAD_16[<BV64 x0 + 0x86>]_22) > 0x0>, 'Taken'), ('0x59f18', <Bool 0x88 + x0 + (((0x0 .. LOAD_16[<BV64 x0 + 0x84>]_23) * (0x0 .. LOAD_16[<BV64 x0 + 0x86>]_22[15:1]) .. 0x0) >> 0x20) > 0x88 + x0>, 'Taken')];[];['<BV64 x0>'];[];['<BV64 x0>'];['<BV64 x0 + 0x84>', '<BV64 x0 + 0x86>'];[];0;18446744073709551615;18446744073709551615;1;;;True;0;18446744073709551615;18446744073709551615;1;;;False;ControlType.CONTROLLED;1;<BV64 0x8a>;64;[];[];[];[];[];[];[];138.0;138.0;0.0;1.0;;;True;138.0;138.0;0.0;1.0;;;True;ControlType.NO_CONTROL;0;<BV64 0x8a>;64;[];[];[];[];[];[];[];138;138;0;1.0;;;True;138.0;138.0;0.0;1.0;;;True;ControlType.NO_CONTROL;0;<BV64 x0 + ((0#32 .. (0#16 .. LOAD_16[<BV64 x0 + 0x84>]_23) * (0#17 .. LOAD_16[<BV64 x0 + 0x86>]_22[15:1])) << 0x20 >> 0x20) + 0xffffffffffffffff * (0#48 .. LOAD_16[<BV64 x0 + 0x84>]_23)>;64;[('0x59ec8', <Bool (0x0 .. LOAD_16[<BV64 x0 + 0x86>]_22) > 0x0>, 'Taken'), ('0x59f18', <Bool 0x88 + x0 + (((0x0 .. LOAD_16[<BV64 x0 + 0x84>]_23) * (0x0 .. LOAD_16[<BV64 x0 + 0x86>]_22[15:1]) .. 0x0) >> 0x20) > 0x88 + x0>, 'Taken')];[];['<BV64 x0>'];[];['<BV64 x0>'];['<BV64 x0 + 0x84>', '<BV64 x0 + 0x86>'];[];0.0;1.8446744073709552e+19;18446744073709551615;1;;;True;0.0;1.8446744073709552e+19;18446744073709551615;1;;;False;ControlType.CONTROLLED;1;<BV64 x0>;64;[('0x59f18', <Bool 0x88 + x0 + (((0x0 .. LOAD_16[<BV64 x0 + 0x84>]_23) * (0x0 .. LOAD_16[<BV64 x0 + 0x86>]_22[15:1]) .. 0x0) >> 0x20) > 0x88 + x0>, 'Taken')];[];['<BV64 x0>'];[];['<BV64 x0>'];[];[];0.0;1.8446744073709552e+19;1.8446744073709552e+19;1.0;;;True;0.0;1.8446744073709552e+19;1.8446744073709552e+19;1.0;;;False;ControlType.CONTROLLED;0;<BV64 x0>;64;[];[];[];[];[];[];[];0;0;0;;;;False;0;0;0;;;;False;ControlType.UNKNOWN;0;[('0x59ec8', <Bool (0x0 .. LOAD_16[<BV64 x0 + 0x86>]_22) > 0x0>, 'Taken'), ('0x59ee8', <Bool True>, 'Taken'), ('0x59f04', <Bool ((0x0 .. LOAD_8[<BV64 x1>]_24) | (0x0 .. LOAD_8[<BV64 x0 + (((0x0 .. LOAD_16[<BV64 x0 + 0x84>]_23) * (0x0 .. LOAD_16[<BV64 x0 + 0x86>]_22[15:1]) .. 0x0) >> 0x20) + 0x8a>]_25)) == 0x0>, 'Taken'), ('0x59f18', <Bool 0x88 + x0 + (((0x0 .. LOAD_16[<BV64 x0 + 0x84>]_23) * (0x0 .. LOAD_16[<BV64 x0 + 0x86>]_22[15:1]) .. 0x0) >> 0x20) > 0x88 + x0>, 'Taken')];"{'regs': ['<BV64 x0>', '<BV64 x1>'], 'indirect_regs': [""<BV64 x1>: ['0x0']""], 'direct_regs': ['<BV64 x0>'], 'mem': ['<BV64 x0 + (((0x0 .. LOAD_16[<BV64 x0 + 0x84>]_23) * (0x0 .. LOAD_16[<BV64 x0 + 0x86>]_22[15:1]) .. 0x0) >> 0x20) + 0x8a>', '<BV64 x0 + 0x84>', '<BV64 x0 + 0x86>', '<BV64 x1>'], 'const_mem': []}";[];{'regs': [], 'indirect_regs': [], 'direct_regs': [], 'mem': [], 'const_mem': []};{'regs': ['<BV64 x0>'], 'indirect_regs': [], 'direct_regs': ['<BV64 x0>'], 'mem': ['<BV64 x0 + 0x84>', '<BV64 x0 + 0x86>'], 'const_mem': []};"{'regs': ['<BV64 x0>', '<BV64 x1>'], 'indirect_regs': [""<BV64 x1>: ['0x0']""], 'direct_regs': ['<BV64 x0>'], 'mem': ['<BV64 x0 + (((0x0 .. LOAD_16[<BV64 x0 + 0x84>]_23) * (0x0 .. LOAD_16[<BV64 x0 + 0x86>]_22[15:1]) .. 0x0) >> 0x20) + 0x8a>', '<BV64 x0 + 0x84>', '<BV64 x0 + 0x86>', '<BV64 x1>'], 'const_mem': []}";63.0;0.0;64.0;64.0;['<Bool LOAD_8[<BV64 x1>]_24 == LOAD_8[<BV64 x1>]_26>'];;;;BaseControlType.CONSTANT_BASE;BaseControlType.CONSTANT_BASE;BaseControlType.CONSTANT_BASE;4;BranchControlType.BRANCH_DEPENDS_ON_SECRET_VALUE;BranchControlType.BRANCH_INDEPENDENT_FROM_SECRET;368452;True;False;True;True;True;False;False;True;True;False;False;False;True;False;True;True;True;False;True;False;[];['has_valid_base'];True;False;True;True;True;False;False;True;True;False;False;False;True;False;True;True;True;False;True;False;[];['has_valid_base']
bc4633a3-c809-44d4-99de-d9081fb87cca;pcre2_substring_nametable_scan_8;0x59ea4;0x59ef8;0x0;TransmitterType.LOAD;27;1;False;['0x59ea4', '0x59ecc', '0x59ef4', '0x59eec', '0x59ef4'];<BV64 0x8b + x0 + ((0#32 .. (0#16 .. LOAD_16[<BV64 x0 + 0x84>]_23) * (0#17 .. LOAD_16[<BV64 x0 + 0x86>]_22[15:1])) << 0x20 >> 0x20)>;64;[('0x59ec8', <Bool (0x0 .. LOAD_16[<BV64 x0 + 0x86>]_22) > 0x0>, 'Taken')];[];['<BV64 x0>'];[];['<BV64 x0>'];['<BV64 x0 + 0x84>', '<BV64 x0 + 0x86>'];[];0;18446744073709551615;18446744073709551615;1;;;True;0;18446744073709551615;18446744073709551615;1;;;False;ControlType.CONTROLLED;1;<BV64 0x8b>;64;[];[];[];[];[];[];[];139.0;139.0;0.0;1.0;;;True;139.0;139.0;0.0;1.0;;;True;ControlType.NO_CONTROL;0;<BV64 0x8b>;64;[];[];[];[];[];[];[];139;139;0;1.0;;;True;139.0;139.0;0.0;1.0;;;True;ControlType.NO_CONTROL;0;<BV64 x0 + ((0#32 .. (0#16 .. LOAD_16[<BV64 x0 + 0x84>]_23) * (0#17 .. LOAD_16[<BV64 x0 + 0x86>]_22[15:1])) << 0x20 >> 0x20)>;64;[('0x59ec8', <Bool (0x0 .. LOAD_16[<BV64 x0 + 0x86>]_22) > 0x0>, 'Taken')];[];['<BV64 x0>'];[];['<BV64 x0>'];['<BV64 x0 + 0x84>', '<BV64 x0 + 0x86>'];[];0.0;1.8446744073709552e+19;18446744073709551615;1;;;True;0.0;1.8446744073709552e+19;18446744073709551615;1;;;False;ControlType.CONTROLLED;1;<BV64 x0>;64;[];[];['<BV64 x0>'];[];['<BV64 x0>'];[];[];0.0;1.8446744073709552e+19;1.8446744073709552e+19;1.0;;;True;0.0;1.8446744073709552e+19;1.8446744073709552e+19;1.0;;;True;ControlType.CONTROLLED;0;<BV64 x0>;64;[];[];[];[];[];[];[];0;0;0;;;;False;0;0;0;;;;False;ControlType.UNKNOWN;0;[('0x59ec8', <Bool (0x0 .. LOAD_16[<BV64 x0 + 0x86>]_22) > 0x0>, 'Taken'), ('0x59ee8', <Bool True>, 'Taken'), ('0x59ef0', <Bool (0x0 .. LOAD_8[<BV64 x1>]_24) == (0x0 .. LOAD_8[<BV64 x0 + (((0x0 .. LOAD_16[<BV64 x0 + 0x84>]_23) * (0x0 .. LOAD_16[<BV64 x0 + 0x86>]_22[15:1]) .. 0x0) >> 0x20) + 0x8a>]_25)>, 'Taken'), ('0x59f04', <Bool ((0x0 .. LOAD_8[<BV64 x1>]_24) | (0x0 .. LOAD_8[<BV64 x0 + (((0x0 .. LOAD_16[<BV64 x0 + 0x84>]_23) * (0x0 .. LOAD_16[<BV64 x0 + 0x86>]_22[15:1]) .. 0x0) >> 0x20) + 0x8a>]_25)) != 0x0>, 'Taken')];"{'regs': ['<BV64 x0>', '<BV64 x1>'], 'indirect_regs': [""<BV64 x0>: ['0x84', '0x84', '0x86', '0x86', '0x86']"", ""<BV64 x1>: ['0x0', '0x0']""], 'direct_regs': [], 'mem': ['<BV64 x0 + (((0x0 .. LOAD_16[<BV64 x0 + 0x84>]_23) * (0x0 .. LOAD_16[<BV64 x0 + 0x86>]_22[15:1]) .. 0x0) >> 0x20) + 0x8a>', '<BV64 x0 + 0x84>', '<BV64 x0 + 0x86>', '<BV64 x1>'], 'const_mem': []}";[];{'regs': [], 'indirect_regs': [], 'direct_regs': [], 'mem': [], 'const_mem': []};{'regs': ['<BV64 x0>'], 'indirect_regs': [], 'direct_regs': ['<BV64 x0>'], 'mem': ['<BV64 x0 + 0x84>', '<BV64 x0 + 0x86>'], 'const_mem': []};"{'regs': ['<BV64 x0>', '<BV64 x1>'], 'indirect_regs': [""<BV64 x1>: ['0x0', '0x0']""], 'direct_regs': ['<BV64 x0>'], 'mem': ['<BV64 x0 + (((0x0 .. LOAD_16[<BV64 x0 + 0x84>]_23) * (0x0 .. LOAD_16[<BV64 x0 + 0x86>]_22[15:1]) .. 0x0) >> 0x20) + 0x8a>', '<BV64 x0 + 0x84>', '<BV64 x0 + 0x86>', '<BV64 x1>'], 'const_mem': []}";63.0;0.0;64.0;64.0;[];;;;BaseControlType.CONSTANT_BASE;BaseControlType.CONSTANT_BASE;BaseControlType.CONSTANT_BASE;4;BranchControlType.BRANCH_DEPENDS_ON_SECRET_VALUE;BranchControlType.BRANCH_INDEPENDENT_FROM_SECRET;368376;True;False;True;True;True;False;False;True;True;False;False;False;True;False;True;True;True;False;True;False;[];['has_valid_base'];True;False;True;True;True;False;False;True;True;False;False;False;True;False;True;True;True;False;True;False;[];['has_valid_base']
78653799-2b05-47ba-99c7-9c70d5f254b0;pcre2_set_compile_recursion_guard_8;0x10848;0x1085c;0x0;TransmitterType.STORE;6;0;False;['0x10848'];<BV64 0x18 + x0>;64;[];[];['<BV64 x0>'];[];['<BV64 x0>'];[];[];0;18446744073709551615;18446744073709551615;1;;;True;0;18446744073709551615;18446744073709551615;1;;;True;ControlType.CONTROLLED;0;<BV64 0x18>;64;[];[];[];[];[];[];[];24.0;24.0;0.0;1.0;;;True;24.0;24.0;0.0;1.0;;;True;ControlType.NO_CONTROL;0;<BV64 0x18>;64;[];[];[];[];[];[];[];24;24;0;1.0;;;True;24.0;24.0;0.0;1.0;;;True;ControlType.NO_CONTROL;0;<BV64 x0>;64;[];[];['<BV64 x0>'];[];['<BV64 x0>'];[];[];0.0;1.8446744073709552e+19;18446744073709551615;1;;;True;0.0;1.8446744073709552e+19;18446744073709551615;1;;;True;ControlType.CONTROLLED;0;<BV64 x0>;64;[];[];['<BV64 x0>'];[];['<BV64 x0>'];[];[];0.0;1.8446744073709552e+19;1.8446744073709552e+19;1.0;;;True;0.0;1.8446744073709552e+19;1.8446744073709552e+19;1.0;;;True;ControlType.CONTROLLED;0;<BV64 x0>;64;[];[];[];[];[];[];[];0;0;0;;;;False;0;0;0;;;;False;ControlType.UNKNOWN;0;[];{'regs': [], 'indirect_regs': [], 'direct_regs': [], 'mem': [], 'const_mem': []};[];{'regs': [], 'indirect_regs': [], 'direct_regs': [], 'mem': [], 'const_mem': []};{'regs': ['<BV64 x0>'], 'indirect_regs': [], 'direct_regs': ['<BV64 x0>'], 'mem': [], 'const_mem': []};{'regs': ['<BV64 x0>'], 'indirect_regs': [], 'direct_regs': ['<BV64 x0>'], 'mem': [], 'const_mem': []};63.0;0.0;64.0;64.0;[];;;;BaseControlType.CONSTANT_BASE;BaseControlType.CONSTANT_BASE;BaseControlType.CONSTANT_BASE;0;BranchControlType.BRANCH_INDEPENDENT_FROM_SECRET;BranchControlType.BRANCH_INDEPENDENT_FROM_SECRET;67676;True;False;True;True;True;False;False;True;True;False;False;False;True;False;True;False;True;False;True;False;[];['has_valid_base'];True;False;True;True;True;False;False;True;True;False;False;False;True;False;True;False;True;False;True;False;[];['has_valid_base']
ccf5834a-2c9c-4db5-8b62-344cbce526d3;pcre2_set_compile_recursion_guard_8;0x10848;0x1085c;0x0;TransmitterType.STORE;6;0;False;['0x10848'];<BV64 0x20 + x0>;64;[];[];['<BV64 x0>'];[];['<BV64 x0>'];[];[];0;18446744073709551615;18446744073709551615;1;;;True;0;18446744073709551615;18446744073709551615;1;;;True;ControlType.CONTROLLED;0;<BV64 0x20>;64;[];[];[];[];[];[];[];32.0;32.0;0.0;1.0;;;True;32.0;32.0;0.0;1.0;;;True;ControlType.NO_CONTROL;0;<BV64 0x20>;64;[];[];[];[];[];[];[];32;32;0;1.0;;;True;32.0;32.0;0.0;1.0;;;True;ControlType.NO_CONTROL;0;<BV64 x0>;64;[];[];['<BV64 x0>'];[];['<BV64 x0>'];[];[];0.0;1.8446744073709552e+19;18446744073709551615;1;;;True;0.0;1.8446744073709552e+19;18446744073709551615;1;;;True;ControlType.CONTROLLED;0;<BV64 x0>;64;[];[];['<BV64 x0>'];[];['<BV64 x0>'];[];[];0.0;1.8446744073709552e+19;1.8446744073709552e+19;1.0;;;True;0.0;1.8446744073709552e+19;1.8446744073709552e+19;1.0;;;True;ControlType.CONTROLLED;0;<BV64 x0>;64;[];[];[];[];[];[];[];0;0;0;;;;False;0;0;0;;;;False;ControlType.UNKNOWN;0;[];{'regs': [], 'indirect_regs': [], 'direct_regs': [], 'mem': [], 'const_mem': []};[];{'regs': [], 'indirect_regs': [], 'direct_regs': [], 'mem': [], 'const_mem': []};{'regs': ['<BV64 x0>'], 'indirect_regs': [], 'direct_regs': ['<BV64 x0>'], 'mem': [], 'const_mem': []};{'regs': ['<BV64 x0>'], 'indirect_regs': [], 'direct_regs': ['<BV64 x0>'], 'mem': [], 'const_mem': []};63.0;0.0;64.0;64.0;[];;;;BaseControlType.CONSTANT_BASE;BaseControlType.CONSTANT_BASE;BaseControlType.CONSTANT_BASE;0;BranchControlType.BRANCH_INDEPENDENT_FROM_SECRET;BranchControlType.BRANCH_INDEPENDENT_FROM_SECRET;67676;True;False;True;True;True;False;False;True;True;False;False;False;True;False;True;False;True;False;True;False;[];['has_valid_base'];True;False;True;True;True;False;False;True;True;False;False;False;True;False;True;False;True;False;True;False;[];['has_valid_base']
d63894ac-7514-4160-ae95-21452b891ef7;pcre2_set_character_tables_8;0x10730;0x1074c;0x0;TransmitterType.STORE;9;0;False;['0x10730'];<BV64 0x28 + x0>;64;[];[];['<BV64 x0>'];[];['<BV64 x0>'];[];[];0;18446744073709551615;18446744073709551615;1;;;True;0;18446744073709551615;18446744073709551615;1;;;True;ControlType.CONTROLLED;0;<BV64 0x28>;64;[];[];[];[];[];[];[];40.0;40.0;0.0;1.0;;;True;40.0;40.0;0.0;1.0;;;True;ControlType.NO_CONTROL;0;<BV64 0x28>;64;[];[];[];[];[];[];[];40;40;0;1.0;;;True;40.0;40.0;0.0;1.0;;;True;ControlType.NO_CONTROL;0;<BV64 x0>;64;[];[];['<BV64 x0>'];[];['<BV64 x0>'];[];[];0.0;1.8446744073709552e+19;18446744073709551615;1;;;True;0.0;1.8446744073709552e+19;18446744073709551615;1;;;True;ControlType.CONTROLLED;0;<BV64 x0>;64;[];[];['<BV64 x0>'];[];['<BV64 x0>'];[];[];0.0;1.8446744073709552e+19;1.8446744073709552e+19;1.0;;;True;0.0;1.8446744073709552e+19;1.8446744073709552e+19;1.0;;;True;ControlType.CONTROLLED;0;<BV64 x0>;64;[];[];[];[];[];[];[];0;0;0;;;;False;0;0;0;;;;False;ControlType.UNKNOWN;0;[];{'regs': [], 'indirect_regs': [], 'direct_regs': [], 'mem': [], 'const_mem': []};[];{'regs': [], 'indirect_regs': [], 'direct_regs': [], 'mem': [], 'const_mem': []};{'regs': ['<BV64 x0>'], 'indirect_regs': [], 'direct_regs': ['<BV64 x0>'], 'mem': [], 'const_mem': []};{'regs': ['<BV64 x0>'], 'indirect_regs': [], 'direct_regs': ['<BV64 x0>'], 'mem': [], 'const_mem': []};63.0;0.0;64.0;64.0;[];;;;BaseControlType.CONSTANT_BASE;BaseControlType.CONSTANT_BASE;BaseControlType.CONSTANT_BASE;0;BranchControlType.BRANCH_INDEPENDENT_FROM_SECRET;BranchControlType.BRANCH_INDEPENDENT_FROM_SECRET;67404;True;False;True;True;True;False;False;True;True;False;False;False;True;False;True;False;True;False;True;False;[];['has_valid_base'];True;False;True;True;True;False;False;True;True;False;False;False;True;False;True;False;True;False;True;False;[];['has_valid_base']
75cacb58-9753-495b-9d41-10630338bac0;pcre2_jit_stack_create_8;0x46de0;0x1034c;0x1033c;TransmitterType.CODE_LOAD;30;1;False;['0x46de0', '0x46e0c', '0x1032c', '0x1033c'];<BV64 LOAD_64[<BV64 x2>]_28>;64;[];[];['<BV64 x2>'];"[""<BV64 x2>: ['0x0']""]";[];['<BV64 x2>'];[];0;18446744073709551615;18446744073709551615;1;;;True;0;18446744073709551615;18446744073709551615;1;;;True;ControlType.CONTROLLED;1;;0;[];[];[];[];[];[];[];0.0;0.0;0.0;0.0;;;False;0.0;0.0;0.0;0.0;;;False;ControlType.UNKNOWN;0;;0;[];[];[];[];[];[];[];0;0;0;;;;False;0.0;0.0;0.0;0.0;;;False;ControlType.UNKNOWN;0;<BV64 LOAD_64[<BV64 x2>]_28>;64;[];[];['<BV64 x2>'];"[""<BV64 x2>: ['0x0']""]";[];['<BV64 x2>'];[];0.0;1.8446744073709552e+19;18446744073709551615;1;;;True;0.0;1.8446744073709552e+19;18446744073709551615;1;;;True;ControlType.CONTROLLED;1;<BV64 x2>;64;[('0x10338', <Bool x2 != 0x0>, 'Taken')];[];['<BV64 x2>'];[];['<BV64 x2>'];[];[];0.0;1.8446744073709552e+19;1.8446744073709552e+19;1.0;;;True;1.0;1.8446744073709552e+19;1.8446744073709552e+19;1.0;;;True;ControlType.CONTROLLED;0;<BV64 LOAD_64[<BV64 x2>]_28>;64;[];[];[];[];[];[];[];0;0;0;;;;False;0;0;0;;;;False;ControlType.UNKNOWN;1;[('0x10338', <Bool x2 != 0x0>, 'Taken'), ('0x46e08', <Bool True>, 'Taken'), ('0x46e30', <Bool True>, 'Taken')];{'regs': ['<BV64 x2>'], 'indirect_regs': [], 'direct_regs': ['<BV64 x2>'], 'mem': [], 'const_mem': []};[('0x46e04', <Bool x0 != 0x0>, 'ConditionType.CMOVE'), ('0x46e08', <Bool x1 - 0x1 < 0xffffffffffffdffe>, 'ConditionType.UNKNOWN'), ('0x46e08', <Bool x0 != 0x0>, 'ConditionType.CMOVE'), ('0x46e08', <Bool x1 - 0x1 - 0xffffffffffffdffe != 0x0>, 'ConditionType.UNKNOWN')];{'regs': ['<BV64 x0>', '<BV64 x1>'], 'indirect_regs': [], 'direct_regs': ['<BV64 x0>', '<BV64 x1>'], 'mem': [], 'const_mem': []};{'regs': ['<BV64 x0>', '<BV64 x1>', '<BV64 x2>'], 'indirect_regs': [], 'direct_regs': ['<BV64 x0>', '<BV64 x1>', '<BV64 x2>'], 'mem': ['<BV64 x2>'], 'const_mem': []};{'regs': ['<BV64 x0>', '<BV64 x1>', '<BV64 x2>'], 'indirect_regs': [], 'direct_regs': ['<BV64 x0>', '<BV64 x1>', '<BV64 x2>'], 'mem': ['<BV64 x2>'], 'const_mem': []};63.0;0.0;64.0;64.0;[];;;;BaseControlType.NO_BASE;BaseControlType.NO_BASE;BaseControlType.NO_BASE;3;BranchControlType.BRANCH_DEPENDS_ON_SECRET_ADDRESS;BranchControlType.BRANCH_INDEPENDENT_FROM_SECRET;66380;True;False;True;True;True;False;False;True;True;False;False;False;True;False;True;True;True;False;True;False;[];['has_valid_base'];True;False;True;True;True;False;False;True;True;False;False;False;True;False;True;True;True;False;True;False;[];['has_valid_base']
2f1c698f-2aec-4ea5-a838-fa1e61ae91f3;pcre2_jit_stack_create_8;0x46de0;0x1034c;0x1033c;TransmitterType.CODE_LOAD;30;1;False;['0x46de0', '0x46e0c', '0x1032c', '0x1033c'];<BV64 LOAD_64[<BV64 x2>]_36>;64;[];[];['<BV64 x2>'];"[""<BV64 x2>: ['0x0']""]";[];['<BV64 x2>'];[];0;18446744073709551615;18446744073709551615;1;;;True;0;18446744073709551615;18446744073709551615;1;;;True;ControlType.CONTROLLED;1;;0;[];[];[];[];[];[];[];0.0;0.0;0.0;0.0;;;False;0.0;0.0;0.0;0.0;;;False;ControlType.UNKNOWN;0;;0;[];[];[];[];[];[];[];0;0;0;;;;False;0.0;0.0;0.0;0.0;;;False;ControlType.UNKNOWN;0;<BV64 LOAD_64[<BV64 x2>]_36>;64;[];[];['<BV64 x2>'];"[""<BV64 x2>: ['0x0']""]";[];['<BV64 x2>'];[];0.0;1.8446744073709552e+19;18446744073709551615;1;;;True;0.0;1.8446744073709552e+19;18446744073709551615;1;;;True;ControlType.CONTROLLED;1;<BV64 x2>;64;[('0x10338', <Bool x2 != 0x0>, 'Taken')];[];['<BV64 x2>'];[];['<BV64 x2>'];[];[];0.0;1.8446744073709552e+19;1.8446744073709552e+19;1.0;;;True;1.0;1.8446744073709552e+19;1.8446744073709552e+19;1.0;;;True;ControlType.CONTROLLED;0;<BV64 LOAD_64[<BV64 x2>]_36>;64;[];[];[];[];[];[];[];0;0;0;;;;False;0;0;0;;;;False;ControlType.UNKNOWN;1;[('0x10338', <Bool x2 != 0x0>, 'Taken'), ('0x46e08', <Bool True>, 'Taken'), ('0x46e30', <Bool True>, 'Taken')];{'regs': ['<BV64 x2>'], 'indirect_regs': [], 'direct_regs': ['<BV64 x2>'], 'mem': [], 'const_mem': []};[('0x46e04', <Bool x0 != 0x0>, 'ConditionType.CMOVE'), ('0x46e08', <Bool x0 != 0x0>, 'ConditionType.CMOVE'), ('0x46e08', <Bool x1 - 0x1 - 0xffffffffffffdffe == 0x0>, 'ConditionType.UNKNOWN'), ('0x46e08', <Bool x1 - 0x1 >= 0xffffffffffffdffe>, 'ConditionType.UNKNOWN')];{'regs': ['<BV64 x0>', '<BV64 x1>'], 'indirect_regs': [], 'direct_regs': ['<BV64 x0>', '<BV64 x1>'], 'mem': [], 'const_mem': []};{'regs': ['<BV64 x0>', '<BV64 x1>', '<BV64 x2>'], 'indirect_regs': [], 'direct_regs': ['<BV64 x0>', '<BV64 x1>', '<BV64 x2>'], 'mem': ['<BV64 x2>'], 'const_mem': []};{'regs': ['<BV64 x0>', '<BV64 x1>', '<BV64 x2>'], 'indirect_regs': [], 'direct_regs': ['<BV64 x0>', '<BV64 x1>', '<BV64 x2>'], 'mem': ['<BV64 x2>'], 'const_mem': []};63.0;0.0;64.0;64.0;[];;;;BaseControlType.NO_BASE;BaseControlType.NO_BASE;BaseControlType.NO_BASE;3;BranchControlType.BRANCH_DEPENDS_ON_SECRET_ADDRESS;BranchControlType.BRANCH_INDEPENDENT_FROM_SECRET;66380;True;False;True;True;True;False;False;True;True;False;False;False;True;False;True;True;True;False;True;False;[];['has_valid_base'];True;False;True;True;True;False;False;True;True;False;False;False;True;False;True;True;True;False;True;False;[];['has_valid_base']
da26122a-9511-441f-a0fa-2e76673735bb;pcre2_code_free_8;0x62b0;0x62d0;0x0;TransmitterType.LOAD;9;0;False;['0x62b0', '0x62b8'];<BV64 0x20 + x0>;64;[];[];['<BV64 x0>'];[];['<BV64 x0>'];[];[];0;18446744073709551615;18446744073709551615;1;;;True;0;18446744073709551615;18446744073709551615;1;;;True;ControlType.CONTROLLED;0;<BV64 0x20>;64;[];[];[];[];[];[];[];32.0;32.0;0.0;1.0;;;True;32.0;32.0;0.0;1.0;;;True;ControlType.NO_CONTROL;0;<BV64 0x20>;64;[];[];[];[];[];[];[];32;32;0;1.0;;;True;32.0;32.0;0.0;1.0;;;True;ControlType.NO_CONTROL;0;<BV64 x0>;64;[];[];['<BV64 x0>'];[];['<BV64 x0>'];[];[];0.0;1.8446744073709552e+19;18446744073709551615;1;;;True;1.0;1.8446744073709552e+19;18446744073709551614;1;;;True;ControlType.CONTROLLED;0;<BV64 x0>;64;[];[];['<BV64 x0>'];[];['<BV64 x0>'];[];[];0.0;1.8446744073709552e+19;1.8446744073709552e+19;1.0;;;True;1.0;1.8446744073709552e+19;1.8446744073709552e+19;1.0;;;True;ControlType.CONTROLLED;0;<BV64 x0>;64;[];[];[];[];[];[];[];0;0;0;;;;False;0;0;0;;;;False;ControlType.UNKNOWN;0;[('0x62b4', <Bool x0 != 0x0>, 'Taken')];{'regs': ['<BV64 x0>'], 'indirect_regs': [], 'direct_regs': ['<BV64 x0>'], 'mem': [], 'const_mem': []};[];{'regs': [], 'indirect_regs': [], 'direct_regs': [], 'mem': [], 'const_mem': []};{'regs': ['<BV64 x0>'], 'indirect_regs': [], 'direct_regs': ['<BV64 x0>'], 'mem': [], 'const_mem': []};{'regs': ['<BV64 x0>', '<BV64 x0>'], 'indirect_regs': [], 'direct_regs': ['<BV64 x0>', '<BV64 x0>'], 'mem': [], 'const_mem': []};63.0;0.0;64.0;64.0;[];;;;BaseControlType.CONSTANT_BASE;BaseControlType.CONSTANT_BASE;BaseControlType.CONSTANT_BASE;1;BranchControlType.BRANCH_INDEPENDENT_FROM_SECRET;BranchControlType.BRANCH_INDEPENDENT_FROM_SECRET;25296;True;False;True;True;True;False;False;True;True;False;False;False;True;False;True;False;True;False;True;False;[];['has_valid_base'];True;False;True;True;True;False;False;True;True;False;False;False;True;False;True;False;True;False;True;False;[];['has_valid_base']
18d8e7d3-f22e-4079-bc40-af406ca26ef3;pcre2_code_free_8;0x62b0;0x62e4;0x62d0;TransmitterType.LOAD;14;1;False;['0x62b0', '0x62b8', '0x62d8'];<BV64 LOAD_64[<BV64 x0 + 0x20>]_26>;64;[('0x62d4', <Bool LOAD_64[<BV64 x0 + 0x20>]_26 != 0x0>, 'Taken')];[];['<BV64 x0>'];"[""<BV64 x0>: ['0x20']""]";[];['<BV64 x0 + 0x20>'];[];0;18446744073709551615;18446744073709551615;1;;;True;1;18446744073709551615;18446744073709551614;1;;;True;ControlType.CONTROLLED;1;;0;[];[];[];[];[];[];[];0.0;0.0;0.0;0.0;;;False;0.0;0.0;0.0;0.0;;;False;ControlType.UNKNOWN;0;;0;[];[];[];[];[];[];[];0;0;0;;;;False;0.0;0.0;0.0;0.0;;;False;ControlType.UNKNOWN;0;<BV64 LOAD_64[<BV64 x0 + 0x20>]_26>;64;[('0x62d4', <Bool LOAD_64[<BV64 x0 + 0x20>]_26 != 0x0>, 'Taken')];[];['<BV64 x0>'];"[""<BV64 x0>: ['0x20']""]";[];['<BV64 x0 + 0x20>'];[];0.0;1.8446744073709552e+19;18446744073709551615;1;;;True;1.0;1.8446744073709552e+19;18446744073709551614;1;;;True;ControlType.CONTROLLED;1;<BV64 x0 + 0x20>;64;[('0x62b4', <Bool x0 != 0x0>, 'Taken')];[];['<BV64 x0>'];[];['<BV64 x0>'];[];[];0.0;1.8446744073709552e+19;1.8446744073709552e+19;1.0;;;True;33.0;31.0;1.8446744073709552e+19;1.0;;;True;ControlType.CONTROLLED;0;<BV64 LOAD_64[<BV64 x0 + 0x20>]_26>;64;[];[];[];[];[];[];[];0;0;0;;;;False;0;0;0;;;;False;ControlType.UNKNOWN;1;[('0x62b4', <Bool x0 != 0x0>, 'Taken'), ('0x62d4', <Bool LOAD_64[<BV64 x0 + 0x20>]_26 != 0x0>, 'Taken')];{'regs': ['<BV64 x0>'], 'indirect_regs': [], 'direct_regs': ['<BV64 x0>'], 'mem': ['<BV64 x0 + 0x20>'], 'const_mem': []};[];{'regs': [], 'indirect_regs': [], 'direct_regs': [], 'mem': [], 'const_mem': []};{'regs': ['<BV64 x0>'], 'indirect_regs': [], 'direct_regs': ['<BV64 x0>'], 'mem': ['<BV64 x0 + 0x20>'], 'const_mem': []};{'regs': ['<BV64 x0>'], 'indirect_regs': [], 'direct_regs': ['<BV64 x0>'], 'mem': ['<BV64 x0 + 0x20>'], 'const_mem': []};63.0;0.0;64.0;64.0;[];;;;BaseControlType.NO_BASE;BaseControlType.NO_BASE;BaseControlType.NO_BASE;2;BranchControlType.BRANCH_DEPENDS_ON_SECRET_VALUE;BranchControlType.BRANCH_INDEPENDENT_FROM_SECRET;25316;True;False;True;True;True;False;False;True;True;False;False;False;True;False;True;True;True;False;True;False;[];['has_valid_base'];True;False;True;True;True;False;False;True;True;False;False;False;True;False;True;True;True;False;True;False;[];['has_valid_base']
280a9640-5af7-44e5-956a-9e5a7cc8d7bb;pcre2_code_free_8;0x62b0;0x62f0;0x62d0;TransmitterType.LOAD;16;1;False;['0x62b0', '0x62b8', '0x62d8', '0x62f0'];<BV64 0x18 + LOAD_64[<BV64 x0 + 0x20>]_26>;64;[('0x62d4', <Bool LOAD_64[<BV64 x0 + 0x20>]_26 != 0x0>, 'Taken')];[];['<BV64 x0>'];"[""<BV64 x0>: ['0x20']""]";[];['<BV64 x0 + 0x20>'];[];0;18446744073709551615;18446744073709551615;1;;;True;25;23;18446744073709551614;1;;;True;ControlType.CONTROLLED;1;<BV64 0x18>;64;[];[];[];[];[];[];[];24.0;24.0;0.0;1.0;;;True;24.0;24.0;0.0;1.0;;;True;ControlType.NO_CONTROL;0;<BV64 0x18>;64;[];[];[];[];[];[];[];24;24;0;1.0;;;True;24.0;24.0;0.0;1.0;;;True;ControlType.NO_CONTROL;0;<BV64 LOAD_64[<BV64 x0 + 0x20>]_26>;64;[('0x62d4', <Bool LOAD_64[<BV64 x0 + 0x20>]_26 != 0x0>, 'Taken')];[];['<BV64 x0>'];"[""<BV64 x0>: ['0x20']""]";[];['<BV64 x0 + 0x20>'];[];0.0;1.8446744073709552e+19;18446744073709551615;1;;;True;1.0;1.8446744073709552e+19;18446744073709551614;1;;;True;ControlType.CONTROLLED;1;<BV64 x0 + 0x20>;64;[('0x62b4', <Bool x0 != 0x0>, 'Taken')];[];['<BV64 x0>'];[];['<BV64 x0>'];[];[];0.0;1.8446744073709552e+19;1.8446744073709552e+19;1.0;;;True;33.0;31.0;1.8446744073709552e+19;1.0;;;True;ControlType.CONTROLLED;0;<BV64 LOAD_64[<BV64 x0 + 0x20>]_26>;64;[];[];[];[];[];[];[];0;0;0;;;;False;0;0;0;;;;False;ControlType.UNKNOWN;1;[('0x62b4', <Bool x0 != 0x0>, 'Taken'), ('0x62d4', <Bool LOAD_64[<BV64 x0 + 0x20>]_26 != 0x0>, 'Taken'), ('0x62e8', <Bool LOAD_64[<BV64 LOAD_64[<BV64 x0 + 0x20>]_26>]_28 == 0x0>, 'Taken')];{'regs': ['<BV64 x0>'], 'indirect_regs': [], 'direct_regs': ['<BV64 x0>'], 'mem': ['<BV64 LOAD_64[<BV64 x0 + 0x20>]_26>', '<BV64 x0 + 0x20>'], 'const_mem': []};[];{'regs': [], 'indirect_regs': [], 'direct_regs': [], 'mem': [], 'const_mem': []};{'regs': ['<BV64 x0>'], 'indirect_regs': [], 'direct_regs': ['<BV64 x0>'], 'mem': ['<BV64 x0 + 0x20>'], 'const_mem': []};{'regs': ['<BV64 x0>'], 'indirect_regs': [], 'direct_regs': ['<BV64 x0>'], 'mem': ['<BV64 LOAD_64[<BV64 x0 + 0x20>]_26>', '<BV64 x0 + 0x20>'], 'const_mem': []};63.0;0.0;64.0;64.0;[];;;;BaseControlType.CONSTANT_BASE;BaseControlType.CONSTANT_BASE;BaseControlType.CONSTANT_BASE;3;BranchControlType.BRANCH_DEPENDS_ON_SECRET_VALUE;BranchControlType.BRANCH_INDEPENDENT_FROM_SECRET;25328;True;False;True;True;True;False;False;True;True;False;False;False;True;False;True;True;True;False;True;False;[];['has_valid_base'];True;False;True;True;True;False;False;True;True;False;False;False;True;False;True;True;True;False;True;False;[];['has_valid_base']
e912df6f-05ea-4f8b-b77a-6de79e32c0e7;pcre2_code_free_8;0x62b0;0x6300;0x0;TransmitterType.LOAD;20;0;False;['0x62b0', '0x62b8', '0x62d8', '0x62f0', '0x62f8'];<BV64 0x8 + x0>;64;[];[];['<BV64 x0>'];[];['<BV64 x0>'];[];[];0;18446744073709551615;18446744073709551615;1;;;True;0;18446744073709551615;18446744073709551615;1;;;True;ControlType.CONTROLLED;0;<BV64 0x8>;64;[];[];[];[];[];[];[];8.0;8.0;0.0;1.0;;;True;8.0;8.0;0.0;1.0;;;True;ControlType.NO_CONTROL;0;<BV64 0x8>;64;[];[];[];[];[];[];[];8;8;0;1.0;;;True;8.0;8.0;0.0;1.0;;;True;ControlType.NO_CONTROL;0;<BV64 x0>;64;[];[];['<BV64 x0>'];[];['<BV64 x0>'];[];[];0.0;1.8446744073709552e+19;18446744073709551615;1;;;True;1.0;1.8446744073709552e+19;18446744073709551614;1;;;True;ControlType.CONTROLLED;0;<BV64 x0>;64;[];[];['<BV64 x0>'];[];['<BV64 x0>'];[];[];0.0;1.8446744073709552e+19;1.8446744073709552e+19;1.0;;;True;1.0;1.8446744073709552e+19;1.8446744073709552e+19;1.0;;;True;ControlType.CONTROLLED;0;<BV64 x0>;64;[];[];[];[];[];[];[];0;0;0;;;;False;0;0;0;;;;False;ControlType.UNKNOWN;0;[('0x62b4', <Bool x0 != 0x0>, 'Taken'), ('0x62d4', <Bool LOAD_64[<BV64 x0 + 0x20>]_26 != 0x0>, 'Taken'), ('0x62e8', <Bool LOAD_64[<BV64 LOAD_64[<BV64 x0 + 0x20>]_26>]_28 == 0x0>, 'Taken'), ('0x62f4', <Bool LOAD_64[<BV64 LOAD_64[<BV64 x0 + 0x20>]_26 + 0x18>]_34 != 0x0>, 'Taken')];{'regs': ['<BV64 x0>'], 'indirect_regs': [], 'direct_regs': ['<BV64 x0>'], 'mem': ['<BV64 LOAD_64[<BV64 x0 + 0x20>]_26 + 0x18>', '<BV64 LOAD_64[<BV64 x0 + 0x20>]_26>', '<BV64 x0 + 0x20>'], 'const_mem': []};[];{'regs': [], 'indirect_regs': [], 'direct_regs': [], 'mem': [], 'const_mem': []};{'regs': ['<BV64 x0>'], 'indirect_regs': [], 'direct_regs': ['<BV64 x0>'], 'mem': [], 'const_mem': []};{'regs': ['<BV64 x0>', '<BV64 x0>'], 'indirect_regs': [], 'direct_regs': ['<BV64 x0>', '<BV64 x0>'], 'mem': ['<BV64 LOAD_64[<BV64 x0 + 0x20>]_26 + 0x18>', '<BV64 LOAD_64[<BV64 x0 + 0x20>]_26>', '<BV64 x0 + 0x20>'], 'const_mem': []};63.0;0.0;64.0;64.0;[];;;;BaseControlType.CONSTANT_BASE;BaseControlType.CONSTANT_BASE;BaseControlType.CONSTANT_BASE;4;BranchControlType.BRANCH_INDEPENDENT_FROM_SECRET;BranchControlType.BRANCH_INDEPENDENT_FROM_SECRET;25344;True;False;True;True;True;False;False;True;True;False;False;False;True;False;True;False;True;False;True;False;[];['has_valid_base'];True;False;True;True;True;False;False;True;True;False;False;False;True;False;True;False;True;False;True;False;[];['has_valid_base']
c7865b94-3552-462d-bd4e-3981d11a5c51;pcre2_code_free_8;0x62b0;0x6300;0x0;TransmitterType.LOAD;20;0;False;['0x62b0', '0x62b8', '0x62d8', '0x62f0', '0x62f8'];<BV64 0x10 + x0>;64;[];[];['<BV64 x0>'];[];['<BV64 x0>'];[];[];0;18446744073709551615;18446744073709551615;1;;;True;0;18446744073709551615;18446744073709551615;1;;;True;ControlType.CONTROLLED;0;<BV64 0x10>;64;[];[];[];[];[];[];[];16.0;16.0;0.0;1.0;;;True;16.0;16.0;0.0;1.0;;;True;ControlType.NO_CONTROL;0;<BV64 0x10>;64;[];[];[];[];[];[];[];16;16;0;1.0;;;True;16.0;16.0;0.0;1.0;;;True;ControlType.NO_CONTROL;0;<BV64 x0>;64;[];[];['<BV64 x0>'];[];['<BV64 x0>'];[];[];0.0;1.8446744073709552e+19;18446744073709551615;1;;;True;1.0;1.8446744073709552e+19;18446744073709551614;1;;;True;ControlType.CONTROLLED;0;<BV64 x0>;64;[];[];['<BV64 x0>'];[];['<BV64 x0>'];[];[];0.0;1.8446744073709552e+19;1.8446744073709552e+19;1.0;;;True;1.0;1.8446744073709552e+19;1.8446744073709552e+19;1.0;;;True;ControlType.CONTROLLED;0;<BV64 x0>;64;[];[];[];[];[];[];[];0;0;0;;;;False;0;0;0;;;;False;ControlType.UNKNOWN;0;[('0x62b4', <Bool x0 != 0x0>, 'Taken'), ('0x62d4', <Bool LOAD_64[<BV64 x0 + 0x20>]_26 != 0x0>, 'Taken'), ('0x62e8', <Bool LOAD_64[<BV64 LOAD_64[<BV64 x0 + 0x20>]_26>]_28 == 0x0>, 'Taken'), ('0x62f4', <Bool LOAD_64[<BV64 LOAD_64[<BV64 x0 + 0x20>]_26 + 0x18>]_34 != 0x0>, 'Taken')];{'regs': ['<BV64 x0>'], 'indirect_regs': [], 'direct_regs': ['<BV64 x0>'], 'mem': ['<BV64 LOAD_64[<BV64 x0 + 0x20>]_26 + 0x18>', '<BV64 LOAD_64[<BV64 x0 + 0x20>]_26>', '<BV64 x0 + 0x20>'], 'const_mem': []};[];{'regs': [], 'indirect_regs': [], 'direct_regs': [], 'mem': [], 'const_mem': []};{'regs': ['<BV64 x0>'], 'indirect_regs': [], 'direct_regs': ['<BV64 x0>'], 'mem': [], 'const_mem': []};{'regs': ['<BV64 x0>', '<BV64 x0>'], 'indirect_regs': [], 'direct_regs': ['<BV64 x0>', '<BV64 x0>'], 'mem': ['<BV64 LOAD_64[<BV64 x0 + 0x20>]_26 + 0x18>', '<BV64 LOAD_64[<BV64 x0 + 0x20>]_26>', '<BV64 x0 + 0x20>'], 'const_mem': []};63.0;0.0;64.0;64.0;[];;;;BaseControlType.CONSTANT_BASE;BaseControlType.CONSTANT_BASE;BaseControlType.CONSTANT_BASE;4;BranchControlType.BRANCH_INDEPENDENT_FROM_SECRET;BranchControlType.BRANCH_INDEPENDENT_FROM_SECRET;25344;True;False;True;True;True;False;False;True;True;False;False;False;True;False;True;False;True;False;True;False;[];['has_valid_base'];True;False;True;True;True;False;False;True;True;False;False;False;True;False;True;False;True;False;True;False;[];['has_valid_base']
7cc26973-df2e-445e-adfe-01e576b6713b;pcre2_code_free_8;0x62b0;0x6308;0x62f0;TransmitterType.LOAD;22;2;False;['0x62b0', '0x62b8', '0x62d8', '0x62f0', '0x62f8'];<BV64 LOAD_64[<BV64 LOAD_64[<BV64 x0 + 0x20>]_26 + 0x18>]_34>;64;[('0x62f4', <Bool LOAD_64[<BV64 LOAD_64[<BV64 x0 + 0x20>]_26 + 0x18>]_34 != 0x0>, 'Taken')];[];['<BV64 x0>'];"[""<BV64 x0>: ['0x20']""]";[];['<BV64 LOAD_64[<BV64 x0 + 0x20>]_26 + 0x18>', '<BV64 x0 + 0x20>'];[];0;18446744073709551615;18446744073709551615;1;;;True;1;18446744073709551615;18446744073709551614;1;;;True;ControlType.CONTROLLED;2;;0;[];[];[];[];[];[];[];0.0;0.0;0.0;0.0;;;False;0.0;0.0;0.0;0.0;;;False;ControlType.UNKNOWN;0;;0;[];[];[];[];[];[];[];0;0;0;;;;False;0.0;0.0;0.0;0.0;;;False;ControlType.UNKNOWN;0;<BV64 LOAD_64[<BV64 LOAD_64[<BV64 x0 + 0x20>]_26 + 0x18>]_34>;64;[('0x62f4', <Bool LOAD_64[<BV64 LOAD_64[<BV64 x0 + 0x20>]_26 + 0x18>]_34 != 0x0>, 'Taken')];[];['<BV64 x0>'];"[""<BV64 x0>: ['0x20']""]";[];['<BV64 LOAD_64[<BV64 x0 + 0x20>]_26 + 0x18>', '<BV64 x0 + 0x20>'];[];0.0;1.8446744073709552e+19;18446744073709551615;1;;;True;1.0;1.8446744073709552e+19;18446744073709551614;1;;;True;ControlType.CONTROLLED;2;<BV64 LOAD_64[<BV64 x0 + 0x20>]_26 + 0x18>;64;[('0x62d4', <Bool LOAD_64[<BV64 x0 + 0x20>]_26 != 0x0>, 'Taken')];[];['<BV64 x0>'];"[""<BV64 x0>: ['0x20']""]";[];['<BV64 x0 + 0x20>'];[];0.0;1.8446744073709552e+19;1.8446744073709552e+19;1.0;;;True;25.0;23.0;1.8446744073709552e+19;1.0;;;True;ControlType.CONTROLLED;1;<BV64 LOAD_64[<BV64 LOAD_64[<BV64 x0 + 0x20>]_26 + 0x18>]_34>;64;[];[];[];[];[];[];[];0;0;0;;;;False;0;0;0;;;;False;ControlType.UNKNOWN;2;[('0x62b4', <Bool x0 != 0x0>, 'Taken'), ('0x62d4', <Bool LOAD_64[<BV64 x0 + 0x20>]_26 != 0x0>, 'Taken'), ('0x62e8', <Bool LOAD_64[<BV64 LOAD_64[<BV64 x0 + 0x20>]_26>]_28 == 0x0>, 'Taken'), ('0x62f4', <Bool LOAD_64[<BV64 LOAD_64[<BV64 x0 + 0x20>]_26 + 0x18>]_34 != 0x0>, 'Taken')];{'regs': ['<BV64 x0>'], 'indirect_regs': [], 'direct_regs': ['<BV64 x0>'], 'mem': ['<BV64 LOAD_64[<BV64 x0 + 0x20>]_26 + 0x18>', '<BV64 LOAD_64[<BV64 x0 + 0x20>]_26>', '<BV64 x0 + 0x20>'], 'const_mem': []};[];{'regs': [], 'indirect_regs': [], 'direct_regs': [], 'mem': [], 'const_mem': []};"{'regs': ['<BV64 x0>'], 'indirect_regs': [""<BV64 x0>: ['0x20', '0x20']""], 'direct_regs': [], 'mem': ['<BV64 LOAD_64[<BV64 x0 + 0x20>]_26 + 0x18>', '<BV64 x0 + 0x20>'], 'const_mem': []}";{'regs': ['<BV64 x0>'], 'indirect_regs': [], 'direct_regs': ['<BV64 x0>'], 'mem': ['<BV64 LOAD_64[<BV64 x0 + 0x20>]_26 + 0x18>', '<BV64 LOAD_64[<BV64 x0 + 0x20>]_26>', '<BV64 x0 + 0x20>'], 'const_mem': []};63.0;0.0;64.0;64.0;[];;;;BaseControlType.NO_BASE;BaseControlType.NO_BASE;BaseControlType.NO_BASE;4;BranchControlType.BRANCH_DEPENDS_ON_SECRET_VALUE;BranchControlType.BRANCH_INDEPENDENT_FROM_SECRET;25352;True;False;True;True;True;False;False;True;True;False;False;False;True;False;True;True;True;False;True;False;[];['has_valid_base'];True;False;True;True;True;False;False;True;True;False;False;False;True;False;True;True;True;False;True;False;[];['has_valid_base']
47baac82-d703-4d07-8708-632a4d816edd;pcre2_code_free_8;0x62b0;0x630c;0x6300;TransmitterType.CODE_LOAD;23;1;False;['0x62b0', '0x62b8', '0x62d8', '0x62f0', '0x62f8'];<BV64 LOAD_64[<BV64 x0 + 0x8>]_35>;64;[];[];['<BV64 x0>'];"[""<BV64 x0>: ['0x8']""]";[];['<BV64 x0 + 0x8>'];[];0;18446744073709551615;18446744073709551615;1;;;True;0;18446744073709551615;18446744073709551615;1;;;True;ControlType.CONTROLLED;1;;0;[];[];[];[];[];[];[];0.0;0.0;0.0;0.0;;;False;0.0;0.0;0.0;0.0;;;False;ControlType.UNKNOWN;0;;0;[];[];[];[];[];[];[];0;0;0;;;;False;0.0;0.0;0.0;0.0;;;False;ControlType.UNKNOWN;0;<BV64 LOAD_64[<BV64 x0 + 0x8>]_35>;64;[];[];['<BV64 x0>'];"[""<BV64 x0>: ['0x8']""]";[];['<BV64 x0 + 0x8>'];[];0.0;1.8446744073709552e+19;18446744073709551615;1;;;True;0.0;1.8446744073709552e+19;18446744073709551615;1;;;True;ControlType.CONTROLLED;1;<BV64 x0 + 0x8>;64;[('0x62b4', <Bool x0 != 0x0>, 'Taken')];[];['<BV64 x0>'];[];['<BV64 x0>'];[];[];0.0;1.8446744073709552e+19;1.8446744073709552e+19;1.0;;;True;9.0;7.0;1.8446744073709552e+19;1.0;;;True;ControlType.CONTROLLED;0;<BV64 LOAD_64[<BV64 x0 + 0x8>]_35>;64;[];[];[];[];[];[];[];0;0;0;;;;False;0;0;0;;;;False;ControlType.UNKNOWN;1;[('0x62b4', <Bool x0 != 0x0>, 'Taken'), ('0x62d4', <Bool LOAD_64[<BV64 x0 + 0x20>]_26 != 0x0>, 'Taken'), ('0x62e8', <Bool LOAD_64[<BV64 LOAD_64[<BV64 x0 + 0x20>]_26>]_28 == 0x0>, 'Taken'), ('0x62f4', <Bool LOAD_64[<BV64 LOAD_64[<BV64 x0 + 0x20>]_26 + 0x18>]_34 != 0x0>, 'Taken')];{'regs': ['<BV64 x0>'], 'indirect_regs': [], 'direct_regs': ['<BV64 x0>'], 'mem': ['<BV64 LOAD_64[<BV64 x0 + 0x20>]_26 + 0x18>', '<BV64 LOAD_64[<BV64 x0 + 0x20>]_26>', '<BV64 x0 + 0x20>'], 'const_mem': []};[];{'regs': [], 'indirect_regs': [], 'direct_regs': [], 'mem': [], 'const_mem': []};{'regs': ['<BV64 x0>'], 'indirect_regs': [], 'direct_regs': ['<BV64 x0>'], 'mem': ['<BV64 x0 + 0x8>'], 'const_mem': []};{'regs': ['<BV64 x0>'], 'indirect_regs': [], 'direct_regs': ['<BV64 x0>'], 'mem': ['<BV64 LOAD_64[<BV64 x0 + 0x20>]_26 + 0x18>', '<BV64 LOAD_64[<BV64 x0 + 0x20>]_26>', '<BV64 x0 + 0x20>', '<BV64 x0 + 0x8>'], 'const_mem': []};63.0;0.0;64.0;64.0;[];;;;BaseControlType.NO_BASE;BaseControlType.NO_BASE;BaseControlType.NO_BASE;4;BranchControlType.BRANCH_DEPENDS_ON_SECRET_ADDRESS;BranchControlType.BRANCH_INDEPENDENT_FROM_SECRET;25356;True;False;True;True;True;False;False;True;True;False;False;False;True;False;True;True;True;False;True;False;[];['has_valid_base'];True;False;True;True;True;False;False;True;True;False;False;False;True;False;True;True;True;False;True;False;[];['has_valid_base']
19b6f7e6-4a39-4bcb-bc36-ec0b36cbbac1;pcre2_code_free_8;0x62b0;0x6330;0x0;TransmitterType.LOAD;11;0;False;['0x62b0', '0x62b8', '0x6330'];<BV64 0x60 + x0>;64;[];[];['<BV64 x0>'];[];['<BV64 x0>'];[];[];0;18446744073709551615;18446744073709551615;1;;;True;0;18446744073709551615;18446744073709551615;1;;;True;ControlType.CONTROLLED;0;<BV64 0x60>;64;[];[];[];[];[];[];[];96.0;96.0;0.0;1.0;;;True;96.0;96.0;0.0;1.0;;;True;ControlType.NO_CONTROL;0;<BV64 0x60>;64;[];[];[];[];[];[];[];96;96;0;1.0;;;True;96.0;96.0;0.0;1.0;;;True;ControlType.NO_CONTROL;0;<BV64 x0>;64;[];[];['<BV64 x0>'];[];['<BV64 x0>'];[];[];0.0;1.8446744073709552e+19;18446744073709551615;1;;;True;1.0;1.8446744073709552e+19;18446744073709551614;1;;;True;ControlType.CONTROLLED;0;<BV64 x0>;64;[];[];['<BV64 x0>'];[];['<BV64 x0>'];[];[];0.0;1.8446744073709552e+19;1.8446744073709552e+19;1.0;;;True;1.0;1.8446744073709552e+19;1.8446744073709552e+19;1.0;;;True;ControlType.CONTROLLED;0;<BV64 x0>;64;[];[];[];[];[];[];[];0;0;0;;;;False;0;0;0;;;;False;ControlType.UNKNOWN;0;[('0x62b4', <Bool x0 != 0x0>, 'Taken'), ('0x62d4', <Bool LOAD_64[<BV64 x0 + 0x20>]_26 == 0x0>, 'Taken')];{'regs': ['<BV64 x0>'], 'indirect_regs': [], 'direct_regs': ['<BV64 x0>'], 'mem': ['<BV64 x0 + 0x20>'], 'const_mem': []};[];{'regs': [], 'indirect_regs': [], 'direct_regs': [], 'mem': [], 'const_mem': []};{'regs': ['<BV64 x0>'], 'indirect_regs': [], 'direct_regs': ['<BV64 x0>'], 'mem': [], 'const_mem': []};{'regs': ['<BV64 x0>', '<BV64 x0>'], 'indirect_regs': [], 'direct_regs': ['<BV64 x0>', '<BV64 x0>'], 'mem': ['<BV64 x0 + 0x20>'], 'const_mem': []};63.0;0.0;64.0;64.0;[];;;;BaseControlType.CONSTANT_BASE;BaseControlType.CONSTANT_BASE;BaseControlType.CONSTANT_BASE;2;BranchControlType.BRANCH_INDEPENDENT_FROM_SECRET;BranchControlType.BRANCH_INDEPENDENT_FROM_SECRET;25392;True;False;True;True;True;False;False;True;True;False;False;False;True;False;True;False;True;False;True;False;[];['has_valid_base'];True;False;True;True;True;False;False;True;True;False;False;False;True;False;True;False;True;False;True;False;[];['has_valid_base']
be581cea-7d2d-4bd3-9921-7c78e329cf5b;pcre2_code_free_8;0x62b0;0x6338;0x0;TransmitterType.LOAD;13;0;False;['0x62b0', '0x62b8', '0x6330', '0x6338'];<BV64 0x8 + x0>;64;[];[];['<BV64 x0>'];[];['<BV64 x0>'];[];[];0;18446744073709551615;18446744073709551615;1;;;True;0;18446744073709551615;18446744073709551615;1;;;True;ControlType.CONTROLLED;0;<BV64 0x8>;64;[];[];[];[];[];[];[];8.0;8.0;0.0;1.0;;;True;8.0;8.0;0.0;1.0;;;True;ControlType.NO_CONTROL;0;<BV64 0x8>;64;[];[];[];[];[];[];[];8;8;0;1.0;;;True;8.0;8.0;0.0;1.0;;;True;ControlType.NO_CONTROL;0;<BV64 x0>;64;[];[];['<BV64 x0>'];[];['<BV64 x0>'];[];[];0.0;1.8446744073709552e+19;18446744073709551615;1;;;True;1.0;1.8446744073709552e+19;18446744073709551614;1;;;True;ControlType.CONTROLLED;0;<BV64 x0>;64;[];[];['<BV64 x0>'];[];['<BV64 x0>'];[];[];0.0;1.8446744073709552e+19;1.8446744073709552e+19;1.0;;;True;1.0;1.8446744073709552e+19;1.8446744073709552e+19;1.0;;;True;ControlType.CONTROLLED;0;<BV64 x0>;64;[];[];[];[];[];[];[];0;0;0;;;;False;0;0;0;;;;False;ControlType.UNKNOWN;0;[('0x62b4', <Bool x0 != 0x0>, 'Taken'), ('0x62d4', <Bool LOAD_64[<BV64 x0 + 0x20>]_26 == 0x0>, 'Taken'), ('0x6334', <Bool (LShR((0#32 .. LOAD_32[<BV64 x0 + 0x60>]_38), 0x12)[7:0] & 1) == 0>, 'Taken')];{'regs': ['<BV64 x0>'], 'indirect_regs': [], 'direct_regs': ['<BV64 x0>'], 'mem': ['<BV64 x0 + 0x20>', '<BV64 x0 + 0x60>'], 'const_mem': []};[];{'regs': [], 'indirect_regs': [], 'direct_regs': [], 'mem': [], 'const_mem': []};{'regs': ['<BV64 x0>'], 'indirect_regs': [], 'direct_regs': ['<BV64 x0>'], 'mem': [], 'const_mem': []};{'regs': ['<BV64 x0>', '<BV64 x0>'], 'indirect_regs': [], 'direct_regs': ['<BV64 x0>', '<BV64 x0>'], 'mem': ['<BV64 x0 + 0x20>', '<BV64 x0 + 0x60>'], 'const_mem': []};63.0;0.0;64.0;64.0;[];;;;BaseControlType.CONSTANT_BASE;BaseControlType.CONSTANT_BASE;BaseControlType.CONSTANT_BASE;3;BranchControlType.BRANCH_INDEPENDENT_FROM_SECRET;BranchControlType.BRANCH_INDEPENDENT_FROM_SECRET;25400;True;False;True;True;True;False;False;True;True;False;False;False;True;False;True;False;True;False;True;False;[];['has_valid_base'];True;False;True;True;True;False;False;True;True;False;False;False;True;False;True;False;True;False;True;False;[];['has_valid_base']
bb29fcea-dcd9-4261-9f6f-aac00b4e7dd6;pcre2_code_free_8;0x62b0;0x6338;0x0;TransmitterType.LOAD;13;0;False;['0x62b0', '0x62b8', '0x6330', '0x6338'];<BV64 0x10 + x0>;64;[];[];['<BV64 x0>'];[];['<BV64 x0>'];[];[];0;18446744073709551615;18446744073709551615;1;;;True;0;18446744073709551615;18446744073709551615;1;;;True;ControlType.CONTROLLED;0;<BV64 0x10>;64;[];[];[];[];[];[];[];16.0;16.0;0.0;1.0;;;True;16.0;16.0;0.0;1.0;;;True;ControlType.NO_CONTROL;0;<BV64 0x10>;64;[];[];[];[];[];[];[];16;16;0;1.0;;;True;16.0;16.0;0.0;1.0;;;True;ControlType.NO_CONTROL;0;<BV64 x0>;64;[];[];['<BV64 x0>'];[];['<BV64 x0>'];[];[];0.0;1.8446744073709552e+19;18446744073709551615;1;;;True;1.0;1.8446744073709552e+19;18446744073709551614;1;;;True;ControlType.CONTROLLED;0;<BV64 x0>;64;[];[];['<BV64 x0>'];[];['<BV64 x0>'];[];[];0.0;1.8446744073709552e+19;1.8446744073709552e+19;1.0;;;True;1.0;1.8446744073709552e+19;1.8446744073709552e+19;1.0;;;True;ControlType.CONTROLLED;0;<BV64 x0>;64;[];[];[];[];[];[];[];0;0;0;;;;False;0;0;0;;;;False;ControlType.UNKNOWN;0;[('0x62b4', <Bool x0 != 0x0>, 'Taken'), ('0x62d4', <Bool LOAD_64[<BV64 x0 + 0x20>]_26 == 0x0>, 'Taken'), ('0x6334', <Bool (LShR((0#32 .. LOAD_32[<BV64 x0 + 0x60>]_38), 0x12)[7:0] & 1) == 0>, 'Taken')];{'regs': ['<BV64 x0>'], 'indirect_regs': [], 'direct_regs': ['<BV64 x0>'], 'mem': ['<BV64 x0 + 0x20>', '<BV64 x0 + 0x60>'], 'const_mem': []};[];{'regs': [], 'indirect_regs': [], 'direct_regs': [], 'mem': [], 'const_mem': []};{'regs': ['<BV64 x0>'], 'indirect_regs': [], 'direct_regs': ['<BV64 x0>'], 'mem': [], 'const_mem': []};{'regs': ['<BV64 x0>', '<BV64 x0>'], 'indirect_regs': [], 'direct_regs': ['<BV64 x0>', '<BV64 x0>'], 'mem': ['<BV64 x0 + 0x20>', '<BV64 x0 + 0x60>'], 'const_mem': []};63.0;0.0;64.0;64.0;[];;;;BaseControlType.CONSTANT_BASE;BaseControlType.CONSTANT_BASE;BaseControlType.CONSTANT_BASE;3;BranchControlType.BRANCH_INDEPENDENT_FROM_SECRET;BranchControlType.BRANCH_INDEPENDENT_FROM_SECRET;25400;True;False;True;True;True;False;False;True;True;False;False;False;True;False;True;False;True;False;True;False;[];['has_valid_base'];True;False;True;True;True;False;False;True;True;False;False;False;True;False;True;False;True;False;True;False;[];['has_valid_base']
06e0be0f-d3eb-4f14-86bd-f386bafbb75c;pcre2_code_free_8;0x62b0;0x6354;0x6338;TransmitterType.CODE_LOAD;19;1;False;['0x62b0', '0x62b8', '0x6330', '0x6338'];<BV64 LOAD_64[<BV64 x0 + 0x8>]_39>;64;[];[];['<BV64 x0>'];"[""<BV64 x0>: ['0x8']""]";[];['<BV64 x0 + 0x8>'];[];0;18446744073709551615;18446744073709551615;1;;;True;0;18446744073709551615;18446744073709551615;1;;;True;ControlType.CONTROLLED;1;;0;[];[];[];[];[];[];[];0.0;0.0;0.0;0.0;;;False;0.0;0.0;0.0;0.0;;;False;ControlType.UNKNOWN;0;;0;[];[];[];[];[];[];[];0;0;0;;;;False;0.0;0.0;0.0;0.0;;;False;ControlType.UNKNOWN;0;<BV64 LOAD_64[<BV64 x0 + 0x8>]_39>;64;[];[];['<BV64 x0>'];"[""<BV64 x0>: ['0x8']""]";[];['<BV64 x0 + 0x8>'];[];0.0;1.8446744073709552e+19;18446744073709551615;1;;;True;0.0;1.8446744073709552e+19;18446744073709551615;1;;;True;ControlType.CONTROLLED;1;<BV64 x0 + 0x8>;64;[('0x62b4', <Bool x0 != 0x0>, 'Taken')];[];['<BV64 x0>'];[];['<BV64 x0>'];[];[];0.0;1.8446744073709552e+19;1.8446744073709552e+19;1.0;;;True;9.0;7.0;1.8446744073709552e+19;1.0;;;True;ControlType.CONTROLLED;0;<BV64 LOAD_64[<BV64 x0 + 0x8>]_39>;64;[];[];[];[];[];[];[];0;0;0;;;;False;0;0;0;;;;False;ControlType.UNKNOWN;1;[('0x62b4', <Bool x0 != 0x0>, 'Taken'), ('0x62d4', <Bool LOAD_64[<BV64 x0 + 0x20>]_26 == 0x0>, 'Taken'), ('0x6334', <Bool (LShR((0#32 .. LOAD_32[<BV64 x0 + 0x60>]_38), 0x12)[7:0] & 1) == 0>, 'Taken')];{'regs': ['<BV64 x0>'], 'indirect_regs': [], 'direct_regs': ['<BV64 x0>'], 'mem': ['<BV64 x0 + 0x20>', '<BV64 x0 + 0x60>'], 'const_mem': []};[];{'regs': [], 'indirect_regs': [], 'direct_regs': [], 'mem': [], 'const_mem': []};{'regs': ['<BV64 x0>'], 'indirect_regs': [], 'direct_regs': ['<BV64 x0>'], 'mem': ['<BV64 x0 + 0x8>'], 'const_mem': []};{'regs': ['<BV64 x0>'], 'indirect_regs': [], 'direct_regs': ['<BV64 x0>'], 'mem': ['<BV64 x0 + 0x20>', '<BV64 x0 + 0x60>', '<BV64 x0 + 0x8>'], 'const_mem': []};63.0;0.0;64.0;64.0;[];;;;BaseControlType.NO_BASE;BaseControlType.NO_BASE;BaseControlType.NO_BASE;3;BranchControlType.BRANCH_DEPENDS_ON_SECRET_ADDRESS;BranchControlType.BRANCH_INDEPENDENT_FROM_SECRET;25428;True;False;True;True;True;False;False;True;True;False;False;False;True;False;True;True;True;False;True;False;[];['has_valid_base'];True;False;True;True;True;False;False;True;True;False;False;False;True;False;True;True;True;False;True;False;[];['has_valid_base']
86ac9e5e-1041-409c-a6fb-2df2482990f6;pcre2_code_free_8;0x62b0;0x6358;0x0;TransmitterType.LOAD;13;0;False;['0x62b0', '0x62b8', '0x6330', '0x6358'];<BV64 0x18 + x0>;64;[];[];['<BV64 x0>'];[];['<BV64 x0>'];[];[];0;18446744073709551615;18446744073709551615;1;;;True;0;18446744073709551615;18446744073709551615;1;;;True;ControlType.CONTROLLED;0;<BV64 0x18>;64;[];[];[];[];[];[];[];24.0;24.0;0.0;1.0;;;True;24.0;24.0;0.0;1.0;;;True;ControlType.NO_CONTROL;0;<BV64 0x18>;64;[];[];[];[];[];[];[];24;24;0;1.0;;;True;24.0;24.0;0.0;1.0;;;True;ControlType.NO_CONTROL;0;<BV64 x0>;64;[];[];['<BV64 x0>'];[];['<BV64 x0>'];[];[];0.0;1.8446744073709552e+19;18446744073709551615;1;;;True;1.0;1.8446744073709552e+19;18446744073709551614;1;;;True;ControlType.CONTROLLED;0;<BV64 x0>;64;[];[];['<BV64 x0>'];[];['<BV64 x0>'];[];[];0.0;1.8446744073709552e+19;1.8446744073709552e+19;1.0;;;True;1.0;1.8446744073709552e+19;1.8446744073709552e+19;1.0;;;True;ControlType.CONTROLLED;0;<BV64 x0>;64;[];[];[];[];[];[];[];0;0;0;;;;False;0;0;0;;;;False;ControlType.UNKNOWN;0;[('0x62b4', <Bool x0 != 0x0>, 'Taken'), ('0x62d4', <Bool LOAD_64[<BV64 x0 + 0x20>]_26 == 0x0>, 'Taken'), ('0x6334', <Bool (LShR((0#32 .. LOAD_32[<BV64 x0 + 0x60>]_38), 0x12)[7:0] & 1) != 0>, 'Taken')];{'regs': ['<BV64 x0>'], 'indirect_regs': [], 'direct_regs': ['<BV64 x0>'], 'mem': ['<BV64 x0 + 0x20>', '<BV64 x0 + 0x60>'], 'const_mem': []};[];{'regs': [], 'indirect_regs': [], 'direct_regs': [], 'mem': [], 'const_mem': []};{'regs': ['<BV64 x0>'], 'indirect_regs': [], 'direct_regs': ['<BV64 x0>'], 'mem': [], 'const_mem': []};{'regs': ['<BV64 x0>', '<BV64 x0>'], 'indirect_regs': [], 'direct_regs': ['<BV64 x0>', '<BV64 x0>'], 'mem': ['<BV64 x0 + 0x20>', '<BV64 x0 + 0x60>'], 'const_mem': []};63.0;0.0;64.0;64.0;[];;;;BaseControlType.CONSTANT_BASE;BaseControlType.CONSTANT_BASE;BaseControlType.CONSTANT_BASE;3;BranchControlType.BRANCH_INDEPENDENT_FROM_SECRET;BranchControlType.BRANCH_INDEPENDENT_FROM_SECRET;25432;True;False;True;True;True;False;False;True;True;False;False;False;True;False;True;False;True;False;True;False;[];['has_valid_base'];True;False;True;True;True;False;False;True;True;False;False;False;True;False;True;False;True;False;True;False;[];['has_valid_base']
43bf5f00-8538-4fc3-8030-520af2bdc3e5;pcre2_code_free_8;0x62b0;0x635c;0x6358;TransmitterType.LOAD;14;1;False;['0x62b0', '0x62b8', '0x6330', '0x6358'];<BV64 0x440 + LOAD_64[<BV64 x0 + 0x18>]_47>;64;[];[];['<BV64 x0>'];"[""<BV64 x0>: ['0x18']""]";[];['<BV64 x0 + 0x18>'];[];0;18446744073709551615;18446744073709551615;1;;;True;0;18446744073709551615;18446744073709551615;1;;;True;ControlType.CONTROLLED;1;<BV64 0x440>;64;[];[];[];[];[];[];[];1088.0;1088.0;0.0;1.0;;;True;1088.0;1088.0;0.0;1.0;;;True;ControlType.NO_CONTROL;0;<BV64 0x440>;64;[];[];[];[];[];[];[];1088;1088;0;1.0;;;True;1088.0;1088.0;0.0;1.0;;;True;ControlType.NO_CONTROL;0;<BV64 LOAD_64[<BV64 x0 + 0x18>]_47>;64;[];[];['<BV64 x0>'];"[""<BV64 x0>: ['0x18']""]";[];['<BV64 x0 + 0x18>'];[];0.0;1.8446744073709552e+19;18446744073709551615;1;;;True;0.0;1.8446744073709552e+19;18446744073709551615;1;;;True;ControlType.CONTROLLED;1;<BV64 x0 + 0x18>;64;[('0x62b4', <Bool x0 != 0x0>, 'Taken')];[];['<BV64 x0>'];[];['<BV64 x0>'];[];[];0.0;1.8446744073709552e+19;1.8446744073709552e+19;1.0;;;True;25.0;23.0;1.8446744073709552e+19;1.0;;;True;ControlType.CONTROLLED;0;<BV64 LOAD_64[<BV64 x0 + 0x18>]_47>;64;[];[];[];[];[];[];[];0;0;0;;;;False;0;0;0;;;;False;ControlType.UNKNOWN;1;[('0x62b4', <Bool x0 != 0x0>, 'Taken'), ('0x62d4', <Bool LOAD_64[<BV64 x0 + 0x20>]_26 == 0x0>, 'Taken'), ('0x6334', <Bool (LShR((0#32 .. LOAD_32[<BV64 x0 + 0x60>]_38), 0x12)[7:0] & 1) != 0>, 'Taken')];{'regs': ['<BV64 x0>'], 'indirect_regs': [], 'direct_regs': ['<BV64 x0>'], 'mem': ['<BV64 x0 + 0x20>', '<BV64 x0 + 0x60>'], 'const_mem': []};[];{'regs': [], 'indirect_regs': [], 'direct_regs': [], 'mem': [], 'const_mem': []};{'regs': ['<BV64 x0>'], 'indirect_regs': [], 'direct_regs': ['<BV64 x0>'], 'mem': ['<BV64 x0 + 0x18>'], 'const_mem': []};{'regs': ['<BV64 x0>'], 'indirect_regs': [], 'direct_regs': ['<BV64 x0>'], 'mem': ['<BV64 x0 + 0x18>', '<BV64 x0 + 0x20>', '<BV64 x0 + 0x60>'], 'const_mem': []};63.0;0.0;64.0;64.0;[];;;;BaseControlType.CONSTANT_BASE;BaseControlType.CONSTANT_BASE;BaseControlType.CONSTANT_BASE;3;BranchControlType.BRANCH_DEPENDS_ON_SECRET_ADDRESS;BranchControlType.BRANCH_INDEPENDENT_FROM_SECRET;25436;True;False;True;True;True;False;False;True;True;False;False;False;True;False;True;True;True;False;True;False;[];['has_valid_base'];True;False;True;True;True;False;False;True;True;False;False;False;True;False;True;True;True;False;True;False;[];['has_valid_base']
4bf11ecb-b5b7-43cb-aaf4-282c4a7a91ff;pcre2_code_free_8;0x62b0;0x6368;0x0;TransmitterType.LOAD;17;0;False;['0x62b0', '0x62b8', '0x6330', '0x6358', '0x6364'];<BV64 0x8 + x0>;64;[];[];['<BV64 x0>'];[];['<BV64 x0>'];[];[];0;18446744073709551615;18446744073709551615;1;;;True;0;18446744073709551615;18446744073709551615;1;;;True;ControlType.CONTROLLED;0;<BV64 0x8>;64;[];[];[];[];[];[];[];8.0;8.0;0.0;1.0;;;True;8.0;8.0;0.0;1.0;;;True;ControlType.NO_CONTROL;0;<BV64 0x8>;64;[];[];[];[];[];[];[];8;8;0;1.0;;;True;8.0;8.0;0.0;1.0;;;True;ControlType.NO_CONTROL;0;<BV64 x0>;64;[];[];['<BV64 x0>'];[];['<BV64 x0>'];[];[];0.0;1.8446744073709552e+19;18446744073709551615;1;;;True;1.0;1.8446744073709552e+19;18446744073709551614;1;;;True;ControlType.CONTROLLED;0;<BV64 x0>;64;[];[];['<BV64 x0>'];[];['<BV64 x0>'];[];[];0.0;1.8446744073709552e+19;1.8446744073709552e+19;1.0;;;True;1.0;1.8446744073709552e+19;1.8446744073709552e+19;1.0;;;True;ControlType.CONTROLLED;0;<BV64 x0>;64;[];[];[];[];[];[];[];0;0;0;;;;False;0;0;0;;;;False;ControlType.UNKNOWN;0;[('0x62b4', <Bool x0 != 0x0>, 'Taken'), ('0x62d4', <Bool LOAD_64[<BV64 x0 + 0x20>]_26 == 0x0>, 'Taken'), ('0x6334', <Bool (LShR((0#32 .. LOAD_32[<BV64 x0 + 0x60>]_38), 0x12)[7:0] & 1) != 0>, 'Taken'), ('0x6360', <Bool LOAD_64[<BV64 LOAD_64[<BV64 x0 + 0x18>]_47 + 0x440>]_48 != 0x0>, 'Taken')];{'regs': ['<BV64 x0>'], 'indirect_regs': [], 'direct_regs': ['<BV64 x0>'], 'mem': ['<BV64 LOAD_64[<BV64 x0 + 0x18>]_47 + 0x440>', '<BV64 x0 + 0x18>', '<BV64 x0 + 0x20>', '<BV64 x0 + 0x60>'], 'const_mem': []};[];{'regs': [], 'indirect_regs': [], 'direct_regs': [], 'mem': [], 'const_mem': []};{'regs': ['<BV64 x0>'], 'indirect_regs': [], 'direct_regs': ['<BV64 x0>'], 'mem': [], 'const_mem': []};{'regs': ['<BV64 x0>', '<BV64 x0>'], 'indirect_regs': [], 'direct_regs': ['<BV64 x0>', '<BV64 x0>'], 'mem': ['<BV64 LOAD_64[<BV64 x0 + 0x18>]_47 + 0x440>', '<BV64 x0 + 0x18>', '<BV64 x0 + 0x20>', '<BV64 x0 + 0x60>'], 'const_mem': []};63.0;0.0;64.0;64.0;[];;;;BaseControlType.CONSTANT_BASE;BaseControlType.CONSTANT_BASE;BaseControlType.CONSTANT_BASE;4;BranchControlType.BRANCH_INDEPENDENT_FROM_SECRET;BranchControlType.BRANCH_INDEPENDENT_FROM_SECRET;25448;True;False;True;True;True;False;False;True;True;False;False;False;True;False;True;False;True;False;True;False;[];['has_valid_base'];True;False;True;True;True;False;False;True;True;False;False;False;True;False;True;False;True;False;True;False;[];['has_valid_base']
77838830-3cda-4be3-a841-7c8a8ef71802;pcre2_code_free_8;0x62b0;0x6368;0x0;TransmitterType.LOAD;17;0;False;['0x62b0', '0x62b8', '0x6330', '0x6358', '0x6364'];<BV64 0x10 + x0>;64;[];[];['<BV64 x0>'];[];['<BV64 x0>'];[];[];0;18446744073709551615;18446744073709551615;1;;;True;0;18446744073709551615;18446744073709551615;1;;;True;ControlType.CONTROLLED;0;<BV64 0x10>;64;[];[];[];[];[];[];[];16.0;16.0;0.0;1.0;;;True;16.0;16.0;0.0;1.0;;;True;ControlType.NO_CONTROL;0;<BV64 0x10>;64;[];[];[];[];[];[];[];16;16;0;1.0;;;True;16.0;16.0;0.0;1.0;;;True;ControlType.NO_CONTROL;0;<BV64 x0>;64;[];[];['<BV64 x0>'];[];['<BV64 x0>'];[];[];0.0;1.8446744073709552e+19;18446744073709551615;1;;;True;1.0;1.8446744073709552e+19;18446744073709551614;1;;;True;ControlType.CONTROLLED;0;<BV64 x0>;64;[];[];['<BV64 x0>'];[];['<BV64 x0>'];[];[];0.0;1.8446744073709552e+19;1.8446744073709552e+19;1.0;;;True;1.0;1.8446744073709552e+19;1.8446744073709552e+19;1.0;;;True;ControlType.CONTROLLED;0;<BV64 x0>;64;[];[];[];[];[];[];[];0;0;0;;;;False;0;0;0;;;;False;ControlType.UNKNOWN;0;[('0x62b4', <Bool x0 != 0x0>, 'Taken'), ('0x62d4', <Bool LOAD_64[<BV64 x0 + 0x20>]_26 == 0x0>, 'Taken'), ('0x6334', <Bool (LShR((0#32 .. LOAD_32[<BV64 x0 + 0x60>]_38), 0x12)[7:0] & 1) != 0>, 'Taken'), ('0x6360', <Bool LOAD_64[<BV64 LOAD_64[<BV64 x0 + 0x18>]_47 + 0x440>]_48 != 0x0>, 'Taken')];{'regs': ['<BV64 x0>'], 'indirect_regs': [], 'direct_regs': ['<BV64 x0>'], 'mem': ['<BV64 LOAD_64[<BV64 x0 + 0x18>]_47 + 0x440>', '<BV64 x0 + 0x18>', '<BV64 x0 + 0x20>', '<BV64 x0 + 0x60>'], 'const_mem': []};[];{'regs': [], 'indirect_regs': [], 'direct_regs': [], 'mem': [], 'const_mem': []};{'regs': ['<BV64 x0>'], 'indirect_regs': [], 'direct_regs': ['<BV64 x0>'], 'mem': [], 'const_mem': []};{'regs': ['<BV64 x0>', '<BV64 x0>'], 'indirect_regs': [], 'direct_regs': ['<BV64 x0>', '<BV64 x0>'], 'mem': ['<BV64 LOAD_64[<BV64 x0 + 0x18>]_47 + 0x440>', '<BV64 x0 + 0x18>', '<BV64 x0 + 0x20>', '<BV64 x0 + 0x60>'], 'const_mem': []};63.0;0.0;64.0;64.0;[];;;;BaseControlType.CONSTANT_BASE;BaseControlType.CONSTANT_BASE;BaseControlType.CONSTANT_BASE;4;BranchControlType.BRANCH_INDEPENDENT_FROM_SECRET;BranchControlType.BRANCH_INDEPENDENT_FROM_SECRET;25448;True;False;True;True;True;False;False;True;True;False;False;False;True;False;True;False;True;False;True;False;[];['has_valid_base'];True;False;True;True;True;False;False;True;True;False;False;False;True;False;True;False;True;False;True;False;[];['has_valid_base']
97dc5908-bea2-43f9-90f4-40b98a82cbf9;pcre2_code_free_8;0x62b0;0x636c;0x6358;TransmitterType.STORE;18;1;False;['0x62b0', '0x62b8', '0x6330', '0x6358', '0x6364'];<BV64 0x440 + LOAD_64[<BV64 x0 + 0x18>]_47>;64;[];[];['<BV64 x0>'];"[""<BV64 x0>: ['0x18']""]";[];['<BV64 x0 + 0x18>'];[];0;18446744073709551615;18446744073709551615;1;;;True;0;18446744073709551615;18446744073709551615;1;;;True;ControlType.CONTROLLED;1;<BV64 0x440>;64;[];[];[];[];[];[];[];1088.0;1088.0;0.0;1.0;;;True;1088.0;1088.0;0.0;1.0;;;True;ControlType.NO_CONTROL;0;<BV64 0x440>;64;[];[];[];[];[];[];[];1088;1088;0;1.0;;;True;1088.0;1088.0;0.0;1.0;;;True;ControlType.NO_CONTROL;0;<BV64 LOAD_64[<BV64 x0 + 0x18>]_47>;64;[];[];['<BV64 x0>'];"[""<BV64 x0>: ['0x18']""]";[];['<BV64 x0 + 0x18>'];[];0.0;1.8446744073709552e+19;18446744073709551615;1;;;True;0.0;1.8446744073709552e+19;18446744073709551615;1;;;True;ControlType.CONTROLLED;1;<BV64 x0 + 0x18>;64;[('0x62b4', <Bool x0 != 0x0>, 'Taken')];[];['<BV64 x0>'];[];['<BV64 x0>'];[];[];0.0;1.8446744073709552e+19;1.8446744073709552e+19;1.0;;;True;25.0;23.0;1.8446744073709552e+19;1.0;;;True;ControlType.CONTROLLED;0;<BV64 LOAD_64[<BV64 x0 + 0x18>]_47>;64;[];[];[];[];[];[];[];0;0;0;;;;False;0;0;0;;;;False;ControlType.UNKNOWN;1;[('0x62b4', <Bool x0 != 0x0>, 'Taken'), ('0x62d4', <Bool LOAD_64[<BV64 x0 + 0x20>]_26 == 0x0>, 'Taken'), ('0x6334', <Bool (LShR((0#32 .. LOAD_32[<BV64 x0 + 0x60>]_38), 0x12)[7:0] & 1) != 0>, 'Taken'), ('0x6360', <Bool LOAD_64[<BV64 LOAD_64[<BV64 x0 + 0x18>]_47 + 0x440>]_48 != 0x0>, 'Taken')];{'regs': ['<BV64 x0>'], 'indirect_regs': [], 'direct_regs': ['<BV64 x0>'], 'mem': ['<BV64 LOAD_64[<BV64 x0 + 0x18>]_47 + 0x440>', '<BV64 x0 + 0x18>', '<BV64 x0 + 0x20>', '<BV64 x0 + 0x60>'], 'const_mem': []};[];{'regs': [], 'indirect_regs': [], 'direct_regs': [], 'mem': [], 'const_mem': []};{'regs': ['<BV64 x0>'], 'indirect_regs': [], 'direct_regs': ['<BV64 x0>'], 'mem': ['<BV64 x0 + 0x18>'], 'const_mem': []};{'regs': ['<BV64 x0>'], 'indirect_regs': [], 'direct_regs': ['<BV64 x0>'], 'mem': ['<BV64 LOAD_64[<BV64 x0 + 0x18>]_47 + 0x440>', '<BV64 x0 + 0x18>', '<BV64 x0 + 0x20>', '<BV64 x0 + 0x60>'], 'const_mem': []};63.0;0.0;64.0;64.0;[];;;;BaseControlType.CONSTANT_BASE;BaseControlType.CONSTANT_BASE;BaseControlType.CONSTANT_BASE;4;BranchControlType.BRANCH_DEPENDS_ON_SECRET_VALUE;BranchControlType.BRANCH_INDEPENDENT_FROM_SECRET;25452;True;False;True;True;True;False;False;True;True;False;False;False;True;False;True;True;True;False;True;False;[];['has_valid_base'];True;False;True;True;True;False;False;True;True;False;False;False;True;False;True;True;True;False;True;False;[];['has_valid_base']
ddeab79c-d876-4e25-9aef-3663c41a0373;pcre2_code_free_8;0x62b0;0x6338;0x0;TransmitterType.LOAD;16;0;False;['0x62b0', '0x62b8', '0x6330', '0x6358', '0x6338'];<BV64 0x8 + x0>;64;[];[];['<BV64 x0>'];[];['<BV64 x0>'];[];[];0;18446744073709551615;18446744073709551615;1;;;True;0;18446744073709551615;18446744073709551615;1;;;True;ControlType.CONTROLLED;0;<BV64 0x8>;64;[];[];[];[];[];[];[];8.0;8.0;0.0;1.0;;;True;8.0;8.0;0.0;1.0;;;True;ControlType.NO_CONTROL;0;<BV64 0x8>;64;[];[];[];[];[];[];[];8;8;0;1.0;;;True;8.0;8.0;0.0;1.0;;;True;ControlType.NO_CONTROL;0;<BV64 x0>;64;[];[];['<BV64 x0>'];[];['<BV64 x0>'];[];[];0.0;1.8446744073709552e+19;18446744073709551615;1;;;True;1.0;1.8446744073709552e+19;18446744073709551614;1;;;True;ControlType.CONTROLLED;0;<BV64 x0>;64;[];[];['<BV64 x0>'];[];['<BV64 x0>'];[];[];0.0;1.8446744073709552e+19;1.8446744073709552e+19;1.0;;;True;1.0;1.8446744073709552e+19;1.8446744073709552e+19;1.0;;;True;ControlType.CONTROLLED;0;<BV64 x0>;64;[];[];[];[];[];[];[];0;0;0;;;;False;0;0;0;;;;False;ControlType.UNKNOWN;0;[('0x62b4', <Bool x0 != 0x0>, 'Taken'), ('0x62d4', <Bool LOAD_64[<BV64 x0 + 0x20>]_26 == 0x0>, 'Taken'), ('0x6334', <Bool (LShR((0#32 .. LOAD_32[<BV64 x0 + 0x60>]_38), 0x12)[7:0] & 1) != 0>, 'Taken'), ('0x6360', <Bool LOAD_64[<BV64 LOAD_64[<BV64 x0 + 0x18>]_47 + 0x440>]_48 == 0x0>, 'Taken')];{'regs': ['<BV64 x0>'], 'indirect_regs': [], 'direct_regs': ['<BV64 x0>'], 'mem': ['<BV64 LOAD_64[<BV64 x0 + 0x18>]_47 + 0x440>', '<BV64 x0 + 0x18>', '<BV64 x0 + 0x20>', '<BV64 x0 + 0x60>'], 'const_mem': []};[];{'regs': [], 'indirect_regs': [], 'direct_regs': [], 'mem': [], 'const_mem': []};{'regs': ['<BV64 x0>'], 'indirect_regs': [], 'direct_regs': ['<BV64 x0>'], 'mem': [], 'const_mem': []};{'regs': ['<BV64 x0>', '<BV64 x0>'], 'indirect_regs': [], 'direct_regs': ['<BV64 x0>', '<BV64 x0>'], 'mem': ['<BV64 LOAD_64[<BV64 x0 + 0x18>]_47 + 0x440>', '<BV64 x0 + 0x18>', '<BV64 x0 + 0x20>', '<BV64 x0 + 0x60>'], 'const_mem': []};63.0;0.0;64.0;64.0;[];;;;BaseControlType.CONSTANT_BASE;BaseControlType.CONSTANT_BASE;BaseControlType.CONSTANT_BASE;4;BranchControlType.BRANCH_INDEPENDENT_FROM_SECRET;BranchControlType.BRANCH_INDEPENDENT_FROM_SECRET;25400;True;False;True;True;True;False;False;True;True;False;False;False;True;False;True;False;True;False;True;False;[];['has_valid_base'];True;False;True;True;True;False;False;True;True;False;False;False;True;False;True;False;True;False;True;False;[];['has_valid_base']
d0ecc51f-9d3e-403a-a17a-1018d5e62372;pcre2_code_free_8;0x62b0;0x6338;0x0;TransmitterType.LOAD;16;0;False;['0x62b0', '0x62b8', '0x6330', '0x6358', '0x6338'];<BV64 0x10 + x0>;64;[];[];['<BV64 x0>'];[];['<BV64 x0>'];[];[];0;18446744073709551615;18446744073709551615;1;;;True;0;18446744073709551615;18446744073709551615;1;;;True;ControlType.CONTROLLED;0;<BV64 0x10>;64;[];[];[];[];[];[];[];16.0;16.0;0.0;1.0;;;True;16.0;16.0;0.0;1.0;;;True;ControlType.NO_CONTROL;0;<BV64 0x10>;64;[];[];[];[];[];[];[];16;16;0;1.0;;;True;16.0;16.0;0.0;1.0;;;True;ControlType.NO_CONTROL;0;<BV64 x0>;64;[];[];['<BV64 x0>'];[];['<BV64 x0>'];[];[];0.0;1.8446744073709552e+19;18446744073709551615;1;;;True;1.0;1.8446744073709552e+19;18446744073709551614;1;;;True;ControlType.CONTROLLED;0;<BV64 x0>;64;[];[];['<BV64 x0>'];[];['<BV64 x0>'];[];[];0.0;1.8446744073709552e+19;1.8446744073709552e+19;1.0;;;True;1.0;1.8446744073709552e+19;1.8446744073709552e+19;1.0;;;True;ControlType.CONTROLLED;0;<BV64 x0>;64;[];[];[];[];[];[];[];0;0;0;;;;False;0;0;0;;;;False;ControlType.UNKNOWN;0;[('0x62b4', <Bool x0 != 0x0>, 'Taken'), ('0x62d4', <Bool LOAD_64[<BV64 x0 + 0x20>]_26 == 0x0>, 'Taken'), ('0x6334', <Bool (LShR((0#32 .. LOAD_32[<BV64 x0 + 0x60>]_38), 0x12)[7:0] & 1) != 0>, 'Taken'), ('0x6360', <Bool LOAD_64[<BV64 LOAD_64[<BV64 x0 + 0x18>]_47 + 0x440>]_48 == 0x0>, 'Taken')];{'regs': ['<BV64 x0>'], 'indirect_regs': [], 'direct_regs': ['<BV64 x0>'], 'mem': ['<BV64 LOAD_64[<BV64 x0 + 0x18>]_47 + 0x440>', '<BV64 x0 + 0x18>', '<BV64 x0 + 0x20>', '<BV64 x0 + 0x60>'], 'const_mem': []};[];{'regs': [], 'indirect_regs': [], 'direct_regs': [], 'mem': [], 'const_mem': []};{'regs': ['<BV64 x0>'], 'indirect_regs': [], 'direct_regs': ['<BV64 x0>'], 'mem': [], 'const_mem': []};{'regs': ['<BV64 x0>', '<BV64 x0>'], 'indirect_regs': [], 'direct_regs': ['<BV64 x0>', '<BV64 x0>'], 'mem': ['<BV64 LOAD_64[<BV64 x0 + 0x18>]_47 + 0x440>', '<BV64 x0 + 0x18>', '<BV64 x0 + 0x20>', '<BV64 x0 + 0x60>'], 'const_mem': []};63.0;0.0;64.0;64.0;[];;;;BaseControlType.CONSTANT_BASE;BaseControlType.CONSTANT_BASE;BaseControlType.CONSTANT_BASE;4;BranchControlType.BRANCH_INDEPENDENT_FROM_SECRET;BranchControlType.BRANCH_INDEPENDENT_FROM_SECRET;25400;True;False;True;True;True;False;False;True;True;False;False;False;True;False;True;False;True;False;True;False;[];['has_valid_base'];True;False;True;True;True;False;False;True;True;False;False;False;True;False;True;False;True;False;True;False;[];['has_valid_base']
dd90d8dc-dd43-453e-8051-f2655a8cd0e8;pcre2_code_free_8;0x62b0;0x6354;0x6338;TransmitterType.CODE_LOAD;22;1;False;['0x62b0', '0x62b8', '0x6330', '0x6358', '0x6338'];<BV64 LOAD_64[<BV64 x0 + 0x8>]_52>;64;[];[];['<BV64 x0>'];"[""<BV64 x0>: ['0x8']""]";[];['<BV64 x0 + 0x8>'];[];0;18446744073709551615;18446744073709551615;1;;;True;0;18446744073709551615;18446744073709551615;1;;;True;ControlType.CONTROLLED;1;;0;[];[];[];[];[];[];[];0.0;0.0;0.0;0.0;;;False;0.0;0.0;0.0;0.0;;;False;ControlType.UNKNOWN;0;;0;[];[];[];[];[];[];[];0;0;0;;;;False;0.0;0.0;0.0;0.0;;;False;ControlType.UNKNOWN;0;<BV64 LOAD_64[<BV64 x0 + 0x8>]_52>;64;[];[];['<BV64 x0>'];"[""<BV64 x0>: ['0x8']""]";[];['<BV64 x0 + 0x8>'];[];0.0;1.8446744073709552e+19;18446744073709551615;1;;;True;0.0;1.8446744073709552e+19;18446744073709551615;1;;;True;ControlType.CONTROLLED;1;<BV64 x0 + 0x8>;64;[('0x62b4', <Bool x0 != 0x0>, 'Taken')];[];['<BV64 x0>'];[];['<BV64 x0>'];[];[];0.0;1.8446744073709552e+19;1.8446744073709552e+19;1.0;;;True;9.0;7.0;1.8446744073709552e+19;1.0;;;True;ControlType.CONTROLLED;0;<BV64 LOAD_64[<BV64 x0 + 0x8>]_52>;64;[];[];[];[];[];[];[];0;0;0;;;;False;0;0;0;;;;False;ControlType.UNKNOWN;1;[('0x62b4', <Bool x0 != 0x0>, 'Taken'), ('0x62d4', <Bool LOAD_64[<BV64 x0 + 0x20>]_26 == 0x0>, 'Taken'), ('0x6334', <Bool (LShR((0#32 .. LOAD_32[<BV64 x0 + 0x60>]_38), 0x12)[7:0] & 1) != 0>, 'Taken'), ('0x6360', <Bool LOAD_64[<BV64 LOAD_64[<BV64 x0 + 0x18>]_47 + 0x440>]_48 == 0x0>, 'Taken')];{'regs': ['<BV64 x0>'], 'indirect_regs': [], 'direct_regs': ['<BV64 x0>'], 'mem': ['<BV64 LOAD_64[<BV64 x0 + 0x18>]_47 + 0x440>', '<BV64 x0 + 0x18>', '<BV64 x0 + 0x20>', '<BV64 x0 + 0x60>'], 'const_mem': []};[];{'regs': [], 'indirect_regs': [], 'direct_regs': [], 'mem': [], 'const_mem': []};{'regs': ['<BV64 x0>'], 'indirect_regs': [], 'direct_regs': ['<BV64 x0>'], 'mem': ['<BV64 x0 + 0x8>'], 'const_mem': []};{'regs': ['<BV64 x0>'], 'indirect_regs': [], 'direct_regs': ['<BV64 x0>'], 'mem': ['<BV64 LOAD_64[<BV64 x0 + 0x18>]_47 + 0x440>', '<BV64 x0 + 0x18>', '<BV64 x0 + 0x20>', '<BV64 x0 + 0x60>', '<BV64 x0 + 0x8>'], 'const_mem': []};63.0;0.0;64.0;64.0;[];;;;BaseControlType.NO_BASE;BaseControlType.NO_BASE;BaseControlType.NO_BASE;4;BranchControlType.BRANCH_DEPENDS_ON_SECRET_ADDRESS;BranchControlType.BRANCH_INDEPENDENT_FROM_SECRET;25428;True;False;True;True;True;False;False;True;True;False;False;False;True;False;True;True;True;False;True;False;[];['has_valid_base'];True;False;True;True;True;False;False;True;True;False;False;False;True;False;True;True;True;False;True;False;[];['has_valid_base']
c247b1a4-6498-472c-90d1-99c01da0b643;pcre2_match_8;0x5a708;0x5a7b8;0x0;TransmitterType.LOAD;45;0;False;['0x5a708', '0x5a754', '0x5a77c', '0x5a7b0', '0x5a7b8'];<BV64 0x50 + x0>;64;[];[];['<BV64 x0>'];[];['<BV64 x0>'];[];[];0;18446744073709551615;18446744073709551615;1;;;True;0;18446744073709551615;18446744073709551615;1;;;True;ControlType.CONTROLLED;0;<BV64 0x50>;64;[];[];[];[];[];[];[];80.0;80.0;0.0;1.0;;;True;80.0;80.0;0.0;1.0;;;True;ControlType.NO_CONTROL;0;<BV64 0x50>;64;[];[];[];[];[];[];[];80;80;0;1.0;;;True;80.0;80.0;0.0;1.0;;;True;ControlType.NO_CONTROL;0;<BV64 x0>;64;[];[];['<BV64 x0>'];[];['<BV64 x0>'];[];[];1.0;1.8446744073709552e+19;18446744073709551614;1;;;True;1.0;1.8446744073709552e+19;18446744073709551614;1;;;True;ControlType.CONTROLLED;0;<BV64 x0>;64;[];[];['<BV64 x0>'];[];['<BV64 x0>'];[];[];1.0;1.8446744073709552e+19;1.8446744073709552e+19;1.0;;;True;1.0;1.8446744073709552e+19;1.8446744073709552e+19;1.0;;;True;ControlType.CONTROLLED;0;<BV64 x0>;64;[];[];[];[];[];[];[];0;0;0;;;;False;0;0;0;;;;False;ControlType.UNKNOWN;0;[('0x5a750', <Bool (x4[31:0] & 0x1fff9fc0) == 0x0>, 'Taken'), ('0x5a778', <Bool True>, 'Taken'), ('0x5a7ac', <Bool x2 + 0x1 != 0x0>, 'Taken'), ('0x5a7b4', <Bool x2 >= x3>, 'Taken')];{'regs': ['<BV64 x2>', '<BV64 x3>', '<BV64 x4>'], 'indirect_regs': [], 'direct_regs': ['<BV64 x2>', '<BV64 x3>', '<BV64 x4>'], 'mem': [], 'const_mem': []};[('0x5a74c', <Bool (x1 | x2) != 0x0>, 'ConditionType.CMOVE'), ('0x5a760', <Bool x0 != 0x0>, 'ConditionType.CMOVE'), ('0x5a770', <Bool x0 != 0x0>, 'ConditionType.CMOVE'), ('0x5a770', <Bool x5 != 0x0>, 'ConditionType.UNKNOWN'), ('0x5a770', <Bool True>, 'ConditionType.CMOVE'), ('0x5a778', <Bool x1 != 0x0>, 'ConditionType.UNKNOWN'), ('0x5a778', <Bool True>, 'ConditionType.CMOVE')];{'regs': ['<BV64 x0>', '<BV64 x1>', '<BV64 x2>', '<BV64 x5>'], 'indirect_regs': [], 'direct_regs': ['<BV64 x0>', '<BV64 x1>', '<BV64 x2>', '<BV64 x5>'], 'mem': [], 'const_mem': []};{'regs': ['<BV64 x0>', '<BV64 x0>', '<BV64 x1>', '<BV64 x2>', '<BV64 x5>'], 'indirect_regs': [], 'direct_regs': ['<BV64 x0>', '<BV64 x0>', '<BV64 x1>', '<BV64 x2>', '<BV64 x5>'], 'mem': [], 'const_mem': []};{'regs': ['<BV64 x0>', '<BV64 x0>', '<BV64 x1>', '<BV64 x2>', '<BV64 x2>', '<BV64 x3>', '<BV64 x4>', '<BV64 x5>'], 'indirect_regs': [], 'direct_regs': ['<BV64 x0>', '<BV64 x0>', '<BV64 x1>', '<BV64 x2>', '<BV64 x2>', '<BV64 x3>', '<BV64 x4>', '<BV64 x5>'], 'mem': [], 'const_mem': []};63.0;0.0;64.0;64.0;[];;;;BaseControlType.CONSTANT_BASE;BaseControlType.CONSTANT_BASE;BaseControlType.CONSTANT_BASE;4;BranchControlType.BRANCH_INDEPENDENT_FROM_SECRET;BranchControlType.BRANCH_INDEPENDENT_FROM_SECRET;370616;True;False;True;True;True;False;False;True;True;False;False;False;True;False;True;False;True;False;True;False;[];['has_valid_base'];True;False;True;True;True;False;False;True;True;False;False;False;True;False;True;False;True;False;True;False;[];['has_valid_base']
56766464-92aa-4810-9d17-c6af4dbc48c3;pcre2_match_8;0x5a708;0x5a7b8;0x0;TransmitterType.LOAD;45;0;False;['0x5a708', '0x5a754', '0x5a77c', '0x5a7b0', '0x5a7b8'];<BV64 0x50 + x0>;64;[];[];['<BV64 x0>'];[];['<BV64 x0>'];[];[];0;18446744073709551615;18446744073709551615;1;;;True;0;18446744073709551615;18446744073709551615;1;;;True;ControlType.CONTROLLED;0;<BV64 0x50>;64;[];[];[];[];[];[];[];80.0;80.0;0.0;1.0;;;True;80.0;80.0;0.0;1.0;;;True;ControlType.NO_CONTROL;0;<BV64 0x50>;64;[];[];[];[];[];[];[];80;80;0;1.0;;;True;80.0;80.0;0.0;1.0;;;True;ControlType.NO_CONTROL;0;<BV64 x0>;64;[];[];['<BV64 x0>'];[];['<BV64 x0>'];[];[];1.0;1.8446744073709552e+19;18446744073709551614;1;;;True;1.0;1.8446744073709552e+19;18446744073709551614;1;;;True;ControlType.CONTROLLED;0;<BV64 x0>;64;[];[];['<BV64 x0>'];[];['<BV64 x0>'];[];[];1.0;1.8446744073709552e+19;1.8446744073709552e+19;1.0;;;True;1.0;1.8446744073709552e+19;1.8446744073709552e+19;1.0;;;True;ControlType.CONTROLLED;0;<BV64 x0>;64;[];[];[];[];[];[];[];0;0;0;;;;False;0;0;0;;;;False;ControlType.UNKNOWN;0;[('0x5a750', <Bool (x4[31:0] & 0x1fff9fc0) == 0x0>, 'Taken'), ('0x5a778', <Bool True>, 'Taken'), ('0x5a7ac', <Bool x2 + 0x1 != 0x0>, 'Taken'), ('0x5a7b4', <Bool x2 >= x3>, 'Taken')];{'regs': ['<BV64 x2>', '<BV64 x3>', '<BV64 x4>'], 'indirect_regs': [], 'direct_regs': ['<BV64 x2>', '<BV64 x3>', '<BV64 x4>'], 'mem': [], 'const_mem': []};[('0x5a74c', <Bool (x1 | x2) == 0x0>, 'ConditionType.CMOVE'), ('0x5a760', <Bool x0 != 0x0>, 'ConditionType.CMOVE'), ('0x5a770', <Bool x0 != 0x0>, 'ConditionType.CMOVE'), ('0x5a770', <Bool x5 != 0x0>, 'ConditionType.UNKNOWN'), ('0x5a770', <Bool True>, 'ConditionType.CMOVE'), ('0x5a778', <Bool True>, 'ConditionType.UNKNOWN'), ('0x5a778', <Bool True>, 'ConditionType.CMOVE')];{'regs': ['<BV64 x0>', '<BV64 x1>', '<BV64 x2>', '<BV64 x5>'], 'indirect_regs': [], 'direct_regs': ['<BV64 x0>', '<BV64 x1>', '<BV64 x2>', '<BV64 x5>'], 'mem': [], 'const_mem': []};{'regs': ['<BV64 x0>', '<BV64 x0>', '<BV64 x1>', '<BV64 x2>', '<BV64 x5>'], 'indirect_regs': [], 'direct_regs': ['<BV64 x0>', '<BV64 x0>', '<BV64 x1>', '<BV64 x2>', '<BV64 x5>'], 'mem': [], 'const_mem': []};{'regs': ['<BV64 x0>', '<BV64 x0>', '<BV64 x1>', '<BV64 x2>', '<BV64 x2>', '<BV64 x3>', '<BV64 x4>', '<BV64 x5>'], 'indirect_regs': [], 'direct_regs': ['<BV64 x0>', '<BV64 x0>', '<BV64 x1>', '<BV64 x2>', '<BV64 x2>', '<BV64 x3>', '<BV64 x4>', '<BV64 x5>'], 'mem': [], 'const_mem': []};63.0;0.0;64.0;64.0;[];;;;BaseControlType.CONSTANT_BASE;BaseControlType.CONSTANT_BASE;BaseControlType.CONSTANT_BASE;4;BranchControlType.BRANCH_INDEPENDENT_FROM_SECRET;BranchControlType.BRANCH_INDEPENDENT_FROM_SECRET;370616;True;False;True;True;True;False;False;True;True;False;False;False;True;False;True;False;True;False;True;False;[];['has_valid_base'];True;False;True;True;True;False;False;True;True;False;False;False;True;False;True;False;True;False;True;False;[];['has_valid_base']
0aa3b53f-37cb-4934-86c3-29e53524b5bd;pcre2_callout_enumerate_8;0x48904;0x48944;0x0;TransmitterType.LOAD;17;0;False;['0x48904', '0x4892c'];<BV64 0x58 + x0>;64;[];[];['<BV64 x0>'];[];['<BV64 x0>'];[];[];0;18446744073709551615;18446744073709551615;1;;;True;0;18446744073709551615;18446744073709551615;1;;;True;ControlType.CONTROLLED;0;<BV64 0x58>;64;[];[];[];[];[];[];[];88.0;88.0;0.0;1.0;;;True;88.0;88.0;0.0;1.0;;;True;ControlType.NO_CONTROL;0;<BV64 0x58>;64;[];[];[];[];[];[];[];88;88;0;1.0;;;True;88.0;88.0;0.0;1.0;;;True;ControlType.NO_CONTROL;0;<BV64 x0>;64;[];[];['<BV64 x0>'];[];['<BV64 x0>'];[];[];0.0;1.8446744073709552e+19;18446744073709551615;1;;;True;1.0;1.8446744073709552e+19;18446744073709551614;1;;;True;ControlType.CONTROLLED;0;<BV64 x0>;64;[];[];['<BV64 x0>'];[];['<BV64 x0>'];[];[];0.0;1.8446744073709552e+19;1.8446744073709552e+19;1.0;;;True;1.0;1.8446744073709552e+19;1.8446744073709552e+19;1.0;;;True;ControlType.CONTROLLED;0;<BV64 x0>;64;[];[];[];[];[];[];[];0;0;0;;;;False;0;0;0;;;;False;ControlType.UNKNOWN;0;[('0x48928', <Bool x0 != 0x0>, 'Taken')];{'regs': ['<BV64 x0>'], 'indirect_regs': [], 'direct_regs': ['<BV64 x0>'], 'mem': [], 'const_mem': []};[];{'regs': [], 'indirect_regs': [], 'direct_regs': [], 'mem': [], 'const_mem': []};{'regs': ['<BV64 x0>'], 'indirect_regs': [], 'direct_regs': ['<BV64 x0>'], 'mem': [], 'const_mem': []};{'regs': ['<BV64 x0>', '<BV64 x0>'], 'indirect_regs': [], 'direct_regs': ['<BV64 x0>', '<BV64 x0>'], 'mem': [], 'const_mem': []};63.0;0.0;64.0;64.0;[];;;;BaseControlType.CONSTANT_BASE;BaseControlType.CONSTANT_BASE;BaseControlType.CONSTANT_BASE;1;BranchControlType.BRANCH_INDEPENDENT_FROM_SECRET;BranchControlType.BRANCH_INDEPENDENT_FROM_SECRET;297284;True;False;True;True;True;False;False;True;True;False;False;False;True;False;True;False;True;False;True;False;[];['has_valid_base'];True;False;True;True;True;False;False;True;True;False;False;False;True;False;True;False;True;False;True;False;[];['has_valid_base']
34fe0997-6e77-4ecb-9bdb-54cabac95293;pcre2_callout_enumerate_8;0x48904;0x48948;0x0;TransmitterType.LOAD;18;0;False;['0x48904', '0x4892c'];<BV64 0x50 + x0>;64;[];[];['<BV64 x0>'];[];['<BV64 x0>'];[];[];0;18446744073709551615;18446744073709551615;1;;;True;0;18446744073709551615;18446744073709551615;1;;;True;ControlType.CONTROLLED;0;<BV64 0x50>;64;[];[];[];[];[];[];[];80.0;80.0;0.0;1.0;;;True;80.0;80.0;0.0;1.0;;;True;ControlType.NO_CONTROL;0;<BV64 0x50>;64;[];[];[];[];[];[];[];80;80;0;1.0;;;True;80.0;80.0;0.0;1.0;;;True;ControlType.NO_CONTROL;0;<BV64 x0>;64;[];[];['<BV64 x0>'];[];['<BV64 x0>'];[];[];0.0;1.8446744073709552e+19;18446744073709551615;1;;;True;1.0;1.8446744073709552e+19;18446744073709551614;1;;;True;ControlType.CONTROLLED;0;<BV64 x0>;64;[];[];['<BV64 x0>'];[];['<BV64 x0>'];[];[];0.0;1.8446744073709552e+19;1.8446744073709552e+19;1.0;;;True;1.0;1.8446744073709552e+19;1.8446744073709552e+19;1.0;;;True;ControlType.CONTROLLED;0;<BV64 x0>;64;[];[];[];[];[];[];[];0;0;0;;;;False;0;0;0;;;;False;ControlType.UNKNOWN;0;[('0x48928', <Bool x0 != 0x0>, 'Taken')];{'regs': ['<BV64 x0>'], 'indirect_regs': [], 'direct_regs': ['<BV64 x0>'], 'mem': [], 'const_mem': []};[];{'regs': [], 'indirect_regs': [], 'direct_regs': [], 'mem': [], 'const_mem': []};{'regs': ['<BV64 x0>'], 'indirect_regs': [], 'direct_regs': ['<BV64 x0>'], 'mem': [], 'const_mem': []};{'regs': ['<BV64 x0>', '<BV64 x0>'], 'indirect_regs': [], 'direct_regs': ['<BV64 x0>', '<BV64 x0>'], 'mem': [], 'const_mem': []};63.0;0.0;64.0;64.0;[];;;;BaseControlType.CONSTANT_BASE;BaseControlType.CONSTANT_BASE;BaseControlType.CONSTANT_BASE;1;BranchControlType.BRANCH_INDEPENDENT_FROM_SECRET;BranchControlType.BRANCH_INDEPENDENT_FROM_SECRET;297288;True;False;True;True;True;False;False;True;True;False;False;False;True;False;True;False;True;False;True;False;[];['has_valid_base'];True;False;True;True;True;False;False;True;True;False;False;False;True;False;True;False;True;False;True;False;[];['has_valid_base']
6788b85f-4577-48df-96c6-ff17a28f97ed;pcre2_callout_enumerate_8;0x48904;0x48958;0x0;TransmitterType.LOAD;22;0;False;['0x48904', '0x4892c', '0x48958'];<BV64 0x60 + x0>;64;[];[];['<BV64 x0>'];[];['<BV64 x0>'];[];[];0;18446744073709551615;18446744073709551615;1;;;True;0;18446744073709551615;18446744073709551615;1;;;True;ControlType.CONTROLLED;0;<BV64 0x60>;64;[];[];[];[];[];[];[];96.0;96.0;0.0;1.0;;;True;96.0;96.0;0.0;1.0;;;True;ControlType.NO_CONTROL;0;<BV64 0x60>;64;[];[];[];[];[];[];[];96;96;0;1.0;;;True;96.0;96.0;0.0;1.0;;;True;ControlType.NO_CONTROL;0;<BV64 x0>;64;[];[];['<BV64 x0>'];[];['<BV64 x0>'];[];[];0.0;1.8446744073709552e+19;18446744073709551615;1;;;True;1.0;1.8446744073709552e+19;18446744073709551614;1;;;True;ControlType.CONTROLLED;0;<BV64 x0>;64;[];[];['<BV64 x0>'];[];['<BV64 x0>'];[];[];0.0;1.8446744073709552e+19;1.8446744073709552e+19;1.0;;;True;1.0;1.8446744073709552e+19;1.8446744073709552e+19;1.0;;;True;ControlType.CONTROLLED;0;<BV64 x0>;64;[];[];[];[];[];[];[];0;0;0;;;;False;0;0;0;;;;False;ControlType.UNKNOWN;0;[('0x48928', <Bool x0 != 0x0>, 'Taken'), ('0x48954', <Bool LOAD_32[<BV64 x0 + 0x50>]_30 == 0x50435245>, 'Taken')];{'regs': ['<BV64 x0>'], 'indirect_regs': [], 'direct_regs': ['<BV64 x0>'], 'mem': ['<BV64 x0 + 0x50>'], 'const_mem': []};[];{'regs': [], 'indirect_regs': [], 'direct_regs': [], 'mem': [], 'const_mem': []};{'regs': ['<BV64 x0>'], 'indirect_regs': [], 'direct_regs': ['<BV64 x0>'], 'mem': [], 'const_mem': []};{'regs': ['<BV64 x0>', '<BV64 x0>'], 'indirect_regs': [], 'direct_regs': ['<BV64 x0>', '<BV64 x0>'], 'mem': ['<BV64 x0 + 0x50>'], 'const_mem': []};63.0;0.0;64.0;64.0;[];;;;BaseControlType.CONSTANT_BASE;BaseControlType.CONSTANT_BASE;BaseControlType.CONSTANT_BASE;2;BranchControlType.BRANCH_INDEPENDENT_FROM_SECRET;BranchControlType.BRANCH_INDEPENDENT_FROM_SECRET;297304;True;False;True;True;True;False;False;True;True;False;False;False;True;False;True;False;True;False;True;False;[];['has_valid_base'];True;False;True;True;True;False;False;True;True;False;False;False;True;False;True;False;True;False;True;False;[];['has_valid_base']
095cafa4-1239-406d-b26b-661eed9d39c6;pcre2_callout_enumerate_8;0x48904;0x4896c;0x0;TransmitterType.LOAD;27;0;False;['0x48904', '0x4892c', '0x48958', '0x48960'];<BV64 0x86 + x0>;64;[];[];['<BV64 x0>'];[];['<BV64 x0>'];[];[];0;18446744073709551615;18446744073709551615;1;;;True;0;18446744073709551615;18446744073709551615;1;;;True;ControlType.CONTROLLED;0;<BV64 0x86>;64;[];[];[];[];[];[];[];134.0;134.0;0.0;1.0;;;True;134.0;134.0;0.0;1.0;;;True;ControlType.NO_CONTROL;0;<BV64 0x86>;64;[];[];[];[];[];[];[];134;134;0;1.0;;;True;134.0;134.0;0.0;1.0;;;True;ControlType.NO_CONTROL;0;<BV64 x0>;64;[];[];['<BV64 x0>'];[];['<BV64 x0>'];[];[];0.0;1.8446744073709552e+19;18446744073709551615;1;;;True;1.0;1.8446744073709552e+19;18446744073709551614;1;;;True;ControlType.CONTROLLED;0;<BV64 x0>;64;[];[];['<BV64 x0>'];[];['<BV64 x0>'];[];[];0.0;1.8446744073709552e+19;1.8446744073709552e+19;1.0;;;True;1.0;1.8446744073709552e+19;1.8446744073709552e+19;1.0;;;True;ControlType.CONTROLLED;0;<BV64 x0>;64;[];[];[];[];[];[];[];0;0;0;;;;False;0;0;0;;;;False;ControlType.UNKNOWN;0;[('0x48928', <Bool x0 != 0x0>, 'Taken'), ('0x48954', <Bool LOAD_32[<BV64 x0 + 0x50>]_30 == 0x50435245>, 'Taken'), ('0x4895c', <Bool (LOAD_32[<BV64 x0 + 0x60>]_31[7:0] & 1) != 0>, 'Taken')];{'regs': ['<BV64 x0>'], 'indirect_regs': [], 'direct_regs': ['<BV64 x0>'], 'mem': ['<BV64 x0 + 0x50>', '<BV64 x0 + 0x60>'], 'const_mem': []};[];{'regs': [], 'indirect_regs': [], 'direct_regs': [], 'mem': [], 'const_mem': []};{'regs': ['<BV64 x0>'], 'indirect_regs': [], 'direct_regs': ['<BV64 x0>'], 'mem': [], 'const_mem': []};{'regs': ['<BV64 x0>', '<BV64 x0>'], 'indirect_regs': [], 'direct_regs': ['<BV64 x0>', '<BV64 x0>'], 'mem': ['<BV64 x0 + 0x50>', '<BV64 x0 + 0x60>'], 'const_mem': []};63.0;0.0;64.0;64.0;[];;;;BaseControlType.CONSTANT_BASE;BaseControlType.CONSTANT_BASE;BaseControlType.CONSTANT_BASE;3;BranchControlType.BRANCH_INDEPENDENT_FROM_SECRET;BranchControlType.BRANCH_INDEPENDENT_FROM_SECRET;297324;True;False;True;True;True;False;False;True;True;False;False;False;True;False;True;False;True;False;True;False;[];['has_valid_base'];True;False;True;True;True;False;False;True;True;False;False;False;True;False;True;False;True;False;True;False;[];['has_valid_base']
b1c9a8af-aafa-4e4f-bae7-b50c2568211c;pcre2_callout_enumerate_8;0x48904;0x48970;0x0;TransmitterType.LOAD;28;0;False;['0x48904', '0x4892c', '0x48958', '0x48960'];<BV64 0x84 + x0>;64;[];[];['<BV64 x0>'];[];['<BV64 x0>'];[];[];0;18446744073709551615;18446744073709551615;1;;;True;0;18446744073709551615;18446744073709551615;1;;;True;ControlType.CONTROLLED;0;<BV64 0x84>;64;[];[];[];[];[];[];[];132.0;132.0;0.0;1.0;;;True;132.0;132.0;0.0;1.0;;;True;ControlType.NO_CONTROL;0;<BV64 0x84>;64;[];[];[];[];[];[];[];132;132;0;1.0;;;True;132.0;132.0;0.0;1.0;;;True;ControlType.NO_CONTROL;0;<BV64 x0>;64;[];[];['<BV64 x0>'];[];['<BV64 x0>'];[];[];0.0;1.8446744073709552e+19;18446744073709551615;1;;;True;1.0;1.8446744073709552e+19;18446744073709551614;1;;;True;ControlType.CONTROLLED;0;<BV64 x0>;64;[];[];['<BV64 x0>'];[];['<BV64 x0>'];[];[];0.0;1.8446744073709552e+19;1.8446744073709552e+19;1.0;;;True;1.0;1.8446744073709552e+19;1.8446744073709552e+19;1.0;;;True;ControlType.CONTROLLED;0;<BV64 x0>;64;[];[];[];[];[];[];[];0;0;0;;;;False;0;0;0;;;;False;ControlType.UNKNOWN;0;[('0x48928', <Bool x0 != 0x0>, 'Taken'), ('0x48954', <Bool LOAD_32[<BV64 x0 + 0x50>]_30 == 0x50435245>, 'Taken'), ('0x4895c', <Bool (LOAD_32[<BV64 x0 + 0x60>]_31[7:0] & 1) != 0>, 'Taken')];{'regs': ['<BV64 x0>'], 'indirect_regs': [], 'direct_regs': ['<BV64 x0>'], 'mem': ['<BV64 x0 + 0x50>', '<BV64 x0 + 0x60>'], 'const_mem': []};[];{'regs': [], 'indirect_regs': [], 'direct_regs': [], 'mem': [], 'const_mem': []};{'regs': ['<BV64 x0>'], 'indirect_regs': [], 'direct_regs': ['<BV64 x0>'], 'mem': [], 'const_mem': []};{'regs': ['<BV64 x0>', '<BV64 x0>'], 'indirect_regs': [], 'direct_regs': ['<BV64 x0>', '<BV64 x0>'], 'mem': ['<BV64 x0 + 0x50>', '<BV64 x0 + 0x60>'], 'const_mem': []};63.0;0.0;64.0;64.0;[];;;;BaseControlType.CONSTANT_BASE;BaseControlType.CONSTANT_BASE;BaseControlType.CONSTANT_BASE;3;BranchControlType.BRANCH_INDEPENDENT_FROM_SECRET;BranchControlType.BRANCH_INDEPENDENT_FROM_SECRET;297328;True;False;True;True;True;False;False;True;True;False;False;False;True;False;True;False;True;False;True;False;[];['has_valid_base'];True;False;True;True;True;False;False;True;True;False;False;False;True;False;True;False;True;False;True;False;[];['has_valid_base']
6f45df51-c9a0-445d-8501-7510203e8773;pcre2_callout_enumerate_8;0x48904;0x48988;0x0;TransmitterType.LOAD;34;1;False;['0x48904', '0x4892c', '0x48958', '0x48960'];<BV64 0x88 + x0 + (((0#32 .. (0#32 .. (0#16 .. LOAD_16[<BV64 x0 + 0x84>]_35) * (0#16 .. LOAD_16[<BV64 x0 + 0x86>]_34)) << 0x20 >> 0x3f[63:32]) << 0x20) + (0#32 .. (0#16 .. LOAD_16[<BV64 x0 + 0x84>]_35) * (0#16 .. LOAD_16[<BV64 x0 + 0x86>]_34)))>;64;[('0x48928', <Bool x0 != 0x0>, 'Taken')];[];['<BV64 x0>'];[];['<BV64 x0>'];['<BV64 x0 + 0x84>', '<BV64 x0 + 0x86>'];[];0;18446744073709551615;18446744073709551615;1;;;True;0;18446744073709551615;18446744073709551615;1;;;False;ControlType.CONTROLLED;1;<BV64 0x88>;64;[];[];[];[];[];[];[];136.0;136.0;0.0;1.0;;;True;136.0;136.0;0.0;1.0;;;True;ControlType.NO_CONTROL;0;<BV64 0x88>;64;[];[];[];[];[];[];[];136;136;0;1.0;;;True;136.0;136.0;0.0;1.0;;;True;ControlType.NO_CONTROL;0;<BV64 x0 + ((0#32 .. (0#32 .. (0#16 .. LOAD_16[<BV64 x0 + 0x84>]_35) * (0#16 .. LOAD_16[<BV64 x0 + 0x86>]_34)) << 0x20 >> 0x3f[63:32]) << 0x20) + (0#32 .. (0#16 .. LOAD_16[<BV64 x0 + 0x84>]_35) * (0#16 .. LOAD_16[<BV64 x0 + 0x86>]_34))>;64;[('0x48928', <Bool x0 != 0x0>, 'Taken')];[];['<BV64 x0>'];[];['<BV64 x0>'];['<BV64 x0 + 0x84>', '<BV64 x0 + 0x86>'];[];0.0;1.8446744073709552e+19;18446744073709551615;1;;;True;0.0;1.8446744073709552e+19;18446744073709551615;1;;;False;ControlType.CONTROLLED;1;<BV64 x0>;64;[('0x48928', <Bool x0 != 0x0>, 'Taken')];[];['<BV64 x0>'];[];['<BV64 x0>'];[];[];0.0;1.8446744073709552e+19;1.8446744073709552e+19;1.0;;;True;1.0;1.8446744073709552e+19;1.8446744073709552e+19;1.0;;;True;ControlType.CONTROLLED;0;<BV64 x0>;64;[];[];[];[];[];[];[];0;0;0;;;;False;0;0;0;;;;False;ControlType.UNKNOWN;0;[('0x48928', <Bool x0 != 0x0>, 'Taken'), ('0x48954', <Bool LOAD_32[<BV64 x0 + 0x50>]_30 == 0x50435245>, 'Taken'), ('0x4895c', <Bool (LOAD_32[<BV64 x0 + 0x60>]_31[7:0] & 1) != 0>, 'Taken')];{'regs': ['<BV64 x0>'], 'indirect_regs': [], 'direct_regs': ['<BV64 x0>'], 'mem': ['<BV64 x0 + 0x50>', '<BV64 x0 + 0x60>'], 'const_mem': []};[];{'regs': [], 'indirect_regs': [], 'direct_regs': [], 'mem': [], 'const_mem': []};{'regs': ['<BV64 x0>'], 'indirect_regs': [], 'direct_regs': ['<BV64 x0>'], 'mem': ['<BV64 x0 + 0x84>', '<BV64 x0 + 0x86>'], 'const_mem': []};{'regs': ['<BV64 x0>'], 'indirect_regs': [], 'direct_regs': ['<BV64 x0>'], 'mem': ['<BV64 x0 + 0x50>', '<BV64 x0 + 0x60>', '<BV64 x0 + 0x84>', '<BV64 x0 + 0x86>'], 'const_mem': []};63.0;0.0;64.0;64.0;[];;;;BaseControlType.CONSTANT_BASE;BaseControlType.CONSTANT_BASE;BaseControlType.CONSTANT_BASE;3;BranchControlType.BRANCH_DEPENDS_ON_SECRET_VALUE;BranchControlType.BRANCH_INDEPENDENT_FROM_SECRET;297352;True;False;True;True;True;False;False;True;True;False;False;False;True;False;True;True;True;False;True;False;[];['has_valid_base'];True;False;True;True;True;False;False;True;True;False;False;False;True;False;True;True;True;False;True;False;[];['has_valid_base']
74956c24-1ae9-43af-9dad-b6df09c6493d;pcre2_callout_enumerate_8;0x48904;0x48a80;0x0;TransmitterType.LOAD;37;1;False;['0x48904', '0x4892c', '0x48958', '0x48960', '0x48a80'];<BV64 0x89 + x0 + (((0#32 .. (0#32 .. (0#16 .. LOAD_16[<BV64 x0 + 0x84>]_35) * (0#16 .. LOAD_16[<BV64 x0 + 0x86>]_34)) << 0x20 >> 0x3f[63:32]) << 0x20) + (0#32 .. (0#16 .. LOAD_16[<BV64 x0 + 0x84>]_35) * (0#16 .. LOAD_16[<BV64 x0 + 0x86>]_34)))>;64;[('0x48928', <Bool x0 != 0x0>, 'Taken')];[];['<BV64 x0>'];[];['<BV64 x0>'];['<BV64 x0 + 0x84>', '<BV64 x0 + 0x86>'];[];0;18446744073709551615;18446744073709551615;1;;;True;0;18446744073709551615;18446744073709551615;1;;;False;ControlType.CONTROLLED;1;<BV64 0x89>;64;[];[];[];[];[];[];[];137.0;137.0;0.0;1.0;;;True;137.0;137.0;0.0;1.0;;;True;ControlType.NO_CONTROL;0;<BV64 0x89>;64;[];[];[];[];[];[];[];137;137;0;1.0;;;True;137.0;137.0;0.0;1.0;;;True;ControlType.NO_CONTROL;0;<BV64 x0 + ((0#32 .. (0#32 .. (0#16 .. LOAD_16[<BV64 x0 + 0x84>]_35) * (0#16 .. LOAD_16[<BV64 x0 + 0x86>]_34)) << 0x20 >> 0x3f[63:32]) << 0x20) + (0#32 .. (0#16 .. LOAD_16[<BV64 x0 + 0x84>]_35) * (0#16 .. LOAD_16[<BV64 x0 + 0x86>]_34))>;64;[('0x48928', <Bool x0 != 0x0>, 'Taken')];[];['<BV64 x0>'];[];['<BV64 x0>'];['<BV64 x0 + 0x84>', '<BV64 x0 + 0x86>'];[];0.0;1.8446744073709552e+19;18446744073709551615;1;;;True;0.0;1.8446744073709552e+19;18446744073709551615;1;;;False;ControlType.CONTROLLED;1;<BV64 x0>;64;[('0x48928', <Bool x0 != 0x0>, 'Taken')];[];['<BV64 x0>'];[];['<BV64 x0>'];[];[];0.0;1.8446744073709552e+19;1.8446744073709552e+19;1.0;;;True;1.0;1.8446744073709552e+19;1.8446744073709552e+19;1.0;;;True;ControlType.CONTROLLED;0;<BV64 x0>;64;[];[];[];[];[];[];[];0;0;0;;;;False;0;0;0;;;;False;ControlType.UNKNOWN;0;[('0x48928', <Bool x0 != 0x0>, 'Taken'), ('0x48954', <Bool LOAD_32[<BV64 x0 + 0x50>]_30 == 0x50435245>, 'Taken'), ('0x4895c', <Bool (LOAD_32[<BV64 x0 + 0x60>]_31[7:0] & 1) != 0>, 'Taken'), ('0x48990', <Bool LOAD_8[<BV64 x0 + ((0#32 .. (0x0 .. LOAD_16[<BV64 x0 + 0x84>]_35) * (0x0 .. LOAD_16[<BV64 x0 + 0x86>]_34)) << 0x20 >> 0x3f & 0xffffffff00000000 | (0#32 .. (0x0 .. LOAD_16[<BV64 x0 + 0x84>]_35) * (0x0 .. LOAD_16[<BV64 x0 + 0x86>]_34)) & 0xffffffff) + 0x88>]_37 == 112>, 'Taken')];{'regs': ['<BV64 x0>'], 'indirect_regs': [], 'direct_regs': ['<BV64 x0>'], 'mem': ['<BV64 x0 + ((0#32 .. (0x0 .. LOAD_16[<BV64 x0 + 0x84>]_35) * (0x0 .. LOAD_16[<BV64 x0 + 0x86>]_34)) << 0x20 >> 0x3f & 0xffffffff00000000 | (0#32 .. (0x0 .. LOAD_16[<BV64 x0 + 0x84>]_35) * (0x0 .. LOAD_16[<BV64 x0 + 0x86>]_34)) & 0xffffffff) + 0x88>', '<BV64 x0 + 0x50>', '<BV64 x0 + 0x60>', '<BV64 x0 + 0x84>', '<BV64 x0 + 0x86>'], 'const_mem': []};[];{'regs': [], 'indirect_regs': [], 'direct_regs': [], 'mem': [], 'const_mem': []};{'regs': ['<BV64 x0>'], 'indirect_regs': [], 'direct_regs': ['<BV64 x0>'], 'mem': ['<BV64 x0 + 0x84>', '<BV64 x0 + 0x86>'], 'const_mem': []};{'regs': ['<BV64 x0>'], 'indirect_regs': [], 'direct_regs': ['<BV64 x0>'], 'mem': ['<BV64 x0 + ((0#32 .. (0x0 .. LOAD_16[<BV64 x0 + 0x84>]_35) * (0x0 .. LOAD_16[<BV64 x0 + 0x86>]_34)) << 0x20 >> 0x3f & 0xffffffff00000000 | (0#32 .. (0x0 .. LOAD_16[<BV64 x0 + 0x84>]_35) * (0x0 .. LOAD_16[<BV64 x0 + 0x86>]_34)) & 0xffffffff) + 0x88>', '<BV64 x0 + 0x50>', '<BV64 x0 + 0x60>', '<BV64 x0 + 0x84>', '<BV64 x0 + 0x86>'], 'const_mem': []};63.0;0.0;64.0;64.0;[];;;;BaseControlType.CONSTANT_BASE;BaseControlType.CONSTANT_BASE;BaseControlType.CONSTANT_BASE;4;BranchControlType.BRANCH_DEPENDS_ON_SECRET_VALUE;BranchControlType.BRANCH_INDEPENDENT_FROM_SECRET;297600;True;False;True;True;True;False;False;True;True;False;False;False;True;False;True;True;True;False;True;False;[];['has_valid_base'];True;False;True;True;True;False;False;True;True;False;False;False;True;False;True;True;True;False;True;False;[];['has_valid_base']
1290460a-accb-4b2e-9ec8-7d68131070f4;pcre2_maketables_free_8;0x472e0;0x472f8;0x0;TransmitterType.LOAD;7;0;False;['0x472e0', '0x472f8'];<BV64 0x8 + x0>;64;[];[];['<BV64 x0>'];[];['<BV64 x0>'];[];[];0;18446744073709551615;18446744073709551615;1;;;True;0;18446744073709551615;18446744073709551615;1;;;True;ControlType.CONTROLLED;0;<BV64 0x8>;64;[];[];[];[];[];[];[];8.0;8.0;0.0;1.0;;;True;8.0;8.0;0.0;1.0;;;True;ControlType.NO_CONTROL;0;<BV64 0x8>;64;[];[];[];[];[];[];[];8;8;0;1.0;;;True;8.0;8.0;0.0;1.0;;;True;ControlType.NO_CONTROL;0;<BV64 x0>;64;[];[];['<BV64 x0>'];[];['<BV64 x0>'];[];[];0.0;1.8446744073709552e+19;18446744073709551615;1;;;True;1.0;1.8446744073709552e+19;18446744073709551614;1;;;True;ControlType.CONTROLLED;0;<BV64 x0>;64;[];[];['<BV64 x0>'];[];['<BV64 x0>'];[];[];0.0;1.8446744073709552e+19;1.8446744073709552e+19;1.0;;;True;1.0;1.8446744073709552e+19;1.8446744073709552e+19;1.0;;;True;ControlType.CONTROLLED;0;<BV64 x0>;64;[];[];[];[];[];[];[];0;0;0;;;;False;0;0;0;;;;False;ControlType.UNKNOWN;0;[('0x472f4', <Bool x0 != 0x0>, 'Taken')];{'regs': ['<BV64 x0>'], 'indirect_regs': [], 'direct_regs': ['<BV64 x0>'], 'mem': [], 'const_mem': []};[];{'regs': [], 'indirect_regs': [], 'direct_regs': [], 'mem': [], 'const_mem': []};{'regs': ['<BV64 x0>'], 'indirect_regs': [], 'direct_regs': ['<BV64 x0>'], 'mem': [], 'const_mem': []};{'regs': ['<BV64 x0>', '<BV64 x0>'], 'indirect_regs': [], 'direct_regs': ['<BV64 x0>', '<BV64 x0>'], 'mem': [], 'const_mem': []};63.0;0.0;64.0;64.0;[];;;;BaseControlType.CONSTANT_BASE;BaseControlType.CONSTANT_BASE;BaseControlType.CONSTANT_BASE;1;BranchControlType.BRANCH_INDEPENDENT_FROM_SECRET;BranchControlType.BRANCH_INDEPENDENT_FROM_SECRET;291576;True;False;True;True;True;False;False;True;True;False;False;False;True;False;True;False;True;False;True;False;[];['has_valid_base'];True;False;True;True;True;False;False;True;True;False;False;False;True;False;True;False;True;False;True;False;[];['has_valid_base']
1c09e6ed-d84d-4ade-badc-50605da1f87c;pcre2_maketables_free_8;0x472e0;0x472f8;0x0;TransmitterType.LOAD;7;0;False;['0x472e0', '0x472f8'];<BV64 0x10 + x0>;64;[];[];['<BV64 x0>'];[];['<BV64 x0>'];[];[];0;18446744073709551615;18446744073709551615;1;;;True;0;18446744073709551615;18446744073709551615;1;;;True;ControlType.CONTROLLED;0;<BV64 0x10>;64;[];[];[];[];[];[];[];16.0;16.0;0.0;1.0;;;True;16.0;16.0;0.0;1.0;;;True;ControlType.NO_CONTROL;0;<BV64 0x10>;64;[];[];[];[];[];[];[];16;16;0;1.0;;;True;16.0;16.0;0.0;1.0;;;True;ControlType.NO_CONTROL;0;<BV64 x0>;64;[];[];['<BV64 x0>'];[];['<BV64 x0>'];[];[];0.0;1.8446744073709552e+19;18446744073709551615;1;;;True;1.0;1.8446744073709552e+19;18446744073709551614;1;;;True;ControlType.CONTROLLED;0;<BV64 x0>;64;[];[];['<BV64 x0>'];[];['<BV64 x0>'];[];[];0.0;1.8446744073709552e+19;1.8446744073709552e+19;1.0;;;True;1.0;1.8446744073709552e+19;1.8446744073709552e+19;1.0;;;True;ControlType.CONTROLLED;0;<BV64 x0>;64;[];[];[];[];[];[];[];0;0;0;;;;False;0;0;0;;;;False;ControlType.UNKNOWN;0;[('0x472f4', <Bool x0 != 0x0>, 'Taken')];{'regs': ['<BV64 x0>'], 'indirect_regs': [], 'direct_regs': ['<BV64 x0>'], 'mem': [], 'const_mem': []};[];{'regs': [], 'indirect_regs': [], 'direct_regs': [], 'mem': [], 'const_mem': []};{'regs': ['<BV64 x0>'], 'indirect_regs': [], 'direct_regs': ['<BV64 x0>'], 'mem': [], 'const_mem': []};{'regs': ['<BV64 x0>', '<BV64 x0>'], 'indirect_regs': [], 'direct_regs': ['<BV64 x0>', '<BV64 x0>'], 'mem': [], 'const_mem': []};63.0;0.0;64.0;64.0;[];;;;BaseControlType.CONSTANT_BASE;BaseControlType.CONSTANT_BASE;BaseControlType.CONSTANT_BASE;1;BranchControlType.BRANCH_INDEPENDENT_FROM_SECRET;BranchControlType.BRANCH_INDEPENDENT_FROM_SECRET;291576;True;False;True;True;True;False;False;True;True;False;False;False;True;False;True;False;True;False;True;False;[];['has_valid_base'];True;False;True;True;True;False;False;True;True;False;False;False;True;False;True;False;True;False;True;False;[];['has_valid_base']
be65658d-0f68-45e3-aebd-b3fa674e6646;pcre2_maketables_free_8;0x472e0;0x47308;0x472f8;TransmitterType.CODE_LOAD;9;1;False;['0x472e0', '0x472f8'];<BV64 LOAD_64[<BV64 x0 + 0x8>]_22>;64;[];[];['<BV64 x0>'];"[""<BV64 x0>: ['0x8']""]";[];['<BV64 x0 + 0x8>'];[];0;18446744073709551615;18446744073709551615;1;;;True;0;18446744073709551615;18446744073709551615;1;;;True;ControlType.CONTROLLED;1;;0;[];[];[];[];[];[];[];0.0;0.0;0.0;0.0;;;False;0.0;0.0;0.0;0.0;;;False;ControlType.UNKNOWN;0;;0;[];[];[];[];[];[];[];0;0;0;;;;False;0.0;0.0;0.0;0.0;;;False;ControlType.UNKNOWN;0;<BV64 LOAD_64[<BV64 x0 + 0x8>]_22>;64;[];[];['<BV64 x0>'];"[""<BV64 x0>: ['0x8']""]";[];['<BV64 x0 + 0x8>'];[];0.0;1.8446744073709552e+19;18446744073709551615;1;;;True;0.0;1.8446744073709552e+19;18446744073709551615;1;;;True;ControlType.CONTROLLED;1;<BV64 x0 + 0x8>;64;[('0x472f4', <Bool x0 != 0x0>, 'Taken')];[];['<BV64 x0>'];[];['<BV64 x0>'];[];[];0.0;1.8446744073709552e+19;1.8446744073709552e+19;1.0;;;True;9.0;7.0;1.8446744073709552e+19;1.0;;;True;ControlType.CONTROLLED;0;<BV64 LOAD_64[<BV64 x0 + 0x8>]_22>;64;[];[];[];[];[];[];[];0;0;0;;;;False;0;0;0;;;;False;ControlType.UNKNOWN;1;[('0x472f4', <Bool x0 != 0x0>, 'Taken')];{'regs': ['<BV64 x0>'], 'indirect_regs': [], 'direct_regs': ['<BV64 x0>'], 'mem': [], 'const_mem': []};[];{'regs': [], 'indirect_regs': [], 'direct_regs': [], 'mem': [], 'const_mem': []};{'regs': ['<BV64 x0>'], 'indirect_regs': [], 'direct_regs': ['<BV64 x0>'], 'mem': ['<BV64 x0 + 0x8>'], 'const_mem': []};{'regs': ['<BV64 x0>'], 'indirect_regs': [], 'direct_regs': ['<BV64 x0>'], 'mem': ['<BV64 x0 + 0x8>'], 'const_mem': []};63.0;0.0;64.0;64.0;[];;;;BaseControlType.NO_BASE;BaseControlType.NO_BASE;BaseControlType.NO_BASE;1;BranchControlType.BRANCH_DEPENDS_ON_SECRET_ADDRESS;BranchControlType.BRANCH_INDEPENDENT_FROM_SECRET;291592;True;False;True;True;True;False;False;True;True;False;False;False;True;False;True;True;True;False;True;False;[];['has_valid_base'];True;False;True;True;True;False;False;True;True;False;False;False;True;False;True;True;True;False;True;False;[];['has_valid_base']
