uuid;name;address;pc;secret_load_pc;transmitter;n_instr;n_dependent_loads;contains_spec_stop;bbls;transmission_expr;transmission_size;transmission_branches;transmission_constraints;transmission_requirements_regs;transmission_requirements_indirect_regs;transmission_requirements_direct_regs;transmission_requirements_mem;transmission_requirements_const_mem;transmission_range_min;transmission_range_max;transmission_range_window;transmission_range_stride;transmission_range_and_mask;transmission_range_or_mask;transmission_range_exact;transmission_range_w_branches_min;transmission_range_w_branches_max;transmission_range_w_branches_window;transmission_range_w_branches_stride;transmission_range_w_branches_and_mask;transmission_range_w_branches_or_mask;transmission_range_w_branches_exact;transmission_control;transmission_n_dependent_loads;base_expr;base_size;base_branches;base_constraints;base_requirements_regs;base_requirements_indirect_regs;base_requirements_direct_regs;base_requirements_mem;base_requirements_const_mem;base_range_min;base_range_max;base_range_window;base_range_stride;base_range_and_mask;base_range_or_mask;base_range_exact;base_range_w_branches_min;base_range_w_branches_max;base_range_w_branches_window;base_range_w_branches_stride;base_range_w_branches_and_mask;base_range_w_branches_or_mask;base_range_w_branches_exact;base_control;base_n_dependent_loads;independent_base_expr;independent_base_size;independent_base_branches;independent_base_constraints;independent_base_requirements_regs;independent_base_requirements_indirect_regs;independent_base_requirements_direct_regs;independent_base_requirements_mem;independent_base_requirements_const_mem;independent_base_range_min;independent_base_range_max;independent_base_range_window;independent_base_range_stride;independent_base_range_and_mask;independent_base_range_or_mask;independent_base_range_exact;independent_base_range_w_branches_min;independent_base_range_w_branches_max;independent_base_range_w_branches_window;independent_base_range_w_branches_stride;independent_base_range_w_branches_and_mask;independent_base_range_w_branches_or_mask;independent_base_range_w_branches_exact;independent_base_control;independent_base_n_dependent_loads;transmitted_secret_expr;transmitted_secret_size;transmitted_secret_branches;transmitted_secret_constraints;transmitted_secret_requirements_regs;transmitted_secret_requirements_indirect_regs;transmitted_secret_requirements_direct_regs;transmitted_secret_requirements_mem;transmitted_secret_requirements_const_mem;transmitted_secret_range_min;transmitted_secret_range_max;transmitted_secret_range_window;transmitted_secret_range_stride;transmitted_secret_range_and_mask;transmitted_secret_range_or_mask;transmitted_secret_range_exact;transmitted_secret_range_w_branches_min;transmitted_secret_range_w_branches_max;transmitted_secret_range_w_branches_window;transmitted_secret_range_w_branches_stride;transmitted_secret_range_w_branches_and_mask;transmitted_secret_range_w_branches_or_mask;transmitted_secret_range_w_branches_exact;transmitted_secret_control;transmitted_secret_n_dependent_loads;secret_address_expr;secret_address_size;secret_address_branches;secret_address_constraints;secret_address_requirements_regs;secret_address_requirements_indirect_regs;secret_address_requirements_direct_regs;secret_address_requirements_mem;secret_address_requirements_const_mem;secret_address_range_min;secret_address_range_max;secret_address_range_window;secret_address_range_stride;secret_address_range_and_mask;secret_address_range_or_mask;secret_address_range_exact;secret_address_range_w_branches_min;secret_address_range_w_branches_max;secret_address_range_w_branches_window;secret_address_range_w_branches_stride;secret_address_range_w_branches_and_mask;secret_address_range_w_branches_or_mask;secret_address_range_w_branches_exact;secret_address_control;secret_address_n_dependent_loads;secret_val_expr;secret_val_size;secret_val_branches;secret_val_constraints;secret_val_requirements_regs;secret_val_requirements_indirect_regs;secret_val_requirements_direct_regs;secret_val_requirements_mem;secret_val_requirements_const_mem;secret_val_range_min;secret_val_range_max;secret_val_range_window;secret_val_range_stride;secret_val_range_and_mask;secret_val_range_or_mask;secret_val_range_exact;secret_val_range_w_branches_min;secret_val_range_w_branches_max;secret_val_range_w_branches_window;secret_val_range_w_branches_stride;secret_val_range_w_branches_and_mask;secret_val_range_w_branches_or_mask;secret_val_range_w_branches_exact;secret_val_control;secret_val_n_dependent_loads;branches;branch_requirements;constraints;constraint_requirements;all_requirements;all_requirements_w_branches;inferable_bits_spread_high;inferable_bits_spread_low;inferable_bits_spread_total;inferable_bits_n_inferable_bits;aliases;deps;direct_dependent_base_expr;indirect_dependent_base_expr;base_control_type;base_control_w_constraints;base_control_w_branches_and_constraints;n_branches;branch_control_type;cmove_control_type;pc_as_int;is_secret_inferable;has_valid_base;has_valid_secret_address;is_cmove_independent_from_secret;has_no_speculation_stop;is_secret_below_cache_granularity;can_perform_sliding;is_secret_entropy_high;can_perform_known_prefix;is_max_secret_too_high;can_adjust_base;base_has_indirect_secret_dependency;leak_secret_near_valid_base;base_has_direct_secret_dependency;can_ignore_direct_dependency;is_branch_dependent_from_secret;perform_training;is_branch_dependent_from_uncontrolled;perform_out_of_place_training;exploitable;required_solutions;fail_reasons;is_secret_inferable_w_branches;has_valid_base_w_branches;has_valid_secret_address_w_branches;is_cmove_independent_from_secret_w_branches;has_no_speculation_stop_w_branches;is_secret_below_cache_granularity_w_branches;can_perform_sliding_w_branches;is_secret_entropy_high_w_branches;can_perform_known_prefix_w_branches;is_max_secret_too_high_w_branches;can_adjust_base_w_branches;base_has_indirect_secret_dependency_w_branches;leak_secret_near_valid_base_w_branches;base_has_direct_secret_dependency_w_branches;can_ignore_direct_dependency_w_branches;is_branch_dependent_from_secret_w_branches;perform_training_w_branches;is_branch_dependent_from_uncontrolled_w_branches;perform_out_of_place_training_w_branches;exploitable_w_branches;required_solutions_w_branches;fail_reasons_w_branches
414bb74a-bf8d-4eb1-b415-026aea6421c4;gss_release_buffer_set@@gssapi_krb5_2_MIT;0x11670;0x11674;0x0;TransmitterType.STORE;2;0;False;['0x11670'];<BV64 x0>;64;[];[];['<BV64 x0>'];[];['<BV64 x0>'];[];[];0;18446744073709551615;18446744073709551615;1;;;True;0;18446744073709551615;18446744073709551615;1;;;True;ControlType.CONTROLLED;0;;0;[];[];[];[];[];[];[];0.0;0.0;0.0;0.0;;;False;0.0;0.0;0.0;0.0;;;False;ControlType.UNKNOWN;0;;0;[];[];[];[];[];[];[];0;0;0;;;;False;0.0;0.0;0.0;0.0;;;False;ControlType.UNKNOWN;0;<BV64 x0>;64;[];[];['<BV64 x0>'];[];['<BV64 x0>'];[];[];0.0;1.8446744073709552e+19;18446744073709551615;1;;;True;0.0;1.8446744073709552e+19;18446744073709551615;1;;;True;ControlType.CONTROLLED;0;<BV64 x0>;64;[];[];['<BV64 x0>'];[];['<BV64 x0>'];[];[];0.0;1.8446744073709552e+19;1.8446744073709552e+19;1.0;;;True;0.0;1.8446744073709552e+19;1.8446744073709552e+19;1.0;;;True;ControlType.CONTROLLED;0;<BV64 x0>;64;[];[];[];[];[];[];[];0;0;0;;;;False;0;0;0;;;;False;ControlType.UNKNOWN;0;[];{'regs': [], 'indirect_regs': [], 'direct_regs': [], 'mem': [], 'const_mem': []};[];{'regs': [], 'indirect_regs': [], 'direct_regs': [], 'mem': [], 'const_mem': []};{'regs': ['<BV64 x0>'], 'indirect_regs': [], 'direct_regs': ['<BV64 x0>'], 'mem': [], 'const_mem': []};{'regs': ['<BV64 x0>'], 'indirect_regs': [], 'direct_regs': ['<BV64 x0>'], 'mem': [], 'const_mem': []};63.0;0.0;64.0;64.0;[];;;;BaseControlType.NO_BASE;BaseControlType.NO_BASE;BaseControlType.NO_BASE;0;BranchControlType.BRANCH_INDEPENDENT_FROM_SECRET;BranchControlType.BRANCH_INDEPENDENT_FROM_SECRET;71284;True;False;True;True;True;False;False;True;True;False;False;False;True;False;True;False;True;False;True;False;[];['has_valid_base'];True;False;True;True;True;False;False;True;True;False;False;False;True;False;True;False;True;False;True;False;[];['has_valid_base']
ec5e225f-068f-4522-864f-bedecdef1f73;gss_map_name_to_any@@gssapi_krb5_2_MIT;0x178a0;0x178c0;0x0;TransmitterType.STORE;9;0;False;['0x178a0', '0x178b8'];<BV64 x0>;64;[('0x178b4', <Bool x0 != 0x0>, 'Taken')];[];['<BV64 x0>'];[];['<BV64 x0>'];[];[];0;18446744073709551615;18446744073709551615;1;;;True;1;18446744073709551615;18446744073709551614;1;;;True;ControlType.CONTROLLED;0;;0;[];[];[];[];[];[];[];0.0;0.0;0.0;0.0;;;False;0.0;0.0;0.0;0.0;;;False;ControlType.UNKNOWN;0;;0;[];[];[];[];[];[];[];0;0;0;;;;False;0.0;0.0;0.0;0.0;;;False;ControlType.UNKNOWN;0;<BV64 x0>;64;[('0x178b4', <Bool x0 != 0x0>, 'Taken')];[];['<BV64 x0>'];[];['<BV64 x0>'];[];[];0.0;1.8446744073709552e+19;18446744073709551615;1;;;True;1.0;1.8446744073709552e+19;18446744073709551614;1;;;True;ControlType.CONTROLLED;0;<BV64 x0>;64;[('0x178b4', <Bool x0 != 0x0>, 'Taken')];[];['<BV64 x0>'];[];['<BV64 x0>'];[];[];0.0;1.8446744073709552e+19;1.8446744073709552e+19;1.0;;;True;1.0;1.8446744073709552e+19;1.8446744073709552e+19;1.0;;;True;ControlType.CONTROLLED;0;<BV64 x0>;64;[];[];[];[];[];[];[];0;0;0;;;;False;0;0;0;;;;False;ControlType.UNKNOWN;0;[('0x178b4', <Bool x0 != 0x0>, 'Taken')];{'regs': ['<BV64 x0>'], 'indirect_regs': [], 'direct_regs': ['<BV64 x0>'], 'mem': [], 'const_mem': []};[];{'regs': [], 'indirect_regs': [], 'direct_regs': [], 'mem': [], 'const_mem': []};{'regs': ['<BV64 x0>'], 'indirect_regs': [], 'direct_regs': ['<BV64 x0>'], 'mem': [], 'const_mem': []};{'regs': ['<BV64 x0>'], 'indirect_regs': [], 'direct_regs': ['<BV64 x0>'], 'mem': [], 'const_mem': []};63.0;0.0;64.0;64.0;[];;;;BaseControlType.NO_BASE;BaseControlType.NO_BASE;BaseControlType.NO_BASE;1;BranchControlType.BRANCH_DEPENDS_ON_SECRET_VALUE;BranchControlType.BRANCH_INDEPENDENT_FROM_SECRET;96448;True;False;True;True;True;False;False;True;True;False;False;False;True;False;True;True;True;False;True;False;[];['has_valid_base'];True;False;True;True;True;False;False;True;True;False;False;False;True;False;True;True;True;False;True;False;[];['has_valid_base']
cdeeb764-dfff-4abc-b22d-5d3099988f08;gss_krb5int_unseal_token_v3@@gssapi_krb5_2_MIT;0x2e320;0x2e37c;0x0;TransmitterType.LOAD;24;0;False;['0x2e320'];<BV64 x0>;64;[];[];['<BV64 x0>'];[];['<BV64 x0>'];[];[];0;18446744073709551615;18446744073709551615;1;;;True;0;18446744073709551615;18446744073709551615;1;;;True;ControlType.CONTROLLED;0;;0;[];[];[];[];[];[];[];0.0;0.0;0.0;0.0;;;False;0.0;0.0;0.0;0.0;;;False;ControlType.UNKNOWN;0;;0;[];[];[];[];[];[];[];0;0;0;;;;False;0.0;0.0;0.0;0.0;;;False;ControlType.UNKNOWN;0;<BV64 x0>;64;[];[];['<BV64 x0>'];[];['<BV64 x0>'];[];[];0.0;1.8446744073709552e+19;18446744073709551615;1;;;True;0.0;1.8446744073709552e+19;18446744073709551615;1;;;True;ControlType.CONTROLLED;0;<BV64 x0>;64;[];[];['<BV64 x0>'];[];['<BV64 x0>'];[];[];0.0;1.8446744073709552e+19;1.8446744073709552e+19;1.0;;;True;0.0;1.8446744073709552e+19;1.8446744073709552e+19;1.0;;;True;ControlType.CONTROLLED;0;<BV64 x0>;64;[];[];[];[];[];[];[];0;0;0;;;;False;0;0;0;;;;False;ControlType.UNKNOWN;0;[];{'regs': [], 'indirect_regs': [], 'direct_regs': [], 'mem': [], 'const_mem': []};[];{'regs': [], 'indirect_regs': [], 'direct_regs': [], 'mem': [], 'const_mem': []};{'regs': ['<BV64 x0>'], 'indirect_regs': [], 'direct_regs': ['<BV64 x0>'], 'mem': [], 'const_mem': []};{'regs': ['<BV64 x0>'], 'indirect_regs': [], 'direct_regs': ['<BV64 x0>'], 'mem': [], 'const_mem': []};63.0;0.0;64.0;64.0;[];;;;BaseControlType.NO_BASE;BaseControlType.NO_BASE;BaseControlType.NO_BASE;0;BranchControlType.BRANCH_INDEPENDENT_FROM_SECRET;BranchControlType.BRANCH_INDEPENDENT_FROM_SECRET;189308;True;False;True;True;True;False;False;True;True;False;False;False;True;False;True;False;True;False;True;False;[];['has_valid_base'];True;False;True;True;True;False;False;True;True;False;False;False;True;False;True;False;True;False;True;False;[];['has_valid_base']
109a1850-22b1-4614-9930-274b3543ee5d;gss_inquire_name@@gssapi_krb5_2_MIT;0x175d0;0x1760c;0x0;TransmitterType.STORE;16;0;False;['0x175d0', '0x1760c'];<BV64 x0>;64;[('0x17608', <Bool x0 != 0x0>, 'Taken')];[];['<BV64 x0>'];[];['<BV64 x0>'];[];[];0;18446744073709551615;18446744073709551615;1;;;True;1;18446744073709551615;18446744073709551614;1;;;True;ControlType.CONTROLLED;0;;0;[];[];[];[];[];[];[];0.0;0.0;0.0;0.0;;;False;0.0;0.0;0.0;0.0;;;False;ControlType.UNKNOWN;0;;0;[];[];[];[];[];[];[];0;0;0;;;;False;0.0;0.0;0.0;0.0;;;False;ControlType.UNKNOWN;0;<BV64 x0>;64;[('0x17608', <Bool x0 != 0x0>, 'Taken')];[];['<BV64 x0>'];[];['<BV64 x0>'];[];[];0.0;1.8446744073709552e+19;18446744073709551615;1;;;True;1.0;1.8446744073709552e+19;18446744073709551614;1;;;True;ControlType.CONTROLLED;0;<BV64 x0>;64;[('0x17608', <Bool x0 != 0x0>, 'Taken')];[];['<BV64 x0>'];[];['<BV64 x0>'];[];[];0.0;1.8446744073709552e+19;1.8446744073709552e+19;1.0;;;True;1.0;1.8446744073709552e+19;1.8446744073709552e+19;1.0;;;True;ControlType.CONTROLLED;0;<BV64 x0>;64;[];[];[];[];[];[];[];0;0;0;;;;False;0;0;0;;;;False;ControlType.UNKNOWN;0;[('0x17608', <Bool x0 != 0x0>, 'Taken')];{'regs': ['<BV64 x0>'], 'indirect_regs': [], 'direct_regs': ['<BV64 x0>'], 'mem': [], 'const_mem': []};[];{'regs': [], 'indirect_regs': [], 'direct_regs': [], 'mem': [], 'const_mem': []};{'regs': ['<BV64 x0>'], 'indirect_regs': [], 'direct_regs': ['<BV64 x0>'], 'mem': [], 'const_mem': []};{'regs': ['<BV64 x0>'], 'indirect_regs': [], 'direct_regs': ['<BV64 x0>'], 'mem': [], 'const_mem': []};63.0;0.0;64.0;64.0;[];;;;BaseControlType.NO_BASE;BaseControlType.NO_BASE;BaseControlType.NO_BASE;1;BranchControlType.BRANCH_DEPENDS_ON_SECRET_VALUE;BranchControlType.BRANCH_INDEPENDENT_FROM_SECRET;95756;True;False;True;True;True;False;False;True;True;False;False;False;True;False;True;True;True;False;True;False;[];['has_valid_base'];True;False;True;True;True;False;False;True;True;False;False;False;True;False;True;True;True;False;True;False;[];['has_valid_base']
ccbe4a6d-c58b-44ef-8c3b-2431087dd457;gss_inquire_context@@gssapi_krb5_2_MIT;0x170e0;0x17138;0x0;TransmitterType.STORE;23;0;False;['0x170e0', '0x1712c'];<BV64 x0>;64;[('0x17128', <Bool x0 != 0x0>, 'Taken')];[];['<BV64 x0>'];[];['<BV64 x0>'];[];[];0;18446744073709551615;18446744073709551615;1;;;True;1;18446744073709551615;18446744073709551614;1;;;True;ControlType.CONTROLLED;0;;0;[];[];[];[];[];[];[];0.0;0.0;0.0;0.0;;;False;0.0;0.0;0.0;0.0;;;False;ControlType.UNKNOWN;0;;0;[];[];[];[];[];[];[];0;0;0;;;;False;0.0;0.0;0.0;0.0;;;False;ControlType.UNKNOWN;0;<BV64 x0>;64;[('0x17128', <Bool x0 != 0x0>, 'Taken')];[];['<BV64 x0>'];[];['<BV64 x0>'];[];[];0.0;1.8446744073709552e+19;18446744073709551615;1;;;True;1.0;1.8446744073709552e+19;18446744073709551614;1;;;True;ControlType.CONTROLLED;0;<BV64 x0>;64;[('0x17128', <Bool x0 != 0x0>, 'Taken')];[];['<BV64 x0>'];[];['<BV64 x0>'];[];[];0.0;1.8446744073709552e+19;1.8446744073709552e+19;1.0;;;True;1.0;1.8446744073709552e+19;1.8446744073709552e+19;1.0;;;True;ControlType.CONTROLLED;0;<BV64 x0>;64;[];[];[];[];[];[];[];0;0;0;;;;False;0;0;0;;;;False;ControlType.UNKNOWN;0;[('0x17128', <Bool x0 != 0x0>, 'Taken')];{'regs': ['<BV64 x0>'], 'indirect_regs': [], 'direct_regs': ['<BV64 x0>'], 'mem': [], 'const_mem': []};[];{'regs': [], 'indirect_regs': [], 'direct_regs': [], 'mem': [], 'const_mem': []};{'regs': ['<BV64 x0>'], 'indirect_regs': [], 'direct_regs': ['<BV64 x0>'], 'mem': [], 'const_mem': []};{'regs': ['<BV64 x0>'], 'indirect_regs': [], 'direct_regs': ['<BV64 x0>'], 'mem': [], 'const_mem': []};63.0;0.0;64.0;64.0;[];;;;BaseControlType.NO_BASE;BaseControlType.NO_BASE;BaseControlType.NO_BASE;1;BranchControlType.BRANCH_DEPENDS_ON_SECRET_VALUE;BranchControlType.BRANCH_INDEPENDENT_FROM_SECRET;94520;True;False;True;True;True;False;False;True;True;False;False;False;True;False;True;True;True;False;True;False;[];['has_valid_base'];True;False;True;True;True;False;False;True;True;False;False;False;True;False;True;True;True;False;True;False;[];['has_valid_base']
95368911-9cbd-4c19-8899-7f2417b51717;gss_krb5_free_lucid_sec_context@@gssapi_krb5_2_MIT;0x2ea80;0x1aaf8;0x0;TransmitterType.STORE;38;0;False;['0x2ea80', '0x1aab0', '0x1aae4'];<BV64 x0>;64;[('0x1aae0', <Bool x0 != 0x0>, 'Taken')];[];['<BV64 x0>'];[];['<BV64 x0>'];[];[];0;18446744073709551615;18446744073709551615;1;;;True;1;18446744073709551615;18446744073709551614;1;;;True;ControlType.CONTROLLED;0;;0;[];[];[];[];[];[];[];0.0;0.0;0.0;0.0;;;False;0.0;0.0;0.0;0.0;;;False;ControlType.UNKNOWN;0;;0;[];[];[];[];[];[];[];0;0;0;;;;False;0.0;0.0;0.0;0.0;;;False;ControlType.UNKNOWN;0;<BV64 x0>;64;[('0x1aae0', <Bool x0 != 0x0>, 'Taken')];[];['<BV64 x0>'];[];['<BV64 x0>'];[];[];0.0;1.8446744073709552e+19;18446744073709551615;1;;;True;1.0;1.8446744073709552e+19;18446744073709551614;1;;;True;ControlType.CONTROLLED;0;<BV64 x0>;64;[('0x1aae0', <Bool x0 != 0x0>, 'Taken')];[];['<BV64 x0>'];[];['<BV64 x0>'];[];[];0.0;1.8446744073709552e+19;1.8446744073709552e+19;1.0;;;True;1.0;1.8446744073709552e+19;1.8446744073709552e+19;1.0;;;True;ControlType.CONTROLLED;0;<BV64 x0>;64;[];[];[];[];[];[];[];0;0;0;;;;False;0;0;0;;;;False;ControlType.UNKNOWN;0;[('0x1aae0', <Bool x0 != 0x0>, 'Taken'), ('0x2eac8', <Bool True>, 'Taken')];{'regs': ['<BV64 x0>'], 'indirect_regs': [], 'direct_regs': ['<BV64 x0>'], 'mem': [], 'const_mem': []};[];{'regs': [], 'indirect_regs': [], 'direct_regs': [], 'mem': [], 'const_mem': []};{'regs': ['<BV64 x0>'], 'indirect_regs': [], 'direct_regs': ['<BV64 x0>'], 'mem': [], 'const_mem': []};{'regs': ['<BV64 x0>'], 'indirect_regs': [], 'direct_regs': ['<BV64 x0>'], 'mem': [], 'const_mem': []};63.0;0.0;64.0;64.0;[];;;;BaseControlType.NO_BASE;BaseControlType.NO_BASE;BaseControlType.NO_BASE;2;BranchControlType.BRANCH_DEPENDS_ON_SECRET_VALUE;BranchControlType.BRANCH_INDEPENDENT_FROM_SECRET;109304;True;False;True;True;True;False;False;True;True;False;False;False;True;False;True;True;True;False;True;False;[];['has_valid_base'];True;False;True;True;True;False;False;True;True;False;False;False;True;False;True;True;True;False;True;False;[];['has_valid_base']
b76c4777-1b29-4503-87bf-2fb5c6af5e7d;gss_wrap@@gssapi_krb5_2_MIT;0x20af4;0x20b20;0x0;TransmitterType.STORE;12;0;False;['0x20af4', '0x20b14'];<BV64 x0>;64;[('0x20b10', <Bool x0 != 0x0>, 'Taken')];[];['<BV64 x0>'];[];['<BV64 x0>'];[];[];0;18446744073709551615;18446744073709551615;1;;;True;1;18446744073709551615;18446744073709551614;1;;;True;ControlType.CONTROLLED;0;;0;[];[];[];[];[];[];[];0.0;0.0;0.0;0.0;;;False;0.0;0.0;0.0;0.0;;;False;ControlType.UNKNOWN;0;;0;[];[];[];[];[];[];[];0;0;0;;;;False;0.0;0.0;0.0;0.0;;;False;ControlType.UNKNOWN;0;<BV64 x0>;64;[('0x20b10', <Bool x0 != 0x0>, 'Taken')];[];['<BV64 x0>'];[];['<BV64 x0>'];[];[];0.0;1.8446744073709552e+19;18446744073709551615;1;;;True;1.0;1.8446744073709552e+19;18446744073709551614;1;;;True;ControlType.CONTROLLED;0;<BV64 x0>;64;[('0x20b10', <Bool x0 != 0x0>, 'Taken')];[];['<BV64 x0>'];[];['<BV64 x0>'];[];[];0.0;1.8446744073709552e+19;1.8446744073709552e+19;1.0;;;True;1.0;1.8446744073709552e+19;1.8446744073709552e+19;1.0;;;True;ControlType.CONTROLLED;0;<BV64 x0>;64;[];[];[];[];[];[];[];0;0;0;;;;False;0;0;0;;;;False;ControlType.UNKNOWN;0;[('0x20b10', <Bool x0 != 0x0>, 'Taken')];{'regs': ['<BV64 x0>'], 'indirect_regs': [], 'direct_regs': ['<BV64 x0>'], 'mem': [], 'const_mem': []};[];{'regs': [], 'indirect_regs': [], 'direct_regs': [], 'mem': [], 'const_mem': []};{'regs': ['<BV64 x0>'], 'indirect_regs': [], 'direct_regs': ['<BV64 x0>'], 'mem': [], 'const_mem': []};{'regs': ['<BV64 x0>'], 'indirect_regs': [], 'direct_regs': ['<BV64 x0>'], 'mem': [], 'const_mem': []};63.0;0.0;64.0;64.0;[];;;;BaseControlType.NO_BASE;BaseControlType.NO_BASE;BaseControlType.NO_BASE;1;BranchControlType.BRANCH_DEPENDS_ON_SECRET_VALUE;BranchControlType.BRANCH_INDEPENDENT_FROM_SECRET;133920;True;False;True;True;True;False;False;True;True;False;False;False;True;False;True;True;True;False;True;False;[];['has_valid_base'];True;False;True;True;True;False;False;True;True;False;False;False;True;False;True;True;True;False;True;False;[];['has_valid_base']
42bc84da-3860-4e65-9ab1-f53aedc7baa9;gss_release_iov_buffer@@gssapi_krb5_2_MIT;0x21e30;0x21e48;0x0;TransmitterType.STORE;7;0;False;['0x21e30', '0x21e48'];<BV64 x0>;64;[('0x21e44', <Bool x0 != 0x0>, 'Taken')];[];['<BV64 x0>'];[];['<BV64 x0>'];[];[];0;18446744073709551615;18446744073709551615;1;;;True;1;18446744073709551615;18446744073709551614;1;;;True;ControlType.CONTROLLED;0;;0;[];[];[];[];[];[];[];0.0;0.0;0.0;0.0;;;False;0.0;0.0;0.0;0.0;;;False;ControlType.UNKNOWN;0;;0;[];[];[];[];[];[];[];0;0;0;;;;False;0.0;0.0;0.0;0.0;;;False;ControlType.UNKNOWN;0;<BV64 x0>;64;[('0x21e44', <Bool x0 != 0x0>, 'Taken')];[];['<BV64 x0>'];[];['<BV64 x0>'];[];[];0.0;1.8446744073709552e+19;18446744073709551615;1;;;True;1.0;1.8446744073709552e+19;18446744073709551614;1;;;True;ControlType.CONTROLLED;0;<BV64 x0>;64;[('0x21e44', <Bool x0 != 0x0>, 'Taken')];[];['<BV64 x0>'];[];['<BV64 x0>'];[];[];0.0;1.8446744073709552e+19;1.8446744073709552e+19;1.0;;;True;1.0;1.8446744073709552e+19;1.8446744073709552e+19;1.0;;;True;ControlType.CONTROLLED;0;<BV64 x0>;64;[];[];[];[];[];[];[];0;0;0;;;;False;0;0;0;;;;False;ControlType.UNKNOWN;0;[('0x21e44', <Bool x0 != 0x0>, 'Taken')];{'regs': ['<BV64 x0>'], 'indirect_regs': [], 'direct_regs': ['<BV64 x0>'], 'mem': [], 'const_mem': []};[];{'regs': [], 'indirect_regs': [], 'direct_regs': [], 'mem': [], 'const_mem': []};{'regs': ['<BV64 x0>'], 'indirect_regs': [], 'direct_regs': ['<BV64 x0>'], 'mem': [], 'const_mem': []};{'regs': ['<BV64 x0>'], 'indirect_regs': [], 'direct_regs': ['<BV64 x0>'], 'mem': [], 'const_mem': []};63.0;0.0;64.0;64.0;[];;;;BaseControlType.NO_BASE;BaseControlType.NO_BASE;BaseControlType.NO_BASE;1;BranchControlType.BRANCH_DEPENDS_ON_SECRET_VALUE;BranchControlType.BRANCH_INDEPENDENT_FROM_SECRET;138824;True;False;True;True;True;False;False;True;True;False;False;False;True;False;True;True;True;False;True;False;[];['has_valid_base'];True;False;True;True;True;False;False;True;True;False;False;False;True;False;True;True;True;False;True;False;[];['has_valid_base']
05671562-e0e0-4879-abb5-6d6cabfe2e9c;gssspi_mech_invoke@@gssapi_krb5_2_MIT;0x1aab0;0x1aaf8;0x0;TransmitterType.STORE;19;0;False;['0x1aab0', '0x1aae4'];<BV64 x0>;64;[('0x1aae0', <Bool x0 != 0x0>, 'Taken')];[];['<BV64 x0>'];[];['<BV64 x0>'];[];[];0;18446744073709551615;18446744073709551615;1;;;True;1;18446744073709551615;18446744073709551614;1;;;True;ControlType.CONTROLLED;0;;0;[];[];[];[];[];[];[];0.0;0.0;0.0;0.0;;;False;0.0;0.0;0.0;0.0;;;False;ControlType.UNKNOWN;0;;0;[];[];[];[];[];[];[];0;0;0;;;;False;0.0;0.0;0.0;0.0;;;False;ControlType.UNKNOWN;0;<BV64 x0>;64;[('0x1aae0', <Bool x0 != 0x0>, 'Taken')];[];['<BV64 x0>'];[];['<BV64 x0>'];[];[];0.0;1.8446744073709552e+19;18446744073709551615;1;;;True;1.0;1.8446744073709552e+19;18446744073709551614;1;;;True;ControlType.CONTROLLED;0;<BV64 x0>;64;[('0x1aae0', <Bool x0 != 0x0>, 'Taken')];[];['<BV64 x0>'];[];['<BV64 x0>'];[];[];0.0;1.8446744073709552e+19;1.8446744073709552e+19;1.0;;;True;1.0;1.8446744073709552e+19;1.8446744073709552e+19;1.0;;;True;ControlType.CONTROLLED;0;<BV64 x0>;64;[];[];[];[];[];[];[];0;0;0;;;;False;0;0;0;;;;False;ControlType.UNKNOWN;0;[('0x1aae0', <Bool x0 != 0x0>, 'Taken')];{'regs': ['<BV64 x0>'], 'indirect_regs': [], 'direct_regs': ['<BV64 x0>'], 'mem': [], 'const_mem': []};[];{'regs': [], 'indirect_regs': [], 'direct_regs': [], 'mem': [], 'const_mem': []};{'regs': ['<BV64 x0>'], 'indirect_regs': [], 'direct_regs': ['<BV64 x0>'], 'mem': [], 'const_mem': []};{'regs': ['<BV64 x0>'], 'indirect_regs': [], 'direct_regs': ['<BV64 x0>'], 'mem': [], 'const_mem': []};63.0;0.0;64.0;64.0;[];;;;BaseControlType.NO_BASE;BaseControlType.NO_BASE;BaseControlType.NO_BASE;1;BranchControlType.BRANCH_DEPENDS_ON_SECRET_VALUE;BranchControlType.BRANCH_INDEPENDENT_FROM_SECRET;109304;True;False;True;True;True;False;False;True;True;False;False;False;True;False;True;True;True;False;True;False;[];['has_valid_base'];True;False;True;True;True;False;False;True;True;False;False;False;True;False;True;True;True;False;True;False;[];['has_valid_base']
3cff0b5b-e157-451f-a261-177e312953a3;gss_inquire_sec_context_by_oid@@gssapi_krb5_2_MIT;0x17790;0x177ac;0x0;TransmitterType.STORE;8;0;False;['0x17790', '0x177ac'];<BV64 x0>;64;[('0x177a8', <Bool x0 != 0x0>, 'Taken')];[];['<BV64 x0>'];[];['<BV64 x0>'];[];[];0;18446744073709551615;18446744073709551615;1;;;True;1;18446744073709551615;18446744073709551614;1;;;True;ControlType.CONTROLLED;0;;0;[];[];[];[];[];[];[];0.0;0.0;0.0;0.0;;;False;0.0;0.0;0.0;0.0;;;False;ControlType.UNKNOWN;0;;0;[];[];[];[];[];[];[];0;0;0;;;;False;0.0;0.0;0.0;0.0;;;False;ControlType.UNKNOWN;0;<BV64 x0>;64;[('0x177a8', <Bool x0 != 0x0>, 'Taken')];[];['<BV64 x0>'];[];['<BV64 x0>'];[];[];0.0;1.8446744073709552e+19;18446744073709551615;1;;;True;1.0;1.8446744073709552e+19;18446744073709551614;1;;;True;ControlType.CONTROLLED;0;<BV64 x0>;64;[('0x177a8', <Bool x0 != 0x0>, 'Taken')];[];['<BV64 x0>'];[];['<BV64 x0>'];[];[];0.0;1.8446744073709552e+19;1.8446744073709552e+19;1.0;;;True;1.0;1.8446744073709552e+19;1.8446744073709552e+19;1.0;;;True;ControlType.CONTROLLED;0;<BV64 x0>;64;[];[];[];[];[];[];[];0;0;0;;;;False;0;0;0;;;;False;ControlType.UNKNOWN;0;[('0x177a8', <Bool x0 != 0x0>, 'Taken')];{'regs': ['<BV64 x0>'], 'indirect_regs': [], 'direct_regs': ['<BV64 x0>'], 'mem': [], 'const_mem': []};[];{'regs': [], 'indirect_regs': [], 'direct_regs': [], 'mem': [], 'const_mem': []};{'regs': ['<BV64 x0>'], 'indirect_regs': [], 'direct_regs': ['<BV64 x0>'], 'mem': [], 'const_mem': []};{'regs': ['<BV64 x0>'], 'indirect_regs': [], 'direct_regs': ['<BV64 x0>'], 'mem': [], 'const_mem': []};63.0;0.0;64.0;64.0;[];;;;BaseControlType.NO_BASE;BaseControlType.NO_BASE;BaseControlType.NO_BASE;1;BranchControlType.BRANCH_DEPENDS_ON_SECRET_VALUE;BranchControlType.BRANCH_INDEPENDENT_FROM_SECRET;96172;True;False;True;True;True;False;False;True;True;False;False;False;True;False;True;True;True;False;True;False;[];['has_valid_base'];True;False;True;True;True;False;False;True;True;False;False;False;True;False;True;True;True;False;True;False;[];['has_valid_base']
bce70b02-f5a1-47bd-b53f-6029fb813363;gss_unwrap@@gssapi_krb5_2_MIT;0x20420;0x20450;0x0;TransmitterType.STORE;13;0;False;['0x20420', '0x20438'];<BV64 x0>;64;[('0x20434', <Bool x0 != 0x0>, 'Taken')];[];['<BV64 x0>'];[];['<BV64 x0>'];[];[];0;18446744073709551615;18446744073709551615;1;;;True;1;18446744073709551615;18446744073709551614;1;;;True;ControlType.CONTROLLED;0;;0;[];[];[];[];[];[];[];0.0;0.0;0.0;0.0;;;False;0.0;0.0;0.0;0.0;;;False;ControlType.UNKNOWN;0;;0;[];[];[];[];[];[];[];0;0;0;;;;False;0.0;0.0;0.0;0.0;;;False;ControlType.UNKNOWN;0;<BV64 x0>;64;[('0x20434', <Bool x0 != 0x0>, 'Taken')];[];['<BV64 x0>'];[];['<BV64 x0>'];[];[];0.0;1.8446744073709552e+19;18446744073709551615;1;;;True;1.0;1.8446744073709552e+19;18446744073709551614;1;;;True;ControlType.CONTROLLED;0;<BV64 x0>;64;[('0x20434', <Bool x0 != 0x0>, 'Taken')];[];['<BV64 x0>'];[];['<BV64 x0>'];[];[];0.0;1.8446744073709552e+19;1.8446744073709552e+19;1.0;;;True;1.0;1.8446744073709552e+19;1.8446744073709552e+19;1.0;;;True;ControlType.CONTROLLED;0;<BV64 x0>;64;[];[];[];[];[];[];[];0;0;0;;;;False;0;0;0;;;;False;ControlType.UNKNOWN;0;[('0x20434', <Bool x0 != 0x0>, 'Taken')];{'regs': ['<BV64 x0>'], 'indirect_regs': [], 'direct_regs': ['<BV64 x0>'], 'mem': [], 'const_mem': []};[];{'regs': [], 'indirect_regs': [], 'direct_regs': [], 'mem': [], 'const_mem': []};{'regs': ['<BV64 x0>'], 'indirect_regs': [], 'direct_regs': ['<BV64 x0>'], 'mem': [], 'const_mem': []};{'regs': ['<BV64 x0>'], 'indirect_regs': [], 'direct_regs': ['<BV64 x0>'], 'mem': [], 'const_mem': []};63.0;0.0;64.0;64.0;[];;;;BaseControlType.NO_BASE;BaseControlType.NO_BASE;BaseControlType.NO_BASE;1;BranchControlType.BRANCH_DEPENDS_ON_SECRET_VALUE;BranchControlType.BRANCH_INDEPENDENT_FROM_SECRET;132176;True;False;True;True;True;False;False;True;True;False;False;False;True;False;True;True;True;False;True;False;[];['has_valid_base'];True;False;True;True;True;False;False;True;True;False;False;False;True;False;True;True;True;False;True;False;[];['has_valid_base']
a4b1a1f8-9347-40e1-b0ac-de4c7cdd6b27;gss_krb5_import_cred@@gssapi_krb5_2_MIT;0x33070;0x21b4c;0x0;TransmitterType.STORE;41;0;False;['0x33070', '0x33098', '0x21b10', '0x21b3c'];<BV64 x0>;64;[('0x21b38', <Bool x0 != 0x0>, 'Taken')];[];['<BV64 x0>'];[];['<BV64 x0>'];[];[];0;18446744073709551615;18446744073709551615;1;;;True;1;18446744073709551615;18446744073709551614;1;;;True;ControlType.CONTROLLED;0;;0;[];[];[];[];[];[];[];0.0;0.0;0.0;0.0;;;False;0.0;0.0;0.0;0.0;;;False;ControlType.UNKNOWN;0;;0;[];[];[];[];[];[];[];0;0;0;;;;False;0.0;0.0;0.0;0.0;;;False;ControlType.UNKNOWN;0;<BV64 x0>;64;[('0x21b38', <Bool x0 != 0x0>, 'Taken')];[];['<BV64 x0>'];[];['<BV64 x0>'];[];[];0.0;1.8446744073709552e+19;18446744073709551615;1;;;True;1.0;1.8446744073709552e+19;18446744073709551614;1;;;True;ControlType.CONTROLLED;0;<BV64 x0>;64;[('0x21b38', <Bool x0 != 0x0>, 'Taken')];[];['<BV64 x0>'];[];['<BV64 x0>'];[];[];0.0;1.8446744073709552e+19;1.8446744073709552e+19;1.0;;;True;1.0;1.8446744073709552e+19;1.8446744073709552e+19;1.0;;;True;ControlType.CONTROLLED;0;<BV64 x0>;64;[];[];[];[];[];[];[];0;0;0;;;;False;0;0;0;;;;False;ControlType.UNKNOWN;0;[('0x21b38', <Bool x0 != 0x0>, 'Taken'), ('0x33094', <Bool x4 != 0x0>, 'Taken'), ('0x330d0', <Bool True>, 'Taken')];{'regs': ['<BV64 x0>', '<BV64 x4>'], 'indirect_regs': [], 'direct_regs': ['<BV64 x0>', '<BV64 x4>'], 'mem': [], 'const_mem': []};[];{'regs': [], 'indirect_regs': [], 'direct_regs': [], 'mem': [], 'const_mem': []};{'regs': ['<BV64 x0>'], 'indirect_regs': [], 'direct_regs': ['<BV64 x0>'], 'mem': [], 'const_mem': []};{'regs': ['<BV64 x0>', '<BV64 x4>'], 'indirect_regs': [], 'direct_regs': ['<BV64 x0>', '<BV64 x4>'], 'mem': [], 'const_mem': []};63.0;0.0;64.0;64.0;[];;;;BaseControlType.NO_BASE;BaseControlType.NO_BASE;BaseControlType.NO_BASE;3;BranchControlType.BRANCH_DEPENDS_ON_SECRET_VALUE;BranchControlType.BRANCH_INDEPENDENT_FROM_SECRET;138060;True;False;True;True;True;False;False;True;True;False;False;False;True;False;True;True;True;False;True;False;[];['has_valid_base'];True;False;True;True;True;False;False;True;True;False;False;False;True;False;True;True;True;False;True;False;[];['has_valid_base']
292bcd3c-983f-401a-b1ef-610429180fa7;gss_store_cred@@gssapi_krb5_2_MIT;0x1fcc0;0x1fa0c;0x0;TransmitterType.STORE;28;0;False;['0x1fcc0', '0x1f9c0', '0x1fa00'];<BV64 x0>;64;[('0x1f9fc', <Bool x0 != 0x0>, 'Taken')];[];['<BV64 x0>'];[];['<BV64 x0>'];[];[];0;18446744073709551615;18446744073709551615;1;;;True;1;18446744073709551615;18446744073709551614;1;;;True;ControlType.CONTROLLED;0;;0;[];[];[];[];[];[];[];0.0;0.0;0.0;0.0;;;False;0.0;0.0;0.0;0.0;;;False;ControlType.UNKNOWN;0;;0;[];[];[];[];[];[];[];0;0;0;;;;False;0.0;0.0;0.0;0.0;;;False;ControlType.UNKNOWN;0;<BV64 x0>;64;[('0x1f9fc', <Bool x0 != 0x0>, 'Taken')];[];['<BV64 x0>'];[];['<BV64 x0>'];[];[];0.0;1.8446744073709552e+19;18446744073709551615;1;;;True;1.0;1.8446744073709552e+19;18446744073709551614;1;;;True;ControlType.CONTROLLED;0;<BV64 x0>;64;[('0x1f9fc', <Bool x0 != 0x0>, 'Taken')];[];['<BV64 x0>'];[];['<BV64 x0>'];[];[];0.0;1.8446744073709552e+19;1.8446744073709552e+19;1.0;;;True;1.0;1.8446744073709552e+19;1.8446744073709552e+19;1.0;;;True;ControlType.CONTROLLED;0;<BV64 x0>;64;[];[];[];[];[];[];[];0;0;0;;;;False;0;0;0;;;;False;ControlType.UNKNOWN;0;[('0x1f9fc', <Bool x0 != 0x0>, 'Taken'), ('0x1fcdc', <Bool True>, 'Taken')];{'regs': ['<BV64 x0>'], 'indirect_regs': [], 'direct_regs': ['<BV64 x0>'], 'mem': [], 'const_mem': []};[];{'regs': [], 'indirect_regs': [], 'direct_regs': [], 'mem': [], 'const_mem': []};{'regs': ['<BV64 x0>'], 'indirect_regs': [], 'direct_regs': ['<BV64 x0>'], 'mem': [], 'const_mem': []};{'regs': ['<BV64 x0>'], 'indirect_regs': [], 'direct_regs': ['<BV64 x0>'], 'mem': [], 'const_mem': []};63.0;0.0;64.0;64.0;[];;;;BaseControlType.NO_BASE;BaseControlType.NO_BASE;BaseControlType.NO_BASE;2;BranchControlType.BRANCH_DEPENDS_ON_SECRET_VALUE;BranchControlType.BRANCH_INDEPENDENT_FROM_SECRET;129548;True;False;True;True;True;False;False;True;True;False;False;False;True;False;True;True;True;False;True;False;[];['has_valid_base'];True;False;True;True;True;False;False;True;True;False;False;False;True;False;True;True;True;False;True;False;[];['has_valid_base']
dab2f89d-5913-4e06-a794-408111314318;gss_inquire_cred_by_oid@@gssapi_krb5_2_MIT;0x17354;0x17394;0x0;TransmitterType.STORE;17;0;False;['0x17354', '0x17390'];<BV64 x0>;64;[('0x1738c', <Bool x0 != 0x0>, 'Taken')];[];['<BV64 x0>'];[];['<BV64 x0>'];[];[];0;18446744073709551615;18446744073709551615;1;;;True;1;18446744073709551615;18446744073709551614;1;;;True;ControlType.CONTROLLED;0;;0;[];[];[];[];[];[];[];0.0;0.0;0.0;0.0;;;False;0.0;0.0;0.0;0.0;;;False;ControlType.UNKNOWN;0;;0;[];[];[];[];[];[];[];0;0;0;;;;False;0.0;0.0;0.0;0.0;;;False;ControlType.UNKNOWN;0;<BV64 x0>;64;[('0x1738c', <Bool x0 != 0x0>, 'Taken')];[];['<BV64 x0>'];[];['<BV64 x0>'];[];[];0.0;1.8446744073709552e+19;18446744073709551615;1;;;True;1.0;1.8446744073709552e+19;18446744073709551614;1;;;True;ControlType.CONTROLLED;0;<BV64 x0>;64;[('0x1738c', <Bool x0 != 0x0>, 'Taken')];[];['<BV64 x0>'];[];['<BV64 x0>'];[];[];0.0;1.8446744073709552e+19;1.8446744073709552e+19;1.0;;;True;1.0;1.8446744073709552e+19;1.8446744073709552e+19;1.0;;;True;ControlType.CONTROLLED;0;<BV64 x0>;64;[];[];[];[];[];[];[];0;0;0;;;;False;0;0;0;;;;False;ControlType.UNKNOWN;0;[('0x1738c', <Bool x0 != 0x0>, 'Taken')];{'regs': ['<BV64 x0>'], 'indirect_regs': [], 'direct_regs': ['<BV64 x0>'], 'mem': [], 'const_mem': []};[];{'regs': [], 'indirect_regs': [], 'direct_regs': [], 'mem': [], 'const_mem': []};{'regs': ['<BV64 x0>'], 'indirect_regs': [], 'direct_regs': ['<BV64 x0>'], 'mem': [], 'const_mem': []};{'regs': ['<BV64 x0>'], 'indirect_regs': [], 'direct_regs': ['<BV64 x0>'], 'mem': [], 'const_mem': []};63.0;0.0;64.0;64.0;[];;;;BaseControlType.NO_BASE;BaseControlType.NO_BASE;BaseControlType.NO_BASE;1;BranchControlType.BRANCH_DEPENDS_ON_SECRET_VALUE;BranchControlType.BRANCH_INDEPENDENT_FROM_SECRET;95124;True;False;True;True;True;False;False;True;True;False;False;False;True;False;True;True;True;False;True;False;[];['has_valid_base'];True;False;True;True;True;False;False;True;True;False;False;False;True;False;True;True;True;False;True;False;[];['has_valid_base']
8523f76f-06fd-40b1-a07e-948ff767658e;gss_process_context_token@@gssapi_krb5_2_MIT;0x19be0;0x19c00;0x0;TransmitterType.STORE;9;0;False;['0x19be0', '0x19bf4'];<BV64 x0>;64;[('0x19bf0', <Bool x0 != 0x0>, 'Taken')];[];['<BV64 x0>'];[];['<BV64 x0>'];[];[];0;18446744073709551615;18446744073709551615;1;;;True;1;18446744073709551615;18446744073709551614;1;;;True;ControlType.CONTROLLED;0;;0;[];[];[];[];[];[];[];0.0;0.0;0.0;0.0;;;False;0.0;0.0;0.0;0.0;;;False;ControlType.UNKNOWN;0;;0;[];[];[];[];[];[];[];0;0;0;;;;False;0.0;0.0;0.0;0.0;;;False;ControlType.UNKNOWN;0;<BV64 x0>;64;[('0x19bf0', <Bool x0 != 0x0>, 'Taken')];[];['<BV64 x0>'];[];['<BV64 x0>'];[];[];0.0;1.8446744073709552e+19;18446744073709551615;1;;;True;1.0;1.8446744073709552e+19;18446744073709551614;1;;;True;ControlType.CONTROLLED;0;<BV64 x0>;64;[('0x19bf0', <Bool x0 != 0x0>, 'Taken')];[];['<BV64 x0>'];[];['<BV64 x0>'];[];[];0.0;1.8446744073709552e+19;1.8446744073709552e+19;1.0;;;True;1.0;1.8446744073709552e+19;1.8446744073709552e+19;1.0;;;True;ControlType.CONTROLLED;0;<BV64 x0>;64;[];[];[];[];[];[];[];0;0;0;;;;False;0;0;0;;;;False;ControlType.UNKNOWN;0;[('0x19bf0', <Bool x0 != 0x0>, 'Taken')];{'regs': ['<BV64 x0>'], 'indirect_regs': [], 'direct_regs': ['<BV64 x0>'], 'mem': [], 'const_mem': []};[];{'regs': [], 'indirect_regs': [], 'direct_regs': [], 'mem': [], 'const_mem': []};{'regs': ['<BV64 x0>'], 'indirect_regs': [], 'direct_regs': ['<BV64 x0>'], 'mem': [], 'const_mem': []};{'regs': ['<BV64 x0>'], 'indirect_regs': [], 'direct_regs': ['<BV64 x0>'], 'mem': [], 'const_mem': []};63.0;0.0;64.0;64.0;[];;;;BaseControlType.NO_BASE;BaseControlType.NO_BASE;BaseControlType.NO_BASE;1;BranchControlType.BRANCH_DEPENDS_ON_SECRET_VALUE;BranchControlType.BRANCH_INDEPENDENT_FROM_SECRET;105472;True;False;True;True;True;False;False;True;True;False;False;False;True;False;True;True;True;False;True;False;[];['has_valid_base'];True;False;True;True;True;False;False;True;True;False;False;False;True;False;True;True;True;False;True;False;[];['has_valid_base']
21f69a47-1d22-4458-bdec-8d05925ccbef;gss_verify@@gssapi_krb5_2_MIT;0x21e10;0x1a484;0x0;TransmitterType.STORE;17;0;False;['0x21e10', '0x1a460', '0x1a474'];<BV64 x0>;64;[('0x1a470', <Bool x0 != 0x0>, 'Taken')];[];['<BV64 x0>'];[];['<BV64 x0>'];[];[];0;18446744073709551615;18446744073709551615;1;;;True;1;18446744073709551615;18446744073709551614;1;;;True;ControlType.CONTROLLED;0;;0;[];[];[];[];[];[];[];0.0;0.0;0.0;0.0;;;False;0.0;0.0;0.0;0.0;;;False;ControlType.UNKNOWN;0;;0;[];[];[];[];[];[];[];0;0;0;;;;False;0.0;0.0;0.0;0.0;;;False;ControlType.UNKNOWN;0;<BV64 x0>;64;[('0x1a470', <Bool x0 != 0x0>, 'Taken')];[];['<BV64 x0>'];[];['<BV64 x0>'];[];[];0.0;1.8446744073709552e+19;18446744073709551615;1;;;True;1.0;1.8446744073709552e+19;18446744073709551614;1;;;True;ControlType.CONTROLLED;0;<BV64 x0>;64;[('0x1a470', <Bool x0 != 0x0>, 'Taken')];[];['<BV64 x0>'];[];['<BV64 x0>'];[];[];0.0;1.8446744073709552e+19;1.8446744073709552e+19;1.0;;;True;1.0;1.8446744073709552e+19;1.8446744073709552e+19;1.0;;;True;ControlType.CONTROLLED;0;<BV64 x0>;64;[];[];[];[];[];[];[];0;0;0;;;;False;0;0;0;;;;False;ControlType.UNKNOWN;0;[('0x1a470', <Bool x0 != 0x0>, 'Taken'), ('0x21e24', <Bool True>, 'Taken')];{'regs': ['<BV64 x0>'], 'indirect_regs': [], 'direct_regs': ['<BV64 x0>'], 'mem': [], 'const_mem': []};[];{'regs': [], 'indirect_regs': [], 'direct_regs': [], 'mem': [], 'const_mem': []};{'regs': ['<BV64 x0>'], 'indirect_regs': [], 'direct_regs': ['<BV64 x0>'], 'mem': [], 'const_mem': []};{'regs': ['<BV64 x0>'], 'indirect_regs': [], 'direct_regs': ['<BV64 x0>'], 'mem': [], 'const_mem': []};63.0;0.0;64.0;64.0;[];;;;BaseControlType.NO_BASE;BaseControlType.NO_BASE;BaseControlType.NO_BASE;2;BranchControlType.BRANCH_DEPENDS_ON_SECRET_VALUE;BranchControlType.BRANCH_INDEPENDENT_FROM_SECRET;107652;True;False;True;True;True;False;False;True;True;False;False;False;True;False;True;True;True;False;True;False;[];['has_valid_base'];True;False;True;True;True;False;False;True;True;False;False;False;True;False;True;True;True;False;True;False;[];['has_valid_base']
52b4c9af-ee79-4f94-8c1d-f9f98763d2b8;gss_set_sec_context_option@@gssapi_krb5_2_MIT;0x1ba00;0x1ba3c;0x0;TransmitterType.STORE;16;0;False;['0x1ba00', '0x1ba30'];<BV64 x0>;64;[('0x1ba2c', <Bool x0 != 0x0>, 'Taken')];[];['<BV64 x0>'];[];['<BV64 x0>'];[];[];0;18446744073709551615;18446744073709551615;1;;;True;1;18446744073709551615;18446744073709551614;1;;;True;ControlType.CONTROLLED;0;;0;[];[];[];[];[];[];[];0.0;0.0;0.0;0.0;;;False;0.0;0.0;0.0;0.0;;;False;ControlType.UNKNOWN;0;;0;[];[];[];[];[];[];[];0;0;0;;;;False;0.0;0.0;0.0;0.0;;;False;ControlType.UNKNOWN;0;<BV64 x0>;64;[('0x1ba2c', <Bool x0 != 0x0>, 'Taken')];[];['<BV64 x0>'];[];['<BV64 x0>'];[];[];0.0;1.8446744073709552e+19;18446744073709551615;1;;;True;1.0;1.8446744073709552e+19;18446744073709551614;1;;;True;ControlType.CONTROLLED;0;<BV64 x0>;64;[('0x1ba2c', <Bool x0 != 0x0>, 'Taken')];[];['<BV64 x0>'];[];['<BV64 x0>'];[];[];0.0;1.8446744073709552e+19;1.8446744073709552e+19;1.0;;;True;1.0;1.8446744073709552e+19;1.8446744073709552e+19;1.0;;;True;ControlType.CONTROLLED;0;<BV64 x0>;64;[];[];[];[];[];[];[];0;0;0;;;;False;0;0;0;;;;False;ControlType.UNKNOWN;0;[('0x1ba2c', <Bool x0 != 0x0>, 'Taken')];{'regs': ['<BV64 x0>'], 'indirect_regs': [], 'direct_regs': ['<BV64 x0>'], 'mem': [], 'const_mem': []};[];{'regs': [], 'indirect_regs': [], 'direct_regs': [], 'mem': [], 'const_mem': []};{'regs': ['<BV64 x0>'], 'indirect_regs': [], 'direct_regs': ['<BV64 x0>'], 'mem': [], 'const_mem': []};{'regs': ['<BV64 x0>'], 'indirect_regs': [], 'direct_regs': ['<BV64 x0>'], 'mem': [], 'const_mem': []};63.0;0.0;64.0;64.0;[];;;;BaseControlType.NO_BASE;BaseControlType.NO_BASE;BaseControlType.NO_BASE;1;BranchControlType.BRANCH_DEPENDS_ON_SECRET_VALUE;BranchControlType.BRANCH_INDEPENDENT_FROM_SECRET;113212;True;False;True;True;True;False;False;True;True;False;False;False;True;False;True;True;True;False;True;False;[];['has_valid_base'];True;False;True;True;True;False;False;True;True;False;False;False;True;False;True;True;True;False;True;False;[];['has_valid_base']
aa082619-dec3-4153-a7af-cb558d99713d;gss_wrap_iov@@gssapi_krb5_2_MIT;0x1a5c0;0x1a5e0;0x0;TransmitterType.STORE;9;0;False;['0x1a5c0', '0x1a5d4'];<BV64 x0>;64;[('0x1a5d0', <Bool x0 != 0x0>, 'Taken')];[];['<BV64 x0>'];[];['<BV64 x0>'];[];[];0;18446744073709551615;18446744073709551615;1;;;True;1;18446744073709551615;18446744073709551614;1;;;True;ControlType.CONTROLLED;0;;0;[];[];[];[];[];[];[];0.0;0.0;0.0;0.0;;;False;0.0;0.0;0.0;0.0;;;False;ControlType.UNKNOWN;0;;0;[];[];[];[];[];[];[];0;0;0;;;;False;0.0;0.0;0.0;0.0;;;False;ControlType.UNKNOWN;0;<BV64 x0>;64;[('0x1a5d0', <Bool x0 != 0x0>, 'Taken')];[];['<BV64 x0>'];[];['<BV64 x0>'];[];[];0.0;1.8446744073709552e+19;18446744073709551615;1;;;True;1.0;1.8446744073709552e+19;18446744073709551614;1;;;True;ControlType.CONTROLLED;0;<BV64 x0>;64;[('0x1a5d0', <Bool x0 != 0x0>, 'Taken')];[];['<BV64 x0>'];[];['<BV64 x0>'];[];[];0.0;1.8446744073709552e+19;1.8446744073709552e+19;1.0;;;True;1.0;1.8446744073709552e+19;1.8446744073709552e+19;1.0;;;True;ControlType.CONTROLLED;0;<BV64 x0>;64;[];[];[];[];[];[];[];0;0;0;;;;False;0;0;0;;;;False;ControlType.UNKNOWN;0;[('0x1a5d0', <Bool x0 != 0x0>, 'Taken')];{'regs': ['<BV64 x0>'], 'indirect_regs': [], 'direct_regs': ['<BV64 x0>'], 'mem': [], 'const_mem': []};[];{'regs': [], 'indirect_regs': [], 'direct_regs': [], 'mem': [], 'const_mem': []};{'regs': ['<BV64 x0>'], 'indirect_regs': [], 'direct_regs': ['<BV64 x0>'], 'mem': [], 'const_mem': []};{'regs': ['<BV64 x0>'], 'indirect_regs': [], 'direct_regs': ['<BV64 x0>'], 'mem': [], 'const_mem': []};63.0;0.0;64.0;64.0;[];;;;BaseControlType.NO_BASE;BaseControlType.NO_BASE;BaseControlType.NO_BASE;1;BranchControlType.BRANCH_DEPENDS_ON_SECRET_VALUE;BranchControlType.BRANCH_INDEPENDENT_FROM_SECRET;108000;True;False;True;True;True;False;False;True;True;False;False;False;True;False;True;True;True;False;True;False;[];['has_valid_base'];True;False;True;True;True;False;False;True;True;False;False;False;True;False;True;True;True;False;True;False;[];['has_valid_base']
7061d2c3-0bc9-4bfa-bfd5-02f997ddcb2b;gss_unwrap_iov@@gssapi_krb5_2_MIT;0x1a200;0x1a220;0x0;TransmitterType.STORE;9;0;False;['0x1a200', '0x1a214'];<BV64 x0>;64;[('0x1a210', <Bool x0 != 0x0>, 'Taken')];[];['<BV64 x0>'];[];['<BV64 x0>'];[];[];0;18446744073709551615;18446744073709551615;1;;;True;1;18446744073709551615;18446744073709551614;1;;;True;ControlType.CONTROLLED;0;;0;[];[];[];[];[];[];[];0.0;0.0;0.0;0.0;;;False;0.0;0.0;0.0;0.0;;;False;ControlType.UNKNOWN;0;;0;[];[];[];[];[];[];[];0;0;0;;;;False;0.0;0.0;0.0;0.0;;;False;ControlType.UNKNOWN;0;<BV64 x0>;64;[('0x1a210', <Bool x0 != 0x0>, 'Taken')];[];['<BV64 x0>'];[];['<BV64 x0>'];[];[];0.0;1.8446744073709552e+19;18446744073709551615;1;;;True;1.0;1.8446744073709552e+19;18446744073709551614;1;;;True;ControlType.CONTROLLED;0;<BV64 x0>;64;[('0x1a210', <Bool x0 != 0x0>, 'Taken')];[];['<BV64 x0>'];[];['<BV64 x0>'];[];[];0.0;1.8446744073709552e+19;1.8446744073709552e+19;1.0;;;True;1.0;1.8446744073709552e+19;1.8446744073709552e+19;1.0;;;True;ControlType.CONTROLLED;0;<BV64 x0>;64;[];[];[];[];[];[];[];0;0;0;;;;False;0;0;0;;;;False;ControlType.UNKNOWN;0;[('0x1a210', <Bool x0 != 0x0>, 'Taken')];{'regs': ['<BV64 x0>'], 'indirect_regs': [], 'direct_regs': ['<BV64 x0>'], 'mem': [], 'const_mem': []};[];{'regs': [], 'indirect_regs': [], 'direct_regs': [], 'mem': [], 'const_mem': []};{'regs': ['<BV64 x0>'], 'indirect_regs': [], 'direct_regs': ['<BV64 x0>'], 'mem': [], 'const_mem': []};{'regs': ['<BV64 x0>'], 'indirect_regs': [], 'direct_regs': ['<BV64 x0>'], 'mem': [], 'const_mem': []};63.0;0.0;64.0;64.0;[];;;;BaseControlType.NO_BASE;BaseControlType.NO_BASE;BaseControlType.NO_BASE;1;BranchControlType.BRANCH_DEPENDS_ON_SECRET_VALUE;BranchControlType.BRANCH_INDEPENDENT_FROM_SECRET;107040;True;False;True;True;True;False;False;True;True;False;False;False;True;False;True;True;True;False;True;False;[];['has_valid_base'];True;False;True;True;True;False;False;True;True;False;False;False;True;False;True;True;True;False;True;False;[];['has_valid_base']
56c94f15-af38-4f91-8025-afa44c736272;gss_acquire_cred@@gssapi_krb5_2_MIT;0x17d90;0x17a40;0x0;TransmitterType.STORE;33;0;False;['0x17d90', '0x179e4', '0x17a38'];<BV64 x0>;64;[('0x17a34', <Bool x0 != 0x0>, 'Taken')];[];['<BV64 x0>'];[];['<BV64 x0>'];[];[];0;18446744073709551615;18446744073709551615;1;;;True;1;18446744073709551615;18446744073709551614;1;;;True;ControlType.CONTROLLED;0;;0;[];[];[];[];[];[];[];0.0;0.0;0.0;0.0;;;False;0.0;0.0;0.0;0.0;;;False;ControlType.UNKNOWN;0;;0;[];[];[];[];[];[];[];0;0;0;;;;False;0.0;0.0;0.0;0.0;;;False;ControlType.UNKNOWN;0;<BV64 x0>;64;[('0x17a34', <Bool x0 != 0x0>, 'Taken')];[];['<BV64 x0>'];[];['<BV64 x0>'];[];[];0.0;1.8446744073709552e+19;18446744073709551615;1;;;True;1.0;1.8446744073709552e+19;18446744073709551614;1;;;True;ControlType.CONTROLLED;0;<BV64 x0>;64;[('0x17a34', <Bool x0 != 0x0>, 'Taken')];[];['<BV64 x0>'];[];['<BV64 x0>'];[];[];0.0;1.8446744073709552e+19;1.8446744073709552e+19;1.0;;;True;1.0;1.8446744073709552e+19;1.8446744073709552e+19;1.0;;;True;ControlType.CONTROLLED;0;<BV64 x0>;64;[];[];[];[];[];[];[];0;0;0;;;;False;0;0;0;;;;False;ControlType.UNKNOWN;0;[('0x17a34', <Bool x0 != 0x0>, 'Taken'), ('0x17db0', <Bool True>, 'Taken')];{'regs': ['<BV64 x0>'], 'indirect_regs': [], 'direct_regs': ['<BV64 x0>'], 'mem': [], 'const_mem': []};[];{'regs': [], 'indirect_regs': [], 'direct_regs': [], 'mem': [], 'const_mem': []};{'regs': ['<BV64 x0>'], 'indirect_regs': [], 'direct_regs': ['<BV64 x0>'], 'mem': [], 'const_mem': []};{'regs': ['<BV64 x0>'], 'indirect_regs': [], 'direct_regs': ['<BV64 x0>'], 'mem': [], 'const_mem': []};63.0;0.0;64.0;64.0;[];;;;BaseControlType.NO_BASE;BaseControlType.NO_BASE;BaseControlType.NO_BASE;2;BranchControlType.BRANCH_DEPENDS_ON_SECRET_VALUE;BranchControlType.BRANCH_INDEPENDENT_FROM_SECRET;96832;True;False;True;True;True;False;False;True;True;False;False;False;True;False;True;True;True;False;True;False;[];['has_valid_base'];True;False;True;True;True;False;False;True;True;False;False;False;True;False;True;True;True;False;True;False;[];['has_valid_base']
ffd82fc8-6cf0-4a37-8d44-b069e24380c4;gss_test_oid_set_member@@gssapi_krb5_2_MIT;0x1fcf0;0x10074;0x0;TransmitterType.STORE;9;0;False;['0x1fcf0', '0x10070'];<BV64 x0>;64;[];[];['<BV64 x0>'];[];['<BV64 x0>'];[];[];0;18446744073709551615;18446744073709551615;1;;;True;0;18446744073709551615;18446744073709551615;1;;;True;ControlType.CONTROLLED;0;;0;[];[];[];[];[];[];[];0.0;0.0;0.0;0.0;;;False;0.0;0.0;0.0;0.0;;;False;ControlType.UNKNOWN;0;;0;[];[];[];[];[];[];[];0;0;0;;;;False;0.0;0.0;0.0;0.0;;;False;ControlType.UNKNOWN;0;<BV64 x0>;64;[];[];['<BV64 x0>'];[];['<BV64 x0>'];[];[];0.0;1.8446744073709552e+19;18446744073709551615;1;;;True;0.0;1.8446744073709552e+19;18446744073709551615;1;;;True;ControlType.CONTROLLED;0;<BV64 x0>;64;[];[];['<BV64 x0>'];[];['<BV64 x0>'];[];[];0.0;1.8446744073709552e+19;1.8446744073709552e+19;1.0;;;True;0.0;1.8446744073709552e+19;1.8446744073709552e+19;1.0;;;True;ControlType.CONTROLLED;0;<BV64 x0>;64;[];[];[];[];[];[];[];0;0;0;;;;False;0;0;0;;;;False;ControlType.UNKNOWN;0;[('0x1fd04', <Bool True>, 'Taken')];{'regs': [], 'indirect_regs': [], 'direct_regs': [], 'mem': [], 'const_mem': []};[];{'regs': [], 'indirect_regs': [], 'direct_regs': [], 'mem': [], 'const_mem': []};{'regs': ['<BV64 x0>'], 'indirect_regs': [], 'direct_regs': ['<BV64 x0>'], 'mem': [], 'const_mem': []};{'regs': ['<BV64 x0>'], 'indirect_regs': [], 'direct_regs': ['<BV64 x0>'], 'mem': [], 'const_mem': []};63.0;0.0;64.0;64.0;[];;;;BaseControlType.NO_BASE;BaseControlType.NO_BASE;BaseControlType.NO_BASE;1;BranchControlType.BRANCH_INDEPENDENT_FROM_SECRET;BranchControlType.BRANCH_INDEPENDENT_FROM_SECRET;65652;True;False;True;True;True;False;False;True;True;False;False;False;True;False;True;False;True;False;True;False;[];['has_valid_base'];True;False;True;True;True;False;False;True;True;False;False;False;True;False;True;False;True;False;True;False;[];['has_valid_base']
d5ffb8e2-a873-49a7-806b-a4af81b8c900;gss_delete_sec_context@@gssapi_krb5_2_MIT;0x13020;0x13044;0x0;TransmitterType.STORE;10;0;False;['0x13020', '0x13038'];<BV64 x0>;64;[('0x13034', <Bool x0 != 0x0>, 'Taken')];[];['<BV64 x0>'];[];['<BV64 x0>'];[];[];0;18446744073709551615;18446744073709551615;1;;;True;1;18446744073709551615;18446744073709551614;1;;;True;ControlType.CONTROLLED;0;;0;[];[];[];[];[];[];[];0.0;0.0;0.0;0.0;;;False;0.0;0.0;0.0;0.0;;;False;ControlType.UNKNOWN;0;;0;[];[];[];[];[];[];[];0;0;0;;;;False;0.0;0.0;0.0;0.0;;;False;ControlType.UNKNOWN;0;<BV64 x0>;64;[('0x13034', <Bool x0 != 0x0>, 'Taken')];[];['<BV64 x0>'];[];['<BV64 x0>'];[];[];0.0;1.8446744073709552e+19;18446744073709551615;1;;;True;1.0;1.8446744073709552e+19;18446744073709551614;1;;;True;ControlType.CONTROLLED;0;<BV64 x0>;64;[('0x13034', <Bool x0 != 0x0>, 'Taken')];[];['<BV64 x0>'];[];['<BV64 x0>'];[];[];0.0;1.8446744073709552e+19;1.8446744073709552e+19;1.0;;;True;1.0;1.8446744073709552e+19;1.8446744073709552e+19;1.0;;;True;ControlType.CONTROLLED;0;<BV64 x0>;64;[];[];[];[];[];[];[];0;0;0;;;;False;0;0;0;;;;False;ControlType.UNKNOWN;0;[('0x13034', <Bool x0 != 0x0>, 'Taken')];{'regs': ['<BV64 x0>'], 'indirect_regs': [], 'direct_regs': ['<BV64 x0>'], 'mem': [], 'const_mem': []};[];{'regs': [], 'indirect_regs': [], 'direct_regs': [], 'mem': [], 'const_mem': []};{'regs': ['<BV64 x0>'], 'indirect_regs': [], 'direct_regs': ['<BV64 x0>'], 'mem': [], 'const_mem': []};{'regs': ['<BV64 x0>'], 'indirect_regs': [], 'direct_regs': ['<BV64 x0>'], 'mem': [], 'const_mem': []};63.0;0.0;64.0;64.0;[];;;;BaseControlType.NO_BASE;BaseControlType.NO_BASE;BaseControlType.NO_BASE;1;BranchControlType.BRANCH_DEPENDS_ON_SECRET_VALUE;BranchControlType.BRANCH_INDEPENDENT_FROM_SECRET;77892;True;False;True;True;True;False;False;True;True;False;False;False;True;False;True;True;True;False;True;False;[];['has_valid_base'];True;False;True;True;True;False;False;True;True;False;False;False;True;False;True;True;True;False;True;False;[];['has_valid_base']
17c132fb-a035-46cc-a208-23265a042c22;gss_str_to_oid@@gssapi_krb5_2_MIT;0x1ff00;0x10184;0x0;TransmitterType.STORE;19;0;False;['0x1ff00', '0x10154', '0x10184'];<BV64 x0>;64;[('0x10180', <Bool x0 != 0x0>, 'Taken')];[];['<BV64 x0>'];[];['<BV64 x0>'];[];[];0;18446744073709551615;18446744073709551615;1;;;True;1;18446744073709551615;18446744073709551614;1;;;True;ControlType.CONTROLLED;0;;0;[];[];[];[];[];[];[];0.0;0.0;0.0;0.0;;;False;0.0;0.0;0.0;0.0;;;False;ControlType.UNKNOWN;0;;0;[];[];[];[];[];[];[];0;0;0;;;;False;0.0;0.0;0.0;0.0;;;False;ControlType.UNKNOWN;0;<BV64 x0>;64;[('0x10180', <Bool x0 != 0x0>, 'Taken')];[];['<BV64 x0>'];[];['<BV64 x0>'];[];[];0.0;1.8446744073709552e+19;18446744073709551615;1;;;True;1.0;1.8446744073709552e+19;18446744073709551614;1;;;True;ControlType.CONTROLLED;0;<BV64 x0>;64;[('0x10180', <Bool x0 != 0x0>, 'Taken')];[];['<BV64 x0>'];[];['<BV64 x0>'];[];[];0.0;1.8446744073709552e+19;1.8446744073709552e+19;1.0;;;True;1.0;1.8446744073709552e+19;1.8446744073709552e+19;1.0;;;True;ControlType.CONTROLLED;0;<BV64 x0>;64;[];[];[];[];[];[];[];0;0;0;;;;False;0;0;0;;;;False;ControlType.UNKNOWN;0;[('0x10180', <Bool x0 != 0x0>, 'Taken'), ('0x1ff14', <Bool True>, 'Taken')];{'regs': ['<BV64 x0>'], 'indirect_regs': [], 'direct_regs': ['<BV64 x0>'], 'mem': [], 'const_mem': []};[];{'regs': [], 'indirect_regs': [], 'direct_regs': [], 'mem': [], 'const_mem': []};{'regs': ['<BV64 x0>'], 'indirect_regs': [], 'direct_regs': ['<BV64 x0>'], 'mem': [], 'const_mem': []};{'regs': ['<BV64 x0>'], 'indirect_regs': [], 'direct_regs': ['<BV64 x0>'], 'mem': [], 'const_mem': []};63.0;0.0;64.0;64.0;[];;;;BaseControlType.NO_BASE;BaseControlType.NO_BASE;BaseControlType.NO_BASE;2;BranchControlType.BRANCH_DEPENDS_ON_SECRET_VALUE;BranchControlType.BRANCH_INDEPENDENT_FROM_SECRET;65924;True;False;True;True;True;False;False;True;True;False;False;False;True;False;True;True;True;False;True;False;[];['has_valid_base'];True;False;True;True;True;False;False;True;True;False;False;False;True;False;True;True;True;False;True;False;[];['has_valid_base']
d66c363b-cf12-4b00-a1cd-6ffc17017b66;gss_wrap_size_limit@@gssapi_krb5_2_MIT;0x1b130;0x1b15c;0x0;TransmitterType.STORE;12;0;False;['0x1b130', '0x1b15c'];<BV64 x0>;64;[('0x1b158', <Bool x0 != 0x0>, 'Taken')];[];['<BV64 x0>'];[];['<BV64 x0>'];[];[];0;18446744073709551615;18446744073709551615;1;;;True;1;18446744073709551615;18446744073709551614;1;;;True;ControlType.CONTROLLED;0;;0;[];[];[];[];[];[];[];0.0;0.0;0.0;0.0;;;False;0.0;0.0;0.0;0.0;;;False;ControlType.UNKNOWN;0;;0;[];[];[];[];[];[];[];0;0;0;;;;False;0.0;0.0;0.0;0.0;;;False;ControlType.UNKNOWN;0;<BV64 x0>;64;[('0x1b158', <Bool x0 != 0x0>, 'Taken')];[];['<BV64 x0>'];[];['<BV64 x0>'];[];[];0.0;1.8446744073709552e+19;18446744073709551615;1;;;True;1.0;1.8446744073709552e+19;18446744073709551614;1;;;True;ControlType.CONTROLLED;0;<BV64 x0>;64;[('0x1b158', <Bool x0 != 0x0>, 'Taken')];[];['<BV64 x0>'];[];['<BV64 x0>'];[];[];0.0;1.8446744073709552e+19;1.8446744073709552e+19;1.0;;;True;1.0;1.8446744073709552e+19;1.8446744073709552e+19;1.0;;;True;ControlType.CONTROLLED;0;<BV64 x0>;64;[];[];[];[];[];[];[];0;0;0;;;;False;0;0;0;;;;False;ControlType.UNKNOWN;0;[('0x1b158', <Bool x0 != 0x0>, 'Taken')];{'regs': ['<BV64 x0>'], 'indirect_regs': [], 'direct_regs': ['<BV64 x0>'], 'mem': [], 'const_mem': []};[];{'regs': [], 'indirect_regs': [], 'direct_regs': [], 'mem': [], 'const_mem': []};{'regs': ['<BV64 x0>'], 'indirect_regs': [], 'direct_regs': ['<BV64 x0>'], 'mem': [], 'const_mem': []};{'regs': ['<BV64 x0>'], 'indirect_regs': [], 'direct_regs': ['<BV64 x0>'], 'mem': [], 'const_mem': []};63.0;0.0;64.0;64.0;[];;;;BaseControlType.NO_BASE;BaseControlType.NO_BASE;BaseControlType.NO_BASE;1;BranchControlType.BRANCH_DEPENDS_ON_SECRET_VALUE;BranchControlType.BRANCH_INDEPENDENT_FROM_SECRET;110940;True;False;True;True;True;False;False;True;True;False;False;False;True;False;True;True;True;False;True;False;[];['has_valid_base'];True;False;True;True;True;False;False;True;True;False;False;False;True;False;True;True;True;False;True;False;[];['has_valid_base']
638a370f-9cff-41ac-b030-3601bdc279c3;gss_indicate_mechs@@gssapi_krb5_2_MIT;0x191c0;0x191f8;0x0;TransmitterType.STORE;15;0;False;['0x191c0', '0x191f8'];<BV64 x0>;64;[('0x191f4', <Bool x0 != 0x0>, 'Taken')];[];['<BV64 x0>'];[];['<BV64 x0>'];[];[];0;18446744073709551615;18446744073709551615;1;;;True;1;18446744073709551615;18446744073709551614;1;;;True;ControlType.CONTROLLED;0;;0;[];[];[];[];[];[];[];0.0;0.0;0.0;0.0;;;False;0.0;0.0;0.0;0.0;;;False;ControlType.UNKNOWN;0;;0;[];[];[];[];[];[];[];0;0;0;;;;False;0.0;0.0;0.0;0.0;;;False;ControlType.UNKNOWN;0;<BV64 x0>;64;[('0x191f4', <Bool x0 != 0x0>, 'Taken')];[];['<BV64 x0>'];[];['<BV64 x0>'];[];[];0.0;1.8446744073709552e+19;18446744073709551615;1;;;True;1.0;1.8446744073709552e+19;18446744073709551614;1;;;True;ControlType.CONTROLLED;0;<BV64 x0>;64;[('0x191f4', <Bool x0 != 0x0>, 'Taken')];[];['<BV64 x0>'];[];['<BV64 x0>'];[];[];0.0;1.8446744073709552e+19;1.8446744073709552e+19;1.0;;;True;1.0;1.8446744073709552e+19;1.8446744073709552e+19;1.0;;;True;ControlType.CONTROLLED;0;<BV64 x0>;64;[];[];[];[];[];[];[];0;0;0;;;;False;0;0;0;;;;False;ControlType.UNKNOWN;0;[('0x191f4', <Bool x0 != 0x0>, 'Taken')];{'regs': ['<BV64 x0>'], 'indirect_regs': [], 'direct_regs': ['<BV64 x0>'], 'mem': [], 'const_mem': []};[];{'regs': [], 'indirect_regs': [], 'direct_regs': [], 'mem': [], 'const_mem': []};{'regs': ['<BV64 x0>'], 'indirect_regs': [], 'direct_regs': ['<BV64 x0>'], 'mem': [], 'const_mem': []};{'regs': ['<BV64 x0>'], 'indirect_regs': [], 'direct_regs': ['<BV64 x0>'], 'mem': [], 'const_mem': []};63.0;0.0;64.0;64.0;[];;;;BaseControlType.NO_BASE;BaseControlType.NO_BASE;BaseControlType.NO_BASE;1;BranchControlType.BRANCH_DEPENDS_ON_SECRET_VALUE;BranchControlType.BRANCH_INDEPENDENT_FROM_SECRET;102904;True;False;True;True;True;False;False;True;True;False;False;False;True;False;True;True;True;False;True;False;[];['has_valid_base'];True;False;True;True;True;False;False;True;True;False;False;False;True;False;True;True;True;False;True;False;[];['has_valid_base']
59741186-dad6-4c7f-83e8-e54640a0e0f0;gss_delete_name_attribute@@gssapi_krb5_2_MIT;0x13120;0x13134;0x0;TransmitterType.STORE;6;0;False;['0x13120', '0x13134'];<BV64 x0>;64;[('0x13130', <Bool x0 != 0x0>, 'Taken')];[];['<BV64 x0>'];[];['<BV64 x0>'];[];[];0;18446744073709551615;18446744073709551615;1;;;True;1;18446744073709551615;18446744073709551614;1;;;True;ControlType.CONTROLLED;0;;0;[];[];[];[];[];[];[];0.0;0.0;0.0;0.0;;;False;0.0;0.0;0.0;0.0;;;False;ControlType.UNKNOWN;0;;0;[];[];[];[];[];[];[];0;0;0;;;;False;0.0;0.0;0.0;0.0;;;False;ControlType.UNKNOWN;0;<BV64 x0>;64;[('0x13130', <Bool x0 != 0x0>, 'Taken')];[];['<BV64 x0>'];[];['<BV64 x0>'];[];[];0.0;1.8446744073709552e+19;18446744073709551615;1;;;True;1.0;1.8446744073709552e+19;18446744073709551614;1;;;True;ControlType.CONTROLLED;0;<BV64 x0>;64;[('0x13130', <Bool x0 != 0x0>, 'Taken')];[];['<BV64 x0>'];[];['<BV64 x0>'];[];[];0.0;1.8446744073709552e+19;1.8446744073709552e+19;1.0;;;True;1.0;1.8446744073709552e+19;1.8446744073709552e+19;1.0;;;True;ControlType.CONTROLLED;0;<BV64 x0>;64;[];[];[];[];[];[];[];0;0;0;;;;False;0;0;0;;;;False;ControlType.UNKNOWN;0;[('0x13130', <Bool x0 != 0x0>, 'Taken')];{'regs': ['<BV64 x0>'], 'indirect_regs': [], 'direct_regs': ['<BV64 x0>'], 'mem': [], 'const_mem': []};[];{'regs': [], 'indirect_regs': [], 'direct_regs': [], 'mem': [], 'const_mem': []};{'regs': ['<BV64 x0>'], 'indirect_regs': [], 'direct_regs': ['<BV64 x0>'], 'mem': [], 'const_mem': []};{'regs': ['<BV64 x0>'], 'indirect_regs': [], 'direct_regs': ['<BV64 x0>'], 'mem': [], 'const_mem': []};63.0;0.0;64.0;64.0;[];;;;BaseControlType.NO_BASE;BaseControlType.NO_BASE;BaseControlType.NO_BASE;1;BranchControlType.BRANCH_DEPENDS_ON_SECRET_VALUE;BranchControlType.BRANCH_INDEPENDENT_FROM_SECRET;78132;True;False;True;True;True;False;False;True;True;False;False;False;True;False;True;True;True;False;True;False;[];['has_valid_base'];True;False;True;True;True;False;False;True;True;False;False;False;True;False;True;True;True;False;True;False;[];['has_valid_base']
9fe447e2-33d8-4868-a5ca-a14841b0b25b;gss_inquire_attrs_for_mech@@gssapi_krb5_2_MIT;0x210e0;0x21120;0x0;TransmitterType.STORE;17;0;False;['0x210e0', '0x21120'];<BV64 x0>;64;[('0x2111c', <Bool x0 != 0x0>, 'Taken')];[];['<BV64 x0>'];[];['<BV64 x0>'];[];[];0;18446744073709551615;18446744073709551615;1;;;True;1;18446744073709551615;18446744073709551614;1;;;True;ControlType.CONTROLLED;0;;0;[];[];[];[];[];[];[];0.0;0.0;0.0;0.0;;;False;0.0;0.0;0.0;0.0;;;False;ControlType.UNKNOWN;0;;0;[];[];[];[];[];[];[];0;0;0;;;;False;0.0;0.0;0.0;0.0;;;False;ControlType.UNKNOWN;0;<BV64 x0>;64;[('0x2111c', <Bool x0 != 0x0>, 'Taken')];[];['<BV64 x0>'];[];['<BV64 x0>'];[];[];0.0;1.8446744073709552e+19;18446744073709551615;1;;;True;1.0;1.8446744073709552e+19;18446744073709551614;1;;;True;ControlType.CONTROLLED;0;<BV64 x0>;64;[('0x2111c', <Bool x0 != 0x0>, 'Taken')];[];['<BV64 x0>'];[];['<BV64 x0>'];[];[];0.0;1.8446744073709552e+19;1.8446744073709552e+19;1.0;;;True;1.0;1.8446744073709552e+19;1.8446744073709552e+19;1.0;;;True;ControlType.CONTROLLED;0;<BV64 x0>;64;[];[];[];[];[];[];[];0;0;0;;;;False;0;0;0;;;;False;ControlType.UNKNOWN;0;[('0x2111c', <Bool x0 != 0x0>, 'Taken')];{'regs': ['<BV64 x0>'], 'indirect_regs': [], 'direct_regs': ['<BV64 x0>'], 'mem': [], 'const_mem': []};[];{'regs': [], 'indirect_regs': [], 'direct_regs': [], 'mem': [], 'const_mem': []};{'regs': ['<BV64 x0>'], 'indirect_regs': [], 'direct_regs': ['<BV64 x0>'], 'mem': [], 'const_mem': []};{'regs': ['<BV64 x0>'], 'indirect_regs': [], 'direct_regs': ['<BV64 x0>'], 'mem': [], 'const_mem': []};63.0;0.0;64.0;64.0;[];;;;BaseControlType.NO_BASE;BaseControlType.NO_BASE;BaseControlType.NO_BASE;1;BranchControlType.BRANCH_DEPENDS_ON_SECRET_VALUE;BranchControlType.BRANCH_INDEPENDENT_FROM_SECRET;135456;True;False;True;True;True;False;False;True;True;False;False;False;True;False;True;True;True;False;True;False;[];['has_valid_base'];True;False;True;True;True;False;False;True;True;False;False;False;True;False;True;True;True;False;True;False;[];['has_valid_base']
a8537d8f-9e7b-4069-82f1-d6780e124614;gss_context_time@@gssapi_krb5_2_MIT;0x12f20;0x12f40;0x0;TransmitterType.STORE;9;0;False;['0x12f20', '0x12f34'];<BV64 x0>;64;[('0x12f30', <Bool x0 != 0x0>, 'Taken')];[];['<BV64 x0>'];[];['<BV64 x0>'];[];[];0;18446744073709551615;18446744073709551615;1;;;True;1;18446744073709551615;18446744073709551614;1;;;True;ControlType.CONTROLLED;0;;0;[];[];[];[];[];[];[];0.0;0.0;0.0;0.0;;;False;0.0;0.0;0.0;0.0;;;False;ControlType.UNKNOWN;0;;0;[];[];[];[];[];[];[];0;0;0;;;;False;0.0;0.0;0.0;0.0;;;False;ControlType.UNKNOWN;0;<BV64 x0>;64;[('0x12f30', <Bool x0 != 0x0>, 'Taken')];[];['<BV64 x0>'];[];['<BV64 x0>'];[];[];0.0;1.8446744073709552e+19;18446744073709551615;1;;;True;1.0;1.8446744073709552e+19;18446744073709551614;1;;;True;ControlType.CONTROLLED;0;<BV64 x0>;64;[('0x12f30', <Bool x0 != 0x0>, 'Taken')];[];['<BV64 x0>'];[];['<BV64 x0>'];[];[];0.0;1.8446744073709552e+19;1.8446744073709552e+19;1.0;;;True;1.0;1.8446744073709552e+19;1.8446744073709552e+19;1.0;;;True;ControlType.CONTROLLED;0;<BV64 x0>;64;[];[];[];[];[];[];[];0;0;0;;;;False;0;0;0;;;;False;ControlType.UNKNOWN;0;[('0x12f30', <Bool x0 != 0x0>, 'Taken')];{'regs': ['<BV64 x0>'], 'indirect_regs': [], 'direct_regs': ['<BV64 x0>'], 'mem': [], 'const_mem': []};[];{'regs': [], 'indirect_regs': [], 'direct_regs': [], 'mem': [], 'const_mem': []};{'regs': ['<BV64 x0>'], 'indirect_regs': [], 'direct_regs': ['<BV64 x0>'], 'mem': [], 'const_mem': []};{'regs': ['<BV64 x0>'], 'indirect_regs': [], 'direct_regs': ['<BV64 x0>'], 'mem': [], 'const_mem': []};63.0;0.0;64.0;64.0;[];;;;BaseControlType.NO_BASE;BaseControlType.NO_BASE;BaseControlType.NO_BASE;1;BranchControlType.BRANCH_DEPENDS_ON_SECRET_VALUE;BranchControlType.BRANCH_INDEPENDENT_FROM_SECRET;77632;True;False;True;True;True;False;False;True;True;False;False;False;True;False;True;True;True;False;True;False;[];['has_valid_base'];True;False;True;True;True;False;False;True;True;False;False;False;True;False;True;True;True;False;True;False;[];['has_valid_base']
49eb8dba-6abf-4e39-a264-ff6bdad8369a;gsskrb5_extract_authtime_from_sec_context@@gssapi_krb5_2_MIT;0x32ee0;0x177ac;0x0;TransmitterType.STORE;29;0;False;['0x32ee0', '0x32f14', '0x17790', '0x177ac'];<BV64 x0>;64;[('0x177a8', <Bool x0 != 0x0>, 'Taken')];[];['<BV64 x0>'];[];['<BV64 x0>'];[];[];0;18446744073709551615;18446744073709551615;1;;;True;1;18446744073709551615;18446744073709551614;1;;;True;ControlType.CONTROLLED;0;;0;[];[];[];[];[];[];[];0.0;0.0;0.0;0.0;;;False;0.0;0.0;0.0;0.0;;;False;ControlType.UNKNOWN;0;;0;[];[];[];[];[];[];[];0;0;0;;;;False;0.0;0.0;0.0;0.0;;;False;ControlType.UNKNOWN;0;<BV64 x0>;64;[('0x177a8', <Bool x0 != 0x0>, 'Taken')];[];['<BV64 x0>'];[];['<BV64 x0>'];[];[];0.0;1.8446744073709552e+19;18446744073709551615;1;;;True;1.0;1.8446744073709552e+19;18446744073709551614;1;;;True;ControlType.CONTROLLED;0;<BV64 x0>;64;[('0x177a8', <Bool x0 != 0x0>, 'Taken')];[];['<BV64 x0>'];[];['<BV64 x0>'];[];[];0.0;1.8446744073709552e+19;1.8446744073709552e+19;1.0;;;True;1.0;1.8446744073709552e+19;1.8446744073709552e+19;1.0;;;True;ControlType.CONTROLLED;0;<BV64 x0>;64;[];[];[];[];[];[];[];0;0;0;;;;False;0;0;0;;;;False;ControlType.UNKNOWN;0;[('0x177a8', <Bool x0 != 0x0>, 'Taken'), ('0x32f10', <Bool x2 != 0x0>, 'Taken'), ('0x32f30', <Bool True>, 'Taken')];{'regs': ['<BV64 x0>', '<BV64 x2>'], 'indirect_regs': [], 'direct_regs': ['<BV64 x0>', '<BV64 x2>'], 'mem': [], 'const_mem': []};[];{'regs': [], 'indirect_regs': [], 'direct_regs': [], 'mem': [], 'const_mem': []};{'regs': ['<BV64 x0>'], 'indirect_regs': [], 'direct_regs': ['<BV64 x0>'], 'mem': [], 'const_mem': []};{'regs': ['<BV64 x0>', '<BV64 x2>'], 'indirect_regs': [], 'direct_regs': ['<BV64 x0>', '<BV64 x2>'], 'mem': [], 'const_mem': []};63.0;0.0;64.0;64.0;[];;;;BaseControlType.NO_BASE;BaseControlType.NO_BASE;BaseControlType.NO_BASE;3;BranchControlType.BRANCH_DEPENDS_ON_SECRET_VALUE;BranchControlType.BRANCH_INDEPENDENT_FROM_SECRET;96172;True;False;True;True;True;False;False;True;True;False;False;False;True;False;True;True;True;False;True;False;[];['has_valid_base'];True;False;True;True;True;False;False;True;True;False;False;False;True;False;True;True;True;False;True;False;[];['has_valid_base']
5bf3a610-c205-4a10-9bfd-e4fe070f0d96;gss_set_name_attribute@@gssapi_krb5_2_MIT;0x19e44;0x19e58;0x0;TransmitterType.STORE;6;0;False;['0x19e44', '0x19e58'];<BV64 x0>;64;[('0x19e54', <Bool x0 != 0x0>, 'Taken')];[];['<BV64 x0>'];[];['<BV64 x0>'];[];[];0;18446744073709551615;18446744073709551615;1;;;True;1;18446744073709551615;18446744073709551614;1;;;True;ControlType.CONTROLLED;0;;0;[];[];[];[];[];[];[];0.0;0.0;0.0;0.0;;;False;0.0;0.0;0.0;0.0;;;False;ControlType.UNKNOWN;0;;0;[];[];[];[];[];[];[];0;0;0;;;;False;0.0;0.0;0.0;0.0;;;False;ControlType.UNKNOWN;0;<BV64 x0>;64;[('0x19e54', <Bool x0 != 0x0>, 'Taken')];[];['<BV64 x0>'];[];['<BV64 x0>'];[];[];0.0;1.8446744073709552e+19;18446744073709551615;1;;;True;1.0;1.8446744073709552e+19;18446744073709551614;1;;;True;ControlType.CONTROLLED;0;<BV64 x0>;64;[('0x19e54', <Bool x0 != 0x0>, 'Taken')];[];['<BV64 x0>'];[];['<BV64 x0>'];[];[];0.0;1.8446744073709552e+19;1.8446744073709552e+19;1.0;;;True;1.0;1.8446744073709552e+19;1.8446744073709552e+19;1.0;;;True;ControlType.CONTROLLED;0;<BV64 x0>;64;[];[];[];[];[];[];[];0;0;0;;;;False;0;0;0;;;;False;ControlType.UNKNOWN;0;[('0x19e54', <Bool x0 != 0x0>, 'Taken')];{'regs': ['<BV64 x0>'], 'indirect_regs': [], 'direct_regs': ['<BV64 x0>'], 'mem': [], 'const_mem': []};[];{'regs': [], 'indirect_regs': [], 'direct_regs': [], 'mem': [], 'const_mem': []};{'regs': ['<BV64 x0>'], 'indirect_regs': [], 'direct_regs': ['<BV64 x0>'], 'mem': [], 'const_mem': []};{'regs': ['<BV64 x0>'], 'indirect_regs': [], 'direct_regs': ['<BV64 x0>'], 'mem': [], 'const_mem': []};63.0;0.0;64.0;64.0;[];;;;BaseControlType.NO_BASE;BaseControlType.NO_BASE;BaseControlType.NO_BASE;1;BranchControlType.BRANCH_DEPENDS_ON_SECRET_VALUE;BranchControlType.BRANCH_INDEPENDENT_FROM_SECRET;106072;True;False;True;True;True;False;False;True;True;False;False;False;True;False;True;True;True;False;True;False;[];['has_valid_base'];True;False;True;True;True;False;False;True;True;False;False;False;True;False;True;True;True;False;True;False;[];['has_valid_base']
db388715-c5a9-4ee5-9dd4-b0038bae4801;gss_inquire_cred_by_mech@@gssapi_krb5_2_MIT;0x16de0;0x16e30;0x0;TransmitterType.STORE;21;0;False;['0x16de0', '0x16e18'];<BV64 x0>;64;[('0x16e14', <Bool x0 != 0x0>, 'Taken')];[];['<BV64 x0>'];[];['<BV64 x0>'];[];[];0;18446744073709551615;18446744073709551615;1;;;True;1;18446744073709551615;18446744073709551614;1;;;True;ControlType.CONTROLLED;0;;0;[];[];[];[];[];[];[];0.0;0.0;0.0;0.0;;;False;0.0;0.0;0.0;0.0;;;False;ControlType.UNKNOWN;0;;0;[];[];[];[];[];[];[];0;0;0;;;;False;0.0;0.0;0.0;0.0;;;False;ControlType.UNKNOWN;0;<BV64 x0>;64;[('0x16e14', <Bool x0 != 0x0>, 'Taken')];[];['<BV64 x0>'];[];['<BV64 x0>'];[];[];0.0;1.8446744073709552e+19;18446744073709551615;1;;;True;1.0;1.8446744073709552e+19;18446744073709551614;1;;;True;ControlType.CONTROLLED;0;<BV64 x0>;64;[('0x16e14', <Bool x0 != 0x0>, 'Taken')];[];['<BV64 x0>'];[];['<BV64 x0>'];[];[];0.0;1.8446744073709552e+19;1.8446744073709552e+19;1.0;;;True;1.0;1.8446744073709552e+19;1.8446744073709552e+19;1.0;;;True;ControlType.CONTROLLED;0;<BV64 x0>;64;[];[];[];[];[];[];[];0;0;0;;;;False;0;0;0;;;;False;ControlType.UNKNOWN;0;[('0x16e14', <Bool x0 != 0x0>, 'Taken')];{'regs': ['<BV64 x0>'], 'indirect_regs': [], 'direct_regs': ['<BV64 x0>'], 'mem': [], 'const_mem': []};[];{'regs': [], 'indirect_regs': [], 'direct_regs': [], 'mem': [], 'const_mem': []};{'regs': ['<BV64 x0>'], 'indirect_regs': [], 'direct_regs': ['<BV64 x0>'], 'mem': [], 'const_mem': []};{'regs': ['<BV64 x0>'], 'indirect_regs': [], 'direct_regs': ['<BV64 x0>'], 'mem': [], 'const_mem': []};63.0;0.0;64.0;64.0;[];;;;BaseControlType.NO_BASE;BaseControlType.NO_BASE;BaseControlType.NO_BASE;1;BranchControlType.BRANCH_DEPENDS_ON_SECRET_VALUE;BranchControlType.BRANCH_INDEPENDENT_FROM_SECRET;93744;True;False;True;True;True;False;False;True;True;False;False;False;True;False;True;True;True;False;True;False;[];['has_valid_base'];True;False;True;True;True;False;False;True;True;False;False;False;True;False;True;True;True;False;True;False;[];['has_valid_base']
2bd36539-9594-4988-bc70-9c59b9637c49;gss_add_cred_impersonate_name@@gssapi_krb5_2_MIT;0x185f0;0x18658;0x0;TransmitterType.STORE;27;0;False;['0x185f0', '0x18658'];<BV64 x0>;64;[('0x18654', <Bool x0 != 0x0>, 'Taken')];[];['<BV64 x0>'];[];['<BV64 x0>'];[];[];0;18446744073709551615;18446744073709551615;1;;;True;1;18446744073709551615;18446744073709551614;1;;;True;ControlType.CONTROLLED;0;;0;[];[];[];[];[];[];[];0.0;0.0;0.0;0.0;;;False;0.0;0.0;0.0;0.0;;;False;ControlType.UNKNOWN;0;;0;[];[];[];[];[];[];[];0;0;0;;;;False;0.0;0.0;0.0;0.0;;;False;ControlType.UNKNOWN;0;<BV64 x0>;64;[('0x18654', <Bool x0 != 0x0>, 'Taken')];[];['<BV64 x0>'];[];['<BV64 x0>'];[];[];0.0;1.8446744073709552e+19;18446744073709551615;1;;;True;1.0;1.8446744073709552e+19;18446744073709551614;1;;;True;ControlType.CONTROLLED;0;<BV64 x0>;64;[('0x18654', <Bool x0 != 0x0>, 'Taken')];[];['<BV64 x0>'];[];['<BV64 x0>'];[];[];0.0;1.8446744073709552e+19;1.8446744073709552e+19;1.0;;;True;1.0;1.8446744073709552e+19;1.8446744073709552e+19;1.0;;;True;ControlType.CONTROLLED;0;<BV64 x0>;64;[];[];[];[];[];[];[];0;0;0;;;;False;0;0;0;;;;False;ControlType.UNKNOWN;0;[('0x18654', <Bool x0 != 0x0>, 'Taken')];{'regs': ['<BV64 x0>'], 'indirect_regs': [], 'direct_regs': ['<BV64 x0>'], 'mem': [], 'const_mem': []};[];{'regs': [], 'indirect_regs': [], 'direct_regs': [], 'mem': [], 'const_mem': []};{'regs': ['<BV64 x0>'], 'indirect_regs': [], 'direct_regs': ['<BV64 x0>'], 'mem': [], 'const_mem': []};{'regs': ['<BV64 x0>'], 'indirect_regs': [], 'direct_regs': ['<BV64 x0>'], 'mem': [], 'const_mem': []};63.0;0.0;64.0;64.0;[];;;;BaseControlType.NO_BASE;BaseControlType.NO_BASE;BaseControlType.NO_BASE;1;BranchControlType.BRANCH_DEPENDS_ON_SECRET_VALUE;BranchControlType.BRANCH_INDEPENDENT_FROM_SECRET;99928;True;False;True;True;True;False;False;True;True;False;False;False;True;False;True;True;True;False;True;False;[];['has_valid_base'];True;False;True;True;True;False;False;True;True;False;False;False;True;False;True;True;True;False;True;False;[];['has_valid_base']
730ba9d9-c517-426d-9bd0-72583796e72f;gss_store_cred_into@@gssapi_krb5_2_MIT;0x1f9c0;0x1fa0c;0x0;TransmitterType.STORE;20;0;False;['0x1f9c0', '0x1fa00'];<BV64 x0>;64;[('0x1f9fc', <Bool x0 != 0x0>, 'Taken')];[];['<BV64 x0>'];[];['<BV64 x0>'];[];[];0;18446744073709551615;18446744073709551615;1;;;True;1;18446744073709551615;18446744073709551614;1;;;True;ControlType.CONTROLLED;0;;0;[];[];[];[];[];[];[];0.0;0.0;0.0;0.0;;;False;0.0;0.0;0.0;0.0;;;False;ControlType.UNKNOWN;0;;0;[];[];[];[];[];[];[];0;0;0;;;;False;0.0;0.0;0.0;0.0;;;False;ControlType.UNKNOWN;0;<BV64 x0>;64;[('0x1f9fc', <Bool x0 != 0x0>, 'Taken')];[];['<BV64 x0>'];[];['<BV64 x0>'];[];[];0.0;1.8446744073709552e+19;18446744073709551615;1;;;True;1.0;1.8446744073709552e+19;18446744073709551614;1;;;True;ControlType.CONTROLLED;0;<BV64 x0>;64;[('0x1f9fc', <Bool x0 != 0x0>, 'Taken')];[];['<BV64 x0>'];[];['<BV64 x0>'];[];[];0.0;1.8446744073709552e+19;1.8446744073709552e+19;1.0;;;True;1.0;1.8446744073709552e+19;1.8446744073709552e+19;1.0;;;True;ControlType.CONTROLLED;0;<BV64 x0>;64;[];[];[];[];[];[];[];0;0;0;;;;False;0;0;0;;;;False;ControlType.UNKNOWN;0;[('0x1f9fc', <Bool x0 != 0x0>, 'Taken')];{'regs': ['<BV64 x0>'], 'indirect_regs': [], 'direct_regs': ['<BV64 x0>'], 'mem': [], 'const_mem': []};[];{'regs': [], 'indirect_regs': [], 'direct_regs': [], 'mem': [], 'const_mem': []};{'regs': ['<BV64 x0>'], 'indirect_regs': [], 'direct_regs': ['<BV64 x0>'], 'mem': [], 'const_mem': []};{'regs': ['<BV64 x0>'], 'indirect_regs': [], 'direct_regs': ['<BV64 x0>'], 'mem': [], 'const_mem': []};63.0;0.0;64.0;64.0;[];;;;BaseControlType.NO_BASE;BaseControlType.NO_BASE;BaseControlType.NO_BASE;1;BranchControlType.BRANCH_DEPENDS_ON_SECRET_VALUE;BranchControlType.BRANCH_INDEPENDENT_FROM_SECRET;129548;True;False;True;True;True;False;False;True;True;False;False;False;True;False;True;True;True;False;True;False;[];['has_valid_base'];True;False;True;True;True;False;False;True;True;False;False;False;True;False;True;True;True;False;True;False;[];['has_valid_base']
a6e11276-e044-464f-8b5c-f4c8c7b3ed8f;gss_import_name@@gssapi_krb5_2_MIT;0x161e0;0x16234;0x0;TransmitterType.STORE;22;0;False;['0x161e0', '0x1622c'];<BV64 x0>;64;[('0x16228', <Bool x0 != 0x0>, 'Taken')];[];['<BV64 x0>'];[];['<BV64 x0>'];[];[];0;18446744073709551615;18446744073709551615;1;;;True;1;18446744073709551615;18446744073709551614;1;;;True;ControlType.CONTROLLED;0;;0;[];[];[];[];[];[];[];0.0;0.0;0.0;0.0;;;False;0.0;0.0;0.0;0.0;;;False;ControlType.UNKNOWN;0;;0;[];[];[];[];[];[];[];0;0;0;;;;False;0.0;0.0;0.0;0.0;;;False;ControlType.UNKNOWN;0;<BV64 x0>;64;[('0x16228', <Bool x0 != 0x0>, 'Taken')];[];['<BV64 x0>'];[];['<BV64 x0>'];[];[];0.0;1.8446744073709552e+19;18446744073709551615;1;;;True;1.0;1.8446744073709552e+19;18446744073709551614;1;;;True;ControlType.CONTROLLED;0;<BV64 x0>;64;[('0x16228', <Bool x0 != 0x0>, 'Taken')];[];['<BV64 x0>'];[];['<BV64 x0>'];[];[];0.0;1.8446744073709552e+19;1.8446744073709552e+19;1.0;;;True;1.0;1.8446744073709552e+19;1.8446744073709552e+19;1.0;;;True;ControlType.CONTROLLED;0;<BV64 x0>;64;[];[];[];[];[];[];[];0;0;0;;;;False;0;0;0;;;;False;ControlType.UNKNOWN;0;[('0x16228', <Bool x0 != 0x0>, 'Taken')];{'regs': ['<BV64 x0>'], 'indirect_regs': [], 'direct_regs': ['<BV64 x0>'], 'mem': [], 'const_mem': []};[];{'regs': [], 'indirect_regs': [], 'direct_regs': [], 'mem': [], 'const_mem': []};{'regs': ['<BV64 x0>'], 'indirect_regs': [], 'direct_regs': ['<BV64 x0>'], 'mem': [], 'const_mem': []};{'regs': ['<BV64 x0>'], 'indirect_regs': [], 'direct_regs': ['<BV64 x0>'], 'mem': [], 'const_mem': []};63.0;0.0;64.0;64.0;[];;;;BaseControlType.NO_BASE;BaseControlType.NO_BASE;BaseControlType.NO_BASE;1;BranchControlType.BRANCH_DEPENDS_ON_SECRET_VALUE;BranchControlType.BRANCH_INDEPENDENT_FROM_SECRET;90676;True;False;True;True;True;False;False;True;True;False;False;False;True;False;True;True;True;False;True;False;[];['has_valid_base'];True;False;True;True;True;False;False;True;True;False;False;False;True;False;True;True;True;False;True;False;[];['has_valid_base']
f07ed927-bbe3-4e16-9d4d-99e83b34027d;gss_import_sec_context@@gssapi_krb5_2_MIT;0x16850;0x1688c;0x0;TransmitterType.STORE;16;0;False;['0x16850', '0x16884'];<BV64 x0>;64;[('0x16880', <Bool x0 != 0x0>, 'Taken')];[];['<BV64 x0>'];[];['<BV64 x0>'];[];[];0;18446744073709551615;18446744073709551615;1;;;True;1;18446744073709551615;18446744073709551614;1;;;True;ControlType.CONTROLLED;0;;0;[];[];[];[];[];[];[];0.0;0.0;0.0;0.0;;;False;0.0;0.0;0.0;0.0;;;False;ControlType.UNKNOWN;0;;0;[];[];[];[];[];[];[];0;0;0;;;;False;0.0;0.0;0.0;0.0;;;False;ControlType.UNKNOWN;0;<BV64 x0>;64;[('0x16880', <Bool x0 != 0x0>, 'Taken')];[];['<BV64 x0>'];[];['<BV64 x0>'];[];[];0.0;1.8446744073709552e+19;18446744073709551615;1;;;True;1.0;1.8446744073709552e+19;18446744073709551614;1;;;True;ControlType.CONTROLLED;0;<BV64 x0>;64;[('0x16880', <Bool x0 != 0x0>, 'Taken')];[];['<BV64 x0>'];[];['<BV64 x0>'];[];[];0.0;1.8446744073709552e+19;1.8446744073709552e+19;1.0;;;True;1.0;1.8446744073709552e+19;1.8446744073709552e+19;1.0;;;True;ControlType.CONTROLLED;0;<BV64 x0>;64;[];[];[];[];[];[];[];0;0;0;;;;False;0;0;0;;;;False;ControlType.UNKNOWN;0;[('0x16880', <Bool x0 != 0x0>, 'Taken')];{'regs': ['<BV64 x0>'], 'indirect_regs': [], 'direct_regs': ['<BV64 x0>'], 'mem': [], 'const_mem': []};[];{'regs': [], 'indirect_regs': [], 'direct_regs': [], 'mem': [], 'const_mem': []};{'regs': ['<BV64 x0>'], 'indirect_regs': [], 'direct_regs': ['<BV64 x0>'], 'mem': [], 'const_mem': []};{'regs': ['<BV64 x0>'], 'indirect_regs': [], 'direct_regs': ['<BV64 x0>'], 'mem': [], 'const_mem': []};63.0;0.0;64.0;64.0;[];;;;BaseControlType.NO_BASE;BaseControlType.NO_BASE;BaseControlType.NO_BASE;1;BranchControlType.BRANCH_DEPENDS_ON_SECRET_VALUE;BranchControlType.BRANCH_INDEPENDENT_FROM_SECRET;92300;True;False;True;True;True;False;False;True;True;False;False;False;True;False;True;True;True;False;True;False;[];['has_valid_base'];True;False;True;True;True;False;False;True;True;False;False;False;True;False;True;True;True;False;True;False;[];['has_valid_base']
1772e1d5-f0cb-46d1-b58d-6419e07ea78c;gss_krb5_get_tkt_flags@@gssapi_krb5_2_MIT;0x32c90;0x177ac;0x0;TransmitterType.STORE;29;0;False;['0x32c90', '0x32cc4', '0x17790', '0x177ac'];<BV64 x0>;64;[('0x177a8', <Bool x0 != 0x0>, 'Taken')];[];['<BV64 x0>'];[];['<BV64 x0>'];[];[];0;18446744073709551615;18446744073709551615;1;;;True;1;18446744073709551615;18446744073709551614;1;;;True;ControlType.CONTROLLED;0;;0;[];[];[];[];[];[];[];0.0;0.0;0.0;0.0;;;False;0.0;0.0;0.0;0.0;;;False;ControlType.UNKNOWN;0;;0;[];[];[];[];[];[];[];0;0;0;;;;False;0.0;0.0;0.0;0.0;;;False;ControlType.UNKNOWN;0;<BV64 x0>;64;[('0x177a8', <Bool x0 != 0x0>, 'Taken')];[];['<BV64 x0>'];[];['<BV64 x0>'];[];[];0.0;1.8446744073709552e+19;18446744073709551615;1;;;True;1.0;1.8446744073709552e+19;18446744073709551614;1;;;True;ControlType.CONTROLLED;0;<BV64 x0>;64;[('0x177a8', <Bool x0 != 0x0>, 'Taken')];[];['<BV64 x0>'];[];['<BV64 x0>'];[];[];0.0;1.8446744073709552e+19;1.8446744073709552e+19;1.0;;;True;1.0;1.8446744073709552e+19;1.8446744073709552e+19;1.0;;;True;ControlType.CONTROLLED;0;<BV64 x0>;64;[];[];[];[];[];[];[];0;0;0;;;;False;0;0;0;;;;False;ControlType.UNKNOWN;0;[('0x177a8', <Bool x0 != 0x0>, 'Taken'), ('0x32cc0', <Bool x2 != 0x0>, 'Taken'), ('0x32ce0', <Bool True>, 'Taken')];{'regs': ['<BV64 x0>', '<BV64 x2>'], 'indirect_regs': [], 'direct_regs': ['<BV64 x0>', '<BV64 x2>'], 'mem': [], 'const_mem': []};[];{'regs': [], 'indirect_regs': [], 'direct_regs': [], 'mem': [], 'const_mem': []};{'regs': ['<BV64 x0>'], 'indirect_regs': [], 'direct_regs': ['<BV64 x0>'], 'mem': [], 'const_mem': []};{'regs': ['<BV64 x0>', '<BV64 x2>'], 'indirect_regs': [], 'direct_regs': ['<BV64 x0>', '<BV64 x2>'], 'mem': [], 'const_mem': []};63.0;0.0;64.0;64.0;[];;;;BaseControlType.NO_BASE;BaseControlType.NO_BASE;BaseControlType.NO_BASE;3;BranchControlType.BRANCH_DEPENDS_ON_SECRET_VALUE;BranchControlType.BRANCH_INDEPENDENT_FROM_SECRET;96172;True;False;True;True;True;False;False;True;True;False;False;False;True;False;True;True;True;False;True;False;[];['has_valid_base'];True;False;True;True;True;False;False;True;True;False;False;False;True;False;True;True;True;False;True;False;[];['has_valid_base']
dc4d1ea7-7cb7-4ca0-ad52-884e00558629;gss_add_cred_from@@gssapi_krb5_2_MIT;0x14c44;0x14cb8;0x0;TransmitterType.STORE;30;0;False;['0x14c44', '0x14cb8'];<BV64 x0>;64;[('0x14cb4', <Bool x0 != 0x0>, 'Taken')];[];['<BV64 x0>'];[];['<BV64 x0>'];[];[];0;18446744073709551615;18446744073709551615;1;;;True;1;18446744073709551615;18446744073709551614;1;;;True;ControlType.CONTROLLED;0;;0;[];[];[];[];[];[];[];0.0;0.0;0.0;0.0;;;False;0.0;0.0;0.0;0.0;;;False;ControlType.UNKNOWN;0;;0;[];[];[];[];[];[];[];0;0;0;;;;False;0.0;0.0;0.0;0.0;;;False;ControlType.UNKNOWN;0;<BV64 x0>;64;[('0x14cb4', <Bool x0 != 0x0>, 'Taken')];[];['<BV64 x0>'];[];['<BV64 x0>'];[];[];0.0;1.8446744073709552e+19;18446744073709551615;1;;;True;1.0;1.8446744073709552e+19;18446744073709551614;1;;;True;ControlType.CONTROLLED;0;<BV64 x0>;64;[('0x14cb4', <Bool x0 != 0x0>, 'Taken')];[];['<BV64 x0>'];[];['<BV64 x0>'];[];[];0.0;1.8446744073709552e+19;1.8446744073709552e+19;1.0;;;True;1.0;1.8446744073709552e+19;1.8446744073709552e+19;1.0;;;True;ControlType.CONTROLLED;0;<BV64 x0>;64;[];[];[];[];[];[];[];0;0;0;;;;False;0;0;0;;;;False;ControlType.UNKNOWN;0;[('0x14cb4', <Bool x0 != 0x0>, 'Taken')];{'regs': ['<BV64 x0>'], 'indirect_regs': [], 'direct_regs': ['<BV64 x0>'], 'mem': [], 'const_mem': []};[];{'regs': [], 'indirect_regs': [], 'direct_regs': [], 'mem': [], 'const_mem': []};{'regs': ['<BV64 x0>'], 'indirect_regs': [], 'direct_regs': ['<BV64 x0>'], 'mem': [], 'const_mem': []};{'regs': ['<BV64 x0>'], 'indirect_regs': [], 'direct_regs': ['<BV64 x0>'], 'mem': [], 'const_mem': []};63.0;0.0;64.0;64.0;[];;;;BaseControlType.NO_BASE;BaseControlType.NO_BASE;BaseControlType.NO_BASE;1;BranchControlType.BRANCH_DEPENDS_ON_SECRET_VALUE;BranchControlType.BRANCH_INDEPENDENT_FROM_SECRET;85176;True;False;True;True;True;False;False;True;True;False;False;False;True;False;True;True;True;False;True;False;[];['has_valid_base'];True;False;True;True;True;False;False;True;True;False;False;False;True;False;True;True;True;False;True;False;[];['has_valid_base']
d104f050-d223-430e-8f73-5037bcac5377;gss_compare_name@@gssapi_krb5_2_MIT;0x156c4;0x15708;0x0;TransmitterType.STORE;18;0;False;['0x156c4', '0x15708'];<BV64 x0>;64;[('0x15704', <Bool x0 != 0x0>, 'Taken')];[];['<BV64 x0>'];[];['<BV64 x0>'];[];[];0;18446744073709551615;18446744073709551615;1;;;True;1;18446744073709551615;18446744073709551614;1;;;True;ControlType.CONTROLLED;0;;0;[];[];[];[];[];[];[];0.0;0.0;0.0;0.0;;;False;0.0;0.0;0.0;0.0;;;False;ControlType.UNKNOWN;0;;0;[];[];[];[];[];[];[];0;0;0;;;;False;0.0;0.0;0.0;0.0;;;False;ControlType.UNKNOWN;0;<BV64 x0>;64;[('0x15704', <Bool x0 != 0x0>, 'Taken')];[];['<BV64 x0>'];[];['<BV64 x0>'];[];[];0.0;1.8446744073709552e+19;18446744073709551615;1;;;True;1.0;1.8446744073709552e+19;18446744073709551614;1;;;True;ControlType.CONTROLLED;0;<BV64 x0>;64;[('0x15704', <Bool x0 != 0x0>, 'Taken')];[];['<BV64 x0>'];[];['<BV64 x0>'];[];[];0.0;1.8446744073709552e+19;1.8446744073709552e+19;1.0;;;True;1.0;1.8446744073709552e+19;1.8446744073709552e+19;1.0;;;True;ControlType.CONTROLLED;0;<BV64 x0>;64;[];[];[];[];[];[];[];0;0;0;;;;False;0;0;0;;;;False;ControlType.UNKNOWN;0;[('0x15704', <Bool x0 != 0x0>, 'Taken')];{'regs': ['<BV64 x0>'], 'indirect_regs': [], 'direct_regs': ['<BV64 x0>'], 'mem': [], 'const_mem': []};[];{'regs': [], 'indirect_regs': [], 'direct_regs': [], 'mem': [], 'const_mem': []};{'regs': ['<BV64 x0>'], 'indirect_regs': [], 'direct_regs': ['<BV64 x0>'], 'mem': [], 'const_mem': []};{'regs': ['<BV64 x0>'], 'indirect_regs': [], 'direct_regs': ['<BV64 x0>'], 'mem': [], 'const_mem': []};63.0;0.0;64.0;64.0;[];;;;BaseControlType.NO_BASE;BaseControlType.NO_BASE;BaseControlType.NO_BASE;1;BranchControlType.BRANCH_DEPENDS_ON_SECRET_VALUE;BranchControlType.BRANCH_INDEPENDENT_FROM_SECRET;87816;True;False;True;True;True;False;False;True;True;False;False;False;True;False;True;True;True;False;True;False;[];['has_valid_base'];True;False;True;True;True;False;False;True;True;False;False;False;True;False;True;True;True;False;True;False;[];['has_valid_base']
dc5889e1-fc2e-478f-81e1-a9f4404ae816;gss_inquire_mech_for_saslname@@gssapi_krb5_2_MIT;0x21590;0x215d0;0x0;TransmitterType.STORE;17;0;False;['0x21590', '0x215c4'];<BV64 x0>;64;[('0x215c0', <Bool x0 != 0x0>, 'Taken')];[];['<BV64 x0>'];[];['<BV64 x0>'];[];[];0;18446744073709551615;18446744073709551615;1;;;True;1;18446744073709551615;18446744073709551614;1;;;True;ControlType.CONTROLLED;0;;0;[];[];[];[];[];[];[];0.0;0.0;0.0;0.0;;;False;0.0;0.0;0.0;0.0;;;False;ControlType.UNKNOWN;0;;0;[];[];[];[];[];[];[];0;0;0;;;;False;0.0;0.0;0.0;0.0;;;False;ControlType.UNKNOWN;0;<BV64 x0>;64;[('0x215c0', <Bool x0 != 0x0>, 'Taken')];[];['<BV64 x0>'];[];['<BV64 x0>'];[];[];0.0;1.8446744073709552e+19;18446744073709551615;1;;;True;1.0;1.8446744073709552e+19;18446744073709551614;1;;;True;ControlType.CONTROLLED;0;<BV64 x0>;64;[('0x215c0', <Bool x0 != 0x0>, 'Taken')];[];['<BV64 x0>'];[];['<BV64 x0>'];[];[];0.0;1.8446744073709552e+19;1.8446744073709552e+19;1.0;;;True;1.0;1.8446744073709552e+19;1.8446744073709552e+19;1.0;;;True;ControlType.CONTROLLED;0;<BV64 x0>;64;[];[];[];[];[];[];[];0;0;0;;;;False;0;0;0;;;;False;ControlType.UNKNOWN;0;[('0x215c0', <Bool x0 != 0x0>, 'Taken')];{'regs': ['<BV64 x0>'], 'indirect_regs': [], 'direct_regs': ['<BV64 x0>'], 'mem': [], 'const_mem': []};[];{'regs': [], 'indirect_regs': [], 'direct_regs': [], 'mem': [], 'const_mem': []};{'regs': ['<BV64 x0>'], 'indirect_regs': [], 'direct_regs': ['<BV64 x0>'], 'mem': [], 'const_mem': []};{'regs': ['<BV64 x0>'], 'indirect_regs': [], 'direct_regs': ['<BV64 x0>'], 'mem': [], 'const_mem': []};63.0;0.0;64.0;64.0;[];;;;BaseControlType.NO_BASE;BaseControlType.NO_BASE;BaseControlType.NO_BASE;1;BranchControlType.BRANCH_DEPENDS_ON_SECRET_VALUE;BranchControlType.BRANCH_INDEPENDENT_FROM_SECRET;136656;True;False;True;True;True;False;False;True;True;False;False;False;True;False;True;True;True;False;True;False;[];['has_valid_base'];True;False;True;True;True;False;False;True;True;False;False;False;True;False;True;True;True;False;True;False;[];['has_valid_base']
4b84e378-2983-4de1-b1aa-432800cb825e;gss_release_cred@@gssapi_krb5_2_MIT;0x1b890;0x1b8a4;0x0;TransmitterType.STORE;6;0;False;['0x1b890', '0x1b8a4'];<BV64 x0>;64;[('0x1b8a0', <Bool x0 != 0x0>, 'Taken')];[];['<BV64 x0>'];[];['<BV64 x0>'];[];[];0;18446744073709551615;18446744073709551615;1;;;True;1;18446744073709551615;18446744073709551614;1;;;True;ControlType.CONTROLLED;0;;0;[];[];[];[];[];[];[];0.0;0.0;0.0;0.0;;;False;0.0;0.0;0.0;0.0;;;False;ControlType.UNKNOWN;0;;0;[];[];[];[];[];[];[];0;0;0;;;;False;0.0;0.0;0.0;0.0;;;False;ControlType.UNKNOWN;0;<BV64 x0>;64;[('0x1b8a0', <Bool x0 != 0x0>, 'Taken')];[];['<BV64 x0>'];[];['<BV64 x0>'];[];[];0.0;1.8446744073709552e+19;18446744073709551615;1;;;True;1.0;1.8446744073709552e+19;18446744073709551614;1;;;True;ControlType.CONTROLLED;0;<BV64 x0>;64;[('0x1b8a0', <Bool x0 != 0x0>, 'Taken')];[];['<BV64 x0>'];[];['<BV64 x0>'];[];[];0.0;1.8446744073709552e+19;1.8446744073709552e+19;1.0;;;True;1.0;1.8446744073709552e+19;1.8446744073709552e+19;1.0;;;True;ControlType.CONTROLLED;0;<BV64 x0>;64;[];[];[];[];[];[];[];0;0;0;;;;False;0;0;0;;;;False;ControlType.UNKNOWN;0;[('0x1b8a0', <Bool x0 != 0x0>, 'Taken')];{'regs': ['<BV64 x0>'], 'indirect_regs': [], 'direct_regs': ['<BV64 x0>'], 'mem': [], 'const_mem': []};[];{'regs': [], 'indirect_regs': [], 'direct_regs': [], 'mem': [], 'const_mem': []};{'regs': ['<BV64 x0>'], 'indirect_regs': [], 'direct_regs': ['<BV64 x0>'], 'mem': [], 'const_mem': []};{'regs': ['<BV64 x0>'], 'indirect_regs': [], 'direct_regs': ['<BV64 x0>'], 'mem': [], 'const_mem': []};63.0;0.0;64.0;64.0;[];;;;BaseControlType.NO_BASE;BaseControlType.NO_BASE;BaseControlType.NO_BASE;1;BranchControlType.BRANCH_DEPENDS_ON_SECRET_VALUE;BranchControlType.BRANCH_INDEPENDENT_FROM_SECRET;112804;True;False;True;True;True;False;False;True;True;False;False;False;True;False;True;True;True;False;True;False;[];['has_valid_base'];True;False;True;True;True;False;False;True;True;False;False;False;True;False;True;True;True;False;True;False;[];['has_valid_base']
b4c76ece-25c8-4052-bece-703c8b100da7;gss_add_cred_with_password@@gssapi_krb5_2_MIT;0x17dc4;0x17e2c;0x0;TransmitterType.STORE;27;0;False;['0x17dc4', '0x17e2c'];<BV64 x0>;64;[('0x17e28', <Bool x0 != 0x0>, 'Taken')];[];['<BV64 x0>'];[];['<BV64 x0>'];[];[];0;18446744073709551615;18446744073709551615;1;;;True;1;18446744073709551615;18446744073709551614;1;;;True;ControlType.CONTROLLED;0;;0;[];[];[];[];[];[];[];0.0;0.0;0.0;0.0;;;False;0.0;0.0;0.0;0.0;;;False;ControlType.UNKNOWN;0;;0;[];[];[];[];[];[];[];0;0;0;;;;False;0.0;0.0;0.0;0.0;;;False;ControlType.UNKNOWN;0;<BV64 x0>;64;[('0x17e28', <Bool x0 != 0x0>, 'Taken')];[];['<BV64 x0>'];[];['<BV64 x0>'];[];[];0.0;1.8446744073709552e+19;18446744073709551615;1;;;True;1.0;1.8446744073709552e+19;18446744073709551614;1;;;True;ControlType.CONTROLLED;0;<BV64 x0>;64;[('0x17e28', <Bool x0 != 0x0>, 'Taken')];[];['<BV64 x0>'];[];['<BV64 x0>'];[];[];0.0;1.8446744073709552e+19;1.8446744073709552e+19;1.0;;;True;1.0;1.8446744073709552e+19;1.8446744073709552e+19;1.0;;;True;ControlType.CONTROLLED;0;<BV64 x0>;64;[];[];[];[];[];[];[];0;0;0;;;;False;0;0;0;;;;False;ControlType.UNKNOWN;0;[('0x17e28', <Bool x0 != 0x0>, 'Taken')];{'regs': ['<BV64 x0>'], 'indirect_regs': [], 'direct_regs': ['<BV64 x0>'], 'mem': [], 'const_mem': []};[];{'regs': [], 'indirect_regs': [], 'direct_regs': [], 'mem': [], 'const_mem': []};{'regs': ['<BV64 x0>'], 'indirect_regs': [], 'direct_regs': ['<BV64 x0>'], 'mem': [], 'const_mem': []};{'regs': ['<BV64 x0>'], 'indirect_regs': [], 'direct_regs': ['<BV64 x0>'], 'mem': [], 'const_mem': []};63.0;0.0;64.0;64.0;[];;;;BaseControlType.NO_BASE;BaseControlType.NO_BASE;BaseControlType.NO_BASE;1;BranchControlType.BRANCH_DEPENDS_ON_SECRET_VALUE;BranchControlType.BRANCH_INDEPENDENT_FROM_SECRET;97836;True;False;True;True;True;False;False;True;True;False;False;False;True;False;True;True;True;False;True;False;[];['has_valid_base'];True;False;True;True;True;False;False;True;True;False;False;False;True;False;True;True;True;False;True;False;[];['has_valid_base']
457852f5-acf2-4825-96d1-a9a3e4d1ae93;gss_get_name_attribute@@gssapi_krb5_2_MIT;0x14784;0x147c4;0x0;TransmitterType.STORE;17;0;False;['0x14784', '0x147c4'];<BV64 x0>;64;[('0x147c0', <Bool x0 != 0x0>, 'Taken')];[];['<BV64 x0>'];[];['<BV64 x0>'];[];[];0;18446744073709551615;18446744073709551615;1;;;True;1;18446744073709551615;18446744073709551614;1;;;True;ControlType.CONTROLLED;0;;0;[];[];[];[];[];[];[];0.0;0.0;0.0;0.0;;;False;0.0;0.0;0.0;0.0;;;False;ControlType.UNKNOWN;0;;0;[];[];[];[];[];[];[];0;0;0;;;;False;0.0;0.0;0.0;0.0;;;False;ControlType.UNKNOWN;0;<BV64 x0>;64;[('0x147c0', <Bool x0 != 0x0>, 'Taken')];[];['<BV64 x0>'];[];['<BV64 x0>'];[];[];0.0;1.8446744073709552e+19;18446744073709551615;1;;;True;1.0;1.8446744073709552e+19;18446744073709551614;1;;;True;ControlType.CONTROLLED;0;<BV64 x0>;64;[('0x147c0', <Bool x0 != 0x0>, 'Taken')];[];['<BV64 x0>'];[];['<BV64 x0>'];[];[];0.0;1.8446744073709552e+19;1.8446744073709552e+19;1.0;;;True;1.0;1.8446744073709552e+19;1.8446744073709552e+19;1.0;;;True;ControlType.CONTROLLED;0;<BV64 x0>;64;[];[];[];[];[];[];[];0;0;0;;;;False;0;0;0;;;;False;ControlType.UNKNOWN;0;[('0x147c0', <Bool x0 != 0x0>, 'Taken')];{'regs': ['<BV64 x0>'], 'indirect_regs': [], 'direct_regs': ['<BV64 x0>'], 'mem': [], 'const_mem': []};[];{'regs': [], 'indirect_regs': [], 'direct_regs': [], 'mem': [], 'const_mem': []};{'regs': ['<BV64 x0>'], 'indirect_regs': [], 'direct_regs': ['<BV64 x0>'], 'mem': [], 'const_mem': []};{'regs': ['<BV64 x0>'], 'indirect_regs': [], 'direct_regs': ['<BV64 x0>'], 'mem': [], 'const_mem': []};63.0;0.0;64.0;64.0;[];;;;BaseControlType.NO_BASE;BaseControlType.NO_BASE;BaseControlType.NO_BASE;1;BranchControlType.BRANCH_DEPENDS_ON_SECRET_VALUE;BranchControlType.BRANCH_INDEPENDENT_FROM_SECRET;83908;True;False;True;True;True;False;False;True;True;False;False;False;True;False;True;True;True;False;True;False;[];['has_valid_base'];True;False;True;True;True;False;False;True;True;False;False;False;True;False;True;True;True;False;True;False;[];['has_valid_base']
e3bb4234-69b5-46ca-aeb3-d82dbdd9248b;gss_export_sec_context@@gssapi_krb5_2_MIT;0x13ed0;0x13f08;0x0;TransmitterType.STORE;15;0;False;['0x13ed0', '0x13f08'];<BV64 x0>;64;[('0x13f04', <Bool x0 != 0x0>, 'Taken')];[];['<BV64 x0>'];[];['<BV64 x0>'];[];[];0;18446744073709551615;18446744073709551615;1;;;True;1;18446744073709551615;18446744073709551614;1;;;True;ControlType.CONTROLLED;0;;0;[];[];[];[];[];[];[];0.0;0.0;0.0;0.0;;;False;0.0;0.0;0.0;0.0;;;False;ControlType.UNKNOWN;0;;0;[];[];[];[];[];[];[];0;0;0;;;;False;0.0;0.0;0.0;0.0;;;False;ControlType.UNKNOWN;0;<BV64 x0>;64;[('0x13f04', <Bool x0 != 0x0>, 'Taken')];[];['<BV64 x0>'];[];['<BV64 x0>'];[];[];0.0;1.8446744073709552e+19;18446744073709551615;1;;;True;1.0;1.8446744073709552e+19;18446744073709551614;1;;;True;ControlType.CONTROLLED;0;<BV64 x0>;64;[('0x13f04', <Bool x0 != 0x0>, 'Taken')];[];['<BV64 x0>'];[];['<BV64 x0>'];[];[];0.0;1.8446744073709552e+19;1.8446744073709552e+19;1.0;;;True;1.0;1.8446744073709552e+19;1.8446744073709552e+19;1.0;;;True;ControlType.CONTROLLED;0;<BV64 x0>;64;[];[];[];[];[];[];[];0;0;0;;;;False;0;0;0;;;;False;ControlType.UNKNOWN;0;[('0x13f04', <Bool x0 != 0x0>, 'Taken')];{'regs': ['<BV64 x0>'], 'indirect_regs': [], 'direct_regs': ['<BV64 x0>'], 'mem': [], 'const_mem': []};[];{'regs': [], 'indirect_regs': [], 'direct_regs': [], 'mem': [], 'const_mem': []};{'regs': ['<BV64 x0>'], 'indirect_regs': [], 'direct_regs': ['<BV64 x0>'], 'mem': [], 'const_mem': []};{'regs': ['<BV64 x0>'], 'indirect_regs': [], 'direct_regs': ['<BV64 x0>'], 'mem': [], 'const_mem': []};63.0;0.0;64.0;64.0;[];;;;BaseControlType.NO_BASE;BaseControlType.NO_BASE;BaseControlType.NO_BASE;1;BranchControlType.BRANCH_DEPENDS_ON_SECRET_VALUE;BranchControlType.BRANCH_INDEPENDENT_FROM_SECRET;81672;True;False;True;True;True;False;False;True;True;False;False;False;True;False;True;True;True;False;True;False;[];['has_valid_base'];True;False;True;True;True;False;False;True;True;False;False;False;True;False;True;True;True;False;True;False;[];['has_valid_base']
d40f0dad-0522-4367-819b-af20cb51a133;gss_inquire_saslname_for_mech@@gssapi_krb5_2_MIT;0x20020;0x20064;0x0;TransmitterType.STORE;18;0;False;['0x20020', '0x2004c'];<BV64 x0>;64;[('0x20048', <Bool x0 != 0x0>, 'Taken')];[];['<BV64 x0>'];[];['<BV64 x0>'];[];[];0;18446744073709551615;18446744073709551615;1;;;True;1;18446744073709551615;18446744073709551614;1;;;True;ControlType.CONTROLLED;0;;0;[];[];[];[];[];[];[];0.0;0.0;0.0;0.0;;;False;0.0;0.0;0.0;0.0;;;False;ControlType.UNKNOWN;0;;0;[];[];[];[];[];[];[];0;0;0;;;;False;0.0;0.0;0.0;0.0;;;False;ControlType.UNKNOWN;0;<BV64 x0>;64;[('0x20048', <Bool x0 != 0x0>, 'Taken')];[];['<BV64 x0>'];[];['<BV64 x0>'];[];[];0.0;1.8446744073709552e+19;18446744073709551615;1;;;True;1.0;1.8446744073709552e+19;18446744073709551614;1;;;True;ControlType.CONTROLLED;0;<BV64 x0>;64;[('0x20048', <Bool x0 != 0x0>, 'Taken')];[];['<BV64 x0>'];[];['<BV64 x0>'];[];[];0.0;1.8446744073709552e+19;1.8446744073709552e+19;1.0;;;True;1.0;1.8446744073709552e+19;1.8446744073709552e+19;1.0;;;True;ControlType.CONTROLLED;0;<BV64 x0>;64;[];[];[];[];[];[];[];0;0;0;;;;False;0;0;0;;;;False;ControlType.UNKNOWN;0;[('0x20048', <Bool x0 != 0x0>, 'Taken')];{'regs': ['<BV64 x0>'], 'indirect_regs': [], 'direct_regs': ['<BV64 x0>'], 'mem': [], 'const_mem': []};[];{'regs': [], 'indirect_regs': [], 'direct_regs': [], 'mem': [], 'const_mem': []};{'regs': ['<BV64 x0>'], 'indirect_regs': [], 'direct_regs': ['<BV64 x0>'], 'mem': [], 'const_mem': []};{'regs': ['<BV64 x0>'], 'indirect_regs': [], 'direct_regs': ['<BV64 x0>'], 'mem': [], 'const_mem': []};63.0;0.0;64.0;64.0;[];;;;BaseControlType.NO_BASE;BaseControlType.NO_BASE;BaseControlType.NO_BASE;1;BranchControlType.BRANCH_DEPENDS_ON_SECRET_VALUE;BranchControlType.BRANCH_INDEPENDENT_FROM_SECRET;131172;True;False;True;True;True;False;False;True;True;False;False;False;True;False;True;True;True;False;True;False;[];['has_valid_base'];True;False;True;True;True;False;False;True;True;False;False;False;True;False;True;True;True;False;True;False;[];['has_valid_base']
489f3b69-4180-4e65-b31c-9b66f04ec457;gss_krb5_set_allowable_enctypes@@gssapi_krb5_2_MIT;0x33110;0x21b4c;0x0;TransmitterType.STORE;39;0;False;['0x33110', '0x21b10', '0x21b3c'];<BV64 x0>;64;[('0x21b38', <Bool x0 != 0x0>, 'Taken')];[];['<BV64 x0>'];[];['<BV64 x0>'];[];[];0;18446744073709551615;18446744073709551615;1;;;True;1;18446744073709551615;18446744073709551614;1;;;True;ControlType.CONTROLLED;0;;0;[];[];[];[];[];[];[];0.0;0.0;0.0;0.0;;;False;0.0;0.0;0.0;0.0;;;False;ControlType.UNKNOWN;0;;0;[];[];[];[];[];[];[];0;0;0;;;;False;0.0;0.0;0.0;0.0;;;False;ControlType.UNKNOWN;0;<BV64 x0>;64;[('0x21b38', <Bool x0 != 0x0>, 'Taken')];[];['<BV64 x0>'];[];['<BV64 x0>'];[];[];0.0;1.8446744073709552e+19;18446744073709551615;1;;;True;1.0;1.8446744073709552e+19;18446744073709551614;1;;;True;ControlType.CONTROLLED;0;<BV64 x0>;64;[('0x21b38', <Bool x0 != 0x0>, 'Taken')];[];['<BV64 x0>'];[];['<BV64 x0>'];[];[];0.0;1.8446744073709552e+19;1.8446744073709552e+19;1.0;;;True;1.0;1.8446744073709552e+19;1.8446744073709552e+19;1.0;;;True;ControlType.CONTROLLED;0;<BV64 x0>;64;[];[];[];[];[];[];[];0;0;0;;;;False;0;0;0;;;;False;ControlType.UNKNOWN;0;[('0x21b38', <Bool x0 != 0x0>, 'Taken'), ('0x33168', <Bool True>, 'Taken')];{'regs': ['<BV64 x0>'], 'indirect_regs': [], 'direct_regs': ['<BV64 x0>'], 'mem': [], 'const_mem': []};[];{'regs': [], 'indirect_regs': [], 'direct_regs': [], 'mem': [], 'const_mem': []};{'regs': ['<BV64 x0>'], 'indirect_regs': [], 'direct_regs': ['<BV64 x0>'], 'mem': [], 'const_mem': []};{'regs': ['<BV64 x0>'], 'indirect_regs': [], 'direct_regs': ['<BV64 x0>'], 'mem': [], 'const_mem': []};63.0;0.0;64.0;64.0;[];;;;BaseControlType.NO_BASE;BaseControlType.NO_BASE;BaseControlType.NO_BASE;2;BranchControlType.BRANCH_DEPENDS_ON_SECRET_VALUE;BranchControlType.BRANCH_INDEPENDENT_FROM_SECRET;138060;True;False;True;True;True;False;False;True;True;False;False;False;True;False;True;True;True;False;True;False;[];['has_valid_base'];True;False;True;True;True;False;False;True;True;False;False;False;True;False;True;True;True;False;True;False;[];['has_valid_base']
816b9669-2544-4201-86cf-9b73555ce222;gss_display_name@@gssapi_krb5_2_MIT;0x13210;0x13230;0x0;TransmitterType.STORE;9;0;False;['0x13210', '0x13230'];<BV64 x0>;64;[('0x1322c', <Bool x0 != 0x0>, 'Taken')];[];['<BV64 x0>'];[];['<BV64 x0>'];[];[];0;18446744073709551615;18446744073709551615;1;;;True;1;18446744073709551615;18446744073709551614;1;;;True;ControlType.CONTROLLED;0;;0;[];[];[];[];[];[];[];0.0;0.0;0.0;0.0;;;False;0.0;0.0;0.0;0.0;;;False;ControlType.UNKNOWN;0;;0;[];[];[];[];[];[];[];0;0;0;;;;False;0.0;0.0;0.0;0.0;;;False;ControlType.UNKNOWN;0;<BV64 x0>;64;[('0x1322c', <Bool x0 != 0x0>, 'Taken')];[];['<BV64 x0>'];[];['<BV64 x0>'];[];[];0.0;1.8446744073709552e+19;18446744073709551615;1;;;True;1.0;1.8446744073709552e+19;18446744073709551614;1;;;True;ControlType.CONTROLLED;0;<BV64 x0>;64;[('0x1322c', <Bool x0 != 0x0>, 'Taken')];[];['<BV64 x0>'];[];['<BV64 x0>'];[];[];0.0;1.8446744073709552e+19;1.8446744073709552e+19;1.0;;;True;1.0;1.8446744073709552e+19;1.8446744073709552e+19;1.0;;;True;ControlType.CONTROLLED;0;<BV64 x0>;64;[];[];[];[];[];[];[];0;0;0;;;;False;0;0;0;;;;False;ControlType.UNKNOWN;0;[('0x1322c', <Bool x0 != 0x0>, 'Taken')];{'regs': ['<BV64 x0>'], 'indirect_regs': [], 'direct_regs': ['<BV64 x0>'], 'mem': [], 'const_mem': []};[];{'regs': [], 'indirect_regs': [], 'direct_regs': [], 'mem': [], 'const_mem': []};{'regs': ['<BV64 x0>'], 'indirect_regs': [], 'direct_regs': ['<BV64 x0>'], 'mem': [], 'const_mem': []};{'regs': ['<BV64 x0>'], 'indirect_regs': [], 'direct_regs': ['<BV64 x0>'], 'mem': [], 'const_mem': []};63.0;0.0;64.0;64.0;[];;;;BaseControlType.NO_BASE;BaseControlType.NO_BASE;BaseControlType.NO_BASE;1;BranchControlType.BRANCH_DEPENDS_ON_SECRET_VALUE;BranchControlType.BRANCH_INDEPENDENT_FROM_SECRET;78384;True;False;True;True;True;False;False;True;True;False;False;False;True;False;True;True;True;False;True;False;[];['has_valid_base'];True;False;True;True;True;False;False;True;True;False;False;False;True;False;True;True;True;False;True;False;[];['has_valid_base']
b8996614-1669-4cf1-a440-2c1cb7289930;gss_release_buffer_set@@gssapi_krb5_2_MIT;0x11670;0x10f48;0x10f3c;TransmitterType.LOAD;16;1;False;['0x11670', '0x11680', '0x10f30'];<BV64 LOAD_64[<BV64 x1>]_26>;64;[];[];['<BV64 x1>'];"[""<BV64 x1>: ['0x0']""]";[];['<BV64 x1>'];[];0;18446744073709551615;18446744073709551615;1;;;True;0;18446744073709551615;18446744073709551615;1;;;True;ControlType.CONTROLLED;1;;0;[];[];[];[];[];[];[];0.0;0.0;0.0;0.0;;;False;0.0;0.0;0.0;0.0;;;False;ControlType.UNKNOWN;0;;0;[];[];[];[];[];[];[];0;0;0;;;;False;0.0;0.0;0.0;0.0;;;False;ControlType.UNKNOWN;0;<BV64 LOAD_64[<BV64 x1>]_26>;64;[];[];['<BV64 x1>'];"[""<BV64 x1>: ['0x0']""]";[];['<BV64 x1>'];[];0.0;1.8446744073709552e+19;18446744073709551615;1;;;True;0.0;1.8446744073709552e+19;18446744073709551615;1;;;True;ControlType.CONTROLLED;1;<BV64 x1>;64;[];[];['<BV64 x1>'];[];['<BV64 x1>'];[];[];0.0;1.8446744073709552e+19;1.8446744073709552e+19;1.0;;;True;0.0;1.8446744073709552e+19;1.8446744073709552e+19;1.0;;;True;ControlType.CONTROLLED;0;<BV64 LOAD_64[<BV64 x1>]_26>;64;[];[];[];[];[];[];[];0;0;0;;;;False;0;0;0;;;;False;ControlType.UNKNOWN;1;[('0x1167c', <Bool LOAD_64[<BV64 x1>]_21 != 0x0>, 'Taken'), ('0x11690', <Bool True>, 'Taken')];"{'regs': ['<BV64 x1>'], 'indirect_regs': [""<BV64 x1>: ['0x0']""], 'direct_regs': [], 'mem': ['<BV64 x1>'], 'const_mem': []}";[];{'regs': [], 'indirect_regs': [], 'direct_regs': [], 'mem': [], 'const_mem': []};{'regs': ['<BV64 x1>'], 'indirect_regs': [], 'direct_regs': ['<BV64 x1>'], 'mem': ['<BV64 x1>'], 'const_mem': []};{'regs': ['<BV64 x1>'], 'indirect_regs': [], 'direct_regs': ['<BV64 x1>'], 'mem': ['<BV64 x1>'], 'const_mem': []};63.0;0.0;64.0;64.0;[];;;;BaseControlType.NO_BASE;BaseControlType.NO_BASE;BaseControlType.NO_BASE;2;BranchControlType.BRANCH_DEPENDS_ON_SECRET_ADDRESS;BranchControlType.BRANCH_INDEPENDENT_FROM_SECRET;69448;True;False;True;True;True;False;False;True;True;False;False;False;True;False;True;True;True;False;True;False;[];['has_valid_base'];True;False;True;True;True;False;False;True;True;False;False;False;True;False;True;True;True;False;True;False;[];['has_valid_base']
03cef85f-19ff-4f82-bae9-834c35a819ab;gss_oid_equal@@gssapi_krb5_2_MIT;0x1ff70;0x1ff8c;0x0;TransmitterType.LOAD;8;0;False;['0x1ff70', '0x1ff80'];<BV64 x0>;64;[];[('0x1ff78', <Bool x0 != 0x0>, 'ConditionType.CMOVE'), ('0x1ff7c', <Bool x0 != 0x0>, 'ConditionType.CMOVE')];['<BV64 x0>'];[];['<BV64 x0>'];[];[];1;18446744073709551615;18446744073709551614;1;;;True;1;18446744073709551615;18446744073709551614;1;;;True;ControlType.CONTROLLED;0;;0;[];[];[];[];[];[];[];0.0;0.0;0.0;0.0;;;False;0.0;0.0;0.0;0.0;;;False;ControlType.UNKNOWN;0;;0;[];[];[];[];[];[];[];0;0;0;;;;False;0.0;0.0;0.0;0.0;;;False;ControlType.UNKNOWN;0;<BV64 x0>;64;[];[('0x1ff78', <Bool x0 != 0x0>, 'ConditionType.CMOVE'), ('0x1ff7c', <Bool x0 != 0x0>, 'ConditionType.CMOVE')];['<BV64 x0>'];[];['<BV64 x0>'];[];[];1.0;1.8446744073709552e+19;18446744073709551614;1;;;True;1.0;1.8446744073709552e+19;18446744073709551614;1;;;True;ControlType.CONTROLLED;0;<BV64 x0>;64;[];[('0x1ff78', <Bool x0 != 0x0>, 'ConditionType.CMOVE'), ('0x1ff7c', <Bool x0 != 0x0>, 'ConditionType.CMOVE')];['<BV64 x0>'];[];['<BV64 x0>'];[];[];1.0;1.8446744073709552e+19;1.8446744073709552e+19;1.0;;;True;1.0;1.8446744073709552e+19;1.8446744073709552e+19;1.0;;;True;ControlType.CONTROLLED;0;<BV64 x0>;64;[];[];[];[];[];[];[];0;0;0;;;;False;0;0;0;;;;False;ControlType.UNKNOWN;0;[('0x1ff7c', <Bool True>, 'Taken')];{'regs': [], 'indirect_regs': [], 'direct_regs': [], 'mem': [], 'const_mem': []};[('0x1ff78', <Bool x0 != 0x0>, 'ConditionType.CMOVE'), ('0x1ff7c', <Bool x1 != 0x0>, 'ConditionType.UNKNOWN'), ('0x1ff7c', <Bool x0 != 0x0>, 'ConditionType.CMOVE')];{'regs': ['<BV64 x0>', '<BV64 x1>'], 'indirect_regs': [], 'direct_regs': ['<BV64 x0>', '<BV64 x1>'], 'mem': [], 'const_mem': []};{'regs': ['<BV64 x0>', '<BV64 x1>'], 'indirect_regs': [], 'direct_regs': ['<BV64 x0>', '<BV64 x1>'], 'mem': [], 'const_mem': []};{'regs': ['<BV64 x0>', '<BV64 x1>'], 'indirect_regs': [], 'direct_regs': ['<BV64 x0>', '<BV64 x1>'], 'mem': [], 'const_mem': []};63.0;0.0;64.0;64.0;[];;;;BaseControlType.NO_BASE;BaseControlType.NO_BASE;BaseControlType.NO_BASE;1;BranchControlType.BRANCH_INDEPENDENT_FROM_SECRET;BranchControlType.BRANCH_DEPENDS_ON_SECRET_VALUE;130956;True;False;True;False;True;False;False;True;True;False;False;False;True;False;True;False;True;False;True;False;[];['has_valid_base', 'is_cmove_independent_from_secret'];True;False;True;False;True;False;False;True;True;False;False;False;True;False;True;False;True;False;True;False;[];['has_valid_base', 'is_cmove_independent_from_secret']
f730392d-8703-4252-b985-9fb3bc4c27e2;gss_set_sec_context_option@@gssapi_krb5_2_MIT;0x1ba00;0x1ba58;0x1ba50;TransmitterType.LOAD;23;1;False;['0x1ba00', '0x1ba30', '0x1ba44', '0x1ba58'];<BV64 0x8 + LOAD_64[<BV64 x1>]_33>;64;[('0x1ba54', <Bool LOAD_64[<BV64 x1>]_33 != 0x0>, 'Taken')];[];['<BV64 x1>'];"[""<BV64 x1>: ['0x0']""]";[];['<BV64 x1>'];[];0;18446744073709551615;18446744073709551615;1;;;True;9;7;18446744073709551614;1;;;True;ControlType.CONTROLLED;1;<BV64 0x8>;64;[];[];[];[];[];[];[];8.0;8.0;0.0;1.0;;;True;8.0;8.0;0.0;1.0;;;True;ControlType.NO_CONTROL;0;<BV64 0x8>;64;[];[];[];[];[];[];[];8;8;0;1.0;;;True;8.0;8.0;0.0;1.0;;;True;ControlType.NO_CONTROL;0;<BV64 LOAD_64[<BV64 x1>]_33>;64;[('0x1ba54', <Bool LOAD_64[<BV64 x1>]_33 != 0x0>, 'Taken')];[];['<BV64 x1>'];"[""<BV64 x1>: ['0x0']""]";[];['<BV64 x1>'];[];0.0;1.8446744073709552e+19;18446744073709551615;1;;;True;1.0;1.8446744073709552e+19;18446744073709551614;1;;;True;ControlType.CONTROLLED;1;<BV64 x1>;64;[('0x1ba40', <Bool x1 != 0x0>, 'Taken')];[];['<BV64 x1>'];[];['<BV64 x1>'];[];[];0.0;1.8446744073709552e+19;1.8446744073709552e+19;1.0;;;True;1.0;1.8446744073709552e+19;1.8446744073709552e+19;1.0;;;True;ControlType.CONTROLLED;0;<BV64 LOAD_64[<BV64 x1>]_33>;64;[];[];[];[];[];[];[];0;0;0;;;;False;0;0;0;;;;False;ControlType.UNKNOWN;1;[('0x1ba2c', <Bool x0 != 0x0>, 'Taken'), ('0x1ba40', <Bool x1 != 0x0>, 'Taken'), ('0x1ba54', <Bool LOAD_64[<BV64 x1>]_33 != 0x0>, 'Taken')];{'regs': ['<BV64 x0>', '<BV64 x1>'], 'indirect_regs': [], 'direct_regs': ['<BV64 x0>', '<BV64 x1>'], 'mem': ['<BV64 x1>'], 'const_mem': []};[];{'regs': [], 'indirect_regs': [], 'direct_regs': [], 'mem': [], 'const_mem': []};{'regs': ['<BV64 x1>'], 'indirect_regs': [], 'direct_regs': ['<BV64 x1>'], 'mem': ['<BV64 x1>'], 'const_mem': []};{'regs': ['<BV64 x0>', '<BV64 x1>'], 'indirect_regs': [], 'direct_regs': ['<BV64 x0>', '<BV64 x1>'], 'mem': ['<BV64 x1>'], 'const_mem': []};63.0;0.0;64.0;64.0;[];;;;BaseControlType.CONSTANT_BASE;BaseControlType.CONSTANT_BASE;BaseControlType.CONSTANT_BASE;3;BranchControlType.BRANCH_DEPENDS_ON_SECRET_VALUE;BranchControlType.BRANCH_INDEPENDENT_FROM_SECRET;113240;True;False;True;True;True;False;False;True;True;False;False;False;True;False;True;True;True;False;True;False;[];['has_valid_base'];True;False;True;True;True;False;False;True;True;False;False;False;True;False;True;True;True;False;True;False;[];['has_valid_base']
e27ec9be-c16a-4d54-beac-205c0c056f96;gss_delete_sec_context@@gssapi_krb5_2_MIT;0x13020;0x1305c;0x13054;TransmitterType.LOAD;16;1;False;['0x13020', '0x13038', '0x1304c', '0x13054', '0x1305c'];<BV64 LOAD_64[<BV64 x1>]_29>;64;[('0x13058', <Bool LOAD_64[<BV64 x1>]_29 != 0x0>, 'Taken')];[];['<BV64 x1>'];"[""<BV64 x1>: ['0x0']""]";[];['<BV64 x1>'];[];0;18446744073709551615;18446744073709551615;1;;;True;1;18446744073709551615;18446744073709551614;1;;;True;ControlType.CONTROLLED;1;;0;[];[];[];[];[];[];[];0.0;0.0;0.0;0.0;;;False;0.0;0.0;0.0;0.0;;;False;ControlType.UNKNOWN;0;;0;[];[];[];[];[];[];[];0;0;0;;;;False;0.0;0.0;0.0;0.0;;;False;ControlType.UNKNOWN;0;<BV64 LOAD_64[<BV64 x1>]_29>;64;[('0x13058', <Bool LOAD_64[<BV64 x1>]_29 != 0x0>, 'Taken')];[];['<BV64 x1>'];"[""<BV64 x1>: ['0x0']""]";[];['<BV64 x1>'];[];0.0;1.8446744073709552e+19;18446744073709551615;1;;;True;1.0;1.8446744073709552e+19;18446744073709551614;1;;;True;ControlType.CONTROLLED;1;<BV64 x1>;64;[('0x13050', <Bool x1 != 0x0>, 'Taken')];[];['<BV64 x1>'];[];['<BV64 x1>'];[];[];0.0;1.8446744073709552e+19;1.8446744073709552e+19;1.0;;;True;1.0;1.8446744073709552e+19;1.8446744073709552e+19;1.0;;;True;ControlType.CONTROLLED;0;<BV64 LOAD_64[<BV64 x1>]_29>;64;[];[];[];[];[];[];[];0;0;0;;;;False;0;0;0;;;;False;ControlType.UNKNOWN;1;[('0x13034', <Bool x0 != 0x0>, 'Taken'), ('0x13048', <Bool x2 != 0x0>, 'Taken'), ('0x13050', <Bool x1 != 0x0>, 'Taken'), ('0x13058', <Bool LOAD_64[<BV64 x1>]_29 != 0x0>, 'Taken')];{'regs': ['<BV64 x0>', '<BV64 x1>', '<BV64 x2>'], 'indirect_regs': [], 'direct_regs': ['<BV64 x0>', '<BV64 x1>', '<BV64 x2>'], 'mem': ['<BV64 x1>'], 'const_mem': []};[];{'regs': [], 'indirect_regs': [], 'direct_regs': [], 'mem': [], 'const_mem': []};{'regs': ['<BV64 x1>'], 'indirect_regs': [], 'direct_regs': ['<BV64 x1>'], 'mem': ['<BV64 x1>'], 'const_mem': []};{'regs': ['<BV64 x0>', '<BV64 x1>', '<BV64 x2>'], 'indirect_regs': [], 'direct_regs': ['<BV64 x0>', '<BV64 x1>', '<BV64 x2>'], 'mem': ['<BV64 x1>'], 'const_mem': []};63.0;0.0;64.0;64.0;[];;;;BaseControlType.NO_BASE;BaseControlType.NO_BASE;BaseControlType.NO_BASE;4;BranchControlType.BRANCH_DEPENDS_ON_SECRET_VALUE;BranchControlType.BRANCH_INDEPENDENT_FROM_SECRET;77916;True;False;True;True;True;False;False;True;True;False;False;False;True;False;True;True;True;False;True;False;[];['has_valid_base'];True;False;True;True;True;False;False;True;True;False;False;False;True;False;True;True;True;False;True;False;[];['has_valid_base']
9a700324-cf62-4441-8954-cce01a8c6f1f;gss_inquire_mech_for_saslname@@gssapi_krb5_2_MIT;0x21590;0x191f8;0x0;TransmitterType.STORE;38;0;False;['0x21590', '0x215c4', '0x215d8', '0x191c0', '0x191f8'];<BV64 x0>;64;[('0x191f4', <Bool x0 != 0x0>, 'Taken'), ('0x215c0', <Bool x0 != 0x0>, 'Taken')];[];['<BV64 x0>'];[];['<BV64 x0>'];[];[];0;18446744073709551615;18446744073709551615;1;;;True;1;18446744073709551615;18446744073709551614;1;;;True;ControlType.CONTROLLED;0;;0;[];[];[];[];[];[];[];0.0;0.0;0.0;0.0;;;False;0.0;0.0;0.0;0.0;;;False;ControlType.UNKNOWN;0;;0;[];[];[];[];[];[];[];0;0;0;;;;False;0.0;0.0;0.0;0.0;;;False;ControlType.UNKNOWN;0;<BV64 x0>;64;[('0x191f4', <Bool x0 != 0x0>, 'Taken'), ('0x215c0', <Bool x0 != 0x0>, 'Taken')];[];['<BV64 x0>'];[];['<BV64 x0>'];[];[];0.0;1.8446744073709552e+19;18446744073709551615;1;;;True;1.0;1.8446744073709552e+19;18446744073709551614;1;;;True;ControlType.CONTROLLED;0;<BV64 x0>;64;[('0x191f4', <Bool x0 != 0x0>, 'Taken'), ('0x215c0', <Bool x0 != 0x0>, 'Taken')];[];['<BV64 x0>'];[];['<BV64 x0>'];[];[];0.0;1.8446744073709552e+19;1.8446744073709552e+19;1.0;;;True;1.0;1.8446744073709552e+19;1.8446744073709552e+19;1.0;;;True;ControlType.CONTROLLED;0;<BV64 x0>;64;[];[];[];[];[];[];[];0;0;0;;;;False;0;0;0;;;;False;ControlType.UNKNOWN;0;[('0x191f4', <Bool x0 != 0x0>, 'Taken'), ('0x215c0', <Bool x0 != 0x0>, 'Taken'), ('0x215d4', <Bool x2 != 0x0>, 'Taken'), ('0x215e8', <Bool True>, 'Taken')];{'regs': ['<BV64 x0>', '<BV64 x2>'], 'indirect_regs': [], 'direct_regs': ['<BV64 x0>', '<BV64 x2>'], 'mem': [], 'const_mem': []};[];{'regs': [], 'indirect_regs': [], 'direct_regs': [], 'mem': [], 'const_mem': []};{'regs': ['<BV64 x0>'], 'indirect_regs': [], 'direct_regs': ['<BV64 x0>'], 'mem': [], 'const_mem': []};{'regs': ['<BV64 x0>', '<BV64 x2>'], 'indirect_regs': [], 'direct_regs': ['<BV64 x0>', '<BV64 x2>'], 'mem': [], 'const_mem': []};63.0;0.0;64.0;64.0;[];;;;BaseControlType.NO_BASE;BaseControlType.NO_BASE;BaseControlType.NO_BASE;4;BranchControlType.BRANCH_DEPENDS_ON_SECRET_VALUE;BranchControlType.BRANCH_INDEPENDENT_FROM_SECRET;102904;True;False;True;True;True;False;False;True;True;False;False;False;True;False;True;True;True;False;True;False;[];['has_valid_base'];True;False;True;True;True;False;False;True;True;False;False;False;True;False;True;True;True;False;True;False;[];['has_valid_base']
4ce446d3-a8eb-457a-a953-4cba261ef1ea;gss_release_cred@@gssapi_krb5_2_MIT;0x1b890;0x1b8bc;0x1b8b4;TransmitterType.LOAD;12;1;False;['0x1b890', '0x1b8a4', '0x1b8b0', '0x1b8bc'];<BV64 LOAD_64[<BV64 x1>]_27>;64;[('0x1b8b8', <Bool LOAD_64[<BV64 x1>]_27 != 0x0>, 'Taken')];[];['<BV64 x1>'];"[""<BV64 x1>: ['0x0']""]";[];['<BV64 x1>'];[];0;18446744073709551615;18446744073709551615;1;;;True;1;18446744073709551615;18446744073709551614;1;;;True;ControlType.CONTROLLED;1;;0;[];[];[];[];[];[];[];0.0;0.0;0.0;0.0;;;False;0.0;0.0;0.0;0.0;;;False;ControlType.UNKNOWN;0;;0;[];[];[];[];[];[];[];0;0;0;;;;False;0.0;0.0;0.0;0.0;;;False;ControlType.UNKNOWN;0;<BV64 LOAD_64[<BV64 x1>]_27>;64;[('0x1b8b8', <Bool LOAD_64[<BV64 x1>]_27 != 0x0>, 'Taken')];[];['<BV64 x1>'];"[""<BV64 x1>: ['0x0']""]";[];['<BV64 x1>'];[];0.0;1.8446744073709552e+19;18446744073709551615;1;;;True;1.0;1.8446744073709552e+19;18446744073709551614;1;;;True;ControlType.CONTROLLED;1;<BV64 x1>;64;[('0x1b8ac', <Bool x1 != 0x0>, 'Taken')];[];['<BV64 x1>'];[];['<BV64 x1>'];[];[];0.0;1.8446744073709552e+19;1.8446744073709552e+19;1.0;;;True;1.0;1.8446744073709552e+19;1.8446744073709552e+19;1.0;;;True;ControlType.CONTROLLED;0;<BV64 LOAD_64[<BV64 x1>]_27>;64;[];[];[];[];[];[];[];0;0;0;;;;False;0;0;0;;;;False;ControlType.UNKNOWN;1;[('0x1b8a0', <Bool x0 != 0x0>, 'Taken'), ('0x1b8ac', <Bool x1 != 0x0>, 'Taken'), ('0x1b8b8', <Bool LOAD_64[<BV64 x1>]_27 != 0x0>, 'Taken')];{'regs': ['<BV64 x0>', '<BV64 x1>'], 'indirect_regs': [], 'direct_regs': ['<BV64 x0>', '<BV64 x1>'], 'mem': ['<BV64 x1>'], 'const_mem': []};[];{'regs': [], 'indirect_regs': [], 'direct_regs': [], 'mem': [], 'const_mem': []};{'regs': ['<BV64 x1>'], 'indirect_regs': [], 'direct_regs': ['<BV64 x1>'], 'mem': ['<BV64 x1>'], 'const_mem': []};{'regs': ['<BV64 x0>', '<BV64 x1>'], 'indirect_regs': [], 'direct_regs': ['<BV64 x0>', '<BV64 x1>'], 'mem': ['<BV64 x1>'], 'const_mem': []};63.0;0.0;64.0;64.0;[];;;;BaseControlType.NO_BASE;BaseControlType.NO_BASE;BaseControlType.NO_BASE;3;BranchControlType.BRANCH_DEPENDS_ON_SECRET_VALUE;BranchControlType.BRANCH_INDEPENDENT_FROM_SECRET;112828;True;False;True;True;True;False;False;True;True;False;False;False;True;False;True;True;True;False;True;False;[];['has_valid_base'];True;False;True;True;True;False;False;True;True;False;False;False;True;False;True;True;True;False;True;False;[];['has_valid_base']
d297482c-8e84-414f-917e-f39ae58ee598;gss_store_cred_into@@gssapi_krb5_2_MIT;0x1f9c0;0x1fc58;0x0;TransmitterType.STORE;31;0;False;['0x1f9c0', '0x1fa00', '0x1fa1c', '0x1fa24', '0x1fc4c'];<BV64 x0>;64;[('0x1f9fc', <Bool x0 != 0x0>, 'Taken')];[];['<BV64 x0>'];[];['<BV64 x0>'];[];[];0;18446744073709551615;18446744073709551615;1;;;True;1;18446744073709551615;18446744073709551614;1;;;True;ControlType.CONTROLLED;0;;0;[];[];[];[];[];[];[];0.0;0.0;0.0;0.0;;;False;0.0;0.0;0.0;0.0;;;False;ControlType.UNKNOWN;0;;0;[];[];[];[];[];[];[];0;0;0;;;;False;0.0;0.0;0.0;0.0;;;False;ControlType.UNKNOWN;0;<BV64 x0>;64;[('0x1f9fc', <Bool x0 != 0x0>, 'Taken')];[];['<BV64 x0>'];[];['<BV64 x0>'];[];[];0.0;1.8446744073709552e+19;18446744073709551615;1;;;True;1.0;1.8446744073709552e+19;18446744073709551614;1;;;True;ControlType.CONTROLLED;0;<BV64 x0>;64;[('0x1f9fc', <Bool x0 != 0x0>, 'Taken')];[];['<BV64 x0>'];[];['<BV64 x0>'];[];[];0.0;1.8446744073709552e+19;1.8446744073709552e+19;1.0;;;True;1.0;1.8446744073709552e+19;1.8446744073709552e+19;1.0;;;True;ControlType.CONTROLLED;0;<BV64 x0>;64;[];[];[];[];[];[];[];0;0;0;;;;False;0;0;0;;;;False;ControlType.UNKNOWN;0;[('0x1f9fc', <Bool x0 != 0x0>, 'Taken'), ('0x1fa18', <Bool x7 != 0x0>, 'Taken'), ('0x1fa20', <Bool x1 != 0x0>, 'Taken'), ('0x1fa28', <Bool 0x2 < x2[31:0]>, 'Taken')];{'regs': ['<BV64 x0>', '<BV64 x1>', '<BV64 x2>', '<BV64 x7>'], 'indirect_regs': [], 'direct_regs': ['<BV64 x0>', '<BV64 x1>', '<BV64 x2>', '<BV64 x7>'], 'mem': [], 'const_mem': []};[];{'regs': [], 'indirect_regs': [], 'direct_regs': [], 'mem': [], 'const_mem': []};{'regs': ['<BV64 x0>'], 'indirect_regs': [], 'direct_regs': ['<BV64 x0>'], 'mem': [], 'const_mem': []};{'regs': ['<BV64 x0>', '<BV64 x1>', '<BV64 x2>', '<BV64 x7>'], 'indirect_regs': [], 'direct_regs': ['<BV64 x0>', '<BV64 x1>', '<BV64 x2>', '<BV64 x7>'], 'mem': [], 'const_mem': []};63.0;0.0;64.0;64.0;[];;;;BaseControlType.NO_BASE;BaseControlType.NO_BASE;BaseControlType.NO_BASE;4;BranchControlType.BRANCH_DEPENDS_ON_SECRET_VALUE;BranchControlType.BRANCH_INDEPENDENT_FROM_SECRET;130136;True;False;True;True;True;False;False;True;True;False;False;False;True;False;True;True;True;False;True;False;[];['has_valid_base'];True;False;True;True;True;False;False;True;True;False;False;False;True;False;True;True;True;False;True;False;[];['has_valid_base']
571bcdd4-f7f2-46ab-b445-9dc5b3a1df60;gss_release_buffer_set@@gssapi_krb5_2_MIT;0x11670;0x10f64;0x10f3c;TransmitterType.LOAD;23;1;False;['0x11670', '0x11680', '0x10f30', '0x10f50'];<BV64 0x8 + LOAD_64[<BV64 x1>]_26>;64;[];[];['<BV64 x1>'];"[""<BV64 x1>: ['0x0']""]";[];['<BV64 x1>'];[];0;18446744073709551615;18446744073709551615;1;;;True;0;18446744073709551615;18446744073709551615;1;;;True;ControlType.CONTROLLED;1;<BV64 0x8>;64;[];[];[];[];[];[];[];8.0;8.0;0.0;1.0;;;True;8.0;8.0;0.0;1.0;;;True;ControlType.NO_CONTROL;0;<BV64 0x8>;64;[];[];[];[];[];[];[];8;8;0;1.0;;;True;8.0;8.0;0.0;1.0;;;True;ControlType.NO_CONTROL;0;<BV64 LOAD_64[<BV64 x1>]_26>;64;[];[];['<BV64 x1>'];"[""<BV64 x1>: ['0x0']""]";[];['<BV64 x1>'];[];0.0;1.8446744073709552e+19;18446744073709551615;1;;;True;0.0;1.8446744073709552e+19;18446744073709551615;1;;;True;ControlType.CONTROLLED;1;<BV64 x1>;64;[];[];['<BV64 x1>'];[];['<BV64 x1>'];[];[];0.0;1.8446744073709552e+19;1.8446744073709552e+19;1.0;;;True;0.0;1.8446744073709552e+19;1.8446744073709552e+19;1.0;;;True;ControlType.CONTROLLED;0;<BV64 LOAD_64[<BV64 x1>]_26>;64;[];[];[];[];[];[];[];0;0;0;;;;False;0;0;0;;;;False;ControlType.UNKNOWN;1;[('0x10f4c', <Bool LOAD_64[<BV64 LOAD_64[<BV64 x1>]_26>]_28 != 0x0>, 'Taken'), ('0x1167c', <Bool LOAD_64[<BV64 x1>]_21 != 0x0>, 'Taken'), ('0x11690', <Bool True>, 'Taken')];"{'regs': ['<BV64 x1>'], 'indirect_regs': [""<BV64 x1>: ['0x0', '0x0']""], 'direct_regs': [], 'mem': ['<BV64 LOAD_64[<BV64 x1>]_26>', '<BV64 x1>'], 'const_mem': []}";[];{'regs': [], 'indirect_regs': [], 'direct_regs': [], 'mem': [], 'const_mem': []};{'regs': ['<BV64 x1>'], 'indirect_regs': [], 'direct_regs': ['<BV64 x1>'], 'mem': ['<BV64 x1>'], 'const_mem': []};{'regs': ['<BV64 x1>'], 'indirect_regs': [], 'direct_regs': ['<BV64 x1>'], 'mem': ['<BV64 LOAD_64[<BV64 x1>]_26>', '<BV64 x1>'], 'const_mem': []};63.0;0.0;64.0;64.0;[];;;;BaseControlType.CONSTANT_BASE;BaseControlType.CONSTANT_BASE;BaseControlType.CONSTANT_BASE;3;BranchControlType.BRANCH_DEPENDS_ON_SECRET_VALUE;BranchControlType.BRANCH_INDEPENDENT_FROM_SECRET;69476;True;False;True;True;True;False;False;True;True;False;False;False;True;False;True;True;True;False;True;False;[];['has_valid_base'];True;False;True;True;True;False;False;True;True;False;False;False;True;False;True;True;True;False;True;False;[];['has_valid_base']
501af8f4-7e01-40ec-9711-4c6c57eacd6b;gss_export_sec_context@@gssapi_krb5_2_MIT;0x13ed0;0x13f2c;0x13f24;TransmitterType.LOAD;24;1;False;['0x13ed0', '0x13f08', '0x13f18', '0x13f20', '0x13f2c'];<BV64 0x10 + LOAD_64[<BV64 x1>]_36>;64;[('0x13f28', <Bool LOAD_64[<BV64 x1>]_36 != 0x0>, 'Taken')];[];['<BV64 x1>'];"[""<BV64 x1>: ['0x0']""]";[];['<BV64 x1>'];[];0;18446744073709551615;18446744073709551615;1;;;True;17;15;18446744073709551614;1;;;True;ControlType.CONTROLLED;1;<BV64 0x10>;64;[];[];[];[];[];[];[];16.0;16.0;0.0;1.0;;;True;16.0;16.0;0.0;1.0;;;True;ControlType.NO_CONTROL;0;<BV64 0x10>;64;[];[];[];[];[];[];[];16;16;0;1.0;;;True;16.0;16.0;0.0;1.0;;;True;ControlType.NO_CONTROL;0;<BV64 LOAD_64[<BV64 x1>]_36>;64;[('0x13f28', <Bool LOAD_64[<BV64 x1>]_36 != 0x0>, 'Taken')];[];['<BV64 x1>'];"[""<BV64 x1>: ['0x0']""]";[];['<BV64 x1>'];[];0.0;1.8446744073709552e+19;18446744073709551615;1;;;True;1.0;1.8446744073709552e+19;18446744073709551614;1;;;True;ControlType.CONTROLLED;1;<BV64 x1>;64;[('0x13f1c', <Bool x1 != 0x0>, 'Taken')];[];['<BV64 x1>'];[];['<BV64 x1>'];[];[];0.0;1.8446744073709552e+19;1.8446744073709552e+19;1.0;;;True;1.0;1.8446744073709552e+19;1.8446744073709552e+19;1.0;;;True;ControlType.CONTROLLED;0;<BV64 LOAD_64[<BV64 x1>]_36>;64;[];[];[];[];[];[];[];0;0;0;;;;False;0;0;0;;;;False;ControlType.UNKNOWN;1;[('0x13f04', <Bool x0 != 0x0>, 'Taken'), ('0x13f14', <Bool x2 != 0x0>, 'Taken'), ('0x13f1c', <Bool x1 != 0x0>, 'Taken'), ('0x13f28', <Bool LOAD_64[<BV64 x1>]_36 != 0x0>, 'Taken')];{'regs': ['<BV64 x0>', '<BV64 x1>', '<BV64 x2>'], 'indirect_regs': [], 'direct_regs': ['<BV64 x0>', '<BV64 x1>', '<BV64 x2>'], 'mem': ['<BV64 x1>'], 'const_mem': []};[];{'regs': [], 'indirect_regs': [], 'direct_regs': [], 'mem': [], 'const_mem': []};{'regs': ['<BV64 x1>'], 'indirect_regs': [], 'direct_regs': ['<BV64 x1>'], 'mem': ['<BV64 x1>'], 'const_mem': []};{'regs': ['<BV64 x0>', '<BV64 x1>', '<BV64 x2>'], 'indirect_regs': [], 'direct_regs': ['<BV64 x0>', '<BV64 x1>', '<BV64 x2>'], 'mem': ['<BV64 x1>'], 'const_mem': []};63.0;0.0;64.0;64.0;[];;;;BaseControlType.CONSTANT_BASE;BaseControlType.CONSTANT_BASE;BaseControlType.CONSTANT_BASE;4;BranchControlType.BRANCH_DEPENDS_ON_SECRET_VALUE;BranchControlType.BRANCH_INDEPENDENT_FROM_SECRET;81708;True;False;True;True;True;False;False;True;True;False;False;False;True;False;True;True;True;False;True;False;[];['has_valid_base'];True;False;True;True;True;False;False;True;True;False;False;False;True;False;True;True;True;False;True;False;[];['has_valid_base']
c745bb06-276f-4383-b0e2-1e3846cac802;gss_oid_equal@@gssapi_krb5_2_MIT;0x1ff70;0x1ffb0;0x0;TransmitterType.LOAD;16;0;False;['0x1ff70', '0x1ff80', '0x1ff9c'];<BV64 0x8 + x0>;64;[];[('0x1ff78', <Bool x0 != 0x0>, 'ConditionType.CMOVE'), ('0x1ff7c', <Bool x0 != 0x0>, 'ConditionType.CMOVE')];['<BV64 x0>'];[];['<BV64 x0>'];[];[];9;7;18446744073709551614;1;;;True;9;7;18446744073709551614;1;;;True;ControlType.CONTROLLED;0;<BV64 0x8>;64;[];[];[];[];[];[];[];8.0;8.0;0.0;1.0;;;True;8.0;8.0;0.0;1.0;;;True;ControlType.NO_CONTROL;0;<BV64 0x8>;64;[];[];[];[];[];[];[];8;8;0;1.0;;;True;8.0;8.0;0.0;1.0;;;True;ControlType.NO_CONTROL;0;<BV64 x0>;64;[];[('0x1ff78', <Bool x0 != 0x0>, 'ConditionType.CMOVE'), ('0x1ff7c', <Bool x0 != 0x0>, 'ConditionType.CMOVE')];['<BV64 x0>'];[];['<BV64 x0>'];[];[];1.0;1.8446744073709552e+19;18446744073709551614;1;;;True;1.0;1.8446744073709552e+19;18446744073709551614;1;;;True;ControlType.CONTROLLED;0;<BV64 x0>;64;[];[('0x1ff78', <Bool x0 != 0x0>, 'ConditionType.CMOVE'), ('0x1ff7c', <Bool x0 != 0x0>, 'ConditionType.CMOVE')];['<BV64 x0>'];[];['<BV64 x0>'];[];[];1.0;1.8446744073709552e+19;1.8446744073709552e+19;1.0;;;True;1.0;1.8446744073709552e+19;1.8446744073709552e+19;1.0;;;True;ControlType.CONTROLLED;0;<BV64 x0>;64;[];[];[];[];[];[];[];0;0;0;;;;False;0;0;0;;;;False;ControlType.UNKNOWN;0;[('0x1ff7c', <Bool True>, 'Taken'), ('0x1ff94', <Bool LOAD_32[<BV64 x0>]_21 == LOAD_32[<BV64 x1>]_20>, 'Taken')];"{'regs': ['<BV64 x0>', '<BV64 x1>'], 'indirect_regs': [""<BV64 x0>: ['0x0']"", ""<BV64 x1>: ['0x0']""], 'direct_regs': [], 'mem': ['<BV64 x0>', '<BV64 x1>'], 'const_mem': []}";[('0x1ff78', <Bool x0 != 0x0>, 'ConditionType.CMOVE'), ('0x1ff7c', <Bool x1 != 0x0>, 'ConditionType.UNKNOWN'), ('0x1ff7c', <Bool x0 != 0x0>, 'ConditionType.CMOVE')];{'regs': ['<BV64 x0>', '<BV64 x1>'], 'indirect_regs': [], 'direct_regs': ['<BV64 x0>', '<BV64 x1>'], 'mem': [], 'const_mem': []};{'regs': ['<BV64 x0>', '<BV64 x1>'], 'indirect_regs': [], 'direct_regs': ['<BV64 x0>', '<BV64 x1>'], 'mem': [], 'const_mem': []};{'regs': ['<BV64 x0>', '<BV64 x1>'], 'indirect_regs': [], 'direct_regs': ['<BV64 x0>', '<BV64 x1>'], 'mem': ['<BV64 x0>', '<BV64 x1>'], 'const_mem': []};63.0;0.0;64.0;64.0;[];;;;BaseControlType.CONSTANT_BASE;BaseControlType.CONSTANT_BASE;BaseControlType.CONSTANT_BASE;2;BranchControlType.BRANCH_DEPENDS_ON_SECRET_VALUE;BranchControlType.BRANCH_DEPENDS_ON_SECRET_VALUE;130992;True;False;True;False;True;False;False;True;True;False;False;False;True;False;True;True;True;False;True;False;[];['has_valid_base', 'is_cmove_independent_from_secret'];True;False;True;False;True;False;False;True;True;False;False;False;True;False;True;True;True;False;True;False;[];['has_valid_base', 'is_cmove_independent_from_secret']
388b6e71-608a-4de2-a007-b87a0078c80d;gss_inquire_mech_for_saslname@@gssapi_krb5_2_MIT;0x21590;0x191f8;0x0;TransmitterType.STORE;37;0;False;['0x21590', '0x215c4', '0x215dc', '0x191c0', '0x191f8'];<BV64 x0>;64;[('0x191f4', <Bool x0 != 0x0>, 'Taken'), ('0x215c0', <Bool x0 != 0x0>, 'Taken')];[];['<BV64 x0>'];[];['<BV64 x0>'];[];[];0;18446744073709551615;18446744073709551615;1;;;True;1;18446744073709551615;18446744073709551614;1;;;True;ControlType.CONTROLLED;0;;0;[];[];[];[];[];[];[];0.0;0.0;0.0;0.0;;;False;0.0;0.0;0.0;0.0;;;False;ControlType.UNKNOWN;0;;0;[];[];[];[];[];[];[];0;0;0;;;;False;0.0;0.0;0.0;0.0;;;False;ControlType.UNKNOWN;0;<BV64 x0>;64;[('0x191f4', <Bool x0 != 0x0>, 'Taken'), ('0x215c0', <Bool x0 != 0x0>, 'Taken')];[];['<BV64 x0>'];[];['<BV64 x0>'];[];[];0.0;1.8446744073709552e+19;18446744073709551615;1;;;True;1.0;1.8446744073709552e+19;18446744073709551614;1;;;True;ControlType.CONTROLLED;0;<BV64 x0>;64;[('0x191f4', <Bool x0 != 0x0>, 'Taken'), ('0x215c0', <Bool x0 != 0x0>, 'Taken')];[];['<BV64 x0>'];[];['<BV64 x0>'];[];[];0.0;1.8446744073709552e+19;1.8446744073709552e+19;1.0;;;True;1.0;1.8446744073709552e+19;1.8446744073709552e+19;1.0;;;True;ControlType.CONTROLLED;0;<BV64 x0>;64;[];[];[];[];[];[];[];0;0;0;;;;False;0;0;0;;;;False;ControlType.UNKNOWN;0;[('0x191f4', <Bool x0 != 0x0>, 'Taken'), ('0x215c0', <Bool x0 != 0x0>, 'Taken'), ('0x215d4', <Bool x2 == 0x0>, 'Taken'), ('0x215e8', <Bool True>, 'Taken')];{'regs': ['<BV64 x0>', '<BV64 x2>'], 'indirect_regs': [], 'direct_regs': ['<BV64 x0>', '<BV64 x2>'], 'mem': [], 'const_mem': []};[];{'regs': [], 'indirect_regs': [], 'direct_regs': [], 'mem': [], 'const_mem': []};{'regs': ['<BV64 x0>'], 'indirect_regs': [], 'direct_regs': ['<BV64 x0>'], 'mem': [], 'const_mem': []};{'regs': ['<BV64 x0>', '<BV64 x2>'], 'indirect_regs': [], 'direct_regs': ['<BV64 x0>', '<BV64 x2>'], 'mem': [], 'const_mem': []};63.0;0.0;64.0;64.0;[];;;;BaseControlType.NO_BASE;BaseControlType.NO_BASE;BaseControlType.NO_BASE;4;BranchControlType.BRANCH_DEPENDS_ON_SECRET_VALUE;BranchControlType.BRANCH_INDEPENDENT_FROM_SECRET;102904;True;False;True;True;True;False;False;True;True;False;False;False;True;False;True;True;True;False;True;False;[];['has_valid_base'];True;False;True;True;True;False;False;True;True;False;False;False;True;False;True;True;True;False;True;False;[];['has_valid_base']
ff435b77-2f38-4275-83f7-44c61b4bca80;gss_store_cred_into@@gssapi_krb5_2_MIT;0x1f9c0;0x1fc58;0x0;TransmitterType.STORE;30;0;False;['0x1f9c0', '0x1fa00', '0x1fa20', '0x1fa24', '0x1fc4c'];<BV64 x0>;64;[('0x1f9fc', <Bool x0 != 0x0>, 'Taken')];[];['<BV64 x0>'];[];['<BV64 x0>'];[];[];0;18446744073709551615;18446744073709551615;1;;;True;1;18446744073709551615;18446744073709551614;1;;;True;ControlType.CONTROLLED;0;;0;[];[];[];[];[];[];[];0.0;0.0;0.0;0.0;;;False;0.0;0.0;0.0;0.0;;;False;ControlType.UNKNOWN;0;;0;[];[];[];[];[];[];[];0;0;0;;;;False;0.0;0.0;0.0;0.0;;;False;ControlType.UNKNOWN;0;<BV64 x0>;64;[('0x1f9fc', <Bool x0 != 0x0>, 'Taken')];[];['<BV64 x0>'];[];['<BV64 x0>'];[];[];0.0;1.8446744073709552e+19;18446744073709551615;1;;;True;1.0;1.8446744073709552e+19;18446744073709551614;1;;;True;ControlType.CONTROLLED;0;<BV64 x0>;64;[('0x1f9fc', <Bool x0 != 0x0>, 'Taken')];[];['<BV64 x0>'];[];['<BV64 x0>'];[];[];0.0;1.8446744073709552e+19;1.8446744073709552e+19;1.0;;;True;1.0;1.8446744073709552e+19;1.8446744073709552e+19;1.0;;;True;ControlType.CONTROLLED;0;<BV64 x0>;64;[];[];[];[];[];[];[];0;0;0;;;;False;0;0;0;;;;False;ControlType.UNKNOWN;0;[('0x1f9fc', <Bool x0 != 0x0>, 'Taken'), ('0x1fa18', <Bool x7 == 0x0>, 'Taken'), ('0x1fa20', <Bool x1 != 0x0>, 'Taken'), ('0x1fa28', <Bool 0x2 < x2[31:0]>, 'Taken')];{'regs': ['<BV64 x0>', '<BV64 x1>', '<BV64 x2>', '<BV64 x7>'], 'indirect_regs': [], 'direct_regs': ['<BV64 x0>', '<BV64 x1>', '<BV64 x2>', '<BV64 x7>'], 'mem': [], 'const_mem': []};[];{'regs': [], 'indirect_regs': [], 'direct_regs': [], 'mem': [], 'const_mem': []};{'regs': ['<BV64 x0>'], 'indirect_regs': [], 'direct_regs': ['<BV64 x0>'], 'mem': [], 'const_mem': []};{'regs': ['<BV64 x0>', '<BV64 x1>', '<BV64 x2>', '<BV64 x7>'], 'indirect_regs': [], 'direct_regs': ['<BV64 x0>', '<BV64 x1>', '<BV64 x2>', '<BV64 x7>'], 'mem': [], 'const_mem': []};63.0;0.0;64.0;64.0;[];;;;BaseControlType.NO_BASE;BaseControlType.NO_BASE;BaseControlType.NO_BASE;4;BranchControlType.BRANCH_DEPENDS_ON_SECRET_VALUE;BranchControlType.BRANCH_INDEPENDENT_FROM_SECRET;130136;True;False;True;True;True;False;False;True;True;False;False;False;True;False;True;True;True;False;True;False;[];['has_valid_base'];True;False;True;True;True;False;False;True;True;False;False;False;True;False;True;True;True;False;True;False;[];['has_valid_base']
880ce232-244e-487e-ad8b-bc8b0ec0449b;gss_release_buffer_set@@gssapi_krb5_2_MIT;0x11670;0x10f70;0x10f64;TransmitterType.LOAD;26;2;False;['0x11670', '0x11680', '0x10f30', '0x10f50', '0x10f70'];<BV64 0x8 + LOAD_64[<BV64 LOAD_64[<BV64 x1>]_26 + 0x8>]_33>;64;[('0x10f6c', <Bool LOAD_64[<BV64 LOAD_64[<BV64 x1>]_26 + 0x8>]_33 != 0x0>, 'Taken')];[];['<BV64 x1>'];"[""<BV64 x1>: ['0x0']""]";[];['<BV64 LOAD_64[<BV64 x1>]_26 + 0x8>', '<BV64 x1>'];[];0;18446744073709551615;18446744073709551615;1;;;True;9;7;18446744073709551614;1;;;True;ControlType.CONTROLLED;2;<BV64 0x8>;64;[];[];[];[];[];[];[];8.0;8.0;0.0;1.0;;;True;8.0;8.0;0.0;1.0;;;True;ControlType.NO_CONTROL;0;<BV64 0x8>;64;[];[];[];[];[];[];[];8;8;0;1.0;;;True;8.0;8.0;0.0;1.0;;;True;ControlType.NO_CONTROL;0;<BV64 LOAD_64[<BV64 LOAD_64[<BV64 x1>]_26 + 0x8>]_33>;64;[('0x10f6c', <Bool LOAD_64[<BV64 LOAD_64[<BV64 x1>]_26 + 0x8>]_33 != 0x0>, 'Taken')];[];['<BV64 x1>'];"[""<BV64 x1>: ['0x0']""]";[];['<BV64 LOAD_64[<BV64 x1>]_26 + 0x8>', '<BV64 x1>'];[];0.0;1.8446744073709552e+19;18446744073709551615;1;;;True;1.0;1.8446744073709552e+19;18446744073709551614;1;;;True;ControlType.CONTROLLED;2;<BV64 LOAD_64[<BV64 x1>]_26 + 0x8>;64;[];[];['<BV64 x1>'];"[""<BV64 x1>: ['0x0']""]";[];['<BV64 x1>'];[];0.0;1.8446744073709552e+19;1.8446744073709552e+19;1.0;;;True;0.0;1.8446744073709552e+19;1.8446744073709552e+19;1.0;;;True;ControlType.CONTROLLED;1;<BV64 LOAD_64[<BV64 LOAD_64[<BV64 x1>]_26 + 0x8>]_33>;64;[];[];[];[];[];[];[];0;0;0;;;;False;0;0;0;;;;False;ControlType.UNKNOWN;2;[('0x10f4c', <Bool LOAD_64[<BV64 LOAD_64[<BV64 x1>]_26>]_28 != 0x0>, 'Taken'), ('0x10f6c', <Bool LOAD_64[<BV64 LOAD_64[<BV64 x1>]_26 + 0x8>]_33 != 0x0>, 'Taken'), ('0x1167c', <Bool LOAD_64[<BV64 x1>]_21 != 0x0>, 'Taken'), ('0x11690', <Bool True>, 'Taken')];"{'regs': ['<BV64 x1>'], 'indirect_regs': [""<BV64 x1>: ['0x0', '0x0', '0x0']""], 'direct_regs': [], 'mem': ['<BV64 LOAD_64[<BV64 x1>]_26 + 0x8>', '<BV64 LOAD_64[<BV64 x1>]_26>', '<BV64 x1>'], 'const_mem': []}";[];{'regs': [], 'indirect_regs': [], 'direct_regs': [], 'mem': [], 'const_mem': []};"{'regs': ['<BV64 x1>'], 'indirect_regs': [""<BV64 x1>: ['0x0', '0x0']""], 'direct_regs': [], 'mem': ['<BV64 LOAD_64[<BV64 x1>]_26 + 0x8>', '<BV64 x1>'], 'const_mem': []}";"{'regs': ['<BV64 x1>'], 'indirect_regs': [""<BV64 x1>: ['0x0', '0x0', '0x0', '0x0', '0x0']""], 'direct_regs': [], 'mem': ['<BV64 LOAD_64[<BV64 x1>]_26 + 0x8>', '<BV64 LOAD_64[<BV64 x1>]_26>', '<BV64 x1>'], 'const_mem': []}";63.0;0.0;64.0;64.0;[];;;;BaseControlType.CONSTANT_BASE;BaseControlType.CONSTANT_BASE;BaseControlType.CONSTANT_BASE;4;BranchControlType.BRANCH_DEPENDS_ON_SECRET_VALUE;BranchControlType.BRANCH_INDEPENDENT_FROM_SECRET;69488;True;False;True;True;True;False;False;True;True;False;False;False;True;False;True;True;True;False;True;False;[];['has_valid_base'];True;False;True;True;True;False;False;True;True;False;False;False;True;False;True;True;True;False;True;False;[];['has_valid_base']
a5fa9083-6848-470c-8035-8707ec29ed5b;gss_release_cred@@gssapi_krb5_2_MIT;0x1b890;0x1b8cc;0x1b8b4;TransmitterType.LOAD;16;1;False;['0x1b890', '0x1b8a4', '0x1b8b0', '0x1b8bc', '0x1b8cc'];<BV64 0x8 + LOAD_64[<BV64 x1>]_27>;64;[('0x1b8b8', <Bool LOAD_64[<BV64 x1>]_27 != 0x0>, 'Taken'), ('0x1b8c8', <Bool LOAD_64[<BV64 LOAD_64[<BV64 x1>]_27>]_28 == LOAD_64[<BV64 x1>]_27>, 'Taken')];[];['<BV64 x1>'];"[""<BV64 x1>: ['0x0']""]";[];['<BV64 x1>'];[];0;18446744073709551615;18446744073709551615;1;;;True;0;18446744073709551615;18446744073709551615;1;;;False;ControlType.CONTROLLED;1;<BV64 0x8>;64;[];[];[];[];[];[];[];8.0;8.0;0.0;1.0;;;True;8.0;8.0;0.0;1.0;;;True;ControlType.NO_CONTROL;0;<BV64 0x8>;64;[];[];[];[];[];[];[];8;8;0;1.0;;;True;8.0;8.0;0.0;1.0;;;True;ControlType.NO_CONTROL;0;<BV64 LOAD_64[<BV64 x1>]_27>;64;[('0x1b8b8', <Bool LOAD_64[<BV64 x1>]_27 != 0x0>, 'Taken'), ('0x1b8c8', <Bool LOAD_64[<BV64 LOAD_64[<BV64 x1>]_27>]_28 == LOAD_64[<BV64 x1>]_27>, 'Taken')];[];['<BV64 x1>'];"[""<BV64 x1>: ['0x0']""]";[];['<BV64 x1>'];[];0.0;1.8446744073709552e+19;18446744073709551615;1;;;True;1.0;1.8446744073709552e+19;18446744073709551614;1;;;False;ControlType.CONTROLLED;1;<BV64 x1>;64;[('0x1b8ac', <Bool x1 != 0x0>, 'Taken')];[];['<BV64 x1>'];[];['<BV64 x1>'];[];[];0.0;1.8446744073709552e+19;1.8446744073709552e+19;1.0;;;True;1.0;1.8446744073709552e+19;1.8446744073709552e+19;1.0;;;True;ControlType.CONTROLLED;0;<BV64 LOAD_64[<BV64 x1>]_27>;64;[];[];[];[];[];[];[];0;0;0;;;;False;0;0;0;;;;False;ControlType.UNKNOWN;1;[('0x1b8a0', <Bool x0 != 0x0>, 'Taken'), ('0x1b8ac', <Bool x1 != 0x0>, 'Taken'), ('0x1b8b8', <Bool LOAD_64[<BV64 x1>]_27 != 0x0>, 'Taken'), ('0x1b8c8', <Bool LOAD_64[<BV64 LOAD_64[<BV64 x1>]_27>]_28 == LOAD_64[<BV64 x1>]_27>, 'Taken')];{'regs': ['<BV64 x0>', '<BV64 x1>'], 'indirect_regs': [], 'direct_regs': ['<BV64 x0>', '<BV64 x1>'], 'mem': ['<BV64 LOAD_64[<BV64 x1>]_27>', '<BV64 x1>'], 'const_mem': []};[];{'regs': [], 'indirect_regs': [], 'direct_regs': [], 'mem': [], 'const_mem': []};{'regs': ['<BV64 x1>'], 'indirect_regs': [], 'direct_regs': ['<BV64 x1>'], 'mem': ['<BV64 x1>'], 'const_mem': []};{'regs': ['<BV64 x0>', '<BV64 x1>'], 'indirect_regs': [], 'direct_regs': ['<BV64 x0>', '<BV64 x1>'], 'mem': ['<BV64 LOAD_64[<BV64 x1>]_27>', '<BV64 x1>'], 'const_mem': []};63.0;0.0;64.0;64.0;[];;;;BaseControlType.CONSTANT_BASE;BaseControlType.CONSTANT_BASE;BaseControlType.CONSTANT_BASE;4;BranchControlType.BRANCH_DEPENDS_ON_SECRET_VALUE;BranchControlType.BRANCH_INDEPENDENT_FROM_SECRET;112844;True;False;True;True;True;False;False;True;True;False;False;False;True;False;True;True;True;False;True;False;[];['has_valid_base'];True;False;True;True;True;False;False;True;True;False;False;False;True;False;True;True;True;False;True;False;[];['has_valid_base']
6ae1912c-42e1-46de-b426-cc06dd12b34e;gss_release_buffer_set@@gssapi_krb5_2_MIT;0x11670;0x10f8c;0x10f3c;TransmitterType.LOAD;27;1;False;['0x11670', '0x11680', '0x10f30', '0x10f50', '0x10f88'];<BV64 LOAD_64[<BV64 x1>]_26>;64;[];[];['<BV64 x1>'];"[""<BV64 x1>: ['0x0']""]";[];['<BV64 x1>'];[];0;18446744073709551615;18446744073709551615;1;;;True;0;18446744073709551615;18446744073709551615;1;;;True;ControlType.CONTROLLED;1;;0;[];[];[];[];[];[];[];0.0;0.0;0.0;0.0;;;False;0.0;0.0;0.0;0.0;;;False;ControlType.UNKNOWN;0;;0;[];[];[];[];[];[];[];0;0;0;;;;False;0.0;0.0;0.0;0.0;;;False;ControlType.UNKNOWN;0;<BV64 LOAD_64[<BV64 x1>]_26>;64;[];[];['<BV64 x1>'];"[""<BV64 x1>: ['0x0']""]";[];['<BV64 x1>'];[];0.0;1.8446744073709552e+19;18446744073709551615;1;;;True;0.0;1.8446744073709552e+19;18446744073709551615;1;;;True;ControlType.CONTROLLED;1;<BV64 x1>;64;[];[];['<BV64 x1>'];[];['<BV64 x1>'];[];[];0.0;1.8446744073709552e+19;1.8446744073709552e+19;1.0;;;True;0.0;1.8446744073709552e+19;1.8446744073709552e+19;1.0;;;True;ControlType.CONTROLLED;0;<BV64 LOAD_64[<BV64 x1>]_26>;64;[];[];[];[];[];[];[];0;0;0;;;;False;0;0;0;;;;False;ControlType.UNKNOWN;1;[('0x10f4c', <Bool LOAD_64[<BV64 LOAD_64[<BV64 x1>]_26>]_28 != 0x0>, 'Taken'), ('0x10f6c', <Bool LOAD_64[<BV64 LOAD_64[<BV64 x1>]_26 + 0x8>]_33 == 0x0>, 'Taken'), ('0x1167c', <Bool LOAD_64[<BV64 x1>]_21 != 0x0>, 'Taken'), ('0x11690', <Bool True>, 'Taken')];"{'regs': ['<BV64 x1>'], 'indirect_regs': [""<BV64 x1>: ['0x0', '0x0', '0x0']""], 'direct_regs': [], 'mem': ['<BV64 LOAD_64[<BV64 x1>]_26 + 0x8>', '<BV64 LOAD_64[<BV64 x1>]_26>', '<BV64 x1>'], 'const_mem': []}";[];{'regs': [], 'indirect_regs': [], 'direct_regs': [], 'mem': [], 'const_mem': []};{'regs': ['<BV64 x1>'], 'indirect_regs': [], 'direct_regs': ['<BV64 x1>'], 'mem': ['<BV64 x1>'], 'const_mem': []};{'regs': ['<BV64 x1>'], 'indirect_regs': [], 'direct_regs': ['<BV64 x1>'], 'mem': ['<BV64 LOAD_64[<BV64 x1>]_26 + 0x8>', '<BV64 LOAD_64[<BV64 x1>]_26>', '<BV64 x1>'], 'const_mem': []};63.0;0.0;64.0;64.0;[];;;;BaseControlType.NO_BASE;BaseControlType.NO_BASE;BaseControlType.NO_BASE;4;BranchControlType.BRANCH_DEPENDS_ON_SECRET_VALUE;BranchControlType.BRANCH_INDEPENDENT_FROM_SECRET;69516;True;False;True;True;True;False;False;True;True;False;False;False;True;False;True;True;True;False;True;False;[];['has_valid_base'];True;False;True;True;True;False;False;True;True;False;False;False;True;False;True;True;True;False;True;False;[];['has_valid_base']
e2d9bbbc-7b17-4c28-b480-0c5b90231c1c;gss_delete_sec_context@@gssapi_krb5_2_MIT;0x13020;0x1305c;0x13054;TransmitterType.LOAD;15;1;False;['0x13020', '0x13038', '0x13050', '0x13054', '0x1305c'];<BV64 LOAD_64[<BV64 x1>]_43>;64;[('0x13058', <Bool LOAD_64[<BV64 x1>]_43 != 0x0>, 'Taken')];[];['<BV64 x1>'];"[""<BV64 x1>: ['0x0']""]";[];['<BV64 x1>'];[];0;18446744073709551615;18446744073709551615;1;;;True;1;18446744073709551615;18446744073709551614;1;;;True;ControlType.CONTROLLED;1;;0;[];[];[];[];[];[];[];0.0;0.0;0.0;0.0;;;False;0.0;0.0;0.0;0.0;;;False;ControlType.UNKNOWN;0;;0;[];[];[];[];[];[];[];0;0;0;;;;False;0.0;0.0;0.0;0.0;;;False;ControlType.UNKNOWN;0;<BV64 LOAD_64[<BV64 x1>]_43>;64;[('0x13058', <Bool LOAD_64[<BV64 x1>]_43 != 0x0>, 'Taken')];[];['<BV64 x1>'];"[""<BV64 x1>: ['0x0']""]";[];['<BV64 x1>'];[];0.0;1.8446744073709552e+19;18446744073709551615;1;;;True;1.0;1.8446744073709552e+19;18446744073709551614;1;;;True;ControlType.CONTROLLED;1;<BV64 x1>;64;[('0x13050', <Bool x1 != 0x0>, 'Taken')];[];['<BV64 x1>'];[];['<BV64 x1>'];[];[];0.0;1.8446744073709552e+19;1.8446744073709552e+19;1.0;;;True;1.0;1.8446744073709552e+19;1.8446744073709552e+19;1.0;;;True;ControlType.CONTROLLED;0;<BV64 LOAD_64[<BV64 x1>]_43>;64;[];[];[];[];[];[];[];0;0;0;;;;False;0;0;0;;;;False;ControlType.UNKNOWN;1;[('0x13034', <Bool x0 != 0x0>, 'Taken'), ('0x13048', <Bool x2 == 0x0>, 'Taken'), ('0x13050', <Bool x1 != 0x0>, 'Taken'), ('0x13058', <Bool LOAD_64[<BV64 x1>]_43 != 0x0>, 'Taken')];{'regs': ['<BV64 x0>', '<BV64 x1>', '<BV64 x2>'], 'indirect_regs': [], 'direct_regs': ['<BV64 x0>', '<BV64 x1>', '<BV64 x2>'], 'mem': ['<BV64 x1>'], 'const_mem': []};[];{'regs': [], 'indirect_regs': [], 'direct_regs': [], 'mem': [], 'const_mem': []};{'regs': ['<BV64 x1>'], 'indirect_regs': [], 'direct_regs': ['<BV64 x1>'], 'mem': ['<BV64 x1>'], 'const_mem': []};{'regs': ['<BV64 x0>', '<BV64 x1>', '<BV64 x2>'], 'indirect_regs': [], 'direct_regs': ['<BV64 x0>', '<BV64 x1>', '<BV64 x2>'], 'mem': ['<BV64 x1>'], 'const_mem': []};63.0;0.0;64.0;64.0;[];;;;BaseControlType.NO_BASE;BaseControlType.NO_BASE;BaseControlType.NO_BASE;4;BranchControlType.BRANCH_DEPENDS_ON_SECRET_VALUE;BranchControlType.BRANCH_INDEPENDENT_FROM_SECRET;77916;True;False;True;True;True;False;False;True;True;False;False;False;True;False;True;True;True;False;True;False;[];['has_valid_base'];True;False;True;True;True;False;False;True;True;False;False;False;True;False;True;True;True;False;True;False;[];['has_valid_base']
63c9d82b-238e-4b4f-b25d-d507f734fdfc;gss_release_buffer_set@@gssapi_krb5_2_MIT;0x11670;0x10fa0;0x10f3c;TransmitterType.LOAD;18;1;False;['0x11670', '0x11680', '0x10f30', '0x10fa0'];<BV64 0x8 + LOAD_64[<BV64 x1>]_26>;64;[];[];['<BV64 x1>'];"[""<BV64 x1>: ['0x0']""]";[];['<BV64 x1>'];[];0;18446744073709551615;18446744073709551615;1;;;True;0;18446744073709551615;18446744073709551615;1;;;True;ControlType.CONTROLLED;1;<BV64 0x8>;64;[];[];[];[];[];[];[];8.0;8.0;0.0;1.0;;;True;8.0;8.0;0.0;1.0;;;True;ControlType.NO_CONTROL;0;<BV64 0x8>;64;[];[];[];[];[];[];[];8;8;0;1.0;;;True;8.0;8.0;0.0;1.0;;;True;ControlType.NO_CONTROL;0;<BV64 LOAD_64[<BV64 x1>]_26>;64;[];[];['<BV64 x1>'];"[""<BV64 x1>: ['0x0']""]";[];['<BV64 x1>'];[];0.0;1.8446744073709552e+19;18446744073709551615;1;;;True;0.0;1.8446744073709552e+19;18446744073709551615;1;;;True;ControlType.CONTROLLED;1;<BV64 x1>;64;[];[];['<BV64 x1>'];[];['<BV64 x1>'];[];[];0.0;1.8446744073709552e+19;1.8446744073709552e+19;1.0;;;True;0.0;1.8446744073709552e+19;1.8446744073709552e+19;1.0;;;True;ControlType.CONTROLLED;0;<BV64 LOAD_64[<BV64 x1>]_26>;64;[];[];[];[];[];[];[];0;0;0;;;;False;0;0;0;;;;False;ControlType.UNKNOWN;1;[('0x10f4c', <Bool LOAD_64[<BV64 LOAD_64[<BV64 x1>]_26>]_28 == 0x0>, 'Taken'), ('0x1167c', <Bool LOAD_64[<BV64 x1>]_21 != 0x0>, 'Taken'), ('0x11690', <Bool True>, 'Taken')];"{'regs': ['<BV64 x1>'], 'indirect_regs': [""<BV64 x1>: ['0x0', '0x0']""], 'direct_regs': [], 'mem': ['<BV64 LOAD_64[<BV64 x1>]_26>', '<BV64 x1>'], 'const_mem': []}";[];{'regs': [], 'indirect_regs': [], 'direct_regs': [], 'mem': [], 'const_mem': []};{'regs': ['<BV64 x1>'], 'indirect_regs': [], 'direct_regs': ['<BV64 x1>'], 'mem': ['<BV64 x1>'], 'const_mem': []};{'regs': ['<BV64 x1>'], 'indirect_regs': [], 'direct_regs': ['<BV64 x1>'], 'mem': ['<BV64 LOAD_64[<BV64 x1>]_26>', '<BV64 x1>'], 'const_mem': []};63.0;0.0;64.0;64.0;[];;;;BaseControlType.CONSTANT_BASE;BaseControlType.CONSTANT_BASE;BaseControlType.CONSTANT_BASE;3;BranchControlType.BRANCH_DEPENDS_ON_SECRET_VALUE;BranchControlType.BRANCH_INDEPENDENT_FROM_SECRET;69536;True;False;True;True;True;False;False;True;True;False;False;False;True;False;True;True;True;False;True;False;[];['has_valid_base'];True;False;True;True;True;False;False;True;True;False;False;False;True;False;True;True;True;False;True;False;[];['has_valid_base']
3980d6ab-cc42-477a-a2c8-e91f4a6b0515;gssint_g_seqstate_init@@gssapi_krb5_2_MIT;0x10fd4;0x11000;0x0;TransmitterType.STORE;12;0;False;['0x10fd4'];<BV64 x0>;64;[];[];['<BV64 x0>'];[];['<BV64 x0>'];[];[];0;18446744073709551615;18446744073709551615;1;;;True;0;18446744073709551615;18446744073709551615;1;;;True;ControlType.CONTROLLED;0;;0;[];[];[];[];[];[];[];0.0;0.0;0.0;0.0;;;False;0.0;0.0;0.0;0.0;;;False;ControlType.UNKNOWN;0;;0;[];[];[];[];[];[];[];0;0;0;;;;False;0.0;0.0;0.0;0.0;;;False;ControlType.UNKNOWN;0;<BV64 x0>;64;[];[];['<BV64 x0>'];[];['<BV64 x0>'];[];[];0.0;1.8446744073709552e+19;18446744073709551615;1;;;True;0.0;1.8446744073709552e+19;18446744073709551615;1;;;True;ControlType.CONTROLLED;0;<BV64 x0>;64;[];[];['<BV64 x0>'];[];['<BV64 x0>'];[];[];0.0;1.8446744073709552e+19;1.8446744073709552e+19;1.0;;;True;0.0;1.8446744073709552e+19;1.8446744073709552e+19;1.0;;;True;ControlType.CONTROLLED;0;<BV64 x0>;64;[];[];[];[];[];[];[];0;0;0;;;;False;0;0;0;;;;False;ControlType.UNKNOWN;0;[];{'regs': [], 'indirect_regs': [], 'direct_regs': [], 'mem': [], 'const_mem': []};[];{'regs': [], 'indirect_regs': [], 'direct_regs': [], 'mem': [], 'const_mem': []};{'regs': ['<BV64 x0>'], 'indirect_regs': [], 'direct_regs': ['<BV64 x0>'], 'mem': [], 'const_mem': []};{'regs': ['<BV64 x0>'], 'indirect_regs': [], 'direct_regs': ['<BV64 x0>'], 'mem': [], 'const_mem': []};63.0;0.0;64.0;64.0;[];;;;BaseControlType.NO_BASE;BaseControlType.NO_BASE;BaseControlType.NO_BASE;0;BranchControlType.BRANCH_INDEPENDENT_FROM_SECRET;BranchControlType.BRANCH_INDEPENDENT_FROM_SECRET;69632;True;False;True;True;True;False;False;True;True;False;False;False;True;False;True;False;True;False;True;False;[];['has_valid_base'];True;False;True;True;True;False;False;True;True;False;False;False;True;False;True;False;True;False;True;False;[];['has_valid_base']
b3ae0942-a8b8-4066-b7bc-c6a95c111920;gss_canonicalize_name@@gssapi_krb5_2_MIT;0x153f0;0x15434;0x0;TransmitterType.STORE;18;0;False;['0x153f0', '0x15428'];<BV64 x0>;64;[('0x15424', <Bool x0 != 0x0>, 'Taken')];[];['<BV64 x0>'];[];['<BV64 x0>'];[];[];0;18446744073709551615;18446744073709551615;1;;;True;1;18446744073709551615;18446744073709551614;1;;;True;ControlType.CONTROLLED;0;;0;[];[];[];[];[];[];[];0.0;0.0;0.0;0.0;;;False;0.0;0.0;0.0;0.0;;;False;ControlType.UNKNOWN;0;;0;[];[];[];[];[];[];[];0;0;0;;;;False;0.0;0.0;0.0;0.0;;;False;ControlType.UNKNOWN;0;<BV64 x0>;64;[('0x15424', <Bool x0 != 0x0>, 'Taken')];[];['<BV64 x0>'];[];['<BV64 x0>'];[];[];0.0;1.8446744073709552e+19;18446744073709551615;1;;;True;1.0;1.8446744073709552e+19;18446744073709551614;1;;;True;ControlType.CONTROLLED;0;<BV64 x0>;64;[('0x15424', <Bool x0 != 0x0>, 'Taken')];[];['<BV64 x0>'];[];['<BV64 x0>'];[];[];0.0;1.8446744073709552e+19;1.8446744073709552e+19;1.0;;;True;1.0;1.8446744073709552e+19;1.8446744073709552e+19;1.0;;;True;ControlType.CONTROLLED;0;<BV64 x0>;64;[];[];[];[];[];[];[];0;0;0;;;;False;0;0;0;;;;False;ControlType.UNKNOWN;0;[('0x15424', <Bool x0 != 0x0>, 'Taken')];{'regs': ['<BV64 x0>'], 'indirect_regs': [], 'direct_regs': ['<BV64 x0>'], 'mem': [], 'const_mem': []};[];{'regs': [], 'indirect_regs': [], 'direct_regs': [], 'mem': [], 'const_mem': []};{'regs': ['<BV64 x0>'], 'indirect_regs': [], 'direct_regs': ['<BV64 x0>'], 'mem': [], 'const_mem': []};{'regs': ['<BV64 x0>'], 'indirect_regs': [], 'direct_regs': ['<BV64 x0>'], 'mem': [], 'const_mem': []};63.0;0.0;64.0;64.0;[];;;;BaseControlType.NO_BASE;BaseControlType.NO_BASE;BaseControlType.NO_BASE;1;BranchControlType.BRANCH_DEPENDS_ON_SECRET_VALUE;BranchControlType.BRANCH_INDEPENDENT_FROM_SECRET;87092;True;False;True;True;True;False;False;True;True;False;False;False;True;False;True;True;True;False;True;False;[];['has_valid_base'];True;False;True;True;True;False;False;True;True;False;False;False;True;False;True;True;True;False;True;False;[];['has_valid_base']
898d8496-186c-43ca-9b12-c12feeacb704;gss_acquire_cred_from@@gssapi_krb5_2_MIT;0x179e4;0x17a40;0x0;TransmitterType.STORE;24;0;False;['0x179e4', '0x17a38'];<BV64 x0>;64;[('0x17a34', <Bool x0 != 0x0>, 'Taken')];[];['<BV64 x0>'];[];['<BV64 x0>'];[];[];0;18446744073709551615;18446744073709551615;1;;;True;1;18446744073709551615;18446744073709551614;1;;;True;ControlType.CONTROLLED;0;;0;[];[];[];[];[];[];[];0.0;0.0;0.0;0.0;;;False;0.0;0.0;0.0;0.0;;;False;ControlType.UNKNOWN;0;;0;[];[];[];[];[];[];[];0;0;0;;;;False;0.0;0.0;0.0;0.0;;;False;ControlType.UNKNOWN;0;<BV64 x0>;64;[('0x17a34', <Bool x0 != 0x0>, 'Taken')];[];['<BV64 x0>'];[];['<BV64 x0>'];[];[];0.0;1.8446744073709552e+19;18446744073709551615;1;;;True;1.0;1.8446744073709552e+19;18446744073709551614;1;;;True;ControlType.CONTROLLED;0;<BV64 x0>;64;[('0x17a34', <Bool x0 != 0x0>, 'Taken')];[];['<BV64 x0>'];[];['<BV64 x0>'];[];[];0.0;1.8446744073709552e+19;1.8446744073709552e+19;1.0;;;True;1.0;1.8446744073709552e+19;1.8446744073709552e+19;1.0;;;True;ControlType.CONTROLLED;0;<BV64 x0>;64;[];[];[];[];[];[];[];0;0;0;;;;False;0;0;0;;;;False;ControlType.UNKNOWN;0;[('0x17a34', <Bool x0 != 0x0>, 'Taken')];{'regs': ['<BV64 x0>'], 'indirect_regs': [], 'direct_regs': ['<BV64 x0>'], 'mem': [], 'const_mem': []};[];{'regs': [], 'indirect_regs': [], 'direct_regs': [], 'mem': [], 'const_mem': []};{'regs': ['<BV64 x0>'], 'indirect_regs': [], 'direct_regs': ['<BV64 x0>'], 'mem': [], 'const_mem': []};{'regs': ['<BV64 x0>'], 'indirect_regs': [], 'direct_regs': ['<BV64 x0>'], 'mem': [], 'const_mem': []};63.0;0.0;64.0;64.0;[];;;;BaseControlType.NO_BASE;BaseControlType.NO_BASE;BaseControlType.NO_BASE;1;BranchControlType.BRANCH_DEPENDS_ON_SECRET_VALUE;BranchControlType.BRANCH_INDEPENDENT_FROM_SECRET;96832;True;False;True;True;True;False;False;True;True;False;False;False;True;False;True;True;True;False;True;False;[];['has_valid_base'];True;False;True;True;True;False;False;True;True;False;False;False;True;False;True;True;True;False;True;False;[];['has_valid_base']
00bdfd2e-da67-46f8-b80a-61514819f080;gss_display_status@@gssapi_krb5_2_MIT;0x13590;0x135d0;0x0;TransmitterType.STORE;17;0;False;['0x13590', '0x135c8'];<BV64 x0>;64;[('0x135c4', <Bool x0 != 0x0>, 'Taken')];[];['<BV64 x0>'];[];['<BV64 x0>'];[];[];0;18446744073709551615;18446744073709551615;1;;;True;1;18446744073709551615;18446744073709551614;1;;;True;ControlType.CONTROLLED;0;;0;[];[];[];[];[];[];[];0.0;0.0;0.0;0.0;;;False;0.0;0.0;0.0;0.0;;;False;ControlType.UNKNOWN;0;;0;[];[];[];[];[];[];[];0;0;0;;;;False;0.0;0.0;0.0;0.0;;;False;ControlType.UNKNOWN;0;<BV64 x0>;64;[('0x135c4', <Bool x0 != 0x0>, 'Taken')];[];['<BV64 x0>'];[];['<BV64 x0>'];[];[];0.0;1.8446744073709552e+19;18446744073709551615;1;;;True;1.0;1.8446744073709552e+19;18446744073709551614;1;;;True;ControlType.CONTROLLED;0;<BV64 x0>;64;[('0x135c4', <Bool x0 != 0x0>, 'Taken')];[];['<BV64 x0>'];[];['<BV64 x0>'];[];[];0.0;1.8446744073709552e+19;1.8446744073709552e+19;1.0;;;True;1.0;1.8446744073709552e+19;1.8446744073709552e+19;1.0;;;True;ControlType.CONTROLLED;0;<BV64 x0>;64;[];[];[];[];[];[];[];0;0;0;;;;False;0;0;0;;;;False;ControlType.UNKNOWN;0;[('0x135c4', <Bool x0 != 0x0>, 'Taken')];{'regs': ['<BV64 x0>'], 'indirect_regs': [], 'direct_regs': ['<BV64 x0>'], 'mem': [], 'const_mem': []};[];{'regs': [], 'indirect_regs': [], 'direct_regs': [], 'mem': [], 'const_mem': []};{'regs': ['<BV64 x0>'], 'indirect_regs': [], 'direct_regs': ['<BV64 x0>'], 'mem': [], 'const_mem': []};{'regs': ['<BV64 x0>'], 'indirect_regs': [], 'direct_regs': ['<BV64 x0>'], 'mem': [], 'const_mem': []};63.0;0.0;64.0;64.0;[];;;;BaseControlType.NO_BASE;BaseControlType.NO_BASE;BaseControlType.NO_BASE;1;BranchControlType.BRANCH_DEPENDS_ON_SECRET_VALUE;BranchControlType.BRANCH_INDEPENDENT_FROM_SECRET;79312;True;False;True;True;True;False;False;True;True;False;False;False;True;False;True;True;True;False;True;False;[];['has_valid_base'];True;False;True;True;True;False;False;True;True;False;False;False;True;False;True;True;True;False;True;False;[];['has_valid_base']
38b8d3c8-889d-44dd-b93e-622748dff90f;gss_accept_sec_context@@gssapi_krb5_2_MIT;0x127a4;0x12818;0x0;TransmitterType.STORE;30;0;False;['0x127a4', '0x12818'];<BV64 x0>;64;[('0x12814', <Bool x0 != 0x0>, 'Taken')];[];['<BV64 x0>'];[];['<BV64 x0>'];[];[];0;18446744073709551615;18446744073709551615;1;;;True;1;18446744073709551615;18446744073709551614;1;;;True;ControlType.CONTROLLED;0;;0;[];[];[];[];[];[];[];0.0;0.0;0.0;0.0;;;False;0.0;0.0;0.0;0.0;;;False;ControlType.UNKNOWN;0;;0;[];[];[];[];[];[];[];0;0;0;;;;False;0.0;0.0;0.0;0.0;;;False;ControlType.UNKNOWN;0;<BV64 x0>;64;[('0x12814', <Bool x0 != 0x0>, 'Taken')];[];['<BV64 x0>'];[];['<BV64 x0>'];[];[];0.0;1.8446744073709552e+19;18446744073709551615;1;;;True;1.0;1.8446744073709552e+19;18446744073709551614;1;;;True;ControlType.CONTROLLED;0;<BV64 x0>;64;[('0x12814', <Bool x0 != 0x0>, 'Taken')];[];['<BV64 x0>'];[];['<BV64 x0>'];[];[];0.0;1.8446744073709552e+19;1.8446744073709552e+19;1.0;;;True;1.0;1.8446744073709552e+19;1.8446744073709552e+19;1.0;;;True;ControlType.CONTROLLED;0;<BV64 x0>;64;[];[];[];[];[];[];[];0;0;0;;;;False;0;0;0;;;;False;ControlType.UNKNOWN;0;[('0x12814', <Bool x0 != 0x0>, 'Taken')];{'regs': ['<BV64 x0>'], 'indirect_regs': [], 'direct_regs': ['<BV64 x0>'], 'mem': [], 'const_mem': []};[];{'regs': [], 'indirect_regs': [], 'direct_regs': [], 'mem': [], 'const_mem': []};{'regs': ['<BV64 x0>'], 'indirect_regs': [], 'direct_regs': ['<BV64 x0>'], 'mem': [], 'const_mem': []};{'regs': ['<BV64 x0>'], 'indirect_regs': [], 'direct_regs': ['<BV64 x0>'], 'mem': [], 'const_mem': []};63.0;0.0;64.0;64.0;[];;;;BaseControlType.NO_BASE;BaseControlType.NO_BASE;BaseControlType.NO_BASE;1;BranchControlType.BRANCH_DEPENDS_ON_SECRET_VALUE;BranchControlType.BRANCH_INDEPENDENT_FROM_SECRET;75800;True;False;True;True;True;False;False;True;True;False;False;False;True;False;True;True;True;False;True;False;[];['has_valid_base'];True;False;True;True;True;False;False;True;True;False;False;False;True;False;True;True;True;False;True;False;[];['has_valid_base']
3d27344b-8796-40c8-b671-f0f6aa1b6b6e;gss_export_cred@@gssapi_krb5_2_MIT;0x14104;0x14144;0x0;TransmitterType.STORE;17;0;False;['0x14104', '0x14138'];<BV64 x0>;64;[('0x14134', <Bool x0 != 0x0>, 'Taken')];[];['<BV64 x0>'];[];['<BV64 x0>'];[];[];0;18446744073709551615;18446744073709551615;1;;;True;1;18446744073709551615;18446744073709551614;1;;;True;ControlType.CONTROLLED;0;;0;[];[];[];[];[];[];[];0.0;0.0;0.0;0.0;;;False;0.0;0.0;0.0;0.0;;;False;ControlType.UNKNOWN;0;;0;[];[];[];[];[];[];[];0;0;0;;;;False;0.0;0.0;0.0;0.0;;;False;ControlType.UNKNOWN;0;<BV64 x0>;64;[('0x14134', <Bool x0 != 0x0>, 'Taken')];[];['<BV64 x0>'];[];['<BV64 x0>'];[];[];0.0;1.8446744073709552e+19;18446744073709551615;1;;;True;1.0;1.8446744073709552e+19;18446744073709551614;1;;;True;ControlType.CONTROLLED;0;<BV64 x0>;64;[('0x14134', <Bool x0 != 0x0>, 'Taken')];[];['<BV64 x0>'];[];['<BV64 x0>'];[];[];0.0;1.8446744073709552e+19;1.8446744073709552e+19;1.0;;;True;1.0;1.8446744073709552e+19;1.8446744073709552e+19;1.0;;;True;ControlType.CONTROLLED;0;<BV64 x0>;64;[];[];[];[];[];[];[];0;0;0;;;;False;0;0;0;;;;False;ControlType.UNKNOWN;0;[('0x14134', <Bool x0 != 0x0>, 'Taken')];{'regs': ['<BV64 x0>'], 'indirect_regs': [], 'direct_regs': ['<BV64 x0>'], 'mem': [], 'const_mem': []};[];{'regs': [], 'indirect_regs': [], 'direct_regs': [], 'mem': [], 'const_mem': []};{'regs': ['<BV64 x0>'], 'indirect_regs': [], 'direct_regs': ['<BV64 x0>'], 'mem': [], 'const_mem': []};{'regs': ['<BV64 x0>'], 'indirect_regs': [], 'direct_regs': ['<BV64 x0>'], 'mem': [], 'const_mem': []};63.0;0.0;64.0;64.0;[];;;;BaseControlType.NO_BASE;BaseControlType.NO_BASE;BaseControlType.NO_BASE;1;BranchControlType.BRANCH_DEPENDS_ON_SECRET_VALUE;BranchControlType.BRANCH_INDEPENDENT_FROM_SECRET;82244;True;False;True;True;True;False;False;True;True;False;False;False;True;False;True;True;True;False;True;False;[];['has_valid_base'];True;False;True;True;True;False;False;True;True;False;False;False;True;False;True;True;True;False;True;False;[];['has_valid_base']
c44810be-5c65-4b36-918d-e647582d11c8;gss_set_cred_option@@gssapi_krb5_2_MIT;0x21b10;0x21b4c;0x0;TransmitterType.STORE;16;0;False;['0x21b10', '0x21b3c'];<BV64 x0>;64;[('0x21b38', <Bool x0 != 0x0>, 'Taken')];[];['<BV64 x0>'];[];['<BV64 x0>'];[];[];0;18446744073709551615;18446744073709551615;1;;;True;1;18446744073709551615;18446744073709551614;1;;;True;ControlType.CONTROLLED;0;;0;[];[];[];[];[];[];[];0.0;0.0;0.0;0.0;;;False;0.0;0.0;0.0;0.0;;;False;ControlType.UNKNOWN;0;;0;[];[];[];[];[];[];[];0;0;0;;;;False;0.0;0.0;0.0;0.0;;;False;ControlType.UNKNOWN;0;<BV64 x0>;64;[('0x21b38', <Bool x0 != 0x0>, 'Taken')];[];['<BV64 x0>'];[];['<BV64 x0>'];[];[];0.0;1.8446744073709552e+19;18446744073709551615;1;;;True;1.0;1.8446744073709552e+19;18446744073709551614;1;;;True;ControlType.CONTROLLED;0;<BV64 x0>;64;[('0x21b38', <Bool x0 != 0x0>, 'Taken')];[];['<BV64 x0>'];[];['<BV64 x0>'];[];[];0.0;1.8446744073709552e+19;1.8446744073709552e+19;1.0;;;True;1.0;1.8446744073709552e+19;1.8446744073709552e+19;1.0;;;True;ControlType.CONTROLLED;0;<BV64 x0>;64;[];[];[];[];[];[];[];0;0;0;;;;False;0;0;0;;;;False;ControlType.UNKNOWN;0;[('0x21b38', <Bool x0 != 0x0>, 'Taken')];{'regs': ['<BV64 x0>'], 'indirect_regs': [], 'direct_regs': ['<BV64 x0>'], 'mem': [], 'const_mem': []};[];{'regs': [], 'indirect_regs': [], 'direct_regs': [], 'mem': [], 'const_mem': []};{'regs': ['<BV64 x0>'], 'indirect_regs': [], 'direct_regs': ['<BV64 x0>'], 'mem': [], 'const_mem': []};{'regs': ['<BV64 x0>'], 'indirect_regs': [], 'direct_regs': ['<BV64 x0>'], 'mem': [], 'const_mem': []};63.0;0.0;64.0;64.0;[];;;;BaseControlType.NO_BASE;BaseControlType.NO_BASE;BaseControlType.NO_BASE;1;BranchControlType.BRANCH_DEPENDS_ON_SECRET_VALUE;BranchControlType.BRANCH_INDEPENDENT_FROM_SECRET;138060;True;False;True;True;True;False;False;True;True;False;False;False;True;False;True;True;True;False;True;False;[];['has_valid_base'];True;False;True;True;True;False;False;True;True;False;False;False;True;False;True;True;True;False;True;False;[];['has_valid_base']
7b0b1726-472e-4ae6-b52d-d546c12b8854;gss_wrap_aead@@gssapi_krb5_2_MIT;0x20cc0;0x20ce4;0x0;TransmitterType.STORE;10;0;False;['0x20cc0', '0x20cc8'];<BV64 x0>;64;[('0x20cc4', <Bool x0 != 0x0>, 'Taken')];[];['<BV64 x0>'];[];['<BV64 x0>'];[];[];0;18446744073709551615;18446744073709551615;1;;;True;1;18446744073709551615;18446744073709551614;1;;;True;ControlType.CONTROLLED;0;;0;[];[];[];[];[];[];[];0.0;0.0;0.0;0.0;;;False;0.0;0.0;0.0;0.0;;;False;ControlType.UNKNOWN;0;;0;[];[];[];[];[];[];[];0;0;0;;;;False;0.0;0.0;0.0;0.0;;;False;ControlType.UNKNOWN;0;<BV64 x0>;64;[('0x20cc4', <Bool x0 != 0x0>, 'Taken')];[];['<BV64 x0>'];[];['<BV64 x0>'];[];[];0.0;1.8446744073709552e+19;18446744073709551615;1;;;True;1.0;1.8446744073709552e+19;18446744073709551614;1;;;True;ControlType.CONTROLLED;0;<BV64 x0>;64;[('0x20cc4', <Bool x0 != 0x0>, 'Taken')];[];['<BV64 x0>'];[];['<BV64 x0>'];[];[];0.0;1.8446744073709552e+19;1.8446744073709552e+19;1.0;;;True;1.0;1.8446744073709552e+19;1.8446744073709552e+19;1.0;;;True;ControlType.CONTROLLED;0;<BV64 x0>;64;[];[];[];[];[];[];[];0;0;0;;;;False;0;0;0;;;;False;ControlType.UNKNOWN;0;[('0x20cc4', <Bool x0 != 0x0>, 'Taken')];{'regs': ['<BV64 x0>'], 'indirect_regs': [], 'direct_regs': ['<BV64 x0>'], 'mem': [], 'const_mem': []};[];{'regs': [], 'indirect_regs': [], 'direct_regs': [], 'mem': [], 'const_mem': []};{'regs': ['<BV64 x0>'], 'indirect_regs': [], 'direct_regs': ['<BV64 x0>'], 'mem': [], 'const_mem': []};{'regs': ['<BV64 x0>'], 'indirect_regs': [], 'direct_regs': ['<BV64 x0>'], 'mem': [], 'const_mem': []};63.0;0.0;64.0;64.0;[];;;;BaseControlType.NO_BASE;BaseControlType.NO_BASE;BaseControlType.NO_BASE;1;BranchControlType.BRANCH_DEPENDS_ON_SECRET_VALUE;BranchControlType.BRANCH_INDEPENDENT_FROM_SECRET;134372;True;False;True;True;True;False;False;True;True;False;False;False;True;False;True;True;True;False;True;False;[];['has_valid_base'];True;False;True;True;True;False;False;True;True;False;False;False;True;False;True;True;True;False;True;False;[];['has_valid_base']
65140226-363f-43f2-8e54-265e17784294;gss_krb5_ccache_name@@gssapi_krb5_2_MIT;0x2e9f0;0x1aaf8;0x0;TransmitterType.STORE;41;0;False;['0x2e9f0', '0x1aab0', '0x1aae4'];<BV64 x0>;64;[('0x1aae0', <Bool x0 != 0x0>, 'Taken')];[];['<BV64 x0>'];[];['<BV64 x0>'];[];[];0;18446744073709551615;18446744073709551615;1;;;True;1;18446744073709551615;18446744073709551614;1;;;True;ControlType.CONTROLLED;0;;0;[];[];[];[];[];[];[];0.0;0.0;0.0;0.0;;;False;0.0;0.0;0.0;0.0;;;False;ControlType.UNKNOWN;0;;0;[];[];[];[];[];[];[];0;0;0;;;;False;0.0;0.0;0.0;0.0;;;False;ControlType.UNKNOWN;0;<BV64 x0>;64;[('0x1aae0', <Bool x0 != 0x0>, 'Taken')];[];['<BV64 x0>'];[];['<BV64 x0>'];[];[];0.0;1.8446744073709552e+19;18446744073709551615;1;;;True;1.0;1.8446744073709552e+19;18446744073709551614;1;;;True;ControlType.CONTROLLED;0;<BV64 x0>;64;[('0x1aae0', <Bool x0 != 0x0>, 'Taken')];[];['<BV64 x0>'];[];['<BV64 x0>'];[];[];0.0;1.8446744073709552e+19;1.8446744073709552e+19;1.0;;;True;1.0;1.8446744073709552e+19;1.8446744073709552e+19;1.0;;;True;ControlType.CONTROLLED;0;<BV64 x0>;64;[];[];[];[];[];[];[];0;0;0;;;;False;0;0;0;;;;False;ControlType.UNKNOWN;0;[('0x1aae0', <Bool x0 != 0x0>, 'Taken'), ('0x2ea44', <Bool True>, 'Taken')];{'regs': ['<BV64 x0>'], 'indirect_regs': [], 'direct_regs': ['<BV64 x0>'], 'mem': [], 'const_mem': []};[];{'regs': [], 'indirect_regs': [], 'direct_regs': [], 'mem': [], 'const_mem': []};{'regs': ['<BV64 x0>'], 'indirect_regs': [], 'direct_regs': ['<BV64 x0>'], 'mem': [], 'const_mem': []};{'regs': ['<BV64 x0>'], 'indirect_regs': [], 'direct_regs': ['<BV64 x0>'], 'mem': [], 'const_mem': []};63.0;0.0;64.0;64.0;[];;;;BaseControlType.NO_BASE;BaseControlType.NO_BASE;BaseControlType.NO_BASE;2;BranchControlType.BRANCH_DEPENDS_ON_SECRET_VALUE;BranchControlType.BRANCH_INDEPENDENT_FROM_SECRET;109304;True;False;True;True;True;False;False;True;True;False;False;False;True;False;True;True;True;False;True;False;[];['has_valid_base'];True;False;True;True;True;False;False;True;True;False;False;False;True;False;True;True;True;False;True;False;[];['has_valid_base']
e533c57d-425a-4477-978f-aa1226fa1241;gss_acquire_cred_with_password@@gssapi_krb5_2_MIT;0x18314;0x18374;0x0;TransmitterType.STORE;25;0;False;['0x18314', '0x18374'];<BV64 x0>;64;[('0x18370', <Bool x0 != 0x0>, 'Taken')];[];['<BV64 x0>'];[];['<BV64 x0>'];[];[];0;18446744073709551615;18446744073709551615;1;;;True;1;18446744073709551615;18446744073709551614;1;;;True;ControlType.CONTROLLED;0;;0;[];[];[];[];[];[];[];0.0;0.0;0.0;0.0;;;False;0.0;0.0;0.0;0.0;;;False;ControlType.UNKNOWN;0;;0;[];[];[];[];[];[];[];0;0;0;;;;False;0.0;0.0;0.0;0.0;;;False;ControlType.UNKNOWN;0;<BV64 x0>;64;[('0x18370', <Bool x0 != 0x0>, 'Taken')];[];['<BV64 x0>'];[];['<BV64 x0>'];[];[];0.0;1.8446744073709552e+19;18446744073709551615;1;;;True;1.0;1.8446744073709552e+19;18446744073709551614;1;;;True;ControlType.CONTROLLED;0;<BV64 x0>;64;[('0x18370', <Bool x0 != 0x0>, 'Taken')];[];['<BV64 x0>'];[];['<BV64 x0>'];[];[];0.0;1.8446744073709552e+19;1.8446744073709552e+19;1.0;;;True;1.0;1.8446744073709552e+19;1.8446744073709552e+19;1.0;;;True;ControlType.CONTROLLED;0;<BV64 x0>;64;[];[];[];[];[];[];[];0;0;0;;;;False;0;0;0;;;;False;ControlType.UNKNOWN;0;[('0x18370', <Bool x0 != 0x0>, 'Taken')];{'regs': ['<BV64 x0>'], 'indirect_regs': [], 'direct_regs': ['<BV64 x0>'], 'mem': [], 'const_mem': []};[];{'regs': [], 'indirect_regs': [], 'direct_regs': [], 'mem': [], 'const_mem': []};{'regs': ['<BV64 x0>'], 'indirect_regs': [], 'direct_regs': ['<BV64 x0>'], 'mem': [], 'const_mem': []};{'regs': ['<BV64 x0>'], 'indirect_regs': [], 'direct_regs': ['<BV64 x0>'], 'mem': [], 'const_mem': []};63.0;0.0;64.0;64.0;[];;;;BaseControlType.NO_BASE;BaseControlType.NO_BASE;BaseControlType.NO_BASE;1;BranchControlType.BRANCH_DEPENDS_ON_SECRET_VALUE;BranchControlType.BRANCH_INDEPENDENT_FROM_SECRET;99188;True;False;True;True;True;False;False;True;True;False;False;False;True;False;True;True;True;False;True;False;[];['has_valid_base'];True;False;True;True;True;False;False;True;True;False;False;False;True;False;True;True;True;False;True;False;[];['has_valid_base']
93177c63-1c38-4aea-98de-a2ecb19cabbd;gss_sign@@gssapi_krb5_2_MIT;0x21dd4;0x1a0dc;0x0;TransmitterType.STORE;18;0;False;['0x21dd4', '0x1a0b4', '0x1a0d0'];<BV64 x0>;64;[('0x1a0cc', <Bool x0 != 0x0>, 'Taken')];[];['<BV64 x0>'];[];['<BV64 x0>'];[];[];0;18446744073709551615;18446744073709551615;1;;;True;1;18446744073709551615;18446744073709551614;1;;;True;ControlType.CONTROLLED;0;;0;[];[];[];[];[];[];[];0.0;0.0;0.0;0.0;;;False;0.0;0.0;0.0;0.0;;;False;ControlType.UNKNOWN;0;;0;[];[];[];[];[];[];[];0;0;0;;;;False;0.0;0.0;0.0;0.0;;;False;ControlType.UNKNOWN;0;<BV64 x0>;64;[('0x1a0cc', <Bool x0 != 0x0>, 'Taken')];[];['<BV64 x0>'];[];['<BV64 x0>'];[];[];0.0;1.8446744073709552e+19;18446744073709551615;1;;;True;1.0;1.8446744073709552e+19;18446744073709551614;1;;;True;ControlType.CONTROLLED;0;<BV64 x0>;64;[('0x1a0cc', <Bool x0 != 0x0>, 'Taken')];[];['<BV64 x0>'];[];['<BV64 x0>'];[];[];0.0;1.8446744073709552e+19;1.8446744073709552e+19;1.0;;;True;1.0;1.8446744073709552e+19;1.8446744073709552e+19;1.0;;;True;ControlType.CONTROLLED;0;<BV64 x0>;64;[];[];[];[];[];[];[];0;0;0;;;;False;0;0;0;;;;False;ControlType.UNKNOWN;0;[('0x1a0cc', <Bool x0 != 0x0>, 'Taken'), ('0x21de8', <Bool True>, 'Taken')];{'regs': ['<BV64 x0>'], 'indirect_regs': [], 'direct_regs': ['<BV64 x0>'], 'mem': [], 'const_mem': []};[];{'regs': [], 'indirect_regs': [], 'direct_regs': [], 'mem': [], 'const_mem': []};{'regs': ['<BV64 x0>'], 'indirect_regs': [], 'direct_regs': ['<BV64 x0>'], 'mem': [], 'const_mem': []};{'regs': ['<BV64 x0>'], 'indirect_regs': [], 'direct_regs': ['<BV64 x0>'], 'mem': [], 'const_mem': []};63.0;0.0;64.0;64.0;[];;;;BaseControlType.NO_BASE;BaseControlType.NO_BASE;BaseControlType.NO_BASE;2;BranchControlType.BRANCH_DEPENDS_ON_SECRET_VALUE;BranchControlType.BRANCH_INDEPENDENT_FROM_SECRET;106716;True;False;True;True;True;False;False;True;True;False;False;False;True;False;True;True;True;False;True;False;[];['has_valid_base'];True;False;True;True;True;False;False;True;True;False;False;False;True;False;True;True;True;False;True;False;[];['has_valid_base']
90cd0935-0068-4c23-a82b-ccfc8321e312;gss_authorize_localname@@gssapi_krb5_2_MIT;0x15970;0x159b0;0x0;TransmitterType.STORE;17;0;False;['0x15970', '0x15998'];<BV64 x0>;64;[('0x15994', <Bool x0 != 0x0>, 'Taken')];[];['<BV64 x0>'];[];['<BV64 x0>'];[];[];0;18446744073709551615;18446744073709551615;1;;;True;1;18446744073709551615;18446744073709551614;1;;;True;ControlType.CONTROLLED;0;;0;[];[];[];[];[];[];[];0.0;0.0;0.0;0.0;;;False;0.0;0.0;0.0;0.0;;;False;ControlType.UNKNOWN;0;;0;[];[];[];[];[];[];[];0;0;0;;;;False;0.0;0.0;0.0;0.0;;;False;ControlType.UNKNOWN;0;<BV64 x0>;64;[('0x15994', <Bool x0 != 0x0>, 'Taken')];[];['<BV64 x0>'];[];['<BV64 x0>'];[];[];0.0;1.8446744073709552e+19;18446744073709551615;1;;;True;1.0;1.8446744073709552e+19;18446744073709551614;1;;;True;ControlType.CONTROLLED;0;<BV64 x0>;64;[('0x15994', <Bool x0 != 0x0>, 'Taken')];[];['<BV64 x0>'];[];['<BV64 x0>'];[];[];0.0;1.8446744073709552e+19;1.8446744073709552e+19;1.0;;;True;1.0;1.8446744073709552e+19;1.8446744073709552e+19;1.0;;;True;ControlType.CONTROLLED;0;<BV64 x0>;64;[];[];[];[];[];[];[];0;0;0;;;;False;0;0;0;;;;False;ControlType.UNKNOWN;0;[('0x15994', <Bool x0 != 0x0>, 'Taken')];{'regs': ['<BV64 x0>'], 'indirect_regs': [], 'direct_regs': ['<BV64 x0>'], 'mem': [], 'const_mem': []};[];{'regs': [], 'indirect_regs': [], 'direct_regs': [], 'mem': [], 'const_mem': []};{'regs': ['<BV64 x0>'], 'indirect_regs': [], 'direct_regs': ['<BV64 x0>'], 'mem': [], 'const_mem': []};{'regs': ['<BV64 x0>'], 'indirect_regs': [], 'direct_regs': ['<BV64 x0>'], 'mem': [], 'const_mem': []};63.0;0.0;64.0;64.0;[];;;;BaseControlType.NO_BASE;BaseControlType.NO_BASE;BaseControlType.NO_BASE;1;BranchControlType.BRANCH_DEPENDS_ON_SECRET_VALUE;BranchControlType.BRANCH_INDEPENDENT_FROM_SECRET;88496;True;False;True;True;True;False;False;True;True;False;False;False;True;False;True;True;True;False;True;False;[];['has_valid_base'];True;False;True;True;True;False;False;True;True;False;False;False;True;False;True;True;True;False;True;False;[];['has_valid_base']
b605930f-8881-4d17-b942-6b3d4dd15ae1;gss_pseudo_random@@gssapi_krb5_2_MIT;0x19a94;0x19abc;0x0;TransmitterType.STORE;11;0;False;['0x19a94', '0x19ab0'];<BV64 x0>;64;[('0x19aac', <Bool x0 != 0x0>, 'Taken')];[];['<BV64 x0>'];[];['<BV64 x0>'];[];[];0;18446744073709551615;18446744073709551615;1;;;True;1;18446744073709551615;18446744073709551614;1;;;True;ControlType.CONTROLLED;0;;0;[];[];[];[];[];[];[];0.0;0.0;0.0;0.0;;;False;0.0;0.0;0.0;0.0;;;False;ControlType.UNKNOWN;0;;0;[];[];[];[];[];[];[];0;0;0;;;;False;0.0;0.0;0.0;0.0;;;False;ControlType.UNKNOWN;0;<BV64 x0>;64;[('0x19aac', <Bool x0 != 0x0>, 'Taken')];[];['<BV64 x0>'];[];['<BV64 x0>'];[];[];0.0;1.8446744073709552e+19;18446744073709551615;1;;;True;1.0;1.8446744073709552e+19;18446744073709551614;1;;;True;ControlType.CONTROLLED;0;<BV64 x0>;64;[('0x19aac', <Bool x0 != 0x0>, 'Taken')];[];['<BV64 x0>'];[];['<BV64 x0>'];[];[];0.0;1.8446744073709552e+19;1.8446744073709552e+19;1.0;;;True;1.0;1.8446744073709552e+19;1.8446744073709552e+19;1.0;;;True;ControlType.CONTROLLED;0;<BV64 x0>;64;[];[];[];[];[];[];[];0;0;0;;;;False;0;0;0;;;;False;ControlType.UNKNOWN;0;[('0x19aac', <Bool x0 != 0x0>, 'Taken')];{'regs': ['<BV64 x0>'], 'indirect_regs': [], 'direct_regs': ['<BV64 x0>'], 'mem': [], 'const_mem': []};[];{'regs': [], 'indirect_regs': [], 'direct_regs': [], 'mem': [], 'const_mem': []};{'regs': ['<BV64 x0>'], 'indirect_regs': [], 'direct_regs': ['<BV64 x0>'], 'mem': [], 'const_mem': []};{'regs': ['<BV64 x0>'], 'indirect_regs': [], 'direct_regs': ['<BV64 x0>'], 'mem': [], 'const_mem': []};63.0;0.0;64.0;64.0;[];;;;BaseControlType.NO_BASE;BaseControlType.NO_BASE;BaseControlType.NO_BASE;1;BranchControlType.BRANCH_DEPENDS_ON_SECRET_VALUE;BranchControlType.BRANCH_INDEPENDENT_FROM_SECRET;105148;True;False;True;True;True;False;False;True;True;False;False;False;True;False;True;True;True;False;True;False;[];['has_valid_base'];True;False;True;True;True;False;False;True;True;False;False;False;True;False;True;True;True;False;True;False;[];['has_valid_base']
4ec8b182-ad39-40f5-b42a-c45b7d4ca08a;gss_get_mic_iov_length@@gssapi_krb5_2_MIT;0x1a974;0x1a988;0x0;TransmitterType.STORE;6;0;False;['0x1a974', '0x1a988'];<BV64 x0>;64;[('0x1a984', <Bool x0 != 0x0>, 'Taken')];[];['<BV64 x0>'];[];['<BV64 x0>'];[];[];0;18446744073709551615;18446744073709551615;1;;;True;1;18446744073709551615;18446744073709551614;1;;;True;ControlType.CONTROLLED;0;;0;[];[];[];[];[];[];[];0.0;0.0;0.0;0.0;;;False;0.0;0.0;0.0;0.0;;;False;ControlType.UNKNOWN;0;;0;[];[];[];[];[];[];[];0;0;0;;;;False;0.0;0.0;0.0;0.0;;;False;ControlType.UNKNOWN;0;<BV64 x0>;64;[('0x1a984', <Bool x0 != 0x0>, 'Taken')];[];['<BV64 x0>'];[];['<BV64 x0>'];[];[];0.0;1.8446744073709552e+19;18446744073709551615;1;;;True;1.0;1.8446744073709552e+19;18446744073709551614;1;;;True;ControlType.CONTROLLED;0;<BV64 x0>;64;[('0x1a984', <Bool x0 != 0x0>, 'Taken')];[];['<BV64 x0>'];[];['<BV64 x0>'];[];[];0.0;1.8446744073709552e+19;1.8446744073709552e+19;1.0;;;True;1.0;1.8446744073709552e+19;1.8446744073709552e+19;1.0;;;True;ControlType.CONTROLLED;0;<BV64 x0>;64;[];[];[];[];[];[];[];0;0;0;;;;False;0;0;0;;;;False;ControlType.UNKNOWN;0;[('0x1a984', <Bool x0 != 0x0>, 'Taken')];{'regs': ['<BV64 x0>'], 'indirect_regs': [], 'direct_regs': ['<BV64 x0>'], 'mem': [], 'const_mem': []};[];{'regs': [], 'indirect_regs': [], 'direct_regs': [], 'mem': [], 'const_mem': []};{'regs': ['<BV64 x0>'], 'indirect_regs': [], 'direct_regs': ['<BV64 x0>'], 'mem': [], 'const_mem': []};{'regs': ['<BV64 x0>'], 'indirect_regs': [], 'direct_regs': ['<BV64 x0>'], 'mem': [], 'const_mem': []};63.0;0.0;64.0;64.0;[];;;;BaseControlType.NO_BASE;BaseControlType.NO_BASE;BaseControlType.NO_BASE;1;BranchControlType.BRANCH_DEPENDS_ON_SECRET_VALUE;BranchControlType.BRANCH_INDEPENDENT_FROM_SECRET;108936;True;False;True;True;True;False;False;True;True;False;False;False;True;False;True;True;True;False;True;False;[];['has_valid_base'];True;False;True;True;True;False;False;True;True;False;False;False;True;False;True;True;True;False;True;False;[];['has_valid_base']
98382cea-5ef4-4f3e-80e2-16d240e3ea1f;gss_export_name_composite@@gssapi_krb5_2_MIT;0x14670;0x14694;0x0;TransmitterType.STORE;10;0;False;['0x14670', '0x14688'];<BV64 x0>;64;[('0x14684', <Bool x0 != 0x0>, 'Taken')];[];['<BV64 x0>'];[];['<BV64 x0>'];[];[];0;18446744073709551615;18446744073709551615;1;;;True;1;18446744073709551615;18446744073709551614;1;;;True;ControlType.CONTROLLED;0;;0;[];[];[];[];[];[];[];0.0;0.0;0.0;0.0;;;False;0.0;0.0;0.0;0.0;;;False;ControlType.UNKNOWN;0;;0;[];[];[];[];[];[];[];0;0;0;;;;False;0.0;0.0;0.0;0.0;;;False;ControlType.UNKNOWN;0;<BV64 x0>;64;[('0x14684', <Bool x0 != 0x0>, 'Taken')];[];['<BV64 x0>'];[];['<BV64 x0>'];[];[];0.0;1.8446744073709552e+19;18446744073709551615;1;;;True;1.0;1.8446744073709552e+19;18446744073709551614;1;;;True;ControlType.CONTROLLED;0;<BV64 x0>;64;[('0x14684', <Bool x0 != 0x0>, 'Taken')];[];['<BV64 x0>'];[];['<BV64 x0>'];[];[];0.0;1.8446744073709552e+19;1.8446744073709552e+19;1.0;;;True;1.0;1.8446744073709552e+19;1.8446744073709552e+19;1.0;;;True;ControlType.CONTROLLED;0;<BV64 x0>;64;[];[];[];[];[];[];[];0;0;0;;;;False;0;0;0;;;;False;ControlType.UNKNOWN;0;[('0x14684', <Bool x0 != 0x0>, 'Taken')];{'regs': ['<BV64 x0>'], 'indirect_regs': [], 'direct_regs': ['<BV64 x0>'], 'mem': [], 'const_mem': []};[];{'regs': [], 'indirect_regs': [], 'direct_regs': [], 'mem': [], 'const_mem': []};{'regs': ['<BV64 x0>'], 'indirect_regs': [], 'direct_regs': ['<BV64 x0>'], 'mem': [], 'const_mem': []};{'regs': ['<BV64 x0>'], 'indirect_regs': [], 'direct_regs': ['<BV64 x0>'], 'mem': [], 'const_mem': []};63.0;0.0;64.0;64.0;[];;;;BaseControlType.NO_BASE;BaseControlType.NO_BASE;BaseControlType.NO_BASE;1;BranchControlType.BRANCH_DEPENDS_ON_SECRET_VALUE;BranchControlType.BRANCH_INDEPENDENT_FROM_SECRET;83604;True;False;True;True;True;False;False;True;True;False;False;False;True;False;True;True;True;False;True;False;[];['has_valid_base'];True;False;True;True;True;False;False;True;True;False;False;False;True;False;True;True;True;False;True;False;[];['has_valid_base']
a3d88061-1894-4f8a-919f-952f14d8feb4;gss_add_oid_set_member@@gssapi_krb5_2_MIT;0x1f950;0xfee4;0x0;TransmitterType.STORE;8;0;False;['0x1f950', '0xfee0'];<BV64 x0>;64;[];[];['<BV64 x0>'];[];['<BV64 x0>'];[];[];0;18446744073709551615;18446744073709551615;1;;;True;0;18446744073709551615;18446744073709551615;1;;;True;ControlType.CONTROLLED;0;;0;[];[];[];[];[];[];[];0.0;0.0;0.0;0.0;;;False;0.0;0.0;0.0;0.0;;;False;ControlType.UNKNOWN;0;;0;[];[];[];[];[];[];[];0;0;0;;;;False;0.0;0.0;0.0;0.0;;;False;ControlType.UNKNOWN;0;<BV64 x0>;64;[];[];['<BV64 x0>'];[];['<BV64 x0>'];[];[];0.0;1.8446744073709552e+19;18446744073709551615;1;;;True;0.0;1.8446744073709552e+19;18446744073709551615;1;;;True;ControlType.CONTROLLED;0;<BV64 x0>;64;[];[];['<BV64 x0>'];[];['<BV64 x0>'];[];[];0.0;1.8446744073709552e+19;1.8446744073709552e+19;1.0;;;True;0.0;1.8446744073709552e+19;1.8446744073709552e+19;1.0;;;True;ControlType.CONTROLLED;0;<BV64 x0>;64;[];[];[];[];[];[];[];0;0;0;;;;False;0;0;0;;;;False;ControlType.UNKNOWN;0;[('0x1f964', <Bool True>, 'Taken')];{'regs': [], 'indirect_regs': [], 'direct_regs': [], 'mem': [], 'const_mem': []};[];{'regs': [], 'indirect_regs': [], 'direct_regs': [], 'mem': [], 'const_mem': []};{'regs': ['<BV64 x0>'], 'indirect_regs': [], 'direct_regs': ['<BV64 x0>'], 'mem': [], 'const_mem': []};{'regs': ['<BV64 x0>'], 'indirect_regs': [], 'direct_regs': ['<BV64 x0>'], 'mem': [], 'const_mem': []};63.0;0.0;64.0;64.0;[];;;;BaseControlType.NO_BASE;BaseControlType.NO_BASE;BaseControlType.NO_BASE;1;BranchControlType.BRANCH_INDEPENDENT_FROM_SECRET;BranchControlType.BRANCH_INDEPENDENT_FROM_SECRET;65252;True;False;True;True;True;False;False;True;True;False;False;False;True;False;True;False;True;False;True;False;[];['has_valid_base'];True;False;True;True;True;False;False;True;True;False;False;False;True;False;True;False;True;False;True;False;[];['has_valid_base']
e45dfdd9-92b8-4d6b-8e27-4ff5e5fe793c;gss_add_cred@@gssapi_krb5_2_MIT;0x153b0;0x14cb8;0x0;TransmitterType.STORE;40;0;False;['0x153b0', '0x14c44', '0x14cb8'];<BV64 x0>;64;[('0x14cb4', <Bool x0 != 0x0>, 'Taken')];[];['<BV64 x0>'];[];['<BV64 x0>'];[];[];0;18446744073709551615;18446744073709551615;1;;;True;1;18446744073709551615;18446744073709551614;1;;;True;ControlType.CONTROLLED;0;;0;[];[];[];[];[];[];[];0.0;0.0;0.0;0.0;;;False;0.0;0.0;0.0;0.0;;;False;ControlType.UNKNOWN;0;;0;[];[];[];[];[];[];[];0;0;0;;;;False;0.0;0.0;0.0;0.0;;;False;ControlType.UNKNOWN;0;<BV64 x0>;64;[('0x14cb4', <Bool x0 != 0x0>, 'Taken')];[];['<BV64 x0>'];[];['<BV64 x0>'];[];[];0.0;1.8446744073709552e+19;18446744073709551615;1;;;True;1.0;1.8446744073709552e+19;18446744073709551614;1;;;True;ControlType.CONTROLLED;0;<BV64 x0>;64;[('0x14cb4', <Bool x0 != 0x0>, 'Taken')];[];['<BV64 x0>'];[];['<BV64 x0>'];[];[];0.0;1.8446744073709552e+19;1.8446744073709552e+19;1.0;;;True;1.0;1.8446744073709552e+19;1.8446744073709552e+19;1.0;;;True;ControlType.CONTROLLED;0;<BV64 x0>;64;[];[];[];[];[];[];[];0;0;0;;;;False;0;0;0;;;;False;ControlType.UNKNOWN;0;[('0x14cb4', <Bool x0 != 0x0>, 'Taken'), ('0x153d4', <Bool True>, 'Taken')];{'regs': ['<BV64 x0>'], 'indirect_regs': [], 'direct_regs': ['<BV64 x0>'], 'mem': [], 'const_mem': []};[];{'regs': [], 'indirect_regs': [], 'direct_regs': [], 'mem': [], 'const_mem': []};{'regs': ['<BV64 x0>'], 'indirect_regs': [], 'direct_regs': ['<BV64 x0>'], 'mem': [], 'const_mem': []};{'regs': ['<BV64 x0>'], 'indirect_regs': [], 'direct_regs': ['<BV64 x0>'], 'mem': [], 'const_mem': []};63.0;0.0;64.0;64.0;[];;;;BaseControlType.NO_BASE;BaseControlType.NO_BASE;BaseControlType.NO_BASE;2;BranchControlType.BRANCH_DEPENDS_ON_SECRET_VALUE;BranchControlType.BRANCH_INDEPENDENT_FROM_SECRET;85176;True;False;True;True;True;False;False;True;True;False;False;False;True;False;True;True;True;False;True;False;[];['has_valid_base'];True;False;True;True;True;False;False;True;True;False;False;False;True;False;True;True;True;False;True;False;[];['has_valid_base']
fd30ca52-3ca2-450b-a938-d9a6cfeb191b;gss_release_any_name_mapping@@gssapi_krb5_2_MIT;0x19d10;0x19d24;0x0;TransmitterType.STORE;6;0;False;['0x19d10', '0x19d24'];<BV64 x0>;64;[('0x19d20', <Bool x0 != 0x0>, 'Taken')];[];['<BV64 x0>'];[];['<BV64 x0>'];[];[];0;18446744073709551615;18446744073709551615;1;;;True;1;18446744073709551615;18446744073709551614;1;;;True;ControlType.CONTROLLED;0;;0;[];[];[];[];[];[];[];0.0;0.0;0.0;0.0;;;False;0.0;0.0;0.0;0.0;;;False;ControlType.UNKNOWN;0;;0;[];[];[];[];[];[];[];0;0;0;;;;False;0.0;0.0;0.0;0.0;;;False;ControlType.UNKNOWN;0;<BV64 x0>;64;[('0x19d20', <Bool x0 != 0x0>, 'Taken')];[];['<BV64 x0>'];[];['<BV64 x0>'];[];[];0.0;1.8446744073709552e+19;18446744073709551615;1;;;True;1.0;1.8446744073709552e+19;18446744073709551614;1;;;True;ControlType.CONTROLLED;0;<BV64 x0>;64;[('0x19d20', <Bool x0 != 0x0>, 'Taken')];[];['<BV64 x0>'];[];['<BV64 x0>'];[];[];0.0;1.8446744073709552e+19;1.8446744073709552e+19;1.0;;;True;1.0;1.8446744073709552e+19;1.8446744073709552e+19;1.0;;;True;ControlType.CONTROLLED;0;<BV64 x0>;64;[];[];[];[];[];[];[];0;0;0;;;;False;0;0;0;;;;False;ControlType.UNKNOWN;0;[('0x19d20', <Bool x0 != 0x0>, 'Taken')];{'regs': ['<BV64 x0>'], 'indirect_regs': [], 'direct_regs': ['<BV64 x0>'], 'mem': [], 'const_mem': []};[];{'regs': [], 'indirect_regs': [], 'direct_regs': [], 'mem': [], 'const_mem': []};{'regs': ['<BV64 x0>'], 'indirect_regs': [], 'direct_regs': ['<BV64 x0>'], 'mem': [], 'const_mem': []};{'regs': ['<BV64 x0>'], 'indirect_regs': [], 'direct_regs': ['<BV64 x0>'], 'mem': [], 'const_mem': []};63.0;0.0;64.0;64.0;[];;;;BaseControlType.NO_BASE;BaseControlType.NO_BASE;BaseControlType.NO_BASE;1;BranchControlType.BRANCH_DEPENDS_ON_SECRET_VALUE;BranchControlType.BRANCH_INDEPENDENT_FROM_SECRET;105764;True;False;True;True;True;False;False;True;True;False;False;False;True;False;True;True;True;False;True;False;[];['has_valid_base'];True;False;True;True;True;False;False;True;True;False;False;False;True;False;True;True;True;False;True;False;[];['has_valid_base']
93204c9f-3453-4d89-a277-928db0e3eea5;gss_acquire_cred_impersonate_name@@gssapi_krb5_2_MIT;0x18b70;0x18bb8;0x0;TransmitterType.STORE;19;0;False;['0x18b70', '0x18ba4'];<BV64 x0>;64;[('0x18ba0', <Bool x0 != 0x0>, 'Taken')];[];['<BV64 x0>'];[];['<BV64 x0>'];[];[];0;18446744073709551615;18446744073709551615;1;;;True;1;18446744073709551615;18446744073709551614;1;;;True;ControlType.CONTROLLED;0;;0;[];[];[];[];[];[];[];0.0;0.0;0.0;0.0;;;False;0.0;0.0;0.0;0.0;;;False;ControlType.UNKNOWN;0;;0;[];[];[];[];[];[];[];0;0;0;;;;False;0.0;0.0;0.0;0.0;;;False;ControlType.UNKNOWN;0;<BV64 x0>;64;[('0x18ba0', <Bool x0 != 0x0>, 'Taken')];[];['<BV64 x0>'];[];['<BV64 x0>'];[];[];0.0;1.8446744073709552e+19;18446744073709551615;1;;;True;1.0;1.8446744073709552e+19;18446744073709551614;1;;;True;ControlType.CONTROLLED;0;<BV64 x0>;64;[('0x18ba0', <Bool x0 != 0x0>, 'Taken')];[];['<BV64 x0>'];[];['<BV64 x0>'];[];[];0.0;1.8446744073709552e+19;1.8446744073709552e+19;1.0;;;True;1.0;1.8446744073709552e+19;1.8446744073709552e+19;1.0;;;True;ControlType.CONTROLLED;0;<BV64 x0>;64;[];[];[];[];[];[];[];0;0;0;;;;False;0;0;0;;;;False;ControlType.UNKNOWN;0;[('0x18ba0', <Bool x0 != 0x0>, 'Taken')];{'regs': ['<BV64 x0>'], 'indirect_regs': [], 'direct_regs': ['<BV64 x0>'], 'mem': [], 'const_mem': []};[];{'regs': [], 'indirect_regs': [], 'direct_regs': [], 'mem': [], 'const_mem': []};{'regs': ['<BV64 x0>'], 'indirect_regs': [], 'direct_regs': ['<BV64 x0>'], 'mem': [], 'const_mem': []};{'regs': ['<BV64 x0>'], 'indirect_regs': [], 'direct_regs': ['<BV64 x0>'], 'mem': [], 'const_mem': []};63.0;0.0;64.0;64.0;[];;;;BaseControlType.NO_BASE;BaseControlType.NO_BASE;BaseControlType.NO_BASE;1;BranchControlType.BRANCH_DEPENDS_ON_SECRET_VALUE;BranchControlType.BRANCH_INDEPENDENT_FROM_SECRET;101304;True;False;True;True;True;False;False;True;True;False;False;False;True;False;True;True;True;False;True;False;[];['has_valid_base'];True;False;True;True;True;False;False;True;True;False;False;False;True;False;True;True;True;False;True;False;[];['has_valid_base']
df60042b-1934-42f9-9066-4492434411f9;gss_inquire_mechs_for_name@@gssapi_krb5_2_MIT;0x19680;0x196cc;0x0;TransmitterType.STORE;20;0;False;['0x19680', '0x196bc'];<BV64 x0>;64;[('0x196b8', <Bool x0 != 0x0>, 'Taken')];[];['<BV64 x0>'];[];['<BV64 x0>'];[];[];0;18446744073709551615;18446744073709551615;1;;;True;1;18446744073709551615;18446744073709551614;1;;;True;ControlType.CONTROLLED;0;;0;[];[];[];[];[];[];[];0.0;0.0;0.0;0.0;;;False;0.0;0.0;0.0;0.0;;;False;ControlType.UNKNOWN;0;;0;[];[];[];[];[];[];[];0;0;0;;;;False;0.0;0.0;0.0;0.0;;;False;ControlType.UNKNOWN;0;<BV64 x0>;64;[('0x196b8', <Bool x0 != 0x0>, 'Taken')];[];['<BV64 x0>'];[];['<BV64 x0>'];[];[];0.0;1.8446744073709552e+19;18446744073709551615;1;;;True;1.0;1.8446744073709552e+19;18446744073709551614;1;;;True;ControlType.CONTROLLED;0;<BV64 x0>;64;[('0x196b8', <Bool x0 != 0x0>, 'Taken')];[];['<BV64 x0>'];[];['<BV64 x0>'];[];[];0.0;1.8446744073709552e+19;1.8446744073709552e+19;1.0;;;True;1.0;1.8446744073709552e+19;1.8446744073709552e+19;1.0;;;True;ControlType.CONTROLLED;0;<BV64 x0>;64;[];[];[];[];[];[];[];0;0;0;;;;False;0;0;0;;;;False;ControlType.UNKNOWN;0;[('0x196b8', <Bool x0 != 0x0>, 'Taken')];{'regs': ['<BV64 x0>'], 'indirect_regs': [], 'direct_regs': ['<BV64 x0>'], 'mem': [], 'const_mem': []};[];{'regs': [], 'indirect_regs': [], 'direct_regs': [], 'mem': [], 'const_mem': []};{'regs': ['<BV64 x0>'], 'indirect_regs': [], 'direct_regs': ['<BV64 x0>'], 'mem': [], 'const_mem': []};{'regs': ['<BV64 x0>'], 'indirect_regs': [], 'direct_regs': ['<BV64 x0>'], 'mem': [], 'const_mem': []};63.0;0.0;64.0;64.0;[];;;;BaseControlType.NO_BASE;BaseControlType.NO_BASE;BaseControlType.NO_BASE;1;BranchControlType.BRANCH_DEPENDS_ON_SECRET_VALUE;BranchControlType.BRANCH_INDEPENDENT_FROM_SECRET;104140;True;False;True;True;True;False;False;True;True;False;False;False;True;False;True;True;True;False;True;False;[];['has_valid_base'];True;False;True;True;True;False;False;True;True;False;False;False;True;False;True;True;True;False;True;False;[];['has_valid_base']
fbad4ae3-7f46-425c-86e7-66e86c82e22d;gss_pname_to_uid@@gssapi_krb5_2_MIT;0x21ee0;0x20e2c;0x0;TransmitterType.STORE;41;0;False;['0x21ee0', '0x20de0', '0x20e1c', '0x20e28'];<BV64 x0>;64;[('0x20e24', <Bool x0 != 0x0>, 'Taken')];[];['<BV64 x0>'];[];['<BV64 x0>'];[];[];0;18446744073709551615;18446744073709551615;1;;;True;1;18446744073709551615;18446744073709551614;1;;;True;ControlType.CONTROLLED;0;;0;[];[];[];[];[];[];[];0.0;0.0;0.0;0.0;;;False;0.0;0.0;0.0;0.0;;;False;ControlType.UNKNOWN;0;;0;[];[];[];[];[];[];[];0;0;0;;;;False;0.0;0.0;0.0;0.0;;;False;ControlType.UNKNOWN;0;<BV64 x0>;64;[('0x20e24', <Bool x0 != 0x0>, 'Taken')];[];['<BV64 x0>'];[];['<BV64 x0>'];[];[];0.0;1.8446744073709552e+19;18446744073709551615;1;;;True;1.0;1.8446744073709552e+19;18446744073709551614;1;;;True;ControlType.CONTROLLED;0;<BV64 x0>;64;[('0x20e24', <Bool x0 != 0x0>, 'Taken')];[];['<BV64 x0>'];[];['<BV64 x0>'];[];[];0.0;1.8446744073709552e+19;1.8446744073709552e+19;1.0;;;True;1.0;1.8446744073709552e+19;1.8446744073709552e+19;1.0;;;True;ControlType.CONTROLLED;0;<BV64 x0>;64;[];[];[];[];[];[];[];0;0;0;;;;False;0;0;0;;;;False;ControlType.UNKNOWN;0;[('0x20e18', <Bool 0xffffffffffffdf68 + sp != 0x0>, 'Taken'), ('0x20e24', <Bool x0 != 0x0>, 'Taken'), ('0x21f30', <Bool True>, 'Taken')];{'regs': ['<BV64 sp>', '<BV64 x0>'], 'indirect_regs': [], 'direct_regs': ['<BV64 sp>', '<BV64 x0>'], 'mem': [], 'const_mem': []};[];{'regs': [], 'indirect_regs': [], 'direct_regs': [], 'mem': [], 'const_mem': []};{'regs': ['<BV64 x0>'], 'indirect_regs': [], 'direct_regs': ['<BV64 x0>'], 'mem': [], 'const_mem': []};{'regs': ['<BV64 sp>', '<BV64 x0>'], 'indirect_regs': [], 'direct_regs': ['<BV64 sp>', '<BV64 x0>'], 'mem': [], 'const_mem': []};63.0;0.0;64.0;64.0;['<Bool LOAD_64[<BV64 0x5fe30>]_29 == LOAD_64[<BV64 0x5fe30>]_34>'];;;;BaseControlType.NO_BASE;BaseControlType.NO_BASE;BaseControlType.NO_BASE;3;BranchControlType.BRANCH_DEPENDS_ON_UNCONTROLLED;BranchControlType.BRANCH_INDEPENDENT_FROM_SECRET;134700;True;False;True;True;True;False;False;True;True;False;False;False;True;False;True;False;True;True;True;False;[];['has_valid_base'];True;False;True;True;True;False;False;True;True;False;False;False;True;False;True;False;True;True;True;False;[];['has_valid_base']
978fac2c-2ff5-499b-bf58-e955d65c1540;gss_release_name@@gssapi_krb5_2_MIT;0x26020;0x2603c;0x0;TransmitterType.STORE;8;0;False;['0x26020', '0x26028'];<BV64 x0>;64;[('0x26024', <Bool x0 != 0x0>, 'Taken')];[];['<BV64 x0>'];[];['<BV64 x0>'];[];[];0;18446744073709551615;18446744073709551615;1;;;True;1;18446744073709551615;18446744073709551614;1;;;True;ControlType.CONTROLLED;0;;0;[];[];[];[];[];[];[];0.0;0.0;0.0;0.0;;;False;0.0;0.0;0.0;0.0;;;False;ControlType.UNKNOWN;0;;0;[];[];[];[];[];[];[];0;0;0;;;;False;0.0;0.0;0.0;0.0;;;False;ControlType.UNKNOWN;0;<BV64 x0>;64;[('0x26024', <Bool x0 != 0x0>, 'Taken')];[];['<BV64 x0>'];[];['<BV64 x0>'];[];[];0.0;1.8446744073709552e+19;18446744073709551615;1;;;True;1.0;1.8446744073709552e+19;18446744073709551614;1;;;True;ControlType.CONTROLLED;0;<BV64 x0>;64;[('0x26024', <Bool x0 != 0x0>, 'Taken')];[];['<BV64 x0>'];[];['<BV64 x0>'];[];[];0.0;1.8446744073709552e+19;1.8446744073709552e+19;1.0;;;True;1.0;1.8446744073709552e+19;1.8446744073709552e+19;1.0;;;True;ControlType.CONTROLLED;0;<BV64 x0>;64;[];[];[];[];[];[];[];0;0;0;;;;False;0;0;0;;;;False;ControlType.UNKNOWN;0;[('0x26024', <Bool x0 != 0x0>, 'Taken')];{'regs': ['<BV64 x0>'], 'indirect_regs': [], 'direct_regs': ['<BV64 x0>'], 'mem': [], 'const_mem': []};[];{'regs': [], 'indirect_regs': [], 'direct_regs': [], 'mem': [], 'const_mem': []};{'regs': ['<BV64 x0>'], 'indirect_regs': [], 'direct_regs': ['<BV64 x0>'], 'mem': [], 'const_mem': []};{'regs': ['<BV64 x0>'], 'indirect_regs': [], 'direct_regs': ['<BV64 x0>'], 'mem': [], 'const_mem': []};63.0;0.0;64.0;64.0;[];;;;BaseControlType.NO_BASE;BaseControlType.NO_BASE;BaseControlType.NO_BASE;1;BranchControlType.BRANCH_DEPENDS_ON_SECRET_VALUE;BranchControlType.BRANCH_INDEPENDENT_FROM_SECRET;155708;True;False;True;True;True;False;False;True;True;False;False;False;True;False;True;True;True;False;True;False;[];['has_valid_base'];True;False;True;True;True;False;False;True;True;False;False;False;True;False;True;True;True;False;True;False;[];['has_valid_base']
a902fb05-bb19-41be-9e79-cb422649dc2b;gss_set_cred_option@@gssapi_krb5_2_MIT;0x21b10;0x21b6c;0x21b58;TransmitterType.LOAD;24;1;False;['0x21b10', '0x21b3c', '0x21b54', '0x21b6c'];<BV64 0x8 + LOAD_64[<BV64 x1>]_33>;64;[('0x21b68', <Bool LOAD_64[<BV64 x1>]_33 != 0x0>, 'Taken')];[];['<BV64 x1>'];"[""<BV64 x1>: ['0x0']""]";[];['<BV64 x1>'];[];0;18446744073709551615;18446744073709551615;1;;;True;9;7;18446744073709551614;1;;;True;ControlType.CONTROLLED;1;<BV64 0x8>;64;[];[];[];[];[];[];[];8.0;8.0;0.0;1.0;;;True;8.0;8.0;0.0;1.0;;;True;ControlType.NO_CONTROL;0;<BV64 0x8>;64;[];[];[];[];[];[];[];8;8;0;1.0;;;True;8.0;8.0;0.0;1.0;;;True;ControlType.NO_CONTROL;0;<BV64 LOAD_64[<BV64 x1>]_33>;64;[('0x21b68', <Bool LOAD_64[<BV64 x1>]_33 != 0x0>, 'Taken')];[];['<BV64 x1>'];"[""<BV64 x1>: ['0x0']""]";[];['<BV64 x1>'];[];0.0;1.8446744073709552e+19;18446744073709551615;1;;;True;1.0;1.8446744073709552e+19;18446744073709551614;1;;;True;ControlType.CONTROLLED;1;<BV64 x1>;64;[('0x21b50', <Bool x1 != 0x0>, 'Taken')];[];['<BV64 x1>'];[];['<BV64 x1>'];[];[];0.0;1.8446744073709552e+19;1.8446744073709552e+19;1.0;;;True;1.0;1.8446744073709552e+19;1.8446744073709552e+19;1.0;;;True;ControlType.CONTROLLED;0;<BV64 LOAD_64[<BV64 x1>]_33>;64;[];[];[];[];[];[];[];0;0;0;;;;False;0;0;0;;;;False;ControlType.UNKNOWN;1;[('0x21b38', <Bool x0 != 0x0>, 'Taken'), ('0x21b50', <Bool x1 != 0x0>, 'Taken'), ('0x21b68', <Bool LOAD_64[<BV64 x1>]_33 != 0x0>, 'Taken')];{'regs': ['<BV64 x0>', '<BV64 x1>'], 'indirect_regs': [], 'direct_regs': ['<BV64 x0>', '<BV64 x1>'], 'mem': ['<BV64 x1>'], 'const_mem': []};[];{'regs': [], 'indirect_regs': [], 'direct_regs': [], 'mem': [], 'const_mem': []};{'regs': ['<BV64 x1>'], 'indirect_regs': [], 'direct_regs': ['<BV64 x1>'], 'mem': ['<BV64 x1>'], 'const_mem': []};{'regs': ['<BV64 x0>', '<BV64 x1>'], 'indirect_regs': [], 'direct_regs': ['<BV64 x0>', '<BV64 x1>'], 'mem': ['<BV64 x1>'], 'const_mem': []};63.0;0.0;64.0;64.0;[];;;;BaseControlType.CONSTANT_BASE;BaseControlType.CONSTANT_BASE;BaseControlType.CONSTANT_BASE;3;BranchControlType.BRANCH_DEPENDS_ON_SECRET_VALUE;BranchControlType.BRANCH_INDEPENDENT_FROM_SECRET;138092;True;False;True;True;True;False;False;True;True;False;False;False;True;False;True;True;True;False;True;False;[];['has_valid_base'];True;False;True;True;True;False;False;True;True;False;False;False;True;False;True;True;True;False;True;False;[];['has_valid_base']
7f473f8b-4d61-4247-870a-a410204a81af;gss_add_buffer_set_member@@gssapi_krb5_2_MIT;0x11650;0x10e68;0x10e50;TransmitterType.LOAD;18;1;False;['0x11650', '0x10e40', '0x10e68'];<BV64 LOAD_64[<BV64 x2>]_28>;64;[('0x10e64', <Bool LOAD_64[<BV64 x2>]_28 != 0x0>, 'Taken')];[];['<BV64 x2>'];"[""<BV64 x2>: ['0x0']""]";[];['<BV64 x2>'];[];0;18446744073709551615;18446744073709551615;1;;;True;1;18446744073709551615;18446744073709551614;1;;;True;ControlType.CONTROLLED;1;;0;[];[];[];[];[];[];[];0.0;0.0;0.0;0.0;;;False;0.0;0.0;0.0;0.0;;;False;ControlType.UNKNOWN;0;;0;[];[];[];[];[];[];[];0;0;0;;;;False;0.0;0.0;0.0;0.0;;;False;ControlType.UNKNOWN;0;<BV64 LOAD_64[<BV64 x2>]_28>;64;[('0x10e64', <Bool LOAD_64[<BV64 x2>]_28 != 0x0>, 'Taken')];[];['<BV64 x2>'];"[""<BV64 x2>: ['0x0']""]";[];['<BV64 x2>'];[];0.0;1.8446744073709552e+19;18446744073709551615;1;;;True;1.0;1.8446744073709552e+19;18446744073709551614;1;;;True;ControlType.CONTROLLED;1;<BV64 x2>;64;[];[];['<BV64 x2>'];[];['<BV64 x2>'];[];[];0.0;1.8446744073709552e+19;1.8446744073709552e+19;1.0;;;True;0.0;1.8446744073709552e+19;1.8446744073709552e+19;1.0;;;True;ControlType.CONTROLLED;0;<BV64 LOAD_64[<BV64 x2>]_28>;64;[];[];[];[];[];[];[];0;0;0;;;;False;0;0;0;;;;False;ControlType.UNKNOWN;1;[('0x10e64', <Bool LOAD_64[<BV64 x2>]_28 != 0x0>, 'Taken'), ('0x11664', <Bool True>, 'Taken')];"{'regs': ['<BV64 x2>'], 'indirect_regs': [""<BV64 x2>: ['0x0']""], 'direct_regs': [], 'mem': ['<BV64 x2>'], 'const_mem': []}";[];{'regs': [], 'indirect_regs': [], 'direct_regs': [], 'mem': [], 'const_mem': []};{'regs': ['<BV64 x2>'], 'indirect_regs': [], 'direct_regs': ['<BV64 x2>'], 'mem': ['<BV64 x2>'], 'const_mem': []};{'regs': ['<BV64 x2>'], 'indirect_regs': [], 'direct_regs': ['<BV64 x2>'], 'mem': ['<BV64 x2>'], 'const_mem': []};63.0;0.0;64.0;64.0;[];;;;BaseControlType.NO_BASE;BaseControlType.NO_BASE;BaseControlType.NO_BASE;2;BranchControlType.BRANCH_DEPENDS_ON_SECRET_VALUE;BranchControlType.BRANCH_INDEPENDENT_FROM_SECRET;69224;True;False;True;True;True;False;False;True;True;False;False;False;True;False;True;True;True;False;True;False;[];['has_valid_base'];True;False;True;True;True;False;False;True;True;False;False;False;True;False;True;True;True;False;True;False;[];['has_valid_base']
e80b824a-a92b-4a8d-9c08-b8aef18585e6;gssspi_set_cred_option@@gssapi_krb5_2_MIT;0x21db0;0x21b4c;0x0;TransmitterType.STORE;22;0;False;['0x21db0', '0x21b10', '0x21b3c'];<BV64 x0>;64;[('0x21b38', <Bool x0 != 0x0>, 'Taken')];[];['<BV64 x0>'];[];['<BV64 x0>'];[];[];0;18446744073709551615;18446744073709551615;1;;;True;1;18446744073709551615;18446744073709551614;1;;;True;ControlType.CONTROLLED;0;;0;[];[];[];[];[];[];[];0.0;0.0;0.0;0.0;;;False;0.0;0.0;0.0;0.0;;;False;ControlType.UNKNOWN;0;;0;[];[];[];[];[];[];[];0;0;0;;;;False;0.0;0.0;0.0;0.0;;;False;ControlType.UNKNOWN;0;<BV64 x0>;64;[('0x21b38', <Bool x0 != 0x0>, 'Taken')];[];['<BV64 x0>'];[];['<BV64 x0>'];[];[];0.0;1.8446744073709552e+19;18446744073709551615;1;;;True;1.0;1.8446744073709552e+19;18446744073709551614;1;;;True;ControlType.CONTROLLED;0;<BV64 x0>;64;[('0x21b38', <Bool x0 != 0x0>, 'Taken')];[];['<BV64 x0>'];[];['<BV64 x0>'];[];[];0.0;1.8446744073709552e+19;1.8446744073709552e+19;1.0;;;True;1.0;1.8446744073709552e+19;1.8446744073709552e+19;1.0;;;True;ControlType.CONTROLLED;0;<BV64 x0>;64;[];[];[];[];[];[];[];0;0;0;;;;False;0;0;0;;;;False;ControlType.UNKNOWN;0;[('0x21b38', <Bool x0 != 0x0>, 'Taken'), ('0x21dc4', <Bool True>, 'Taken')];{'regs': ['<BV64 x0>'], 'indirect_regs': [], 'direct_regs': ['<BV64 x0>'], 'mem': [], 'const_mem': []};[];{'regs': [], 'indirect_regs': [], 'direct_regs': [], 'mem': [], 'const_mem': []};{'regs': ['<BV64 x0>'], 'indirect_regs': [], 'direct_regs': ['<BV64 x0>'], 'mem': [], 'const_mem': []};{'regs': ['<BV64 x0>'], 'indirect_regs': [], 'direct_regs': ['<BV64 x0>'], 'mem': [], 'const_mem': []};63.0;0.0;64.0;64.0;[];;;;BaseControlType.NO_BASE;BaseControlType.NO_BASE;BaseControlType.NO_BASE;2;BranchControlType.BRANCH_DEPENDS_ON_SECRET_VALUE;BranchControlType.BRANCH_INDEPENDENT_FROM_SECRET;138060;True;False;True;True;True;False;False;True;True;False;False;False;True;False;True;True;True;False;True;False;[];['has_valid_base'];True;False;True;True;True;False;False;True;True;False;False;False;True;False;True;True;True;False;True;False;[];['has_valid_base']
556ecf89-16f9-4bd0-a4e0-d45d0b7adef3;gss_encapsulate_token@@gssapi_krb5_2_MIT;0x117b0;0x117f8;0x0;TransmitterType.LOAD;19;0;False;['0x117b0', '0x117e8', '0x117f4'];<BV64 x0>;64;[];[('0x117e0', <Bool x0 != 0x0>, 'ConditionType.CMOVE'), ('0x117e4', <Bool x0 != 0x0>, 'ConditionType.CMOVE')];['<BV64 x0>'];[];['<BV64 x0>'];[];[];1;18446744073709551615;18446744073709551614;1;;;True;1;18446744073709551615;18446744073709551614;1;;;True;ControlType.CONTROLLED;0;;0;[];[];[];[];[];[];[];0.0;0.0;0.0;0.0;;;False;0.0;0.0;0.0;0.0;;;False;ControlType.UNKNOWN;0;;0;[];[];[];[];[];[];[];0;0;0;;;;False;0.0;0.0;0.0;0.0;;;False;ControlType.UNKNOWN;0;<BV64 x0>;64;[];[('0x117e0', <Bool x0 != 0x0>, 'ConditionType.CMOVE'), ('0x117e4', <Bool x0 != 0x0>, 'ConditionType.CMOVE')];['<BV64 x0>'];[];['<BV64 x0>'];[];[];1.0;1.8446744073709552e+19;18446744073709551614;1;;;True;1.0;1.8446744073709552e+19;18446744073709551614;1;;;True;ControlType.CONTROLLED;0;<BV64 x0>;64;[];[('0x117e0', <Bool x0 != 0x0>, 'ConditionType.CMOVE'), ('0x117e4', <Bool x0 != 0x0>, 'ConditionType.CMOVE')];['<BV64 x0>'];[];['<BV64 x0>'];[];[];1.0;1.8446744073709552e+19;1.8446744073709552e+19;1.0;;;True;1.0;1.8446744073709552e+19;1.8446744073709552e+19;1.0;;;True;ControlType.CONTROLLED;0;<BV64 x0>;64;[];[];[];[];[];[];[];0;0;0;;;;False;0;0;0;;;;False;ControlType.UNKNOWN;0;[('0x117e4', <Bool True>, 'Taken'), ('0x117f0', <Bool x2 != 0x0>, 'Taken')];{'regs': ['<BV64 x2>'], 'indirect_regs': [], 'direct_regs': ['<BV64 x2>'], 'mem': [], 'const_mem': []};[('0x117e0', <Bool x0 != 0x0>, 'ConditionType.CMOVE'), ('0x117e4', <Bool x0 != 0x0>, 'ConditionType.CMOVE'), ('0x117e4', <Bool x1 != 0x0>, 'ConditionType.UNKNOWN')];{'regs': ['<BV64 x0>', '<BV64 x1>'], 'indirect_regs': [], 'direct_regs': ['<BV64 x0>', '<BV64 x1>'], 'mem': [], 'const_mem': []};{'regs': ['<BV64 x0>', '<BV64 x1>'], 'indirect_regs': [], 'direct_regs': ['<BV64 x0>', '<BV64 x1>'], 'mem': [], 'const_mem': []};{'regs': ['<BV64 x0>', '<BV64 x1>', '<BV64 x2>'], 'indirect_regs': [], 'direct_regs': ['<BV64 x0>', '<BV64 x1>', '<BV64 x2>'], 'mem': [], 'const_mem': []};63.0;0.0;64.0;64.0;[];;;;BaseControlType.NO_BASE;BaseControlType.NO_BASE;BaseControlType.NO_BASE;2;BranchControlType.BRANCH_INDEPENDENT_FROM_SECRET;BranchControlType.BRANCH_DEPENDS_ON_SECRET_VALUE;71672;True;False;True;False;True;False;False;True;True;False;False;False;True;False;True;False;True;False;True;False;[];['has_valid_base', 'is_cmove_independent_from_secret'];True;False;True;False;True;False;False;True;True;False;False;False;True;False;True;False;True;False;True;False;[];['has_valid_base', 'is_cmove_independent_from_secret']
30c4374c-2d93-4764-8ee3-07ce40bab213;gss_verify_mic@@gssapi_krb5_2_MIT;0x1a460;0x1a484;0x0;TransmitterType.STORE;10;0;False;['0x1a460', '0x1a474'];<BV64 x0>;64;[('0x1a470', <Bool x0 != 0x0>, 'Taken')];[];['<BV64 x0>'];[];['<BV64 x0>'];[];[];0;18446744073709551615;18446744073709551615;1;;;True;1;18446744073709551615;18446744073709551614;1;;;True;ControlType.CONTROLLED;0;;0;[];[];[];[];[];[];[];0.0;0.0;0.0;0.0;;;False;0.0;0.0;0.0;0.0;;;False;ControlType.UNKNOWN;0;;0;[];[];[];[];[];[];[];0;0;0;;;;False;0.0;0.0;0.0;0.0;;;False;ControlType.UNKNOWN;0;<BV64 x0>;64;[('0x1a470', <Bool x0 != 0x0>, 'Taken')];[];['<BV64 x0>'];[];['<BV64 x0>'];[];[];0.0;1.8446744073709552e+19;18446744073709551615;1;;;True;1.0;1.8446744073709552e+19;18446744073709551614;1;;;True;ControlType.CONTROLLED;0;<BV64 x0>;64;[('0x1a470', <Bool x0 != 0x0>, 'Taken')];[];['<BV64 x0>'];[];['<BV64 x0>'];[];[];0.0;1.8446744073709552e+19;1.8446744073709552e+19;1.0;;;True;1.0;1.8446744073709552e+19;1.8446744073709552e+19;1.0;;;True;ControlType.CONTROLLED;0;<BV64 x0>;64;[];[];[];[];[];[];[];0;0;0;;;;False;0;0;0;;;;False;ControlType.UNKNOWN;0;[('0x1a470', <Bool x0 != 0x0>, 'Taken')];{'regs': ['<BV64 x0>'], 'indirect_regs': [], 'direct_regs': ['<BV64 x0>'], 'mem': [], 'const_mem': []};[];{'regs': [], 'indirect_regs': [], 'direct_regs': [], 'mem': [], 'const_mem': []};{'regs': ['<BV64 x0>'], 'indirect_regs': [], 'direct_regs': ['<BV64 x0>'], 'mem': [], 'const_mem': []};{'regs': ['<BV64 x0>'], 'indirect_regs': [], 'direct_regs': ['<BV64 x0>'], 'mem': [], 'const_mem': []};63.0;0.0;64.0;64.0;[];;;;BaseControlType.NO_BASE;BaseControlType.NO_BASE;BaseControlType.NO_BASE;1;BranchControlType.BRANCH_DEPENDS_ON_SECRET_VALUE;BranchControlType.BRANCH_INDEPENDENT_FROM_SECRET;107652;True;False;True;True;True;False;False;True;True;False;False;False;True;False;True;True;True;False;True;False;[];['has_valid_base'];True;False;True;True;True;False;False;True;True;False;False;False;True;False;True;True;True;False;True;False;[];['has_valid_base']
b6d28886-884d-4f8d-aede-ab0a196f7495;gss_krb5_copy_ccache@@gssapi_krb5_2_MIT;0x32fe0;0x21b4c;0x0;TransmitterType.STORE;36;0;False;['0x32fe0', '0x3300c', '0x21b10', '0x21b3c'];<BV64 x0>;64;[('0x21b38', <Bool x0 != 0x0>, 'Taken')];[];['<BV64 x0>'];[];['<BV64 x0>'];[];[];0;18446744073709551615;18446744073709551615;1;;;True;1;18446744073709551615;18446744073709551614;1;;;True;ControlType.CONTROLLED;0;;0;[];[];[];[];[];[];[];0.0;0.0;0.0;0.0;;;False;0.0;0.0;0.0;0.0;;;False;ControlType.UNKNOWN;0;;0;[];[];[];[];[];[];[];0;0;0;;;;False;0.0;0.0;0.0;0.0;;;False;ControlType.UNKNOWN;0;<BV64 x0>;64;[('0x21b38', <Bool x0 != 0x0>, 'Taken')];[];['<BV64 x0>'];[];['<BV64 x0>'];[];[];0.0;1.8446744073709552e+19;18446744073709551615;1;;;True;1.0;1.8446744073709552e+19;18446744073709551614;1;;;True;ControlType.CONTROLLED;0;<BV64 x0>;64;[('0x21b38', <Bool x0 != 0x0>, 'Taken')];[];['<BV64 x0>'];[];['<BV64 x0>'];[];[];0.0;1.8446744073709552e+19;1.8446744073709552e+19;1.0;;;True;1.0;1.8446744073709552e+19;1.8446744073709552e+19;1.0;;;True;ControlType.CONTROLLED;0;<BV64 x0>;64;[];[];[];[];[];[];[];0;0;0;;;;False;0;0;0;;;;False;ControlType.UNKNOWN;0;[('0x21b38', <Bool x0 != 0x0>, 'Taken'), ('0x33008', <Bool x2 != 0x0>, 'Taken'), ('0x3302c', <Bool True>, 'Taken')];{'regs': ['<BV64 x0>', '<BV64 x2>'], 'indirect_regs': [], 'direct_regs': ['<BV64 x0>', '<BV64 x2>'], 'mem': [], 'const_mem': []};[];{'regs': [], 'indirect_regs': [], 'direct_regs': [], 'mem': [], 'const_mem': []};{'regs': ['<BV64 x0>'], 'indirect_regs': [], 'direct_regs': ['<BV64 x0>'], 'mem': [], 'const_mem': []};{'regs': ['<BV64 x0>', '<BV64 x2>'], 'indirect_regs': [], 'direct_regs': ['<BV64 x0>', '<BV64 x2>'], 'mem': [], 'const_mem': []};63.0;0.0;64.0;64.0;[];;;;BaseControlType.NO_BASE;BaseControlType.NO_BASE;BaseControlType.NO_BASE;3;BranchControlType.BRANCH_DEPENDS_ON_SECRET_VALUE;BranchControlType.BRANCH_INDEPENDENT_FROM_SECRET;138060;True;False;True;True;True;False;False;True;True;False;False;False;True;False;True;True;True;False;True;False;[];['has_valid_base'];True;False;True;True;True;False;False;True;True;False;False;False;True;False;True;True;True;False;True;False;[];['has_valid_base']
2e1e6935-2a54-4a41-b6bb-25d21c1a1001;gss_release_buffer@@gssapi_krb5_2_MIT;0x1ffd4;0x1ffec;0x0;TransmitterType.STORE;7;0;False;['0x1ffd4', '0x1ffec'];<BV64 x0>;64;[('0x1ffe8', <Bool x0 != 0x0>, 'Taken')];[];['<BV64 x0>'];[];['<BV64 x0>'];[];[];0;18446744073709551615;18446744073709551615;1;;;True;1;18446744073709551615;18446744073709551614;1;;;True;ControlType.CONTROLLED;0;;0;[];[];[];[];[];[];[];0.0;0.0;0.0;0.0;;;False;0.0;0.0;0.0;0.0;;;False;ControlType.UNKNOWN;0;;0;[];[];[];[];[];[];[];0;0;0;;;;False;0.0;0.0;0.0;0.0;;;False;ControlType.UNKNOWN;0;<BV64 x0>;64;[('0x1ffe8', <Bool x0 != 0x0>, 'Taken')];[];['<BV64 x0>'];[];['<BV64 x0>'];[];[];0.0;1.8446744073709552e+19;18446744073709551615;1;;;True;1.0;1.8446744073709552e+19;18446744073709551614;1;;;True;ControlType.CONTROLLED;0;<BV64 x0>;64;[('0x1ffe8', <Bool x0 != 0x0>, 'Taken')];[];['<BV64 x0>'];[];['<BV64 x0>'];[];[];0.0;1.8446744073709552e+19;1.8446744073709552e+19;1.0;;;True;1.0;1.8446744073709552e+19;1.8446744073709552e+19;1.0;;;True;ControlType.CONTROLLED;0;<BV64 x0>;64;[];[];[];[];[];[];[];0;0;0;;;;False;0;0;0;;;;False;ControlType.UNKNOWN;0;[('0x1ffe8', <Bool x0 != 0x0>, 'Taken')];{'regs': ['<BV64 x0>'], 'indirect_regs': [], 'direct_regs': ['<BV64 x0>'], 'mem': [], 'const_mem': []};[];{'regs': [], 'indirect_regs': [], 'direct_regs': [], 'mem': [], 'const_mem': []};{'regs': ['<BV64 x0>'], 'indirect_regs': [], 'direct_regs': ['<BV64 x0>'], 'mem': [], 'const_mem': []};{'regs': ['<BV64 x0>'], 'indirect_regs': [], 'direct_regs': ['<BV64 x0>'], 'mem': [], 'const_mem': []};63.0;0.0;64.0;64.0;[];;;;BaseControlType.NO_BASE;BaseControlType.NO_BASE;BaseControlType.NO_BASE;1;BranchControlType.BRANCH_DEPENDS_ON_SECRET_VALUE;BranchControlType.BRANCH_INDEPENDENT_FROM_SECRET;131052;True;False;True;True;True;False;False;True;True;False;False;False;True;False;True;True;True;False;True;False;[];['has_valid_base'];True;False;True;True;True;False;False;True;True;False;False;False;True;False;True;True;True;False;True;False;[];['has_valid_base']
f4cfa8dc-fee5-458b-b4cb-4c93e912d3e0;gss_complete_auth_token@@gssapi_krb5_2_MIT;0x12e00;0x12e20;0x0;TransmitterType.STORE;9;0;False;['0x12e00', '0x12e14'];<BV64 x0>;64;[('0x12e10', <Bool x0 != 0x0>, 'Taken')];[];['<BV64 x0>'];[];['<BV64 x0>'];[];[];0;18446744073709551615;18446744073709551615;1;;;True;1;18446744073709551615;18446744073709551614;1;;;True;ControlType.CONTROLLED;0;;0;[];[];[];[];[];[];[];0.0;0.0;0.0;0.0;;;False;0.0;0.0;0.0;0.0;;;False;ControlType.UNKNOWN;0;;0;[];[];[];[];[];[];[];0;0;0;;;;False;0.0;0.0;0.0;0.0;;;False;ControlType.UNKNOWN;0;<BV64 x0>;64;[('0x12e10', <Bool x0 != 0x0>, 'Taken')];[];['<BV64 x0>'];[];['<BV64 x0>'];[];[];0.0;1.8446744073709552e+19;18446744073709551615;1;;;True;1.0;1.8446744073709552e+19;18446744073709551614;1;;;True;ControlType.CONTROLLED;0;<BV64 x0>;64;[('0x12e10', <Bool x0 != 0x0>, 'Taken')];[];['<BV64 x0>'];[];['<BV64 x0>'];[];[];0.0;1.8446744073709552e+19;1.8446744073709552e+19;1.0;;;True;1.0;1.8446744073709552e+19;1.8446744073709552e+19;1.0;;;True;ControlType.CONTROLLED;0;<BV64 x0>;64;[];[];[];[];[];[];[];0;0;0;;;;False;0;0;0;;;;False;ControlType.UNKNOWN;0;[('0x12e10', <Bool x0 != 0x0>, 'Taken')];{'regs': ['<BV64 x0>'], 'indirect_regs': [], 'direct_regs': ['<BV64 x0>'], 'mem': [], 'const_mem': []};[];{'regs': [], 'indirect_regs': [], 'direct_regs': [], 'mem': [], 'const_mem': []};{'regs': ['<BV64 x0>'], 'indirect_regs': [], 'direct_regs': ['<BV64 x0>'], 'mem': [], 'const_mem': []};{'regs': ['<BV64 x0>'], 'indirect_regs': [], 'direct_regs': ['<BV64 x0>'], 'mem': [], 'const_mem': []};63.0;0.0;64.0;64.0;[];;;;BaseControlType.NO_BASE;BaseControlType.NO_BASE;BaseControlType.NO_BASE;1;BranchControlType.BRANCH_DEPENDS_ON_SECRET_VALUE;BranchControlType.BRANCH_INDEPENDENT_FROM_SECRET;77344;True;False;True;True;True;False;False;True;True;False;False;False;True;False;True;True;True;False;True;False;[];['has_valid_base'];True;False;True;True;True;False;False;True;True;False;False;False;True;False;True;True;True;False;True;False;[];['has_valid_base']
288e3f8c-32b6-4766-822f-a2a3ae7810a1;gss_verify_mic_iov@@gssapi_krb5_2_MIT;0x1a324;0x1a338;0x0;TransmitterType.STORE;6;0;False;['0x1a324', '0x1a338'];<BV64 x0>;64;[('0x1a334', <Bool x0 != 0x0>, 'Taken')];[];['<BV64 x0>'];[];['<BV64 x0>'];[];[];0;18446744073709551615;18446744073709551615;1;;;True;1;18446744073709551615;18446744073709551614;1;;;True;ControlType.CONTROLLED;0;;0;[];[];[];[];[];[];[];0.0;0.0;0.0;0.0;;;False;0.0;0.0;0.0;0.0;;;False;ControlType.UNKNOWN;0;;0;[];[];[];[];[];[];[];0;0;0;;;;False;0.0;0.0;0.0;0.0;;;False;ControlType.UNKNOWN;0;<BV64 x0>;64;[('0x1a334', <Bool x0 != 0x0>, 'Taken')];[];['<BV64 x0>'];[];['<BV64 x0>'];[];[];0.0;1.8446744073709552e+19;18446744073709551615;1;;;True;1.0;1.8446744073709552e+19;18446744073709551614;1;;;True;ControlType.CONTROLLED;0;<BV64 x0>;64;[('0x1a334', <Bool x0 != 0x0>, 'Taken')];[];['<BV64 x0>'];[];['<BV64 x0>'];[];[];0.0;1.8446744073709552e+19;1.8446744073709552e+19;1.0;;;True;1.0;1.8446744073709552e+19;1.8446744073709552e+19;1.0;;;True;ControlType.CONTROLLED;0;<BV64 x0>;64;[];[];[];[];[];[];[];0;0;0;;;;False;0;0;0;;;;False;ControlType.UNKNOWN;0;[('0x1a334', <Bool x0 != 0x0>, 'Taken')];{'regs': ['<BV64 x0>'], 'indirect_regs': [], 'direct_regs': ['<BV64 x0>'], 'mem': [], 'const_mem': []};[];{'regs': [], 'indirect_regs': [], 'direct_regs': [], 'mem': [], 'const_mem': []};{'regs': ['<BV64 x0>'], 'indirect_regs': [], 'direct_regs': ['<BV64 x0>'], 'mem': [], 'const_mem': []};{'regs': ['<BV64 x0>'], 'indirect_regs': [], 'direct_regs': ['<BV64 x0>'], 'mem': [], 'const_mem': []};63.0;0.0;64.0;64.0;[];;;;BaseControlType.NO_BASE;BaseControlType.NO_BASE;BaseControlType.NO_BASE;1;BranchControlType.BRANCH_DEPENDS_ON_SECRET_VALUE;BranchControlType.BRANCH_INDEPENDENT_FROM_SECRET;107320;True;False;True;True;True;False;False;True;True;False;False;False;True;False;True;True;True;False;True;False;[];['has_valid_base'];True;False;True;True;True;False;False;True;True;False;False;False;True;False;True;True;True;False;True;False;[];['has_valid_base']
2435de0f-cd87-4732-b1a8-bf946ab714c2;gss_localname@@gssapi_krb5_2_MIT;0x20de0;0x20e2c;0x0;TransmitterType.STORE;20;0;False;['0x20de0', '0x20e1c', '0x20e28'];<BV64 x0>;64;[('0x20e24', <Bool x0 != 0x0>, 'Taken')];[];['<BV64 x0>'];[];['<BV64 x0>'];[];[];0;18446744073709551615;18446744073709551615;1;;;True;1;18446744073709551615;18446744073709551614;1;;;True;ControlType.CONTROLLED;0;;0;[];[];[];[];[];[];[];0.0;0.0;0.0;0.0;;;False;0.0;0.0;0.0;0.0;;;False;ControlType.UNKNOWN;0;;0;[];[];[];[];[];[];[];0;0;0;;;;False;0.0;0.0;0.0;0.0;;;False;ControlType.UNKNOWN;0;<BV64 x0>;64;[('0x20e24', <Bool x0 != 0x0>, 'Taken')];[];['<BV64 x0>'];[];['<BV64 x0>'];[];[];0.0;1.8446744073709552e+19;18446744073709551615;1;;;True;1.0;1.8446744073709552e+19;18446744073709551614;1;;;True;ControlType.CONTROLLED;0;<BV64 x0>;64;[('0x20e24', <Bool x0 != 0x0>, 'Taken')];[];['<BV64 x0>'];[];['<BV64 x0>'];[];[];0.0;1.8446744073709552e+19;1.8446744073709552e+19;1.0;;;True;1.0;1.8446744073709552e+19;1.8446744073709552e+19;1.0;;;True;ControlType.CONTROLLED;0;<BV64 x0>;64;[];[];[];[];[];[];[];0;0;0;;;;False;0;0;0;;;;False;ControlType.UNKNOWN;0;[('0x20e18', <Bool x3 != 0x0>, 'Taken'), ('0x20e24', <Bool x0 != 0x0>, 'Taken')];{'regs': ['<BV64 x0>', '<BV64 x3>'], 'indirect_regs': [], 'direct_regs': ['<BV64 x0>', '<BV64 x3>'], 'mem': [], 'const_mem': []};[];{'regs': [], 'indirect_regs': [], 'direct_regs': [], 'mem': [], 'const_mem': []};{'regs': ['<BV64 x0>'], 'indirect_regs': [], 'direct_regs': ['<BV64 x0>'], 'mem': [], 'const_mem': []};{'regs': ['<BV64 x0>', '<BV64 x3>'], 'indirect_regs': [], 'direct_regs': ['<BV64 x0>', '<BV64 x3>'], 'mem': [], 'const_mem': []};63.0;0.0;64.0;64.0;[];;;;BaseControlType.NO_BASE;BaseControlType.NO_BASE;BaseControlType.NO_BASE;2;BranchControlType.BRANCH_DEPENDS_ON_SECRET_VALUE;BranchControlType.BRANCH_INDEPENDENT_FROM_SECRET;134700;True;False;True;True;True;False;False;True;True;False;False;False;True;False;True;True;True;False;True;False;[];['has_valid_base'];True;False;True;True;True;False;False;True;True;False;False;False;True;False;True;True;True;False;True;False;[];['has_valid_base']
b92e2111-c61a-493a-8fc1-e73a548ae7b9;gss_krb5_set_cred_rcache@@gssapi_krb5_2_MIT;0x331a0;0x21b4c;0x0;TransmitterType.STORE;35;0;False;['0x331a0', '0x21b10', '0x21b3c'];<BV64 x0>;64;[('0x21b38', <Bool x0 != 0x0>, 'Taken')];[];['<BV64 x0>'];[];['<BV64 x0>'];[];[];0;18446744073709551615;18446744073709551615;1;;;True;1;18446744073709551615;18446744073709551614;1;;;True;ControlType.CONTROLLED;0;;0;[];[];[];[];[];[];[];0.0;0.0;0.0;0.0;;;False;0.0;0.0;0.0;0.0;;;False;ControlType.UNKNOWN;0;;0;[];[];[];[];[];[];[];0;0;0;;;;False;0.0;0.0;0.0;0.0;;;False;ControlType.UNKNOWN;0;<BV64 x0>;64;[('0x21b38', <Bool x0 != 0x0>, 'Taken')];[];['<BV64 x0>'];[];['<BV64 x0>'];[];[];0.0;1.8446744073709552e+19;18446744073709551615;1;;;True;1.0;1.8446744073709552e+19;18446744073709551614;1;;;True;ControlType.CONTROLLED;0;<BV64 x0>;64;[('0x21b38', <Bool x0 != 0x0>, 'Taken')];[];['<BV64 x0>'];[];['<BV64 x0>'];[];[];0.0;1.8446744073709552e+19;1.8446744073709552e+19;1.0;;;True;1.0;1.8446744073709552e+19;1.8446744073709552e+19;1.0;;;True;ControlType.CONTROLLED;0;<BV64 x0>;64;[];[];[];[];[];[];[];0;0;0;;;;False;0;0;0;;;;False;ControlType.UNKNOWN;0;[('0x21b38', <Bool x0 != 0x0>, 'Taken'), ('0x331e8', <Bool True>, 'Taken')];{'regs': ['<BV64 x0>'], 'indirect_regs': [], 'direct_regs': ['<BV64 x0>'], 'mem': [], 'const_mem': []};[];{'regs': [], 'indirect_regs': [], 'direct_regs': [], 'mem': [], 'const_mem': []};{'regs': ['<BV64 x0>'], 'indirect_regs': [], 'direct_regs': ['<BV64 x0>'], 'mem': [], 'const_mem': []};{'regs': ['<BV64 x0>'], 'indirect_regs': [], 'direct_regs': ['<BV64 x0>'], 'mem': [], 'const_mem': []};63.0;0.0;64.0;64.0;[];;;;BaseControlType.NO_BASE;BaseControlType.NO_BASE;BaseControlType.NO_BASE;2;BranchControlType.BRANCH_DEPENDS_ON_SECRET_VALUE;BranchControlType.BRANCH_INDEPENDENT_FROM_SECRET;138060;True;False;True;True;True;False;False;True;True;False;False;False;True;False;True;True;True;False;True;False;[];['has_valid_base'];True;False;True;True;True;False;False;True;True;False;False;False;True;False;True;True;True;False;True;False;[];['has_valid_base']
d8071a27-4655-4e9a-880c-7f83338d9cc3;gss_oid_to_str@@gssapi_krb5_2_MIT;0x1fd10;0x1fd4c;0x0;TransmitterType.STORE;16;0;False;['0x1fd10', '0x1fd4c'];<BV64 x0>;64;[('0x1fd48', <Bool x0 != 0x0>, 'Taken')];[];['<BV64 x0>'];[];['<BV64 x0>'];[];[];0;18446744073709551615;18446744073709551615;1;;;True;1;18446744073709551615;18446744073709551614;1;;;True;ControlType.CONTROLLED;0;;0;[];[];[];[];[];[];[];0.0;0.0;0.0;0.0;;;False;0.0;0.0;0.0;0.0;;;False;ControlType.UNKNOWN;0;;0;[];[];[];[];[];[];[];0;0;0;;;;False;0.0;0.0;0.0;0.0;;;False;ControlType.UNKNOWN;0;<BV64 x0>;64;[('0x1fd48', <Bool x0 != 0x0>, 'Taken')];[];['<BV64 x0>'];[];['<BV64 x0>'];[];[];0.0;1.8446744073709552e+19;18446744073709551615;1;;;True;1.0;1.8446744073709552e+19;18446744073709551614;1;;;True;ControlType.CONTROLLED;0;<BV64 x0>;64;[('0x1fd48', <Bool x0 != 0x0>, 'Taken')];[];['<BV64 x0>'];[];['<BV64 x0>'];[];[];0.0;1.8446744073709552e+19;1.8446744073709552e+19;1.0;;;True;1.0;1.8446744073709552e+19;1.8446744073709552e+19;1.0;;;True;ControlType.CONTROLLED;0;<BV64 x0>;64;[];[];[];[];[];[];[];0;0;0;;;;False;0;0;0;;;;False;ControlType.UNKNOWN;0;[('0x1fd48', <Bool x0 != 0x0>, 'Taken')];{'regs': ['<BV64 x0>'], 'indirect_regs': [], 'direct_regs': ['<BV64 x0>'], 'mem': [], 'const_mem': []};[];{'regs': [], 'indirect_regs': [], 'direct_regs': [], 'mem': [], 'const_mem': []};{'regs': ['<BV64 x0>'], 'indirect_regs': [], 'direct_regs': ['<BV64 x0>'], 'mem': [], 'const_mem': []};{'regs': ['<BV64 x0>'], 'indirect_regs': [], 'direct_regs': ['<BV64 x0>'], 'mem': [], 'const_mem': []};63.0;0.0;64.0;64.0;[];;;;BaseControlType.NO_BASE;BaseControlType.NO_BASE;BaseControlType.NO_BASE;1;BranchControlType.BRANCH_DEPENDS_ON_SECRET_VALUE;BranchControlType.BRANCH_INDEPENDENT_FROM_SECRET;130380;True;False;True;True;True;False;False;True;True;False;False;False;True;False;True;True;True;False;True;False;[];['has_valid_base'];True;False;True;True;True;False;False;True;True;False;False;False;True;False;True;True;True;False;True;False;[];['has_valid_base']
0d8d603e-7d4c-40b4-ad4e-e8305fabb597;gss_seal@@gssapi_krb5_2_MIT;0x21af4;0x20b20;0x0;TransmitterType.STORE;19;0;False;['0x21af4', '0x20af4', '0x20b14'];<BV64 x0>;64;[('0x20b10', <Bool x0 != 0x0>, 'Taken')];[];['<BV64 x0>'];[];['<BV64 x0>'];[];[];0;18446744073709551615;18446744073709551615;1;;;True;1;18446744073709551615;18446744073709551614;1;;;True;ControlType.CONTROLLED;0;;0;[];[];[];[];[];[];[];0.0;0.0;0.0;0.0;;;False;0.0;0.0;0.0;0.0;;;False;ControlType.UNKNOWN;0;;0;[];[];[];[];[];[];[];0;0;0;;;;False;0.0;0.0;0.0;0.0;;;False;ControlType.UNKNOWN;0;<BV64 x0>;64;[('0x20b10', <Bool x0 != 0x0>, 'Taken')];[];['<BV64 x0>'];[];['<BV64 x0>'];[];[];0.0;1.8446744073709552e+19;18446744073709551615;1;;;True;1.0;1.8446744073709552e+19;18446744073709551614;1;;;True;ControlType.CONTROLLED;0;<BV64 x0>;64;[('0x20b10', <Bool x0 != 0x0>, 'Taken')];[];['<BV64 x0>'];[];['<BV64 x0>'];[];[];0.0;1.8446744073709552e+19;1.8446744073709552e+19;1.0;;;True;1.0;1.8446744073709552e+19;1.8446744073709552e+19;1.0;;;True;ControlType.CONTROLLED;0;<BV64 x0>;64;[];[];[];[];[];[];[];0;0;0;;;;False;0;0;0;;;;False;ControlType.UNKNOWN;0;[('0x20b10', <Bool x0 != 0x0>, 'Taken'), ('0x21b08', <Bool True>, 'Taken')];{'regs': ['<BV64 x0>'], 'indirect_regs': [], 'direct_regs': ['<BV64 x0>'], 'mem': [], 'const_mem': []};[];{'regs': [], 'indirect_regs': [], 'direct_regs': [], 'mem': [], 'const_mem': []};{'regs': ['<BV64 x0>'], 'indirect_regs': [], 'direct_regs': ['<BV64 x0>'], 'mem': [], 'const_mem': []};{'regs': ['<BV64 x0>'], 'indirect_regs': [], 'direct_regs': ['<BV64 x0>'], 'mem': [], 'const_mem': []};63.0;0.0;64.0;64.0;[];;;;BaseControlType.NO_BASE;BaseControlType.NO_BASE;BaseControlType.NO_BASE;2;BranchControlType.BRANCH_DEPENDS_ON_SECRET_VALUE;BranchControlType.BRANCH_INDEPENDENT_FROM_SECRET;133920;True;False;True;True;True;False;False;True;True;False;False;False;True;False;True;True;True;False;True;False;[];['has_valid_base'];True;False;True;True;True;False;False;True;True;False;False;False;True;False;True;True;True;False;True;False;[];['has_valid_base']
f5582878-e286-4e0b-b6ea-cff108b39814;gss_unseal@@gssapi_krb5_2_MIT;0x21df0;0x20450;0x0;TransmitterType.STORE;20;0;False;['0x21df0', '0x20420', '0x20438'];<BV64 x0>;64;[('0x20434', <Bool x0 != 0x0>, 'Taken')];[];['<BV64 x0>'];[];['<BV64 x0>'];[];[];0;18446744073709551615;18446744073709551615;1;;;True;1;18446744073709551615;18446744073709551614;1;;;True;ControlType.CONTROLLED;0;;0;[];[];[];[];[];[];[];0.0;0.0;0.0;0.0;;;False;0.0;0.0;0.0;0.0;;;False;ControlType.UNKNOWN;0;;0;[];[];[];[];[];[];[];0;0;0;;;;False;0.0;0.0;0.0;0.0;;;False;ControlType.UNKNOWN;0;<BV64 x0>;64;[('0x20434', <Bool x0 != 0x0>, 'Taken')];[];['<BV64 x0>'];[];['<BV64 x0>'];[];[];0.0;1.8446744073709552e+19;18446744073709551615;1;;;True;1.0;1.8446744073709552e+19;18446744073709551614;1;;;True;ControlType.CONTROLLED;0;<BV64 x0>;64;[('0x20434', <Bool x0 != 0x0>, 'Taken')];[];['<BV64 x0>'];[];['<BV64 x0>'];[];[];0.0;1.8446744073709552e+19;1.8446744073709552e+19;1.0;;;True;1.0;1.8446744073709552e+19;1.8446744073709552e+19;1.0;;;True;ControlType.CONTROLLED;0;<BV64 x0>;64;[];[];[];[];[];[];[];0;0;0;;;;False;0;0;0;;;;False;ControlType.UNKNOWN;0;[('0x20434', <Bool x0 != 0x0>, 'Taken'), ('0x21e04', <Bool True>, 'Taken')];{'regs': ['<BV64 x0>'], 'indirect_regs': [], 'direct_regs': ['<BV64 x0>'], 'mem': [], 'const_mem': []};[];{'regs': [], 'indirect_regs': [], 'direct_regs': [], 'mem': [], 'const_mem': []};{'regs': ['<BV64 x0>'], 'indirect_regs': [], 'direct_regs': ['<BV64 x0>'], 'mem': [], 'const_mem': []};{'regs': ['<BV64 x0>'], 'indirect_regs': [], 'direct_regs': ['<BV64 x0>'], 'mem': [], 'const_mem': []};63.0;0.0;64.0;64.0;[];;;;BaseControlType.NO_BASE;BaseControlType.NO_BASE;BaseControlType.NO_BASE;2;BranchControlType.BRANCH_DEPENDS_ON_SECRET_VALUE;BranchControlType.BRANCH_INDEPENDENT_FROM_SECRET;132176;True;False;True;True;True;False;False;True;True;False;False;False;True;False;True;True;True;False;True;False;[];['has_valid_base'];True;False;True;True;True;False;False;True;True;False;False;False;True;False;True;True;True;False;True;False;[];['has_valid_base']
7bb93603-91f2-4601-b41b-ed7d3ad3d9e3;gss_inquire_cred@@gssapi_krb5_2_MIT;0x18f30;0x18f7c;0x0;TransmitterType.STORE;20;0;False;['0x18f30', '0x18f70'];<BV64 x0>;64;[('0x18f6c', <Bool x0 != 0x0>, 'Taken')];[];['<BV64 x0>'];[];['<BV64 x0>'];[];[];0;18446744073709551615;18446744073709551615;1;;;True;1;18446744073709551615;18446744073709551614;1;;;True;ControlType.CONTROLLED;0;;0;[];[];[];[];[];[];[];0.0;0.0;0.0;0.0;;;False;0.0;0.0;0.0;0.0;;;False;ControlType.UNKNOWN;0;;0;[];[];[];[];[];[];[];0;0;0;;;;False;0.0;0.0;0.0;0.0;;;False;ControlType.UNKNOWN;0;<BV64 x0>;64;[('0x18f6c', <Bool x0 != 0x0>, 'Taken')];[];['<BV64 x0>'];[];['<BV64 x0>'];[];[];0.0;1.8446744073709552e+19;18446744073709551615;1;;;True;1.0;1.8446744073709552e+19;18446744073709551614;1;;;True;ControlType.CONTROLLED;0;<BV64 x0>;64;[('0x18f6c', <Bool x0 != 0x0>, 'Taken')];[];['<BV64 x0>'];[];['<BV64 x0>'];[];[];0.0;1.8446744073709552e+19;1.8446744073709552e+19;1.0;;;True;1.0;1.8446744073709552e+19;1.8446744073709552e+19;1.0;;;True;ControlType.CONTROLLED;0;<BV64 x0>;64;[];[];[];[];[];[];[];0;0;0;;;;False;0;0;0;;;;False;ControlType.UNKNOWN;0;[('0x18f6c', <Bool x0 != 0x0>, 'Taken')];{'regs': ['<BV64 x0>'], 'indirect_regs': [], 'direct_regs': ['<BV64 x0>'], 'mem': [], 'const_mem': []};[];{'regs': [], 'indirect_regs': [], 'direct_regs': [], 'mem': [], 'const_mem': []};{'regs': ['<BV64 x0>'], 'indirect_regs': [], 'direct_regs': ['<BV64 x0>'], 'mem': [], 'const_mem': []};{'regs': ['<BV64 x0>'], 'indirect_regs': [], 'direct_regs': ['<BV64 x0>'], 'mem': [], 'const_mem': []};63.0;0.0;64.0;64.0;[];;;;BaseControlType.NO_BASE;BaseControlType.NO_BASE;BaseControlType.NO_BASE;1;BranchControlType.BRANCH_DEPENDS_ON_SECRET_VALUE;BranchControlType.BRANCH_INDEPENDENT_FROM_SECRET;102268;True;False;True;True;True;False;False;True;True;False;False;False;True;False;True;True;True;False;True;False;[];['has_valid_base'];True;False;True;True;True;False;False;True;True;False;False;False;True;False;True;True;True;False;True;False;[];['has_valid_base']
7c35a15a-bb59-47b2-b995-38e351e9e2ed;gss_release_name@@gssapi_krb5_2_MIT;0x26020;0x2604c;0x26044;TransmitterType.LOAD;12;1;False;['0x26020', '0x26028', '0x26044', '0x2604c'];<BV64 LOAD_64[<BV64 x1>]_25>;64;[('0x26048', <Bool LOAD_64[<BV64 x1>]_25 != 0x0>, 'Taken')];[];['<BV64 x1>'];"[""<BV64 x1>: ['0x0']""]";[];['<BV64 x1>'];[];0;18446744073709551615;18446744073709551615;1;;;True;1;18446744073709551615;18446744073709551614;1;;;True;ControlType.CONTROLLED;1;;0;[];[];[];[];[];[];[];0.0;0.0;0.0;0.0;;;False;0.0;0.0;0.0;0.0;;;False;ControlType.UNKNOWN;0;;0;[];[];[];[];[];[];[];0;0;0;;;;False;0.0;0.0;0.0;0.0;;;False;ControlType.UNKNOWN;0;<BV64 LOAD_64[<BV64 x1>]_25>;64;[('0x26048', <Bool LOAD_64[<BV64 x1>]_25 != 0x0>, 'Taken')];[];['<BV64 x1>'];"[""<BV64 x1>: ['0x0']""]";[];['<BV64 x1>'];[];0.0;1.8446744073709552e+19;18446744073709551615;1;;;True;1.0;1.8446744073709552e+19;18446744073709551614;1;;;True;ControlType.CONTROLLED;1;<BV64 x1>;64;[('0x26040', <Bool x1 != 0x0>, 'Taken')];[];['<BV64 x1>'];[];['<BV64 x1>'];[];[];0.0;1.8446744073709552e+19;1.8446744073709552e+19;1.0;;;True;1.0;1.8446744073709552e+19;1.8446744073709552e+19;1.0;;;True;ControlType.CONTROLLED;0;<BV64 LOAD_64[<BV64 x1>]_25>;64;[];[];[];[];[];[];[];0;0;0;;;;False;0;0;0;;;;False;ControlType.UNKNOWN;1;[('0x26024', <Bool x0 != 0x0>, 'Taken'), ('0x26040', <Bool x1 != 0x0>, 'Taken'), ('0x26048', <Bool LOAD_64[<BV64 x1>]_25 != 0x0>, 'Taken')];{'regs': ['<BV64 x0>', '<BV64 x1>'], 'indirect_regs': [], 'direct_regs': ['<BV64 x0>', '<BV64 x1>'], 'mem': ['<BV64 x1>'], 'const_mem': []};[];{'regs': [], 'indirect_regs': [], 'direct_regs': [], 'mem': [], 'const_mem': []};{'regs': ['<BV64 x1>'], 'indirect_regs': [], 'direct_regs': ['<BV64 x1>'], 'mem': ['<BV64 x1>'], 'const_mem': []};{'regs': ['<BV64 x0>', '<BV64 x1>'], 'indirect_regs': [], 'direct_regs': ['<BV64 x0>', '<BV64 x1>'], 'mem': ['<BV64 x1>'], 'const_mem': []};63.0;0.0;64.0;64.0;[];;;;BaseControlType.NO_BASE;BaseControlType.NO_BASE;BaseControlType.NO_BASE;3;BranchControlType.BRANCH_DEPENDS_ON_SECRET_VALUE;BranchControlType.BRANCH_INDEPENDENT_FROM_SECRET;155724;True;False;True;True;True;False;False;True;True;False;False;False;True;False;True;True;True;False;True;False;[];['has_valid_base'];True;False;True;True;True;False;False;True;True;False;False;False;True;False;True;True;True;False;True;False;[];['has_valid_base']
11e1fd3f-b39e-49f8-913f-a579265faf2a;gss_decapsulate_token@@gssapi_krb5_2_MIT;0x116b0;0x116f8;0x0;TransmitterType.LOAD;19;0;False;['0x116b0', '0x116ec', '0x116f8'];<BV64 0x8 + x0>;64;[];[('0x116e0', <Bool x0 != 0x0>, 'ConditionType.CMOVE'), ('0x116e8', <Bool x0 != 0x0>, 'ConditionType.CMOVE')];['<BV64 x0>'];[];['<BV64 x0>'];[];[];9;7;18446744073709551614;1;;;True;9;7;18446744073709551614;1;;;True;ControlType.CONTROLLED;0;<BV64 0x8>;64;[];[];[];[];[];[];[];8.0;8.0;0.0;1.0;;;True;8.0;8.0;0.0;1.0;;;True;ControlType.NO_CONTROL;0;<BV64 0x8>;64;[];[];[];[];[];[];[];8;8;0;1.0;;;True;8.0;8.0;0.0;1.0;;;True;ControlType.NO_CONTROL;0;<BV64 x0>;64;[];[('0x116e0', <Bool x0 != 0x0>, 'ConditionType.CMOVE'), ('0x116e8', <Bool x0 != 0x0>, 'ConditionType.CMOVE')];['<BV64 x0>'];[];['<BV64 x0>'];[];[];1.0;1.8446744073709552e+19;18446744073709551614;1;;;True;1.0;1.8446744073709552e+19;18446744073709551614;1;;;True;ControlType.CONTROLLED;0;<BV64 x0>;64;[];[('0x116e0', <Bool x0 != 0x0>, 'ConditionType.CMOVE'), ('0x116e8', <Bool x0 != 0x0>, 'ConditionType.CMOVE')];['<BV64 x0>'];[];['<BV64 x0>'];[];[];1.0;1.8446744073709552e+19;1.8446744073709552e+19;1.0;;;True;1.0;1.8446744073709552e+19;1.8446744073709552e+19;1.0;;;True;ControlType.CONTROLLED;0;<BV64 x0>;64;[];[];[];[];[];[];[];0;0;0;;;;False;0;0;0;;;;False;ControlType.UNKNOWN;0;[('0x116e8', <Bool True>, 'Taken'), ('0x116f4', <Bool x2 != 0x0>, 'Taken')];{'regs': ['<BV64 x2>'], 'indirect_regs': [], 'direct_regs': ['<BV64 x2>'], 'mem': [], 'const_mem': []};[('0x116e0', <Bool x0 != 0x0>, 'ConditionType.CMOVE'), ('0x116e8', <Bool x1 != 0x0>, 'ConditionType.UNKNOWN'), ('0x116e8', <Bool x0 != 0x0>, 'ConditionType.CMOVE')];{'regs': ['<BV64 x0>', '<BV64 x1>'], 'indirect_regs': [], 'direct_regs': ['<BV64 x0>', '<BV64 x1>'], 'mem': [], 'const_mem': []};{'regs': ['<BV64 x0>', '<BV64 x1>'], 'indirect_regs': [], 'direct_regs': ['<BV64 x0>', '<BV64 x1>'], 'mem': [], 'const_mem': []};{'regs': ['<BV64 x0>', '<BV64 x1>', '<BV64 x2>'], 'indirect_regs': [], 'direct_regs': ['<BV64 x0>', '<BV64 x1>', '<BV64 x2>'], 'mem': [], 'const_mem': []};63.0;0.0;64.0;64.0;[];;;;BaseControlType.CONSTANT_BASE;BaseControlType.CONSTANT_BASE;BaseControlType.CONSTANT_BASE;2;BranchControlType.BRANCH_INDEPENDENT_FROM_SECRET;BranchControlType.BRANCH_DEPENDS_ON_SECRET_VALUE;71416;True;False;True;False;True;False;False;True;True;False;False;False;True;False;True;False;True;False;True;False;[];['has_valid_base', 'is_cmove_independent_from_secret'];True;False;True;False;True;False;False;True;True;False;False;False;True;False;True;False;True;False;True;False;[];['has_valid_base', 'is_cmove_independent_from_secret']
5ab615ee-639e-4bdc-83c3-9b1ad1a6b6e1;gss_add_buffer_set_member@@gssapi_krb5_2_MIT;0x11650;0x10e68;0x10e50;TransmitterType.LOAD;18;1;False;['0x11650', '0x10e40', '0x10e68'];<BV64 0x8 + LOAD_64[<BV64 x2>]_28>;64;[('0x10e64', <Bool LOAD_64[<BV64 x2>]_28 != 0x0>, 'Taken')];[];['<BV64 x2>'];"[""<BV64 x2>: ['0x0']""]";[];['<BV64 x2>'];[];0;18446744073709551615;18446744073709551615;1;;;True;9;7;18446744073709551614;1;;;True;ControlType.CONTROLLED;1;<BV64 0x8>;64;[];[];[];[];[];[];[];8.0;8.0;0.0;1.0;;;True;8.0;8.0;0.0;1.0;;;True;ControlType.NO_CONTROL;0;<BV64 0x8>;64;[];[];[];[];[];[];[];8;8;0;1.0;;;True;8.0;8.0;0.0;1.0;;;True;ControlType.NO_CONTROL;0;<BV64 LOAD_64[<BV64 x2>]_28>;64;[('0x10e64', <Bool LOAD_64[<BV64 x2>]_28 != 0x0>, 'Taken')];[];['<BV64 x2>'];"[""<BV64 x2>: ['0x0']""]";[];['<BV64 x2>'];[];0.0;1.8446744073709552e+19;18446744073709551615;1;;;True;1.0;1.8446744073709552e+19;18446744073709551614;1;;;True;ControlType.CONTROLLED;1;<BV64 x2>;64;[];[];['<BV64 x2>'];[];['<BV64 x2>'];[];[];0.0;1.8446744073709552e+19;1.8446744073709552e+19;1.0;;;True;0.0;1.8446744073709552e+19;1.8446744073709552e+19;1.0;;;True;ControlType.CONTROLLED;0;<BV64 LOAD_64[<BV64 x2>]_28>;64;[];[];[];[];[];[];[];0;0;0;;;;False;0;0;0;;;;False;ControlType.UNKNOWN;1;[('0x10e64', <Bool LOAD_64[<BV64 x2>]_28 != 0x0>, 'Taken'), ('0x11664', <Bool True>, 'Taken')];"{'regs': ['<BV64 x2>'], 'indirect_regs': [""<BV64 x2>: ['0x0']""], 'direct_regs': [], 'mem': ['<BV64 x2>'], 'const_mem': []}";[];{'regs': [], 'indirect_regs': [], 'direct_regs': [], 'mem': [], 'const_mem': []};{'regs': ['<BV64 x2>'], 'indirect_regs': [], 'direct_regs': ['<BV64 x2>'], 'mem': ['<BV64 x2>'], 'const_mem': []};{'regs': ['<BV64 x2>'], 'indirect_regs': [], 'direct_regs': ['<BV64 x2>'], 'mem': ['<BV64 x2>'], 'const_mem': []};63.0;0.0;64.0;64.0;[];;;;BaseControlType.CONSTANT_BASE;BaseControlType.CONSTANT_BASE;BaseControlType.CONSTANT_BASE;2;BranchControlType.BRANCH_DEPENDS_ON_SECRET_VALUE;BranchControlType.BRANCH_INDEPENDENT_FROM_SECRET;69224;True;False;True;True;True;False;False;True;True;False;False;False;True;False;True;True;True;False;True;False;[];['has_valid_base'];True;False;True;True;True;False;False;True;True;False;False;False;True;False;True;True;True;False;True;False;[];['has_valid_base']
6b743787-caa4-4200-96c0-ca9cca03c7b2;gss_display_name_ext@@gssapi_krb5_2_MIT;0x13390;0x133b4;0x0;TransmitterType.STORE;10;0;False;['0x13390', '0x133ac'];<BV64 x0>;64;[('0x133a8', <Bool x0 != 0x0>, 'Taken')];[];['<BV64 x0>'];[];['<BV64 x0>'];[];[];0;18446744073709551615;18446744073709551615;1;;;True;1;18446744073709551615;18446744073709551614;1;;;True;ControlType.CONTROLLED;0;;0;[];[];[];[];[];[];[];0.0;0.0;0.0;0.0;;;False;0.0;0.0;0.0;0.0;;;False;ControlType.UNKNOWN;0;;0;[];[];[];[];[];[];[];0;0;0;;;;False;0.0;0.0;0.0;0.0;;;False;ControlType.UNKNOWN;0;<BV64 x0>;64;[('0x133a8', <Bool x0 != 0x0>, 'Taken')];[];['<BV64 x0>'];[];['<BV64 x0>'];[];[];0.0;1.8446744073709552e+19;18446744073709551615;1;;;True;1.0;1.8446744073709552e+19;18446744073709551614;1;;;True;ControlType.CONTROLLED;0;<BV64 x0>;64;[('0x133a8', <Bool x0 != 0x0>, 'Taken')];[];['<BV64 x0>'];[];['<BV64 x0>'];[];[];0.0;1.8446744073709552e+19;1.8446744073709552e+19;1.0;;;True;1.0;1.8446744073709552e+19;1.8446744073709552e+19;1.0;;;True;ControlType.CONTROLLED;0;<BV64 x0>;64;[];[];[];[];[];[];[];0;0;0;;;;False;0;0;0;;;;False;ControlType.UNKNOWN;0;[('0x133a8', <Bool x0 != 0x0>, 'Taken')];{'regs': ['<BV64 x0>'], 'indirect_regs': [], 'direct_regs': ['<BV64 x0>'], 'mem': [], 'const_mem': []};[];{'regs': [], 'indirect_regs': [], 'direct_regs': [], 'mem': [], 'const_mem': []};{'regs': ['<BV64 x0>'], 'indirect_regs': [], 'direct_regs': ['<BV64 x0>'], 'mem': [], 'const_mem': []};{'regs': ['<BV64 x0>'], 'indirect_regs': [], 'direct_regs': ['<BV64 x0>'], 'mem': [], 'const_mem': []};63.0;0.0;64.0;64.0;[];;;;BaseControlType.NO_BASE;BaseControlType.NO_BASE;BaseControlType.NO_BASE;1;BranchControlType.BRANCH_DEPENDS_ON_SECRET_VALUE;BranchControlType.BRANCH_INDEPENDENT_FROM_SECRET;78772;True;False;True;True;True;False;False;True;True;False;False;False;True;False;True;True;True;False;True;False;[];['has_valid_base'];True;False;True;True;True;False;False;True;True;False;False;False;True;False;True;True;True;False;True;False;[];['has_valid_base']
4bb994ec-6b3b-4bd1-8fa6-33bf25257b17;gss_release_oid@@gssapi_krb5_2_MIT;0x11b24;0x11b44;0x0;TransmitterType.STORE;9;0;False;['0x11b24', '0x11b38'];<BV64 x0>;64;[('0x11b34', <Bool x0 != 0x0>, 'Taken')];[];['<BV64 x0>'];[];['<BV64 x0>'];[];[];0;18446744073709551615;18446744073709551615;1;;;True;1;18446744073709551615;18446744073709551614;1;;;True;ControlType.CONTROLLED;0;;0;[];[];[];[];[];[];[];0.0;0.0;0.0;0.0;;;False;0.0;0.0;0.0;0.0;;;False;ControlType.UNKNOWN;0;;0;[];[];[];[];[];[];[];0;0;0;;;;False;0.0;0.0;0.0;0.0;;;False;ControlType.UNKNOWN;0;<BV64 x0>;64;[('0x11b34', <Bool x0 != 0x0>, 'Taken')];[];['<BV64 x0>'];[];['<BV64 x0>'];[];[];0.0;1.8446744073709552e+19;18446744073709551615;1;;;True;1.0;1.8446744073709552e+19;18446744073709551614;1;;;True;ControlType.CONTROLLED;0;<BV64 x0>;64;[('0x11b34', <Bool x0 != 0x0>, 'Taken')];[];['<BV64 x0>'];[];['<BV64 x0>'];[];[];0.0;1.8446744073709552e+19;1.8446744073709552e+19;1.0;;;True;1.0;1.8446744073709552e+19;1.8446744073709552e+19;1.0;;;True;ControlType.CONTROLLED;0;<BV64 x0>;64;[];[];[];[];[];[];[];0;0;0;;;;False;0;0;0;;;;False;ControlType.UNKNOWN;0;[('0x11b34', <Bool x0 != 0x0>, 'Taken')];{'regs': ['<BV64 x0>'], 'indirect_regs': [], 'direct_regs': ['<BV64 x0>'], 'mem': [], 'const_mem': []};[];{'regs': [], 'indirect_regs': [], 'direct_regs': [], 'mem': [], 'const_mem': []};{'regs': ['<BV64 x0>'], 'indirect_regs': [], 'direct_regs': ['<BV64 x0>'], 'mem': [], 'const_mem': []};{'regs': ['<BV64 x0>'], 'indirect_regs': [], 'direct_regs': ['<BV64 x0>'], 'mem': [], 'const_mem': []};63.0;0.0;64.0;64.0;[];;;;BaseControlType.NO_BASE;BaseControlType.NO_BASE;BaseControlType.NO_BASE;1;BranchControlType.BRANCH_DEPENDS_ON_SECRET_VALUE;BranchControlType.BRANCH_INDEPENDENT_FROM_SECRET;72516;True;False;True;True;True;False;False;True;True;False;False;False;True;False;True;True;True;False;True;False;[];['has_valid_base'];True;False;True;True;True;False;False;True;True;False;False;False;True;False;True;True;True;False;True;False;[];['has_valid_base']
921c9658-e5c6-47f3-ae64-266580068404;gss_set_cred_option@@gssapi_krb5_2_MIT;0x21b10;0x21bd4;0x21b58;TransmitterType.LOAD;30;1;False;['0x21b10', '0x21b3c', '0x21b54', '0x21b6c', '0x21bd4'];<BV64 0x10 + LOAD_64[<BV64 x1>]_33>;64;[('0x21b68', <Bool LOAD_64[<BV64 x1>]_33 != 0x0>, 'Taken')];[];['<BV64 x1>'];"[""<BV64 x1>: ['0x0']""]";[];['<BV64 x1>'];[];0;18446744073709551615;18446744073709551615;1;;;True;17;15;18446744073709551614;1;;;True;ControlType.CONTROLLED;1;<BV64 0x10>;64;[];[];[];[];[];[];[];16.0;16.0;0.0;1.0;;;True;16.0;16.0;0.0;1.0;;;True;ControlType.NO_CONTROL;0;<BV64 0x10>;64;[];[];[];[];[];[];[];16;16;0;1.0;;;True;16.0;16.0;0.0;1.0;;;True;ControlType.NO_CONTROL;0;<BV64 LOAD_64[<BV64 x1>]_33>;64;[('0x21b68', <Bool LOAD_64[<BV64 x1>]_33 != 0x0>, 'Taken')];[];['<BV64 x1>'];"[""<BV64 x1>: ['0x0']""]";[];['<BV64 x1>'];[];0.0;1.8446744073709552e+19;18446744073709551615;1;;;True;1.0;1.8446744073709552e+19;18446744073709551614;1;;;True;ControlType.CONTROLLED;1;<BV64 x1>;64;[('0x21b50', <Bool x1 != 0x0>, 'Taken')];[];['<BV64 x1>'];[];['<BV64 x1>'];[];[];0.0;1.8446744073709552e+19;1.8446744073709552e+19;1.0;;;True;1.0;1.8446744073709552e+19;1.8446744073709552e+19;1.0;;;True;ControlType.CONTROLLED;0;<BV64 LOAD_64[<BV64 x1>]_33>;64;[];[];[];[];[];[];[];0;0;0;;;;False;0;0;0;;;;False;ControlType.UNKNOWN;1;[('0x21b38', <Bool x0 != 0x0>, 'Taken'), ('0x21b50', <Bool x1 != 0x0>, 'Taken'), ('0x21b68', <Bool LOAD_64[<BV64 x1>]_33 != 0x0>, 'Taken'), ('0x21b80', <Bool 0x0 <s LOAD_32[<BV64 LOAD_64[<BV64 x1>]_33 + 0x8>]_36>, 'Taken')];{'regs': ['<BV64 x0>', '<BV64 x1>'], 'indirect_regs': [], 'direct_regs': ['<BV64 x0>', '<BV64 x1>'], 'mem': ['<BV64 LOAD_64[<BV64 x1>]_33 + 0x8>', '<BV64 x1>'], 'const_mem': []};[];{'regs': [], 'indirect_regs': [], 'direct_regs': [], 'mem': [], 'const_mem': []};{'regs': ['<BV64 x1>'], 'indirect_regs': [], 'direct_regs': ['<BV64 x1>'], 'mem': ['<BV64 x1>'], 'const_mem': []};{'regs': ['<BV64 x0>', '<BV64 x1>'], 'indirect_regs': [], 'direct_regs': ['<BV64 x0>', '<BV64 x1>'], 'mem': ['<BV64 LOAD_64[<BV64 x1>]_33 + 0x8>', '<BV64 x1>'], 'const_mem': []};63.0;0.0;64.0;64.0;[];;;;BaseControlType.CONSTANT_BASE;BaseControlType.CONSTANT_BASE;BaseControlType.CONSTANT_BASE;4;BranchControlType.BRANCH_DEPENDS_ON_SECRET_VALUE;BranchControlType.BRANCH_INDEPENDENT_FROM_SECRET;138196;True;False;True;True;True;False;False;True;True;False;False;False;True;False;True;True;True;False;True;False;[];['has_valid_base'];True;False;True;True;True;False;False;True;True;False;False;False;True;False;True;True;True;False;True;False;[];['has_valid_base']
494380a3-aa11-4976-9956-c8c4401e618d;gss_pname_to_uid@@gssapi_krb5_2_MIT;0x21ee0;0x20f44;0x0;TransmitterType.STORE;38;0;False;['0x21ee0', '0x20de0', '0x20f40', '0x20f44'];<BV64 x0>;64;[('0x20f40', <Bool x0 != 0x0>, 'Taken')];[];['<BV64 x0>'];[];['<BV64 x0>'];[];[];0;18446744073709551615;18446744073709551615;1;;;True;1;18446744073709551615;18446744073709551614;1;;;True;ControlType.CONTROLLED;0;;0;[];[];[];[];[];[];[];0.0;0.0;0.0;0.0;;;False;0.0;0.0;0.0;0.0;;;False;ControlType.UNKNOWN;0;;0;[];[];[];[];[];[];[];0;0;0;;;;False;0.0;0.0;0.0;0.0;;;False;ControlType.UNKNOWN;0;<BV64 x0>;64;[('0x20f40', <Bool x0 != 0x0>, 'Taken')];[];['<BV64 x0>'];[];['<BV64 x0>'];[];[];0.0;1.8446744073709552e+19;18446744073709551615;1;;;True;1.0;1.8446744073709552e+19;18446744073709551614;1;;;True;ControlType.CONTROLLED;0;<BV64 x0>;64;[('0x20f40', <Bool x0 != 0x0>, 'Taken')];[];['<BV64 x0>'];[];['<BV64 x0>'];[];[];0.0;1.8446744073709552e+19;1.8446744073709552e+19;1.0;;;True;1.0;1.8446744073709552e+19;1.8446744073709552e+19;1.0;;;True;ControlType.CONTROLLED;0;<BV64 x0>;64;[];[];[];[];[];[];[];0;0;0;;;;False;0;0;0;;;;False;ControlType.UNKNOWN;0;[('0x20e18', <Bool 0xffffffffffffdf68 + sp == 0x0>, 'Taken'), ('0x20f40', <Bool x0 != 0x0>, 'Taken'), ('0x21f30', <Bool True>, 'Taken')];{'regs': ['<BV64 sp>', '<BV64 x0>'], 'indirect_regs': [], 'direct_regs': ['<BV64 sp>', '<BV64 x0>'], 'mem': [], 'const_mem': []};[];{'regs': [], 'indirect_regs': [], 'direct_regs': [], 'mem': [], 'const_mem': []};{'regs': ['<BV64 x0>'], 'indirect_regs': [], 'direct_regs': ['<BV64 x0>'], 'mem': [], 'const_mem': []};{'regs': ['<BV64 sp>', '<BV64 x0>'], 'indirect_regs': [], 'direct_regs': ['<BV64 sp>', '<BV64 x0>'], 'mem': [], 'const_mem': []};63.0;0.0;64.0;64.0;['<Bool LOAD_64[<BV64 0x5fe30>]_29 == LOAD_64[<BV64 0x5fe30>]_34>'];;;;BaseControlType.NO_BASE;BaseControlType.NO_BASE;BaseControlType.NO_BASE;3;BranchControlType.BRANCH_DEPENDS_ON_UNCONTROLLED;BranchControlType.BRANCH_INDEPENDENT_FROM_SECRET;134980;True;False;True;True;True;False;False;True;True;False;False;False;True;False;True;False;True;True;True;False;[];['has_valid_base'];True;False;True;True;True;False;False;True;True;False;False;False;True;False;True;False;True;True;True;False;[];['has_valid_base']
833d7dfb-6c9e-4c7e-b6e0-108edd54ac3a;gss_export_name@@gssapi_krb5_2_MIT;0x14340;0x14374;0x0;TransmitterType.STORE;14;0;False;['0x14340', '0x14374'];<BV64 x0>;64;[('0x14370', <Bool x0 != 0x0>, 'Taken')];[];['<BV64 x0>'];[];['<BV64 x0>'];[];[];0;18446744073709551615;18446744073709551615;1;;;True;1;18446744073709551615;18446744073709551614;1;;;True;ControlType.CONTROLLED;0;;0;[];[];[];[];[];[];[];0.0;0.0;0.0;0.0;;;False;0.0;0.0;0.0;0.0;;;False;ControlType.UNKNOWN;0;;0;[];[];[];[];[];[];[];0;0;0;;;;False;0.0;0.0;0.0;0.0;;;False;ControlType.UNKNOWN;0;<BV64 x0>;64;[('0x14370', <Bool x0 != 0x0>, 'Taken')];[];['<BV64 x0>'];[];['<BV64 x0>'];[];[];0.0;1.8446744073709552e+19;18446744073709551615;1;;;True;1.0;1.8446744073709552e+19;18446744073709551614;1;;;True;ControlType.CONTROLLED;0;<BV64 x0>;64;[('0x14370', <Bool x0 != 0x0>, 'Taken')];[];['<BV64 x0>'];[];['<BV64 x0>'];[];[];0.0;1.8446744073709552e+19;1.8446744073709552e+19;1.0;;;True;1.0;1.8446744073709552e+19;1.8446744073709552e+19;1.0;;;True;ControlType.CONTROLLED;0;<BV64 x0>;64;[];[];[];[];[];[];[];0;0;0;;;;False;0;0;0;;;;False;ControlType.UNKNOWN;0;[('0x14370', <Bool x0 != 0x0>, 'Taken')];{'regs': ['<BV64 x0>'], 'indirect_regs': [], 'direct_regs': ['<BV64 x0>'], 'mem': [], 'const_mem': []};[];{'regs': [], 'indirect_regs': [], 'direct_regs': [], 'mem': [], 'const_mem': []};{'regs': ['<BV64 x0>'], 'indirect_regs': [], 'direct_regs': ['<BV64 x0>'], 'mem': [], 'const_mem': []};{'regs': ['<BV64 x0>'], 'indirect_regs': [], 'direct_regs': ['<BV64 x0>'], 'mem': [], 'const_mem': []};63.0;0.0;64.0;64.0;[];;;;BaseControlType.NO_BASE;BaseControlType.NO_BASE;BaseControlType.NO_BASE;1;BranchControlType.BRANCH_DEPENDS_ON_SECRET_VALUE;BranchControlType.BRANCH_INDEPENDENT_FROM_SECRET;82804;True;False;True;True;True;False;False;True;True;False;False;False;True;False;True;True;True;False;True;False;[];['has_valid_base'];True;False;True;True;True;False;False;True;True;False;False;False;True;False;True;True;True;False;True;False;[];['has_valid_base']
0617025a-ca06-4581-b8b6-d1a8f3e9ba60;gss_add_oid_set_member@@gssapi_krb5_2_MIT;0x1f950;0x1f98c;0x0;TransmitterType.LOAD;16;0;False;['0x1f950', '0xfee0', '0x10038', '0x1f968', '0x1f984'];<BV64 x0>;64;[];[];['<BV64 x0>'];[];['<BV64 x0>'];[];[];0;18446744073709551615;18446744073709551615;1;;;True;0;18446744073709551615;18446744073709551615;1;;;True;ControlType.CONTROLLED;0;;0;[];[];[];[];[];[];[];0.0;0.0;0.0;0.0;;;False;0.0;0.0;0.0;0.0;;;False;ControlType.UNKNOWN;0;;0;[];[];[];[];[];[];[];0;0;0;;;;False;0.0;0.0;0.0;0.0;;;False;ControlType.UNKNOWN;0;<BV64 x0>;64;[];[];['<BV64 x0>'];[];['<BV64 x0>'];[];[];0.0;1.8446744073709552e+19;18446744073709551615;1;;;True;0.0;1.8446744073709552e+19;18446744073709551615;1;;;True;ControlType.CONTROLLED;0;<BV64 x0>;64;[];[];['<BV64 x0>'];[];['<BV64 x0>'];[];[];0.0;1.8446744073709552e+19;1.8446744073709552e+19;1.0;;;True;0.0;1.8446744073709552e+19;1.8446744073709552e+19;1.0;;;True;ControlType.CONTROLLED;0;<BV64 x0>;64;[];[];[];[];[];[];[];0;0;0;;;;False;0;0;0;;;;False;ControlType.UNKNOWN;0;[('0xfee8', <Bool x1 == 0x0>, 'Taken'), ('0x1003c', <Bool True>, 'Taken'), ('0x1f964', <Bool True>, 'Taken'), ('0x1f96c', <Bool True>, 'Taken')];{'regs': ['<BV64 x1>'], 'indirect_regs': [], 'direct_regs': ['<BV64 x1>'], 'mem': [], 'const_mem': []};[];{'regs': [], 'indirect_regs': [], 'direct_regs': [], 'mem': [], 'const_mem': []};{'regs': ['<BV64 x0>'], 'indirect_regs': [], 'direct_regs': ['<BV64 x0>'], 'mem': [], 'const_mem': []};{'regs': ['<BV64 x0>', '<BV64 x1>'], 'indirect_regs': [], 'direct_regs': ['<BV64 x0>', '<BV64 x1>'], 'mem': [], 'const_mem': []};63.0;0.0;64.0;64.0;[];;;;BaseControlType.NO_BASE;BaseControlType.NO_BASE;BaseControlType.NO_BASE;4;BranchControlType.BRANCH_INDEPENDENT_FROM_SECRET;BranchControlType.BRANCH_INDEPENDENT_FROM_SECRET;129420;True;False;True;True;True;False;False;True;True;False;False;False;True;False;True;False;True;False;True;False;[];['has_valid_base'];True;False;True;True;True;False;False;True;True;False;False;False;True;False;True;False;True;False;True;False;[];['has_valid_base']
869f3eba-3a6a-46de-9837-0dbc0c4f6d09;gss_indicate_mechs_by_attrs@@gssapi_krb5_2_MIT;0x21264;0x212a8;0x0;TransmitterType.STORE;18;0;False;['0x21264', '0x212a0'];<BV64 x0>;64;[('0x2129c', <Bool x0 != 0x0>, 'Taken')];[];['<BV64 x0>'];[];['<BV64 x0>'];[];[];0;18446744073709551615;18446744073709551615;1;;;True;1;18446744073709551615;18446744073709551614;1;;;True;ControlType.CONTROLLED;0;;0;[];[];[];[];[];[];[];0.0;0.0;0.0;0.0;;;False;0.0;0.0;0.0;0.0;;;False;ControlType.UNKNOWN;0;;0;[];[];[];[];[];[];[];0;0;0;;;;False;0.0;0.0;0.0;0.0;;;False;ControlType.UNKNOWN;0;<BV64 x0>;64;[('0x2129c', <Bool x0 != 0x0>, 'Taken')];[];['<BV64 x0>'];[];['<BV64 x0>'];[];[];0.0;1.8446744073709552e+19;18446744073709551615;1;;;True;1.0;1.8446744073709552e+19;18446744073709551614;1;;;True;ControlType.CONTROLLED;0;<BV64 x0>;64;[('0x2129c', <Bool x0 != 0x0>, 'Taken')];[];['<BV64 x0>'];[];['<BV64 x0>'];[];[];0.0;1.8446744073709552e+19;1.8446744073709552e+19;1.0;;;True;1.0;1.8446744073709552e+19;1.8446744073709552e+19;1.0;;;True;ControlType.CONTROLLED;0;<BV64 x0>;64;[];[];[];[];[];[];[];0;0;0;;;;False;0;0;0;;;;False;ControlType.UNKNOWN;0;[('0x2129c', <Bool x0 != 0x0>, 'Taken')];{'regs': ['<BV64 x0>'], 'indirect_regs': [], 'direct_regs': ['<BV64 x0>'], 'mem': [], 'const_mem': []};[];{'regs': [], 'indirect_regs': [], 'direct_regs': [], 'mem': [], 'const_mem': []};{'regs': ['<BV64 x0>'], 'indirect_regs': [], 'direct_regs': ['<BV64 x0>'], 'mem': [], 'const_mem': []};{'regs': ['<BV64 x0>'], 'indirect_regs': [], 'direct_regs': ['<BV64 x0>'], 'mem': [], 'const_mem': []};63.0;0.0;64.0;64.0;[];;;;BaseControlType.NO_BASE;BaseControlType.NO_BASE;BaseControlType.NO_BASE;1;BranchControlType.BRANCH_DEPENDS_ON_SECRET_VALUE;BranchControlType.BRANCH_INDEPENDENT_FROM_SECRET;135848;True;False;True;True;True;False;False;True;True;False;False;False;True;False;True;True;True;False;True;False;[];['has_valid_base'];True;False;True;True;True;False;False;True;True;False;False;False;True;False;True;True;True;False;True;False;[];['has_valid_base']
0640240d-69d8-4ff8-a8d6-1329eceeaeed;gss_display_mech_attr@@gssapi_krb5_2_MIT;0x1f6f0;0x1f728;0x0;TransmitterType.STORE;15;0;False;['0x1f6f0', '0x1f714'];<BV64 x0>;64;[('0x1f710', <Bool x0 != 0x0>, 'Taken')];[];['<BV64 x0>'];[];['<BV64 x0>'];[];[];0;18446744073709551615;18446744073709551615;1;;;True;1;18446744073709551615;18446744073709551614;1;;;True;ControlType.CONTROLLED;0;;0;[];[];[];[];[];[];[];0.0;0.0;0.0;0.0;;;False;0.0;0.0;0.0;0.0;;;False;ControlType.UNKNOWN;0;;0;[];[];[];[];[];[];[];0;0;0;;;;False;0.0;0.0;0.0;0.0;;;False;ControlType.UNKNOWN;0;<BV64 x0>;64;[('0x1f710', <Bool x0 != 0x0>, 'Taken')];[];['<BV64 x0>'];[];['<BV64 x0>'];[];[];0.0;1.8446744073709552e+19;18446744073709551615;1;;;True;1.0;1.8446744073709552e+19;18446744073709551614;1;;;True;ControlType.CONTROLLED;0;<BV64 x0>;64;[('0x1f710', <Bool x0 != 0x0>, 'Taken')];[];['<BV64 x0>'];[];['<BV64 x0>'];[];[];0.0;1.8446744073709552e+19;1.8446744073709552e+19;1.0;;;True;1.0;1.8446744073709552e+19;1.8446744073709552e+19;1.0;;;True;ControlType.CONTROLLED;0;<BV64 x0>;64;[];[];[];[];[];[];[];0;0;0;;;;False;0;0;0;;;;False;ControlType.UNKNOWN;0;[('0x1f710', <Bool x0 != 0x0>, 'Taken')];{'regs': ['<BV64 x0>'], 'indirect_regs': [], 'direct_regs': ['<BV64 x0>'], 'mem': [], 'const_mem': []};[];{'regs': [], 'indirect_regs': [], 'direct_regs': [], 'mem': [], 'const_mem': []};{'regs': ['<BV64 x0>'], 'indirect_regs': [], 'direct_regs': ['<BV64 x0>'], 'mem': [], 'const_mem': []};{'regs': ['<BV64 x0>'], 'indirect_regs': [], 'direct_regs': ['<BV64 x0>'], 'mem': [], 'const_mem': []};63.0;0.0;64.0;64.0;[];;;;BaseControlType.NO_BASE;BaseControlType.NO_BASE;BaseControlType.NO_BASE;1;BranchControlType.BRANCH_DEPENDS_ON_SECRET_VALUE;BranchControlType.BRANCH_INDEPENDENT_FROM_SECRET;128808;True;False;True;True;True;False;False;True;True;False;False;False;True;False;True;True;True;False;True;False;[];['has_valid_base'];True;False;True;True;True;False;False;True;True;False;False;False;True;False;True;True;True;False;True;False;[];['has_valid_base']
dc1609ca-9e03-4e76-9cf7-947dc739251a;gss_oid_to_str@@gssapi_krb5_2_MIT;0x1fd10;0x1fea8;0x0;TransmitterType.LOAD;22;0;False;['0x1fd10', '0x1fd4c', '0x1fd54', '0x1fd5c', '0x1fea8'];<BV64 x0>;64;[('0x1fd48', <Bool x0 != 0x0>, 'Taken')];[];['<BV64 x0>'];[];['<BV64 x0>'];[];[];0;18446744073709551615;18446744073709551615;1;;;True;1;18446744073709551615;18446744073709551614;1;;;True;ControlType.CONTROLLED;0;;0;[];[];[];[];[];[];[];0.0;0.0;0.0;0.0;;;False;0.0;0.0;0.0;0.0;;;False;ControlType.UNKNOWN;0;;0;[];[];[];[];[];[];[];0;0;0;;;;False;0.0;0.0;0.0;0.0;;;False;ControlType.UNKNOWN;0;<BV64 x0>;64;[('0x1fd48', <Bool x0 != 0x0>, 'Taken')];[];['<BV64 x0>'];[];['<BV64 x0>'];[];[];0.0;1.8446744073709552e+19;18446744073709551615;1;;;True;1.0;1.8446744073709552e+19;18446744073709551614;1;;;True;ControlType.CONTROLLED;0;<BV64 x0>;64;[('0x1fd48', <Bool x0 != 0x0>, 'Taken')];[];['<BV64 x0>'];[];['<BV64 x0>'];[];[];0.0;1.8446744073709552e+19;1.8446744073709552e+19;1.0;;;True;1.0;1.8446744073709552e+19;1.8446744073709552e+19;1.0;;;True;ControlType.CONTROLLED;0;<BV64 x0>;64;[];[];[];[];[];[];[];0;0;0;;;;False;0;0;0;;;;False;ControlType.UNKNOWN;0;[('0x1fd48', <Bool x0 != 0x0>, 'Taken'), ('0x1fd50', <Bool x2 != 0x0>, 'Taken'), ('0x1fd58', <Bool x1 != 0x0>, 'Taken'), ('0x1fd60', <Bool LOAD_32[<BV64 x1>]_32 == 0x0>, 'Taken')];{'regs': ['<BV64 x0>', '<BV64 x1>', '<BV64 x2>'], 'indirect_regs': [], 'direct_regs': ['<BV64 x0>', '<BV64 x1>', '<BV64 x2>'], 'mem': ['<BV64 x1>'], 'const_mem': []};[];{'regs': [], 'indirect_regs': [], 'direct_regs': [], 'mem': [], 'const_mem': []};{'regs': ['<BV64 x0>'], 'indirect_regs': [], 'direct_regs': ['<BV64 x0>'], 'mem': [], 'const_mem': []};{'regs': ['<BV64 x0>', '<BV64 x1>', '<BV64 x2>'], 'indirect_regs': [], 'direct_regs': ['<BV64 x0>', '<BV64 x1>', '<BV64 x2>'], 'mem': ['<BV64 x1>'], 'const_mem': []};63.0;0.0;64.0;64.0;[];;;;BaseControlType.NO_BASE;BaseControlType.NO_BASE;BaseControlType.NO_BASE;4;BranchControlType.BRANCH_DEPENDS_ON_SECRET_VALUE;BranchControlType.BRANCH_INDEPENDENT_FROM_SECRET;130728;True;False;True;True;True;False;False;True;True;False;False;False;True;False;True;True;True;False;True;False;[];['has_valid_base'];True;False;True;True;True;False;False;True;True;False;False;False;True;False;True;True;True;False;True;False;[];['has_valid_base']
4335b22f-3711-4dcf-bf96-17d9d2fd2860;gss_create_empty_oid_set@@gssapi_krb5_2_MIT;0x1f8b0;0x1f8c4;0x0;TransmitterType.STORE;6;0;False;['0x1f8b0'];<BV64 x0>;64;[];[];['<BV64 x0>'];[];['<BV64 x0>'];[];[];0;18446744073709551615;18446744073709551615;1;;;True;0;18446744073709551615;18446744073709551615;1;;;True;ControlType.CONTROLLED;0;;0;[];[];[];[];[];[];[];0.0;0.0;0.0;0.0;;;False;0.0;0.0;0.0;0.0;;;False;ControlType.UNKNOWN;0;;0;[];[];[];[];[];[];[];0;0;0;;;;False;0.0;0.0;0.0;0.0;;;False;ControlType.UNKNOWN;0;<BV64 x0>;64;[];[];['<BV64 x0>'];[];['<BV64 x0>'];[];[];0.0;1.8446744073709552e+19;18446744073709551615;1;;;True;0.0;1.8446744073709552e+19;18446744073709551615;1;;;True;ControlType.CONTROLLED;0;<BV64 x0>;64;[];[];['<BV64 x0>'];[];['<BV64 x0>'];[];[];0.0;1.8446744073709552e+19;1.8446744073709552e+19;1.0;;;True;0.0;1.8446744073709552e+19;1.8446744073709552e+19;1.0;;;True;ControlType.CONTROLLED;0;<BV64 x0>;64;[];[];[];[];[];[];[];0;0;0;;;;False;0;0;0;;;;False;ControlType.UNKNOWN;0;[];{'regs': [], 'indirect_regs': [], 'direct_regs': [], 'mem': [], 'const_mem': []};[];{'regs': [], 'indirect_regs': [], 'direct_regs': [], 'mem': [], 'const_mem': []};{'regs': ['<BV64 x0>'], 'indirect_regs': [], 'direct_regs': ['<BV64 x0>'], 'mem': [], 'const_mem': []};{'regs': ['<BV64 x0>'], 'indirect_regs': [], 'direct_regs': ['<BV64 x0>'], 'mem': [], 'const_mem': []};63.0;0.0;64.0;64.0;[];;;;BaseControlType.NO_BASE;BaseControlType.NO_BASE;BaseControlType.NO_BASE;0;BranchControlType.BRANCH_INDEPENDENT_FROM_SECRET;BranchControlType.BRANCH_INDEPENDENT_FROM_SECRET;129220;True;False;True;True;True;False;False;True;True;False;False;False;True;False;True;False;True;False;True;False;[];['has_valid_base'];True;False;True;True;True;False;False;True;True;False;False;False;True;False;True;False;True;False;True;False;[];['has_valid_base']
0c861518-7746-460a-9988-1b486bf74104;gss_decapsulate_token@@gssapi_krb5_2_MIT;0x116b0;0x11700;0x0;TransmitterType.LOAD;21;0;False;['0x116b0', '0x116ec', '0x116f8'];<BV64 x0>;64;[];[('0x116e0', <Bool x0 != 0x0>, 'ConditionType.CMOVE'), ('0x116e8', <Bool x0 != 0x0>, 'ConditionType.CMOVE')];['<BV64 x0>'];[];['<BV64 x0>'];[];[];1;18446744073709551615;18446744073709551614;1;;;True;1;18446744073709551615;18446744073709551614;1;;;True;ControlType.CONTROLLED;0;;0;[];[];[];[];[];[];[];0.0;0.0;0.0;0.0;;;False;0.0;0.0;0.0;0.0;;;False;ControlType.UNKNOWN;0;;0;[];[];[];[];[];[];[];0;0;0;;;;False;0.0;0.0;0.0;0.0;;;False;ControlType.UNKNOWN;0;<BV64 x0>;64;[];[('0x116e0', <Bool x0 != 0x0>, 'ConditionType.CMOVE'), ('0x116e8', <Bool x0 != 0x0>, 'ConditionType.CMOVE')];['<BV64 x0>'];[];['<BV64 x0>'];[];[];1.0;1.8446744073709552e+19;18446744073709551614;1;;;True;1.0;1.8446744073709552e+19;18446744073709551614;1;;;True;ControlType.CONTROLLED;0;<BV64 x0>;64;[];[('0x116e0', <Bool x0 != 0x0>, 'ConditionType.CMOVE'), ('0x116e8', <Bool x0 != 0x0>, 'ConditionType.CMOVE')];['<BV64 x0>'];[];['<BV64 x0>'];[];[];1.0;1.8446744073709552e+19;1.8446744073709552e+19;1.0;;;True;1.0;1.8446744073709552e+19;1.8446744073709552e+19;1.0;;;True;ControlType.CONTROLLED;0;<BV64 x0>;64;[];[];[];[];[];[];[];0;0;0;;;;False;0;0;0;;;;False;ControlType.UNKNOWN;0;[('0x116e8', <Bool True>, 'Taken'), ('0x116f4', <Bool x2 != 0x0>, 'Taken')];{'regs': ['<BV64 x2>'], 'indirect_regs': [], 'direct_regs': ['<BV64 x2>'], 'mem': [], 'const_mem': []};[('0x116e0', <Bool x0 != 0x0>, 'ConditionType.CMOVE'), ('0x116e8', <Bool x1 != 0x0>, 'ConditionType.UNKNOWN'), ('0x116e8', <Bool x0 != 0x0>, 'ConditionType.CMOVE')];{'regs': ['<BV64 x0>', '<BV64 x1>'], 'indirect_regs': [], 'direct_regs': ['<BV64 x0>', '<BV64 x1>'], 'mem': [], 'const_mem': []};{'regs': ['<BV64 x0>', '<BV64 x1>'], 'indirect_regs': [], 'direct_regs': ['<BV64 x0>', '<BV64 x1>'], 'mem': [], 'const_mem': []};{'regs': ['<BV64 x0>', '<BV64 x1>', '<BV64 x2>'], 'indirect_regs': [], 'direct_regs': ['<BV64 x0>', '<BV64 x1>', '<BV64 x2>'], 'mem': [], 'const_mem': []};63.0;0.0;64.0;64.0;[];;;;BaseControlType.NO_BASE;BaseControlType.NO_BASE;BaseControlType.NO_BASE;2;BranchControlType.BRANCH_INDEPENDENT_FROM_SECRET;BranchControlType.BRANCH_DEPENDS_ON_SECRET_VALUE;71424;True;False;True;False;True;False;False;True;True;False;False;False;True;False;True;False;True;False;True;False;[];['has_valid_base', 'is_cmove_independent_from_secret'];True;False;True;False;True;False;False;True;True;False;False;False;True;False;True;False;True;False;True;False;[];['has_valid_base', 'is_cmove_independent_from_secret']
5a587b2c-9009-4d99-a7e9-fc79a15188d1;gss_get_mic_iov@@gssapi_krb5_2_MIT;0x1a840;0x1a854;0x0;TransmitterType.STORE;6;0;False;['0x1a840', '0x1a854'];<BV64 x0>;64;[('0x1a850', <Bool x0 != 0x0>, 'Taken')];[];['<BV64 x0>'];[];['<BV64 x0>'];[];[];0;18446744073709551615;18446744073709551615;1;;;True;1;18446744073709551615;18446744073709551614;1;;;True;ControlType.CONTROLLED;0;;0;[];[];[];[];[];[];[];0.0;0.0;0.0;0.0;;;False;0.0;0.0;0.0;0.0;;;False;ControlType.UNKNOWN;0;;0;[];[];[];[];[];[];[];0;0;0;;;;False;0.0;0.0;0.0;0.0;;;False;ControlType.UNKNOWN;0;<BV64 x0>;64;[('0x1a850', <Bool x0 != 0x0>, 'Taken')];[];['<BV64 x0>'];[];['<BV64 x0>'];[];[];0.0;1.8446744073709552e+19;18446744073709551615;1;;;True;1.0;1.8446744073709552e+19;18446744073709551614;1;;;True;ControlType.CONTROLLED;0;<BV64 x0>;64;[('0x1a850', <Bool x0 != 0x0>, 'Taken')];[];['<BV64 x0>'];[];['<BV64 x0>'];[];[];0.0;1.8446744073709552e+19;1.8446744073709552e+19;1.0;;;True;1.0;1.8446744073709552e+19;1.8446744073709552e+19;1.0;;;True;ControlType.CONTROLLED;0;<BV64 x0>;64;[];[];[];[];[];[];[];0;0;0;;;;False;0;0;0;;;;False;ControlType.UNKNOWN;0;[('0x1a850', <Bool x0 != 0x0>, 'Taken')];{'regs': ['<BV64 x0>'], 'indirect_regs': [], 'direct_regs': ['<BV64 x0>'], 'mem': [], 'const_mem': []};[];{'regs': [], 'indirect_regs': [], 'direct_regs': [], 'mem': [], 'const_mem': []};{'regs': ['<BV64 x0>'], 'indirect_regs': [], 'direct_regs': ['<BV64 x0>'], 'mem': [], 'const_mem': []};{'regs': ['<BV64 x0>'], 'indirect_regs': [], 'direct_regs': ['<BV64 x0>'], 'mem': [], 'const_mem': []};63.0;0.0;64.0;64.0;[];;;;BaseControlType.NO_BASE;BaseControlType.NO_BASE;BaseControlType.NO_BASE;1;BranchControlType.BRANCH_DEPENDS_ON_SECRET_VALUE;BranchControlType.BRANCH_INDEPENDENT_FROM_SECRET;108628;True;False;True;True;True;False;False;True;True;False;False;False;True;False;True;True;True;False;True;False;[];['has_valid_base'];True;False;True;True;True;False;False;True;True;False;False;False;True;False;True;True;True;False;True;False;[];['has_valid_base']
cb13252e-a070-47f1-9212-9e726b693e23;gss_inquire_names_for_mech@@gssapi_krb5_2_MIT;0x16fd0;0x1700c;0x0;TransmitterType.STORE;16;0;False;['0x16fd0', '0x1700c'];<BV64 x0>;64;[('0x17008', <Bool x0 != 0x0>, 'Taken')];[];['<BV64 x0>'];[];['<BV64 x0>'];[];[];0;18446744073709551615;18446744073709551615;1;;;True;1;18446744073709551615;18446744073709551614;1;;;True;ControlType.CONTROLLED;0;;0;[];[];[];[];[];[];[];0.0;0.0;0.0;0.0;;;False;0.0;0.0;0.0;0.0;;;False;ControlType.UNKNOWN;0;;0;[];[];[];[];[];[];[];0;0;0;;;;False;0.0;0.0;0.0;0.0;;;False;ControlType.UNKNOWN;0;<BV64 x0>;64;[('0x17008', <Bool x0 != 0x0>, 'Taken')];[];['<BV64 x0>'];[];['<BV64 x0>'];[];[];0.0;1.8446744073709552e+19;18446744073709551615;1;;;True;1.0;1.8446744073709552e+19;18446744073709551614;1;;;True;ControlType.CONTROLLED;0;<BV64 x0>;64;[('0x17008', <Bool x0 != 0x0>, 'Taken')];[];['<BV64 x0>'];[];['<BV64 x0>'];[];[];0.0;1.8446744073709552e+19;1.8446744073709552e+19;1.0;;;True;1.0;1.8446744073709552e+19;1.8446744073709552e+19;1.0;;;True;ControlType.CONTROLLED;0;<BV64 x0>;64;[];[];[];[];[];[];[];0;0;0;;;;False;0;0;0;;;;False;ControlType.UNKNOWN;0;[('0x17008', <Bool x0 != 0x0>, 'Taken')];{'regs': ['<BV64 x0>'], 'indirect_regs': [], 'direct_regs': ['<BV64 x0>'], 'mem': [], 'const_mem': []};[];{'regs': [], 'indirect_regs': [], 'direct_regs': [], 'mem': [], 'const_mem': []};{'regs': ['<BV64 x0>'], 'indirect_regs': [], 'direct_regs': ['<BV64 x0>'], 'mem': [], 'const_mem': []};{'regs': ['<BV64 x0>'], 'indirect_regs': [], 'direct_regs': ['<BV64 x0>'], 'mem': [], 'const_mem': []};63.0;0.0;64.0;64.0;[];;;;BaseControlType.NO_BASE;BaseControlType.NO_BASE;BaseControlType.NO_BASE;1;BranchControlType.BRANCH_DEPENDS_ON_SECRET_VALUE;BranchControlType.BRANCH_INDEPENDENT_FROM_SECRET;94220;True;False;True;True;True;False;False;True;True;False;False;False;True;False;True;True;True;False;True;False;[];['has_valid_base'];True;False;True;True;True;False;False;True;True;False;False;False;True;False;True;True;True;False;True;False;[];['has_valid_base']
0dc92291-7ac0-45a7-9a08-d32a5a6379b3;gss_duplicate_name@@gssapi_krb5_2_MIT;0x15cc0;0x15ce4;0x0;TransmitterType.STORE;10;0;False;['0x15cc0', '0x15cdc'];<BV64 x0>;64;[('0x15cd8', <Bool x0 != 0x0>, 'Taken')];[];['<BV64 x0>'];[];['<BV64 x0>'];[];[];0;18446744073709551615;18446744073709551615;1;;;True;1;18446744073709551615;18446744073709551614;1;;;True;ControlType.CONTROLLED;0;;0;[];[];[];[];[];[];[];0.0;0.0;0.0;0.0;;;False;0.0;0.0;0.0;0.0;;;False;ControlType.UNKNOWN;0;;0;[];[];[];[];[];[];[];0;0;0;;;;False;0.0;0.0;0.0;0.0;;;False;ControlType.UNKNOWN;0;<BV64 x0>;64;[('0x15cd8', <Bool x0 != 0x0>, 'Taken')];[];['<BV64 x0>'];[];['<BV64 x0>'];[];[];0.0;1.8446744073709552e+19;18446744073709551615;1;;;True;1.0;1.8446744073709552e+19;18446744073709551614;1;;;True;ControlType.CONTROLLED;0;<BV64 x0>;64;[('0x15cd8', <Bool x0 != 0x0>, 'Taken')];[];['<BV64 x0>'];[];['<BV64 x0>'];[];[];0.0;1.8446744073709552e+19;1.8446744073709552e+19;1.0;;;True;1.0;1.8446744073709552e+19;1.8446744073709552e+19;1.0;;;True;ControlType.CONTROLLED;0;<BV64 x0>;64;[];[];[];[];[];[];[];0;0;0;;;;False;0;0;0;;;;False;ControlType.UNKNOWN;0;[('0x15cd8', <Bool x0 != 0x0>, 'Taken')];{'regs': ['<BV64 x0>'], 'indirect_regs': [], 'direct_regs': ['<BV64 x0>'], 'mem': [], 'const_mem': []};[];{'regs': [], 'indirect_regs': [], 'direct_regs': [], 'mem': [], 'const_mem': []};{'regs': ['<BV64 x0>'], 'indirect_regs': [], 'direct_regs': ['<BV64 x0>'], 'mem': [], 'const_mem': []};{'regs': ['<BV64 x0>'], 'indirect_regs': [], 'direct_regs': ['<BV64 x0>'], 'mem': [], 'const_mem': []};63.0;0.0;64.0;64.0;[];;;;BaseControlType.NO_BASE;BaseControlType.NO_BASE;BaseControlType.NO_BASE;1;BranchControlType.BRANCH_DEPENDS_ON_SECRET_VALUE;BranchControlType.BRANCH_INDEPENDENT_FROM_SECRET;89316;True;False;True;True;True;False;False;True;True;False;False;False;True;False;True;True;True;False;True;False;[];['has_valid_base'];True;False;True;True;True;False;False;True;True;False;False;False;True;False;True;True;True;False;True;False;[];['has_valid_base']
238e3513-7a9e-499b-b67d-7752fc57007d;gss_init_sec_context@@gssapi_krb5_2_MIT;0x16ab0;0x16b18;0x0;TransmitterType.STORE;27;0;False;['0x16ab0', '0x16b18'];<BV64 x0>;64;[('0x16b14', <Bool x0 != 0x0>, 'Taken')];[];['<BV64 x0>'];[];['<BV64 x0>'];[];[];0;18446744073709551615;18446744073709551615;1;;;True;1;18446744073709551615;18446744073709551614;1;;;True;ControlType.CONTROLLED;0;;0;[];[];[];[];[];[];[];0.0;0.0;0.0;0.0;;;False;0.0;0.0;0.0;0.0;;;False;ControlType.UNKNOWN;0;;0;[];[];[];[];[];[];[];0;0;0;;;;False;0.0;0.0;0.0;0.0;;;False;ControlType.UNKNOWN;0;<BV64 x0>;64;[('0x16b14', <Bool x0 != 0x0>, 'Taken')];[];['<BV64 x0>'];[];['<BV64 x0>'];[];[];0.0;1.8446744073709552e+19;18446744073709551615;1;;;True;1.0;1.8446744073709552e+19;18446744073709551614;1;;;True;ControlType.CONTROLLED;0;<BV64 x0>;64;[('0x16b14', <Bool x0 != 0x0>, 'Taken')];[];['<BV64 x0>'];[];['<BV64 x0>'];[];[];0.0;1.8446744073709552e+19;1.8446744073709552e+19;1.0;;;True;1.0;1.8446744073709552e+19;1.8446744073709552e+19;1.0;;;True;ControlType.CONTROLLED;0;<BV64 x0>;64;[];[];[];[];[];[];[];0;0;0;;;;False;0;0;0;;;;False;ControlType.UNKNOWN;0;[('0x16b14', <Bool x0 != 0x0>, 'Taken')];{'regs': ['<BV64 x0>'], 'indirect_regs': [], 'direct_regs': ['<BV64 x0>'], 'mem': [], 'const_mem': []};[];{'regs': [], 'indirect_regs': [], 'direct_regs': [], 'mem': [], 'const_mem': []};{'regs': ['<BV64 x0>'], 'indirect_regs': [], 'direct_regs': ['<BV64 x0>'], 'mem': [], 'const_mem': []};{'regs': ['<BV64 x0>'], 'indirect_regs': [], 'direct_regs': ['<BV64 x0>'], 'mem': [], 'const_mem': []};63.0;0.0;64.0;64.0;[];;;;BaseControlType.NO_BASE;BaseControlType.NO_BASE;BaseControlType.NO_BASE;1;BranchControlType.BRANCH_DEPENDS_ON_SECRET_VALUE;BranchControlType.BRANCH_INDEPENDENT_FROM_SECRET;92952;True;False;True;True;True;False;False;True;True;False;False;False;True;False;True;True;True;False;True;False;[];['has_valid_base'];True;False;True;True;True;False;False;True;True;False;False;False;True;False;True;True;True;False;True;False;[];['has_valid_base']
181fdea0-af5e-4711-b20e-1f700f78de0f;gss_release_name@@gssapi_krb5_2_MIT;0x26020;0x2605c;0x26044;TransmitterType.LOAD;16;1;False;['0x26020', '0x26028', '0x26044', '0x2604c', '0x2605c'];<BV64 0x8 + LOAD_64[<BV64 x1>]_25>;64;[('0x26048', <Bool LOAD_64[<BV64 x1>]_25 != 0x0>, 'Taken'), ('0x26058', <Bool LOAD_64[<BV64 x1>]_25 == LOAD_64[<BV64 LOAD_64[<BV64 x1>]_25>]_26>, 'Taken')];[];['<BV64 x1>'];"[""<BV64 x1>: ['0x0']""]";[];['<BV64 x1>'];[];0;18446744073709551615;18446744073709551615;1;;;True;0;18446744073709551615;18446744073709551615;1;;;False;ControlType.CONTROLLED;1;<BV64 0x8>;64;[];[];[];[];[];[];[];8.0;8.0;0.0;1.0;;;True;8.0;8.0;0.0;1.0;;;True;ControlType.NO_CONTROL;0;<BV64 0x8>;64;[];[];[];[];[];[];[];8;8;0;1.0;;;True;8.0;8.0;0.0;1.0;;;True;ControlType.NO_CONTROL;0;<BV64 LOAD_64[<BV64 x1>]_25>;64;[('0x26048', <Bool LOAD_64[<BV64 x1>]_25 != 0x0>, 'Taken'), ('0x26058', <Bool LOAD_64[<BV64 x1>]_25 == LOAD_64[<BV64 LOAD_64[<BV64 x1>]_25>]_26>, 'Taken')];[];['<BV64 x1>'];"[""<BV64 x1>: ['0x0']""]";[];['<BV64 x1>'];[];0.0;1.8446744073709552e+19;18446744073709551615;1;;;True;1.0;1.8446744073709552e+19;18446744073709551614;1;;;False;ControlType.CONTROLLED;1;<BV64 x1>;64;[('0x26040', <Bool x1 != 0x0>, 'Taken')];[];['<BV64 x1>'];[];['<BV64 x1>'];[];[];0.0;1.8446744073709552e+19;1.8446744073709552e+19;1.0;;;True;1.0;1.8446744073709552e+19;1.8446744073709552e+19;1.0;;;True;ControlType.CONTROLLED;0;<BV64 LOAD_64[<BV64 x1>]_25>;64;[];[];[];[];[];[];[];0;0;0;;;;False;0;0;0;;;;False;ControlType.UNKNOWN;1;[('0x26024', <Bool x0 != 0x0>, 'Taken'), ('0x26040', <Bool x1 != 0x0>, 'Taken'), ('0x26048', <Bool LOAD_64[<BV64 x1>]_25 != 0x0>, 'Taken'), ('0x26058', <Bool LOAD_64[<BV64 x1>]_25 == LOAD_64[<BV64 LOAD_64[<BV64 x1>]_25>]_26>, 'Taken')];{'regs': ['<BV64 x0>', '<BV64 x1>'], 'indirect_regs': [], 'direct_regs': ['<BV64 x0>', '<BV64 x1>'], 'mem': ['<BV64 LOAD_64[<BV64 x1>]_25>', '<BV64 x1>'], 'const_mem': []};[];{'regs': [], 'indirect_regs': [], 'direct_regs': [], 'mem': [], 'const_mem': []};{'regs': ['<BV64 x1>'], 'indirect_regs': [], 'direct_regs': ['<BV64 x1>'], 'mem': ['<BV64 x1>'], 'const_mem': []};{'regs': ['<BV64 x0>', '<BV64 x1>'], 'indirect_regs': [], 'direct_regs': ['<BV64 x0>', '<BV64 x1>'], 'mem': ['<BV64 LOAD_64[<BV64 x1>]_25>', '<BV64 x1>'], 'const_mem': []};63.0;0.0;64.0;64.0;[];;;;BaseControlType.CONSTANT_BASE;BaseControlType.CONSTANT_BASE;BaseControlType.CONSTANT_BASE;4;BranchControlType.BRANCH_DEPENDS_ON_SECRET_VALUE;BranchControlType.BRANCH_INDEPENDENT_FROM_SECRET;155740;True;False;True;True;True;False;False;True;True;False;False;False;True;False;True;True;True;False;True;False;[];['has_valid_base'];True;False;True;True;True;False;False;True;True;False;False;False;True;False;True;True;True;False;True;False;[];['has_valid_base']
92fb5aff-1a07-4c41-a4d5-01f0ad703f40;gss_oid_to_str@@gssapi_krb5_2_MIT;0x1fd10;0x1fea8;0x0;TransmitterType.LOAD;20;0;False;['0x1fd10', '0x1fd4c', '0x1fd54', '0x1fea8'];<BV64 x0>;64;[('0x1fd48', <Bool x0 != 0x0>, 'Taken')];[];['<BV64 x0>'];[];['<BV64 x0>'];[];[];0;18446744073709551615;18446744073709551615;1;;;True;1;18446744073709551615;18446744073709551614;1;;;True;ControlType.CONTROLLED;0;;0;[];[];[];[];[];[];[];0.0;0.0;0.0;0.0;;;False;0.0;0.0;0.0;0.0;;;False;ControlType.UNKNOWN;0;;0;[];[];[];[];[];[];[];0;0;0;;;;False;0.0;0.0;0.0;0.0;;;False;ControlType.UNKNOWN;0;<BV64 x0>;64;[('0x1fd48', <Bool x0 != 0x0>, 'Taken')];[];['<BV64 x0>'];[];['<BV64 x0>'];[];[];0.0;1.8446744073709552e+19;18446744073709551615;1;;;True;1.0;1.8446744073709552e+19;18446744073709551614;1;;;True;ControlType.CONTROLLED;0;<BV64 x0>;64;[('0x1fd48', <Bool x0 != 0x0>, 'Taken')];[];['<BV64 x0>'];[];['<BV64 x0>'];[];[];0.0;1.8446744073709552e+19;1.8446744073709552e+19;1.0;;;True;1.0;1.8446744073709552e+19;1.8446744073709552e+19;1.0;;;True;ControlType.CONTROLLED;0;<BV64 x0>;64;[];[];[];[];[];[];[];0;0;0;;;;False;0;0;0;;;;False;ControlType.UNKNOWN;0;[('0x1fd48', <Bool x0 != 0x0>, 'Taken'), ('0x1fd50', <Bool x2 != 0x0>, 'Taken'), ('0x1fd58', <Bool x1 == 0x0>, 'Taken')];{'regs': ['<BV64 x0>', '<BV64 x1>', '<BV64 x2>'], 'indirect_regs': [], 'direct_regs': ['<BV64 x0>', '<BV64 x1>', '<BV64 x2>'], 'mem': [], 'const_mem': []};[];{'regs': [], 'indirect_regs': [], 'direct_regs': [], 'mem': [], 'const_mem': []};{'regs': ['<BV64 x0>'], 'indirect_regs': [], 'direct_regs': ['<BV64 x0>'], 'mem': [], 'const_mem': []};{'regs': ['<BV64 x0>', '<BV64 x1>', '<BV64 x2>'], 'indirect_regs': [], 'direct_regs': ['<BV64 x0>', '<BV64 x1>', '<BV64 x2>'], 'mem': [], 'const_mem': []};63.0;0.0;64.0;64.0;[];;;;BaseControlType.NO_BASE;BaseControlType.NO_BASE;BaseControlType.NO_BASE;3;BranchControlType.BRANCH_DEPENDS_ON_SECRET_VALUE;BranchControlType.BRANCH_INDEPENDENT_FROM_SECRET;130728;True;False;True;True;True;False;False;True;True;False;False;False;True;False;True;True;True;False;True;False;[];['has_valid_base'];True;False;True;True;True;False;False;True;True;False;False;False;True;False;True;True;True;False;True;False;[];['has_valid_base']
c6e36434-d901-4e0d-8cbe-eed5fb877a1e;gss_indicate_mechs_by_attrs@@gssapi_krb5_2_MIT;0x21264;0x191f8;0x0;TransmitterType.STORE;39;0;False;['0x21264', '0x212a0', '0x212b0', '0x191c0', '0x191f8'];<BV64 x0>;64;[('0x191f4', <Bool x0 != 0x0>, 'Taken'), ('0x2129c', <Bool x0 != 0x0>, 'Taken')];[];['<BV64 x0>'];[];['<BV64 x0>'];[];[];0;18446744073709551615;18446744073709551615;1;;;True;1;18446744073709551615;18446744073709551614;1;;;True;ControlType.CONTROLLED;0;;0;[];[];[];[];[];[];[];0.0;0.0;0.0;0.0;;;False;0.0;0.0;0.0;0.0;;;False;ControlType.UNKNOWN;0;;0;[];[];[];[];[];[];[];0;0;0;;;;False;0.0;0.0;0.0;0.0;;;False;ControlType.UNKNOWN;0;<BV64 x0>;64;[('0x191f4', <Bool x0 != 0x0>, 'Taken'), ('0x2129c', <Bool x0 != 0x0>, 'Taken')];[];['<BV64 x0>'];[];['<BV64 x0>'];[];[];0.0;1.8446744073709552e+19;18446744073709551615;1;;;True;1.0;1.8446744073709552e+19;18446744073709551614;1;;;True;ControlType.CONTROLLED;0;<BV64 x0>;64;[('0x191f4', <Bool x0 != 0x0>, 'Taken'), ('0x2129c', <Bool x0 != 0x0>, 'Taken')];[];['<BV64 x0>'];[];['<BV64 x0>'];[];[];0.0;1.8446744073709552e+19;1.8446744073709552e+19;1.0;;;True;1.0;1.8446744073709552e+19;1.8446744073709552e+19;1.0;;;True;ControlType.CONTROLLED;0;<BV64 x0>;64;[];[];[];[];[];[];[];0;0;0;;;;False;0;0;0;;;;False;ControlType.UNKNOWN;0;[('0x191f4', <Bool x0 != 0x0>, 'Taken'), ('0x2129c', <Bool x0 != 0x0>, 'Taken'), ('0x212ac', <Bool x4 != 0x0>, 'Taken'), ('0x212c0', <Bool True>, 'Taken')];{'regs': ['<BV64 x0>', '<BV64 x4>'], 'indirect_regs': [], 'direct_regs': ['<BV64 x0>', '<BV64 x4>'], 'mem': [], 'const_mem': []};[];{'regs': [], 'indirect_regs': [], 'direct_regs': [], 'mem': [], 'const_mem': []};{'regs': ['<BV64 x0>'], 'indirect_regs': [], 'direct_regs': ['<BV64 x0>'], 'mem': [], 'const_mem': []};{'regs': ['<BV64 x0>', '<BV64 x4>'], 'indirect_regs': [], 'direct_regs': ['<BV64 x0>', '<BV64 x4>'], 'mem': [], 'const_mem': []};63.0;0.0;64.0;64.0;[];;;;BaseControlType.NO_BASE;BaseControlType.NO_BASE;BaseControlType.NO_BASE;4;BranchControlType.BRANCH_DEPENDS_ON_SECRET_VALUE;BranchControlType.BRANCH_INDEPENDENT_FROM_SECRET;102904;True;False;True;True;True;False;False;True;True;False;False;False;True;False;True;True;True;False;True;False;[];['has_valid_base'];True;False;True;True;True;False;False;True;True;False;False;False;True;False;True;True;True;False;True;False;[];['has_valid_base']
9ca5690b-37e0-424c-8f12-38ac0bd31468;gss_localname@@gssapi_krb5_2_MIT;0x20de0;0x20f44;0x0;TransmitterType.STORE;17;0;False;['0x20de0', '0x20f40', '0x20f44'];<BV64 x0>;64;[('0x20f40', <Bool x0 != 0x0>, 'Taken')];[];['<BV64 x0>'];[];['<BV64 x0>'];[];[];0;18446744073709551615;18446744073709551615;1;;;True;1;18446744073709551615;18446744073709551614;1;;;True;ControlType.CONTROLLED;0;;0;[];[];[];[];[];[];[];0.0;0.0;0.0;0.0;;;False;0.0;0.0;0.0;0.0;;;False;ControlType.UNKNOWN;0;;0;[];[];[];[];[];[];[];0;0;0;;;;False;0.0;0.0;0.0;0.0;;;False;ControlType.UNKNOWN;0;<BV64 x0>;64;[('0x20f40', <Bool x0 != 0x0>, 'Taken')];[];['<BV64 x0>'];[];['<BV64 x0>'];[];[];0.0;1.8446744073709552e+19;18446744073709551615;1;;;True;1.0;1.8446744073709552e+19;18446744073709551614;1;;;True;ControlType.CONTROLLED;0;<BV64 x0>;64;[('0x20f40', <Bool x0 != 0x0>, 'Taken')];[];['<BV64 x0>'];[];['<BV64 x0>'];[];[];0.0;1.8446744073709552e+19;1.8446744073709552e+19;1.0;;;True;1.0;1.8446744073709552e+19;1.8446744073709552e+19;1.0;;;True;ControlType.CONTROLLED;0;<BV64 x0>;64;[];[];[];[];[];[];[];0;0;0;;;;False;0;0;0;;;;False;ControlType.UNKNOWN;0;[('0x20e18', <Bool x3 == 0x0>, 'Taken'), ('0x20f40', <Bool x0 != 0x0>, 'Taken')];{'regs': ['<BV64 x0>', '<BV64 x3>'], 'indirect_regs': [], 'direct_regs': ['<BV64 x0>', '<BV64 x3>'], 'mem': [], 'const_mem': []};[];{'regs': [], 'indirect_regs': [], 'direct_regs': [], 'mem': [], 'const_mem': []};{'regs': ['<BV64 x0>'], 'indirect_regs': [], 'direct_regs': ['<BV64 x0>'], 'mem': [], 'const_mem': []};{'regs': ['<BV64 x0>', '<BV64 x3>'], 'indirect_regs': [], 'direct_regs': ['<BV64 x0>', '<BV64 x3>'], 'mem': [], 'const_mem': []};63.0;0.0;64.0;64.0;[];;;;BaseControlType.NO_BASE;BaseControlType.NO_BASE;BaseControlType.NO_BASE;2;BranchControlType.BRANCH_DEPENDS_ON_SECRET_VALUE;BranchControlType.BRANCH_INDEPENDENT_FROM_SECRET;134980;True;False;True;True;True;False;False;True;True;False;False;False;True;False;True;True;True;False;True;False;[];['has_valid_base'];True;False;True;True;True;False;False;True;True;False;False;False;True;False;True;True;True;False;True;False;[];['has_valid_base']
ea8ed98b-2444-49d9-9313-c30c6ccdfcdf;gss_release_name@@gssapi_krb5_2_MIT;0x26020;0x26064;0x0;TransmitterType.STORE;18;0;False;['0x26020', '0x26028', '0x26044', '0x2604c', '0x2605c'];<BV64 x0>;64;[('0x26024', <Bool x0 != 0x0>, 'Taken')];[];['<BV64 x0>'];[];['<BV64 x0>'];[];[];0;18446744073709551615;18446744073709551615;1;;;True;1;18446744073709551615;18446744073709551614;1;;;True;ControlType.CONTROLLED;0;;0;[];[];[];[];[];[];[];0.0;0.0;0.0;0.0;;;False;0.0;0.0;0.0;0.0;;;False;ControlType.UNKNOWN;0;;0;[];[];[];[];[];[];[];0;0;0;;;;False;0.0;0.0;0.0;0.0;;;False;ControlType.UNKNOWN;0;<BV64 x0>;64;[('0x26024', <Bool x0 != 0x0>, 'Taken')];[];['<BV64 x0>'];[];['<BV64 x0>'];[];[];0.0;1.8446744073709552e+19;18446744073709551615;1;;;True;1.0;1.8446744073709552e+19;18446744073709551614;1;;;True;ControlType.CONTROLLED;0;<BV64 x0>;64;[('0x26024', <Bool x0 != 0x0>, 'Taken')];[];['<BV64 x0>'];[];['<BV64 x0>'];[];[];0.0;1.8446744073709552e+19;1.8446744073709552e+19;1.0;;;True;1.0;1.8446744073709552e+19;1.8446744073709552e+19;1.0;;;True;ControlType.CONTROLLED;0;<BV64 x0>;64;[];[];[];[];[];[];[];0;0;0;;;;False;0;0;0;;;;False;ControlType.UNKNOWN;0;[('0x26024', <Bool x0 != 0x0>, 'Taken'), ('0x26040', <Bool x1 != 0x0>, 'Taken'), ('0x26048', <Bool LOAD_64[<BV64 x1>]_25 != 0x0>, 'Taken'), ('0x26058', <Bool LOAD_64[<BV64 x1>]_25 == LOAD_64[<BV64 LOAD_64[<BV64 x1>]_25>]_26>, 'Taken')];{'regs': ['<BV64 x0>', '<BV64 x1>'], 'indirect_regs': [], 'direct_regs': ['<BV64 x0>', '<BV64 x1>'], 'mem': ['<BV64 LOAD_64[<BV64 x1>]_25>', '<BV64 x1>'], 'const_mem': []};[];{'regs': [], 'indirect_regs': [], 'direct_regs': [], 'mem': [], 'const_mem': []};{'regs': ['<BV64 x0>'], 'indirect_regs': [], 'direct_regs': ['<BV64 x0>'], 'mem': [], 'const_mem': []};{'regs': ['<BV64 x0>', '<BV64 x1>'], 'indirect_regs': [], 'direct_regs': ['<BV64 x0>', '<BV64 x1>'], 'mem': ['<BV64 LOAD_64[<BV64 x1>]_25>', '<BV64 x1>'], 'const_mem': []};63.0;0.0;64.0;64.0;[];;;;BaseControlType.NO_BASE;BaseControlType.NO_BASE;BaseControlType.NO_BASE;4;BranchControlType.BRANCH_DEPENDS_ON_SECRET_VALUE;BranchControlType.BRANCH_INDEPENDENT_FROM_SECRET;155748;True;False;True;True;True;False;False;True;True;False;False;False;True;False;True;True;True;False;True;False;[];['has_valid_base'];True;False;True;True;True;False;False;True;True;False;False;False;True;False;True;True;True;False;True;False;[];['has_valid_base']
53a336e0-17fb-4b10-b0ff-d41f55e99063;gss_oid_to_str@@gssapi_krb5_2_MIT;0x1fd10;0x1fea8;0x0;TransmitterType.LOAD;21;0;False;['0x1fd10', '0x1fd4c', '0x1fd58', '0x1fd5c', '0x1fea8'];<BV64 x0>;64;[('0x1fd48', <Bool x0 != 0x0>, 'Taken')];[];['<BV64 x0>'];[];['<BV64 x0>'];[];[];0;18446744073709551615;18446744073709551615;1;;;True;1;18446744073709551615;18446744073709551614;1;;;True;ControlType.CONTROLLED;0;;0;[];[];[];[];[];[];[];0.0;0.0;0.0;0.0;;;False;0.0;0.0;0.0;0.0;;;False;ControlType.UNKNOWN;0;;0;[];[];[];[];[];[];[];0;0;0;;;;False;0.0;0.0;0.0;0.0;;;False;ControlType.UNKNOWN;0;<BV64 x0>;64;[('0x1fd48', <Bool x0 != 0x0>, 'Taken')];[];['<BV64 x0>'];[];['<BV64 x0>'];[];[];0.0;1.8446744073709552e+19;18446744073709551615;1;;;True;1.0;1.8446744073709552e+19;18446744073709551614;1;;;True;ControlType.CONTROLLED;0;<BV64 x0>;64;[('0x1fd48', <Bool x0 != 0x0>, 'Taken')];[];['<BV64 x0>'];[];['<BV64 x0>'];[];[];0.0;1.8446744073709552e+19;1.8446744073709552e+19;1.0;;;True;1.0;1.8446744073709552e+19;1.8446744073709552e+19;1.0;;;True;ControlType.CONTROLLED;0;<BV64 x0>;64;[];[];[];[];[];[];[];0;0;0;;;;False;0;0;0;;;;False;ControlType.UNKNOWN;0;[('0x1fd48', <Bool x0 != 0x0>, 'Taken'), ('0x1fd50', <Bool x2 == 0x0>, 'Taken'), ('0x1fd58', <Bool x1 != 0x0>, 'Taken'), ('0x1fd60', <Bool LOAD_32[<BV64 x1>]_54 == 0x0>, 'Taken')];{'regs': ['<BV64 x0>', '<BV64 x1>', '<BV64 x2>'], 'indirect_regs': [], 'direct_regs': ['<BV64 x0>', '<BV64 x1>', '<BV64 x2>'], 'mem': ['<BV64 x1>'], 'const_mem': []};[];{'regs': [], 'indirect_regs': [], 'direct_regs': [], 'mem': [], 'const_mem': []};{'regs': ['<BV64 x0>'], 'indirect_regs': [], 'direct_regs': ['<BV64 x0>'], 'mem': [], 'const_mem': []};{'regs': ['<BV64 x0>', '<BV64 x1>', '<BV64 x2>'], 'indirect_regs': [], 'direct_regs': ['<BV64 x0>', '<BV64 x1>', '<BV64 x2>'], 'mem': ['<BV64 x1>'], 'const_mem': []};63.0;0.0;64.0;64.0;[];;;;BaseControlType.NO_BASE;BaseControlType.NO_BASE;BaseControlType.NO_BASE;4;BranchControlType.BRANCH_DEPENDS_ON_SECRET_VALUE;BranchControlType.BRANCH_INDEPENDENT_FROM_SECRET;130728;True;False;True;True;True;False;False;True;True;False;False;False;True;False;True;True;True;False;True;False;[];['has_valid_base'];True;False;True;True;True;False;False;True;True;False;False;False;True;False;True;True;True;False;True;False;[];['has_valid_base']
b4a42d54-f3be-4aa7-b09d-97b5027c0bff;gss_oid_to_str@@gssapi_krb5_2_MIT;0x1fd10;0x1fea8;0x0;TransmitterType.LOAD;19;0;False;['0x1fd10', '0x1fd4c', '0x1fd58', '0x1fea8'];<BV64 x0>;64;[('0x1fd48', <Bool x0 != 0x0>, 'Taken')];[];['<BV64 x0>'];[];['<BV64 x0>'];[];[];0;18446744073709551615;18446744073709551615;1;;;True;1;18446744073709551615;18446744073709551614;1;;;True;ControlType.CONTROLLED;0;;0;[];[];[];[];[];[];[];0.0;0.0;0.0;0.0;;;False;0.0;0.0;0.0;0.0;;;False;ControlType.UNKNOWN;0;;0;[];[];[];[];[];[];[];0;0;0;;;;False;0.0;0.0;0.0;0.0;;;False;ControlType.UNKNOWN;0;<BV64 x0>;64;[('0x1fd48', <Bool x0 != 0x0>, 'Taken')];[];['<BV64 x0>'];[];['<BV64 x0>'];[];[];0.0;1.8446744073709552e+19;18446744073709551615;1;;;True;1.0;1.8446744073709552e+19;18446744073709551614;1;;;True;ControlType.CONTROLLED;0;<BV64 x0>;64;[('0x1fd48', <Bool x0 != 0x0>, 'Taken')];[];['<BV64 x0>'];[];['<BV64 x0>'];[];[];0.0;1.8446744073709552e+19;1.8446744073709552e+19;1.0;;;True;1.0;1.8446744073709552e+19;1.8446744073709552e+19;1.0;;;True;ControlType.CONTROLLED;0;<BV64 x0>;64;[];[];[];[];[];[];[];0;0;0;;;;False;0;0;0;;;;False;ControlType.UNKNOWN;0;[('0x1fd48', <Bool x0 != 0x0>, 'Taken'), ('0x1fd50', <Bool x2 == 0x0>, 'Taken'), ('0x1fd58', <Bool x1 == 0x0>, 'Taken')];{'regs': ['<BV64 x0>', '<BV64 x1>', '<BV64 x2>'], 'indirect_regs': [], 'direct_regs': ['<BV64 x0>', '<BV64 x1>', '<BV64 x2>'], 'mem': [], 'const_mem': []};[];{'regs': [], 'indirect_regs': [], 'direct_regs': [], 'mem': [], 'const_mem': []};{'regs': ['<BV64 x0>'], 'indirect_regs': [], 'direct_regs': ['<BV64 x0>'], 'mem': [], 'const_mem': []};{'regs': ['<BV64 x0>', '<BV64 x1>', '<BV64 x2>'], 'indirect_regs': [], 'direct_regs': ['<BV64 x0>', '<BV64 x1>', '<BV64 x2>'], 'mem': [], 'const_mem': []};63.0;0.0;64.0;64.0;[];;;;BaseControlType.NO_BASE;BaseControlType.NO_BASE;BaseControlType.NO_BASE;3;BranchControlType.BRANCH_DEPENDS_ON_SECRET_VALUE;BranchControlType.BRANCH_INDEPENDENT_FROM_SECRET;130728;True;False;True;True;True;False;False;True;True;False;False;False;True;False;True;True;True;False;True;False;[];['has_valid_base'];True;False;True;True;True;False;False;True;True;False;False;False;True;False;True;True;True;False;True;False;[];['has_valid_base']
c6d08c40-f432-4fca-9f68-817e7e724fba;gss_oid_to_str@@gssapi_krb5_2_MIT;0x1fd10;0x1fea8;0x0;TransmitterType.LOAD;21;0;False;['0x1fd10', '0x1fd50', '0x1fd54', '0x1fd5c', '0x1fea8'];<BV64 x0>;64;[('0x1fd48', <Bool x0 == 0x0>, 'Taken')];[];['<BV64 x0>'];[];['<BV64 x0>'];[];[];0;18446744073709551615;18446744073709551615;1;;;True;0;0;0;1;;;True;ControlType.CONTROLLED;0;;0;[];[];[];[];[];[];[];0.0;0.0;0.0;0.0;;;False;0.0;0.0;0.0;0.0;;;False;ControlType.UNKNOWN;0;;0;[];[];[];[];[];[];[];0;0;0;;;;False;0.0;0.0;0.0;0.0;;;False;ControlType.UNKNOWN;0;<BV64 x0>;64;[('0x1fd48', <Bool x0 == 0x0>, 'Taken')];[];['<BV64 x0>'];[];['<BV64 x0>'];[];[];0.0;1.8446744073709552e+19;18446744073709551615;1;;;True;0.0;0.0;0;1;;;True;ControlType.CONTROLLED;0;<BV64 x0>;64;[('0x1fd48', <Bool x0 == 0x0>, 'Taken')];[];['<BV64 x0>'];[];['<BV64 x0>'];[];[];0.0;1.8446744073709552e+19;1.8446744073709552e+19;1.0;;;True;0.0;0.0;0.0;1.0;;;True;ControlType.CONTROLLED;0;<BV64 x0>;64;[];[];[];[];[];[];[];0;0;0;;;;False;0;0;0;;;;False;ControlType.UNKNOWN;0;[('0x1fd48', <Bool x0 == 0x0>, 'Taken'), ('0x1fd50', <Bool x2 != 0x0>, 'Taken'), ('0x1fd58', <Bool x1 != 0x0>, 'Taken'), ('0x1fd60', <Bool LOAD_32[<BV64 x1>]_78 == 0x0>, 'Taken')];{'regs': ['<BV64 x0>', '<BV64 x1>', '<BV64 x2>'], 'indirect_regs': [], 'direct_regs': ['<BV64 x0>', '<BV64 x1>', '<BV64 x2>'], 'mem': ['<BV64 x1>'], 'const_mem': []};[];{'regs': [], 'indirect_regs': [], 'direct_regs': [], 'mem': [], 'const_mem': []};{'regs': ['<BV64 x0>'], 'indirect_regs': [], 'direct_regs': ['<BV64 x0>'], 'mem': [], 'const_mem': []};{'regs': ['<BV64 x0>', '<BV64 x1>', '<BV64 x2>'], 'indirect_regs': [], 'direct_regs': ['<BV64 x0>', '<BV64 x1>', '<BV64 x2>'], 'mem': ['<BV64 x1>'], 'const_mem': []};63.0;0.0;64.0;64.0;['<Bool LOAD_32[<BV64 x1>]_78 == 0x0>'];;;;BaseControlType.NO_BASE;BaseControlType.NO_BASE;BaseControlType.NO_BASE;4;BranchControlType.BRANCH_DEPENDS_ON_SECRET_VALUE;BranchControlType.BRANCH_INDEPENDENT_FROM_SECRET;130728;True;False;True;True;True;False;False;True;True;False;False;False;True;False;True;True;True;False;True;False;[];['has_valid_base'];True;False;False;True;True;False;False;True;True;False;False;False;True;False;True;True;True;False;True;False;[];['has_valid_base', 'has_valid_secret_address']
35e9cc69-583a-4df5-81da-8d508e381fe5;gss_oid_to_str@@gssapi_krb5_2_MIT;0x1fd10;0x1fea8;0x0;TransmitterType.LOAD;19;0;False;['0x1fd10', '0x1fd50', '0x1fd54', '0x1fea8'];<BV64 x0>;64;[('0x1fd48', <Bool x0 == 0x0>, 'Taken')];[];['<BV64 x0>'];[];['<BV64 x0>'];[];[];0;18446744073709551615;18446744073709551615;1;;;True;0;0;0;1;;;True;ControlType.CONTROLLED;0;;0;[];[];[];[];[];[];[];0.0;0.0;0.0;0.0;;;False;0.0;0.0;0.0;0.0;;;False;ControlType.UNKNOWN;0;;0;[];[];[];[];[];[];[];0;0;0;;;;False;0.0;0.0;0.0;0.0;;;False;ControlType.UNKNOWN;0;<BV64 x0>;64;[('0x1fd48', <Bool x0 == 0x0>, 'Taken')];[];['<BV64 x0>'];[];['<BV64 x0>'];[];[];0.0;1.8446744073709552e+19;18446744073709551615;1;;;True;0.0;0.0;0;1;;;True;ControlType.CONTROLLED;0;<BV64 x0>;64;[('0x1fd48', <Bool x0 == 0x0>, 'Taken')];[];['<BV64 x0>'];[];['<BV64 x0>'];[];[];0.0;1.8446744073709552e+19;1.8446744073709552e+19;1.0;;;True;0.0;0.0;0.0;1.0;;;True;ControlType.CONTROLLED;0;<BV64 x0>;64;[];[];[];[];[];[];[];0;0;0;;;;False;0;0;0;;;;False;ControlType.UNKNOWN;0;[('0x1fd48', <Bool x0 == 0x0>, 'Taken'), ('0x1fd50', <Bool x2 != 0x0>, 'Taken'), ('0x1fd58', <Bool x1 == 0x0>, 'Taken')];{'regs': ['<BV64 x0>', '<BV64 x1>', '<BV64 x2>'], 'indirect_regs': [], 'direct_regs': ['<BV64 x0>', '<BV64 x1>', '<BV64 x2>'], 'mem': [], 'const_mem': []};[];{'regs': [], 'indirect_regs': [], 'direct_regs': [], 'mem': [], 'const_mem': []};{'regs': ['<BV64 x0>'], 'indirect_regs': [], 'direct_regs': ['<BV64 x0>'], 'mem': [], 'const_mem': []};{'regs': ['<BV64 x0>', '<BV64 x1>', '<BV64 x2>'], 'indirect_regs': [], 'direct_regs': ['<BV64 x0>', '<BV64 x1>', '<BV64 x2>'], 'mem': [], 'const_mem': []};63.0;0.0;64.0;64.0;[];;;;BaseControlType.NO_BASE;BaseControlType.NO_BASE;BaseControlType.NO_BASE;3;BranchControlType.BRANCH_DEPENDS_ON_SECRET_VALUE;BranchControlType.BRANCH_INDEPENDENT_FROM_SECRET;130728;True;False;True;True;True;False;False;True;True;False;False;False;True;False;True;True;True;False;True;False;[];['has_valid_base'];True;False;False;True;True;False;False;True;True;False;False;False;True;False;True;True;True;False;True;False;[];['has_valid_base', 'has_valid_secret_address']
dba853a3-ba88-46a5-8f55-2d2e737f2141;gss_oid_to_str@@gssapi_krb5_2_MIT;0x1fd10;0x1fea8;0x0;TransmitterType.LOAD;20;0;False;['0x1fd10', '0x1fd50', '0x1fd58', '0x1fd5c', '0x1fea8'];<BV64 x0>;64;[('0x1fd48', <Bool x0 == 0x0>, 'Taken')];[];['<BV64 x0>'];[];['<BV64 x0>'];[];[];0;18446744073709551615;18446744073709551615;1;;;True;0;0;0;1;;;True;ControlType.CONTROLLED;0;;0;[];[];[];[];[];[];[];0.0;0.0;0.0;0.0;;;False;0.0;0.0;0.0;0.0;;;False;ControlType.UNKNOWN;0;;0;[];[];[];[];[];[];[];0;0;0;;;;False;0.0;0.0;0.0;0.0;;;False;ControlType.UNKNOWN;0;<BV64 x0>;64;[('0x1fd48', <Bool x0 == 0x0>, 'Taken')];[];['<BV64 x0>'];[];['<BV64 x0>'];[];[];0.0;1.8446744073709552e+19;18446744073709551615;1;;;True;0.0;0.0;0;1;;;True;ControlType.CONTROLLED;0;<BV64 x0>;64;[('0x1fd48', <Bool x0 == 0x0>, 'Taken')];[];['<BV64 x0>'];[];['<BV64 x0>'];[];[];0.0;1.8446744073709552e+19;1.8446744073709552e+19;1.0;;;True;0.0;0.0;0.0;1.0;;;True;ControlType.CONTROLLED;0;<BV64 x0>;64;[];[];[];[];[];[];[];0;0;0;;;;False;0;0;0;;;;False;ControlType.UNKNOWN;0;[('0x1fd48', <Bool x0 == 0x0>, 'Taken'), ('0x1fd50', <Bool x2 == 0x0>, 'Taken'), ('0x1fd58', <Bool x1 != 0x0>, 'Taken'), ('0x1fd60', <Bool LOAD_32[<BV64 x1>]_86 == 0x0>, 'Taken')];{'regs': ['<BV64 x0>', '<BV64 x1>', '<BV64 x2>'], 'indirect_regs': [], 'direct_regs': ['<BV64 x0>', '<BV64 x1>', '<BV64 x2>'], 'mem': ['<BV64 x1>'], 'const_mem': []};[];{'regs': [], 'indirect_regs': [], 'direct_regs': [], 'mem': [], 'const_mem': []};{'regs': ['<BV64 x0>'], 'indirect_regs': [], 'direct_regs': ['<BV64 x0>'], 'mem': [], 'const_mem': []};{'regs': ['<BV64 x0>', '<BV64 x1>', '<BV64 x2>'], 'indirect_regs': [], 'direct_regs': ['<BV64 x0>', '<BV64 x1>', '<BV64 x2>'], 'mem': ['<BV64 x1>'], 'const_mem': []};63.0;0.0;64.0;64.0;['<Bool LOAD_32[<BV64 x1>]_86 == LOAD_64[<BV64 LOAD_64[<BV64 0x5fe30>]_20>]_27[31:0]>'];;;;BaseControlType.NO_BASE;BaseControlType.NO_BASE;BaseControlType.NO_BASE;4;BranchControlType.BRANCH_DEPENDS_ON_SECRET_VALUE;BranchControlType.BRANCH_INDEPENDENT_FROM_SECRET;130728;True;False;True;True;True;False;False;True;True;False;False;False;True;False;True;True;True;False;True;False;[];['has_valid_base'];True;False;False;True;True;False;False;True;True;False;False;False;True;False;True;True;True;False;True;False;[];['has_valid_base', 'has_valid_secret_address']
bad4a667-b7e5-48e1-96b4-9c6cce73ab95;gss_oid_to_str@@gssapi_krb5_2_MIT;0x1fd10;0x1fea8;0x0;TransmitterType.LOAD;18;0;False;['0x1fd10', '0x1fd50', '0x1fd58', '0x1fea8'];<BV64 x0>;64;[('0x1fd48', <Bool x0 == 0x0>, 'Taken')];[];['<BV64 x0>'];[];['<BV64 x0>'];[];[];0;18446744073709551615;18446744073709551615;1;;;True;0;0;0;1;;;True;ControlType.CONTROLLED;0;;0;[];[];[];[];[];[];[];0.0;0.0;0.0;0.0;;;False;0.0;0.0;0.0;0.0;;;False;ControlType.UNKNOWN;0;;0;[];[];[];[];[];[];[];0;0;0;;;;False;0.0;0.0;0.0;0.0;;;False;ControlType.UNKNOWN;0;<BV64 x0>;64;[('0x1fd48', <Bool x0 == 0x0>, 'Taken')];[];['<BV64 x0>'];[];['<BV64 x0>'];[];[];0.0;1.8446744073709552e+19;18446744073709551615;1;;;True;0.0;0.0;0;1;;;True;ControlType.CONTROLLED;0;<BV64 x0>;64;[('0x1fd48', <Bool x0 == 0x0>, 'Taken')];[];['<BV64 x0>'];[];['<BV64 x0>'];[];[];0.0;1.8446744073709552e+19;1.8446744073709552e+19;1.0;;;True;0.0;0.0;0.0;1.0;;;True;ControlType.CONTROLLED;0;<BV64 x0>;64;[];[];[];[];[];[];[];0;0;0;;;;False;0;0;0;;;;False;ControlType.UNKNOWN;0;[('0x1fd48', <Bool x0 == 0x0>, 'Taken'), ('0x1fd50', <Bool x2 == 0x0>, 'Taken'), ('0x1fd58', <Bool x1 == 0x0>, 'Taken')];{'regs': ['<BV64 x0>', '<BV64 x1>', '<BV64 x2>'], 'indirect_regs': [], 'direct_regs': ['<BV64 x0>', '<BV64 x1>', '<BV64 x2>'], 'mem': [], 'const_mem': []};[];{'regs': [], 'indirect_regs': [], 'direct_regs': [], 'mem': [], 'const_mem': []};{'regs': ['<BV64 x0>'], 'indirect_regs': [], 'direct_regs': ['<BV64 x0>'], 'mem': [], 'const_mem': []};{'regs': ['<BV64 x0>', '<BV64 x1>', '<BV64 x2>'], 'indirect_regs': [], 'direct_regs': ['<BV64 x0>', '<BV64 x1>', '<BV64 x2>'], 'mem': [], 'const_mem': []};63.0;0.0;64.0;64.0;[];;;;BaseControlType.NO_BASE;BaseControlType.NO_BASE;BaseControlType.NO_BASE;3;BranchControlType.BRANCH_DEPENDS_ON_SECRET_VALUE;BranchControlType.BRANCH_INDEPENDENT_FROM_SECRET;130728;True;False;True;True;True;False;False;True;True;False;False;False;True;False;True;True;True;False;True;False;[];['has_valid_base'];True;False;False;True;True;False;False;True;True;False;False;False;True;False;True;True;True;False;True;False;[];['has_valid_base', 'has_valid_secret_address']
a5421047-9b37-4bc3-919a-76ba55058a5d;gss_wrap_iov_length@@gssapi_krb5_2_MIT;0x1a700;0x1a720;0x0;TransmitterType.STORE;9;0;False;['0x1a700', '0x1a714'];<BV64 x0>;64;[('0x1a710', <Bool x0 != 0x0>, 'Taken')];[];['<BV64 x0>'];[];['<BV64 x0>'];[];[];0;18446744073709551615;18446744073709551615;1;;;True;1;18446744073709551615;18446744073709551614;1;;;True;ControlType.CONTROLLED;0;;0;[];[];[];[];[];[];[];0.0;0.0;0.0;0.0;;;False;0.0;0.0;0.0;0.0;;;False;ControlType.UNKNOWN;0;;0;[];[];[];[];[];[];[];0;0;0;;;;False;0.0;0.0;0.0;0.0;;;False;ControlType.UNKNOWN;0;<BV64 x0>;64;[('0x1a710', <Bool x0 != 0x0>, 'Taken')];[];['<BV64 x0>'];[];['<BV64 x0>'];[];[];0.0;1.8446744073709552e+19;18446744073709551615;1;;;True;1.0;1.8446744073709552e+19;18446744073709551614;1;;;True;ControlType.CONTROLLED;0;<BV64 x0>;64;[('0x1a710', <Bool x0 != 0x0>, 'Taken')];[];['<BV64 x0>'];[];['<BV64 x0>'];[];[];0.0;1.8446744073709552e+19;1.8446744073709552e+19;1.0;;;True;1.0;1.8446744073709552e+19;1.8446744073709552e+19;1.0;;;True;ControlType.CONTROLLED;0;<BV64 x0>;64;[];[];[];[];[];[];[];0;0;0;;;;False;0;0;0;;;;False;ControlType.UNKNOWN;0;[('0x1a710', <Bool x0 != 0x0>, 'Taken')];{'regs': ['<BV64 x0>'], 'indirect_regs': [], 'direct_regs': ['<BV64 x0>'], 'mem': [], 'const_mem': []};[];{'regs': [], 'indirect_regs': [], 'direct_regs': [], 'mem': [], 'const_mem': []};{'regs': ['<BV64 x0>'], 'indirect_regs': [], 'direct_regs': ['<BV64 x0>'], 'mem': [], 'const_mem': []};{'regs': ['<BV64 x0>'], 'indirect_regs': [], 'direct_regs': ['<BV64 x0>'], 'mem': [], 'const_mem': []};63.0;0.0;64.0;64.0;[];;;;BaseControlType.NO_BASE;BaseControlType.NO_BASE;BaseControlType.NO_BASE;1;BranchControlType.BRANCH_DEPENDS_ON_SECRET_VALUE;BranchControlType.BRANCH_INDEPENDENT_FROM_SECRET;108320;True;False;True;True;True;False;False;True;True;False;False;False;True;False;True;True;True;False;True;False;[];['has_valid_base'];True;False;True;True;True;False;False;True;True;False;False;False;True;False;True;True;True;False;True;False;[];['has_valid_base']
e3290d69-36b2-4611-876a-b6d0cdbe45af;gss_release_oid_set@@gssapi_krb5_2_MIT;0x21090;0x210a0;0x0;TransmitterType.STORE;5;0;False;['0x21090', '0x210a0'];<BV64 x0>;64;[('0x2109c', <Bool x0 != 0x0>, 'Taken')];[];['<BV64 x0>'];[];['<BV64 x0>'];[];[];0;18446744073709551615;18446744073709551615;1;;;True;1;18446744073709551615;18446744073709551614;1;;;True;ControlType.CONTROLLED;0;;0;[];[];[];[];[];[];[];0.0;0.0;0.0;0.0;;;False;0.0;0.0;0.0;0.0;;;False;ControlType.UNKNOWN;0;;0;[];[];[];[];[];[];[];0;0;0;;;;False;0.0;0.0;0.0;0.0;;;False;ControlType.UNKNOWN;0;<BV64 x0>;64;[('0x2109c', <Bool x0 != 0x0>, 'Taken')];[];['<BV64 x0>'];[];['<BV64 x0>'];[];[];0.0;1.8446744073709552e+19;18446744073709551615;1;;;True;1.0;1.8446744073709552e+19;18446744073709551614;1;;;True;ControlType.CONTROLLED;0;<BV64 x0>;64;[('0x2109c', <Bool x0 != 0x0>, 'Taken')];[];['<BV64 x0>'];[];['<BV64 x0>'];[];[];0.0;1.8446744073709552e+19;1.8446744073709552e+19;1.0;;;True;1.0;1.8446744073709552e+19;1.8446744073709552e+19;1.0;;;True;ControlType.CONTROLLED;0;<BV64 x0>;64;[];[];[];[];[];[];[];0;0;0;;;;False;0;0;0;;;;False;ControlType.UNKNOWN;0;[('0x2109c', <Bool x0 != 0x0>, 'Taken')];{'regs': ['<BV64 x0>'], 'indirect_regs': [], 'direct_regs': ['<BV64 x0>'], 'mem': [], 'const_mem': []};[];{'regs': [], 'indirect_regs': [], 'direct_regs': [], 'mem': [], 'const_mem': []};{'regs': ['<BV64 x0>'], 'indirect_regs': [], 'direct_regs': ['<BV64 x0>'], 'mem': [], 'const_mem': []};{'regs': ['<BV64 x0>'], 'indirect_regs': [], 'direct_regs': ['<BV64 x0>'], 'mem': [], 'const_mem': []};63.0;0.0;64.0;64.0;[];;;;BaseControlType.NO_BASE;BaseControlType.NO_BASE;BaseControlType.NO_BASE;1;BranchControlType.BRANCH_DEPENDS_ON_SECRET_VALUE;BranchControlType.BRANCH_INDEPENDENT_FROM_SECRET;135328;True;False;True;True;True;False;False;True;True;False;False;False;True;False;True;True;True;False;True;False;[];['has_valid_base'];True;False;True;True;True;False;False;True;True;False;False;False;True;False;True;True;True;False;True;False;[];['has_valid_base']
ccdc1716-c735-42d4-a02c-665b528e4e63;gss_set_neg_mechs@@gssapi_krb5_2_MIT;0x19f60;0x19f80;0x0;TransmitterType.STORE;9;0;False;['0x19f60', '0x19f74'];<BV64 x0>;64;[('0x19f70', <Bool x0 != 0x0>, 'Taken')];[];['<BV64 x0>'];[];['<BV64 x0>'];[];[];0;18446744073709551615;18446744073709551615;1;;;True;1;18446744073709551615;18446744073709551614;1;;;True;ControlType.CONTROLLED;0;;0;[];[];[];[];[];[];[];0.0;0.0;0.0;0.0;;;False;0.0;0.0;0.0;0.0;;;False;ControlType.UNKNOWN;0;;0;[];[];[];[];[];[];[];0;0;0;;;;False;0.0;0.0;0.0;0.0;;;False;ControlType.UNKNOWN;0;<BV64 x0>;64;[('0x19f70', <Bool x0 != 0x0>, 'Taken')];[];['<BV64 x0>'];[];['<BV64 x0>'];[];[];0.0;1.8446744073709552e+19;18446744073709551615;1;;;True;1.0;1.8446744073709552e+19;18446744073709551614;1;;;True;ControlType.CONTROLLED;0;<BV64 x0>;64;[('0x19f70', <Bool x0 != 0x0>, 'Taken')];[];['<BV64 x0>'];[];['<BV64 x0>'];[];[];0.0;1.8446744073709552e+19;1.8446744073709552e+19;1.0;;;True;1.0;1.8446744073709552e+19;1.8446744073709552e+19;1.0;;;True;ControlType.CONTROLLED;0;<BV64 x0>;64;[];[];[];[];[];[];[];0;0;0;;;;False;0;0;0;;;;False;ControlType.UNKNOWN;0;[('0x19f70', <Bool x0 != 0x0>, 'Taken')];{'regs': ['<BV64 x0>'], 'indirect_regs': [], 'direct_regs': ['<BV64 x0>'], 'mem': [], 'const_mem': []};[];{'regs': [], 'indirect_regs': [], 'direct_regs': [], 'mem': [], 'const_mem': []};{'regs': ['<BV64 x0>'], 'indirect_regs': [], 'direct_regs': ['<BV64 x0>'], 'mem': [], 'const_mem': []};{'regs': ['<BV64 x0>'], 'indirect_regs': [], 'direct_regs': ['<BV64 x0>'], 'mem': [], 'const_mem': []};63.0;0.0;64.0;64.0;[];;;;BaseControlType.NO_BASE;BaseControlType.NO_BASE;BaseControlType.NO_BASE;1;BranchControlType.BRANCH_DEPENDS_ON_SECRET_VALUE;BranchControlType.BRANCH_INDEPENDENT_FROM_SECRET;106368;True;False;True;True;True;False;False;True;True;False;False;False;True;False;True;True;True;False;True;False;[];['has_valid_base'];True;False;True;True;True;False;False;True;True;False;False;False;True;False;True;True;True;False;True;False;[];['has_valid_base']
b1eacddc-0294-4576-a308-0b7ef932b1fb;gss_unwrap_aead@@gssapi_krb5_2_MIT;0x20600;0x20620;0x0;TransmitterType.STORE;9;0;False;['0x20600', '0x20608'];<BV64 x0>;64;[('0x20604', <Bool x0 != 0x0>, 'Taken')];[];['<BV64 x0>'];[];['<BV64 x0>'];[];[];0;18446744073709551615;18446744073709551615;1;;;True;1;18446744073709551615;18446744073709551614;1;;;True;ControlType.CONTROLLED;0;;0;[];[];[];[];[];[];[];0.0;0.0;0.0;0.0;;;False;0.0;0.0;0.0;0.0;;;False;ControlType.UNKNOWN;0;;0;[];[];[];[];[];[];[];0;0;0;;;;False;0.0;0.0;0.0;0.0;;;False;ControlType.UNKNOWN;0;<BV64 x0>;64;[('0x20604', <Bool x0 != 0x0>, 'Taken')];[];['<BV64 x0>'];[];['<BV64 x0>'];[];[];0.0;1.8446744073709552e+19;18446744073709551615;1;;;True;1.0;1.8446744073709552e+19;18446744073709551614;1;;;True;ControlType.CONTROLLED;0;<BV64 x0>;64;[('0x20604', <Bool x0 != 0x0>, 'Taken')];[];['<BV64 x0>'];[];['<BV64 x0>'];[];[];0.0;1.8446744073709552e+19;1.8446744073709552e+19;1.0;;;True;1.0;1.8446744073709552e+19;1.8446744073709552e+19;1.0;;;True;ControlType.CONTROLLED;0;<BV64 x0>;64;[];[];[];[];[];[];[];0;0;0;;;;False;0;0;0;;;;False;ControlType.UNKNOWN;0;[('0x20604', <Bool x0 != 0x0>, 'Taken')];{'regs': ['<BV64 x0>'], 'indirect_regs': [], 'direct_regs': ['<BV64 x0>'], 'mem': [], 'const_mem': []};[];{'regs': [], 'indirect_regs': [], 'direct_regs': [], 'mem': [], 'const_mem': []};{'regs': ['<BV64 x0>'], 'indirect_regs': [], 'direct_regs': ['<BV64 x0>'], 'mem': [], 'const_mem': []};{'regs': ['<BV64 x0>'], 'indirect_regs': [], 'direct_regs': ['<BV64 x0>'], 'mem': [], 'const_mem': []};63.0;0.0;64.0;64.0;[];;;;BaseControlType.NO_BASE;BaseControlType.NO_BASE;BaseControlType.NO_BASE;1;BranchControlType.BRANCH_DEPENDS_ON_SECRET_VALUE;BranchControlType.BRANCH_INDEPENDENT_FROM_SECRET;132640;True;False;True;True;True;False;False;True;True;False;False;False;True;False;True;True;True;False;True;False;[];['has_valid_base'];True;False;True;True;True;False;False;True;True;False;False;False;True;False;True;True;True;False;True;False;[];['has_valid_base']
424a23be-a277-43bb-b91c-cef172ff742b;gss_import_cred@@gssapi_krb5_2_MIT;0x15ea0;0x15ee4;0x0;TransmitterType.STORE;18;0;False;['0x15ea0', '0x15ed4'];<BV64 x0>;64;[('0x15ed0', <Bool x0 != 0x0>, 'Taken')];[];['<BV64 x0>'];[];['<BV64 x0>'];[];[];0;18446744073709551615;18446744073709551615;1;;;True;1;18446744073709551615;18446744073709551614;1;;;True;ControlType.CONTROLLED;0;;0;[];[];[];[];[];[];[];0.0;0.0;0.0;0.0;;;False;0.0;0.0;0.0;0.0;;;False;ControlType.UNKNOWN;0;;0;[];[];[];[];[];[];[];0;0;0;;;;False;0.0;0.0;0.0;0.0;;;False;ControlType.UNKNOWN;0;<BV64 x0>;64;[('0x15ed0', <Bool x0 != 0x0>, 'Taken')];[];['<BV64 x0>'];[];['<BV64 x0>'];[];[];0.0;1.8446744073709552e+19;18446744073709551615;1;;;True;1.0;1.8446744073709552e+19;18446744073709551614;1;;;True;ControlType.CONTROLLED;0;<BV64 x0>;64;[('0x15ed0', <Bool x0 != 0x0>, 'Taken')];[];['<BV64 x0>'];[];['<BV64 x0>'];[];[];0.0;1.8446744073709552e+19;1.8446744073709552e+19;1.0;;;True;1.0;1.8446744073709552e+19;1.8446744073709552e+19;1.0;;;True;ControlType.CONTROLLED;0;<BV64 x0>;64;[];[];[];[];[];[];[];0;0;0;;;;False;0;0;0;;;;False;ControlType.UNKNOWN;0;[('0x15ed0', <Bool x0 != 0x0>, 'Taken')];{'regs': ['<BV64 x0>'], 'indirect_regs': [], 'direct_regs': ['<BV64 x0>'], 'mem': [], 'const_mem': []};[];{'regs': [], 'indirect_regs': [], 'direct_regs': [], 'mem': [], 'const_mem': []};{'regs': ['<BV64 x0>'], 'indirect_regs': [], 'direct_regs': ['<BV64 x0>'], 'mem': [], 'const_mem': []};{'regs': ['<BV64 x0>'], 'indirect_regs': [], 'direct_regs': ['<BV64 x0>'], 'mem': [], 'const_mem': []};63.0;0.0;64.0;64.0;[];;;;BaseControlType.NO_BASE;BaseControlType.NO_BASE;BaseControlType.NO_BASE;1;BranchControlType.BRANCH_DEPENDS_ON_SECRET_VALUE;BranchControlType.BRANCH_INDEPENDENT_FROM_SECRET;89828;True;False;True;True;True;False;False;True;True;False;False;False;True;False;True;True;True;False;True;False;[];['has_valid_base'];True;False;True;True;True;False;False;True;True;False;False;False;True;False;True;True;True;False;True;False;[];['has_valid_base']
6be3bc07-d6ac-414b-951a-4169432308f5;gss_get_mic@@gssapi_krb5_2_MIT;0x1a0b4;0x1a0dc;0x0;TransmitterType.STORE;11;0;False;['0x1a0b4', '0x1a0d0'];<BV64 x0>;64;[('0x1a0cc', <Bool x0 != 0x0>, 'Taken')];[];['<BV64 x0>'];[];['<BV64 x0>'];[];[];0;18446744073709551615;18446744073709551615;1;;;True;1;18446744073709551615;18446744073709551614;1;;;True;ControlType.CONTROLLED;0;;0;[];[];[];[];[];[];[];0.0;0.0;0.0;0.0;;;False;0.0;0.0;0.0;0.0;;;False;ControlType.UNKNOWN;0;;0;[];[];[];[];[];[];[];0;0;0;;;;False;0.0;0.0;0.0;0.0;;;False;ControlType.UNKNOWN;0;<BV64 x0>;64;[('0x1a0cc', <Bool x0 != 0x0>, 'Taken')];[];['<BV64 x0>'];[];['<BV64 x0>'];[];[];0.0;1.8446744073709552e+19;18446744073709551615;1;;;True;1.0;1.8446744073709552e+19;18446744073709551614;1;;;True;ControlType.CONTROLLED;0;<BV64 x0>;64;[('0x1a0cc', <Bool x0 != 0x0>, 'Taken')];[];['<BV64 x0>'];[];['<BV64 x0>'];[];[];0.0;1.8446744073709552e+19;1.8446744073709552e+19;1.0;;;True;1.0;1.8446744073709552e+19;1.8446744073709552e+19;1.0;;;True;ControlType.CONTROLLED;0;<BV64 x0>;64;[];[];[];[];[];[];[];0;0;0;;;;False;0;0;0;;;;False;ControlType.UNKNOWN;0;[('0x1a0cc', <Bool x0 != 0x0>, 'Taken')];{'regs': ['<BV64 x0>'], 'indirect_regs': [], 'direct_regs': ['<BV64 x0>'], 'mem': [], 'const_mem': []};[];{'regs': [], 'indirect_regs': [], 'direct_regs': [], 'mem': [], 'const_mem': []};{'regs': ['<BV64 x0>'], 'indirect_regs': [], 'direct_regs': ['<BV64 x0>'], 'mem': [], 'const_mem': []};{'regs': ['<BV64 x0>'], 'indirect_regs': [], 'direct_regs': ['<BV64 x0>'], 'mem': [], 'const_mem': []};63.0;0.0;64.0;64.0;[];;;;BaseControlType.NO_BASE;BaseControlType.NO_BASE;BaseControlType.NO_BASE;1;BranchControlType.BRANCH_DEPENDS_ON_SECRET_VALUE;BranchControlType.BRANCH_INDEPENDENT_FROM_SECRET;106716;True;False;True;True;True;False;False;True;True;False;False;False;True;False;True;True;True;False;True;False;[];['has_valid_base'];True;False;True;True;True;False;False;True;True;False;False;False;True;False;True;True;True;False;True;False;[];['has_valid_base']
ddd54c1f-5590-4a8c-a8f5-ac21c32c4cdf;gss_release_oid_set@@gssapi_krb5_2_MIT;0x21090;0x10a48;0x10a3c;TransmitterType.LOAD;19;1;False;['0x21090', '0x210a0', '0x210a8', '0x210b0', '0x10a30'];<BV64 LOAD_64[<BV64 x1>]_26>;64;[];[];['<BV64 x1>'];"[""<BV64 x1>: ['0x0']""]";[];['<BV64 x1>'];[];0;18446744073709551615;18446744073709551615;1;;;True;0;18446744073709551615;18446744073709551615;1;;;True;ControlType.CONTROLLED;1;;0;[];[];[];[];[];[];[];0.0;0.0;0.0;0.0;;;False;0.0;0.0;0.0;0.0;;;False;ControlType.UNKNOWN;0;;0;[];[];[];[];[];[];[];0;0;0;;;;False;0.0;0.0;0.0;0.0;;;False;ControlType.UNKNOWN;0;<BV64 LOAD_64[<BV64 x1>]_26>;64;[];[];['<BV64 x1>'];"[""<BV64 x1>: ['0x0']""]";[];['<BV64 x1>'];[];0.0;1.8446744073709552e+19;18446744073709551615;1;;;True;0.0;1.8446744073709552e+19;18446744073709551615;1;;;True;ControlType.CONTROLLED;1;<BV64 x1>;64;[('0x210a4', <Bool x1 != 0x0>, 'Taken')];[];['<BV64 x1>'];[];['<BV64 x1>'];[];[];0.0;1.8446744073709552e+19;1.8446744073709552e+19;1.0;;;True;1.0;1.8446744073709552e+19;1.8446744073709552e+19;1.0;;;True;ControlType.CONTROLLED;0;<BV64 LOAD_64[<BV64 x1>]_26>;64;[];[];[];[];[];[];[];0;0;0;;;;False;0;0;0;;;;False;ControlType.UNKNOWN;1;[('0x2109c', <Bool x0 != 0x0>, 'Taken'), ('0x210a4', <Bool x1 != 0x0>, 'Taken'), ('0x210ac', <Bool LOAD_64[<BV64 x1>]_21 != 0x0>, 'Taken'), ('0x210bc', <Bool True>, 'Taken')];{'regs': ['<BV64 x0>', '<BV64 x1>'], 'indirect_regs': [], 'direct_regs': ['<BV64 x0>', '<BV64 x1>'], 'mem': ['<BV64 x1>'], 'const_mem': []};[];{'regs': [], 'indirect_regs': [], 'direct_regs': [], 'mem': [], 'const_mem': []};{'regs': ['<BV64 x1>'], 'indirect_regs': [], 'direct_regs': ['<BV64 x1>'], 'mem': ['<BV64 x1>'], 'const_mem': []};{'regs': ['<BV64 x0>', '<BV64 x1>'], 'indirect_regs': [], 'direct_regs': ['<BV64 x0>', '<BV64 x1>'], 'mem': ['<BV64 x1>'], 'const_mem': []};63.0;0.0;64.0;64.0;[];;;;BaseControlType.NO_BASE;BaseControlType.NO_BASE;BaseControlType.NO_BASE;4;BranchControlType.BRANCH_DEPENDS_ON_SECRET_ADDRESS;BranchControlType.BRANCH_INDEPENDENT_FROM_SECRET;68168;True;False;True;True;True;False;False;True;True;False;False;False;True;False;True;True;True;False;True;False;[];['has_valid_base'];True;False;True;True;True;False;False;True;True;False;False;False;True;False;True;True;True;False;True;False;[];['has_valid_base']
3ee6efe7-5e5a-4b2e-8697-12033297df67;gss_release_oid_set@@gssapi_krb5_2_MIT;0x21090;0x10a48;0x10a3c;TransmitterType.LOAD;18;1;False;['0x21090', '0x210a4', '0x210a8', '0x210b0', '0x10a30'];<BV64 LOAD_64[<BV64 x1>]_35>;64;[];[];['<BV64 x1>'];"[""<BV64 x1>: ['0x0']""]";[];['<BV64 x1>'];[];0;18446744073709551615;18446744073709551615;1;;;True;0;18446744073709551615;18446744073709551615;1;;;True;ControlType.CONTROLLED;1;;0;[];[];[];[];[];[];[];0.0;0.0;0.0;0.0;;;False;0.0;0.0;0.0;0.0;;;False;ControlType.UNKNOWN;0;;0;[];[];[];[];[];[];[];0;0;0;;;;False;0.0;0.0;0.0;0.0;;;False;ControlType.UNKNOWN;0;<BV64 LOAD_64[<BV64 x1>]_35>;64;[];[];['<BV64 x1>'];"[""<BV64 x1>: ['0x0']""]";[];['<BV64 x1>'];[];0.0;1.8446744073709552e+19;18446744073709551615;1;;;True;0.0;1.8446744073709552e+19;18446744073709551615;1;;;True;ControlType.CONTROLLED;1;<BV64 x1>;64;[('0x210a4', <Bool x1 != 0x0>, 'Taken')];[];['<BV64 x1>'];[];['<BV64 x1>'];[];[];0.0;1.8446744073709552e+19;1.8446744073709552e+19;1.0;;;True;1.0;1.8446744073709552e+19;1.8446744073709552e+19;1.0;;;True;ControlType.CONTROLLED;0;<BV64 LOAD_64[<BV64 x1>]_35>;64;[];[];[];[];[];[];[];0;0;0;;;;False;0;0;0;;;;False;ControlType.UNKNOWN;1;[('0x2109c', <Bool x0 == 0x0>, 'Taken'), ('0x210a4', <Bool x1 != 0x0>, 'Taken'), ('0x210ac', <Bool LOAD_64[<BV64 x1>]_30 != 0x0>, 'Taken'), ('0x210bc', <Bool True>, 'Taken')];{'regs': ['<BV64 x0>', '<BV64 x1>'], 'indirect_regs': [], 'direct_regs': ['<BV64 x0>', '<BV64 x1>'], 'mem': ['<BV64 x1>'], 'const_mem': []};[];{'regs': [], 'indirect_regs': [], 'direct_regs': [], 'mem': [], 'const_mem': []};{'regs': ['<BV64 x1>'], 'indirect_regs': [], 'direct_regs': ['<BV64 x1>'], 'mem': ['<BV64 x1>'], 'const_mem': []};{'regs': ['<BV64 x0>', '<BV64 x1>'], 'indirect_regs': [], 'direct_regs': ['<BV64 x0>', '<BV64 x1>'], 'mem': ['<BV64 x1>'], 'const_mem': []};63.0;0.0;64.0;64.0;[];;;;BaseControlType.NO_BASE;BaseControlType.NO_BASE;BaseControlType.NO_BASE;4;BranchControlType.BRANCH_DEPENDS_ON_SECRET_ADDRESS;BranchControlType.BRANCH_INDEPENDENT_FROM_SECRET;68168;True;False;True;True;True;False;False;True;True;False;False;False;True;False;True;True;True;False;True;False;[];['has_valid_base'];True;False;True;True;True;False;False;True;True;False;False;False;True;False;True;True;True;False;True;False;[];['has_valid_base']
