0000000000077dc0,fgetc@@GLIBC_2.17
0000000000082520,pthread_attr_setscope@@GLIBC_2.17
00000000000821a0,pthread_attr_getstacksize@GLIBC_2.17
0000000000099d60,envz_strip@@GLIBC_2.17
00000000000821a0,pthread_attr_getstacksize@@GLIBC_2.34
0000000000100fa0,iruserok_af@@GLIBC_2.17
0000000000128200,_nss_files_getpwent_r@@GLIBC_PRIVATE
000000000008bd40,pthread_setcancelstate@@GLIBC_2.17
000000000003cd20,stdc_first_leading_one_ul@@GLIBC_2.39
00000000000e46c0,cfmakeraw@@GLIBC_2.17
00000000001066e0,ns_name_pack@GLIBC_2.17
00000000001066e0,ns_name_pack@@GLIBC_2.34
000000000007f330,_IO_iter_begin@@GLIBC_2.17
00000000000c7220,globfree@@GLIBC_2.17
000000000007f700,_IO_str_init_readonly@@GLIBC_2.17
00000000000fbb80,__vswprintf_chk@@GLIBC_2.17
0000000000089a60,pthread_mutexattr_getprotocol@@GLIBC_2.34
0000000000089a60,pthread_mutexattr_getprotocol@GLIBC_2.17
00000000000b1220,wmemmove@@GLIBC_2.17
00000000001268ac,_nss_files_gethostbyname4_r@@GLIBC_PRIVATE
000000000008a840,__pthread_rwlock_rdlock@GLIBC_2.17
00000000000f0cc0,__cmsg_nxthdr@@GLIBC_2.17
000000000011c620,gethostbyname_r@@GLIBC_2.17
00000000001368a0,xdecrypt@GLIBC_2.17
0000000000126480,_nss_files_gethostent_r@@GLIBC_PRIVATE
00000000000e2e00,statvfs64@@GLIBC_2.17
000000000003cd60,stdc_first_leading_one_us@@GLIBC_2.39
0000000000127da0,_nss_files_setprotoent@@GLIBC_PRIVATE
000000000012c2c0,svcraw_create@GLIBC_2.17
000000000011f900,getprotoent@@GLIBC_2.17
0000000000074190,_IO_free_wbackup_area@@GLIBC_2.17
0000000000037ae0,sigignore@@GLIBC_2.17
0000000000090f80,mq_unlink@GLIBC_2.17
000000000008b300,__pthread_rwlock_trywrlock@GLIBC_2.17
0000000000090f80,mq_unlink@@GLIBC_2.34
00000000000ef0c0,open_tree@@GLIBC_2.36
0000000000131be8,clnt_spcreateerror@GLIBC_2.17
0000000000134460,pmap_getport@GLIBC_2.17
00000000000deb80,fstatvfs@@GLIBC_2.17
00000000000718c0,vsscanf@@GLIBC_2.17
0000000000099e80,memccpy@@GLIBC_2.17
000000000002e8a0,nl_langinfo@@GLIBC_2.17
00000000000ebc68,syslog@@GLIBC_2.17
0000000000090280,lio_listio64@GLIBC_2.17
00000000000fbf00,__wcstombs_chk@@GLIBC_2.17
0000000000107460,__res_iclose@@GLIBC_PRIVATE
0000000000034ce0,catopen@@GLIBC_2.17
000000000010ca04,__res_context_send@@GLIBC_PRIVATE
0000000000090280,lio_listio64@@GLIBC_2.34
000000000006e7c0,fgets@@GLIBC_2.17
000000000007dd80,_IO_default_xsputn@@GLIBC_2.17
0000000000128988,_nss_files_getservbyname_r@@GLIBC_PRIVATE
00000000000361c0,finitef@@GLIBC_2.17
0000000000085aa0,pthread_exit@@GLIBC_2.17
0000000000124ca0,_nss_files_setaliasent@@GLIBC_PRIVATE
00000000000a32e0,c32rtomb@@GLIBC_2.17
00000000001374e4,xdr_enum@GLIBC_2.17
00000000001305e0,svcunixfd_create@GLIBC_2.17
00000000000a74c0,wcstof64@@GLIBC_2.27
0000000000112320,__nss_files_data_open@@GLIBC_PRIVATE
00000000000520a0,tmpfile@@GLIBC_2.17
000000000007f4c0,_IO_list_resetlock@@GLIBC_2.17
0000000000134180,netname2host@GLIBC_2.17
00000000000824e0,pthread_attr_setschedpolicy@@GLIBC_2.17
000000000009cb00,strcpy@@GLIBC_2.17
00000000000eb3c0,sync@@GLIBC_2.17
00000000000c7380,nanosleep@@GLIBC_2.17
00000000000e8b40,lremovexattr@@GLIBC_2.17
0000000000085a00,pthread_detach@GLIBC_2.17
00000000000c41c0,__getpid@@GLIBC_2.17
0000000000085a00,pthread_detach@@GLIBC_2.34
00000000000d6620,regfree@@GLIBC_2.17
00000000000e6c00,gethostname@@GLIBC_2.17
00000000000358e0,finitel@@GLIBC_2.17
0000000000075d08,_IO_wfile_overflow@@GLIBC_2.17
000000000006e7c0,_IO_fgets@@GLIBC_2.17
00000000000e9f20,pwritev@@GLIBC_2.17
00000000000e63a0,getfsspec@@GLIBC_2.17
000000000013fa80,updwtmpx@@GLIBC_2.17
00000000001144e0,ether_ntohost@@GLIBC_2.17
000000000009aa60,mempcpy@@GLIBC_2.17
0000000000114640,fgetgrent@@GLIBC_2.17
00000000000aef24,wcstoull@@GLIBC_2.17
000000000011faa0,endprotoent@@GLIBC_2.17
000000000006fe24,_IO_getline@@GLIBC_2.17
000000000007f028,_IO_seekmark@@GLIBC_2.17
0000000000078540,rewind@@GLIBC_2.17
0000000000071240,setvbuf@@GLIBC_2.17
0000000000090d00,mq_receive@GLIBC_2.17
0000000000048180,__strtoul_internal@@GLIBC_2.17
0000000000090d00,mq_receive@@GLIBC_2.34
00000000000e6da0,getpagesize@@GLIBC_2.17
0000000000098fa0,argz_append@@GLIBC_2.17
0000000000106c60,ns_name_uncompress@GLIBC_2.17
00000000000c40c0,__posix_getopt@@GLIBC_2.17
0000000000106c60,ns_name_uncompress@@GLIBC_2.34
000000000007a5c0,fgetc_unlocked@@GLIBC_2.17
000000000009bca0,__strcoll_l@@GLIBC_2.17
00000000000de3c0,fchmod@@GLIBC_2.17
00000000000ed3e0,writev@@GLIBC_2.17
0000000000051820,snprintf@@GLIBC_2.17
00000000000999a0,basename@@GLIBC_2.17
00000000000f0100,isfdtype@@GLIBC_2.17
00000000000826c0,pthread_attr_setstacksize@GLIBC_2.17
00000000000982c0,reallocarray@@GLIBC_2.26
00000000000826c0,pthread_attr_setstacksize@@GLIBC_2.34
0000000000091260,timer_delete@GLIBC_2.17
000000000010fc80,__nss_hosts_lookup2@@GLIBC_PRIVATE
0000000000091260,timer_delete@@GLIBC_2.34
0000000000037220,siginterrupt@@GLIBC_2.17
00000000000e4540,tcsetpgrp@@GLIBC_2.17
000000000009acc0,__rawmemchr@@GLIBC_2.17
0000000000111f6c,__nss_database_get@@GLIBC_PRIVATE
00000000000368c0,__sigaction@@GLIBC_2.17
00000000000e1e40,lstat@@GLIBC_2.33
00000000000981e0,_obstack_free@@GLIBC_2.17
00000000000de94c,__file_change_detection_for_fp@@GLIBC_PRIVATE
00000000000de600,fchownat@@GLIBC_2.17
0000000000052280,tmpnam_r@@GLIBC_2.17
00000000000224c0,gnu_get_libc_version@@GLIBC_2.17
0000000000114c40,setgrent@@GLIBC_2.17
0000000000098284,_obstack_memory_used@@GLIBC_2.17
000000000011e840,getnetbyaddr_r@@GLIBC_2.17
0000000000082060,pthread_attr_getschedparam@@GLIBC_2.17
00000000000ec6c8,tdelete@@GLIBC_2.17
00000000000f0740,__sendmmsg@@GLIBC_PRIVATE
00000000000988a0,__libc_alloc_buffer_alloc_array@@GLIBC_PRIVATE
000000000007b100,_IO_file_close_it@@GLIBC_2.17
00000000000f34e0,__iswblank_l@@GLIBC_2.17
00000000000d74c0,__sched_yield@@GLIBC_2.17
00000000000eed40,epoll_ctl@@GLIBC_2.17
0000000000136260,svcudp_bufcreate@GLIBC_2.17
000000000009b568,strcasestr@@GLIBC_2.17
00000000000eb340,swapoff@@GLIBC_2.17
0000000000137920,xdr_string@GLIBC_2.17
00000000000231e0,__gconv_get_alias_db@@GLIBC_PRIVATE
00000000000b1120,wmemcmp@@GLIBC_2.17
0000000000137420,xdr_bool@GLIBC_2.17
00000000000de620,__libc_fcntl64@@GLIBC_PRIVATE
000000000004b7c0,_IO_flockfile@@GLIBC_2.17
00000000000913a0,timer_gettime@@GLIBC_2.34
0000000000078340,putc@@GLIBC_2.17
00000000000913a0,timer_gettime@GLIBC_2.17
0000000000075f60,_IO_wfile_sync@@GLIBC_2.17
0000000000121be0,getrpcbynumber_r@@GLIBC_2.17
00000000000376e0,__libc_current_sigrtmin@@GLIBC_2.17
00000000000eebc0,__xstat64@@GLIBC_2.17
0000000000045620,strtol_l@@GLIBC_2.17
00000000000f7f40,argp_error@@GLIBC_2.17
000000000009eb60,strverscmp@@GLIBC_2.17
0000000000109fa0,__libc_res_nameinquery@@GLIBC_PRIVATE
000000000008c340,pthread_setschedprio@GLIBC_2.17
0000000000099b20,envz_remove@@GLIBC_2.17
000000000008c1e0,pthread_setschedparam@@GLIBC_2.17
000000000008c340,pthread_setschedprio@@GLIBC_2.34
000000000013ea40,utmpname@@GLIBC_2.17
000000000002fe40,__ctype_init@@GLIBC_PRIVATE
00000000000fa120,__fgets_unlocked_chk@@GLIBC_2.17
000000000008e160,cnd_init@@GLIBC_2.34
000000000003a0c0,getentropy@@GLIBC_2.25
0000000000126560,_nss_files_gethostbyaddr_r@@GLIBC_PRIVATE
0000000000109e6c,res_mkquery@@GLIBC_2.34
000000000008e160,cnd_init@GLIBC_2.28
00000000000befe0,execvpe@@GLIBC_2.17
0000000000107650,res_hnok@@GLIBC_2.34
00000000000f0a00,setsockopt@@GLIBC_2.17
000000000009afe0,__strcasecmp_l@@GLIBC_2.17
000000000013d900,pututline@@GLIBC_2.17
00000000000eebc0,__xstat@@GLIBC_2.17
00000000000ddba0,chmod@@GLIBC_2.17
00000000000481cc,__isoc23_strtoull@@GLIBC_2.38
00000000000ee3c0,prctl@@GLIBC_2.17
00000000000ea940,readv@@GLIBC_2.17
00000000000b1280,wmemset@@GLIBC_2.17
00000000000d7920,__shm_get_name@@GLIBC_PRIVATE
0000000000127000,_nss_netgroup_parseline@@GLIBC_PRIVATE
00000000000d7a40,sleep@@GLIBC_2.17
0000000000114ec0,getgrgid@@GLIBC_2.17
000000000003a5a0,lcong48_r@@GLIBC_2.17
00000000000e8f20,mkstemps64@@GLIBC_2.17
000000000008a7c0,pthread_rwlock_destroy@GLIBC_2.17
000000000008a7c0,pthread_rwlock_destroy@@GLIBC_2.34
00000000000fcfa0,__idna_from_dns_encoding@@GLIBC_PRIVATE
00000000000790c0,fcloseall@@GLIBC_2.17
000000000008cba0,sem_destroy@GLIBC_2.17
0000000000090c00,mq_open@@GLIBC_2.34
0000000000090c00,mq_open@GLIBC_2.17
000000000013fa00,getutxid@@GLIBC_2.17
00000000000e64a0,endfsent@@GLIBC_2.17
000000000008cba0,sem_destroy@@GLIBC_2.34
0000000000105904,inet_addr@@GLIBC_2.17
00000000000226c0,iconv_open@@GLIBC_2.17
0000000000070900,puts@@GLIBC_2.17
00000000001045e0,_nss_dns_gethostbyaddr2_r@@GLIBC_PRIVATE
000000000007efe0,_IO_marker_delta@@GLIBC_2.17
000000000012aba0,xdr_pmap@GLIBC_2.17
000000000008e560,thrd_create@@GLIBC_2.34
000000000008e560,thrd_create@GLIBC_2.28
00000000000745d0,_IO_sputbackwc@@GLIBC_2.17
0000000000074820,_IO_seekwmark@@GLIBC_2.17
00000000000fb700,__strlcpy_chk@@GLIBC_2.38
0000000000037880,sigwaitinfo@@GLIBC_2.17
0000000000133b20,key_gendes@GLIBC_2.17
00000000000effe0,getpeername@@GLIBC_2.17
0000000000086920,pthread_kill_other_threads_np@GLIBC_2.17
0000000000050f20,putw@@GLIBC_2.17
00000000000a5da0,wcscpy@@GLIBC_2.17
000000000006eb40,fopen64@@GLIBC_2.17
00000000000e4d00,setpriority@@GLIBC_2.17
0000000000101e00,setsourcefilter@@GLIBC_2.17
00000000000521a0,tmpnam@@GLIBC_2.17
000000000008e500,mtx_unlock@GLIBC_2.28
0000000000122c00,getservbyport_r@@GLIBC_2.17
000000000008e500,mtx_unlock@@GLIBC_2.34
00000000000e028c,fts64_children@@GLIBC_2.23
00000000000823c0,pthread_attr_setinheritsched@@GLIBC_2.17
00000000000c7a40,pathconf@@GLIBC_2.17
00000000001050e0,_nss_dns_getnetbyname_r@@GLIBC_PRIVATE
0000000000048cc0,wcstombs@@GLIBC_2.17
0000000000101ce0,setipv4sourcefilter@@GLIBC_2.17
00000000000c4120,getopt_long_only@@GLIBC_2.17
0000000000106c60,__ns_name_uncompress@@GLIBC_PRIVATE
000000000013d7e0,setutent@@GLIBC_2.17
000000000002e8c0,nl_langinfo_l@@GLIBC_2.17
0000000000131640,clnt_create@GLIBC_2.17
00000000000b1920,ctime@@GLIBC_2.17
00000000000866e0,pthread_key_delete@@GLIBC_2.34
00000000000d7280,__sched_getparam@@GLIBC_2.17
00000000000866e0,pthread_key_delete@GLIBC_2.17
0000000000021c1c,perror@@GLIBC_2.17
0000000000129a60,_nss_files_initgroups_dyn@@GLIBC_PRIVATE
0000000000036540,_setjmp@@GLIBC_2.17
00000000000ea1a0,qfcvt@@GLIBC_2.17
00000000000fafa0,__poll_chk@@GLIBC_2.17
0000000000129ec0,authnone_create@GLIBC_2.17
0000000000042980,strtof32@@GLIBC_2.27
000000000004c360,__isoc99_vfscanf@@GLIBC_2.17
0000000000073300,wprintf@@GLIBC_2.17
0000000000078700,setlinebuf@@GLIBC_2.17
0000000000071540,ungetc@@GLIBC_2.17
000000000002fcc0,isprint_l@@GLIBC_2.17
0000000000080d60,__nptl_create_event@@GLIBC_PRIVATE
0000000000051660,renameat@@GLIBC_2.17
00000000000d81c0,posix_spawnattr_getschedpolicy@@GLIBC_2.17
00000000000f3b20,__towlower_l@@GLIBC_2.17
0000000000114b60,getgrent@@GLIBC_2.17
00000000001070e0,__libc_ns_samename@@GLIBC_PRIVATE
000000000003ce00,stdc_first_leading_zero_ull@@GLIBC_2.39
0000000000075220,_IO_wdo_write@@GLIBC_2.17
00000000000ebee0,closelog@@GLIBC_2.17
000000000010d18c,res_send@@GLIBC_2.34
00000000000e9020,__mmap@@GLIBC_PRIVATE
000000000008cbe0,sem_init@GLIBC_2.17
0000000000129060,_nss_files_getspent_r@@GLIBC_PRIVATE
000000000008eb80,aio_error@@GLIBC_2.34
000000000008cbe0,sem_init@@GLIBC_2.34
000000000008eb80,aio_error@GLIBC_2.17
000000000002fbc0,__toascii_l@@GLIBC_2.17
000000000004c580,parse_printf_format@@GLIBC_2.17
0000000000099940,argz_stringify@@GLIBC_2.17
00000000000c7280,group_member@@GLIBC_2.17
000000000008baa0,pthread_rwlockattr_init@@GLIBC_2.34
00000000000f2800,iswalpha@@GLIBC_2.17
000000000009dce0,strncpy@@GLIBC_2.17
000000000008baa0,pthread_rwlockattr_init@GLIBC_2.17
0000000000142b80,__sigismember@GLIBC_2.17
00000000000eccac,twalk@@GLIBC_2.17
0000000000042820,strtof32x_l@@GLIBC_2.27
00000000000be0c0,versionsort@@GLIBC_2.17
000000000002c270,__gconv_create_spec@@GLIBC_PRIVATE
00000000000f36c0,iswlower_l@@GLIBC_2.17
0000000000036640,siglongjmp@@GLIBC_2.17
000000000013fa20,getutxline@@GLIBC_2.17
000000000003d220,stdc_leading_zeros_ull@@GLIBC_2.39
0000000000129020,_nss_files_setspent@@GLIBC_PRIVATE
00000000000e2380,__pipe@@GLIBC_2.17
000000000010f2e0,gai_suspend@@GLIBC_2.34
000000000010f2e0,gai_suspend@GLIBC_2.17
00000000000e6140,fsetxattr@@GLIBC_2.17
000000000008c5a0,pthread_sigmask@GLIBC_2.17
000000000008c5a0,pthread_sigmask@@GLIBC_2.32
000000000012a960,pmap_unset@GLIBC_2.17
000000000007a560,fputc_unlocked@@GLIBC_2.17
000000000012d140,xdrrec_create@GLIBC_2.17
000000000002e8c0,__nl_langinfo_l@@GLIBC_2.17
000000000002f950,isgraph@@GLIBC_2.17
00000000000d8c20,sysconf@@GLIBC_2.17
000000000006e580,fgetpos@@GLIBC_2.17
00000000000ecce0,twalk_r@@GLIBC_2.30
00000000000a3ba0,__isoc99_wscanf@@GLIBC_2.17
0000000000134f20,svcerr_progvers@GLIBC_2.17
00000000000e6980,getdtablesize@@GLIBC_2.17
00000000000b4d80,ftime@@GLIBC_2.17
00000000000f1220,shmat@@GLIBC_2.17
0000000000109ee0,__res_nopt@@GLIBC_PRIVATE
00000000000bd420,ntp_gettimex@@GLIBC_2.17
00000000000fa480,__fgetws_unlocked_chk@@GLIBC_2.17
000000000002fc40,__iscntrl_l@@GLIBC_2.17
00000000000e8cc0,lsetxattr@@GLIBC_2.17
000000000008e800,shm_open@GLIBC_2.17
00000000000fa860,__fread_unlocked_chk@@GLIBC_2.17
000000000008e800,shm_open@@GLIBC_2.34
0000000000107c20,__res_context_hostalias@@GLIBC_PRIVATE
000000000008e1c0,cnd_signal@GLIBC_2.28
000000000008e1c0,cnd_signal@@GLIBC_2.34
00000000000fb380,__realpath_chk@@GLIBC_2.17
0000000000091400,timer_settime@@GLIBC_2.34
0000000000090ea0,mq_timedsend@@GLIBC_2.34
0000000000090ea0,mq_timedsend@GLIBC_2.17
0000000000091400,timer_settime@GLIBC_2.17
00000000000dc9c0,wordexp@@GLIBC_2.17
000000000012ba60,xdr_callmsg@GLIBC_2.17
00000000000964c4,__libc_free@@GLIBC_2.17
000000000004b660,cuserid@@GLIBC_2.17
0000000000124cc0,_nss_files_endaliasent@@GLIBC_PRIVATE
000000000007e3e0,_IO_sputbackc@@GLIBC_2.17
00000000000feda0,inet6_opt_next@@GLIBC_2.17
0000000000042960,__strtof_internal@@GLIBC_2.17
000000000007fc40,dladdr@@GLIBC_2.34
00000000000f9e80,__fdelt_warn@@GLIBC_2.17
000000000007fc40,dladdr@GLIBC_2.17
0000000000134db0,svcerr_auth@GLIBC_2.17
00000000000f3ba0,towupper_l@@GLIBC_2.17
0000000000127720,_nss_files_getnetent_r@@GLIBC_PRIVATE
00000000000f0fe0,msgctl@@GLIBC_2.17
00000000000ac5b0,__wcstol_l@@GLIBC_2.17
00000000001242a0,_nss_files_parse_spent@@GLIBC_PRIVATE
000000000008fe88,aio_suspend64@GLIBC_2.17
000000000008fe88,aio_suspend64@@GLIBC_2.34
000000000009bc80,strcoll@@GLIBC_2.17
00000000000e3100,symlink@@GLIBC_2.17
00000000000bd540,dirfd@@GLIBC_2.17
000000000006dea0,_IO_fclose@@GLIBC_2.17
00000000000fb680,__strcpy_chk@@GLIBC_2.17
0000000000116ce0,endsgent@@GLIBC_2.17
000000000004b580,asprintf@@GLIBC_2.17
000000000008e700,tss_create@@GLIBC_2.34
000000000013ef80,__ptsname_r_chk@@GLIBC_2.17
000000000008e700,tss_create@GLIBC_2.28
000000000007c060,_IO_file_sync@@GLIBC_2.17
000000000012d880,cbc_crypt@GLIBC_2.17
00000000000ed2e0,ustat@GLIBC_2.17
0000000000089ce0,pthread_mutexattr_setrobust_np@GLIBC_2.17
00000000000e3880,__close_nocancel@@GLIBC_PRIVATE
00000000000e11c0,ftw@@GLIBC_2.17
00000000001251e0,_nss_files_getetherent_r@@GLIBC_PRIVATE
00000000000d7840,setsid@@GLIBC_2.17
000000000011e1a0,innetgr@@GLIBC_2.17
0000000000134d30,svcerr_systemerr@GLIBC_2.17
0000000000090ce0,__mq_open_2@@GLIBC_2.34
0000000000117040,getsgnam_r@@GLIBC_2.17
0000000000090ce0,__mq_open_2@GLIBC_2.17
000000000013fa60,utmpxname@@GLIBC_2.17
000000000008cb60,sem_close@GLIBC_2.17
00000000000fb5a0,__stpcpy_chk@@GLIBC_2.17
00000000000bca00,clock_gettime@@GLIBC_2.17
000000000008cb60,sem_close@@GLIBC_2.34
000000000003b300,qsort_r@@GLIBC_2.17
000000000013d720,__getlogin_r_chk@@GLIBC_2.17
00000000000e1f00,mkfifoat@@GLIBC_2.17
000000000006dd20,_IO_file_doallocate@@GLIBC_2.17
0000000000122040,endrpcent@@GLIBC_2.17
00000000000790e0,__fseeko64@@GLIBC_PRIVATE
00000000000e2e00,statvfs@@GLIBC_2.17
00000000001281e0,_nss_files_endpwent@@GLIBC_PRIVATE
000000000009784c,malloc_stats@@GLIBC_2.17
0000000000030340,dcgettext@@GLIBC_2.17
0000000000078b20,vscanf@@GLIBC_2.17
00000000000d69e8,re_exec@@GLIBC_2.17
0000000000133280,get_myaddress@GLIBC_2.17
00000000001283ac,_nss_files_getpwuid_r@@GLIBC_PRIVATE
00000000000ff5c0,__inet6_scopeid_pton@@GLIBC_PRIVATE
00000000000390a0,erand48@@GLIBC_2.17
0000000000037d20,abs@@GLIBC_2.17
000000000008cbc0,sem_getvalue@@GLIBC_2.34
000000000010a9c0,__res_nquery@GLIBC_2.17
000000000008cbc0,sem_getvalue@GLIBC_2.17
00000000000de380,fchdir@@GLIBC_2.17
00000000000e4f40,chroot@@GLIBC_2.17
00000000000dd820,pidfd_spawnp@@GLIBC_2.39
0000000000079c00,__libc_fatal@@GLIBC_PRIVATE
00000000000af580,wcsxfrm_l@@GLIBC_2.17
00000000000e808c,endusershell@@GLIBC_2.17
00000000000e96ec,__endmntent@@GLIBC_2.17
000000000002fe00,__ctype_toupper_loc@@GLIBC_2.17
000000000009dd40,__strndup@@GLIBC_2.17
000000000002f340,uselocale@@GLIBC_2.17
00000000000b5480,getdate@@GLIBC_2.17
0000000000141a60,_dl_find_object@@GLIBC_2.35
0000000000080440,dlmopen@@GLIBC_2.34
0000000000080440,dlmopen@GLIBC_2.17
00000000000e8520,__libc_ifunc_impl_list@@GLIBC_PRIVATE
00000000001251b0,_nss_files_setetherent@@GLIBC_PRIVATE
00000000000ddec0,creat@@GLIBC_2.17
0000000000099ae0,envz_get@@GLIBC_2.17
00000000000b3650,tzset@@GLIBC_2.17
000000000002fd40,__isxdigit_l@@GLIBC_2.17
000000000007ba40,_IO_file_underflow@@GLIBC_2.17
000000000003bd0c,setstate_r@@GLIBC_2.17
00000000000d7680,__setpgid@@GLIBC_2.17
0000000000107650,__libc_res_hnok@@GLIBC_PRIVATE
0000000000108ea0,__res_ninit@@GLIBC_2.17
0000000000036b40,sigsuspend@@GLIBC_2.17
00000000000e21a0,openat64@@GLIBC_2.17
0000000000099380,argz_extract@@GLIBC_2.17
00000000000ff9e0,inet_netof@@GLIBC_2.17
0000000000127fa0,_nss_files_getprotobynumber_r@@GLIBC_PRIVATE
00000000000fee40,inet6_opt_find@@GLIBC_2.17
00000000000bca00,__clock_gettime@@GLIBC_PRIVATE
000000000013dac0,getutline@@GLIBC_2.17
000000000010b3c0,res_search@@GLIBC_2.34
00000000000b1200,wmemcpy@@GLIBC_2.17
000000000007ef80,_IO_remove_marker@@GLIBC_2.17
00000000000be0e0,getdirentries64@@GLIBC_2.17
00000000000fb580,__stack_chk_fail@@GLIBC_2.17
00000000000e52c0,gcvt@@GLIBC_2.17
00000000000fb020,__printf_chk@@GLIBC_2.17
0000000000102ee0,__libc_dn_skipname@@GLIBC_PRIVATE
00000000000ecd04,tdestroy@@GLIBC_2.17
00000000000964c4,free@@GLIBC_2.17
000000000006f060,fread@@GLIBC_2.17
00000000000e97b0,hasmntopt@@GLIBC_2.17
00000000000486c0,strtoul_l@@GLIBC_2.17
00000000000de620,__fcntl@@GLIBC_2.17
00000000000fb920,__ttyname_r_chk@@GLIBC_2.17
00000000000e4840,getrlimit@@GLIBC_2.17
000000000010f6a0,getaddrinfo_a@@GLIBC_2.34
00000000000a6920,wcsnrtombs@@GLIBC_2.17
000000000010f6a0,getaddrinfo_a@GLIBC_2.17
00000000000ddb80,chdir@@GLIBC_2.17
0000000000098760,__libc_dynarray_resize@@GLIBC_PRIVATE
0000000000039388,exit@@GLIBC_2.17
000000000010aa80,__res_query@GLIBC_2.17
00000000000778e0,freopen@@GLIBC_2.17
0000000000072ee0,putwchar_unlocked@@GLIBC_2.17
00000000000e1de0,lseek64@@GLIBC_2.17
00000000000a3a40,__isoc99_vfwscanf@@GLIBC_2.17
00000000000e8ce0,lutimes@@GLIBC_2.17
00000000000ddd60,closefrom@@GLIBC_2.34
00000000000d806c,posix_spawn_file_actions_init@@GLIBC_2.17
00000000000fcd20,ntohl@@GLIBC_2.17
000000000003cec0,stdc_first_trailing_one_ull@@GLIBC_2.39
000000000006f060,_IO_fread@@GLIBC_2.17
0000000000089d40,pthread_mutexattr_settype@GLIBC_2.17
0000000000089d40,pthread_mutexattr_settype@@GLIBC_2.34
0000000000134e24,svcerr_weakauth@GLIBC_2.17
00000000000eddc0,eventfd_write@@GLIBC_2.17
00000000001364f0,svcudp_create@GLIBC_2.17
000000000010b480,res_nquerydomain@@GLIBC_2.34
00000000000f3580,__iswcntrl_l@@GLIBC_2.17
00000000000fcd40,ntohs@@GLIBC_2.17
00000000000995a0,argz_replace@@GLIBC_2.17
00000000000fd320,if_nameindex@@GLIBC_2.17
00000000000786e0,setbuf@@GLIBC_2.17
00000000000ac02c,__isoc23_wcstoimax@@GLIBC_2.38
00000000000fbd00,__wcscpy_chk@@GLIBC_2.17
0000000000136c00,xdr_void@GLIBC_2.17
000000000007b400,_IO_file_fopen@@GLIBC_2.17
0000000000096e4c,memalign@@GLIBC_2.17
00000000000e3060,statx@@GLIBC_2.28
00000000000e2d40,sendfile64@@GLIBC_2.17
0000000000136da0,xdr_long@GLIBC_2.17
00000000000e48a0,setrlimit@@GLIBC_2.17
00000000000d74e0,setgid@@GLIBC_2.17
0000000000089fe8,pthread_once@GLIBC_2.17
000000000013f6c8,openpty@GLIBC_2.17
000000000003bfe0,secure_getenv@@GLIBC_2.17
000000000013f6c8,openpty@@GLIBC_2.34
0000000000144b40,_dl_mcount_wrapper@GLIBC_2.17
0000000000073120,putchar_unlocked@@GLIBC_2.17
0000000000089fe8,pthread_once@@GLIBC_2.34
00000000001256c8,_nss_files_getgrnam_r@@GLIBC_PRIVATE
0000000000137120,xdr_u_longlong_t@GLIBC_2.17
0000000000071040,_IO_setbuffer@@GLIBC_2.17
00000000000227a0,iconv@@GLIBC_2.17
000000000009cdc0,__strdup@@GLIBC_2.17
0000000000079480,freopen64@@GLIBC_2.17
0000000000036920,__libc_sigaction@@GLIBC_PRIVATE
00000000000a5f40,wcslcpy@@GLIBC_2.38
0000000000040220,strtof64@@GLIBC_2.27
00000000000d7440,sched_setparam@@GLIBC_2.17
00000000000be6c0,execle@@GLIBC_2.17
000000000007c980,_IO_file_xsputn@@GLIBC_2.17
00000000000f6a2c,argp_failure@@GLIBC_2.17
00000000000c7de0,pread64@@GLIBC_2.17
00000000000f0dc0,msgsnd@@GLIBC_2.17
000000000009ad40,sigdescr_np@@GLIBC_2.32
00000000000f3e00,__towctrans_l@@GLIBC_2.17
000000000003d180,stdc_leading_ones_ull@@GLIBC_2.39
00000000000ac5b0,wcstoll_l@@GLIBC_2.17
000000000008e300,mtx_init@@GLIBC_2.34
000000000009dec0,rindex@@GLIBC_2.17
000000000002fb20,isblank_l@@GLIBC_2.17
0000000000035e00,__finite@@GLIBC_2.17
000000000008e300,mtx_init@GLIBC_2.28
000000000013ece0,getpt@@GLIBC_2.17
00000000000f38a0,iswpunct_l@@GLIBC_2.17
0000000000050000,printf_size@@GLIBC_2.17
00000000000f2aec,iswlower@@GLIBC_2.17
00000000000f9e80,__fdelt_chk@@GLIBC_2.17
00000000000e9920,msync@@GLIBC_2.17
00000000000f1990,__monstartup@@GLIBC_2.17
00000000000deac0,fstatat@@GLIBC_2.33
00000000000ef340,timerfd_create@@GLIBC_2.17
0000000000051980,sscanf@@GLIBC_2.17
0000000000134fa8,svc_getreq_common@GLIBC_2.17
00000000000798e0,__fpurge@@GLIBC_2.17
0000000000076828,_IO_wfile_xsputn@@GLIBC_2.17
00000000001205c0,getpw@@GLIBC_2.17
000000000007f740,_IO_str_overflow@@GLIBC_2.17
00000000000ef560,get_kernel_syms@GLIBC_2.17
000000000004bde0,__isoc23_scanf@@GLIBC_2.38
00000000000a5040,wcscoll_l@@GLIBC_2.17
000000000010e4ec,__resolv_context_get@@GLIBC_PRIVATE
000000000013242c,clnttcp_create@GLIBC_2.17
000000000002f7a0,__assert_fail@@GLIBC_2.17
00000000000481a4,strtoull@@GLIBC_2.17
00000000000be8e0,execlp@@GLIBC_2.17
000000000004c3e0,__isoc99_vsscanf@@GLIBC_2.17
000000000008e040,thrd_equal@@GLIBC_2.28
000000000009af60,__strcasecmp@@GLIBC_2.17
0000000000127240,_nss_files_parse_netent@@GLIBC_PRIVATE
0000000000099a00,__bzero@@GLIBC_2.17
000000000003c600,clearenv@@GLIBC_2.17
000000000008fe88,aio_suspend@GLIBC_2.17
000000000008fe88,aio_suspend@@GLIBC_2.34
000000000009d100,__strtok_r_1c@GLIBC_2.17
00000000000d92c0,times@@GLIBC_2.17
00000000000e4680,tcsendbreak@@GLIBC_2.17
0000000000037380,sigaddset@@GLIBC_2.17
0000000000082a80,pthread_barrierattr_setpshared@@GLIBC_2.34
00000000001200c0,fgetpwent@@GLIBC_2.17
0000000000082a80,pthread_barrierattr_setpshared@GLIBC_2.17
00000000000a3780,__isoc23_vwscanf@@GLIBC_2.38
00000000000bd920,readdir64@@GLIBC_2.17
00000000001062e0,__libc_ns_makecanon@@GLIBC_PRIVATE
0000000000099f80,__memcmpeq@@GLIBC_2.35
00000000000c7220,globfree64@@GLIBC_2.17
000000000007dee4,_IO_default_xsgetn@@GLIBC_2.17
000000000002fc20,__isalpha_l@@GLIBC_2.17
000000000003c430,setenv@@GLIBC_2.17
000000000010ff00,__nss_passwd_lookup2@@GLIBC_PRIVATE
00000000000fba00,__vfwprintf_chk@@GLIBC_2.17
00000000000773e0,_IO_feof@@GLIBC_2.17
000000000008e0a0,thrd_yield@@GLIBC_2.28
00000000000f1280,shmdt@@GLIBC_2.17
00000000000e1fe0,__open64@@GLIBC_2.17
0000000000030360,__dgettext@@GLIBC_2.17
0000000000035f40,modf@@GLIBC_2.17
000000000002fbe0,__isascii_l@@GLIBC_2.17
00000000000d6450,regcomp@@GLIBC_2.17
00000000000fef04,inet6_opt_get_val@@GLIBC_2.17
000000000008e7a0,tss_set@GLIBC_2.28
00000000000e66c0,futimesat@@GLIBC_2.17
000000000008e7a0,tss_set@@GLIBC_2.34
00000000000f3c20,__wctype_l@@GLIBC_2.17
000000000003ac00,on_exit@@GLIBC_2.17
000000000013d864,getutent_r@@GLIBC_2.17
0000000000073fec,_IO_wdoallocbuf@@GLIBC_2.17
00000000000976c0,mallinfo2@@GLIBC_2.33
00000000000fbfc0,__wmemcpy_chk@@GLIBC_2.17
000000000003d0c0,stdc_has_single_bit_ull@@GLIBC_2.39
0000000000089b60,__pthread_mutexattr_init@GLIBC_2.17
00000000001207e0,setpwent@@GLIBC_2.17
00000000000ec640,__tfind@@GLIBC_PRIVATE
00000000000e7be0,getttynam@@GLIBC_2.17
00000000000ef300,unshare@@GLIBC_2.17
0000000000127200,_nss_files_getnetgrent_r@@GLIBC_PRIVATE
0000000000037340,sigfillset@@GLIBC_2.17
00000000000aef24,wcstoul@@GLIBC_2.17
0000000000128890,_nss_files_setservent@@GLIBC_PRIVATE
0000000000142c00,__sigdelset@GLIBC_2.17
00000000000229c0,iconv_close@@GLIBC_2.17
000000000010582c,__inet_aton_exact@@GLIBC_PRIVATE
00000000000e2da0,stat@@GLIBC_2.33
000000000008a840,pthread_rwlock_rdlock@GLIBC_2.17
000000000008a840,pthread_rwlock_rdlock@@GLIBC_2.34
00000000001255c0,_nss_files_setgrent@@GLIBC_PRIVATE
000000000004b9c0,ftrylockfile@@GLIBC_2.17
000000000004bd40,__isoc23_fscanf@@GLIBC_2.38
00000000000e1ec0,mkdirat@@GLIBC_2.17
00000000000aef24,wcstouq@@GLIBC_2.17
0000000000106540,__ns_name_ntop@@GLIBC_PRIVATE
00000000000a3c60,__mbrlen@@GLIBC_2.17
000000000012e660,rtime@GLIBC_2.17
00000000000e9a80,__munmap@@GLIBC_PRIVATE
000000000012e300,xdr_cryptkeyres@GLIBC_2.17
000000000011b660,freeaddrinfo@@GLIBC_2.17
00000000000efdc0,accept4@@GLIBC_2.17
00000000000e1240,futimens@@GLIBC_2.17
000000000009aee0,__stpncpy@@GLIBC_2.17
0000000000119a2c,getaddrinfo@@GLIBC_2.17
00000000000a4b20,wcpcpy@@GLIBC_2.17
00000000001071a0,inet_nsap_addr@@GLIBC_2.17
000000000012d284,xdrrec_skiprecord@GLIBC_2.17
000000000013ee40,ptsname_r@@GLIBC_2.17
000000000007d2d0,_IO_un_link@@GLIBC_2.17
00000000000450ac,__isoc23_strtoimax@@GLIBC_2.38
0000000000104b44,_nss_dns_gethostbyaddr_r@@GLIBC_PRIVATE
000000000008bb40,pthread_self@@GLIBC_2.17
0000000000097dc0,mprobe@@GLIBC_2.17
00000000000899e0,pthread_mutexattr_getprioceiling@@GLIBC_2.34
00000000000899e0,pthread_mutexattr_getprioceiling@GLIBC_2.17
00000000000fcd00,__h_errno_location@@GLIBC_2.17
000000000008e620,thrd_exit@GLIBC_2.28
00000000000a7000,wcswcs@@GLIBC_2.17
000000000008e620,thrd_exit@@GLIBC_2.34
0000000000072220,fgetws_unlocked@@GLIBC_2.17
00000000000874a0,__pthread_mutex_destroy@GLIBC_2.17
000000000002fd80,__toupper_l@@GLIBC_2.17
00000000000deac0,fstatat64@@GLIBC_2.33
000000000008fba0,aio_read64@@GLIBC_2.34
000000000008fba0,aio_read64@GLIBC_2.17
000000000008bec0,pthread_setcanceltype@@GLIBC_2.17
00000000000d7360,sched_rr_get_interval@@GLIBC_2.17
0000000000093224,__default_morecore@GLIBC_2.17
00000000000f1ba0,_mcleanup@@GLIBC_2.17
0000000000073b00,_IO_wsetb@@GLIBC_2.17
00000000000deb20,fstatfs64@@GLIBC_2.17
00000000000ef400,setns@@GLIBC_2.17
0000000000077dc0,getc@@GLIBC_2.17
000000000012b8ac,xdr_callhdr@GLIBC_2.17
00000000000e1f60,mknodat@@GLIBC_2.33
00000000000fc640,ether_aton_r@@GLIBC_2.17
00000000000a4200,__mbrtowc@@GLIBC_2.17
0000000000114820,_nss_files_parse_grent@@GLIBC_PRIVATE
00000000000e4de0,__libc_allocate_once_slow@@GLIBC_PRIVATE
0000000000036200,frexpf@@GLIBC_2.17
000000000006f6c0,_IO_fwrite@@GLIBC_2.17
00000000000e4aa0,vlimit@@GLIBC_2.17
0000000000034f30,catclose@@GLIBC_2.17
00000000001295c0,_nss_files_setrpcent@@GLIBC_PRIVATE
000000000007fce0,dlclose@GLIBC_2.17
00000000000fbd80,__wcsncat_chk@@GLIBC_2.17
000000000007fce0,dlclose@@GLIBC_2.34
000000000010a288,__libc_res_queriesmatch@@GLIBC_PRIVATE
000000000012d944,ecb_crypt@GLIBC_2.17
000000000013ef44,ptsname@@GLIBC_2.17
00000000001296c8,_nss_files_getrpcbyname_r@@GLIBC_PRIVATE
000000000012644c,_nss_files_sethostent@@GLIBC_PRIVATE
000000000009bca0,strcoll_l@@GLIBC_2.17
0000000000045680,strtof64x@@GLIBC_2.27
000000000008ca8c,sem_clockwait@@GLIBC_2.34
00000000000aef00,__wcstoul_internal@@GLIBC_2.17
000000000003b720,rand_r@@GLIBC_2.17
000000000008ca8c,sem_clockwait@GLIBC_2.30
0000000000037780,sigtimedwait@@GLIBC_2.17
00000000000e8dc0,gnu_dev_minor@@GLIBC_2.17
0000000000021dec,verrx@@GLIBC_2.17
00000000001251cc,_nss_files_endetherent@@GLIBC_PRIVATE
0000000000099e40,ffsll@@GLIBC_2.17
0000000000035920,frexpl@@GLIBC_2.17
0000000000037480,sigismember@@GLIBC_2.17
0000000000097de0,tr_break@GLIBC_2.17
0000000000128d20,_nss_files_getsgent_r@@GLIBC_PRIVATE
00000000000faa20,__getgroups_chk@@GLIBC_2.17
00000000000e8040,getusershell@@GLIBC_2.17
000000000009818c,_obstack_allocated_p@@GLIBC_2.17
0000000000125380,_nss_files_getntohost_r@@GLIBC_PRIVATE
000000000008c760,pthread_spin_destroy@@GLIBC_2.34
000000000009acc0,rawmemchr@@GLIBC_2.17
000000000008c760,pthread_spin_destroy@GLIBC_2.17
00000000000d8340,posix_spawnattr_setsigmask@@GLIBC_2.17
00000000000368c0,sigaction@@GLIBC_2.17
00000000000fbd40,__wcslcat_chk@@GLIBC_2.38
0000000000124ec0,_nss_files_parse_etherent@@GLIBC_PRIVATE
00000000000ff54c,inet6_rth_segments@@GLIBC_2.17
00000000001234c0,getspnam@@GLIBC_2.17
0000000000073480,fwscanf@@GLIBC_2.17
0000000000086640,__pthread_key_create@@GLIBC_2.34
00000000000e8f60,__mktemp@@GLIBC_PRIVATE
0000000000086640,__pthread_key_create@GLIBC_2.17
00000000000e3660,utime@@GLIBC_2.17
00000000000fad00,__longjmp_chk@@GLIBC_2.17
00000000000d7340,__sched_get_priority_min@@GLIBC_2.17
00000000000d7300,sched_get_priority_max@@GLIBC_2.17
000000000003a620,llabs@@GLIBC_2.17
000000000006fe40,gets@@GLIBC_2.17
0000000000115ba0,__merge_grp@@GLIBC_PRIVATE
00000000000d7b00,posix_spawn_file_actions_addchdir_np@@GLIBC_2.29
00000000000eea40,vmsplice@@GLIBC_2.17
000000000011f4a0,getprotobynumber@@GLIBC_2.17
000000000013f9c0,getutxent@@GLIBC_2.17
00000000000f7d64,argp_help@@GLIBC_2.17
0000000000120700,getpwent@@GLIBC_2.17
00000000000e3fc0,cfgetospeed@@GLIBC_2.17
00000000000feb80,inet6_opt_init@@GLIBC_2.17
000000000007c860,_IO_file_seek@@GLIBC_2.17
000000000003b8cc,setstate@@GLIBC_2.17
00000000000f0bc0,__socket@@GLIBC_PRIVATE
000000000004bb20,getw@@GLIBC_2.17
000000000009cdc0,strdup@@GLIBC_2.17
000000000012e1c0,des_setparity@GLIBC_2.17
000000000010e940,gai_cancel@@GLIBC_2.34
000000000013f4a0,logwtmp@@GLIBC_2.34
000000000013f4a0,logwtmp@GLIBC_2.17
000000000010e940,gai_cancel@GLIBC_2.17
00000000000874e0,pthread_mutex_getprioceiling@@GLIBC_2.34
00000000000a9900,wcstod_l@@GLIBC_2.17
00000000000874e0,pthread_mutex_getprioceiling@GLIBC_2.17
000000000008e780,tss_get@GLIBC_2.28
000000000008e780,tss_get@@GLIBC_2.34
00000000000de620,fcntl@@GLIBC_2.17
00000000000fd1e0,if_nametoindex@@GLIBC_2.17
000000000004ba40,_IO_funlockfile@@GLIBC_2.17
0000000000136e00,xdr_u_long@GLIBC_2.17
000000000003cba0,stdc_count_zeros_uc@@GLIBC_2.39
00000000000c2940,fnmatch@@GLIBC_2.17
00000000000d73c0,sched_setaffinity@@GLIBC_2.17
0000000000142ce0,_pthread_cleanup_pop_restore@GLIBC_2.17
000000000008fbc0,aio_return64@@GLIBC_2.34
00000000000d7140,__sched_cpualloc@@GLIBC_2.17
000000000008fbc0,aio_return64@GLIBC_2.17
000000000003b808,initstate@@GLIBC_2.17
00000000000dc960,wordfree@@GLIBC_2.17
00000000000e1960,get_current_dir_name@@GLIBC_2.17
00000000000f190c,moncontrol@@GLIBC_2.17
000000000003cbe0,stdc_count_zeros_ui@@GLIBC_2.39
00000000000e9a40,munlockall@@GLIBC_2.17
0000000000074660,_IO_sungetwc@@GLIBC_2.17
00000000000799a0,__fsetlocking@@GLIBC_2.17
000000000002f8a8,isalpha@@GLIBC_2.17
00000000000d8240,posix_spawnattr_setsigdefault@@GLIBC_2.17
00000000000bd4e0,closedir@@GLIBC_2.17
00000000000bc8c0,timespec_getres@@GLIBC_2.34
0000000000042820,__strtod_l@@GLIBC_2.17
0000000000136ee8,xdr_hyper@GLIBC_2.17
00000000000fed68,inet6_opt_set_val@@GLIBC_2.17
0000000000038240,realpath@@GLIBC_2.17
000000000003cc20,stdc_count_zeros_ul@@GLIBC_2.39
0000000000120c00,getpwnam_r@@GLIBC_2.17
0000000000098000,_obstack_newchunk@@GLIBC_2.17
0000000000096e4c,__libc_memalign@@GLIBC_2.17
00000000000af4a0,wcswidth@@GLIBC_2.17
000000000009d444,__strpbrk_c2@GLIBC_2.17
000000000002e120,__ctype_get_mb_cur_max@@GLIBC_2.17
0000000000087440,pthread_mutex_consistent@@GLIBC_2.34
000000000009d480,__strpbrk_c3@GLIBC_2.17
0000000000087440,pthread_mutex_consistent@GLIBC_2.17
0000000000097a80,__libc_mallopt@@GLIBC_2.17
00000000000de760,__file_is_unchanged@@GLIBC_PRIVATE
000000000006f920,__getdelim@@GLIBC_2.17
00000000000e9b80,preadv2@@GLIBC_2.26
000000000009cfa0,strerrordesc_np@@GLIBC_2.32
0000000000130bd0,authdes_pk_create@GLIBC_2.17
00000000000efea0,bind@@GLIBC_2.17
00000000000231c4,__gconv_get_modules_db@@GLIBC_PRIVATE
000000000008ba80,pthread_rwlockattr_getpshared@GLIBC_2.17
000000000003cca0,stdc_count_zeros_us@@GLIBC_2.39
000000000008ba80,pthread_rwlockattr_getpshared@@GLIBC_2.34
0000000000102c80,__netlink_assert_response@@GLIBC_PRIVATE
000000000004bfe0,__isoc23_vscanf@@GLIBC_2.38
0000000000141a80,__libc_early_init@@GLIBC_PRIVATE
00000000000e1fe0,open64@@GLIBC_2.17
00000000000a3540,__isoc23_swscanf@@GLIBC_2.38
00000000000ee1c0,open_by_handle_at@@GLIBC_2.17
000000000009e180,strspn@@GLIBC_2.17
0000000000097da4,mcheck_pedantic@@GLIBC_2.17
00000000000a3a80,__isoc99_vswscanf@@GLIBC_2.17
0000000000073520,vwscanf@@GLIBC_2.17
00000000000fa580,__fortify_fail@@GLIBC_PRIVATE
00000000000e80c4,setusershell@@GLIBC_2.17
00000000001445ec,putpmsg@GLIBC_2.17
00000000000899c0,pthread_mutexattr_destroy@GLIBC_2.17
0000000000048060,__strtold_nan@@GLIBC_PRIVATE
00000000000899c0,pthread_mutexattr_destroy@@GLIBC_2.34
0000000000082800,pthread_barrier_wait@GLIBC_2.17
0000000000082800,pthread_barrier_wait@@GLIBC_2.34
0000000000051480,register_printf_function@@GLIBC_2.17
0000000000144ae0,__nss_passwd_lookup@GLIBC_2.17
0000000000073ce8,_IO_wdefault_finish@@GLIBC_2.17
000000000010e9a0,gai_error@@GLIBC_2.34
00000000000d81a0,posix_spawnattr_getschedparam@@GLIBC_2.17
000000000010e9a0,gai_error@GLIBC_2.17
00000000000ac620,wcstof128@@GLIBC_2.27
00000000000732c0,vwprintf@@GLIBC_2.17
00000000000ff4a0,inet6_rth_reverse@@GLIBC_2.17
00000000000a47c0,mbsrtowcs@@GLIBC_2.17
0000000000107650,__res_hnok@GLIBC_2.17
000000000012e260,xdr_cryptkeyarg@GLIBC_2.17
00000000001367ac,xencrypt@GLIBC_2.17
00000000000d7860,setuid@@GLIBC_2.17
00000000000f0c20,socketpair@@GLIBC_2.17
00000000000ee2c0,personality@@GLIBC_2.17
0000000000099a00,bzero@@GLIBC_2.17
00000000000e2580,posix_fadvise64@@GLIBC_2.17
00000000000d5ecc,re_compile_fastmap@@GLIBC_2.17
000000000012244c,getservent_r@@GLIBC_2.17
000000000009dec0,strrchr@@GLIBC_2.17
00000000000e2dc0,statfs64@@GLIBC_2.17
0000000000038940,__cxa_at_quick_exit@@GLIBC_2.17
000000000008b300,pthread_rwlock_trywrlock@GLIBC_2.17
0000000000072f40,putchar@@GLIBC_2.17
000000000008b300,pthread_rwlock_trywrlock@@GLIBC_2.34
0000000000122a60,getservbyport@@GLIBC_2.17
00000000000e35e0,unlink@@GLIBC_2.17
00000000000e9a80,munmap@@GLIBC_2.17
0000000000037fc0,arc4random_buf@@GLIBC_2.36
00000000000a3c60,mbrlen@@GLIBC_2.17
00000000001252a8,_nss_files_gethostton_r@@GLIBC_PRIVATE
00000000000ee580,setfsgid@@GLIBC_2.17
0000000000036cc0,sigblock@@GLIBC_2.17
0000000000077540,ferror@@GLIBC_2.17
00000000000eecc0,delete_module@@GLIBC_2.17
000000000013fa40,pututxline@@GLIBC_2.17
000000000009de80,strpbrk@@GLIBC_2.17
00000000000ee040,mlock2@@GLIBC_2.27
000000000002b5a4,__gconv_get_cache@@GLIBC_PRIVATE
00000000000b1880,clock@@GLIBC_2.17
000000000006e3c0,fflush@@GLIBC_2.17
00000000000e832c,hsearch_r@@GLIBC_2.17
00000000000bc880,timespec_get@@GLIBC_2.17
00000000000ecce0,__twalk_r@@GLIBC_PRIVATE
0000000000128d00,_nss_files_endsgent@@GLIBC_PRIVATE
00000000000e8f00,mkstemp64@@GLIBC_2.17
00000000000a6cc0,wcsrtombs@@GLIBC_2.17
00000000000ec460,__tsearch@@GLIBC_PRIVATE
00000000000b19c0,difftime@@GLIBC_2.17
00000000000ff3d0,inet6_rth_init@@GLIBC_2.17
000000000013eb60,updwtmp@@GLIBC_2.17
000000000008bba0,pthread_setattr_default_np@GLIBC_2.18
000000000008bba0,pthread_setattr_default_np@@GLIBC_2.34
000000000002c580,__duplocale@@GLIBC_2.17
00000000000f9740,__backtrace_symbols@@GLIBC_2.17
00000000000fb3c0,__recvfrom_chk@@GLIBC_2.17
00000000000c2b20,__libc_fork@@GLIBC_PRIVATE
00000000000f3800,iswprint_l@@GLIBC_2.17
00000000000c3300,getgroups@@GLIBC_2.17
00000000000ee380,pkey_set@@GLIBC_2.27
0000000000099540,__argz_next@@GLIBC_2.17
0000000000099e20,__ffs@@GLIBC_2.17
00000000000fbc20,__wcpcpy_chk@@GLIBC_2.17
00000000000a5e40,wcsdup@@GLIBC_2.17
000000000002cf40,freelocale@@GLIBC_2.17
000000000003fb40,__strfmon_l@@GLIBC_2.17
00000000000fcd20,htonl@@GLIBC_2.17
00000000000a67a0,wcsncmp@@GLIBC_2.17
00000000000e8ac0,listxattr@@GLIBC_2.17
0000000000022200,__libc_init_first@@GLIBC_2.17
00000000000ec640,tfind@@GLIBC_2.17
00000000000fae60,__mempcpy_chk@@GLIBC_2.17
00000000000e65c0,ftruncate@@GLIBC_2.17
0000000000036ec0,sigpause@@GLIBC_2.17
00000000000e9020,mmap64@@GLIBC_2.17
00000000000edb40,epoll_pwait@@GLIBC_2.17
00000000001352e0,svc_getreq@GLIBC_2.17
000000000002fc40,iscntrl_l@@GLIBC_2.17
00000000000e3c00,__open64_nocancel@@GLIBC_PRIVATE
00000000000982c0,__libc_reallocarray@@GLIBC_PRIVATE
00000000000e4660,tcflush@@GLIBC_2.17
0000000000138000,xdr_uint8_t@GLIBC_2.17
000000000008fbc0,aio_return@@GLIBC_2.34
000000000008fbc0,aio_return@GLIBC_2.17
00000000000fcd40,htons@@GLIBC_2.17
000000000008fba0,aio_read@GLIBC_2.17
000000000008fba0,aio_read@@GLIBC_2.34
000000000008ba40,pthread_rwlockattr_destroy@@GLIBC_2.34
000000000008ba40,pthread_rwlockattr_destroy@GLIBC_2.17
00000000000e4d20,nice@@GLIBC_2.17
0000000000102e80,__dn_expand@GLIBC_2.17
0000000000107720,__res_ownok@GLIBC_2.17
00000000000e5fa0,fdatasync@@GLIBC_2.17
000000000010d18c,__res_send@GLIBC_2.17
0000000000040220,strtod@@GLIBC_2.17
00000000000fc920,ether_ntoa_r@@GLIBC_2.17
00000000000e62c0,setfsent@@GLIBC_2.17
0000000000102ee0,__dn_skipname@GLIBC_2.17
000000000011f9e0,setprotoent@@GLIBC_2.17
0000000000072500,fputws_unlocked@@GLIBC_2.17
0000000000042980,strtof@@GLIBC_2.17
000000000011c180,gethostbyname2_r@@GLIBC_2.17
000000000003a6e0,lrand48_r@@GLIBC_2.17
0000000000137d60,xdr_uint32_t@GLIBC_2.17
00000000000d75a0,setgroups@@GLIBC_2.17
00000000000d8160,posix_spawnattr_getflags@@GLIBC_2.17
00000000000baa40,__strftime_l@@GLIBC_2.17
0000000000038dc0,__cxa_thread_atexit_impl@@GLIBC_2.18
00000000000481a4,strtoumax@@GLIBC_2.17
000000000009a6c0,memmem@@GLIBC_2.17
00000000000fafc0,__ppoll_chk@@GLIBC_2.17
0000000000080d20,__pthread_cleanup_routine@@GLIBC_2.34
00000000000a3660,__isoc23_vfwscanf@@GLIBC_2.38
00000000000d9500,waitid@@GLIBC_2.17
000000000011cac0,gethostent@@GLIBC_2.17
0000000000142cc0,_pthread_cleanup_push_defer@GLIBC_2.17
0000000000080d20,__pthread_cleanup_routine@GLIBC_2.17
00000000000d82c0,posix_spawnattr_setpgroup@@GLIBC_2.17
0000000000077260,clearerr@@GLIBC_2.17
0000000000113800,__nss_lookup@@GLIBC_PRIVATE
000000000007c880,_IO_file_stat@@GLIBC_2.17
00000000000e5c08,error@@GLIBC_2.17
00000000001303a4,svcunix_create@GLIBC_2.17
00000000000abfe0,__wcstoll_internal@@GLIBC_2.17
00000000000faec0,__cyg_profile_func_exit@@GLIBC_2.17
0000000000040020,strfromf128@@GLIBC_2.27
000000000009eaa0,strtok@@GLIBC_2.17
00000000000e8f60,mktemp@@GLIBC_2.17
0000000000121a40,getrpcbynumber@@GLIBC_2.17
0000000000113ca0,setaliasent@@GLIBC_2.17
00000000000719a0,fputwc@@GLIBC_2.17
00000000000e2420,poll@@GLIBC_2.17
0000000000045084,strtol@@GLIBC_2.17
000000000009cfe0,strfry@@GLIBC_2.17
00000000000f1c20,_mcount@@GLIBC_2.18
000000000006eb40,fopen@@GLIBC_2.17
00000000000f9e40,__explicit_bzero_chk@@GLIBC_2.25
000000000008bac0,pthread_rwlockattr_setkind_np@@GLIBC_2.34
00000000000ecf00,__libc_unwind_link_get@@GLIBC_PRIVATE
000000000008bac0,pthread_rwlockattr_setkind_np@GLIBC_2.17
0000000000137bf0,xdr_uint64_t@GLIBC_2.17
000000000009dd40,strndup@@GLIBC_2.17
00000000000e6620,futimes@@GLIBC_2.17
00000000000eb100,sethostname@@GLIBC_2.17
000000000004bea0,__isoc23_sscanf@@GLIBC_2.38
00000000000dea40,flock@@GLIBC_2.17
0000000000045084,strtoq@@GLIBC_2.17
0000000000048c8c,system@@GLIBC_2.17
00000000000f0bc0,socket@@GLIBC_2.17
00000000001061e4,__inet_pton_length@@GLIBC_PRIVATE
00000000000a6fa0,wcsspn@@GLIBC_2.17
00000000000e3180,symlinkat@@GLIBC_2.17
0000000000116490,initgroups@@GLIBC_2.17
000000000006eb40,_IO_fopen@@GLIBC_2.17
0000000000039f00,addseverity@@GLIBC_2.17
00000000000f3e00,towctrans_l@@GLIBC_2.17
0000000000078ae0,vdprintf@@GLIBC_2.17
00000000000ece60,ualarm@@GLIBC_2.17
00000000001223a0,endservent@@GLIBC_2.17
00000000000f2ea0,iswupper@@GLIBC_2.17
00000000000b4d40,timegm@@GLIBC_2.17
0000000000048030,strtof128_l@@GLIBC_2.27
00000000000486c0,__strtoull_l@@GLIBC_2.17
00000000000d7680,setpgid@@GLIBC_2.17
00000000000be020,telldir@@GLIBC_2.17
000000000013378c,key_secretkey_is_set@GLIBC_2.17
00000000000abfe0,__wcstol_internal@@GLIBC_2.17
00000000000eab20,sbrk@@GLIBC_2.17
000000000009d6c0,__stpcpy_small@GLIBC_2.17
00000000000e5ee0,fchflags@@GLIBC_2.17
00000000000e2300,__openat64_2@@GLIBC_2.17
00000000000ddec0,creat64@@GLIBC_2.17
00000000000722e0,fputws@@GLIBC_2.17
00000000000b22e0,time@@GLIBC_2.17
00000000000ff3a0,inet6_rth_space@@GLIBC_2.17
00000000000989c0,__libc_alloc_buffer_copy_bytes@@GLIBC_PRIVATE
000000000008c040,pthread_setconcurrency@@GLIBC_2.34
000000000008c040,pthread_setconcurrency@GLIBC_2.17
00000000000e2340,__openat_2@@GLIBC_2.17
0000000000034fc0,__open_catalog@@GLIBC_PRIVATE
000000000003c8e0,stdc_bit_floor_uc@@GLIBC_2.39
00000000000f3a80,__iswxdigit_l@@GLIBC_2.17
0000000000120f60,getpwuid@@GLIBC_2.17
000000000003a9e0,mbtowc@@GLIBC_2.17
00000000000ede60,__fxstat64@@GLIBC_2.17
0000000000088140,pthread_mutex_setprioceiling@@GLIBC_2.34
0000000000088140,pthread_mutex_setprioceiling@GLIBC_2.17
0000000000144860,step@GLIBC_2.17
000000000008e0c0,call_once@GLIBC_2.28
0000000000036100,__signbit@@GLIBC_2.17
000000000008e0c0,call_once@@GLIBC_2.34
00000000000e96ec,endmntent@@GLIBC_2.17
00000000000aedc0,__wcstold_l@@GLIBC_2.17
00000000000bc80c,wcsftime_l@@GLIBC_2.17
0000000000137d00,xdr_int32_t@GLIBC_2.17
00000000000a9900,wcstof32x_l@@GLIBC_2.27
000000000003c920,stdc_bit_floor_ui@@GLIBC_2.39
00000000000f9a80,__backtrace_symbols_fd@@GLIBC_2.17
000000000002fd20,__isupper_l@@GLIBC_2.17
0000000000072ae0,putwc@@GLIBC_2.17
00000000000f0c80,__libc_sa_len@@GLIBC_2.17
00000000000deb20,fstatfs@@GLIBC_2.17
0000000000080b80,_pthread_cleanup_push@GLIBC_2.17
000000000003c960,stdc_bit_floor_ul@@GLIBC_2.39
0000000000080b80,_pthread_cleanup_push@@GLIBC_2.34
00000000000b1a40,localtime_r@@GLIBC_2.17
00000000000bd3a0,ntp_gettime@@GLIBC_2.17
0000000000035d60,ldexp@@GLIBC_2.17
00000000000810e0,__lll_lock_wait_private@@GLIBC_PRIVATE
00000000000906c0,mq_close@GLIBC_2.17
00000000000c2b20,fork@@GLIBC_2.17
00000000000906c0,mq_close@@GLIBC_2.34
00000000000ee2e0,pkey_get@@GLIBC_2.27
00000000000f0380,recvfrom@@GLIBC_2.17
00000000000ee440,process_vm_readv@@GLIBC_2.17
00000000000f3ce0,iswctype_l@@GLIBC_2.17
00000000000374e0,sigreturn@@GLIBC_2.17
00000000000fc000,__wmempcpy_chk@@GLIBC_2.17
0000000000137ae0,xdr_int64_t@GLIBC_2.17
0000000000129600,_nss_files_getrpcent_r@@GLIBC_PRIVATE
0000000000030360,dgettext@@GLIBC_2.17
00000000000e8e60,mkdtemp@@GLIBC_2.17
00000000000e3fe0,cfgetispeed@@GLIBC_2.17
00000000000a0d40,__xpg_strerror_r@@GLIBC_2.17
000000000007e1a0,_IO_enable_locks@@GLIBC_PRIVATE
0000000000133c24,key_setnet@GLIBC_2.17
0000000000079280,ftello64@@GLIBC_2.17
0000000000048030,strtof64x_l@@GLIBC_2.27
000000000003c9e0,stdc_bit_floor_us@@GLIBC_2.39
00000000000e6340,getfsent@@GLIBC_2.17
000000000012c7a0,xdr_float@GLIBC_2.17
0000000000137cec,xdr_u_quad_t@GLIBC_2.17
00000000000e50c0,dirname@@GLIBC_2.17
000000000012e360,xdr_unixcred@GLIBC_2.17
000000000011bf60,gethostbyname2@@GLIBC_2.17
00000000000e8de0,gnu_dev_makedev@@GLIBC_2.17
00000000000bdf40,scandirat@@GLIBC_2.17
0000000000073740,swscanf@@GLIBC_2.17
00000000000811e0,__lll_lock_wake_private@@GLIBC_PRIVATE
00000000000e67e0,__getauxval@@GLIBC_2.17
000000000008e220,cnd_timedwait@GLIBC_2.28
00000000000520a0,tmpfile64@@GLIBC_2.17
000000000008e220,cnd_timedwait@@GLIBC_2.34
000000000002f928,islower@@GLIBC_2.17
0000000000116940,fgetsgent@@GLIBC_2.17
0000000000098940,__libc_alloc_buffer_allocate@@GLIBC_PRIVATE
000000000009d800,strlcat@@GLIBC_2.38
00000000000ec060,truncate@@GLIBC_2.17
00000000000af450,wcstoull_l@@GLIBC_2.17
0000000000121ea0,getrpcent@@GLIBC_2.17
000000000012e220,xdr_keybuf@GLIBC_2.17
0000000000115440,getgrnam@@GLIBC_2.17
00000000000a4f80,wcschrnul@@GLIBC_2.17
000000000009ed60,__strxfrm_l@@GLIBC_2.17
00000000000a74c0,wcstod@@GLIBC_2.17
000000000007a520,feof_unlocked@@GLIBC_2.17
00000000000e11c0,ftw64@@GLIBC_2.17
00000000000a9a60,wcstof@@GLIBC_2.17
00000000000bc80c,__wcsftime_l@@GLIBC_2.17
0000000000083300,pthread_cond_init@@GLIBC_2.17
0000000000122700,getservbyname_r@@GLIBC_2.17
000000000011dd00,__internal_endnetgrent@@GLIBC_PRIVATE
00000000000fd2e0,if_freenameindex@@GLIBC_2.17
000000000010aa80,res_query@@GLIBC_2.34
00000000000f2740,iswalnum@@GLIBC_2.17
000000000003c060,seed48_r@@GLIBC_2.17
00000000000c4200,getppid@@GLIBC_2.17
00000000000ebfc0,setlogmask@@GLIBC_2.17
00000000000faa00,__getdomainname_chk@@GLIBC_2.17
0000000000037b60,sigset@@GLIBC_2.17
00000000000abf20,wcstok@@GLIBC_2.17
0000000000071be0,fgetwc@@GLIBC_2.17
00000000000ac004,wcstol@@GLIBC_2.17
0000000000090260,aio_write64@@GLIBC_2.34
0000000000090260,aio_write64@GLIBC_2.17
000000000007dbcc,_IO_setb@@GLIBC_2.17
00000000000d7ee0,posix_spawn_file_actions_addtcsetpgrp_np@@GLIBC_2.35
00000000000f7d88,argp_state_help@@GLIBC_2.17
0000000000116c20,setsgent@@GLIBC_2.17
0000000000105540,hstrerror@@GLIBC_2.17
000000000010ffa0,__nss_services_lookup2@@GLIBC_PRIVATE
000000000009cfc0,strerrorname_np@@GLIBC_2.32
00000000000ac004,wcstoq@@GLIBC_2.17
0000000000121f80,setrpcent@@GLIBC_2.17
0000000000045060,__strtol_internal@@GLIBC_2.17
000000000003bfe0,__libc_secure_getenv@@GLIBC_PRIVATE
0000000000086420,pthread_join@GLIBC_2.17
0000000000086420,pthread_join@@GLIBC_2.34
0000000000074100,_IO_switch_to_wget_mode@@GLIBC_2.17
00000000000f2de0,iswspace@@GLIBC_2.17
0000000000075420,_IO_wfile_underflow@@GLIBC_2.17
0000000000107808,__res_mailok@GLIBC_2.17
000000000009e040,strsignal@@GLIBC_2.17
00000000000e4900,getrusage@@GLIBC_2.17
00000000000ee900,timerfd_gettime@@GLIBC_2.17
0000000000036ae0,sigpending@@GLIBC_2.17
00000000000a4b60,wcpncpy@@GLIBC_2.17
00000000000ed520,adjtimex@@GLIBC_2.17
00000000001281c0,_nss_files_setpwent@@GLIBC_PRIVATE
000000000008b3a0,__pthread_rwlock_unlock@GLIBC_2.17
00000000000b8c80,wcsftime@@GLIBC_2.17
000000000011b6c0,gethostbyaddr@@GLIBC_2.17
000000000002fde0,__ctype_b_loc@@GLIBC_2.17
00000000000af450,__wcstoull_l@@GLIBC_2.17
00000000000d6920,re_search@@GLIBC_2.17
000000000007ba08,_IO_do_write@@GLIBC_2.17
00000000000e95ec,__setmntent@@GLIBC_2.17
000000000011e0c4,getnetgrent_r@@GLIBC_2.17
0000000000084580,pthread_condattr_setpshared@GLIBC_2.17
000000000008b5c0,__pthread_rwlock_wrlock@GLIBC_2.17
0000000000071fe0,fgetws@@GLIBC_2.17
0000000000084580,pthread_condattr_setpshared@@GLIBC_2.34
00000000000b0e40,wctob@@GLIBC_2.17
00000000000e2ce0,rmdir@@GLIBC_2.17
00000000000f9d40,__chk_fail@@GLIBC_2.17
0000000000071f80,getwchar_unlocked@@GLIBC_2.17
0000000000106bc0,__ns_name_skip@@GLIBC_PRIVATE
000000000008e020,thrd_current@@GLIBC_2.28
0000000000079960,__fpending@@GLIBC_2.17
00000000000aef00,__wcstoull_internal@@GLIBC_2.17
0000000000080c70,__pthread_unregister_cancel_restore@@GLIBC_2.34
000000000003a8e0,mblen@@GLIBC_2.17
00000000000fb600,__stpncpy_chk@@GLIBC_2.17
0000000000080c70,__pthread_unregister_cancel_restore@GLIBC_2.17
00000000000e2b60,read@@GLIBC_2.17
00000000000e55a8,ecvt_r@@GLIBC_2.17
00000000000fb940,__vasprintf_chk@@GLIBC_2.17
00000000000f0dc0,__libc_msgsnd@@GLIBC_PRIVATE
0000000000113bc0,getaliasent@@GLIBC_2.17
00000000000f0480,recvmmsg@@GLIBC_2.17
0000000000050828,printf_size_info@@GLIBC_2.17
0000000000071be0,getwc@@GLIBC_2.17
0000000000127900,_nss_files_getnetbyaddr_r@@GLIBC_PRIVATE
000000000003a560,imaxabs@@GLIBC_2.17
00000000000d71c0,__sched_cpufree@@GLIBC_2.17
000000000013f9e0,endutxent@@GLIBC_2.17
00000000000e1a40,getwd@@GLIBC_2.17
00000000000c2f00,fpathconf@@GLIBC_2.17
0000000000137ac0,xdr_wrapstring@GLIBC_2.17
000000000003c840,stdc_bit_ceil_ull@@GLIBC_2.39
0000000000096f40,pvalloc@@GLIBC_2.17
000000000003bba8,initstate_r@@GLIBC_2.17
00000000000ed240,usleep@@GLIBC_2.17
00000000000d93e0,wait3@@GLIBC_2.17
00000000000e3260,ttyname_r@@GLIBC_2.17
00000000000d9420,wait4@@GLIBC_2.17
0000000000137e80,xdr_uint16_t@GLIBC_2.17
0000000000100e60,rresvport@@GLIBC_2.17
0000000000036640,_longjmp@@GLIBC_2.17
000000000002fc20,isalpha_l@@GLIBC_2.17
0000000000120280,_nss_files_parse_pwent@@GLIBC_PRIVATE
0000000000044f40,__strtof_nan@@GLIBC_PRIVATE
00000000000f34e0,iswblank_l@@GLIBC_2.17
000000000010b544,res_querydomain@@GLIBC_2.34
00000000000ee5c0,setfsuid@@GLIBC_2.17
00000000000edd40,epoll_wait@@GLIBC_2.17
000000000009aee0,stpncpy@@GLIBC_2.17
0000000000137be0,xdr_quad_t@GLIBC_2.17
000000000003c4c8,unsetenv@@GLIBC_2.17
00000000000fb860,__swprintf_chk@@GLIBC_2.17
0000000000138380,xdrmem_create@GLIBC_2.17
000000000008e0e0,cnd_broadcast@GLIBC_2.28
000000000008e0e0,cnd_broadcast@@GLIBC_2.34
000000000011b8a0,gethostbyaddr_r@@GLIBC_2.17
00000000000fae20,__memcpy_chk@@GLIBC_2.17
000000000003a660,lrand48@@GLIBC_2.17
0000000000045620,__strtoll_l@@GLIBC_2.17
0000000000134960,xprt_unregister@GLIBC_2.17
0000000000114dac,getgrent_r@@GLIBC_2.17
000000000009e780,strstr@@GLIBC_2.17
00000000000a6880,wcsncpy@@GLIBC_2.17
00000000000f3140,wctype@@GLIBC_2.17
00000000000e3e20,__read_nocancel@@GLIBC_PRIVATE
0000000000134bac,svc_sendreply@GLIBC_2.17
000000000008ba60,pthread_rwlockattr_getkind_np@@GLIBC_2.34
0000000000096ef0,valloc@@GLIBC_2.17
00000000000f39e0,__iswupper_l@@GLIBC_2.17
000000000008ba60,pthread_rwlockattr_getkind_np@GLIBC_2.17
00000000000a5fc0,wcslen@@GLIBC_2.17
00000000000e7500,get_nprocs@@GLIBC_2.17
00000000000abe08,wcstof_l@@GLIBC_2.17
000000000007c1c0,_IO_file_seekoff@@GLIBC_2.17
00000000000af46c,__isoc23_wcstoul_l@@GLIBC_2.38
00000000000a3240,c16rtomb@@GLIBC_2.17
000000000009ba80,strchrnul@@GLIBC_2.17
0000000000113d60,endaliasent@@GLIBC_2.17
00000000000e2800,posix_fallocate64@@GLIBC_2.17
00000000000b1a20,gmtime@@GLIBC_2.17
00000000000e4560,tcdrain@@GLIBC_2.17
00000000000e1f20,mknod@@GLIBC_2.33
0000000000116b40,getsgent@@GLIBC_2.17
0000000000037400,sigdelset@@GLIBC_2.17
0000000000042820,strtod_l@@GLIBC_2.17
000000000007f9a0,_IO_str_seekoff@@GLIBC_2.17
0000000000135a4c,svctcp_create@GLIBC_2.17
00000000000a4200,mbrtowc@@GLIBC_2.17
0000000000136ba0,xdr_free@GLIBC_2.17
000000000012b940,_seterr_reply@GLIBC_2.17
000000000008c660,pthread_sigqueue@GLIBC_2.17
0000000000036280,__isinff@@GLIBC_2.17
000000000008c660,pthread_sigqueue@@GLIBC_2.34
00000000000e4720,tcgetsid@@GLIBC_2.17
00000000000e024c,fts64_set@@GLIBC_2.23
0000000000079800,__freading@@GLIBC_2.17
000000000013f440,logout@@GLIBC_2.34
00000000000fbb20,__vsprintf_chk@@GLIBC_2.17
000000000013f440,logout@GLIBC_2.17
00000000000eee80,init_module@@GLIBC_2.17
00000000000eefc0,mount@@GLIBC_2.17
000000000003ba40,srandom_r@@GLIBC_2.17
00000000000302e0,bind_textdomain_codeset@@GLIBC_2.17
000000000011f38c,getnetent_r@@GLIBC_2.17
00000000000de140,faccessat@@GLIBC_2.17
000000000007a500,clearerr_unlocked@@GLIBC_2.17
00000000000a3880,__isoc99_fwscanf@@GLIBC_2.17
0000000000044f20,__strtof_l@@GLIBC_2.17
00000000000e8160,hsearch@@GLIBC_2.17
00000000000359e0,__isinfl@@GLIBC_2.17
000000000006f920,getdelim@@GLIBC_2.17
000000000003a560,labs@@GLIBC_2.17
00000000000eeec0,inotify_add_watch@@GLIBC_2.17
00000000000820e0,pthread_attr_getsigmask_np@@GLIBC_2.32
000000000010e70c,__resolv_context_put@@GLIBC_PRIVATE
00000000000fc040,__wmemset_chk@@GLIBC_2.17
0000000000085b00,pthread_getaffinity_np@GLIBC_2.17
0000000000085b00,pthread_getaffinity_np@@GLIBC_2.32
000000000009ad00,sigabbrev_np@@GLIBC_2.32
0000000000021db8,verr@@GLIBC_2.17
000000000003cf00,stdc_first_trailing_zero_uc@@GLIBC_2.39
0000000000137dc0,xdr_int16_t@GLIBC_2.17
00000000000a36a0,__isoc23_vswscanf@@GLIBC_2.38
00000000001345a4,__rpc_thread_svc_fdset@GLIBC_2.17
0000000000100e80,ruserok_af@@GLIBC_2.17
0000000000036580,__sigsetjmp@@GLIBC_2.17
000000000012b6a0,xdr_rejected_reply@GLIBC_2.17
000000000013db60,getutid_r@@GLIBC_2.17
000000000009ddc0,strnlen@@GLIBC_2.17
00000000000febc0,inet6_opt_append@@GLIBC_2.17
0000000000035f00,__isnan@@GLIBC_2.17
0000000000127704,_nss_files_endnetent@@GLIBC_PRIVATE
000000000002fd80,toupper_l@@GLIBC_2.17
000000000011fe00,getprotobyname_r@@GLIBC_2.17
00000000000ea604,qecvt_r@@GLIBC_2.17
0000000000109b60,__res_context_mkquery@@GLIBC_PRIVATE
00000000000c4240,getresgid@@GLIBC_2.17
00000000001125c0,__nss_files_data_endent@@GLIBC_PRIVATE
000000000003cf40,stdc_first_trailing_zero_ui@@GLIBC_2.39
00000000000a0d00,swab@@GLIBC_2.17
00000000000f0640,send@@GLIBC_2.17
00000000000e8100,getxattr@@GLIBC_2.17
00000000000d93c0,wait@@GLIBC_2.17
00000000000874a0,pthread_mutex_destroy@@GLIBC_2.17
0000000000136ce0,xdr_u_int@GLIBC_2.17
000000000003ce60,stdc_first_trailing_one_uc@@GLIBC_2.39
00000000000ddd40,close_range@@GLIBC_2.34
00000000000f2320,sprofil@@GLIBC_2.17
000000000003cf80,stdc_first_trailing_zero_ul@@GLIBC_2.39
00000000000a5020,wcscoll@@GLIBC_2.17
00000000000fad80,__mbsrtowcs_chk@@GLIBC_2.17
000000000012a820,pmap_set@GLIBC_2.17
0000000000088d40,pthread_mutex_trylock@@GLIBC_2.34
0000000000088d40,pthread_mutex_trylock@GLIBC_2.17
00000000000f3b20,towlower_l@@GLIBC_2.17
00000000000ee960,timerfd_settime@@GLIBC_2.17
000000000013faa0,getutmpx@@GLIBC_2.17
00000000000798a0,__fwritable@@GLIBC_2.17
00000000000fb840,__strncpy_chk@@GLIBC_2.17
000000000011bd40,gethostbyname@@GLIBC_2.17
00000000000e1e60,mkdir@@GLIBC_2.17
0000000000036d60,sigsetmask@@GLIBC_2.17
000000000003ce80,stdc_first_trailing_one_ui@@GLIBC_2.39
00000000000ee4a0,process_vm_writev@@GLIBC_2.17
000000000011fb4c,getprotoent_r@@GLIBC_2.17
000000000003a720,makecontext@@GLIBC_2.17
00000000000e8120,gtty@@GLIBC_2.17
0000000000082000,pthread_attr_getguardsize@GLIBC_2.17
0000000000082000,pthread_attr_getguardsize@@GLIBC_2.34
00000000000e1c00,link@@GLIBC_2.17
00000000000be2c0,__bsd_getpgrp@@GLIBC_2.17
00000000000ddae0,posix_spawnattr_getcgroup_np@@GLIBC_2.39
000000000003cea0,stdc_first_trailing_one_ul@@GLIBC_2.39
000000000003d000,stdc_first_trailing_zero_us@@GLIBC_2.39
0000000000082240,pthread_attr_init@@GLIBC_2.17
00000000000fb9c0,__vfprintf_chk@@GLIBC_2.17
00000000001240e0,sgetspent@@GLIBC_2.17
00000000000b25c0,adjtime@@GLIBC_2.17
0000000000098a20,__libc_alloc_buffer_copy_string@@GLIBC_PRIVATE
00000000000d76c0,setresgid@@GLIBC_2.17
0000000000106a00,__ns_name_pton@@GLIBC_PRIVATE
00000000000e82e8,hdestroy_r@@GLIBC_2.17
00000000001371e4,xdr_u_short@GLIBC_2.17
0000000000063f20,vfwscanf@@GLIBC_2.17
0000000000098840,__libc_dynarray_resize_clear@@GLIBC_PRIVATE
00000000000e2420,__poll@@GLIBC_2.17
0000000000099140,argz_create@@GLIBC_2.17
0000000000123930,lckpwdf@@GLIBC_2.17
00000000000f28c0,iswblank@@GLIBC_2.17
0000000000124dc0,_nss_files_getaliasbyname_r@@GLIBC_PRIVATE
0000000000102e80,__libc_dn_expand@@GLIBC_PRIVATE
00000000000733c0,wscanf@@GLIBC_2.17
000000000002fd00,__isspace_l@@GLIBC_2.17
000000000003cee0,stdc_first_trailing_one_us@@GLIBC_2.39
00000000000983a0,__libc_scratch_buffer_grow_preserve@@GLIBC_PRIVATE
00000000000523a0,_IO_vfprintf@@GLIBC_2.17
0000000000035ec0,__isinf@@GLIBC_2.17
0000000000133ec4,host2netname@GLIBC_2.17
000000000012b840,xdr_replymsg@GLIBC_2.17
00000000000a3b60,__isoc99_vwscanf@@GLIBC_2.17
00000000000773e0,feof@@GLIBC_2.17
00000000000ac02c,__isoc23_wcstoll@@GLIBC_2.38
000000000004b920,fscanf@@GLIBC_2.17
00000000001233ac,getspent_r@@GLIBC_2.17
000000000007d2f0,_IO_link_in@@GLIBC_2.17
00000000000e4ee0,chflags@@GLIBC_2.17
000000000012d500,xdrrec_endofrecord@GLIBC_2.17
000000000012af44,pmap_rmtcall@GLIBC_2.17
00000000000a4460,mbsinit@@GLIBC_2.17
000000000002c550,__gconv_destroy_spec@@GLIBC_PRIVATE
0000000000038040,arc4random_uniform@@GLIBC_2.36
0000000000144580,getpmsg@GLIBC_2.17
00000000000be0e0,getdirentries@@GLIBC_2.17
00000000000e4840,getrlimit64@@GLIBC_2.17
0000000000089b60,pthread_mutexattr_init@@GLIBC_2.34
00000000000450ac,__isoc23_strtol@@GLIBC_2.38
0000000000089b60,pthread_mutexattr_init@GLIBC_2.17
00000000000ea260,qecvt@@GLIBC_2.17
00000000000f8508,argp_parse@@GLIBC_2.17
00000000000a7000,wcsstr@@GLIBC_2.17
00000000000d6664,re_comp@@GLIBC_2.17
00000000000eab20,__sbrk@@GLIBC_2.17
00000000000fb3a0,__recv_chk@@GLIBC_2.17
0000000000102ee0,dn_skipname@@GLIBC_2.34
00000000000e1de0,llseek@GLIBC_2.17
00000000000486e0,__isoc23_strtoul_l@@GLIBC_2.38
0000000000083de0,pthread_cond_timedwait@@GLIBC_2.17
00000000000de5c0,fchown@@GLIBC_2.17
00000000000e7540,get_nprocs_conf@@GLIBC_2.17
000000000013ecc0,posix_openpt@@GLIBC_2.17
0000000000123c00,putspent@@GLIBC_2.17
00000000000fbac0,__vsnprintf_chk@@GLIBC_2.17
00000000000748e0,_IO_unsave_wmarkers@@GLIBC_2.17
00000000001383c0,xdr_reference@GLIBC_2.17
00000000000e9e40,ptrace@@GLIBC_2.17
00000000000fd600,if_indextoname@@GLIBC_2.17
00000000000ef100,pidfd_open@@GLIBC_2.36
00000000000ef2c0,sysinfo@@GLIBC_2.17
0000000000144a00,sysctl@GLIBC_2.17
0000000000084cd0,pthread_create@GLIBC_2.17
0000000000083360,pthread_cond_signal@@GLIBC_2.17
0000000000089ae0,pthread_mutexattr_getrobust_np@GLIBC_2.17
0000000000030380,gettext@@GLIBC_2.17
0000000000134820,xprt_register@GLIBC_2.17
0000000000084cd0,pthread_create@@GLIBC_2.34
0000000000073628,vswprintf@@GLIBC_2.17
00000000000d7d80,posix_spawn_file_actions_addfchdir_np@@GLIBC_2.29
00000000000c4180,__getpgid@@GLIBC_2.17
0000000000077fa0,getchar@@GLIBC_2.17
00000000000ddf20,dup2@@GLIBC_2.17
000000000013f220,login_tty@@GLIBC_2.34
00000000000fa220,__fgetws_chk@@GLIBC_2.17
000000000013f220,login_tty@GLIBC_2.17
00000000000ddfc0,dup3@@GLIBC_2.17
0000000000105260,_nss_dns_getnetbyaddr_r@@GLIBC_PRIVATE
000000000007de84,_IO_sgetn@@GLIBC_2.17
00000000000c41c0,getpid@@GLIBC_2.17
00000000000e9a00,munlock@@GLIBC_2.17
00000000000a74a0,__wcstod_internal@@GLIBC_2.17
00000000000a4e80,__wcscasecmp_l@@GLIBC_2.17
00000000000fba40,__obstack_vprintf_chk@@GLIBC_2.17
00000000000f0280,recv@@GLIBC_2.17
00000000000844e0,pthread_condattr_getpshared@GLIBC_2.17
00000000000844e0,pthread_condattr_getpshared@@GLIBC_2.34
000000000002fc00,__isalnum_l@@GLIBC_2.17
000000000012ac00,xdr_pmaplist@GLIBC_2.17
000000000006e580,fgetpos64@@GLIBC_2.17
00000000000eef00,inotify_init1@@GLIBC_2.17
00000000001215e0,getrpcbyname@@GLIBC_2.17
0000000000090280,lio_listio@GLIBC_2.17
0000000000090280,lio_listio@@GLIBC_2.34
00000000000f2d20,iswpunct@@GLIBC_2.17
00000000000c2b20,__fork@@GLIBC_2.17
0000000000124ce0,_nss_files_getaliasent_r@@GLIBC_PRIVATE
00000000000e2dc0,__statfs@@GLIBC_2.17
0000000000051760,scanf@@GLIBC_2.17
00000000000823a0,pthread_attr_setguardsize@@GLIBC_2.34
00000000000823a0,pthread_attr_setguardsize@GLIBC_2.17
00000000000ff1a0,inet6_option_alloc@@GLIBC_2.17
00000000000ddb00,posix_spawnattr_setcgroup_np@@GLIBC_2.39
00000000000ee6c0,signalfd@@GLIBC_2.17
00000000000a9900,__wcstod_l@@GLIBC_2.17
00000000000abe08,wcstof32_l@@GLIBC_2.27
00000000000ec460,tsearch@@GLIBC_2.17
0000000000080980,__libc_alloca_cutoff@@GLIBC_PRIVATE
00000000001346e0,__rpc_thread_svc_pollfd@GLIBC_2.17
0000000000086380,__pthread_getspecific@GLIBC_2.17
000000000007a640,fflush_unlocked@@GLIBC_2.17
00000000000224a0,gnu_get_libc_release@@GLIBC_2.17
00000000000ddc00,chown@@GLIBC_2.17
0000000000135c60,svcfd_create@GLIBC_2.17
0000000000089b20,pthread_mutexattr_gettype@@GLIBC_2.34
0000000000036120,scalbnf@@GLIBC_2.17
0000000000089b20,pthread_mutexattr_gettype@GLIBC_2.17
00000000000f3a80,iswxdigit_l@@GLIBC_2.17
00000000000ac004,wcstoimax@@GLIBC_2.17
00000000000a9900,wcstof64_l@@GLIBC_2.27
00000000000e11e0,nftw64@@GLIBC_2.17
000000000008c840,pthread_spin_unlock@GLIBC_2.17
0000000000036280,isinff@@GLIBC_2.17
000000000008c840,pthread_spin_unlock@@GLIBC_2.34
0000000000022a00,__gconv_open@@GLIBC_PRIVATE
0000000000045060,__strtoll_internal@@GLIBC_2.17
00000000000d7480,__sched_setscheduler@@GLIBC_2.17
00000000000d7160,__sched_cpucount@@GLIBC_2.17
000000000003a4e0,l64a@@GLIBC_2.17
0000000000038924,canonicalize_file_name@@GLIBC_2.17
0000000000109e00,__res_nmkquery@GLIBC_2.17
00000000000375e0,sigisemptyset@@GLIBC_2.17
000000000003d1c0,stdc_leading_zeros_uc@@GLIBC_2.39
00000000000e81c0,hcreate@@GLIBC_2.17
0000000000035780,scalbnl@@GLIBC_2.17
0000000000086380,pthread_getspecific@@GLIBC_2.34
000000000010a9c0,res_nquery@@GLIBC_2.34
00000000000eec80,capset@@GLIBC_2.17
0000000000086380,pthread_getspecific@GLIBC_2.17
0000000000126c60,_nss_files_setnetgrent@@GLIBC_PRIVATE
0000000000085b60,pthread_getattr_default_np@@GLIBC_2.34
0000000000085b60,pthread_getattr_default_np@GLIBC_2.18
00000000000e2c40,readlink@@GLIBC_2.17
000000000007c840,_IO_file_read@@GLIBC_2.17
00000000000359e0,isinfl@@GLIBC_2.17
00000000000e8f00,mkstemp@@GLIBC_2.17
00000000000844a0,pthread_condattr_getclock@@GLIBC_2.34
00000000000e35c0,umask@@GLIBC_2.17
000000000007fbc0,_IO_str_pbackfail@@GLIBC_2.17
00000000000d7340,sched_get_priority_min@@GLIBC_2.17
00000000000844a0,pthread_condattr_getclock@GLIBC_2.17
000000000003a980,mbstowcs@@GLIBC_2.17
000000000003d1e0,stdc_leading_zeros_ui@@GLIBC_2.39
000000000003b700,rand@@GLIBC_2.17
00000000000e6100,fremovexattr@@GLIBC_2.17
000000000003d200,stdc_leading_zeros_ul@@GLIBC_2.39
0000000000121780,getrpcbyname_r@@GLIBC_2.17
00000000000ebde8,__vsyslog_chk@@GLIBC_2.17
000000000002c580,duplocale@@GLIBC_2.17
00000000000a74c0,wcstof32x@@GLIBC_2.27
00000000000e028c,fts_children@@GLIBC_2.17
0000000000078ce8,__vsnprintf@@GLIBC_2.17
000000000002fd40,isxdigit_l@@GLIBC_2.17
00000000000beb00,execve@@GLIBC_2.17
000000000002fa00,isupper@@GLIBC_2.17
0000000000099540,argz_next@@GLIBC_2.17
0000000000087e40,pthread_mutex_lock@@GLIBC_2.17
00000000000ff6e0,inet_lnaof@@GLIBC_2.17
000000000003fb40,strfmon_l@@GLIBC_2.17
00000000000d9380,__vfork@@GLIBC_2.17
000000000004b880,_IO_fprintf@@GLIBC_2.17
000000000003d240,stdc_leading_zeros_us@@GLIBC_2.39
0000000000096768,realloc@@GLIBC_2.17
0000000000089aa0,pthread_mutexattr_getpshared@GLIBC_2.17
0000000000089aa0,pthread_mutexattr_getpshared@@GLIBC_2.34
0000000000082e80,pthread_cond_broadcast@@GLIBC_2.17
00000000000ac02c,__isoc23_wcstol@@GLIBC_2.38
000000000004bb00,getline@@GLIBC_2.17
00000000000e1b20,isatty@@GLIBC_2.17
00000000000fc760,ether_line@@GLIBC_2.17
00000000000fbf80,__wctomb_chk@@GLIBC_2.17
00000000000450ac,__isoc23_strtoll@@GLIBC_2.38
0000000000113f20,getaliasbyname@@GLIBC_2.17
000000000008bb60,pthread_setaffinity_np@@GLIBC_2.34
0000000000035de0,copysign@@GLIBC_2.17
000000000009afe0,strcasecmp_l@@GLIBC_2.17
0000000000102e80,dn_expand@@GLIBC_2.34
000000000008bb60,pthread_setaffinity_np@GLIBC_2.17
0000000000038b88,__cxa_atexit@@GLIBC_2.17
0000000000107720,res_ownok@@GLIBC_2.34
000000000008e4a0,mtx_trylock@GLIBC_2.28
00000000000e1ca0,lockf64@@GLIBC_2.17
000000000008e4a0,mtx_trylock@@GLIBC_2.34
00000000000e2a40,ppoll@@GLIBC_2.17
0000000000050860,psiginfo@@GLIBC_2.17
00000000000899a4,__pthread_mutex_unlock@GLIBC_2.17
0000000000048d20,wctomb@@GLIBC_2.17
00000000000beb80,execvp@@GLIBC_2.17
00000000001282c8,_nss_files_getpwnam_r@@GLIBC_PRIVATE
00000000000e2580,posix_fadvise@@GLIBC_2.17
0000000000097df0,mtrace@@GLIBC_2.17
00000000000f3940,__iswspace_l@@GLIBC_2.17
00000000000e9900,__mprotect@@GLIBC_PRIVATE
00000000001445c4,putmsg@GLIBC_2.17
00000000000ef4c0,pkey_free@@GLIBC_2.27
00000000000b1a00,gmtime_r@@GLIBC_2.17
000000000003cac0,stdc_count_ones_uc@@GLIBC_2.39
00000000000f3320,__towctrans@@GLIBC_2.17
000000000003cc60,stdc_count_zeros_ull@@GLIBC_2.39
0000000000133dc0,user2netname@GLIBC_2.17
00000000000e68c0,getdomainname@@GLIBC_2.17
00000000000e6de0,getpass@@GLIBC_2.17
00000000000e2b60,__read@@GLIBC_2.17
0000000000070240,_IO_proc_open@@GLIBC_2.17
0000000000136b0c,xdr_vector@GLIBC_2.17
00000000000fafe0,__pread64_chk@@GLIBC_2.17
00000000000bc960,clock_getres@@GLIBC_2.17
0000000000081e40,pthread_attr_destroy@@GLIBC_2.17
00000000000ea000,pwritev64v2@@GLIBC_2.26
000000000011ce20,getnameinfo@@GLIBC_2.17
0000000000097d20,malloc_info@@GLIBC_2.17
00000000000fb4c0,__sprintf_chk@@GLIBC_2.17
000000000009b960,strcat@@GLIBC_2.17
000000000003a000,getcontext@@GLIBC_2.17
0000000000137680,xdr_bytes@GLIBC_2.17
000000000003cb00,stdc_count_ones_ui@@GLIBC_2.39
00000000000af450,__wcstoul_l@@GLIBC_2.17
000000000007f440,_IO_list_unlock@@GLIBC_2.17
000000000003ca80,stdc_bit_width_ull@@GLIBC_2.39
000000000013dc40,getutline_r@@GLIBC_2.17
0000000000035f00,isnan@@GLIBC_2.17
000000000003cb20,stdc_count_ones_ul@@GLIBC_2.39
00000000000be1c0,_exit@@GLIBC_2.17
00000000000f3580,iswcntrl_l@@GLIBC_2.17
00000000000edda0,eventfd_read@@GLIBC_2.17
00000000000ed320,utimes@@GLIBC_2.17
000000000004c4c0,_IO_printf@@GLIBC_2.17
00000000000f1e40,profil@@GLIBC_2.17
0000000000120a60,getpwnam@@GLIBC_2.17
00000000000f9340,argp_usage@@GLIBC_2.17
00000000000a3060,btowc@@GLIBC_2.17
00000000000dea60,__fstat64@@GLIBC_PRIVATE
0000000000030280,bindtextdomain@@GLIBC_2.17
000000000003d340,stdc_trailing_zeros_uc@@GLIBC_2.39
00000000000fae40,__memmove_chk@@GLIBC_2.17
0000000000098ae0,__libc_freeres@@GLIBC_2.17
0000000000036e00,__sigpause@@GLIBC_2.17
00000000000e984c,__getmntent_r@@GLIBC_2.17
00000000000a3920,__isoc99_swscanf@@GLIBC_2.17
00000000000fad60,__mbsnrtowcs_chk@@GLIBC_2.17
00000000000fcb70,getsourcefilter@@GLIBC_2.17
00000000001445a8,isastream@GLIBC_2.17
0000000000074360,__wunderflow@@GLIBC_2.17
0000000000123b68,ulckpwdf@@GLIBC_2.17
000000000003cb60,stdc_count_ones_us@@GLIBC_2.39
0000000000140ca0,dl_iterate_phdr@@GLIBC_2.17
00000000000e1ca0,lockf@@GLIBC_2.17
000000000004b7c0,flockfile@@GLIBC_2.17
0000000000082020,pthread_attr_getinheritsched@@GLIBC_2.17
00000000001140c0,getaliasbyname_r@@GLIBC_2.17
000000000003d380,stdc_trailing_zeros_ui@@GLIBC_2.39
00000000000e2160,__open_2@@GLIBC_2.17
0000000000048c8c,__libc_system@@GLIBC_PRIVATE
00000000000e51c0,fcvt@@GLIBC_2.17
0000000000037720,__libc_allocate_rtsig@@GLIBC_2.17
0000000000070c40,_IO_seekoff@@GLIBC_2.17
00000000000ede00,fanotify_mark@@GLIBC_2.17
000000000003fc60,strfromf32x@@GLIBC_2.27
000000000003d3a0,stdc_trailing_zeros_ul@@GLIBC_2.39
000000000002f880,isalnum@@GLIBC_2.17
00000000000f1990,monstartup@@GLIBC_2.17
00000000000eec40,capget@@GLIBC_2.17
00000000000c4280,getresuid@@GLIBC_2.17
00000000000ed540,clock_adjtime@@GLIBC_2.17
00000000000ef3c0,name_to_handle_at@@GLIBC_2.17
000000000009ec80,strxfrm@@GLIBC_2.17
0000000000091000,timer_create@@GLIBC_2.34
00000000001066e0,__ns_name_pack@@GLIBC_PRIVATE
0000000000091000,timer_create@GLIBC_2.17
00000000000b8c60,strftime@@GLIBC_2.17
00000000001055b0,herror@@GLIBC_2.17
00000000000364a0,__signbitf@@GLIBC_2.17
0000000000087e40,__pthread_mutex_lock@GLIBC_2.17
000000000009af60,strcasecmp@@GLIBC_2.17
00000000000aedc0,wcstold_l@@GLIBC_2.17
00000000000fa5a0,__fprintf_chk@@GLIBC_2.17
0000000000128ce0,_nss_files_setsgent@@GLIBC_PRIVATE
0000000000035ec0,isinf@@GLIBC_2.17
00000000000d8300,posix_spawnattr_setschedpolicy@@GLIBC_2.17
000000000003d3e0,stdc_trailing_zeros_us@@GLIBC_2.39
000000000002fd20,isupper_l@@GLIBC_2.17
000000000009d5d0,__strcpy_small@GLIBC_2.17
00000000000e1b80,lchmod@@GLIBC_2.17
0000000000082080,pthread_attr_getschedpolicy@@GLIBC_2.17
00000000000fbee0,__wcsrtombs_chk@@GLIBC_2.17
00000000000fa660,__fread_chk@@GLIBC_2.17
000000000008ebc0,aio_fsync@GLIBC_2.17
00000000000eae20,setegid@@GLIBC_2.17
0000000000078180,open_memstream@@GLIBC_2.17
000000000002e000,localeconv@@GLIBC_2.17
0000000000035d40,__signbitl@@GLIBC_2.17
000000000008d6a0,sem_unlink@GLIBC_2.17
000000000008ebc0,aio_fsync@@GLIBC_2.34
000000000008d6a0,sem_unlink@@GLIBC_2.34
000000000002fd60,__tolower_l@@GLIBC_2.17
00000000000e2dc0,statfs@@GLIBC_2.17
000000000002f9d0,isspace@@GLIBC_2.17
0000000000078ff0,obstack_vprintf@@GLIBC_2.17
00000000000eaac0,removexattr@@GLIBC_2.17
00000000000dd6c0,pidfd_getpid@@GLIBC_2.39
00000000000e8ea0,mkostemp64@@GLIBC_2.17
00000000000eb380,swapon@@GLIBC_2.17
00000000000e1e40,lstat64@@GLIBC_2.33
0000000000036500,setjmp@@GLIBC_2.17
00000000000ed5c0,__clone@@GLIBC_2.17
00000000000e1fe0,open@@GLIBC_2.17
00000000000eed80,fsconfig@@GLIBC_2.36
00000000000990c0,__argz_count@@GLIBC_2.17
00000000000d7780,setresuid@@GLIBC_2.17
0000000000101880,ruserpass@@GLIBC_2.17
00000000000e7580,get_phys_pages@@GLIBC_2.17
00000000000a6680,wcsncasecmp_l@@GLIBC_2.17
00000000000f11c0,semtimedop@@GLIBC_2.17
000000000012e488,xdr_key_netstres@GLIBC_2.17
0000000000048da0,__xpg_basename@@GLIBC_2.17
0000000000113240,__nss_disable_nscd@@GLIBC_PRIVATE
0000000000144528,fdetach@GLIBC_2.17
00000000000f9660,__backtrace@@GLIBC_2.17
00000000000ff1b0,inet6_option_next@@GLIBC_2.17
0000000000142d80,stime@GLIBC_2.17
000000000012e3d0,xdr_getcredres@GLIBC_2.17
0000000000112960,__nss_hash@@GLIBC_PRIVATE
0000000000073660,vswscanf@@GLIBC_2.17
0000000000134640,__rpc_thread_createerr@GLIBC_2.17
00000000000e8c28,lfind@@GLIBC_2.17
0000000000038100,atof@@GLIBC_2.17
00000000000e8ec0,mkostemps@@GLIBC_2.17
000000000008d904,sem_trywait@@GLIBC_2.34
00000000000f0640,__send@GLIBC_2.17
000000000008d904,sem_trywait@GLIBC_2.17
000000000011cd0c,gethostent_r@@GLIBC_2.17
000000000008bb00,pthread_rwlockattr_setpshared@GLIBC_2.17
000000000008bb00,pthread_rwlockattr_setpshared@@GLIBC_2.34
00000000000706b0,_IO_proc_close@@GLIBC_2.17
00000000000d93c0,__wait@@GLIBC_2.17
00000000000e67e0,getauxval@@GLIBC_2.17
00000000000fc120,bindresvport@@GLIBC_2.17
0000000000133708,key_setsecret@GLIBC_2.17
00000000000f0a60,shutdown@@GLIBC_2.17
0000000000038120,atoi@@GLIBC_2.17
0000000000071820,_IO_vsprintf@@GLIBC_2.17
000000000009cc40,strcspn@@GLIBC_2.17
0000000000144550,getmsg@GLIBC_2.17
00000000000be2e0,confstr@@GLIBC_2.17
00000000000e6cc0,getloadavg@@GLIBC_2.17
0000000000095c04,malloc@@GLIBC_2.17
000000000010b300,__res_nsearch@GLIBC_2.17
00000000001177a0,_nss_files_parse_sgent@@GLIBC_PRIVATE
0000000000038140,atol@@GLIBC_2.17
000000000009ed60,strxfrm_l@@GLIBC_2.17
00000000000ef560,create_module@GLIBC_2.17
000000000007b88c,_IO_file_attach@@GLIBC_2.17
00000000000e8ec0,mkostemps64@@GLIBC_2.17
000000000003bf64,rpmatch@@GLIBC_2.17
00000000000aef4c,__isoc23_wcstoumax@@GLIBC_2.38
00000000000edfc0,__lxstat@@GLIBC_2.17
0000000000078320,pclose@@GLIBC_2.17
00000000000222e0,__libc_start_main@@GLIBC_2.34
0000000000111e40,__nss_configure_lookup@@GLIBC_2.17
00000000000222e0,__libc_start_main@GLIBC_2.17
00000000000a4f00,wcscat@@GLIBC_2.17
00000000000d74c0,sched_yield@@GLIBC_2.17
000000000011f2e0,endnetent@@GLIBC_2.17
0000000000113a20,__nss_lookup_function@@GLIBC_PRIVATE
00000000000f0560,recvmsg@@GLIBC_2.17
0000000000044f20,strtof_l@@GLIBC_2.17
00000000000e90e0,getmntent@@GLIBC_2.17
000000000004ba40,funlockfile@@GLIBC_2.17
00000000001004c0,rcmd_af@@GLIBC_2.17
000000000008a020,pthread_rwlock_clockrdlock@GLIBC_2.30
000000000003d260,stdc_trailing_ones_uc@@GLIBC_2.39
000000000008a020,pthread_rwlock_clockrdlock@@GLIBC_2.34
00000000001284a0,_nss_files_parse_servent@@GLIBC_PRIVATE
000000000007efc0,_IO_marker_difference@@GLIBC_2.17
0000000000086060,pthread_getname_np@@GLIBC_2.34
0000000000098300,__libc_scratch_buffer_grow@@GLIBC_PRIVATE
0000000000086060,pthread_getname_np@GLIBC_2.17
00000000000edf60,inotify_init@@GLIBC_2.17
000000000007e2e0,_IO_init@@GLIBC_2.17
00000000000fbfe0,__wmemmove_chk@@GLIBC_2.17
00000000000ee9e0,umount2@@GLIBC_2.17
00000000001165c0,putgrent@@GLIBC_2.17
00000000001288ac,_nss_files_endservent@@GLIBC_PRIVATE
0000000000079280,__ftello64@@GLIBC_PRIVATE
00000000001297c0,_nss_files_getrpcbynumber_r@@GLIBC_PRIVATE
00000000000a6680,__wcsncasecmp_l@@GLIBC_2.17
00000000000dddc0,copy_file_range@@GLIBC_2.27
000000000003d2a0,stdc_trailing_ones_ui@@GLIBC_2.39
00000000001369a0,xdr_array@GLIBC_2.17
0000000000091340,timer_getoverrun@GLIBC_2.17
0000000000086640,pthread_key_create@@GLIBC_2.34
0000000000091340,timer_getoverrun@@GLIBC_2.34
0000000000038180,bsearch@@GLIBC_2.17
000000000007d8e8,_IO_free_backup_area@@GLIBC_2.17
0000000000086640,pthread_key_create@GLIBC_2.17
000000000009d1a0,__strsep_1c@GLIBC_2.17
000000000007f6e0,_IO_str_init_static@@GLIBC_2.17
00000000000d7cc0,posix_spawn_file_actions_adddup2@@GLIBC_2.17
00000000000aedc0,wcstof128_l@@GLIBC_2.27
000000000002fc60,__isdigit_l@@GLIBC_2.17
000000000003d2c0,stdc_trailing_ones_ul@@GLIBC_2.39
000000000008e640,thrd_join@@GLIBC_2.34
000000000008e640,thrd_join@GLIBC_2.28
00000000000c4ecc,glob64@@GLIBC_2.27
0000000000142e00,glob64@GLIBC_2.17
00000000000c7de0,pread@@GLIBC_2.17
0000000000045680,strtold@@GLIBC_2.17
00000000000be4e0,execl@@GLIBC_2.17
0000000000102f20,_nss_dns_getcanonname_r@@GLIBC_PRIVATE
00000000000986a0,__libc_dynarray_finalize@@GLIBC_PRIVATE
000000000002fbe0,isascii@@GLIBC_2.17
0000000000126fc4,_nss_files_endnetgrent@@GLIBC_PRIVATE
00000000000e95ec,setmntent@@GLIBC_2.17
00000000000a37c0,__isoc23_wscanf@@GLIBC_2.38
0000000000036fe0,sigvec@GLIBC_2.17
000000000008e140,cnd_destroy@@GLIBC_2.34
000000000008e140,cnd_destroy@GLIBC_2.28
00000000001078e0,res_dnok@@GLIBC_2.34
00000000000edc40,epoll_pwait2@@GLIBC_2.35
000000000012fa44,clntunix_create@GLIBC_2.17
000000000008b3a0,pthread_rwlock_unlock@GLIBC_2.17
000000000008b3a0,pthread_rwlock_unlock@@GLIBC_2.34
00000000000f2c60,iswprint@@GLIBC_2.17
0000000000098460,__libc_scratch_buffer_set_array_size@@GLIBC_PRIVATE
0000000000114b28,fgetgrent_r@@GLIBC_2.17
000000000003d300,stdc_trailing_ones_us@@GLIBC_2.39
0000000000107528,__res_nclose@@GLIBC_2.17
000000000009da60,strncat@@GLIBC_2.17
000000000008aae0,pthread_rwlock_timedrdlock@GLIBC_2.17
000000000008aae0,pthread_rwlock_timedrdlock@@GLIBC_2.34
000000000008b5c0,pthread_rwlock_wrlock@@GLIBC_2.34
0000000000136c20,xdr_int@GLIBC_2.17
0000000000045084,strtoll@@GLIBC_2.17
000000000008b5c0,pthread_rwlock_wrlock@GLIBC_2.17
00000000000a4de0,wcrtomb@@GLIBC_2.17
000000000008ada0,pthread_rwlock_timedwrlock@@GLIBC_2.34
000000000008ada0,pthread_rwlock_timedwrlock@GLIBC_2.17
00000000000bda40,readdir_r@@GLIBC_2.17
000000000003d120,stdc_leading_ones_uc@@GLIBC_2.39
00000000000a4e00,wcscasecmp@@GLIBC_2.17
00000000000fce60,__idna_to_dns_encoding@@GLIBC_PRIVATE
00000000000beac0,execv@@GLIBC_2.17
00000000000fa920,__fwprintf_chk@@GLIBC_2.17
000000000007dc30,_IO_doallocbuf@@GLIBC_2.17
00000000000ddf20,__dup2@@GLIBC_2.17
00000000000770a0,open_wmemstream@@GLIBC_2.17
0000000000036a80,sigprocmask@@GLIBC_2.17
00000000000d6970,re_search_2@@GLIBC_2.17
00000000000e5e30,error_at_line@@GLIBC_2.17
0000000000071d80,getwc_unlocked@@GLIBC_2.17
00000000000ff2a0,inet6_option_find@@GLIBC_2.17
000000000007f0c0,_IO_unsave_markers@@GLIBC_2.17
00000000000ef080,nfsservctl@GLIBC_2.17
00000000000ef240,process_mrelease@@GLIBC_2.36
0000000000129128,_nss_files_getspnam_r@@GLIBC_PRIVATE
000000000003d140,stdc_leading_ones_ui@@GLIBC_2.39
00000000000f0280,__recv@@GLIBC_PRIVATE
00000000000d9380,vfork@@GLIBC_2.17
00000000000515a0,remove@@GLIBC_2.17
00000000000e9f20,pwritev64@@GLIBC_2.17
0000000000038f40,div@@GLIBC_2.17
0000000000098e00,__strerror_r@@GLIBC_2.17
0000000000135228,svc_getreqset@GLIBC_2.17
000000000003d160,stdc_leading_ones_ul@@GLIBC_2.39
00000000000f2a40,iswdigit@@GLIBC_2.17
00000000000aedc0,wcstof64x_l@@GLIBC_2.27
000000000008c8c0,pthread_timedjoin_np@@GLIBC_2.34
000000000008c8c0,pthread_timedjoin_np@GLIBC_2.17
00000000000d7b80,posix_spawn_file_actions_addclose@@GLIBC_2.17
00000000000a6c80,wcsrchr@@GLIBC_2.17
000000000011cba0,sethostent@@GLIBC_2.17
00000000000ec060,truncate64@@GLIBC_2.17
0000000000126468,_nss_files_endhostent@@GLIBC_PRIVATE
00000000000337e0,textdomain@@GLIBC_2.17
000000000004b620,ctermid@@GLIBC_2.17
00000000000f0900,sendto@@GLIBC_2.17
00000000000ed520,__adjtimex@@GLIBC_2.17
00000000000eaa20,reboot@@GLIBC_2.17
00000000000de800,__file_change_detection_for_stat@@GLIBC_PRIVATE
000000000007f348,_IO_iter_end@@GLIBC_2.17
00000000001295e0,_nss_files_endrpcent@@GLIBC_PRIVATE
000000000006e580,_IO_fgetpos64@@GLIBC_2.17
000000000012d680,getsecretkey@GLIBC_2.17
0000000000116d8c,getsgent_r@@GLIBC_2.17
0000000000106d00,__ns_name_unpack@@GLIBC_PRIVATE
0000000000082140,pthread_attr_getstack@GLIBC_2.17
00000000000fb6e0,__strlcat_chk@@GLIBC_2.38
0000000000082140,pthread_attr_getstack@@GLIBC_2.34
000000000012e200,xdr_keystatus@GLIBC_2.17
0000000000045620,strtoll_l@@GLIBC_2.17
000000000006e160,fdopen@@GLIBC_2.17
0000000000131d00,clnt_pcreateerror@GLIBC_2.17
000000000003d1a0,stdc_leading_ones_us@@GLIBC_2.39
000000000008e760,tss_delete@GLIBC_2.28
000000000003c9a0,stdc_bit_floor_ull@@GLIBC_2.39
000000000012466c,sgetspent_r@@GLIBC_2.17
000000000008e760,tss_delete@@GLIBC_2.34
00000000000faec0,__cyg_profile_func_enter@@GLIBC_2.17
000000000004b880,fprintf@@GLIBC_2.17
00000000000868e0,pthread_kill@@GLIBC_2.34
0000000000142d20,pthread_kill@GLIBC_2.17
00000000000a6c20,wcspbrk@@GLIBC_2.17
00000000001159c0,__copy_grp@@GLIBC_PRIVATE
000000000009d200,__strsep_2c@GLIBC_2.17
00000000000e8e40,mincore@@GLIBC_2.17
00000000000a3300,c8rtomb@@GLIBC_2.36
0000000000099c8c,envz_merge@@GLIBC_2.17
000000000008e5c0,thrd_detach@GLIBC_2.28
000000000008e5c0,thrd_detach@@GLIBC_2.34
0000000000096fc0,__libc_calloc@@GLIBC_2.17
00000000000481cc,__isoc23_strtoumax@@GLIBC_2.38
00000000000f3440,iswalpha_l@@GLIBC_2.17
00000000000518c0,_IO_sprintf@@GLIBC_2.17
0000000000142e00,glob@GLIBC_2.17
0000000000099b60,envz_add@@GLIBC_2.17
0000000000037620,sigandset@@GLIBC_2.17
00000000000c4ecc,glob@@GLIBC_2.27
00000000001312a0,authunix_create@GLIBC_2.17
0000000000073e60,_IO_wdefault_xsputn@@GLIBC_2.17
000000000002fae0,isblank@@GLIBC_2.17
0000000000077540,_IO_ferror@@GLIBC_2.17
000000000012e420,xdr_key_netstarg@GLIBC_2.17
00000000000514a0,register_printf_type@@GLIBC_2.17
0000000000096ef0,__libc_valloc@@GLIBC_2.17
00000000000b22a0,mktime@@GLIBC_2.17
00000000000eef40,inotify_rm_watch@@GLIBC_2.17
000000000012b080,clnt_broadcast@GLIBC_2.17
00000000000f01a0,listen@@GLIBC_2.17
00000000000faea0,__memset_chk@@GLIBC_2.17
0000000000100e40,rcmd@@GLIBC_2.17
00000000000e762c,get_avphys_pages@@GLIBC_2.17
00000000000d7f80,posix_spawn_file_actions_destroy@@GLIBC_2.17
00000000000eeb20,__xmknod@@GLIBC_2.17
000000000006e3c0,_IO_fflush@@GLIBC_2.17
000000000008b220,__pthread_rwlock_tryrdlock@GLIBC_2.17
00000000000de3e0,fchmodat@@GLIBC_2.17
00000000000eef80,klogctl@@GLIBC_2.17
00000000000f3620,iswdigit_l@@GLIBC_2.17
00000000000fa9e0,__getcwd_chk@@GLIBC_2.17
0000000000083260,pthread_cond_destroy@@GLIBC_2.17
00000000000e8ea0,mkostemp@@GLIBC_2.17
00000000000faa60,__gethostname_chk@@GLIBC_2.17
0000000000045660,__strtold_internal@@GLIBC_2.17
00000000000c7180,glob_pattern_p@@GLIBC_2.17
0000000000114380,ether_hostton@@GLIBC_2.17
0000000000072d00,putwchar@@GLIBC_2.17
000000000011de84,__internal_getnetgrent_r@@GLIBC_PRIVATE
000000000012a640,_rpc_dtablesize@GLIBC_2.17
000000000005f4c0,vfwprintf@@GLIBC_2.17
000000000003a340,getsubopt@@GLIBC_2.17
00000000000ef440,memfd_create@@GLIBC_2.27
00000000000e8b00,llistxattr@@GLIBC_2.17
0000000000035e00,finite@@GLIBC_2.17
00000000001124cc,__nss_files_data_setent@@GLIBC_PRIVATE
00000000000dfc50,fts_close@@GLIBC_2.17
00000000000e58c4,vwarnx@@GLIBC_2.17
0000000000086220,pthread_getschedparam@@GLIBC_2.17
00000000000d76a0,setpgrp@@GLIBC_2.17
00000000000c40a0,getopt@@GLIBC_2.17
00000000000abe08,__wcstof_l@@GLIBC_2.17
0000000000039080,drand48_r@@GLIBC_2.17
0000000000123120,fgetspent_r@@GLIBC_2.17
00000000000747c0,_IO_wmarker_delta@@GLIBC_2.17
000000000011eda0,getnetbyname_r@@GLIBC_2.17
000000000008e9a0,aio_cancel@@GLIBC_2.34
0000000000137840,xdr_netobj@GLIBC_2.17
000000000008e9a0,aio_cancel@GLIBC_2.17
0000000000089d40,__pthread_mutexattr_settype@GLIBC_2.17
000000000013f9a0,setutxent@@GLIBC_2.17
00000000000f3440,__iswalpha_l@@GLIBC_2.17
0000000000127de0,_nss_files_getprotoent_r@@GLIBC_PRIVATE
00000000000e4010,cfsetospeed@@GLIBC_2.17
000000000007a8c0,fread_unlocked@@GLIBC_2.17
00000000000d95e0,__waitpid@@GLIBC_2.17
00000000000fc620,ether_aton@@GLIBC_2.17
000000000003a4a0,jrand48_r@@GLIBC_2.17
000000000006b5a0,vprintf@@GLIBC_2.17
0000000000131470,authunix_create_default@GLIBC_2.17
00000000000fc900,ether_ntoa@@GLIBC_2.17
00000000000e31a0,ttyname@@GLIBC_2.17
00000000000e11e0,nftw@@GLIBC_2.17
0000000000090d40,mq_setattr@GLIBC_2.17
0000000000090d40,mq_setattr@@GLIBC_2.34
00000000000bd4c0,alphasort64@@GLIBC_2.17
000000000008e440,mtx_timedlock@GLIBC_2.28
00000000000edac0,epoll_create@@GLIBC_2.17
000000000008e440,mtx_timedlock@@GLIBC_2.34
00000000000d7ae0,posix_spawn@@GLIBC_2.17
000000000007f380,_IO_iter_file@@GLIBC_2.17
00000000000f0d40,ftok@@GLIBC_2.17
0000000000089b20,pthread_mutexattr_getkind_np@GLIBC_2.17
000000000009d264,__strsep_3c@GLIBC_2.17
00000000000ed5c0,clone@@GLIBC_2.17
00000000000eff00,__connect@@GLIBC_2.17
000000000009d9e0,strncasecmp_l@@GLIBC_2.17
00000000000f3620,__iswdigit_l@@GLIBC_2.17
000000000002f9a8,ispunct@@GLIBC_2.17
00000000000dfd60,fts64_read@@GLIBC_2.23
00000000000d8280,posix_spawnattr_setflags@@GLIBC_2.17
000000000011db20,__internal_setnetgrent@@GLIBC_PRIVATE
0000000000126840,_nss_files_gethostbyname_r@@GLIBC_PRIVATE
000000000008e280,cnd_wait@@GLIBC_2.34
00000000000c4180,getpgid@@GLIBC_2.17
000000000013402c,getnetname@GLIBC_2.17
000000000008e280,cnd_wait@GLIBC_2.28
000000000002fd00,isspace_l@@GLIBC_2.17
0000000000113e0c,getaliasent_r@@GLIBC_2.17
00000000000eeb60,__xmknodat@@GLIBC_2.17
000000000002fca0,__isgraph_l@@GLIBC_2.17
00000000000516c0,renameat2@@GLIBC_2.28
0000000000076ea0,fwide@@GLIBC_2.17
000000000009d960,strncasecmp@@GLIBC_2.17
00000000001372a0,xdr_char@GLIBC_2.17
00000000001220ec,getrpcent_r@@GLIBC_2.17
00000000000fb0e0,__read_chk@@GLIBC_2.17
0000000000101060,iruserok@@GLIBC_2.17
000000000007e840,_IO_flush_all_linebuffered@@GLIBC_2.17
0000000000125600,_nss_files_getgrent_r@@GLIBC_PRIVATE
0000000000138b20,xdrstdio_create@GLIBC_2.17
0000000000037540,__sysv_signal@@GLIBC_2.17
0000000000144b20,__nss_database_lookup@GLIBC_2.17
00000000000820a0,pthread_attr_getscope@@GLIBC_2.17
000000000007b300,_IO_file_open@@GLIBC_2.17
00000000000be0c0,versionsort64@@GLIBC_2.17
000000000010a2c0,__res_context_query@@GLIBC_PRIVATE
00000000000e9710,addmntent@@GLIBC_2.17
000000000007fc80,dladdr1@@GLIBC_2.34
000000000007fc80,dladdr1@GLIBC_2.17
00000000000eaf00,seteuid@@GLIBC_2.17
000000000003b780,srandom@@GLIBC_2.17
00000000000f2980,iswcntrl@@GLIBC_2.17
0000000000099e20,ffs@@GLIBC_2.17
000000000007c8d0,_IO_file_close@@GLIBC_2.17
00000000000fb620,__strcat_chk@@GLIBC_2.17
0000000000071040,setbuffer@@GLIBC_2.17
0000000000051a80,tempnam@@GLIBC_2.17
00000000000d7e00,posix_spawn_file_actions_addopen@@GLIBC_2.17
00000000000e89a0,insque@@GLIBC_2.17
000000000012c5a0,registerrpc@GLIBC_2.17
000000000002fc80,__islower_l@@GLIBC_2.17
00000000000e9900,mprotect@@GLIBC_2.17
00000000000ef1c0,pidfd_send_signal@@GLIBC_2.36
000000000007f360,_IO_iter_next@@GLIBC_2.17
000000000007e340,_IO_default_finish@@GLIBC_2.17
0000000000099e40,ffsl@@GLIBC_2.17
000000000006ed60,fopencookie@@GLIBC_2.17
0000000000122200,getservent@@GLIBC_2.17
0000000000123300,endspent@@GLIBC_2.17
00000000000f9a80,backtrace_symbols_fd@@GLIBC_2.17
0000000000073b6c,_IO_wdefault_pbackfail@@GLIBC_2.17
00000000000f3020,towlower@@GLIBC_2.17
000000000003d3c0,stdc_trailing_zeros_ull@@GLIBC_2.39
0000000000138ba0,svc_run@GLIBC_2.17
0000000000106540,ns_name_ntop@GLIBC_2.17
0000000000106540,ns_name_ntop@@GLIBC_2.34
00000000000baa40,strftime_l@@GLIBC_2.17
00000000000ede60,__fxstat@@GLIBC_2.17
0000000000096e80,aligned_alloc@@GLIBC_2.17
000000000007d9b0,__underflow@@GLIBC_2.17
00000000000e9000,mlockall@@GLIBC_2.17
00000000000ee320,pkey_mprotect@@GLIBC_2.27
000000000009d9e0,__strncasecmp_l@@GLIBC_2.17
00000000000776a0,fileno_unlocked@@GLIBC_2.17
0000000000085a80,pthread_equal@@GLIBC_2.17
0000000000080ba8,_pthread_cleanup_pop@@GLIBC_2.34
000000000002fda0,__isctype@@GLIBC_2.17
0000000000080ba8,_pthread_cleanup_pop@GLIBC_2.17
00000000000ebe20,openlog@@GLIBC_2.17
00000000000de620,fcntl64@@GLIBC_2.28
00000000000806cc,dlsym@GLIBC_2.17
00000000000806cc,dlsym@@GLIBC_2.34
00000000001276e8,_nss_files_setnetent@@GLIBC_PRIVATE
00000000000d6900,re_match@@GLIBC_2.17
000000000007d840,_IO_switch_to_get_mode@@GLIBC_2.17
00000000000827a0,pthread_barrier_init@@GLIBC_2.34
00000000000827a0,pthread_barrier_init@GLIBC_2.17
000000000003c700,srand48@@GLIBC_2.17
000000000010436c,_nss_dns_gethostbyname2_r@@GLIBC_PRIVATE
000000000013eda0,unlockpt@@GLIBC_2.17
00000000000ecd20,ttyslot@@GLIBC_2.17
000000000003cd40,stdc_first_leading_one_ull@@GLIBC_2.39
000000000003fe40,strfromf32@@GLIBC_2.27
000000000002fc00,isalnum_l@@GLIBC_2.17
0000000000036820,gsignal@@GLIBC_2.17
00000000000a5ea0,wcslcat@@GLIBC_2.38
0000000000107f20,__res_get_nsaddr@@GLIBC_PRIVATE
00000000000bd680,getdents64@@GLIBC_2.30
00000000000e984c,getmntent_r@@GLIBC_2.17
000000000012d580,getpublickey@GLIBC_2.17
0000000000135360,svc_getreq_poll@GLIBC_2.17
00000000000dfd60,fts_read@@GLIBC_2.17
00000000000e1fe0,__open@@GLIBC_2.17
00000000000e6420,getfsfile@@GLIBC_2.17
00000000000f0820,sendmsg@@GLIBC_2.17
00000000001078e0,__libc_res_dnok@@GLIBC_PRIVATE
000000000007a940,fwrite_unlocked@@GLIBC_2.17
000000000008d8b0,sem_wait@GLIBC_2.17
000000000008d8b0,sem_wait@@GLIBC_2.34
0000000000141a20,_dl_mcount_wrapper_check@@GLIBC_2.17
000000000007f390,_IO_list_lock@@GLIBC_2.17
00000000000c7ec0,pwrite@@GLIBC_2.17
00000000000e9aa0,preadv64@@GLIBC_2.17
000000000007a5c0,getc_unlocked@@GLIBC_2.17
000000000007e840,_flushlbf@@GLIBC_2.17
0000000000142d60,pthread_yield@GLIBC_2.17
00000000000f3200,iswctype@@GLIBC_2.17
000000000007dd20,_IO_default_uflow@@GLIBC_2.17
00000000000c7ec0,__pwrite64@@GLIBC_2.17
00000000000f9740,backtrace_symbols@@GLIBC_2.17
00000000001058b0,inet_aton@@GLIBC_2.17
0000000000144ae0,__nss_group_lookup@GLIBC_2.17
00000000000bd560,fdopendir@@GLIBC_2.17
00000000000ffa20,inet_ntoa@@GLIBC_2.17
00000000000dd560,getcpu@@GLIBC_2.29
000000000009b568,__strcasestr@@GLIBC_2.17
00000000000a9a40,__wcstof_internal@@GLIBC_2.17
000000000011f640,getprotobynumber_r@@GLIBC_2.17
0000000000089b80,pthread_mutexattr_setprioceiling@@GLIBC_2.34
0000000000089b80,pthread_mutexattr_setprioceiling@GLIBC_2.17
0000000000072ca0,putwc_unlocked@@GLIBC_2.17
00000000000486c0,strtoull_l@@GLIBC_2.17
00000000000fbea0,__wcsncpy_chk@@GLIBC_2.17
000000000003ca20,stdc_bit_width_uc@@GLIBC_2.39
000000000008c7a0,pthread_spin_lock@@GLIBC_2.34
000000000009d2cc,__strcspn_c1@GLIBC_2.17
000000000009eb60,__strverscmp@@GLIBC_2.17
000000000008c7a0,pthread_spin_lock@GLIBC_2.17
000000000009d304,__strcspn_c2@GLIBC_2.17
00000000000deb80,fstatvfs64@@GLIBC_2.17
00000000000ea2a0,qgcvt@@GLIBC_2.17
0000000000090260,aio_write@@GLIBC_2.34
000000000009d340,__strcspn_c3@GLIBC_2.17
0000000000090260,aio_write@GLIBC_2.17
00000000000d82e0,posix_spawnattr_setschedparam@@GLIBC_2.17
0000000000070060,_IO_padn@@GLIBC_2.17
000000000003cfc0,stdc_first_trailing_zero_ull@@GLIBC_2.39
00000000000ff440,inet6_rth_add@@GLIBC_2.17
00000000000e7ce4,endttyent@@GLIBC_2.17
0000000000116ea0,getsgnam@@GLIBC_2.17
0000000000048700,swapcontext@@GLIBC_2.17
000000000003ca40,stdc_bit_width_ui@@GLIBC_2.39
00000000001342b0,__libc_rpc_getport@GLIBC_PRIVATE
000000000011fc60,getprotobyname@@GLIBC_2.17
00000000000fbd60,__wcslcpy_chk@@GLIBC_2.38
0000000000137f40,xdr_int8_t@GLIBC_2.17
00000000000edfc0,__lxstat64@@GLIBC_2.17
0000000000031700,ngettext@@GLIBC_2.17
0000000000100300,rresvport_af@@GLIBC_2.17
00000000000ff100,inet6_option_init@@GLIBC_2.17
000000000008a7e0,__pthread_rwlock_init@GLIBC_2.17
0000000000036820,raise@@GLIBC_2.17
00000000000f3760,iswgraph_l@@GLIBC_2.17
000000000003ca60,stdc_bit_width_ul@@GLIBC_2.39
0000000000038f80,drand48@@GLIBC_2.17
000000000009dfe0,__strsep_g@@GLIBC_2.17
000000000003a580,lcong48@@GLIBC_2.17
00000000000ef180,pivot_root@@GLIBC_2.17
0000000000105a40,inet_ntop@@GLIBC_2.17
0000000000034e80,catgets@@GLIBC_2.17
00000000000e1c80,linkat@@GLIBC_2.17
000000000011e660,getnetbyaddr@@GLIBC_2.17
00000000000f1040,semop@@GLIBC_2.17
000000000003caa0,stdc_bit_width_us@@GLIBC_2.39
0000000000080b4c,__pthread_unregister_cancel@@GLIBC_2.34
00000000000e5320,fcvt_r@@GLIBC_2.17
0000000000137860,xdr_union@GLIBC_2.17
0000000000080b4c,__pthread_unregister_cancel@GLIBC_2.17
000000000013f8c0,forkpty@@GLIBC_2.34
000000000009d380,__strspn_c1@GLIBC_2.17
000000000013f8c0,forkpty@GLIBC_2.17
000000000009d3c0,__strspn_c2@GLIBC_2.17
0000000000078ce8,vsnprintf@@GLIBC_2.17
000000000008a7e0,pthread_rwlock_init@@GLIBC_2.34
000000000008a7e0,pthread_rwlock_init@GLIBC_2.17
0000000000113520,__nss_parse_line_result@@GLIBC_PRIVATE
0000000000084120,pthread_cond_clockwait@GLIBC_2.30
000000000009d400,__strspn_c3@GLIBC_2.17
000000000009ad80,__stpcpy@@GLIBC_2.17
000000000012d7a0,xdr_authdes_cred@GLIBC_2.17
0000000000084120,pthread_cond_clockwait@@GLIBC_2.34
0000000000045680,strtof128@@GLIBC_2.27
00000000000c42c0,getsid@@GLIBC_2.17
0000000000109aa0,__res_init@@GLIBC_2.17
0000000000051380,register_printf_specifier@@GLIBC_2.17
00000000000798c0,__flbf@@GLIBC_2.17
0000000000036880,killpg@@GLIBC_2.17
00000000000ee0e0,mremap@@GLIBC_2.17
000000000002fe20,__ctype_tolower_loc@@GLIBC_2.17
00000000000dea60,fstat64@@GLIBC_2.33
0000000000134cb0,svcerr_decode@GLIBC_2.17
0000000000042840,__strtod_nan@@GLIBC_PRIVATE
00000000000fbca0,__wcscat_chk@@GLIBC_2.17
0000000000138b60,svc_exit@GLIBC_2.17
00000000000f0040,getsockname@@GLIBC_2.17
00000000000bdf40,scandirat64@@GLIBC_2.17
000000000010b300,res_nsearch@@GLIBC_2.34
000000000006fca0,_IO_getline_info@@GLIBC_2.17
00000000000973c8,malloc_trim@@GLIBC_2.17
000000000003a640,lldiv@@GLIBC_2.17
00000000000bcb20,clock_nanosleep@@GLIBC_2.17
0000000000128aa0,_nss_files_getservbyport_r@@GLIBC_PRIVATE
00000000000568c0,__vfscanf@@GLIBC_2.17
00000000000ddc60,__close@@GLIBC_2.17
0000000000089fe8,__pthread_once@GLIBC_2.17
00000000000d6940,re_match_2@@GLIBC_2.17
00000000000edd80,eventfd@@GLIBC_2.17
00000000000d7c20,posix_spawn_file_actions_addclosefrom_np@@GLIBC_2.34
000000000002fa50,tolower@@GLIBC_2.17
00000000000a3ca0,mbrtoc8@@GLIBC_2.36
00000000000e3f60,__write_nocancel@@GLIBC_PRIVATE
0000000000088ce4,pthread_mutex_clocklock@@GLIBC_2.34
0000000000127dc0,_nss_files_endprotoent@@GLIBC_PRIVATE
0000000000088ce4,pthread_mutex_clocklock@GLIBC_2.30
0000000000037cc0,a64l@@GLIBC_2.17
00000000000805d0,dlopen@@GLIBC_2.34
00000000000f3760,__iswgraph_l@@GLIBC_2.17
00000000000805d0,dlopen@GLIBC_2.17
00000000000361a0,copysignf@@GLIBC_2.17
0000000000021d1c,warn@@GLIBC_2.17
00000000000f3320,towctrans@@GLIBC_2.17
0000000000081fc0,pthread_attr_getdetachstate@@GLIBC_2.17
000000000003b780,srand@@GLIBC_2.17
000000000004c100,__isoc99_fscanf@@GLIBC_2.17
0000000000038ba0,__cxa_finalize@@GLIBC_2.17
0000000000127a00,_nss_files_parse_protoent@@GLIBC_PRIVATE
00000000000b1240,wmempcpy@@GLIBC_2.17
00000000000e8fc0,mlock@@GLIBC_2.17
00000000000ef560,bdflush@GLIBC_2.17
00000000000e8f20,mkstemps@@GLIBC_2.17
00000000000ee820,tee@@GLIBC_2.17
00000000000518c0,sprintf@@GLIBC_2.17
00000000000fb980,__vdprintf_chk@@GLIBC_2.17
00000000000bdce0,scandir@@GLIBC_2.17
00000000000b1a60,localtime@@GLIBC_2.17
00000000000358a0,copysignl@@GLIBC_2.17
000000000003c760,stdc_bit_ceil_uc@@GLIBC_2.39
000000000010e6a4,__resolv_context_get_override@@GLIBC_PRIVATE
00000000000e89e0,remque@@GLIBC_2.17
00000000001288c0,_nss_files_getservent_r@@GLIBC_PRIVATE
000000000007f904,_IO_str_underflow@@GLIBC_2.17
00000000000362c0,__isnanf@@GLIBC_2.17
00000000000fb120,__readlinkat_chk@@GLIBC_2.17
00000000000af450,wcstoul_l@@GLIBC_2.17
00000000000e4e80,brk@@GLIBC_2.17
00000000000e6a00,gethostid@@GLIBC_2.17
000000000003c7c0,stdc_bit_ceil_ui@@GLIBC_2.39
00000000000ff144,inet6_option_append@@GLIBC_2.17
00000000000fada0,__mbstowcs_chk@@GLIBC_2.17
000000000013d740,getutent@@GLIBC_2.17
000000000003ad00,putenv@@GLIBC_2.17
0000000000035a20,__isnanl@@GLIBC_2.17
00000000000fbec0,__wcsnrtombs_chk@@GLIBC_2.17
00000000000f36c0,__iswlower_l@@GLIBC_2.17
0000000000073dc4,__woverflow@@GLIBC_2.17
0000000000107808,res_mailok@@GLIBC_2.34
00000000000bda40,readdir64_r@@GLIBC_2.17
0000000000137360,xdr_u_char@GLIBC_2.17
00000000000ff7a0,inet_network@@GLIBC_2.17
000000000003c800,stdc_bit_ceil_ul@@GLIBC_2.39
000000000007fd20,dlerror@@GLIBC_2.34
000000000002eb48,setlocale@@GLIBC_2.17
0000000000131880,clnt_sperrno@GLIBC_2.17
000000000007fd20,dlerror@GLIBC_2.17
0000000000036760,ssignal@@GLIBC_2.17
00000000000d5e20,re_compile_pattern@@GLIBC_2.17
00000000000e3728,utimensat@@GLIBC_2.17
00000000000eed00,epoll_create1@@GLIBC_2.17
000000000002fb40,_tolower@@GLIBC_2.17
00000000000ef200,process_madvise@@GLIBC_2.36
00000000000e8d80,__madvise@@GLIBC_PRIVATE
0000000000037a40,sigrelse@@GLIBC_2.17
0000000000115060,getgrgid_r@@GLIBC_2.17
00000000000e21a0,openat@@GLIBC_2.17
00000000000f1060,semget@@GLIBC_2.17
000000000008e8e0,shm_unlink@GLIBC_2.17
000000000003c880,stdc_bit_ceil_us@@GLIBC_2.39
000000000002f580,__assert@@GLIBC_2.17
00000000000eafe0,sethostid@@GLIBC_2.17
00000000000b1a00,__gmtime_r@@GLIBC_2.17
000000000012d3c0,xdrrec_eof@GLIBC_2.17
000000000008e8e0,shm_unlink@@GLIBC_2.34
00000000000b1840,asctime_r@@GLIBC_2.17
0000000000129220,_nss_files_parse_rpcent@@GLIBC_PRIVATE
00000000000e4080,cfsetispeed@@GLIBC_2.17
00000000001449c0,sstk@GLIBC_2.17
000000000008c8e0,pthread_tryjoin_np@GLIBC_2.17
000000000008c8e0,pthread_tryjoin_np@@GLIBC_2.34
00000000000eee40,fspick@@GLIBC_2.36
000000000004b720,dprintf@@GLIBC_2.17
000000000009b9c0,strchr@@GLIBC_2.17
000000000012094c,getpwent_r@@GLIBC_2.17
00000000000fbc80,__wcrtomb_chk@@GLIBC_2.17
000000000010d148,__res_nsend@GLIBC_2.17
00000000000aef4c,__isoc23_wcstoul@@GLIBC_2.38
0000000000080b20,__pthread_register_cancel@GLIBC_2.17
0000000000080b20,__pthread_register_cancel@@GLIBC_2.34
00000000000ea300,qfcvt_r@@GLIBC_2.17
0000000000121460,putpwent@@GLIBC_2.17
00000000001299a0,_nss_files_init@@GLIBC_PRIVATE
0000000000144b08,__nss_next@GLIBC_2.17
0000000000070620,popen@@GLIBC_2.17
00000000000ebd40,__syslog_chk@@GLIBC_2.17
000000000007aa00,fgets_unlocked@@GLIBC_2.17
000000000007a6a0,putc_unlocked@@GLIBC_2.17
0000000000071dc0,getwchar@@GLIBC_2.17
00000000000a68e0,wcsnlen@@GLIBC_2.17
000000000008f3ac,aio_init@@GLIBC_2.34
00000000000899c0,__pthread_mutexattr_destroy@GLIBC_2.17
000000000008f3ac,aio_init@GLIBC_2.17
000000000010e5c8,__resolv_context_get_preinit@@GLIBC_PRIVATE
0000000000144500,fattach@GLIBC_2.17
0000000000079020,obstack_printf@@GLIBC_2.17
00000000000eee00,fsopen@@GLIBC_2.36
000000000003b970,random@@GLIBC_2.17
00000000000ef560,uselib@GLIBC_2.17
0000000000106d00,ns_name_unpack@GLIBC_2.17
00000000000e2120,__open64_2@@GLIBC_2.17
0000000000106d00,ns_name_unpack@@GLIBC_2.34
00000000000746e4,_IO_adjust_wcolumn@@GLIBC_2.17
00000000000f3ba0,__towupper_l@@GLIBC_2.17
00000000000d69a0,re_set_registers@@GLIBC_2.17
00000000000ee9c0,umount@@GLIBC_2.17
00000000000ac5cc,__isoc23_wcstol_l@@GLIBC_2.38
0000000000128de8,_nss_files_getsgnam_r@@GLIBC_PRIVATE
000000000002fd60,tolower_l@@GLIBC_2.17
00000000000f2f60,iswxdigit@@GLIBC_2.17
0000000000070620,_IO_popen@@GLIBC_2.17
00000000000f0ea0,msgrcv@@GLIBC_2.17
00000000001042a0,_nss_dns_gethostbyname3_r@@GLIBC_PRIVATE
00000000000e6080,fgetxattr@@GLIBC_2.17
000000000002fce0,__ispunct_l@@GLIBC_2.17
000000000006f420,ftell@@GLIBC_2.17
00000000000c32c0,getgid@@GLIBC_2.17
0000000000037520,siggetmask@@GLIBC_2.17
000000000009ce20,strerror@@GLIBC_2.17
00000000000e8200,hcreate_r@@GLIBC_2.17
0000000000102e60,dn_comp@@GLIBC_2.34
0000000000036ac0,kill@@GLIBC_2.17
00000000000f9660,backtrace@@GLIBC_2.17
000000000011ebe0,getnetbyname@@GLIBC_2.17
0000000000097640,malloc_usable_size@@GLIBC_2.17
00000000000bd920,readdir@@GLIBC_2.17
00000000000ed520,ntp_adjtime@@GLIBC_2.17
0000000000129f00,xdr_authunix_parms@GLIBC_2.17
00000000000e4ca0,getpriority@@GLIBC_2.17
0000000000113900,__nss_next2@@GLIBC_PRIVATE
0000000000098ea0,argz_add_sep@@GLIBC_2.17
00000000000e48a0,setrlimit64@@GLIBC_2.17
000000000002f980,isprint@@GLIBC_2.17
000000000006f420,_IO_ftell@@GLIBC_2.17
0000000000073a88,_IO_switch_to_main_wget_area@@GLIBC_2.17
00000000000e8a80,lgetxattr@@GLIBC_2.17
00000000000f3d60,__wctrans_l@@GLIBC_2.17
0000000000112488,__nss_files_data_put@@GLIBC_PRIVATE
00000000000f00a0,getsockopt@@GLIBC_2.17
00000000000bc900,clock_getcpuclockid@@GLIBC_2.17
000000000013da20,getutid@@GLIBC_2.17
00000000000a44a0,mbsnrtowcs@@GLIBC_2.17
0000000000117aa0,sgetsgent_r@@GLIBC_2.17
0000000000122560,getservbyname@@GLIBC_2.17
00000000000b4cc0,dysize@@GLIBC_2.17
00000000000f39e0,iswupper_l@@GLIBC_2.17
0000000000096f40,__libc_pvalloc@@GLIBC_2.17
00000000000e38e0,fallocate@@GLIBC_2.17
00000000000eb2c0,setxattr@@GLIBC_2.17
00000000000f12c0,shmget@@GLIBC_2.17
000000000012e2a0,xdr_cryptkeyarg2@GLIBC_2.17
0000000000048030,__strtold_l@@GLIBC_2.17
000000000008e060,thrd_sleep@@GLIBC_2.28
00000000000ef560,query_module@GLIBC_2.17
0000000000099f80,bcmp@@GLIBC_2.17
00000000000985a0,__libc_dynarray_emplace_enlarge@@GLIBC_PRIVATE
0000000000131900,clnt_sperror@GLIBC_2.17
00000000000378a0,sigqueue@@GLIBC_2.17
00000000000e8b60,lsearch@@GLIBC_2.17
00000000000e1ee0,mkfifo@@GLIBC_2.17
00000000000eb120,setregid@@GLIBC_2.17
000000000003d040,stdc_has_single_bit_uc@@GLIBC_2.39
000000000007c8e4,_IO_file_write@@GLIBC_2.17
00000000000b4e20,getdate_r@@GLIBC_2.17
0000000000037780,__sigtimedwait@@GLIBC_PRIVATE
000000000008e000,__pthread_unwind_next@GLIBC_2.17
000000000008e000,__pthread_unwind_next@@GLIBC_2.34
000000000012a280,clntraw_create@GLIBC_2.17
0000000000095c04,__libc_malloc@@GLIBC_2.17
000000000007b960,_IO_file_setbuf@@GLIBC_2.17
000000000003fc60,strfromf64@@GLIBC_2.27
000000000002f900,isdigit@@GLIBC_2.17
000000000003d080,stdc_has_single_bit_ui@@GLIBC_2.39
000000000003a180,getenv@@GLIBC_2.17
000000000004f0e0,__printf_fp@@GLIBC_2.17
0000000000087520,pthread_mutex_init@@GLIBC_2.17
0000000000073a4c,_IO_least_wmarker@@GLIBC_2.17
00000000000a34a0,__isoc23_fwscanf@@GLIBC_2.38
00000000000f1dc0,__profile_frequency@@GLIBC_2.17
00000000000e25c0,posix_fallocate@@GLIBC_2.17
0000000000096fc0,calloc@@GLIBC_2.17
000000000004c3a0,__isoc99_vscanf@@GLIBC_2.17
00000000000efce0,accept@@GLIBC_2.17
0000000000039100,erand48_r@@GLIBC_2.17
000000000009ad80,stpcpy@@GLIBC_2.17
00000000000e6500,fsync@@GLIBC_2.17
00000000000e4640,tcflow@@GLIBC_2.17
000000000003d0a0,stdc_has_single_bit_ul@@GLIBC_2.39
00000000000ef000,mount_setattr@@GLIBC_2.36
000000000003fc60,strfromd@@GLIBC_2.25
00000000000b1860,asctime@@GLIBC_2.17
0000000000099f80,memcmp@@GLIBC_2.17
000000000003fe40,strfromf@@GLIBC_2.25
000000000006dea0,fclose@@GLIBC_2.17
000000000002fc60,isdigit_l@@GLIBC_2.17
0000000000114d00,endgrent@@GLIBC_2.17
00000000000ddfe0,euidaccess@@GLIBC_2.17
000000000006f240,_IO_fsetpos@@GLIBC_2.17
00000000000c7da0,posix_madvise@@GLIBC_2.17
0000000000071540,_IO_ungetc@@GLIBC_2.17
000000000008c480,__pthread_setspecific@GLIBC_2.17
00000000000ef500,gettid@@GLIBC_2.30
00000000000e65c0,ftruncate64@@GLIBC_2.17
0000000000073d60,_IO_wdefault_uflow@@GLIBC_2.17
00000000000977cc,mallinfo@@GLIBC_2.17
00000000000eaae0,revoke@@GLIBC_2.17
000000000009b9c0,index@@GLIBC_2.17
00000000001375a0,xdr_opaque@GLIBC_2.17
000000000003d0e0,stdc_has_single_bit_us@@GLIBC_2.39
0000000000073220,swprintf@@GLIBC_2.17
0000000000037200,sigaltstack@@GLIBC_2.17
0000000000078340,_IO_putc@@GLIBC_2.17
0000000000036b40,__sigsuspend@@GLIBC_2.17
0000000000082a20,pthread_barrierattr_destroy@@GLIBC_2.34
0000000000082a20,pthread_barrierattr_destroy@GLIBC_2.17
0000000000116b00,fgetsgent_r@@GLIBC_2.17
0000000000040020,strfroml@@GLIBC_2.25
00000000000d72c0,sched_getscheduler@@GLIBC_2.17
00000000000eaa80,remap_file_pages@@GLIBC_2.17
00000000000f94c0,__asprintf_chk@@GLIBC_2.17
00000000000dfc50,fts64_close@@GLIBC_2.23
00000000000facc0,__getwd_chk@@GLIBC_2.17
000000000007e12c,_IO_default_doallocate@@GLIBC_2.17
0000000000036300,modff@@GLIBC_2.17
000000000002e160,newlocale@@GLIBC_2.17
000000000010b3c0,__res_search@GLIBC_2.17
000000000013f0a8,login@@GLIBC_2.34
000000000012a680,getrpcport@GLIBC_2.17
000000000013f0a8,login@GLIBC_2.17
00000000000797c0,__fbufsize@@GLIBC_2.17
0000000000142c60,_IO_vfscanf@GLIBC_2.17
0000000000082180,pthread_attr_getstackaddr@GLIBC_2.17
0000000000037700,__libc_current_sigrtmax@@GLIBC_2.17
0000000000078920,vasprintf@@GLIBC_2.17
0000000000082180,pthread_attr_getstackaddr@@GLIBC_2.34
000000000012b7d0,xdr_opaque_auth@GLIBC_2.17
0000000000133828,key_encryptsession@GLIBC_2.17
00000000000e4120,cfsetspeed@@GLIBC_2.17
0000000000048180,__strtoull_internal@@GLIBC_2.17
000000000008c480,pthread_setspecific@GLIBC_2.17
000000000008c480,pthread_setspecific@@GLIBC_2.34
000000000012ade8,xdr_rmtcall_args@GLIBC_2.17
0000000000089c80,pthread_mutexattr_setpshared@GLIBC_2.17
00000000000a4f40,wcschr@@GLIBC_2.17
0000000000089c80,pthread_mutexattr_setpshared@@GLIBC_2.34
000000000011dba0,setnetgrent@@GLIBC_2.17
00000000000d8220,posix_spawnattr_init@@GLIBC_2.17
00000000000be1c0,_Exit@@GLIBC_2.17
0000000000035a60,modfl@@GLIBC_2.17
000000000010fbe0,__nss_group_lookup2@@GLIBC_PRIVATE
00000000000362c0,isnanf@@GLIBC_2.17
0000000000099e00,explicit_bzero@@GLIBC_2.25
000000000008cc40,sem_open@@GLIBC_2.34
000000000011f140,getnetent@@GLIBC_2.17
000000000008cc40,sem_open@GLIBC_2.17
000000000008cfa0,sem_post@GLIBC_2.17
000000000008cfa0,sem_post@@GLIBC_2.34
00000000000744a0,_IO_wdefault_xsgetn@@GLIBC_2.17
0000000000137000,xdr_u_hyper@GLIBC_2.17
00000000000bcaa0,clock_settime@@GLIBC_2.17
00000000000e2cc0,readlinkat@@GLIBC_2.17
00000000000481cc,__isoc23_strtoul@@GLIBC_2.38
00000000000ac620,wcstof64x@@GLIBC_2.27
0000000000082700,pthread_barrier_destroy@GLIBC_2.17
0000000000082700,pthread_barrier_destroy@@GLIBC_2.34
000000000007a700,_IO_peekc_locked@@GLIBC_2.17
00000000000d6580,regerror@@GLIBC_2.17
00000000000e8a40,ioctl@@GLIBC_2.17
0000000000070900,_IO_puts@@GLIBC_2.17
0000000000037540,sysv_signal@@GLIBC_2.17
00000000000edee0,__fxstatat@@GLIBC_2.17
000000000010b480,__res_nquerydomain@GLIBC_2.17
0000000000044f20,strtof32_l@@GLIBC_2.27
00000000000ee3e0,prlimit64@@GLIBC_2.17
0000000000082340,pthread_attr_setdetachstate@@GLIBC_2.17
000000000008a7c0,__pthread_rwlock_destroy@GLIBC_2.17
0000000000035a20,isnanl@@GLIBC_2.17
0000000000074084,_IO_wdefault_doallocate@@GLIBC_2.17
000000000003c0c0,setcontext@@GLIBC_2.17
00000000000ddc60,close@@GLIBC_2.17
00000000001163a4,getgrouplist@@GLIBC_2.17
00000000000776e0,fputc@@GLIBC_2.17
00000000000c7380,__nanosleep@@GLIBC_2.17
00000000000e9aa0,preadv@@GLIBC_2.17
0000000000051600,rename@@GLIBC_2.17
000000000006f240,fsetpos64@@GLIBC_2.17
00000000000f0740,sendmmsg@@GLIBC_2.17
00000000000df92c,fts64_open@@GLIBC_2.23
00000000001078e0,__res_dnok@GLIBC_2.17
000000000012c860,xdr_double@GLIBC_2.17
00000000000523a0,vfprintf@@GLIBC_2.17
00000000000e3dc0,__pread64_nocancel@@GLIBC_PRIVATE
0000000000042820,strtof64_l@@GLIBC_2.27
00000000000e81e0,hdestroy@@GLIBC_2.17
000000000007aac0,fputs_unlocked@@GLIBC_2.17
000000000004c4c0,printf@@GLIBC_2.17
000000000004bfa0,__isoc23_vfscanf@@GLIBC_2.38
000000000011f220,setnetent@@GLIBC_2.17
000000000012d830,xdr_authdes_verf@GLIBC_2.17
00000000000ef380,fanotify_init@@GLIBC_2.17
0000000000050d80,psignal@@GLIBC_2.17
00000000000f30a8,towupper@@GLIBC_2.17
0000000000104464,_nss_dns_gethostbyname_r@@GLIBC_PRIVATE
00000000000faee0,__obstack_printf_chk@@GLIBC_2.17
000000000013d990,endutent@@GLIBC_2.17
0000000000090a40,mq_notify@GLIBC_2.17
0000000000090a40,mq_notify@@GLIBC_2.34
0000000000087520,__pthread_mutex_init@GLIBC_2.17
00000000000e3c00,__open_nocancel@@GLIBC_PRIVATE
00000000001106c0,__nss_hostname_digits_dots@@GLIBC_2.17
000000000009eac0,__strtok_r@@GLIBC_2.17
00000000000f38a0,__iswpunct_l@@GLIBC_2.17
00000000000fc9a0,getipv4sourcefilter@@GLIBC_2.17
00000000000e38e0,fallocate64@@GLIBC_2.17
000000000012ef60,authdes_getucred@GLIBC_2.17
00000000000d95e0,waitpid@@GLIBC_2.17
00000000000e43e0,tcgetattr@@GLIBC_2.17
00000000000718c0,__vsscanf@@GLIBC_2.17
00000000000eac20,__select@@GLIBC_2.17
0000000000079880,__freadable@@GLIBC_2.17
000000000006ee60,fputs@@GLIBC_2.17
00000000000ef040,move_mount@@GLIBC_2.36
00000000000f9d80,__dprintf_chk@@GLIBC_2.17
0000000000036f40,__xpg_sigpause@@GLIBC_2.17
00000000000361c0,__finitef@@GLIBC_2.17
00000000000d7480,sched_setscheduler@@GLIBC_2.17
00000000000e37a0,__write@@GLIBC_2.17
0000000000074210,__wuflow@@GLIBC_2.17
0000000000112660,__nss_files_fopen@@GLIBC_PRIVATE
0000000000036760,signal@@GLIBC_2.17
00000000000eff00,connect@@GLIBC_2.17
00000000000d72c0,__sched_getscheduler@@GLIBC_2.17
00000000000e4dc0,acct@@GLIBC_2.17
0000000000082680,pthread_attr_setstackaddr@GLIBC_2.17
0000000000082420,pthread_attr_setschedparam@@GLIBC_2.17
000000000004c260,__isoc99_sscanf@@GLIBC_2.17
0000000000082680,pthread_attr_setstackaddr@@GLIBC_2.34
000000000007b260,_IO_file_finish@@GLIBC_2.17
0000000000084540,pthread_condattr_setclock@@GLIBC_2.34
00000000000ff720,inet_makeaddr@@GLIBC_2.17
0000000000084540,pthread_condattr_setclock@GLIBC_2.17
0000000000038160,atoll@@GLIBC_2.17
0000000000133220,clntudp_bufcreate@GLIBC_2.17
000000000008e9a0,aio_cancel64@@GLIBC_2.34
00000000000ac600,__wcstold_internal@@GLIBC_2.17
000000000008e9a0,aio_cancel64@GLIBC_2.17
000000000002f8d0,iscntrl@@GLIBC_2.17
000000000007472c,_IO_init_wmarker@@GLIBC_2.17
00000000000f0b40,sockatmark@@GLIBC_2.17
00000000000358e0,__finitel@@GLIBC_2.17
00000000000ef480,pkey_alloc@@GLIBC_2.27
000000000006ee60,_IO_fputs@@GLIBC_2.17
000000000010454c,_nss_dns_gethostbyname4_r@@GLIBC_PRIVATE
00000000000ebd04,vsyslog@@GLIBC_2.17
0000000000082560,pthread_attr_setsigmask_np@@GLIBC_2.32
00000000000d8100,posix_spawnattr_destroy@@GLIBC_2.17
00000000000c7ec0,pwrite64@@GLIBC_2.17
000000000003ab00,mrand48_r@@GLIBC_2.17
000000000003aa80,mrand48@@GLIBC_2.17
00000000000eb2e0,stty@@GLIBC_2.17
00000000000d7280,sched_getparam@@GLIBC_2.17
0000000000037680,sigorset@@GLIBC_2.17
000000000007dac0,__uflow@@GLIBC_2.17
000000000003d2e0,stdc_trailing_ones_ull@@GLIBC_2.39
000000000009aa60,__mempcpy@@GLIBC_2.17
00000000000899a4,pthread_mutex_unlock@@GLIBC_2.17
0000000000040020,strfromf64x@@GLIBC_2.27
00000000000999e0,bcopy@@GLIBC_2.17
0000000000098540,__libc_dynarray_at_failure@@GLIBC_PRIVATE
0000000000106bc0,ns_name_skip@GLIBC_2.17
0000000000106bc0,ns_name_skip@@GLIBC_2.34
00000000000e4c60,vtimes@GLIBC_2.17
00000000001072c0,inet_nsap_ntoa@@GLIBC_2.17
0000000000129040,_nss_files_endspent@@GLIBC_PRIVATE
0000000000126888,_nss_files_gethostbyname2_r@@GLIBC_PRIVATE
0000000000097d90,mcheck@@GLIBC_2.17
00000000000df92c,fts_open@@GLIBC_2.17
000000000003c720,srand48_r@@GLIBC_2.17
0000000000144ae0,__nss_hosts_lookup@GLIBC_2.17
0000000000079280,ftello@@GLIBC_2.17
00000000000981e0,obstack_free@@GLIBC_2.17
000000000003b6e0,quick_exit@@GLIBC_2.24
0000000000142c40,quick_exit@GLIBC_2.17
0000000000088d40,__pthread_mutex_trylock@GLIBC_2.17
00000000000d8120,posix_spawnattr_getsigdefault@@GLIBC_2.17
00000000000c7de0,__libc_pread@@GLIBC_PRIVATE
000000000008ebc0,aio_fsync64@@GLIBC_2.34
0000000000090da0,mq_timedreceive@@GLIBC_2.34
000000000008ebc0,aio_fsync64@GLIBC_2.17
0000000000088d0c,pthread_mutex_timedlock@GLIBC_2.17
0000000000090da0,mq_timedreceive@GLIBC_2.17
0000000000088d0c,pthread_mutex_timedlock@@GLIBC_2.34
000000000002f800,__assert_perror_fail@@GLIBC_2.17
00000000000fbbe0,__vwprintf_chk@@GLIBC_2.17
0000000000097d80,mcheck_check_all@@GLIBC_2.17
0000000000082a60,pthread_barrierattr_init@@GLIBC_2.34
0000000000082a60,pthread_barrierattr_init@GLIBC_2.17
00000000000ff0e0,inet6_option_space@@GLIBC_2.17
000000000009d8a0,strlcpy@@GLIBC_2.38
00000000000bd820,opendir@@GLIBC_2.17
00000000000ed3c0,vhangup@@GLIBC_2.17
0000000000050f60,register_printf_modifier@@GLIBC_2.17
0000000000134b0c,svc_unregister@GLIBC_2.17
00000000000ec6c8,__tdelete@@GLIBC_PRIVATE
0000000000133968,key_encryptsession_pk@GLIBC_2.17
000000000002fda0,isctype@@GLIBC_2.17
000000000002fca0,isgraph_l@@GLIBC_2.17
00000000000f9ec0,__fgets_chk@@GLIBC_2.17
0000000000082b80,pthread_cancel@GLIBC_2.17
00000000000c3140,gai_strerror@@GLIBC_2.17
0000000000082b80,pthread_cancel@@GLIBC_2.34
0000000000133a40,key_decryptsession_pk@GLIBC_2.17
00000000000ddfe0,eaccess@@GLIBC_2.17
0000000000080d70,__nptl_death_event@@GLIBC_PRIVATE
00000000000de860,__file_change_detection_for_path@@GLIBC_PRIVATE
00000000000fecd0,inet6_opt_finish@@GLIBC_2.17
000000000008c800,pthread_spin_trylock@GLIBC_2.17
000000000008c800,pthread_spin_trylock@@GLIBC_2.34
00000000000e9b80,preadv64v2@@GLIBC_2.26
00000000000b8c40,strptime_l@@GLIBC_2.17
00000000000ac5cc,__isoc23_wcstoll_l@@GLIBC_2.38
000000000007a540,ferror_unlocked@@GLIBC_2.17
000000000003a600,imaxdiv@@GLIBC_2.17
00000000000af560,wcsxfrm@@GLIBC_2.17
00000000000fb400,__snprintf_chk@@GLIBC_2.17
0000000000099028,argz_add@@GLIBC_2.17
000000000002fa8c,toupper@@GLIBC_2.17
00000000000f9d60,__confstr_chk@@GLIBC_2.17
000000000008c080,pthread_setname_np@@GLIBC_2.34
000000000008c080,pthread_setname_np@GLIBC_2.17
00000000000c4300,getuid@@GLIBC_2.17
00000000000993e0,argz_insert@@GLIBC_2.17
0000000000086000,pthread_getconcurrency@@GLIBC_2.34
0000000000086000,pthread_getconcurrency@GLIBC_2.17
0000000000134780,__rpc_thread_svc_max_pollfd@GLIBC_2.17
000000000010b544,__res_querydomain@GLIBC_2.17
00000000000c3240,getegid@@GLIBC_2.17
00000000000d5ea8,re_set_syntax@@GLIBC_2.17
000000000002fc80,islower_l@@GLIBC_2.17
00000000000486e0,__isoc23_strtoull_l@@GLIBC_2.38
0000000000037300,sigemptyset@@GLIBC_2.17
00000000000e4f60,daemon@@GLIBC_2.17
000000000011d7c0,getnetgrent@@GLIBC_2.17
0000000000132f6c,__libc_clntudp_bufcreate@GLIBC_PRIVATE
00000000000e1de0,__lseek@@GLIBC_2.17
00000000000f3940,iswspace_l@@GLIBC_2.17
0000000000038eac,__call_tls_dtors@@GLIBC_PRIVATE
000000000012ad40,xdr_rmtcallres@GLIBC_2.17
0000000000081ee0,pthread_attr_getaffinity_np@@GLIBC_2.34
000000000002fcc0,__isprint_l@@GLIBC_2.17
00000000000d67e8,regexec@@GLIBC_2.17
0000000000081ee0,pthread_attr_getaffinity_np@GLIBC_2.17
00000000000fbc60,__wcpncpy_chk@@GLIBC_2.17
000000000007a600,getchar_unlocked@@GLIBC_2.17
0000000000096768,__libc_realloc@@GLIBC_2.17
00000000000e6da0,__getpagesize@@GLIBC_2.17
000000000007e480,_IO_sungetc@@GLIBC_2.17
00000000000ddb20,access@@GLIBC_2.17
000000000004c1a0,__isoc99_scanf@@GLIBC_2.17
00000000000bdf80,seekdir@@GLIBC_2.17
0000000000071d80,fgetwc_unlocked@@GLIBC_2.17
0000000000121100,getpwuid_r@@GLIBC_2.17
00000000000977cc,__libc_mallinfo@@GLIBC_2.17
00000000000ef280,quotactl@@GLIBC_2.17
00000000000b1040,wmemchr@@GLIBC_2.17
00000000000a5de0,wcscspn@@GLIBC_2.17
00000000000e41e0,tcsetattr@@GLIBC_2.17
00000000000aef24,wcstoumax@@GLIBC_2.17
00000000000eb1e0,setreuid@@GLIBC_2.17
00000000000bdce0,scandir64@@GLIBC_2.17
0000000000085c00,pthread_getattr_np@@GLIBC_2.32
0000000000134080,netname2user@GLIBC_2.17
0000000000085c00,pthread_getattr_np@GLIBC_2.17
00000000000ac5b0,wcstol_l@@GLIBC_2.17
0000000000099200,argz_create_sep@@GLIBC_2.17
000000000008eb80,aio_error64@GLIBC_2.17
000000000008eb80,aio_error64@@GLIBC_2.34
00000000000481a4,strtoul@@GLIBC_2.17
000000000002fb80,_toupper@@GLIBC_2.17
00000000000e9d20,pselect@@GLIBC_2.17
000000000008e2e0,mtx_destroy@GLIBC_2.28
000000000008e2e0,mtx_destroy@@GLIBC_2.34
00000000000ef540,tgkill@@GLIBC_2.30
00000000000b0fa0,wcwidth@@GLIBC_2.17
0000000000080be0,__pthread_register_cancel_defer@@GLIBC_2.34
000000000011dd84,endnetgrent@@GLIBC_2.17
0000000000080be0,__pthread_register_cancel_defer@GLIBC_2.17
000000000003ab40,nrand48@@GLIBC_2.17
000000000013d6e0,setlogin@@GLIBC_2.17
000000000006f240,fsetpos@@GLIBC_2.17
000000000003a600,ldiv@@GLIBC_2.17
00000000000964c4,cfree@GLIBC_2.17
00000000000481a4,strtouq@@GLIBC_2.17
0000000000051980,_IO_sscanf@@GLIBC_2.17
00000000001015d0,rexec@@GLIBC_2.17
00000000000fb000,__pread_chk@@GLIBC_2.17
0000000000040200,__strtod_internal@@GLIBC_2.17
00000000000aef4c,__isoc23_wcstoull@@GLIBC_2.38
00000000001175e0,sgetsgent@@GLIBC_2.17
0000000000045620,__strtol_l@@GLIBC_2.17
00000000000802c0,dlinfo@@GLIBC_2.34
00000000000802c0,dlinfo@GLIBC_2.17
00000000000c7ec0,__libc_pwrite@@GLIBC_PRIVATE
0000000000097a80,mallopt@@GLIBC_2.17
00000000000776a0,fileno@@GLIBC_2.17
0000000000131bc4,clnt_perrno@GLIBC_2.17
0000000000136760,passwd2des@GLIBC_2.17
00000000000e1280,getcwd@@GLIBC_2.17
00000000000f33a0,iswalnum_l@@GLIBC_2.17
00000000000a3ec0,mbrtoc16@@GLIBC_2.17
0000000000089ae0,pthread_mutexattr_getrobust@GLIBC_2.17
00000000000568c0,vfscanf@@GLIBC_2.17
0000000000089ae0,pthread_mutexattr_getrobust@@GLIBC_2.34
00000000000fb100,__readlink_chk@@GLIBC_2.17
000000000006f6c0,fwrite@@GLIBC_2.17
0000000000106a00,ns_name_pton@GLIBC_2.17
0000000000137130,xdr_short@GLIBC_2.17
000000000008c860,pthread_testcancel@@GLIBC_2.34
0000000000106a00,ns_name_pton@@GLIBC_2.34
000000000008c860,pthread_testcancel@GLIBC_2.17
0000000000082a40,pthread_barrierattr_getpshared@GLIBC_2.17
0000000000082a40,pthread_barrierattr_getpshared@@GLIBC_2.34
00000000000eac20,select@@GLIBC_2.17
0000000000109e6c,__res_mkquery@GLIBC_2.17
000000000010ab40,__res_context_search@@GLIBC_PRIVATE
00000000000790e0,fseeko64@@GLIBC_2.17
000000000008e3e0,mtx_lock@@GLIBC_2.34
000000000008e3e0,mtx_lock@GLIBC_2.28
000000000003d420,strfmon@@GLIBC_2.17
00000000000d8c00,posix_spawnp@@GLIBC_2.17
000000000008b220,pthread_rwlock_tryrdlock@@GLIBC_2.34
0000000000122f60,fgetspent@@GLIBC_2.17
000000000008b220,pthread_rwlock_tryrdlock@GLIBC_2.17
00000000000ac620,wcstold@@GLIBC_2.17
00000000000a65e0,wcsncasecmp@@GLIBC_2.17
00000000000fba80,__vprintf_chk@@GLIBC_2.17
00000000000f10c0,semctl@@GLIBC_2.17
000000000013faa0,getutmp@@GLIBC_2.17
0000000000100f84,ruserok@@GLIBC_2.17
000000000010b620,__res_randomid@@GLIBC_2.17
000000000009bb40,strcmp@@GLIBC_2.17
000000000012b820,xdr_des_block@GLIBC_2.17
000000000003b6b0,qsort@@GLIBC_2.17
000000000013ed00,grantpt@@GLIBC_2.17
00000000000e3640,unlinkat@@GLIBC_2.17
0000000000084480,pthread_condattr_destroy@@GLIBC_2.17
00000000000d9340,uname@@GLIBC_2.17
000000000003c020,seed48@@GLIBC_2.17
0000000000077c20,fseek@@GLIBC_2.17
00000000000f3200,__iswctype@@GLIBC_2.17
0000000000072920,ungetwc@@GLIBC_2.17
00000000000a6740,wcsncat@@GLIBC_2.17
0000000000073ac4,_IO_switch_to_wbackup_area@@GLIBC_2.17
0000000000045640,__isoc23_strtoll_l@@GLIBC_2.38
00000000000990c0,argz_count@@GLIBC_2.17
0000000000134c30,svcerr_noproc@GLIBC_2.17
0000000000089ce0,pthread_mutexattr_setrobust@@GLIBC_2.34
0000000000117300,putsgent@@GLIBC_2.17
00000000000d8c20,__sysconf@@GLIBC_2.17
000000000012b720,xdr_accepted_reply@GLIBC_2.17
00000000000790e0,fseeko@@GLIBC_2.17
0000000000089ce0,pthread_mutexattr_setrobust@GLIBC_2.17
00000000000a9a60,wcstof32@@GLIBC_2.27
000000000007be84,_IO_file_overflow@@GLIBC_2.17
00000000000ac004,wcstoll@@GLIBC_2.17
00000000000ff580,inet6_rth_getaddr@@GLIBC_2.17
000000000009dfe0,strsep@@GLIBC_2.17
000000000014490c,advance@GLIBC_2.17
00000000000e4960,ulimit@@GLIBC_2.17
0000000000045084,strtoimax@@GLIBC_2.17
000000000007ef00,_IO_init_marker@@GLIBC_2.17
00000000000feb24,getifaddrs@@GLIBC_2.17
00000000000eedc0,fsmount@@GLIBC_2.36
0000000000134ea0,svcerr_noprog@GLIBC_2.17
0000000000045640,__isoc23_strtol_l@@GLIBC_2.38
0000000000098a80,__libc_alloc_buffer_create_failure@@GLIBC_PRIVATE
0000000000086020,pthread_getcpuclockid@GLIBC_2.17
0000000000086020,pthread_getcpuclockid@@GLIBC_2.34
00000000000e2da0,stat64@@GLIBC_2.33
0000000000079860,__fwriting@@GLIBC_2.17
00000000000bf020,fexecve@@GLIBC_2.17
000000000003a440,jrand48@@GLIBC_2.17
00000000000226a0,__errno_location@@GLIBC_2.17
0000000000138704,xdr_sizeof@GLIBC_2.17
0000000000123240,setspent@@GLIBC_2.17
00000000000316c0,dcngettext@@GLIBC_2.17
00000000000dd800,pidfd_spawn@@GLIBC_2.39
0000000000035e40,frexp@@GLIBC_2.17
000000000002fa28,isxdigit@@GLIBC_2.17
00000000000f33a0,__iswalnum_l@@GLIBC_2.17
00000000000e5280,ecvt@@GLIBC_2.17
00000000000d8180,posix_spawnattr_getpgroup@@GLIBC_2.17
0000000000071240,_IO_setvbuf@@GLIBC_2.17
00000000000814c0,__pthread_get_minstack@@GLIBC_PRIVATE
00000000000af46c,__isoc23_wcstoull_l@@GLIBC_2.38
00000000000f2ba4,iswgraph@@GLIBC_2.17
00000000000b4c00,getitimer@@GLIBC_2.17
0000000000126680,_nss_files_gethostbyname3_r@@GLIBC_PRIVATE
00000000001155e0,getgrnam_r@@GLIBC_2.17
0000000000070ea4,_IO_seekpos@@GLIBC_2.17
00000000000e8d80,madvise@@GLIBC_2.17
000000000004b9c0,_IO_ftrylockfile@@GLIBC_2.17
000000000012a3e0,callrpc@GLIBC_2.17
00000000000e37a0,write@@GLIBC_2.17
00000000000e3e80,sync_file_range@@GLIBC_2.17
00000000000e7880,getttyent@@GLIBC_2.17
00000000000807ec,dlvsym@GLIBC_2.17
00000000000807ec,dlvsym@@GLIBC_2.34
0000000000030340,__dcgettext@@GLIBC_2.17
000000000007e500,_IO_adjust_column@@GLIBC_2.17
000000000004c020,__isoc23_vsscanf@@GLIBC_2.38
0000000000089c40,pthread_mutexattr_setprotocol@GLIBC_2.17
0000000000071820,vsprintf@@GLIBC_2.17
00000000000eb440,syscall@@GLIBC_2.17
0000000000089c40,pthread_mutexattr_setprotocol@@GLIBC_2.34
00000000000ea000,pwritev2@@GLIBC_2.26
00000000000a4e80,wcscasecmp_l@@GLIBC_2.17
000000000012056c,fgetpwent_r@@GLIBC_2.17
0000000000040220,strtof32x@@GLIBC_2.27
00000000000d6a20,__register_atfork@@GLIBC_2.17
00000000000eb400,syncfs@@GLIBC_2.17
00000000000eae00,setdomainname@@GLIBC_2.17
00000000000af580,__wcsxfrm_l@@GLIBC_2.17
0000000000106244,inet_pton@@GLIBC_2.17
000000000013d270,getlogin@@GLIBC_2.17
000000000003be00,random_r@@GLIBC_2.17
000000000002f340,__uselocale@@GLIBC_2.17
0000000000131ba0,clnt_perror@GLIBC_2.17
0000000000106400,ns_name_compress@GLIBC_2.17
0000000000106400,ns_name_compress@@GLIBC_2.34
0000000000097c90,posix_memalign@@GLIBC_2.17
00000000000f1320,shmctl@@GLIBC_2.17
00000000000b22a0,timelocal@@GLIBC_2.17
00000000000992e0,argz_delete@@GLIBC_2.17
0000000000097e64,_obstack_begin@@GLIBC_2.17
000000000007b0a0,_IO_file_init@@GLIBC_2.17
0000000000089d40,pthread_mutexattr_setkind_np@GLIBC_2.17
00000000000b4c60,setitimer@@GLIBC_2.17
00000000000379a0,sighold@@GLIBC_2.17
0000000000090d20,mq_send@@GLIBC_2.34
0000000000133240,clntudp_create@GLIBC_2.17
0000000000090d20,mq_send@GLIBC_2.17
0000000000099940,__argz_stringify@@GLIBC_2.17
00000000000e7c80,setttyent@@GLIBC_2.17
000000000006e160,_IO_fdopen@@GLIBC_2.17
00000000000f3800,__iswprint_l@@GLIBC_2.17
000000000003cd80,stdc_first_leading_zero_uc@@GLIBC_2.39
00000000000370e0,sigstack@@GLIBC_2.17
000000000002198c,abort@@GLIBC_2.17
0000000000137110,xdr_longlong_t@GLIBC_2.17
000000000002cf40,__freelocale@@GLIBC_2.17
000000000003cb40,stdc_count_ones_ull@@GLIBC_2.39
000000000003a260,getrandom@@GLIBC_2.25
000000000006f240,_IO_fsetpos64@@GLIBC_2.17
0000000000079e88,fmemopen@@GLIBC_2.22
000000000007a290,fmemopen@GLIBC_2.17
0000000000082620,pthread_attr_setstack@@GLIBC_2.34
0000000000082620,pthread_attr_setstack@GLIBC_2.17
0000000000109e00,res_nmkquery@@GLIBC_2.34
00000000000f0f80,msgget@@GLIBC_2.17
000000000003cdc0,stdc_first_leading_zero_ui@@GLIBC_2.39
000000000002fbc0,toascii@@GLIBC_2.17
00000000000b1940,ctime_r@@GLIBC_2.17
0000000000036120,ldexpf@@GLIBC_2.17
00000000000d81e0,posix_spawnattr_getsigmask@@GLIBC_2.17
000000000003cde0,stdc_first_leading_zero_ul@@GLIBC_2.39
0000000000035d60,scalbn@@GLIBC_2.17
00000000000d71e0,sched_getaffinity@@GLIBC_2.17
000000000010d148,res_nsend@@GLIBC_2.34
00000000000e2d40,sendfile@@GLIBC_2.17
00000000000486c0,__strtoul_l@@GLIBC_2.17
00000000001135a0,__nss_readline@@GLIBC_PRIVATE
00000000000c40e0,getopt_long@@GLIBC_2.17
00000000000e9020,mmap@@GLIBC_2.17
00000000000ee3e0,prlimit@@GLIBC_2.17
00000000000e4840,__getrlimit@@GLIBC_PRIVATE
0000000000035780,ldexpl@@GLIBC_2.17
000000000009ce40,strerror_l@@GLIBC_2.17
00000000000edee0,__fxstatat64@@GLIBC_2.17
00000000001208a0,endpwent@@GLIBC_2.17
00000000000fc060,__wprintf_chk@@GLIBC_2.17
000000000008a320,pthread_rwlock_clockwrlock@GLIBC_2.30
000000000008a320,pthread_rwlock_clockwrlock@@GLIBC_2.34
0000000000106400,__ns_name_compress@@GLIBC_PRIVATE
00000000000feb60,freeifaddrs@@GLIBC_2.17
0000000000073180,fwprintf@@GLIBC_2.17
0000000000102e60,__dn_comp@GLIBC_2.17
00000000001384ac,xdr_pointer@GLIBC_2.17
000000000003ce20,stdc_first_leading_zero_us@@GLIBC_2.39
0000000000107c00,__res_state@@GLIBC_2.17
00000000000bd4c0,alphasort@@GLIBC_2.17
0000000000099a20,envz_entry@@GLIBC_2.17
0000000000101100,rexec_af@@GLIBC_2.17
00000000000c41a0,getpgrp@@GLIBC_2.17
0000000000097e00,muntrace@@GLIBC_2.17
00000000001222e0,setservent@@GLIBC_2.17
00000000000a4fc0,wcscmp@@GLIBC_2.17
0000000000098e00,strerror_r@@GLIBC_2.17
000000000002fce0,ispunct_l@@GLIBC_2.17
0000000000123160,getspent@@GLIBC_2.17
00000000001255e0,_nss_files_endgrent@@GLIBC_PRIVATE
00000000000a41e0,mbrtoc32@@GLIBC_2.17
0000000000082280,pthread_attr_setaffinity_np@GLIBC_2.17
0000000000082280,pthread_attr_setaffinity_np@@GLIBC_2.32
0000000000127ea8,_nss_files_getprotobyname_r@@GLIBC_PRIVATE
0000000000134a2c,svc_register@GLIBC_2.17
0000000000037fe0,arc4random@@GLIBC_2.36
000000000009d4c0,__mempcpy_small@GLIBC_2.17
0000000000083ae0,pthread_cond_wait@@GLIBC_2.17
00000000000ef140,pidfd_getfd@@GLIBC_2.36
00000000000beb20,execveat@@GLIBC_2.34
00000000000c7cc0,pause@@GLIBC_2.17
00000000000faa80,__gets_chk@@GLIBC_2.17
0000000000090720,mq_getattr@GLIBC_2.17
000000000007d940,__overflow@@GLIBC_2.17
000000000007f120,_IO_default_pbackfail@@GLIBC_2.17
00000000000e2380,pipe@@GLIBC_2.17
0000000000090720,mq_getattr@@GLIBC_2.34
000000000008c780,pthread_spin_init@GLIBC_2.17
00000000001338c8,key_decryptsession@GLIBC_2.17
000000000008c780,pthread_spin_init@@GLIBC_2.34
000000000004b580,__asprintf@@GLIBC_2.17
00000000000f3d60,wctrans_l@@GLIBC_2.17
00000000000e1de0,lseek@@GLIBC_2.17
00000000000dda40,sched_getcpu@@GLIBC_2.17
00000000000f0ea0,__libc_msgrcv@@GLIBC_PRIVATE
00000000000ee500,readahead@@GLIBC_2.17
000000000002e160,__newlocale@@GLIBC_2.17
0000000000084520,pthread_condattr_init@@GLIBC_2.17
0000000000071b60,fputwc_unlocked@@GLIBC_2.17
0000000000123660,getspnam_r@@GLIBC_2.17
00000000000b24a0,settimeofday@@GLIBC_2.17
00000000000316e0,dngettext@@GLIBC_2.17
00000000000b54e0,strptime@@GLIBC_2.17
000000000007e544,_IO_flush_all@@GLIBC_2.17
0000000000021e28,err@@GLIBC_2.17
0000000000021cec,vwarn@@GLIBC_2.17
0000000000077dc0,_IO_getc@@GLIBC_2.17
00000000000e024c,fts_set@@GLIBC_2.17
000000000009eac0,strtok_r@@GLIBC_2.17
00000000000e44c0,tcgetpgrp@@GLIBC_2.17
0000000000048030,strtold_l@@GLIBC_2.17
00000000000ac5b0,__wcstoll_l@@GLIBC_2.17
000000000011cc60,endhostent@@GLIBC_2.17
00000000000ee720,splice@@GLIBC_2.17
000000000002fb20,__isblank_l@@GLIBC_2.17
0000000000144a40,__ivaliduser@GLIBC_2.17
00000000000dea60,fstat@@GLIBC_2.33
00000000000f3c20,wctype_l@@GLIBC_2.17
00000000000e1ba0,lchown@@GLIBC_2.17
0000000000133ca8,key_get_conv@GLIBC_2.17
000000000012be80,_authenticate@GLIBC_2.17
0000000000036760,bsd_signal@@GLIBC_2.17
000000000009dae4,strncmp@@GLIBC_2.17
0000000000097f2c,_obstack_begin_1@@GLIBC_2.17
0000000000087440,pthread_mutex_consistent_np@GLIBC_2.17
00000000000a5040,__wcscoll_l@@GLIBC_2.17
00000000000c3280,geteuid@@GLIBC_2.17
00000000000fb720,__strncat_chk@@GLIBC_2.17
00000000000e5900,warnx@@GLIBC_2.17
000000000003aba0,nrand48_r@@GLIBC_2.17
000000000012aa60,pmap_getmaps@GLIBC_2.17
0000000000136508,svcudp_enablecache@GLIBC_2.17
0000000000021eb4,errx@@GLIBC_2.17
00000000000760e0,_IO_wfile_seekoff@@GLIBC_2.17
00000000000e8da0,gnu_dev_major@@GLIBC_2.17
000000000008d5e0,sem_timedwait@@GLIBC_2.34
0000000000082e40,pthread_clockjoin_np@GLIBC_2.31
000000000008d5e0,sem_timedwait@GLIBC_2.17
0000000000082e40,pthread_clockjoin_np@@GLIBC_2.34
0000000000142bc0,__sigaddset@GLIBC_2.17
00000000000f3280,wctrans@@GLIBC_2.17
00000000000be140,_Fork@@GLIBC_2.34
000000000009aac0,memrchr@@GLIBC_2.17
00000000000e60c0,flistxattr@@GLIBC_2.17
000000000003cce0,stdc_first_leading_one_uc@@GLIBC_2.39
0000000000130de8,authdes_create@GLIBC_2.17
00000000000bdc00,rewinddir@@GLIBC_2.17
000000000006fe40,_IO_gets@@GLIBC_2.17
000000000012e240,xdr_netnamestr@GLIBC_2.17
00000000000ddf00,dup@@GLIBC_2.17
00000000000be220,alarm@@GLIBC_2.17
00000000000e2400,pipe2@@GLIBC_2.17
0000000000039700,fmtmsg@@GLIBC_2.17
00000000001277ec,_nss_files_getnetbyname_r@@GLIBC_PRIVATE
00000000000f3ce0,__iswctype_l@@GLIBC_2.17
00000000001257ac,_nss_files_getgrgid_r@@GLIBC_PRIVATE
000000000002af00,__gconv_transliterate@@GLIBC_PRIVATE
00000000000d7300,__sched_get_priority_max@@GLIBC_2.17
000000000006e580,_IO_fgetpos@@GLIBC_2.17
000000000013d6a0,getlogin_r@@GLIBC_2.17
000000000009a2a0,memfrob@@GLIBC_2.17
0000000000036c00,sigwait@@GLIBC_2.17
00000000000c7de0,__pread64@@GLIBC_2.17
00000000000eccac,__twalk@@GLIBC_PRIVATE
0000000000036640,longjmp@@GLIBC_2.17
000000000003cd00,stdc_first_leading_one_ui@@GLIBC_2.39
